base_pid,QID183,QID184,QID192,QID193,QID165,QID166,QID163,QID164,QID169,QID170,QID167,QID168,QID154,QID156,QID157,QID158,QID287_1,QID287_10,QID287_11,QID287_12,QID287_2,QID287_3,QID287_4,QID287_5,QID287_6,QID287_7,QID171,QID172,QID173,QID159_1,QID159_2,QID159_3,QID160_1,QID160_2,QID160_3,QID194,QID195,QID196,QID288_1,QID288_2,QID288_3,QID288_4,QID289_1,QID289_2,QID289_3,QID289_4,QID290_1,QID290_10,QID290_11,QID290_12,QID290_2,QID290_3,QID290_4,QID290_5,QID290_6,QID290_7,QID291,QID162,QID161,QID198_1,QID198_10,QID198_2,QID198_3,QID198_4,QID198_5,QID198_6,QID198_7,QID198_8,QID198_9,QID203_1,QID203_2,QID203_3,QID203_4,QID203_5,QID203_6,QID9_1,QID9_10,QID9_11,QID9_12,QID9_13,QID9_14,QID9_15,QID9_16,QID9_17,QID9_18,QID9_19,QID9_2,QID9_20,QID9_21,QID9_22,QID9_23,QID9_24,QID9_25,QID9_26,QID9_27,QID9_28,QID9_29,QID9_3,QID9_30,QID9_31,QID9_32,QID9_33,QID9_34,QID9_35,QID9_36,QID9_37,QID9_38,QID9_39,QID9_4,QID9_40,QID9_5,QID9_6,QID9_7,QID9_8,QID9_9,QID174,QID175,QID176,QID177,QID178,QID179,QID181,QID182,QID191,QID190,QID189
pid_1,,2.0,1.0,,1.0,210.0,,,1.0,1500.0,,,70.0,,,1.0,2.0,4.0,4.0,2.0,4.0,2.0,2.0,4.0,1.0,4.0,5.0,,,,,,4.0,4.0,4.0,,5.0,2.0,7.0,2.0,2.0,1.0,2.0,1.0,6.0,7.0,10.0,97.0,100.0,43.0,92.0,100.0,100.0,100.0,1.0,95.0,1.0,,7.0,,,,,,,,,,,1.0,1.0,1.0,2.0,2.0,1.0,2.0,1.0,2.0,1.0,2.0,1.0,2.0,2.0,1.0,2.0,2.0,1.0,2.0,1.0,2.0,2.0,2.0,2.0,1.0,2.0,2.0,1.0,1.0,2.0,2.0,2.0,2.0,1.0,2.0,2.0,1.0,1.0,1.0,1.0,1.0,2.0,2.0,2.0,1.0,1.0,5.0,,,6.0,,,20.0,,1.0,,
pid_2,,2.0,1.0,,,,1.0,24.0,,,1.0,350.0,75.0,,,5.0,5.0,5.0,1.0,3.0,3.0,5.0,5.0,4.0,5.0,5.0,4.0,,,,,,3.0,3.0,4.0,6.0,,1.0,6.0,4.0,2.0,2.0,2.0,5.0,6.0,7.0,45.0,60.0,33.0,55.0,45.0,45.0,70.0,70.0,40.0,45.0,3.0,3.0,,1.0,1.0,1.0,1.0,1.0,1.0,1.0,1.0,1.0,1.0,,,,,,,2.0,2.0,1.0,2.0,1.0,2.0,2.0,2.0,2.0,2.0,2.0,2.0,2.0,2.0,1.0,2.0,1.0,2.0,1.0,2.0,2.0,1.0,1.0,2.0,1.0,2.0,2.0,2.0,2.0,2.0,2.0,1.0,2.0,2.0,2.0,1.0,1.0,1.0,2.0,1.0,2.0,,,4.0,,,,8.0,,2.0,
pid_3,1.0,,,2.0,,,1.0,22.0,,,1.0,200.0,,55.0,2.0,,4.0,5.0,4.0,4.0,2.0,4.0,4.0,4.0,5.0,3.0,,5.0,,,,,5.0,4.0,3.0,,3.0,1.0,3.0,2.0,5.0,5.0,2.0,6.0,6.0,5.0,40.0,100.0,60.0,60.0,20.0,40.0,85.0,85.0,60.0,25.0,3.0,,5.0,,,,,,,,,,,1.0,1.0,2.0,1.0,1.0,2.0,1.0,1.0,1.0,2.0,2.0,1.0,1.0,1.0,1.0,2.0,1.0,2.0,2.0,2.0,2.0,2.0,2.0,2.0,1.0,2.0,2.0,1.0,2.0,2.0,2.0,2.0,2.0,2.0,2.0,2.0,2.0,2.0,1.0,2.0,1.0,1.0,1.0,1.0,2.0,2.0,,4.0,,,6.0,,20.0,,,10.0,
pid_4,,2.0,2.0,,1.0,34.0,,,1.0,1200.0,,,34.0,,1.0,,5.0,5.0,4.0,5.0,5.0,5.0,5.0,5.0,5.0,5.0,,1.0,,3.0,3.0,1.0,,,,6.0,,2.0,7.0,1.0,1.0,1.0,1.0,7.0,7.0,7.0,45.0,84.0,82.0,84.0,51.0,41.0,56.0,63.0,52.0,78.0,1.0,,7.0,1.0,2.0,1.0,1.0,1.0,1.0,2.0,2.0,2.0,2.0,,,,,,,2.0,2.0,1.0,2.0,2.0,2.0,2.0,2.0,2.0,2.0,2.0,2.0,2.0,2.0,2.0,1.0,2.0,2.0,2.0,2.0,1.0,2.0,2.0,1.0,2.0,2.0,1.0,1.0,2.0,2.0,2.0,2.0,2.0,2.0,2.0,2.0,2.0,2.0,2.0,2.0,,5.0,,,6.0,,,0.0,2.0,,
pid_5,1.0,,2.0,,,,2.0,9.0,,,1.0,300.0,30.0,,,5.0,3.0,4.0,5.0,3.0,2.0,3.0,4.0,4.0,3.0,5.0,,4.0,,2.0,4.0,2.0,,,,,3.0,2.0,6.0,4.0,3.0,5.0,5.0,6.0,6.0,5.0,41.0,88.0,77.0,71.0,36.0,39.0,63.0,64.0,28.0,84.0,2.0,3.0,,,,,,,,,,,,1.0,1.0,1.0,2.0,1.0,2.0,2.0,2.0,1.0,1.0,2.0,2.0,1.0,2.0,2.0,2.0,2.0,2.0,2.0,2.0,1.0,1.0,2.0,1.0,2.0,2.0,2.0,1.0,2.0,1.0,2.0,1.0,1.0,1.0,2.0,2.0,1.0,2.0,2.0,2.0,2.0,2.0,1.0,2.0,1.0,2.0,,4.0,,,4.0,,,12.0,,10.0,
pid_7,1.0,,1.0,,1.0,100.0,,,1.0,2000.0,,,3.0,,3.0,,5.0,5.0,1.0,4.0,4.0,5.0,5.0,4.0,5.0,5.0,,3.0,,,,,5.0,5.0,5.0,5.0,,1.0,7.0,3.0,3.0,2.0,1.0,6.0,7.0,6.0,45.0,40.0,65.0,45.0,25.0,60.0,60.0,45.0,35.0,80.0,3.0,6.0,,,,,,,,,,,,1.0,1.0,1.0,1.0,2.0,2.0,1.0,2.0,1.0,1.0,1.0,1.0,1.0,1.0,2.0,1.0,1.0,1.0,2.0,1.0,2.0,1.0,1.0,1.0,1.0,2.0,2.0,1.0,2.0,2.0,2.0,2.0,1.0,2.0,1.0,2.0,2.0,2.0,2.0,1.0,2.0,2.0,1.0,1.0,1.0,1.0,,5.0,,,5.0,,10.0,,3.0,,
pid_8,1.0,,,2.0,,,1.0,54.0,,,1.0,360.0,,70.0,,5.0,2.0,2.0,3.0,2.0,3.0,4.0,3.0,3.0,2.0,3.0,1.0,,,5.0,2.0,2.0,,,,5.0,,1.0,4.0,5.0,2.0,3.0,3.0,5.0,6.0,5.0,42.0,37.0,48.0,36.0,40.0,45.0,59.0,42.0,34.0,37.0,3.0,6.0,,,,,,,,,,,,1.0,1.0,1.0,2.0,2.0,2.0,2.0,2.0,2.0,1.0,2.0,2.0,1.0,1.0,1.0,2.0,2.0,2.0,2.0,2.0,1.0,2.0,2.0,1.0,1.0,1.0,2.0,2.0,1.0,2.0,1.0,2.0,2.0,2.0,1.0,1.0,1.0,2.0,1.0,1.0,2.0,2.0,2.0,2.0,1.0,1.0,3.0,,,4.0,,,,10.0,2.0,,
pid_9,,1.0,,2.0,,,1.0,25.0,,,1.0,120.0,30.0,,,2.0,4.0,5.0,4.0,2.0,4.0,3.0,5.0,5.0,4.0,5.0,,2.0,,,,,3.0,3.0,3.0,3.0,,1.0,7.0,2.0,6.0,7.0,4.0,6.0,5.0,5.0,40.0,58.0,60.0,41.0,30.0,30.0,55.0,76.0,37.0,80.0,2.0,5.0,,1.0,1.0,1.0,1.0,1.0,1.0,1.0,1.0,1.0,1.0,,,,,,,2.0,1.0,1.0,1.0,2.0,2.0,2.0,1.0,1.0,1.0,1.0,1.0,2.0,2.0,2.0,1.0,1.0,1.0,1.0,2.0,1.0,2.0,2.0,2.0,2.0,2.0,2.0,2.0,2.0,1.0,2.0,1.0,2.0,2.0,1.0,2.0,2.0,1.0,1.0,1.0,,5.0,,,5.0,,,10.0,,,4.0
pid_10,1.0,,2.0,,2.0,55.0,,,,,1.0,150.0,,80.0,3.0,,5.0,5.0,1.0,1.0,5.0,5.0,5.0,5.0,5.0,5.0,,4.0,,,,,2.0,1.0,1.0,,6.0,1.0,7.0,5.0,5.0,6.0,2.0,3.0,5.0,5.0,54.0,70.0,46.0,26.0,13.0,45.0,52.0,53.0,55.0,65.0,4.0,,7.0,,,,,,,,,,,1.0,1.0,1.0,1.0,1.0,1.0,2.0,2.0,2.0,2.0,2.0,2.0,2.0,2.0,1.0,2.0,1.0,2.0,2.0,1.0,2.0,2.0,2.0,2.0,2.0,2.0,2.0,2.0,1.0,2.0,2.0,1.0,2.0,2.0,2.0,2.0,1.0,2.0,1.0,1.0,1.0,2.0,1.0,2.0,2.0,2.0,,5.0,,,5.0,,20.0,,,,6.0
pid_11,,2.0,,1.0,2.0,30.0,,,,,1.0,115.0,,100.0,,2.0,5.0,3.0,5.0,5.0,5.0,5.0,5.0,3.0,1.0,5.0,1.0,,,,,,3.0,3.0,5.0,4.0,,2.0,6.0,2.0,2.0,1.0,1.0,5.0,7.0,7.0,51.0,43.0,81.0,89.0,37.0,50.0,63.0,63.0,36.0,100.0,1.0,,7.0,,,,,,,,,,,1.0,1.0,2.0,1.0,1.0,2.0,1.0,2.0,2.0,2.0,2.0,2.0,1.0,2.0,2.0,2.0,2.0,2.0,2.0,2.0,2.0,2.0,2.0,2.0,1.0,1.0,2.0,2.0,1.0,2.0,2.0,1.0,2.0,2.0,2.0,2.0,2.0,2.0,2.0,2.0,2.0,1.0,1.0,1.0,2.0,2.0,5.0,,,1.0,,,15.0,,,10.0,
pid_13,1.0,,,1.0,,,2.0,7.0,,,1.0,300.0,,70.0,1.0,,5.0,5.0,1.0,5.0,5.0,5.0,5.0,5.0,5.0,5.0,,1.0,,1.0,3.0,2.0,,,,4.0,,1.0,7.0,1.0,5.0,5.0,1.0,7.0,6.0,6.0,30.0,50.0,80.0,40.0,25.0,40.0,30.0,20.0,60.0,85.0,3.0,,7.0,1.0,1.0,1.0,1.0,2.0,1.0,2.0,1.0,2.0,1.0,,,,,,,1.0,2.0,2.0,1.0,1.0,1.0,1.0,1.0,2.0,1.0,2.0,2.0,1.0,1.0,2.0,2.0,1.0,2.0,2.0,1.0,1.0,2.0,2.0,2.0,1.0,1.0,1.0,2.0,2.0,2.0,1.0,1.0,1.0,1.0,1.0,2.0,2.0,2.0,1.0,2.0,,5.0,,,6.0,,20.0,,,,5.0
pid_14,,1.0,1.0,,2.0,25.0,,,,,1.0,750.0,,70.0,,3.0,5.0,5.0,1.0,1.0,3.0,5.0,5.0,3.0,5.0,5.0,1.0,,,1.0,4.0,1.0,,,,,6.0,1.0,5.0,1.0,4.0,6.0,3.0,6.0,6.0,1.0,75.0,75.0,51.0,0.0,50.0,62.0,80.0,35.0,62.0,83.0,3.0,,6.0,1.0,1.0,1.0,1.0,1.0,1.0,1.0,1.0,1.0,1.0,,,,,,,2.0,1.0,2.0,2.0,2.0,2.0,2.0,2.0,2.0,1.0,2.0,2.0,2.0,2.0,1.0,2.0,2.0,2.0,2.0,2.0,2.0,2.0,2.0,2.0,2.0,2.0,2.0,2.0,1.0,2.0,2.0,2.0,1.0,2.0,1.0,2.0,2.0,2.0,2.0,2.0,5.0,,,6.0,,,20.0,,,,3.0
pid_15,,1.0,,2.0,2.0,34.0,,,2.0,356.0,,,,80.0,,4.0,5.0,5.0,5.0,4.0,2.0,5.0,4.0,4.0,3.0,5.0,,,4.0,,,,2.0,3.0,3.0,,3.0,2.0,7.0,1.0,2.0,2.0,3.0,7.0,7.0,7.0,25.0,90.0,70.0,60.0,10.0,15.0,40.0,45.0,15.0,95.0,1.0,3.0,,1.0,2.0,1.0,2.0,1.0,1.0,2.0,1.0,1.0,1.0,,,,,,,2.0,1.0,2.0,2.0,2.0,2.0,2.0,2.0,2.0,2.0,2.0,2.0,2.0,2.0,2.0,2.0,2.0,2.0,2.0,2.0,2.0,2.0,2.0,1.0,2.0,2.0,2.0,2.0,2.0,2.0,2.0,2.0,2.0,2.0,2.0,2.0,2.0,2.0,2.0,2.0,,,5.0,,,5.0,,10.0,,,3.0
pid_16,1.0,,2.0,,,,1.0,20.0,2.0,400.0,,,,81.0,,2.0,2.0,4.0,3.0,4.0,3.0,3.0,5.0,3.0,4.0,4.0,,,1.0,,,,2.0,3.0,5.0,,2.0,1.0,7.0,1.0,6.0,1.0,1.0,7.0,6.0,6.0,23.0,53.0,49.0,46.0,17.0,23.0,66.0,25.0,30.0,71.0,3.0,,3.0,1.0,2.0,1.0,2.0,1.0,1.0,2.0,1.0,2.0,1.0,,,,,,,1.0,1.0,2.0,2.0,2.0,2.0,2.0,1.0,2.0,2.0,1.0,1.0,2.0,2.0,2.0,1.0,1.0,1.0,2.0,2.0,2.0,2.0,2.0,2.0,1.0,2.0,2.0,2.0,2.0,2.0,2.0,1.0,2.0,2.0,2.0,1.0,2.0,2.0,1.0,2.0,,,5.0,,,6.0,7.0,,1.0,,
pid_17,2.0,,1.0,,,,1.0,80.0,,,1.0,450.0,84.0,,1.0,,2.0,5.0,4.0,1.0,5.0,5.0,5.0,1.0,2.0,1.0,1.0,,,6.0,6.0,2.0,,,,6.0,,1.0,7.0,1.0,1.0,1.0,2.0,7.0,7.0,7.0,13.0,70.0,55.0,21.0,58.0,50.0,62.0,27.0,33.0,48.0,1.0,,4.0,,,,,,,,,,,1.0,1.0,1.0,1.0,1.0,1.0,2.0,2.0,2.0,2.0,2.0,2.0,2.0,2.0,2.0,2.0,2.0,2.0,2.0,2.0,2.0,2.0,2.0,2.0,2.0,2.0,2.0,2.0,2.0,2.0,2.0,2.0,2.0,2.0,2.0,2.0,2.0,2.0,2.0,2.0,2.0,2.0,2.0,2.0,2.0,2.0,5.0,,,3.0,,,20.0,,,,1.0
pid_18,,2.0,2.0,,1.0,67.0,,,2.0,625.0,,,69.0,,4.0,,5.0,5.0,1.0,2.0,5.0,5.0,5.0,5.0,5.0,5.0,,4.0,,,,,4.0,3.0,3.0,,6.0,1.0,6.0,1.0,3.0,2.0,2.0,7.0,7.0,7.0,64.0,90.0,54.0,53.0,57.0,54.0,60.0,74.0,54.0,59.0,3.0,6.0,,,,,,,,,,,,1.0,1.0,1.0,1.0,1.0,1.0,2.0,2.0,2.0,2.0,2.0,2.0,2.0,1.0,2.0,1.0,2.0,2.0,2.0,2.0,2.0,1.0,2.0,1.0,2.0,1.0,1.0,1.0,1.0,2.0,2.0,2.0,2.0,2.0,1.0,1.0,1.0,2.0,2.0,2.0,2.0,1.0,1.0,2.0,2.0,2.0,,5.0,,,6.0,,,5.0,,,3.0
pid_19,1.0,,,1.0,1.0,70.0,,,1.0,1200.0,,,62.0,,5.0,,5.0,5.0,3.0,3.0,5.0,5.0,5.0,5.0,5.0,5.0,,4.0,,3.0,5.0,2.0,,,,,6.0,1.0,6.0,4.0,2.0,2.0,5.0,6.0,7.0,7.0,50.0,50.0,50.0,50.0,50.0,50.0,50.0,50.0,50.0,69.0,4.0,,6.0,1.0,1.0,2.0,1.0,2.0,1.0,2.0,1.0,1.0,1.0,,,,,,,1.0,2.0,1.0,1.0,2.0,2.0,1.0,1.0,1.0,2.0,1.0,2.0,2.0,1.0,2.0,1.0,2.0,1.0,1.0,2.0,2.0,1.0,1.0,2.0,1.0,2.0,2.0,2.0,2.0,2.0,2.0,1.0,1.0,2.0,2.0,1.0,2.0,1.0,1.0,2.0,,5.0,,,5.0,,20.0,,4.0,,
pid_20,1.0,,,2.0,2.0,6.0,,,1.0,2500.0,,,70.0,,,6.0,4.0,2.0,4.0,4.0,2.0,4.0,4.0,4.0,3.0,4.0,,,4.0,3.0,4.0,2.0,,,,,5.0,1.0,6.0,2.0,5.0,5.0,3.0,5.0,6.0,5.0,50.0,35.0,40.0,60.0,35.0,54.0,40.0,45.0,52.0,66.0,3.0,,6.0,,,,,,,,,,,1.0,1.0,1.0,1.0,1.0,1.0,2.0,2.0,2.0,2.0,2.0,2.0,2.0,1.0,1.0,2.0,2.0,1.0,1.0,2.0,2.0,2.0,1.0,2.0,2.0,2.0,2.0,2.0,1.0,1.0,2.0,2.0,2.0,2.0,2.0,2.0,2.0,2.0,2.0,2.0,1.0,2.0,1.0,2.0,2.0,2.0,,,4.0,,,5.0,15.0,,,,4.0
pid_21,1.0,,1.0,,,,1.0,30.0,,,1.0,150.0,,81.0,5.0,,4.0,5.0,2.0,4.0,4.0,4.0,5.0,5.0,4.0,4.0,,,5.0,,,,2.0,5.0,4.0,,4.0,2.0,5.0,3.0,5.0,5.0,2.0,5.0,5.0,5.0,17.0,100.0,78.0,48.0,26.0,22.0,69.0,70.0,31.0,40.0,4.0,7.0,,,,,,,,,,,,1.0,1.0,1.0,1.0,1.0,1.0,2.0,2.0,1.0,2.0,2.0,2.0,2.0,2.0,2.0,2.0,2.0,2.0,2.0,2.0,2.0,2.0,2.0,2.0,1.0,2.0,1.0,1.0,2.0,1.0,2.0,2.0,1.0,1.0,2.0,2.0,2.0,2.0,2.0,1.0,2.0,1.0,2.0,2.0,2.0,1.0,,,5.0,,,1.0,,10.0,,3.0,
pid_22,,2.0,1.0,,,,1.0,16.0,,,1.0,100.0,30.0,,3.0,,4.0,5.0,1.0,3.0,4.0,4.0,5.0,2.0,5.0,5.0,,,2.0,,,,3.0,3.0,3.0,2.0,,1.0,5.0,1.0,4.0,2.0,3.0,5.0,5.0,5.0,40.0,70.0,50.0,40.0,30.0,30.0,45.0,55.0,40.0,50.0,1.0,6.0,,1.0,1.0,1.0,1.0,1.0,1.0,1.0,1.0,1.0,1.0,,,,,,,2.0,2.0,2.0,2.0,2.0,2.0,2.0,2.0,1.0,1.0,2.0,2.0,2.0,1.0,1.0,2.0,1.0,2.0,2.0,1.0,1.0,1.0,2.0,1.0,2.0,1.0,1.0,2.0,2.0,1.0,2.0,2.0,2.0,1.0,2.0,1.0,1.0,2.0,2.0,2.0,,,5.0,,,6.0,10.0,,,,4.0
pid_23,1.0,,,1.0,,,1.0,30.0,1.0,1200.0,,,,70.0,,6.0,5.0,5.0,1.0,5.0,3.0,4.0,5.0,5.0,5.0,5.0,,1.0,,3.0,3.0,2.0,,,,1.0,,1.0,6.0,5.0,5.0,6.0,1.0,5.0,5.0,5.0,47.0,58.0,48.0,53.0,44.0,37.0,61.0,62.0,47.0,60.0,4.0,6.0,,,,,,,,,,,,1.0,1.0,1.0,1.0,1.0,1.0,1.0,2.0,1.0,1.0,2.0,1.0,1.0,1.0,2.0,1.0,1.0,2.0,1.0,1.0,1.0,1.0,2.0,1.0,1.0,1.0,1.0,2.0,2.0,1.0,1.0,2.0,1.0,2.0,1.0,1.0,1.0,1.0,2.0,1.0,1.0,1.0,2.0,2.0,1.0,1.0,,1.0,,,6.0,,20.0,,,,3.0
pid_24,1.0,,1.0,,1.0,75.0,,,2.0,60.0,,,,65.0,3.0,,2.0,2.0,5.0,4.0,2.0,2.0,3.0,2.0,1.0,2.0,,5.0,,,,,5.0,2.0,3.0,1.0,,1.0,3.0,4.0,4.0,1.0,4.0,5.0,5.0,7.0,0.0,9.0,100.0,63.0,39.0,0.0,31.0,14.0,0.0,25.0,1.0,5.0,,,,,,,,,,,,1.0,1.0,2.0,1.0,2.0,1.0,2.0,2.0,1.0,1.0,2.0,1.0,2.0,1.0,2.0,2.0,2.0,1.0,1.0,1.0,2.0,1.0,2.0,1.0,1.0,1.0,1.0,2.0,1.0,1.0,2.0,1.0,1.0,1.0,2.0,1.0,2.0,1.0,1.0,1.0,2.0,2.0,1.0,2.0,1.0,1.0,,4.0,,,3.0,,20.0,,2.0,,
pid_25,,2.0,1.0,,,,2.0,7.0,1.0,1001.0,,,,20.0,,4.0,3.0,5.0,5.0,1.0,5.0,3.0,3.0,3.0,4.0,1.0,,3.0,,6.0,6.0,6.0,,,,3.0,,2.0,6.0,4.0,1.0,1.0,1.0,5.0,7.0,7.0,51.0,79.0,78.0,10.0,79.0,77.0,14.0,13.0,72.0,20.0,1.0,1.0,,,,,,,,,,,,1.0,2.0,1.0,2.0,1.0,2.0,2.0,1.0,2.0,1.0,2.0,1.0,1.0,2.0,1.0,2.0,2.0,2.0,1.0,1.0,1.0,2.0,1.0,2.0,2.0,2.0,2.0,2.0,1.0,1.0,2.0,2.0,1.0,1.0,1.0,1.0,1.0,1.0,1.0,1.0,2.0,2.0,1.0,2.0,1.0,1.0,,3.0,,,4.0,,5.0,,,,3.0
pid_26,,1.0,,1.0,,,1.0,35.0,1.0,1200.0,,,30.0,,1.0,,3.0,5.0,3.0,1.0,4.0,4.0,5.0,5.0,5.0,5.0,,,1.0,,,,5.0,5.0,5.0,5.0,,1.0,6.0,2.0,2.0,2.0,5.0,6.0,7.0,7.0,31.0,36.0,66.0,10.0,13.0,16.0,21.0,42.0,40.0,65.0,4.0,6.0,,,,,,,,,,,,1.0,2.0,1.0,1.0,1.0,2.0,2.0,2.0,2.0,2.0,1.0,2.0,1.0,2.0,1.0,1.0,2.0,2.0,2.0,1.0,1.0,2.0,2.0,1.0,1.0,1.0,2.0,2.0,2.0,2.0,2.0,1.0,2.0,2.0,2.0,2.0,1.0,2.0,2.0,2.0,1.0,2.0,2.0,2.0,2.0,2.0,,,2.0,,,3.0,,0.0,1.0,,
pid_27,,2.0,2.0,,,,2.0,10.0,1.0,1500.0,,,49.0,,,4.0,3.0,5.0,2.0,3.0,3.0,3.0,4.0,3.0,4.0,4.0,,1.0,,,,,4.0,4.0,4.0,,4.0,2.0,6.0,1.0,4.0,5.0,1.0,7.0,4.0,4.0,51.0,95.0,22.0,52.0,50.0,49.0,49.0,75.0,33.0,72.0,2.0,,6.0,1.0,1.0,1.0,1.0,1.0,1.0,1.0,1.0,1.0,1.0,,,,,,,2.0,2.0,2.0,2.0,1.0,1.0,2.0,1.0,2.0,2.0,2.0,2.0,1.0,2.0,2.0,2.0,2.0,2.0,1.0,2.0,2.0,2.0,1.0,2.0,1.0,2.0,2.0,1.0,2.0,1.0,1.0,2.0,2.0,2.0,1.0,2.0,2.0,1.0,1.0,2.0,,5.0,,,6.0,,15.0,,,10.0,
pid_28,2.0,,,1.0,2.0,5.0,,,,,1.0,120.0,75.0,,,5.0,3.0,4.0,2.0,2.0,4.0,4.0,5.0,5.0,4.0,4.0,2.0,,,5.0,5.0,4.0,,,,,5.0,1.0,6.0,4.0,5.0,5.0,5.0,6.0,6.0,6.0,50.0,75.0,49.0,50.0,30.0,30.0,30.0,52.0,20.0,51.0,4.0,4.0,,1.0,2.0,2.0,1.0,2.0,1.0,2.0,1.0,2.0,1.0,,,,,,,1.0,2.0,1.0,2.0,2.0,2.0,2.0,2.0,1.0,1.0,1.0,1.0,1.0,1.0,2.0,2.0,2.0,2.0,2.0,2.0,2.0,2.0,2.0,2.0,2.0,2.0,2.0,2.0,1.0,2.0,2.0,1.0,2.0,2.0,2.0,1.0,2.0,1.0,1.0,2.0,5.0,,,5.0,,,,0.0,,8.0,
pid_29,1.0,,,1.0,2.0,50.0,,,,,1.0,400.0,,40.0,2.0,,2.0,5.0,4.0,5.0,4.0,4.0,5.0,5.0,4.0,5.0,,,1.0,4.0,3.0,2.0,,,,6.0,,2.0,7.0,2.0,2.0,2.0,1.0,5.0,7.0,7.0,40.0,95.0,75.0,95.0,60.0,30.0,40.0,70.0,20.0,80.0,3.0,6.0,,1.0,2.0,1.0,1.0,2.0,1.0,1.0,1.0,2.0,1.0,,,,,,,2.0,1.0,2.0,2.0,2.0,2.0,1.0,1.0,2.0,2.0,2.0,2.0,2.0,2.0,2.0,2.0,2.0,2.0,2.0,2.0,2.0,1.0,2.0,2.0,1.0,2.0,2.0,2.0,1.0,2.0,2.0,2.0,2.0,2.0,2.0,2.0,1.0,1.0,2.0,1.0,,,5.0,,,6.0,7.0,,,,10.0
pid_30,,1.0,,2.0,,,2.0,8.0,2.0,398.0,,,93.0,,6.0,,1.0,5.0,5.0,5.0,5.0,4.0,5.0,5.0,5.0,5.0,,,4.0,2.0,3.0,3.0,,,,,3.0,2.0,7.0,2.0,6.0,6.0,5.0,7.0,2.0,2.0,10.0,100.0,85.0,100.0,93.0,54.0,97.0,97.0,97.0,95.0,1.0,6.0,,,,,,,,,,,,1.0,1.0,1.0,2.0,2.0,1.0,2.0,2.0,2.0,2.0,1.0,2.0,2.0,1.0,2.0,2.0,2.0,2.0,2.0,2.0,2.0,1.0,2.0,2.0,2.0,1.0,1.0,2.0,2.0,1.0,2.0,2.0,1.0,1.0,1.0,2.0,2.0,1.0,2.0,1.0,2.0,2.0,2.0,1.0,1.0,2.0,,,4.0,,,4.0,18.0,,,,9.0
pid_31,2.0,,2.0,,2.0,50.0,,,,,1.0,400.0,,30.0,6.0,,5.0,4.0,1.0,4.0,4.0,4.0,5.0,4.0,4.0,5.0,,,2.0,5.0,6.0,4.0,,,,,6.0,2.0,6.0,4.0,4.0,4.0,2.0,4.0,5.0,5.0,62.0,64.0,58.0,66.0,60.0,63.0,70.0,77.0,72.0,68.0,4.0,6.0,,,,,,,,,,,,1.0,1.0,1.0,1.0,2.0,2.0,2.0,2.0,2.0,1.0,1.0,1.0,1.0,2.0,2.0,1.0,2.0,2.0,2.0,1.0,2.0,2.0,2.0,2.0,1.0,1.0,2.0,2.0,1.0,1.0,2.0,2.0,2.0,2.0,1.0,2.0,2.0,1.0,2.0,2.0,1.0,1.0,1.0,2.0,1.0,2.0,,,5.0,,,6.0,,15.0,,,1.0
pid_32,1.0,,1.0,,2.0,15.0,,,,,1.0,90.0,50.0,,,3.0,5.0,5.0,1.0,1.0,5.0,5.0,5.0,5.0,5.0,5.0,1.0,,,,,,3.0,3.0,3.0,,6.0,1.0,7.0,1.0,1.0,3.0,5.0,7.0,7.0,6.0,50.0,50.0,50.0,50.0,50.0,50.0,50.0,50.0,50.0,50.0,1.0,,6.0,1.0,1.0,1.0,1.0,1.0,1.0,1.0,1.0,1.0,1.0,,,,,,,2.0,2.0,1.0,2.0,2.0,2.0,1.0,2.0,2.0,2.0,2.0,2.0,1.0,2.0,1.0,2.0,1.0,2.0,2.0,1.0,1.0,1.0,2.0,2.0,2.0,1.0,2.0,2.0,2.0,1.0,2.0,2.0,2.0,1.0,2.0,2.0,2.0,2.0,2.0,2.0,5.0,,,6.0,,,,0.0,,,1.0
pid_33,1.0,,1.0,,2.0,50.0,,,2.0,500.0,,,,70.0,2.0,,4.0,5.0,2.0,3.0,4.0,4.0,5.0,5.0,5.0,5.0,,1.0,,3.0,4.0,3.0,,,,4.0,,2.0,6.0,1.0,2.0,2.0,5.0,5.0,6.0,6.0,56.0,38.0,38.0,40.0,55.0,43.0,52.0,47.0,48.0,50.0,2.0,6.0,,,,,,,,,,,,1.0,1.0,1.0,1.0,2.0,2.0,2.0,2.0,1.0,2.0,2.0,2.0,2.0,1.0,2.0,1.0,2.0,2.0,2.0,1.0,2.0,2.0,2.0,1.0,2.0,2.0,2.0,2.0,1.0,1.0,1.0,1.0,2.0,1.0,2.0,2.0,2.0,2.0,1.0,2.0,2.0,2.0,2.0,2.0,2.0,2.0,,4.0,,,3.0,,,10.0,2.0,,
pid_34,1.0,,1.0,,,,1.0,20.0,2.0,200.0,,,70.0,,2.0,,3.0,4.0,5.0,4.0,3.0,4.0,3.0,4.0,1.0,4.0,2.0,,,,,,5.0,5.0,6.0,4.0,,2.0,6.0,2.0,4.0,5.0,5.0,5.0,5.0,5.0,50.0,54.0,100.0,47.0,50.0,48.0,47.0,47.0,47.0,54.0,3.0,3.0,,1.0,1.0,1.0,1.0,1.0,1.0,1.0,1.0,1.0,1.0,,,,,,,2.0,1.0,2.0,2.0,1.0,2.0,2.0,2.0,2.0,1.0,1.0,1.0,2.0,2.0,2.0,1.0,2.0,1.0,2.0,2.0,2.0,2.0,2.0,2.0,1.0,2.0,2.0,1.0,2.0,2.0,1.0,2.0,2.0,2.0,2.0,2.0,1.0,2.0,2.0,1.0,4.0,,,3.0,,,15.0,,,,2.0
pid_35,1.0,,1.0,,2.0,24.0,,,,,1.0,100.0,30.0,,3.0,,1.0,3.0,5.0,3.0,1.0,1.0,1.0,4.0,1.0,5.0,,1.0,,,,,4.0,5.0,5.0,3.0,,2.0,5.0,3.0,4.0,5.0,3.0,6.0,5.0,5.0,40.0,51.0,65.0,50.0,20.0,10.0,50.0,70.0,25.0,60.0,2.0,,6.0,1.0,1.0,1.0,1.0,1.0,1.0,1.0,1.0,1.0,1.0,,,,,,,2.0,2.0,2.0,2.0,1.0,2.0,2.0,1.0,2.0,2.0,2.0,1.0,1.0,2.0,2.0,2.0,2.0,2.0,2.0,1.0,2.0,2.0,2.0,2.0,2.0,2.0,2.0,2.0,2.0,2.0,2.0,2.0,2.0,2.0,2.0,1.0,1.0,2.0,1.0,2.0,,3.0,,,6.0,,,10.0,,4.0,
pid_36,1.0,,1.0,,2.0,25.0,,,1.0,1010.0,,,,75.0,,3.0,5.0,5.0,1.0,5.0,2.0,5.0,5.0,5.0,5.0,5.0,1.0,,,,,,5.0,3.0,4.0,6.0,,1.0,5.0,1.0,2.0,2.0,6.0,7.0,7.0,7.0,79.0,95.0,5.0,77.0,50.0,100.0,89.0,78.0,83.0,93.0,4.0,,6.0,1.0,1.0,1.0,1.0,1.0,1.0,1.0,1.0,1.0,1.0,,,,,,,1.0,2.0,1.0,1.0,1.0,1.0,2.0,2.0,2.0,2.0,2.0,2.0,1.0,2.0,2.0,2.0,2.0,2.0,2.0,2.0,2.0,2.0,1.0,2.0,1.0,1.0,2.0,1.0,2.0,2.0,2.0,2.0,2.0,1.0,2.0,2.0,1.0,2.0,1.0,1.0,5.0,,,6.0,,,,20.0,,2.0,
pid_37,,2.0,2.0,,,,1.0,33.0,,,1.0,350.0,30.0,,,3.0,4.0,5.0,1.0,3.0,5.0,5.0,5.0,4.0,5.0,5.0,1.0,,,3.0,3.0,3.0,,,,,4.0,1.0,6.0,3.0,6.0,5.0,3.0,5.0,5.0,5.0,65.0,90.0,35.0,50.0,65.0,70.0,65.0,75.0,60.0,75.0,3.0,,5.0,1.0,1.0,1.0,1.0,1.0,1.0,1.0,1.0,1.0,1.0,,,,,,,1.0,2.0,1.0,1.0,2.0,2.0,1.0,1.0,1.0,1.0,1.0,2.0,2.0,1.0,2.0,2.0,1.0,2.0,2.0,1.0,2.0,2.0,2.0,2.0,1.0,2.0,2.0,1.0,2.0,2.0,2.0,1.0,2.0,2.0,2.0,2.0,2.0,2.0,1.0,2.0,5.0,,,6.0,,,20.0,,,9.0,
pid_38,,2.0,2.0,,2.0,23.0,,,1.0,1200.0,,,30.0,,,6.0,2.0,4.0,4.0,4.0,2.0,2.0,2.0,2.0,4.0,4.0,,3.0,,,,,4.0,4.0,4.0,,3.0,1.0,6.0,6.0,6.0,6.0,6.0,6.0,6.0,6.0,0.0,0.0,1.0,0.0,0.0,0.0,0.0,0.0,0.0,0.0,1.0,5.0,,,,,,,,,,,,1.0,1.0,2.0,2.0,1.0,1.0,2.0,2.0,1.0,2.0,2.0,2.0,1.0,1.0,2.0,2.0,1.0,2.0,2.0,2.0,2.0,2.0,2.0,2.0,2.0,1.0,1.0,2.0,1.0,1.0,2.0,2.0,2.0,2.0,1.0,2.0,2.0,1.0,2.0,2.0,1.0,1.0,1.0,1.0,1.0,2.0,,2.0,,,4.0,,,0.0,,,2.0
pid_39,2.0,,1.0,,2.0,50.0,,,,,1.0,90.0,30.0,,2.0,,1.0,1.0,5.0,3.0,1.0,1.0,1.0,3.0,2.0,1.0,,,2.0,4.0,4.0,2.0,,,,3.0,,1.0,7.0,1.0,3.0,3.0,5.0,5.0,5.0,6.0,44.0,29.0,69.0,40.0,58.0,30.0,53.0,52.0,95.0,78.0,1.0,6.0,,,,,,,,,,,,1.0,2.0,1.0,2.0,1.0,2.0,1.0,1.0,2.0,2.0,2.0,2.0,2.0,2.0,2.0,2.0,2.0,1.0,2.0,1.0,1.0,2.0,2.0,2.0,2.0,1.0,2.0,1.0,2.0,2.0,1.0,2.0,2.0,1.0,2.0,2.0,1.0,2.0,2.0,2.0,2.0,2.0,1.0,2.0,1.0,2.0,,,2.0,,,4.0,18.0,,1.0,,
pid_40,,1.0,,2.0,2.0,1.0,,,2.0,450.0,,,35.0,,,3.0,4.0,5.0,5.0,3.0,1.0,4.0,2.0,2.0,2.0,4.0,,,4.0,1.0,1.0,1.0,,,,,5.0,1.0,6.0,2.0,4.0,5.0,5.0,6.0,6.0,6.0,40.0,80.0,85.0,20.0,25.0,10.0,25.0,20.0,10.0,30.0,3.0,6.0,,,,,,,,,,,,1.0,1.0,2.0,1.0,1.0,2.0,2.0,1.0,2.0,1.0,1.0,2.0,1.0,2.0,1.0,1.0,2.0,2.0,1.0,1.0,1.0,1.0,2.0,2.0,2.0,2.0,2.0,1.0,2.0,1.0,1.0,1.0,1.0,1.0,1.0,2.0,2.0,2.0,1.0,1.0,1.0,2.0,1.0,1.0,1.0,1.0,,,5.0,,,6.0,10.0,,,,3.0
pid_41,,1.0,,2.0,,,1.0,32.0,,,1.0,300.0,,70.0,3.0,,2.0,5.0,4.0,4.0,3.0,2.0,2.0,4.0,4.0,5.0,,,4.0,4.0,4.0,2.0,,,,4.0,,1.0,6.0,3.0,4.0,3.0,5.0,6.0,5.0,5.0,41.0,72.0,50.0,75.0,45.0,41.0,50.0,60.0,60.0,84.0,2.0,,4.0,,,,,,,,,,,1.0,1.0,2.0,1.0,2.0,1.0,1.0,2.0,1.0,1.0,2.0,1.0,2.0,1.0,2.0,2.0,2.0,2.0,1.0,2.0,2.0,2.0,2.0,2.0,1.0,1.0,2.0,1.0,1.0,1.0,1.0,1.0,1.0,1.0,2.0,1.0,2.0,2.0,1.0,1.0,2.0,1.0,1.0,2.0,2.0,2.0,,,5.0,,,3.0,,17.0,,,3.0
pid_42,1.0,,,2.0,,,2.0,6.0,,,1.0,110.0,80.0,,3.0,,2.0,2.0,2.0,1.0,4.0,4.0,5.0,4.0,5.0,5.0,4.0,,,2.0,4.0,2.0,,,,3.0,,1.0,5.0,3.0,6.0,6.0,2.0,5.0,6.0,6.0,15.0,85.0,52.0,40.0,35.0,40.0,42.0,48.0,48.0,85.0,2.0,5.0,,,,,,,,,,,,1.0,1.0,1.0,1.0,1.0,1.0,1.0,2.0,2.0,1.0,2.0,2.0,2.0,1.0,2.0,2.0,2.0,1.0,2.0,2.0,1.0,2.0,2.0,1.0,2.0,1.0,2.0,2.0,2.0,2.0,2.0,2.0,2.0,2.0,2.0,2.0,2.0,1.0,2.0,1.0,2.0,2.0,2.0,1.0,2.0,1.0,4.0,,,5.0,,,4.0,,,,5.0
pid_43,,1.0,,1.0,,,1.0,50.0,2.0,400.0,,,30.0,,3.0,,4.0,4.0,2.0,4.0,3.0,3.0,5.0,4.0,3.0,4.0,,,2.0,4.0,2.0,3.0,,,,,1.0,1.0,6.0,1.0,1.0,1.0,2.0,7.0,7.0,7.0,1.0,47.0,100.0,100.0,87.0,100.0,100.0,63.0,45.0,100.0,4.0,,4.0,,,,,,,,,,,2.0,1.0,1.0,1.0,1.0,2.0,1.0,2.0,2.0,1.0,2.0,1.0,2.0,1.0,1.0,1.0,1.0,1.0,2.0,2.0,1.0,1.0,1.0,2.0,1.0,1.0,1.0,2.0,1.0,2.0,1.0,1.0,1.0,2.0,1.0,2.0,1.0,1.0,1.0,2.0,1.0,1.0,1.0,1.0,1.0,2.0,,,4.0,,,3.0,,10.0,,,3.0
pid_44,2.0,,2.0,,,,1.0,20.0,2.0,200.0,,,30.0,,1.0,,5.0,5.0,1.0,1.0,5.0,5.0,5.0,5.0,5.0,5.0,,,1.0,3.0,3.0,2.0,,,,4.0,,1.0,7.0,4.0,2.0,2.0,1.0,3.0,6.0,6.0,10.0,2.0,60.0,70.0,10.0,10.0,20.0,20.0,5.0,15.0,4.0,5.0,,1.0,2.0,1.0,1.0,1.0,1.0,1.0,1.0,2.0,2.0,,,,,,,2.0,1.0,2.0,2.0,1.0,2.0,1.0,2.0,2.0,1.0,2.0,2.0,2.0,2.0,2.0,2.0,1.0,2.0,2.0,2.0,1.0,1.0,1.0,2.0,1.0,1.0,1.0,2.0,1.0,2.0,2.0,2.0,2.0,1.0,2.0,2.0,1.0,2.0,1.0,2.0,,,5.0,,,6.0,20.0,,2.0,,
pid_45,,1.0,1.0,,2.0,40.0,,,2.0,400.0,,,,88.0,3.0,,2.0,1.0,5.0,4.0,2.0,1.0,2.0,4.0,1.0,4.0,,2.0,,,,,5.0,4.0,2.0,4.0,,2.0,6.0,6.0,3.0,2.0,5.0,5.0,6.0,6.0,19.0,8.0,89.0,23.0,20.0,16.0,24.0,15.0,25.0,22.0,1.0,6.0,,1.0,1.0,1.0,1.0,1.0,1.0,1.0,1.0,1.0,1.0,,,,,,,2.0,2.0,2.0,1.0,1.0,2.0,1.0,1.0,2.0,2.0,2.0,2.0,1.0,1.0,2.0,2.0,1.0,2.0,1.0,2.0,2.0,2.0,1.0,2.0,2.0,2.0,2.0,2.0,1.0,1.0,2.0,2.0,1.0,1.0,2.0,2.0,2.0,2.0,2.0,2.0,,5.0,,,4.0,,13.0,,,4.0,
pid_46,,1.0,,2.0,,,1.0,20.0,2.0,400.0,,,,80.0,,5.0,1.0,5.0,3.0,3.0,3.0,2.0,3.0,3.0,3.0,4.0,1.0,,,3.0,3.0,3.0,,,,4.0,,2.0,6.0,1.0,4.0,4.0,2.0,3.0,4.0,4.0,29.0,50.0,50.0,78.0,71.0,31.0,31.0,30.0,32.0,50.0,3.0,5.0,,1.0,1.0,1.0,1.0,1.0,1.0,1.0,2.0,1.0,1.0,,,,,,,2.0,2.0,2.0,2.0,1.0,2.0,2.0,2.0,2.0,2.0,2.0,2.0,2.0,1.0,2.0,2.0,2.0,1.0,1.0,2.0,2.0,1.0,2.0,1.0,2.0,1.0,2.0,2.0,2.0,2.0,2.0,2.0,1.0,2.0,2.0,2.0,2.0,2.0,2.0,2.0,1.0,,,4.0,,,,8.0,,10.0,
pid_47,2.0,,,1.0,2.0,28.0,,,1.0,1250.0,,,,70.0,,5.0,1.0,1.0,5.0,5.0,1.0,1.0,1.0,4.0,2.0,1.0,,5.0,,,,,5.0,4.0,5.0,2.0,,2.0,6.0,2.0,6.0,5.0,5.0,6.0,5.0,3.0,46.0,67.0,42.0,56.0,22.0,40.0,44.0,59.0,29.0,58.0,4.0,,5.0,2.0,1.0,2.0,1.0,1.0,1.0,1.0,1.0,1.0,1.0,,,,,,,2.0,2.0,2.0,2.0,2.0,2.0,1.0,1.0,2.0,1.0,1.0,1.0,2.0,1.0,2.0,2.0,1.0,1.0,2.0,2.0,1.0,1.0,1.0,1.0,2.0,1.0,2.0,2.0,1.0,2.0,1.0,1.0,1.0,1.0,2.0,2.0,1.0,1.0,1.0,1.0,,5.0,,,4.0,,,9.0,,,3.0
pid_48,1.0,,,2.0,2.0,54.0,,,,,1.0,115.0,,69.0,5.0,,4.0,5.0,4.0,3.0,3.0,4.0,5.0,5.0,5.0,5.0,,5.0,,3.0,4.0,3.0,,,,,4.0,1.0,6.0,2.0,3.0,3.0,5.0,7.0,7.0,7.0,30.0,85.0,40.0,70.0,30.0,20.0,70.0,80.0,60.0,70.0,4.0,,7.0,,,,,,,,,,,1.0,1.0,2.0,1.0,1.0,2.0,1.0,2.0,1.0,2.0,2.0,2.0,2.0,2.0,2.0,2.0,2.0,1.0,2.0,2.0,1.0,2.0,2.0,2.0,2.0,2.0,2.0,2.0,1.0,2.0,1.0,2.0,2.0,2.0,2.0,2.0,2.0,2.0,1.0,1.0,1.0,1.0,2.0,1.0,2.0,1.0,,5.0,,,6.0,,,20.0,,9.0,
pid_49,,2.0,2.0,,,,1.0,50.0,,,1.0,116.0,50.0,,4.0,,2.0,4.0,4.0,4.0,4.0,3.0,4.0,4.0,3.0,4.0,1.0,,,,,,1.0,6.0,5.0,4.0,,1.0,5.0,1.0,5.0,5.0,2.0,5.0,5.0,5.0,40.0,60.0,80.0,90.0,70.0,50.0,40.0,25.0,65.0,75.0,3.0,,5.0,,,,,,,,,,,1.0,2.0,1.0,1.0,2.0,1.0,2.0,1.0,1.0,1.0,2.0,1.0,1.0,2.0,2.0,2.0,2.0,1.0,1.0,1.0,1.0,2.0,1.0,1.0,2.0,1.0,2.0,1.0,2.0,2.0,1.0,1.0,1.0,2.0,2.0,1.0,2.0,2.0,2.0,1.0,1.0,1.0,2.0,1.0,1.0,2.0,1.0,,,5.0,,,20.0,,,,3.0
pid_50,1.0,,1.0,,2.0,15.0,,,,,1.0,200.0,,50.0,,4.0,5.0,5.0,2.0,3.0,4.0,4.0,5.0,4.0,5.0,5.0,,1.0,,,,,2.0,4.0,2.0,,5.0,1.0,7.0,4.0,3.0,2.0,2.0,5.0,6.0,7.0,80.0,75.0,60.0,75.0,40.0,70.0,50.0,40.0,70.0,80.0,3.0,,6.0,1.0,2.0,1.0,1.0,1.0,1.0,1.0,2.0,2.0,2.0,,,,,,,2.0,1.0,1.0,2.0,2.0,1.0,2.0,1.0,2.0,1.0,2.0,2.0,2.0,1.0,1.0,2.0,2.0,2.0,2.0,2.0,2.0,2.0,2.0,2.0,2.0,2.0,2.0,2.0,2.0,2.0,2.0,2.0,2.0,2.0,2.0,2.0,2.0,2.0,2.0,2.0,,4.0,,,2.0,,,10.0,,,3.0
pid_51,,2.0,,1.0,,,1.0,15.0,2.0,700.0,,,,70.0,5.0,,4.0,5.0,4.0,4.0,4.0,4.0,5.0,5.0,2.0,4.0,,,5.0,,,,3.0,3.0,4.0,5.0,,2.0,6.0,5.0,2.0,2.0,1.0,5.0,6.0,6.0,67.0,91.0,59.0,82.0,60.0,61.0,72.0,77.0,54.0,72.0,3.0,,5.0,1.0,1.0,1.0,1.0,1.0,1.0,1.0,1.0,1.0,1.0,,,,,,,2.0,2.0,2.0,2.0,1.0,1.0,2.0,2.0,2.0,1.0,2.0,2.0,1.0,2.0,1.0,1.0,2.0,1.0,1.0,1.0,1.0,1.0,1.0,2.0,2.0,2.0,1.0,1.0,2.0,2.0,1.0,1.0,2.0,2.0,1.0,1.0,2.0,2.0,1.0,1.0,,,5.0,,,5.0,20.0,,3.0,,
pid_52,,2.0,,2.0,2.0,15.0,,,2.0,275.0,,,30.0,,,3.0,4.0,5.0,1.0,3.0,3.0,4.0,5.0,3.0,5.0,5.0,,4.0,,2.0,2.0,2.0,,,,4.0,,1.0,7.0,2.0,2.0,3.0,1.0,5.0,6.0,7.0,55.0,91.0,59.0,56.0,45.0,38.0,43.0,38.0,44.0,74.0,2.0,,6.0,1.0,1.0,1.0,1.0,1.0,1.0,1.0,1.0,1.0,1.0,,,,,,,1.0,1.0,2.0,2.0,2.0,2.0,1.0,2.0,2.0,2.0,1.0,2.0,2.0,2.0,1.0,1.0,2.0,2.0,1.0,2.0,2.0,1.0,2.0,2.0,2.0,1.0,2.0,1.0,1.0,1.0,2.0,1.0,2.0,2.0,2.0,1.0,2.0,1.0,2.0,1.0,,5.0,,,5.0,,,0.0,,9.0,
pid_53,1.0,,1.0,,,,1.0,26.0,,,1.0,231.0,,67.0,,5.0,2.0,5.0,3.0,1.0,1.0,4.0,4.0,5.0,5.0,3.0,1.0,,,,,,3.0,5.0,2.0,,5.0,1.0,7.0,2.0,6.0,6.0,3.0,5.0,5.0,5.0,32.0,77.0,66.0,63.0,17.0,24.0,58.0,77.0,62.0,59.0,1.0,6.0,,,,,,,,,,,,1.0,1.0,1.0,1.0,1.0,1.0,1.0,2.0,1.0,1.0,2.0,1.0,2.0,2.0,1.0,1.0,1.0,2.0,2.0,2.0,1.0,2.0,1.0,1.0,2.0,2.0,2.0,1.0,2.0,2.0,1.0,2.0,2.0,2.0,2.0,1.0,2.0,2.0,2.0,2.0,1.0,2.0,1.0,1.0,2.0,2.0,4.0,,,1.0,,,,15.0,,9.0,
pid_54,,1.0,1.0,,2.0,40.0,,,1.0,1200.0,,,30.0,,2.0,,2.0,5.0,5.0,5.0,2.0,3.0,5.0,5.0,3.0,5.0,,5.0,,,,,2.0,5.0,5.0,,4.0,1.0,6.0,2.0,4.0,5.0,5.0,6.0,5.0,6.0,26.0,100.0,100.0,100.0,29.0,42.0,95.0,83.0,74.0,76.0,2.0,,6.0,,,,,,,,,,,1.0,1.0,1.0,1.0,2.0,2.0,2.0,2.0,2.0,1.0,2.0,1.0,2.0,2.0,1.0,2.0,2.0,2.0,2.0,1.0,1.0,2.0,1.0,2.0,1.0,1.0,1.0,2.0,2.0,2.0,2.0,2.0,1.0,2.0,1.0,2.0,2.0,2.0,1.0,1.0,2.0,1.0,1.0,2.0,2.0,1.0,,5.0,,,5.0,,13.0,,,4.0,
pid_55,,1.0,1.0,,,,2.0,8.0,,,1.0,95.0,48.0,,,2.0,4.0,4.0,3.0,3.0,3.0,4.0,4.0,5.0,3.0,5.0,,2.0,,,,,3.0,4.0,4.0,,4.0,1.0,7.0,2.0,4.0,4.0,3.0,5.0,5.0,5.0,35.0,51.0,50.0,47.0,24.0,36.0,40.0,42.0,38.0,94.0,2.0,,6.0,,,,,,,,,,,1.0,1.0,1.0,1.0,1.0,1.0,2.0,1.0,1.0,2.0,2.0,1.0,2.0,2.0,2.0,2.0,2.0,1.0,2.0,2.0,2.0,1.0,1.0,2.0,1.0,2.0,2.0,2.0,1.0,2.0,2.0,2.0,1.0,1.0,1.0,1.0,1.0,2.0,2.0,2.0,1.0,2.0,2.0,2.0,2.0,1.0,,5.0,,,6.0,,,19.0,,10.0,
pid_56,,1.0,1.0,,,,2.0,30.0,,,1.0,300.0,82.0,,2.0,,4.0,5.0,5.0,3.0,4.0,5.0,5.0,4.0,2.0,4.0,1.0,,,,,,3.0,5.0,6.0,3.0,,2.0,4.0,1.0,1.0,1.0,2.0,6.0,3.0,5.0,20.0,84.0,68.0,85.0,31.0,43.0,34.0,30.0,20.0,82.0,1.0,6.0,,1.0,1.0,1.0,2.0,1.0,1.0,2.0,1.0,1.0,2.0,,,,,,,2.0,2.0,1.0,2.0,2.0,2.0,1.0,2.0,1.0,2.0,2.0,2.0,1.0,1.0,1.0,1.0,1.0,2.0,2.0,1.0,2.0,2.0,1.0,1.0,1.0,1.0,2.0,1.0,1.0,2.0,2.0,2.0,1.0,1.0,2.0,1.0,2.0,1.0,2.0,1.0,4.0,,,2.0,,,,15.0,1.0,,
pid_57,1.0,,,1.0,,,1.0,54.0,2.0,380.0,,,,35.0,5.0,,5.0,4.0,5.0,5.0,5.0,5.0,5.0,4.0,1.0,5.0,,,5.0,5.0,2.0,1.0,,,,6.0,,2.0,5.0,3.0,2.0,1.0,5.0,6.0,7.0,7.0,60.0,62.0,58.0,53.0,73.0,53.0,35.0,46.0,36.0,30.0,1.0,3.0,,2.0,1.0,2.0,2.0,2.0,1.0,1.0,2.0,2.0,2.0,,,,,,,1.0,1.0,1.0,1.0,1.0,1.0,1.0,1.0,1.0,1.0,1.0,1.0,1.0,1.0,2.0,1.0,1.0,1.0,1.0,1.0,1.0,1.0,1.0,1.0,1.0,2.0,2.0,2.0,2.0,1.0,2.0,1.0,1.0,1.0,1.0,1.0,1.0,2.0,2.0,1.0,,,5.0,,,5.0,,15.0,,,1.0
pid_58,1.0,,1.0,,,,1.0,15.0,,,1.0,120.0,90.0,,,2.0,4.0,5.0,3.0,3.0,5.0,5.0,3.0,5.0,4.0,5.0,,1.0,,,,,4.0,3.0,5.0,5.0,,1.0,6.0,2.0,5.0,5.0,2.0,6.0,6.0,7.0,90.0,83.0,63.0,73.0,71.0,60.0,55.0,70.0,46.0,72.0,4.0,6.0,,1.0,1.0,1.0,1.0,2.0,1.0,2.0,1.0,1.0,2.0,,,,,,,2.0,1.0,2.0,2.0,2.0,1.0,1.0,2.0,2.0,1.0,1.0,2.0,1.0,2.0,1.0,1.0,2.0,2.0,2.0,2.0,1.0,1.0,2.0,2.0,2.0,1.0,1.0,2.0,2.0,2.0,2.0,2.0,2.0,2.0,1.0,1.0,1.0,2.0,2.0,1.0,,4.0,,,5.0,,,0.0,,,3.0
pid_59,2.0,,,2.0,2.0,25.0,,,2.0,300.0,,,,70.0,4.0,,1.0,1.0,5.0,4.0,1.0,4.0,1.0,5.0,4.0,2.0,,5.0,,3.0,2.0,2.0,,,,,2.0,1.0,7.0,2.0,6.0,6.0,5.0,5.0,6.0,6.0,50.0,45.0,55.0,70.0,35.0,46.0,33.0,60.0,50.0,65.0,4.0,,6.0,,,,,,,,,,,1.0,1.0,1.0,1.0,1.0,1.0,2.0,1.0,1.0,1.0,2.0,1.0,2.0,2.0,2.0,2.0,1.0,2.0,2.0,1.0,2.0,2.0,1.0,2.0,2.0,2.0,1.0,2.0,1.0,2.0,2.0,1.0,1.0,2.0,1.0,1.0,1.0,1.0,2.0,1.0,1.0,1.0,1.0,1.0,1.0,2.0,,2.0,,,6.0,,20.0,,,,2.0
pid_60,1.0,,1.0,,1.0,75.0,,,1.0,1125.0,,,85.0,,6.0,,1.0,1.0,5.0,1.0,1.0,1.0,1.0,1.0,1.0,3.0,,5.0,,,,,1.0,1.0,1.0,,6.0,2.0,7.0,1.0,2.0,2.0,1.0,3.0,5.0,5.0,40.0,30.0,90.0,5.0,30.0,30.0,5.0,5.0,2.0,30.0,1.0,3.0,,,,,,,,,,,,1.0,1.0,2.0,1.0,2.0,1.0,1.0,2.0,2.0,1.0,1.0,1.0,2.0,1.0,1.0,1.0,1.0,2.0,1.0,1.0,2.0,1.0,1.0,1.0,1.0,2.0,1.0,1.0,1.0,2.0,2.0,1.0,1.0,1.0,2.0,1.0,2.0,1.0,1.0,1.0,1.0,1.0,1.0,1.0,2.0,2.0,,5.0,,,6.0,,,10.0,2.0,,
pid_61,,1.0,1.0,,,,1.0,30.0,,,1.0,140.0,70.0,,2.0,,2.0,4.0,5.0,3.0,3.0,4.0,4.0,4.0,1.0,5.0,,,4.0,1.0,3.0,3.0,,,,,4.0,2.0,6.0,1.0,2.0,2.0,2.0,5.0,6.0,6.0,30.0,75.0,70.0,60.0,55.0,45.0,45.0,55.0,20.0,78.0,1.0,6.0,,1.0,1.0,1.0,1.0,1.0,1.0,1.0,1.0,1.0,1.0,,,,,,,1.0,2.0,2.0,2.0,1.0,1.0,1.0,1.0,2.0,2.0,1.0,2.0,2.0,2.0,2.0,1.0,1.0,2.0,2.0,1.0,1.0,2.0,2.0,1.0,2.0,1.0,2.0,1.0,1.0,1.0,2.0,2.0,1.0,2.0,1.0,2.0,1.0,2.0,1.0,2.0,,,5.0,,,4.0,,20.0,2.0,,
pid_62,,2.0,1.0,,2.0,37.0,,,2.0,500.0,,,,49.0,,5.0,4.0,5.0,2.0,4.0,5.0,5.0,5.0,4.0,5.0,5.0,,2.0,,,,,4.0,4.0,4.0,,5.0,1.0,6.0,1.0,1.0,1.0,2.0,5.0,7.0,7.0,18.0,57.0,17.0,63.0,35.0,62.0,71.0,41.0,18.0,75.0,3.0,6.0,,,,,,,,,,,,1.0,1.0,1.0,1.0,2.0,2.0,1.0,1.0,2.0,2.0,2.0,1.0,1.0,1.0,2.0,1.0,2.0,2.0,2.0,1.0,2.0,2.0,1.0,2.0,2.0,1.0,1.0,2.0,2.0,2.0,1.0,2.0,2.0,1.0,1.0,1.0,2.0,2.0,1.0,2.0,2.0,1.0,1.0,2.0,2.0,1.0,,5.0,,,5.0,,,13.0,,4.0,
pid_63,1.0,,,2.0,2.0,30.0,,,1.0,300.0,,,,81.0,,4.0,1.0,4.0,5.0,1.0,1.0,1.0,4.0,2.0,1.0,4.0,,2.0,,,,,5.0,3.0,3.0,,6.0,1.0,7.0,1.0,3.0,3.0,1.0,7.0,7.0,7.0,28.0,39.0,62.0,14.0,31.0,16.0,10.0,31.0,16.0,23.0,1.0,5.0,,1.0,1.0,1.0,1.0,1.0,1.0,1.0,1.0,1.0,1.0,,,,,,,2.0,1.0,1.0,1.0,1.0,2.0,2.0,2.0,2.0,1.0,1.0,2.0,2.0,1.0,2.0,1.0,1.0,2.0,1.0,2.0,2.0,2.0,1.0,2.0,1.0,1.0,1.0,1.0,1.0,1.0,2.0,2.0,2.0,1.0,2.0,2.0,2.0,2.0,2.0,2.0,,5.0,,,6.0,,,20.0,1.0,,
pid_64,1.0,,,1.0,,,2.0,5.0,,,1.0,120.0,,92.0,4.0,,3.0,3.0,5.0,4.0,3.0,2.0,2.0,4.0,1.0,3.0,2.0,,,,,,4.0,3.0,3.0,4.0,,1.0,6.0,4.0,5.0,4.0,2.0,5.0,5.0,6.0,50.0,60.0,85.0,76.0,75.0,38.0,38.0,67.0,29.0,67.0,3.0,5.0,,,,,,,,,,,,1.0,2.0,1.0,1.0,2.0,1.0,2.0,2.0,1.0,1.0,1.0,2.0,2.0,1.0,1.0,2.0,1.0,2.0,1.0,1.0,2.0,2.0,1.0,1.0,2.0,1.0,2.0,2.0,1.0,1.0,1.0,2.0,2.0,1.0,2.0,1.0,2.0,2.0,1.0,2.0,1.0,1.0,2.0,1.0,2.0,2.0,5.0,,,6.0,,,15.0,,,5.0,
pid_65,,1.0,2.0,,,,1.0,20.0,1.0,1300.0,,,,70.0,,2.0,5.0,5.0,1.0,4.0,5.0,5.0,5.0,1.0,5.0,4.0,2.0,,,,,,3.0,3.0,3.0,6.0,,1.0,5.0,2.0,2.0,2.0,2.0,5.0,6.0,7.0,55.0,40.0,25.0,35.0,20.0,45.0,52.0,20.0,50.0,25.0,2.0,6.0,,,,,,,,,,,,1.0,1.0,1.0,2.0,2.0,1.0,1.0,2.0,2.0,2.0,2.0,2.0,2.0,2.0,2.0,1.0,2.0,1.0,2.0,2.0,2.0,2.0,2.0,1.0,1.0,2.0,2.0,1.0,2.0,2.0,2.0,1.0,2.0,2.0,2.0,1.0,2.0,1.0,2.0,2.0,2.0,1.0,2.0,2.0,1.0,2.0,4.0,,,1.0,,,,15.0,1.0,,
pid_67,1.0,,,2.0,1.0,70.0,,,,,1.0,150.0,,81.0,1.0,,5.0,5.0,1.0,1.0,5.0,5.0,5.0,5.0,5.0,5.0,,1.0,,2.0,3.0,2.0,,,,,5.0,1.0,7.0,4.0,5.0,5.0,2.0,5.0,5.0,6.0,90.0,64.0,33.0,24.0,60.0,69.0,80.0,72.0,84.0,71.0,4.0,,7.0,,,,,,,,,,,1.0,1.0,1.0,1.0,1.0,1.0,2.0,1.0,1.0,1.0,2.0,2.0,1.0,2.0,2.0,2.0,1.0,2.0,2.0,1.0,2.0,1.0,2.0,1.0,2.0,2.0,2.0,2.0,2.0,2.0,2.0,2.0,2.0,2.0,2.0,1.0,2.0,2.0,2.0,2.0,2.0,1.0,1.0,2.0,2.0,1.0,,5.0,,,6.0,,15.0,,,,10.0
pid_68,,1.0,2.0,,,,1.0,7.0,1.0,12.0,,,72.0,,6.0,,4.0,3.0,3.0,4.0,3.0,4.0,3.0,4.0,5.0,4.0,,5.0,,,,,6.0,5.0,6.0,5.0,,1.0,6.0,6.0,7.0,7.0,5.0,6.0,5.0,5.0,53.0,71.0,75.0,47.0,68.0,43.0,50.0,46.0,58.0,44.0,3.0,4.0,,,,,,,,,,,,1.0,1.0,1.0,2.0,2.0,2.0,1.0,2.0,1.0,1.0,1.0,2.0,1.0,1.0,2.0,1.0,1.0,2.0,1.0,2.0,1.0,1.0,1.0,1.0,2.0,1.0,1.0,2.0,1.0,1.0,2.0,1.0,1.0,1.0,2.0,1.0,1.0,1.0,1.0,1.0,1.0,1.0,2.0,1.0,1.0,1.0,,5.0,,,4.0,,,19.0,6.0,,
pid_69,1.0,,1.0,,,,1.0,54.0,2.0,345.0,,,69.0,,5.0,,4.0,2.0,3.0,4.0,3.0,2.0,3.0,4.0,4.0,3.0,,2.0,,,,,5.0,4.0,3.0,,5.0,1.0,5.0,4.0,3.0,4.0,6.0,5.0,4.0,5.0,59.0,29.0,64.0,34.0,35.0,62.0,38.0,64.0,75.0,34.0,3.0,,5.0,1.0,2.0,1.0,1.0,1.0,1.0,1.0,1.0,2.0,2.0,,,,,,,1.0,1.0,2.0,2.0,2.0,2.0,2.0,1.0,2.0,1.0,2.0,1.0,1.0,1.0,1.0,1.0,1.0,2.0,1.0,2.0,1.0,1.0,1.0,1.0,2.0,1.0,1.0,1.0,1.0,1.0,2.0,1.0,2.0,2.0,1.0,1.0,1.0,2.0,1.0,2.0,,4.0,,,5.0,,,5.0,,,4.0
pid_70,1.0,,,1.0,2.0,57.0,,,,,1.0,300.0,20.0,,2.0,,4.0,5.0,4.0,2.0,3.0,4.0,5.0,2.0,4.0,5.0,3.0,,,5.0,4.0,4.0,,,,4.0,,1.0,7.0,6.0,7.0,6.0,2.0,3.0,6.0,6.0,60.0,90.0,90.0,34.0,30.0,60.0,70.0,33.0,65.0,91.0,3.0,6.0,,,,,,,,,,,,1.0,1.0,2.0,2.0,1.0,1.0,2.0,2.0,1.0,2.0,1.0,2.0,1.0,2.0,1.0,2.0,1.0,1.0,2.0,1.0,2.0,2.0,1.0,1.0,1.0,1.0,2.0,1.0,2.0,2.0,1.0,1.0,2.0,2.0,2.0,2.0,2.0,2.0,2.0,1.0,2.0,1.0,2.0,2.0,1.0,2.0,5.0,,,5.0,,,,15.0,2.0,,
pid_71,,1.0,1.0,,2.0,16.0,,,,,1.0,208.0,,70.0,3.0,,4.0,5.0,4.0,2.0,4.0,4.0,4.0,3.0,3.0,4.0,3.0,,,,,,2.0,3.0,3.0,,3.0,1.0,7.0,1.0,2.0,2.0,2.0,6.0,6.0,6.0,80.0,100.0,75.0,40.0,80.0,80.0,50.0,30.0,40.0,86.0,2.0,4.0,,1.0,1.0,1.0,1.0,1.0,1.0,1.0,1.0,1.0,1.0,,,,,,,1.0,1.0,2.0,2.0,2.0,1.0,2.0,1.0,2.0,2.0,2.0,2.0,2.0,2.0,1.0,1.0,1.0,1.0,1.0,2.0,2.0,2.0,2.0,1.0,2.0,2.0,2.0,2.0,2.0,2.0,2.0,2.0,2.0,2.0,1.0,1.0,2.0,2.0,2.0,2.0,5.0,,,4.0,,,20.0,,,6.0,
pid_72,1.0,,2.0,,,,1.0,22.0,,,1.0,250.0,,70.0,5.0,,2.0,4.0,5.0,3.0,3.0,3.0,4.0,4.0,1.0,4.0,,,5.0,,,,3.0,3.0,2.0,4.0,,1.0,5.0,2.0,4.0,4.0,2.0,5.0,4.0,5.0,42.0,62.0,60.0,61.0,47.0,51.0,57.0,62.0,38.0,78.0,4.0,5.0,,2.0,1.0,2.0,1.0,1.0,1.0,2.0,2.0,2.0,1.0,,,,,,,2.0,2.0,1.0,1.0,1.0,1.0,2.0,1.0,1.0,1.0,1.0,1.0,1.0,1.0,1.0,1.0,2.0,1.0,1.0,1.0,2.0,2.0,2.0,1.0,1.0,2.0,1.0,2.0,2.0,2.0,1.0,2.0,2.0,2.0,2.0,1.0,2.0,2.0,2.0,1.0,,,5.0,,,5.0,20.0,,2.0,,
pid_73,1.0,,,2.0,,,2.0,9.0,1.0,1200.0,,,,75.0,2.0,,5.0,3.0,2.0,2.0,4.0,5.0,5.0,5.0,5.0,4.0,4.0,,,,,,4.0,3.0,2.0,,4.0,1.0,6.0,2.0,6.0,6.0,2.0,3.0,5.0,5.0,55.0,34.0,46.0,43.0,42.0,44.0,66.0,62.0,40.0,60.0,1.0,6.0,,1.0,1.0,1.0,1.0,1.0,1.0,1.0,1.0,1.0,1.0,,,,,,,2.0,2.0,2.0,2.0,2.0,2.0,2.0,2.0,2.0,2.0,2.0,2.0,2.0,1.0,2.0,1.0,2.0,2.0,2.0,2.0,2.0,1.0,1.0,2.0,2.0,1.0,1.0,2.0,2.0,2.0,2.0,1.0,1.0,1.0,2.0,2.0,1.0,2.0,2.0,2.0,4.0,,,5.0,,,,16.0,,,5.0
pid_74,1.0,,1.0,,,,1.0,16.0,2.0,950.0,,,40.0,,2.0,,2.0,4.0,3.0,4.0,3.0,4.0,5.0,4.0,4.0,2.0,2.0,,,3.0,3.0,3.0,,,,3.0,,1.0,6.0,2.0,5.0,5.0,2.0,6.0,7.0,6.0,60.0,59.0,50.0,62.0,59.0,50.0,39.0,38.0,29.0,60.0,3.0,5.0,,,,,,,,,,,,1.0,1.0,1.0,1.0,1.0,1.0,2.0,1.0,1.0,1.0,2.0,1.0,1.0,2.0,1.0,2.0,1.0,2.0,2.0,1.0,1.0,2.0,1.0,1.0,2.0,2.0,2.0,2.0,1.0,2.0,1.0,1.0,2.0,1.0,2.0,1.0,2.0,1.0,2.0,1.0,2.0,2.0,1.0,2.0,1.0,1.0,5.0,,,4.0,,,15.0,,,10.0,
pid_75,1.0,,,1.0,,,1.0,20.0,2.0,60.0,,,,30.0,3.0,,3.0,3.0,4.0,5.0,3.0,3.0,5.0,5.0,2.0,4.0,,2.0,,,,,4.0,4.0,4.0,,4.0,2.0,5.0,1.0,3.0,3.0,2.0,6.0,5.0,5.0,50.0,69.0,29.0,81.0,33.0,59.0,60.0,73.0,33.0,49.0,3.0,6.0,,,,,,,,,,,,1.0,1.0,1.0,1.0,2.0,2.0,2.0,1.0,2.0,1.0,2.0,2.0,2.0,2.0,1.0,1.0,2.0,1.0,1.0,1.0,1.0,1.0,1.0,2.0,2.0,1.0,1.0,1.0,2.0,1.0,1.0,2.0,1.0,1.0,1.0,1.0,2.0,2.0,2.0,2.0,1.0,1.0,1.0,2.0,1.0,2.0,,4.0,,,3.0,,,10.0,,,5.0
pid_76,,1.0,1.0,,1.0,10.0,,,,,2.0,45.0,30.0,,,6.0,1.0,1.0,5.0,1.0,1.0,1.0,1.0,5.0,1.0,2.0,,,3.0,4.0,4.0,4.0,,,,3.0,,2.0,1.0,1.0,1.0,1.0,3.0,6.0,6.0,6.0,7.0,9.0,100.0,39.0,5.0,6.0,5.0,100.0,7.0,5.0,1.0,1.0,,1.0,2.0,2.0,2.0,2.0,1.0,1.0,1.0,2.0,2.0,,,,,,,2.0,2.0,2.0,2.0,2.0,1.0,2.0,1.0,2.0,2.0,2.0,2.0,1.0,2.0,2.0,2.0,1.0,1.0,1.0,2.0,2.0,2.0,2.0,2.0,2.0,1.0,2.0,1.0,2.0,2.0,2.0,2.0,2.0,2.0,2.0,2.0,1.0,1.0,1.0,2.0,,,1.0,,,1.0,,20.0,,10.0,
pid_77,1.0,,,1.0,,,2.0,10.0,,,1.0,100.0,50.0,,3.0,,3.0,5.0,5.0,3.0,4.0,2.0,4.0,4.0,2.0,5.0,,,3.0,2.0,3.0,1.0,,,,,5.0,2.0,2.0,1.0,4.0,5.0,1.0,5.0,6.0,5.0,50.0,100.0,100.0,80.0,75.0,25.0,80.0,80.0,20.0,100.0,3.0,5.0,,,,,,,,,,,,1.0,1.0,2.0,1.0,1.0,2.0,2.0,1.0,2.0,2.0,1.0,2.0,2.0,1.0,1.0,2.0,2.0,1.0,1.0,1.0,1.0,1.0,2.0,1.0,2.0,1.0,2.0,2.0,2.0,1.0,2.0,2.0,2.0,2.0,2.0,1.0,2.0,2.0,2.0,2.0,2.0,2.0,1.0,2.0,1.0,2.0,,,3.0,,,3.0,,5.0,2.0,,
pid_78,,2.0,,2.0,2.0,40.0,,,2.0,380.0,,,67.0,,4.0,,1.0,1.0,5.0,5.0,1.0,1.0,1.0,2.0,1.0,3.0,,,2.0,,,,5.0,3.0,3.0,3.0,,1.0,6.0,6.0,3.0,4.0,2.0,4.0,5.0,6.0,17.0,16.0,85.0,90.0,13.0,15.0,16.0,66.0,22.0,60.0,1.0,,5.0,2.0,2.0,2.0,2.0,2.0,2.0,2.0,2.0,2.0,2.0,,,,,,,1.0,2.0,2.0,2.0,1.0,1.0,2.0,2.0,2.0,1.0,2.0,2.0,1.0,2.0,2.0,2.0,1.0,2.0,1.0,1.0,2.0,2.0,2.0,2.0,2.0,2.0,2.0,2.0,1.0,2.0,2.0,2.0,2.0,2.0,1.0,2.0,1.0,2.0,2.0,1.0,,,4.0,,,4.0,,10.0,1.0,,
pid_79,1.0,,2.0,,,,1.0,20.0,,,1.0,120.0,,70.0,2.0,,2.0,2.0,3.0,1.0,4.0,5.0,3.0,4.0,5.0,5.0,,,4.0,,,,3.0,2.0,2.0,,6.0,1.0,7.0,3.0,6.0,5.0,5.0,3.0,5.0,5.0,10.0,90.0,80.0,10.0,40.0,75.0,48.0,70.0,45.0,81.0,3.0,6.0,,,,,,,,,,,,1.0,1.0,1.0,1.0,2.0,2.0,1.0,1.0,1.0,1.0,1.0,2.0,1.0,2.0,2.0,1.0,1.0,1.0,1.0,2.0,1.0,1.0,1.0,2.0,1.0,1.0,1.0,2.0,1.0,1.0,1.0,2.0,2.0,1.0,1.0,1.0,2.0,1.0,1.0,1.0,2.0,1.0,2.0,2.0,1.0,2.0,,,5.0,,,6.0,20.0,,,9.0,
pid_80,2.0,,,2.0,2.0,40.0,,,,,1.0,600.0,98.0,,2.0,,1.0,3.0,5.0,3.0,1.0,1.0,3.0,3.0,1.0,1.0,2.0,,,,,,3.0,4.0,2.0,,1.0,1.0,6.0,5.0,6.0,7.0,2.0,3.0,5.0,3.0,45.0,38.0,54.0,36.0,39.0,41.0,41.0,43.0,42.0,43.0,1.0,6.0,,,,,,,,,,,,1.0,1.0,1.0,1.0,1.0,1.0,2.0,2.0,2.0,2.0,1.0,1.0,2.0,1.0,1.0,2.0,2.0,2.0,2.0,2.0,2.0,2.0,2.0,2.0,1.0,2.0,1.0,2.0,2.0,2.0,1.0,1.0,2.0,2.0,2.0,2.0,2.0,2.0,1.0,2.0,1.0,2.0,1.0,2.0,1.0,2.0,3.0,,,3.0,,,20.0,,,,1.0
pid_81,,2.0,,2.0,2.0,33.0,,,,,1.0,300.0,30.0,,5.0,,4.0,5.0,3.0,2.0,3.0,5.0,5.0,4.0,5.0,5.0,,,4.0,4.0,6.0,2.0,,,,,6.0,2.0,5.0,1.0,7.0,6.0,3.0,5.0,6.0,7.0,45.0,61.0,73.0,35.0,25.0,61.0,61.0,47.0,39.0,67.0,3.0,6.0,,1.0,1.0,1.0,1.0,2.0,1.0,1.0,1.0,1.0,1.0,,,,,,,2.0,1.0,2.0,2.0,1.0,2.0,2.0,2.0,1.0,2.0,2.0,2.0,1.0,1.0,2.0,2.0,1.0,1.0,2.0,2.0,2.0,2.0,2.0,2.0,1.0,2.0,1.0,1.0,1.0,2.0,1.0,2.0,1.0,1.0,1.0,2.0,2.0,2.0,1.0,2.0,,,5.0,,,3.0,20.0,,,,3.0
pid_82,2.0,,2.0,,2.0,50.0,,,,,1.0,250.0,,70.0,3.0,,3.0,5.0,2.0,3.0,4.0,5.0,4.0,5.0,4.0,5.0,2.0,,,,,,3.0,3.0,3.0,4.0,,1.0,6.0,1.0,2.0,4.0,5.0,6.0,5.0,5.0,51.0,82.0,2.0,79.0,54.0,57.0,65.0,88.0,93.0,100.0,3.0,,5.0,,,,,,,,,,,1.0,1.0,1.0,2.0,1.0,2.0,1.0,2.0,2.0,1.0,1.0,2.0,1.0,1.0,1.0,2.0,1.0,2.0,1.0,1.0,2.0,2.0,2.0,1.0,2.0,2.0,1.0,1.0,1.0,2.0,2.0,2.0,2.0,2.0,2.0,2.0,2.0,2.0,1.0,2.0,2.0,2.0,1.0,2.0,2.0,1.0,3.0,,,3.0,,,18.0,,1.0,,
pid_83,2.0,,1.0,,2.0,48.0,,,2.0,400.0,,,75.0,,2.0,,4.0,5.0,5.0,5.0,4.0,5.0,4.0,5.0,1.0,5.0,,,1.0,,,,4.0,5.0,2.0,6.0,,1.0,6.0,2.0,6.0,6.0,3.0,5.0,5.0,5.0,50.0,100.0,55.0,80.0,65.0,80.0,75.0,80.0,45.0,100.0,2.0,5.0,,,,,,,,,,,,1.0,1.0,1.0,2.0,1.0,2.0,1.0,2.0,2.0,2.0,1.0,2.0,1.0,2.0,2.0,2.0,1.0,2.0,2.0,2.0,2.0,2.0,2.0,2.0,1.0,1.0,2.0,2.0,2.0,2.0,2.0,1.0,1.0,2.0,2.0,2.0,2.0,1.0,2.0,2.0,1.0,2.0,2.0,1.0,1.0,2.0,,,5.0,,,5.0,20.0,,,7.0,
pid_84,,2.0,,2.0,2.0,35.0,,,2.0,300.0,,,,70.0,,3.0,5.0,5.0,2.0,1.0,5.0,5.0,5.0,4.0,5.0,5.0,,1.0,,,,,4.0,4.0,3.0,4.0,,1.0,6.0,4.0,3.0,5.0,5.0,6.0,6.0,6.0,35.0,42.0,49.0,40.0,40.0,43.0,42.0,52.0,42.0,42.0,4.0,,7.0,,,,,,,,,,,1.0,1.0,1.0,1.0,1.0,1.0,2.0,2.0,2.0,2.0,2.0,2.0,2.0,2.0,2.0,2.0,2.0,2.0,2.0,1.0,1.0,2.0,1.0,2.0,1.0,1.0,1.0,2.0,2.0,2.0,1.0,2.0,2.0,2.0,2.0,2.0,2.0,1.0,2.0,2.0,1.0,1.0,1.0,2.0,2.0,1.0,,4.0,,,5.0,,,4.0,1.0,,
pid_85,,2.0,1.0,,,,1.0,40.0,,,1.0,300.0,50.0,,1.0,,2.0,1.0,5.0,4.0,2.0,2.0,2.0,4.0,4.0,3.0,,,4.0,,,,3.0,4.0,3.0,,5.0,1.0,6.0,2.0,6.0,6.0,2.0,5.0,5.0,5.0,20.0,40.0,60.0,50.0,25.0,25.0,30.0,30.0,60.0,60.0,3.0,6.0,,1.0,1.0,1.0,1.0,1.0,1.0,1.0,1.0,1.0,1.0,,,,,,,2.0,1.0,2.0,2.0,1.0,2.0,2.0,2.0,2.0,1.0,1.0,1.0,1.0,1.0,2.0,2.0,2.0,1.0,2.0,2.0,2.0,2.0,1.0,2.0,1.0,1.0,2.0,2.0,2.0,2.0,1.0,1.0,2.0,2.0,1.0,1.0,2.0,2.0,1.0,2.0,,,5.0,,,5.0,20.0,,1.0,,
pid_86,2.0,,1.0,,2.0,20.0,,,,,1.0,100.0,30.0,,,5.0,1.0,4.0,5.0,2.0,1.0,1.0,1.0,2.0,1.0,5.0,1.0,,,,,,3.0,5.0,5.0,,4.0,1.0,2.0,7.0,3.0,5.0,5.0,6.0,1.0,3.0,50.0,65.0,70.0,40.0,50.0,65.0,60.0,50.0,25.0,85.0,1.0,,6.0,1.0,1.0,1.0,2.0,1.0,2.0,1.0,2.0,1.0,1.0,,,,,,,1.0,2.0,2.0,2.0,1.0,2.0,1.0,1.0,2.0,2.0,2.0,1.0,2.0,1.0,2.0,2.0,1.0,2.0,1.0,2.0,2.0,1.0,1.0,1.0,2.0,2.0,2.0,1.0,2.0,1.0,1.0,1.0,1.0,1.0,1.0,2.0,2.0,1.0,1.0,1.0,1.0,,,1.0,,,0.0,,,3.0,
pid_87,,1.0,1.0,,2.0,50.0,,,,,1.0,100.0,91.0,,5.0,,4.0,5.0,4.0,4.0,4.0,5.0,5.0,4.0,5.0,4.0,1.0,,,,,,5.0,3.0,3.0,,4.0,2.0,6.0,1.0,1.0,1.0,2.0,5.0,7.0,7.0,40.0,80.0,60.0,10.0,30.0,40.0,50.0,80.0,60.0,50.0,1.0,,6.0,1.0,2.0,2.0,1.0,1.0,2.0,1.0,2.0,1.0,1.0,,,,,,,2.0,2.0,2.0,2.0,2.0,2.0,1.0,2.0,2.0,2.0,2.0,2.0,2.0,1.0,1.0,2.0,1.0,1.0,2.0,2.0,2.0,2.0,2.0,1.0,2.0,2.0,2.0,2.0,2.0,1.0,2.0,2.0,2.0,1.0,2.0,1.0,2.0,1.0,2.0,2.0,5.0,,,5.0,,,,10.0,,,2.0
pid_88,1.0,,,2.0,,,1.0,54.0,,,1.0,380.0,62.0,,4.0,,3.0,3.0,2.0,4.0,4.0,3.0,4.0,3.0,5.0,3.0,,4.0,,5.0,2.0,3.0,,,,5.0,,1.0,5.0,5.0,4.0,2.0,2.0,3.0,5.0,6.0,24.0,23.0,9.0,45.0,33.0,10.0,21.0,20.0,73.0,14.0,3.0,,5.0,,,,,,,,,,,1.0,1.0,2.0,2.0,1.0,1.0,1.0,1.0,1.0,1.0,1.0,1.0,1.0,1.0,1.0,1.0,1.0,1.0,1.0,2.0,1.0,1.0,1.0,1.0,1.0,2.0,1.0,1.0,1.0,2.0,1.0,1.0,1.0,1.0,1.0,1.0,1.0,2.0,1.0,2.0,1.0,1.0,1.0,2.0,1.0,1.0,,4.0,,,4.0,,,19.0,2.0,,
pid_89,,1.0,,1.0,2.0,10.0,,,1.0,250.0,,,,38.0,,2.0,4.0,5.0,2.0,4.0,4.0,3.0,2.0,3.0,5.0,4.0,2.0,,,3.0,4.0,2.0,,,,,4.0,2.0,6.0,2.0,3.0,3.0,3.0,6.0,6.0,6.0,60.0,97.0,12.0,100.0,77.0,42.0,61.0,88.0,89.0,82.0,3.0,,6.0,1.0,1.0,1.0,1.0,2.0,1.0,2.0,1.0,1.0,2.0,,,,,,,1.0,2.0,2.0,2.0,1.0,2.0,2.0,2.0,1.0,1.0,2.0,2.0,2.0,2.0,2.0,2.0,2.0,1.0,1.0,2.0,2.0,2.0,2.0,2.0,1.0,2.0,2.0,2.0,2.0,2.0,1.0,2.0,2.0,2.0,2.0,1.0,2.0,2.0,1.0,2.0,2.0,,,1.0,,,,10.0,,8.0,
pid_90,,1.0,2.0,,2.0,54.0,,,2.0,50.0,,,38.0,,,4.0,5.0,5.0,1.0,3.0,5.0,5.0,5.0,3.0,5.0,4.0,1.0,,,,,,3.0,3.0,4.0,,5.0,2.0,7.0,2.0,2.0,3.0,5.0,7.0,7.0,7.0,58.0,92.0,23.0,51.0,35.0,47.0,54.0,56.0,61.0,52.0,3.0,2.0,,,,,,,,,,,,1.0,1.0,2.0,1.0,1.0,2.0,2.0,2.0,2.0,2.0,2.0,2.0,2.0,1.0,2.0,2.0,2.0,2.0,2.0,1.0,1.0,2.0,2.0,2.0,2.0,2.0,2.0,1.0,2.0,2.0,2.0,2.0,2.0,2.0,2.0,2.0,2.0,1.0,2.0,1.0,2.0,2.0,2.0,2.0,2.0,2.0,5.0,,,5.0,,,,10.0,,10.0,
pid_91,,1.0,,1.0,2.0,45.0,,,,,1.0,92.0,,70.0,,3.0,4.0,5.0,3.0,4.0,3.0,4.0,5.0,5.0,3.0,4.0,,,3.0,,,,2.0,2.0,5.0,4.0,,2.0,6.0,1.0,1.0,1.0,2.0,6.0,7.0,7.0,70.0,85.0,65.0,50.0,40.0,75.0,65.0,50.0,40.0,75.0,1.0,,6.0,1.0,1.0,1.0,1.0,2.0,1.0,1.0,1.0,2.0,1.0,,,,,,,1.0,1.0,1.0,2.0,2.0,2.0,2.0,2.0,2.0,2.0,2.0,2.0,1.0,1.0,2.0,1.0,2.0,2.0,1.0,1.0,1.0,2.0,2.0,1.0,1.0,2.0,1.0,2.0,1.0,1.0,2.0,1.0,2.0,1.0,1.0,2.0,2.0,1.0,1.0,2.0,,,5.0,,,5.0,,10.0,,9.0,
pid_92,2.0,,,1.0,2.0,30.0,,,,,1.0,90.0,,65.0,,4.0,4.0,4.0,5.0,4.0,2.0,4.0,4.0,4.0,4.0,5.0,1.0,,,3.0,3.0,3.0,,,,,4.0,2.0,6.0,1.0,4.0,4.0,5.0,7.0,6.0,5.0,20.0,80.0,55.0,67.0,5.0,47.0,41.0,56.0,37.0,62.0,3.0,,7.0,,,,,,,,,,,1.0,2.0,1.0,1.0,1.0,2.0,1.0,1.0,1.0,1.0,1.0,2.0,2.0,2.0,1.0,1.0,1.0,2.0,1.0,2.0,2.0,2.0,1.0,2.0,2.0,1.0,1.0,2.0,1.0,2.0,2.0,2.0,1.0,2.0,2.0,1.0,2.0,2.0,2.0,1.0,2.0,1.0,2.0,1.0,2.0,1.0,4.0,,,4.0,,,,10.0,2.0,,
pid_93,1.0,,2.0,,,,2.0,6.0,,,1.0,325.0,30.0,,1.0,,4.0,2.0,3.0,2.0,3.0,5.0,5.0,4.0,5.0,3.0,1.0,,,,,,2.0,3.0,2.0,,4.0,1.0,6.0,4.0,6.0,7.0,2.0,5.0,6.0,6.0,50.0,60.0,40.0,25.0,45.0,50.0,70.0,75.0,60.0,75.0,3.0,3.0,,1.0,1.0,1.0,1.0,1.0,1.0,1.0,1.0,1.0,1.0,,,,,,,2.0,2.0,2.0,2.0,1.0,1.0,1.0,2.0,1.0,2.0,1.0,2.0,2.0,1.0,1.0,2.0,1.0,1.0,1.0,1.0,1.0,2.0,1.0,2.0,1.0,1.0,2.0,1.0,2.0,2.0,1.0,2.0,2.0,2.0,1.0,1.0,1.0,1.0,1.0,1.0,5.0,,,6.0,,,15.0,,,9.0,
pid_94,1.0,,,2.0,2.0,30.0,,,,,1.0,100.0,,81.0,3.0,,3.0,3.0,2.0,3.0,3.0,3.0,4.0,3.0,3.0,4.0,3.0,,,3.0,3.0,2.0,,,,,5.0,1.0,5.0,1.0,6.0,4.0,5.0,3.0,7.0,4.0,30.0,55.0,50.0,65.0,32.0,42.0,80.0,50.0,50.0,80.0,3.0,6.0,,1.0,2.0,1.0,2.0,1.0,2.0,1.0,2.0,1.0,1.0,,,,,,,2.0,1.0,2.0,2.0,2.0,2.0,1.0,1.0,1.0,2.0,2.0,1.0,2.0,1.0,2.0,1.0,2.0,1.0,2.0,2.0,2.0,2.0,1.0,2.0,2.0,2.0,2.0,2.0,1.0,2.0,1.0,2.0,1.0,2.0,1.0,1.0,1.0,2.0,2.0,1.0,3.0,,,2.0,,,,0.0,,,3.0
pid_95,,1.0,2.0,,,,1.0,54.0,2.0,380.0,,,30.0,,,2.0,4.0,4.0,3.0,2.0,5.0,5.0,4.0,5.0,5.0,5.0,4.0,,,,,,3.0,2.0,5.0,,4.0,1.0,6.0,4.0,5.0,6.0,2.0,5.0,6.0,5.0,48.0,64.0,49.0,50.0,60.0,43.0,47.0,53.0,51.0,45.0,2.0,3.0,,,,,,,,,,,,1.0,1.0,2.0,1.0,1.0,2.0,1.0,2.0,1.0,1.0,2.0,2.0,1.0,2.0,1.0,2.0,1.0,2.0,2.0,1.0,1.0,2.0,2.0,2.0,2.0,1.0,1.0,2.0,1.0,2.0,2.0,1.0,2.0,2.0,2.0,1.0,2.0,1.0,1.0,2.0,2.0,1.0,1.0,1.0,2.0,1.0,5.0,,,4.0,,,15.0,,2.0,,
pid_96,,1.0,2.0,,2.0,54.0,,,,,1.0,379.0,30.0,,,4.0,3.0,5.0,3.0,5.0,3.0,3.0,4.0,4.0,3.0,4.0,,3.0,,,,,5.0,5.0,5.0,4.0,,1.0,6.0,1.0,1.0,1.0,2.0,6.0,7.0,7.0,36.0,28.0,41.0,51.0,45.0,43.0,33.0,45.0,25.0,38.0,2.0,,6.0,,,,,,,,,,,1.0,1.0,2.0,1.0,2.0,1.0,1.0,2.0,2.0,2.0,2.0,1.0,1.0,2.0,1.0,2.0,2.0,2.0,1.0,1.0,2.0,2.0,1.0,2.0,1.0,1.0,2.0,2.0,1.0,2.0,1.0,2.0,2.0,2.0,2.0,1.0,1.0,1.0,1.0,1.0,1.0,1.0,1.0,2.0,2.0,2.0,,5.0,,,5.0,,,15.0,,,2.0
pid_97,,2.0,2.0,,2.0,47.0,,,2.0,150.0,,,30.0,,1.0,,2.0,5.0,3.0,4.0,2.0,5.0,4.0,5.0,3.0,5.0,,,1.0,5.0,4.0,2.0,,,,,6.0,1.0,6.0,2.0,2.0,2.0,2.0,5.0,5.0,5.0,60.0,60.0,75.0,75.0,5.0,65.0,70.0,60.0,55.0,80.0,1.0,,7.0,,,,,,,,,,,1.0,2.0,1.0,1.0,2.0,1.0,1.0,1.0,2.0,2.0,2.0,1.0,2.0,1.0,1.0,2.0,2.0,1.0,1.0,1.0,2.0,1.0,2.0,1.0,1.0,2.0,2.0,1.0,1.0,2.0,2.0,2.0,1.0,2.0,1.0,1.0,1.0,2.0,1.0,2.0,1.0,1.0,1.0,2.0,2.0,1.0,,,5.0,,,6.0,,20.0,,6.0,
pid_98,1.0,,,2.0,2.0,64.0,,,,,2.0,80.0,30.0,,3.0,,5.0,5.0,3.0,5.0,4.0,5.0,5.0,5.0,4.0,5.0,4.0,,,,,,3.0,3.0,3.0,,5.0,2.0,7.0,2.0,5.0,5.0,5.0,6.0,6.0,5.0,65.0,84.0,68.0,57.0,50.0,42.0,47.0,49.0,26.0,55.0,3.0,5.0,,1.0,1.0,1.0,1.0,1.0,1.0,1.0,1.0,1.0,1.0,,,,,,,1.0,1.0,2.0,2.0,2.0,1.0,2.0,2.0,2.0,1.0,2.0,1.0,2.0,2.0,2.0,1.0,1.0,1.0,2.0,2.0,2.0,2.0,2.0,2.0,2.0,1.0,2.0,1.0,2.0,2.0,1.0,1.0,1.0,1.0,1.0,2.0,2.0,2.0,1.0,1.0,5.0,,,4.0,,,,5.0,,3.0,
pid_99,,2.0,2.0,,2.0,30.0,,,,,1.0,200.0,,100.0,,2.0,1.0,1.0,5.0,3.0,1.0,1.0,1.0,1.0,1.0,1.0,,,5.0,,,,3.0,5.0,2.0,1.0,,1.0,7.0,1.0,7.0,6.0,5.0,7.0,5.0,5.0,15.0,38.0,53.0,65.0,16.0,14.0,32.0,33.0,29.0,55.0,1.0,,6.0,1.0,1.0,1.0,1.0,1.0,1.0,1.0,1.0,1.0,1.0,,,,,,,1.0,2.0,2.0,2.0,2.0,1.0,2.0,2.0,2.0,2.0,1.0,2.0,2.0,2.0,2.0,2.0,2.0,2.0,2.0,2.0,1.0,2.0,1.0,2.0,1.0,1.0,1.0,1.0,1.0,2.0,2.0,1.0,2.0,2.0,1.0,2.0,2.0,2.0,2.0,2.0,,,5.0,,,6.0,,1.0,,,3.0
pid_100,,2.0,1.0,,1.0,75.0,,,2.0,250.0,,,30.0,,,3.0,4.0,5.0,1.0,2.0,4.0,4.0,5.0,5.0,5.0,5.0,,3.0,,,,,2.0,3.0,3.0,5.0,,1.0,6.0,2.0,5.0,2.0,3.0,5.0,5.0,6.0,60.0,67.0,50.0,66.0,30.0,50.0,55.0,67.0,45.0,55.0,3.0,6.0,,,,,,,,,,,,1.0,1.0,1.0,1.0,1.0,1.0,1.0,2.0,1.0,2.0,1.0,2.0,1.0,2.0,1.0,2.0,1.0,1.0,1.0,1.0,2.0,2.0,2.0,2.0,1.0,2.0,2.0,2.0,2.0,2.0,2.0,1.0,2.0,2.0,2.0,2.0,1.0,2.0,2.0,2.0,1.0,1.0,1.0,1.0,1.0,2.0,,5.0,,,5.0,,,0.0,2.0,,
pid_101,,2.0,,1.0,,,1.0,50.0,2.0,300.0,,,,50.0,,2.0,4.0,5.0,3.0,4.0,4.0,4.0,5.0,5.0,4.0,4.0,1.0,,,,,,3.0,3.0,3.0,6.0,,1.0,4.0,1.0,4.0,4.0,2.0,6.0,6.0,6.0,30.0,85.0,50.0,80.0,15.0,5.0,75.0,45.0,20.0,65.0,3.0,6.0,,,,,,,,,,,,1.0,2.0,1.0,2.0,1.0,2.0,1.0,2.0,2.0,2.0,1.0,2.0,2.0,1.0,1.0,2.0,1.0,1.0,2.0,1.0,1.0,2.0,2.0,1.0,2.0,2.0,2.0,1.0,1.0,1.0,1.0,2.0,1.0,1.0,1.0,1.0,2.0,1.0,2.0,1.0,2.0,1.0,2.0,1.0,2.0,2.0,4.0,,,4.0,,,,10.0,,,3.0
pid_102,1.0,,1.0,,2.0,55.0,,,,,1.0,379.0,,8.0,,1.0,5.0,2.0,4.0,4.0,5.0,5.0,5.0,5.0,5.0,4.0,1.0,,,,,,5.0,6.0,6.0,,1.0,2.0,1.0,1.0,1.0,5.0,1.0,3.0,6.0,7.0,58.0,9.0,11.0,32.0,41.0,67.0,74.0,49.0,45.0,51.0,4.0,6.0,,,,,,,,,,,,1.0,1.0,1.0,1.0,2.0,2.0,2.0,1.0,2.0,1.0,1.0,1.0,1.0,1.0,1.0,1.0,1.0,2.0,2.0,1.0,1.0,1.0,1.0,1.0,1.0,1.0,1.0,1.0,1.0,2.0,1.0,2.0,1.0,1.0,1.0,1.0,1.0,1.0,1.0,1.0,1.0,1.0,1.0,1.0,1.0,1.0,5.0,,,6.0,,,,10.0,,10.0,
pid_103,,2.0,1.0,,2.0,54.0,,,,,1.0,379.7,85.0,,,1.0,5.0,5.0,1.0,5.0,5.0,5.0,5.0,5.0,5.0,5.0,,5.0,,4.0,4.0,1.0,,,,2.0,,2.0,7.0,1.0,1.0,6.0,1.0,7.0,7.0,7.0,100.0,50.0,50.0,50.0,50.0,50.0,50.0,50.0,50.0,50.0,4.0,4.0,,,,,,,,,,,,1.0,1.0,1.0,1.0,2.0,2.0,1.0,1.0,1.0,1.0,1.0,1.0,1.0,1.0,1.0,1.0,1.0,1.0,1.0,1.0,1.0,1.0,1.0,1.0,1.0,1.0,1.0,1.0,1.0,1.0,1.0,1.0,1.0,1.0,1.0,1.0,1.0,1.0,1.0,1.0,1.0,1.0,1.0,1.0,1.0,1.0,,5.0,,,6.0,,,15.0,,10.0,
pid_104,1.0,,,2.0,2.0,24.0,,,2.0,200.0,,,80.0,,,4.0,4.0,3.0,3.0,3.0,4.0,3.0,3.0,4.0,5.0,5.0,,,2.0,2.0,4.0,3.0,,,,5.0,,2.0,5.0,3.0,5.0,6.0,2.0,2.0,5.0,4.0,60.0,50.0,25.0,50.0,50.0,35.0,35.0,60.0,75.0,85.0,3.0,5.0,,1.0,1.0,1.0,1.0,1.0,1.0,1.0,1.0,1.0,1.0,,,,,,,1.0,2.0,1.0,2.0,2.0,2.0,2.0,2.0,2.0,1.0,1.0,2.0,2.0,2.0,1.0,2.0,1.0,2.0,2.0,2.0,2.0,2.0,2.0,1.0,2.0,1.0,2.0,2.0,2.0,2.0,1.0,2.0,2.0,2.0,1.0,2.0,1.0,2.0,2.0,2.0,,,5.0,,,5.0,15.0,,,,6.0
pid_105,,1.0,1.0,,2.0,50.0,,,2.0,300.0,,,30.0,,5.0,,2.0,5.0,5.0,3.0,2.0,1.0,4.0,4.0,1.0,1.0,2.0,,,4.0,3.0,2.0,,,,1.0,,1.0,6.0,1.0,6.0,6.0,2.0,6.0,6.0,7.0,52.0,72.0,52.0,60.0,37.0,41.0,29.0,50.0,35.0,70.0,1.0,6.0,,1.0,1.0,1.0,1.0,1.0,1.0,1.0,1.0,1.0,1.0,,,,,,,1.0,2.0,2.0,2.0,2.0,1.0,1.0,2.0,2.0,1.0,1.0,1.0,2.0,2.0,2.0,2.0,2.0,1.0,1.0,1.0,1.0,2.0,2.0,2.0,2.0,1.0,2.0,1.0,1.0,1.0,2.0,2.0,2.0,1.0,1.0,2.0,2.0,1.0,2.0,2.0,5.0,,,6.0,,,,0.0,,,10.0
pid_106,,2.0,1.0,,2.0,50.0,,,,,1.0,325.0,,60.0,,4.0,4.0,5.0,2.0,2.0,4.0,5.0,5.0,4.0,5.0,5.0,2.0,,,,,,5.0,5.0,5.0,3.0,,1.0,6.0,1.0,4.0,3.0,4.0,6.0,4.0,5.0,40.0,70.0,40.0,25.0,30.0,35.0,55.0,45.0,45.0,75.0,1.0,5.0,,,,,,,,,,,,1.0,1.0,2.0,1.0,1.0,2.0,2.0,1.0,2.0,1.0,1.0,1.0,1.0,1.0,1.0,1.0,2.0,1.0,1.0,1.0,1.0,1.0,2.0,2.0,2.0,1.0,1.0,1.0,2.0,1.0,2.0,2.0,1.0,2.0,1.0,1.0,1.0,1.0,1.0,2.0,1.0,1.0,1.0,1.0,1.0,2.0,1.0,,,2.0,,,20.0,,,,2.0
pid_107,1.0,,,1.0,,,1.0,13.0,,,1.0,185.0,55.0,,,6.0,1.0,1.0,5.0,3.0,1.0,1.0,1.0,3.0,1.0,1.0,,3.0,,4.0,5.0,2.0,,,,1.0,,1.0,7.0,1.0,6.0,3.0,2.0,7.0,6.0,6.0,10.0,16.0,70.0,51.0,6.0,14.0,25.0,40.0,15.0,21.0,1.0,6.0,,,,,,,,,,,,1.0,1.0,1.0,1.0,1.0,1.0,1.0,2.0,2.0,1.0,2.0,1.0,2.0,2.0,2.0,2.0,1.0,2.0,1.0,2.0,1.0,1.0,1.0,1.0,1.0,2.0,2.0,1.0,2.0,2.0,2.0,1.0,2.0,2.0,2.0,1.0,2.0,2.0,2.0,1.0,2.0,2.0,1.0,1.0,1.0,2.0,,1.0,,,1.0,,,20.0,,,10.0
pid_108,1.0,,,2.0,,,2.0,10.0,2.0,300.0,,,,77.0,1.0,,4.0,5.0,4.0,4.0,4.0,3.0,4.0,4.0,3.0,4.0,,1.0,,2.0,3.0,2.0,,,,4.0,,1.0,6.0,1.0,3.0,3.0,2.0,5.0,5.0,5.0,57.0,85.0,64.0,73.0,52.0,50.0,52.0,55.0,48.0,68.0,2.0,,6.0,1.0,1.0,1.0,1.0,2.0,1.0,1.0,1.0,2.0,2.0,,,,,,,2.0,1.0,1.0,2.0,2.0,2.0,2.0,2.0,1.0,1.0,2.0,2.0,1.0,2.0,2.0,2.0,2.0,2.0,2.0,2.0,2.0,1.0,1.0,2.0,2.0,1.0,2.0,2.0,1.0,1.0,1.0,1.0,1.0,1.0,1.0,1.0,2.0,2.0,2.0,2.0,,5.0,,,4.0,,10.0,,1.0,,
pid_109,1.0,,,2.0,,,2.0,5.0,1.0,1200.0,,,,85.0,2.0,,2.0,4.0,4.0,4.0,2.0,4.0,2.0,4.0,4.0,5.0,,5.0,,,,,4.0,6.0,3.0,5.0,,1.0,7.0,2.0,6.0,3.0,2.0,5.0,6.0,5.0,10.0,54.0,63.0,22.0,20.0,41.0,16.0,48.0,37.0,86.0,2.0,5.0,,,,,,,,,,,,1.0,1.0,1.0,1.0,1.0,1.0,2.0,1.0,2.0,2.0,1.0,2.0,2.0,2.0,2.0,1.0,1.0,1.0,2.0,2.0,1.0,1.0,1.0,2.0,2.0,2.0,2.0,1.0,2.0,1.0,2.0,2.0,2.0,2.0,2.0,1.0,2.0,2.0,1.0,2.0,2.0,2.0,1.0,2.0,1.0,1.0,,5.0,,,5.0,,,10.0,3.0,,
pid_110,,2.0,1.0,,,,1.0,54.0,2.0,380.0,,,33.0,,,5.0,4.0,4.0,4.0,4.0,3.0,4.0,4.0,4.0,4.0,4.0,,3.0,,,,,3.0,4.0,4.0,,4.0,1.0,6.0,2.0,3.0,5.0,4.0,4.0,3.0,2.0,56.0,30.0,29.0,28.0,44.0,52.0,27.0,51.0,39.0,31.0,2.0,,5.0,1.0,2.0,1.0,1.0,1.0,2.0,2.0,2.0,2.0,2.0,,,,,,,1.0,1.0,1.0,2.0,2.0,2.0,1.0,1.0,1.0,1.0,1.0,1.0,2.0,2.0,1.0,1.0,1.0,1.0,2.0,1.0,1.0,1.0,1.0,1.0,2.0,1.0,1.0,1.0,1.0,2.0,2.0,1.0,1.0,2.0,2.0,2.0,1.0,2.0,2.0,1.0,,4.0,,,5.0,,,10.0,,10.0,
pid_111,,2.0,2.0,,2.0,30.0,,,2.0,100.0,,,,70.0,,5.0,4.0,4.0,4.0,4.0,5.0,3.0,3.0,4.0,3.0,3.0,,3.0,,5.0,4.0,5.0,,,,5.0,,1.0,6.0,5.0,5.0,6.0,5.0,4.0,5.0,4.0,44.0,50.0,36.0,46.0,56.0,45.0,51.0,51.0,42.0,61.0,3.0,5.0,,2.0,2.0,1.0,2.0,2.0,1.0,1.0,2.0,2.0,1.0,,,,,,,1.0,1.0,2.0,2.0,1.0,1.0,2.0,1.0,1.0,1.0,1.0,1.0,1.0,1.0,2.0,2.0,1.0,2.0,2.0,1.0,1.0,1.0,1.0,1.0,2.0,1.0,1.0,1.0,2.0,1.0,1.0,1.0,2.0,2.0,2.0,1.0,1.0,1.0,1.0,1.0,,4.0,,,5.0,,,15.0,,2.0,
pid_112,1.0,,,2.0,,,2.0,0.0,1.0,1200.0,,,60.0,,,5.0,5.0,5.0,3.0,4.0,5.0,5.0,5.0,4.0,4.0,4.0,,3.0,,,,,1.0,1.0,1.0,,3.0,1.0,7.0,1.0,4.0,5.0,1.0,7.0,7.0,7.0,60.0,70.0,75.0,35.0,30.0,55.0,25.0,35.0,20.0,40.0,4.0,,6.0,,,,,,,,,,,1.0,1.0,2.0,1.0,1.0,2.0,2.0,2.0,2.0,2.0,2.0,1.0,1.0,1.0,1.0,2.0,2.0,1.0,1.0,2.0,2.0,2.0,1.0,2.0,2.0,2.0,2.0,2.0,2.0,2.0,1.0,2.0,1.0,1.0,1.0,1.0,1.0,2.0,2.0,1.0,2.0,1.0,2.0,2.0,2.0,2.0,,5.0,,,3.0,,,5.0,1.0,,
pid_113,1.0,,,2.0,2.0,43.0,,,1.0,1650.0,,,30.0,,,3.0,2.0,5.0,3.0,1.0,2.0,2.0,5.0,5.0,4.0,4.0,,,4.0,,,,6.0,4.0,4.0,4.0,,1.0,5.0,3.0,3.0,3.0,5.0,5.0,6.0,6.0,35.0,96.0,60.0,5.0,30.0,31.0,75.0,75.0,42.0,69.0,3.0,,6.0,,,,,,,,,,,1.0,1.0,1.0,1.0,1.0,1.0,2.0,1.0,1.0,2.0,2.0,2.0,1.0,2.0,2.0,2.0,2.0,2.0,1.0,2.0,1.0,2.0,2.0,2.0,2.0,1.0,2.0,2.0,2.0,1.0,1.0,2.0,2.0,2.0,2.0,2.0,2.0,2.0,2.0,2.0,2.0,2.0,1.0,2.0,2.0,2.0,,,5.0,,,6.0,,7.0,,,4.0
pid_114,,2.0,,2.0,,,1.0,30.0,,,1.0,315.0,50.0,,,2.0,4.0,5.0,2.0,2.0,4.0,5.0,5.0,5.0,5.0,5.0,1.0,,,,,,4.0,4.0,3.0,6.0,,1.0,7.0,4.0,4.0,2.0,2.0,5.0,5.0,6.0,40.0,60.0,30.0,30.0,30.0,30.0,35.0,40.0,35.0,60.0,4.0,,5.0,,,,,,,,,,,1.0,1.0,2.0,1.0,1.0,2.0,2.0,2.0,2.0,1.0,1.0,2.0,1.0,1.0,2.0,2.0,2.0,2.0,2.0,1.0,1.0,2.0,2.0,2.0,1.0,2.0,2.0,2.0,2.0,2.0,2.0,2.0,1.0,1.0,2.0,2.0,2.0,2.0,2.0,1.0,1.0,2.0,2.0,2.0,1.0,1.0,4.0,,,5.0,,,,20.0,,10.0,
pid_115,,2.0,,1.0,,,2.0,45.0,,,1.0,350.0,,80.0,,5.0,4.0,4.0,2.0,4.0,2.0,4.0,2.0,5.0,4.0,4.0,,4.0,,5.0,1.0,2.0,,,,,5.0,2.0,5.0,1.0,2.0,2.0,2.0,5.0,6.0,5.0,40.0,49.0,53.0,58.0,25.0,44.0,20.0,53.0,36.0,62.0,1.0,5.0,,1.0,1.0,1.0,1.0,1.0,1.0,1.0,1.0,1.0,1.0,,,,,,,2.0,1.0,2.0,1.0,1.0,2.0,1.0,2.0,1.0,2.0,2.0,2.0,2.0,1.0,2.0,1.0,1.0,2.0,2.0,2.0,2.0,2.0,1.0,2.0,1.0,2.0,1.0,1.0,2.0,2.0,2.0,2.0,2.0,2.0,2.0,2.0,1.0,2.0,2.0,2.0,,5.0,,,6.0,,,10.0,2.0,,
pid_116,1.0,,,2.0,1.0,30.0,,,,,1.0,75.0,,80.0,,5.0,3.0,3.0,5.0,5.0,5.0,4.0,5.0,5.0,4.0,5.0,,,3.0,,,,6.0,1.0,1.0,5.0,,2.0,6.0,6.0,2.0,2.0,2.0,3.0,6.0,6.0,82.0,52.0,100.0,100.0,73.0,90.0,97.0,84.0,72.0,78.0,3.0,1.0,,,,,,,,,,,,1.0,1.0,1.0,1.0,1.0,1.0,1.0,2.0,1.0,2.0,1.0,2.0,1.0,1.0,1.0,2.0,2.0,2.0,2.0,2.0,2.0,1.0,1.0,2.0,1.0,1.0,2.0,2.0,1.0,1.0,2.0,2.0,2.0,1.0,1.0,1.0,1.0,2.0,1.0,2.0,2.0,1.0,2.0,2.0,1.0,1.0,,,5.0,,,4.0,16.0,,,2.0,
pid_117,2.0,,1.0,,,,2.0,5.0,,,1.0,90.0,80.0,,,4.0,5.0,5.0,3.0,3.0,5.0,4.0,5.0,4.0,4.0,4.0,,,5.0,4.0,4.0,2.0,,,,2.0,,1.0,6.0,6.0,6.0,6.0,1.0,2.0,3.0,3.0,77.0,74.0,44.0,77.0,73.0,80.0,71.0,72.0,67.0,63.0,3.0,,3.0,1.0,2.0,1.0,1.0,1.0,2.0,2.0,2.0,2.0,2.0,,,,,,,2.0,2.0,2.0,2.0,2.0,2.0,2.0,1.0,2.0,2.0,2.0,2.0,2.0,2.0,1.0,1.0,2.0,2.0,2.0,1.0,2.0,1.0,2.0,2.0,2.0,2.0,2.0,2.0,2.0,2.0,1.0,1.0,2.0,1.0,2.0,2.0,2.0,2.0,2.0,1.0,,,2.0,,,5.0,,15.0,,,2.0
pid_118,,2.0,1.0,,2.0,60.0,,,,,1.0,135.0,,66.0,,3.0,4.0,4.0,3.0,4.0,4.0,4.0,2.0,4.0,4.0,3.0,,1.0,,,,,2.0,4.0,3.0,3.0,,1.0,6.0,2.0,6.0,5.0,5.0,5.0,6.0,6.0,18.0,50.0,25.0,55.0,23.0,34.0,35.0,73.0,29.0,33.0,3.0,3.0,,,,,,,,,,,,1.0,1.0,2.0,1.0,1.0,2.0,2.0,2.0,2.0,1.0,2.0,1.0,1.0,1.0,2.0,1.0,2.0,1.0,2.0,2.0,2.0,1.0,2.0,2.0,2.0,2.0,1.0,1.0,2.0,1.0,1.0,2.0,2.0,1.0,1.0,2.0,2.0,1.0,2.0,2.0,1.0,1.0,2.0,1.0,1.0,2.0,,4.0,,,5.0,,,20.0,2.0,,
pid_119,,2.0,1.0,,,,1.0,54.0,,,1.0,380.0,85.0,,1.0,,4.0,3.0,5.0,3.0,4.0,5.0,3.0,3.0,4.0,4.0,,1.0,,1.0,5.0,2.0,,,,4.0,,1.0,6.0,2.0,5.0,5.0,2.0,5.0,7.0,7.0,60.0,40.0,70.0,70.0,41.0,60.0,50.0,70.0,40.0,35.0,2.0,,6.0,,,,,,,,,,,1.0,1.0,1.0,1.0,1.0,1.0,2.0,1.0,1.0,1.0,1.0,2.0,1.0,2.0,1.0,2.0,1.0,1.0,2.0,1.0,1.0,2.0,2.0,1.0,2.0,2.0,2.0,2.0,1.0,1.0,1.0,2.0,1.0,2.0,1.0,1.0,2.0,1.0,2.0,1.0,2.0,1.0,2.0,2.0,1.0,1.0,,1.0,,,5.0,,15.0,,,,4.0
pid_120,1.0,,,1.0,2.0,55.0,,,2.0,250.0,,,,93.0,3.0,,1.0,3.0,5.0,2.0,1.0,1.0,1.0,3.0,1.0,1.0,1.0,,,5.0,3.0,3.0,,,,,4.0,1.0,5.0,4.0,5.0,6.0,3.0,5.0,4.0,3.0,12.0,38.0,86.0,53.0,8.0,6.0,3.0,28.0,93.0,14.0,1.0,,5.0,1.0,1.0,1.0,1.0,1.0,1.0,1.0,1.0,1.0,1.0,,,,,,,2.0,1.0,1.0,2.0,2.0,1.0,1.0,2.0,2.0,1.0,2.0,2.0,2.0,1.0,2.0,1.0,1.0,2.0,2.0,2.0,1.0,1.0,2.0,2.0,2.0,2.0,2.0,2.0,2.0,2.0,1.0,2.0,1.0,2.0,2.0,1.0,1.0,1.0,2.0,1.0,1.0,,,1.0,,,15.0,,,,1.0
pid_121,2.0,,1.0,,,,2.0,10.0,1.0,1200.0,,,70.0,,3.0,,1.0,2.0,5.0,3.0,2.0,1.0,1.0,3.0,1.0,5.0,,,5.0,,,,5.0,5.0,5.0,3.0,,1.0,7.0,4.0,5.0,3.0,5.0,4.0,5.0,6.0,18.0,5.0,100.0,4.0,12.0,12.0,12.0,12.0,1.0,76.0,2.0,,6.0,,,,,,,,,,,1.0,1.0,1.0,1.0,1.0,1.0,2.0,1.0,1.0,2.0,1.0,1.0,2.0,1.0,1.0,1.0,2.0,1.0,1.0,1.0,1.0,2.0,2.0,2.0,1.0,1.0,1.0,2.0,1.0,1.0,1.0,1.0,2.0,1.0,1.0,1.0,2.0,2.0,2.0,1.0,2.0,2.0,2.0,2.0,1.0,1.0,,,4.0,,,4.0,,0.0,,,3.0
pid_122,,2.0,1.0,,,,1.0,50.0,,,1.0,300.0,,70.0,,5.0,5.0,5.0,5.0,3.0,1.0,5.0,5.0,5.0,1.0,3.0,,3.0,,2.0,2.0,2.0,,,,,6.0,1.0,7.0,1.0,2.0,2.0,1.0,4.0,6.0,6.0,95.0,50.0,50.0,50.0,50.0,50.0,50.0,50.0,50.0,50.0,1.0,2.0,,,,,,,,,,,,1.0,1.0,1.0,2.0,1.0,2.0,1.0,2.0,2.0,2.0,2.0,2.0,2.0,2.0,2.0,1.0,2.0,2.0,2.0,1.0,2.0,2.0,2.0,2.0,2.0,2.0,1.0,2.0,2.0,2.0,2.0,2.0,2.0,2.0,2.0,1.0,2.0,1.0,2.0,2.0,2.0,2.0,2.0,1.0,2.0,2.0,,5.0,,,5.0,,,20.0,1.0,,
pid_123,1.0,,2.0,,,,1.0,15.0,1.0,1200.0,,,,50.0,,4.0,1.0,5.0,4.0,5.0,2.0,4.0,5.0,4.0,3.0,4.0,1.0,,,,,,4.0,3.0,1.0,,6.0,2.0,7.0,1.0,1.0,3.0,5.0,5.0,6.0,6.0,25.0,97.0,58.0,88.0,36.0,88.0,93.0,96.0,39.0,98.0,4.0,,7.0,1.0,2.0,1.0,1.0,1.0,1.0,1.0,1.0,1.0,1.0,,,,,,,2.0,2.0,1.0,2.0,2.0,1.0,1.0,2.0,2.0,2.0,1.0,2.0,2.0,2.0,2.0,2.0,2.0,1.0,2.0,2.0,2.0,2.0,2.0,1.0,2.0,2.0,1.0,2.0,2.0,2.0,2.0,2.0,2.0,2.0,2.0,2.0,2.0,2.0,2.0,2.0,4.0,,,5.0,,,,10.0,,9.0,
pid_124,2.0,,,2.0,2.0,50.0,,,2.0,100.0,,,,79.0,,5.0,4.0,4.0,3.0,2.0,4.0,4.0,3.0,4.0,2.0,4.0,3.0,,,,,,4.0,4.0,4.0,,4.0,1.0,4.0,4.0,4.0,4.0,5.0,5.0,6.0,5.0,30.0,8.0,36.0,5.0,31.0,31.0,24.0,26.0,46.0,32.0,3.0,,6.0,,,,,,,,,,,2.0,1.0,2.0,1.0,1.0,1.0,1.0,1.0,1.0,1.0,1.0,1.0,2.0,2.0,2.0,2.0,2.0,2.0,2.0,2.0,2.0,1.0,1.0,2.0,2.0,2.0,2.0,2.0,1.0,2.0,2.0,1.0,2.0,1.0,2.0,1.0,1.0,1.0,1.0,1.0,2.0,2.0,2.0,2.0,2.0,2.0,4.0,,,4.0,,,20.0,,,,2.0
pid_125,,2.0,2.0,,,,1.0,40.0,,,1.0,150.0,,70.0,3.0,,3.0,4.0,5.0,3.0,4.0,4.0,4.0,3.0,1.0,4.0,,5.0,,4.0,3.0,4.0,,,,,6.0,2.0,6.0,4.0,7.0,7.0,5.0,5.0,5.0,4.0,65.0,70.0,50.0,55.0,75.0,70.0,80.0,55.0,30.0,80.0,4.0,,7.0,,,,,,,,,,,1.0,1.0,1.0,1.0,1.0,1.0,1.0,1.0,1.0,1.0,2.0,2.0,1.0,1.0,2.0,2.0,1.0,2.0,1.0,1.0,1.0,2.0,1.0,1.0,2.0,1.0,1.0,1.0,1.0,1.0,2.0,1.0,1.0,2.0,1.0,1.0,1.0,1.0,1.0,1.0,2.0,2.0,2.0,1.0,1.0,1.0,,5.0,,,4.0,,17.0,,,10.0,
pid_126,,2.0,,1.0,2.0,54.0,,,,,1.0,350.0,30.0,,,3.0,4.0,5.0,3.0,3.0,3.0,3.0,5.0,5.0,4.0,5.0,,,4.0,,,,3.0,3.0,4.0,,2.0,1.0,6.0,1.0,3.0,3.0,2.0,6.0,7.0,7.0,29.0,72.0,46.0,31.0,28.0,18.0,64.0,78.0,48.0,64.0,1.0,,5.0,,,,,,,,,,,1.0,1.0,1.0,1.0,1.0,1.0,2.0,2.0,2.0,2.0,2.0,2.0,2.0,2.0,2.0,2.0,2.0,2.0,1.0,2.0,2.0,2.0,2.0,2.0,2.0,1.0,1.0,1.0,1.0,2.0,1.0,2.0,2.0,1.0,1.0,2.0,2.0,2.0,2.0,2.0,2.0,2.0,2.0,2.0,2.0,2.0,,,5.0,,,6.0,,15.0,,10.0,
pid_127,1.0,,1.0,,,,1.0,35.0,2.0,450.0,,,,80.0,,6.0,5.0,5.0,3.0,4.0,3.0,5.0,5.0,4.0,4.0,2.0,,5.0,,,,,2.0,4.0,5.0,6.0,,2.0,7.0,1.0,5.0,5.0,2.0,7.0,6.0,6.0,50.0,80.0,70.0,60.0,35.0,45.0,40.0,65.0,50.0,50.0,2.0,5.0,,1.0,1.0,1.0,1.0,1.0,1.0,1.0,1.0,1.0,1.0,,,,,,,1.0,1.0,2.0,1.0,2.0,2.0,2.0,2.0,2.0,2.0,1.0,1.0,2.0,1.0,2.0,1.0,2.0,2.0,2.0,2.0,2.0,1.0,2.0,1.0,2.0,1.0,2.0,1.0,2.0,2.0,2.0,1.0,1.0,2.0,2.0,1.0,2.0,2.0,2.0,2.0,,5.0,,,6.0,,20.0,,,,4.0
pid_128,1.0,,2.0,,2.0,15.0,,,1.0,300.0,,,,30.0,,5.0,3.0,4.0,5.0,4.0,3.0,4.0,1.0,3.0,1.0,2.0,2.0,,,,,,5.0,2.0,3.0,,5.0,2.0,6.0,4.0,1.0,4.0,2.0,4.0,6.0,6.0,60.0,70.0,80.0,48.0,26.0,55.0,30.0,25.0,10.0,41.0,2.0,3.0,,1.0,2.0,1.0,1.0,2.0,2.0,2.0,1.0,1.0,1.0,,,,,,,2.0,2.0,2.0,2.0,2.0,2.0,2.0,1.0,2.0,1.0,2.0,2.0,2.0,2.0,2.0,1.0,1.0,2.0,1.0,1.0,1.0,1.0,1.0,2.0,2.0,1.0,2.0,2.0,2.0,1.0,2.0,2.0,1.0,2.0,2.0,2.0,1.0,1.0,1.0,1.0,5.0,,,3.0,,,20.0,,,3.0,
pid_129,1.0,,2.0,,,,1.0,50.0,2.0,300.0,,,30.0,,,4.0,4.0,5.0,1.0,3.0,5.0,5.0,5.0,4.0,5.0,5.0,,1.0,,3.0,3.0,3.0,,,,,5.0,1.0,6.0,4.0,5.0,3.0,3.0,3.0,6.0,6.0,27.0,52.0,48.0,54.0,8.0,31.0,38.0,66.0,41.0,43.0,3.0,,6.0,,,,,,,,,,,1.0,1.0,1.0,1.0,1.0,1.0,2.0,2.0,2.0,2.0,2.0,2.0,2.0,1.0,2.0,2.0,2.0,2.0,2.0,2.0,2.0,2.0,2.0,2.0,1.0,2.0,2.0,2.0,2.0,2.0,2.0,2.0,1.0,2.0,2.0,2.0,2.0,2.0,2.0,1.0,2.0,2.0,2.0,2.0,1.0,2.0,,5.0,,,5.0,,,5.0,2.0,,
pid_130,,1.0,1.0,,2.0,25.0,,,,,1.0,112.0,,70.0,,3.0,4.0,2.0,4.0,4.0,5.0,4.0,5.0,4.0,5.0,3.0,,,4.0,2.0,2.0,1.0,,,,,2.0,1.0,6.0,1.0,2.0,3.0,2.0,5.0,6.0,6.0,60.0,85.0,86.0,65.0,70.0,90.0,80.0,70.0,75.0,50.0,2.0,,5.0,1.0,1.0,1.0,1.0,1.0,1.0,1.0,1.0,1.0,1.0,,,,,,,2.0,2.0,2.0,2.0,2.0,2.0,2.0,2.0,1.0,2.0,2.0,1.0,2.0,1.0,2.0,2.0,1.0,2.0,2.0,2.0,2.0,2.0,2.0,2.0,2.0,2.0,2.0,2.0,2.0,2.0,1.0,1.0,2.0,2.0,2.0,2.0,2.0,2.0,2.0,2.0,,,4.0,,,4.0,,0.0,,10.0,
pid_132,,2.0,1.0,,,,1.0,47.0,,,1.0,150.0,,81.0,4.0,,1.0,1.0,5.0,3.0,1.0,1.0,1.0,3.0,1.0,3.0,,,1.0,4.0,5.0,3.0,,,,,4.0,2.0,6.0,1.0,4.0,5.0,2.0,5.0,4.0,5.0,25.0,25.0,75.0,50.0,25.0,25.0,25.0,25.0,25.0,50.0,1.0,,6.0,1.0,1.0,1.0,1.0,1.0,1.0,1.0,1.0,1.0,1.0,,,,,,,2.0,1.0,2.0,2.0,2.0,2.0,2.0,2.0,2.0,2.0,2.0,2.0,2.0,2.0,2.0,2.0,2.0,2.0,2.0,2.0,2.0,2.0,2.0,2.0,2.0,2.0,2.0,2.0,2.0,2.0,1.0,2.0,2.0,2.0,2.0,2.0,2.0,2.0,2.0,2.0,,,5.0,,,5.0,,20.0,,,1.0
pid_133,,2.0,1.0,,,,1.0,45.0,2.0,500.0,,,,100.0,6.0,,1.0,5.0,5.0,5.0,3.0,1.0,1.0,5.0,3.0,3.0,1.0,,,,,,5.0,2.0,2.0,1.0,,2.0,7.0,2.0,6.0,5.0,2.0,7.0,6.0,7.0,10.0,88.0,84.0,84.0,30.0,75.0,25.0,90.0,26.0,42.0,1.0,6.0,,,,,,,,,,,,1.0,1.0,1.0,2.0,1.0,2.0,2.0,2.0,2.0,2.0,2.0,2.0,2.0,2.0,2.0,2.0,1.0,2.0,2.0,2.0,1.0,2.0,2.0,1.0,2.0,2.0,2.0,1.0,2.0,2.0,2.0,2.0,2.0,2.0,2.0,2.0,2.0,2.0,1.0,2.0,2.0,2.0,2.0,2.0,1.0,2.0,1.0,,,6.0,,,20.0,,,,2.0
pid_134,,2.0,,2.0,,,1.0,50.0,,,1.0,350.0,,60.0,,4.0,5.0,5.0,3.0,1.0,3.0,5.0,5.0,5.0,5.0,5.0,,1.0,,,,,3.0,3.0,2.0,,5.0,2.0,6.0,2.0,2.0,5.0,2.0,5.0,5.0,5.0,55.0,90.0,70.0,5.0,10.0,30.0,70.0,70.0,20.0,85.0,2.0,,6.0,,,,,,,,,,,1.0,1.0,2.0,1.0,1.0,2.0,1.0,2.0,1.0,1.0,2.0,2.0,1.0,1.0,1.0,1.0,1.0,2.0,1.0,2.0,1.0,1.0,1.0,1.0,1.0,1.0,2.0,1.0,1.0,2.0,1.0,1.0,1.0,2.0,2.0,2.0,1.0,1.0,2.0,1.0,2.0,2.0,2.0,2.0,1.0,2.0,,5.0,,,6.0,,,15.0,,,2.0
pid_135,1.0,,,2.0,2.0,40.0,,,,,1.0,150.0,30.0,,,6.0,5.0,5.0,1.0,5.0,5.0,4.0,5.0,5.0,5.0,5.0,2.0,,,,,,3.0,4.0,3.0,,4.0,1.0,7.0,5.0,6.0,4.0,2.0,5.0,6.0,6.0,23.0,71.0,39.0,49.0,29.0,27.0,53.0,55.0,57.0,62.0,3.0,7.0,,,,,,,,,,,,1.0,1.0,1.0,1.0,1.0,1.0,1.0,2.0,1.0,2.0,1.0,1.0,1.0,2.0,2.0,2.0,2.0,2.0,2.0,2.0,2.0,2.0,1.0,2.0,2.0,2.0,2.0,1.0,2.0,2.0,1.0,2.0,2.0,2.0,1.0,2.0,2.0,1.0,2.0,2.0,2.0,1.0,2.0,2.0,2.0,2.0,5.0,,,6.0,,,,10.0,,,3.0
pid_136,1.0,,1.0,,,,1.0,16.0,1.0,1100.0,,,,50.0,,4.0,1.0,5.0,5.0,3.0,4.0,3.0,5.0,5.0,2.0,3.0,,,4.0,5.0,5.0,2.0,,,,,6.0,1.0,7.0,2.0,4.0,5.0,2.0,7.0,7.0,7.0,29.0,65.0,75.0,44.0,36.0,42.0,33.0,45.0,31.0,74.0,2.0,6.0,,1.0,1.0,1.0,1.0,1.0,1.0,1.0,1.0,1.0,1.0,,,,,,,2.0,2.0,1.0,2.0,2.0,2.0,1.0,2.0,1.0,1.0,2.0,2.0,2.0,1.0,2.0,1.0,2.0,2.0,2.0,1.0,2.0,2.0,2.0,2.0,2.0,2.0,2.0,1.0,2.0,2.0,1.0,2.0,2.0,1.0,2.0,2.0,1.0,2.0,1.0,1.0,,,4.0,,,4.0,10.0,,,9.0,
pid_137,1.0,,,2.0,,,1.0,50.0,2.0,450.0,,,,70.0,,3.0,5.0,5.0,2.0,1.0,5.0,5.0,5.0,4.0,5.0,5.0,1.0,,,,,,5.0,6.0,3.0,6.0,,1.0,7.0,5.0,3.0,3.0,2.0,5.0,7.0,7.0,60.0,70.0,45.0,5.0,20.0,60.0,65.0,70.0,60.0,70.0,3.0,,6.0,1.0,1.0,1.0,1.0,1.0,1.0,1.0,1.0,1.0,1.0,,,,,,,1.0,1.0,1.0,2.0,1.0,1.0,2.0,2.0,1.0,2.0,1.0,2.0,2.0,2.0,2.0,2.0,1.0,2.0,1.0,1.0,2.0,1.0,2.0,1.0,1.0,1.0,1.0,2.0,2.0,1.0,2.0,1.0,1.0,2.0,1.0,1.0,1.0,1.0,2.0,1.0,5.0,,,5.0,,,20.0,,2.0,,
pid_138,,2.0,,2.0,2.0,50.0,,,1.0,2000.0,,,100.0,,,4.0,2.0,5.0,2.0,5.0,4.0,5.0,5.0,5.0,5.0,5.0,,,4.0,3.0,3.0,2.0,,,,5.0,,1.0,6.0,1.0,4.0,2.0,5.0,6.0,5.0,5.0,37.0,70.0,48.0,68.0,33.0,58.0,72.0,69.0,30.0,68.0,3.0,6.0,,1.0,1.0,1.0,2.0,1.0,1.0,1.0,2.0,2.0,1.0,,,,,,,2.0,2.0,2.0,2.0,2.0,2.0,2.0,2.0,2.0,2.0,2.0,1.0,1.0,2.0,2.0,2.0,2.0,2.0,2.0,2.0,2.0,2.0,2.0,2.0,1.0,2.0,1.0,2.0,2.0,2.0,2.0,2.0,1.0,2.0,2.0,2.0,2.0,2.0,1.0,2.0,,,5.0,,,5.0,18.0,,2.0,,
pid_139,,1.0,1.0,,,,2.0,1.0,2.0,300.0,,,72.0,,1.0,,2.0,5.0,3.0,4.0,3.0,3.0,4.0,4.0,2.0,4.0,1.0,,,,,,1.0,1.0,3.0,,5.0,1.0,4.0,2.0,2.0,2.0,4.0,3.0,3.0,3.0,54.0,85.0,83.0,79.0,75.0,78.0,75.0,72.0,72.0,76.0,3.0,,4.0,1.0,2.0,1.0,1.0,1.0,1.0,1.0,1.0,2.0,2.0,,,,,,,1.0,1.0,1.0,1.0,1.0,2.0,1.0,1.0,1.0,1.0,1.0,1.0,1.0,1.0,1.0,1.0,1.0,1.0,1.0,1.0,1.0,1.0,1.0,1.0,1.0,1.0,2.0,1.0,1.0,1.0,1.0,1.0,1.0,2.0,2.0,1.0,2.0,2.0,1.0,1.0,5.0,,,4.0,,,,10.0,1.0,,
pid_140,1.0,,1.0,,,,1.0,52.0,,,1.0,300.0,80.0,,2.0,,5.0,2.0,5.0,4.0,4.0,5.0,4.0,5.0,2.0,4.0,,,4.0,,,,3.0,2.0,5.0,,6.0,2.0,6.0,5.0,7.0,4.0,2.0,5.0,4.0,7.0,81.0,11.0,93.0,75.0,67.0,86.0,58.0,74.0,26.0,65.0,4.0,,6.0,1.0,1.0,2.0,1.0,1.0,2.0,2.0,2.0,1.0,1.0,,,,,,,1.0,2.0,1.0,2.0,1.0,1.0,1.0,1.0,2.0,2.0,1.0,1.0,1.0,1.0,1.0,1.0,2.0,1.0,2.0,2.0,1.0,2.0,1.0,1.0,1.0,1.0,1.0,1.0,1.0,1.0,1.0,1.0,2.0,1.0,2.0,1.0,1.0,2.0,1.0,2.0,,,5.0,,,3.0,,5.0,3.0,,
pid_141,,2.0,1.0,,,,2.0,8.0,,,1.0,120.0,,70.0,,1.0,4.0,5.0,4.0,4.0,4.0,4.0,5.0,5.0,4.0,4.0,,2.0,,4.0,5.0,3.0,,,,4.0,,2.0,6.0,5.0,5.0,2.0,5.0,6.0,7.0,7.0,60.0,70.0,60.0,70.0,50.0,40.0,40.0,60.0,60.0,70.0,3.0,6.0,,,,,,,,,,,,1.0,1.0,2.0,1.0,1.0,2.0,1.0,1.0,2.0,2.0,2.0,1.0,1.0,2.0,2.0,1.0,2.0,1.0,2.0,1.0,1.0,2.0,2.0,2.0,2.0,1.0,1.0,2.0,1.0,1.0,2.0,2.0,2.0,2.0,1.0,1.0,2.0,1.0,2.0,2.0,1.0,1.0,1.0,1.0,2.0,1.0,,5.0,,,5.0,,,18.0,,10.0,
pid_142,1.0,,1.0,,1.0,85.0,,,,,1.0,115.0,,70.0,3.0,,2.0,4.0,1.0,5.0,4.0,2.0,5.0,4.0,5.0,4.0,,4.0,,3.0,3.0,2.0,,,,4.0,,2.0,7.0,3.0,4.0,3.0,2.0,3.0,4.0,3.0,20.0,71.0,25.0,92.0,75.0,10.0,85.0,85.0,65.0,30.0,2.0,5.0,,,,,,,,,,,,1.0,1.0,2.0,1.0,2.0,1.0,1.0,2.0,1.0,1.0,2.0,1.0,1.0,2.0,1.0,1.0,1.0,2.0,1.0,1.0,2.0,1.0,1.0,2.0,2.0,1.0,1.0,1.0,1.0,1.0,2.0,1.0,2.0,1.0,1.0,1.0,1.0,2.0,2.0,1.0,2.0,1.0,1.0,2.0,1.0,1.0,,2.0,,,6.0,,5.0,,,,2.0
pid_143,1.0,,,1.0,,,2.0,10.0,,,1.0,40.0,,30.0,,3.0,4.0,5.0,2.0,3.0,4.0,4.0,5.0,5.0,5.0,3.0,3.0,,,,,,3.0,4.0,4.0,,4.0,2.0,6.0,1.0,2.0,2.0,1.0,6.0,6.0,6.0,62.0,97.0,59.0,87.0,71.0,96.0,53.0,81.0,40.0,64.0,3.0,,5.0,1.0,2.0,1.0,1.0,1.0,1.0,2.0,2.0,2.0,2.0,,,,,,,2.0,1.0,1.0,2.0,1.0,2.0,1.0,2.0,2.0,1.0,2.0,2.0,1.0,2.0,2.0,1.0,2.0,2.0,1.0,2.0,2.0,2.0,1.0,1.0,2.0,1.0,2.0,2.0,2.0,2.0,1.0,2.0,2.0,2.0,1.0,1.0,2.0,2.0,2.0,2.0,5.0,,,5.0,,,,6.0,,6.0,
pid_144,,2.0,,1.0,2.0,30.0,,,,,1.0,300.0,28.0,,,4.0,4.0,1.0,5.0,4.0,2.0,4.0,2.0,2.0,1.0,2.0,,,1.0,4.0,4.0,3.0,,,,4.0,,2.0,5.0,1.0,1.0,2.0,1.0,3.0,3.0,5.0,43.0,60.0,96.0,38.0,4.0,45.0,11.0,12.0,3.0,31.0,1.0,,6.0,1.0,1.0,2.0,1.0,1.0,2.0,1.0,1.0,1.0,2.0,,,,,,,2.0,1.0,2.0,2.0,2.0,2.0,2.0,1.0,2.0,2.0,1.0,1.0,1.0,1.0,1.0,2.0,2.0,1.0,1.0,2.0,1.0,2.0,2.0,2.0,1.0,2.0,2.0,2.0,2.0,2.0,1.0,2.0,2.0,2.0,2.0,2.0,2.0,1.0,2.0,2.0,,,5.0,,,5.0,10.0,,,9.0,
pid_145,,2.0,1.0,,,,1.0,30.0,2.0,500.0,,,50.0,,3.0,,4.0,5.0,1.0,3.0,4.0,4.0,4.0,3.0,5.0,5.0,2.0,,,3.0,3.0,3.0,,,,,6.0,2.0,7.0,1.0,2.0,1.0,1.0,7.0,7.0,7.0,50.0,50.0,75.0,45.0,25.0,40.0,50.0,50.0,45.0,50.0,3.0,,6.0,,,,,,,,,,,1.0,1.0,1.0,1.0,2.0,2.0,2.0,2.0,1.0,2.0,2.0,2.0,2.0,2.0,1.0,2.0,2.0,2.0,1.0,1.0,1.0,2.0,1.0,2.0,2.0,1.0,2.0,2.0,2.0,2.0,2.0,2.0,2.0,2.0,2.0,2.0,1.0,2.0,2.0,1.0,2.0,2.0,2.0,2.0,2.0,2.0,4.0,,,4.0,,,15.0,,2.0,,
pid_146,,2.0,1.0,,,,1.0,40.0,1.0,1200.0,,,,70.0,3.0,,4.0,4.0,4.0,3.0,4.0,4.0,4.0,4.0,3.0,2.0,,,3.0,3.0,3.0,2.0,,,,4.0,,1.0,6.0,2.0,2.0,2.0,4.0,6.0,6.0,6.0,25.0,55.0,26.0,40.0,7.0,16.0,26.0,25.0,37.0,32.0,2.0,4.0,,,,,,,,,,,,1.0,1.0,1.0,2.0,2.0,2.0,2.0,2.0,2.0,2.0,2.0,1.0,1.0,2.0,2.0,2.0,2.0,1.0,2.0,2.0,2.0,1.0,2.0,2.0,2.0,2.0,2.0,2.0,2.0,1.0,2.0,2.0,2.0,2.0,1.0,2.0,2.0,2.0,1.0,2.0,2.0,2.0,1.0,2.0,1.0,1.0,,,4.0,,,6.0,,20.0,4.0,,
pid_147,,2.0,1.0,,2.0,54.0,,,2.0,379.0,,,,70.0,,5.0,5.0,3.0,4.0,4.0,4.0,5.0,4.0,4.0,2.0,4.0,,1.0,,5.0,1.0,2.0,,,,5.0,,2.0,6.0,5.0,4.0,4.0,5.0,4.0,6.0,6.0,70.0,50.0,60.0,50.0,80.0,70.0,90.0,49.0,30.0,90.0,3.0,,1.0,,,,,,,,,,,1.0,1.0,2.0,1.0,1.0,2.0,2.0,1.0,2.0,2.0,1.0,2.0,2.0,1.0,2.0,2.0,2.0,2.0,2.0,2.0,2.0,2.0,1.0,2.0,1.0,1.0,1.0,2.0,2.0,2.0,2.0,2.0,2.0,2.0,1.0,1.0,1.0,1.0,2.0,2.0,2.0,2.0,1.0,1.0,2.0,2.0,,5.0,,,5.0,,,15.0,3.0,,
pid_148,1.0,,2.0,,,,1.0,30.0,1.0,1200.0,,,,90.0,,2.0,1.0,1.0,5.0,4.0,2.0,1.0,2.0,4.0,3.0,3.0,1.0,,,3.0,5.0,1.0,,,,3.0,,1.0,6.0,2.0,6.0,4.0,2.0,6.0,6.0,6.0,40.0,30.0,52.0,40.0,50.0,30.0,50.0,30.0,30.0,50.0,1.0,,7.0,,,,,,,,,,,1.0,1.0,1.0,1.0,1.0,1.0,2.0,2.0,2.0,1.0,1.0,1.0,2.0,2.0,1.0,2.0,1.0,2.0,2.0,1.0,1.0,1.0,1.0,2.0,1.0,2.0,1.0,2.0,2.0,2.0,2.0,2.0,2.0,2.0,2.0,2.0,2.0,2.0,2.0,1.0,2.0,2.0,1.0,2.0,2.0,1.0,2.0,,,2.0,,,15.0,,,9.0,
pid_149,,2.0,1.0,,,,1.0,38.0,2.0,750.0,,,,70.0,,3.0,3.0,5.0,3.0,2.0,3.0,4.0,4.0,4.0,3.0,5.0,1.0,,,2.0,3.0,2.0,,,,4.0,,1.0,5.0,4.0,4.0,5.0,4.0,5.0,5.0,6.0,35.0,100.0,55.0,25.0,10.0,45.0,30.0,75.0,45.0,95.0,3.0,6.0,,,,,,,,,,,,1.0,1.0,1.0,1.0,2.0,2.0,2.0,2.0,2.0,2.0,1.0,2.0,2.0,2.0,2.0,1.0,2.0,2.0,2.0,2.0,1.0,1.0,2.0,1.0,2.0,2.0,1.0,2.0,1.0,2.0,2.0,2.0,2.0,2.0,1.0,2.0,2.0,2.0,2.0,1.0,1.0,2.0,1.0,2.0,1.0,2.0,4.0,,,2.0,,,20.0,,1.0,,
pid_150,2.0,,1.0,,2.0,15.0,,,2.0,600.0,,,84.0,,3.0,,4.0,3.0,1.0,3.0,3.0,3.0,5.0,4.0,5.0,5.0,,2.0,,3.0,3.0,2.0,,,,,4.0,2.0,6.0,2.0,4.0,4.0,2.0,5.0,4.0,6.0,38.0,52.0,41.0,61.0,36.0,23.0,56.0,62.0,54.0,70.0,3.0,,6.0,1.0,2.0,1.0,1.0,2.0,1.0,1.0,1.0,1.0,1.0,,,,,,,1.0,2.0,1.0,1.0,2.0,2.0,2.0,2.0,2.0,1.0,2.0,1.0,1.0,2.0,2.0,2.0,2.0,2.0,2.0,2.0,2.0,2.0,2.0,1.0,1.0,2.0,1.0,1.0,2.0,2.0,2.0,2.0,2.0,2.0,2.0,2.0,1.0,2.0,2.0,2.0,,3.0,,,3.0,,,10.0,,,3.0
pid_151,1.0,,,1.0,,,1.0,14.0,,,1.0,100.0,64.0,,3.0,,3.0,3.0,1.0,3.0,3.0,3.0,3.0,3.0,5.0,3.0,1.0,,,4.0,3.0,2.0,,,,,3.0,2.0,4.0,1.0,4.0,4.0,4.0,5.0,5.0,5.0,36.0,42.0,26.0,17.0,33.0,45.0,68.0,54.0,47.0,61.0,3.0,5.0,,1.0,2.0,1.0,1.0,1.0,1.0,2.0,2.0,2.0,2.0,,,,,,,1.0,2.0,2.0,1.0,2.0,2.0,1.0,1.0,1.0,2.0,2.0,1.0,1.0,2.0,1.0,2.0,1.0,1.0,2.0,1.0,2.0,2.0,1.0,2.0,2.0,1.0,1.0,1.0,2.0,1.0,1.0,1.0,1.0,2.0,2.0,1.0,1.0,1.0,2.0,2.0,4.0,,,4.0,,,,20.0,,,4.0
pid_152,1.0,,2.0,,2.0,50.0,,,2.0,300.0,,,50.0,,1.0,,1.0,1.0,5.0,5.0,1.0,1.0,3.0,3.0,3.0,3.0,,2.0,,,,,4.0,4.0,4.0,,3.0,1.0,6.0,1.0,4.0,3.0,2.0,6.0,5.0,7.0,0.0,0.0,100.0,100.0,0.0,0.0,35.0,50.0,0.0,15.0,1.0,3.0,,,,,,,,,,,,1.0,1.0,1.0,1.0,2.0,2.0,2.0,1.0,2.0,1.0,2.0,2.0,2.0,1.0,2.0,2.0,2.0,2.0,2.0,2.0,2.0,2.0,1.0,2.0,1.0,2.0,2.0,1.0,2.0,2.0,2.0,2.0,2.0,2.0,2.0,2.0,2.0,2.0,1.0,1.0,1.0,2.0,2.0,1.0,2.0,2.0,,2.0,,,3.0,,,15.0,,,2.0
pid_153,1.0,,,2.0,,,1.0,20.0,2.0,30.0,,,35.0,,3.0,,5.0,5.0,4.0,3.0,4.0,5.0,5.0,4.0,5.0,4.0,,,2.0,3.0,4.0,3.0,,,,,5.0,1.0,6.0,3.0,3.0,2.0,5.0,6.0,6.0,6.0,68.0,86.0,66.0,42.0,44.0,83.0,64.0,72.0,77.0,82.0,3.0,,6.0,,,,,,,,,,,1.0,1.0,1.0,1.0,2.0,2.0,1.0,1.0,1.0,2.0,2.0,2.0,1.0,2.0,2.0,2.0,1.0,2.0,1.0,2.0,1.0,2.0,1.0,1.0,1.0,1.0,2.0,1.0,1.0,1.0,1.0,1.0,2.0,1.0,1.0,1.0,1.0,2.0,1.0,1.0,2.0,1.0,1.0,2.0,2.0,2.0,,,5.0,,,4.0,,2.0,,10.0,
pid_154,,2.0,1.0,,,,1.0,20.0,,,1.0,400.0,,70.0,,4.0,4.0,5.0,2.0,2.0,3.0,5.0,5.0,3.0,4.0,4.0,2.0,,,2.0,5.0,4.0,,,,,4.0,2.0,5.0,2.0,6.0,6.0,2.0,2.0,5.0,6.0,71.0,84.0,75.0,26.0,40.0,65.0,45.0,59.0,54.0,80.0,1.0,6.0,,,,,,,,,,,,1.0,1.0,2.0,1.0,2.0,1.0,1.0,1.0,2.0,1.0,2.0,2.0,1.0,2.0,1.0,2.0,1.0,2.0,1.0,1.0,2.0,2.0,1.0,1.0,2.0,2.0,2.0,1.0,2.0,2.0,2.0,2.0,1.0,2.0,2.0,1.0,1.0,2.0,1.0,1.0,2.0,2.0,2.0,2.0,2.0,2.0,4.0,,,3.0,,,,15.0,,,3.0
pid_155,,2.0,1.0,,2.0,50.0,,,,,1.0,115.0,90.0,,1.0,,4.0,5.0,4.0,4.0,2.0,2.0,4.0,4.0,2.0,4.0,1.0,,,,,,4.0,4.0,4.0,6.0,,1.0,7.0,1.0,6.0,6.0,2.0,7.0,5.0,5.0,30.0,50.0,59.0,50.0,25.0,20.0,25.0,50.0,25.0,65.0,3.0,6.0,,,,,,,,,,,,1.0,1.0,2.0,1.0,1.0,2.0,1.0,2.0,2.0,2.0,2.0,1.0,1.0,1.0,2.0,2.0,2.0,2.0,2.0,1.0,2.0,1.0,2.0,2.0,1.0,1.0,2.0,2.0,1.0,2.0,2.0,2.0,2.0,2.0,2.0,2.0,2.0,2.0,1.0,1.0,2.0,2.0,1.0,2.0,1.0,2.0,5.0,,,6.0,,,20.0,,,10.0,
pid_156,,2.0,,2.0,2.0,20.0,,,,,1.0,127.0,80.0,,,4.0,5.0,5.0,2.0,1.0,5.0,5.0,5.0,4.0,5.0,5.0,,3.0,,,,,3.0,4.0,4.0,,4.0,1.0,5.0,3.0,4.0,4.0,5.0,5.0,5.0,5.0,72.0,95.0,60.0,60.0,46.0,58.0,30.0,66.0,40.0,80.0,4.0,,6.0,,,,,,,,,,,1.0,1.0,2.0,1.0,1.0,2.0,1.0,1.0,2.0,2.0,2.0,2.0,2.0,2.0,2.0,2.0,1.0,1.0,1.0,2.0,2.0,2.0,1.0,2.0,2.0,1.0,1.0,1.0,1.0,2.0,1.0,2.0,2.0,2.0,1.0,2.0,1.0,1.0,1.0,2.0,1.0,1.0,1.0,1.0,2.0,1.0,,5.0,,,4.0,,15.0,,,5.0,
pid_157,,2.0,1.0,,2.0,15.0,,,1.0,1200.0,,,,70.0,,4.0,4.0,5.0,1.0,4.0,2.0,4.0,4.0,4.0,5.0,5.0,1.0,,,3.0,3.0,2.0,,,,2.0,,1.0,6.0,5.0,5.0,2.0,3.0,5.0,5.0,6.0,40.0,80.0,50.0,60.0,20.0,60.0,60.0,60.0,50.0,80.0,3.0,4.0,,1.0,2.0,1.0,1.0,2.0,1.0,1.0,2.0,1.0,1.0,,,,,,,2.0,2.0,1.0,2.0,2.0,1.0,2.0,1.0,2.0,1.0,2.0,1.0,2.0,2.0,2.0,2.0,2.0,1.0,1.0,2.0,1.0,2.0,1.0,1.0,2.0,2.0,2.0,2.0,2.0,2.0,2.0,1.0,2.0,2.0,1.0,1.0,1.0,2.0,2.0,2.0,1.0,,,5.0,,,20.0,,,,3.0
pid_158,2.0,,1.0,,,,1.0,26.0,,,1.0,200.0,,74.0,,3.0,3.0,5.0,3.0,5.0,3.0,4.0,5.0,4.0,4.0,5.0,1.0,,,3.0,4.0,1.0,,,,4.0,,2.0,6.0,1.0,3.0,2.0,5.0,6.0,7.0,7.0,67.0,100.0,25.0,100.0,64.0,94.0,91.0,97.0,97.0,82.0,4.0,,6.0,2.0,1.0,1.0,1.0,1.0,2.0,1.0,2.0,2.0,1.0,,,,,,,2.0,1.0,1.0,2.0,1.0,1.0,2.0,2.0,1.0,2.0,1.0,2.0,2.0,1.0,2.0,2.0,2.0,2.0,2.0,1.0,1.0,2.0,2.0,2.0,1.0,2.0,1.0,2.0,2.0,2.0,1.0,2.0,1.0,1.0,2.0,1.0,2.0,2.0,2.0,2.0,5.0,,,6.0,,,,10.0,,4.0,
pid_159,,2.0,,2.0,2.0,35.0,,,1.0,1300.0,,,30.0,,,4.0,1.0,5.0,1.0,5.0,1.0,1.0,4.0,4.0,3.0,3.0,1.0,,,4.0,5.0,2.0,,,,,6.0,2.0,6.0,4.0,4.0,4.0,5.0,5.0,6.0,7.0,20.0,100.0,100.0,70.0,20.0,20.0,75.0,80.0,20.0,30.0,1.0,,5.0,1.0,2.0,1.0,1.0,1.0,1.0,1.0,1.0,2.0,2.0,,,,,,,2.0,2.0,2.0,1.0,2.0,2.0,1.0,1.0,2.0,1.0,1.0,2.0,2.0,2.0,2.0,1.0,2.0,2.0,2.0,2.0,1.0,2.0,1.0,2.0,1.0,2.0,1.0,1.0,2.0,2.0,1.0,2.0,1.0,2.0,1.0,1.0,2.0,1.0,1.0,2.0,4.0,,,4.0,,,5.0,,2.0,,
pid_160,1.0,,2.0,,,,1.0,45.0,2.0,500.0,,,,90.0,,3.0,2.0,3.0,5.0,3.0,4.0,4.0,2.0,4.0,1.0,4.0,1.0,,,4.0,3.0,2.0,,,,2.0,,2.0,7.0,5.0,6.0,6.0,5.0,5.0,5.0,5.0,50.0,90.0,90.0,50.0,60.0,55.0,65.0,70.0,65.0,98.0,3.0,,6.0,1.0,1.0,1.0,1.0,1.0,2.0,2.0,2.0,1.0,1.0,,,,,,,2.0,2.0,2.0,1.0,2.0,2.0,1.0,1.0,1.0,2.0,2.0,2.0,1.0,1.0,2.0,1.0,2.0,2.0,2.0,2.0,2.0,1.0,2.0,2.0,2.0,1.0,1.0,1.0,1.0,2.0,2.0,2.0,2.0,2.0,1.0,1.0,1.0,2.0,2.0,1.0,5.0,,,5.0,,,,15.0,,,4.0
pid_161,1.0,,2.0,,2.0,50.0,,,2.0,350.0,,,,85.0,2.0,,4.0,5.0,5.0,5.0,3.0,2.0,4.0,4.0,4.0,4.0,2.0,,,,,,2.0,4.0,4.0,5.0,,1.0,5.0,2.0,5.0,5.0,3.0,5.0,5.0,6.0,34.0,97.0,72.0,65.0,19.0,29.0,53.0,54.0,29.0,72.0,3.0,,5.0,,,,,,,,,,,1.0,1.0,2.0,1.0,1.0,2.0,2.0,1.0,1.0,2.0,1.0,2.0,1.0,2.0,2.0,2.0,2.0,1.0,2.0,2.0,2.0,1.0,2.0,1.0,1.0,1.0,2.0,1.0,2.0,1.0,1.0,2.0,2.0,2.0,2.0,2.0,2.0,1.0,2.0,1.0,1.0,2.0,2.0,2.0,2.0,2.0,4.0,,,4.0,,,,10.0,,,4.0
pid_162,,2.0,,2.0,,,1.0,54.0,2.0,300.0,,,,71.0,5.0,,5.0,5.0,5.0,5.0,5.0,5.0,5.0,5.0,2.0,5.0,,,3.0,5.0,3.0,2.0,,,,3.0,,2.0,6.0,5.0,1.0,6.0,2.0,6.0,7.0,7.0,86.0,100.0,99.0,96.0,81.0,87.0,94.0,71.0,19.0,96.0,3.0,,6.0,,,,,,,,,,,1.0,1.0,2.0,1.0,1.0,2.0,1.0,1.0,1.0,2.0,2.0,2.0,1.0,1.0,1.0,1.0,2.0,2.0,1.0,1.0,2.0,2.0,2.0,2.0,1.0,2.0,1.0,1.0,1.0,2.0,2.0,1.0,1.0,2.0,2.0,2.0,2.0,2.0,2.0,2.0,2.0,2.0,1.0,1.0,1.0,1.0,,,4.0,,,5.0,15.0,,,1.0,
pid_163,1.0,,1.0,,2.0,13.0,,,,,2.0,50.0,82.0,,,4.0,4.0,5.0,2.0,4.0,3.0,2.0,4.0,3.0,5.0,5.0,2.0,,,5.0,5.0,3.0,,,,4.0,,1.0,6.0,5.0,3.0,3.0,2.0,5.0,6.0,5.0,30.0,75.0,81.0,25.0,21.0,60.0,40.0,60.0,20.0,70.0,4.0,,6.0,1.0,1.0,1.0,1.0,1.0,1.0,1.0,1.0,1.0,1.0,,,,,,,1.0,1.0,2.0,2.0,2.0,2.0,2.0,1.0,2.0,1.0,1.0,1.0,2.0,1.0,2.0,2.0,1.0,2.0,1.0,2.0,1.0,1.0,2.0,1.0,2.0,2.0,1.0,1.0,1.0,2.0,2.0,2.0,1.0,1.0,2.0,2.0,2.0,2.0,2.0,1.0,4.0,,,6.0,,,20.0,,,,3.0
pid_164,2.0,,1.0,,1.0,65.0,,,1.0,1050.0,,,,73.0,3.0,,3.0,3.0,3.0,5.0,4.0,3.0,5.0,3.0,3.0,5.0,,3.0,,4.0,4.0,4.0,,,,,6.0,1.0,5.0,5.0,4.0,4.0,5.0,5.0,6.0,6.0,45.0,24.0,9.0,100.0,25.0,42.0,74.0,66.0,21.0,83.0,3.0,,7.0,,,,,,,,,,,1.0,1.0,2.0,1.0,2.0,2.0,2.0,2.0,2.0,2.0,2.0,2.0,1.0,2.0,2.0,2.0,1.0,1.0,1.0,1.0,1.0,2.0,2.0,1.0,2.0,2.0,2.0,2.0,2.0,2.0,1.0,2.0,1.0,2.0,2.0,1.0,2.0,1.0,1.0,2.0,2.0,1.0,2.0,2.0,2.0,1.0,,3.0,,,2.0,,,5.0,,,1.0
pid_165,2.0,,,2.0,2.0,50.0,,,1.0,2000.0,,,49.0,,,2.0,1.0,2.0,5.0,3.0,2.0,1.0,1.0,3.0,2.0,5.0,,4.0,,,,,5.0,4.0,4.0,,3.0,1.0,5.0,6.0,5.0,4.0,2.0,4.0,5.0,6.0,68.0,55.0,60.0,62.0,54.0,45.0,43.0,48.0,49.0,71.0,4.0,,4.0,,,,,,,,,,,1.0,1.0,2.0,1.0,1.0,2.0,1.0,1.0,1.0,1.0,1.0,1.0,1.0,1.0,1.0,1.0,2.0,1.0,1.0,1.0,1.0,1.0,1.0,1.0,1.0,1.0,1.0,1.0,1.0,1.0,1.0,1.0,1.0,1.0,1.0,1.0,1.0,1.0,2.0,1.0,1.0,2.0,1.0,1.0,1.0,1.0,,4.0,,,5.0,,,10.0,,4.0,
pid_166,,2.0,1.0,,2.0,9.0,,,2.0,300.0,,,30.0,,,3.0,1.0,3.0,5.0,5.0,5.0,1.0,4.0,5.0,2.0,2.0,,2.0,,,,,5.0,2.0,2.0,2.0,,2.0,7.0,7.0,7.0,7.0,2.0,5.0,5.0,5.0,44.0,48.0,68.0,82.0,84.0,79.0,40.0,81.0,27.0,75.0,4.0,1.0,,1.0,1.0,1.0,1.0,1.0,1.0,1.0,1.0,1.0,1.0,,,,,,,2.0,1.0,1.0,2.0,1.0,2.0,2.0,2.0,1.0,1.0,2.0,2.0,2.0,1.0,2.0,2.0,2.0,2.0,2.0,1.0,2.0,2.0,2.0,1.0,1.0,2.0,1.0,2.0,2.0,2.0,2.0,1.0,2.0,2.0,2.0,1.0,2.0,2.0,2.0,1.0,,4.0,,,5.0,,20.0,,,3.0,
pid_167,1.0,,2.0,,2.0,50.0,,,2.0,289.0,,,,71.0,,4.0,1.0,5.0,5.0,1.0,4.0,4.0,5.0,5.0,2.0,5.0,1.0,,,,,,3.0,3.0,3.0,6.0,,1.0,6.0,1.0,3.0,3.0,3.0,3.0,3.0,3.0,39.0,76.0,63.0,10.0,52.0,63.0,54.0,56.0,68.0,67.0,2.0,6.0,,1.0,2.0,1.0,1.0,1.0,1.0,2.0,2.0,2.0,2.0,,,,,,,2.0,2.0,1.0,1.0,2.0,2.0,2.0,1.0,1.0,2.0,1.0,1.0,2.0,2.0,1.0,2.0,2.0,2.0,1.0,2.0,1.0,2.0,2.0,1.0,2.0,2.0,2.0,2.0,2.0,2.0,2.0,2.0,1.0,2.0,1.0,1.0,1.0,2.0,2.0,2.0,4.0,,,5.0,,,20.0,,,,3.0
pid_168,1.0,,1.0,,2.0,60.0,,,,,1.0,90.0,77.0,,,5.0,4.0,3.0,4.0,3.0,3.0,3.0,3.0,4.0,4.0,3.0,,,4.0,5.0,4.0,3.0,,,,,5.0,2.0,6.0,5.0,6.0,5.0,6.0,4.0,5.0,5.0,80.0,57.0,27.0,31.0,62.0,24.0,29.0,21.0,29.0,25.0,3.0,7.0,,,,,,,,,,,,1.0,1.0,2.0,2.0,1.0,1.0,1.0,1.0,1.0,1.0,1.0,2.0,1.0,1.0,1.0,1.0,2.0,1.0,2.0,1.0,1.0,1.0,1.0,1.0,1.0,1.0,1.0,1.0,1.0,2.0,1.0,1.0,1.0,1.0,1.0,1.0,1.0,1.0,1.0,2.0,1.0,2.0,2.0,1.0,1.0,2.0,,,4.0,,,5.0,10.0,,,6.0,
pid_169,,1.0,2.0,,,,1.0,20.0,2.0,360.0,,,90.0,,,4.0,5.0,5.0,4.0,3.0,2.0,5.0,5.0,5.0,5.0,5.0,1.0,,,5.0,3.0,2.0,,,,,4.0,2.0,6.0,2.0,4.0,5.0,5.0,6.0,5.0,5.0,40.0,95.0,75.0,70.0,35.0,40.0,45.0,70.0,60.0,50.0,3.0,6.0,,,,,,,,,,,,1.0,1.0,1.0,1.0,1.0,1.0,1.0,2.0,2.0,2.0,1.0,2.0,2.0,1.0,1.0,2.0,2.0,2.0,2.0,2.0,1.0,2.0,1.0,2.0,1.0,1.0,2.0,1.0,2.0,2.0,2.0,2.0,2.0,2.0,1.0,2.0,2.0,2.0,2.0,2.0,2.0,2.0,2.0,2.0,2.0,1.0,5.0,,,6.0,,,20.0,,,9.0,
pid_170,,2.0,2.0,,,,2.0,6.0,1.0,1200.0,,,90.0,,,4.0,4.0,5.0,3.0,3.0,2.0,4.0,1.0,3.0,3.0,4.0,3.0,,,3.0,5.0,2.0,,,,4.0,,1.0,7.0,1.0,2.0,2.0,2.0,7.0,6.0,6.0,39.0,95.0,32.0,43.0,49.0,32.0,39.0,39.0,60.0,78.0,3.0,,6.0,1.0,1.0,1.0,1.0,1.0,1.0,1.0,1.0,1.0,1.0,,,,,,,1.0,1.0,2.0,1.0,2.0,2.0,1.0,1.0,1.0,1.0,2.0,2.0,1.0,2.0,2.0,2.0,1.0,1.0,1.0,2.0,2.0,2.0,2.0,1.0,1.0,2.0,1.0,2.0,2.0,1.0,1.0,1.0,2.0,2.0,2.0,1.0,1.0,1.0,2.0,2.0,2.0,,,3.0,,,,15.0,3.0,,
pid_171,2.0,,2.0,,1.0,70.0,,,1.0,1200.0,,,,70.0,,5.0,2.0,2.0,4.0,4.0,2.0,2.0,4.0,4.0,3.0,4.0,2.0,,,,,,3.0,4.0,5.0,4.0,,1.0,5.0,2.0,5.0,5.0,3.0,4.0,5.0,5.0,35.0,41.0,45.0,50.0,48.0,41.0,58.0,63.0,48.0,61.0,2.0,,7.0,2.0,2.0,2.0,2.0,2.0,2.0,2.0,2.0,2.0,2.0,,,,,,,2.0,1.0,1.0,2.0,1.0,2.0,1.0,1.0,1.0,1.0,1.0,1.0,2.0,2.0,2.0,1.0,2.0,1.0,2.0,1.0,1.0,2.0,2.0,2.0,2.0,1.0,2.0,2.0,2.0,1.0,1.0,1.0,2.0,1.0,2.0,2.0,2.0,2.0,2.0,1.0,4.0,,,5.0,,,,0.0,1.0,,
pid_172,1.0,,2.0,,2.0,28.0,,,,,1.0,200.0,30.0,,,4.0,1.0,5.0,5.0,3.0,5.0,5.0,5.0,5.0,1.0,1.0,,,5.0,,,,6.0,3.0,3.0,,6.0,1.0,7.0,2.0,7.0,7.0,2.0,3.0,4.0,5.0,55.0,54.0,81.0,33.0,70.0,57.0,61.0,35.0,18.0,50.0,4.0,7.0,,1.0,1.0,1.0,1.0,1.0,1.0,1.0,1.0,1.0,1.0,,,,,,,1.0,2.0,2.0,1.0,1.0,2.0,2.0,2.0,2.0,1.0,2.0,2.0,2.0,2.0,2.0,1.0,1.0,2.0,2.0,2.0,2.0,1.0,1.0,2.0,2.0,2.0,2.0,2.0,2.0,2.0,2.0,2.0,2.0,1.0,2.0,2.0,2.0,2.0,2.0,1.0,,,5.0,,,6.0,,10.0,1.0,,
pid_173,,2.0,1.0,,2.0,40.0,,,2.0,500.0,,,30.0,,5.0,,3.0,4.0,1.0,4.0,4.0,4.0,5.0,4.0,5.0,5.0,,1.0,,4.0,4.0,3.0,,,,2.0,,2.0,7.0,5.0,4.0,2.0,3.0,5.0,7.0,7.0,53.0,63.0,70.0,60.0,41.0,57.0,69.0,59.0,28.0,42.0,1.0,,6.0,,,,,,,,,,,1.0,2.0,1.0,1.0,2.0,1.0,1.0,1.0,1.0,2.0,2.0,1.0,1.0,1.0,1.0,2.0,2.0,2.0,2.0,2.0,2.0,2.0,2.0,1.0,2.0,2.0,2.0,2.0,2.0,2.0,2.0,2.0,2.0,1.0,2.0,2.0,2.0,2.0,2.0,2.0,1.0,1.0,2.0,1.0,2.0,2.0,,5.0,,,6.0,,12.0,,,,10.0
pid_174,,2.0,,1.0,2.0,45.0,,,,,1.0,350.0,,70.0,3.0,,5.0,5.0,5.0,4.0,5.0,4.0,2.0,5.0,4.0,5.0,,,2.0,,,,3.0,2.0,4.0,6.0,,2.0,7.0,1.0,1.0,2.0,5.0,6.0,7.0,6.0,72.0,78.0,65.0,42.0,87.0,82.0,58.0,68.0,46.0,86.0,3.0,,7.0,,,,,,,,,,,1.0,1.0,1.0,1.0,1.0,1.0,1.0,1.0,2.0,1.0,2.0,2.0,2.0,2.0,2.0,1.0,2.0,2.0,1.0,1.0,1.0,1.0,1.0,2.0,2.0,2.0,2.0,1.0,2.0,1.0,2.0,2.0,2.0,2.0,2.0,1.0,2.0,1.0,2.0,1.0,1.0,2.0,2.0,2.0,2.0,2.0,,,5.0,,,6.0,,5.0,,,2.0
pid_175,1.0,,,2.0,2.0,6.0,,,,,1.0,230.0,,70.0,,4.0,4.0,4.0,5.0,3.0,2.0,4.0,4.0,5.0,2.0,2.0,,,1.0,3.0,3.0,2.0,,,,,2.0,2.0,5.0,2.0,4.0,2.0,5.0,5.0,6.0,7.0,50.0,85.0,75.0,66.0,40.0,60.0,70.0,76.0,57.0,65.0,3.0,6.0,,1.0,1.0,1.0,1.0,1.0,1.0,1.0,1.0,1.0,1.0,,,,,,,1.0,1.0,1.0,2.0,2.0,1.0,2.0,2.0,2.0,2.0,1.0,1.0,2.0,1.0,2.0,2.0,1.0,1.0,2.0,1.0,1.0,2.0,1.0,2.0,2.0,2.0,2.0,1.0,1.0,2.0,2.0,2.0,2.0,2.0,2.0,2.0,1.0,1.0,1.0,2.0,,,1.0,,,3.0,15.0,,,,4.0
pid_176,,1.0,2.0,,,,1.0,54.0,2.0,360.0,,,,100.0,,2.0,5.0,5.0,3.0,3.0,5.0,5.0,5.0,5.0,5.0,5.0,2.0,,,3.0,3.0,2.0,,,,4.0,,2.0,7.0,3.0,5.0,2.0,2.0,7.0,7.0,7.0,59.0,94.0,71.0,55.0,63.0,53.0,70.0,71.0,61.0,84.0,3.0,4.0,,1.0,1.0,2.0,2.0,1.0,2.0,1.0,1.0,2.0,1.0,,,,,,,2.0,2.0,1.0,2.0,2.0,1.0,1.0,2.0,2.0,2.0,2.0,1.0,2.0,1.0,1.0,1.0,2.0,2.0,2.0,2.0,2.0,2.0,2.0,2.0,2.0,2.0,1.0,2.0,1.0,2.0,2.0,2.0,2.0,1.0,2.0,2.0,2.0,2.0,2.0,1.0,2.0,,,2.0,,,18.0,,,4.0,
pid_177,,1.0,,2.0,2.0,20.0,,,,,1.0,120.0,29.0,,,2.0,3.0,3.0,4.0,2.0,2.0,2.0,2.0,4.0,4.0,2.0,,,1.0,3.0,3.0,3.0,,,,,5.0,2.0,6.0,1.0,3.0,3.0,3.0,6.0,6.0,6.0,56.0,59.0,61.0,28.0,32.0,39.0,48.0,51.0,42.0,32.0,1.0,4.0,,1.0,2.0,1.0,1.0,1.0,1.0,2.0,2.0,2.0,1.0,,,,,,,2.0,2.0,1.0,2.0,2.0,2.0,1.0,2.0,2.0,1.0,1.0,2.0,2.0,2.0,2.0,2.0,2.0,2.0,2.0,2.0,1.0,2.0,1.0,2.0,2.0,2.0,2.0,2.0,1.0,2.0,2.0,2.0,2.0,2.0,2.0,2.0,2.0,2.0,2.0,2.0,,,4.0,,,4.0,20.0,,,,2.0
pid_178,1.0,,2.0,,,,2.0,8.0,2.0,400.0,,,,80.0,5.0,,2.0,5.0,5.0,3.0,5.0,1.0,3.0,4.0,5.0,4.0,2.0,,,,,,4.0,6.0,5.0,2.0,,1.0,7.0,5.0,2.0,1.0,3.0,4.0,6.0,7.0,51.0,75.0,50.0,50.0,70.0,25.0,50.0,49.0,60.0,35.0,1.0,,7.0,,,,,,,,,,,1.0,1.0,2.0,2.0,1.0,1.0,2.0,1.0,2.0,1.0,1.0,1.0,2.0,2.0,1.0,2.0,1.0,2.0,2.0,2.0,2.0,2.0,2.0,2.0,2.0,2.0,2.0,1.0,1.0,2.0,2.0,1.0,2.0,1.0,1.0,2.0,1.0,2.0,2.0,2.0,1.0,1.0,2.0,1.0,1.0,2.0,4.0,,,6.0,,,15.0,,,,2.0
pid_179,,2.0,,1.0,,,1.0,26.0,2.0,650.0,,,,50.0,,5.0,4.0,5.0,1.0,4.0,5.0,5.0,4.0,5.0,5.0,4.0,,1.0,,2.0,3.0,2.0,,,,6.0,,2.0,6.0,1.0,3.0,3.0,3.0,7.0,6.0,7.0,45.0,92.0,33.0,70.0,35.0,45.0,40.0,80.0,65.0,55.0,1.0,,6.0,,,,,,,,,,,1.0,1.0,1.0,1.0,1.0,1.0,2.0,2.0,2.0,1.0,2.0,1.0,2.0,1.0,2.0,1.0,2.0,2.0,1.0,2.0,2.0,2.0,2.0,2.0,2.0,2.0,2.0,2.0,2.0,2.0,2.0,2.0,2.0,2.0,2.0,1.0,1.0,1.0,2.0,2.0,2.0,2.0,2.0,1.0,2.0,2.0,,5.0,,,6.0,,,20.0,2.0,,
pid_180,,2.0,1.0,,1.0,70.0,,,1.0,1500.0,,,60.0,,3.0,,4.0,5.0,3.0,4.0,4.0,5.0,3.0,4.0,3.0,4.0,5.0,,,6.0,1.0,3.0,,,,6.0,,1.0,7.0,4.0,4.0,5.0,2.0,5.0,6.0,4.0,75.0,90.0,90.0,95.0,40.0,55.0,70.0,80.0,25.0,70.0,4.0,,6.0,2.0,1.0,2.0,2.0,1.0,1.0,1.0,1.0,1.0,1.0,,,,,,,1.0,1.0,1.0,1.0,1.0,1.0,1.0,2.0,1.0,1.0,2.0,1.0,2.0,1.0,1.0,2.0,1.0,2.0,2.0,1.0,2.0,1.0,1.0,2.0,1.0,2.0,1.0,1.0,1.0,1.0,2.0,2.0,1.0,1.0,1.0,2.0,1.0,1.0,2.0,2.0,5.0,,,5.0,,,,10.0,,,3.0
pid_181,1.0,,1.0,,2.0,41.0,,,,,1.0,105.0,75.0,,2.0,,5.0,5.0,1.0,1.0,5.0,5.0,5.0,5.0,5.0,5.0,,,1.0,,,,3.0,5.0,6.0,4.0,,1.0,6.0,1.0,4.0,3.0,2.0,6.0,4.0,5.0,55.0,68.0,41.0,35.0,60.0,65.0,68.0,65.0,62.0,71.0,3.0,,6.0,,,,,,,,,,,1.0,1.0,2.0,1.0,1.0,2.0,2.0,2.0,2.0,2.0,2.0,2.0,1.0,2.0,2.0,2.0,1.0,2.0,1.0,2.0,2.0,2.0,1.0,2.0,2.0,2.0,2.0,2.0,2.0,2.0,2.0,1.0,2.0,2.0,2.0,2.0,2.0,2.0,1.0,1.0,2.0,2.0,2.0,2.0,2.0,2.0,,,4.0,,,5.0,12.0,,2.0,,
pid_182,1.0,,1.0,,2.0,20.0,,,,,1.0,120.0,30.0,,,4.0,2.0,1.0,5.0,2.0,1.0,3.0,1.0,4.0,1.0,1.0,,,4.0,,,,3.0,3.0,4.0,,2.0,1.0,6.0,4.0,4.0,1.0,1.0,5.0,6.0,7.0,25.0,35.0,95.0,85.0,5.0,20.0,25.0,80.0,33.0,40.0,3.0,,4.0,1.0,1.0,1.0,1.0,1.0,1.0,1.0,1.0,1.0,1.0,,,,,,,2.0,2.0,1.0,1.0,2.0,2.0,2.0,2.0,2.0,2.0,2.0,1.0,1.0,2.0,2.0,1.0,2.0,2.0,2.0,2.0,2.0,2.0,2.0,2.0,2.0,1.0,1.0,1.0,1.0,2.0,2.0,2.0,1.0,1.0,2.0,1.0,1.0,1.0,2.0,2.0,,,2.0,,,3.0,20.0,,,9.0,
pid_183,,2.0,,2.0,,,1.0,21.0,2.0,960.0,,,80.0,,3.0,,2.0,4.0,4.0,4.0,3.0,2.0,2.0,4.0,3.0,1.0,,1.0,,3.0,4.0,2.0,,,,,5.0,1.0,5.0,2.0,4.0,3.0,3.0,6.0,5.0,5.0,40.0,72.0,56.0,58.0,34.0,52.0,43.0,68.0,55.0,31.0,3.0,,5.0,,,,,,,,,,,1.0,1.0,1.0,1.0,1.0,1.0,2.0,2.0,2.0,2.0,2.0,2.0,1.0,1.0,1.0,1.0,2.0,1.0,2.0,2.0,2.0,2.0,2.0,2.0,2.0,2.0,2.0,2.0,2.0,1.0,2.0,2.0,2.0,1.0,2.0,2.0,2.0,2.0,2.0,1.0,1.0,2.0,2.0,1.0,1.0,2.0,,4.0,,,6.0,,,12.0,,5.0,
pid_184,,2.0,1.0,,,,1.0,50.0,,,1.0,250.0,,25.0,,3.0,1.0,4.0,5.0,5.0,2.0,4.0,1.0,2.0,1.0,5.0,,5.0,,1.0,5.0,3.0,,,,,6.0,1.0,6.0,1.0,3.0,2.0,5.0,7.0,6.0,6.0,62.0,88.0,86.0,100.0,13.0,86.0,75.0,97.0,24.0,100.0,1.0,1.0,,1.0,2.0,1.0,1.0,1.0,2.0,1.0,1.0,1.0,1.0,,,,,,,2.0,1.0,2.0,1.0,1.0,1.0,1.0,2.0,1.0,2.0,1.0,2.0,2.0,1.0,1.0,2.0,1.0,1.0,1.0,1.0,2.0,2.0,2.0,1.0,2.0,1.0,2.0,2.0,1.0,2.0,1.0,1.0,1.0,2.0,1.0,1.0,1.0,2.0,1.0,2.0,,5.0,,,2.0,,20.0,,,,3.0
pid_185,,1.0,,1.0,,,1.0,54.0,2.0,380.0,,,78.0,,1.0,,3.0,3.0,4.0,5.0,4.0,5.0,5.0,4.0,4.0,5.0,3.0,,,1.0,2.0,1.0,,,,,5.0,1.0,7.0,1.0,5.0,5.0,1.0,7.0,7.0,6.0,59.0,38.0,35.0,68.0,40.0,61.0,99.0,53.0,85.0,41.0,3.0,,5.0,1.0,2.0,2.0,1.0,1.0,2.0,1.0,1.0,1.0,1.0,,,,,,,1.0,2.0,2.0,1.0,1.0,2.0,1.0,1.0,1.0,2.0,2.0,2.0,1.0,1.0,1.0,2.0,1.0,1.0,2.0,1.0,2.0,1.0,1.0,1.0,1.0,1.0,2.0,2.0,1.0,1.0,1.0,2.0,2.0,1.0,1.0,1.0,2.0,2.0,1.0,1.0,4.0,,,5.0,,,,10.0,,,3.0
pid_186,1.0,,,1.0,2.0,54.0,,,2.0,375.0,,,,50.0,4.0,,4.0,3.0,2.0,3.0,3.0,3.0,4.0,4.0,4.0,5.0,2.0,,,3.0,3.0,3.0,,,,,5.0,1.0,5.0,1.0,3.0,3.0,1.0,6.0,5.0,5.0,58.0,97.0,65.0,34.0,36.0,60.0,72.0,51.0,49.0,74.0,2.0,,6.0,1.0,1.0,1.0,2.0,1.0,1.0,1.0,2.0,1.0,2.0,,,,,,,2.0,2.0,2.0,2.0,1.0,1.0,2.0,2.0,1.0,2.0,1.0,1.0,1.0,2.0,2.0,2.0,1.0,2.0,2.0,2.0,1.0,2.0,2.0,1.0,1.0,2.0,2.0,2.0,2.0,1.0,1.0,1.0,1.0,2.0,2.0,1.0,1.0,1.0,2.0,2.0,5.0,,,5.0,,,,20.0,,6.0,
pid_187,,1.0,,2.0,2.0,15.0,,,,,1.0,120.0,,70.0,,4.0,4.0,4.0,1.0,2.0,5.0,5.0,5.0,4.0,5.0,4.0,1.0,,,,,,3.0,3.0,3.0,3.0,,1.0,6.0,3.0,6.0,6.0,2.0,6.0,6.0,6.0,30.0,67.0,51.0,33.0,64.0,20.0,36.0,49.0,45.0,66.0,3.0,,6.0,,,,,,,,,,,1.0,2.0,1.0,2.0,1.0,1.0,2.0,2.0,2.0,2.0,2.0,2.0,2.0,2.0,1.0,2.0,2.0,1.0,2.0,2.0,1.0,2.0,2.0,2.0,1.0,2.0,2.0,2.0,1.0,2.0,2.0,1.0,1.0,2.0,2.0,2.0,1.0,1.0,2.0,2.0,2.0,2.0,1.0,1.0,2.0,1.0,3.0,,,4.0,,,,10.0,1.0,,
pid_188,2.0,,,1.0,2.0,50.0,,,,,1.0,325.0,,90.0,,4.0,3.0,3.0,3.0,2.0,4.0,3.0,4.0,4.0,4.0,4.0,,,2.0,3.0,4.0,2.0,,,,4.0,,1.0,5.0,2.0,3.0,2.0,4.0,4.0,5.0,6.0,40.0,75.0,70.0,40.0,60.0,50.0,47.0,55.0,20.0,65.0,3.0,,6.0,,,,,,,,,,,1.0,1.0,2.0,1.0,1.0,2.0,2.0,2.0,2.0,1.0,2.0,2.0,1.0,1.0,1.0,2.0,2.0,2.0,2.0,1.0,2.0,1.0,2.0,2.0,1.0,2.0,2.0,1.0,2.0,2.0,1.0,2.0,2.0,2.0,2.0,1.0,2.0,1.0,2.0,2.0,2.0,1.0,2.0,1.0,2.0,2.0,,,4.0,,,5.0,,12.0,,9.0,
pid_189,,1.0,1.0,,,,2.0,0.0,,,2.0,80.0,,40.0,3.0,,4.0,5.0,4.0,2.0,2.0,4.0,5.0,4.0,5.0,4.0,3.0,,,,,,3.0,2.0,4.0,,5.0,2.0,5.0,2.0,6.0,5.0,2.0,4.0,5.0,5.0,40.0,50.0,87.0,30.0,30.0,40.0,70.0,40.0,80.0,70.0,2.0,6.0,,1.0,1.0,1.0,1.0,1.0,2.0,2.0,1.0,1.0,1.0,,,,,,,2.0,2.0,2.0,2.0,2.0,2.0,2.0,2.0,2.0,1.0,1.0,1.0,2.0,2.0,2.0,2.0,2.0,1.0,2.0,2.0,1.0,1.0,2.0,2.0,1.0,2.0,2.0,1.0,1.0,2.0,2.0,1.0,2.0,2.0,1.0,1.0,1.0,2.0,1.0,1.0,2.0,,,4.0,,,,5.0,,,2.0
pid_190,2.0,,,1.0,,,2.0,14.0,,,1.0,105.0,,30.0,1.0,,2.0,2.0,5.0,4.0,4.0,4.0,2.0,4.0,2.0,2.0,,4.0,,6.0,6.0,1.0,,,,1.0,,1.0,5.0,5.0,5.0,5.0,5.0,6.0,7.0,7.0,54.0,20.0,27.0,30.0,26.0,41.0,47.0,43.0,25.0,56.0,3.0,,5.0,,,,,,,,,,,1.0,1.0,1.0,2.0,1.0,2.0,2.0,2.0,1.0,1.0,1.0,1.0,1.0,2.0,2.0,2.0,1.0,2.0,2.0,2.0,1.0,1.0,2.0,1.0,2.0,2.0,1.0,1.0,1.0,2.0,1.0,1.0,1.0,1.0,2.0,1.0,1.0,2.0,1.0,2.0,1.0,1.0,2.0,2.0,1.0,1.0,,4.0,,,5.0,,,4.0,,,1.0
pid_191,,2.0,1.0,,2.0,54.0,,,2.0,400.0,,,,80.0,4.0,,3.0,5.0,2.0,5.0,5.0,5.0,5.0,5.0,3.0,5.0,,,4.0,,,,3.0,1.0,5.0,5.0,,1.0,6.0,2.0,2.0,2.0,1.0,5.0,6.0,6.0,75.0,60.0,70.0,85.0,80.0,90.0,90.0,75.0,20.0,50.0,2.0,6.0,,1.0,1.0,1.0,1.0,2.0,1.0,1.0,1.0,2.0,1.0,,,,,,,2.0,2.0,2.0,1.0,1.0,1.0,1.0,1.0,1.0,1.0,2.0,2.0,1.0,1.0,2.0,1.0,1.0,1.0,2.0,2.0,1.0,1.0,1.0,1.0,1.0,2.0,1.0,1.0,1.0,2.0,1.0,1.0,2.0,2.0,1.0,1.0,1.0,1.0,1.0,1.0,,,5.0,,,5.0,,15.0,,3.0,
pid_192,1.0,,,2.0,,,1.0,20.0,1.0,1001.0,,,,27.0,,3.0,5.0,5.0,1.0,1.0,5.0,5.0,5.0,5.0,5.0,5.0,,,1.0,,,,3.0,3.0,3.0,,6.0,1.0,7.0,1.0,1.0,5.0,2.0,3.0,6.0,6.0,52.0,68.0,47.0,47.0,37.0,31.0,52.0,50.0,47.0,61.0,4.0,,7.0,2.0,2.0,2.0,2.0,2.0,2.0,2.0,2.0,2.0,2.0,,,,,,,2.0,2.0,2.0,2.0,2.0,2.0,2.0,1.0,2.0,1.0,2.0,2.0,2.0,2.0,1.0,2.0,2.0,2.0,2.0,2.0,2.0,2.0,2.0,2.0,2.0,2.0,2.0,2.0,1.0,1.0,2.0,2.0,2.0,1.0,2.0,2.0,2.0,1.0,1.0,2.0,,,5.0,,,5.0,5.0,,1.0,,
pid_193,,1.0,1.0,,1.0,115.0,,,,,1.0,500.0,,67.0,3.0,,3.0,3.0,4.0,3.0,4.0,4.0,3.0,4.0,4.0,3.0,3.0,,,,,,5.0,4.0,4.0,,4.0,1.0,5.0,1.0,6.0,5.0,1.0,7.0,7.0,7.0,22.0,55.0,76.0,42.0,50.0,32.0,18.0,45.0,28.0,68.0,4.0,5.0,,1.0,1.0,1.0,1.0,2.0,2.0,2.0,1.0,1.0,2.0,,,,,,,1.0,1.0,2.0,1.0,2.0,2.0,1.0,1.0,1.0,2.0,1.0,2.0,1.0,1.0,1.0,1.0,1.0,1.0,2.0,2.0,2.0,2.0,1.0,1.0,2.0,2.0,1.0,1.0,1.0,2.0,1.0,2.0,1.0,2.0,1.0,1.0,2.0,1.0,1.0,1.0,4.0,,,4.0,,,12.0,,,,4.0
pid_194,,1.0,1.0,,1.0,80.0,,,2.0,500.0,,,30.0,,4.0,,1.0,4.0,3.0,1.0,4.0,1.0,4.0,4.0,4.0,4.0,,,4.0,,,,3.0,3.0,3.0,,4.0,2.0,7.0,1.0,2.0,2.0,5.0,7.0,7.0,7.0,12.0,50.0,53.0,0.0,12.0,11.0,40.0,49.0,60.0,50.0,1.0,,3.0,,,,,,,,,,,1.0,1.0,1.0,1.0,2.0,2.0,2.0,2.0,1.0,2.0,1.0,2.0,2.0,1.0,1.0,2.0,1.0,2.0,1.0,2.0,2.0,1.0,1.0,2.0,2.0,2.0,2.0,2.0,2.0,2.0,1.0,1.0,2.0,1.0,1.0,2.0,2.0,1.0,2.0,2.0,1.0,2.0,1.0,2.0,1.0,2.0,,,4.0,,,4.0,,15.0,,10.0,
pid_195,1.0,,,1.0,2.0,40.0,,,,,1.0,350.0,,70.0,4.0,,5.0,5.0,1.0,2.0,4.0,5.0,5.0,5.0,5.0,5.0,,5.0,,,,,3.0,4.0,4.0,,4.0,1.0,6.0,2.0,5.0,5.0,2.0,5.0,6.0,6.0,35.0,50.0,60.0,62.0,30.0,45.0,40.0,75.0,35.0,33.0,4.0,,5.0,,,,,,,,,,,1.0,1.0,1.0,1.0,1.0,1.0,1.0,2.0,2.0,1.0,2.0,2.0,1.0,1.0,2.0,1.0,1.0,2.0,2.0,2.0,1.0,2.0,1.0,2.0,2.0,2.0,2.0,2.0,2.0,2.0,1.0,1.0,2.0,2.0,2.0,1.0,2.0,1.0,1.0,2.0,2.0,1.0,1.0,1.0,2.0,2.0,,5.0,,,5.0,,,18.0,,,3.0
pid_196,2.0,,,2.0,2.0,50.0,,,,,1.0,350.0,,30.0,4.0,,5.0,3.0,3.0,2.0,3.0,5.0,4.0,4.0,5.0,5.0,,1.0,,,,,4.0,4.0,4.0,,6.0,2.0,7.0,1.0,1.0,1.0,5.0,7.0,7.0,7.0,40.0,80.0,60.0,30.0,20.0,30.0,25.0,20.0,25.0,80.0,2.0,6.0,,1.0,2.0,2.0,1.0,2.0,1.0,2.0,1.0,2.0,1.0,,,,,,,2.0,2.0,2.0,2.0,2.0,2.0,2.0,2.0,2.0,2.0,2.0,2.0,2.0,2.0,2.0,2.0,2.0,2.0,2.0,2.0,2.0,2.0,2.0,2.0,2.0,2.0,2.0,2.0,2.0,2.0,2.0,1.0,2.0,2.0,2.0,2.0,2.0,2.0,2.0,2.0,,5.0,,,6.0,,20.0,,2.0,,
pid_197,,2.0,1.0,,,,2.0,5.0,,,1.0,100.0,33.0,,2.0,,4.0,5.0,1.0,5.0,4.0,2.0,4.0,4.0,4.0,4.0,,,3.0,2.0,5.0,1.0,,,,4.0,,1.0,6.0,1.0,1.0,3.0,3.0,7.0,7.0,7.0,57.0,94.0,94.0,39.0,42.0,21.0,74.0,81.0,13.0,62.0,2.0,3.0,,1.0,2.0,1.0,1.0,1.0,1.0,1.0,1.0,2.0,2.0,,,,,,,2.0,2.0,2.0,2.0,2.0,1.0,2.0,2.0,2.0,2.0,2.0,1.0,1.0,1.0,2.0,2.0,1.0,2.0,1.0,2.0,2.0,2.0,2.0,1.0,2.0,2.0,2.0,1.0,2.0,2.0,2.0,2.0,2.0,2.0,2.0,2.0,2.0,1.0,2.0,1.0,,,4.0,,,2.0,12.0,,,,2.0
pid_198,2.0,,,1.0,2.0,50.0,,,,,1.0,200.0,,70.0,,3.0,5.0,5.0,1.0,3.0,4.0,4.0,5.0,4.0,5.0,5.0,,,2.0,3.0,3.0,3.0,,,,4.0,,1.0,7.0,1.0,4.0,3.0,3.0,7.0,6.0,5.0,50.0,95.0,51.0,50.0,40.0,40.0,70.0,60.0,50.0,80.0,1.0,4.0,,1.0,1.0,1.0,2.0,1.0,1.0,2.0,1.0,1.0,2.0,,,,,,,2.0,2.0,2.0,2.0,2.0,2.0,1.0,2.0,2.0,2.0,2.0,2.0,2.0,2.0,2.0,2.0,1.0,1.0,2.0,2.0,2.0,2.0,2.0,2.0,2.0,1.0,1.0,1.0,2.0,2.0,1.0,2.0,2.0,2.0,2.0,2.0,2.0,1.0,1.0,1.0,,,5.0,,,6.0,15.0,,1.0,,
pid_199,,2.0,2.0,,,,1.0,20.0,1.0,1001.0,,,,75.0,1.0,,4.0,5.0,3.0,1.0,3.0,4.0,4.0,5.0,4.0,5.0,,3.0,,4.0,4.0,3.0,,,,,5.0,1.0,7.0,2.0,5.0,6.0,4.0,6.0,6.0,6.0,65.0,90.0,65.0,25.0,40.0,50.0,65.0,65.0,50.0,75.0,3.0,,6.0,,,,,,,,,,,1.0,1.0,1.0,1.0,2.0,2.0,1.0,2.0,1.0,1.0,2.0,2.0,1.0,2.0,2.0,1.0,1.0,2.0,1.0,1.0,2.0,2.0,2.0,1.0,2.0,1.0,2.0,2.0,2.0,1.0,2.0,2.0,2.0,2.0,2.0,1.0,2.0,2.0,1.0,2.0,1.0,1.0,2.0,1.0,2.0,2.0,,5.0,,,6.0,,20.0,,,10.0,
pid_200,1.0,,,1.0,,,1.0,23.0,,,1.0,300.0,,70.0,,3.0,1.0,3.0,5.0,4.0,1.0,1.0,1.0,3.0,1.0,2.0,1.0,,,,,,2.0,2.0,3.0,,6.0,2.0,6.0,4.0,4.0,5.0,2.0,2.0,2.0,3.0,14.0,0.0,75.0,90.0,7.0,6.0,7.0,57.0,8.0,68.0,3.0,6.0,,,,,,,,,,,,1.0,2.0,1.0,1.0,1.0,2.0,2.0,2.0,1.0,1.0,1.0,2.0,2.0,1.0,2.0,2.0,2.0,2.0,1.0,2.0,1.0,1.0,1.0,2.0,1.0,1.0,2.0,1.0,2.0,1.0,1.0,2.0,1.0,2.0,2.0,2.0,2.0,2.0,1.0,2.0,2.0,2.0,2.0,2.0,1.0,2.0,5.0,,,4.0,,,,15.0,3.0,,
pid_201,,2.0,,2.0,2.0,35.0,,,2.0,75.0,,,71.0,,3.0,,5.0,3.0,2.0,2.0,3.0,5.0,2.0,4.0,5.0,4.0,,4.0,,3.0,3.0,2.0,,,,,3.0,1.0,7.0,3.0,4.0,4.0,5.0,3.0,3.0,5.0,71.0,30.0,51.0,23.0,22.0,62.0,26.0,58.0,67.0,67.0,2.0,,6.0,1.0,1.0,1.0,1.0,1.0,1.0,1.0,1.0,1.0,1.0,,,,,,,2.0,1.0,1.0,2.0,2.0,2.0,2.0,1.0,2.0,2.0,2.0,2.0,2.0,1.0,1.0,2.0,2.0,2.0,1.0,2.0,2.0,2.0,1.0,2.0,2.0,1.0,1.0,2.0,2.0,2.0,2.0,2.0,2.0,2.0,2.0,2.0,1.0,2.0,2.0,2.0,,5.0,,,6.0,,,0.0,,10.0,
pid_202,1.0,,2.0,,,,1.0,20.0,1.0,1300.0,,,,50.0,,5.0,4.0,3.0,4.0,2.0,5.0,3.0,2.0,3.0,4.0,4.0,,,3.0,1.0,2.0,2.0,,,,4.0,,2.0,6.0,1.0,4.0,3.0,2.0,6.0,5.0,6.0,71.0,60.0,57.0,40.0,55.0,80.0,75.0,85.0,50.0,85.0,3.0,6.0,,,,,,,,,,,,1.0,2.0,2.0,2.0,1.0,1.0,1.0,1.0,1.0,1.0,1.0,2.0,2.0,2.0,1.0,2.0,1.0,2.0,1.0,1.0,2.0,1.0,1.0,2.0,2.0,1.0,1.0,1.0,2.0,1.0,1.0,2.0,2.0,1.0,1.0,2.0,2.0,1.0,1.0,1.0,1.0,1.0,2.0,1.0,1.0,2.0,,,5.0,,,4.0,10.0,,3.0,,
pid_203,,2.0,1.0,,2.0,45.0,,,1.0,1300.0,,,77.0,,,6.0,4.0,4.0,5.0,4.0,5.0,4.0,5.0,4.0,5.0,4.0,,4.0,,,,,1.0,1.0,1.0,4.0,,2.0,6.0,5.0,4.0,4.0,2.0,5.0,4.0,5.0,55.0,57.0,65.0,50.0,40.0,51.0,41.0,48.0,55.0,45.0,4.0,3.0,,,,,,,,,,,,2.0,2.0,1.0,1.0,2.0,2.0,1.0,1.0,1.0,2.0,1.0,1.0,1.0,2.0,1.0,1.0,2.0,1.0,1.0,1.0,2.0,1.0,1.0,2.0,1.0,1.0,2.0,1.0,2.0,1.0,2.0,1.0,1.0,1.0,2.0,1.0,2.0,1.0,1.0,1.0,1.0,1.0,2.0,1.0,1.0,2.0,,5.0,,,6.0,,,12.0,,,4.0
pid_204,2.0,,1.0,,2.0,10.0,,,,,2.0,69.0,,71.0,,3.0,4.0,4.0,3.0,4.0,3.0,4.0,3.0,4.0,4.0,4.0,,,2.0,4.0,3.0,3.0,,,,,4.0,1.0,6.0,4.0,3.0,3.0,5.0,5.0,6.0,6.0,52.0,58.0,46.0,55.0,29.0,23.0,41.0,48.0,49.0,61.0,3.0,6.0,,1.0,1.0,1.0,1.0,1.0,1.0,2.0,2.0,1.0,1.0,,,,,,,2.0,2.0,2.0,2.0,1.0,2.0,2.0,2.0,2.0,2.0,2.0,2.0,1.0,2.0,2.0,1.0,2.0,2.0,2.0,1.0,2.0,1.0,2.0,2.0,2.0,1.0,2.0,1.0,2.0,1.0,2.0,2.0,2.0,2.0,2.0,2.0,2.0,1.0,1.0,1.0,,,5.0,,,6.0,20.0,,,1.0,
pid_205,2.0,,,2.0,,,1.0,28.0,2.0,300.0,,,30.0,,2.0,,4.0,5.0,2.0,4.0,3.0,4.0,4.0,4.0,4.0,4.0,3.0,,,4.0,4.0,3.0,,,,,5.0,1.0,4.0,2.0,2.0,2.0,5.0,5.0,6.0,6.0,71.0,84.0,73.0,54.0,41.0,51.0,80.0,51.0,45.0,67.0,1.0,6.0,,,,,,,,,,,,1.0,1.0,2.0,1.0,2.0,1.0,2.0,1.0,2.0,2.0,2.0,1.0,1.0,2.0,2.0,2.0,2.0,2.0,2.0,2.0,2.0,2.0,2.0,1.0,2.0,2.0,2.0,2.0,1.0,1.0,1.0,2.0,2.0,2.0,1.0,2.0,2.0,2.0,2.0,2.0,2.0,1.0,1.0,2.0,1.0,1.0,5.0,,,4.0,,,15.0,,2.0,,
pid_206,1.0,,2.0,,2.0,50.0,,,,,1.0,250.0,30.0,,,5.0,1.0,1.0,5.0,5.0,1.0,1.0,1.0,1.0,1.0,1.0,1.0,,,,,,1.0,2.0,3.0,,1.0,1.0,6.0,2.0,4.0,1.0,5.0,6.0,6.0,6.0,4.0,17.0,52.0,58.0,1.0,5.0,7.0,8.0,20.0,56.0,1.0,1.0,,,,,,,,,,,,1.0,1.0,1.0,1.0,1.0,1.0,2.0,1.0,2.0,2.0,2.0,2.0,2.0,1.0,2.0,2.0,2.0,1.0,2.0,2.0,2.0,2.0,2.0,2.0,2.0,2.0,2.0,2.0,2.0,2.0,2.0,2.0,2.0,2.0,2.0,2.0,2.0,2.0,2.0,1.0,2.0,2.0,2.0,2.0,2.0,2.0,1.0,,,1.0,,,,20.0,,,1.0
pid_207,,1.0,,2.0,2.0,54.0,,,,,1.0,380.0,,70.0,,3.0,4.0,4.0,4.0,4.0,5.0,4.0,4.0,4.0,4.0,3.0,2.0,,,,,,5.0,2.0,3.0,,4.0,1.0,7.0,3.0,5.0,5.0,2.0,5.0,7.0,5.0,55.0,55.0,40.0,70.0,60.0,50.0,55.0,60.0,60.0,80.0,3.0,5.0,,,,,,,,,,,,1.0,2.0,1.0,1.0,2.0,1.0,1.0,1.0,2.0,2.0,1.0,1.0,1.0,1.0,1.0,2.0,1.0,1.0,1.0,1.0,1.0,2.0,2.0,2.0,1.0,1.0,1.0,1.0,1.0,1.0,2.0,2.0,2.0,2.0,2.0,2.0,2.0,1.0,2.0,1.0,1.0,1.0,1.0,1.0,1.0,1.0,4.0,,,5.0,,,15.0,,3.0,,
pid_208,,1.0,,1.0,2.0,35.0,,,1.0,1200.0,,,,70.0,,3.0,2.0,3.0,4.0,3.0,3.0,2.0,2.0,4.0,2.0,2.0,,1.0,,2.0,2.0,2.0,,,,,5.0,1.0,5.0,1.0,4.0,4.0,2.0,5.0,4.0,4.0,51.0,53.0,53.0,45.0,35.0,37.0,40.0,55.0,25.0,25.0,1.0,6.0,,1.0,1.0,1.0,1.0,1.0,1.0,2.0,2.0,2.0,1.0,,,,,,,2.0,2.0,2.0,1.0,2.0,1.0,2.0,2.0,2.0,2.0,1.0,2.0,2.0,1.0,1.0,2.0,2.0,2.0,2.0,2.0,2.0,2.0,1.0,1.0,2.0,2.0,2.0,2.0,2.0,2.0,2.0,2.0,2.0,1.0,2.0,1.0,2.0,1.0,1.0,1.0,,4.0,,,4.0,,10.0,,,5.0,
pid_209,1.0,,,2.0,2.0,25.0,,,2.0,300.0,,,100.0,,,6.0,2.0,4.0,5.0,5.0,5.0,4.0,5.0,5.0,1.0,5.0,,5.0,,,,,3.0,4.0,1.0,,1.0,1.0,6.0,1.0,3.0,3.0,2.0,7.0,6.0,6.0,20.0,70.0,55.0,25.0,20.0,21.0,60.0,40.0,45.0,45.0,4.0,7.0,,,,,,,,,,,,1.0,1.0,1.0,1.0,1.0,1.0,2.0,2.0,2.0,2.0,2.0,2.0,1.0,2.0,2.0,2.0,2.0,2.0,2.0,1.0,2.0,2.0,2.0,2.0,1.0,1.0,2.0,2.0,2.0,1.0,2.0,2.0,2.0,2.0,1.0,2.0,2.0,1.0,2.0,1.0,2.0,2.0,2.0,2.0,2.0,2.0,,5.0,,,6.0,,20.0,,,9.0,
pid_210,1.0,,,2.0,2.0,50.0,,,2.0,400.0,,,95.0,,1.0,,4.0,5.0,5.0,5.0,5.0,4.0,5.0,5.0,1.0,2.0,2.0,,,,,,3.0,3.0,2.0,6.0,,1.0,5.0,6.0,7.0,6.0,3.0,4.0,5.0,6.0,13.0,32.0,35.0,65.0,21.0,24.0,31.0,37.0,52.0,44.0,3.0,,1.0,1.0,1.0,1.0,1.0,1.0,1.0,1.0,1.0,1.0,1.0,,,,,,,1.0,2.0,1.0,2.0,2.0,2.0,2.0,1.0,1.0,1.0,2.0,1.0,2.0,2.0,2.0,2.0,2.0,1.0,2.0,1.0,1.0,1.0,2.0,1.0,2.0,2.0,2.0,2.0,1.0,1.0,2.0,2.0,2.0,1.0,2.0,1.0,2.0,2.0,2.0,2.0,4.0,,,6.0,,,,15.0,10.0,,
pid_211,1.0,,2.0,,2.0,40.0,,,,,1.0,300.0,30.0,,3.0,,1.0,2.0,1.0,4.0,1.0,1.0,1.0,3.0,1.0,3.0,1.0,,,3.0,5.0,2.0,,,,,2.0,1.0,6.0,5.0,7.0,6.0,2.0,3.0,4.0,5.0,25.0,59.0,64.0,51.0,35.0,24.0,48.0,61.0,28.0,52.0,2.0,,7.0,1.0,1.0,1.0,1.0,1.0,1.0,1.0,1.0,1.0,1.0,,,,,,,1.0,2.0,1.0,1.0,2.0,2.0,1.0,1.0,2.0,1.0,2.0,1.0,1.0,2.0,2.0,2.0,1.0,2.0,1.0,2.0,2.0,2.0,2.0,1.0,2.0,1.0,2.0,1.0,2.0,2.0,1.0,2.0,2.0,1.0,1.0,2.0,2.0,2.0,2.0,2.0,3.0,,,2.0,,,,15.0,1.0,,
pid_212,1.0,,1.0,,2.0,0.0,,,1.0,1200.0,,,71.0,,5.0,,4.0,5.0,4.0,5.0,2.0,2.0,3.0,5.0,4.0,5.0,,,4.0,5.0,4.0,5.0,,,,,5.0,1.0,7.0,2.0,2.0,4.0,2.0,5.0,6.0,7.0,61.0,91.0,65.0,82.0,19.0,10.0,70.0,45.0,80.0,96.0,3.0,2.0,,,,,,,,,,,,1.0,1.0,1.0,1.0,1.0,1.0,1.0,1.0,2.0,1.0,1.0,2.0,1.0,2.0,1.0,1.0,1.0,1.0,1.0,2.0,1.0,1.0,2.0,2.0,1.0,1.0,1.0,2.0,1.0,1.0,1.0,1.0,1.0,1.0,2.0,2.0,2.0,2.0,1.0,1.0,2.0,2.0,2.0,1.0,2.0,1.0,,,4.0,,,3.0,,15.0,,3.0,
pid_213,1.0,,,2.0,2.0,3.0,,,,,1.0,110.0,71.0,,2.0,,5.0,5.0,2.0,4.0,5.0,5.0,5.0,4.0,5.0,4.0,,,1.0,,,,1.0,2.0,3.0,3.0,,2.0,5.0,2.0,3.0,1.0,2.0,6.0,7.0,7.0,40.0,81.0,44.0,81.0,50.0,70.0,85.0,79.0,65.0,92.0,3.0,,6.0,1.0,1.0,1.0,1.0,1.0,1.0,1.0,1.0,1.0,1.0,,,,,,,1.0,2.0,2.0,2.0,2.0,1.0,2.0,1.0,1.0,2.0,1.0,2.0,2.0,1.0,1.0,2.0,2.0,2.0,1.0,2.0,1.0,2.0,1.0,2.0,2.0,2.0,2.0,2.0,1.0,2.0,1.0,2.0,2.0,2.0,1.0,2.0,1.0,1.0,1.0,2.0,,,5.0,,,6.0,20.0,,,4.0,
pid_214,,1.0,,2.0,2.0,54.0,,,1.0,380.0,,,,70.0,,5.0,3.0,3.0,3.0,3.0,3.0,3.0,3.0,3.0,3.0,3.0,3.0,,,,,,3.0,3.0,3.0,,4.0,1.0,4.0,4.0,4.0,4.0,4.0,4.0,4.0,4.0,46.0,26.0,65.0,55.0,42.0,41.0,41.0,51.0,24.0,59.0,2.0,,6.0,,,,,,,,,,,1.0,2.0,1.0,2.0,1.0,2.0,1.0,1.0,1.0,1.0,1.0,1.0,1.0,1.0,1.0,1.0,1.0,1.0,1.0,1.0,1.0,1.0,1.0,1.0,1.0,1.0,1.0,1.0,1.0,1.0,1.0,1.0,1.0,1.0,1.0,1.0,1.0,1.0,1.0,1.0,1.0,1.0,1.0,1.0,1.0,1.0,3.0,,,4.0,,,,16.0,,,2.0
pid_215,,2.0,1.0,,,,1.0,27.0,,,1.0,150.0,88.0,,,4.0,5.0,5.0,2.0,5.0,5.0,5.0,5.0,5.0,5.0,5.0,,4.0,,5.0,4.0,2.0,,,,,6.0,2.0,6.0,1.0,3.0,3.0,3.0,5.0,6.0,6.0,53.0,80.0,54.0,77.0,40.0,51.0,52.0,65.0,52.0,78.0,2.0,6.0,,,,,,,,,,,,1.0,1.0,1.0,2.0,1.0,2.0,2.0,2.0,1.0,2.0,1.0,1.0,2.0,2.0,1.0,1.0,2.0,1.0,2.0,1.0,1.0,2.0,1.0,2.0,2.0,2.0,1.0,2.0,2.0,1.0,2.0,2.0,2.0,2.0,1.0,2.0,2.0,1.0,2.0,2.0,1.0,2.0,1.0,1.0,1.0,2.0,,5.0,,,6.0,,5.0,,,,3.0
pid_216,,1.0,2.0,,1.0,54.0,,,2.0,300.0,,,,63.0,4.0,,1.0,4.0,5.0,4.0,4.0,2.0,2.0,5.0,5.0,5.0,,2.0,,3.0,4.0,3.0,,,,,2.0,1.0,5.0,3.0,4.0,5.0,5.0,6.0,4.0,4.0,9.0,83.0,100.0,79.0,41.0,65.0,27.0,32.0,13.0,69.0,4.0,6.0,,1.0,1.0,1.0,2.0,1.0,2.0,2.0,2.0,2.0,1.0,,,,,,,1.0,1.0,1.0,1.0,1.0,2.0,1.0,1.0,2.0,1.0,2.0,2.0,1.0,1.0,1.0,1.0,1.0,1.0,1.0,2.0,1.0,1.0,2.0,1.0,1.0,2.0,1.0,1.0,1.0,2.0,1.0,1.0,1.0,2.0,2.0,1.0,1.0,1.0,1.0,1.0,,4.0,,,3.0,,2.0,,,,4.0
pid_217,1.0,,1.0,,2.0,5.0,,,,,1.0,300.0,,94.0,,1.0,3.0,5.0,4.0,3.0,1.0,3.0,3.0,3.0,3.0,3.0,,,4.0,,,,2.0,4.0,3.0,1.0,,2.0,5.0,4.0,5.0,4.0,3.0,3.0,5.0,4.0,19.0,78.0,35.0,8.0,30.0,11.0,46.0,13.0,13.0,25.0,1.0,4.0,,1.0,1.0,1.0,1.0,1.0,1.0,1.0,1.0,1.0,1.0,,,,,,,2.0,1.0,2.0,2.0,1.0,2.0,2.0,2.0,2.0,1.0,1.0,1.0,2.0,2.0,1.0,2.0,1.0,1.0,2.0,1.0,2.0,1.0,2.0,2.0,2.0,1.0,1.0,1.0,1.0,2.0,2.0,1.0,2.0,2.0,1.0,1.0,2.0,1.0,1.0,2.0,,,1.0,,,1.0,5.0,,,,5.0
pid_218,,1.0,2.0,,2.0,50.0,,,2.0,300.0,,,80.0,,,5.0,2.0,2.0,4.0,4.0,4.0,3.0,4.0,3.0,2.0,5.0,2.0,,,3.0,4.0,3.0,,,,,2.0,2.0,6.0,5.0,2.0,2.0,5.0,6.0,6.0,6.0,40.0,50.0,80.0,75.0,60.0,60.0,80.0,50.0,50.0,80.0,3.0,,6.0,1.0,1.0,1.0,2.0,1.0,1.0,2.0,1.0,1.0,2.0,,,,,,,1.0,2.0,1.0,1.0,1.0,2.0,2.0,2.0,2.0,1.0,1.0,2.0,1.0,2.0,2.0,2.0,2.0,1.0,1.0,2.0,1.0,1.0,2.0,1.0,1.0,2.0,2.0,2.0,1.0,1.0,2.0,2.0,2.0,2.0,2.0,2.0,1.0,1.0,2.0,1.0,4.0,,,5.0,,,20.0,,,8.0,
pid_219,1.0,,1.0,,,,1.0,50.0,2.0,350.0,,,,76.0,,4.0,5.0,5.0,1.0,1.0,4.0,5.0,5.0,1.0,5.0,5.0,3.0,,,,,,4.0,4.0,3.0,5.0,,2.0,7.0,5.0,7.0,4.0,3.0,5.0,7.0,6.0,60.0,84.0,21.0,15.0,26.0,41.0,49.0,34.0,27.0,55.0,3.0,6.0,,,,,,,,,,,,1.0,2.0,1.0,1.0,2.0,1.0,2.0,1.0,2.0,2.0,2.0,2.0,2.0,2.0,2.0,1.0,2.0,2.0,1.0,2.0,2.0,2.0,1.0,1.0,2.0,2.0,2.0,1.0,1.0,1.0,2.0,2.0,2.0,2.0,1.0,2.0,2.0,2.0,2.0,2.0,2.0,2.0,2.0,1.0,2.0,1.0,4.0,,,5.0,,,,20.0,,9.0,
pid_220,,2.0,1.0,,2.0,50.0,,,,,1.0,400.0,,31.0,4.0,,4.0,5.0,5.0,4.0,4.0,4.0,4.0,4.0,2.0,4.0,,,4.0,,,,3.0,2.0,4.0,4.0,,2.0,6.0,2.0,3.0,3.0,2.0,6.0,5.0,5.0,51.0,79.0,92.0,70.0,51.0,54.0,76.0,72.0,7.0,55.0,3.0,,3.0,1.0,1.0,1.0,2.0,2.0,1.0,1.0,1.0,2.0,1.0,,,,,,,1.0,2.0,2.0,2.0,2.0,2.0,2.0,2.0,2.0,2.0,2.0,2.0,2.0,2.0,2.0,2.0,1.0,2.0,2.0,1.0,2.0,2.0,1.0,2.0,2.0,2.0,2.0,2.0,1.0,2.0,2.0,2.0,2.0,2.0,2.0,1.0,2.0,1.0,2.0,2.0,,,5.0,,,6.0,,10.0,10.0,,
pid_221,,1.0,,1.0,,,1.0,30.0,,,1.0,90.0,,70.0,6.0,,1.0,4.0,5.0,3.0,3.0,3.0,1.0,4.0,1.0,1.0,2.0,,,1.0,1.0,1.0,,,,,6.0,2.0,5.0,5.0,1.0,5.0,2.0,5.0,7.0,7.0,37.0,71.0,84.0,49.0,56.0,39.0,32.0,42.0,10.0,0.0,1.0,6.0,,,,,,,,,,,,1.0,1.0,1.0,1.0,1.0,1.0,2.0,1.0,1.0,1.0,1.0,2.0,1.0,1.0,1.0,1.0,1.0,1.0,2.0,2.0,1.0,1.0,1.0,1.0,1.0,2.0,2.0,1.0,1.0,2.0,2.0,1.0,1.0,1.0,1.0,2.0,1.0,1.0,1.0,1.0,1.0,1.0,1.0,1.0,1.0,2.0,3.0,,,1.0,,,0.0,,,,1.0
pid_222,1.0,,1.0,,,,1.0,45.0,2.0,300.0,,,,100.0,,3.0,2.0,1.0,5.0,5.0,1.0,1.0,1.0,4.0,1.0,5.0,1.0,,,,,,1.0,1.0,1.0,,6.0,1.0,4.0,1.0,4.0,4.0,1.0,3.0,4.0,5.0,20.0,15.0,75.0,84.0,0.0,10.0,15.0,50.0,30.0,86.0,3.0,,6.0,1.0,1.0,1.0,1.0,1.0,1.0,1.0,1.0,1.0,1.0,,,,,,,1.0,2.0,2.0,2.0,2.0,1.0,2.0,1.0,2.0,2.0,2.0,2.0,2.0,2.0,1.0,2.0,2.0,2.0,1.0,1.0,2.0,2.0,2.0,1.0,2.0,2.0,2.0,1.0,2.0,2.0,2.0,2.0,2.0,2.0,1.0,2.0,2.0,2.0,2.0,2.0,5.0,,,5.0,,,20.0,,,,3.0
pid_223,2.0,,2.0,,,,1.0,30.0,2.0,890.0,,,35.0,,5.0,,5.0,5.0,1.0,3.0,5.0,5.0,5.0,5.0,5.0,3.0,,1.0,,,,,5.0,1.0,5.0,4.0,,2.0,7.0,2.0,1.0,5.0,1.0,4.0,7.0,5.0,88.0,26.0,29.0,48.0,81.0,71.0,100.0,55.0,91.0,37.0,2.0,,5.0,1.0,1.0,1.0,2.0,2.0,2.0,1.0,1.0,2.0,2.0,,,,,,,2.0,2.0,2.0,2.0,2.0,2.0,1.0,2.0,1.0,1.0,1.0,1.0,2.0,2.0,2.0,2.0,1.0,2.0,1.0,1.0,2.0,2.0,1.0,2.0,2.0,1.0,1.0,1.0,1.0,1.0,2.0,2.0,2.0,1.0,2.0,1.0,1.0,2.0,2.0,1.0,,5.0,,,6.0,,17.0,,1.0,,
pid_224,,1.0,,1.0,,,2.0,60.0,1.0,1100.0,,,,80.0,5.0,,5.0,3.0,4.0,3.0,4.0,4.0,3.0,4.0,4.0,3.0,,4.0,,5.0,4.0,5.0,,,,5.0,,2.0,6.0,5.0,6.0,5.0,6.0,5.0,5.0,5.0,33.0,33.0,21.0,58.0,32.0,22.0,31.0,42.0,33.0,40.0,3.0,,7.0,,,,,,,,,,,1.0,1.0,2.0,2.0,2.0,2.0,2.0,1.0,1.0,1.0,1.0,1.0,1.0,2.0,1.0,1.0,1.0,2.0,2.0,1.0,1.0,1.0,2.0,1.0,1.0,1.0,1.0,2.0,1.0,1.0,1.0,1.0,1.0,1.0,1.0,2.0,1.0,1.0,1.0,2.0,1.0,1.0,1.0,1.0,1.0,2.0,,4.0,,,4.0,,15.0,,,,6.0
pid_225,1.0,,1.0,,2.0,54.0,,,,,2.0,70.0,74.0,,2.0,,4.0,2.0,5.0,2.0,5.0,4.0,4.0,5.0,4.0,5.0,,2.0,,1.0,5.0,1.0,,,,3.0,,1.0,2.0,3.0,1.0,3.0,5.0,6.0,7.0,5.0,77.0,30.0,90.0,46.0,55.0,79.0,76.0,82.0,53.0,56.0,3.0,,3.0,1.0,2.0,1.0,1.0,1.0,2.0,2.0,2.0,2.0,2.0,,,,,,,1.0,1.0,1.0,2.0,2.0,1.0,1.0,1.0,2.0,1.0,2.0,1.0,1.0,1.0,2.0,1.0,1.0,2.0,1.0,1.0,2.0,2.0,2.0,1.0,1.0,2.0,1.0,2.0,1.0,2.0,2.0,2.0,1.0,1.0,2.0,1.0,1.0,1.0,1.0,1.0,,4.0,,,2.0,,,12.0,,10.0,
pid_226,2.0,,,1.0,1.0,75.0,,,,,1.0,98.0,,63.0,4.0,,3.0,5.0,5.0,5.0,5.0,4.0,5.0,4.0,4.0,5.0,3.0,,,3.0,1.0,1.0,,,,,4.0,1.0,7.0,2.0,2.0,3.0,2.0,6.0,7.0,7.0,73.0,100.0,43.0,96.0,56.0,50.0,96.0,74.0,70.0,92.0,1.0,,6.0,,,,,,,,,,,1.0,2.0,2.0,1.0,2.0,1.0,1.0,1.0,2.0,2.0,2.0,1.0,2.0,2.0,1.0,2.0,1.0,1.0,1.0,2.0,1.0,2.0,1.0,2.0,1.0,2.0,1.0,2.0,1.0,1.0,1.0,1.0,1.0,1.0,2.0,2.0,1.0,1.0,2.0,1.0,1.0,2.0,1.0,1.0,1.0,2.0,4.0,,,4.0,,,10.0,,,2.0,
pid_227,,1.0,,2.0,,,1.0,20.0,,,2.0,50.0,,13.0,3.0,,3.0,5.0,2.0,3.0,4.0,5.0,4.0,4.0,5.0,5.0,1.0,,,5.0,3.0,3.0,,,,,6.0,2.0,4.0,4.0,1.0,4.0,3.0,7.0,7.0,7.0,79.0,72.0,64.0,77.0,58.0,88.0,58.0,52.0,29.0,79.0,3.0,6.0,,1.0,1.0,1.0,2.0,1.0,2.0,1.0,1.0,1.0,2.0,,,,,,,2.0,2.0,2.0,1.0,2.0,1.0,1.0,1.0,1.0,2.0,2.0,1.0,1.0,1.0,2.0,1.0,2.0,1.0,2.0,1.0,1.0,1.0,2.0,1.0,2.0,1.0,1.0,2.0,1.0,2.0,1.0,2.0,1.0,1.0,2.0,1.0,2.0,2.0,1.0,2.0,5.0,,,6.0,,,5.0,,,,4.0
pid_228,1.0,,,1.0,2.0,54.0,,,1.0,1100.0,,,,70.0,,1.0,1.0,5.0,5.0,3.0,1.0,1.0,1.0,1.0,1.0,1.0,,1.0,,3.0,3.0,1.0,,,,2.0,,2.0,5.0,3.0,2.0,2.0,3.0,3.0,5.0,6.0,8.0,50.0,67.0,28.0,8.0,11.0,13.0,21.0,7.0,45.0,1.0,,4.0,1.0,2.0,2.0,1.0,2.0,1.0,2.0,1.0,2.0,1.0,,,,,,,2.0,2.0,2.0,2.0,1.0,2.0,2.0,1.0,2.0,1.0,2.0,2.0,2.0,2.0,2.0,1.0,2.0,2.0,2.0,2.0,2.0,1.0,2.0,2.0,2.0,2.0,2.0,2.0,1.0,2.0,2.0,2.0,2.0,2.0,2.0,2.0,2.0,2.0,2.0,2.0,,1.0,,,4.0,,5.0,,,10.0,
pid_229,,2.0,,2.0,2.0,35.0,,,1.0,1200.0,,,,95.0,4.0,,5.0,5.0,2.0,4.0,5.0,5.0,5.0,3.0,5.0,4.0,5.0,,,3.0,3.0,3.0,,,,4.0,,1.0,7.0,4.0,2.0,2.0,2.0,6.0,7.0,7.0,70.0,80.0,85.0,70.0,50.0,50.0,70.0,70.0,40.0,60.0,3.0,6.0,,1.0,1.0,1.0,2.0,1.0,2.0,1.0,1.0,1.0,2.0,,,,,,,1.0,1.0,2.0,1.0,1.0,1.0,1.0,2.0,1.0,2.0,2.0,2.0,1.0,1.0,2.0,1.0,2.0,2.0,1.0,1.0,1.0,2.0,2.0,2.0,2.0,2.0,2.0,1.0,2.0,2.0,2.0,2.0,1.0,1.0,2.0,2.0,2.0,2.0,2.0,2.0,5.0,,,4.0,,,,20.0,,,10.0
pid_230,,2.0,,2.0,2.0,40.0,,,,,1.0,125.0,,50.0,,4.0,5.0,5.0,3.0,4.0,3.0,4.0,4.0,4.0,5.0,4.0,,2.0,,,,,3.0,3.0,3.0,,5.0,1.0,5.0,1.0,4.0,4.0,2.0,6.0,6.0,5.0,70.0,95.0,50.0,60.0,50.0,55.0,50.0,70.0,65.0,80.0,1.0,,6.0,1.0,1.0,1.0,1.0,1.0,1.0,1.0,1.0,1.0,1.0,,,,,,,2.0,2.0,2.0,2.0,2.0,1.0,1.0,2.0,2.0,2.0,2.0,2.0,1.0,1.0,2.0,1.0,2.0,1.0,2.0,2.0,2.0,1.0,2.0,2.0,2.0,2.0,2.0,1.0,2.0,1.0,2.0,1.0,2.0,1.0,1.0,1.0,1.0,1.0,2.0,2.0,,5.0,,,6.0,,15.0,,,,2.0
pid_231,1.0,,,2.0,,,2.0,8.0,1.0,1500.0,,,33.0,,,5.0,1.0,5.0,5.0,4.0,1.0,1.0,4.0,4.0,1.0,4.0,,2.0,,3.0,1.0,2.0,,,,3.0,,1.0,3.0,2.0,2.0,5.0,2.0,3.0,6.0,6.0,8.0,81.0,100.0,66.0,5.0,3.0,46.0,60.0,3.0,61.0,1.0,6.0,,2.0,1.0,2.0,2.0,2.0,2.0,2.0,2.0,1.0,2.0,,,,,,,2.0,1.0,2.0,1.0,1.0,2.0,2.0,2.0,1.0,2.0,2.0,1.0,1.0,1.0,1.0,1.0,1.0,1.0,2.0,2.0,2.0,2.0,2.0,1.0,1.0,1.0,2.0,2.0,1.0,1.0,1.0,2.0,1.0,2.0,1.0,2.0,1.0,2.0,1.0,1.0,,4.0,,,4.0,,,18.0,1.0,,
pid_232,,2.0,,1.0,2.0,50.0,,,,,1.0,120.0,,95.0,,6.0,1.0,1.0,5.0,5.0,1.0,1.0,1.0,2.0,1.0,1.0,1.0,,,,,,4.0,3.0,4.0,1.0,,1.0,7.0,2.0,6.0,5.0,5.0,6.0,7.0,7.0,15.0,30.0,80.0,50.0,20.0,10.0,35.0,40.0,35.0,60.0,2.0,6.0,,,,,,,,,,,,1.0,1.0,1.0,2.0,1.0,2.0,2.0,1.0,2.0,1.0,1.0,2.0,1.0,1.0,2.0,2.0,1.0,2.0,1.0,2.0,2.0,1.0,1.0,1.0,2.0,2.0,2.0,1.0,2.0,2.0,2.0,2.0,1.0,2.0,2.0,2.0,1.0,2.0,2.0,2.0,1.0,1.0,1.0,1.0,2.0,1.0,4.0,,,5.0,,,,15.0,,,3.0
pid_233,,2.0,1.0,,2.0,50.0,,,1.0,2000.0,,,30.0,,,4.0,5.0,5.0,2.0,3.0,5.0,5.0,5.0,5.0,3.0,5.0,,5.0,,5.0,2.0,3.0,,,,,4.0,1.0,6.0,2.0,5.0,5.0,2.0,5.0,5.0,6.0,35.0,40.0,45.0,25.0,30.0,25.0,25.0,25.0,35.0,65.0,2.0,,5.0,,,,,,,,,,,1.0,1.0,1.0,1.0,1.0,1.0,2.0,1.0,2.0,2.0,2.0,2.0,2.0,2.0,1.0,1.0,1.0,2.0,1.0,2.0,2.0,2.0,2.0,2.0,2.0,2.0,1.0,2.0,1.0,2.0,1.0,2.0,2.0,2.0,2.0,2.0,2.0,1.0,2.0,2.0,2.0,1.0,2.0,2.0,1.0,2.0,,5.0,,,6.0,,,20.0,,9.0,
pid_234,1.0,,1.0,,,,2.0,8.0,2.0,700.0,,,30.0,,,3.0,2.0,3.0,4.0,3.0,2.0,2.0,3.0,3.0,3.0,2.0,1.0,,,5.0,4.0,2.0,,,,,3.0,1.0,5.0,4.0,4.0,2.0,2.0,5.0,5.0,7.0,50.0,65.0,50.0,30.0,30.0,35.0,45.0,55.0,50.0,40.0,3.0,,6.0,2.0,1.0,2.0,1.0,1.0,1.0,1.0,1.0,1.0,1.0,,,,,,,2.0,2.0,2.0,2.0,2.0,2.0,2.0,2.0,2.0,2.0,2.0,2.0,2.0,2.0,2.0,2.0,1.0,2.0,2.0,2.0,1.0,1.0,2.0,1.0,2.0,1.0,2.0,2.0,2.0,2.0,2.0,2.0,2.0,1.0,2.0,2.0,1.0,2.0,2.0,1.0,5.0,,,6.0,,,16.0,,,,2.0
pid_235,,2.0,,2.0,2.0,54.0,,,,,1.0,300.0,,70.0,3.0,,5.0,5.0,4.0,4.0,4.0,5.0,5.0,4.0,4.0,4.0,,,4.0,5.0,5.0,3.0,,,,,2.0,2.0,7.0,4.0,6.0,5.0,5.0,7.0,5.0,5.0,60.0,50.0,35.0,47.0,39.0,50.0,34.0,45.0,36.0,49.0,3.0,,7.0,,,,,,,,,,,1.0,2.0,1.0,1.0,2.0,1.0,2.0,2.0,2.0,2.0,1.0,1.0,2.0,2.0,2.0,1.0,2.0,1.0,2.0,1.0,2.0,2.0,1.0,2.0,1.0,2.0,2.0,1.0,2.0,1.0,2.0,2.0,2.0,1.0,2.0,2.0,2.0,1.0,2.0,2.0,2.0,1.0,1.0,1.0,1.0,1.0,,,5.0,,,6.0,17.0,,,10.0,
pid_236,1.0,,1.0,,2.0,35.0,,,,,1.0,150.0,70.0,,3.0,,2.0,4.0,5.0,4.0,3.0,4.0,5.0,2.0,5.0,5.0,3.0,,,,,,1.0,1.0,3.0,,5.0,2.0,6.0,1.0,1.0,1.0,5.0,7.0,7.0,6.0,10.0,98.0,90.0,80.0,40.0,75.0,75.0,60.0,100.0,100.0,1.0,3.0,,,,,,,,,,,,1.0,1.0,1.0,1.0,2.0,2.0,2.0,2.0,1.0,2.0,1.0,2.0,2.0,2.0,1.0,2.0,1.0,2.0,1.0,2.0,1.0,1.0,2.0,1.0,1.0,2.0,2.0,2.0,1.0,2.0,1.0,1.0,2.0,2.0,2.0,2.0,1.0,2.0,2.0,2.0,2.0,1.0,2.0,1.0,1.0,2.0,2.0,,,2.0,,,,15.0,,1.0,
pid_237,2.0,,2.0,,2.0,8.0,,,2.0,85.0,,,30.0,,1.0,,4.0,5.0,1.0,1.0,5.0,5.0,5.0,1.0,5.0,5.0,1.0,,,,,,1.0,1.0,1.0,6.0,,1.0,5.0,3.0,4.0,3.0,6.0,5.0,2.0,3.0,40.0,45.0,57.0,31.0,54.0,38.0,45.0,56.0,47.0,62.0,2.0,,6.0,,,,,,,,,,,1.0,1.0,1.0,1.0,1.0,1.0,2.0,2.0,2.0,2.0,2.0,2.0,1.0,1.0,2.0,1.0,2.0,1.0,2.0,2.0,1.0,1.0,2.0,2.0,2.0,2.0,2.0,2.0,1.0,2.0,1.0,1.0,1.0,2.0,2.0,2.0,2.0,2.0,2.0,2.0,2.0,2.0,2.0,2.0,1.0,1.0,1.0,,,3.0,,,18.0,,1.0,,
pid_238,,2.0,2.0,,,,1.0,48.0,2.0,400.0,,,30.0,,3.0,,5.0,3.0,2.0,2.0,4.0,5.0,3.0,5.0,5.0,4.0,1.0,,,,,,5.0,3.0,3.0,,5.0,1.0,6.0,1.0,5.0,5.0,1.0,6.0,7.0,7.0,52.0,80.0,62.0,57.0,50.0,52.0,57.0,65.0,52.0,60.0,2.0,,7.0,,,,,,,,,,,1.0,1.0,1.0,1.0,1.0,1.0,2.0,2.0,2.0,1.0,2.0,2.0,1.0,1.0,2.0,2.0,1.0,2.0,1.0,2.0,2.0,2.0,1.0,1.0,2.0,1.0,1.0,2.0,2.0,2.0,2.0,2.0,2.0,1.0,2.0,1.0,1.0,1.0,1.0,2.0,2.0,1.0,2.0,2.0,2.0,1.0,1.0,,,2.0,,,,5.0,,,2.0
pid_239,,1.0,,2.0,,,2.0,3.0,2.0,250.0,,,,25.0,,5.0,4.0,5.0,5.0,4.0,3.0,4.0,4.0,4.0,4.0,4.0,,,2.0,3.0,2.0,3.0,,,,,2.0,1.0,6.0,3.0,5.0,4.0,3.0,5.0,6.0,6.0,70.0,79.0,81.0,83.0,40.0,62.0,63.0,67.0,20.0,55.0,2.0,,6.0,,,,,,,,,,,1.0,1.0,1.0,1.0,1.0,1.0,2.0,1.0,2.0,2.0,2.0,2.0,2.0,2.0,2.0,1.0,2.0,2.0,1.0,2.0,1.0,2.0,1.0,2.0,2.0,1.0,1.0,2.0,1.0,1.0,2.0,1.0,2.0,2.0,2.0,2.0,2.0,2.0,2.0,2.0,2.0,2.0,1.0,1.0,1.0,2.0,,,5.0,,,5.0,20.0,,2.0,,
pid_240,2.0,,2.0,,2.0,15.0,,,,,1.0,300.0,20.0,,,2.0,4.0,4.0,4.0,4.0,4.0,4.0,4.0,4.0,4.0,4.0,,,2.0,4.0,3.0,2.0,,,,,2.0,1.0,6.0,3.0,5.0,5.0,2.0,6.0,5.0,5.0,60.0,71.0,25.0,69.0,51.0,64.0,59.0,67.0,54.0,70.0,2.0,,6.0,1.0,1.0,1.0,1.0,1.0,1.0,1.0,1.0,1.0,1.0,,,,,,,1.0,2.0,1.0,1.0,2.0,1.0,2.0,2.0,2.0,2.0,2.0,2.0,2.0,1.0,1.0,2.0,1.0,2.0,1.0,2.0,2.0,2.0,2.0,2.0,1.0,2.0,1.0,2.0,2.0,1.0,1.0,2.0,2.0,2.0,2.0,1.0,1.0,1.0,1.0,2.0,,,2.0,,,5.0,,5.0,,5.0,
pid_241,1.0,,2.0,,2.0,35.0,,,1.0,1500.0,,,30.0,,2.0,,3.0,3.0,3.0,3.0,3.0,3.0,3.0,3.0,3.0,3.0,,,2.0,,,,3.0,2.0,2.0,3.0,,1.0,5.0,2.0,5.0,3.0,4.0,5.0,4.0,4.0,46.0,53.0,46.0,48.0,35.0,31.0,49.0,56.0,68.0,62.0,3.0,,1.0,1.0,1.0,1.0,1.0,1.0,1.0,1.0,1.0,1.0,1.0,,,,,,,2.0,2.0,2.0,2.0,2.0,2.0,2.0,2.0,2.0,2.0,2.0,2.0,2.0,2.0,2.0,2.0,2.0,2.0,2.0,2.0,2.0,2.0,1.0,2.0,2.0,2.0,1.0,2.0,2.0,2.0,1.0,2.0,2.0,2.0,2.0,2.0,2.0,2.0,2.0,2.0,,,2.0,,,3.0,3.0,,,,2.0
pid_242,1.0,,1.0,,2.0,54.0,,,2.0,400.0,,,,85.0,2.0,,4.0,2.0,5.0,4.0,3.0,4.0,3.0,4.0,4.0,4.0,,,1.0,1.0,1.0,1.0,,,,,3.0,1.0,6.0,2.0,1.0,6.0,3.0,4.0,5.0,7.0,90.0,30.0,100.0,67.0,50.0,75.0,60.0,78.0,100.0,49.0,3.0,5.0,,2.0,1.0,1.0,2.0,1.0,2.0,1.0,2.0,1.0,2.0,,,,,,,1.0,1.0,2.0,2.0,1.0,1.0,2.0,1.0,2.0,2.0,2.0,2.0,1.0,1.0,1.0,1.0,2.0,1.0,2.0,2.0,2.0,1.0,1.0,2.0,2.0,2.0,2.0,1.0,2.0,2.0,1.0,1.0,2.0,1.0,1.0,1.0,1.0,2.0,2.0,2.0,,,5.0,,,4.0,,0.0,,4.0,
pid_243,1.0,,,2.0,2.0,58.0,,,2.0,380.0,,,,30.0,,4.0,3.0,3.0,2.0,4.0,3.0,3.0,4.0,4.0,3.0,5.0,,,4.0,1.0,1.0,1.0,,,,4.0,,2.0,6.0,4.0,4.0,4.0,5.0,6.0,7.0,7.0,50.0,52.0,100.0,68.0,50.0,55.0,68.0,68.0,52.0,91.0,2.0,6.0,,,,,,,,,,,,1.0,1.0,1.0,1.0,1.0,2.0,1.0,1.0,2.0,2.0,1.0,1.0,2.0,1.0,2.0,1.0,1.0,1.0,2.0,2.0,1.0,2.0,2.0,2.0,1.0,2.0,1.0,1.0,2.0,1.0,2.0,1.0,2.0,1.0,1.0,1.0,1.0,1.0,1.0,1.0,1.0,1.0,2.0,2.0,2.0,1.0,,,5.0,,,6.0,20.0,,,6.0,
pid_244,,1.0,1.0,,2.0,54.0,,,2.0,380.0,,,,80.0,,1.0,5.0,4.0,4.0,2.0,4.0,4.0,5.0,4.0,4.0,5.0,,,2.0,1.0,1.0,1.0,,,,3.0,,1.0,6.0,1.0,1.0,3.0,2.0,5.0,5.0,7.0,60.0,31.0,100.0,74.0,100.0,100.0,58.0,77.0,81.0,60.0,4.0,5.0,,,,,,,,,,,,2.0,2.0,2.0,1.0,1.0,1.0,2.0,2.0,2.0,1.0,2.0,2.0,2.0,2.0,2.0,1.0,1.0,1.0,1.0,1.0,2.0,2.0,1.0,2.0,2.0,1.0,2.0,2.0,1.0,1.0,2.0,1.0,2.0,2.0,1.0,2.0,2.0,1.0,1.0,1.0,2.0,1.0,1.0,2.0,1.0,1.0,,,4.0,,,3.0,,0.0,,,3.0
pid_245,1.0,,,2.0,2.0,54.0,,,,,1.0,380.0,,90.0,3.0,,4.0,3.0,4.0,4.0,4.0,4.0,4.0,4.0,2.0,4.0,,,3.0,,,,2.0,2.0,2.0,,5.0,1.0,6.0,2.0,3.0,4.0,2.0,6.0,5.0,4.0,72.0,73.0,78.0,84.0,63.0,73.0,79.0,84.0,76.0,66.0,3.0,,6.0,,,,,,,,,,,1.0,1.0,1.0,2.0,2.0,1.0,1.0,1.0,1.0,1.0,1.0,1.0,1.0,1.0,1.0,1.0,2.0,1.0,1.0,1.0,1.0,1.0,1.0,1.0,1.0,1.0,1.0,1.0,1.0,2.0,1.0,2.0,1.0,2.0,1.0,1.0,1.0,2.0,1.0,1.0,1.0,1.0,1.0,1.0,1.0,2.0,,,2.0,,,4.0,18.0,,3.0,,
pid_246,,1.0,1.0,,2.0,50.0,,,,,1.0,200.0,1.0,,3.0,,1.0,5.0,4.0,4.0,1.0,1.0,4.0,4.0,3.0,4.0,1.0,,,,,,4.0,2.0,1.0,,6.0,1.0,7.0,1.0,2.0,5.0,1.0,6.0,5.0,3.0,40.0,80.0,70.0,65.0,40.0,60.0,70.0,85.0,85.0,90.0,1.0,,6.0,,,,,,,,,,,1.0,1.0,2.0,1.0,2.0,1.0,1.0,2.0,1.0,2.0,1.0,2.0,2.0,2.0,2.0,1.0,2.0,2.0,1.0,2.0,2.0,2.0,2.0,2.0,2.0,1.0,2.0,2.0,2.0,1.0,2.0,2.0,2.0,2.0,1.0,2.0,1.0,2.0,2.0,2.0,2.0,2.0,2.0,2.0,2.0,2.0,2.0,,,1.0,,,,5.0,,,1.0
pid_247,2.0,,,1.0,2.0,52.0,,,2.0,400.0,,,91.0,,,3.0,3.0,4.0,3.0,3.0,4.0,4.0,4.0,3.0,3.0,4.0,2.0,,,,,,3.0,4.0,3.0,,6.0,2.0,5.0,4.0,5.0,6.0,2.0,6.0,5.0,5.0,35.0,70.0,26.0,34.0,30.0,48.0,53.0,40.0,11.0,74.0,1.0,5.0,,1.0,1.0,1.0,1.0,1.0,1.0,1.0,1.0,1.0,1.0,,,,,,,2.0,1.0,2.0,2.0,1.0,1.0,2.0,1.0,1.0,1.0,1.0,2.0,2.0,1.0,1.0,1.0,1.0,1.0,1.0,1.0,1.0,1.0,1.0,2.0,2.0,1.0,1.0,1.0,1.0,1.0,1.0,1.0,1.0,1.0,1.0,1.0,1.0,2.0,2.0,2.0,5.0,,,6.0,,,15.0,,3.0,,
pid_248,2.0,,,1.0,2.0,54.0,,,2.0,380.0,,,,34.0,4.0,,4.0,4.0,4.0,4.0,4.0,4.0,4.0,4.0,4.0,4.0,,4.0,,4.0,5.0,5.0,,,,4.0,,2.0,6.0,3.0,3.0,6.0,6.0,5.0,5.0,5.0,56.0,42.0,27.0,41.0,53.0,42.0,24.0,33.0,28.0,45.0,2.0,5.0,,,,,,,,,,,,1.0,1.0,1.0,1.0,2.0,2.0,1.0,1.0,1.0,1.0,1.0,1.0,1.0,1.0,1.0,1.0,2.0,1.0,1.0,1.0,1.0,1.0,1.0,1.0,1.0,1.0,1.0,1.0,1.0,1.0,2.0,2.0,1.0,1.0,1.0,1.0,2.0,1.0,1.0,1.0,1.0,1.0,2.0,1.0,2.0,1.0,,4.0,,,4.0,,15.0,,,,10.0
pid_249,1.0,,1.0,,,,1.0,15.0,2.0,200.0,,,,70.0,,4.0,1.0,4.0,5.0,3.0,4.0,1.0,3.0,5.0,4.0,3.0,1.0,,,,,,5.0,4.0,3.0,5.0,,2.0,6.0,1.0,5.0,5.0,2.0,6.0,5.0,5.0,50.0,75.0,88.0,60.0,47.0,30.0,48.0,59.0,64.0,63.0,1.0,3.0,,1.0,1.0,1.0,1.0,1.0,1.0,1.0,1.0,1.0,1.0,,,,,,,2.0,2.0,2.0,2.0,1.0,2.0,2.0,2.0,2.0,1.0,2.0,2.0,2.0,2.0,2.0,2.0,2.0,2.0,2.0,2.0,2.0,2.0,1.0,2.0,1.0,2.0,2.0,2.0,2.0,2.0,2.0,2.0,2.0,2.0,2.0,1.0,2.0,2.0,2.0,2.0,5.0,,,4.0,,,,10.0,2.0,,
pid_250,1.0,,,2.0,,,1.0,25.0,,,1.0,125.0,30.0,,,4.0,1.0,2.0,5.0,2.0,2.0,1.0,4.0,4.0,1.0,2.0,,,2.0,,,,2.0,3.0,4.0,4.0,,1.0,6.0,5.0,5.0,6.0,3.0,3.0,5.0,6.0,25.0,50.0,50.0,12.0,25.0,22.0,37.0,62.0,32.0,50.0,2.0,,5.0,,,,,,,,,,,1.0,1.0,1.0,1.0,2.0,2.0,1.0,1.0,2.0,1.0,2.0,2.0,2.0,2.0,2.0,1.0,2.0,1.0,2.0,2.0,1.0,2.0,1.0,2.0,1.0,2.0,2.0,1.0,2.0,2.0,2.0,1.0,2.0,1.0,2.0,2.0,2.0,1.0,2.0,1.0,2.0,2.0,2.0,1.0,2.0,2.0,,,5.0,,,5.0,,5.0,1.0,,
pid_251,1.0,,1.0,,,,1.0,20.0,2.0,200.0,,,62.0,,,5.0,5.0,5.0,4.0,2.0,5.0,5.0,5.0,5.0,5.0,5.0,,,1.0,4.0,5.0,3.0,,,,,5.0,2.0,6.0,1.0,1.0,1.0,3.0,6.0,6.0,6.0,44.0,52.0,60.0,48.0,59.0,60.0,44.0,37.0,53.0,64.0,3.0,6.0,,1.0,1.0,1.0,2.0,2.0,1.0,1.0,1.0,1.0,2.0,,,,,,,2.0,1.0,1.0,2.0,2.0,2.0,2.0,2.0,2.0,2.0,2.0,1.0,2.0,2.0,2.0,2.0,2.0,1.0,2.0,2.0,1.0,1.0,1.0,2.0,2.0,2.0,2.0,1.0,2.0,2.0,2.0,1.0,2.0,1.0,2.0,2.0,2.0,2.0,2.0,2.0,,,4.0,,,5.0,,0.0,3.0,,
pid_252,1.0,,1.0,,,,1.0,54.0,,,1.0,300.0,,70.0,,3.0,4.0,5.0,4.0,3.0,3.0,4.0,4.0,4.0,3.0,5.0,,,1.0,,,,3.0,3.0,3.0,,4.0,1.0,6.0,6.0,4.0,3.0,2.0,3.0,6.0,6.0,54.0,68.0,50.0,57.0,40.0,49.0,49.0,39.0,55.0,73.0,2.0,,7.0,1.0,1.0,1.0,2.0,1.0,2.0,1.0,1.0,2.0,1.0,,,,,,,2.0,1.0,2.0,1.0,1.0,2.0,1.0,1.0,1.0,1.0,1.0,2.0,2.0,2.0,2.0,1.0,2.0,1.0,1.0,1.0,1.0,1.0,1.0,1.0,1.0,1.0,1.0,2.0,2.0,1.0,1.0,1.0,2.0,2.0,2.0,1.0,1.0,1.0,1.0,1.0,,,4.0,,,4.0,18.0,,,,2.0
pid_253,,2.0,1.0,,,,1.0,50.0,2.0,500.0,,,,50.0,,6.0,5.0,5.0,1.0,5.0,5.0,5.0,5.0,5.0,5.0,5.0,,,1.0,6.0,1.0,1.0,,,,5.0,,2.0,7.0,1.0,1.0,1.0,3.0,7.0,7.0,7.0,70.0,99.0,51.0,51.0,20.0,70.0,75.0,91.0,50.0,80.0,4.0,6.0,,,,,,,,,,,,1.0,1.0,2.0,1.0,1.0,2.0,1.0,2.0,1.0,2.0,1.0,2.0,1.0,2.0,1.0,1.0,1.0,2.0,2.0,1.0,2.0,1.0,1.0,1.0,2.0,2.0,2.0,2.0,2.0,1.0,1.0,2.0,1.0,2.0,1.0,1.0,1.0,1.0,2.0,2.0,2.0,2.0,2.0,1.0,1.0,1.0,,,5.0,,,6.0,15.0,,,,3.0
pid_254,,2.0,1.0,,2.0,35.0,,,,,2.0,125.0,30.0,,,6.0,1.0,4.0,5.0,1.0,3.0,1.0,2.0,3.0,1.0,1.0,2.0,,,,,,3.0,3.0,3.0,5.0,,1.0,7.0,2.0,6.0,5.0,1.0,3.0,3.0,5.0,50.0,90.0,55.0,20.0,25.0,50.0,60.0,70.0,20.0,75.0,2.0,7.0,,1.0,1.0,1.0,1.0,1.0,1.0,1.0,1.0,1.0,1.0,,,,,,,2.0,2.0,2.0,1.0,2.0,2.0,2.0,2.0,1.0,1.0,2.0,1.0,1.0,1.0,2.0,2.0,2.0,1.0,1.0,1.0,2.0,2.0,1.0,2.0,2.0,2.0,2.0,2.0,2.0,1.0,1.0,2.0,2.0,1.0,1.0,2.0,1.0,2.0,1.0,2.0,1.0,,,6.0,,,,20.0,,,2.0
pid_255,,1.0,2.0,,2.0,32.0,,,,,1.0,950.0,57.0,,2.0,,4.0,4.0,2.0,3.0,4.0,4.0,4.0,4.0,4.0,4.0,2.0,,,,,,3.0,3.0,3.0,,5.0,1.0,7.0,2.0,3.0,2.0,3.0,6.0,5.0,6.0,42.0,44.0,38.0,38.0,40.0,39.0,42.0,43.0,42.0,44.0,4.0,6.0,,1.0,1.0,1.0,1.0,1.0,1.0,1.0,1.0,1.0,1.0,,,,,,,2.0,2.0,2.0,2.0,2.0,2.0,2.0,2.0,2.0,2.0,2.0,2.0,2.0,2.0,2.0,2.0,2.0,2.0,2.0,2.0,2.0,2.0,2.0,2.0,2.0,2.0,2.0,2.0,2.0,2.0,2.0,2.0,2.0,2.0,2.0,2.0,2.0,1.0,2.0,2.0,5.0,,,3.0,,,,13.0,3.0,,
pid_256,1.0,,,2.0,,,1.0,50.0,,,2.0,75.0,,71.0,,4.0,4.0,2.0,5.0,4.0,2.0,4.0,4.0,1.0,4.0,2.0,,5.0,,3.0,3.0,2.0,,,,6.0,,1.0,5.0,6.0,4.0,5.0,5.0,6.0,4.0,5.0,40.0,61.0,0.0,92.0,83.0,60.0,91.0,96.0,69.0,86.0,4.0,5.0,,1.0,1.0,1.0,2.0,1.0,1.0,2.0,1.0,2.0,1.0,,,,,,,1.0,1.0,1.0,1.0,1.0,1.0,1.0,1.0,1.0,1.0,1.0,1.0,1.0,1.0,1.0,2.0,1.0,1.0,1.0,1.0,1.0,1.0,1.0,1.0,2.0,1.0,1.0,2.0,2.0,1.0,1.0,1.0,1.0,1.0,1.0,1.0,1.0,1.0,1.0,2.0,,5.0,,,6.0,,,15.0,,9.0,
pid_257,1.0,,,2.0,2.0,35.0,,,2.0,900.0,,,30.0,,4.0,,4.0,4.0,4.0,3.0,3.0,2.0,4.0,4.0,4.0,5.0,,2.0,,,,,2.0,2.0,2.0,,4.0,1.0,7.0,7.0,5.0,7.0,4.0,6.0,6.0,6.0,60.0,70.0,65.0,50.0,25.0,25.0,75.0,70.0,40.0,86.0,4.0,,5.0,1.0,1.0,1.0,1.0,1.0,1.0,1.0,1.0,1.0,1.0,,,,,,,1.0,1.0,1.0,2.0,1.0,2.0,2.0,2.0,2.0,2.0,2.0,2.0,1.0,2.0,1.0,1.0,1.0,2.0,1.0,1.0,2.0,2.0,1.0,2.0,2.0,2.0,2.0,1.0,2.0,2.0,2.0,2.0,1.0,1.0,1.0,2.0,2.0,2.0,2.0,2.0,,2.0,,,4.0,,0.0,,,,4.0
pid_258,1.0,,,2.0,2.0,41.0,,,,,1.0,250.0,,95.0,,4.0,1.0,3.0,5.0,1.0,1.0,1.0,3.0,3.0,1.0,3.0,,5.0,,,,,3.0,3.0,3.0,,6.0,1.0,7.0,1.0,7.0,5.0,5.0,6.0,5.0,5.0,55.0,52.0,50.0,46.0,52.0,44.0,41.0,45.0,45.0,55.0,1.0,,4.0,1.0,1.0,1.0,1.0,1.0,1.0,1.0,1.0,1.0,1.0,,,,,,,2.0,2.0,2.0,1.0,1.0,2.0,2.0,2.0,2.0,2.0,2.0,2.0,2.0,2.0,2.0,2.0,2.0,2.0,1.0,2.0,1.0,2.0,2.0,2.0,2.0,2.0,2.0,2.0,1.0,2.0,2.0,2.0,2.0,2.0,2.0,2.0,2.0,2.0,2.0,2.0,,1.0,,,1.0,,20.0,,,,2.0
pid_259,,2.0,1.0,,,,1.0,45.0,,,1.0,500.0,30.0,,,3.0,4.0,4.0,2.0,5.0,4.0,3.0,5.0,5.0,5.0,5.0,1.0,,,4.0,3.0,2.0,,,,2.0,,1.0,7.0,4.0,3.0,6.0,5.0,7.0,7.0,7.0,25.0,81.0,56.0,70.0,31.0,34.0,64.0,65.0,47.0,82.0,4.0,6.0,,1.0,1.0,1.0,1.0,2.0,1.0,1.0,2.0,1.0,2.0,,,,,,,2.0,1.0,1.0,1.0,1.0,1.0,2.0,2.0,2.0,1.0,1.0,2.0,1.0,2.0,2.0,1.0,2.0,2.0,1.0,1.0,2.0,2.0,2.0,2.0,1.0,1.0,2.0,2.0,2.0,2.0,2.0,1.0,1.0,2.0,1.0,2.0,1.0,2.0,1.0,2.0,4.0,,,4.0,,,,10.0,,9.0,
pid_260,1.0,,,1.0,,,1.0,54.0,,,1.0,379.7,,86.0,6.0,,4.0,5.0,4.0,4.0,5.0,4.0,4.0,4.0,5.0,4.0,5.0,,,,,,5.0,6.0,5.0,6.0,,2.0,5.0,6.0,5.0,6.0,4.0,3.0,5.0,5.0,71.0,71.0,81.0,69.0,82.0,67.0,77.0,72.0,60.0,54.0,3.0,5.0,,1.0,2.0,1.0,1.0,1.0,1.0,1.0,2.0,2.0,2.0,,,,,,,1.0,1.0,1.0,1.0,2.0,1.0,2.0,1.0,1.0,1.0,2.0,1.0,1.0,1.0,2.0,2.0,1.0,1.0,1.0,2.0,2.0,1.0,1.0,1.0,1.0,1.0,1.0,2.0,1.0,1.0,1.0,1.0,1.0,2.0,1.0,2.0,2.0,2.0,1.0,1.0,5.0,,,5.0,,,10.0,,,3.0,
pid_261,,1.0,1.0,,,,1.0,41.0,2.0,250.0,,,,79.0,4.0,,4.0,4.0,2.0,4.0,3.0,4.0,5.0,4.0,5.0,4.0,2.0,,,,,,4.0,2.0,1.0,,4.0,1.0,6.0,4.0,5.0,5.0,5.0,6.0,6.0,7.0,66.0,88.0,25.0,59.0,57.0,66.0,89.0,71.0,48.0,71.0,2.0,,7.0,,,,,,,,,,,2.0,1.0,1.0,1.0,2.0,1.0,1.0,2.0,1.0,2.0,2.0,2.0,1.0,1.0,2.0,1.0,1.0,1.0,2.0,1.0,1.0,2.0,1.0,2.0,2.0,2.0,1.0,1.0,2.0,1.0,1.0,2.0,1.0,2.0,2.0,2.0,2.0,2.0,1.0,2.0,1.0,2.0,1.0,2.0,1.0,1.0,4.0,,,2.0,,,15.0,,,,2.0
pid_262,2.0,,1.0,,,,1.0,54.0,2.0,375.0,,,79.0,,,5.0,4.0,2.0,5.0,3.0,2.0,3.0,5.0,4.0,4.0,2.0,,2.0,,,,,5.0,3.0,5.0,,5.0,1.0,2.0,2.0,5.0,6.0,3.0,3.0,7.0,4.0,59.0,52.0,43.0,63.0,52.0,34.0,56.0,63.0,50.0,27.0,3.0,6.0,,1.0,2.0,2.0,1.0,1.0,1.0,2.0,2.0,2.0,1.0,,,,,,,2.0,2.0,1.0,1.0,1.0,2.0,2.0,2.0,2.0,1.0,1.0,1.0,1.0,2.0,2.0,1.0,1.0,2.0,1.0,2.0,1.0,1.0,2.0,1.0,2.0,2.0,1.0,2.0,1.0,2.0,1.0,2.0,2.0,1.0,1.0,1.0,2.0,2.0,2.0,2.0,,3.0,,,4.0,,,20.0,,,2.0
pid_263,1.0,,,1.0,1.0,70.0,,,,,1.0,100.0,,74.0,,6.0,5.0,4.0,4.0,5.0,5.0,5.0,5.0,4.0,5.0,5.0,,5.0,,,,,1.0,1.0,1.0,6.0,,2.0,7.0,1.0,1.0,1.0,1.0,5.0,7.0,7.0,48.0,28.0,25.0,43.0,60.0,38.0,28.0,33.0,49.0,21.0,4.0,,6.0,2.0,2.0,1.0,2.0,1.0,1.0,2.0,1.0,2.0,1.0,,,,,,,1.0,1.0,2.0,2.0,1.0,2.0,1.0,2.0,1.0,1.0,2.0,1.0,1.0,1.0,1.0,2.0,1.0,1.0,1.0,2.0,1.0,1.0,1.0,1.0,1.0,2.0,2.0,1.0,1.0,2.0,2.0,2.0,1.0,1.0,2.0,1.0,1.0,1.0,1.0,1.0,,5.0,,,5.0,,10.0,,,3.0,
pid_264,2.0,,1.0,,,,1.0,52.0,,,1.0,120.0,,10.0,4.0,,5.0,5.0,1.0,3.0,5.0,5.0,5.0,5.0,5.0,5.0,,3.0,,3.0,5.0,2.0,,,,4.0,,2.0,7.0,1.0,1.0,1.0,2.0,7.0,7.0,7.0,45.0,80.0,90.0,50.0,5.0,1.0,40.0,30.0,25.0,90.0,2.0,,7.0,,,,,,,,,,,1.0,1.0,2.0,1.0,1.0,2.0,2.0,2.0,2.0,1.0,2.0,1.0,2.0,2.0,2.0,2.0,2.0,2.0,2.0,2.0,2.0,1.0,2.0,2.0,2.0,1.0,1.0,1.0,2.0,2.0,2.0,2.0,2.0,2.0,2.0,2.0,1.0,1.0,2.0,2.0,1.0,2.0,2.0,1.0,2.0,2.0,,5.0,,,6.0,,,10.0,,9.0,
pid_265,,1.0,1.0,,2.0,25.0,,,2.0,500.0,,,,70.0,,2.0,4.0,3.0,3.0,3.0,3.0,3.0,3.0,3.0,3.0,4.0,,1.0,,2.0,5.0,4.0,,,,,6.0,2.0,6.0,2.0,3.0,2.0,2.0,6.0,7.0,7.0,90.0,80.0,70.0,20.0,30.0,30.0,20.0,50.0,30.0,95.0,3.0,,6.0,1.0,2.0,1.0,1.0,2.0,1.0,1.0,1.0,2.0,1.0,,,,,,,2.0,2.0,2.0,2.0,2.0,2.0,2.0,2.0,2.0,2.0,2.0,2.0,2.0,2.0,2.0,2.0,2.0,1.0,2.0,1.0,2.0,2.0,2.0,2.0,2.0,2.0,2.0,2.0,2.0,2.0,2.0,1.0,2.0,2.0,2.0,2.0,2.0,2.0,2.0,2.0,,5.0,,,6.0,,20.0,,,,2.0
pid_266,1.0,,,1.0,2.0,10.0,,,,,1.0,150.0,,70.0,3.0,,4.0,4.0,4.0,4.0,4.0,4.0,5.0,4.0,4.0,4.0,,3.0,,,,,1.0,1.0,1.0,5.0,,2.0,5.0,2.0,2.0,2.0,2.0,6.0,6.0,6.0,71.0,10.0,49.0,79.0,70.0,70.0,39.0,57.0,23.0,88.0,2.0,6.0,,1.0,2.0,2.0,1.0,2.0,1.0,2.0,1.0,2.0,1.0,,,,,,,1.0,2.0,1.0,2.0,2.0,1.0,2.0,1.0,2.0,1.0,1.0,1.0,1.0,2.0,1.0,1.0,1.0,1.0,1.0,1.0,2.0,1.0,1.0,1.0,1.0,1.0,1.0,1.0,2.0,2.0,2.0,1.0,1.0,2.0,1.0,1.0,1.0,2.0,2.0,1.0,,5.0,,,6.0,,15.0,,,4.0,
pid_267,2.0,,1.0,,,,2.0,7.0,2.0,400.0,,,29.0,,,1.0,5.0,5.0,3.0,5.0,3.0,5.0,5.0,5.0,5.0,5.0,,,5.0,,,,5.0,3.0,4.0,,1.0,1.0,7.0,3.0,2.0,2.0,1.0,5.0,6.0,7.0,61.0,97.0,76.0,86.0,44.0,52.0,87.0,92.0,67.0,93.0,2.0,7.0,,2.0,1.0,1.0,2.0,1.0,1.0,2.0,1.0,1.0,1.0,,,,,,,1.0,2.0,1.0,2.0,1.0,2.0,1.0,2.0,1.0,2.0,1.0,2.0,2.0,1.0,1.0,1.0,2.0,1.0,2.0,1.0,2.0,1.0,1.0,2.0,1.0,2.0,1.0,2.0,1.0,2.0,1.0,2.0,1.0,2.0,2.0,1.0,2.0,1.0,2.0,1.0,,,5.0,,,3.0,20.0,,,,9.0
pid_268,,2.0,2.0,,,,1.0,20.0,,,1.0,150.0,40.0,,2.0,,5.0,5.0,2.0,1.0,4.0,4.0,5.0,5.0,5.0,5.0,,4.0,,,,,3.0,1.0,2.0,5.0,,1.0,6.0,2.0,5.0,5.0,2.0,6.0,5.0,3.0,55.0,68.0,53.0,34.0,41.0,50.0,31.0,49.0,31.0,61.0,2.0,6.0,,,,,,,,,,,,1.0,1.0,1.0,1.0,1.0,1.0,2.0,1.0,2.0,2.0,1.0,2.0,2.0,2.0,1.0,2.0,1.0,1.0,2.0,2.0,1.0,1.0,2.0,1.0,1.0,2.0,2.0,1.0,1.0,1.0,1.0,2.0,1.0,1.0,1.0,1.0,2.0,1.0,1.0,2.0,2.0,1.0,2.0,1.0,2.0,2.0,,4.0,,,3.0,,,0.0,2.0,,
pid_269,1.0,,1.0,,,,2.0,3.0,,,1.0,400.0,,90.0,,1.0,3.0,5.0,1.0,5.0,5.0,5.0,5.0,5.0,5.0,5.0,5.0,,,,,,6.0,1.0,1.0,5.0,,2.0,7.0,1.0,5.0,6.0,1.0,7.0,7.0,6.0,0.0,90.0,20.0,95.0,100.0,100.0,90.0,65.0,50.0,100.0,1.0,7.0,,,,,,,,,,,,1.0,1.0,1.0,1.0,2.0,2.0,2.0,1.0,2.0,1.0,1.0,2.0,2.0,2.0,1.0,2.0,1.0,2.0,2.0,2.0,2.0,2.0,1.0,2.0,2.0,2.0,1.0,1.0,1.0,1.0,2.0,1.0,1.0,2.0,2.0,1.0,1.0,1.0,2.0,1.0,1.0,2.0,2.0,1.0,1.0,1.0,4.0,,,1.0,,,,15.0,,4.0,
pid_270,,2.0,,2.0,2.0,50.0,,,2.0,400.0,,,,70.0,1.0,,4.0,4.0,5.0,5.0,2.0,4.0,4.0,4.0,4.0,4.0,,,2.0,2.0,2.0,2.0,,,,,6.0,1.0,6.0,3.0,5.0,5.0,2.0,2.0,5.0,5.0,40.0,80.0,70.0,55.0,35.0,60.0,40.0,40.0,71.0,65.0,4.0,3.0,,,,,,,,,,,,1.0,1.0,1.0,1.0,1.0,1.0,1.0,1.0,2.0,2.0,2.0,2.0,1.0,2.0,1.0,2.0,1.0,2.0,2.0,2.0,1.0,2.0,2.0,1.0,2.0,2.0,2.0,2.0,1.0,2.0,2.0,2.0,2.0,2.0,2.0,2.0,2.0,2.0,1.0,2.0,1.0,2.0,1.0,1.0,1.0,1.0,,,2.0,,,3.0,20.0,,,,2.0
pid_271,1.0,,,1.0,2.0,12.0,,,,,1.0,1000.0,,65.0,2.0,,5.0,5.0,2.0,4.0,2.0,5.0,5.0,5.0,5.0,5.0,,4.0,,,,,2.0,2.0,1.0,,6.0,1.0,6.0,1.0,5.0,6.0,1.0,6.0,6.0,6.0,66.0,100.0,69.0,95.0,19.0,71.0,98.0,77.0,41.0,100.0,3.0,,6.0,1.0,2.0,1.0,1.0,2.0,1.0,1.0,1.0,2.0,1.0,,,,,,,2.0,1.0,1.0,1.0,1.0,1.0,1.0,2.0,2.0,1.0,2.0,1.0,1.0,1.0,2.0,1.0,2.0,2.0,1.0,1.0,1.0,1.0,2.0,1.0,2.0,2.0,2.0,2.0,1.0,1.0,2.0,1.0,1.0,1.0,2.0,1.0,1.0,1.0,1.0,2.0,,5.0,,,6.0,,15.0,,,,4.0
pid_272,,1.0,,2.0,,,1.0,35.0,2.0,400.0,,,,70.0,,3.0,5.0,4.0,5.0,5.0,5.0,5.0,5.0,5.0,5.0,4.0,2.0,,,2.0,4.0,2.0,,,,,4.0,1.0,6.0,2.0,3.0,3.0,1.0,2.0,5.0,5.0,60.0,75.0,95.0,51.0,60.0,70.0,60.0,50.0,80.0,40.0,4.0,,6.0,1.0,1.0,1.0,1.0,1.0,1.0,1.0,1.0,1.0,1.0,,,,,,,2.0,1.0,1.0,2.0,2.0,2.0,2.0,1.0,2.0,2.0,2.0,2.0,2.0,2.0,2.0,1.0,1.0,2.0,1.0,1.0,2.0,1.0,1.0,2.0,2.0,2.0,2.0,2.0,2.0,1.0,2.0,1.0,2.0,2.0,2.0,2.0,2.0,1.0,2.0,2.0,5.0,,,3.0,,,2.0,,2.0,,
pid_273,,2.0,1.0,,,,1.0,34.0,1.0,500.0,,,82.0,,1.0,,5.0,5.0,4.0,4.0,2.0,5.0,4.0,1.0,3.0,5.0,3.0,,,3.0,3.0,2.0,,,,6.0,,2.0,7.0,3.0,1.0,1.0,3.0,6.0,7.0,6.0,100.0,100.0,74.0,74.0,55.0,100.0,50.0,41.0,59.0,92.0,4.0,5.0,,2.0,1.0,2.0,2.0,2.0,2.0,2.0,1.0,1.0,1.0,,,,,,,2.0,2.0,1.0,2.0,2.0,2.0,2.0,2.0,2.0,2.0,1.0,2.0,2.0,2.0,2.0,2.0,2.0,2.0,2.0,2.0,2.0,2.0,2.0,1.0,2.0,2.0,1.0,2.0,2.0,1.0,2.0,2.0,1.0,1.0,2.0,1.0,1.0,2.0,2.0,1.0,4.0,,,6.0,,,5.0,,1.0,,
pid_274,,1.0,,2.0,,,1.0,54.0,2.0,379.0,,,71.0,,,4.0,4.0,3.0,3.0,3.0,4.0,4.0,4.0,4.0,3.0,3.0,,,4.0,,,,2.0,2.0,3.0,4.0,,1.0,6.0,4.0,6.0,6.0,2.0,4.0,4.0,4.0,50.0,46.0,49.0,51.0,51.0,50.0,50.0,50.0,50.0,46.0,3.0,4.0,,2.0,1.0,1.0,1.0,1.0,2.0,1.0,1.0,2.0,1.0,,,,,,,2.0,2.0,2.0,2.0,2.0,2.0,2.0,2.0,2.0,2.0,2.0,1.0,1.0,2.0,2.0,2.0,2.0,2.0,2.0,1.0,2.0,2.0,1.0,2.0,2.0,2.0,2.0,2.0,2.0,2.0,2.0,2.0,2.0,2.0,2.0,2.0,2.0,1.0,1.0,2.0,,,4.0,,,5.0,,10.0,,6.0,
pid_275,,2.0,,2.0,,,1.0,40.0,,,1.0,300.0,,70.0,3.0,,4.0,5.0,1.0,1.0,4.0,5.0,5.0,4.0,5.0,5.0,3.0,,,,,,4.0,4.0,3.0,,4.0,1.0,6.0,2.0,3.0,3.0,2.0,5.0,7.0,7.0,29.0,53.0,17.0,18.0,21.0,36.0,50.0,46.0,58.0,70.0,4.0,,5.0,1.0,2.0,1.0,1.0,1.0,1.0,1.0,1.0,1.0,1.0,,,,,,,1.0,2.0,2.0,2.0,1.0,2.0,2.0,1.0,2.0,1.0,2.0,1.0,2.0,2.0,2.0,1.0,2.0,2.0,1.0,1.0,1.0,2.0,1.0,2.0,1.0,2.0,1.0,1.0,2.0,2.0,2.0,1.0,2.0,1.0,1.0,2.0,2.0,2.0,1.0,1.0,4.0,,,4.0,,,,5.0,,3.0,
pid_276,1.0,,1.0,,,,2.0,12.0,2.0,80.0,,,70.0,,,4.0,2.0,5.0,2.0,4.0,2.0,3.0,4.0,5.0,4.0,4.0,,,4.0,5.0,4.0,3.0,,,,4.0,,2.0,6.0,1.0,2.0,2.0,2.0,7.0,6.0,5.0,39.0,90.0,74.0,81.0,10.0,20.0,57.0,64.0,40.0,81.0,1.0,6.0,,,,,,,,,,,,1.0,1.0,1.0,1.0,2.0,1.0,2.0,2.0,2.0,2.0,1.0,2.0,1.0,2.0,2.0,1.0,1.0,2.0,2.0,1.0,1.0,1.0,1.0,2.0,1.0,1.0,2.0,2.0,2.0,1.0,2.0,2.0,2.0,1.0,1.0,2.0,2.0,1.0,1.0,2.0,2.0,2.0,1.0,2.0,1.0,1.0,,,5.0,,,5.0,,15.0,,9.0,
pid_277,,2.0,,2.0,2.0,28.0,,,2.0,298.0,,,,71.0,3.0,,2.0,3.0,5.0,5.0,2.0,2.0,4.0,2.0,3.0,4.0,,4.0,,4.0,2.0,1.0,,,,5.0,,2.0,6.0,3.0,4.0,4.0,2.0,3.0,5.0,6.0,29.0,28.0,100.0,80.0,29.0,25.0,59.0,57.0,42.0,57.0,2.0,,5.0,1.0,1.0,2.0,1.0,1.0,2.0,1.0,2.0,1.0,1.0,,,,,,,1.0,2.0,2.0,2.0,1.0,2.0,2.0,1.0,1.0,2.0,2.0,2.0,2.0,2.0,2.0,2.0,1.0,2.0,1.0,2.0,2.0,2.0,2.0,1.0,2.0,1.0,1.0,1.0,2.0,2.0,2.0,1.0,2.0,1.0,2.0,1.0,1.0,1.0,2.0,2.0,,5.0,,,5.0,,,20.0,1.0,,
pid_278,2.0,,,1.0,,,1.0,18.0,,,1.0,300.0,,70.0,5.0,,5.0,5.0,3.0,4.0,4.0,4.0,4.0,4.0,4.0,5.0,,5.0,,,,,3.0,5.0,2.0,,4.0,2.0,5.0,3.0,1.0,2.0,2.0,3.0,1.0,1.0,99.0,100.0,45.0,82.0,75.0,91.0,100.0,64.0,67.0,82.0,3.0,,5.0,,,,,,,,,,,1.0,2.0,2.0,1.0,1.0,1.0,2.0,2.0,2.0,2.0,2.0,2.0,2.0,2.0,1.0,2.0,2.0,2.0,2.0,1.0,2.0,2.0,2.0,2.0,2.0,2.0,2.0,1.0,1.0,2.0,2.0,2.0,1.0,2.0,2.0,2.0,2.0,2.0,1.0,1.0,2.0,1.0,2.0,2.0,2.0,2.0,,5.0,,,5.0,,,6.0,3.0,,
pid_279,,1.0,1.0,,,,1.0,53.0,2.0,700.0,,,,68.0,,1.0,4.0,5.0,4.0,5.0,4.0,5.0,5.0,5.0,5.0,5.0,3.0,,,,,,6.0,1.0,1.0,,6.0,1.0,7.0,2.0,3.0,5.0,6.0,5.0,5.0,4.0,46.0,76.0,66.0,41.0,35.0,37.0,51.0,55.0,53.0,89.0,3.0,,6.0,2.0,2.0,2.0,1.0,1.0,2.0,1.0,1.0,2.0,1.0,,,,,,,1.0,2.0,2.0,2.0,2.0,1.0,2.0,2.0,1.0,2.0,1.0,2.0,2.0,2.0,1.0,2.0,1.0,2.0,1.0,1.0,2.0,1.0,2.0,1.0,2.0,1.0,2.0,2.0,2.0,1.0,2.0,1.0,1.0,2.0,2.0,2.0,1.0,1.0,1.0,1.0,5.0,,,6.0,,,17.0,,,,3.0
pid_280,1.0,,,2.0,2.0,35.0,,,2.0,740.0,,,,70.0,1.0,,5.0,5.0,1.0,1.0,4.0,5.0,5.0,4.0,5.0,5.0,2.0,,,,,,3.0,2.0,2.0,,5.0,1.0,6.0,1.0,2.0,3.0,5.0,4.0,5.0,7.0,70.0,95.0,45.0,18.0,30.0,65.0,80.0,80.0,56.0,90.0,2.0,,7.0,1.0,1.0,1.0,1.0,1.0,1.0,1.0,1.0,1.0,1.0,,,,,,,1.0,2.0,2.0,2.0,2.0,2.0,2.0,2.0,1.0,2.0,2.0,2.0,2.0,2.0,2.0,2.0,2.0,2.0,2.0,2.0,2.0,2.0,1.0,2.0,2.0,2.0,2.0,1.0,1.0,2.0,1.0,2.0,2.0,2.0,2.0,2.0,2.0,1.0,2.0,2.0,4.0,,,3.0,,,20.0,,,,1.0
pid_281,,2.0,1.0,,,,2.0,3.0,1.0,1200.0,,,42.0,,,4.0,3.0,3.0,4.0,4.0,4.0,3.0,4.0,4.0,2.0,4.0,,,3.0,4.0,4.0,2.0,,,,,5.0,2.0,6.0,1.0,3.0,3.0,2.0,6.0,5.0,5.0,39.0,67.0,74.0,81.0,54.0,39.0,29.0,25.0,34.0,65.0,3.0,4.0,,,,,,,,,,,,1.0,1.0,1.0,2.0,2.0,1.0,1.0,2.0,1.0,1.0,1.0,1.0,2.0,2.0,2.0,1.0,1.0,2.0,2.0,2.0,2.0,2.0,1.0,1.0,2.0,1.0,2.0,1.0,1.0,2.0,1.0,2.0,2.0,2.0,1.0,2.0,1.0,1.0,2.0,1.0,1.0,1.0,2.0,1.0,1.0,1.0,,,5.0,,,4.0,12.0,,,,3.0
pid_282,,2.0,,1.0,,,1.0,25.0,2.0,500.0,,,,85.0,,5.0,5.0,5.0,2.0,4.0,5.0,5.0,5.0,5.0,5.0,5.0,2.0,,,,,,3.0,4.0,4.0,,5.0,1.0,7.0,5.0,6.0,7.0,3.0,6.0,7.0,7.0,70.0,52.0,55.0,60.0,45.0,70.0,60.0,75.0,55.0,70.0,4.0,6.0,,1.0,1.0,1.0,1.0,1.0,1.0,1.0,1.0,1.0,1.0,,,,,,,2.0,1.0,1.0,2.0,1.0,2.0,2.0,1.0,2.0,2.0,1.0,1.0,2.0,2.0,2.0,1.0,2.0,2.0,2.0,1.0,1.0,2.0,2.0,2.0,2.0,2.0,1.0,2.0,2.0,2.0,1.0,2.0,2.0,1.0,2.0,1.0,1.0,1.0,2.0,1.0,4.0,,,6.0,,,,20.0,3.0,,
pid_283,,2.0,1.0,,1.0,80.0,,,2.0,600.0,,,91.0,,,5.0,2.0,3.0,5.0,3.0,1.0,1.0,1.0,3.0,1.0,2.0,,,1.0,,,,2.0,5.0,3.0,4.0,,2.0,5.0,1.0,6.0,7.0,2.0,5.0,7.0,6.0,67.0,77.0,32.0,77.0,37.0,51.0,72.0,85.0,49.0,78.0,2.0,,6.0,1.0,1.0,1.0,1.0,1.0,1.0,1.0,1.0,1.0,1.0,,,,,,,1.0,2.0,2.0,1.0,2.0,2.0,2.0,2.0,2.0,2.0,2.0,2.0,2.0,1.0,1.0,2.0,2.0,2.0,2.0,1.0,1.0,2.0,1.0,2.0,1.0,1.0,2.0,2.0,1.0,2.0,1.0,1.0,2.0,1.0,2.0,2.0,2.0,1.0,2.0,1.0,,,5.0,,,6.0,,17.0,,,7.0
pid_284,,1.0,,1.0,2.0,12.0,,,1.0,1100.0,,,71.0,,,4.0,1.0,3.0,4.0,4.0,1.0,3.0,4.0,3.0,3.0,5.0,,,3.0,,,,4.0,3.0,1.0,2.0,,2.0,6.0,1.0,2.0,2.0,2.0,5.0,5.0,6.0,4.0,43.0,67.0,81.0,33.0,16.0,45.0,73.0,15.0,85.0,1.0,6.0,,,,,,,,,,,,1.0,1.0,1.0,1.0,2.0,2.0,1.0,2.0,2.0,2.0,2.0,2.0,1.0,2.0,2.0,2.0,1.0,2.0,2.0,2.0,2.0,1.0,1.0,2.0,2.0,2.0,1.0,2.0,2.0,2.0,2.0,1.0,2.0,2.0,2.0,1.0,2.0,2.0,2.0,2.0,1.0,2.0,2.0,1.0,2.0,2.0,,,5.0,,,5.0,,10.0,,10.0,
pid_285,,2.0,1.0,,,,1.0,32.0,2.0,670.0,,,,66.0,,4.0,4.0,3.0,4.0,5.0,5.0,4.0,5.0,4.0,5.0,4.0,,,3.0,3.0,2.0,2.0,,,,,5.0,1.0,6.0,5.0,6.0,5.0,3.0,5.0,6.0,6.0,73.0,70.0,86.0,72.0,78.0,86.0,83.0,78.0,52.0,64.0,3.0,5.0,,,,,,,,,,,,1.0,1.0,1.0,1.0,2.0,2.0,1.0,2.0,1.0,2.0,2.0,1.0,2.0,1.0,2.0,2.0,2.0,1.0,1.0,2.0,2.0,2.0,2.0,1.0,1.0,1.0,2.0,2.0,1.0,2.0,1.0,2.0,1.0,2.0,2.0,1.0,1.0,1.0,1.0,2.0,2.0,1.0,1.0,2.0,1.0,1.0,,,5.0,,,4.0,5.0,,,,4.0
pid_286,,2.0,1.0,,1.0,71.0,,,1.0,89.0,,,,70.0,,5.0,4.0,4.0,3.0,4.0,5.0,4.0,4.0,3.0,4.0,5.0,,4.0,,,,,5.0,4.0,5.0,,3.0,1.0,4.0,5.0,3.0,5.0,3.0,4.0,5.0,6.0,76.0,47.0,32.0,79.0,65.0,47.0,52.0,78.0,58.0,52.0,1.0,5.0,,1.0,2.0,1.0,1.0,2.0,1.0,2.0,1.0,2.0,1.0,,,,,,,1.0,2.0,1.0,1.0,2.0,1.0,2.0,1.0,1.0,2.0,1.0,1.0,1.0,1.0,1.0,1.0,2.0,1.0,1.0,1.0,2.0,1.0,2.0,2.0,1.0,2.0,2.0,2.0,2.0,2.0,2.0,1.0,1.0,2.0,1.0,2.0,1.0,2.0,2.0,1.0,,3.0,,,5.0,,,15.0,,,6.0
pid_287,2.0,,,2.0,1.0,70.0,,,,,1.0,88.0,,70.0,,5.0,4.0,3.0,5.0,4.0,3.0,3.0,4.0,3.0,3.0,4.0,,,3.0,5.0,4.0,5.0,,,,,3.0,1.0,4.0,5.0,6.0,5.0,2.0,4.0,5.0,6.0,63.0,56.0,36.0,43.0,55.0,64.0,62.0,86.0,42.0,80.0,2.0,,5.0,2.0,2.0,1.0,1.0,2.0,2.0,1.0,1.0,2.0,1.0,,,,,,,2.0,1.0,1.0,1.0,2.0,2.0,1.0,1.0,1.0,1.0,1.0,1.0,1.0,1.0,2.0,1.0,1.0,2.0,1.0,2.0,1.0,1.0,1.0,2.0,1.0,2.0,1.0,1.0,2.0,2.0,1.0,2.0,2.0,1.0,2.0,1.0,2.0,1.0,2.0,1.0,,,4.0,,,4.0,,10.0,,,4.0
pid_288,,2.0,,2.0,,,1.0,30.0,2.0,1500.0,,,,22.0,1.0,,5.0,5.0,1.0,5.0,5.0,5.0,5.0,5.0,5.0,5.0,2.0,,,6.0,3.0,1.0,,,,6.0,,1.0,7.0,1.0,2.0,2.0,4.0,7.0,6.0,7.0,99.0,95.0,1.0,97.0,92.0,100.0,98.0,96.0,98.0,99.0,4.0,,6.0,1.0,1.0,2.0,2.0,2.0,1.0,1.0,2.0,2.0,2.0,,,,,,,1.0,1.0,1.0,1.0,1.0,1.0,1.0,1.0,2.0,1.0,2.0,2.0,2.0,2.0,1.0,2.0,1.0,1.0,1.0,2.0,2.0,1.0,1.0,1.0,1.0,2.0,1.0,1.0,1.0,2.0,2.0,1.0,1.0,2.0,1.0,1.0,2.0,1.0,2.0,1.0,5.0,,,6.0,,,7.0,,,2.0,
pid_289,1.0,,,1.0,2.0,35.0,,,1.0,1200.0,,,,80.0,3.0,,5.0,5.0,2.0,3.0,3.0,4.0,4.0,5.0,4.0,5.0,,1.0,,,,,3.0,5.0,4.0,,3.0,1.0,6.0,1.0,2.0,5.0,2.0,6.0,7.0,5.0,65.0,60.0,75.0,65.0,35.0,50.0,45.0,55.0,20.0,65.0,3.0,,6.0,,,,,,,,,,,2.0,2.0,1.0,2.0,2.0,1.0,2.0,2.0,2.0,2.0,2.0,1.0,2.0,1.0,2.0,2.0,2.0,2.0,2.0,2.0,1.0,2.0,2.0,2.0,1.0,2.0,2.0,1.0,1.0,2.0,2.0,2.0,2.0,2.0,2.0,1.0,2.0,2.0,1.0,2.0,1.0,1.0,2.0,1.0,2.0,2.0,,5.0,,,6.0,,,10.0,,,6.0
pid_290,,1.0,,2.0,,,2.0,8.0,2.0,350.0,,,23.0,,,5.0,5.0,5.0,2.0,2.0,5.0,5.0,5.0,4.0,5.0,5.0,,4.0,,4.0,6.0,2.0,,,,,5.0,2.0,6.0,5.0,2.0,2.0,5.0,6.0,7.0,7.0,55.0,57.0,30.0,56.0,34.0,58.0,63.0,54.0,47.0,71.0,3.0,,6.0,,,,,,,,,,,1.0,1.0,2.0,1.0,2.0,1.0,1.0,2.0,1.0,1.0,1.0,2.0,2.0,2.0,1.0,1.0,1.0,2.0,1.0,2.0,1.0,1.0,1.0,1.0,1.0,2.0,1.0,1.0,2.0,2.0,1.0,1.0,1.0,1.0,1.0,1.0,2.0,1.0,1.0,2.0,1.0,1.0,2.0,1.0,1.0,2.0,,5.0,,,5.0,,15.0,,,5.0,
pid_291,1.0,,,2.0,2.0,55.0,,,,,1.0,110.0,20.0,,,4.0,1.0,2.0,5.0,4.0,3.0,2.0,1.0,1.0,1.0,3.0,1.0,,,3.0,1.0,2.0,,,,,2.0,2.0,5.0,1.0,4.0,7.0,4.0,6.0,4.0,2.0,25.0,10.0,90.0,75.0,75.0,30.0,5.0,5.0,2.0,55.0,1.0,1.0,,,,,,,,,,,,1.0,1.0,1.0,1.0,2.0,2.0,1.0,1.0,2.0,2.0,1.0,2.0,2.0,1.0,2.0,1.0,1.0,2.0,1.0,2.0,1.0,1.0,2.0,1.0,1.0,2.0,1.0,1.0,2.0,2.0,1.0,2.0,2.0,2.0,2.0,2.0,1.0,2.0,1.0,1.0,1.0,1.0,1.0,2.0,2.0,2.0,4.0,,,3.0,,,,15.0,,,3.0
pid_292,2.0,,1.0,,2.0,10.0,,,,,1.0,110.0,,50.0,,5.0,1.0,1.0,1.0,3.0,4.0,3.0,5.0,5.0,3.0,1.0,,,4.0,3.0,3.0,3.0,,,,5.0,,1.0,6.0,5.0,5.0,5.0,2.0,5.0,5.0,5.0,50.0,50.0,50.0,50.0,50.0,50.0,50.0,50.0,50.0,50.0,2.0,,6.0,1.0,1.0,1.0,1.0,1.0,1.0,1.0,1.0,1.0,1.0,,,,,,,2.0,2.0,2.0,2.0,1.0,2.0,1.0,1.0,2.0,2.0,1.0,2.0,2.0,1.0,1.0,1.0,1.0,2.0,2.0,1.0,2.0,1.0,2.0,2.0,1.0,2.0,1.0,1.0,1.0,2.0,2.0,1.0,2.0,1.0,2.0,2.0,1.0,1.0,1.0,2.0,,,2.0,,,2.0,20.0,,1.0,,
pid_293,,2.0,2.0,,,,1.0,22.0,1.0,1100.0,,,,70.0,,4.0,3.0,5.0,1.0,1.0,4.0,4.0,5.0,5.0,5.0,5.0,,4.0,,2.0,1.0,2.0,,,,6.0,,1.0,7.0,1.0,3.0,2.0,2.0,5.0,6.0,6.0,40.0,31.0,40.0,43.0,58.0,48.0,55.0,64.0,55.0,36.0,3.0,,5.0,1.0,1.0,1.0,2.0,1.0,1.0,1.0,2.0,1.0,2.0,,,,,,,2.0,2.0,1.0,2.0,2.0,2.0,2.0,2.0,2.0,1.0,1.0,2.0,2.0,2.0,2.0,2.0,2.0,2.0,1.0,2.0,2.0,2.0,1.0,2.0,2.0,2.0,2.0,2.0,2.0,2.0,2.0,2.0,2.0,1.0,2.0,2.0,2.0,2.0,1.0,2.0,,5.0,,,5.0,,,15.0,,2.0,
pid_294,,2.0,,2.0,,,1.0,52.0,1.0,50.0,,,60.0,,,5.0,3.0,3.0,4.0,4.0,4.0,4.0,3.0,4.0,4.0,3.0,,3.0,,3.0,2.0,3.0,,,,2.0,,2.0,5.0,5.0,4.0,3.0,2.0,5.0,5.0,5.0,71.0,42.0,46.0,46.0,36.0,60.0,43.0,36.0,51.0,53.0,2.0,,6.0,1.0,2.0,2.0,1.0,1.0,2.0,1.0,2.0,1.0,2.0,,,,,,,1.0,1.0,1.0,2.0,1.0,2.0,1.0,2.0,1.0,2.0,2.0,1.0,1.0,1.0,1.0,2.0,2.0,2.0,1.0,2.0,1.0,1.0,2.0,1.0,1.0,1.0,2.0,2.0,1.0,1.0,1.0,2.0,1.0,2.0,1.0,1.0,1.0,1.0,2.0,2.0,,4.0,,,4.0,,,14.0,2.0,,
pid_295,1.0,,1.0,,,,2.0,1.0,2.0,150.0,,,,70.0,,6.0,5.0,5.0,2.0,1.0,5.0,5.0,5.0,4.0,5.0,5.0,,,1.0,4.0,2.0,5.0,,,,,6.0,2.0,7.0,1.0,6.0,6.0,3.0,7.0,7.0,7.0,60.0,84.0,47.0,24.0,40.0,55.0,83.0,37.0,60.0,70.0,4.0,,7.0,1.0,2.0,2.0,1.0,2.0,1.0,2.0,1.0,2.0,1.0,,,,,,,2.0,2.0,1.0,2.0,2.0,2.0,1.0,2.0,1.0,1.0,1.0,2.0,1.0,2.0,2.0,2.0,2.0,2.0,1.0,1.0,2.0,2.0,2.0,2.0,2.0,1.0,2.0,1.0,2.0,2.0,2.0,1.0,1.0,2.0,1.0,2.0,1.0,2.0,2.0,2.0,,,5.0,,,6.0,,5.0,1.0,,
pid_296,1.0,,1.0,,2.0,50.0,,,1.0,5000.0,,,49.0,,,4.0,4.0,2.0,4.0,4.0,2.0,4.0,1.0,4.0,5.0,2.0,,,4.0,,,,2.0,5.0,4.0,,5.0,1.0,6.0,2.0,3.0,6.0,5.0,5.0,6.0,5.0,44.0,68.0,87.0,88.0,35.0,74.0,58.0,72.0,58.0,58.0,3.0,5.0,,,,,,,,,,,,1.0,1.0,2.0,1.0,1.0,2.0,2.0,1.0,2.0,2.0,1.0,2.0,1.0,1.0,1.0,1.0,1.0,2.0,2.0,1.0,2.0,1.0,2.0,2.0,2.0,1.0,2.0,2.0,1.0,2.0,1.0,2.0,1.0,1.0,2.0,1.0,2.0,2.0,2.0,2.0,2.0,2.0,1.0,1.0,2.0,1.0,,,5.0,,,5.0,20.0,,,,4.0
pid_297,,2.0,,2.0,2.0,50.0,,,,,1.0,350.0,30.0,,,5.0,2.0,1.0,5.0,4.0,1.0,1.0,2.0,3.0,1.0,3.0,1.0,,,,,,5.0,5.0,2.0,,2.0,1.0,6.0,6.0,6.0,6.0,1.0,3.0,5.0,7.0,16.0,18.0,86.0,87.0,12.0,14.0,14.0,39.0,20.0,54.0,2.0,,5.0,2.0,2.0,2.0,2.0,2.0,2.0,2.0,2.0,2.0,2.0,,,,,,,1.0,1.0,2.0,1.0,2.0,2.0,1.0,1.0,1.0,2.0,1.0,2.0,2.0,2.0,1.0,2.0,2.0,1.0,2.0,2.0,1.0,1.0,2.0,2.0,2.0,1.0,2.0,2.0,1.0,1.0,1.0,2.0,2.0,2.0,2.0,1.0,2.0,1.0,2.0,1.0,3.0,,,5.0,,,10.0,,2.0,,
pid_298,,2.0,,2.0,2.0,54.0,,,,,1.0,87.0,91.0,,,3.0,4.0,5.0,5.0,5.0,5.0,5.0,5.0,5.0,1.0,5.0,1.0,,,,,,2.0,4.0,5.0,,3.0,2.0,6.0,1.0,2.0,6.0,3.0,6.0,6.0,6.0,61.0,96.0,46.0,77.0,56.0,64.0,88.0,88.0,53.0,94.0,2.0,,6.0,,,,,,,,,,,2.0,1.0,1.0,2.0,1.0,2.0,2.0,2.0,1.0,2.0,1.0,1.0,1.0,1.0,1.0,1.0,2.0,1.0,1.0,1.0,2.0,1.0,1.0,2.0,1.0,1.0,1.0,1.0,1.0,2.0,1.0,2.0,1.0,1.0,1.0,1.0,1.0,2.0,2.0,1.0,1.0,2.0,1.0,1.0,1.0,1.0,5.0,,,5.0,,,,10.0,,,2.0
pid_299,1.0,,1.0,,,,2.0,10.0,1.0,1500.0,,,,7.0,,2.0,5.0,5.0,4.0,2.0,3.0,5.0,4.0,5.0,4.0,5.0,,,2.0,2.0,3.0,2.0,,,,5.0,,2.0,6.0,2.0,1.0,1.0,1.0,6.0,7.0,7.0,67.0,92.0,87.0,34.0,30.0,56.0,26.0,85.0,37.0,90.0,3.0,,6.0,,,,,,,,,,,1.0,2.0,1.0,1.0,2.0,1.0,2.0,2.0,1.0,1.0,1.0,2.0,1.0,1.0,2.0,2.0,1.0,2.0,1.0,1.0,1.0,2.0,1.0,2.0,2.0,1.0,1.0,1.0,1.0,1.0,2.0,1.0,1.0,2.0,2.0,2.0,2.0,2.0,2.0,1.0,2.0,2.0,1.0,1.0,2.0,2.0,,,5.0,,,6.0,20.0,,2.0,,
pid_300,2.0,,2.0,,2.0,5.0,,,2.0,800.0,,,30.0,,,4.0,4.0,2.0,5.0,4.0,4.0,4.0,4.0,4.0,5.0,4.0,2.0,,,6.0,3.0,3.0,,,,6.0,,1.0,7.0,1.0,2.0,6.0,1.0,6.0,7.0,5.0,93.0,12.0,100.0,72.0,53.0,73.0,17.0,52.0,73.0,60.0,3.0,5.0,,,,,,,,,,,,1.0,1.0,1.0,1.0,1.0,1.0,2.0,2.0,1.0,2.0,1.0,1.0,2.0,2.0,1.0,1.0,2.0,1.0,1.0,1.0,2.0,2.0,1.0,1.0,1.0,1.0,2.0,2.0,2.0,2.0,1.0,2.0,2.0,1.0,1.0,1.0,1.0,1.0,1.0,2.0,2.0,1.0,2.0,1.0,2.0,2.0,5.0,,,4.0,,,15.0,,,,3.0
pid_301,,1.0,,1.0,,,1.0,20.0,2.0,200.0,,,30.0,,1.0,,1.0,5.0,1.0,1.0,2.0,2.0,5.0,5.0,5.0,4.0,,,1.0,,,,2.0,3.0,4.0,,6.0,1.0,6.0,1.0,6.0,6.0,5.0,6.0,3.0,3.0,50.0,90.0,50.0,30.0,30.0,70.0,70.0,70.0,60.0,75.0,4.0,1.0,,,,,,,,,,,,1.0,1.0,1.0,1.0,1.0,1.0,1.0,2.0,2.0,2.0,2.0,2.0,1.0,2.0,2.0,2.0,2.0,2.0,2.0,2.0,2.0,1.0,2.0,2.0,2.0,2.0,2.0,1.0,2.0,2.0,2.0,2.0,2.0,1.0,2.0,2.0,1.0,2.0,2.0,2.0,2.0,2.0,2.0,2.0,2.0,2.0,,,5.0,,,5.0,20.0,,,4.0,
pid_302,,2.0,2.0,,2.0,52.0,,,2.0,385.0,,,30.0,,5.0,,4.0,5.0,5.0,5.0,5.0,4.0,5.0,4.0,5.0,5.0,,,3.0,,,,3.0,2.0,3.0,,2.0,2.0,6.0,1.0,6.0,5.0,3.0,7.0,7.0,7.0,75.0,90.0,85.0,95.0,80.0,50.0,85.0,80.0,50.0,100.0,4.0,,6.0,1.0,2.0,2.0,2.0,1.0,2.0,2.0,1.0,2.0,1.0,,,,,,,1.0,2.0,2.0,1.0,1.0,1.0,1.0,1.0,1.0,1.0,1.0,2.0,1.0,1.0,1.0,2.0,1.0,1.0,1.0,1.0,1.0,2.0,1.0,1.0,2.0,1.0,2.0,1.0,2.0,2.0,2.0,1.0,2.0,1.0,1.0,1.0,2.0,1.0,2.0,1.0,,,5.0,,,5.0,,0.0,2.0,,
pid_303,2.0,,1.0,,2.0,54.0,,,,,1.0,380.0,,90.0,,3.0,5.0,5.0,4.0,3.0,5.0,5.0,5.0,5.0,5.0,5.0,1.0,,,3.0,3.0,3.0,,,,,5.0,1.0,7.0,2.0,6.0,3.0,3.0,6.0,7.0,7.0,40.0,48.0,44.0,51.0,35.0,36.0,65.0,60.0,43.0,57.0,1.0,3.0,,,,,,,,,,,,1.0,1.0,1.0,1.0,1.0,1.0,2.0,2.0,2.0,2.0,2.0,1.0,1.0,2.0,2.0,2.0,2.0,2.0,2.0,1.0,2.0,1.0,2.0,2.0,2.0,2.0,2.0,2.0,2.0,2.0,2.0,2.0,1.0,2.0,2.0,2.0,1.0,2.0,2.0,2.0,2.0,2.0,2.0,2.0,1.0,2.0,3.0,,,4.0,,,20.0,,,10.0,
pid_304,,2.0,2.0,,,,1.0,22.0,,,1.0,255.0,,70.0,,5.0,4.0,5.0,3.0,3.0,4.0,4.0,5.0,4.0,4.0,3.0,3.0,,,,,,3.0,4.0,3.0,5.0,,1.0,7.0,2.0,3.0,3.0,2.0,5.0,6.0,7.0,45.0,85.0,55.0,40.0,40.0,35.0,50.0,65.0,50.0,70.0,4.0,,6.0,,,,,,,,,,,1.0,1.0,1.0,1.0,1.0,1.0,2.0,2.0,2.0,2.0,2.0,1.0,2.0,2.0,2.0,2.0,1.0,2.0,1.0,2.0,1.0,2.0,2.0,2.0,2.0,1.0,1.0,1.0,2.0,1.0,2.0,2.0,2.0,2.0,2.0,2.0,1.0,1.0,2.0,2.0,2.0,2.0,2.0,2.0,2.0,2.0,4.0,,,5.0,,,,10.0,,2.0,
pid_305,2.0,,,1.0,,,1.0,15.0,,,1.0,93.0,,65.0,,5.0,4.0,4.0,3.0,4.0,3.0,4.0,5.0,4.0,4.0,4.0,1.0,,,,,,3.0,3.0,4.0,,4.0,1.0,6.0,3.0,4.0,4.0,1.0,5.0,4.0,4.0,41.0,65.0,33.0,50.0,45.0,39.0,43.0,40.0,51.0,57.0,3.0,,6.0,,,,,,,,,,,1.0,1.0,1.0,2.0,1.0,1.0,2.0,1.0,1.0,1.0,2.0,2.0,1.0,2.0,1.0,1.0,1.0,1.0,2.0,1.0,1.0,1.0,2.0,1.0,1.0,2.0,1.0,2.0,2.0,1.0,1.0,2.0,2.0,2.0,1.0,1.0,1.0,2.0,1.0,2.0,2.0,2.0,1.0,1.0,2.0,2.0,4.0,,,3.0,,,,2.0,3.0,,
pid_306,,2.0,,2.0,2.0,53.0,,,1.0,1100.0,,,85.0,,,3.0,1.0,4.0,5.0,3.0,4.0,5.0,4.0,3.0,1.0,5.0,1.0,,,,,,4.0,4.0,4.0,,6.0,2.0,7.0,3.0,4.0,3.0,2.0,6.0,7.0,7.0,29.0,55.0,100.0,21.0,41.0,55.0,76.0,18.0,5.0,83.0,2.0,,6.0,1.0,1.0,1.0,1.0,1.0,1.0,1.0,1.0,1.0,1.0,,,,,,,2.0,2.0,2.0,2.0,2.0,2.0,1.0,2.0,2.0,2.0,2.0,2.0,2.0,2.0,2.0,2.0,2.0,2.0,2.0,2.0,2.0,1.0,2.0,1.0,2.0,2.0,2.0,2.0,2.0,2.0,2.0,1.0,2.0,1.0,2.0,2.0,2.0,2.0,2.0,1.0,5.0,,,5.0,,,0.0,,2.0,,
pid_307,1.0,,,2.0,,,1.0,18.0,,,1.0,120.0,30.0,,5.0,,1.0,1.0,5.0,3.0,2.0,1.0,1.0,3.0,1.0,3.0,,2.0,,4.0,5.0,2.0,,,,,4.0,1.0,6.0,2.0,5.0,5.0,2.0,5.0,6.0,6.0,32.0,27.0,63.0,75.0,27.0,18.0,22.0,34.0,23.0,65.0,1.0,,7.0,1.0,1.0,1.0,2.0,1.0,1.0,2.0,2.0,1.0,1.0,,,,,,,2.0,1.0,2.0,2.0,2.0,1.0,1.0,2.0,2.0,1.0,1.0,1.0,1.0,2.0,2.0,1.0,2.0,2.0,2.0,1.0,2.0,1.0,2.0,1.0,2.0,2.0,1.0,1.0,2.0,2.0,2.0,2.0,1.0,2.0,2.0,1.0,1.0,2.0,2.0,1.0,,5.0,,,4.0,,15.0,,2.0,,
pid_308,1.0,,1.0,,,,1.0,40.0,,,1.0,400.0,,40.0,,5.0,4.0,3.0,3.0,1.0,4.0,5.0,5.0,5.0,5.0,4.0,,4.0,,,,,3.0,5.0,5.0,,6.0,1.0,6.0,2.0,3.0,3.0,2.0,5.0,6.0,6.0,65.0,68.0,40.0,60.0,48.0,40.0,70.0,75.0,80.0,90.0,3.0,,6.0,1.0,1.0,1.0,1.0,1.0,1.0,1.0,1.0,1.0,1.0,,,,,,,2.0,1.0,2.0,1.0,1.0,1.0,1.0,2.0,2.0,1.0,1.0,1.0,1.0,1.0,1.0,2.0,2.0,1.0,1.0,2.0,2.0,1.0,1.0,1.0,1.0,1.0,2.0,2.0,1.0,2.0,1.0,1.0,2.0,2.0,2.0,2.0,1.0,2.0,2.0,2.0,,5.0,,,6.0,,15.0,,,,3.0
pid_310,1.0,,2.0,,2.0,15.0,,,,,1.0,200.0,60.0,,,4.0,4.0,5.0,3.0,3.0,4.0,5.0,2.0,5.0,5.0,5.0,,1.0,,,,,3.0,4.0,5.0,,5.0,1.0,5.0,1.0,6.0,5.0,2.0,6.0,6.0,6.0,32.0,78.0,58.0,61.0,28.0,68.0,17.0,77.0,56.0,83.0,2.0,6.0,,1.0,1.0,1.0,1.0,2.0,1.0,1.0,1.0,1.0,1.0,,,,,,,2.0,2.0,2.0,1.0,1.0,2.0,1.0,1.0,2.0,2.0,2.0,2.0,2.0,2.0,1.0,2.0,1.0,2.0,2.0,2.0,2.0,2.0,1.0,2.0,2.0,2.0,2.0,1.0,2.0,2.0,2.0,2.0,2.0,2.0,2.0,1.0,2.0,2.0,2.0,2.0,,2.0,,,3.0,,,5.0,3.0,,
pid_311,2.0,,1.0,,,,1.0,55.0,2.0,560.0,,,,7.0,,2.0,4.0,4.0,5.0,3.0,3.0,4.0,4.0,3.0,4.0,4.0,3.0,,,3.0,2.0,1.0,,,,,2.0,2.0,4.0,3.0,3.0,5.0,2.0,5.0,6.0,5.0,32.0,60.0,29.0,20.0,12.0,70.0,82.0,22.0,58.0,81.0,2.0,,3.0,1.0,1.0,1.0,1.0,2.0,2.0,1.0,1.0,1.0,2.0,,,,,,,2.0,1.0,1.0,1.0,2.0,1.0,2.0,2.0,1.0,1.0,2.0,1.0,2.0,1.0,1.0,2.0,1.0,2.0,2.0,2.0,1.0,1.0,1.0,1.0,2.0,1.0,1.0,1.0,1.0,1.0,2.0,2.0,1.0,1.0,1.0,1.0,1.0,1.0,1.0,1.0,5.0,,,5.0,,,,10.0,3.0,,
pid_312,,2.0,,1.0,,,1.0,54.0,2.0,380.0,,,37.0,,5.0,,2.0,3.0,5.0,4.0,4.0,2.0,2.0,3.0,2.0,4.0,,4.0,,,,,3.0,3.0,3.0,4.0,,2.0,6.0,1.0,6.0,5.0,5.0,7.0,7.0,7.0,3.0,12.0,98.0,47.0,7.0,41.0,27.0,27.0,14.0,30.0,2.0,6.0,,,,,,,,,,,,1.0,2.0,1.0,1.0,2.0,1.0,2.0,2.0,2.0,2.0,2.0,1.0,2.0,2.0,1.0,2.0,2.0,2.0,2.0,1.0,2.0,1.0,2.0,1.0,2.0,1.0,2.0,2.0,2.0,2.0,2.0,2.0,2.0,2.0,2.0,1.0,2.0,1.0,2.0,1.0,2.0,1.0,2.0,2.0,2.0,1.0,,4.0,,,5.0,,5.0,,2.0,,
pid_313,1.0,,2.0,,,,1.0,15.0,2.0,500.0,,,,85.0,2.0,,5.0,4.0,1.0,1.0,5.0,5.0,5.0,2.0,5.0,5.0,,5.0,,,,,4.0,5.0,5.0,6.0,,2.0,7.0,1.0,5.0,6.0,3.0,7.0,5.0,6.0,55.0,75.0,55.0,30.0,50.0,60.0,55.0,35.0,35.0,70.0,4.0,,6.0,,,,,,,,,,,2.0,1.0,1.0,2.0,1.0,2.0,2.0,2.0,2.0,1.0,2.0,2.0,2.0,1.0,1.0,1.0,2.0,2.0,1.0,2.0,2.0,1.0,1.0,2.0,2.0,1.0,1.0,1.0,1.0,2.0,1.0,1.0,1.0,2.0,2.0,1.0,1.0,1.0,1.0,2.0,2.0,1.0,1.0,1.0,2.0,1.0,,5.0,,,6.0,,20.0,,,3.0,
pid_314,1.0,,1.0,,,,1.0,17.0,2.0,851.0,,,,70.0,1.0,,4.0,5.0,5.0,5.0,5.0,4.0,5.0,5.0,1.0,4.0,,,4.0,,,,2.0,3.0,4.0,,5.0,1.0,3.0,2.0,3.0,5.0,5.0,6.0,5.0,5.0,66.0,85.0,93.0,97.0,54.0,78.0,94.0,98.0,11.0,59.0,3.0,,6.0,,,,,,,,,,,1.0,2.0,2.0,1.0,1.0,1.0,2.0,2.0,1.0,2.0,2.0,2.0,1.0,2.0,1.0,2.0,1.0,1.0,2.0,2.0,1.0,2.0,1.0,2.0,1.0,2.0,2.0,1.0,1.0,1.0,2.0,2.0,1.0,2.0,1.0,1.0,1.0,1.0,2.0,2.0,2.0,2.0,2.0,2.0,1.0,2.0,,,5.0,,,6.0,,17.0,,,4.0
pid_315,,2.0,2.0,,2.0,58.0,,,,,1.0,250.0,,70.0,3.0,,5.0,2.0,1.0,3.0,5.0,5.0,5.0,5.0,5.0,5.0,1.0,,,,,,4.0,4.0,4.0,5.0,,1.0,7.0,4.0,3.0,3.0,1.0,3.0,6.0,6.0,47.0,51.0,50.0,60.0,43.0,48.0,58.0,55.0,48.0,66.0,4.0,6.0,,1.0,1.0,1.0,1.0,1.0,1.0,1.0,1.0,1.0,1.0,,,,,,,2.0,1.0,2.0,2.0,2.0,1.0,2.0,2.0,1.0,1.0,2.0,2.0,2.0,1.0,2.0,2.0,2.0,2.0,2.0,2.0,2.0,2.0,2.0,1.0,2.0,1.0,2.0,2.0,2.0,2.0,2.0,2.0,2.0,1.0,2.0,2.0,2.0,2.0,1.0,1.0,5.0,,,5.0,,,,20.0,1.0,,
pid_316,1.0,,,2.0,,,1.0,54.0,,,1.0,350.0,50.0,,,4.0,5.0,4.0,5.0,5.0,5.0,5.0,4.0,4.0,5.0,5.0,,,3.0,1.0,2.0,2.0,,,,,2.0,2.0,6.0,2.0,4.0,4.0,3.0,6.0,6.0,6.0,95.0,49.0,85.0,86.0,94.0,84.0,74.0,65.0,78.0,98.0,3.0,5.0,,,,,,,,,,,,1.0,1.0,1.0,1.0,2.0,2.0,1.0,1.0,1.0,1.0,1.0,2.0,1.0,2.0,1.0,2.0,1.0,1.0,1.0,1.0,1.0,1.0,1.0,1.0,2.0,1.0,1.0,2.0,1.0,1.0,1.0,1.0,1.0,1.0,1.0,2.0,1.0,2.0,1.0,1.0,1.0,2.0,1.0,1.0,1.0,1.0,,,4.0,,,4.0,,15.0,4.0,,
pid_317,1.0,,1.0,,,,1.0,50.0,,,1.0,300.0,,68.0,4.0,,5.0,5.0,5.0,5.0,5.0,5.0,5.0,5.0,1.0,5.0,,,5.0,5.0,2.0,1.0,,,,,6.0,2.0,5.0,5.0,2.0,1.0,5.0,6.0,7.0,7.0,60.0,26.0,82.0,71.0,30.0,35.0,62.0,62.0,8.0,74.0,3.0,2.0,,2.0,1.0,2.0,1.0,1.0,1.0,1.0,2.0,2.0,2.0,,,,,,,1.0,1.0,2.0,2.0,2.0,2.0,1.0,1.0,1.0,1.0,2.0,1.0,2.0,2.0,1.0,1.0,1.0,2.0,2.0,1.0,1.0,1.0,1.0,1.0,1.0,1.0,2.0,1.0,1.0,1.0,1.0,1.0,2.0,2.0,1.0,1.0,2.0,1.0,1.0,1.0,,,5.0,,,4.0,,18.0,2.0,,
pid_318,,1.0,2.0,,,,1.0,44.0,2.0,285.0,,,40.0,,4.0,,1.0,1.0,5.0,5.0,1.0,1.0,1.0,1.0,1.0,1.0,3.0,,,,,,3.0,3.0,3.0,3.0,,1.0,7.0,5.0,7.0,7.0,3.0,6.0,7.0,7.0,29.0,43.0,50.0,65.0,19.0,15.0,42.0,50.0,36.0,47.0,3.0,,5.0,1.0,1.0,1.0,1.0,1.0,1.0,1.0,1.0,1.0,1.0,,,,,,,1.0,2.0,1.0,2.0,2.0,2.0,1.0,2.0,2.0,1.0,1.0,1.0,1.0,1.0,1.0,2.0,1.0,1.0,1.0,1.0,2.0,2.0,1.0,1.0,2.0,2.0,1.0,1.0,2.0,2.0,1.0,2.0,2.0,1.0,2.0,1.0,2.0,2.0,2.0,1.0,4.0,,,5.0,,,,10.0,,6.0,
pid_319,,2.0,,2.0,2.0,50.0,,,,,1.0,100.0,,70.0,,4.0,3.0,3.0,2.0,3.0,3.0,3.0,4.0,4.0,3.0,4.0,3.0,,,,,,3.0,4.0,4.0,4.0,,1.0,5.0,1.0,4.0,4.0,3.0,6.0,4.0,4.0,49.0,30.0,54.0,48.0,50.0,51.0,51.0,74.0,45.0,71.0,3.0,,4.0,,,,,,,,,,,2.0,2.0,1.0,1.0,1.0,1.0,1.0,2.0,2.0,2.0,2.0,2.0,1.0,1.0,1.0,1.0,2.0,1.0,2.0,2.0,1.0,2.0,2.0,2.0,2.0,1.0,2.0,2.0,2.0,1.0,2.0,2.0,2.0,2.0,2.0,2.0,1.0,2.0,2.0,2.0,2.0,1.0,1.0,2.0,2.0,2.0,5.0,,,4.0,,,,0.0,,9.0,
pid_320,,2.0,,2.0,,,1.0,22.0,2.0,220.0,,,50.0,,2.0,,4.0,5.0,1.0,1.0,2.0,4.0,5.0,5.0,5.0,3.0,,,2.0,3.0,4.0,3.0,,,,,5.0,1.0,7.0,2.0,6.0,6.0,5.0,6.0,6.0,7.0,37.0,43.0,67.0,18.0,75.0,28.0,40.0,75.0,41.0,11.0,1.0,,6.0,,,,,,,,,,,1.0,1.0,1.0,1.0,1.0,1.0,1.0,2.0,2.0,2.0,2.0,2.0,2.0,2.0,2.0,2.0,2.0,2.0,2.0,2.0,2.0,2.0,2.0,2.0,2.0,1.0,2.0,2.0,2.0,2.0,2.0,2.0,2.0,2.0,2.0,2.0,2.0,2.0,2.0,2.0,2.0,2.0,2.0,1.0,2.0,1.0,,,2.0,,,5.0,15.0,,2.0,,
pid_321,,2.0,1.0,,2.0,54.0,,,2.0,375.0,,,,71.0,3.0,,4.0,4.0,4.0,4.0,4.0,4.0,4.0,4.0,2.0,4.0,4.0,,,,,,2.0,2.0,2.0,5.0,,1.0,5.0,2.0,2.0,5.0,2.0,6.0,6.0,3.0,70.0,81.0,89.0,55.0,56.0,65.0,65.0,63.0,47.0,68.0,3.0,,6.0,,,,,,,,,,,1.0,1.0,1.0,2.0,2.0,1.0,1.0,2.0,2.0,2.0,2.0,1.0,1.0,2.0,1.0,2.0,2.0,2.0,1.0,1.0,2.0,1.0,2.0,2.0,1.0,1.0,1.0,1.0,2.0,2.0,2.0,1.0,1.0,2.0,1.0,1.0,1.0,1.0,1.0,2.0,1.0,1.0,2.0,1.0,2.0,1.0,3.0,,,4.0,,,,15.0,,,3.0
pid_322,1.0,,,2.0,,,1.0,54.0,,,1.0,370.0,,70.0,,3.0,5.0,3.0,2.0,5.0,5.0,5.0,5.0,4.0,2.0,5.0,,,2.0,2.0,3.0,4.0,,,,,3.0,1.0,4.0,1.0,3.0,6.0,1.0,6.0,7.0,7.0,84.0,50.0,58.0,82.0,84.0,96.0,86.0,82.0,3.0,82.0,1.0,,7.0,1.0,1.0,1.0,2.0,1.0,1.0,1.0,2.0,2.0,1.0,,,,,,,2.0,1.0,1.0,1.0,1.0,1.0,1.0,1.0,1.0,1.0,2.0,1.0,2.0,1.0,1.0,2.0,1.0,2.0,1.0,1.0,2.0,2.0,1.0,1.0,2.0,2.0,1.0,1.0,1.0,1.0,2.0,2.0,2.0,1.0,1.0,2.0,1.0,1.0,2.0,1.0,,,5.0,,,6.0,,20.0,,9.0,
pid_323,,2.0,1.0,,,,2.0,8.0,,,1.0,200.0,,70.0,,4.0,3.0,5.0,5.0,2.0,5.0,4.0,4.0,5.0,5.0,5.0,2.0,,,,,,4.0,3.0,5.0,,6.0,2.0,5.0,4.0,6.0,5.0,5.0,5.0,5.0,6.0,36.0,100.0,65.0,50.0,70.0,61.0,89.0,70.0,67.0,100.0,1.0,5.0,,1.0,1.0,1.0,1.0,2.0,1.0,2.0,2.0,1.0,1.0,,,,,,,1.0,1.0,2.0,1.0,1.0,2.0,2.0,2.0,1.0,1.0,1.0,2.0,2.0,2.0,2.0,1.0,1.0,1.0,1.0,2.0,1.0,1.0,1.0,2.0,1.0,2.0,2.0,1.0,2.0,1.0,1.0,1.0,1.0,1.0,2.0,2.0,2.0,2.0,1.0,1.0,4.0,,,4.0,,,,7.0,,,3.0
pid_324,1.0,,1.0,,1.0,75.0,,,,,1.0,110.0,,72.0,,4.0,4.0,3.0,4.0,1.0,4.0,5.0,3.0,4.0,5.0,4.0,2.0,,,3.0,4.0,2.0,,,,,4.0,2.0,5.0,2.0,2.0,3.0,2.0,5.0,6.0,7.0,40.0,62.0,65.0,16.0,40.0,55.0,67.0,55.0,75.0,75.0,3.0,,6.0,1.0,2.0,1.0,2.0,1.0,1.0,2.0,1.0,1.0,2.0,,,,,,,2.0,2.0,2.0,1.0,2.0,1.0,2.0,2.0,2.0,2.0,1.0,2.0,2.0,1.0,2.0,2.0,1.0,2.0,2.0,2.0,1.0,1.0,1.0,2.0,2.0,1.0,2.0,1.0,2.0,1.0,2.0,2.0,2.0,2.0,2.0,1.0,2.0,2.0,1.0,1.0,4.0,,,3.0,,,20.0,,,,3.0
pid_325,2.0,,1.0,,,,1.0,25.0,,,1.0,100.0,,36.0,,4.0,1.0,4.0,5.0,4.0,1.0,1.0,1.0,5.0,3.0,1.0,,4.0,,5.0,2.0,2.0,,,,,6.0,1.0,7.0,3.0,1.0,1.0,2.0,6.0,6.0,6.0,10.0,70.0,59.0,75.0,30.0,10.0,21.0,57.0,30.0,5.0,1.0,,6.0,,,,,,,,,,,2.0,2.0,1.0,1.0,1.0,1.0,1.0,2.0,2.0,2.0,1.0,1.0,2.0,2.0,2.0,2.0,1.0,2.0,1.0,1.0,2.0,1.0,1.0,2.0,1.0,1.0,1.0,2.0,1.0,2.0,2.0,1.0,1.0,2.0,2.0,1.0,2.0,1.0,1.0,2.0,1.0,1.0,2.0,1.0,2.0,2.0,,4.0,,,6.0,,15.0,,,,3.0
pid_326,,2.0,,2.0,,,2.0,5.0,,,1.0,300.0,50.0,,3.0,,1.0,1.0,5.0,2.0,3.0,1.0,1.0,3.0,2.0,2.0,,2.0,,2.0,5.0,3.0,,,,4.0,,2.0,7.0,1.0,6.0,3.0,1.0,7.0,6.0,6.0,20.0,36.0,64.0,21.0,15.0,10.0,5.0,34.0,13.0,20.0,1.0,,6.0,1.0,1.0,1.0,2.0,1.0,2.0,1.0,1.0,1.0,2.0,,,,,,,1.0,2.0,2.0,1.0,1.0,1.0,2.0,2.0,2.0,2.0,2.0,2.0,1.0,2.0,2.0,1.0,1.0,1.0,1.0,1.0,2.0,2.0,2.0,1.0,2.0,1.0,2.0,1.0,2.0,1.0,1.0,1.0,2.0,1.0,2.0,1.0,2.0,1.0,1.0,1.0,,5.0,,,6.0,,,20.0,,,3.0
pid_327,,2.0,2.0,,,,2.0,2.0,,,1.0,120.0,,27.0,3.0,,1.0,1.0,5.0,5.0,1.0,1.0,1.0,1.0,1.0,1.0,2.0,,,,,,5.0,4.0,3.0,2.0,,1.0,6.0,4.0,3.0,3.0,2.0,5.0,6.0,6.0,30.0,82.0,72.0,100.0,15.0,18.0,21.0,21.0,10.0,64.0,1.0,5.0,,,,,,,,,,,,1.0,2.0,1.0,1.0,1.0,2.0,2.0,1.0,2.0,1.0,2.0,2.0,1.0,2.0,1.0,2.0,2.0,1.0,2.0,2.0,1.0,1.0,1.0,2.0,2.0,2.0,1.0,1.0,1.0,2.0,1.0,2.0,2.0,2.0,2.0,2.0,2.0,1.0,2.0,2.0,1.0,2.0,2.0,2.0,2.0,2.0,3.0,,,2.0,,,5.0,,,1.0,
pid_328,,2.0,1.0,,,,2.0,10.0,2.0,500.0,,,,90.0,,4.0,2.0,1.0,4.0,3.0,2.0,4.0,4.0,4.0,1.0,5.0,,4.0,,,,,1.0,1.0,1.0,,4.0,1.0,7.0,1.0,4.0,2.0,5.0,6.0,4.0,6.0,30.0,15.0,50.0,70.0,40.0,70.0,90.0,60.0,30.0,100.0,2.0,5.0,,1.0,1.0,1.0,1.0,1.0,1.0,1.0,1.0,1.0,1.0,,,,,,,2.0,1.0,2.0,2.0,1.0,1.0,2.0,2.0,2.0,1.0,2.0,2.0,2.0,2.0,2.0,1.0,2.0,2.0,2.0,2.0,2.0,2.0,1.0,2.0,2.0,2.0,2.0,2.0,2.0,1.0,2.0,2.0,2.0,1.0,2.0,2.0,2.0,2.0,1.0,2.0,,4.0,,,6.0,,10.0,,,,5.0
pid_329,,2.0,1.0,,,,1.0,20.0,,,1.0,150.0,30.0,,,2.0,5.0,5.0,1.0,1.0,4.0,5.0,5.0,5.0,5.0,5.0,3.0,,,3.0,3.0,2.0,,,,4.0,,1.0,5.0,1.0,2.0,2.0,2.0,3.0,6.0,5.0,77.0,72.0,56.0,16.0,70.0,78.0,65.0,76.0,51.0,85.0,2.0,6.0,,1.0,2.0,1.0,1.0,1.0,1.0,2.0,2.0,2.0,2.0,,,,,,,2.0,1.0,1.0,2.0,2.0,1.0,2.0,1.0,1.0,1.0,1.0,2.0,1.0,2.0,2.0,2.0,1.0,2.0,2.0,1.0,1.0,2.0,2.0,1.0,2.0,1.0,1.0,2.0,2.0,1.0,2.0,2.0,2.0,2.0,1.0,1.0,2.0,1.0,2.0,1.0,4.0,,,4.0,,,20.0,,,,1.0
pid_330,1.0,,,2.0,2.0,35.0,,,,,1.0,90.0,,80.0,5.0,,3.0,5.0,5.0,5.0,3.0,3.0,5.0,5.0,5.0,5.0,,,3.0,,,,3.0,4.0,3.0,5.0,,1.0,7.0,1.0,4.0,5.0,3.0,7.0,6.0,5.0,30.0,85.0,48.0,32.0,10.0,10.0,80.0,75.0,61.0,80.0,2.0,,6.0,1.0,1.0,1.0,1.0,1.0,1.0,1.0,1.0,1.0,1.0,,,,,,,2.0,2.0,2.0,2.0,2.0,2.0,2.0,1.0,2.0,2.0,1.0,2.0,1.0,2.0,1.0,2.0,2.0,1.0,1.0,2.0,1.0,2.0,2.0,2.0,2.0,2.0,2.0,2.0,2.0,2.0,1.0,1.0,2.0,1.0,2.0,1.0,2.0,1.0,1.0,2.0,,,5.0,,,5.0,0.0,,,,2.0
pid_331,2.0,,,2.0,,,1.0,55.0,2.0,333.0,,,,70.0,5.0,,2.0,1.0,5.0,3.0,2.0,2.0,1.0,2.0,2.0,2.0,,,2.0,5.0,4.0,2.0,,,,3.0,,1.0,7.0,6.0,6.0,6.0,1.0,2.0,4.0,6.0,20.0,22.0,73.0,49.0,20.0,22.0,19.0,34.0,35.0,82.0,2.0,,6.0,,,,,,,,,,,1.0,1.0,1.0,1.0,1.0,1.0,1.0,2.0,2.0,1.0,2.0,2.0,2.0,1.0,2.0,2.0,2.0,2.0,1.0,2.0,2.0,1.0,1.0,1.0,1.0,2.0,2.0,1.0,1.0,1.0,2.0,1.0,2.0,2.0,2.0,2.0,2.0,2.0,1.0,1.0,2.0,1.0,2.0,1.0,2.0,1.0,,,4.0,,,4.0,,20.0,,2.0,
pid_332,1.0,,2.0,,1.0,70.0,,,,,1.0,250.0,33.0,,2.0,,4.0,4.0,4.0,3.0,3.0,2.0,2.0,3.0,4.0,4.0,4.0,,,,,,4.0,3.0,2.0,4.0,,1.0,6.0,3.0,5.0,5.0,5.0,7.0,7.0,5.0,40.0,50.0,50.0,50.0,10.0,30.0,25.0,40.0,50.0,40.0,4.0,,6.0,1.0,1.0,1.0,1.0,1.0,1.0,1.0,1.0,1.0,1.0,,,,,,,1.0,1.0,1.0,2.0,1.0,1.0,1.0,1.0,2.0,2.0,2.0,2.0,1.0,2.0,1.0,2.0,2.0,1.0,2.0,1.0,2.0,1.0,1.0,2.0,2.0,2.0,2.0,1.0,2.0,2.0,2.0,2.0,2.0,1.0,2.0,2.0,1.0,1.0,2.0,2.0,4.0,,,6.0,,,,15.0,3.0,,
pid_333,,1.0,2.0,,1.0,79.0,,,1.0,1001.0,,,,69.0,,3.0,5.0,4.0,4.0,4.0,3.0,5.0,4.0,4.0,5.0,3.0,4.0,,,4.0,2.0,3.0,,,,,4.0,1.0,7.0,1.0,7.0,7.0,5.0,7.0,6.0,6.0,92.0,78.0,82.0,80.0,68.0,78.0,84.0,81.0,75.0,80.0,3.0,5.0,,,,,,,,,,,,1.0,1.0,1.0,1.0,2.0,2.0,1.0,2.0,2.0,1.0,2.0,2.0,2.0,1.0,2.0,1.0,1.0,1.0,1.0,1.0,1.0,1.0,1.0,1.0,1.0,1.0,1.0,1.0,2.0,1.0,1.0,1.0,2.0,1.0,2.0,1.0,1.0,2.0,1.0,2.0,1.0,1.0,1.0,1.0,2.0,2.0,4.0,,,2.0,,,15.0,,2.0,,
pid_334,,2.0,,1.0,,,2.0,3.0,,,1.0,150.0,,70.0,,6.0,4.0,5.0,3.0,5.0,5.0,4.0,4.0,5.0,5.0,5.0,,2.0,,,,,3.0,4.0,5.0,4.0,,1.0,7.0,4.0,5.0,5.0,5.0,7.0,5.0,6.0,50.0,62.0,57.0,66.0,61.0,47.0,64.0,76.0,63.0,85.0,3.0,,3.0,,,,,,,,,,,1.0,1.0,1.0,1.0,2.0,1.0,2.0,2.0,2.0,1.0,2.0,1.0,2.0,1.0,1.0,1.0,2.0,2.0,1.0,1.0,2.0,2.0,2.0,2.0,2.0,2.0,2.0,1.0,1.0,2.0,1.0,2.0,2.0,2.0,2.0,2.0,2.0,1.0,2.0,2.0,2.0,2.0,2.0,2.0,2.0,2.0,,5.0,,,6.0,,17.0,,1.0,,
pid_335,,2.0,1.0,,,,1.0,20.0,,,1.0,350.0,,70.0,,3.0,1.0,2.0,5.0,5.0,3.0,3.0,1.0,1.0,1.0,4.0,,,3.0,,,,4.0,3.0,4.0,,4.0,1.0,6.0,5.0,6.0,6.0,3.0,3.0,5.0,5.0,15.0,10.0,100.0,100.0,30.0,10.0,0.0,0.0,5.0,30.0,3.0,5.0,,,,,,,,,,,,1.0,1.0,1.0,1.0,2.0,2.0,2.0,2.0,1.0,1.0,1.0,2.0,2.0,1.0,1.0,1.0,2.0,1.0,2.0,2.0,2.0,1.0,2.0,2.0,2.0,1.0,1.0,2.0,1.0,2.0,2.0,1.0,2.0,2.0,1.0,2.0,2.0,2.0,1.0,1.0,2.0,2.0,1.0,2.0,2.0,2.0,,,2.0,,,2.0,18.0,,,10.0,
pid_336,1.0,,1.0,,,,2.0,3.0,2.0,500.0,,,30.0,,1.0,,3.0,3.0,4.0,4.0,4.0,3.0,3.0,3.0,4.0,3.0,4.0,,,3.0,2.0,2.0,,,,4.0,,1.0,5.0,2.0,2.0,4.0,3.0,5.0,7.0,5.0,55.0,74.0,67.0,60.0,50.0,40.0,81.0,82.0,77.0,75.0,1.0,6.0,,1.0,2.0,2.0,1.0,2.0,2.0,2.0,2.0,1.0,1.0,,,,,,,1.0,1.0,2.0,1.0,2.0,1.0,2.0,1.0,2.0,1.0,1.0,2.0,1.0,1.0,2.0,1.0,2.0,1.0,1.0,2.0,2.0,1.0,1.0,2.0,2.0,2.0,1.0,2.0,1.0,2.0,1.0,1.0,2.0,2.0,2.0,1.0,1.0,2.0,1.0,1.0,4.0,,,4.0,,,15.0,,4.0,,
pid_337,,1.0,1.0,,,,2.0,8.0,,,1.0,495.0,,70.0,,6.0,1.0,1.0,5.0,5.0,2.0,1.0,1.0,2.0,1.0,1.0,,,4.0,,,,4.0,4.0,4.0,,6.0,1.0,6.0,5.0,4.0,1.0,5.0,3.0,4.0,7.0,30.0,28.0,66.0,36.0,5.0,18.0,25.0,53.0,20.0,37.0,1.0,6.0,,1.0,1.0,1.0,1.0,2.0,1.0,1.0,2.0,1.0,2.0,,,,,,,2.0,2.0,1.0,2.0,1.0,2.0,2.0,1.0,1.0,2.0,2.0,1.0,2.0,1.0,2.0,2.0,2.0,2.0,1.0,2.0,2.0,2.0,2.0,2.0,1.0,2.0,2.0,2.0,1.0,1.0,2.0,2.0,2.0,2.0,2.0,2.0,2.0,2.0,1.0,1.0,,,4.0,,,4.0,15.0,,1.0,,
pid_338,2.0,,,1.0,,,1.0,20.0,2.0,969.0,,,,50.0,4.0,,1.0,2.0,5.0,5.0,3.0,1.0,4.0,4.0,2.0,4.0,,1.0,,3.0,3.0,2.0,,,,4.0,,2.0,7.0,1.0,4.0,1.0,2.0,7.0,6.0,6.0,10.0,75.0,75.0,75.0,50.0,50.0,50.0,50.0,34.0,34.0,1.0,1.0,,,,,,,,,,,,1.0,2.0,1.0,2.0,1.0,2.0,2.0,2.0,2.0,2.0,2.0,2.0,2.0,2.0,2.0,2.0,2.0,1.0,2.0,2.0,2.0,2.0,2.0,2.0,2.0,1.0,2.0,1.0,1.0,1.0,2.0,2.0,1.0,2.0,2.0,2.0,2.0,1.0,2.0,1.0,2.0,2.0,1.0,2.0,2.0,2.0,,3.0,,,4.0,,10.0,,1.0,,
pid_339,,2.0,1.0,,2.0,54.0,,,2.0,450.0,,,,70.0,,5.0,4.0,3.0,2.0,4.0,4.0,3.0,5.0,4.0,4.0,3.0,,1.0,,4.0,2.0,2.0,,,,,5.0,2.0,7.0,2.0,3.0,5.0,5.0,6.0,6.0,5.0,40.0,65.0,65.0,76.0,53.0,65.0,80.0,55.0,45.0,65.0,2.0,,6.0,,,,,,,,,,,1.0,2.0,2.0,1.0,1.0,1.0,1.0,1.0,1.0,1.0,2.0,1.0,1.0,1.0,1.0,1.0,2.0,2.0,1.0,1.0,2.0,1.0,1.0,1.0,1.0,2.0,2.0,2.0,2.0,1.0,1.0,1.0,1.0,1.0,1.0,1.0,1.0,2.0,1.0,2.0,2.0,1.0,1.0,1.0,1.0,1.0,,5.0,,,3.0,,,10.0,,4.0,
pid_340,,1.0,1.0,,,,2.0,35.0,1.0,1200.0,,,,31.0,,6.0,5.0,2.0,5.0,3.0,4.0,5.0,4.0,5.0,1.0,4.0,,,2.0,,,,5.0,2.0,6.0,,6.0,2.0,7.0,1.0,2.0,1.0,2.0,6.0,7.0,6.0,77.0,52.0,76.0,41.0,41.0,67.0,69.0,23.0,26.0,70.0,2.0,,6.0,,,,,,,,,,,1.0,1.0,1.0,2.0,1.0,2.0,1.0,2.0,1.0,1.0,1.0,2.0,2.0,1.0,2.0,2.0,1.0,2.0,1.0,2.0,1.0,2.0,1.0,1.0,1.0,2.0,2.0,2.0,2.0,1.0,1.0,1.0,2.0,1.0,1.0,2.0,2.0,1.0,1.0,2.0,1.0,1.0,2.0,2.0,2.0,2.0,,,4.0,,,1.0,,0.0,2.0,,
pid_341,,2.0,,1.0,2.0,54.0,,,,,1.0,85.0,,65.0,,4.0,4.0,4.0,3.0,4.0,4.0,3.0,3.0,2.0,3.0,4.0,1.0,,,,,,4.0,4.0,3.0,,3.0,1.0,5.0,5.0,6.0,5.0,5.0,4.0,4.0,4.0,51.0,58.0,52.0,60.0,54.0,72.0,61.0,47.0,62.0,59.0,1.0,4.0,,1.0,2.0,1.0,2.0,1.0,1.0,2.0,2.0,1.0,1.0,,,,,,,1.0,1.0,2.0,1.0,1.0,1.0,1.0,2.0,2.0,1.0,1.0,1.0,1.0,1.0,1.0,1.0,1.0,1.0,1.0,1.0,1.0,1.0,1.0,1.0,1.0,2.0,1.0,1.0,1.0,1.0,1.0,1.0,1.0,1.0,1.0,1.0,1.0,1.0,1.0,1.0,5.0,,,6.0,,,15.0,,3.0,,
pid_342,1.0,,,2.0,,,1.0,30.0,,,1.0,120.0,,73.0,1.0,,5.0,5.0,2.0,1.0,5.0,5.0,5.0,5.0,5.0,5.0,2.0,,,,,,5.0,4.0,3.0,5.0,,1.0,7.0,1.0,5.0,5.0,5.0,6.0,7.0,5.0,49.0,55.0,59.0,54.0,45.0,46.0,46.0,37.0,37.0,61.0,4.0,5.0,,,,,,,,,,,,1.0,1.0,1.0,1.0,1.0,1.0,2.0,2.0,2.0,2.0,1.0,2.0,2.0,2.0,1.0,2.0,1.0,2.0,2.0,2.0,1.0,2.0,2.0,2.0,2.0,2.0,1.0,1.0,2.0,2.0,2.0,1.0,2.0,1.0,1.0,2.0,1.0,2.0,2.0,2.0,1.0,2.0,1.0,1.0,2.0,1.0,4.0,,,6.0,,,15.0,,,5.0,
pid_343,1.0,,,2.0,2.0,35.0,,,,,1.0,300.0,30.0,,3.0,,4.0,5.0,5.0,3.0,3.0,4.0,5.0,5.0,4.0,5.0,,5.0,,,,,3.0,4.0,4.0,2.0,,1.0,6.0,5.0,7.0,6.0,2.0,5.0,6.0,5.0,45.0,75.0,65.0,50.0,30.0,45.0,55.0,65.0,45.0,80.0,2.0,6.0,,,,,,,,,,,,1.0,1.0,2.0,1.0,2.0,1.0,2.0,1.0,2.0,2.0,2.0,2.0,1.0,1.0,2.0,1.0,1.0,2.0,2.0,1.0,1.0,1.0,2.0,1.0,2.0,1.0,2.0,1.0,1.0,1.0,2.0,1.0,2.0,1.0,2.0,1.0,1.0,1.0,1.0,1.0,2.0,2.0,1.0,1.0,2.0,2.0,,5.0,,,4.0,,16.0,,1.0,,
pid_344,,2.0,2.0,,,,1.0,14.0,,,1.0,107.0,,35.0,,4.0,5.0,4.0,2.0,4.0,5.0,5.0,4.0,4.0,4.0,5.0,,,2.0,3.0,3.0,3.0,,,,5.0,,2.0,3.0,2.0,3.0,3.0,3.0,5.0,6.0,6.0,33.0,40.0,38.0,32.0,25.0,31.0,16.0,21.0,18.0,41.0,3.0,5.0,,1.0,1.0,1.0,1.0,1.0,1.0,1.0,1.0,1.0,1.0,,,,,,,2.0,2.0,1.0,2.0,2.0,2.0,2.0,1.0,2.0,2.0,1.0,2.0,2.0,1.0,2.0,1.0,2.0,2.0,2.0,2.0,2.0,2.0,1.0,2.0,2.0,1.0,1.0,1.0,1.0,2.0,2.0,2.0,2.0,1.0,2.0,2.0,2.0,2.0,2.0,2.0,,,5.0,,,6.0,,5.0,2.0,,
pid_345,,2.0,,1.0,2.0,50.0,,,2.0,400.0,,,,57.0,,5.0,4.0,3.0,2.0,3.0,3.0,4.0,3.0,2.0,2.0,2.0,,,4.0,2.0,5.0,2.0,,,,2.0,,1.0,5.0,3.0,3.0,4.0,3.0,3.0,2.0,3.0,25.0,34.0,41.0,58.0,25.0,45.0,41.0,34.0,43.0,38.0,4.0,,5.0,,,,,,,,,,,1.0,1.0,1.0,1.0,2.0,2.0,1.0,2.0,1.0,2.0,1.0,1.0,1.0,2.0,1.0,1.0,1.0,1.0,2.0,1.0,2.0,1.0,1.0,2.0,1.0,1.0,1.0,1.0,1.0,2.0,1.0,1.0,1.0,1.0,1.0,2.0,1.0,2.0,2.0,1.0,1.0,1.0,2.0,2.0,1.0,2.0,,,5.0,,,5.0,,12.0,2.0,,
pid_346,,2.0,,2.0,,,1.0,40.0,,,1.0,450.0,30.0,,,3.0,5.0,1.0,5.0,5.0,5.0,5.0,5.0,5.0,1.0,1.0,1.0,,,,,,3.0,1.0,6.0,,6.0,1.0,7.0,1.0,1.0,1.0,1.0,2.0,7.0,6.0,70.0,50.0,70.0,80.0,60.0,55.0,90.0,85.0,20.0,85.0,1.0,7.0,,,,,,,,,,,,1.0,1.0,2.0,1.0,1.0,2.0,2.0,2.0,2.0,1.0,1.0,2.0,1.0,1.0,1.0,2.0,1.0,1.0,1.0,2.0,1.0,2.0,2.0,1.0,1.0,1.0,1.0,2.0,2.0,1.0,1.0,1.0,2.0,1.0,2.0,1.0,2.0,2.0,1.0,2.0,2.0,1.0,1.0,2.0,2.0,1.0,5.0,,,6.0,,,15.0,,,,2.0
pid_347,2.0,,,1.0,,,1.0,40.0,,,1.0,300.0,,50.0,3.0,,4.0,5.0,3.0,4.0,3.0,4.0,4.0,4.0,3.0,4.0,1.0,,,,,,3.0,3.0,3.0,4.0,,2.0,6.0,4.0,4.0,4.0,3.0,4.0,3.0,3.0,90.0,83.0,60.0,75.0,41.0,89.0,87.0,88.0,48.0,59.0,4.0,6.0,,,,,,,,,,,,1.0,1.0,2.0,1.0,2.0,1.0,2.0,2.0,1.0,2.0,1.0,2.0,2.0,2.0,2.0,2.0,2.0,2.0,2.0,2.0,1.0,1.0,2.0,2.0,2.0,1.0,2.0,2.0,2.0,2.0,2.0,2.0,2.0,1.0,1.0,2.0,2.0,1.0,2.0,1.0,2.0,1.0,2.0,2.0,2.0,2.0,4.0,,,4.0,,,,10.0,,,2.0
pid_348,1.0,,1.0,,2.0,58.0,,,1.0,1020.0,,,5.0,,2.0,,1.0,3.0,3.0,3.0,3.0,1.0,3.0,3.0,4.0,3.0,,,2.0,,,,3.0,3.0,3.0,,6.0,1.0,5.0,1.0,1.0,2.0,2.0,6.0,7.0,7.0,5.0,45.0,35.0,40.0,2.0,5.0,25.0,38.0,10.0,14.0,1.0,1.0,,,,,,,,,,,,1.0,2.0,2.0,1.0,2.0,1.0,2.0,2.0,2.0,1.0,2.0,1.0,2.0,2.0,2.0,2.0,2.0,1.0,2.0,2.0,2.0,2.0,2.0,2.0,2.0,2.0,2.0,2.0,2.0,2.0,2.0,2.0,2.0,1.0,2.0,2.0,2.0,2.0,2.0,2.0,2.0,2.0,2.0,2.0,2.0,2.0,,,5.0,,,6.0,5.0,,,10.0,
pid_350,1.0,,1.0,,2.0,27.0,,,,,1.0,300.0,30.0,,,5.0,4.0,4.0,3.0,1.0,2.0,2.0,4.0,4.0,5.0,5.0,,,5.0,4.0,4.0,3.0,,,,,1.0,1.0,7.0,4.0,6.0,5.0,1.0,5.0,7.0,6.0,40.0,49.0,58.0,31.0,12.0,23.0,62.0,40.0,18.0,70.0,1.0,,6.0,,,,,,,,,,,1.0,1.0,1.0,1.0,1.0,1.0,2.0,1.0,1.0,2.0,1.0,1.0,1.0,1.0,1.0,2.0,2.0,2.0,1.0,1.0,1.0,1.0,1.0,1.0,1.0,2.0,1.0,2.0,1.0,2.0,2.0,2.0,2.0,1.0,1.0,1.0,2.0,1.0,1.0,2.0,1.0,1.0,1.0,2.0,1.0,1.0,,,5.0,,,6.0,20.0,,,10.0,
pid_351,,2.0,1.0,,2.0,34.0,,,,,1.0,108.0,30.0,,4.0,,4.0,4.0,5.0,4.0,5.0,5.0,5.0,4.0,5.0,5.0,,,5.0,,,,4.0,4.0,4.0,4.0,,1.0,6.0,2.0,2.0,3.0,2.0,5.0,6.0,6.0,70.0,90.0,60.0,70.0,40.0,40.0,60.0,45.0,40.0,75.0,3.0,5.0,,,,,,,,,,,,1.0,2.0,1.0,1.0,1.0,2.0,2.0,2.0,2.0,1.0,1.0,1.0,2.0,2.0,2.0,1.0,1.0,1.0,2.0,1.0,2.0,2.0,1.0,2.0,2.0,2.0,1.0,1.0,1.0,1.0,1.0,2.0,1.0,2.0,1.0,1.0,1.0,2.0,1.0,2.0,1.0,1.0,2.0,2.0,1.0,1.0,,,5.0,,,4.0,,0.0,2.0,,
pid_352,,2.0,,1.0,2.0,5.0,,,2.0,350.0,,,,70.0,4.0,,4.0,3.0,5.0,5.0,4.0,4.0,4.0,5.0,4.0,2.0,1.0,,,5.0,1.0,1.0,,,,1.0,,2.0,7.0,1.0,3.0,1.0,1.0,7.0,7.0,7.0,80.0,89.0,79.0,93.0,80.0,76.0,90.0,100.0,81.0,53.0,2.0,,5.0,,,,,,,,,,,1.0,1.0,2.0,2.0,1.0,1.0,2.0,1.0,2.0,1.0,2.0,1.0,1.0,2.0,1.0,2.0,2.0,2.0,1.0,1.0,2.0,2.0,2.0,2.0,1.0,2.0,2.0,2.0,2.0,2.0,1.0,1.0,1.0,2.0,2.0,2.0,2.0,2.0,2.0,1.0,2.0,1.0,2.0,2.0,2.0,2.0,4.0,,,6.0,,,5.0,,,9.0,
pid_353,2.0,,1.0,,,,1.0,40.0,,,1.0,2000.0,28.0,,5.0,,1.0,1.0,5.0,3.0,4.0,5.0,2.0,2.0,2.0,5.0,,3.0,,,,,6.0,4.0,3.0,,3.0,1.0,6.0,2.0,6.0,4.0,2.0,2.0,3.0,3.0,21.0,45.0,40.0,42.0,35.0,30.0,54.0,26.0,37.0,59.0,4.0,,5.0,,,,,,,,,,,1.0,2.0,1.0,2.0,2.0,2.0,1.0,1.0,1.0,1.0,1.0,1.0,1.0,1.0,1.0,1.0,2.0,1.0,1.0,2.0,1.0,2.0,1.0,1.0,1.0,1.0,1.0,1.0,1.0,1.0,1.0,1.0,1.0,1.0,1.0,1.0,1.0,1.0,1.0,1.0,1.0,1.0,1.0,1.0,1.0,1.0,,3.0,,,5.0,,,10.0,4.0,,
pid_354,1.0,,2.0,,,,1.0,25.0,2.0,500.0,,,,81.0,,4.0,5.0,5.0,5.0,5.0,5.0,5.0,5.0,5.0,5.0,5.0,,4.0,,,,,6.0,6.0,6.0,6.0,,2.0,7.0,1.0,3.0,3.0,1.0,7.0,7.0,7.0,30.0,78.0,65.0,96.0,25.0,21.0,70.0,76.0,38.0,100.0,3.0,,5.0,1.0,2.0,1.0,1.0,1.0,1.0,2.0,2.0,2.0,2.0,,,,,,,2.0,2.0,2.0,2.0,2.0,2.0,1.0,2.0,1.0,1.0,2.0,2.0,2.0,1.0,2.0,2.0,1.0,2.0,2.0,1.0,2.0,1.0,2.0,2.0,2.0,1.0,2.0,1.0,1.0,2.0,1.0,1.0,2.0,1.0,2.0,2.0,1.0,2.0,1.0,2.0,,5.0,,,6.0,,,5.0,3.0,,
pid_355,1.0,,1.0,,,,1.0,54.0,,,1.0,380.0,50.0,,,3.0,3.0,3.0,3.0,4.0,3.0,3.0,4.0,4.0,3.0,5.0,,3.0,,3.0,3.0,3.0,,,,5.0,,1.0,7.0,1.0,4.0,4.0,1.0,7.0,4.0,4.0,50.0,50.0,40.0,50.0,20.0,20.0,60.0,50.0,40.0,100.0,3.0,,3.0,1.0,2.0,1.0,1.0,2.0,2.0,1.0,1.0,1.0,1.0,,,,,,,1.0,2.0,2.0,2.0,2.0,1.0,1.0,1.0,1.0,2.0,2.0,2.0,2.0,1.0,1.0,1.0,2.0,1.0,2.0,2.0,2.0,1.0,2.0,2.0,2.0,2.0,2.0,2.0,2.0,1.0,2.0,2.0,1.0,1.0,2.0,1.0,2.0,1.0,1.0,2.0,,4.0,,,5.0,,10.0,,3.0,,
pid_356,1.0,,,2.0,2.0,20.0,,,,,2.0,60.0,,32.0,,1.0,5.0,5.0,5.0,5.0,5.0,3.0,5.0,5.0,4.0,5.0,1.0,,,6.0,1.0,1.0,,,,4.0,,1.0,7.0,3.0,2.0,7.0,4.0,7.0,7.0,7.0,100.0,100.0,30.0,100.0,61.0,36.0,100.0,100.0,39.0,100.0,1.0,1.0,,1.0,2.0,1.0,1.0,1.0,1.0,1.0,1.0,2.0,2.0,,,,,,,2.0,1.0,2.0,2.0,2.0,2.0,1.0,2.0,2.0,1.0,2.0,2.0,1.0,2.0,2.0,2.0,1.0,1.0,2.0,2.0,2.0,2.0,1.0,2.0,2.0,2.0,2.0,2.0,2.0,2.0,2.0,2.0,2.0,1.0,2.0,1.0,2.0,1.0,2.0,2.0,4.0,,,5.0,,,2.0,,,,3.0
pid_357,2.0,,1.0,,1.0,70.0,,,1.0,5000.0,,,,45.0,4.0,,1.0,3.0,5.0,3.0,2.0,1.0,2.0,2.0,1.0,2.0,,,1.0,4.0,4.0,3.0,,,,2.0,,1.0,6.0,4.0,1.0,1.0,2.0,5.0,6.0,6.0,15.0,78.0,87.0,68.0,22.0,12.0,31.0,34.0,6.0,59.0,1.0,6.0,,1.0,1.0,1.0,1.0,1.0,1.0,1.0,1.0,1.0,1.0,,,,,,,1.0,1.0,2.0,2.0,1.0,2.0,2.0,2.0,2.0,2.0,2.0,1.0,1.0,1.0,1.0,2.0,2.0,2.0,1.0,2.0,2.0,1.0,2.0,1.0,2.0,1.0,1.0,1.0,1.0,2.0,2.0,2.0,1.0,2.0,1.0,2.0,1.0,1.0,2.0,2.0,,,3.0,,,1.0,,14.0,,,1.0
pid_358,,1.0,,1.0,,,1.0,6.0,1.0,115.0,,,55.0,,,5.0,3.0,4.0,5.0,4.0,5.0,4.0,3.0,3.0,2.0,4.0,,,4.0,3.0,4.0,5.0,,,,5.0,,2.0,4.0,5.0,6.0,5.0,4.0,5.0,5.0,6.0,24.0,21.0,33.0,28.0,16.0,25.0,27.0,36.0,22.0,41.0,2.0,,4.0,,,,,,,,,,,1.0,2.0,2.0,1.0,1.0,2.0,1.0,1.0,1.0,1.0,2.0,2.0,1.0,1.0,2.0,1.0,1.0,1.0,1.0,1.0,1.0,1.0,2.0,2.0,1.0,1.0,1.0,2.0,2.0,1.0,1.0,2.0,1.0,1.0,2.0,2.0,1.0,1.0,1.0,1.0,1.0,2.0,1.0,2.0,1.0,1.0,,,4.0,,,5.0,,6.0,3.0,,
pid_359,1.0,,2.0,,2.0,0.0,,,,,1.0,250.0,30.0,,,6.0,4.0,3.0,5.0,4.0,4.0,4.0,5.0,3.0,1.0,4.0,,,4.0,3.0,2.0,2.0,,,,4.0,,1.0,6.0,2.0,1.0,1.0,2.0,5.0,6.0,7.0,50.0,69.0,91.0,85.0,71.0,49.0,86.0,79.0,22.0,87.0,1.0,6.0,,1.0,2.0,1.0,1.0,1.0,1.0,1.0,1.0,2.0,2.0,,,,,,,1.0,2.0,2.0,1.0,2.0,2.0,1.0,2.0,2.0,2.0,1.0,1.0,2.0,1.0,1.0,1.0,2.0,1.0,2.0,2.0,1.0,1.0,2.0,2.0,1.0,2.0,1.0,2.0,2.0,2.0,1.0,1.0,2.0,1.0,2.0,1.0,1.0,2.0,1.0,1.0,,,5.0,,,5.0,15.0,,2.0,,
pid_360,1.0,,,1.0,2.0,54.0,,,2.0,350.0,,,100.0,,1.0,,5.0,3.0,4.0,4.0,5.0,2.0,5.0,3.0,5.0,5.0,,1.0,,,,,1.0,1.0,1.0,2.0,,1.0,5.0,3.0,3.0,5.0,2.0,6.0,3.0,6.0,35.0,31.0,88.0,100.0,80.0,38.0,56.0,33.0,34.0,100.0,4.0,1.0,,,,,,,,,,,,1.0,1.0,2.0,1.0,2.0,1.0,1.0,1.0,1.0,1.0,1.0,1.0,1.0,1.0,1.0,2.0,1.0,1.0,2.0,2.0,1.0,2.0,2.0,2.0,1.0,2.0,1.0,1.0,2.0,2.0,1.0,2.0,1.0,2.0,1.0,1.0,2.0,2.0,2.0,1.0,1.0,1.0,1.0,1.0,2.0,1.0,,5.0,,,6.0,,20.0,,,,7.0
pid_361,,1.0,2.0,,2.0,42.0,,,1.0,1150.0,,,,92.0,3.0,,4.0,5.0,2.0,4.0,5.0,4.0,5.0,3.0,5.0,4.0,2.0,,,2.0,4.0,3.0,,,,,4.0,1.0,6.0,3.0,3.0,2.0,3.0,5.0,6.0,7.0,39.0,50.0,47.0,51.0,43.0,41.0,48.0,48.0,46.0,58.0,3.0,,7.0,,,,,,,,,,,1.0,1.0,1.0,2.0,2.0,1.0,1.0,2.0,1.0,1.0,1.0,1.0,1.0,1.0,1.0,2.0,2.0,2.0,2.0,1.0,1.0,1.0,2.0,2.0,1.0,2.0,2.0,2.0,2.0,2.0,1.0,1.0,2.0,1.0,1.0,1.0,2.0,2.0,2.0,2.0,2.0,1.0,1.0,1.0,2.0,2.0,5.0,,,5.0,,,,10.0,,,3.0
pid_362,1.0,,2.0,,2.0,54.0,,,,,1.0,200.0,80.0,,,4.0,5.0,5.0,2.0,1.0,5.0,5.0,5.0,5.0,5.0,5.0,,2.0,,4.0,4.0,4.0,,,,,5.0,2.0,6.0,2.0,4.0,4.0,2.0,5.0,4.0,4.0,50.0,70.0,70.0,49.0,40.0,40.0,40.0,65.0,40.0,80.0,4.0,6.0,,1.0,2.0,1.0,1.0,1.0,1.0,2.0,2.0,2.0,2.0,,,,,,,2.0,1.0,2.0,2.0,2.0,2.0,1.0,2.0,2.0,2.0,1.0,2.0,1.0,1.0,1.0,1.0,2.0,1.0,2.0,2.0,2.0,2.0,1.0,2.0,2.0,2.0,2.0,1.0,2.0,1.0,1.0,2.0,2.0,2.0,2.0,2.0,2.0,1.0,2.0,1.0,,5.0,,,6.0,,,0.0,,,2.0
pid_363,1.0,,,2.0,2.0,30.0,,,1.0,1200.0,,,,70.0,,5.0,5.0,5.0,1.0,3.0,5.0,5.0,5.0,5.0,5.0,5.0,2.0,,,5.0,1.0,3.0,,,,6.0,,1.0,7.0,2.0,1.0,1.0,3.0,6.0,6.0,7.0,80.0,73.0,88.0,36.0,80.0,79.0,80.0,79.0,67.0,67.0,3.0,6.0,,1.0,2.0,1.0,1.0,1.0,1.0,1.0,1.0,2.0,2.0,,,,,,,1.0,2.0,1.0,1.0,1.0,1.0,1.0,2.0,1.0,2.0,2.0,1.0,2.0,2.0,2.0,1.0,2.0,2.0,2.0,2.0,1.0,1.0,1.0,2.0,1.0,2.0,2.0,1.0,2.0,2.0,1.0,1.0,2.0,2.0,1.0,1.0,1.0,1.0,2.0,2.0,5.0,,,5.0,,,20.0,,,,4.0
pid_364,1.0,,,1.0,2.0,10.0,,,,,1.0,300.0,,63.0,,4.0,1.0,5.0,5.0,5.0,1.0,1.0,1.0,1.0,1.0,5.0,,,4.0,,,,1.0,1.0,1.0,,1.0,1.0,7.0,4.0,1.0,1.0,1.0,6.0,7.0,7.0,30.0,100.0,100.0,100.0,27.0,45.0,31.0,24.0,0.0,100.0,3.0,6.0,,,,,,,,,,,,1.0,1.0,1.0,2.0,2.0,1.0,2.0,1.0,2.0,2.0,1.0,1.0,2.0,1.0,1.0,1.0,2.0,2.0,1.0,2.0,2.0,2.0,1.0,2.0,2.0,1.0,2.0,1.0,1.0,2.0,2.0,1.0,2.0,1.0,2.0,2.0,2.0,1.0,1.0,2.0,2.0,1.0,2.0,2.0,2.0,2.0,,,5.0,,,5.0,,5.0,,,4.0
pid_365,,2.0,2.0,,2.0,50.0,,,,,2.0,15.0,30.0,,,3.0,4.0,3.0,3.0,5.0,3.0,3.0,5.0,5.0,4.0,4.0,,,4.0,,,,5.0,2.0,4.0,4.0,,2.0,5.0,1.0,4.0,5.0,1.0,5.0,4.0,4.0,61.0,75.0,50.0,76.0,63.0,64.0,83.0,83.0,62.0,63.0,4.0,,6.0,,,,,,,,,,,1.0,1.0,2.0,1.0,1.0,1.0,2.0,1.0,1.0,1.0,1.0,2.0,2.0,2.0,2.0,2.0,2.0,2.0,1.0,1.0,2.0,2.0,2.0,2.0,2.0,1.0,1.0,2.0,2.0,2.0,2.0,2.0,2.0,1.0,1.0,2.0,2.0,2.0,2.0,2.0,2.0,1.0,1.0,2.0,2.0,2.0,,,5.0,,,5.0,14.0,,,,10.0
pid_366,,1.0,2.0,,,,1.0,24.0,,,2.0,60.0,30.0,,4.0,,4.0,5.0,2.0,3.0,4.0,4.0,3.0,4.0,4.0,4.0,1.0,,,,,,4.0,3.0,5.0,5.0,,1.0,5.0,4.0,6.0,6.0,2.0,3.0,5.0,5.0,73.0,98.0,16.0,59.0,70.0,49.0,58.0,90.0,50.0,89.0,3.0,,6.0,,,,,,,,,,,1.0,2.0,1.0,1.0,2.0,1.0,2.0,2.0,2.0,2.0,2.0,2.0,1.0,1.0,1.0,2.0,2.0,1.0,2.0,1.0,1.0,1.0,2.0,1.0,1.0,2.0,1.0,1.0,2.0,1.0,2.0,2.0,1.0,2.0,2.0,1.0,1.0,2.0,1.0,1.0,1.0,2.0,2.0,1.0,2.0,1.0,3.0,,,2.0,,,19.0,,,,2.0
pid_367,,2.0,1.0,,2.0,30.0,,,1.0,1500.0,,,75.0,,,5.0,4.0,1.0,5.0,4.0,2.0,1.0,1.0,4.0,4.0,3.0,2.0,,,,,,3.0,5.0,2.0,2.0,,1.0,7.0,4.0,4.0,3.0,2.0,5.0,6.0,6.0,60.0,40.0,77.0,58.0,33.0,29.0,30.0,90.0,55.0,60.0,3.0,6.0,,1.0,1.0,1.0,1.0,1.0,1.0,1.0,1.0,1.0,1.0,,,,,,,1.0,1.0,1.0,2.0,1.0,2.0,2.0,1.0,2.0,1.0,2.0,2.0,2.0,1.0,1.0,2.0,1.0,2.0,2.0,1.0,2.0,2.0,2.0,2.0,2.0,2.0,2.0,1.0,2.0,2.0,2.0,2.0,2.0,1.0,1.0,1.0,2.0,1.0,2.0,2.0,2.0,,,5.0,,,,20.0,,8.0,
pid_368,1.0,,,2.0,1.0,52.0,,,2.0,720.0,,,,10.0,1.0,,5.0,5.0,3.0,4.0,5.0,5.0,5.0,5.0,4.0,5.0,,2.0,,6.0,2.0,1.0,,,,,6.0,1.0,6.0,4.0,3.0,4.0,6.0,4.0,3.0,4.0,45.0,79.0,53.0,81.0,63.0,78.0,57.0,70.0,51.0,77.0,3.0,6.0,,2.0,1.0,2.0,2.0,2.0,2.0,1.0,1.0,1.0,1.0,,,,,,,1.0,1.0,2.0,1.0,2.0,2.0,1.0,2.0,1.0,2.0,2.0,2.0,1.0,2.0,1.0,2.0,1.0,1.0,1.0,1.0,2.0,2.0,1.0,2.0,1.0,2.0,1.0,1.0,1.0,1.0,2.0,1.0,2.0,1.0,1.0,1.0,1.0,2.0,2.0,1.0,,5.0,,,6.0,,20.0,,,1.0,
pid_369,1.0,,,1.0,,,2.0,10.0,,,1.0,120.0,31.0,,,3.0,3.0,1.0,5.0,5.0,2.0,3.0,4.0,4.0,2.0,5.0,,,4.0,1.0,2.0,1.0,,,,,4.0,2.0,6.0,5.0,2.0,2.0,5.0,5.0,7.0,6.0,70.0,42.0,80.0,77.0,72.0,51.0,34.0,63.0,79.0,72.0,2.0,6.0,,,,,,,,,,,,1.0,1.0,1.0,2.0,1.0,1.0,2.0,2.0,1.0,2.0,1.0,2.0,2.0,1.0,2.0,2.0,1.0,2.0,1.0,2.0,1.0,2.0,2.0,2.0,2.0,2.0,2.0,2.0,1.0,2.0,1.0,2.0,2.0,2.0,1.0,2.0,2.0,2.0,2.0,1.0,2.0,2.0,1.0,2.0,1.0,2.0,,,2.0,,,1.0,,10.0,2.0,,
pid_370,,1.0,2.0,,1.0,67.0,,,,,1.0,325.0,,80.0,,2.0,3.0,4.0,5.0,5.0,2.0,5.0,4.0,3.0,1.0,4.0,2.0,,,,,,1.0,1.0,6.0,5.0,,1.0,3.0,1.0,7.0,6.0,3.0,7.0,7.0,6.0,64.0,49.0,53.0,58.0,42.0,70.0,78.0,38.0,17.0,31.0,1.0,,7.0,1.0,1.0,1.0,1.0,1.0,2.0,1.0,1.0,2.0,1.0,,,,,,,2.0,1.0,1.0,1.0,1.0,2.0,1.0,1.0,1.0,1.0,2.0,1.0,1.0,1.0,2.0,2.0,2.0,1.0,2.0,1.0,1.0,1.0,1.0,2.0,2.0,1.0,1.0,2.0,1.0,2.0,1.0,2.0,2.0,1.0,2.0,1.0,2.0,2.0,2.0,2.0,4.0,,,6.0,,,,10.0,3.0,,
pid_371,,1.0,1.0,,,,2.0,8.0,,,1.0,120.0,83.0,,2.0,,2.0,4.0,4.0,4.0,2.0,1.0,1.0,1.0,4.0,4.0,2.0,,,4.0,5.0,4.0,,,,,4.0,2.0,6.0,3.0,5.0,5.0,5.0,5.0,5.0,5.0,56.0,59.0,62.0,62.0,64.0,50.0,45.0,40.0,70.0,58.0,1.0,,6.0,1.0,2.0,1.0,1.0,1.0,1.0,1.0,1.0,2.0,2.0,,,,,,,2.0,2.0,2.0,2.0,2.0,2.0,2.0,2.0,1.0,1.0,2.0,1.0,2.0,2.0,2.0,2.0,1.0,1.0,2.0,2.0,2.0,1.0,2.0,1.0,2.0,2.0,2.0,2.0,2.0,1.0,2.0,2.0,2.0,2.0,2.0,2.0,1.0,2.0,2.0,2.0,2.0,,,4.0,,,2.0,,,,5.0
pid_372,1.0,,,2.0,,,1.0,50.0,2.0,289.0,,,,72.0,,5.0,5.0,4.0,5.0,5.0,4.0,3.0,4.0,3.0,4.0,5.0,,,5.0,,,,1.0,1.0,1.0,6.0,,2.0,6.0,4.0,5.0,7.0,1.0,4.0,3.0,2.0,62.0,81.0,82.0,62.0,53.0,79.0,81.0,89.0,59.0,67.0,3.0,3.0,,,,,,,,,,,,1.0,1.0,2.0,2.0,1.0,1.0,1.0,2.0,1.0,2.0,1.0,2.0,1.0,2.0,2.0,1.0,1.0,1.0,2.0,1.0,2.0,1.0,2.0,1.0,2.0,1.0,1.0,2.0,1.0,1.0,2.0,1.0,2.0,1.0,2.0,2.0,1.0,1.0,2.0,2.0,1.0,1.0,1.0,2.0,1.0,2.0,,,5.0,,,6.0,,15.0,3.0,,
pid_373,1.0,,2.0,,2.0,40.0,,,,,1.0,100.0,,70.0,4.0,,5.0,5.0,3.0,4.0,5.0,5.0,5.0,4.0,5.0,5.0,,4.0,,6.0,3.0,3.0,,,,,6.0,2.0,7.0,2.0,3.0,3.0,3.0,5.0,6.0,7.0,87.0,97.0,82.0,31.0,23.0,92.0,42.0,36.0,64.0,88.0,3.0,5.0,,2.0,2.0,2.0,2.0,2.0,2.0,2.0,2.0,2.0,2.0,,,,,,,2.0,2.0,1.0,2.0,2.0,2.0,1.0,2.0,2.0,2.0,1.0,1.0,1.0,2.0,2.0,2.0,2.0,1.0,2.0,1.0,2.0,2.0,2.0,2.0,2.0,1.0,2.0,2.0,1.0,2.0,2.0,2.0,2.0,2.0,2.0,2.0,2.0,1.0,1.0,2.0,,5.0,,,6.0,,,18.0,,6.0,
pid_374,,2.0,,1.0,,,1.0,18.0,2.0,820.0,,,30.0,,,4.0,2.0,4.0,2.0,1.0,2.0,3.0,5.0,5.0,5.0,4.0,,,4.0,4.0,3.0,3.0,,,,,4.0,1.0,6.0,5.0,5.0,5.0,3.0,5.0,5.0,6.0,55.0,54.0,58.0,26.0,42.0,58.0,55.0,65.0,58.0,72.0,3.0,,6.0,1.0,1.0,1.0,1.0,1.0,2.0,1.0,1.0,1.0,2.0,,,,,,,1.0,1.0,2.0,2.0,2.0,1.0,2.0,2.0,2.0,2.0,2.0,1.0,2.0,2.0,1.0,2.0,1.0,1.0,1.0,2.0,1.0,2.0,2.0,2.0,2.0,2.0,2.0,1.0,2.0,2.0,2.0,2.0,2.0,2.0,2.0,2.0,2.0,1.0,1.0,1.0,,,5.0,,,5.0,,10.0,2.0,,
pid_375,1.0,,,1.0,,,1.0,21.0,,,1.0,101.0,,70.0,,1.0,4.0,5.0,2.0,2.0,4.0,5.0,4.0,5.0,5.0,5.0,,,5.0,,,,3.0,2.0,2.0,,5.0,1.0,6.0,2.0,5.0,5.0,1.0,5.0,5.0,6.0,17.0,68.0,51.0,21.0,22.0,25.0,33.0,66.0,47.0,87.0,1.0,,7.0,1.0,1.0,1.0,1.0,1.0,1.0,1.0,1.0,1.0,1.0,,,,,,,1.0,2.0,2.0,2.0,1.0,1.0,2.0,2.0,1.0,1.0,2.0,2.0,2.0,1.0,1.0,2.0,2.0,1.0,1.0,2.0,1.0,1.0,2.0,2.0,1.0,2.0,2.0,2.0,2.0,1.0,2.0,2.0,2.0,1.0,1.0,1.0,1.0,2.0,1.0,2.0,,,5.0,,,6.0,,10.0,,10.0,
pid_376,1.0,,2.0,,2.0,40.0,,,2.0,750.0,,,,70.0,,2.0,4.0,5.0,4.0,4.0,4.0,5.0,5.0,5.0,4.0,4.0,1.0,,,3.0,5.0,4.0,,,,6.0,,1.0,6.0,1.0,5.0,5.0,5.0,5.0,7.0,6.0,60.0,70.0,85.0,40.0,35.0,60.0,70.0,80.0,40.0,45.0,4.0,6.0,,,,,,,,,,,,1.0,1.0,2.0,1.0,2.0,1.0,2.0,1.0,1.0,1.0,2.0,1.0,1.0,1.0,2.0,2.0,1.0,2.0,2.0,2.0,2.0,2.0,2.0,1.0,1.0,1.0,2.0,1.0,1.0,1.0,1.0,1.0,2.0,2.0,2.0,2.0,2.0,2.0,2.0,1.0,2.0,2.0,1.0,2.0,2.0,2.0,4.0,,,4.0,,,,15.0,2.0,,
pid_377,,1.0,,1.0,1.0,67.0,,,1.0,1231.0,,,33.0,,4.0,,4.0,3.0,3.0,4.0,3.0,3.0,3.0,3.0,3.0,4.0,4.0,,,3.0,3.0,2.0,,,,4.0,,1.0,6.0,5.0,5.0,6.0,6.0,5.0,6.0,6.0,45.0,33.0,33.0,35.0,28.0,31.0,29.0,34.0,36.0,29.0,2.0,5.0,,,,,,,,,,,,1.0,1.0,2.0,1.0,2.0,1.0,1.0,2.0,1.0,1.0,2.0,2.0,2.0,1.0,1.0,2.0,1.0,2.0,1.0,2.0,2.0,1.0,1.0,1.0,1.0,2.0,1.0,1.0,1.0,2.0,2.0,2.0,1.0,1.0,1.0,1.0,2.0,2.0,2.0,1.0,2.0,2.0,1.0,2.0,1.0,1.0,4.0,,,2.0,,,3.0,,,6.0,
pid_378,,2.0,2.0,,2.0,45.0,,,2.0,250.0,,,,70.0,3.0,,5.0,5.0,3.0,2.0,4.0,5.0,5.0,5.0,5.0,5.0,,1.0,,4.0,4.0,4.0,,,,2.0,,2.0,7.0,3.0,6.0,3.0,2.0,5.0,6.0,5.0,55.0,70.0,50.0,50.0,45.0,36.0,66.0,60.0,46.0,80.0,4.0,,5.0,1.0,2.0,1.0,1.0,1.0,1.0,1.0,1.0,2.0,2.0,,,,,,,2.0,2.0,2.0,1.0,1.0,2.0,2.0,1.0,1.0,2.0,2.0,1.0,1.0,2.0,2.0,2.0,2.0,2.0,2.0,2.0,2.0,2.0,2.0,2.0,2.0,2.0,2.0,1.0,2.0,2.0,2.0,1.0,2.0,2.0,1.0,1.0,1.0,2.0,1.0,2.0,,1.0,,,4.0,,,20.0,,3.0,
pid_379,,2.0,2.0,,2.0,17.0,,,,,1.0,400.0,30.0,,1.0,,1.0,5.0,5.0,5.0,1.0,1.0,4.0,4.0,1.0,2.0,3.0,,,4.0,4.0,4.0,,,,4.0,,1.0,7.0,2.0,6.0,6.0,5.0,5.0,5.0,5.0,29.0,38.0,64.0,41.0,20.0,8.0,38.0,48.0,14.0,21.0,1.0,6.0,,1.0,1.0,1.0,2.0,1.0,1.0,2.0,1.0,1.0,2.0,,,,,,,1.0,2.0,2.0,2.0,1.0,2.0,2.0,2.0,2.0,1.0,1.0,1.0,1.0,2.0,2.0,2.0,2.0,2.0,2.0,1.0,2.0,1.0,1.0,2.0,2.0,2.0,1.0,2.0,1.0,2.0,1.0,2.0,2.0,2.0,1.0,1.0,2.0,2.0,2.0,2.0,1.0,,,1.0,,,20.0,,,,1.0
pid_380,1.0,,1.0,,,,1.0,45.0,1.0,2500.0,,,,15.0,,5.0,3.0,4.0,5.0,5.0,3.0,3.0,1.0,4.0,1.0,4.0,2.0,,,,,,5.0,3.0,4.0,,5.0,2.0,5.0,2.0,1.0,4.0,5.0,7.0,7.0,5.0,60.0,36.0,79.0,100.0,30.0,50.0,63.0,100.0,24.0,100.0,2.0,,6.0,,,,,,,,,,,1.0,1.0,1.0,1.0,1.0,1.0,2.0,1.0,1.0,1.0,2.0,1.0,1.0,1.0,1.0,2.0,2.0,1.0,2.0,2.0,1.0,2.0,2.0,2.0,2.0,1.0,1.0,1.0,1.0,2.0,1.0,2.0,1.0,2.0,2.0,1.0,1.0,1.0,1.0,1.0,1.0,2.0,1.0,1.0,1.0,1.0,5.0,,,6.0,,,,0.0,2.0,,
pid_381,1.0,,2.0,,1.0,86.0,,,2.0,300.0,,,90.0,,,3.0,4.0,5.0,4.0,3.0,3.0,4.0,5.0,4.0,4.0,4.0,,,3.0,2.0,3.0,2.0,,,,,5.0,2.0,6.0,1.0,6.0,4.0,3.0,5.0,5.0,5.0,33.0,89.0,71.0,25.0,10.0,24.0,52.0,65.0,73.0,70.0,3.0,,6.0,,,,,,,,,,,1.0,1.0,2.0,1.0,1.0,2.0,1.0,2.0,2.0,2.0,1.0,2.0,2.0,2.0,2.0,1.0,1.0,2.0,2.0,1.0,2.0,2.0,2.0,1.0,2.0,1.0,2.0,1.0,1.0,2.0,2.0,1.0,1.0,1.0,2.0,2.0,1.0,1.0,2.0,2.0,1.0,2.0,2.0,2.0,1.0,2.0,,,4.0,,,3.0,,15.0,2.0,,
pid_382,,2.0,1.0,,2.0,40.0,,,,,1.0,350.0,,70.0,2.0,,3.0,4.0,4.0,2.0,4.0,4.0,4.0,4.0,3.0,4.0,1.0,,,,,,3.0,3.0,3.0,,4.0,1.0,6.0,2.0,6.0,5.0,2.0,5.0,5.0,5.0,43.0,50.0,51.0,10.0,20.0,43.0,45.0,45.0,47.0,50.0,2.0,,6.0,,,,,,,,,,,1.0,1.0,1.0,1.0,2.0,2.0,2.0,1.0,2.0,2.0,2.0,2.0,1.0,1.0,2.0,2.0,2.0,2.0,2.0,1.0,1.0,2.0,2.0,1.0,2.0,2.0,2.0,1.0,2.0,2.0,1.0,2.0,2.0,2.0,1.0,1.0,1.0,2.0,2.0,2.0,2.0,1.0,2.0,2.0,1.0,2.0,4.0,,,6.0,,,,20.0,,,1.0
pid_383,1.0,,,2.0,2.0,54.0,,,2.0,400.0,,,83.0,,,1.0,5.0,1.0,4.0,3.0,4.0,4.0,4.0,4.0,4.0,4.0,,,3.0,6.0,1.0,3.0,,,,,2.0,1.0,5.0,2.0,2.0,5.0,1.0,6.0,6.0,5.0,50.0,5.0,50.0,50.0,34.0,28.0,28.0,40.0,58.0,80.0,4.0,2.0,,1.0,1.0,1.0,2.0,2.0,1.0,1.0,2.0,2.0,1.0,,,,,,,2.0,2.0,1.0,2.0,2.0,1.0,2.0,1.0,1.0,1.0,2.0,1.0,2.0,1.0,2.0,2.0,2.0,2.0,1.0,1.0,1.0,2.0,1.0,1.0,2.0,2.0,2.0,2.0,1.0,2.0,1.0,1.0,1.0,1.0,2.0,2.0,1.0,2.0,2.0,1.0,,,3.0,,,6.0,,0.0,9.0,,
pid_384,2.0,,1.0,,,,1.0,15.0,1.0,2300.0,,,,80.0,,3.0,2.0,5.0,1.0,5.0,5.0,4.0,5.0,5.0,5.0,5.0,1.0,,,,,,2.0,2.0,4.0,4.0,,2.0,3.0,1.0,4.0,3.0,2.0,3.0,5.0,6.0,60.0,80.0,50.0,82.0,75.0,85.0,80.0,85.0,53.0,90.0,2.0,,5.0,,,,,,,,,,,1.0,1.0,1.0,2.0,1.0,2.0,2.0,2.0,1.0,2.0,2.0,2.0,2.0,1.0,2.0,2.0,1.0,2.0,2.0,2.0,1.0,2.0,2.0,2.0,2.0,2.0,2.0,2.0,2.0,2.0,2.0,2.0,2.0,2.0,2.0,2.0,1.0,2.0,2.0,2.0,2.0,2.0,2.0,2.0,2.0,2.0,5.0,,,3.0,,,20.0,,1.0,,
pid_385,,2.0,2.0,,,,1.0,25.0,,,1.0,120.0,95.0,,,5.0,1.0,1.0,5.0,3.0,1.0,1.0,1.0,1.0,1.0,1.0,,4.0,,,,,4.0,4.0,4.0,,1.0,1.0,7.0,2.0,6.0,6.0,5.0,6.0,3.0,3.0,10.0,25.0,82.0,16.0,7.0,9.0,8.0,6.0,8.0,25.0,1.0,,7.0,,,,,,,,,,,1.0,1.0,1.0,1.0,1.0,1.0,2.0,1.0,1.0,2.0,2.0,1.0,2.0,2.0,1.0,2.0,1.0,2.0,2.0,2.0,2.0,1.0,1.0,2.0,2.0,2.0,2.0,2.0,1.0,2.0,2.0,2.0,2.0,1.0,1.0,2.0,1.0,2.0,1.0,2.0,2.0,1.0,2.0,2.0,2.0,2.0,,1.0,,,1.0,,5.0,,,9.0,
pid_386,1.0,,,1.0,2.0,35.0,,,,,1.0,250.0,30.0,,3.0,,5.0,3.0,2.0,1.0,4.0,4.0,5.0,4.0,4.0,4.0,,1.0,,,,,2.0,2.0,2.0,4.0,,1.0,5.0,2.0,5.0,3.0,3.0,5.0,5.0,5.0,25.0,65.0,50.0,60.0,20.0,30.0,45.0,70.0,50.0,40.0,2.0,5.0,,1.0,1.0,1.0,1.0,1.0,1.0,1.0,1.0,1.0,1.0,,,,,,,2.0,2.0,1.0,2.0,1.0,2.0,2.0,2.0,2.0,2.0,2.0,2.0,2.0,1.0,2.0,2.0,2.0,2.0,2.0,2.0,2.0,2.0,2.0,1.0,1.0,2.0,2.0,2.0,2.0,1.0,2.0,2.0,2.0,2.0,2.0,1.0,2.0,2.0,2.0,2.0,,5.0,,,5.0,,20.0,,2.0,,
pid_387,,2.0,1.0,,,,1.0,40.0,2.0,500.0,,,3.0,,4.0,,3.0,5.0,5.0,4.0,3.0,3.0,5.0,4.0,2.0,4.0,1.0,,,,,,2.0,3.0,3.0,,4.0,1.0,5.0,4.0,4.0,2.0,5.0,4.0,4.0,6.0,15.0,80.0,90.0,60.0,5.0,5.0,25.0,30.0,5.0,50.0,2.0,,6.0,1.0,1.0,1.0,1.0,2.0,1.0,1.0,2.0,1.0,2.0,,,,,,,2.0,1.0,2.0,2.0,2.0,2.0,2.0,2.0,2.0,1.0,1.0,2.0,2.0,2.0,2.0,2.0,2.0,2.0,2.0,2.0,2.0,2.0,1.0,2.0,2.0,2.0,2.0,2.0,1.0,1.0,2.0,1.0,2.0,2.0,1.0,2.0,2.0,2.0,1.0,2.0,3.0,,,4.0,,,20.0,,,8.0,
pid_388,1.0,,1.0,,2.0,64.0,,,2.0,350.0,,,,66.0,2.0,,3.0,5.0,3.0,4.0,4.0,4.0,5.0,5.0,4.0,5.0,1.0,,,3.0,3.0,3.0,,,,,6.0,2.0,6.0,1.0,6.0,2.0,1.0,7.0,5.0,5.0,21.0,89.0,50.0,64.0,21.0,20.0,70.0,70.0,50.0,85.0,2.0,,6.0,1.0,1.0,2.0,2.0,1.0,1.0,1.0,2.0,1.0,1.0,,,,,,,1.0,1.0,2.0,2.0,2.0,1.0,2.0,1.0,2.0,1.0,2.0,2.0,2.0,1.0,2.0,2.0,2.0,1.0,2.0,1.0,1.0,2.0,1.0,1.0,2.0,2.0,2.0,2.0,1.0,2.0,2.0,2.0,2.0,1.0,2.0,2.0,1.0,2.0,2.0,2.0,5.0,,,4.0,,,5.0,,4.0,,
pid_389,,2.0,,1.0,2.0,40.0,,,,,1.0,200.0,95.0,,2.0,,4.0,5.0,4.0,5.0,3.0,4.0,5.0,4.0,5.0,5.0,,,2.0,2.0,2.0,2.0,,,,6.0,,1.0,6.0,2.0,5.0,6.0,5.0,6.0,6.0,5.0,27.0,90.0,55.0,90.0,32.0,73.0,89.0,92.0,96.0,93.0,3.0,2.0,,2.0,1.0,2.0,2.0,1.0,1.0,1.0,1.0,1.0,1.0,,,,,,,1.0,1.0,2.0,2.0,2.0,2.0,1.0,1.0,1.0,2.0,2.0,2.0,1.0,1.0,2.0,2.0,2.0,1.0,1.0,2.0,2.0,1.0,2.0,1.0,1.0,2.0,1.0,2.0,2.0,2.0,1.0,1.0,2.0,2.0,1.0,1.0,2.0,1.0,2.0,1.0,,,5.0,,,6.0,,19.0,1.0,,
pid_390,1.0,,1.0,,,,1.0,25.0,2.0,975.0,,,50.0,,2.0,,4.0,2.0,5.0,3.0,2.0,2.0,2.0,4.0,4.0,2.0,,,2.0,4.0,3.0,2.0,,,,3.0,,2.0,5.0,1.0,5.0,4.0,2.0,5.0,6.0,6.0,40.0,36.0,75.0,35.0,25.0,20.0,45.0,40.0,55.0,45.0,1.0,6.0,,1.0,1.0,1.0,1.0,1.0,2.0,1.0,2.0,1.0,2.0,,,,,,,1.0,1.0,2.0,2.0,1.0,1.0,2.0,1.0,2.0,1.0,1.0,2.0,1.0,1.0,2.0,1.0,2.0,1.0,2.0,2.0,2.0,2.0,1.0,1.0,2.0,1.0,2.0,2.0,1.0,2.0,1.0,1.0,2.0,1.0,2.0,2.0,1.0,1.0,1.0,2.0,,,4.0,,,5.0,,5.0,,,2.0
pid_391,2.0,,,2.0,,,1.0,20.0,1.0,1200.0,,,,70.0,,1.0,2.0,2.0,5.0,5.0,2.0,2.0,2.0,4.0,3.0,2.0,,5.0,,,,,3.0,3.0,4.0,,4.0,1.0,7.0,5.0,6.0,6.0,2.0,3.0,5.0,5.0,46.0,70.0,57.0,64.0,34.0,43.0,45.0,64.0,52.0,50.0,3.0,,6.0,1.0,1.0,1.0,1.0,1.0,1.0,1.0,1.0,1.0,1.0,,,,,,,1.0,2.0,2.0,2.0,1.0,2.0,1.0,2.0,1.0,2.0,1.0,1.0,1.0,1.0,1.0,1.0,1.0,1.0,1.0,2.0,2.0,1.0,1.0,1.0,1.0,1.0,2.0,1.0,2.0,2.0,1.0,2.0,1.0,2.0,2.0,1.0,2.0,2.0,2.0,1.0,,5.0,,,6.0,,,20.0,5.0,,
pid_392,,2.0,1.0,,2.0,51.0,,,,,1.0,230.0,,31.0,2.0,,4.0,5.0,1.0,3.0,4.0,3.0,5.0,4.0,5.0,5.0,,1.0,,,,,3.0,3.0,3.0,,3.0,2.0,6.0,2.0,4.0,4.0,5.0,7.0,5.0,5.0,45.0,79.0,35.0,73.0,31.0,33.0,76.0,63.0,75.0,91.0,2.0,,5.0,1.0,2.0,1.0,1.0,2.0,1.0,1.0,2.0,1.0,1.0,,,,,,,2.0,2.0,2.0,2.0,2.0,2.0,1.0,2.0,1.0,2.0,2.0,2.0,2.0,2.0,2.0,1.0,2.0,1.0,2.0,2.0,2.0,2.0,2.0,2.0,1.0,2.0,2.0,2.0,1.0,2.0,2.0,2.0,1.0,2.0,2.0,1.0,1.0,1.0,2.0,1.0,,4.0,,,4.0,,,10.0,,5.0,
pid_393,,2.0,,2.0,,,1.0,54.0,2.0,300.0,,,90.0,,,4.0,5.0,5.0,3.0,5.0,4.0,5.0,5.0,5.0,4.0,5.0,,,3.0,5.0,4.0,2.0,,,,,2.0,2.0,7.0,4.0,1.0,7.0,1.0,6.0,7.0,7.0,95.0,95.0,52.0,90.0,75.0,92.0,98.0,96.0,55.0,88.0,3.0,,4.0,,,,,,,,,,,1.0,2.0,1.0,2.0,1.0,1.0,2.0,1.0,2.0,2.0,1.0,1.0,2.0,1.0,1.0,2.0,2.0,2.0,2.0,1.0,2.0,1.0,2.0,1.0,1.0,1.0,1.0,2.0,2.0,2.0,2.0,2.0,1.0,2.0,1.0,2.0,1.0,2.0,2.0,1.0,2.0,1.0,2.0,1.0,2.0,1.0,,,5.0,,,5.0,17.0,,1.0,,
pid_394,,1.0,1.0,,1.0,50.0,,,,,1.0,300.0,,70.0,2.0,,5.0,5.0,3.0,3.0,5.0,5.0,5.0,5.0,5.0,5.0,1.0,,,4.0,4.0,3.0,,,,4.0,,1.0,7.0,1.0,2.0,3.0,2.0,5.0,7.0,7.0,51.0,82.0,73.0,51.0,45.0,47.0,38.0,34.0,20.0,78.0,3.0,,7.0,,,,,,,,,,,1.0,1.0,2.0,1.0,2.0,1.0,2.0,2.0,2.0,2.0,2.0,2.0,1.0,2.0,2.0,2.0,1.0,1.0,2.0,1.0,1.0,2.0,1.0,1.0,1.0,2.0,2.0,2.0,2.0,1.0,1.0,2.0,1.0,2.0,2.0,2.0,2.0,2.0,2.0,2.0,2.0,2.0,1.0,2.0,2.0,2.0,4.0,,,4.0,,,20.0,,,4.0,
pid_395,1.0,,,1.0,,,1.0,51.0,,,1.0,364.0,,70.0,,4.0,5.0,5.0,5.0,5.0,5.0,5.0,5.0,5.0,5.0,5.0,,,1.0,,,,6.0,1.0,3.0,,6.0,2.0,6.0,7.0,5.0,5.0,1.0,1.0,6.0,7.0,81.0,92.0,98.0,93.0,83.0,96.0,95.0,90.0,93.0,82.0,4.0,1.0,,1.0,2.0,1.0,1.0,1.0,1.0,1.0,2.0,2.0,1.0,,,,,,,1.0,1.0,1.0,1.0,1.0,2.0,1.0,1.0,1.0,1.0,1.0,1.0,1.0,1.0,1.0,1.0,1.0,1.0,1.0,1.0,1.0,1.0,1.0,1.0,1.0,1.0,1.0,1.0,2.0,1.0,1.0,1.0,1.0,1.0,1.0,1.0,1.0,2.0,2.0,2.0,,,5.0,,,6.0,10.0,,,2.0,
pid_396,,1.0,,2.0,2.0,20.0,,,2.0,400.0,,,30.0,,4.0,,5.0,5.0,1.0,5.0,5.0,5.0,5.0,5.0,5.0,5.0,,1.0,,,,,1.0,1.0,1.0,,6.0,1.0,5.0,1.0,1.0,1.0,1.0,6.0,7.0,7.0,95.0,99.0,65.0,80.0,70.0,85.0,50.0,50.0,65.0,90.0,4.0,,7.0,1.0,1.0,1.0,2.0,1.0,2.0,1.0,1.0,1.0,2.0,,,,,,,2.0,2.0,1.0,1.0,2.0,2.0,2.0,2.0,2.0,1.0,2.0,1.0,1.0,2.0,1.0,1.0,2.0,1.0,1.0,2.0,1.0,1.0,1.0,1.0,1.0,1.0,1.0,1.0,1.0,2.0,2.0,2.0,1.0,2.0,2.0,2.0,2.0,1.0,2.0,1.0,,5.0,,,6.0,,,10.0,,,3.0
pid_397,,1.0,1.0,,2.0,39.0,,,2.0,600.0,,,30.0,,,6.0,5.0,4.0,2.0,1.0,4.0,4.0,2.0,3.0,5.0,4.0,4.0,,,,,,3.0,4.0,2.0,4.0,,1.0,7.0,2.0,5.0,6.0,5.0,6.0,7.0,5.0,68.0,85.0,30.0,65.0,56.0,64.0,18.0,60.0,72.0,42.0,4.0,,5.0,,,,,,,,,,,1.0,1.0,1.0,1.0,1.0,1.0,1.0,2.0,2.0,1.0,1.0,2.0,1.0,1.0,2.0,2.0,2.0,1.0,2.0,2.0,2.0,2.0,2.0,2.0,2.0,2.0,2.0,1.0,2.0,2.0,2.0,2.0,2.0,2.0,2.0,2.0,2.0,2.0,2.0,1.0,2.0,1.0,2.0,2.0,2.0,2.0,5.0,,,6.0,,,,20.0,,10.0,
pid_398,2.0,,,1.0,2.0,40.0,,,2.0,300.0,,,,74.0,,4.0,2.0,5.0,3.0,5.0,4.0,4.0,5.0,5.0,5.0,5.0,,,4.0,,,,4.0,4.0,5.0,4.0,,1.0,6.0,3.0,5.0,4.0,2.0,5.0,6.0,7.0,33.0,94.0,42.0,99.0,22.0,34.0,71.0,88.0,67.0,95.0,1.0,,7.0,1.0,1.0,1.0,1.0,2.0,1.0,1.0,1.0,2.0,1.0,,,,,,,2.0,1.0,2.0,1.0,2.0,2.0,2.0,1.0,2.0,2.0,2.0,2.0,1.0,1.0,2.0,1.0,2.0,2.0,1.0,1.0,2.0,1.0,1.0,2.0,2.0,1.0,2.0,2.0,2.0,1.0,1.0,1.0,2.0,2.0,2.0,2.0,2.0,1.0,1.0,1.0,,,4.0,,,2.0,,10.0,,,8.0
pid_399,,2.0,1.0,,,,2.0,5.0,2.0,35.0,,,,75.0,2.0,,4.0,5.0,1.0,5.0,4.0,5.0,5.0,5.0,5.0,4.0,1.0,,,3.0,4.0,1.0,,,,,6.0,1.0,7.0,4.0,5.0,2.0,2.0,6.0,5.0,7.0,50.0,85.0,45.0,20.0,45.0,55.0,40.0,60.0,40.0,50.0,2.0,4.0,,,,,,,,,,,,1.0,1.0,1.0,1.0,1.0,1.0,1.0,2.0,2.0,2.0,2.0,2.0,1.0,2.0,2.0,2.0,1.0,2.0,2.0,2.0,1.0,2.0,2.0,1.0,2.0,2.0,2.0,1.0,1.0,2.0,2.0,1.0,2.0,2.0,1.0,2.0,2.0,1.0,1.0,2.0,1.0,2.0,2.0,2.0,1.0,2.0,5.0,,,5.0,,,15.0,,4.0,,
pid_400,,2.0,,1.0,,,1.0,40.0,2.0,100.0,,,80.0,,3.0,,5.0,5.0,2.0,3.0,5.0,5.0,5.0,5.0,5.0,5.0,,4.0,,3.0,3.0,2.0,,,,4.0,,1.0,7.0,2.0,3.0,3.0,2.0,5.0,5.0,5.0,60.0,90.0,50.0,30.0,30.0,60.0,60.0,30.0,40.0,40.0,4.0,6.0,,1.0,1.0,1.0,1.0,1.0,1.0,1.0,1.0,1.0,1.0,,,,,,,2.0,2.0,2.0,2.0,2.0,2.0,2.0,2.0,2.0,1.0,2.0,2.0,2.0,2.0,2.0,2.0,2.0,2.0,2.0,2.0,2.0,2.0,2.0,2.0,2.0,2.0,2.0,2.0,2.0,2.0,1.0,1.0,2.0,2.0,2.0,2.0,2.0,2.0,2.0,1.0,,5.0,,,6.0,,,15.0,,,10.0
pid_401,1.0,,,2.0,,,1.0,50.0,,,1.0,130.0,30.0,,,4.0,5.0,5.0,1.0,5.0,5.0,5.0,4.0,5.0,5.0,5.0,1.0,,,3.0,4.0,2.0,,,,4.0,,1.0,7.0,4.0,4.0,4.0,5.0,5.0,6.0,6.0,70.0,70.0,50.0,100.0,70.0,60.0,40.0,40.0,60.0,90.0,1.0,5.0,,,,,,,,,,,,1.0,1.0,1.0,1.0,2.0,2.0,1.0,1.0,2.0,1.0,2.0,1.0,2.0,2.0,1.0,1.0,2.0,1.0,2.0,1.0,2.0,1.0,2.0,2.0,2.0,2.0,2.0,2.0,2.0,2.0,1.0,1.0,1.0,2.0,1.0,2.0,2.0,2.0,1.0,1.0,1.0,2.0,1.0,1.0,2.0,2.0,2.0,,,2.0,,,,20.0,,10.0,
pid_402,2.0,,2.0,,2.0,10.0,,,,,1.0,150.0,82.0,,,4.0,4.0,4.0,3.0,4.0,4.0,4.0,2.0,4.0,4.0,4.0,,4.0,,5.0,5.0,2.0,,,,,6.0,2.0,6.0,2.0,2.0,2.0,1.0,5.0,7.0,6.0,38.0,23.0,38.0,60.0,20.0,17.0,23.0,31.0,16.0,65.0,4.0,,7.0,,,,,,,,,,,2.0,1.0,2.0,2.0,1.0,2.0,2.0,1.0,2.0,2.0,2.0,1.0,1.0,2.0,1.0,2.0,2.0,1.0,2.0,2.0,2.0,2.0,2.0,1.0,2.0,2.0,2.0,2.0,2.0,2.0,2.0,2.0,1.0,1.0,2.0,2.0,2.0,2.0,2.0,2.0,1.0,2.0,2.0,1.0,2.0,2.0,,5.0,,,6.0,,,20.0,,10.0,
pid_403,1.0,,1.0,,,,1.0,25.0,,,1.0,125.0,30.0,,1.0,,5.0,4.0,1.0,1.0,5.0,5.0,5.0,5.0,5.0,5.0,3.0,,,,,,3.0,3.0,3.0,,6.0,2.0,7.0,1.0,4.0,2.0,1.0,7.0,7.0,7.0,60.0,70.0,50.0,38.0,34.0,26.0,72.0,86.0,26.0,55.0,3.0,6.0,,,,,,,,,,,,1.0,1.0,1.0,2.0,2.0,2.0,1.0,1.0,1.0,2.0,1.0,2.0,2.0,2.0,2.0,2.0,2.0,2.0,1.0,2.0,2.0,1.0,2.0,1.0,2.0,1.0,2.0,2.0,1.0,2.0,2.0,2.0,2.0,2.0,2.0,2.0,1.0,2.0,2.0,2.0,1.0,1.0,2.0,1.0,2.0,2.0,1.0,,,1.0,,,20.0,,2.0,,
pid_404,,2.0,,1.0,2.0,50.0,,,2.0,800.0,,,,70.0,4.0,,4.0,5.0,5.0,5.0,4.0,4.0,5.0,5.0,4.0,4.0,,4.0,,4.0,4.0,1.0,,,,,6.0,1.0,7.0,2.0,3.0,2.0,3.0,5.0,7.0,7.0,37.0,76.0,75.0,67.0,51.0,70.0,75.0,77.0,25.0,80.0,2.0,,6.0,,,,,,,,,,,1.0,1.0,1.0,1.0,2.0,2.0,2.0,2.0,1.0,2.0,2.0,2.0,1.0,2.0,2.0,2.0,1.0,2.0,2.0,1.0,2.0,1.0,1.0,2.0,1.0,1.0,2.0,2.0,2.0,2.0,1.0,1.0,2.0,2.0,2.0,1.0,2.0,2.0,2.0,2.0,2.0,2.0,1.0,2.0,2.0,1.0,,5.0,,,6.0,,,10.0,,9.0,
pid_405,,2.0,2.0,,1.0,54.0,,,2.0,380.0,,,30.0,,,6.0,4.0,1.0,5.0,4.0,4.0,5.0,4.0,4.0,2.0,5.0,,2.0,,,,,4.0,4.0,2.0,6.0,,2.0,6.0,4.0,2.0,2.0,5.0,6.0,6.0,7.0,60.0,57.0,68.0,50.0,66.0,84.0,73.0,80.0,62.0,95.0,3.0,,6.0,1.0,1.0,1.0,1.0,1.0,1.0,1.0,1.0,1.0,1.0,,,,,,,1.0,2.0,2.0,2.0,2.0,1.0,2.0,2.0,1.0,1.0,1.0,1.0,2.0,1.0,1.0,1.0,1.0,2.0,2.0,2.0,1.0,1.0,2.0,1.0,1.0,1.0,2.0,1.0,1.0,1.0,1.0,2.0,1.0,1.0,1.0,1.0,1.0,1.0,1.0,1.0,,4.0,,,2.0,,15.0,,,8.0,
pid_406,1.0,,,1.0,,,1.0,50.0,2.0,400.0,,,,100.0,,4.0,3.0,4.0,3.0,2.0,4.0,2.0,4.0,5.0,4.0,4.0,,,5.0,5.0,3.0,6.0,,,,,6.0,2.0,7.0,2.0,5.0,6.0,2.0,7.0,7.0,7.0,49.0,54.0,43.0,25.0,42.0,45.0,61.0,79.0,60.0,60.0,3.0,3.0,,1.0,1.0,1.0,2.0,1.0,1.0,2.0,1.0,1.0,2.0,,,,,,,1.0,1.0,1.0,2.0,1.0,2.0,1.0,1.0,1.0,1.0,1.0,1.0,1.0,2.0,1.0,2.0,1.0,2.0,1.0,1.0,1.0,1.0,2.0,1.0,2.0,1.0,1.0,1.0,1.0,2.0,1.0,2.0,1.0,1.0,2.0,1.0,2.0,1.0,2.0,2.0,,,5.0,,,5.0,18.0,,,10.0,
pid_407,,1.0,1.0,,2.0,45.0,,,2.0,450.0,,,,70.0,3.0,,4.0,5.0,4.0,4.0,4.0,5.0,5.0,4.0,4.0,5.0,2.0,,,1.0,4.0,2.0,,,,4.0,,1.0,6.0,3.0,5.0,5.0,3.0,6.0,5.0,5.0,80.0,65.0,46.0,65.0,65.0,60.0,50.0,70.0,49.0,20.0,3.0,3.0,,1.0,1.0,1.0,1.0,1.0,1.0,1.0,1.0,1.0,1.0,,,,,,,2.0,2.0,2.0,2.0,2.0,2.0,2.0,2.0,2.0,2.0,2.0,1.0,2.0,1.0,1.0,2.0,2.0,2.0,2.0,2.0,2.0,2.0,1.0,1.0,2.0,2.0,2.0,2.0,1.0,2.0,2.0,1.0,2.0,1.0,2.0,2.0,2.0,2.0,1.0,2.0,3.0,,,4.0,,,,15.0,,10.0,
pid_408,1.0,,1.0,,,,1.0,15.0,2.0,500.0,,,75.0,,,4.0,4.0,5.0,1.0,1.0,4.0,5.0,5.0,5.0,5.0,5.0,2.0,,,,,,3.0,5.0,3.0,4.0,,1.0,6.0,4.0,5.0,5.0,2.0,3.0,5.0,5.0,40.0,35.0,40.0,25.0,30.0,30.0,30.0,30.0,30.0,25.0,2.0,,5.0,,,,,,,,,,,1.0,1.0,2.0,1.0,2.0,1.0,2.0,1.0,2.0,2.0,2.0,2.0,2.0,2.0,2.0,1.0,1.0,1.0,2.0,2.0,2.0,2.0,2.0,2.0,2.0,2.0,1.0,2.0,1.0,2.0,2.0,1.0,1.0,2.0,2.0,2.0,1.0,2.0,2.0,2.0,1.0,2.0,1.0,1.0,2.0,1.0,5.0,,,5.0,,,20.0,,,,3.0
pid_409,,2.0,2.0,,,,1.0,50.0,2.0,380.0,,,,30.0,,2.0,4.0,4.0,2.0,2.0,5.0,5.0,4.0,5.0,5.0,5.0,,4.0,,3.0,5.0,2.0,,,,6.0,,1.0,6.0,5.0,5.0,3.0,1.0,5.0,6.0,6.0,46.0,56.0,67.0,68.0,63.0,45.0,43.0,45.0,55.0,60.0,3.0,,5.0,1.0,1.0,1.0,1.0,1.0,1.0,1.0,1.0,1.0,1.0,,,,,,,1.0,1.0,2.0,1.0,1.0,2.0,1.0,1.0,2.0,1.0,1.0,1.0,1.0,1.0,1.0,1.0,1.0,1.0,1.0,2.0,1.0,1.0,1.0,2.0,1.0,2.0,1.0,1.0,1.0,1.0,2.0,1.0,2.0,1.0,2.0,2.0,1.0,2.0,2.0,1.0,,5.0,,,6.0,,10.0,,9.0,,
pid_410,,2.0,2.0,,,,1.0,15.0,,,2.0,55.0,70.0,,2.0,,5.0,4.0,3.0,4.0,4.0,5.0,4.0,4.0,5.0,5.0,,2.0,,,,,4.0,1.0,5.0,4.0,,1.0,4.0,2.0,1.0,3.0,1.0,5.0,4.0,5.0,40.0,54.0,55.0,59.0,48.0,44.0,61.0,64.0,36.0,48.0,1.0,,5.0,,,,,,,,,,,1.0,1.0,2.0,1.0,1.0,2.0,2.0,1.0,1.0,2.0,2.0,1.0,1.0,1.0,2.0,2.0,2.0,1.0,2.0,2.0,1.0,1.0,2.0,2.0,2.0,1.0,2.0,1.0,2.0,2.0,1.0,2.0,2.0,1.0,2.0,2.0,2.0,2.0,2.0,2.0,2.0,1.0,2.0,2.0,1.0,2.0,,4.0,,,3.0,,,10.0,,8.0,
pid_411,2.0,,2.0,,,,1.0,52.0,,,2.0,380.0,30.0,,,2.0,4.0,4.0,2.0,2.0,5.0,5.0,4.0,5.0,5.0,5.0,4.0,,,,,,3.0,5.0,2.0,,6.0,1.0,6.0,5.0,5.0,3.0,1.0,5.0,6.0,5.0,50.0,42.0,64.0,51.0,45.0,54.0,46.0,45.0,49.0,49.0,3.0,5.0,,,,,,,,,,,,1.0,1.0,1.0,1.0,1.0,1.0,1.0,1.0,2.0,1.0,1.0,1.0,1.0,2.0,1.0,1.0,1.0,1.0,2.0,1.0,2.0,1.0,2.0,1.0,2.0,1.0,1.0,1.0,1.0,2.0,1.0,1.0,1.0,1.0,1.0,1.0,2.0,1.0,1.0,1.0,2.0,1.0,2.0,1.0,1.0,2.0,5.0,,,6.0,,,10.0,,,9.0,
pid_412,,1.0,,2.0,,,1.0,54.0,2.0,300.0,,,,71.0,,2.0,5.0,3.0,5.0,4.0,5.0,5.0,3.0,2.0,2.0,4.0,,,4.0,,,,5.0,5.0,4.0,4.0,,1.0,7.0,7.0,6.0,7.0,6.0,5.0,6.0,7.0,37.0,66.0,80.0,65.0,65.0,31.0,43.0,22.0,70.0,68.0,3.0,5.0,,1.0,2.0,1.0,1.0,1.0,2.0,2.0,2.0,2.0,2.0,,,,,,,1.0,1.0,2.0,2.0,1.0,1.0,2.0,1.0,2.0,2.0,1.0,2.0,1.0,2.0,2.0,2.0,2.0,1.0,2.0,1.0,1.0,2.0,2.0,2.0,1.0,1.0,2.0,2.0,2.0,1.0,1.0,1.0,1.0,1.0,2.0,2.0,1.0,1.0,2.0,2.0,,,4.0,,,6.0,15.0,,,2.0,
pid_413,,2.0,1.0,,,,1.0,21.0,2.0,463.0,,,30.0,,,4.0,5.0,5.0,5.0,3.0,5.0,5.0,5.0,5.0,5.0,5.0,,1.0,,,,,1.0,1.0,4.0,,6.0,2.0,7.0,1.0,1.0,5.0,7.0,7.0,7.0,7.0,57.0,69.0,71.0,32.0,17.0,66.0,80.0,33.0,56.0,77.0,4.0,6.0,,1.0,1.0,1.0,1.0,2.0,1.0,2.0,2.0,1.0,1.0,,,,,,,1.0,2.0,1.0,2.0,1.0,2.0,1.0,1.0,2.0,1.0,2.0,1.0,2.0,2.0,2.0,1.0,2.0,2.0,2.0,2.0,2.0,1.0,1.0,1.0,2.0,2.0,2.0,2.0,1.0,2.0,2.0,1.0,1.0,1.0,2.0,2.0,2.0,1.0,2.0,1.0,,5.0,,,6.0,,20.0,,,5.0,
pid_414,1.0,,2.0,,2.0,45.0,,,2.0,800.0,,,,90.0,3.0,,2.0,2.0,4.0,4.0,3.0,2.0,3.0,4.0,4.0,2.0,1.0,,,,,,3.0,3.0,3.0,,4.0,2.0,6.0,1.0,5.0,4.0,2.0,7.0,5.0,7.0,45.0,59.0,65.0,74.0,45.0,45.0,45.0,70.0,70.0,45.0,3.0,4.0,,1.0,1.0,1.0,1.0,1.0,2.0,1.0,2.0,2.0,1.0,,,,,,,2.0,1.0,2.0,1.0,2.0,1.0,2.0,2.0,1.0,1.0,2.0,1.0,1.0,1.0,1.0,1.0,1.0,1.0,1.0,1.0,2.0,2.0,2.0,1.0,1.0,1.0,1.0,2.0,2.0,2.0,1.0,2.0,1.0,1.0,1.0,1.0,1.0,1.0,2.0,1.0,5.0,,,5.0,,,20.0,,2.0,,
pid_415,1.0,,,2.0,,,1.0,20.0,2.0,500.0,,,30.0,,,3.0,5.0,5.0,3.0,1.0,3.0,5.0,5.0,5.0,4.0,4.0,,,5.0,,,,4.0,4.0,4.0,,5.0,1.0,6.0,4.0,5.0,5.0,3.0,5.0,5.0,6.0,45.0,90.0,40.0,30.0,30.0,45.0,40.0,70.0,33.0,64.0,4.0,3.0,,1.0,1.0,1.0,1.0,1.0,1.0,1.0,1.0,1.0,1.0,,,,,,,2.0,1.0,2.0,2.0,2.0,2.0,1.0,2.0,1.0,2.0,2.0,2.0,1.0,1.0,2.0,2.0,2.0,2.0,1.0,2.0,2.0,2.0,1.0,2.0,2.0,2.0,2.0,2.0,1.0,2.0,2.0,1.0,2.0,2.0,2.0,2.0,2.0,2.0,1.0,2.0,,,5.0,,,2.0,,20.0,1.0,,
pid_416,1.0,,,2.0,,,2.0,10.0,2.0,400.0,,,30.0,,3.0,,1.0,3.0,5.0,5.0,1.0,1.0,5.0,5.0,1.0,5.0,,4.0,,,,,4.0,2.0,3.0,,4.0,2.0,5.0,3.0,5.0,5.0,1.0,6.0,5.0,5.0,35.0,51.0,55.0,66.0,59.0,32.0,71.0,71.0,42.0,80.0,1.0,4.0,,1.0,1.0,1.0,1.0,1.0,1.0,1.0,1.0,1.0,1.0,,,,,,,2.0,2.0,2.0,1.0,1.0,1.0,1.0,2.0,2.0,1.0,2.0,1.0,1.0,1.0,2.0,1.0,1.0,2.0,2.0,2.0,1.0,2.0,1.0,2.0,2.0,2.0,1.0,1.0,2.0,2.0,2.0,2.0,1.0,2.0,1.0,1.0,2.0,1.0,2.0,2.0,,4.0,,,4.0,,10.0,,,,1.0
pid_417,1.0,,,1.0,1.0,75.0,,,1.0,1300.0,,,60.0,,2.0,,3.0,5.0,3.0,3.0,3.0,4.0,5.0,5.0,4.0,4.0,,,3.0,,,,2.0,2.0,2.0,,4.0,1.0,6.0,4.0,4.0,3.0,5.0,3.0,5.0,5.0,60.0,60.0,55.0,50.0,55.0,60.0,65.0,60.0,60.0,60.0,2.0,,5.0,1.0,1.0,1.0,1.0,1.0,1.0,1.0,1.0,1.0,1.0,,,,,,,2.0,2.0,2.0,2.0,1.0,2.0,1.0,2.0,1.0,2.0,2.0,2.0,2.0,1.0,1.0,1.0,2.0,2.0,2.0,2.0,2.0,1.0,1.0,2.0,2.0,2.0,2.0,2.0,2.0,2.0,1.0,2.0,2.0,2.0,2.0,2.0,2.0,2.0,2.0,2.0,,,4.0,,,4.0,15.0,,,7.0,
pid_418,1.0,,1.0,,2.0,54.0,,,,,1.0,380.0,,65.0,3.0,,3.0,4.0,5.0,3.0,4.0,3.0,4.0,2.0,2.0,5.0,4.0,,,1.0,1.0,1.0,,,,,4.0,1.0,4.0,2.0,3.0,5.0,3.0,5.0,4.0,5.0,30.0,46.0,87.0,19.0,51.0,56.0,65.0,25.0,5.0,68.0,4.0,,6.0,1.0,1.0,1.0,1.0,1.0,1.0,1.0,1.0,1.0,1.0,,,,,,,1.0,1.0,1.0,2.0,1.0,2.0,1.0,2.0,1.0,1.0,1.0,2.0,2.0,2.0,2.0,2.0,1.0,2.0,2.0,2.0,2.0,1.0,2.0,2.0,1.0,1.0,2.0,1.0,1.0,1.0,1.0,1.0,1.0,1.0,2.0,1.0,1.0,2.0,2.0,1.0,4.0,,,5.0,,,16.0,,,4.0,
pid_419,,2.0,2.0,,2.0,43.0,,,1.0,1100.0,,,,82.0,,6.0,3.0,4.0,2.0,3.0,4.0,4.0,5.0,4.0,3.0,4.0,,,4.0,5.0,4.0,6.0,,,,5.0,,1.0,6.0,2.0,4.0,2.0,6.0,3.0,2.0,2.0,25.0,54.0,31.0,51.0,60.0,77.0,64.0,60.0,83.0,77.0,1.0,5.0,,,,,,,,,,,,1.0,1.0,1.0,1.0,2.0,2.0,1.0,1.0,2.0,2.0,1.0,2.0,1.0,1.0,2.0,1.0,2.0,1.0,2.0,1.0,2.0,1.0,2.0,2.0,2.0,2.0,1.0,2.0,2.0,2.0,1.0,2.0,2.0,1.0,1.0,2.0,2.0,1.0,1.0,2.0,2.0,2.0,2.0,2.0,2.0,2.0,,,4.0,,,2.0,,10.0,,,2.0
pid_420,2.0,,,2.0,2.0,32.0,,,1.0,1300.0,,,,70.0,3.0,,1.0,5.0,4.0,4.0,3.0,4.0,5.0,4.0,4.0,3.0,,,5.0,4.0,4.0,2.0,,,,,5.0,1.0,6.0,4.0,5.0,6.0,3.0,6.0,5.0,4.0,3.0,87.0,79.0,81.0,67.0,45.0,69.0,59.0,23.0,72.0,2.0,3.0,,1.0,1.0,1.0,1.0,1.0,1.0,2.0,2.0,2.0,1.0,,,,,,,1.0,2.0,1.0,1.0,2.0,1.0,1.0,1.0,1.0,2.0,2.0,2.0,1.0,1.0,2.0,1.0,2.0,1.0,1.0,2.0,1.0,1.0,1.0,2.0,1.0,1.0,1.0,1.0,2.0,1.0,1.0,1.0,2.0,2.0,2.0,1.0,1.0,1.0,1.0,2.0,,,4.0,,,5.0,,12.0,,,3.0
pid_421,1.0,,,1.0,2.0,57.0,,,1.0,2000.0,,,75.0,,,2.0,2.0,5.0,4.0,5.0,1.0,5.0,5.0,3.0,4.0,5.0,3.0,,,,,,5.0,3.0,6.0,6.0,,1.0,3.0,1.0,4.0,3.0,1.0,7.0,5.0,5.0,40.0,100.0,65.0,100.0,45.0,31.0,60.0,100.0,26.0,75.0,3.0,6.0,,2.0,2.0,2.0,2.0,2.0,2.0,2.0,2.0,2.0,2.0,,,,,,,1.0,2.0,2.0,2.0,2.0,1.0,1.0,1.0,2.0,2.0,1.0,1.0,2.0,2.0,1.0,2.0,2.0,1.0,2.0,1.0,1.0,2.0,2.0,1.0,1.0,2.0,1.0,2.0,2.0,1.0,2.0,1.0,2.0,1.0,1.0,1.0,2.0,1.0,2.0,1.0,3.0,,,5.0,,,,10.0,,10.0,
pid_422,1.0,,,1.0,,,1.0,17.0,,,1.0,235.0,,70.0,2.0,,3.0,5.0,5.0,5.0,2.0,2.0,4.0,4.0,1.0,4.0,,,1.0,3.0,4.0,1.0,,,,3.0,,1.0,7.0,1.0,4.0,3.0,2.0,7.0,6.0,6.0,73.0,93.0,87.0,88.0,82.0,40.0,63.0,71.0,38.0,65.0,1.0,,6.0,1.0,1.0,1.0,1.0,1.0,1.0,1.0,1.0,1.0,1.0,,,,,,,2.0,1.0,1.0,2.0,2.0,2.0,2.0,2.0,2.0,1.0,2.0,1.0,2.0,2.0,1.0,2.0,2.0,2.0,2.0,2.0,2.0,1.0,2.0,1.0,2.0,2.0,2.0,2.0,2.0,2.0,2.0,2.0,2.0,2.0,2.0,2.0,2.0,1.0,1.0,2.0,,,1.0,,,2.0,,0.0,1.0,,
pid_423,2.0,,,2.0,2.0,54.0,,,2.0,380.0,,,,50.0,,5.0,3.0,3.0,3.0,3.0,3.0,3.0,3.0,3.0,3.0,3.0,3.0,,,,,,2.0,2.0,5.0,,5.0,2.0,4.0,4.0,4.0,4.0,4.0,4.0,4.0,4.0,50.0,50.0,50.0,50.0,50.0,50.0,50.0,50.0,50.0,50.0,4.0,4.0,,,,,,,,,,,,1.0,1.0,1.0,1.0,2.0,2.0,1.0,1.0,1.0,2.0,1.0,1.0,2.0,1.0,1.0,2.0,1.0,1.0,1.0,2.0,1.0,2.0,2.0,1.0,1.0,2.0,1.0,2.0,1.0,1.0,1.0,1.0,2.0,1.0,2.0,1.0,1.0,1.0,2.0,1.0,1.0,2.0,2.0,1.0,1.0,2.0,3.0,,,4.0,,,2.0,,3.0,,
pid_424,1.0,,,1.0,2.0,50.0,,,,,1.0,400.0,,70.0,,4.0,4.0,5.0,3.0,5.0,5.0,4.0,5.0,5.0,5.0,4.0,,,2.0,3.0,4.0,3.0,,,,,3.0,1.0,7.0,2.0,6.0,5.0,5.0,6.0,6.0,7.0,60.0,95.0,80.0,80.0,40.0,60.0,75.0,75.0,50.0,90.0,3.0,,6.0,1.0,2.0,2.0,1.0,2.0,1.0,2.0,1.0,2.0,1.0,,,,,,,1.0,1.0,1.0,1.0,2.0,1.0,1.0,1.0,1.0,1.0,1.0,2.0,1.0,1.0,1.0,1.0,1.0,1.0,2.0,1.0,2.0,1.0,2.0,2.0,2.0,2.0,2.0,2.0,1.0,2.0,1.0,2.0,1.0,1.0,1.0,2.0,2.0,1.0,1.0,1.0,,,5.0,,,5.0,20.0,,3.0,,
pid_425,,2.0,,2.0,2.0,50.0,,,,,1.0,300.0,,71.0,2.0,,1.0,3.0,5.0,5.0,2.0,2.0,2.0,3.0,1.0,5.0,1.0,,,1.0,5.0,1.0,,,,2.0,,1.0,6.0,1.0,1.0,5.0,5.0,6.0,6.0,5.0,50.0,75.0,88.0,51.0,33.0,32.0,36.0,38.0,34.0,72.0,1.0,,6.0,,,,,,,,,,,1.0,1.0,2.0,1.0,1.0,2.0,2.0,1.0,2.0,2.0,2.0,2.0,2.0,1.0,1.0,2.0,2.0,2.0,2.0,2.0,2.0,2.0,2.0,1.0,2.0,2.0,2.0,2.0,2.0,2.0,2.0,2.0,2.0,2.0,2.0,1.0,2.0,2.0,2.0,2.0,2.0,2.0,2.0,2.0,1.0,2.0,5.0,,,1.0,,,,17.0,,,1.0
pid_426,,1.0,,2.0,1.0,70.0,,,,,1.0,100.0,,92.0,,4.0,4.0,4.0,4.0,3.0,4.0,3.0,4.0,4.0,4.0,4.0,,,4.0,3.0,5.0,3.0,,,,4.0,,2.0,5.0,2.0,4.0,4.0,3.0,5.0,5.0,5.0,40.0,71.0,68.0,47.0,40.0,25.0,46.0,68.0,58.0,65.0,1.0,3.0,,,,,,,,,,,,1.0,2.0,1.0,1.0,2.0,1.0,1.0,1.0,2.0,1.0,2.0,2.0,2.0,1.0,1.0,2.0,2.0,1.0,2.0,1.0,1.0,2.0,2.0,2.0,2.0,2.0,1.0,2.0,2.0,1.0,2.0,2.0,2.0,2.0,2.0,2.0,2.0,2.0,2.0,1.0,2.0,2.0,2.0,2.0,1.0,2.0,,,3.0,,,4.0,18.0,,1.0,,
pid_427,,1.0,,2.0,2.0,58.0,,,2.0,280.0,,,70.0,,1.0,,1.0,5.0,5.0,3.0,2.0,4.0,5.0,5.0,4.0,5.0,,,2.0,4.0,3.0,2.0,,,,4.0,,2.0,3.0,4.0,5.0,3.0,3.0,3.0,5.0,5.0,20.0,60.0,74.0,55.0,10.0,30.0,45.0,60.0,35.0,65.0,1.0,,6.0,,,,,,,,,,,1.0,2.0,1.0,1.0,2.0,1.0,2.0,1.0,1.0,1.0,1.0,2.0,2.0,2.0,1.0,1.0,2.0,1.0,1.0,1.0,1.0,2.0,2.0,1.0,1.0,1.0,1.0,1.0,2.0,2.0,2.0,1.0,2.0,2.0,2.0,2.0,2.0,2.0,1.0,1.0,1.0,1.0,1.0,2.0,1.0,1.0,,,4.0,,,3.0,,0.0,2.0,,
pid_428,1.0,,1.0,,,,1.0,30.0,,,2.0,60.0,30.0,,1.0,,5.0,4.0,5.0,5.0,5.0,5.0,5.0,5.0,5.0,5.0,,5.0,,1.0,1.0,1.0,,,,,1.0,2.0,6.0,2.0,7.0,7.0,2.0,6.0,7.0,7.0,54.0,63.0,85.0,100.0,46.0,85.0,93.0,91.0,30.0,78.0,1.0,,5.0,,,,,,,,,,,1.0,2.0,1.0,1.0,2.0,1.0,2.0,2.0,2.0,2.0,2.0,1.0,2.0,1.0,2.0,2.0,1.0,1.0,2.0,2.0,2.0,2.0,2.0,1.0,2.0,2.0,2.0,1.0,2.0,1.0,1.0,2.0,2.0,2.0,2.0,1.0,2.0,2.0,1.0,2.0,2.0,1.0,1.0,2.0,2.0,2.0,,5.0,,,5.0,,12.0,,1.0,,
pid_429,,2.0,1.0,,2.0,5.0,,,2.0,875.0,,,,77.0,,2.0,4.0,5.0,2.0,3.0,5.0,5.0,5.0,4.0,5.0,5.0,1.0,,,2.0,3.0,1.0,,,,6.0,,1.0,7.0,2.0,4.0,5.0,3.0,6.0,6.0,6.0,58.0,77.0,59.0,48.0,54.0,45.0,49.0,51.0,44.0,60.0,3.0,6.0,,,,,,,,,,,,1.0,1.0,1.0,1.0,1.0,1.0,2.0,2.0,2.0,2.0,2.0,1.0,1.0,2.0,2.0,1.0,2.0,2.0,2.0,2.0,2.0,2.0,2.0,2.0,2.0,2.0,2.0,2.0,2.0,2.0,1.0,1.0,2.0,1.0,2.0,2.0,2.0,2.0,2.0,2.0,2.0,1.0,2.0,1.0,1.0,2.0,4.0,,,5.0,,,15.0,,,,3.0
pid_430,1.0,,1.0,,2.0,28.0,,,1.0,1200.0,,,40.0,,,4.0,4.0,5.0,4.0,4.0,4.0,5.0,5.0,4.0,2.0,5.0,,,4.0,,,,5.0,3.0,3.0,5.0,,1.0,7.0,1.0,2.0,3.0,1.0,6.0,4.0,5.0,80.0,94.0,74.0,83.0,35.0,60.0,94.0,80.0,43.0,86.0,3.0,,6.0,1.0,2.0,1.0,1.0,1.0,1.0,2.0,2.0,2.0,2.0,,,,,,,2.0,1.0,2.0,1.0,2.0,1.0,1.0,2.0,1.0,2.0,2.0,1.0,1.0,1.0,1.0,1.0,1.0,1.0,2.0,1.0,1.0,2.0,2.0,1.0,2.0,1.0,1.0,1.0,1.0,1.0,1.0,2.0,1.0,2.0,1.0,1.0,2.0,1.0,1.0,2.0,,,4.0,,,5.0,18.0,,,6.0,
pid_431,,2.0,2.0,,1.0,80.0,,,,,1.0,115.0,,60.0,1.0,,2.0,1.0,4.0,3.0,3.0,2.0,3.0,4.0,4.0,4.0,,5.0,,2.0,5.0,2.0,,,,5.0,,2.0,7.0,2.0,2.0,2.0,3.0,5.0,5.0,7.0,61.0,25.0,80.0,70.0,60.0,14.0,55.0,70.0,42.0,86.0,1.0,,7.0,,,,,,,,,,,1.0,1.0,2.0,1.0,2.0,1.0,1.0,2.0,2.0,1.0,2.0,2.0,2.0,2.0,2.0,1.0,1.0,1.0,2.0,1.0,2.0,1.0,2.0,1.0,2.0,2.0,1.0,1.0,1.0,2.0,2.0,2.0,1.0,1.0,2.0,2.0,1.0,2.0,1.0,2.0,2.0,2.0,2.0,2.0,2.0,1.0,,5.0,,,6.0,,18.0,,,9.0,
pid_432,,2.0,,1.0,2.0,58.0,,,2.0,130.0,,,30.0,,,4.0,4.0,2.0,4.0,3.0,2.0,1.0,4.0,4.0,4.0,3.0,,,4.0,,,,3.0,3.0,3.0,,3.0,1.0,6.0,3.0,7.0,7.0,3.0,6.0,6.0,5.0,60.0,65.0,60.0,80.0,60.0,50.0,60.0,65.0,40.0,75.0,2.0,,4.0,,,,,,,,,,,1.0,1.0,1.0,1.0,1.0,1.0,1.0,1.0,2.0,1.0,2.0,1.0,1.0,1.0,1.0,1.0,2.0,1.0,2.0,1.0,1.0,2.0,2.0,2.0,2.0,1.0,1.0,1.0,1.0,1.0,1.0,2.0,2.0,1.0,2.0,2.0,1.0,1.0,2.0,2.0,2.0,1.0,2.0,1.0,2.0,2.0,,,2.0,,,5.0,,15.0,3.0,,
pid_433,2.0,,,1.0,,,1.0,30.0,,,1.0,300.0,,85.0,3.0,,3.0,4.0,4.0,4.0,3.0,3.0,4.0,4.0,4.0,4.0,,4.0,,5.0,4.0,3.0,,,,4.0,,2.0,4.0,4.0,4.0,5.0,2.0,3.0,5.0,5.0,56.0,75.0,50.0,82.0,35.0,40.0,36.0,40.0,40.0,72.0,1.0,,7.0,1.0,1.0,1.0,2.0,1.0,2.0,1.0,1.0,2.0,1.0,,,,,,,2.0,2.0,1.0,2.0,1.0,2.0,1.0,2.0,1.0,2.0,2.0,2.0,2.0,1.0,1.0,2.0,2.0,1.0,1.0,1.0,1.0,1.0,1.0,1.0,1.0,1.0,1.0,1.0,1.0,1.0,1.0,1.0,1.0,1.0,1.0,1.0,2.0,2.0,1.0,2.0,,4.0,,,4.0,,,10.0,,9.0,
pid_434,1.0,,1.0,,,,1.0,56.0,,,1.0,400.0,,80.0,2.0,,2.0,4.0,2.0,1.0,2.0,4.0,5.0,4.0,4.0,4.0,,5.0,,,,,3.0,3.0,3.0,3.0,,1.0,5.0,6.0,6.0,5.0,3.0,3.0,5.0,6.0,29.0,43.0,65.0,21.0,40.0,53.0,58.0,59.0,40.0,58.0,1.0,6.0,,1.0,1.0,1.0,1.0,1.0,1.0,1.0,1.0,1.0,1.0,,,,,,,1.0,1.0,2.0,1.0,2.0,1.0,1.0,2.0,2.0,2.0,1.0,2.0,2.0,1.0,1.0,2.0,2.0,2.0,2.0,1.0,2.0,2.0,1.0,2.0,2.0,1.0,2.0,2.0,2.0,1.0,1.0,1.0,1.0,2.0,2.0,2.0,2.0,1.0,2.0,2.0,,5.0,,,4.0,,20.0,,1.0,,
pid_435,,2.0,,2.0,,,2.0,5.0,,,1.0,250.0,30.0,,,3.0,1.0,1.0,5.0,5.0,1.0,1.0,1.0,5.0,1.0,1.0,5.0,,,,,,1.0,3.0,1.0,,1.0,1.0,6.0,4.0,6.0,6.0,3.0,3.0,3.0,3.0,29.0,12.0,54.0,55.0,10.0,16.0,32.0,59.0,48.0,22.0,3.0,,6.0,1.0,1.0,1.0,1.0,1.0,1.0,1.0,1.0,1.0,1.0,,,,,,,2.0,2.0,2.0,1.0,2.0,1.0,2.0,2.0,1.0,1.0,1.0,1.0,2.0,1.0,1.0,1.0,2.0,2.0,1.0,2.0,2.0,2.0,2.0,2.0,1.0,1.0,2.0,1.0,2.0,2.0,1.0,1.0,1.0,2.0,2.0,1.0,2.0,2.0,2.0,2.0,1.0,,,1.0,,,20.0,,,,1.0
pid_436,1.0,,,1.0,,,1.0,18.0,,,1.0,120.0,,70.0,3.0,,4.0,5.0,2.0,1.0,4.0,5.0,5.0,3.0,5.0,5.0,1.0,,,4.0,4.0,4.0,,,,,5.0,1.0,6.0,1.0,5.0,4.0,2.0,6.0,5.0,6.0,66.0,67.0,38.0,28.0,75.0,70.0,70.0,30.0,60.0,80.0,3.0,,6.0,1.0,1.0,1.0,1.0,1.0,1.0,1.0,1.0,1.0,1.0,,,,,,,2.0,2.0,2.0,2.0,2.0,1.0,2.0,2.0,1.0,2.0,2.0,2.0,1.0,1.0,2.0,1.0,2.0,1.0,1.0,2.0,2.0,1.0,1.0,2.0,1.0,2.0,1.0,1.0,2.0,1.0,2.0,2.0,2.0,2.0,1.0,1.0,1.0,2.0,1.0,1.0,5.0,,,6.0,,,,5.0,,,7.0
pid_437,,2.0,2.0,,2.0,50.0,,,,,1.0,250.0,30.0,,3.0,,3.0,2.0,3.0,1.0,2.0,2.0,4.0,4.0,4.0,4.0,,,3.0,,,,3.0,4.0,3.0,3.0,,1.0,5.0,2.0,6.0,6.0,5.0,4.0,6.0,5.0,55.0,65.0,60.0,45.0,30.0,20.0,45.0,65.0,53.0,60.0,4.0,6.0,,,,,,,,,,,,1.0,1.0,1.0,1.0,1.0,1.0,1.0,1.0,1.0,2.0,2.0,1.0,2.0,1.0,1.0,2.0,1.0,1.0,2.0,2.0,2.0,2.0,2.0,1.0,1.0,1.0,1.0,1.0,1.0,2.0,1.0,2.0,1.0,2.0,2.0,1.0,2.0,2.0,1.0,2.0,1.0,2.0,1.0,1.0,1.0,1.0,,,2.0,,,4.0,,0.0,2.0,,
pid_438,1.0,,,2.0,,,1.0,33.0,2.0,700.0,,,,70.0,,3.0,5.0,5.0,3.0,5.0,4.0,5.0,4.0,5.0,3.0,5.0,5.0,,,,,,5.0,2.0,2.0,,3.0,1.0,7.0,5.0,2.0,3.0,1.0,2.0,6.0,3.0,96.0,95.0,49.0,91.0,51.0,59.0,49.0,71.0,49.0,95.0,3.0,,5.0,1.0,1.0,1.0,1.0,1.0,1.0,1.0,1.0,1.0,1.0,,,,,,,1.0,2.0,2.0,1.0,1.0,1.0,2.0,1.0,2.0,2.0,1.0,1.0,2.0,2.0,1.0,1.0,2.0,2.0,1.0,1.0,2.0,1.0,1.0,1.0,2.0,2.0,2.0,1.0,2.0,2.0,1.0,1.0,1.0,2.0,1.0,2.0,2.0,2.0,2.0,2.0,4.0,,,6.0,,,20.0,,2.0,,
pid_439,1.0,,,1.0,,,1.0,43.0,1.0,1001.0,,,52.0,,1.0,,1.0,3.0,5.0,4.0,1.0,1.0,3.0,3.0,1.0,1.0,,1.0,,,,,4.0,4.0,2.0,6.0,,1.0,6.0,1.0,4.0,5.0,1.0,7.0,5.0,5.0,25.0,34.0,77.0,86.0,15.0,15.0,25.0,34.0,28.0,30.0,2.0,6.0,,1.0,2.0,2.0,1.0,2.0,1.0,2.0,1.0,2.0,1.0,,,,,,,2.0,2.0,1.0,1.0,2.0,1.0,1.0,1.0,1.0,2.0,1.0,2.0,1.0,1.0,1.0,1.0,1.0,1.0,1.0,2.0,1.0,1.0,1.0,1.0,1.0,1.0,1.0,1.0,1.0,1.0,2.0,1.0,1.0,1.0,1.0,2.0,1.0,1.0,1.0,1.0,,5.0,,,6.0,,20.0,,,,2.0
pid_440,,1.0,,2.0,,,1.0,20.0,1.0,1400.0,,,,71.0,5.0,,4.0,5.0,3.0,2.0,3.0,4.0,4.0,5.0,4.0,5.0,1.0,,,5.0,5.0,4.0,,,,,5.0,1.0,3.0,2.0,5.0,3.0,5.0,5.0,5.0,5.0,25.0,69.0,75.0,51.0,20.0,25.0,41.0,40.0,30.0,65.0,3.0,6.0,,1.0,1.0,1.0,1.0,1.0,1.0,1.0,1.0,1.0,1.0,,,,,,,2.0,2.0,2.0,2.0,1.0,1.0,1.0,2.0,1.0,1.0,2.0,1.0,2.0,2.0,1.0,2.0,1.0,2.0,2.0,2.0,2.0,1.0,1.0,1.0,1.0,1.0,2.0,1.0,2.0,2.0,2.0,2.0,2.0,1.0,1.0,2.0,1.0,2.0,2.0,1.0,4.0,,,4.0,,,18.0,,1.0,,
pid_441,2.0,,,1.0,2.0,54.0,,,1.0,1200.0,,,59.0,,5.0,,2.0,4.0,4.0,4.0,2.0,2.0,2.0,4.0,2.0,2.0,1.0,,,,,,4.0,4.0,3.0,5.0,,2.0,5.0,2.0,5.0,5.0,2.0,6.0,5.0,5.0,60.0,59.0,82.0,63.0,25.0,25.0,50.0,58.0,38.0,37.0,1.0,6.0,,,,,,,,,,,,1.0,1.0,1.0,2.0,1.0,1.0,1.0,1.0,2.0,2.0,2.0,1.0,2.0,2.0,2.0,1.0,2.0,1.0,2.0,1.0,1.0,1.0,2.0,2.0,1.0,1.0,1.0,2.0,2.0,2.0,2.0,1.0,1.0,2.0,2.0,1.0,2.0,1.0,2.0,1.0,2.0,2.0,2.0,1.0,1.0,1.0,5.0,,,5.0,,,15.0,,,10.0,
pid_442,,2.0,1.0,,,,1.0,30.0,,,1.0,300.0,,86.0,4.0,,3.0,5.0,3.0,1.0,4.0,3.0,3.0,4.0,4.0,5.0,3.0,,,2.0,3.0,1.0,,,,6.0,,1.0,7.0,1.0,1.0,2.0,5.0,6.0,6.0,6.0,61.0,85.0,39.0,38.0,62.0,62.0,51.0,50.0,30.0,54.0,1.0,,6.0,,,,,,,,,,,1.0,2.0,1.0,1.0,2.0,1.0,1.0,1.0,2.0,2.0,2.0,2.0,2.0,2.0,2.0,1.0,2.0,2.0,1.0,2.0,1.0,2.0,1.0,2.0,1.0,2.0,2.0,2.0,2.0,1.0,2.0,1.0,1.0,2.0,2.0,1.0,2.0,2.0,2.0,2.0,2.0,2.0,2.0,2.0,1.0,1.0,4.0,,,4.0,,,0.0,,1.0,,
pid_443,1.0,,2.0,,2.0,45.0,,,2.0,350.0,,,30.0,,,4.0,5.0,5.0,1.0,1.0,5.0,5.0,5.0,5.0,5.0,5.0,,5.0,,3.0,3.0,3.0,,,,,6.0,1.0,7.0,1.0,4.0,5.0,1.0,7.0,6.0,5.0,50.0,50.0,51.0,50.0,33.0,33.0,45.0,55.0,40.0,60.0,4.0,5.0,,,,,,,,,,,,2.0,2.0,2.0,2.0,2.0,2.0,2.0,2.0,2.0,1.0,2.0,1.0,2.0,2.0,1.0,2.0,1.0,1.0,2.0,2.0,1.0,2.0,2.0,2.0,1.0,1.0,1.0,1.0,1.0,1.0,1.0,1.0,1.0,2.0,1.0,1.0,2.0,2.0,1.0,1.0,2.0,1.0,2.0,2.0,1.0,1.0,,5.0,,,6.0,,,15.0,,6.0,
pid_444,2.0,,2.0,,,,1.0,54.0,,,1.0,300.0,30.0,,,2.0,3.0,4.0,4.0,3.0,4.0,4.0,3.0,3.0,4.0,4.0,,4.0,,,,,5.0,3.0,6.0,2.0,,1.0,7.0,1.0,1.0,4.0,1.0,7.0,4.0,5.0,45.0,40.0,34.0,46.0,38.0,39.0,47.0,42.0,37.0,51.0,4.0,6.0,,,,,,,,,,,,1.0,1.0,1.0,1.0,2.0,2.0,1.0,2.0,2.0,1.0,1.0,1.0,1.0,1.0,2.0,1.0,1.0,2.0,2.0,1.0,1.0,1.0,1.0,1.0,1.0,1.0,1.0,1.0,1.0,1.0,1.0,1.0,2.0,1.0,1.0,1.0,1.0,1.0,1.0,1.0,1.0,2.0,1.0,1.0,1.0,1.0,,5.0,,,5.0,,,12.0,3.0,,
pid_445,1.0,,,1.0,2.0,54.0,,,,,1.0,100.0,30.0,,6.0,,1.0,4.0,5.0,5.0,3.0,2.0,5.0,1.0,1.0,5.0,4.0,,,,,,4.0,3.0,6.0,6.0,,2.0,5.0,1.0,1.0,3.0,2.0,6.0,6.0,6.0,30.0,66.0,88.0,52.0,40.0,28.0,68.0,14.0,38.0,88.0,3.0,7.0,,,,,,,,,,,,1.0,1.0,1.0,2.0,1.0,2.0,1.0,1.0,1.0,1.0,1.0,2.0,1.0,1.0,2.0,2.0,1.0,2.0,1.0,1.0,1.0,1.0,1.0,1.0,1.0,1.0,1.0,1.0,1.0,1.0,2.0,1.0,2.0,1.0,1.0,2.0,1.0,1.0,1.0,2.0,2.0,2.0,1.0,1.0,1.0,1.0,5.0,,,5.0,,,,0.0,,,2.0
pid_446,2.0,,1.0,,2.0,0.0,,,2.0,500.0,,,30.0,,3.0,,3.0,4.0,3.0,3.0,4.0,4.0,5.0,3.0,5.0,5.0,,4.0,,,,,4.0,4.0,4.0,,6.0,1.0,6.0,2.0,5.0,5.0,5.0,7.0,6.0,5.0,50.0,60.0,50.0,50.0,50.0,75.0,70.0,60.0,50.0,75.0,2.0,5.0,,1.0,1.0,1.0,1.0,1.0,1.0,1.0,1.0,1.0,1.0,,,,,,,1.0,2.0,2.0,2.0,1.0,1.0,1.0,2.0,1.0,2.0,2.0,2.0,2.0,1.0,2.0,2.0,1.0,1.0,1.0,2.0,1.0,2.0,1.0,1.0,2.0,1.0,1.0,2.0,1.0,2.0,2.0,1.0,1.0,2.0,1.0,1.0,1.0,1.0,1.0,2.0,,5.0,,,6.0,,20.0,,,9.0,
pid_447,,2.0,,2.0,,,2.0,5.0,,,1.0,200.0,,70.0,2.0,,1.0,2.0,5.0,4.0,3.0,2.0,4.0,5.0,3.0,4.0,2.0,,,,,,2.0,3.0,5.0,,2.0,1.0,5.0,1.0,4.0,5.0,2.0,5.0,6.0,6.0,10.0,20.0,80.0,80.0,60.0,25.0,70.0,80.0,50.0,90.0,1.0,,6.0,,,,,,,,,,,1.0,1.0,1.0,2.0,1.0,1.0,2.0,1.0,1.0,1.0,2.0,2.0,1.0,2.0,2.0,2.0,1.0,1.0,1.0,1.0,2.0,2.0,1.0,1.0,2.0,2.0,2.0,1.0,2.0,1.0,2.0,2.0,2.0,2.0,1.0,2.0,2.0,1.0,2.0,2.0,2.0,2.0,2.0,2.0,2.0,2.0,4.0,,,4.0,,,,5.0,,10.0,
pid_448,,2.0,2.0,,2.0,42.0,,,2.0,380.0,,,30.0,,2.0,,4.0,3.0,5.0,5.0,4.0,2.0,2.0,3.0,4.0,4.0,,,2.0,3.0,3.0,1.0,,,,,5.0,1.0,5.0,5.0,4.0,4.0,5.0,5.0,5.0,5.0,30.0,80.0,78.0,87.0,25.0,10.0,28.0,66.0,80.0,85.0,1.0,6.0,,1.0,2.0,2.0,1.0,1.0,1.0,1.0,2.0,1.0,1.0,,,,,,,1.0,2.0,1.0,1.0,2.0,2.0,2.0,1.0,2.0,1.0,2.0,1.0,2.0,1.0,2.0,2.0,2.0,2.0,1.0,2.0,1.0,2.0,2.0,2.0,2.0,2.0,2.0,2.0,2.0,2.0,1.0,2.0,2.0,1.0,2.0,1.0,1.0,1.0,1.0,2.0,,,3.0,,,2.0,20.0,,,,1.0
pid_449,1.0,,2.0,,2.0,21.0,,,,,1.0,110.0,,70.0,2.0,,4.0,5.0,2.0,2.0,3.0,4.0,4.0,5.0,3.0,5.0,1.0,,,3.0,3.0,3.0,,,,2.0,,1.0,5.0,1.0,4.0,3.0,3.0,5.0,6.0,6.0,40.0,65.0,80.0,15.0,10.0,35.0,25.0,45.0,40.0,55.0,3.0,,3.0,,,,,,,,,,,1.0,1.0,1.0,1.0,1.0,1.0,2.0,2.0,2.0,2.0,2.0,2.0,2.0,2.0,1.0,2.0,1.0,2.0,2.0,1.0,2.0,2.0,2.0,2.0,2.0,1.0,2.0,2.0,2.0,2.0,2.0,2.0,2.0,1.0,2.0,1.0,2.0,2.0,1.0,2.0,1.0,1.0,2.0,1.0,2.0,1.0,3.0,,,4.0,,,20.0,,,,3.0
pid_450,1.0,,1.0,,2.0,50.0,,,,,1.0,350.0,56.0,,,4.0,3.0,2.0,1.0,5.0,5.0,5.0,4.0,4.0,5.0,5.0,,,3.0,4.0,4.0,4.0,,,,,4.0,2.0,7.0,1.0,2.0,1.0,4.0,7.0,6.0,7.0,39.0,1.0,47.0,78.0,14.0,7.0,8.0,9.0,9.0,69.0,3.0,3.0,,1.0,2.0,1.0,1.0,1.0,1.0,1.0,1.0,2.0,2.0,,,,,,,2.0,1.0,2.0,2.0,1.0,1.0,1.0,1.0,1.0,1.0,2.0,1.0,1.0,2.0,2.0,2.0,2.0,1.0,2.0,2.0,2.0,2.0,2.0,1.0,1.0,1.0,2.0,2.0,1.0,1.0,2.0,1.0,2.0,1.0,2.0,1.0,1.0,2.0,2.0,1.0,,,4.0,,,4.0,,10.0,,,3.0
pid_451,1.0,,1.0,,,,1.0,15.0,,,1.0,300.0,,70.0,,3.0,3.0,4.0,3.0,1.0,4.0,3.0,5.0,4.0,5.0,5.0,,2.0,,2.0,4.0,2.0,,,,,6.0,1.0,6.0,2.0,5.0,5.0,5.0,6.0,7.0,7.0,30.0,45.0,25.0,32.0,35.0,25.0,50.0,30.0,68.0,75.0,1.0,,7.0,1.0,2.0,1.0,1.0,1.0,1.0,1.0,1.0,2.0,2.0,,,,,,,2.0,1.0,2.0,2.0,1.0,2.0,1.0,2.0,1.0,1.0,2.0,2.0,2.0,2.0,1.0,2.0,2.0,1.0,2.0,1.0,2.0,1.0,2.0,2.0,2.0,1.0,2.0,1.0,2.0,2.0,2.0,2.0,2.0,2.0,2.0,2.0,2.0,2.0,2.0,2.0,,4.0,,,4.0,,10.0,,,10.0,
pid_452,,2.0,,2.0,,,1.0,54.0,,,1.0,380.0,,90.0,1.0,,5.0,5.0,5.0,5.0,5.0,5.0,5.0,5.0,2.0,5.0,,5.0,,,,,1.0,2.0,4.0,1.0,,1.0,5.0,1.0,6.0,6.0,2.0,6.0,5.0,7.0,100.0,95.0,100.0,100.0,85.0,85.0,100.0,85.0,20.0,85.0,3.0,,6.0,1.0,1.0,1.0,1.0,1.0,1.0,1.0,1.0,1.0,1.0,,,,,,,1.0,1.0,1.0,1.0,1.0,2.0,1.0,1.0,1.0,1.0,1.0,1.0,1.0,1.0,1.0,1.0,2.0,1.0,1.0,1.0,1.0,1.0,1.0,1.0,1.0,1.0,1.0,2.0,1.0,1.0,2.0,2.0,1.0,1.0,1.0,2.0,1.0,1.0,1.0,1.0,,5.0,,,6.0,,18.0,,,9.0,
pid_453,1.0,,,1.0,,,2.0,1.0,,,1.0,100.0,85.0,,,4.0,3.0,5.0,5.0,4.0,4.0,3.0,2.0,3.0,1.0,4.0,1.0,,,2.0,1.0,1.0,,,,,2.0,1.0,6.0,2.0,4.0,4.0,2.0,7.0,7.0,7.0,36.0,100.0,95.0,80.0,57.0,51.0,15.0,37.0,1.0,70.0,2.0,,3.0,,,,,,,,,,,1.0,1.0,1.0,1.0,2.0,2.0,1.0,1.0,1.0,1.0,1.0,2.0,2.0,1.0,2.0,2.0,1.0,2.0,1.0,1.0,2.0,2.0,2.0,2.0,2.0,1.0,1.0,1.0,2.0,2.0,2.0,2.0,2.0,1.0,1.0,2.0,1.0,2.0,1.0,2.0,1.0,2.0,1.0,1.0,2.0,1.0,4.0,,,5.0,,,,8.0,2.0,,
pid_454,1.0,,2.0,,2.0,40.0,,,,,1.0,100.0,,65.0,5.0,,4.0,3.0,2.0,3.0,3.0,4.0,4.0,4.0,4.0,4.0,3.0,,,,,,3.0,3.0,3.0,4.0,,1.0,7.0,5.0,5.0,6.0,2.0,5.0,6.0,5.0,46.0,55.0,33.0,60.0,18.0,45.0,55.0,63.0,55.0,65.0,3.0,,6.0,,,,,,,,,,,1.0,1.0,1.0,1.0,1.0,1.0,2.0,1.0,1.0,1.0,1.0,2.0,2.0,1.0,1.0,2.0,2.0,2.0,2.0,2.0,1.0,2.0,2.0,1.0,2.0,2.0,1.0,2.0,2.0,2.0,2.0,1.0,2.0,2.0,2.0,2.0,2.0,2.0,1.0,2.0,2.0,1.0,2.0,2.0,1.0,1.0,3.0,,,2.0,,,,2.0,2.0,,
pid_455,,1.0,1.0,,,,2.0,8.0,,,1.0,100.0,,60.0,4.0,,3.0,4.0,5.0,3.0,3.0,4.0,5.0,3.0,3.0,4.0,,4.0,,,,,5.0,5.0,4.0,,5.0,1.0,3.0,2.0,1.0,2.0,2.0,5.0,3.0,4.0,49.0,90.0,97.0,71.0,38.0,55.0,100.0,85.0,0.0,29.0,3.0,,5.0,1.0,1.0,1.0,2.0,1.0,1.0,2.0,2.0,1.0,1.0,,,,,,,2.0,1.0,2.0,1.0,1.0,2.0,2.0,1.0,2.0,1.0,2.0,2.0,2.0,1.0,2.0,2.0,2.0,2.0,2.0,2.0,2.0,1.0,1.0,2.0,1.0,2.0,2.0,1.0,2.0,2.0,1.0,2.0,2.0,2.0,1.0,2.0,2.0,1.0,2.0,2.0,,4.0,,,3.0,,0.0,,2.0,,
pid_456,,2.0,,2.0,,,2.0,10.0,2.0,900.0,,,30.0,,,5.0,4.0,5.0,2.0,4.0,2.0,3.0,2.0,4.0,4.0,5.0,1.0,,,,,,1.0,1.0,1.0,6.0,,2.0,6.0,6.0,4.0,2.0,2.0,5.0,6.0,6.0,77.0,97.0,50.0,50.0,11.0,38.0,12.0,13.0,50.0,45.0,1.0,,6.0,,,,,,,,,,,1.0,1.0,2.0,1.0,1.0,2.0,2.0,1.0,1.0,1.0,2.0,2.0,2.0,2.0,2.0,2.0,2.0,1.0,1.0,1.0,2.0,2.0,2.0,2.0,1.0,1.0,2.0,1.0,1.0,2.0,1.0,2.0,1.0,1.0,1.0,1.0,2.0,1.0,1.0,2.0,1.0,2.0,1.0,1.0,1.0,1.0,5.0,,,5.0,,,15.0,,3.0,,
pid_458,1.0,,1.0,,2.0,50.0,,,,,1.0,120.0,29.0,,4.0,,4.0,5.0,4.0,4.0,4.0,5.0,5.0,2.0,3.0,3.0,,3.0,,,,,2.0,2.0,4.0,4.0,,1.0,5.0,2.0,2.0,4.0,4.0,5.0,6.0,5.0,57.0,75.0,38.0,72.0,53.0,67.0,64.0,53.0,41.0,58.0,2.0,,3.0,2.0,2.0,2.0,1.0,2.0,2.0,1.0,2.0,1.0,2.0,,,,,,,2.0,2.0,2.0,1.0,1.0,1.0,2.0,1.0,2.0,2.0,2.0,1.0,1.0,1.0,1.0,1.0,1.0,1.0,2.0,1.0,2.0,1.0,1.0,2.0,2.0,1.0,1.0,1.0,2.0,1.0,1.0,1.0,1.0,2.0,1.0,2.0,1.0,1.0,2.0,2.0,,5.0,,,4.0,,15.0,,,,3.0
pid_459,2.0,,,2.0,,,1.0,47.0,,,1.0,179.0,30.0,,1.0,,5.0,5.0,1.0,3.0,3.0,5.0,4.0,4.0,5.0,5.0,,2.0,,4.0,4.0,3.0,,,,,3.0,2.0,6.0,2.0,4.0,3.0,3.0,5.0,6.0,6.0,35.0,87.0,56.0,53.0,37.0,83.0,21.0,68.0,74.0,58.0,3.0,4.0,,2.0,1.0,1.0,2.0,2.0,1.0,1.0,1.0,1.0,2.0,,,,,,,2.0,1.0,2.0,2.0,2.0,1.0,2.0,1.0,2.0,2.0,2.0,2.0,1.0,1.0,2.0,2.0,2.0,2.0,2.0,2.0,2.0,1.0,2.0,2.0,2.0,1.0,2.0,2.0,2.0,2.0,2.0,2.0,1.0,1.0,2.0,2.0,2.0,2.0,2.0,2.0,,4.0,,,6.0,,12.0,,,10.0,
pid_460,2.0,,,2.0,2.0,30.0,,,,,1.0,110.0,,70.0,3.0,,4.0,5.0,5.0,4.0,3.0,4.0,4.0,3.0,2.0,4.0,,,3.0,3.0,2.0,1.0,,,,4.0,,1.0,5.0,2.0,3.0,5.0,2.0,6.0,4.0,3.0,44.0,97.0,97.0,90.0,9.0,22.0,48.0,47.0,60.0,84.0,2.0,5.0,,1.0,1.0,1.0,2.0,1.0,1.0,1.0,2.0,1.0,2.0,,,,,,,2.0,2.0,1.0,1.0,2.0,1.0,1.0,1.0,1.0,2.0,2.0,2.0,1.0,2.0,2.0,1.0,2.0,2.0,2.0,2.0,2.0,1.0,2.0,2.0,1.0,1.0,2.0,1.0,1.0,1.0,2.0,1.0,2.0,1.0,1.0,2.0,2.0,2.0,2.0,1.0,,,5.0,,,5.0,,5.0,,,4.0
pid_461,1.0,,2.0,,,,1.0,40.0,2.0,400.0,,,,75.0,1.0,,5.0,5.0,1.0,4.0,4.0,5.0,5.0,3.0,2.0,4.0,4.0,,,1.0,2.0,4.0,,,,6.0,,1.0,7.0,2.0,1.0,6.0,1.0,5.0,7.0,2.0,96.0,49.0,26.0,83.0,100.0,89.0,93.0,83.0,11.0,73.0,1.0,,7.0,,,,,,,,,,,1.0,1.0,1.0,1.0,1.0,2.0,2.0,2.0,1.0,1.0,1.0,2.0,1.0,2.0,2.0,1.0,2.0,1.0,1.0,1.0,1.0,1.0,2.0,1.0,2.0,1.0,1.0,1.0,1.0,1.0,1.0,1.0,1.0,1.0,1.0,1.0,2.0,1.0,1.0,1.0,1.0,2.0,2.0,1.0,1.0,2.0,5.0,,,3.0,,,,15.0,3.0,,
pid_462,,2.0,1.0,,,,2.0,9.0,,,1.0,250.0,,70.0,4.0,,2.0,3.0,5.0,5.0,2.0,1.0,4.0,4.0,4.0,5.0,,,2.0,,,,1.0,4.0,3.0,4.0,,2.0,7.0,1.0,1.0,4.0,2.0,6.0,6.0,6.0,50.0,77.0,64.0,73.0,35.0,37.0,65.0,67.0,68.0,72.0,1.0,,7.0,1.0,2.0,1.0,2.0,1.0,1.0,1.0,2.0,2.0,1.0,,,,,,,2.0,2.0,1.0,2.0,1.0,2.0,1.0,2.0,1.0,1.0,2.0,2.0,1.0,1.0,2.0,1.0,2.0,2.0,2.0,1.0,1.0,2.0,2.0,2.0,1.0,1.0,2.0,2.0,2.0,2.0,1.0,2.0,2.0,1.0,2.0,2.0,2.0,2.0,1.0,2.0,,,5.0,,,5.0,,10.0,,,5.0
pid_463,1.0,,,2.0,2.0,54.0,,,,,1.0,400.0,40.0,,2.0,,5.0,5.0,1.0,3.0,5.0,5.0,5.0,4.0,5.0,5.0,,,4.0,,,,3.0,3.0,3.0,,5.0,1.0,7.0,1.0,3.0,5.0,2.0,6.0,7.0,5.0,60.0,50.0,40.0,40.0,45.0,40.0,30.0,40.0,45.0,55.0,4.0,,5.0,,,,,,,,,,,1.0,1.0,1.0,1.0,1.0,1.0,2.0,2.0,1.0,1.0,1.0,2.0,2.0,1.0,1.0,2.0,1.0,2.0,1.0,1.0,2.0,2.0,2.0,1.0,1.0,2.0,1.0,1.0,2.0,2.0,2.0,1.0,2.0,1.0,2.0,1.0,1.0,2.0,1.0,2.0,1.0,1.0,1.0,1.0,2.0,2.0,,,5.0,,,5.0,,5.0,,4.0,
pid_464,1.0,,,2.0,,,2.0,2.0,1.0,1200.0,,,,60.0,3.0,,5.0,5.0,1.0,3.0,4.0,5.0,5.0,2.0,4.0,5.0,,,4.0,,,,3.0,5.0,4.0,4.0,,1.0,6.0,1.0,5.0,5.0,4.0,5.0,5.0,5.0,36.0,56.0,20.0,25.0,30.0,30.0,65.0,30.0,25.0,60.0,3.0,,5.0,,,,,,,,,,,1.0,1.0,2.0,1.0,1.0,2.0,1.0,2.0,1.0,2.0,1.0,2.0,1.0,2.0,2.0,2.0,2.0,2.0,1.0,1.0,1.0,1.0,1.0,1.0,1.0,1.0,1.0,2.0,1.0,2.0,1.0,2.0,1.0,1.0,2.0,2.0,1.0,1.0,1.0,2.0,2.0,1.0,2.0,2.0,1.0,2.0,,,5.0,,,6.0,,5.0,,5.0,
pid_465,1.0,,,2.0,,,1.0,4.0,1.0,224.0,,,66.0,,5.0,,3.0,5.0,5.0,5.0,4.0,5.0,4.0,3.0,3.0,4.0,4.0,,,4.0,4.0,5.0,,,,,5.0,2.0,4.0,5.0,6.0,4.0,5.0,6.0,6.0,4.0,40.0,26.0,34.0,37.0,24.0,36.0,23.0,55.0,22.0,35.0,3.0,,6.0,,,,,,,,,,,1.0,1.0,2.0,2.0,2.0,1.0,1.0,1.0,1.0,1.0,2.0,1.0,1.0,1.0,2.0,1.0,2.0,2.0,1.0,1.0,1.0,1.0,1.0,1.0,1.0,1.0,1.0,1.0,1.0,1.0,1.0,1.0,1.0,1.0,2.0,1.0,2.0,1.0,1.0,1.0,1.0,2.0,1.0,1.0,2.0,1.0,4.0,,,4.0,,,8.0,,,,3.0
pid_466,,2.0,2.0,,,,1.0,14.0,,,1.0,150.0,,70.0,5.0,,4.0,4.0,1.0,2.0,5.0,5.0,5.0,5.0,5.0,5.0,,5.0,,2.0,1.0,2.0,,,,3.0,,1.0,7.0,2.0,5.0,5.0,3.0,6.0,7.0,6.0,40.0,30.0,55.0,45.0,30.0,40.0,20.0,35.0,40.0,50.0,4.0,6.0,,1.0,1.0,1.0,1.0,1.0,1.0,1.0,1.0,1.0,1.0,,,,,,,1.0,2.0,2.0,1.0,2.0,2.0,2.0,1.0,2.0,2.0,1.0,2.0,2.0,2.0,2.0,2.0,2.0,2.0,2.0,2.0,2.0,2.0,1.0,2.0,2.0,2.0,2.0,2.0,2.0,2.0,1.0,2.0,2.0,2.0,1.0,2.0,2.0,2.0,2.0,1.0,,4.0,,,3.0,,18.0,,,6.0,
pid_467,,2.0,,1.0,2.0,10.0,,,2.0,850.0,,,,50.0,2.0,,3.0,4.0,4.0,3.0,3.0,3.0,3.0,3.0,3.0,4.0,,2.0,,4.0,5.0,3.0,,,,,6.0,1.0,4.0,2.0,2.0,3.0,3.0,5.0,5.0,5.0,60.0,80.0,50.0,50.0,50.0,50.0,75.0,75.0,25.0,80.0,3.0,3.0,,,,,,,,,,,,1.0,2.0,1.0,1.0,1.0,2.0,2.0,2.0,2.0,2.0,2.0,2.0,1.0,2.0,1.0,1.0,2.0,2.0,1.0,2.0,2.0,2.0,2.0,2.0,2.0,2.0,1.0,2.0,2.0,1.0,2.0,2.0,1.0,2.0,2.0,2.0,2.0,2.0,2.0,2.0,2.0,2.0,1.0,2.0,2.0,2.0,,4.0,,,5.0,,,15.0,,,3.0
pid_468,,2.0,1.0,,,,1.0,35.0,,,1.0,200.0,,100.0,,6.0,2.0,4.0,4.0,3.0,3.0,4.0,4.0,4.0,3.0,4.0,,,4.0,3.0,3.0,3.0,,,,3.0,,1.0,5.0,5.0,4.0,4.0,5.0,6.0,6.0,6.0,60.0,75.0,75.0,63.0,39.0,70.0,80.0,83.0,26.0,95.0,1.0,,6.0,1.0,2.0,1.0,1.0,2.0,1.0,1.0,2.0,1.0,1.0,,,,,,,2.0,1.0,1.0,1.0,1.0,2.0,1.0,1.0,1.0,1.0,2.0,2.0,2.0,1.0,1.0,2.0,1.0,2.0,1.0,1.0,2.0,1.0,2.0,1.0,1.0,1.0,1.0,2.0,1.0,2.0,1.0,2.0,1.0,1.0,1.0,1.0,2.0,2.0,2.0,1.0,,,5.0,,,5.0,15.0,,,,3.0
pid_469,2.0,,2.0,,2.0,54.0,,,,,1.0,370.0,,85.0,1.0,,4.0,2.0,4.0,3.0,4.0,4.0,4.0,3.0,3.0,2.0,3.0,,,2.0,1.0,1.0,,,,6.0,,1.0,5.0,2.0,5.0,6.0,2.0,5.0,6.0,5.0,51.0,71.0,36.0,65.0,64.0,52.0,60.0,40.0,40.0,75.0,4.0,,6.0,1.0,1.0,1.0,2.0,1.0,1.0,2.0,1.0,1.0,2.0,,,,,,,1.0,2.0,1.0,1.0,2.0,2.0,1.0,2.0,2.0,1.0,2.0,1.0,2.0,1.0,1.0,2.0,1.0,1.0,1.0,1.0,2.0,1.0,2.0,1.0,1.0,2.0,1.0,2.0,1.0,1.0,1.0,1.0,2.0,1.0,2.0,1.0,1.0,1.0,2.0,2.0,5.0,,,6.0,,,18.0,,,10.0,
pid_470,,1.0,2.0,,,,1.0,26.0,1.0,2788.0,,,80.0,,,5.0,5.0,5.0,1.0,3.0,4.0,2.0,4.0,2.0,4.0,4.0,4.0,,,,,,3.0,2.0,1.0,4.0,,1.0,6.0,2.0,5.0,2.0,1.0,5.0,5.0,6.0,30.0,12.0,38.0,56.0,25.0,40.0,37.0,57.0,44.0,64.0,3.0,1.0,,1.0,2.0,1.0,1.0,1.0,2.0,1.0,2.0,2.0,2.0,,,,,,,2.0,2.0,1.0,1.0,1.0,2.0,1.0,2.0,2.0,2.0,2.0,2.0,2.0,1.0,1.0,2.0,2.0,1.0,2.0,2.0,2.0,2.0,2.0,2.0,2.0,1.0,1.0,2.0,1.0,2.0,2.0,1.0,2.0,2.0,1.0,1.0,1.0,2.0,2.0,1.0,2.0,,,5.0,,,14.0,,1.0,,
pid_471,,1.0,1.0,,,,1.0,54.0,,,1.0,380.0,,70.0,1.0,,2.0,4.0,1.0,3.0,2.0,4.0,5.0,4.0,4.0,5.0,1.0,,,3.0,4.0,3.0,,,,2.0,,1.0,7.0,1.0,6.0,6.0,1.0,6.0,6.0,5.0,50.0,50.0,50.0,50.0,50.0,50.0,50.0,50.0,50.0,50.0,1.0,5.0,,1.0,1.0,1.0,1.0,1.0,1.0,1.0,1.0,1.0,1.0,,,,,,,2.0,2.0,1.0,2.0,2.0,2.0,2.0,1.0,1.0,2.0,2.0,2.0,1.0,2.0,1.0,2.0,1.0,1.0,1.0,2.0,2.0,1.0,1.0,2.0,1.0,2.0,1.0,2.0,2.0,2.0,1.0,2.0,2.0,1.0,1.0,2.0,2.0,1.0,1.0,2.0,5.0,,,1.0,,,,0.0,4.0,,
pid_472,1.0,,,1.0,,,1.0,30.0,2.0,250.0,,,76.0,,3.0,,1.0,3.0,5.0,3.0,4.0,1.0,2.0,4.0,2.0,5.0,,4.0,,,,,3.0,3.0,3.0,4.0,,1.0,6.0,1.0,6.0,6.0,5.0,7.0,2.0,3.0,20.0,60.0,80.0,50.0,50.0,10.0,30.0,50.0,50.0,70.0,1.0,3.0,,,,,,,,,,,,1.0,1.0,1.0,1.0,1.0,1.0,1.0,2.0,1.0,2.0,2.0,2.0,2.0,1.0,1.0,2.0,2.0,2.0,1.0,2.0,2.0,2.0,1.0,2.0,2.0,2.0,2.0,2.0,2.0,2.0,1.0,2.0,1.0,2.0,2.0,1.0,1.0,2.0,2.0,2.0,1.0,2.0,2.0,2.0,2.0,1.0,,5.0,,,5.0,,10.0,,,10.0,
pid_473,,2.0,,2.0,,,1.0,20.0,,,1.0,125.0,80.0,,,5.0,5.0,5.0,1.0,1.0,4.0,5.0,5.0,4.0,5.0,4.0,,,1.0,,,,3.0,4.0,4.0,,6.0,1.0,7.0,3.0,3.0,4.0,3.0,5.0,5.0,5.0,55.0,85.0,50.0,22.0,40.0,65.0,66.0,63.0,52.0,60.0,3.0,6.0,,1.0,1.0,1.0,2.0,1.0,1.0,2.0,1.0,2.0,1.0,,,,,,,2.0,1.0,2.0,2.0,1.0,2.0,2.0,1.0,2.0,2.0,2.0,2.0,2.0,2.0,2.0,1.0,2.0,1.0,2.0,1.0,1.0,1.0,1.0,1.0,2.0,2.0,2.0,2.0,2.0,2.0,2.0,2.0,2.0,1.0,1.0,1.0,1.0,2.0,1.0,2.0,,,5.0,,,5.0,,12.0,,,3.0
pid_474,,2.0,1.0,,,,1.0,45.0,2.0,8000.0,,,71.0,,3.0,,5.0,5.0,1.0,5.0,5.0,5.0,5.0,3.0,3.0,5.0,,5.0,,4.0,4.0,4.0,,,,,4.0,1.0,7.0,5.0,5.0,5.0,1.0,6.0,7.0,5.0,45.0,95.0,95.0,50.0,15.0,30.0,40.0,20.0,79.0,40.0,3.0,,6.0,,,,,,,,,,,1.0,1.0,2.0,2.0,2.0,1.0,2.0,1.0,1.0,2.0,2.0,2.0,2.0,2.0,2.0,2.0,2.0,2.0,1.0,2.0,1.0,2.0,1.0,2.0,2.0,2.0,1.0,1.0,2.0,1.0,1.0,2.0,1.0,1.0,1.0,1.0,2.0,2.0,2.0,2.0,2.0,1.0,2.0,1.0,1.0,2.0,,5.0,,,2.0,,,20.0,,,8.0
pid_475,1.0,,,2.0,2.0,30.0,,,2.0,250.0,,,30.0,,3.0,,5.0,5.0,2.0,3.0,4.0,5.0,5.0,3.0,4.0,5.0,2.0,,,3.0,2.0,3.0,,,,,5.0,1.0,6.0,2.0,3.0,5.0,2.0,6.0,6.0,4.0,40.0,61.0,57.0,40.0,21.0,55.0,42.0,32.0,28.0,57.0,3.0,,5.0,,,,,,,,,,,1.0,1.0,1.0,1.0,1.0,1.0,2.0,2.0,2.0,2.0,2.0,2.0,1.0,2.0,1.0,2.0,2.0,2.0,1.0,1.0,2.0,2.0,2.0,2.0,2.0,2.0,1.0,1.0,2.0,1.0,1.0,2.0,1.0,2.0,1.0,1.0,2.0,1.0,2.0,2.0,2.0,2.0,1.0,1.0,2.0,2.0,2.0,,,2.0,,,,18.0,,,2.0
pid_476,1.0,,1.0,,2.0,50.0,,,2.0,300.0,,,,70.0,,1.0,4.0,5.0,5.0,3.0,3.0,1.0,4.0,5.0,1.0,5.0,,5.0,,4.0,2.0,4.0,,,,4.0,,2.0,5.0,2.0,6.0,7.0,2.0,6.0,5.0,5.0,45.0,57.0,52.0,50.0,34.0,12.0,38.0,47.0,42.0,55.0,4.0,6.0,,,,,,,,,,,,1.0,1.0,1.0,1.0,1.0,1.0,1.0,1.0,2.0,2.0,1.0,2.0,2.0,1.0,1.0,1.0,2.0,2.0,2.0,2.0,2.0,1.0,2.0,2.0,2.0,2.0,2.0,2.0,2.0,2.0,2.0,2.0,2.0,1.0,1.0,2.0,2.0,1.0,2.0,1.0,1.0,2.0,2.0,1.0,1.0,2.0,,5.0,,,4.0,,19.0,,,,2.0
pid_477,,2.0,2.0,,1.0,110.0,,,1.0,1200.0,,,61.0,,,2.0,1.0,1.0,5.0,4.0,1.0,1.0,1.0,1.0,1.0,2.0,,4.0,,3.0,2.0,2.0,,,,4.0,,1.0,6.0,2.0,2.0,6.0,2.0,6.0,5.0,5.0,0.0,0.0,76.0,43.0,0.0,0.0,0.0,0.0,0.0,60.0,1.0,6.0,,,,,,,,,,,,1.0,1.0,1.0,1.0,1.0,1.0,1.0,1.0,1.0,2.0,1.0,2.0,1.0,2.0,1.0,1.0,1.0,2.0,1.0,2.0,2.0,2.0,1.0,1.0,2.0,1.0,1.0,1.0,1.0,1.0,1.0,1.0,1.0,2.0,2.0,1.0,2.0,1.0,2.0,1.0,2.0,1.0,1.0,1.0,2.0,2.0,,5.0,,,6.0,,,10.0,,,1.0
pid_478,1.0,,,2.0,,,1.0,54.0,,,1.0,379.0,30.0,,,4.0,5.0,5.0,4.0,5.0,5.0,5.0,5.0,5.0,5.0,5.0,,,4.0,,,,3.0,4.0,5.0,4.0,,1.0,7.0,1.0,1.0,1.0,1.0,7.0,7.0,7.0,40.0,98.0,18.0,75.0,51.0,76.0,89.0,72.0,46.0,82.0,3.0,5.0,,1.0,1.0,1.0,1.0,1.0,1.0,1.0,1.0,1.0,1.0,,,,,,,2.0,2.0,2.0,2.0,1.0,1.0,2.0,2.0,2.0,2.0,1.0,2.0,2.0,2.0,2.0,2.0,2.0,2.0,2.0,1.0,1.0,2.0,2.0,1.0,1.0,1.0,2.0,2.0,2.0,1.0,2.0,2.0,2.0,2.0,2.0,1.0,1.0,1.0,1.0,2.0,,,5.0,,,6.0,,15.0,,9.0,
pid_479,,2.0,,2.0,2.0,54.0,,,,,1.0,380.0,,50.0,,5.0,3.0,3.0,3.0,3.0,3.0,3.0,3.0,3.0,3.0,3.0,,,3.0,2.0,2.0,5.0,,,,5.0,,2.0,6.0,6.0,4.0,5.0,4.0,4.0,5.0,5.0,50.0,50.0,50.0,50.0,50.0,50.0,50.0,50.0,50.0,50.0,4.0,,4.0,1.0,2.0,1.0,1.0,1.0,1.0,1.0,1.0,2.0,2.0,,,,,,,1.0,1.0,1.0,2.0,1.0,2.0,1.0,2.0,1.0,2.0,2.0,1.0,2.0,2.0,2.0,2.0,1.0,2.0,1.0,1.0,1.0,1.0,1.0,2.0,1.0,2.0,2.0,1.0,2.0,2.0,2.0,1.0,1.0,1.0,2.0,1.0,1.0,2.0,2.0,2.0,,,3.0,,,4.0,,2.0,,3.0,
pid_480,1.0,,,2.0,,,2.0,5.0,,,1.0,350.0,,30.0,3.0,,1.0,4.0,4.0,3.0,4.0,3.0,3.0,4.0,4.0,4.0,2.0,,,,,,4.0,3.0,5.0,,4.0,1.0,5.0,2.0,5.0,1.0,1.0,6.0,5.0,6.0,11.0,70.0,21.0,25.0,30.0,47.0,47.0,5.0,12.0,69.0,1.0,,6.0,,,,,,,,,,,1.0,1.0,2.0,1.0,1.0,2.0,1.0,1.0,2.0,2.0,1.0,2.0,2.0,1.0,1.0,2.0,2.0,2.0,1.0,2.0,2.0,1.0,2.0,2.0,1.0,1.0,2.0,1.0,2.0,1.0,1.0,2.0,2.0,1.0,1.0,1.0,2.0,2.0,1.0,2.0,1.0,2.0,2.0,1.0,2.0,1.0,5.0,,,5.0,,,,5.0,1.0,,
pid_481,2.0,,,1.0,1.0,60.0,,,1.0,1120.0,,,,71.0,3.0,,2.0,4.0,3.0,4.0,4.0,3.0,4.0,4.0,4.0,4.0,2.0,,,3.0,3.0,2.0,,,,5.0,,1.0,6.0,2.0,2.0,2.0,3.0,4.0,6.0,6.0,71.0,29.0,88.0,48.0,22.0,41.0,65.0,48.0,41.0,47.0,1.0,3.0,,,,,,,,,,,,1.0,1.0,2.0,1.0,1.0,2.0,1.0,2.0,1.0,2.0,2.0,2.0,2.0,2.0,2.0,2.0,2.0,2.0,1.0,2.0,2.0,2.0,1.0,2.0,1.0,2.0,1.0,2.0,1.0,2.0,1.0,1.0,2.0,1.0,2.0,2.0,1.0,2.0,1.0,2.0,2.0,1.0,2.0,2.0,2.0,2.0,3.0,,,4.0,,,15.0,,2.0,,
pid_482,,1.0,1.0,,2.0,43.0,,,,,1.0,2.0,67.0,,1.0,,4.0,4.0,4.0,3.0,3.0,4.0,4.0,3.0,4.0,3.0,,4.0,,,,,4.0,3.0,4.0,5.0,,2.0,4.0,1.0,3.0,4.0,3.0,2.0,3.0,3.0,17.0,30.0,25.0,33.0,19.0,42.0,27.0,50.0,47.0,27.0,3.0,,3.0,2.0,1.0,1.0,2.0,1.0,2.0,1.0,2.0,2.0,1.0,,,,,,,2.0,2.0,1.0,2.0,2.0,1.0,1.0,2.0,2.0,2.0,1.0,1.0,2.0,1.0,1.0,1.0,2.0,1.0,1.0,2.0,1.0,1.0,1.0,2.0,1.0,2.0,1.0,1.0,1.0,1.0,2.0,2.0,1.0,1.0,2.0,1.0,1.0,2.0,2.0,2.0,,3.0,,,4.0,,,15.0,,,9.0
pid_483,,2.0,,1.0,2.0,50.0,,,,,1.0,200.0,99.0,,,5.0,4.0,1.0,5.0,5.0,1.0,4.0,2.0,5.0,2.0,5.0,,1.0,,,,,6.0,1.0,1.0,,4.0,1.0,7.0,1.0,5.0,5.0,2.0,6.0,4.0,5.0,61.0,20.0,76.0,88.0,34.0,67.0,35.0,77.0,42.0,98.0,3.0,6.0,,,,,,,,,,,,1.0,1.0,1.0,1.0,1.0,1.0,1.0,2.0,2.0,1.0,1.0,2.0,2.0,2.0,2.0,1.0,2.0,1.0,2.0,2.0,2.0,1.0,1.0,1.0,2.0,1.0,1.0,1.0,2.0,2.0,2.0,2.0,2.0,2.0,1.0,2.0,2.0,2.0,1.0,2.0,2.0,2.0,1.0,2.0,1.0,1.0,,5.0,,,4.0,,,0.0,,,4.0
pid_484,,2.0,,1.0,1.0,86.0,,,,,1.0,250.0,50.0,,3.0,,4.0,5.0,1.0,3.0,3.0,4.0,5.0,3.0,5.0,5.0,,1.0,,,,,5.0,5.0,3.0,,3.0,1.0,7.0,1.0,3.0,4.0,1.0,7.0,7.0,7.0,43.0,41.0,30.0,38.0,31.0,86.0,52.0,66.0,55.0,55.0,2.0,,7.0,,,,,,,,,,,1.0,1.0,1.0,1.0,1.0,1.0,2.0,2.0,2.0,2.0,2.0,2.0,1.0,1.0,1.0,1.0,2.0,1.0,2.0,1.0,2.0,1.0,2.0,2.0,2.0,2.0,2.0,2.0,2.0,1.0,1.0,2.0,1.0,1.0,2.0,2.0,2.0,2.0,2.0,2.0,1.0,1.0,2.0,2.0,1.0,2.0,,5.0,,,4.0,,18.0,,,3.0,
pid_485,2.0,,1.0,,2.0,54.0,,,2.0,400.0,,,,70.0,3.0,,5.0,5.0,1.0,3.0,3.0,5.0,5.0,5.0,5.0,5.0,1.0,,,,,,3.0,3.0,3.0,,6.0,1.0,7.0,1.0,4.0,4.0,2.0,6.0,5.0,6.0,60.0,65.0,30.0,50.0,30.0,70.0,60.0,70.0,71.0,65.0,4.0,4.0,,1.0,1.0,1.0,1.0,1.0,1.0,1.0,1.0,1.0,1.0,,,,,,,2.0,1.0,2.0,2.0,1.0,1.0,2.0,1.0,1.0,1.0,2.0,2.0,2.0,2.0,2.0,2.0,1.0,1.0,2.0,1.0,2.0,2.0,1.0,1.0,2.0,2.0,2.0,2.0,2.0,2.0,2.0,2.0,2.0,2.0,2.0,2.0,2.0,2.0,2.0,2.0,5.0,,,6.0,,,20.0,,,3.0,
pid_486,2.0,,1.0,,,,1.0,40.0,2.0,300.0,,,,70.0,,5.0,4.0,4.0,2.0,4.0,4.0,4.0,4.0,5.0,5.0,5.0,1.0,,,,,,3.0,2.0,1.0,,4.0,1.0,7.0,4.0,4.0,4.0,3.0,5.0,5.0,3.0,70.0,55.0,55.0,50.0,70.0,60.0,55.0,60.0,60.0,75.0,3.0,,6.0,,,,,,,,,,,1.0,1.0,1.0,1.0,1.0,1.0,2.0,1.0,1.0,1.0,1.0,2.0,2.0,1.0,1.0,2.0,2.0,1.0,2.0,1.0,1.0,1.0,2.0,1.0,1.0,1.0,1.0,2.0,1.0,2.0,2.0,1.0,1.0,2.0,2.0,2.0,2.0,2.0,1.0,1.0,2.0,1.0,1.0,2.0,1.0,1.0,5.0,,,4.0,,,,10.0,6.0,,
pid_487,,1.0,,1.0,2.0,50.0,,,2.0,700.0,,,19.0,,1.0,,3.0,4.0,4.0,4.0,4.0,4.0,4.0,5.0,1.0,5.0,,,5.0,4.0,4.0,1.0,,,,,3.0,1.0,5.0,1.0,4.0,3.0,4.0,6.0,6.0,6.0,3.0,3.0,65.0,57.0,7.0,9.0,17.0,80.0,50.0,77.0,3.0,7.0,,,,,,,,,,,,1.0,1.0,1.0,2.0,1.0,1.0,1.0,2.0,2.0,1.0,2.0,1.0,1.0,2.0,1.0,1.0,2.0,1.0,2.0,1.0,2.0,1.0,1.0,2.0,2.0,2.0,1.0,1.0,2.0,1.0,1.0,2.0,1.0,2.0,2.0,2.0,1.0,1.0,1.0,2.0,2.0,2.0,2.0,1.0,2.0,1.0,,,2.0,,,3.0,,17.0,,,2.0
pid_488,1.0,,,1.0,2.0,54.0,,,,,1.0,300.0,,20.0,1.0,,2.0,5.0,5.0,4.0,2.0,1.0,4.0,4.0,2.0,3.0,,,1.0,2.0,3.0,3.0,,,,6.0,,2.0,5.0,1.0,5.0,2.0,2.0,5.0,5.0,6.0,40.0,89.0,74.0,75.0,22.0,30.0,45.0,49.0,35.0,58.0,2.0,3.0,,,,,,,,,,,,1.0,1.0,1.0,2.0,1.0,2.0,2.0,2.0,1.0,2.0,2.0,2.0,2.0,2.0,1.0,2.0,1.0,2.0,2.0,1.0,1.0,2.0,2.0,2.0,2.0,2.0,1.0,1.0,2.0,2.0,1.0,2.0,2.0,2.0,2.0,1.0,2.0,2.0,2.0,2.0,1.0,2.0,2.0,2.0,2.0,1.0,,,5.0,,,5.0,,5.0,,,1.0
pid_490,,2.0,1.0,,2.0,50.0,,,1.0,1200.0,,,,35.0,3.0,,4.0,5.0,5.0,5.0,3.0,3.0,4.0,5.0,2.0,5.0,1.0,,,4.0,5.0,2.0,,,,4.0,,1.0,6.0,2.0,3.0,5.0,5.0,7.0,6.0,5.0,40.0,55.0,70.0,50.0,50.0,45.0,25.0,50.0,60.0,75.0,3.0,,5.0,1.0,2.0,1.0,1.0,1.0,1.0,1.0,1.0,2.0,2.0,,,,,,,1.0,1.0,1.0,2.0,1.0,1.0,1.0,2.0,2.0,1.0,2.0,1.0,1.0,1.0,2.0,1.0,2.0,1.0,1.0,1.0,2.0,1.0,1.0,2.0,1.0,2.0,2.0,2.0,2.0,2.0,1.0,2.0,1.0,2.0,2.0,2.0,2.0,1.0,2.0,1.0,5.0,,,5.0,,,15.0,,,4.0,
pid_491,,2.0,,1.0,2.0,40.0,,,,,1.0,115.0,,81.0,,3.0,4.0,4.0,4.0,4.0,4.0,3.0,4.0,4.0,4.0,4.0,1.0,,,3.0,5.0,3.0,,,,5.0,,1.0,7.0,1.0,7.0,6.0,5.0,6.0,6.0,6.0,21.0,16.0,9.0,4.0,20.0,20.0,38.0,17.0,20.0,21.0,4.0,,6.0,,,,,,,,,,,1.0,1.0,1.0,1.0,2.0,2.0,1.0,1.0,1.0,2.0,2.0,2.0,1.0,2.0,2.0,1.0,1.0,1.0,2.0,2.0,1.0,1.0,1.0,1.0,2.0,1.0,1.0,2.0,1.0,1.0,1.0,2.0,1.0,1.0,1.0,1.0,1.0,1.0,1.0,2.0,1.0,2.0,1.0,2.0,1.0,1.0,4.0,,,2.0,,,15.0,,,4.0,
pid_492,2.0,,1.0,,2.0,15.0,,,,,1.0,150.0,,50.0,,5.0,2.0,4.0,5.0,5.0,2.0,2.0,4.0,3.0,1.0,4.0,3.0,,,3.0,3.0,2.0,,,,,4.0,1.0,3.0,1.0,7.0,5.0,3.0,4.0,4.0,5.0,30.0,80.0,80.0,100.0,40.0,50.0,75.0,30.0,15.0,80.0,2.0,,6.0,,,,,,,,,,,1.0,1.0,1.0,1.0,2.0,2.0,2.0,1.0,2.0,2.0,2.0,2.0,1.0,2.0,1.0,2.0,1.0,1.0,2.0,1.0,2.0,2.0,2.0,1.0,1.0,2.0,1.0,2.0,1.0,1.0,2.0,2.0,2.0,1.0,2.0,1.0,1.0,1.0,2.0,1.0,2.0,2.0,1.0,2.0,2.0,2.0,3.0,,,4.0,,,,10.0,,,1.0
pid_493,,2.0,,2.0,2.0,54.0,,,,,1.0,350.0,,82.0,3.0,,5.0,5.0,2.0,1.0,4.0,5.0,5.0,4.0,5.0,5.0,,5.0,,,,,5.0,5.0,5.0,,4.0,1.0,7.0,2.0,3.0,3.0,3.0,6.0,5.0,5.0,76.0,94.0,61.0,19.0,58.0,44.0,86.0,64.0,47.0,79.0,3.0,5.0,,,,,,,,,,,,1.0,1.0,1.0,1.0,1.0,1.0,2.0,2.0,1.0,2.0,2.0,2.0,1.0,2.0,1.0,1.0,1.0,2.0,1.0,1.0,1.0,2.0,2.0,2.0,1.0,1.0,1.0,1.0,2.0,2.0,1.0,2.0,2.0,1.0,1.0,1.0,2.0,1.0,2.0,1.0,2.0,1.0,2.0,2.0,2.0,2.0,,4.0,,,5.0,,20.0,,2.0,,
pid_494,,2.0,1.0,,,,1.0,42.0,2.0,500.0,,,3.0,,,4.0,4.0,5.0,3.0,3.0,3.0,3.0,5.0,4.0,4.0,3.0,,4.0,,3.0,3.0,3.0,,,,,6.0,1.0,6.0,1.0,3.0,3.0,3.0,5.0,5.0,6.0,70.0,65.0,50.0,50.0,25.0,35.0,50.0,40.0,40.0,20.0,1.0,,7.0,1.0,1.0,1.0,2.0,1.0,1.0,2.0,1.0,2.0,1.0,,,,,,,2.0,2.0,2.0,1.0,2.0,1.0,2.0,2.0,2.0,1.0,2.0,1.0,1.0,2.0,1.0,2.0,1.0,2.0,2.0,2.0,1.0,2.0,2.0,2.0,2.0,2.0,1.0,1.0,2.0,2.0,2.0,1.0,1.0,1.0,2.0,1.0,2.0,2.0,2.0,2.0,,5.0,,,6.0,,,10.0,2.0,,
pid_495,,1.0,,1.0,1.0,50.0,,,,,2.0,28.0,,30.0,2.0,,4.0,5.0,2.0,5.0,4.0,4.0,4.0,4.0,4.0,4.0,,,4.0,,,,4.0,3.0,2.0,5.0,,1.0,5.0,1.0,1.0,1.0,2.0,5.0,7.0,7.0,45.0,70.0,75.0,90.0,35.0,50.0,65.0,70.0,65.0,85.0,3.0,,6.0,,,,,,,,,,,1.0,1.0,1.0,1.0,2.0,2.0,1.0,2.0,2.0,2.0,1.0,2.0,2.0,2.0,2.0,2.0,2.0,2.0,1.0,2.0,1.0,2.0,1.0,2.0,2.0,2.0,1.0,2.0,2.0,2.0,2.0,1.0,1.0,2.0,2.0,1.0,2.0,1.0,1.0,1.0,2.0,2.0,2.0,2.0,2.0,2.0,,,5.0,,,6.0,10.0,,,,10.0
pid_496,,1.0,1.0,,,,2.0,54.0,,,1.0,88.0,80.0,,,4.0,5.0,5.0,4.0,3.0,4.0,2.0,4.0,5.0,5.0,4.0,5.0,,,6.0,5.0,4.0,,,,1.0,,2.0,5.0,7.0,5.0,6.0,7.0,6.0,7.0,2.0,63.0,53.0,67.0,54.0,51.0,65.0,77.0,60.0,46.0,93.0,1.0,,5.0,,,,,,,,,,,1.0,1.0,2.0,1.0,2.0,1.0,1.0,1.0,1.0,1.0,1.0,1.0,1.0,1.0,1.0,1.0,1.0,1.0,1.0,1.0,1.0,1.0,1.0,1.0,1.0,1.0,1.0,1.0,1.0,1.0,1.0,1.0,1.0,1.0,1.0,1.0,1.0,1.0,1.0,1.0,1.0,1.0,1.0,1.0,1.0,1.0,5.0,,,6.0,,,5.0,,,2.0,
pid_497,1.0,,,1.0,,,1.0,45.0,2.0,1000.0,,,86.0,,,4.0,2.0,4.0,4.0,3.0,3.0,4.0,5.0,4.0,2.0,4.0,,4.0,,,,,4.0,5.0,3.0,,2.0,2.0,7.0,5.0,6.0,7.0,2.0,3.0,2.0,5.0,40.0,81.0,24.0,79.0,73.0,93.0,90.0,83.0,48.0,74.0,2.0,,6.0,,,,,,,,,,,1.0,1.0,1.0,1.0,1.0,1.0,1.0,1.0,2.0,1.0,2.0,2.0,1.0,2.0,2.0,1.0,1.0,2.0,1.0,1.0,2.0,1.0,1.0,1.0,2.0,1.0,1.0,1.0,1.0,1.0,1.0,1.0,1.0,1.0,1.0,1.0,1.0,1.0,1.0,2.0,1.0,2.0,1.0,1.0,1.0,1.0,,5.0,,,2.0,,,16.0,4.0,,
pid_498,1.0,,1.0,,,,1.0,14.0,2.0,400.0,,,30.0,,5.0,,1.0,4.0,3.0,4.0,3.0,2.0,4.0,4.0,3.0,4.0,,4.0,,3.0,2.0,2.0,,,,,4.0,2.0,6.0,1.0,4.0,5.0,5.0,5.0,5.0,6.0,15.0,30.0,50.0,52.0,45.0,10.0,60.0,30.0,48.0,20.0,3.0,,6.0,1.0,1.0,1.0,2.0,1.0,1.0,1.0,2.0,1.0,2.0,,,,,,,1.0,1.0,1.0,1.0,1.0,1.0,2.0,1.0,1.0,2.0,2.0,1.0,2.0,1.0,1.0,1.0,1.0,1.0,1.0,1.0,1.0,1.0,1.0,2.0,1.0,1.0,2.0,1.0,2.0,1.0,1.0,1.0,2.0,2.0,1.0,2.0,2.0,1.0,1.0,2.0,,5.0,,,6.0,,,20.0,,3.0,
pid_499,1.0,,1.0,,,,1.0,25.0,,,1.0,300.0,,70.0,,3.0,4.0,5.0,1.0,1.0,4.0,5.0,5.0,3.0,5.0,5.0,2.0,,,4.0,4.0,2.0,,,,,6.0,2.0,7.0,6.0,6.0,7.0,5.0,5.0,5.0,5.0,30.0,50.0,40.0,25.0,20.0,30.0,25.0,50.0,45.0,40.0,3.0,6.0,,,,,,,,,,,,1.0,1.0,2.0,1.0,1.0,2.0,2.0,2.0,2.0,2.0,1.0,2.0,2.0,2.0,1.0,2.0,2.0,2.0,2.0,2.0,1.0,2.0,1.0,2.0,1.0,2.0,2.0,1.0,2.0,2.0,2.0,2.0,2.0,2.0,2.0,1.0,2.0,1.0,2.0,2.0,2.0,1.0,2.0,2.0,2.0,2.0,4.0,,,3.0,,,,17.0,,,3.0
pid_500,,1.0,,1.0,2.0,50.0,,,,,1.0,300.0,,86.0,2.0,,5.0,5.0,1.0,3.0,5.0,5.0,5.0,5.0,5.0,5.0,,1.0,,3.0,3.0,2.0,,,,6.0,,2.0,7.0,4.0,1.0,1.0,5.0,5.0,7.0,7.0,41.0,64.0,30.0,38.0,40.0,40.0,69.0,78.0,40.0,45.0,2.0,5.0,,,,,,,,,,,,1.0,1.0,1.0,1.0,2.0,2.0,2.0,2.0,2.0,2.0,2.0,2.0,2.0,2.0,1.0,1.0,2.0,2.0,2.0,2.0,2.0,2.0,2.0,2.0,2.0,2.0,2.0,2.0,2.0,2.0,2.0,2.0,2.0,2.0,2.0,2.0,2.0,2.0,2.0,1.0,2.0,2.0,2.0,2.0,2.0,2.0,,4.0,,,5.0,,17.0,,,,3.0
pid_502,1.0,,1.0,,,,1.0,20.0,,,1.0,150.0,,90.0,,4.0,4.0,5.0,2.0,5.0,5.0,4.0,5.0,5.0,5.0,3.0,,,1.0,,,,2.0,2.0,1.0,,6.0,2.0,7.0,1.0,1.0,5.0,1.0,5.0,5.0,6.0,81.0,81.0,91.0,75.0,29.0,89.0,94.0,92.0,10.0,94.0,2.0,6.0,,1.0,2.0,1.0,2.0,1.0,1.0,1.0,2.0,1.0,1.0,,,,,,,2.0,1.0,1.0,2.0,2.0,2.0,2.0,1.0,1.0,1.0,1.0,1.0,1.0,1.0,1.0,2.0,2.0,2.0,1.0,1.0,2.0,2.0,2.0,1.0,1.0,1.0,2.0,2.0,2.0,2.0,1.0,2.0,1.0,2.0,1.0,2.0,2.0,2.0,2.0,2.0,,,5.0,,,1.0,0.0,,,3.0,
pid_503,,2.0,,1.0,,,1.0,40.0,,,1.0,250.0,9.0,,,6.0,5.0,5.0,3.0,1.0,1.0,4.0,5.0,5.0,5.0,5.0,,1.0,,,,,3.0,5.0,4.0,4.0,,2.0,6.0,7.0,1.0,1.0,2.0,2.0,7.0,7.0,90.0,100.0,85.0,25.0,0.0,85.0,50.0,50.0,85.0,100.0,4.0,3.0,,,,,,,,,,,,1.0,1.0,2.0,1.0,2.0,2.0,1.0,1.0,2.0,2.0,1.0,2.0,1.0,2.0,2.0,2.0,1.0,1.0,2.0,2.0,1.0,1.0,2.0,1.0,2.0,1.0,1.0,2.0,1.0,2.0,1.0,2.0,1.0,1.0,2.0,1.0,1.0,2.0,1.0,2.0,1.0,2.0,1.0,1.0,1.0,2.0,,5.0,,,6.0,,15.0,,1.0,,
pid_504,2.0,,1.0,,2.0,47.0,,,,,1.0,278.0,50.0,,,4.0,2.0,1.0,5.0,4.0,4.0,3.0,2.0,4.0,1.0,5.0,,,1.0,2.0,5.0,1.0,,,,,3.0,1.0,7.0,1.0,2.0,2.0,6.0,7.0,7.0,7.0,75.0,60.0,49.0,49.0,20.0,65.0,17.0,89.0,67.0,61.0,1.0,2.0,,1.0,1.0,1.0,2.0,1.0,1.0,2.0,1.0,2.0,1.0,,,,,,,2.0,2.0,1.0,1.0,2.0,2.0,2.0,2.0,1.0,2.0,2.0,2.0,2.0,2.0,2.0,2.0,2.0,1.0,2.0,1.0,2.0,2.0,2.0,1.0,2.0,2.0,2.0,2.0,2.0,2.0,2.0,1.0,2.0,2.0,2.0,2.0,2.0,2.0,2.0,2.0,,,5.0,,,2.0,,13.0,,,1.0
pid_506,,2.0,1.0,,2.0,12.0,,,2.0,360.0,,,,100.0,1.0,,1.0,1.0,5.0,4.0,3.0,3.0,1.0,3.0,1.0,2.0,,2.0,,6.0,3.0,2.0,,,,,1.0,2.0,7.0,5.0,3.0,3.0,2.0,3.0,5.0,5.0,20.0,11.0,83.0,50.0,40.0,30.0,20.0,30.0,20.0,21.0,3.0,,7.0,,,,,,,,,,,1.0,1.0,1.0,1.0,2.0,2.0,1.0,2.0,2.0,2.0,1.0,2.0,2.0,1.0,1.0,1.0,2.0,2.0,2.0,2.0,1.0,1.0,2.0,2.0,1.0,1.0,2.0,1.0,1.0,2.0,2.0,2.0,1.0,1.0,1.0,1.0,1.0,2.0,2.0,2.0,1.0,2.0,1.0,1.0,1.0,2.0,,1.0,,,1.0,,,15.0,1.0,,
pid_507,,1.0,2.0,,,,1.0,54.0,1.0,0.0,,,,50.0,,4.0,1.0,3.0,3.0,3.0,4.0,5.0,5.0,5.0,3.0,3.0,,,5.0,,,,3.0,3.0,3.0,,4.0,2.0,5.0,6.0,1.0,1.0,1.0,2.0,1.0,1.0,0.0,0.0,100.0,100.0,80.0,80.0,95.0,90.0,50.0,50.0,2.0,1.0,,,,,,,,,,,,1.0,1.0,1.0,1.0,2.0,2.0,2.0,1.0,1.0,1.0,1.0,1.0,1.0,2.0,2.0,1.0,1.0,1.0,1.0,1.0,2.0,2.0,1.0,2.0,2.0,1.0,2.0,1.0,1.0,1.0,2.0,2.0,1.0,1.0,2.0,2.0,2.0,1.0,2.0,2.0,2.0,1.0,1.0,1.0,1.0,1.0,,,5.0,,,6.0,5.0,,,2.0,
pid_508,,2.0,1.0,,,,1.0,20.0,,,2.0,60.0,,91.0,3.0,,4.0,5.0,4.0,5.0,4.0,3.0,5.0,5.0,5.0,5.0,,,2.0,5.0,4.0,2.0,,,,5.0,,1.0,6.0,2.0,4.0,5.0,4.0,6.0,6.0,4.0,25.0,54.0,82.0,91.0,20.0,11.0,77.0,83.0,42.0,76.0,3.0,,6.0,,,,,,,,,,,1.0,1.0,2.0,1.0,1.0,2.0,1.0,2.0,2.0,2.0,1.0,2.0,2.0,2.0,1.0,1.0,1.0,1.0,2.0,2.0,1.0,1.0,1.0,2.0,2.0,2.0,2.0,2.0,1.0,1.0,1.0,1.0,1.0,1.0,1.0,2.0,1.0,1.0,2.0,1.0,1.0,2.0,1.0,1.0,2.0,1.0,,,4.0,,,5.0,,15.0,,,7.0
pid_509,1.0,,1.0,,,,1.0,12.0,2.0,379.9,,,,68.0,,5.0,4.0,4.0,3.0,4.0,5.0,4.0,3.0,4.0,4.0,3.0,4.0,,,5.0,4.0,5.0,,,,,5.0,2.0,6.0,5.0,6.0,6.0,6.0,5.0,6.0,7.0,75.0,68.0,46.0,79.0,58.0,39.0,57.0,73.0,69.0,57.0,4.0,4.0,,1.0,2.0,1.0,1.0,1.0,1.0,2.0,2.0,2.0,2.0,,,,,,,1.0,1.0,1.0,1.0,1.0,2.0,1.0,1.0,2.0,2.0,1.0,1.0,2.0,1.0,1.0,2.0,1.0,1.0,1.0,1.0,2.0,1.0,2.0,1.0,2.0,1.0,1.0,1.0,1.0,2.0,1.0,1.0,2.0,1.0,1.0,2.0,1.0,2.0,1.0,1.0,5.0,,,5.0,,,15.0,,,,5.0
pid_510,,2.0,,2.0,,,1.0,51.0,,,1.0,90.0,38.0,,,5.0,2.0,2.0,5.0,5.0,5.0,5.0,5.0,5.0,5.0,5.0,,2.0,,,,,6.0,3.0,5.0,,2.0,2.0,7.0,2.0,5.0,6.0,1.0,6.0,6.0,7.0,13.0,23.0,71.0,83.0,68.0,35.0,81.0,77.0,30.0,80.0,4.0,,5.0,1.0,2.0,1.0,1.0,1.0,1.0,2.0,2.0,2.0,2.0,,,,,,,2.0,2.0,1.0,1.0,2.0,2.0,2.0,1.0,1.0,2.0,1.0,1.0,1.0,2.0,1.0,1.0,1.0,2.0,2.0,2.0,2.0,2.0,1.0,2.0,1.0,1.0,2.0,2.0,2.0,1.0,1.0,2.0,2.0,1.0,1.0,1.0,1.0,2.0,2.0,1.0,,5.0,,,6.0,,10.0,,,,10.0
pid_511,,1.0,1.0,,,,1.0,35.0,2.0,350.0,,,,70.0,,6.0,5.0,4.0,5.0,4.0,4.0,3.0,4.0,5.0,1.0,5.0,,5.0,,4.0,2.0,1.0,,,,3.0,,2.0,6.0,5.0,5.0,5.0,1.0,6.0,6.0,6.0,50.0,15.0,58.0,53.0,36.0,36.0,43.0,60.0,17.0,58.0,1.0,1.0,,,,,,,,,,,,1.0,1.0,2.0,1.0,1.0,2.0,1.0,2.0,1.0,2.0,1.0,2.0,2.0,1.0,2.0,2.0,1.0,2.0,1.0,2.0,1.0,2.0,1.0,1.0,2.0,1.0,2.0,1.0,1.0,2.0,2.0,2.0,1.0,2.0,1.0,2.0,1.0,2.0,1.0,1.0,2.0,1.0,2.0,1.0,1.0,1.0,,5.0,,,6.0,,,17.0,3.0,,
pid_512,1.0,,,2.0,,,1.0,50.0,,,1.0,380.0,70.0,,,4.0,4.0,4.0,5.0,5.0,5.0,4.0,4.0,4.0,5.0,4.0,,,3.0,,,,5.0,4.0,6.0,,5.0,2.0,2.0,5.0,3.0,6.0,5.0,4.0,7.0,3.0,92.0,65.0,96.0,100.0,83.0,93.0,100.0,84.0,46.0,100.0,2.0,,6.0,,,,,,,,,,,1.0,1.0,2.0,1.0,2.0,1.0,1.0,1.0,1.0,1.0,2.0,2.0,1.0,1.0,2.0,1.0,1.0,1.0,1.0,2.0,1.0,2.0,1.0,1.0,2.0,1.0,1.0,1.0,2.0,2.0,2.0,1.0,2.0,2.0,1.0,2.0,2.0,2.0,2.0,1.0,2.0,1.0,2.0,1.0,1.0,1.0,,,5.0,,,6.0,15.0,,3.0,,
pid_513,1.0,,,1.0,,,1.0,33.0,,,1.0,1000.0,85.0,,,5.0,3.0,4.0,2.0,4.0,5.0,5.0,4.0,4.0,4.0,4.0,,,3.0,,,,5.0,5.0,4.0,,1.0,1.0,7.0,5.0,7.0,6.0,5.0,6.0,5.0,5.0,84.0,59.0,88.0,80.0,63.0,91.0,100.0,82.0,66.0,77.0,4.0,6.0,,,,,,,,,,,,1.0,2.0,1.0,2.0,2.0,1.0,1.0,1.0,1.0,1.0,1.0,2.0,2.0,2.0,2.0,1.0,1.0,1.0,1.0,1.0,2.0,1.0,1.0,1.0,1.0,1.0,2.0,1.0,1.0,1.0,1.0,1.0,1.0,1.0,2.0,1.0,1.0,1.0,1.0,1.0,1.0,1.0,1.0,1.0,1.0,1.0,,,4.0,,,2.0,15.0,,,,3.0
pid_514,,2.0,,1.0,,,1.0,50.0,2.0,350.0,,,75.0,,,1.0,4.0,5.0,5.0,5.0,2.0,4.0,4.0,5.0,1.0,4.0,,1.0,,,,,3.0,2.0,4.0,,3.0,1.0,3.0,2.0,3.0,2.0,1.0,3.0,5.0,6.0,60.0,100.0,100.0,75.0,30.0,85.0,80.0,80.0,0.0,40.0,4.0,7.0,,1.0,2.0,1.0,1.0,2.0,1.0,1.0,1.0,2.0,1.0,,,,,,,2.0,1.0,1.0,1.0,1.0,2.0,1.0,1.0,1.0,1.0,2.0,1.0,1.0,1.0,1.0,2.0,1.0,1.0,2.0,1.0,1.0,1.0,1.0,2.0,2.0,1.0,1.0,2.0,1.0,2.0,2.0,2.0,2.0,1.0,1.0,1.0,2.0,1.0,1.0,2.0,,5.0,,,5.0,,,0.0,,,2.0
pid_515,,1.0,2.0,,2.0,30.0,,,,,1.0,120.0,75.0,,,4.0,5.0,2.0,2.0,2.0,5.0,5.0,5.0,5.0,5.0,3.0,,,5.0,3.0,3.0,2.0,,,,4.0,,1.0,6.0,5.0,5.0,5.0,2.0,5.0,5.0,5.0,40.0,53.0,53.0,48.0,35.0,51.0,51.0,51.0,51.0,49.0,3.0,6.0,,1.0,1.0,1.0,1.0,1.0,1.0,1.0,1.0,1.0,1.0,,,,,,,1.0,2.0,2.0,1.0,2.0,1.0,2.0,1.0,2.0,1.0,2.0,2.0,2.0,2.0,2.0,2.0,2.0,2.0,1.0,2.0,2.0,1.0,2.0,2.0,2.0,1.0,1.0,2.0,1.0,1.0,2.0,2.0,2.0,2.0,2.0,2.0,2.0,2.0,2.0,2.0,,,5.0,,,6.0,15.0,,,,3.0
pid_516,,2.0,,1.0,,,1.0,50.0,2.0,350.0,,,33.0,,2.0,,4.0,4.0,2.0,4.0,4.0,2.0,4.0,4.0,4.0,5.0,,,4.0,3.0,3.0,1.0,,,,,4.0,2.0,6.0,2.0,6.0,5.0,5.0,6.0,5.0,5.0,60.0,64.0,42.0,63.0,34.0,18.0,30.0,51.0,56.0,84.0,3.0,,6.0,,,,,,,,,,,2.0,2.0,1.0,2.0,1.0,2.0,1.0,2.0,2.0,2.0,2.0,1.0,2.0,2.0,1.0,1.0,1.0,1.0,2.0,2.0,1.0,1.0,1.0,1.0,1.0,2.0,1.0,1.0,2.0,2.0,1.0,1.0,1.0,2.0,1.0,2.0,1.0,2.0,2.0,2.0,2.0,1.0,1.0,1.0,1.0,2.0,,,4.0,,,4.0,12.0,,,10.0,
pid_517,2.0,,,1.0,,,2.0,7.0,2.0,500.0,,,,38.0,3.0,,5.0,5.0,4.0,5.0,5.0,5.0,3.0,5.0,2.0,5.0,,,2.0,2.0,3.0,4.0,,,,2.0,,2.0,6.0,1.0,1.0,3.0,2.0,6.0,7.0,5.0,56.0,68.0,45.0,58.0,90.0,84.0,58.0,93.0,42.0,80.0,4.0,,7.0,,,,,,,,,,,1.0,1.0,1.0,1.0,2.0,2.0,1.0,2.0,1.0,1.0,1.0,1.0,2.0,1.0,1.0,1.0,1.0,1.0,2.0,2.0,1.0,1.0,1.0,1.0,2.0,2.0,2.0,2.0,2.0,1.0,1.0,1.0,1.0,1.0,2.0,1.0,2.0,2.0,1.0,2.0,1.0,1.0,1.0,2.0,1.0,2.0,,,5.0,,,2.0,10.0,,,5.0,
pid_518,,1.0,,2.0,,,1.0,20.0,,,1.0,200.0,67.0,,2.0,,1.0,2.0,5.0,5.0,1.0,1.0,1.0,2.0,1.0,4.0,,,1.0,4.0,4.0,2.0,,,,,4.0,1.0,7.0,4.0,7.0,7.0,2.0,5.0,5.0,5.0,33.0,75.0,70.0,74.0,25.0,40.0,25.0,34.0,20.0,85.0,3.0,,6.0,1.0,1.0,1.0,1.0,1.0,1.0,1.0,1.0,1.0,1.0,,,,,,,2.0,1.0,2.0,2.0,1.0,2.0,2.0,1.0,2.0,2.0,2.0,2.0,2.0,2.0,2.0,2.0,1.0,2.0,2.0,1.0,2.0,2.0,2.0,2.0,2.0,2.0,2.0,1.0,2.0,2.0,2.0,1.0,2.0,2.0,2.0,2.0,2.0,2.0,2.0,2.0,,,5.0,,,6.0,,5.0,,10.0,
pid_519,,2.0,,2.0,2.0,45.0,,,,,1.0,350.0,,70.0,,4.0,2.0,2.0,5.0,3.0,2.0,2.0,3.0,4.0,2.0,3.0,,5.0,,2.0,2.0,2.0,,,,5.0,,2.0,5.0,1.0,2.0,1.0,3.0,6.0,5.0,5.0,55.0,72.0,67.0,57.0,45.0,45.0,40.0,60.0,65.0,57.0,2.0,3.0,,1.0,1.0,1.0,1.0,1.0,1.0,1.0,1.0,1.0,1.0,,,,,,,1.0,1.0,1.0,1.0,1.0,1.0,2.0,2.0,1.0,1.0,1.0,2.0,2.0,1.0,2.0,1.0,1.0,1.0,1.0,1.0,2.0,2.0,1.0,1.0,2.0,1.0,1.0,1.0,1.0,2.0,1.0,1.0,2.0,2.0,1.0,1.0,2.0,2.0,1.0,2.0,,5.0,,,3.0,,,5.0,1.0,,
pid_520,,1.0,,2.0,,,1.0,25.0,,,1.0,500.0,,92.0,4.0,,2.0,1.0,5.0,1.0,1.0,1.0,1.0,1.0,1.0,1.0,,,3.0,,,,4.0,4.0,2.0,5.0,,1.0,7.0,2.0,3.0,3.0,6.0,3.0,5.0,5.0,36.0,24.0,81.0,24.0,17.0,20.0,2.0,26.0,27.0,58.0,3.0,6.0,,1.0,2.0,1.0,2.0,1.0,1.0,2.0,1.0,2.0,1.0,,,,,,,2.0,2.0,2.0,2.0,2.0,2.0,2.0,2.0,2.0,2.0,2.0,1.0,2.0,2.0,2.0,2.0,2.0,2.0,2.0,2.0,2.0,2.0,2.0,2.0,2.0,2.0,2.0,2.0,2.0,1.0,2.0,1.0,2.0,2.0,2.0,2.0,1.0,2.0,2.0,2.0,,,5.0,,,6.0,5.0,,,,3.0
pid_521,,2.0,,1.0,,,1.0,18.0,1.0,1500.0,,,,65.0,3.0,,4.0,5.0,3.0,3.0,5.0,5.0,4.0,5.0,5.0,5.0,,2.0,,,,,5.0,5.0,4.0,5.0,,2.0,6.0,2.0,2.0,1.0,1.0,5.0,6.0,7.0,32.0,79.0,44.0,49.0,27.0,14.0,58.0,67.0,26.0,59.0,3.0,6.0,,,,,,,,,,,,1.0,1.0,1.0,1.0,2.0,2.0,2.0,2.0,2.0,2.0,2.0,2.0,1.0,1.0,1.0,1.0,2.0,2.0,1.0,2.0,1.0,2.0,2.0,2.0,2.0,1.0,1.0,2.0,2.0,2.0,2.0,1.0,1.0,2.0,1.0,2.0,1.0,2.0,2.0,2.0,1.0,1.0,2.0,2.0,2.0,2.0,,4.0,,,3.0,,,15.0,2.0,,
pid_522,1.0,,,1.0,1.0,80.0,,,,,1.0,350.0,29.0,,2.0,,5.0,5.0,3.0,3.0,4.0,5.0,5.0,4.0,5.0,4.0,,4.0,,,,,4.0,5.0,2.0,,5.0,1.0,7.0,5.0,5.0,3.0,2.0,3.0,6.0,7.0,15.0,91.0,33.0,18.0,10.0,4.0,46.0,41.0,23.0,38.0,4.0,5.0,,,,,,,,,,,,1.0,1.0,1.0,1.0,1.0,1.0,2.0,2.0,2.0,1.0,2.0,2.0,2.0,2.0,1.0,1.0,2.0,2.0,2.0,2.0,2.0,2.0,2.0,1.0,1.0,1.0,2.0,2.0,2.0,1.0,2.0,2.0,1.0,2.0,2.0,2.0,2.0,1.0,2.0,1.0,2.0,2.0,1.0,1.0,1.0,2.0,,5.0,,,3.0,,20.0,,,,3.0
pid_523,2.0,,,1.0,,,1.0,20.0,,,1.0,100.0,52.0,,,5.0,4.0,4.0,5.0,5.0,5.0,4.0,5.0,4.0,3.0,4.0,,1.0,,,,,2.0,2.0,6.0,5.0,,1.0,6.0,3.0,3.0,2.0,2.0,3.0,5.0,7.0,69.0,93.0,100.0,87.0,81.0,83.0,99.0,71.0,58.0,92.0,4.0,4.0,,,,,,,,,,,,1.0,1.0,1.0,1.0,2.0,2.0,2.0,2.0,1.0,1.0,2.0,2.0,1.0,1.0,2.0,1.0,1.0,1.0,1.0,1.0,1.0,1.0,1.0,1.0,1.0,2.0,1.0,1.0,1.0,1.0,1.0,2.0,2.0,1.0,2.0,2.0,1.0,1.0,2.0,1.0,1.0,1.0,2.0,2.0,1.0,1.0,,4.0,,,1.0,,10.0,,2.0,,
pid_524,,1.0,1.0,,1.0,100.0,,,,,1.0,90.0,50.0,,2.0,,5.0,5.0,3.0,1.0,4.0,5.0,5.0,3.0,4.0,5.0,1.0,,,3.0,3.0,2.0,,,,4.0,,2.0,6.0,1.0,2.0,1.0,2.0,5.0,6.0,6.0,55.0,60.0,50.0,10.0,40.0,50.0,40.0,40.0,30.0,50.0,4.0,3.0,,1.0,1.0,1.0,1.0,2.0,1.0,1.0,1.0,2.0,1.0,,,,,,,2.0,2.0,1.0,1.0,1.0,2.0,1.0,2.0,1.0,1.0,2.0,2.0,2.0,1.0,2.0,1.0,1.0,2.0,1.0,2.0,2.0,1.0,2.0,1.0,2.0,1.0,1.0,1.0,2.0,1.0,2.0,2.0,2.0,2.0,1.0,2.0,2.0,2.0,1.0,1.0,5.0,,,4.0,,,,10.0,,3.0,
pid_525,,1.0,,2.0,,,1.0,20.0,1.0,1100.0,,,30.0,,,4.0,4.0,3.0,3.0,3.0,3.0,4.0,4.0,4.0,3.0,4.0,2.0,,,3.0,3.0,3.0,,,,4.0,,1.0,6.0,3.0,5.0,5.0,2.0,5.0,5.0,5.0,57.0,31.0,63.0,52.0,38.0,54.0,74.0,49.0,41.0,79.0,3.0,,5.0,1.0,1.0,1.0,1.0,1.0,1.0,1.0,1.0,1.0,1.0,,,,,,,1.0,1.0,2.0,2.0,2.0,2.0,2.0,2.0,2.0,1.0,2.0,2.0,1.0,1.0,2.0,2.0,2.0,1.0,1.0,2.0,1.0,2.0,2.0,1.0,2.0,1.0,1.0,2.0,1.0,2.0,1.0,2.0,2.0,1.0,1.0,2.0,2.0,1.0,2.0,1.0,3.0,,,4.0,,,,20.0,1.0,,
pid_526,1.0,,,1.0,,,2.0,9.0,,,1.0,100.0,,10.0,5.0,,3.0,3.0,5.0,4.0,4.0,3.0,2.0,3.0,4.0,4.0,,3.0,,2.0,4.0,2.0,,,,,4.0,2.0,7.0,1.0,2.0,3.0,3.0,7.0,5.0,5.0,30.0,10.0,95.0,85.0,40.0,60.0,60.0,70.0,40.0,60.0,3.0,,6.0,,,,,,,,,,,1.0,1.0,2.0,1.0,1.0,2.0,1.0,1.0,2.0,1.0,1.0,2.0,2.0,1.0,2.0,2.0,1.0,2.0,1.0,2.0,1.0,1.0,2.0,2.0,1.0,1.0,2.0,2.0,2.0,1.0,2.0,2.0,1.0,2.0,1.0,2.0,1.0,1.0,2.0,2.0,1.0,2.0,2.0,2.0,2.0,1.0,,3.0,,,4.0,,,15.0,,10.0,
pid_527,,2.0,,2.0,,,1.0,45.0,2.0,300.0,,,30.0,,6.0,,2.0,4.0,4.0,5.0,3.0,2.0,4.0,4.0,3.0,4.0,,1.0,,,,,3.0,3.0,3.0,,5.0,2.0,6.0,2.0,4.0,5.0,3.0,5.0,5.0,5.0,50.0,90.0,60.0,70.0,30.0,40.0,25.0,60.0,50.0,40.0,2.0,,6.0,1.0,1.0,1.0,1.0,1.0,1.0,1.0,1.0,1.0,1.0,,,,,,,2.0,1.0,1.0,2.0,2.0,2.0,1.0,1.0,2.0,2.0,1.0,1.0,1.0,2.0,2.0,2.0,1.0,2.0,1.0,2.0,1.0,1.0,1.0,1.0,2.0,1.0,1.0,1.0,1.0,1.0,2.0,1.0,1.0,1.0,1.0,1.0,2.0,2.0,1.0,2.0,,4.0,,,5.0,,20.0,,,10.0,
pid_528,,2.0,1.0,,,,1.0,14.0,,,1.0,120.0,56.0,,3.0,,4.0,5.0,1.0,3.0,4.0,3.0,5.0,5.0,5.0,5.0,,1.0,,,,,2.0,4.0,4.0,,4.0,1.0,7.0,3.0,3.0,3.0,1.0,5.0,5.0,5.0,58.0,38.0,47.0,51.0,47.0,32.0,39.0,37.0,33.0,40.0,2.0,5.0,,1.0,2.0,2.0,2.0,1.0,2.0,1.0,1.0,2.0,1.0,,,,,,,1.0,1.0,1.0,2.0,1.0,2.0,1.0,2.0,2.0,1.0,2.0,2.0,1.0,1.0,1.0,1.0,1.0,1.0,1.0,1.0,2.0,1.0,1.0,1.0,2.0,1.0,1.0,1.0,2.0,2.0,2.0,2.0,2.0,2.0,1.0,2.0,2.0,2.0,1.0,2.0,,4.0,,,5.0,,,10.0,2.0,,
pid_529,2.0,,,2.0,1.0,75.0,,,2.0,800.0,,,,69.0,,5.0,5.0,5.0,5.0,5.0,4.0,5.0,5.0,5.0,5.0,5.0,3.0,,,,,,5.0,5.0,5.0,,4.0,1.0,7.0,4.0,7.0,5.0,5.0,7.0,5.0,7.0,52.0,48.0,95.0,79.0,52.0,52.0,32.0,32.0,36.0,70.0,2.0,,5.0,1.0,1.0,1.0,2.0,1.0,1.0,2.0,1.0,1.0,2.0,,,,,,,2.0,2.0,2.0,1.0,1.0,2.0,2.0,1.0,2.0,2.0,1.0,1.0,1.0,2.0,2.0,2.0,1.0,2.0,2.0,1.0,2.0,1.0,2.0,2.0,1.0,2.0,2.0,2.0,2.0,1.0,2.0,2.0,2.0,1.0,2.0,1.0,2.0,1.0,2.0,1.0,5.0,,,5.0,,,14.0,,4.0,,
pid_530,,2.0,,2.0,2.0,25.0,,,,,1.0,200.0,70.0,,,4.0,4.0,4.0,4.0,4.0,3.0,3.0,4.0,4.0,4.0,4.0,,,4.0,3.0,4.0,2.0,,,,,5.0,2.0,6.0,4.0,3.0,3.0,5.0,6.0,6.0,6.0,40.0,70.0,61.0,61.0,30.0,30.0,60.0,60.0,50.0,60.0,1.0,6.0,,,,,,,,,,,,1.0,1.0,2.0,1.0,1.0,2.0,2.0,1.0,2.0,2.0,2.0,1.0,2.0,2.0,2.0,2.0,2.0,2.0,1.0,2.0,2.0,2.0,2.0,2.0,2.0,2.0,2.0,2.0,2.0,2.0,2.0,2.0,1.0,2.0,1.0,1.0,2.0,2.0,2.0,2.0,2.0,2.0,2.0,1.0,2.0,2.0,,,2.0,,,3.0,,20.0,,,2.0
pid_531,,1.0,1.0,,,,1.0,20.0,2.0,500.0,,,,70.0,,6.0,4.0,5.0,3.0,3.0,4.0,4.0,4.0,5.0,5.0,5.0,1.0,,,,,,2.0,3.0,3.0,,3.0,2.0,7.0,1.0,5.0,3.0,3.0,5.0,5.0,6.0,81.0,85.0,85.0,90.0,58.0,83.0,86.0,92.0,64.0,97.0,3.0,,5.0,,,,,,,,,,,1.0,1.0,1.0,1.0,2.0,2.0,1.0,2.0,1.0,1.0,2.0,1.0,1.0,1.0,1.0,2.0,1.0,1.0,1.0,1.0,1.0,1.0,2.0,1.0,1.0,1.0,1.0,1.0,1.0,1.0,1.0,1.0,2.0,1.0,2.0,1.0,2.0,1.0,1.0,1.0,1.0,1.0,2.0,2.0,2.0,2.0,3.0,,,4.0,,,20.0,,,,4.0
pid_532,,1.0,,1.0,2.0,20.0,,,,,1.0,100.0,,80.0,,1.0,4.0,5.0,2.0,5.0,4.0,4.0,5.0,5.0,3.0,5.0,,,5.0,,,,2.0,5.0,5.0,6.0,,1.0,6.0,2.0,5.0,5.0,2.0,5.0,6.0,5.0,81.0,90.0,10.0,90.0,72.0,76.0,82.0,89.0,20.0,77.0,3.0,,6.0,1.0,1.0,1.0,1.0,1.0,1.0,1.0,1.0,1.0,1.0,,,,,,,2.0,2.0,2.0,2.0,2.0,2.0,2.0,2.0,2.0,2.0,2.0,2.0,2.0,2.0,2.0,1.0,2.0,2.0,2.0,2.0,2.0,2.0,2.0,2.0,2.0,2.0,2.0,1.0,2.0,2.0,1.0,2.0,1.0,2.0,2.0,2.0,2.0,2.0,2.0,1.0,,,5.0,,,4.0,20.0,,1.0,,
pid_533,,2.0,,2.0,2.0,50.0,,,,,1.0,400.0,,80.0,2.0,,4.0,5.0,2.0,1.0,5.0,4.0,5.0,5.0,5.0,5.0,,5.0,,,,,3.0,4.0,2.0,6.0,,2.0,7.0,2.0,6.0,3.0,5.0,4.0,5.0,6.0,47.0,67.0,35.0,29.0,41.0,43.0,75.0,73.0,48.0,72.0,3.0,,6.0,1.0,1.0,1.0,1.0,1.0,1.0,1.0,1.0,1.0,1.0,,,,,,,2.0,2.0,2.0,1.0,2.0,1.0,1.0,1.0,1.0,2.0,2.0,1.0,1.0,1.0,2.0,1.0,2.0,1.0,2.0,1.0,2.0,2.0,2.0,2.0,2.0,2.0,2.0,2.0,1.0,1.0,2.0,2.0,2.0,2.0,2.0,1.0,2.0,2.0,2.0,2.0,,2.0,,,2.0,,,15.0,2.0,,
pid_534,1.0,,,1.0,,,1.0,13.0,,,1.0,125.0,,80.0,,4.0,4.0,2.0,4.0,3.0,4.0,2.0,4.0,4.0,4.0,4.0,,,1.0,5.0,4.0,3.0,,,,5.0,,1.0,6.0,4.0,5.0,5.0,2.0,6.0,6.0,6.0,30.0,50.0,65.0,35.0,25.0,35.0,50.0,50.0,60.0,80.0,3.0,,6.0,1.0,1.0,1.0,1.0,1.0,1.0,1.0,1.0,1.0,1.0,,,,,,,2.0,1.0,1.0,2.0,2.0,2.0,2.0,2.0,2.0,1.0,2.0,1.0,2.0,2.0,1.0,2.0,1.0,2.0,1.0,1.0,2.0,2.0,1.0,1.0,1.0,2.0,2.0,2.0,2.0,1.0,2.0,2.0,2.0,2.0,2.0,2.0,1.0,1.0,2.0,2.0,,,2.0,,,3.0,,20.0,1.0,,
pid_536,2.0,,2.0,,,,1.0,30.0,,,1.0,200.0,,70.0,2.0,,1.0,4.0,5.0,4.0,1.0,1.0,1.0,2.0,1.0,3.0,2.0,,,3.0,4.0,3.0,,,,2.0,,1.0,7.0,1.0,7.0,3.0,2.0,5.0,3.0,3.0,20.0,90.0,75.0,65.0,30.0,10.0,15.0,40.0,25.0,60.0,1.0,,6.0,1.0,1.0,1.0,1.0,1.0,1.0,1.0,1.0,1.0,1.0,,,,,,,2.0,2.0,1.0,1.0,1.0,1.0,1.0,1.0,2.0,2.0,1.0,2.0,2.0,2.0,1.0,1.0,2.0,1.0,1.0,1.0,1.0,1.0,1.0,2.0,2.0,2.0,1.0,2.0,2.0,2.0,1.0,2.0,2.0,1.0,2.0,1.0,1.0,2.0,1.0,1.0,1.0,,,2.0,,,20.0,,,,1.0
pid_537,2.0,,,1.0,2.0,20.0,,,,,1.0,120.0,,70.0,,1.0,5.0,5.0,1.0,2.0,5.0,5.0,5.0,3.0,5.0,5.0,4.0,,,,,,1.0,1.0,1.0,,6.0,1.0,7.0,5.0,1.0,1.0,3.0,7.0,7.0,7.0,56.0,59.0,57.0,64.0,36.0,51.0,39.0,44.0,46.0,58.0,1.0,6.0,,1.0,1.0,1.0,1.0,2.0,1.0,1.0,2.0,1.0,1.0,,,,,,,2.0,2.0,2.0,2.0,2.0,1.0,1.0,2.0,1.0,2.0,2.0,2.0,2.0,1.0,1.0,1.0,2.0,1.0,2.0,2.0,1.0,1.0,2.0,2.0,1.0,1.0,2.0,2.0,1.0,2.0,1.0,2.0,2.0,2.0,2.0,1.0,1.0,2.0,2.0,1.0,5.0,,,6.0,,,,20.0,1.0,,
pid_538,,2.0,1.0,,1.0,66.0,,,,,1.0,167.0,,82.0,,1.0,1.0,1.0,5.0,5.0,2.0,2.0,2.0,2.0,1.0,5.0,2.0,,,,,,3.0,2.0,1.0,,6.0,2.0,7.0,1.0,2.0,1.0,1.0,6.0,7.0,7.0,66.0,20.0,100.0,59.0,63.0,69.0,69.0,80.0,25.0,92.0,1.0,,7.0,1.0,2.0,1.0,1.0,1.0,1.0,2.0,2.0,2.0,2.0,,,,,,,2.0,1.0,1.0,2.0,2.0,2.0,2.0,1.0,1.0,1.0,1.0,2.0,2.0,2.0,2.0,2.0,1.0,2.0,1.0,1.0,2.0,1.0,2.0,1.0,1.0,2.0,1.0,2.0,2.0,1.0,1.0,1.0,1.0,2.0,2.0,2.0,1.0,2.0,2.0,2.0,4.0,,,6.0,,,,15.0,1.0,,
pid_539,1.0,,1.0,,1.0,12.0,,,1.0,300.0,,,,0.0,4.0,,3.0,5.0,5.0,5.0,3.0,3.0,2.0,5.0,3.0,5.0,,3.0,,,,,3.0,5.0,5.0,4.0,,2.0,6.0,4.0,4.0,6.0,4.0,5.0,5.0,5.0,63.0,51.0,74.0,72.0,69.0,42.0,80.0,83.0,46.0,77.0,2.0,4.0,,,,,,,,,,,,2.0,2.0,1.0,2.0,1.0,1.0,2.0,2.0,1.0,1.0,1.0,2.0,2.0,1.0,1.0,2.0,1.0,1.0,1.0,2.0,2.0,1.0,1.0,1.0,1.0,1.0,2.0,2.0,1.0,1.0,2.0,2.0,1.0,2.0,1.0,1.0,1.0,2.0,1.0,2.0,2.0,1.0,2.0,1.0,1.0,2.0,,5.0,,,2.0,,15.0,,,10.0,
pid_541,,2.0,2.0,,2.0,45.0,,,2.0,400.0,,,80.0,,4.0,,4.0,5.0,3.0,3.0,4.0,4.0,5.0,4.0,4.0,4.0,2.0,,,,,,5.0,5.0,5.0,,5.0,1.0,7.0,3.0,7.0,6.0,6.0,6.0,6.0,5.0,24.0,100.0,58.0,76.0,30.0,28.0,79.0,58.0,24.0,73.0,3.0,3.0,,1.0,2.0,1.0,1.0,1.0,1.0,1.0,1.0,2.0,2.0,,,,,,,2.0,2.0,1.0,2.0,1.0,2.0,2.0,1.0,2.0,2.0,1.0,1.0,2.0,2.0,2.0,2.0,1.0,2.0,2.0,2.0,2.0,1.0,2.0,1.0,1.0,2.0,2.0,2.0,2.0,2.0,2.0,2.0,1.0,2.0,2.0,2.0,2.0,2.0,2.0,2.0,5.0,,,6.0,,,15.0,,2.0,,
pid_542,,2.0,1.0,,,,1.0,18.0,,,2.0,50.0,36.0,,5.0,,4.0,5.0,2.0,4.0,2.0,4.0,5.0,2.0,4.0,5.0,,2.0,,,,,4.0,6.0,6.0,,2.0,1.0,1.0,1.0,1.0,2.0,3.0,6.0,7.0,7.0,12.0,92.0,62.0,50.0,10.0,9.0,26.0,58.0,44.0,70.0,2.0,6.0,,,,,,,,,,,,1.0,1.0,2.0,1.0,2.0,2.0,1.0,2.0,1.0,2.0,2.0,1.0,2.0,2.0,2.0,2.0,2.0,2.0,2.0,2.0,1.0,2.0,2.0,2.0,2.0,1.0,2.0,2.0,2.0,2.0,2.0,2.0,2.0,1.0,2.0,2.0,1.0,2.0,2.0,1.0,2.0,1.0,2.0,2.0,2.0,2.0,,4.0,,,4.0,,,2.0,,9.0,
pid_543,1.0,,2.0,,2.0,40.0,,,2.0,400.0,,,100.0,,5.0,,4.0,5.0,5.0,4.0,3.0,3.0,4.0,5.0,2.0,4.0,,,4.0,3.0,5.0,4.0,,,,4.0,,1.0,5.0,2.0,5.0,4.0,3.0,5.0,5.0,6.0,65.0,85.0,80.0,55.0,40.0,30.0,60.0,40.0,15.0,70.0,3.0,,6.0,1.0,2.0,1.0,1.0,1.0,1.0,1.0,1.0,2.0,2.0,,,,,,,1.0,2.0,1.0,2.0,1.0,2.0,1.0,1.0,2.0,1.0,2.0,2.0,1.0,1.0,1.0,1.0,2.0,1.0,1.0,1.0,1.0,1.0,2.0,1.0,1.0,1.0,2.0,2.0,1.0,1.0,2.0,2.0,1.0,1.0,2.0,2.0,1.0,1.0,1.0,2.0,,,5.0,,,6.0,15.0,,,8.0,
pid_544,,2.0,,2.0,,,1.0,45.0,2.0,200.0,,,77.0,,,2.0,4.0,4.0,2.0,4.0,4.0,4.0,5.0,4.0,4.0,5.0,,,5.0,3.0,4.0,2.0,,,,,5.0,1.0,7.0,1.0,7.0,7.0,5.0,6.0,2.0,3.0,51.0,49.0,51.0,53.0,51.0,55.0,61.0,53.0,48.0,49.0,4.0,6.0,,,,,,,,,,,,2.0,2.0,1.0,1.0,1.0,1.0,2.0,1.0,2.0,1.0,2.0,1.0,2.0,2.0,1.0,1.0,1.0,1.0,1.0,2.0,1.0,2.0,2.0,2.0,1.0,2.0,1.0,1.0,1.0,2.0,1.0,1.0,1.0,2.0,1.0,1.0,2.0,2.0,1.0,2.0,2.0,1.0,1.0,2.0,2.0,1.0,,,4.0,,,6.0,20.0,,,,4.0
pid_546,2.0,,1.0,,2.0,25.0,,,,,1.0,500.0,30.0,,3.0,,3.0,4.0,4.0,2.0,4.0,3.0,3.0,3.0,2.0,2.0,,4.0,,,,,4.0,3.0,3.0,,3.0,1.0,3.0,1.0,1.0,3.0,3.0,6.0,6.0,4.0,28.0,18.0,29.0,55.0,34.0,21.0,63.0,35.0,10.0,50.0,4.0,3.0,,,,,,,,,,,,1.0,2.0,2.0,2.0,1.0,2.0,1.0,1.0,2.0,2.0,1.0,1.0,1.0,2.0,1.0,1.0,2.0,2.0,1.0,1.0,1.0,1.0,1.0,2.0,2.0,1.0,2.0,1.0,1.0,1.0,1.0,1.0,2.0,1.0,2.0,1.0,1.0,2.0,2.0,1.0,1.0,1.0,1.0,2.0,2.0,2.0,,3.0,,,4.0,,,15.0,,,3.0
pid_547,,1.0,,1.0,,,1.0,54.0,,,1.0,85.0,88.0,,,3.0,3.0,2.0,3.0,3.0,3.0,4.0,3.0,3.0,3.0,3.0,,3.0,,,,,6.0,1.0,1.0,,4.0,1.0,4.0,2.0,3.0,4.0,5.0,7.0,7.0,6.0,50.0,21.0,15.0,70.0,40.0,64.0,50.0,65.0,24.0,80.0,3.0,,7.0,,,,,,,,,,,1.0,1.0,1.0,1.0,1.0,1.0,1.0,1.0,2.0,1.0,1.0,2.0,1.0,1.0,1.0,2.0,2.0,1.0,1.0,1.0,2.0,1.0,1.0,2.0,1.0,2.0,1.0,1.0,2.0,2.0,1.0,1.0,1.0,2.0,2.0,1.0,1.0,1.0,1.0,2.0,1.0,1.0,1.0,1.0,1.0,2.0,,3.0,,,4.0,,15.0,,,,4.0
pid_548,,2.0,1.0,,,,1.0,19.0,,,1.0,380.0,30.0,,2.0,,1.0,1.0,5.0,5.0,1.0,1.0,1.0,1.0,2.0,2.0,,,1.0,,,,3.0,5.0,4.0,5.0,,2.0,5.0,4.0,6.0,6.0,5.0,5.0,4.0,5.0,24.0,11.0,64.0,57.0,27.0,24.0,18.0,75.0,62.0,58.0,3.0,,7.0,1.0,1.0,1.0,2.0,2.0,1.0,1.0,1.0,2.0,1.0,,,,,,,1.0,2.0,1.0,2.0,2.0,2.0,1.0,1.0,2.0,2.0,2.0,1.0,2.0,2.0,1.0,2.0,2.0,2.0,1.0,1.0,2.0,1.0,2.0,2.0,2.0,2.0,2.0,1.0,2.0,1.0,2.0,2.0,1.0,2.0,1.0,2.0,2.0,2.0,2.0,1.0,,,4.0,,,4.0,14.0,,,9.0,
pid_549,,1.0,,2.0,2.0,54.0,,,2.0,350.0,,,,70.0,,2.0,4.0,4.0,4.0,3.0,4.0,5.0,5.0,5.0,3.0,5.0,1.0,,,,,,3.0,3.0,3.0,5.0,,1.0,5.0,4.0,4.0,5.0,2.0,5.0,6.0,5.0,70.0,50.0,50.0,50.0,70.0,69.0,80.0,80.0,50.0,89.0,3.0,4.0,,1.0,1.0,1.0,1.0,1.0,1.0,2.0,1.0,1.0,1.0,,,,,,,1.0,1.0,1.0,1.0,1.0,1.0,2.0,2.0,2.0,1.0,2.0,1.0,1.0,2.0,1.0,1.0,2.0,2.0,1.0,2.0,1.0,1.0,2.0,2.0,1.0,2.0,1.0,2.0,1.0,2.0,1.0,1.0,2.0,2.0,1.0,1.0,1.0,1.0,1.0,1.0,5.0,,,6.0,,,15.0,,3.0,,
pid_550,1.0,,,2.0,,,1.0,50.0,,,1.0,350.0,30.0,,,5.0,2.0,4.0,4.0,4.0,4.0,4.0,5.0,4.0,4.0,5.0,4.0,,,,,,2.0,1.0,3.0,4.0,,2.0,6.0,2.0,5.0,2.0,4.0,3.0,5.0,6.0,48.0,87.0,57.0,69.0,53.0,69.0,69.0,68.0,48.0,78.0,2.0,5.0,,1.0,1.0,1.0,1.0,1.0,1.0,1.0,1.0,1.0,1.0,,,,,,,2.0,2.0,1.0,2.0,2.0,2.0,2.0,2.0,2.0,2.0,2.0,2.0,2.0,2.0,2.0,2.0,2.0,1.0,2.0,1.0,1.0,2.0,1.0,2.0,2.0,2.0,2.0,2.0,2.0,2.0,2.0,2.0,2.0,2.0,2.0,2.0,2.0,2.0,2.0,1.0,4.0,,,3.0,,,,0.0,,9.0,
pid_551,1.0,,,2.0,2.0,50.0,,,2.0,400.0,,,,70.0,,5.0,3.0,5.0,4.0,4.0,4.0,4.0,5.0,5.0,4.0,5.0,3.0,,,3.0,2.0,1.0,,,,,4.0,2.0,6.0,3.0,1.0,2.0,4.0,5.0,6.0,6.0,61.0,75.0,55.0,55.0,50.0,55.0,60.0,55.0,50.0,65.0,3.0,6.0,,1.0,2.0,2.0,1.0,1.0,2.0,2.0,1.0,1.0,1.0,,,,,,,2.0,2.0,1.0,2.0,1.0,2.0,1.0,1.0,2.0,1.0,1.0,1.0,2.0,2.0,1.0,1.0,1.0,1.0,1.0,1.0,2.0,1.0,1.0,1.0,2.0,2.0,2.0,1.0,1.0,1.0,1.0,2.0,1.0,1.0,1.0,1.0,2.0,2.0,2.0,1.0,5.0,,,4.0,,,,12.0,,,4.0
pid_552,1.0,,,2.0,2.0,52.0,,,2.0,667.0,,,90.0,,,4.0,5.0,5.0,1.0,4.0,5.0,5.0,5.0,3.0,5.0,5.0,,,5.0,,,,2.0,3.0,2.0,5.0,,2.0,7.0,1.0,6.0,6.0,3.0,7.0,5.0,4.0,55.0,80.0,30.0,50.0,50.0,50.0,45.0,55.0,70.0,60.0,2.0,6.0,,1.0,1.0,1.0,1.0,2.0,1.0,1.0,1.0,2.0,1.0,,,,,,,2.0,1.0,2.0,2.0,2.0,2.0,1.0,1.0,1.0,2.0,2.0,2.0,1.0,1.0,1.0,2.0,1.0,2.0,2.0,2.0,2.0,2.0,2.0,2.0,2.0,2.0,1.0,2.0,1.0,2.0,2.0,2.0,1.0,2.0,2.0,2.0,2.0,1.0,2.0,2.0,,,5.0,,,5.0,,2.0,,7.0,
pid_553,,2.0,1.0,,2.0,12.0,,,1.0,2000.0,,,,91.0,,4.0,3.0,5.0,5.0,5.0,3.0,2.0,2.0,2.0,1.0,5.0,,2.0,,,,,3.0,3.0,4.0,,4.0,2.0,6.0,4.0,6.0,6.0,5.0,5.0,6.0,6.0,70.0,93.0,73.0,53.0,71.0,82.0,47.0,49.0,37.0,99.0,3.0,3.0,,,,,,,,,,,,1.0,1.0,2.0,1.0,1.0,2.0,2.0,2.0,2.0,2.0,2.0,2.0,1.0,2.0,2.0,2.0,2.0,2.0,1.0,1.0,2.0,1.0,2.0,2.0,2.0,2.0,2.0,2.0,1.0,2.0,2.0,2.0,2.0,2.0,2.0,2.0,2.0,1.0,2.0,2.0,2.0,2.0,2.0,1.0,2.0,2.0,,5.0,,,4.0,,20.0,,,10.0,
pid_554,,1.0,1.0,,2.0,15.0,,,1.0,250.0,,,70.0,,,6.0,5.0,5.0,3.0,3.0,3.0,4.0,5.0,4.0,4.0,4.0,3.0,,,,,,3.0,2.0,2.0,1.0,,2.0,5.0,2.0,6.0,3.0,1.0,1.0,3.0,3.0,58.0,100.0,27.0,100.0,100.0,54.0,100.0,49.0,100.0,100.0,4.0,,5.0,,,,,,,,,,,1.0,1.0,2.0,1.0,2.0,1.0,1.0,2.0,1.0,1.0,1.0,2.0,2.0,1.0,1.0,1.0,2.0,1.0,1.0,2.0,1.0,1.0,2.0,1.0,1.0,1.0,1.0,2.0,1.0,1.0,2.0,2.0,1.0,2.0,1.0,1.0,2.0,2.0,1.0,1.0,1.0,2.0,1.0,1.0,1.0,2.0,5.0,,,1.0,,,20.0,,,,2.0
pid_555,1.0,,1.0,,,,1.0,50.0,2.0,350.0,,,,71.0,2.0,,3.0,1.0,3.0,4.0,4.0,3.0,4.0,3.0,2.0,5.0,,5.0,,3.0,3.0,3.0,,,,,6.0,1.0,7.0,1.0,4.0,4.0,1.0,7.0,6.0,6.0,60.0,69.0,81.0,58.0,65.0,90.0,92.0,46.0,45.0,86.0,2.0,2.0,,1.0,1.0,1.0,1.0,1.0,2.0,2.0,2.0,1.0,1.0,,,,,,,2.0,1.0,1.0,2.0,1.0,2.0,2.0,2.0,1.0,2.0,1.0,1.0,2.0,1.0,2.0,1.0,2.0,2.0,2.0,1.0,2.0,2.0,2.0,2.0,2.0,2.0,2.0,2.0,2.0,1.0,1.0,1.0,1.0,1.0,2.0,1.0,2.0,2.0,2.0,2.0,,5.0,,,5.0,,,15.0,,4.0,
pid_556,,2.0,,1.0,,,1.0,50.0,,,1.0,120.0,31.0,,3.0,,3.0,3.0,3.0,3.0,3.0,3.0,3.0,3.0,3.0,3.0,,3.0,,,,,4.0,3.0,3.0,,3.0,1.0,6.0,1.0,4.0,2.0,2.0,6.0,7.0,7.0,50.0,31.0,81.0,35.0,50.0,51.0,42.0,43.0,24.0,28.0,3.0,4.0,,1.0,2.0,2.0,1.0,2.0,1.0,2.0,1.0,2.0,1.0,,,,,,,1.0,1.0,1.0,1.0,2.0,2.0,2.0,2.0,2.0,1.0,2.0,2.0,1.0,2.0,2.0,2.0,2.0,2.0,2.0,2.0,1.0,2.0,1.0,2.0,1.0,2.0,2.0,2.0,2.0,2.0,2.0,2.0,2.0,2.0,2.0,2.0,2.0,2.0,2.0,2.0,,4.0,,,6.0,,,2.0,2.0,,
pid_557,1.0,,,2.0,,,2.0,5.0,,,1.0,100.0,90.0,,2.0,,4.0,5.0,4.0,4.0,3.0,4.0,4.0,4.0,3.0,4.0,,3.0,,2.0,3.0,2.0,,,,,5.0,1.0,6.0,6.0,2.0,5.0,4.0,5.0,6.0,5.0,73.0,75.0,67.0,69.0,36.0,70.0,71.0,72.0,81.0,48.0,3.0,,6.0,,,,,,,,,,,1.0,1.0,2.0,1.0,1.0,2.0,2.0,1.0,2.0,1.0,1.0,1.0,1.0,2.0,2.0,2.0,2.0,1.0,2.0,2.0,1.0,2.0,2.0,1.0,1.0,1.0,1.0,1.0,2.0,1.0,1.0,1.0,1.0,2.0,1.0,1.0,1.0,2.0,1.0,1.0,1.0,2.0,1.0,1.0,2.0,2.0,,5.0,,,5.0,,,10.0,,6.0,
pid_558,,1.0,,1.0,,,1.0,0.0,1.0,30.0,,,57.0,,5.0,,2.0,3.0,2.0,1.0,3.0,4.0,2.0,1.0,2.0,4.0,,,4.0,2.0,4.0,6.0,,,,,6.0,1.0,3.0,4.0,5.0,5.0,1.0,2.0,4.0,5.0,29.0,21.0,62.0,3.0,40.0,12.0,61.0,11.0,36.0,61.0,4.0,,3.0,1.0,1.0,2.0,1.0,1.0,2.0,1.0,1.0,2.0,2.0,,,,,,,1.0,2.0,1.0,2.0,1.0,2.0,1.0,2.0,1.0,2.0,1.0,2.0,2.0,1.0,1.0,2.0,1.0,2.0,1.0,2.0,1.0,2.0,1.0,1.0,2.0,1.0,2.0,1.0,2.0,1.0,2.0,1.0,2.0,1.0,2.0,2.0,1.0,1.0,2.0,1.0,,,3.0,,,5.0,,10.0,3.0,,
pid_559,,1.0,1.0,,,,1.0,12.0,1.0,3000.0,,,,80.0,,2.0,5.0,5.0,1.0,3.0,5.0,5.0,5.0,3.0,5.0,5.0,,,2.0,,,,5.0,5.0,5.0,,5.0,1.0,7.0,3.0,2.0,3.0,6.0,6.0,6.0,6.0,42.0,69.0,69.0,65.0,20.0,32.0,55.0,36.0,32.0,66.0,3.0,,6.0,,,,,,,,,,,1.0,1.0,1.0,1.0,2.0,1.0,1.0,1.0,1.0,1.0,1.0,1.0,2.0,2.0,2.0,1.0,1.0,1.0,1.0,2.0,1.0,2.0,1.0,1.0,2.0,2.0,2.0,1.0,1.0,1.0,2.0,2.0,1.0,1.0,2.0,2.0,2.0,2.0,1.0,2.0,1.0,2.0,2.0,2.0,2.0,1.0,,,5.0,,,3.0,,5.0,3.0,,
pid_560,2.0,,,2.0,,,1.0,18.0,,,1.0,350.0,,70.0,2.0,,2.0,2.0,4.0,4.0,1.0,1.0,1.0,4.0,2.0,2.0,2.0,,,5.0,5.0,2.0,,,,,3.0,1.0,5.0,4.0,6.0,3.0,3.0,6.0,5.0,6.0,30.0,15.0,51.0,40.0,40.0,25.0,25.0,50.0,34.0,26.0,2.0,6.0,,1.0,1.0,1.0,1.0,1.0,1.0,1.0,1.0,1.0,1.0,,,,,,,1.0,2.0,1.0,1.0,2.0,1.0,2.0,1.0,1.0,1.0,1.0,1.0,2.0,2.0,2.0,1.0,1.0,2.0,2.0,2.0,2.0,1.0,1.0,2.0,2.0,1.0,2.0,2.0,1.0,1.0,1.0,2.0,1.0,1.0,1.0,2.0,1.0,2.0,2.0,1.0,4.0,,,4.0,,,,0.0,,,2.0
pid_561,1.0,,,2.0,1.0,70.0,,,,,1.0,315.0,85.0,,,4.0,4.0,5.0,3.0,4.0,4.0,5.0,5.0,5.0,2.0,5.0,,,2.0,,,,2.0,4.0,2.0,5.0,,2.0,6.0,2.0,2.0,3.0,3.0,5.0,6.0,6.0,70.0,95.0,60.0,65.0,20.0,45.0,50.0,75.0,30.0,90.0,1.0,,6.0,1.0,1.0,1.0,2.0,1.0,2.0,1.0,1.0,1.0,2.0,,,,,,,2.0,1.0,2.0,1.0,1.0,2.0,1.0,1.0,1.0,1.0,2.0,2.0,2.0,2.0,2.0,1.0,1.0,1.0,2.0,1.0,1.0,2.0,1.0,2.0,2.0,1.0,2.0,1.0,2.0,1.0,2.0,1.0,2.0,2.0,2.0,2.0,2.0,1.0,2.0,2.0,,,5.0,,,6.0,,15.0,,10.0,
pid_562,1.0,,1.0,,2.0,42.0,,,2.0,340.0,,,84.0,,,3.0,5.0,5.0,2.0,2.0,4.0,5.0,5.0,2.0,5.0,2.0,5.0,,,,,,4.0,3.0,4.0,5.0,,2.0,5.0,3.0,3.0,2.0,5.0,5.0,6.0,6.0,73.0,64.0,73.0,34.0,47.0,36.0,72.0,48.0,62.0,72.0,1.0,,6.0,,,,,,,,,,,1.0,1.0,2.0,1.0,1.0,2.0,2.0,1.0,1.0,1.0,2.0,1.0,1.0,1.0,2.0,1.0,2.0,1.0,1.0,2.0,1.0,1.0,1.0,2.0,2.0,2.0,2.0,2.0,2.0,1.0,2.0,1.0,1.0,2.0,1.0,1.0,2.0,1.0,1.0,1.0,1.0,2.0,2.0,2.0,2.0,1.0,5.0,,,6.0,,,20.0,,2.0,,
pid_563,,2.0,2.0,,2.0,40.0,,,2.0,750.0,,,30.0,,,4.0,5.0,5.0,4.0,5.0,4.0,5.0,5.0,5.0,5.0,5.0,,5.0,,2.0,5.0,1.0,,,,,6.0,2.0,7.0,2.0,3.0,5.0,3.0,5.0,5.0,6.0,42.0,78.0,69.0,61.0,30.0,42.0,39.0,42.0,46.0,52.0,2.0,2.0,,,,,,,,,,,,1.0,1.0,1.0,1.0,1.0,1.0,1.0,2.0,1.0,1.0,2.0,1.0,1.0,1.0,2.0,1.0,1.0,1.0,2.0,2.0,2.0,1.0,2.0,2.0,2.0,2.0,1.0,2.0,2.0,1.0,2.0,2.0,2.0,2.0,1.0,2.0,1.0,2.0,2.0,2.0,1.0,2.0,2.0,1.0,1.0,1.0,,4.0,,,4.0,,16.0,,2.0,,
pid_564,1.0,,,2.0,1.0,70.0,,,,,1.0,250.0,58.0,,3.0,,5.0,5.0,3.0,5.0,5.0,5.0,5.0,4.0,4.0,5.0,1.0,,,,,,3.0,3.0,3.0,,4.0,2.0,6.0,1.0,5.0,5.0,2.0,7.0,7.0,7.0,54.0,71.0,72.0,53.0,57.0,60.0,42.0,48.0,34.0,57.0,3.0,,5.0,1.0,2.0,2.0,1.0,2.0,2.0,1.0,1.0,2.0,1.0,,,,,,,1.0,1.0,2.0,2.0,2.0,2.0,2.0,2.0,2.0,1.0,1.0,2.0,2.0,1.0,1.0,2.0,2.0,1.0,1.0,1.0,2.0,1.0,1.0,1.0,2.0,1.0,2.0,1.0,1.0,2.0,2.0,2.0,2.0,2.0,2.0,2.0,1.0,2.0,1.0,1.0,5.0,,,6.0,,,,10.0,,,3.0
pid_565,,1.0,,1.0,2.0,50.0,,,1.0,1200.0,,,70.0,,4.0,,3.0,4.0,3.0,3.0,3.0,4.0,3.0,4.0,4.0,4.0,,4.0,,,,,3.0,2.0,3.0,2.0,,1.0,5.0,2.0,2.0,4.0,3.0,5.0,5.0,5.0,70.0,68.0,69.0,70.0,35.0,71.0,74.0,80.0,20.0,74.0,3.0,,5.0,,,,,,,,,,,1.0,1.0,2.0,1.0,1.0,2.0,1.0,1.0,1.0,1.0,1.0,1.0,1.0,2.0,2.0,1.0,1.0,1.0,1.0,1.0,1.0,1.0,1.0,1.0,1.0,2.0,1.0,2.0,2.0,1.0,2.0,2.0,1.0,1.0,1.0,2.0,2.0,2.0,1.0,1.0,2.0,1.0,2.0,1.0,2.0,2.0,,4.0,,,3.0,,15.0,,,4.0,
pid_566,,1.0,2.0,,2.0,30.0,,,1.0,96.0,,,59.0,,4.0,,1.0,5.0,5.0,5.0,1.0,1.0,1.0,2.0,3.0,4.0,,2.0,,5.0,3.0,3.0,,,,,4.0,2.0,6.0,1.0,1.0,1.0,3.0,7.0,7.0,7.0,51.0,93.0,100.0,84.0,36.0,77.0,0.0,0.0,5.0,56.0,1.0,6.0,,,,,,,,,,,,2.0,2.0,2.0,1.0,2.0,1.0,1.0,1.0,2.0,1.0,1.0,2.0,1.0,1.0,1.0,1.0,1.0,2.0,2.0,1.0,2.0,1.0,2.0,2.0,2.0,1.0,1.0,2.0,2.0,2.0,2.0,2.0,2.0,1.0,2.0,2.0,2.0,1.0,2.0,2.0,2.0,1.0,1.0,1.0,2.0,2.0,,3.0,,,4.0,,,12.0,,,1.0
pid_567,,2.0,1.0,,1.0,66.0,,,2.0,800.0,,,,70.0,3.0,,4.0,5.0,1.0,5.0,5.0,4.0,5.0,3.0,5.0,5.0,,2.0,,,,,2.0,4.0,4.0,5.0,,1.0,7.0,1.0,5.0,6.0,2.0,6.0,6.0,6.0,37.0,75.0,28.0,93.0,25.0,11.0,65.0,61.0,74.0,100.0,2.0,,7.0,,,,,,,,,,,1.0,1.0,1.0,1.0,2.0,2.0,1.0,1.0,2.0,1.0,1.0,2.0,2.0,2.0,2.0,1.0,1.0,2.0,1.0,1.0,2.0,1.0,2.0,2.0,2.0,1.0,2.0,1.0,2.0,1.0,1.0,2.0,1.0,2.0,1.0,1.0,1.0,2.0,2.0,1.0,1.0,2.0,1.0,1.0,1.0,2.0,,5.0,,,5.0,,,20.0,2.0,,
pid_568,,1.0,1.0,,,,1.0,50.0,,,1.0,300.0,30.0,,,5.0,3.0,5.0,3.0,2.0,5.0,5.0,5.0,5.0,5.0,5.0,,,3.0,5.0,3.0,1.0,,,,5.0,,2.0,6.0,6.0,3.0,5.0,1.0,5.0,7.0,7.0,30.0,90.0,55.0,50.0,60.0,95.0,60.0,99.0,79.0,85.0,2.0,,6.0,1.0,2.0,1.0,2.0,1.0,1.0,1.0,2.0,1.0,1.0,,,,,,,2.0,2.0,1.0,2.0,2.0,1.0,2.0,1.0,2.0,2.0,2.0,2.0,2.0,2.0,2.0,2.0,2.0,1.0,2.0,1.0,1.0,2.0,2.0,2.0,2.0,1.0,2.0,2.0,2.0,2.0,2.0,2.0,2.0,2.0,2.0,2.0,2.0,1.0,2.0,2.0,,,2.0,,,4.0,19.0,,,10.0,
pid_569,1.0,,1.0,,2.0,34.0,,,1.0,1004.0,,,,80.0,2.0,,2.0,5.0,4.0,5.0,4.0,3.0,2.0,5.0,4.0,4.0,,4.0,,5.0,2.0,1.0,,,,3.0,,1.0,5.0,1.0,1.0,1.0,3.0,6.0,6.0,7.0,40.0,81.0,85.0,89.0,60.0,50.0,55.0,65.0,70.0,77.0,3.0,3.0,,,,,,,,,,,,1.0,2.0,1.0,2.0,1.0,2.0,1.0,1.0,2.0,2.0,1.0,1.0,1.0,1.0,1.0,2.0,1.0,1.0,1.0,1.0,1.0,1.0,1.0,1.0,1.0,1.0,2.0,1.0,1.0,2.0,2.0,2.0,1.0,1.0,1.0,1.0,1.0,1.0,1.0,2.0,1.0,1.0,2.0,2.0,1.0,1.0,,5.0,,,5.0,,15.0,,,6.0,
pid_570,1.0,,,1.0,,,1.0,27.0,2.0,300.0,,,90.0,,,3.0,5.0,5.0,2.0,3.0,5.0,5.0,5.0,5.0,5.0,5.0,,4.0,,4.0,3.0,2.0,,,,3.0,,1.0,6.0,3.0,5.0,3.0,5.0,6.0,7.0,7.0,92.0,89.0,32.0,70.0,76.0,99.0,100.0,91.0,83.0,84.0,4.0,,5.0,1.0,2.0,2.0,1.0,2.0,1.0,2.0,1.0,2.0,1.0,,,,,,,2.0,2.0,2.0,2.0,1.0,1.0,2.0,2.0,1.0,1.0,2.0,2.0,2.0,2.0,2.0,2.0,2.0,2.0,2.0,1.0,2.0,2.0,2.0,2.0,1.0,2.0,1.0,2.0,2.0,2.0,1.0,2.0,2.0,2.0,2.0,1.0,2.0,2.0,2.0,1.0,,1.0,,,2.0,,,5.0,,,1.0
pid_571,1.0,,,2.0,,,1.0,30.0,,,1.0,250.0,,70.0,,6.0,4.0,4.0,4.0,2.0,3.0,3.0,4.0,4.0,2.0,3.0,2.0,,,,,,2.0,2.0,3.0,,4.0,1.0,6.0,1.0,2.0,3.0,2.0,6.0,7.0,6.0,50.0,80.0,50.0,50.0,40.0,30.0,55.0,60.0,30.0,20.0,2.0,6.0,,,,,,,,,,,,1.0,1.0,1.0,1.0,1.0,1.0,2.0,2.0,1.0,1.0,2.0,2.0,2.0,2.0,1.0,2.0,2.0,2.0,2.0,1.0,2.0,1.0,2.0,2.0,2.0,1.0,1.0,2.0,2.0,1.0,2.0,2.0,2.0,1.0,2.0,1.0,2.0,2.0,1.0,2.0,2.0,2.0,2.0,1.0,2.0,1.0,5.0,,,3.0,,,,10.0,,10.0,
pid_572,,1.0,,1.0,,,2.0,6.0,,,1.0,100.0,82.0,,6.0,,5.0,5.0,5.0,5.0,5.0,5.0,5.0,5.0,5.0,5.0,,,4.0,6.0,6.0,6.0,,,,,5.0,1.0,7.0,1.0,3.0,7.0,3.0,1.0,1.0,1.0,100.0,91.0,74.0,99.0,81.0,100.0,86.0,85.0,82.0,77.0,2.0,,2.0,1.0,1.0,1.0,1.0,1.0,1.0,1.0,1.0,1.0,1.0,,,,,,,2.0,2.0,2.0,1.0,1.0,1.0,2.0,1.0,1.0,1.0,2.0,1.0,1.0,2.0,1.0,2.0,1.0,1.0,1.0,1.0,2.0,2.0,1.0,2.0,1.0,2.0,2.0,2.0,1.0,1.0,2.0,2.0,1.0,1.0,1.0,2.0,2.0,2.0,1.0,2.0,,,5.0,,,5.0,20.0,,2.0,,
pid_573,,2.0,1.0,,,,1.0,54.0,2.0,400.0,,,,70.0,,4.0,4.0,4.0,3.0,2.0,4.0,4.0,4.0,4.0,4.0,4.0,2.0,,,,,,3.0,3.0,3.0,,4.0,1.0,6.0,4.0,3.0,3.0,2.0,4.0,5.0,5.0,66.0,71.0,53.0,17.0,64.0,63.0,64.0,66.0,44.0,64.0,2.0,,5.0,1.0,1.0,1.0,1.0,1.0,1.0,1.0,1.0,1.0,1.0,,,,,,,2.0,2.0,2.0,2.0,2.0,1.0,1.0,1.0,2.0,1.0,2.0,2.0,2.0,2.0,2.0,1.0,2.0,2.0,2.0,2.0,2.0,2.0,2.0,2.0,1.0,1.0,2.0,2.0,2.0,2.0,2.0,1.0,2.0,2.0,2.0,2.0,2.0,2.0,1.0,2.0,3.0,,,5.0,,,,0.0,1.0,,
pid_574,,1.0,1.0,,,,1.0,50.0,,,1.0,160.0,,50.0,,3.0,1.0,2.0,4.0,4.0,2.0,2.0,1.0,4.0,4.0,4.0,,,4.0,,,,5.0,6.0,6.0,,5.0,1.0,7.0,6.0,5.0,6.0,5.0,6.0,6.0,6.0,30.0,45.0,57.0,53.0,27.0,25.0,44.0,65.0,43.0,60.0,2.0,,6.0,1.0,1.0,1.0,1.0,1.0,1.0,1.0,1.0,1.0,1.0,,,,,,,2.0,2.0,2.0,2.0,2.0,1.0,2.0,1.0,2.0,2.0,1.0,1.0,2.0,1.0,1.0,1.0,2.0,1.0,2.0,2.0,2.0,2.0,2.0,1.0,2.0,1.0,1.0,2.0,1.0,2.0,2.0,1.0,2.0,1.0,2.0,1.0,2.0,1.0,2.0,1.0,,,5.0,,,5.0,,0.0,,10.0,
pid_575,,2.0,1.0,,2.0,35.0,,,,,1.0,150.0,,70.0,,2.0,1.0,2.0,5.0,3.0,3.0,1.0,1.0,3.0,3.0,4.0,,2.0,,4.0,5.0,3.0,,,,,2.0,2.0,7.0,2.0,3.0,2.0,3.0,6.0,5.0,5.0,20.0,35.0,55.0,40.0,33.0,30.0,45.0,30.0,25.0,90.0,2.0,,7.0,,,,,,,,,,,1.0,1.0,2.0,1.0,1.0,2.0,2.0,1.0,2.0,2.0,1.0,1.0,1.0,1.0,2.0,1.0,2.0,2.0,2.0,1.0,2.0,1.0,2.0,2.0,2.0,2.0,2.0,1.0,1.0,1.0,2.0,2.0,1.0,1.0,1.0,2.0,2.0,1.0,2.0,1.0,2.0,2.0,2.0,1.0,1.0,2.0,,5.0,,,4.0,,,10.0,2.0,,
pid_576,,2.0,,2.0,1.0,75.0,,,,,1.0,175.0,15.0,,2.0,,5.0,4.0,1.0,4.0,5.0,5.0,5.0,4.0,5.0,5.0,1.0,,,,,,2.0,3.0,3.0,,5.0,2.0,7.0,1.0,1.0,1.0,5.0,7.0,7.0,7.0,70.0,50.0,50.0,40.0,75.0,70.0,80.0,50.0,60.0,75.0,4.0,3.0,,1.0,2.0,1.0,1.0,1.0,1.0,1.0,1.0,2.0,2.0,,,,,,,2.0,2.0,2.0,2.0,2.0,1.0,1.0,1.0,2.0,2.0,1.0,1.0,2.0,2.0,1.0,2.0,2.0,2.0,1.0,2.0,1.0,2.0,2.0,2.0,2.0,2.0,2.0,1.0,1.0,2.0,2.0,1.0,2.0,2.0,2.0,2.0,1.0,1.0,2.0,1.0,4.0,,,6.0,,,10.0,,,,3.0
pid_577,,2.0,1.0,,1.0,9.0,,,,,2.0,55.0,37.0,,,6.0,2.0,5.0,5.0,5.0,3.0,3.0,4.0,3.0,1.0,3.0,,1.0,,,,,4.0,2.0,5.0,5.0,,1.0,3.0,1.0,1.0,1.0,5.0,7.0,7.0,7.0,17.0,0.0,100.0,53.0,39.0,13.0,9.0,55.0,3.0,57.0,3.0,3.0,,1.0,1.0,2.0,2.0,2.0,1.0,2.0,1.0,2.0,1.0,,,,,,,2.0,1.0,2.0,2.0,1.0,1.0,2.0,2.0,1.0,1.0,2.0,2.0,1.0,1.0,1.0,1.0,2.0,2.0,2.0,1.0,2.0,1.0,2.0,2.0,2.0,1.0,2.0,2.0,2.0,2.0,1.0,2.0,2.0,2.0,2.0,2.0,1.0,1.0,1.0,1.0,,3.0,,,3.0,,12.0,,,,1.0
pid_578,,2.0,,2.0,2.0,10.0,,,,,1.0,300.0,30.0,,3.0,,4.0,5.0,2.0,1.0,5.0,4.0,5.0,4.0,5.0,4.0,,2.0,,,,,3.0,4.0,5.0,,4.0,1.0,6.0,1.0,5.0,5.0,5.0,6.0,6.0,6.0,72.0,62.0,39.0,25.0,60.0,84.0,48.0,70.0,62.0,85.0,3.0,,6.0,,,,,,,,,,,1.0,1.0,1.0,1.0,1.0,1.0,2.0,2.0,2.0,1.0,2.0,2.0,1.0,2.0,2.0,2.0,1.0,2.0,1.0,2.0,1.0,2.0,2.0,2.0,2.0,1.0,1.0,1.0,1.0,1.0,1.0,2.0,2.0,1.0,2.0,1.0,1.0,1.0,2.0,2.0,1.0,2.0,2.0,2.0,2.0,2.0,,5.0,,,4.0,,5.0,,3.0,,
pid_579,1.0,,,1.0,2.0,50.0,,,2.0,500.0,,,60.0,,,3.0,3.0,5.0,1.0,3.0,4.0,4.0,5.0,3.0,5.0,5.0,5.0,,,4.0,3.0,3.0,,,,,5.0,1.0,6.0,4.0,2.0,3.0,3.0,5.0,6.0,5.0,50.0,35.0,15.0,40.0,35.0,40.0,60.0,40.0,40.0,55.0,3.0,,6.0,,,,,,,,,,,1.0,1.0,2.0,1.0,1.0,2.0,2.0,2.0,2.0,2.0,1.0,2.0,2.0,2.0,1.0,1.0,1.0,1.0,1.0,2.0,2.0,1.0,2.0,1.0,1.0,2.0,2.0,2.0,2.0,1.0,2.0,1.0,1.0,1.0,2.0,2.0,2.0,2.0,2.0,2.0,2.0,1.0,1.0,1.0,1.0,2.0,5.0,,,5.0,,,,15.0,3.0,,
pid_580,,2.0,1.0,,,,1.0,54.0,2.0,378.0,,,50.0,,3.0,,4.0,3.0,4.0,3.0,3.0,4.0,4.0,3.0,3.0,4.0,3.0,,,,,,4.0,3.0,4.0,3.0,,2.0,3.0,4.0,3.0,5.0,2.0,5.0,6.0,4.0,15.0,7.0,61.0,42.0,23.0,42.0,27.0,50.0,22.0,38.0,1.0,3.0,,,,,,,,,,,,1.0,1.0,2.0,1.0,2.0,1.0,1.0,1.0,1.0,2.0,1.0,1.0,2.0,2.0,2.0,1.0,2.0,1.0,1.0,2.0,1.0,2.0,2.0,2.0,2.0,2.0,2.0,2.0,1.0,1.0,2.0,1.0,2.0,2.0,2.0,2.0,2.0,1.0,2.0,1.0,2.0,1.0,1.0,1.0,1.0,1.0,4.0,,,5.0,,,,16.0,,,6.0
pid_581,,2.0,1.0,,,,1.0,50.0,,,1.0,350.0,,70.0,,5.0,5.0,4.0,5.0,4.0,4.0,4.0,5.0,4.0,4.0,5.0,,,2.0,1.0,1.0,1.0,,,,,4.0,1.0,6.0,3.0,2.0,3.0,1.0,6.0,7.0,7.0,85.0,79.0,93.0,77.0,55.0,75.0,63.0,72.0,83.0,66.0,3.0,5.0,,1.0,1.0,1.0,1.0,1.0,1.0,1.0,1.0,1.0,1.0,,,,,,,1.0,1.0,1.0,2.0,1.0,1.0,1.0,1.0,1.0,2.0,1.0,1.0,2.0,1.0,1.0,1.0,1.0,1.0,1.0,1.0,1.0,2.0,2.0,1.0,2.0,1.0,2.0,1.0,2.0,2.0,1.0,2.0,1.0,1.0,2.0,1.0,1.0,1.0,1.0,2.0,,,5.0,,,5.0,12.0,,,6.0,
pid_582,,2.0,,2.0,2.0,6.0,,,1.0,4500.0,,,30.0,,,6.0,2.0,5.0,3.0,3.0,3.0,4.0,5.0,4.0,3.0,5.0,1.0,,,,,,2.0,3.0,3.0,4.0,,1.0,6.0,5.0,6.0,5.0,2.0,5.0,3.0,5.0,8.0,85.0,25.0,38.0,22.0,12.0,65.0,61.0,30.0,75.0,2.0,,6.0,1.0,1.0,1.0,1.0,1.0,1.0,1.0,1.0,1.0,1.0,,,,,,,1.0,1.0,1.0,2.0,2.0,1.0,1.0,2.0,2.0,2.0,1.0,2.0,1.0,2.0,1.0,1.0,1.0,2.0,2.0,1.0,1.0,1.0,2.0,1.0,2.0,2.0,2.0,1.0,2.0,2.0,2.0,1.0,2.0,1.0,1.0,2.0,2.0,2.0,2.0,2.0,4.0,,,4.0,,,,10.0,2.0,,
pid_583,1.0,,,1.0,2.0,15.0,,,2.0,400.0,,,90.0,,4.0,,2.0,4.0,5.0,2.0,4.0,2.0,5.0,5.0,3.0,4.0,,,2.0,2.0,4.0,3.0,,,,4.0,,1.0,7.0,2.0,5.0,5.0,3.0,5.0,6.0,5.0,35.0,75.0,80.0,55.0,55.0,10.0,40.0,30.0,45.0,70.0,2.0,,7.0,,,,,,,,,,,1.0,1.0,1.0,2.0,1.0,1.0,1.0,1.0,2.0,2.0,1.0,1.0,1.0,1.0,1.0,1.0,1.0,1.0,2.0,2.0,1.0,2.0,2.0,1.0,2.0,1.0,1.0,2.0,2.0,1.0,1.0,2.0,2.0,2.0,2.0,2.0,1.0,1.0,1.0,1.0,2.0,1.0,2.0,2.0,1.0,2.0,,,5.0,,,6.0,,15.0,,4.0,
pid_584,2.0,,,1.0,,,1.0,54.0,2.0,70.0,,,,62.0,4.0,,3.0,2.0,1.0,3.0,3.0,3.0,3.0,4.0,3.0,5.0,,1.0,,5.0,2.0,1.0,,,,,6.0,2.0,7.0,1.0,2.0,2.0,1.0,7.0,7.0,6.0,51.0,65.0,1.0,56.0,54.0,50.0,63.0,64.0,63.0,56.0,1.0,6.0,,1.0,1.0,1.0,2.0,2.0,1.0,1.0,1.0,1.0,2.0,,,,,,,2.0,2.0,2.0,1.0,2.0,1.0,2.0,1.0,1.0,2.0,2.0,2.0,1.0,2.0,1.0,2.0,2.0,2.0,2.0,1.0,2.0,1.0,1.0,2.0,1.0,2.0,1.0,1.0,1.0,2.0,2.0,2.0,2.0,2.0,1.0,1.0,1.0,2.0,2.0,1.0,,3.0,,,4.0,,5.0,,1.0,,
pid_585,1.0,,,1.0,,,1.0,30.0,,,1.0,200.0,30.0,,3.0,,1.0,1.0,5.0,5.0,2.0,1.0,1.0,1.0,1.0,4.0,1.0,,,,,,6.0,5.0,4.0,5.0,,1.0,6.0,1.0,6.0,6.0,2.0,7.0,6.0,6.0,30.0,5.0,86.0,60.0,30.0,40.0,20.0,20.0,5.0,75.0,1.0,,7.0,,,,,,,,,,,1.0,1.0,2.0,1.0,1.0,2.0,1.0,2.0,2.0,1.0,2.0,2.0,1.0,2.0,2.0,2.0,2.0,2.0,1.0,2.0,2.0,2.0,2.0,1.0,1.0,1.0,2.0,2.0,2.0,2.0,2.0,2.0,2.0,1.0,2.0,2.0,2.0,2.0,1.0,2.0,2.0,2.0,2.0,2.0,2.0,2.0,1.0,,,1.0,,,0.0,,,10.0,
pid_586,1.0,,,1.0,,,1.0,54.0,2.0,250.0,,,30.0,,1.0,,5.0,5.0,5.0,4.0,5.0,4.0,5.0,5.0,3.0,5.0,1.0,,,,,,5.0,2.0,5.0,6.0,,2.0,7.0,1.0,1.0,5.0,1.0,7.0,7.0,7.0,50.0,75.0,50.0,30.0,40.0,25.0,75.0,25.0,50.0,35.0,2.0,3.0,,,,,,,,,,,,1.0,1.0,1.0,1.0,2.0,2.0,2.0,1.0,2.0,2.0,2.0,1.0,1.0,1.0,1.0,2.0,2.0,2.0,1.0,2.0,2.0,2.0,1.0,1.0,1.0,1.0,1.0,1.0,1.0,2.0,2.0,2.0,2.0,2.0,2.0,1.0,1.0,2.0,1.0,1.0,2.0,2.0,1.0,1.0,2.0,2.0,5.0,,,6.0,,,20.0,,2.0,,
pid_587,,2.0,,1.0,,,1.0,46.0,,,1.0,276.0,80.0,,,4.0,1.0,5.0,4.0,2.0,5.0,4.0,5.0,3.0,1.0,5.0,,4.0,,,,,2.0,1.0,1.0,,6.0,1.0,7.0,1.0,1.0,3.0,2.0,6.0,7.0,3.0,10.0,66.0,55.0,30.0,60.0,55.0,90.0,40.0,70.0,95.0,3.0,,6.0,1.0,1.0,1.0,1.0,1.0,1.0,1.0,1.0,1.0,1.0,,,,,,,2.0,1.0,1.0,2.0,1.0,1.0,1.0,2.0,2.0,1.0,1.0,2.0,2.0,2.0,2.0,2.0,1.0,1.0,2.0,2.0,2.0,1.0,1.0,1.0,1.0,2.0,1.0,1.0,1.0,2.0,1.0,1.0,2.0,1.0,1.0,1.0,1.0,2.0,2.0,1.0,,5.0,,,5.0,,,15.0,,,1.0
pid_588,,1.0,2.0,,1.0,72.0,,,1.0,1320.0,,,30.0,,,4.0,5.0,5.0,2.0,2.0,5.0,5.0,5.0,4.0,4.0,5.0,3.0,,,,,,3.0,4.0,3.0,,4.0,1.0,6.0,2.0,4.0,3.0,1.0,5.0,5.0,7.0,52.0,57.0,56.0,41.0,40.0,24.0,63.0,73.0,26.0,80.0,3.0,,6.0,,,,,,,,,,,1.0,1.0,1.0,2.0,1.0,1.0,1.0,1.0,1.0,2.0,1.0,1.0,1.0,1.0,2.0,1.0,1.0,2.0,1.0,2.0,2.0,2.0,1.0,2.0,1.0,2.0,1.0,1.0,2.0,1.0,2.0,1.0,2.0,2.0,1.0,2.0,2.0,1.0,1.0,1.0,1.0,2.0,2.0,1.0,1.0,1.0,5.0,,,2.0,,,,10.0,,4.0,
pid_589,2.0,,,1.0,,,1.0,53.0,2.0,380.0,,,,58.0,1.0,,3.0,2.0,5.0,4.0,4.0,5.0,4.0,4.0,3.0,4.0,,,2.0,3.0,5.0,4.0,,,,2.0,,2.0,6.0,1.0,2.0,5.0,2.0,6.0,5.0,6.0,45.0,7.0,80.0,61.0,47.0,66.0,43.0,47.0,42.0,58.0,1.0,,4.0,2.0,1.0,2.0,1.0,1.0,1.0,2.0,2.0,1.0,1.0,,,,,,,1.0,1.0,1.0,2.0,2.0,1.0,1.0,2.0,2.0,1.0,1.0,1.0,2.0,2.0,1.0,1.0,1.0,1.0,1.0,2.0,1.0,1.0,2.0,1.0,2.0,1.0,2.0,1.0,2.0,2.0,1.0,1.0,2.0,2.0,2.0,1.0,1.0,2.0,1.0,1.0,,,5.0,,,6.0,17.0,,3.0,,
pid_590,2.0,,1.0,,1.0,66.0,,,2.0,350.0,,,30.0,,,5.0,4.0,5.0,2.0,5.0,4.0,4.0,5.0,5.0,5.0,3.0,,,2.0,2.0,3.0,2.0,,,,,3.0,1.0,7.0,3.0,5.0,5.0,5.0,5.0,6.0,6.0,67.0,82.0,70.0,69.0,62.0,64.0,68.0,67.0,73.0,78.0,3.0,,7.0,,,,,,,,,,,1.0,1.0,2.0,1.0,1.0,1.0,2.0,2.0,2.0,2.0,2.0,2.0,1.0,2.0,2.0,1.0,2.0,2.0,2.0,2.0,2.0,2.0,2.0,2.0,2.0,2.0,2.0,2.0,2.0,2.0,1.0,2.0,2.0,2.0,1.0,2.0,1.0,2.0,2.0,2.0,2.0,1.0,2.0,2.0,2.0,2.0,,,5.0,,,6.0,15.0,,4.0,,
pid_591,,1.0,,2.0,,,2.0,2.0,2.0,328.0,,,,70.0,,3.0,2.0,5.0,2.0,3.0,3.0,4.0,4.0,4.0,5.0,2.0,,5.0,,2.0,4.0,2.0,,,,,4.0,1.0,5.0,1.0,4.0,3.0,1.0,5.0,6.0,4.0,52.0,69.0,70.0,26.0,20.0,75.0,60.0,40.0,65.0,55.0,3.0,,2.0,,,,,,,,,,,1.0,1.0,2.0,1.0,2.0,1.0,2.0,2.0,1.0,2.0,2.0,1.0,2.0,2.0,2.0,1.0,2.0,2.0,1.0,2.0,2.0,1.0,2.0,2.0,2.0,2.0,2.0,2.0,1.0,2.0,2.0,2.0,2.0,2.0,1.0,2.0,2.0,2.0,2.0,2.0,2.0,2.0,2.0,2.0,2.0,2.0,,2.0,,,2.0,,10.0,,,,1.0
pid_592,1.0,,,1.0,,,2.0,20.0,,,1.0,200.0,30.0,,2.0,,4.0,5.0,5.0,5.0,5.0,5.0,5.0,2.0,5.0,5.0,,4.0,,,,,2.0,1.0,5.0,6.0,,1.0,6.0,5.0,2.0,5.0,2.0,5.0,5.0,7.0,20.0,77.0,90.0,82.0,12.0,5.0,69.0,76.0,30.0,75.0,4.0,,6.0,,,,,,,,,,,1.0,1.0,1.0,2.0,1.0,1.0,2.0,2.0,1.0,2.0,2.0,2.0,1.0,1.0,2.0,2.0,2.0,1.0,1.0,1.0,2.0,2.0,1.0,2.0,1.0,2.0,2.0,1.0,2.0,2.0,2.0,1.0,2.0,1.0,2.0,2.0,1.0,2.0,2.0,2.0,2.0,1.0,2.0,1.0,1.0,1.0,,5.0,,,6.0,,20.0,,3.0,,
pid_593,2.0,,,2.0,2.0,30.0,,,,,1.0,350.0,65.0,,,6.0,5.0,3.0,5.0,4.0,4.0,4.0,3.0,3.0,1.0,4.0,,4.0,,5.0,1.0,1.0,,,,,5.0,2.0,5.0,5.0,6.0,5.0,1.0,6.0,7.0,6.0,43.0,21.0,77.0,39.0,36.0,38.0,24.0,31.0,13.0,36.0,1.0,2.0,,1.0,1.0,1.0,1.0,2.0,2.0,1.0,1.0,1.0,1.0,,,,,,,1.0,2.0,1.0,1.0,2.0,1.0,2.0,1.0,2.0,2.0,1.0,2.0,2.0,1.0,1.0,2.0,1.0,2.0,1.0,1.0,2.0,1.0,1.0,2.0,1.0,2.0,1.0,1.0,2.0,1.0,2.0,1.0,2.0,1.0,1.0,1.0,2.0,1.0,2.0,1.0,,5.0,,,5.0,,16.0,,,,2.0
pid_594,,2.0,1.0,,2.0,20.0,,,2.0,500.0,,,30.0,,,3.0,2.0,5.0,3.0,5.0,4.0,3.0,5.0,5.0,5.0,5.0,5.0,,,,,,5.0,5.0,3.0,1.0,,1.0,7.0,7.0,6.0,6.0,1.0,7.0,5.0,5.0,30.0,49.0,52.0,49.0,15.0,15.0,49.0,49.0,49.0,49.0,2.0,6.0,,,,,,,,,,,,1.0,1.0,1.0,1.0,1.0,1.0,1.0,2.0,1.0,1.0,1.0,2.0,2.0,1.0,2.0,2.0,2.0,1.0,1.0,2.0,2.0,2.0,2.0,1.0,1.0,2.0,2.0,2.0,1.0,2.0,2.0,1.0,2.0,2.0,2.0,1.0,2.0,2.0,1.0,1.0,2.0,2.0,2.0,2.0,2.0,1.0,5.0,,,6.0,,,,10.0,,,2.0
pid_595,1.0,,1.0,,2.0,54.0,,,2.0,350.0,,,,10.0,2.0,,5.0,5.0,3.0,5.0,4.0,4.0,4.0,5.0,4.0,5.0,1.0,,,,,,1.0,3.0,2.0,5.0,,1.0,6.0,1.0,1.0,1.0,2.0,5.0,7.0,6.0,64.0,94.0,40.0,96.0,51.0,72.0,36.0,70.0,40.0,86.0,1.0,3.0,,,,,,,,,,,,1.0,1.0,1.0,1.0,2.0,2.0,2.0,1.0,1.0,2.0,2.0,2.0,2.0,2.0,1.0,1.0,2.0,2.0,2.0,2.0,2.0,2.0,1.0,2.0,2.0,2.0,2.0,2.0,1.0,2.0,2.0,2.0,2.0,2.0,2.0,2.0,2.0,2.0,2.0,2.0,1.0,2.0,2.0,2.0,1.0,2.0,5.0,,,5.0,,,,10.0,1.0,,
pid_596,,2.0,1.0,,2.0,64.0,,,2.0,750.0,,,90.0,,,3.0,3.0,3.0,3.0,5.0,4.0,3.0,4.0,5.0,4.0,4.0,,,1.0,2.0,5.0,1.0,,,,4.0,,2.0,6.0,5.0,5.0,4.0,5.0,5.0,6.0,5.0,20.0,25.0,40.0,65.0,15.0,20.0,35.0,60.0,30.0,35.0,2.0,,5.0,1.0,1.0,1.0,1.0,1.0,1.0,2.0,1.0,1.0,2.0,,,,,,,2.0,2.0,1.0,2.0,1.0,1.0,2.0,2.0,1.0,2.0,2.0,2.0,1.0,1.0,1.0,2.0,2.0,2.0,1.0,2.0,1.0,2.0,1.0,2.0,1.0,2.0,2.0,2.0,2.0,1.0,1.0,2.0,1.0,1.0,1.0,2.0,1.0,2.0,2.0,1.0,,,3.0,,,5.0,20.0,,,,3.0
pid_597,1.0,,1.0,,,,1.0,54.0,,,1.0,350.0,10.0,,,3.0,4.0,5.0,1.0,2.0,5.0,3.0,3.0,5.0,5.0,5.0,4.0,,,5.0,3.0,3.0,,,,,5.0,1.0,7.0,1.0,1.0,1.0,2.0,5.0,7.0,7.0,30.0,51.0,34.0,25.0,42.0,27.0,36.0,82.0,31.0,64.0,3.0,,6.0,,,,,,,,,,,1.0,1.0,2.0,2.0,1.0,1.0,2.0,1.0,1.0,2.0,1.0,2.0,2.0,1.0,2.0,2.0,2.0,1.0,2.0,1.0,2.0,2.0,2.0,2.0,1.0,2.0,2.0,1.0,1.0,2.0,1.0,1.0,2.0,2.0,1.0,1.0,2.0,2.0,2.0,1.0,1.0,2.0,1.0,1.0,2.0,2.0,5.0,,,5.0,,,,10.0,3.0,,
pid_598,,2.0,,2.0,,,1.0,10.0,,,1.0,110.0,60.0,,1.0,,5.0,5.0,3.0,3.0,3.0,5.0,5.0,5.0,5.0,5.0,,1.0,,,,,3.0,3.0,1.0,6.0,,1.0,7.0,2.0,4.0,4.0,3.0,3.0,6.0,7.0,80.0,60.0,65.0,70.0,35.0,70.0,85.0,90.0,70.0,95.0,2.0,,6.0,1.0,2.0,1.0,1.0,2.0,1.0,2.0,1.0,2.0,1.0,,,,,,,2.0,2.0,2.0,2.0,2.0,2.0,2.0,2.0,2.0,2.0,2.0,1.0,2.0,2.0,2.0,2.0,1.0,2.0,2.0,1.0,2.0,2.0,2.0,2.0,2.0,2.0,2.0,2.0,1.0,2.0,2.0,2.0,2.0,2.0,2.0,1.0,2.0,2.0,2.0,2.0,,5.0,,,4.0,,15.0,,,10.0,
pid_599,,2.0,,1.0,2.0,42.0,,,2.0,650.0,,,1.0,,1.0,,4.0,3.0,4.0,1.0,4.0,4.0,4.0,4.0,5.0,3.0,,,1.0,,,,5.0,5.0,5.0,4.0,,2.0,7.0,2.0,5.0,5.0,4.0,4.0,5.0,5.0,31.0,33.0,72.0,12.0,32.0,36.0,47.0,43.0,70.0,30.0,3.0,,5.0,,,,,,,,,,,1.0,1.0,1.0,2.0,1.0,1.0,1.0,1.0,1.0,2.0,2.0,2.0,1.0,1.0,1.0,2.0,1.0,2.0,2.0,2.0,2.0,2.0,2.0,1.0,1.0,2.0,2.0,2.0,2.0,1.0,2.0,1.0,2.0,1.0,2.0,2.0,2.0,2.0,1.0,1.0,1.0,2.0,2.0,1.0,1.0,2.0,,,5.0,,,6.0,20.0,,2.0,,
pid_600,,2.0,1.0,,,,1.0,20.0,2.0,300.0,,,,81.0,,6.0,4.0,4.0,2.0,3.0,4.0,4.0,4.0,4.0,5.0,5.0,,,1.0,,,,3.0,4.0,5.0,4.0,,2.0,7.0,5.0,5.0,5.0,5.0,6.0,5.0,6.0,47.0,46.0,25.0,42.0,27.0,40.0,43.0,40.0,42.0,44.0,2.0,,6.0,,,,,,,,,,,1.0,1.0,2.0,1.0,2.0,1.0,1.0,1.0,2.0,1.0,2.0,2.0,2.0,2.0,2.0,1.0,1.0,2.0,2.0,2.0,1.0,1.0,2.0,2.0,2.0,1.0,2.0,1.0,1.0,2.0,1.0,1.0,2.0,2.0,1.0,1.0,2.0,2.0,1.0,1.0,2.0,2.0,2.0,2.0,2.0,1.0,,,5.0,,,5.0,5.0,,,3.0,
pid_601,1.0,,,2.0,,,1.0,20.0,2.0,800.0,,,30.0,,4.0,,4.0,5.0,2.0,2.0,4.0,4.0,5.0,5.0,5.0,5.0,,5.0,,,,,3.0,3.0,3.0,4.0,,1.0,7.0,4.0,7.0,7.0,2.0,6.0,4.0,5.0,40.0,50.0,40.0,30.0,20.0,40.0,25.0,33.0,40.0,60.0,4.0,,5.0,1.0,2.0,1.0,2.0,1.0,1.0,2.0,1.0,1.0,1.0,,,,,,,2.0,2.0,2.0,2.0,2.0,2.0,1.0,2.0,2.0,1.0,1.0,2.0,2.0,1.0,2.0,1.0,2.0,2.0,2.0,1.0,2.0,1.0,2.0,1.0,2.0,2.0,2.0,1.0,1.0,2.0,2.0,2.0,1.0,2.0,2.0,2.0,2.0,2.0,2.0,2.0,,4.0,,,5.0,,20.0,,,,3.0
pid_602,2.0,,,1.0,2.0,50.0,,,,,1.0,200.0,95.0,,,2.0,4.0,5.0,2.0,3.0,4.0,5.0,5.0,5.0,5.0,5.0,,5.0,,2.0,3.0,2.0,,,,5.0,,1.0,6.0,4.0,6.0,5.0,2.0,5.0,2.0,4.0,40.0,50.0,60.0,60.0,20.0,40.0,70.0,75.0,50.0,65.0,4.0,,5.0,1.0,1.0,1.0,1.0,1.0,1.0,1.0,1.0,1.0,1.0,,,,,,,2.0,2.0,2.0,1.0,2.0,2.0,1.0,2.0,2.0,2.0,1.0,2.0,2.0,2.0,2.0,1.0,1.0,2.0,2.0,2.0,2.0,1.0,2.0,1.0,1.0,2.0,1.0,2.0,1.0,2.0,2.0,2.0,2.0,2.0,2.0,1.0,2.0,2.0,1.0,1.0,,5.0,,,6.0,,20.0,,2.0,,
pid_603,1.0,,1.0,,2.0,50.0,,,,,1.0,200.0,,90.0,1.0,,5.0,5.0,1.0,3.0,4.0,5.0,5.0,5.0,5.0,5.0,5.0,,,3.0,4.0,4.0,,,,6.0,,1.0,5.0,2.0,6.0,6.0,3.0,2.0,2.0,2.0,60.0,60.0,35.0,70.0,35.0,70.0,80.0,75.0,70.0,79.0,3.0,7.0,,1.0,1.0,1.0,1.0,1.0,1.0,1.0,1.0,1.0,1.0,,,,,,,2.0,2.0,2.0,1.0,2.0,1.0,2.0,2.0,2.0,2.0,2.0,1.0,2.0,2.0,2.0,2.0,1.0,2.0,2.0,2.0,2.0,1.0,2.0,2.0,2.0,1.0,1.0,1.0,1.0,2.0,1.0,2.0,2.0,1.0,1.0,1.0,1.0,2.0,1.0,1.0,2.0,,,5.0,,,,15.0,,,10.0
pid_604,,2.0,,2.0,1.0,80.0,,,1.0,1500.0,,,30.0,,,5.0,4.0,2.0,4.0,2.0,2.0,3.0,3.0,4.0,3.0,4.0,4.0,,,4.0,4.0,2.0,,,,,4.0,1.0,5.0,5.0,5.0,5.0,2.0,5.0,5.0,5.0,40.0,40.0,40.0,30.0,50.0,40.0,60.0,75.0,60.0,60.0,4.0,2.0,,1.0,1.0,1.0,1.0,1.0,1.0,1.0,1.0,1.0,1.0,,,,,,,2.0,1.0,2.0,1.0,2.0,2.0,2.0,2.0,2.0,2.0,2.0,2.0,2.0,2.0,2.0,2.0,2.0,2.0,1.0,2.0,2.0,2.0,2.0,2.0,1.0,1.0,2.0,2.0,1.0,2.0,1.0,1.0,1.0,1.0,2.0,2.0,2.0,1.0,1.0,1.0,3.0,,,4.0,,,,10.0,,,1.0
pid_605,,2.0,1.0,,2.0,50.0,,,,,2.0,70.0,,85.0,,3.0,3.0,5.0,2.0,3.0,4.0,5.0,5.0,3.0,5.0,5.0,3.0,,,,,,4.0,3.0,5.0,,5.0,1.0,6.0,1.0,6.0,5.0,2.0,6.0,6.0,5.0,30.0,85.0,20.0,60.0,45.0,20.0,70.0,40.0,80.0,90.0,4.0,5.0,,,,,,,,,,,,1.0,1.0,2.0,2.0,1.0,1.0,1.0,2.0,1.0,1.0,1.0,1.0,2.0,1.0,1.0,1.0,2.0,2.0,2.0,1.0,1.0,1.0,1.0,2.0,2.0,1.0,2.0,1.0,2.0,2.0,1.0,2.0,2.0,2.0,2.0,1.0,1.0,1.0,2.0,2.0,2.0,1.0,2.0,1.0,1.0,1.0,2.0,,,2.0,,,,5.0,,,4.0
pid_606,1.0,,2.0,,2.0,25.0,,,,,1.0,135.0,,70.0,,5.0,4.0,5.0,4.0,4.0,4.0,5.0,4.0,4.0,2.0,4.0,,,1.0,4.0,1.0,3.0,,,,5.0,,2.0,5.0,4.0,6.0,6.0,5.0,6.0,6.0,5.0,56.0,71.0,66.0,76.0,57.0,52.0,66.0,53.0,31.0,83.0,4.0,,7.0,1.0,2.0,2.0,1.0,1.0,1.0,2.0,1.0,1.0,1.0,,,,,,,1.0,2.0,1.0,1.0,1.0,1.0,1.0,1.0,2.0,2.0,2.0,2.0,2.0,1.0,1.0,2.0,2.0,2.0,1.0,2.0,2.0,1.0,1.0,1.0,2.0,2.0,1.0,2.0,1.0,2.0,1.0,2.0,2.0,1.0,1.0,2.0,1.0,2.0,2.0,1.0,,,5.0,,,6.0,20.0,,,3.0,
pid_607,,2.0,2.0,,2.0,1.0,,,2.0,900.0,,,80.0,,2.0,,5.0,5.0,3.0,5.0,5.0,5.0,5.0,5.0,5.0,5.0,4.0,,,,,,4.0,2.0,5.0,,1.0,2.0,7.0,4.0,2.0,3.0,1.0,6.0,7.0,7.0,75.0,85.0,45.0,100.0,55.0,75.0,70.0,65.0,60.0,80.0,2.0,6.0,,2.0,2.0,2.0,1.0,1.0,2.0,2.0,2.0,1.0,1.0,,,,,,,1.0,2.0,2.0,1.0,2.0,2.0,2.0,2.0,1.0,2.0,2.0,2.0,2.0,2.0,1.0,1.0,2.0,2.0,1.0,1.0,1.0,2.0,2.0,2.0,2.0,2.0,2.0,1.0,2.0,2.0,1.0,2.0,1.0,1.0,1.0,1.0,2.0,2.0,1.0,2.0,5.0,,,4.0,,,,10.0,,,2.0
pid_608,,2.0,1.0,,,,2.0,5.0,1.0,2000.0,,,81.0,,1.0,,3.0,2.0,4.0,4.0,2.0,2.0,2.0,2.0,2.0,4.0,,,2.0,,,,4.0,4.0,3.0,,6.0,1.0,4.0,5.0,3.0,2.0,2.0,5.0,7.0,7.0,41.0,19.0,77.0,59.0,12.0,24.0,40.0,25.0,14.0,79.0,3.0,,7.0,1.0,1.0,1.0,1.0,1.0,1.0,1.0,1.0,1.0,1.0,,,,,,,2.0,2.0,2.0,1.0,1.0,1.0,1.0,2.0,2.0,2.0,1.0,1.0,2.0,1.0,1.0,2.0,2.0,2.0,2.0,2.0,1.0,1.0,1.0,1.0,2.0,1.0,1.0,2.0,1.0,2.0,1.0,1.0,2.0,2.0,2.0,2.0,2.0,2.0,2.0,1.0,,,2.0,,,5.0,20.0,,1.0,,
pid_609,,2.0,2.0,,,,2.0,8.0,,,1.0,133.0,,49.0,5.0,,4.0,4.0,4.0,5.0,2.0,3.0,4.0,4.0,3.0,3.0,,3.0,,3.0,2.0,3.0,,,,4.0,,1.0,6.0,2.0,4.0,3.0,2.0,6.0,6.0,6.0,60.0,70.0,60.0,64.0,55.0,52.0,55.0,75.0,52.0,63.0,1.0,4.0,,,,,,,,,,,,1.0,1.0,1.0,1.0,1.0,1.0,2.0,2.0,2.0,2.0,2.0,1.0,2.0,2.0,1.0,1.0,1.0,2.0,2.0,2.0,1.0,1.0,1.0,1.0,1.0,2.0,1.0,2.0,2.0,1.0,2.0,1.0,2.0,2.0,2.0,2.0,2.0,1.0,2.0,1.0,1.0,2.0,2.0,2.0,1.0,1.0,,5.0,,,5.0,,,12.0,,,7.0
pid_610,,2.0,,2.0,1.0,80.0,,,1.0,1400.0,,,,32.0,,5.0,4.0,5.0,4.0,4.0,4.0,4.0,5.0,3.0,4.0,4.0,,2.0,,3.0,3.0,2.0,,,,,5.0,2.0,5.0,2.0,3.0,3.0,2.0,2.0,3.0,6.0,53.0,63.0,58.0,57.0,34.0,35.0,50.0,51.0,40.0,38.0,3.0,3.0,,,,,,,,,,,,1.0,1.0,1.0,1.0,1.0,1.0,2.0,2.0,2.0,2.0,2.0,2.0,2.0,1.0,1.0,2.0,2.0,2.0,1.0,1.0,2.0,2.0,2.0,2.0,1.0,2.0,1.0,2.0,2.0,2.0,1.0,2.0,2.0,2.0,2.0,2.0,2.0,2.0,2.0,1.0,2.0,1.0,1.0,1.0,1.0,2.0,,5.0,,,6.0,,12.0,,3.0,,
pid_611,2.0,,1.0,,,,1.0,18.0,,,1.0,240.0,,97.0,4.0,,2.0,5.0,1.0,5.0,4.0,4.0,5.0,4.0,5.0,5.0,,5.0,,,,,3.0,4.0,3.0,1.0,,2.0,5.0,1.0,5.0,5.0,3.0,7.0,1.0,3.0,37.0,91.0,48.0,98.0,88.0,69.0,94.0,52.0,54.0,96.0,3.0,,6.0,,,,,,,,,,,1.0,1.0,2.0,1.0,1.0,2.0,2.0,2.0,1.0,2.0,2.0,2.0,2.0,2.0,2.0,2.0,2.0,2.0,2.0,1.0,2.0,2.0,2.0,2.0,2.0,2.0,2.0,2.0,2.0,2.0,1.0,2.0,2.0,2.0,2.0,2.0,2.0,1.0,2.0,2.0,1.0,2.0,2.0,2.0,2.0,2.0,,5.0,,,6.0,,18.0,,,3.0,
pid_612,,2.0,1.0,,2.0,40.0,,,1.0,1200.0,,,80.0,,,6.0,2.0,2.0,5.0,4.0,2.0,4.0,1.0,4.0,5.0,5.0,1.0,,,3.0,3.0,2.0,,,,2.0,,1.0,4.0,1.0,3.0,3.0,3.0,5.0,6.0,6.0,40.0,20.0,50.0,60.0,25.0,45.0,40.0,65.0,65.0,80.0,2.0,,6.0,1.0,1.0,1.0,1.0,1.0,1.0,1.0,1.0,1.0,1.0,,,,,,,1.0,2.0,1.0,2.0,2.0,2.0,2.0,2.0,2.0,2.0,2.0,2.0,2.0,2.0,2.0,1.0,2.0,1.0,1.0,2.0,2.0,2.0,2.0,1.0,2.0,2.0,2.0,2.0,1.0,2.0,2.0,2.0,1.0,1.0,2.0,1.0,1.0,1.0,2.0,2.0,5.0,,,6.0,,,,0.0,,,5.0
pid_613,,2.0,,2.0,2.0,40.0,,,2.0,200.0,,,30.0,,,4.0,4.0,5.0,2.0,4.0,4.0,5.0,4.0,4.0,5.0,5.0,,,2.0,,,,3.0,3.0,3.0,,4.0,1.0,7.0,2.0,5.0,5.0,2.0,5.0,6.0,6.0,48.0,55.0,48.0,52.0,40.0,44.0,52.0,55.0,48.0,60.0,2.0,,6.0,1.0,1.0,1.0,2.0,1.0,1.0,2.0,1.0,2.0,1.0,,,,,,,2.0,2.0,2.0,2.0,2.0,2.0,2.0,1.0,1.0,1.0,2.0,1.0,2.0,2.0,2.0,2.0,1.0,2.0,1.0,2.0,2.0,2.0,2.0,2.0,1.0,2.0,2.0,1.0,2.0,2.0,2.0,2.0,1.0,2.0,1.0,2.0,2.0,1.0,2.0,1.0,,,5.0,,,6.0,16.0,,,10.0,
pid_614,,1.0,,1.0,2.0,63.0,,,,,2.0,84.0,92.0,,,1.0,5.0,3.0,1.0,4.0,5.0,5.0,5.0,5.0,5.0,5.0,,4.0,,3.0,3.0,2.0,,,,,6.0,1.0,7.0,1.0,1.0,1.0,1.0,7.0,7.0,7.0,89.0,51.0,6.0,94.0,85.0,91.0,93.0,94.0,95.0,95.0,4.0,,3.0,1.0,1.0,1.0,1.0,1.0,1.0,1.0,1.0,1.0,1.0,,,,,,,2.0,2.0,2.0,2.0,1.0,2.0,2.0,2.0,2.0,2.0,2.0,2.0,2.0,2.0,2.0,2.0,2.0,2.0,2.0,2.0,2.0,2.0,2.0,2.0,2.0,2.0,2.0,2.0,2.0,2.0,2.0,1.0,2.0,2.0,2.0,2.0,2.0,2.0,2.0,2.0,,5.0,,,6.0,,0.0,,10.0,,
pid_615,1.0,,,2.0,,,1.0,54.0,,,1.0,300.0,30.0,,5.0,,5.0,2.0,2.0,2.0,2.0,4.0,4.0,5.0,5.0,2.0,,,5.0,,,,2.0,1.0,1.0,5.0,,1.0,7.0,2.0,3.0,6.0,2.0,5.0,5.0,3.0,15.0,70.0,55.0,10.0,30.0,25.0,40.0,60.0,70.0,45.0,4.0,,7.0,1.0,1.0,1.0,1.0,1.0,1.0,1.0,1.0,1.0,1.0,,,,,,,2.0,1.0,1.0,2.0,2.0,2.0,2.0,1.0,2.0,1.0,1.0,2.0,2.0,2.0,2.0,2.0,2.0,2.0,2.0,2.0,2.0,1.0,1.0,2.0,2.0,2.0,2.0,2.0,2.0,2.0,2.0,2.0,2.0,2.0,2.0,2.0,1.0,1.0,2.0,2.0,,,4.0,,,6.0,,20.0,,,5.0
pid_616,1.0,,2.0,,2.0,50.0,,,,,1.0,190.0,,92.0,3.0,,2.0,5.0,3.0,2.0,4.0,4.0,3.0,4.0,4.0,5.0,,,2.0,2.0,4.0,2.0,,,,,5.0,2.0,7.0,1.0,5.0,6.0,1.0,5.0,6.0,6.0,50.0,70.0,49.0,38.0,40.0,25.0,60.0,65.0,69.0,80.0,2.0,6.0,,1.0,2.0,1.0,2.0,1.0,2.0,1.0,1.0,1.0,1.0,,,,,,,2.0,2.0,1.0,2.0,1.0,1.0,2.0,2.0,2.0,2.0,1.0,2.0,1.0,2.0,2.0,2.0,2.0,2.0,2.0,1.0,2.0,1.0,2.0,1.0,2.0,2.0,1.0,2.0,2.0,2.0,2.0,1.0,1.0,1.0,2.0,2.0,1.0,2.0,1.0,1.0,,,4.0,,,5.0,,5.0,,,3.0
pid_617,1.0,,2.0,,,,2.0,10.0,,,1.0,110.0,,80.0,,5.0,4.0,4.0,2.0,4.0,4.0,5.0,5.0,4.0,5.0,5.0,,4.0,,4.0,4.0,2.0,,,,5.0,,1.0,6.0,5.0,5.0,5.0,5.0,5.0,6.0,5.0,60.0,60.0,60.0,80.0,45.0,65.0,55.0,80.0,35.0,65.0,4.0,6.0,,1.0,1.0,1.0,1.0,1.0,1.0,1.0,1.0,1.0,1.0,,,,,,,1.0,2.0,2.0,1.0,2.0,1.0,2.0,2.0,2.0,2.0,2.0,2.0,1.0,2.0,2.0,2.0,2.0,1.0,2.0,2.0,1.0,2.0,1.0,1.0,2.0,1.0,1.0,1.0,2.0,2.0,2.0,2.0,1.0,1.0,2.0,1.0,2.0,1.0,1.0,1.0,,5.0,,,4.0,,,10.0,,5.0,
pid_618,1.0,,2.0,,,,1.0,42.0,2.0,85.0,,,38.0,,1.0,,4.0,5.0,3.0,4.0,4.0,4.0,4.0,4.0,4.0,4.0,,3.0,,,,,3.0,3.0,3.0,5.0,,1.0,6.0,4.0,4.0,4.0,5.0,5.0,5.0,5.0,46.0,25.0,6.0,36.0,29.0,34.0,45.0,38.0,33.0,15.0,3.0,6.0,,1.0,2.0,1.0,1.0,2.0,2.0,1.0,2.0,1.0,1.0,,,,,,,1.0,2.0,1.0,1.0,2.0,2.0,2.0,1.0,2.0,1.0,1.0,1.0,2.0,2.0,2.0,1.0,1.0,2.0,2.0,1.0,2.0,2.0,2.0,1.0,2.0,2.0,1.0,2.0,2.0,2.0,1.0,2.0,1.0,2.0,2.0,1.0,1.0,2.0,1.0,1.0,,5.0,,,4.0,,3.0,,,5.0,
pid_619,,1.0,,2.0,,,1.0,25.0,,,1.0,130.0,,75.0,4.0,,1.0,1.0,5.0,3.0,3.0,1.0,1.0,2.0,2.0,2.0,,,1.0,,,,5.0,3.0,4.0,3.0,,2.0,6.0,3.0,5.0,5.0,2.0,6.0,5.0,5.0,35.0,25.0,75.0,45.0,20.0,35.0,45.0,35.0,20.0,35.0,3.0,3.0,,1.0,1.0,1.0,1.0,2.0,1.0,2.0,1.0,1.0,2.0,,,,,,,2.0,1.0,1.0,2.0,1.0,1.0,1.0,1.0,2.0,2.0,1.0,1.0,2.0,1.0,1.0,1.0,2.0,2.0,2.0,1.0,2.0,2.0,1.0,2.0,1.0,2.0,1.0,2.0,2.0,2.0,1.0,2.0,2.0,2.0,1.0,2.0,2.0,1.0,2.0,1.0,,,1.0,,,2.0,,5.0,,5.0,
pid_620,,1.0,,1.0,2.0,50.0,,,,,1.0,300.0,10.0,,5.0,,1.0,1.0,5.0,1.0,1.0,1.0,1.0,1.0,1.0,1.0,,,1.0,2.0,2.0,2.0,,,,2.0,,2.0,6.0,6.0,6.0,6.0,5.0,5.0,3.0,3.0,42.0,42.0,77.0,42.0,42.0,42.0,42.0,42.0,32.0,32.0,1.0,,6.0,1.0,1.0,1.0,1.0,2.0,1.0,1.0,1.0,2.0,1.0,,,,,,,2.0,1.0,2.0,2.0,1.0,1.0,2.0,2.0,2.0,1.0,1.0,2.0,2.0,1.0,2.0,1.0,1.0,2.0,2.0,2.0,1.0,2.0,1.0,1.0,2.0,2.0,1.0,2.0,1.0,1.0,2.0,1.0,2.0,2.0,2.0,2.0,2.0,1.0,2.0,1.0,,,2.0,,,4.0,0.0,,2.0,,
pid_621,1.0,,2.0,,,,2.0,3.0,2.0,500.0,,,,85.0,,5.0,5.0,3.0,2.0,3.0,5.0,5.0,4.0,2.0,4.0,1.0,,,1.0,,,,2.0,6.0,1.0,4.0,,2.0,7.0,5.0,2.0,2.0,3.0,3.0,6.0,6.0,25.0,50.0,15.0,55.0,15.0,30.0,50.0,15.0,35.0,60.0,1.0,,6.0,,,,,,,,,,,1.0,1.0,2.0,1.0,1.0,2.0,2.0,2.0,2.0,2.0,2.0,2.0,2.0,2.0,2.0,2.0,2.0,1.0,2.0,2.0,2.0,2.0,2.0,2.0,2.0,2.0,2.0,2.0,2.0,2.0,2.0,2.0,2.0,2.0,2.0,2.0,2.0,2.0,2.0,2.0,2.0,2.0,2.0,2.0,2.0,2.0,,,5.0,,,3.0,15.0,,1.0,,
pid_622,,2.0,1.0,,1.0,54.0,,,2.0,350.0,,,,90.0,,4.0,4.0,5.0,3.0,4.0,5.0,5.0,5.0,5.0,5.0,5.0,,,4.0,2.0,4.0,1.0,,,,2.0,,2.0,6.0,1.0,2.0,2.0,4.0,5.0,6.0,6.0,60.0,100.0,55.0,41.0,40.0,50.0,40.0,60.0,41.0,77.0,3.0,,7.0,,,,,,,,,,,1.0,1.0,1.0,1.0,2.0,2.0,1.0,2.0,2.0,2.0,1.0,1.0,2.0,1.0,2.0,1.0,2.0,1.0,2.0,2.0,2.0,1.0,2.0,1.0,2.0,1.0,2.0,1.0,1.0,1.0,2.0,1.0,1.0,2.0,1.0,1.0,2.0,2.0,2.0,1.0,2.0,1.0,2.0,1.0,1.0,1.0,,,5.0,,,5.0,,20.0,,,7.0
pid_623,1.0,,1.0,,2.0,35.0,,,2.0,500.0,,,,40.0,5.0,,1.0,2.0,5.0,4.0,1.0,1.0,1.0,2.0,1.0,3.0,,2.0,,,,,5.0,5.0,2.0,1.0,,2.0,4.0,5.0,3.0,4.0,5.0,4.0,5.0,6.0,10.0,35.0,80.0,60.0,15.0,20.0,5.0,10.0,0.0,70.0,1.0,6.0,,,,,,,,,,,,1.0,1.0,2.0,1.0,2.0,1.0,1.0,2.0,2.0,2.0,2.0,1.0,2.0,2.0,2.0,2.0,2.0,1.0,2.0,2.0,2.0,1.0,2.0,1.0,1.0,1.0,2.0,2.0,2.0,2.0,1.0,2.0,2.0,2.0,2.0,2.0,2.0,1.0,1.0,2.0,1.0,1.0,1.0,2.0,1.0,2.0,,5.0,,,6.0,,,15.0,3.0,,
pid_624,1.0,,1.0,,2.0,12.0,,,,,1.0,105.0,90.0,,2.0,,4.0,5.0,1.0,4.0,4.0,5.0,5.0,5.0,5.0,5.0,,1.0,,,,,2.0,1.0,3.0,3.0,,2.0,5.0,1.0,2.0,5.0,1.0,5.0,6.0,5.0,55.0,100.0,30.0,60.0,40.0,45.0,35.0,41.0,30.0,65.0,1.0,,7.0,,,,,,,,,,,1.0,1.0,1.0,1.0,1.0,1.0,2.0,1.0,1.0,2.0,2.0,2.0,1.0,2.0,2.0,2.0,2.0,2.0,2.0,2.0,1.0,2.0,2.0,2.0,2.0,2.0,2.0,2.0,2.0,2.0,2.0,2.0,2.0,2.0,1.0,2.0,2.0,2.0,2.0,2.0,2.0,2.0,1.0,2.0,1.0,2.0,,4.0,,,1.0,,,20.0,1.0,,
pid_625,,2.0,,2.0,,,1.0,20.0,,,2.0,82.0,,85.0,,5.0,5.0,5.0,4.0,4.0,4.0,5.0,3.0,5.0,5.0,4.0,1.0,,,,,,4.0,3.0,2.0,5.0,,1.0,6.0,2.0,5.0,3.0,5.0,7.0,7.0,7.0,71.0,61.0,71.0,67.0,44.0,74.0,43.0,64.0,45.0,57.0,1.0,,6.0,,,,,,,,,,,1.0,2.0,1.0,2.0,1.0,1.0,1.0,2.0,1.0,1.0,2.0,2.0,2.0,1.0,1.0,2.0,2.0,2.0,1.0,1.0,2.0,2.0,2.0,1.0,2.0,1.0,2.0,2.0,1.0,2.0,2.0,1.0,2.0,2.0,2.0,1.0,1.0,1.0,1.0,2.0,1.0,2.0,2.0,1.0,1.0,2.0,5.0,,,2.0,,,,18.0,1.0,,
pid_626,,2.0,,2.0,,,1.0,53.0,2.0,800.0,,,,70.0,,4.0,4.0,4.0,2.0,5.0,4.0,5.0,5.0,5.0,5.0,4.0,,,4.0,3.0,3.0,1.0,,,,,5.0,1.0,6.0,4.0,5.0,5.0,2.0,5.0,5.0,5.0,66.0,64.0,52.0,76.0,68.0,65.0,73.0,76.0,67.0,64.0,1.0,,6.0,1.0,2.0,1.0,2.0,2.0,2.0,1.0,1.0,2.0,1.0,,,,,,,1.0,1.0,1.0,1.0,2.0,1.0,2.0,1.0,1.0,2.0,1.0,1.0,2.0,1.0,1.0,2.0,1.0,2.0,1.0,1.0,1.0,1.0,2.0,2.0,1.0,1.0,1.0,1.0,2.0,2.0,2.0,2.0,2.0,2.0,1.0,1.0,2.0,1.0,2.0,1.0,,,5.0,,,3.0,,14.0,4.0,,
pid_627,,2.0,,2.0,2.0,30.0,,,2.0,600.0,,,90.0,,1.0,,1.0,1.0,5.0,3.0,1.0,1.0,1.0,1.0,1.0,1.0,2.0,,,,,,3.0,4.0,2.0,,1.0,1.0,2.0,1.0,6.0,5.0,2.0,5.0,5.0,5.0,9.0,16.0,78.0,60.0,4.0,3.0,8.0,10.0,21.0,17.0,1.0,,5.0,,,,,,,,,,,1.0,1.0,1.0,1.0,2.0,2.0,2.0,2.0,2.0,2.0,2.0,2.0,2.0,2.0,2.0,2.0,2.0,2.0,2.0,2.0,2.0,2.0,2.0,2.0,2.0,2.0,1.0,2.0,1.0,1.0,1.0,2.0,2.0,2.0,2.0,2.0,2.0,2.0,2.0,2.0,1.0,2.0,2.0,2.0,1.0,2.0,1.0,,,1.0,,,,20.0,2.0,,
pid_628,1.0,,,2.0,,,2.0,9.0,,,1.0,90.0,,55.0,1.0,,1.0,3.0,5.0,3.0,4.0,3.0,1.0,3.0,1.0,4.0,,4.0,,,,,3.0,5.0,2.0,2.0,,2.0,6.0,1.0,1.0,2.0,4.0,6.0,6.0,5.0,20.0,33.0,60.0,25.0,25.0,25.0,10.0,25.0,5.0,55.0,3.0,6.0,,,,,,,,,,,,1.0,2.0,1.0,2.0,1.0,1.0,2.0,1.0,1.0,1.0,1.0,1.0,1.0,2.0,2.0,1.0,1.0,1.0,1.0,1.0,2.0,1.0,2.0,1.0,1.0,1.0,2.0,1.0,2.0,1.0,1.0,2.0,2.0,1.0,2.0,1.0,1.0,1.0,1.0,1.0,1.0,1.0,1.0,2.0,1.0,2.0,,4.0,,,4.0,,,5.0,,,3.0
pid_629,1.0,,1.0,,,,1.0,14.0,2.0,800.0,,,,100.0,,2.0,4.0,4.0,1.0,3.0,3.0,4.0,5.0,3.0,5.0,4.0,,,1.0,4.0,4.0,3.0,,,,5.0,,2.0,7.0,4.0,2.0,4.0,2.0,6.0,7.0,5.0,60.0,30.0,55.0,50.0,25.0,50.0,75.0,50.0,40.0,80.0,1.0,,5.0,2.0,2.0,2.0,2.0,2.0,2.0,2.0,2.0,2.0,2.0,,,,,,,2.0,2.0,2.0,2.0,2.0,1.0,2.0,2.0,1.0,1.0,2.0,1.0,1.0,2.0,1.0,2.0,2.0,2.0,2.0,2.0,2.0,1.0,1.0,1.0,2.0,2.0,1.0,2.0,1.0,1.0,1.0,2.0,1.0,1.0,2.0,2.0,2.0,1.0,2.0,2.0,,,2.0,,,3.0,20.0,,,,3.0
pid_630,1.0,,1.0,,1.0,89.0,,,1.0,3000.0,,,20.0,,,4.0,3.0,5.0,3.0,4.0,4.0,4.0,5.0,3.0,4.0,5.0,2.0,,,,,,4.0,2.0,2.0,4.0,,2.0,5.0,2.0,1.0,1.0,2.0,7.0,7.0,7.0,50.0,75.0,50.0,65.0,30.0,60.0,70.0,60.0,50.0,85.0,2.0,,5.0,,,,,,,,,,,1.0,1.0,2.0,1.0,1.0,2.0,2.0,2.0,2.0,2.0,1.0,1.0,2.0,2.0,1.0,2.0,2.0,2.0,2.0,1.0,2.0,1.0,2.0,1.0,1.0,1.0,2.0,1.0,1.0,2.0,1.0,2.0,2.0,1.0,2.0,2.0,2.0,2.0,1.0,2.0,2.0,2.0,2.0,2.0,1.0,2.0,4.0,,,4.0,,,,20.0,,6.0,
pid_631,,2.0,1.0,,,,1.0,40.0,,,1.0,90.0,,71.0,4.0,,3.0,5.0,3.0,4.0,4.0,4.0,5.0,5.0,4.0,5.0,,5.0,,,,,3.0,2.0,4.0,3.0,,2.0,3.0,1.0,1.0,3.0,1.0,5.0,7.0,5.0,44.0,40.0,50.0,45.0,50.0,41.0,43.0,46.0,29.0,100.0,3.0,,3.0,1.0,1.0,2.0,1.0,1.0,1.0,2.0,1.0,1.0,2.0,,,,,,,2.0,1.0,2.0,1.0,1.0,2.0,1.0,1.0,1.0,1.0,1.0,2.0,1.0,1.0,1.0,1.0,1.0,1.0,1.0,1.0,1.0,1.0,1.0,1.0,1.0,2.0,1.0,2.0,1.0,2.0,1.0,1.0,1.0,2.0,2.0,1.0,1.0,2.0,1.0,1.0,,5.0,,,6.0,,,14.0,,10.0,
pid_632,1.0,,,1.0,,,2.0,0.0,1.0,400.0,,,,35.0,2.0,,4.0,5.0,5.0,5.0,3.0,5.0,4.0,4.0,1.0,5.0,3.0,,,2.0,5.0,2.0,,,,,3.0,2.0,2.0,1.0,3.0,3.0,2.0,5.0,6.0,6.0,71.0,95.0,86.0,90.0,74.0,96.0,52.0,54.0,26.0,94.0,1.0,,6.0,,,,,,,,,,,1.0,2.0,2.0,1.0,1.0,2.0,2.0,2.0,1.0,2.0,2.0,2.0,1.0,2.0,1.0,1.0,1.0,2.0,2.0,1.0,1.0,1.0,2.0,1.0,1.0,2.0,1.0,2.0,2.0,1.0,2.0,1.0,2.0,2.0,2.0,1.0,1.0,1.0,1.0,2.0,1.0,2.0,2.0,1.0,1.0,1.0,2.0,,,5.0,,,,20.0,,9.0,
pid_633,,2.0,,2.0,,,1.0,51.0,,,1.0,120.0,,85.0,,4.0,2.0,4.0,4.0,3.0,4.0,4.0,5.0,3.0,5.0,4.0,1.0,,,4.0,5.0,2.0,,,,,4.0,1.0,6.0,2.0,7.0,7.0,2.0,5.0,7.0,7.0,30.0,55.0,80.0,35.0,45.0,50.0,60.0,25.0,75.0,70.0,3.0,,7.0,,,,,,,,,,,1.0,1.0,1.0,2.0,1.0,1.0,2.0,1.0,1.0,2.0,1.0,1.0,2.0,2.0,2.0,2.0,2.0,1.0,2.0,1.0,2.0,2.0,1.0,1.0,1.0,2.0,2.0,2.0,1.0,1.0,2.0,2.0,2.0,2.0,2.0,1.0,1.0,1.0,2.0,1.0,1.0,2.0,2.0,1.0,1.0,2.0,4.0,,,4.0,,,,15.0,,,2.0
pid_634,,2.0,1.0,,,,1.0,15.0,2.0,500.0,,,30.0,,,5.0,5.0,5.0,1.0,2.0,5.0,5.0,5.0,4.0,5.0,5.0,,,2.0,3.0,4.0,3.0,,,,4.0,,1.0,5.0,1.0,4.0,3.0,2.0,5.0,5.0,5.0,40.0,38.0,59.0,46.0,35.0,30.0,40.0,37.0,34.0,35.0,4.0,,7.0,,,,,,,,,,,1.0,1.0,2.0,1.0,1.0,2.0,1.0,2.0,2.0,2.0,2.0,2.0,1.0,2.0,2.0,1.0,1.0,2.0,2.0,1.0,1.0,2.0,1.0,1.0,1.0,2.0,2.0,1.0,1.0,2.0,2.0,2.0,1.0,1.0,2.0,2.0,2.0,2.0,2.0,2.0,2.0,1.0,2.0,1.0,2.0,2.0,,,5.0,,,6.0,18.0,,,3.0,
pid_635,,2.0,1.0,,,,1.0,54.0,2.0,600.0,,,,70.0,2.0,,3.0,2.0,5.0,4.0,2.0,5.0,5.0,5.0,2.0,5.0,1.0,,,6.0,4.0,2.0,,,,,4.0,2.0,5.0,1.0,4.0,7.0,5.0,7.0,5.0,6.0,33.0,70.0,45.0,40.0,55.0,40.0,70.0,40.0,75.0,50.0,3.0,6.0,,1.0,2.0,2.0,1.0,2.0,1.0,2.0,1.0,2.0,1.0,,,,,,,1.0,1.0,2.0,1.0,1.0,1.0,2.0,1.0,2.0,2.0,2.0,2.0,2.0,1.0,1.0,2.0,1.0,1.0,2.0,2.0,2.0,2.0,1.0,1.0,1.0,1.0,1.0,2.0,1.0,1.0,1.0,1.0,2.0,1.0,2.0,1.0,2.0,1.0,2.0,2.0,5.0,,,5.0,,,,15.0,,,3.0
pid_636,1.0,,2.0,,1.0,70.0,,,,,1.0,100.0,,70.0,,3.0,3.0,3.0,2.0,4.0,4.0,4.0,5.0,2.0,3.0,4.0,,2.0,,2.0,3.0,1.0,,,,,3.0,2.0,6.0,2.0,2.0,3.0,4.0,5.0,6.0,5.0,29.0,31.0,15.0,30.0,15.0,11.0,86.0,24.0,8.0,14.0,3.0,,3.0,,,,,,,,,,,1.0,1.0,1.0,1.0,2.0,2.0,2.0,1.0,2.0,2.0,2.0,1.0,2.0,1.0,1.0,1.0,1.0,1.0,1.0,2.0,1.0,2.0,1.0,1.0,2.0,1.0,1.0,2.0,2.0,1.0,1.0,1.0,2.0,1.0,1.0,1.0,1.0,1.0,1.0,1.0,1.0,1.0,2.0,1.0,2.0,1.0,,5.0,,,2.0,,10.0,,2.0,,
pid_637,2.0,,,2.0,,,1.0,20.0,,,1.0,200.0,30.0,,2.0,,4.0,5.0,2.0,5.0,3.0,4.0,5.0,5.0,5.0,5.0,,,2.0,3.0,4.0,1.0,,,,,6.0,1.0,7.0,2.0,3.0,5.0,3.0,7.0,6.0,6.0,40.0,60.0,45.0,65.0,30.0,55.0,52.0,64.0,55.0,70.0,2.0,6.0,,,,,,,,,,,,1.0,1.0,2.0,1.0,2.0,1.0,2.0,2.0,2.0,2.0,1.0,2.0,2.0,1.0,2.0,2.0,2.0,2.0,2.0,2.0,2.0,2.0,1.0,1.0,1.0,2.0,2.0,2.0,2.0,2.0,2.0,1.0,2.0,2.0,2.0,2.0,1.0,2.0,2.0,2.0,2.0,1.0,2.0,2.0,1.0,1.0,,,4.0,,,4.0,,10.0,1.0,,
pid_638,,2.0,,1.0,,,1.0,20.0,,,1.0,250.0,10.0,,,3.0,4.0,5.0,4.0,2.0,4.0,4.0,5.0,3.0,4.0,4.0,1.0,,,,,,4.0,2.0,4.0,3.0,,1.0,6.0,1.0,5.0,5.0,1.0,5.0,5.0,5.0,80.0,86.0,16.0,22.0,75.0,87.0,100.0,57.0,90.0,100.0,3.0,6.0,,1.0,2.0,1.0,1.0,2.0,1.0,1.0,1.0,2.0,1.0,,,,,,,1.0,1.0,2.0,1.0,2.0,1.0,1.0,2.0,1.0,2.0,2.0,2.0,2.0,2.0,2.0,1.0,2.0,1.0,2.0,1.0,1.0,2.0,2.0,2.0,2.0,2.0,2.0,2.0,2.0,1.0,2.0,2.0,1.0,2.0,1.0,2.0,2.0,2.0,2.0,2.0,5.0,,,6.0,,,,18.0,,,5.0
pid_639,1.0,,,1.0,2.0,52.0,,,2.0,991.0,,,30.0,,,2.0,5.0,5.0,1.0,1.0,5.0,5.0,5.0,5.0,5.0,5.0,,1.0,,,,,2.0,4.0,3.0,5.0,,1.0,5.0,1.0,4.0,5.0,2.0,6.0,6.0,6.0,34.0,73.0,56.0,24.0,18.0,40.0,34.0,34.0,39.0,73.0,4.0,,4.0,1.0,1.0,1.0,1.0,1.0,1.0,1.0,1.0,1.0,1.0,,,,,,,1.0,2.0,2.0,2.0,2.0,2.0,1.0,1.0,1.0,2.0,2.0,2.0,1.0,2.0,1.0,2.0,2.0,2.0,1.0,1.0,2.0,1.0,1.0,2.0,2.0,2.0,2.0,2.0,1.0,1.0,2.0,1.0,2.0,1.0,2.0,2.0,2.0,2.0,2.0,2.0,,4.0,,,1.0,,,0.0,,9.0,
pid_640,,1.0,1.0,,1.0,100.0,,,,,1.0,200.0,5.0,,,5.0,4.0,4.0,2.0,4.0,4.0,4.0,2.0,4.0,2.0,4.0,,,1.0,,,,3.0,4.0,3.0,,6.0,2.0,7.0,2.0,2.0,2.0,3.0,6.0,6.0,6.0,46.0,63.0,81.0,81.0,23.0,68.0,42.0,67.0,50.0,79.0,3.0,6.0,,1.0,2.0,1.0,1.0,1.0,1.0,2.0,2.0,2.0,2.0,,,,,,,2.0,1.0,2.0,1.0,2.0,2.0,1.0,1.0,1.0,1.0,2.0,1.0,2.0,2.0,2.0,1.0,1.0,2.0,2.0,2.0,1.0,2.0,1.0,2.0,1.0,2.0,1.0,2.0,1.0,2.0,2.0,2.0,2.0,2.0,1.0,1.0,2.0,2.0,2.0,1.0,,,5.0,,,6.0,,10.0,,,2.0
pid_641,,2.0,,2.0,,,1.0,50.0,,,1.0,300.0,85.0,,,5.0,4.0,4.0,4.0,3.0,3.0,3.0,5.0,4.0,4.0,3.0,1.0,,,,,,2.0,4.0,1.0,,6.0,2.0,6.0,5.0,4.0,3.0,5.0,5.0,6.0,6.0,70.0,95.0,80.0,50.0,50.0,80.0,75.0,50.0,25.0,50.0,1.0,6.0,,1.0,1.0,1.0,1.0,1.0,1.0,1.0,1.0,1.0,1.0,,,,,,,1.0,1.0,1.0,1.0,2.0,2.0,2.0,2.0,2.0,2.0,1.0,1.0,2.0,1.0,2.0,1.0,2.0,2.0,1.0,2.0,2.0,2.0,2.0,1.0,2.0,2.0,2.0,2.0,2.0,2.0,2.0,2.0,2.0,1.0,2.0,1.0,1.0,1.0,1.0,1.0,4.0,,,3.0,,,15.0,,,,3.0
pid_642,2.0,,,1.0,2.0,54.0,,,,,1.0,500.0,30.0,,,4.0,1.0,5.0,3.0,5.0,4.0,3.0,4.0,5.0,5.0,5.0,1.0,,,,,,3.0,3.0,3.0,2.0,,1.0,6.0,1.0,2.0,2.0,1.0,5.0,7.0,7.0,30.0,70.0,50.0,85.0,65.0,55.0,80.0,60.0,45.0,95.0,2.0,6.0,,,,,,,,,,,,1.0,2.0,1.0,1.0,1.0,2.0,1.0,2.0,2.0,2.0,1.0,2.0,2.0,2.0,2.0,2.0,1.0,2.0,2.0,2.0,1.0,2.0,2.0,2.0,2.0,1.0,1.0,1.0,1.0,1.0,1.0,2.0,1.0,2.0,2.0,2.0,2.0,1.0,2.0,1.0,2.0,1.0,1.0,2.0,1.0,1.0,5.0,,,5.0,,,20.0,,,10.0,
pid_643,1.0,,,2.0,2.0,50.0,,,2.0,300.0,,,,85.0,3.0,,5.0,5.0,2.0,3.0,4.0,4.0,5.0,5.0,5.0,5.0,2.0,,,,,,3.0,4.0,4.0,5.0,,1.0,7.0,3.0,6.0,5.0,3.0,5.0,5.0,5.0,62.0,72.0,78.0,60.0,38.0,10.0,64.0,68.0,59.0,68.0,4.0,6.0,,1.0,1.0,1.0,1.0,1.0,1.0,1.0,1.0,1.0,1.0,,,,,,,1.0,2.0,1.0,1.0,1.0,1.0,1.0,2.0,2.0,1.0,1.0,1.0,1.0,2.0,2.0,2.0,2.0,2.0,2.0,2.0,1.0,2.0,2.0,2.0,2.0,2.0,2.0,2.0,2.0,2.0,2.0,2.0,2.0,1.0,2.0,1.0,2.0,1.0,2.0,2.0,4.0,,,3.0,,,,20.0,,,2.0
pid_644,,2.0,1.0,,,,2.0,0.0,2.0,800.0,,,3.0,,,5.0,4.0,5.0,5.0,5.0,2.0,4.0,3.0,4.0,4.0,4.0,,2.0,,5.0,3.0,1.0,,,,2.0,,2.0,7.0,1.0,6.0,1.0,5.0,7.0,4.0,7.0,90.0,95.0,90.0,95.0,60.0,75.0,70.0,90.0,50.0,95.0,1.0,5.0,,,,,,,,,,,,1.0,1.0,2.0,1.0,1.0,1.0,1.0,2.0,1.0,2.0,1.0,1.0,2.0,2.0,1.0,2.0,1.0,1.0,2.0,2.0,2.0,2.0,1.0,2.0,2.0,1.0,1.0,1.0,1.0,2.0,2.0,2.0,2.0,2.0,2.0,2.0,2.0,2.0,1.0,2.0,1.0,2.0,2.0,1.0,1.0,1.0,,5.0,,,5.0,,15.0,,,,2.0
pid_645,,1.0,,1.0,,,1.0,54.0,2.0,350.0,,,,40.0,2.0,,4.0,4.0,4.0,4.0,4.0,4.0,4.0,4.0,2.0,3.0,,,2.0,,,,6.0,1.0,1.0,,3.0,2.0,6.0,3.0,6.0,6.0,2.0,5.0,6.0,6.0,64.0,76.0,83.0,80.0,46.0,73.0,63.0,78.0,18.0,42.0,2.0,,3.0,1.0,1.0,1.0,2.0,2.0,2.0,1.0,1.0,2.0,1.0,,,,,,,1.0,1.0,2.0,1.0,1.0,1.0,1.0,2.0,1.0,1.0,2.0,2.0,1.0,2.0,2.0,1.0,1.0,1.0,1.0,2.0,1.0,2.0,1.0,2.0,1.0,1.0,1.0,1.0,1.0,2.0,1.0,1.0,1.0,1.0,1.0,1.0,1.0,1.0,1.0,1.0,,,5.0,,,5.0,16.0,,,10.0,
pid_646,,2.0,,1.0,2.0,35.0,,,,,1.0,135.0,,70.0,1.0,,4.0,5.0,2.0,1.0,4.0,4.0,5.0,5.0,5.0,5.0,3.0,,,,,,3.0,4.0,5.0,5.0,,1.0,6.0,1.0,5.0,5.0,3.0,7.0,6.0,6.0,35.0,56.0,50.0,30.0,15.0,25.0,46.0,55.0,55.0,79.0,3.0,6.0,,1.0,2.0,1.0,2.0,1.0,1.0,1.0,2.0,1.0,1.0,,,,,,,1.0,1.0,2.0,2.0,1.0,2.0,1.0,2.0,1.0,2.0,2.0,1.0,1.0,2.0,2.0,1.0,1.0,1.0,1.0,1.0,2.0,1.0,2.0,2.0,2.0,1.0,2.0,1.0,2.0,1.0,2.0,2.0,2.0,1.0,1.0,1.0,2.0,2.0,2.0,1.0,5.0,,,2.0,,,20.0,,,9.0,
pid_647,,2.0,1.0,,,,1.0,50.0,2.0,350.0,,,,70.0,,5.0,3.0,5.0,4.0,4.0,4.0,4.0,4.0,5.0,4.0,4.0,,,4.0,,,,3.0,3.0,3.0,3.0,,2.0,7.0,3.0,6.0,6.0,2.0,4.0,7.0,7.0,30.0,55.0,67.0,55.0,24.0,33.0,64.0,69.0,41.0,57.0,1.0,6.0,,,,,,,,,,,,1.0,1.0,2.0,1.0,1.0,2.0,1.0,2.0,2.0,2.0,2.0,2.0,2.0,2.0,2.0,2.0,2.0,2.0,2.0,2.0,2.0,1.0,2.0,2.0,2.0,1.0,2.0,1.0,1.0,2.0,2.0,2.0,1.0,2.0,2.0,2.0,2.0,1.0,1.0,2.0,1.0,1.0,1.0,2.0,2.0,2.0,,,4.0,,,6.0,19.0,,2.0,,
pid_650,,2.0,,2.0,2.0,60.0,,,1.0,1005.0,,,90.0,,,2.0,3.0,1.0,4.0,3.0,3.0,2.0,4.0,3.0,4.0,4.0,2.0,,,4.0,4.0,2.0,,,,3.0,,2.0,7.0,5.0,5.0,7.0,3.0,5.0,6.0,5.0,30.0,70.0,90.0,50.0,20.0,5.0,80.0,70.0,30.0,90.0,1.0,,7.0,,,,,,,,,,,1.0,1.0,2.0,1.0,1.0,2.0,2.0,1.0,1.0,1.0,2.0,2.0,2.0,1.0,2.0,2.0,1.0,1.0,2.0,2.0,2.0,1.0,2.0,2.0,2.0,2.0,2.0,2.0,1.0,2.0,2.0,1.0,2.0,2.0,2.0,1.0,2.0,2.0,1.0,2.0,2.0,1.0,2.0,2.0,2.0,2.0,3.0,,,1.0,,,,3.0,,,1.0
pid_651,1.0,,,2.0,,,1.0,40.0,,,1.0,300.0,,70.0,,5.0,1.0,1.0,1.0,1.0,1.0,1.0,5.0,5.0,1.0,3.0,2.0,,,2.0,5.0,3.0,,,,4.0,,1.0,5.0,2.0,7.0,7.0,5.0,3.0,6.0,4.0,18.0,40.0,80.0,40.0,22.0,30.0,60.0,50.0,20.0,55.0,3.0,3.0,,,,,,,,,,,,1.0,2.0,1.0,2.0,1.0,1.0,2.0,2.0,2.0,2.0,2.0,1.0,2.0,1.0,2.0,2.0,1.0,2.0,1.0,1.0,2.0,1.0,2.0,1.0,2.0,1.0,1.0,1.0,1.0,2.0,1.0,1.0,1.0,2.0,1.0,2.0,1.0,1.0,2.0,1.0,1.0,1.0,2.0,1.0,2.0,2.0,4.0,,,3.0,,,20.0,,,7.0,
pid_652,1.0,,,2.0,,,1.0,20.0,2.0,500.0,,,,70.0,,5.0,5.0,5.0,2.0,4.0,4.0,4.0,4.0,5.0,5.0,5.0,,2.0,,,,,4.0,3.0,2.0,,4.0,1.0,6.0,2.0,4.0,2.0,1.0,6.0,5.0,5.0,65.0,51.0,42.0,51.0,37.0,43.0,51.0,60.0,68.0,74.0,3.0,6.0,,1.0,2.0,1.0,1.0,2.0,2.0,2.0,1.0,1.0,2.0,,,,,,,2.0,2.0,2.0,2.0,1.0,2.0,2.0,2.0,2.0,2.0,1.0,1.0,1.0,2.0,1.0,2.0,2.0,2.0,1.0,1.0,2.0,2.0,2.0,1.0,1.0,2.0,2.0,2.0,2.0,2.0,1.0,2.0,1.0,2.0,2.0,2.0,1.0,2.0,1.0,2.0,,4.0,,,4.0,,,8.0,,4.0,
pid_653,2.0,,,1.0,,,2.0,10.0,,,1.0,100.0,,73.0,5.0,,1.0,2.0,1.0,3.0,3.0,2.0,1.0,4.0,1.0,4.0,,4.0,,,,,4.0,6.0,5.0,,5.0,2.0,6.0,1.0,2.0,3.0,1.0,7.0,6.0,5.0,12.0,82.0,73.0,62.0,26.0,30.0,62.0,68.0,44.0,65.0,3.0,,6.0,1.0,1.0,2.0,1.0,1.0,1.0,2.0,2.0,2.0,2.0,,,,,,,1.0,1.0,1.0,2.0,2.0,1.0,1.0,1.0,2.0,2.0,1.0,2.0,1.0,1.0,2.0,2.0,1.0,1.0,2.0,2.0,2.0,2.0,1.0,1.0,1.0,1.0,2.0,2.0,2.0,2.0,1.0,2.0,2.0,1.0,2.0,1.0,1.0,2.0,1.0,1.0,,5.0,,,5.0,,12.0,,,,3.0
pid_654,1.0,,1.0,,,,1.0,40.0,,,1.0,280.0,,65.0,,4.0,5.0,5.0,2.0,1.0,5.0,5.0,5.0,5.0,5.0,5.0,1.0,,,,,,4.0,3.0,4.0,,5.0,2.0,7.0,1.0,2.0,2.0,5.0,7.0,7.0,6.0,57.0,61.0,60.0,58.0,51.0,43.0,54.0,56.0,38.0,58.0,3.0,6.0,,2.0,1.0,2.0,1.0,1.0,2.0,1.0,1.0,2.0,1.0,,,,,,,1.0,1.0,2.0,2.0,1.0,1.0,1.0,1.0,1.0,1.0,1.0,2.0,2.0,2.0,2.0,1.0,2.0,1.0,1.0,2.0,1.0,2.0,1.0,1.0,2.0,2.0,1.0,1.0,1.0,2.0,2.0,1.0,1.0,2.0,1.0,1.0,2.0,2.0,2.0,1.0,4.0,,,4.0,,,,10.0,,5.0,
pid_655,2.0,,,1.0,,,1.0,52.0,2.0,380.0,,,30.0,,5.0,,4.0,1.0,5.0,4.0,4.0,5.0,4.0,4.0,2.0,5.0,2.0,,,,,,4.0,3.0,1.0,,6.0,1.0,5.0,4.0,2.0,3.0,5.0,5.0,6.0,7.0,70.0,70.0,78.0,49.0,50.0,86.0,79.0,80.0,38.0,95.0,3.0,6.0,,,,,,,,,,,,1.0,1.0,1.0,1.0,1.0,1.0,1.0,1.0,1.0,1.0,1.0,1.0,2.0,2.0,2.0,2.0,1.0,1.0,1.0,1.0,2.0,2.0,2.0,1.0,2.0,2.0,1.0,1.0,2.0,1.0,2.0,2.0,2.0,2.0,2.0,1.0,2.0,1.0,2.0,1.0,1.0,2.0,1.0,1.0,1.0,2.0,4.0,,,2.0,,,14.0,,8.0,,
pid_656,2.0,,1.0,,1.0,200.0,,,,,1.0,50.0,31.0,,5.0,,3.0,3.0,5.0,5.0,4.0,5.0,5.0,5.0,1.0,5.0,4.0,,,,,,5.0,1.0,3.0,,6.0,1.0,6.0,1.0,4.0,1.0,1.0,6.0,5.0,7.0,20.0,22.0,100.0,100.0,100.0,100.0,51.0,47.0,32.0,31.0,1.0,3.0,,1.0,1.0,1.0,1.0,1.0,1.0,1.0,1.0,1.0,1.0,,,,,,,1.0,2.0,1.0,2.0,1.0,1.0,2.0,1.0,2.0,1.0,2.0,1.0,2.0,2.0,2.0,1.0,2.0,1.0,1.0,1.0,2.0,1.0,1.0,1.0,1.0,1.0,1.0,1.0,2.0,2.0,2.0,1.0,1.0,2.0,1.0,1.0,2.0,2.0,1.0,1.0,5.0,,,5.0,,,5.0,,,1.0,
pid_657,,1.0,1.0,,,,1.0,54.0,,,1.0,380.0,,60.0,5.0,,4.0,5.0,3.0,4.0,3.0,4.0,5.0,5.0,5.0,5.0,,,1.0,,,,2.0,1.0,4.0,5.0,,2.0,7.0,1.0,6.0,7.0,1.0,1.0,3.0,3.0,71.0,5.0,3.0,82.0,29.0,29.0,87.0,29.0,74.0,25.0,1.0,3.0,,2.0,1.0,1.0,1.0,1.0,1.0,1.0,1.0,1.0,1.0,,,,,,,1.0,2.0,1.0,1.0,2.0,2.0,1.0,1.0,1.0,1.0,1.0,1.0,1.0,2.0,1.0,2.0,1.0,2.0,1.0,2.0,1.0,1.0,1.0,1.0,2.0,1.0,2.0,1.0,1.0,1.0,2.0,1.0,2.0,2.0,2.0,1.0,1.0,1.0,2.0,1.0,,,5.0,,,6.0,,20.0,,10.0,
pid_658,1.0,,1.0,,2.0,30.0,,,,,1.0,120.0,70.0,,4.0,,3.0,5.0,2.0,3.0,3.0,3.0,4.0,4.0,5.0,5.0,3.0,,,,,,3.0,2.0,5.0,5.0,,1.0,5.0,5.0,5.0,5.0,5.0,5.0,4.0,5.0,50.0,70.0,30.0,50.0,40.0,40.0,55.0,55.0,60.0,50.0,1.0,,6.0,1.0,2.0,1.0,1.0,1.0,1.0,1.0,1.0,2.0,2.0,,,,,,,2.0,2.0,2.0,2.0,2.0,2.0,1.0,2.0,1.0,2.0,1.0,2.0,1.0,1.0,2.0,2.0,2.0,1.0,1.0,2.0,2.0,2.0,2.0,1.0,2.0,1.0,2.0,2.0,2.0,2.0,2.0,1.0,2.0,2.0,1.0,2.0,1.0,2.0,2.0,2.0,5.0,,,6.0,,,15.0,,3.0,,
pid_659,1.0,,1.0,,2.0,30.0,,,1.0,1350.0,,,30.0,,1.0,,4.0,4.0,4.0,3.0,5.0,4.0,5.0,4.0,4.0,5.0,,,4.0,,,,3.0,3.0,3.0,1.0,,1.0,6.0,1.0,5.0,5.0,2.0,5.0,6.0,6.0,39.0,31.0,56.0,38.0,26.0,25.0,49.0,44.0,56.0,65.0,3.0,,4.0,,,,,,,,,,,1.0,1.0,1.0,1.0,1.0,1.0,1.0,1.0,2.0,1.0,1.0,1.0,1.0,2.0,2.0,1.0,1.0,2.0,1.0,1.0,1.0,2.0,2.0,1.0,1.0,1.0,2.0,2.0,1.0,1.0,1.0,2.0,1.0,1.0,1.0,2.0,1.0,1.0,1.0,2.0,1.0,2.0,1.0,2.0,1.0,1.0,,,4.0,,,6.0,18.0,,,7.0,
pid_660,,2.0,,1.0,,,2.0,8.0,1.0,1200.0,,,60.0,,2.0,,4.0,4.0,3.0,4.0,3.0,4.0,4.0,4.0,4.0,4.0,1.0,,,,,,3.0,4.0,3.0,5.0,,2.0,6.0,2.0,3.0,3.0,1.0,5.0,6.0,6.0,50.0,76.0,76.0,50.0,25.0,50.0,50.0,50.0,25.0,75.0,2.0,3.0,,,,,,,,,,,,1.0,1.0,2.0,1.0,1.0,2.0,2.0,2.0,1.0,1.0,1.0,1.0,2.0,2.0,2.0,2.0,1.0,2.0,2.0,2.0,2.0,2.0,1.0,1.0,2.0,1.0,2.0,2.0,2.0,1.0,1.0,1.0,1.0,2.0,1.0,2.0,1.0,1.0,1.0,2.0,2.0,1.0,2.0,2.0,2.0,2.0,5.0,,,5.0,,,,10.0,,3.0,
pid_661,,2.0,,2.0,,,1.0,40.0,,,1.0,125.0,,92.0,2.0,,5.0,4.0,2.0,1.0,4.0,5.0,4.0,5.0,4.0,4.0,1.0,,,2.0,3.0,2.0,,,,,4.0,1.0,6.0,2.0,2.0,2.0,3.0,6.0,6.0,6.0,25.0,10.0,54.0,0.0,5.0,50.0,40.0,60.0,40.0,60.0,4.0,,6.0,,,,,,,,,,,1.0,1.0,1.0,1.0,1.0,1.0,2.0,2.0,2.0,1.0,2.0,2.0,1.0,1.0,1.0,2.0,2.0,1.0,1.0,2.0,1.0,2.0,2.0,2.0,2.0,2.0,1.0,2.0,2.0,2.0,2.0,2.0,2.0,2.0,2.0,2.0,1.0,1.0,2.0,2.0,1.0,1.0,2.0,2.0,1.0,1.0,5.0,,,6.0,,,15.0,,,,2.0
pid_662,1.0,,1.0,,,,1.0,50.0,,,1.0,400.0,50.0,,4.0,,3.0,4.0,4.0,4.0,4.0,4.0,3.0,3.0,4.0,4.0,,1.0,,3.0,3.0,3.0,,,,4.0,,2.0,6.0,1.0,2.0,2.0,5.0,6.0,6.0,6.0,10.0,30.0,40.0,60.0,80.0,20.0,35.0,40.0,40.0,100.0,2.0,7.0,,,,,,,,,,,,1.0,1.0,1.0,1.0,1.0,1.0,2.0,2.0,2.0,2.0,1.0,1.0,2.0,1.0,2.0,2.0,1.0,2.0,1.0,1.0,2.0,2.0,2.0,1.0,1.0,2.0,2.0,1.0,2.0,1.0,2.0,1.0,2.0,1.0,2.0,1.0,2.0,2.0,1.0,2.0,2.0,2.0,1.0,2.0,2.0,1.0,,5.0,,,5.0,,20.0,,,,2.0
pid_663,1.0,,,1.0,1.0,125.0,,,,,1.0,90.0,,10.0,,3.0,4.0,5.0,5.0,3.0,5.0,3.0,1.0,5.0,4.0,5.0,,1.0,,,,,2.0,2.0,6.0,,6.0,2.0,4.0,1.0,3.0,3.0,3.0,7.0,7.0,7.0,70.0,80.0,85.0,50.0,80.0,30.0,30.0,75.0,50.0,80.0,1.0,,6.0,,,,,,,,,,,1.0,1.0,2.0,1.0,1.0,2.0,2.0,2.0,1.0,1.0,2.0,2.0,2.0,1.0,2.0,2.0,2.0,2.0,1.0,2.0,2.0,2.0,2.0,1.0,2.0,1.0,1.0,2.0,1.0,1.0,1.0,2.0,2.0,1.0,2.0,2.0,2.0,1.0,2.0,1.0,1.0,2.0,1.0,2.0,1.0,2.0,,5.0,,,6.0,,20.0,,,,4.0
pid_664,1.0,,2.0,,,,1.0,50.0,,,1.0,350.0,,70.0,,3.0,1.0,5.0,3.0,4.0,4.0,2.0,4.0,5.0,3.0,4.0,,1.0,,,,,2.0,4.0,3.0,,4.0,1.0,6.0,4.0,3.0,3.0,2.0,5.0,5.0,5.0,14.0,89.0,48.0,54.0,26.0,33.0,41.0,62.0,24.0,58.0,4.0,,6.0,1.0,2.0,1.0,1.0,1.0,1.0,2.0,1.0,2.0,1.0,,,,,,,2.0,2.0,1.0,1.0,1.0,2.0,2.0,2.0,2.0,1.0,2.0,1.0,2.0,1.0,2.0,2.0,2.0,2.0,2.0,1.0,2.0,1.0,2.0,2.0,1.0,1.0,2.0,2.0,2.0,2.0,2.0,1.0,2.0,1.0,2.0,1.0,1.0,1.0,1.0,2.0,,1.0,,,1.0,,,15.0,1.0,,
pid_665,1.0,,,1.0,1.0,54.0,,,2.0,380.0,,,,30.0,1.0,,3.0,4.0,3.0,4.0,4.0,5.0,4.0,4.0,4.0,5.0,,,5.0,,,,3.0,4.0,3.0,4.0,,1.0,6.0,1.0,5.0,3.0,1.0,5.0,6.0,5.0,3.0,41.0,25.0,47.0,50.0,58.0,48.0,63.0,52.0,59.0,3.0,3.0,,,,,,,,,,,,1.0,1.0,1.0,1.0,2.0,2.0,2.0,2.0,1.0,2.0,2.0,1.0,1.0,2.0,1.0,2.0,1.0,2.0,2.0,2.0,1.0,1.0,1.0,2.0,1.0,2.0,2.0,2.0,2.0,2.0,2.0,2.0,1.0,2.0,2.0,1.0,2.0,2.0,2.0,2.0,2.0,1.0,1.0,2.0,1.0,1.0,,,4.0,,,4.0,,2.0,4.0,,
pid_666,2.0,,1.0,,,,2.0,9.0,1.0,4500.0,,,22.0,,3.0,,5.0,3.0,3.0,4.0,4.0,5.0,5.0,5.0,3.0,4.0,,5.0,,4.0,4.0,2.0,,,,,4.0,1.0,7.0,2.0,5.0,6.0,2.0,5.0,6.0,4.0,40.0,50.0,55.0,60.0,15.0,20.0,65.0,70.0,45.0,40.0,3.0,,3.0,1.0,2.0,1.0,1.0,2.0,1.0,1.0,2.0,1.0,1.0,,,,,,,1.0,2.0,1.0,1.0,2.0,2.0,2.0,1.0,1.0,1.0,1.0,1.0,1.0,1.0,1.0,2.0,2.0,2.0,2.0,2.0,2.0,2.0,1.0,1.0,1.0,2.0,1.0,2.0,2.0,2.0,1.0,2.0,1.0,1.0,2.0,2.0,1.0,1.0,2.0,1.0,,5.0,,,6.0,,,3.0,1.0,,
pid_667,,2.0,,2.0,,,1.0,15.0,,,1.0,100.0,,70.0,3.0,,1.0,1.0,5.0,3.0,1.0,1.0,1.0,1.0,1.0,1.0,2.0,,,3.0,3.0,2.0,,,,,2.0,1.0,5.0,6.0,2.0,2.0,2.0,5.0,6.0,6.0,1.0,1.0,99.0,41.0,1.0,1.0,1.0,1.0,1.0,1.0,1.0,,6.0,,,,,,,,,,,1.0,1.0,1.0,1.0,1.0,1.0,2.0,2.0,2.0,1.0,1.0,1.0,2.0,2.0,2.0,1.0,2.0,1.0,1.0,2.0,2.0,1.0,1.0,1.0,1.0,1.0,2.0,1.0,2.0,1.0,1.0,2.0,2.0,1.0,2.0,2.0,1.0,1.0,2.0,2.0,2.0,1.0,2.0,2.0,1.0,2.0,2.0,,,1.0,,,20.0,,,,1.0
pid_668,,2.0,1.0,,2.0,20.0,,,1.0,1200.0,,,82.0,,3.0,,1.0,1.0,5.0,4.0,1.0,1.0,1.0,1.0,1.0,4.0,2.0,,,,,,4.0,5.0,4.0,3.0,,1.0,7.0,4.0,4.0,6.0,5.0,6.0,7.0,5.0,15.0,8.0,70.0,65.0,15.0,2.0,18.0,24.0,20.0,75.0,3.0,,6.0,,,,,,,,,,,1.0,1.0,1.0,1.0,2.0,2.0,2.0,1.0,2.0,2.0,2.0,1.0,2.0,1.0,2.0,1.0,2.0,1.0,2.0,2.0,1.0,2.0,1.0,2.0,1.0,2.0,2.0,2.0,2.0,2.0,2.0,2.0,2.0,1.0,2.0,2.0,2.0,1.0,2.0,2.0,2.0,2.0,1.0,2.0,2.0,2.0,2.0,,,2.0,,,,5.0,1.0,,
pid_669,,2.0,2.0,,,,1.0,18.0,2.0,500.0,,,81.0,,2.0,,2.0,2.0,4.0,3.0,2.0,2.0,2.0,3.0,2.0,4.0,,4.0,,,,,5.0,3.0,4.0,4.0,,2.0,5.0,5.0,6.0,4.0,4.0,5.0,7.0,6.0,30.0,40.0,65.0,44.0,15.0,33.0,40.0,50.0,40.0,70.0,2.0,,6.0,,,,,,,,,,,1.0,1.0,1.0,1.0,1.0,1.0,2.0,2.0,2.0,1.0,1.0,2.0,1.0,1.0,2.0,1.0,1.0,1.0,1.0,1.0,1.0,1.0,1.0,1.0,1.0,1.0,1.0,1.0,1.0,1.0,1.0,1.0,2.0,1.0,1.0,1.0,1.0,2.0,1.0,2.0,1.0,1.0,2.0,1.0,1.0,2.0,,5.0,,,4.0,,,18.0,,6.0,
pid_670,1.0,,,1.0,2.0,46.0,,,,,1.0,500.0,90.0,,1.0,,4.0,4.0,3.0,4.0,4.0,3.0,4.0,4.0,4.0,4.0,2.0,,,3.0,3.0,3.0,,,,,4.0,2.0,7.0,2.0,3.0,3.0,3.0,6.0,6.0,6.0,53.0,70.0,25.0,57.0,56.0,26.0,53.0,60.0,69.0,65.0,4.0,4.0,,,,,,,,,,,,1.0,1.0,1.0,1.0,1.0,1.0,2.0,1.0,1.0,2.0,1.0,2.0,1.0,1.0,1.0,2.0,2.0,1.0,2.0,2.0,2.0,1.0,1.0,2.0,2.0,2.0,1.0,1.0,2.0,1.0,1.0,1.0,1.0,1.0,1.0,1.0,2.0,1.0,1.0,1.0,1.0,1.0,1.0,2.0,2.0,1.0,4.0,,,4.0,,,,20.0,,6.0,
pid_671,2.0,,2.0,,2.0,4.0,,,,,1.0,86.0,,1.0,,4.0,1.0,5.0,5.0,5.0,1.0,1.0,1.0,5.0,3.0,5.0,,,1.0,,,,1.0,3.0,4.0,1.0,,1.0,5.0,2.0,4.0,3.0,5.0,6.0,7.0,7.0,20.0,99.0,85.0,70.0,2.0,2.0,40.0,75.0,65.0,95.0,1.0,,3.0,,,,,,,,,,,2.0,2.0,2.0,2.0,2.0,2.0,2.0,2.0,2.0,2.0,1.0,1.0,2.0,1.0,1.0,1.0,2.0,1.0,2.0,1.0,1.0,2.0,2.0,1.0,2.0,1.0,1.0,2.0,1.0,2.0,1.0,1.0,1.0,2.0,2.0,2.0,2.0,2.0,2.0,2.0,2.0,2.0,2.0,1.0,2.0,2.0,,,1.0,,,1.0,,20.0,1.0,,
pid_672,1.0,,1.0,,2.0,42.0,,,1.0,1100.0,,,70.0,,3.0,,1.0,5.0,5.0,4.0,3.0,1.0,2.0,2.0,1.0,1.0,,5.0,,3.0,3.0,4.0,,,,3.0,,1.0,6.0,3.0,4.0,3.0,2.0,6.0,3.0,6.0,13.0,57.0,67.0,47.0,42.0,5.0,44.0,17.0,56.0,20.0,1.0,5.0,,1.0,1.0,1.0,1.0,1.0,1.0,1.0,1.0,1.0,1.0,,,,,,,2.0,2.0,1.0,2.0,1.0,1.0,1.0,1.0,1.0,1.0,2.0,2.0,1.0,1.0,2.0,2.0,1.0,2.0,2.0,1.0,2.0,1.0,1.0,1.0,1.0,2.0,2.0,2.0,2.0,2.0,1.0,2.0,1.0,1.0,1.0,2.0,2.0,2.0,1.0,2.0,,1.0,,,3.0,,2.0,,,10.0,
pid_673,,2.0,,2.0,,,2.0,8.0,,,1.0,220.0,70.0,,3.0,,2.0,1.0,5.0,2.0,1.0,1.0,1.0,3.0,1.0,4.0,2.0,,,,,,3.0,5.0,5.0,,2.0,1.0,7.0,1.0,3.0,3.0,5.0,3.0,6.0,6.0,35.0,20.0,65.0,35.0,30.0,25.0,25.0,45.0,30.0,70.0,3.0,6.0,,,,,,,,,,,,1.0,1.0,2.0,1.0,1.0,2.0,1.0,2.0,2.0,2.0,2.0,2.0,2.0,2.0,2.0,2.0,1.0,2.0,1.0,2.0,2.0,2.0,2.0,2.0,2.0,2.0,2.0,1.0,2.0,2.0,1.0,2.0,2.0,1.0,2.0,2.0,2.0,1.0,2.0,2.0,2.0,2.0,1.0,2.0,1.0,1.0,5.0,,,4.0,,,,0.0,1.0,,
pid_674,,2.0,,2.0,2.0,33.0,,,1.0,1250.0,,,,75.0,,3.0,1.0,1.0,5.0,4.0,2.0,1.0,2.0,4.0,1.0,5.0,,5.0,,3.0,3.0,2.0,,,,3.0,,1.0,5.0,2.0,5.0,1.0,3.0,7.0,5.0,7.0,45.0,54.0,48.0,65.0,33.0,44.0,47.0,58.0,42.0,79.0,1.0,,5.0,,,,,,,,,,,1.0,1.0,2.0,1.0,2.0,1.0,2.0,2.0,2.0,2.0,2.0,1.0,2.0,2.0,1.0,1.0,1.0,2.0,1.0,2.0,1.0,1.0,2.0,2.0,2.0,2.0,1.0,1.0,2.0,1.0,1.0,2.0,1.0,1.0,2.0,2.0,1.0,2.0,2.0,2.0,2.0,2.0,1.0,1.0,1.0,2.0,,3.0,,,4.0,,20.0,,,,1.0
pid_675,2.0,,,2.0,,,1.0,22.0,,,1.0,150.0,,100.0,2.0,,5.0,5.0,1.0,2.0,2.0,4.0,5.0,5.0,5.0,4.0,2.0,,,2.0,2.0,2.0,,,,,6.0,2.0,7.0,6.0,6.0,6.0,5.0,5.0,5.0,6.0,62.0,20.0,80.0,44.0,29.0,18.0,37.0,39.0,15.0,22.0,1.0,3.0,,1.0,2.0,2.0,1.0,2.0,2.0,2.0,2.0,1.0,1.0,,,,,,,2.0,2.0,1.0,1.0,2.0,2.0,2.0,2.0,2.0,2.0,1.0,2.0,2.0,2.0,2.0,2.0,1.0,2.0,1.0,1.0,1.0,1.0,1.0,2.0,1.0,1.0,2.0,1.0,2.0,2.0,2.0,2.0,2.0,1.0,1.0,1.0,2.0,1.0,2.0,1.0,4.0,,,2.0,,,20.0,,,,2.0
pid_676,,2.0,1.0,,2.0,22.0,,,,,1.0,130.0,30.0,,2.0,,4.0,4.0,3.0,4.0,4.0,3.0,4.0,3.0,3.0,4.0,1.0,,,,,,1.0,3.0,5.0,,5.0,1.0,4.0,4.0,4.0,4.0,2.0,5.0,5.0,5.0,74.0,27.0,42.0,45.0,19.0,61.0,73.0,43.0,25.0,80.0,1.0,4.0,,1.0,2.0,1.0,1.0,1.0,2.0,1.0,1.0,1.0,1.0,,,,,,,2.0,2.0,2.0,2.0,2.0,1.0,2.0,2.0,2.0,2.0,2.0,1.0,2.0,1.0,2.0,1.0,1.0,2.0,2.0,1.0,2.0,2.0,2.0,2.0,2.0,2.0,1.0,1.0,2.0,2.0,1.0,1.0,1.0,1.0,2.0,2.0,1.0,1.0,2.0,1.0,4.0,,,5.0,,,15.0,,,,4.0
pid_677,,1.0,,2.0,2.0,50.0,,,,,1.0,120.0,,66.0,,6.0,3.0,5.0,3.0,3.0,3.0,3.0,5.0,5.0,3.0,5.0,,5.0,,,,,3.0,3.0,3.0,,6.0,1.0,4.0,1.0,4.0,4.0,5.0,6.0,4.0,4.0,20.0,100.0,55.0,50.0,6.0,5.0,66.0,25.0,20.0,70.0,2.0,7.0,,1.0,1.0,1.0,1.0,1.0,1.0,1.0,1.0,1.0,1.0,,,,,,,2.0,2.0,2.0,2.0,2.0,2.0,2.0,2.0,2.0,2.0,2.0,1.0,2.0,2.0,2.0,1.0,2.0,1.0,1.0,1.0,2.0,2.0,1.0,1.0,2.0,2.0,2.0,1.0,2.0,2.0,1.0,1.0,1.0,2.0,2.0,2.0,2.0,2.0,1.0,2.0,,5.0,,,6.0,,,4.0,,10.0,
pid_678,,2.0,2.0,,2.0,54.0,,,2.0,380.0,,,40.0,,4.0,,4.0,5.0,3.0,3.0,4.0,4.0,3.0,4.0,3.0,3.0,,,2.0,,,,5.0,5.0,4.0,4.0,,1.0,4.0,1.0,1.0,1.0,1.0,5.0,7.0,7.0,32.0,89.0,51.0,41.0,26.0,23.0,34.0,38.0,28.0,27.0,2.0,,6.0,1.0,1.0,1.0,1.0,2.0,2.0,1.0,2.0,2.0,1.0,,,,,,,2.0,1.0,2.0,2.0,2.0,2.0,1.0,2.0,2.0,2.0,2.0,2.0,1.0,2.0,1.0,2.0,2.0,2.0,2.0,2.0,2.0,2.0,1.0,2.0,2.0,2.0,2.0,1.0,2.0,1.0,2.0,2.0,1.0,1.0,2.0,1.0,2.0,1.0,2.0,2.0,,,5.0,,,5.0,,10.0,1.0,,
pid_679,2.0,,,2.0,,,1.0,45.0,,,1.0,220.0,,70.0,,6.0,2.0,4.0,4.0,4.0,4.0,4.0,3.0,4.0,4.0,4.0,,,1.0,,,,3.0,4.0,3.0,4.0,,2.0,6.0,2.0,6.0,5.0,3.0,6.0,5.0,5.0,25.0,35.0,51.0,56.0,17.0,40.0,45.0,60.0,45.0,65.0,2.0,6.0,,1.0,1.0,1.0,1.0,1.0,1.0,1.0,1.0,1.0,1.0,,,,,,,1.0,1.0,1.0,2.0,1.0,1.0,2.0,2.0,1.0,2.0,2.0,1.0,2.0,2.0,2.0,2.0,1.0,2.0,2.0,2.0,1.0,1.0,2.0,1.0,1.0,2.0,1.0,2.0,2.0,1.0,2.0,2.0,2.0,2.0,2.0,2.0,2.0,2.0,1.0,2.0,,,5.0,,,5.0,,20.0,2.0,,
pid_680,,2.0,2.0,,2.0,40.0,,,,,1.0,120.0,75.0,,2.0,,4.0,5.0,2.0,1.0,5.0,5.0,5.0,4.0,5.0,5.0,,,1.0,,,,4.0,3.0,4.0,,5.0,2.0,7.0,4.0,5.0,5.0,2.0,5.0,5.0,5.0,56.0,88.0,62.0,28.0,80.0,65.0,55.0,85.0,60.0,95.0,4.0,6.0,,1.0,1.0,1.0,1.0,2.0,1.0,1.0,1.0,2.0,1.0,,,,,,,1.0,2.0,1.0,2.0,1.0,1.0,2.0,1.0,1.0,2.0,1.0,2.0,2.0,1.0,2.0,1.0,2.0,1.0,2.0,2.0,1.0,1.0,1.0,2.0,2.0,1.0,1.0,1.0,2.0,1.0,1.0,2.0,2.0,2.0,1.0,2.0,1.0,2.0,2.0,1.0,,,5.0,,,6.0,,15.0,,,5.0
pid_681,1.0,,1.0,,2.0,52.0,,,2.0,400.0,,,,70.0,,4.0,2.0,4.0,4.0,3.0,4.0,4.0,5.0,4.0,4.0,5.0,1.0,,,,,,3.0,3.0,3.0,,4.0,1.0,6.0,2.0,2.0,2.0,3.0,6.0,6.0,6.0,50.0,84.0,86.0,78.0,38.0,49.0,79.0,71.0,57.0,99.0,3.0,4.0,,,,,,,,,,,,1.0,2.0,1.0,1.0,2.0,1.0,2.0,2.0,2.0,1.0,2.0,1.0,2.0,2.0,2.0,2.0,1.0,2.0,1.0,1.0,1.0,2.0,1.0,2.0,2.0,1.0,1.0,1.0,2.0,1.0,2.0,2.0,2.0,1.0,1.0,1.0,1.0,1.0,1.0,1.0,1.0,1.0,1.0,2.0,2.0,1.0,5.0,,,6.0,,,18.0,,2.0,,
pid_682,,2.0,,2.0,,,1.0,15.0,2.0,700.0,,,90.0,,,3.0,5.0,5.0,1.0,1.0,5.0,5.0,5.0,5.0,5.0,5.0,,,1.0,4.0,5.0,3.0,,,,,4.0,1.0,6.0,2.0,4.0,3.0,6.0,5.0,5.0,6.0,55.0,52.0,25.0,39.0,60.0,66.0,74.0,77.0,59.0,80.0,4.0,6.0,,,,,,,,,,,,1.0,1.0,1.0,1.0,1.0,1.0,2.0,2.0,1.0,2.0,1.0,2.0,1.0,2.0,2.0,1.0,2.0,2.0,1.0,2.0,2.0,2.0,1.0,2.0,1.0,2.0,2.0,2.0,1.0,2.0,1.0,2.0,2.0,2.0,2.0,1.0,1.0,2.0,2.0,2.0,1.0,2.0,1.0,2.0,1.0,1.0,,,5.0,,,3.0,,4.0,2.0,,
pid_683,1.0,,,2.0,2.0,45.0,,,1.0,1200.0,,,,70.0,1.0,,4.0,5.0,5.0,5.0,4.0,5.0,4.0,5.0,3.0,5.0,,,2.0,,,,4.0,4.0,3.0,,5.0,1.0,7.0,4.0,4.0,5.0,2.0,3.0,5.0,5.0,9.0,100.0,81.0,98.0,50.0,89.0,83.0,85.0,56.0,100.0,3.0,2.0,,1.0,1.0,1.0,1.0,2.0,1.0,1.0,2.0,1.0,1.0,,,,,,,2.0,1.0,2.0,1.0,1.0,1.0,2.0,2.0,1.0,2.0,2.0,2.0,1.0,2.0,2.0,1.0,1.0,1.0,1.0,1.0,2.0,1.0,2.0,1.0,1.0,1.0,2.0,2.0,2.0,2.0,2.0,1.0,2.0,2.0,2.0,1.0,1.0,2.0,1.0,1.0,,,5.0,,,5.0,,15.0,3.0,,
pid_684,1.0,,,2.0,2.0,20.0,,,,,1.0,300.0,,70.0,,2.0,5.0,1.0,1.0,2.0,4.0,5.0,5.0,5.0,5.0,5.0,,,5.0,2.0,5.0,3.0,,,,2.0,,1.0,6.0,2.0,5.0,7.0,5.0,6.0,6.0,5.0,55.0,37.0,52.0,50.0,35.0,40.0,55.0,65.0,42.0,68.0,3.0,,6.0,1.0,2.0,1.0,1.0,1.0,1.0,1.0,1.0,2.0,2.0,,,,,,,1.0,1.0,2.0,2.0,1.0,2.0,1.0,2.0,2.0,1.0,2.0,2.0,2.0,1.0,2.0,2.0,2.0,2.0,1.0,2.0,2.0,1.0,2.0,1.0,1.0,1.0,1.0,2.0,2.0,1.0,1.0,1.0,1.0,2.0,2.0,2.0,1.0,1.0,1.0,1.0,,,4.0,,,6.0,15.0,,2.0,,
pid_685,1.0,,,1.0,,,1.0,40.0,,,1.0,300.0,,90.0,,6.0,5.0,4.0,3.0,4.0,4.0,3.0,5.0,5.0,4.0,5.0,,5.0,,,,,4.0,4.0,6.0,6.0,,1.0,7.0,1.0,3.0,3.0,5.0,7.0,5.0,3.0,40.0,35.0,60.0,75.0,30.0,25.0,85.0,80.0,50.0,75.0,2.0,3.0,,,,,,,,,,,,1.0,1.0,2.0,1.0,2.0,1.0,1.0,2.0,2.0,2.0,2.0,1.0,1.0,2.0,2.0,2.0,2.0,2.0,2.0,1.0,1.0,2.0,2.0,2.0,2.0,1.0,1.0,1.0,2.0,2.0,2.0,1.0,1.0,2.0,1.0,1.0,2.0,2.0,2.0,2.0,2.0,1.0,2.0,2.0,1.0,1.0,,5.0,,,6.0,,,20.0,2.0,,
pid_686,2.0,,1.0,,,,1.0,23.0,,,1.0,325.0,,92.0,2.0,,2.0,2.0,5.0,4.0,1.0,3.0,1.0,4.0,2.0,4.0,,,4.0,,,,2.0,6.0,4.0,1.0,,1.0,6.0,5.0,3.0,3.0,5.0,3.0,3.0,5.0,64.0,88.0,89.0,85.0,6.0,91.0,81.0,62.0,25.0,64.0,1.0,,6.0,1.0,1.0,1.0,1.0,1.0,1.0,1.0,1.0,1.0,1.0,,,,,,,2.0,2.0,2.0,1.0,2.0,2.0,2.0,2.0,1.0,1.0,2.0,2.0,2.0,2.0,2.0,2.0,2.0,2.0,2.0,2.0,2.0,2.0,2.0,2.0,2.0,2.0,2.0,2.0,1.0,1.0,1.0,2.0,2.0,2.0,2.0,2.0,2.0,2.0,2.0,2.0,,,5.0,,,6.0,,20.0,,10.0,
pid_687,1.0,,2.0,,1.0,67.0,,,,,1.0,300.0,71.0,,3.0,,1.0,1.0,5.0,3.0,4.0,1.0,1.0,3.0,1.0,4.0,,,3.0,3.0,4.0,5.0,,,,,5.0,2.0,4.0,1.0,2.0,2.0,1.0,6.0,5.0,5.0,46.0,64.0,65.0,54.0,53.0,54.0,39.0,50.0,23.0,72.0,1.0,5.0,,,,,,,,,,,,1.0,1.0,2.0,2.0,1.0,1.0,1.0,2.0,1.0,2.0,1.0,2.0,1.0,2.0,2.0,1.0,1.0,2.0,1.0,1.0,1.0,2.0,1.0,2.0,2.0,1.0,1.0,1.0,1.0,2.0,2.0,1.0,1.0,1.0,2.0,1.0,2.0,1.0,1.0,2.0,1.0,1.0,2.0,1.0,1.0,1.0,,,2.0,,,3.0,16.0,,1.0,,
pid_688,2.0,,,2.0,,,1.0,20.0,,,1.0,300.0,32.0,,2.0,,4.0,1.0,5.0,3.0,5.0,4.0,3.0,5.0,4.0,3.0,,,5.0,,,,2.0,3.0,2.0,,5.0,2.0,4.0,2.0,2.0,5.0,4.0,7.0,5.0,4.0,50.0,0.0,20.0,18.0,50.0,100.0,100.0,49.0,48.0,24.0,3.0,2.0,,2.0,2.0,2.0,2.0,2.0,1.0,2.0,2.0,1.0,1.0,,,,,,,1.0,1.0,1.0,1.0,1.0,1.0,1.0,1.0,1.0,2.0,1.0,1.0,2.0,2.0,2.0,1.0,1.0,1.0,1.0,1.0,1.0,1.0,2.0,1.0,2.0,1.0,1.0,1.0,1.0,2.0,1.0,1.0,1.0,2.0,1.0,1.0,2.0,1.0,1.0,2.0,,,3.0,,,4.0,,20.0,5.0,,
pid_689,,1.0,,2.0,,,2.0,50.0,2.0,350.0,,,,71.0,,3.0,4.0,2.0,3.0,2.0,3.0,2.0,3.0,2.0,3.0,3.0,,4.0,,3.0,2.0,2.0,,,,,5.0,2.0,4.0,3.0,4.0,4.0,3.0,5.0,4.0,3.0,54.0,46.0,51.0,41.0,40.0,31.0,48.0,44.0,40.0,57.0,3.0,6.0,,,,,,,,,,,,1.0,2.0,2.0,1.0,2.0,1.0,1.0,2.0,1.0,1.0,1.0,2.0,1.0,1.0,1.0,2.0,1.0,2.0,2.0,2.0,1.0,2.0,1.0,2.0,2.0,2.0,2.0,1.0,2.0,2.0,2.0,2.0,1.0,1.0,1.0,2.0,1.0,2.0,1.0,2.0,1.0,2.0,1.0,2.0,2.0,1.0,,4.0,,,4.0,,8.0,,,2.0,
pid_690,1.0,,1.0,,,,1.0,50.0,2.0,300.0,,,80.0,,3.0,,5.0,5.0,2.0,1.0,5.0,5.0,5.0,5.0,5.0,5.0,,,5.0,4.0,5.0,2.0,,,,4.0,,1.0,6.0,1.0,1.0,1.0,4.0,6.0,7.0,7.0,55.0,65.0,30.0,5.0,40.0,32.0,75.0,65.0,55.0,85.0,4.0,,7.0,,,,,,,,,,,1.0,1.0,1.0,1.0,1.0,1.0,2.0,2.0,2.0,2.0,2.0,2.0,1.0,1.0,2.0,2.0,2.0,2.0,1.0,1.0,2.0,1.0,2.0,2.0,1.0,1.0,1.0,2.0,2.0,2.0,1.0,2.0,2.0,1.0,2.0,1.0,2.0,2.0,1.0,2.0,2.0,2.0,2.0,2.0,2.0,2.0,,,5.0,,,6.0,14.0,,,,10.0
pid_691,,2.0,1.0,,2.0,50.0,,,,,1.0,150.0,30.0,,,2.0,4.0,3.0,5.0,2.0,4.0,5.0,4.0,3.0,3.0,4.0,2.0,,,5.0,5.0,2.0,,,,3.0,,1.0,6.0,4.0,6.0,6.0,2.0,5.0,5.0,5.0,61.0,40.0,68.0,57.0,50.0,71.0,51.0,40.0,47.0,60.0,2.0,,6.0,,,,,,,,,,,1.0,1.0,2.0,1.0,1.0,2.0,1.0,1.0,1.0,1.0,1.0,1.0,1.0,1.0,2.0,2.0,1.0,1.0,2.0,2.0,2.0,2.0,1.0,2.0,1.0,1.0,1.0,2.0,2.0,1.0,1.0,1.0,1.0,1.0,1.0,2.0,1.0,1.0,1.0,2.0,1.0,1.0,1.0,1.0,2.0,2.0,4.0,,,4.0,,,12.0,,,,5.0
pid_692,1.0,,,2.0,2.0,50.0,,,2.0,400.0,,,30.0,,,2.0,1.0,1.0,5.0,5.0,1.0,3.0,1.0,5.0,1.0,1.0,1.0,,,5.0,3.0,2.0,,,,2.0,,1.0,6.0,2.0,5.0,3.0,3.0,5.0,6.0,6.0,3.0,25.0,80.0,90.0,10.0,20.0,3.0,90.0,10.0,60.0,1.0,6.0,,1.0,1.0,1.0,1.0,1.0,1.0,1.0,1.0,1.0,1.0,,,,,,,2.0,1.0,2.0,2.0,2.0,2.0,1.0,1.0,1.0,2.0,2.0,2.0,2.0,2.0,2.0,2.0,2.0,2.0,1.0,1.0,2.0,2.0,2.0,2.0,2.0,2.0,2.0,2.0,2.0,2.0,2.0,2.0,2.0,2.0,2.0,2.0,2.0,1.0,2.0,1.0,2.0,,,2.0,,,15.0,,,,3.0
pid_693,1.0,,,2.0,,,1.0,35.0,,,1.0,300.0,,70.0,2.0,,4.0,5.0,1.0,3.0,4.0,5.0,5.0,5.0,5.0,5.0,2.0,,,,,,3.0,4.0,2.0,6.0,,2.0,7.0,1.0,4.0,2.0,3.0,6.0,6.0,6.0,35.0,66.0,37.0,51.0,35.0,49.0,54.0,63.0,50.0,76.0,2.0,,5.0,,,,,,,,,,,2.0,2.0,2.0,1.0,2.0,1.0,2.0,2.0,2.0,1.0,2.0,2.0,2.0,2.0,1.0,1.0,2.0,2.0,2.0,2.0,1.0,2.0,2.0,1.0,2.0,1.0,2.0,2.0,1.0,2.0,2.0,2.0,2.0,2.0,2.0,2.0,2.0,2.0,1.0,2.0,2.0,2.0,2.0,2.0,2.0,2.0,4.0,,,5.0,,,,5.0,,,2.0
pid_694,1.0,,2.0,,,,1.0,40.0,2.0,300.0,,,30.0,,,3.0,4.0,4.0,2.0,3.0,4.0,5.0,5.0,5.0,4.0,4.0,,4.0,,,,,3.0,3.0,3.0,4.0,,1.0,7.0,5.0,5.0,5.0,1.0,6.0,6.0,7.0,62.0,73.0,33.0,33.0,29.0,78.0,77.0,73.0,73.0,75.0,2.0,,5.0,1.0,1.0,1.0,1.0,1.0,1.0,1.0,1.0,1.0,1.0,,,,,,,2.0,2.0,1.0,1.0,1.0,2.0,1.0,2.0,1.0,2.0,2.0,1.0,2.0,1.0,1.0,1.0,2.0,2.0,1.0,1.0,1.0,2.0,1.0,1.0,2.0,2.0,2.0,1.0,1.0,2.0,2.0,2.0,1.0,2.0,1.0,2.0,1.0,1.0,1.0,1.0,,5.0,,,6.0,,20.0,,,,7.0
pid_695,,2.0,1.0,,,,1.0,25.0,,,1.0,400.0,85.0,,,4.0,5.0,5.0,1.0,3.0,5.0,5.0,5.0,3.0,5.0,5.0,1.0,,,4.0,4.0,3.0,,,,,5.0,2.0,5.0,1.0,6.0,6.0,3.0,6.0,6.0,5.0,70.0,30.0,75.0,40.0,10.0,20.0,40.0,50.0,10.0,61.0,3.0,,5.0,,,,,,,,,,,1.0,1.0,1.0,1.0,1.0,1.0,2.0,1.0,1.0,1.0,1.0,2.0,2.0,1.0,2.0,2.0,2.0,2.0,2.0,2.0,1.0,2.0,2.0,1.0,2.0,2.0,2.0,1.0,2.0,1.0,2.0,2.0,1.0,2.0,2.0,2.0,1.0,1.0,2.0,2.0,1.0,2.0,2.0,1.0,1.0,2.0,2.0,,,1.0,,,,5.0,,8.0,
pid_696,2.0,,2.0,,2.0,50.0,,,2.0,975.0,,,,90.0,4.0,,1.0,1.0,5.0,5.0,1.0,1.0,1.0,1.0,1.0,1.0,2.0,,,3.0,4.0,1.0,,,,1.0,,1.0,5.0,1.0,5.0,6.0,4.0,6.0,5.0,5.0,25.0,60.0,70.0,15.0,35.0,15.0,45.0,49.0,5.0,75.0,1.0,3.0,,1.0,1.0,1.0,1.0,1.0,1.0,1.0,1.0,1.0,1.0,,,,,,,1.0,2.0,2.0,2.0,2.0,2.0,1.0,2.0,2.0,2.0,1.0,2.0,1.0,1.0,2.0,2.0,1.0,2.0,2.0,2.0,2.0,1.0,1.0,2.0,2.0,1.0,1.0,2.0,2.0,1.0,1.0,1.0,2.0,1.0,2.0,2.0,2.0,1.0,2.0,1.0,4.0,,,3.0,,,15.0,,,10.0,
pid_697,1.0,,1.0,,2.0,50.0,,,,,1.0,325.0,30.0,,,5.0,5.0,5.0,2.0,2.0,5.0,5.0,5.0,5.0,5.0,5.0,,,1.0,,,,2.0,3.0,3.0,5.0,,2.0,6.0,2.0,2.0,1.0,3.0,6.0,7.0,7.0,81.0,95.0,49.0,51.0,77.0,80.0,88.0,93.0,76.0,97.0,3.0,6.0,,,,,,,,,,,,1.0,1.0,2.0,1.0,2.0,1.0,2.0,2.0,2.0,2.0,1.0,2.0,2.0,2.0,2.0,2.0,1.0,2.0,1.0,2.0,1.0,2.0,2.0,2.0,1.0,1.0,2.0,2.0,2.0,1.0,2.0,2.0,1.0,2.0,2.0,2.0,2.0,1.0,2.0,2.0,1.0,2.0,2.0,2.0,2.0,2.0,,,5.0,,,2.0,10.0,,,9.0,
pid_698,1.0,,,1.0,2.0,50.0,,,,,1.0,160.0,61.0,,,4.0,4.0,3.0,2.0,3.0,5.0,4.0,5.0,5.0,5.0,5.0,,3.0,,3.0,1.0,2.0,,,,,4.0,1.0,6.0,1.0,5.0,3.0,6.0,7.0,7.0,7.0,42.0,93.0,95.0,46.0,12.0,7.0,97.0,100.0,25.0,45.0,2.0,6.0,,1.0,2.0,1.0,1.0,1.0,1.0,1.0,2.0,2.0,2.0,,,,,,,2.0,1.0,2.0,2.0,2.0,1.0,1.0,2.0,1.0,2.0,1.0,2.0,1.0,1.0,1.0,1.0,1.0,2.0,2.0,1.0,1.0,1.0,1.0,1.0,2.0,1.0,1.0,1.0,1.0,2.0,2.0,1.0,1.0,1.0,2.0,2.0,1.0,1.0,2.0,1.0,,4.0,,,1.0,,,0.0,,4.0,
pid_699,1.0,,1.0,,2.0,30.0,,,2.0,350.0,,,50.0,,,4.0,5.0,5.0,3.0,5.0,5.0,5.0,4.0,3.0,5.0,5.0,3.0,,,5.0,5.0,5.0,,,,,4.0,1.0,6.0,2.0,4.0,5.0,6.0,6.0,6.0,6.0,40.0,61.0,60.0,45.0,34.0,40.0,81.0,39.0,26.0,77.0,3.0,4.0,,,,,,,,,,,,1.0,1.0,2.0,2.0,1.0,2.0,2.0,1.0,1.0,1.0,1.0,1.0,1.0,2.0,2.0,1.0,1.0,2.0,2.0,2.0,2.0,2.0,2.0,2.0,2.0,2.0,2.0,2.0,2.0,1.0,2.0,2.0,1.0,2.0,2.0,2.0,1.0,2.0,2.0,2.0,2.0,1.0,2.0,1.0,2.0,1.0,5.0,,,4.0,,,10.0,,2.0,,
pid_700,1.0,,2.0,,2.0,50.0,,,2.0,400.0,,,,85.0,,3.0,4.0,2.0,3.0,1.0,4.0,5.0,4.0,5.0,4.0,5.0,2.0,,,,,,2.0,3.0,3.0,3.0,,1.0,6.0,5.0,2.0,5.0,3.0,5.0,6.0,5.0,46.0,66.0,62.0,24.0,35.0,55.0,49.0,25.0,36.0,79.0,2.0,,6.0,1.0,1.0,1.0,1.0,1.0,2.0,1.0,1.0,2.0,1.0,,,,,,,1.0,1.0,1.0,1.0,1.0,1.0,1.0,1.0,2.0,1.0,1.0,2.0,1.0,1.0,1.0,2.0,1.0,2.0,2.0,2.0,1.0,1.0,2.0,1.0,1.0,1.0,2.0,2.0,2.0,2.0,1.0,1.0,1.0,1.0,1.0,2.0,2.0,1.0,1.0,2.0,3.0,,,4.0,,,,5.0,,,2.0
pid_701,,2.0,,2.0,,,1.0,18.0,1.0,1800.0,,,94.0,,2.0,,2.0,1.0,4.0,1.0,2.0,2.0,2.0,4.0,4.0,2.0,,,1.0,,,,3.0,4.0,4.0,4.0,,1.0,6.0,1.0,6.0,6.0,3.0,6.0,5.0,5.0,61.0,54.0,54.0,33.0,46.0,61.0,62.0,66.0,56.0,66.0,2.0,6.0,,1.0,1.0,1.0,1.0,1.0,1.0,1.0,1.0,1.0,1.0,,,,,,,1.0,2.0,2.0,2.0,2.0,1.0,2.0,2.0,2.0,2.0,2.0,1.0,2.0,2.0,2.0,1.0,1.0,2.0,2.0,2.0,2.0,1.0,2.0,2.0,1.0,2.0,2.0,2.0,2.0,2.0,1.0,2.0,2.0,2.0,2.0,1.0,2.0,1.0,2.0,1.0,,,4.0,,,5.0,,5.0,,,3.0
pid_702,1.0,,,2.0,,,1.0,50.0,2.0,400.0,,,,96.0,,5.0,1.0,1.0,3.0,5.0,2.0,1.0,5.0,5.0,5.0,1.0,5.0,,,4.0,5.0,2.0,,,,,3.0,2.0,6.0,2.0,6.0,6.0,5.0,5.0,5.0,5.0,1.0,1.0,38.0,95.0,10.0,1.0,100.0,100.0,82.0,2.0,4.0,,7.0,,,,,,,,,,,2.0,1.0,1.0,1.0,1.0,2.0,1.0,1.0,2.0,1.0,1.0,2.0,2.0,2.0,1.0,1.0,2.0,1.0,2.0,2.0,2.0,2.0,2.0,2.0,2.0,2.0,2.0,2.0,1.0,1.0,2.0,2.0,1.0,1.0,2.0,2.0,1.0,2.0,2.0,2.0,1.0,2.0,2.0,2.0,2.0,1.0,4.0,,,6.0,,,,19.0,,,1.0
pid_703,2.0,,1.0,,2.0,50.0,,,,,1.0,200.0,,70.0,,4.0,3.0,3.0,3.0,3.0,3.0,3.0,3.0,4.0,3.0,3.0,,,3.0,3.0,3.0,3.0,,,,,4.0,1.0,5.0,2.0,4.0,4.0,4.0,4.0,4.0,4.0,8.0,3.0,13.0,1.0,0.0,0.0,0.0,0.0,8.0,3.0,1.0,3.0,,1.0,2.0,1.0,1.0,1.0,2.0,1.0,1.0,1.0,2.0,,,,,,,1.0,2.0,1.0,1.0,2.0,1.0,2.0,1.0,1.0,2.0,1.0,2.0,2.0,2.0,2.0,1.0,2.0,1.0,1.0,2.0,1.0,2.0,2.0,1.0,1.0,2.0,1.0,1.0,2.0,1.0,2.0,1.0,2.0,1.0,1.0,1.0,1.0,2.0,2.0,2.0,,,4.0,,,4.0,,5.0,,,1.0
pid_704,,2.0,,1.0,,,1.0,20.0,2.0,100.0,,,30.0,,,4.0,2.0,4.0,3.0,4.0,3.0,4.0,5.0,5.0,3.0,4.0,5.0,,,,,,4.0,3.0,2.0,5.0,,1.0,7.0,4.0,4.0,5.0,3.0,6.0,5.0,5.0,50.0,70.0,50.0,80.0,40.0,35.0,70.0,70.0,45.0,85.0,2.0,5.0,,2.0,1.0,2.0,2.0,2.0,1.0,1.0,1.0,1.0,1.0,,,,,,,1.0,2.0,1.0,2.0,2.0,1.0,2.0,1.0,1.0,2.0,2.0,1.0,1.0,1.0,1.0,2.0,1.0,2.0,2.0,2.0,2.0,2.0,2.0,2.0,1.0,2.0,2.0,1.0,1.0,2.0,1.0,1.0,2.0,2.0,1.0,2.0,2.0,2.0,1.0,2.0,5.0,,,6.0,,,10.0,,,,8.0
pid_705,1.0,,2.0,,,,1.0,16.0,2.0,500.0,,,,70.0,,5.0,4.0,5.0,2.0,1.0,3.0,5.0,4.0,5.0,4.0,4.0,,4.0,,5.0,5.0,4.0,,,,1.0,,1.0,7.0,5.0,7.0,4.0,5.0,6.0,6.0,7.0,45.0,75.0,40.0,10.0,20.0,25.0,30.0,45.0,51.0,40.0,3.0,,5.0,1.0,1.0,1.0,1.0,2.0,1.0,1.0,2.0,1.0,2.0,,,,,,,1.0,1.0,2.0,1.0,2.0,1.0,1.0,1.0,1.0,1.0,1.0,1.0,2.0,1.0,1.0,2.0,2.0,1.0,2.0,1.0,2.0,1.0,1.0,2.0,2.0,2.0,1.0,2.0,2.0,1.0,2.0,1.0,1.0,1.0,2.0,2.0,2.0,2.0,1.0,1.0,,5.0,,,6.0,,,20.0,3.0,,
pid_707,2.0,,2.0,,2.0,50.0,,,,,1.0,350.0,30.0,,6.0,,5.0,5.0,1.0,1.0,5.0,5.0,5.0,3.0,5.0,5.0,3.0,,,4.0,4.0,4.0,,,,6.0,,1.0,6.0,2.0,4.0,3.0,1.0,3.0,5.0,6.0,55.0,67.0,30.0,23.0,40.0,60.0,71.0,42.0,48.0,73.0,4.0,6.0,,,,,,,,,,,,1.0,1.0,2.0,1.0,2.0,1.0,1.0,1.0,1.0,2.0,2.0,2.0,2.0,2.0,1.0,1.0,1.0,2.0,1.0,1.0,2.0,1.0,2.0,2.0,2.0,2.0,2.0,2.0,1.0,2.0,2.0,1.0,2.0,2.0,1.0,2.0,2.0,2.0,1.0,2.0,1.0,2.0,1.0,2.0,2.0,1.0,5.0,,,5.0,,,,0.0,2.0,,
pid_708,,1.0,,1.0,,,2.0,50.0,2.0,380.0,,,,60.0,,2.0,5.0,5.0,5.0,5.0,5.0,4.0,5.0,5.0,1.0,4.0,3.0,,,3.0,4.0,2.0,,,,6.0,,2.0,7.0,3.0,3.0,5.0,1.0,6.0,7.0,7.0,38.0,77.0,90.0,98.0,89.0,55.0,85.0,71.0,25.0,65.0,3.0,,7.0,1.0,1.0,1.0,1.0,2.0,1.0,1.0,1.0,1.0,2.0,,,,,,,1.0,1.0,1.0,2.0,2.0,2.0,2.0,1.0,2.0,2.0,2.0,2.0,2.0,2.0,2.0,2.0,1.0,2.0,1.0,2.0,2.0,2.0,2.0,1.0,2.0,1.0,2.0,1.0,2.0,1.0,1.0,2.0,2.0,2.0,2.0,2.0,1.0,1.0,2.0,2.0,4.0,,,6.0,,,20.0,,2.0,,
pid_709,,1.0,,2.0,2.0,30.0,,,,,2.0,80.0,10.0,,2.0,,5.0,5.0,3.0,5.0,3.0,5.0,5.0,5.0,5.0,5.0,,2.0,,,,,3.0,2.0,2.0,6.0,,1.0,7.0,2.0,4.0,4.0,5.0,7.0,4.0,6.0,55.0,45.0,30.0,45.0,30.0,40.0,55.0,50.0,30.0,55.0,2.0,6.0,,1.0,2.0,1.0,1.0,2.0,1.0,1.0,1.0,1.0,1.0,,,,,,,2.0,1.0,1.0,2.0,2.0,2.0,2.0,1.0,1.0,1.0,1.0,1.0,2.0,1.0,1.0,1.0,1.0,2.0,2.0,1.0,2.0,2.0,2.0,2.0,2.0,2.0,1.0,1.0,2.0,1.0,2.0,2.0,1.0,2.0,2.0,1.0,2.0,2.0,2.0,2.0,,4.0,,,3.0,,15.0,,,,1.0
pid_710,1.0,,,2.0,2.0,12.0,,,1.0,2500.0,,,55.0,,,4.0,2.0,5.0,1.0,1.0,3.0,2.0,4.0,5.0,4.0,1.0,1.0,,,,,,2.0,2.0,6.0,6.0,,2.0,7.0,1.0,4.0,5.0,5.0,6.0,6.0,6.0,47.0,47.0,60.0,41.0,46.0,43.0,45.0,59.0,34.0,10.0,1.0,,3.0,1.0,2.0,1.0,1.0,1.0,1.0,1.0,1.0,2.0,2.0,,,,,,,2.0,1.0,1.0,1.0,1.0,1.0,1.0,1.0,1.0,1.0,2.0,1.0,1.0,1.0,2.0,1.0,2.0,2.0,1.0,1.0,1.0,1.0,1.0,1.0,1.0,1.0,2.0,1.0,1.0,1.0,1.0,1.0,1.0,1.0,1.0,1.0,2.0,1.0,2.0,2.0,5.0,,,5.0,,,15.0,,,9.0,
pid_711,,1.0,1.0,,2.0,15.0,,,1.0,1200.0,,,90.0,,1.0,,2.0,4.0,5.0,1.0,4.0,2.0,1.0,2.0,2.0,1.0,,,2.0,2.0,3.0,5.0,,,,,5.0,2.0,6.0,2.0,6.0,5.0,5.0,6.0,6.0,6.0,60.0,80.0,90.0,25.0,70.0,20.0,40.0,35.0,60.0,45.0,3.0,,6.0,,,,,,,,,,,1.0,1.0,2.0,2.0,1.0,1.0,2.0,1.0,2.0,2.0,1.0,1.0,2.0,2.0,1.0,1.0,1.0,2.0,2.0,1.0,2.0,2.0,2.0,1.0,2.0,2.0,1.0,2.0,2.0,1.0,2.0,2.0,2.0,2.0,1.0,2.0,1.0,1.0,2.0,1.0,2.0,2.0,2.0,2.0,1.0,2.0,,,5.0,,,5.0,20.0,,,3.0,
pid_712,1.0,,,1.0,,,1.0,16.0,,,1.0,95.0,20.0,,3.0,,1.0,1.0,5.0,5.0,1.0,1.0,1.0,4.0,1.0,4.0,,,4.0,,,,4.0,5.0,2.0,,1.0,1.0,5.0,4.0,3.0,2.0,2.0,5.0,6.0,6.0,25.0,45.0,65.0,70.0,25.0,40.0,35.0,50.0,35.0,70.0,2.0,3.0,,,,,,,,,,,,1.0,1.0,2.0,1.0,2.0,1.0,2.0,1.0,2.0,2.0,2.0,2.0,1.0,1.0,2.0,1.0,2.0,2.0,2.0,1.0,1.0,2.0,1.0,1.0,1.0,2.0,2.0,2.0,2.0,2.0,2.0,1.0,2.0,1.0,1.0,2.0,2.0,1.0,1.0,2.0,1.0,2.0,2.0,2.0,2.0,2.0,,,2.0,,,3.0,,10.0,,,1.0
pid_713,,2.0,1.0,,,,1.0,28.0,2.0,632.0,,,,86.0,2.0,,4.0,5.0,2.0,3.0,4.0,5.0,5.0,5.0,5.0,5.0,,1.0,,2.0,3.0,1.0,,,,,4.0,1.0,6.0,1.0,4.0,4.0,2.0,7.0,7.0,7.0,15.0,80.0,77.0,53.0,9.0,45.0,60.0,80.0,40.0,70.0,3.0,7.0,,1.0,1.0,1.0,1.0,1.0,1.0,1.0,1.0,1.0,1.0,,,,,,,2.0,1.0,1.0,2.0,2.0,2.0,2.0,1.0,2.0,1.0,2.0,2.0,1.0,2.0,2.0,2.0,2.0,2.0,2.0,2.0,2.0,2.0,2.0,2.0,2.0,2.0,2.0,2.0,1.0,2.0,1.0,2.0,2.0,2.0,2.0,2.0,1.0,2.0,2.0,2.0,,5.0,,,5.0,,,15.0,,,2.0
pid_714,,2.0,2.0,,,,1.0,48.0,,,1.0,280.0,,50.0,4.0,,5.0,5.0,2.0,4.0,4.0,5.0,4.0,5.0,5.0,5.0,3.0,,,,,,4.0,2.0,2.0,,5.0,1.0,4.0,2.0,2.0,2.0,6.0,6.0,6.0,5.0,75.0,96.0,36.0,86.0,49.0,86.0,87.0,94.0,60.0,80.0,3.0,6.0,,1.0,1.0,1.0,2.0,1.0,1.0,2.0,1.0,1.0,2.0,,,,,,,1.0,2.0,2.0,2.0,2.0,2.0,2.0,1.0,2.0,1.0,1.0,1.0,2.0,1.0,2.0,2.0,1.0,2.0,1.0,2.0,2.0,1.0,2.0,2.0,1.0,2.0,2.0,2.0,2.0,1.0,1.0,1.0,2.0,2.0,2.0,2.0,1.0,2.0,2.0,1.0,4.0,,,5.0,,,18.0,,,,3.0
pid_715,2.0,,1.0,,,,2.0,10.0,2.0,350.0,,,60.0,,2.0,,5.0,5.0,3.0,3.0,5.0,5.0,5.0,5.0,5.0,5.0,1.0,,,3.0,3.0,2.0,,,,4.0,,2.0,7.0,1.0,1.0,3.0,4.0,7.0,7.0,6.0,40.0,85.0,75.0,25.0,20.0,20.0,25.0,25.0,40.0,85.0,3.0,6.0,,,,,,,,,,,,1.0,1.0,2.0,1.0,1.0,2.0,1.0,2.0,1.0,1.0,2.0,1.0,2.0,2.0,2.0,2.0,2.0,1.0,2.0,2.0,1.0,2.0,2.0,2.0,2.0,1.0,2.0,2.0,2.0,2.0,2.0,2.0,1.0,1.0,1.0,1.0,2.0,2.0,2.0,2.0,2.0,1.0,1.0,2.0,1.0,1.0,5.0,,,6.0,,,20.0,,3.0,,
pid_716,1.0,,2.0,,,,1.0,50.0,,,1.0,400.0,,80.0,3.0,,2.0,4.0,5.0,3.0,4.0,2.0,5.0,3.0,1.0,3.0,,1.0,,5.0,4.0,3.0,,,,2.0,,1.0,7.0,1.0,1.0,2.0,1.0,7.0,5.0,6.0,7.0,2.0,100.0,25.0,70.0,18.0,95.0,30.0,0.0,20.0,1.0,6.0,,1.0,1.0,1.0,2.0,1.0,1.0,1.0,1.0,2.0,2.0,,,,,,,1.0,2.0,2.0,1.0,1.0,2.0,1.0,2.0,1.0,2.0,1.0,2.0,1.0,2.0,2.0,2.0,1.0,1.0,2.0,1.0,1.0,2.0,1.0,2.0,1.0,2.0,2.0,1.0,1.0,1.0,2.0,2.0,2.0,2.0,1.0,1.0,1.0,1.0,1.0,1.0,,4.0,,,3.0,,,12.0,3.0,,
pid_717,1.0,,1.0,,2.0,30.0,,,,,1.0,200.0,,54.0,,3.0,2.0,2.0,5.0,4.0,4.0,3.0,1.0,4.0,4.0,5.0,,1.0,,,,,2.0,3.0,3.0,4.0,,1.0,6.0,1.0,5.0,5.0,1.0,6.0,5.0,5.0,42.0,70.0,90.0,75.0,47.0,51.0,32.0,50.0,70.0,65.0,3.0,3.0,,1.0,1.0,1.0,1.0,1.0,1.0,1.0,1.0,1.0,1.0,,,,,,,2.0,2.0,1.0,2.0,2.0,2.0,2.0,2.0,1.0,2.0,1.0,2.0,2.0,2.0,1.0,1.0,1.0,2.0,2.0,1.0,2.0,2.0,1.0,1.0,2.0,2.0,2.0,1.0,1.0,1.0,1.0,1.0,1.0,2.0,1.0,2.0,2.0,1.0,2.0,2.0,,4.0,,,6.0,,18.0,,,10.0,
pid_718,,2.0,1.0,,2.0,35.0,,,,,1.0,120.0,76.0,,,3.0,4.0,5.0,5.0,5.0,4.0,4.0,5.0,5.0,1.0,5.0,2.0,,,3.0,3.0,3.0,,,,,4.0,1.0,7.0,1.0,4.0,4.0,3.0,5.0,6.0,7.0,27.0,53.0,64.0,72.0,19.0,31.0,47.0,60.0,34.0,75.0,2.0,,6.0,1.0,1.0,1.0,2.0,1.0,1.0,2.0,1.0,1.0,2.0,,,,,,,1.0,2.0,1.0,1.0,1.0,1.0,1.0,2.0,2.0,1.0,1.0,2.0,2.0,1.0,1.0,2.0,1.0,2.0,2.0,2.0,2.0,1.0,1.0,1.0,1.0,1.0,1.0,2.0,2.0,1.0,2.0,2.0,2.0,2.0,2.0,2.0,2.0,1.0,1.0,2.0,5.0,,,6.0,,,20.0,,,,2.0
pid_719,1.0,,1.0,,2.0,54.0,,,,,1.0,188.0,30.0,,,3.0,5.0,5.0,2.0,3.0,4.0,5.0,5.0,5.0,5.0,5.0,,4.0,,4.0,4.0,3.0,,,,,4.0,1.0,7.0,2.0,1.0,1.0,5.0,6.0,7.0,7.0,45.0,92.0,13.0,21.0,30.0,30.0,60.0,61.0,52.0,92.0,4.0,,6.0,,,,,,,,,,,1.0,1.0,1.0,2.0,2.0,2.0,2.0,2.0,2.0,1.0,1.0,2.0,2.0,2.0,2.0,2.0,2.0,2.0,2.0,2.0,2.0,2.0,2.0,2.0,2.0,2.0,2.0,2.0,2.0,2.0,2.0,2.0,2.0,2.0,2.0,2.0,2.0,2.0,2.0,2.0,1.0,2.0,2.0,2.0,2.0,2.0,,4.0,,,2.0,,10.0,,,9.0,
pid_720,,2.0,,2.0,2.0,53.0,,,2.0,320.0,,,49.0,,,4.0,1.0,3.0,5.0,3.0,3.0,1.0,1.0,3.0,1.0,3.0,,,2.0,5.0,4.0,2.0,,,,,5.0,1.0,5.0,4.0,4.0,4.0,5.0,5.0,6.0,5.0,8.0,23.0,68.0,58.0,4.0,4.0,18.0,34.0,10.0,35.0,1.0,,6.0,2.0,1.0,2.0,1.0,1.0,1.0,1.0,2.0,1.0,1.0,,,,,,,2.0,1.0,2.0,2.0,2.0,1.0,1.0,1.0,2.0,2.0,2.0,2.0,2.0,2.0,2.0,2.0,1.0,2.0,1.0,2.0,1.0,2.0,2.0,2.0,2.0,1.0,1.0,2.0,1.0,2.0,2.0,2.0,2.0,1.0,2.0,1.0,2.0,1.0,2.0,2.0,,,4.0,,,5.0,,15.0,2.0,,
pid_721,1.0,,1.0,,2.0,13.0,,,1.0,1000.0,,,100.0,,2.0,,5.0,5.0,1.0,3.0,5.0,5.0,5.0,5.0,5.0,5.0,,,4.0,2.0,2.0,2.0,,,,6.0,,1.0,7.0,3.0,3.0,2.0,2.0,5.0,5.0,5.0,55.0,77.0,51.0,51.0,50.0,80.0,74.0,50.0,51.0,88.0,1.0,,6.0,,,,,,,,,,,1.0,1.0,1.0,1.0,2.0,2.0,2.0,1.0,2.0,2.0,2.0,2.0,1.0,2.0,2.0,1.0,1.0,2.0,1.0,2.0,2.0,2.0,2.0,2.0,1.0,2.0,2.0,2.0,2.0,1.0,1.0,1.0,2.0,2.0,2.0,1.0,2.0,1.0,2.0,2.0,2.0,2.0,2.0,2.0,2.0,2.0,,,4.0,,,3.0,,20.0,,,2.0
pid_722,,2.0,1.0,,,,1.0,20.0,,,1.0,120.0,50.0,,3.0,,4.0,5.0,1.0,3.0,5.0,3.0,5.0,5.0,5.0,5.0,1.0,,,,,,3.0,3.0,3.0,4.0,,1.0,7.0,1.0,4.0,1.0,1.0,7.0,4.0,7.0,50.0,50.0,50.0,50.0,50.0,50.0,50.0,50.0,50.0,50.0,1.0,3.0,,,,,,,,,,,,1.0,1.0,1.0,1.0,1.0,1.0,2.0,2.0,1.0,2.0,2.0,2.0,2.0,2.0,2.0,2.0,2.0,2.0,1.0,2.0,2.0,2.0,2.0,2.0,2.0,2.0,2.0,2.0,2.0,1.0,2.0,2.0,2.0,2.0,2.0,2.0,2.0,2.0,1.0,2.0,2.0,2.0,2.0,2.0,2.0,2.0,5.0,,,4.0,,,20.0,,,10.0,
pid_723,2.0,,2.0,,2.0,45.0,,,,,1.0,120.0,,70.0,2.0,,4.0,5.0,4.0,3.0,3.0,4.0,5.0,4.0,5.0,5.0,1.0,,,,,,2.0,3.0,3.0,,4.0,2.0,5.0,2.0,3.0,2.0,2.0,5.0,5.0,5.0,40.0,70.0,40.0,35.0,15.0,35.0,45.0,50.0,55.0,65.0,2.0,5.0,,,,,,,,,,,,1.0,1.0,2.0,1.0,1.0,1.0,2.0,1.0,2.0,2.0,1.0,1.0,1.0,2.0,2.0,2.0,1.0,2.0,1.0,1.0,2.0,2.0,2.0,1.0,2.0,2.0,2.0,2.0,1.0,1.0,2.0,2.0,1.0,1.0,2.0,2.0,2.0,1.0,2.0,1.0,2.0,2.0,2.0,2.0,1.0,1.0,2.0,,,5.0,,,,15.0,1.0,,
pid_724,2.0,,1.0,,1.0,70.0,,,1.0,1225.0,,,50.0,,4.0,,4.0,4.0,4.0,4.0,4.0,4.0,5.0,5.0,4.0,4.0,,,1.0,4.0,4.0,2.0,,,,,3.0,2.0,7.0,5.0,6.0,6.0,5.0,5.0,5.0,5.0,53.0,61.0,62.0,72.0,60.0,75.0,75.0,76.0,53.0,55.0,3.0,,6.0,,,,,,,,,,,1.0,1.0,1.0,1.0,2.0,2.0,2.0,1.0,1.0,2.0,2.0,2.0,2.0,1.0,1.0,1.0,1.0,1.0,1.0,2.0,2.0,1.0,2.0,2.0,2.0,2.0,2.0,1.0,2.0,1.0,2.0,1.0,2.0,1.0,1.0,1.0,2.0,2.0,2.0,1.0,2.0,1.0,2.0,1.0,1.0,1.0,,,5.0,,,6.0,10.0,,,,3.0
pid_725,,2.0,1.0,,,,1.0,20.0,1.0,1232.0,,,,82.0,3.0,,4.0,5.0,5.0,5.0,5.0,4.0,5.0,5.0,4.0,5.0,4.0,,,4.0,4.0,3.0,,,,,6.0,1.0,7.0,3.0,2.0,3.0,1.0,6.0,7.0,7.0,30.0,100.0,100.0,100.0,61.0,49.0,100.0,100.0,61.0,100.0,1.0,,7.0,1.0,1.0,1.0,1.0,1.0,1.0,1.0,1.0,1.0,1.0,,,,,,,2.0,1.0,1.0,2.0,2.0,1.0,2.0,2.0,1.0,1.0,2.0,2.0,2.0,2.0,1.0,1.0,1.0,2.0,1.0,2.0,2.0,2.0,1.0,2.0,2.0,2.0,1.0,2.0,1.0,1.0,2.0,2.0,1.0,1.0,2.0,2.0,2.0,2.0,1.0,2.0,4.0,,,5.0,,,20.0,,1.0,,
pid_726,1.0,,,1.0,2.0,1.0,,,,,1.0,200.0,50.0,,1.0,,4.0,3.0,2.0,4.0,4.0,2.0,5.0,3.0,5.0,4.0,,5.0,,2.0,2.0,2.0,,,,1.0,,1.0,7.0,2.0,4.0,2.0,2.0,5.0,6.0,6.0,47.0,80.0,52.0,66.0,60.0,40.0,80.0,50.0,45.0,65.0,4.0,3.0,,1.0,1.0,1.0,1.0,1.0,1.0,1.0,1.0,1.0,1.0,,,,,,,2.0,2.0,1.0,2.0,2.0,1.0,1.0,2.0,2.0,2.0,2.0,1.0,1.0,2.0,2.0,1.0,2.0,2.0,1.0,2.0,2.0,1.0,1.0,2.0,2.0,2.0,2.0,2.0,1.0,1.0,1.0,2.0,2.0,1.0,1.0,1.0,2.0,2.0,2.0,2.0,,5.0,,,1.0,,,0.0,1.0,,
pid_727,,1.0,1.0,,,,1.0,54.0,2.0,379.0,,,,70.0,,3.0,5.0,5.0,1.0,5.0,5.0,5.0,5.0,5.0,5.0,5.0,,3.0,,,,,5.0,5.0,3.0,,5.0,1.0,6.0,1.0,1.0,1.0,4.0,6.0,6.0,6.0,50.0,30.0,30.0,50.0,20.0,30.0,50.0,50.0,50.0,75.0,2.0,,3.0,,,,,,,,,,,1.0,1.0,1.0,2.0,2.0,1.0,1.0,1.0,1.0,2.0,1.0,2.0,1.0,1.0,2.0,1.0,2.0,2.0,2.0,1.0,2.0,2.0,1.0,1.0,2.0,1.0,2.0,1.0,2.0,1.0,1.0,2.0,1.0,2.0,2.0,1.0,1.0,1.0,1.0,2.0,1.0,2.0,1.0,2.0,2.0,1.0,,5.0,,,5.0,,,5.0,,10.0,
pid_728,2.0,,,1.0,,,1.0,39.0,2.0,350.0,,,70.0,,5.0,,3.0,3.0,3.0,3.0,3.0,3.0,3.0,3.0,3.0,3.0,,,3.0,3.0,3.0,3.0,,,,4.0,,1.0,5.0,1.0,4.0,4.0,1.0,5.0,5.0,5.0,22.0,5.0,9.0,13.0,11.0,18.0,11.0,9.0,4.0,16.0,3.0,,2.0,,,,,,,,,,,1.0,1.0,1.0,1.0,1.0,1.0,1.0,1.0,1.0,2.0,2.0,2.0,1.0,2.0,1.0,2.0,1.0,2.0,2.0,2.0,1.0,1.0,2.0,1.0,2.0,2.0,1.0,2.0,1.0,2.0,2.0,1.0,2.0,2.0,1.0,2.0,2.0,1.0,1.0,2.0,2.0,1.0,1.0,1.0,2.0,1.0,,,3.0,,,4.0,10.0,,,1.0,
pid_729,1.0,,,2.0,,,2.0,6.0,2.0,500.0,,,30.0,,,3.0,2.0,5.0,5.0,3.0,3.0,3.0,5.0,4.0,3.0,4.0,,5.0,,3.0,4.0,2.0,,,,5.0,,1.0,5.0,2.0,6.0,3.0,3.0,5.0,6.0,6.0,45.0,50.0,60.0,50.0,40.0,43.0,49.0,55.0,50.0,55.0,3.0,,6.0,1.0,1.0,1.0,1.0,1.0,1.0,1.0,1.0,1.0,1.0,,,,,,,1.0,1.0,2.0,1.0,1.0,1.0,2.0,2.0,2.0,2.0,2.0,1.0,2.0,1.0,2.0,2.0,2.0,2.0,1.0,2.0,2.0,2.0,1.0,1.0,2.0,2.0,1.0,2.0,2.0,1.0,1.0,1.0,2.0,2.0,1.0,2.0,1.0,2.0,2.0,2.0,,5.0,,,5.0,,,5.0,,6.0,
pid_730,1.0,,,1.0,2.0,30.0,,,,,2.0,80.0,30.0,,3.0,,5.0,5.0,2.0,4.0,3.0,4.0,3.0,4.0,5.0,5.0,,,3.0,,,,4.0,4.0,4.0,4.0,,1.0,7.0,1.0,4.0,4.0,1.0,7.0,5.0,5.0,25.0,75.0,45.0,25.0,15.0,25.0,40.0,65.0,35.0,35.0,3.0,6.0,,1.0,1.0,1.0,1.0,2.0,1.0,1.0,2.0,1.0,1.0,,,,,,,1.0,2.0,1.0,2.0,2.0,2.0,2.0,2.0,2.0,1.0,2.0,2.0,2.0,1.0,2.0,2.0,2.0,1.0,2.0,2.0,2.0,1.0,1.0,2.0,2.0,2.0,2.0,2.0,2.0,2.0,2.0,2.0,2.0,2.0,2.0,2.0,1.0,2.0,2.0,2.0,,,5.0,,,6.0,20.0,,,,2.0
pid_731,,2.0,,1.0,,,1.0,54.0,2.0,360.0,,,82.0,,,2.0,5.0,5.0,3.0,4.0,5.0,5.0,5.0,5.0,4.0,5.0,1.0,,,5.0,2.0,2.0,,,,,1.0,1.0,6.0,5.0,5.0,6.0,2.0,6.0,6.0,4.0,80.0,83.0,31.0,64.0,73.0,62.0,83.0,85.0,50.0,90.0,1.0,,7.0,,,,,,,,,,,1.0,1.0,1.0,1.0,2.0,2.0,2.0,1.0,2.0,1.0,1.0,1.0,2.0,1.0,1.0,1.0,1.0,2.0,1.0,1.0,2.0,2.0,1.0,2.0,1.0,1.0,2.0,2.0,2.0,2.0,1.0,1.0,1.0,1.0,1.0,1.0,2.0,2.0,2.0,2.0,1.0,2.0,2.0,1.0,2.0,2.0,5.0,,,6.0,,,18.0,,,,6.0
pid_732,,1.0,,2.0,2.0,37.0,,,,,1.0,105.0,89.0,,3.0,,4.0,5.0,3.0,3.0,3.0,4.0,5.0,4.0,5.0,4.0,,4.0,,2.0,4.0,2.0,,,,,4.0,2.0,6.0,2.0,3.0,2.0,2.0,3.0,5.0,6.0,40.0,88.0,48.0,32.0,51.0,62.0,95.0,70.0,69.0,81.0,4.0,,6.0,1.0,1.0,1.0,1.0,2.0,1.0,1.0,2.0,1.0,2.0,,,,,,,2.0,2.0,1.0,2.0,2.0,2.0,2.0,2.0,2.0,1.0,1.0,1.0,2.0,1.0,2.0,2.0,2.0,2.0,2.0,1.0,2.0,2.0,2.0,2.0,2.0,2.0,2.0,1.0,2.0,2.0,2.0,1.0,2.0,2.0,2.0,2.0,2.0,1.0,2.0,1.0,,5.0,,,5.0,,,18.0,,9.0,
pid_733,2.0,,1.0,,,,1.0,20.0,1.0,500.0,,,,80.0,1.0,,4.0,4.0,3.0,4.0,3.0,4.0,3.0,5.0,4.0,4.0,,,1.0,,,,4.0,4.0,3.0,,4.0,1.0,7.0,2.0,6.0,4.0,2.0,5.0,5.0,5.0,71.0,90.0,70.0,61.0,52.0,67.0,81.0,82.0,58.0,91.0,3.0,6.0,,,,,,,,,,,,1.0,1.0,2.0,1.0,1.0,2.0,1.0,1.0,1.0,1.0,1.0,1.0,2.0,1.0,2.0,1.0,1.0,1.0,2.0,2.0,1.0,1.0,1.0,1.0,1.0,2.0,1.0,2.0,1.0,2.0,1.0,2.0,1.0,1.0,2.0,1.0,1.0,1.0,1.0,2.0,1.0,1.0,2.0,2.0,1.0,1.0,,,5.0,,,6.0,20.0,,2.0,,
pid_734,1.0,,,1.0,2.0,20.0,,,2.0,800.0,,,30.0,,,3.0,4.0,5.0,2.0,2.0,4.0,4.0,4.0,5.0,5.0,4.0,,,2.0,,,,2.0,3.0,3.0,,4.0,1.0,6.0,3.0,4.0,3.0,3.0,5.0,6.0,5.0,60.0,85.0,51.0,30.0,55.0,65.0,45.0,70.0,50.0,70.0,3.0,,6.0,,,,,,,,,,,1.0,1.0,1.0,1.0,2.0,2.0,2.0,2.0,1.0,2.0,2.0,2.0,2.0,2.0,2.0,1.0,2.0,2.0,1.0,1.0,2.0,2.0,2.0,2.0,1.0,2.0,2.0,1.0,2.0,2.0,2.0,1.0,2.0,2.0,1.0,1.0,2.0,2.0,1.0,1.0,2.0,2.0,2.0,2.0,1.0,2.0,,,4.0,,,5.0,,12.0,,7.0,
pid_735,,2.0,,2.0,2.0,30.0,,,1.0,3200.0,,,,66.0,,1.0,5.0,5.0,1.0,1.0,5.0,5.0,5.0,5.0,5.0,5.0,,4.0,,5.0,4.0,4.0,,,,,6.0,1.0,7.0,2.0,6.0,7.0,1.0,3.0,6.0,3.0,60.0,70.0,45.0,25.0,60.0,60.0,70.0,70.0,55.0,90.0,4.0,6.0,,1.0,1.0,1.0,1.0,2.0,1.0,2.0,1.0,2.0,1.0,,,,,,,2.0,1.0,2.0,2.0,1.0,1.0,2.0,2.0,1.0,2.0,1.0,1.0,2.0,2.0,2.0,1.0,2.0,2.0,1.0,1.0,1.0,2.0,2.0,1.0,2.0,1.0,2.0,2.0,1.0,2.0,1.0,1.0,2.0,1.0,2.0,1.0,2.0,2.0,2.0,2.0,,5.0,,,6.0,,,5.0,3.0,,
pid_736,,2.0,,1.0,2.0,46.0,,,1.0,1200.0,,,,70.0,,3.0,2.0,3.0,3.0,4.0,3.0,2.0,3.0,4.0,4.0,3.0,,,1.0,,,,4.0,4.0,3.0,,4.0,1.0,5.0,1.0,4.0,4.0,4.0,5.0,5.0,6.0,22.0,30.0,35.0,69.0,6.0,25.0,70.0,70.0,20.0,85.0,2.0,,7.0,1.0,2.0,1.0,1.0,1.0,1.0,2.0,2.0,2.0,2.0,,,,,,,1.0,1.0,2.0,1.0,2.0,2.0,2.0,2.0,1.0,1.0,2.0,2.0,2.0,1.0,2.0,2.0,1.0,2.0,2.0,2.0,2.0,1.0,1.0,2.0,2.0,1.0,2.0,1.0,1.0,2.0,2.0,2.0,2.0,2.0,2.0,1.0,1.0,1.0,2.0,2.0,,,4.0,,,3.0,15.0,,,,1.0
pid_737,2.0,,,1.0,,,2.0,1.0,2.0,100.0,,,,70.0,2.0,,2.0,5.0,2.0,5.0,5.0,5.0,4.0,5.0,4.0,4.0,1.0,,,4.0,4.0,2.0,,,,,5.0,2.0,5.0,1.0,3.0,3.0,2.0,5.0,6.0,5.0,75.0,65.0,85.0,75.0,50.0,30.0,80.0,90.0,50.0,40.0,2.0,,7.0,1.0,1.0,1.0,1.0,2.0,1.0,2.0,1.0,1.0,2.0,,,,,,,1.0,1.0,1.0,1.0,1.0,1.0,1.0,2.0,2.0,1.0,1.0,2.0,2.0,1.0,2.0,2.0,2.0,1.0,1.0,2.0,1.0,2.0,1.0,1.0,2.0,1.0,1.0,1.0,1.0,2.0,2.0,2.0,2.0,1.0,1.0,1.0,2.0,1.0,1.0,2.0,5.0,,,5.0,,,,0.0,2.0,,
pid_738,2.0,,1.0,,2.0,50.0,,,2.0,600.0,,,30.0,,5.0,,4.0,5.0,1.0,3.0,5.0,5.0,5.0,4.0,5.0,5.0,,,3.0,4.0,5.0,2.0,,,,6.0,,2.0,5.0,2.0,1.0,1.0,2.0,5.0,7.0,7.0,75.0,87.0,60.0,52.0,25.0,39.0,59.0,52.0,24.0,79.0,3.0,6.0,,1.0,1.0,1.0,1.0,2.0,1.0,2.0,1.0,1.0,2.0,,,,,,,2.0,1.0,2.0,2.0,2.0,2.0,2.0,1.0,2.0,1.0,2.0,2.0,1.0,1.0,2.0,2.0,2.0,2.0,2.0,2.0,2.0,2.0,1.0,1.0,2.0,2.0,1.0,2.0,2.0,2.0,1.0,2.0,2.0,2.0,1.0,2.0,2.0,1.0,2.0,2.0,,,5.0,,,4.0,20.0,,,,3.0
pid_739,,2.0,1.0,,2.0,31.0,,,,,2.0,150.0,,97.0,3.0,,4.0,5.0,4.0,2.0,4.0,5.0,4.0,4.0,4.0,5.0,,,2.0,4.0,4.0,1.0,,,,4.0,,2.0,7.0,3.0,2.0,1.0,3.0,5.0,7.0,6.0,62.0,46.0,68.0,32.0,30.0,82.0,61.0,36.0,21.0,58.0,3.0,5.0,,1.0,1.0,1.0,1.0,1.0,1.0,1.0,1.0,1.0,1.0,,,,,,,1.0,2.0,2.0,2.0,1.0,1.0,2.0,2.0,2.0,2.0,1.0,1.0,2.0,1.0,1.0,1.0,1.0,2.0,1.0,2.0,1.0,1.0,2.0,2.0,2.0,2.0,2.0,1.0,1.0,1.0,1.0,1.0,2.0,2.0,2.0,1.0,1.0,2.0,2.0,2.0,,,5.0,,,4.0,,15.0,,10.0,
pid_740,,2.0,1.0,,,,2.0,1.0,,,1.0,100.0,,64.0,,5.0,5.0,5.0,5.0,3.0,5.0,5.0,5.0,4.0,3.0,5.0,,,1.0,3.0,3.0,3.0,,,,5.0,,2.0,6.0,5.0,1.0,1.0,6.0,6.0,7.0,7.0,39.0,48.0,38.0,18.0,32.0,56.0,32.0,79.0,22.0,95.0,1.0,,3.0,1.0,2.0,2.0,1.0,2.0,1.0,2.0,1.0,2.0,1.0,,,,,,,2.0,2.0,2.0,1.0,2.0,1.0,1.0,1.0,1.0,2.0,1.0,2.0,1.0,1.0,1.0,2.0,1.0,1.0,1.0,1.0,2.0,1.0,2.0,1.0,1.0,2.0,1.0,2.0,2.0,1.0,2.0,2.0,2.0,2.0,1.0,1.0,2.0,1.0,1.0,2.0,,,4.0,,,3.0,,15.0,,9.0,
pid_741,1.0,,2.0,,,,1.0,50.0,,,1.0,150.0,,90.0,3.0,,2.0,4.0,4.0,5.0,4.0,4.0,4.0,5.0,2.0,5.0,1.0,,,3.0,4.0,2.0,,,,6.0,,1.0,5.0,1.0,2.0,3.0,1.0,7.0,7.0,7.0,50.0,85.0,75.0,80.0,60.0,80.0,85.0,75.0,35.0,100.0,1.0,,6.0,1.0,1.0,1.0,1.0,1.0,1.0,1.0,1.0,1.0,1.0,,,,,,,2.0,1.0,2.0,2.0,1.0,1.0,1.0,1.0,1.0,2.0,2.0,2.0,2.0,2.0,1.0,1.0,2.0,1.0,1.0,1.0,1.0,1.0,1.0,1.0,1.0,2.0,1.0,1.0,2.0,1.0,2.0,1.0,1.0,2.0,1.0,1.0,1.0,1.0,2.0,2.0,5.0,,,6.0,,,,5.0,,10.0,
pid_742,,1.0,2.0,,2.0,50.0,,,1.0,1200.0,,,30.0,,,3.0,4.0,5.0,1.0,3.0,5.0,5.0,5.0,5.0,5.0,5.0,,,3.0,,,,4.0,3.0,3.0,4.0,,2.0,7.0,4.0,6.0,6.0,1.0,5.0,6.0,6.0,48.0,45.0,52.0,50.0,48.0,40.0,48.0,48.0,40.0,48.0,3.0,,7.0,,,,,,,,,,,1.0,2.0,1.0,1.0,2.0,1.0,1.0,2.0,1.0,1.0,1.0,2.0,1.0,2.0,1.0,1.0,1.0,1.0,2.0,1.0,2.0,1.0,2.0,1.0,1.0,2.0,1.0,2.0,1.0,1.0,1.0,1.0,1.0,1.0,1.0,1.0,1.0,1.0,1.0,2.0,1.0,1.0,2.0,2.0,1.0,1.0,,,5.0,,,5.0,12.0,,1.0,,
pid_743,,1.0,,1.0,,,1.0,54.0,1.0,379.0,,,40.0,,,2.0,5.0,5.0,5.0,4.0,4.0,5.0,4.0,5.0,5.0,4.0,,2.0,,5.0,6.0,5.0,,,,6.0,,1.0,6.0,5.0,4.0,5.0,3.0,4.0,5.0,4.0,71.0,64.0,75.0,63.0,46.0,55.0,55.0,59.0,50.0,57.0,1.0,,2.0,,,,,,,,,,,1.0,1.0,2.0,1.0,2.0,1.0,2.0,1.0,1.0,2.0,1.0,1.0,2.0,2.0,1.0,2.0,1.0,1.0,1.0,2.0,2.0,2.0,1.0,1.0,1.0,2.0,1.0,1.0,1.0,2.0,1.0,2.0,1.0,1.0,1.0,1.0,1.0,2.0,1.0,2.0,1.0,1.0,1.0,1.0,1.0,2.0,,4.0,,,6.0,,15.0,,,2.0,
pid_744,1.0,,,1.0,,,2.0,6.0,1.0,3300.0,,,,88.0,,4.0,1.0,1.0,5.0,5.0,2.0,1.0,3.0,3.0,4.0,4.0,,1.0,,3.0,2.0,1.0,,,,2.0,,2.0,6.0,2.0,1.0,1.0,3.0,4.0,6.0,6.0,25.0,32.0,92.0,84.0,8.0,6.0,65.0,74.0,78.0,49.0,2.0,4.0,,1.0,1.0,1.0,1.0,2.0,1.0,2.0,1.0,1.0,2.0,,,,,,,1.0,1.0,1.0,2.0,1.0,2.0,1.0,2.0,2.0,2.0,2.0,1.0,2.0,1.0,1.0,1.0,2.0,1.0,1.0,2.0,2.0,1.0,1.0,1.0,2.0,2.0,2.0,2.0,2.0,2.0,1.0,2.0,1.0,2.0,2.0,2.0,2.0,2.0,2.0,2.0,,5.0,,,3.0,,19.0,,,9.0,
pid_745,,2.0,1.0,,2.0,50.0,,,,,1.0,200.0,81.0,,,4.0,2.0,3.0,4.0,2.0,2.0,2.0,1.0,3.0,3.0,4.0,1.0,,,3.0,2.0,3.0,,,,4.0,,1.0,7.0,4.0,4.0,5.0,5.0,6.0,5.0,5.0,50.0,52.0,70.0,46.0,28.0,27.0,18.0,52.0,50.0,68.0,2.0,,6.0,1.0,1.0,1.0,2.0,1.0,1.0,2.0,1.0,2.0,1.0,,,,,,,2.0,1.0,2.0,2.0,2.0,1.0,2.0,2.0,2.0,2.0,1.0,2.0,2.0,2.0,2.0,2.0,2.0,1.0,2.0,1.0,1.0,1.0,2.0,1.0,1.0,2.0,2.0,1.0,1.0,1.0,2.0,2.0,2.0,2.0,2.0,2.0,1.0,1.0,2.0,1.0,3.0,,,3.0,,,10.0,,,,3.0
pid_746,1.0,,,2.0,2.0,50.0,,,,,1.0,200.0,80.0,,2.0,,5.0,5.0,1.0,1.0,3.0,4.0,5.0,4.0,5.0,4.0,,4.0,,,,,3.0,3.0,3.0,4.0,,1.0,6.0,4.0,1.0,6.0,3.0,5.0,6.0,6.0,45.0,49.0,38.0,18.0,23.0,35.0,47.0,72.0,67.0,44.0,2.0,3.0,,,,,,,,,,,,1.0,1.0,1.0,1.0,1.0,1.0,2.0,1.0,1.0,2.0,1.0,1.0,1.0,1.0,2.0,2.0,2.0,1.0,2.0,2.0,1.0,2.0,1.0,1.0,2.0,1.0,2.0,2.0,2.0,2.0,2.0,2.0,2.0,2.0,2.0,2.0,2.0,2.0,1.0,2.0,2.0,2.0,2.0,2.0,1.0,1.0,,4.0,,,3.0,,,10.0,,5.0,
pid_747,1.0,,1.0,,2.0,30.0,,,,,1.0,86.0,,84.0,1.0,,4.0,4.0,3.0,5.0,3.0,4.0,5.0,5.0,4.0,5.0,1.0,,,1.0,1.0,1.0,,,,,6.0,2.0,5.0,4.0,4.0,6.0,2.0,5.0,6.0,5.0,30.0,50.0,50.0,70.0,40.0,40.0,50.0,45.0,70.0,60.0,4.0,7.0,,1.0,2.0,1.0,1.0,1.0,2.0,1.0,2.0,1.0,1.0,,,,,,,2.0,1.0,2.0,2.0,2.0,1.0,2.0,1.0,1.0,2.0,2.0,1.0,1.0,2.0,1.0,1.0,1.0,2.0,1.0,2.0,2.0,1.0,1.0,2.0,2.0,2.0,2.0,2.0,2.0,2.0,2.0,1.0,2.0,1.0,1.0,2.0,2.0,2.0,2.0,1.0,4.0,,,3.0,,,5.0,,,3.0,
pid_748,1.0,,,2.0,,,1.0,30.0,1.0,1500.0,,,75.0,,3.0,,2.0,4.0,2.0,3.0,3.0,2.0,4.0,4.0,4.0,4.0,,,5.0,,,,3.0,3.0,2.0,,6.0,2.0,6.0,1.0,7.0,7.0,4.0,6.0,5.0,5.0,40.0,40.0,45.0,35.0,30.0,40.0,45.0,57.0,35.0,45.0,2.0,6.0,,,,,,,,,,,,1.0,1.0,1.0,1.0,1.0,1.0,1.0,1.0,2.0,2.0,2.0,1.0,2.0,2.0,1.0,2.0,2.0,2.0,2.0,2.0,1.0,1.0,2.0,1.0,1.0,2.0,1.0,2.0,2.0,2.0,2.0,2.0,1.0,2.0,2.0,1.0,2.0,2.0,2.0,1.0,2.0,2.0,2.0,2.0,2.0,2.0,,,4.0,,,3.0,,15.0,,6.0,
pid_749,,1.0,,2.0,2.0,40.0,,,2.0,400.0,,,30.0,,1.0,,4.0,2.0,5.0,4.0,4.0,4.0,4.0,4.0,2.0,5.0,2.0,,,,,,1.0,1.0,3.0,,4.0,1.0,6.0,2.0,2.0,5.0,2.0,6.0,6.0,6.0,40.0,0.0,98.0,90.0,78.0,94.0,70.0,78.0,0.0,70.0,4.0,,6.0,1.0,2.0,1.0,1.0,1.0,2.0,2.0,2.0,2.0,2.0,,,,,,,1.0,1.0,2.0,1.0,2.0,1.0,2.0,1.0,2.0,1.0,1.0,1.0,2.0,2.0,1.0,1.0,1.0,2.0,2.0,2.0,2.0,1.0,1.0,1.0,2.0,1.0,2.0,1.0,2.0,2.0,1.0,2.0,1.0,2.0,2.0,1.0,2.0,1.0,1.0,1.0,5.0,,,2.0,,,,20.0,,6.0,
pid_750,,1.0,,1.0,,,1.0,20.0,1.0,1500.0,,,50.0,,,4.0,5.0,5.0,1.0,3.0,5.0,5.0,5.0,5.0,5.0,5.0,,,1.0,,,,4.0,4.0,3.0,,6.0,2.0,6.0,2.0,3.0,3.0,5.0,6.0,6.0,6.0,40.0,50.0,40.0,50.0,30.0,40.0,30.0,50.0,40.0,40.0,3.0,,5.0,1.0,1.0,1.0,1.0,1.0,1.0,1.0,1.0,1.0,1.0,,,,,,,1.0,2.0,2.0,2.0,1.0,1.0,2.0,2.0,2.0,2.0,2.0,2.0,1.0,2.0,1.0,2.0,1.0,2.0,2.0,2.0,2.0,2.0,2.0,2.0,1.0,2.0,2.0,2.0,2.0,2.0,2.0,2.0,2.0,2.0,2.0,2.0,1.0,2.0,2.0,2.0,,,5.0,,,6.0,,0.0,,,10.0
pid_751,,2.0,1.0,,2.0,45.0,,,,,2.0,70.0,30.0,,4.0,,5.0,4.0,2.0,3.0,3.0,5.0,5.0,5.0,5.0,5.0,,1.0,,5.0,2.0,3.0,,,,5.0,,2.0,7.0,2.0,7.0,6.0,2.0,5.0,6.0,6.0,70.0,73.0,44.0,50.0,33.0,80.0,71.0,91.0,50.0,94.0,2.0,6.0,,,,,,,,,,,,1.0,1.0,1.0,1.0,1.0,1.0,1.0,1.0,1.0,1.0,1.0,1.0,1.0,2.0,1.0,1.0,1.0,1.0,1.0,1.0,1.0,1.0,1.0,1.0,1.0,1.0,1.0,1.0,2.0,1.0,1.0,2.0,1.0,1.0,1.0,1.0,1.0,1.0,1.0,2.0,1.0,1.0,2.0,1.0,1.0,2.0,,5.0,,,6.0,,,20.0,,,10.0
pid_752,,1.0,1.0,,2.0,30.0,,,,,1.0,90.0,50.0,,,5.0,1.0,5.0,3.0,3.0,3.0,1.0,3.0,5.0,5.0,5.0,1.0,,,1.0,2.0,3.0,,,,,2.0,2.0,6.0,6.0,1.0,1.0,1.0,3.0,7.0,7.0,30.0,95.0,50.0,50.0,50.0,30.0,50.0,50.0,50.0,96.0,1.0,4.0,,,,,,,,,,,,1.0,2.0,1.0,2.0,1.0,2.0,2.0,2.0,1.0,1.0,2.0,2.0,2.0,2.0,2.0,2.0,2.0,2.0,1.0,2.0,2.0,2.0,2.0,1.0,2.0,2.0,2.0,1.0,2.0,2.0,2.0,2.0,2.0,2.0,1.0,2.0,2.0,2.0,2.0,2.0,2.0,1.0,2.0,2.0,1.0,2.0,3.0,,,2.0,,,10.0,,,,1.0
pid_753,1.0,,1.0,,2.0,50.0,,,,,1.0,150.0,,100.0,,4.0,5.0,5.0,5.0,4.0,3.0,5.0,3.0,4.0,4.0,5.0,,5.0,,,,,3.0,4.0,4.0,3.0,,1.0,7.0,2.0,4.0,5.0,5.0,5.0,5.0,5.0,81.0,55.0,75.0,70.0,61.0,87.0,90.0,70.0,40.0,90.0,1.0,3.0,,1.0,1.0,1.0,1.0,1.0,1.0,1.0,1.0,1.0,1.0,,,,,,,1.0,1.0,1.0,2.0,2.0,1.0,1.0,1.0,1.0,2.0,2.0,2.0,2.0,2.0,1.0,1.0,1.0,2.0,1.0,1.0,1.0,2.0,2.0,2.0,1.0,2.0,1.0,1.0,1.0,2.0,2.0,2.0,1.0,2.0,2.0,2.0,2.0,1.0,2.0,1.0,,4.0,,,4.0,,15.0,,,,4.0
pid_754,,2.0,,1.0,2.0,55.0,,,1.0,1100.0,,,95.0,,,3.0,4.0,5.0,1.0,4.0,4.0,5.0,5.0,4.0,5.0,5.0,,1.0,,4.0,3.0,1.0,,,,4.0,,1.0,7.0,1.0,4.0,3.0,1.0,6.0,6.0,6.0,55.0,75.0,60.0,65.0,40.0,48.0,70.0,75.0,65.0,85.0,3.0,3.0,,1.0,1.0,1.0,2.0,1.0,1.0,2.0,1.0,1.0,2.0,,,,,,,2.0,2.0,2.0,1.0,1.0,2.0,2.0,2.0,2.0,2.0,2.0,1.0,2.0,2.0,2.0,2.0,2.0,2.0,2.0,2.0,2.0,2.0,2.0,1.0,2.0,2.0,1.0,2.0,2.0,2.0,2.0,1.0,1.0,2.0,2.0,2.0,2.0,1.0,2.0,2.0,,5.0,,,4.0,,20.0,,,,3.0
pid_755,,1.0,,1.0,,,1.0,50.0,,,1.0,200.0,30.0,,3.0,,4.0,3.0,3.0,3.0,4.0,4.0,4.0,4.0,4.0,4.0,,4.0,,,,,5.0,5.0,4.0,4.0,,2.0,6.0,2.0,6.0,5.0,2.0,6.0,6.0,5.0,29.0,65.0,25.0,53.0,73.0,44.0,64.0,58.0,76.0,75.0,2.0,6.0,,,,,,,,,,,,1.0,1.0,2.0,1.0,1.0,1.0,2.0,1.0,1.0,1.0,1.0,1.0,1.0,1.0,1.0,2.0,1.0,2.0,1.0,2.0,2.0,2.0,1.0,2.0,2.0,1.0,2.0,1.0,2.0,2.0,2.0,1.0,2.0,1.0,2.0,2.0,1.0,1.0,1.0,1.0,1.0,1.0,2.0,1.0,2.0,2.0,,5.0,,,5.0,,15.0,,2.0,,
pid_756,,2.0,1.0,,2.0,27.0,,,2.0,750.0,,,30.0,,,3.0,1.0,5.0,5.0,2.0,4.0,3.0,3.0,4.0,3.0,5.0,,1.0,,,,,4.0,2.0,2.0,,2.0,2.0,5.0,2.0,4.0,5.0,4.0,5.0,3.0,3.0,20.0,65.0,70.0,45.0,40.0,30.0,55.0,35.0,15.0,70.0,1.0,,7.0,,,,,,,,,,,2.0,1.0,1.0,2.0,2.0,1.0,2.0,1.0,1.0,1.0,2.0,2.0,2.0,1.0,2.0,1.0,1.0,1.0,1.0,2.0,1.0,2.0,2.0,1.0,2.0,1.0,2.0,2.0,2.0,1.0,2.0,2.0,2.0,2.0,2.0,2.0,2.0,2.0,2.0,1.0,2.0,2.0,1.0,1.0,2.0,1.0,,5.0,,,4.0,,15.0,,,5.0,
pid_757,2.0,,,1.0,,,2.0,5.0,2.0,500.0,,,70.0,,4.0,,2.0,5.0,3.0,4.0,4.0,4.0,5.0,5.0,5.0,5.0,,,1.0,1.0,5.0,1.0,,,,6.0,,1.0,7.0,1.0,4.0,5.0,2.0,7.0,2.0,6.0,29.0,42.0,65.0,75.0,63.0,42.0,59.0,55.0,62.0,74.0,3.0,5.0,,2.0,1.0,2.0,2.0,2.0,1.0,1.0,1.0,1.0,1.0,,,,,,,2.0,2.0,2.0,2.0,1.0,1.0,1.0,1.0,2.0,1.0,2.0,1.0,2.0,2.0,2.0,1.0,2.0,1.0,2.0,2.0,2.0,2.0,2.0,2.0,1.0,2.0,1.0,1.0,2.0,2.0,1.0,1.0,1.0,2.0,1.0,1.0,2.0,1.0,2.0,1.0,,,5.0,,,5.0,10.0,,,6.0,
pid_758,1.0,,1.0,,2.0,54.0,,,,,1.0,400.0,,80.0,2.0,,3.0,4.0,3.0,4.0,4.0,4.0,3.0,4.0,3.0,4.0,,4.0,,4.0,3.0,1.0,,,,,4.0,2.0,5.0,4.0,6.0,5.0,5.0,7.0,7.0,7.0,20.0,78.0,90.0,59.0,10.0,5.0,15.0,10.0,71.0,83.0,1.0,3.0,,1.0,1.0,1.0,1.0,2.0,1.0,2.0,1.0,1.0,2.0,,,,,,,2.0,2.0,2.0,2.0,1.0,2.0,2.0,1.0,2.0,2.0,1.0,1.0,2.0,2.0,2.0,2.0,2.0,2.0,2.0,2.0,2.0,2.0,2.0,2.0,2.0,1.0,2.0,2.0,1.0,2.0,2.0,1.0,2.0,2.0,2.0,1.0,2.0,2.0,2.0,2.0,,5.0,,,5.0,,,5.0,,,3.0
pid_759,,2.0,,2.0,1.0,100.0,,,,,1.0,110.0,,70.0,,5.0,5.0,5.0,1.0,5.0,5.0,5.0,5.0,5.0,5.0,5.0,,3.0,,,,,4.0,3.0,2.0,,5.0,1.0,6.0,4.0,4.0,4.0,4.0,6.0,5.0,6.0,40.0,30.0,66.0,20.0,25.0,35.0,15.0,20.0,15.0,25.0,4.0,,6.0,,,,,,,,,,,2.0,1.0,1.0,2.0,2.0,2.0,1.0,1.0,1.0,1.0,1.0,1.0,1.0,1.0,1.0,1.0,2.0,1.0,2.0,1.0,1.0,1.0,1.0,1.0,2.0,1.0,1.0,1.0,1.0,1.0,2.0,2.0,1.0,2.0,1.0,2.0,2.0,1.0,1.0,1.0,1.0,1.0,1.0,2.0,2.0,1.0,,5.0,,,6.0,,18.0,,2.0,,
pid_760,1.0,,1.0,,1.0,70.0,,,,,1.0,115.0,75.0,,4.0,,4.0,5.0,4.0,3.0,4.0,2.0,2.0,3.0,4.0,5.0,,4.0,,,,,3.0,3.0,3.0,3.0,,2.0,7.0,2.0,3.0,5.0,1.0,6.0,5.0,5.0,41.0,75.0,38.0,51.0,53.0,34.0,51.0,54.0,36.0,82.0,2.0,6.0,,1.0,2.0,1.0,2.0,1.0,1.0,2.0,1.0,1.0,2.0,,,,,,,2.0,1.0,1.0,1.0,2.0,2.0,1.0,1.0,1.0,2.0,1.0,1.0,2.0,2.0,2.0,1.0,2.0,1.0,2.0,1.0,2.0,2.0,2.0,2.0,2.0,1.0,1.0,2.0,1.0,2.0,1.0,1.0,1.0,1.0,2.0,1.0,1.0,2.0,2.0,1.0,,4.0,,,2.0,,,0.0,2.0,,
pid_761,1.0,,,2.0,2.0,53.0,,,1.0,1134.0,,,,7.0,2.0,,5.0,5.0,2.0,3.0,5.0,5.0,5.0,5.0,5.0,5.0,,,4.0,,,,3.0,3.0,4.0,,4.0,2.0,6.0,1.0,5.0,3.0,2.0,6.0,5.0,7.0,25.0,30.0,25.0,52.0,15.0,45.0,45.0,65.0,30.0,25.0,4.0,,7.0,,,,,,,,,,,1.0,2.0,1.0,1.0,2.0,1.0,2.0,2.0,1.0,2.0,1.0,1.0,1.0,2.0,1.0,1.0,2.0,1.0,2.0,2.0,2.0,2.0,2.0,2.0,2.0,1.0,2.0,2.0,2.0,2.0,2.0,2.0,1.0,1.0,2.0,2.0,1.0,2.0,2.0,2.0,2.0,2.0,1.0,2.0,2.0,1.0,,,5.0,,,4.0,,5.0,2.0,,
pid_762,,2.0,,2.0,,,2.0,3.0,,,1.0,112.0,,30.0,3.0,,4.0,5.0,5.0,1.0,5.0,2.0,5.0,1.0,4.0,5.0,,,5.0,,,,2.0,3.0,5.0,3.0,,2.0,6.0,2.0,5.0,5.0,2.0,7.0,7.0,7.0,40.0,87.0,60.0,10.0,50.0,25.0,70.0,25.0,85.0,100.0,2.0,6.0,,2.0,2.0,2.0,1.0,1.0,2.0,2.0,1.0,2.0,2.0,,,,,,,1.0,1.0,1.0,2.0,1.0,1.0,1.0,1.0,1.0,1.0,1.0,1.0,1.0,2.0,1.0,1.0,1.0,2.0,2.0,1.0,1.0,1.0,2.0,1.0,2.0,1.0,1.0,2.0,1.0,1.0,1.0,1.0,2.0,1.0,1.0,1.0,1.0,2.0,1.0,1.0,,,4.0,,,2.0,,10.0,,,2.0
pid_763,,2.0,,2.0,,,1.0,15.0,,,1.0,115.0,,30.0,3.0,,5.0,5.0,1.0,4.0,5.0,4.0,5.0,3.0,5.0,5.0,,,3.0,3.0,3.0,2.0,,,,,2.0,1.0,5.0,2.0,3.0,3.0,2.0,4.0,4.0,5.0,51.0,45.0,50.0,65.0,51.0,60.0,55.0,45.0,51.0,70.0,4.0,,7.0,,,,,,,,,,,1.0,1.0,1.0,2.0,2.0,1.0,2.0,1.0,2.0,1.0,2.0,2.0,2.0,1.0,2.0,1.0,1.0,2.0,1.0,2.0,2.0,2.0,1.0,2.0,1.0,1.0,1.0,1.0,1.0,1.0,1.0,2.0,2.0,1.0,1.0,1.0,1.0,1.0,1.0,1.0,1.0,1.0,1.0,1.0,2.0,1.0,,,5.0,,,5.0,15.0,,,,3.0
pid_764,2.0,,,1.0,2.0,35.0,,,,,1.0,109.0,65.0,,,6.0,3.0,5.0,5.0,4.0,2.0,2.0,5.0,3.0,4.0,5.0,5.0,,,4.0,3.0,3.0,,,,,6.0,1.0,7.0,5.0,7.0,3.0,1.0,5.0,4.0,6.0,45.0,50.0,60.0,55.0,20.0,44.0,60.0,65.0,40.0,85.0,4.0,1.0,,,,,,,,,,,,1.0,1.0,1.0,1.0,1.0,1.0,2.0,2.0,2.0,2.0,2.0,2.0,2.0,2.0,1.0,2.0,2.0,1.0,2.0,2.0,2.0,2.0,1.0,2.0,2.0,2.0,2.0,2.0,2.0,2.0,2.0,2.0,1.0,2.0,2.0,2.0,2.0,2.0,1.0,2.0,2.0,1.0,2.0,2.0,1.0,1.0,1.0,,,1.0,,,20.0,,1.0,,
pid_765,1.0,,,2.0,2.0,42.0,,,,,1.0,325.0,60.0,,,4.0,4.0,4.0,2.0,2.0,3.0,5.0,5.0,5.0,5.0,5.0,3.0,,,5.0,4.0,1.0,,,,5.0,,1.0,7.0,3.0,5.0,5.0,5.0,5.0,6.0,6.0,45.0,47.0,58.0,37.0,33.0,49.0,33.0,44.0,51.0,53.0,3.0,,6.0,,,,,,,,,,,1.0,1.0,1.0,1.0,1.0,1.0,2.0,1.0,2.0,2.0,2.0,2.0,2.0,2.0,2.0,1.0,1.0,1.0,2.0,2.0,2.0,2.0,2.0,1.0,1.0,2.0,2.0,2.0,2.0,2.0,2.0,2.0,2.0,1.0,1.0,1.0,2.0,2.0,2.0,2.0,1.0,2.0,1.0,1.0,2.0,2.0,5.0,,,6.0,,,19.0,,,,3.0
pid_766,,2.0,2.0,,,,1.0,55.0,,,1.0,380.0,,60.0,,6.0,5.0,3.0,4.0,3.0,5.0,4.0,4.0,5.0,5.0,5.0,1.0,,,,,,6.0,5.0,4.0,,5.0,2.0,7.0,6.0,5.0,5.0,5.0,6.0,7.0,7.0,97.0,52.0,95.0,65.0,61.0,74.0,45.0,54.0,29.0,93.0,2.0,6.0,,,,,,,,,,,,1.0,1.0,2.0,1.0,2.0,2.0,1.0,1.0,1.0,1.0,1.0,1.0,1.0,2.0,2.0,2.0,2.0,2.0,1.0,1.0,1.0,1.0,1.0,1.0,1.0,1.0,1.0,1.0,1.0,1.0,1.0,2.0,1.0,1.0,1.0,2.0,1.0,1.0,1.0,1.0,1.0,1.0,2.0,2.0,1.0,2.0,5.0,,,6.0,,,,8.0,,,2.0
pid_767,1.0,,1.0,,2.0,35.0,,,,,1.0,145.0,90.0,,1.0,,4.0,4.0,5.0,2.0,2.0,2.0,2.0,4.0,4.0,4.0,,4.0,,,,,6.0,5.0,4.0,,6.0,1.0,6.0,2.0,5.0,5.0,1.0,3.0,5.0,6.0,45.0,60.0,58.0,30.0,52.0,22.0,48.0,63.0,54.0,51.0,3.0,,7.0,1.0,1.0,1.0,2.0,1.0,1.0,1.0,2.0,2.0,1.0,,,,,,,2.0,1.0,2.0,2.0,1.0,1.0,1.0,2.0,1.0,2.0,1.0,2.0,1.0,2.0,2.0,1.0,2.0,2.0,2.0,2.0,1.0,1.0,1.0,1.0,1.0,1.0,2.0,1.0,2.0,2.0,2.0,1.0,2.0,1.0,2.0,2.0,1.0,1.0,1.0,2.0,,5.0,,,6.0,,15.0,,,5.0,
pid_768,2.0,,,1.0,,,1.0,54.0,,,1.0,389.0,51.0,,,1.0,5.0,4.0,5.0,4.0,5.0,5.0,4.0,4.0,5.0,4.0,,,1.0,,,,1.0,5.0,4.0,,6.0,2.0,7.0,6.0,7.0,7.0,6.0,6.0,7.0,7.0,68.0,38.0,86.0,64.0,66.0,68.0,71.0,48.0,41.0,59.0,1.0,,1.0,1.0,1.0,1.0,1.0,1.0,1.0,1.0,1.0,1.0,1.0,,,,,,,1.0,1.0,1.0,1.0,1.0,2.0,1.0,1.0,1.0,2.0,2.0,1.0,1.0,1.0,1.0,1.0,2.0,1.0,1.0,1.0,1.0,1.0,1.0,1.0,1.0,1.0,1.0,2.0,1.0,1.0,2.0,1.0,1.0,1.0,1.0,1.0,1.0,1.0,1.0,2.0,,,5.0,,,6.0,10.0,,,9.0,
pid_769,1.0,,1.0,,,,1.0,15.0,,,1.0,150.0,,85.0,,4.0,4.0,5.0,2.0,3.0,4.0,3.0,4.0,4.0,5.0,5.0,4.0,,,3.0,4.0,2.0,,,,4.0,,2.0,6.0,2.0,3.0,3.0,2.0,6.0,6.0,6.0,57.0,70.0,32.0,45.0,58.0,40.0,39.0,25.0,55.0,66.0,3.0,,6.0,1.0,1.0,1.0,1.0,1.0,1.0,1.0,1.0,1.0,1.0,,,,,,,1.0,2.0,2.0,2.0,2.0,2.0,2.0,2.0,2.0,2.0,2.0,2.0,1.0,1.0,2.0,1.0,1.0,2.0,2.0,2.0,1.0,2.0,1.0,2.0,2.0,2.0,2.0,1.0,2.0,1.0,1.0,2.0,2.0,1.0,2.0,2.0,2.0,1.0,2.0,2.0,5.0,,,5.0,,,,10.0,2.0,,
pid_770,1.0,,,2.0,2.0,30.0,,,,,1.0,125.0,,60.0,,2.0,1.0,1.0,5.0,4.0,3.0,3.0,1.0,1.0,2.0,5.0,,3.0,,,,,2.0,3.0,3.0,,3.0,1.0,7.0,1.0,2.0,2.0,3.0,6.0,5.0,5.0,50.0,25.0,85.0,70.0,50.0,50.0,10.0,10.0,75.0,85.0,1.0,6.0,,,,,,,,,,,,1.0,1.0,1.0,2.0,1.0,2.0,2.0,1.0,1.0,2.0,2.0,1.0,2.0,2.0,1.0,1.0,1.0,1.0,2.0,1.0,2.0,2.0,1.0,1.0,1.0,1.0,1.0,1.0,2.0,2.0,2.0,1.0,2.0,2.0,1.0,2.0,1.0,2.0,2.0,2.0,2.0,1.0,1.0,1.0,1.0,1.0,,4.0,,,6.0,,,15.0,,,6.0
pid_771,1.0,,,2.0,,,1.0,13.0,,,1.0,300.0,,75.0,2.0,,5.0,5.0,1.0,3.0,3.0,5.0,5.0,5.0,5.0,5.0,1.0,,,3.0,4.0,2.0,,,,,4.0,1.0,6.0,2.0,1.0,1.0,2.0,5.0,7.0,6.0,83.0,96.0,47.0,44.0,26.0,73.0,66.0,77.0,80.0,64.0,1.0,,6.0,,,,,,,,,,,1.0,1.0,1.0,1.0,1.0,1.0,2.0,2.0,2.0,2.0,2.0,2.0,2.0,2.0,2.0,1.0,1.0,2.0,2.0,2.0,2.0,2.0,2.0,2.0,2.0,2.0,2.0,2.0,2.0,1.0,2.0,2.0,2.0,2.0,2.0,2.0,2.0,2.0,2.0,1.0,2.0,1.0,2.0,2.0,2.0,2.0,5.0,,,6.0,,,,15.0,,,5.0
pid_772,1.0,,1.0,,,,2.0,6.0,2.0,600.0,,,75.0,,3.0,,1.0,3.0,5.0,2.0,3.0,3.0,3.0,4.0,3.0,5.0,2.0,,,4.0,3.0,2.0,,,,,4.0,1.0,5.0,2.0,6.0,4.0,4.0,7.0,6.0,6.0,40.0,70.0,65.0,50.0,25.0,45.0,55.0,60.0,45.0,90.0,3.0,6.0,,1.0,2.0,1.0,1.0,1.0,1.0,1.0,1.0,2.0,2.0,,,,,,,2.0,2.0,2.0,2.0,2.0,2.0,1.0,2.0,1.0,2.0,1.0,2.0,2.0,2.0,2.0,2.0,2.0,2.0,1.0,1.0,1.0,2.0,2.0,2.0,1.0,2.0,2.0,1.0,2.0,2.0,2.0,2.0,1.0,1.0,2.0,1.0,1.0,2.0,1.0,1.0,5.0,,,3.0,,,,16.0,2.0,,
pid_773,2.0,,,1.0,,,1.0,20.0,2.0,150.0,,,,70.0,,4.0,5.0,5.0,2.0,4.0,5.0,4.0,5.0,4.0,5.0,5.0,2.0,,,4.0,5.0,3.0,,,,5.0,,1.0,7.0,1.0,3.0,3.0,3.0,7.0,7.0,6.0,46.0,88.0,45.0,63.0,36.0,30.0,60.0,68.0,52.0,77.0,3.0,5.0,,1.0,2.0,1.0,1.0,1.0,2.0,1.0,1.0,2.0,1.0,,,,,,,1.0,1.0,2.0,1.0,2.0,2.0,1.0,2.0,2.0,2.0,2.0,2.0,1.0,1.0,2.0,2.0,1.0,1.0,2.0,1.0,1.0,1.0,2.0,2.0,1.0,1.0,2.0,2.0,1.0,2.0,2.0,2.0,1.0,1.0,1.0,1.0,2.0,1.0,1.0,2.0,4.0,,,5.0,,,,5.0,,10.0,
pid_774,,1.0,,2.0,,,1.0,14.0,,,1.0,100.0,53.0,,,6.0,2.0,4.0,1.0,3.0,5.0,4.0,5.0,4.0,4.0,5.0,1.0,,,4.0,4.0,4.0,,,,,6.0,2.0,5.0,1.0,2.0,2.0,5.0,5.0,6.0,6.0,15.0,88.0,7.0,45.0,82.0,78.0,100.0,45.0,92.0,100.0,3.0,,7.0,,,,,,,,,,,1.0,1.0,1.0,1.0,1.0,1.0,1.0,2.0,1.0,2.0,2.0,2.0,2.0,1.0,1.0,1.0,1.0,2.0,2.0,1.0,2.0,1.0,2.0,1.0,1.0,1.0,1.0,1.0,2.0,1.0,1.0,1.0,1.0,2.0,2.0,1.0,1.0,2.0,2.0,1.0,1.0,1.0,1.0,2.0,1.0,2.0,5.0,,,1.0,,,,10.0,1.0,,
pid_775,,2.0,2.0,,,,2.0,8.0,1.0,1500.0,,,,70.0,2.0,,4.0,5.0,2.0,3.0,5.0,5.0,5.0,3.0,5.0,5.0,,,3.0,3.0,3.0,3.0,,,,4.0,,2.0,7.0,1.0,4.0,2.0,1.0,5.0,6.0,6.0,31.0,90.0,40.0,50.0,40.0,15.0,60.0,50.0,35.0,80.0,3.0,5.0,,1.0,2.0,1.0,1.0,1.0,2.0,2.0,1.0,1.0,2.0,,,,,,,2.0,1.0,2.0,1.0,1.0,2.0,1.0,1.0,1.0,1.0,2.0,2.0,2.0,2.0,2.0,1.0,1.0,2.0,1.0,1.0,2.0,2.0,1.0,2.0,1.0,1.0,1.0,2.0,1.0,1.0,1.0,2.0,1.0,2.0,2.0,2.0,1.0,2.0,1.0,1.0,,,5.0,,,5.0,,15.0,,,3.0
pid_776,1.0,,,2.0,,,2.0,4.0,,,1.0,210.0,34.0,,,5.0,4.0,5.0,3.0,2.0,4.0,5.0,5.0,5.0,5.0,5.0,,3.0,,,,,4.0,4.0,4.0,,5.0,1.0,7.0,2.0,5.0,6.0,1.0,5.0,6.0,6.0,35.0,45.0,40.0,29.0,38.0,29.0,41.0,39.0,32.0,45.0,2.0,,4.0,1.0,1.0,1.0,1.0,1.0,1.0,1.0,1.0,1.0,1.0,,,,,,,2.0,2.0,2.0,1.0,2.0,2.0,2.0,2.0,2.0,2.0,2.0,2.0,2.0,2.0,2.0,2.0,2.0,2.0,2.0,2.0,2.0,2.0,2.0,2.0,2.0,2.0,2.0,1.0,2.0,2.0,2.0,2.0,1.0,2.0,2.0,2.0,2.0,2.0,2.0,2.0,,5.0,,,6.0,,,4.0,3.0,,
pid_777,2.0,,2.0,,,,2.0,7.0,,,1.0,250.0,60.0,,,4.0,5.0,5.0,1.0,5.0,5.0,5.0,5.0,5.0,5.0,5.0,1.0,,,3.0,3.0,3.0,,,,,5.0,1.0,7.0,1.0,6.0,6.0,5.0,7.0,7.0,7.0,91.0,98.0,30.0,100.0,44.0,77.0,84.0,71.0,53.0,79.0,4.0,7.0,,1.0,2.0,1.0,1.0,1.0,1.0,1.0,1.0,2.0,2.0,,,,,,,2.0,1.0,2.0,2.0,1.0,2.0,2.0,2.0,2.0,2.0,2.0,1.0,2.0,2.0,1.0,1.0,2.0,2.0,1.0,2.0,2.0,1.0,2.0,2.0,2.0,2.0,2.0,1.0,2.0,1.0,1.0,2.0,2.0,1.0,2.0,1.0,1.0,2.0,2.0,2.0,5.0,,,5.0,,,,10.0,2.0,,
pid_778,,1.0,,1.0,,,2.0,7.0,1.0,1500.0,,,,92.0,,4.0,5.0,5.0,3.0,5.0,5.0,5.0,5.0,5.0,5.0,5.0,,3.0,,,,,2.0,2.0,5.0,3.0,,2.0,7.0,4.0,4.0,3.0,1.0,6.0,7.0,7.0,71.0,58.0,92.0,48.0,50.0,40.0,36.0,34.0,75.0,79.0,3.0,3.0,,1.0,1.0,1.0,1.0,2.0,1.0,1.0,2.0,1.0,2.0,,,,,,,1.0,1.0,1.0,1.0,1.0,2.0,2.0,2.0,2.0,2.0,1.0,2.0,2.0,2.0,2.0,2.0,2.0,2.0,1.0,2.0,2.0,2.0,1.0,1.0,2.0,2.0,2.0,1.0,1.0,2.0,2.0,1.0,2.0,2.0,2.0,2.0,2.0,1.0,2.0,2.0,,5.0,,,6.0,,,0.0,2.0,,
pid_779,1.0,,2.0,,2.0,37.0,,,2.0,500.0,,,30.0,,,3.0,4.0,5.0,2.0,1.0,5.0,5.0,5.0,4.0,5.0,4.0,1.0,,,4.0,6.0,2.0,,,,4.0,,2.0,7.0,5.0,6.0,3.0,3.0,5.0,6.0,6.0,65.0,33.0,30.0,40.0,45.0,47.0,60.0,75.0,30.0,55.0,3.0,,6.0,,,,,,,,,,,1.0,1.0,2.0,1.0,2.0,1.0,2.0,1.0,2.0,2.0,2.0,1.0,1.0,1.0,2.0,2.0,2.0,2.0,2.0,1.0,1.0,2.0,2.0,1.0,2.0,2.0,2.0,1.0,2.0,2.0,2.0,2.0,1.0,2.0,1.0,2.0,1.0,2.0,2.0,1.0,1.0,2.0,2.0,2.0,1.0,2.0,4.0,,,6.0,,,15.0,,,6.0,
pid_780,,2.0,1.0,,2.0,20.0,,,,,1.0,110.0,30.0,,,5.0,1.0,4.0,5.0,4.0,1.0,2.0,2.0,2.0,1.0,5.0,,1.0,,3.0,4.0,3.0,,,,,4.0,1.0,6.0,3.0,5.0,5.0,2.0,5.0,5.0,5.0,50.0,55.0,60.0,66.0,50.0,30.0,40.0,55.0,35.0,75.0,2.0,3.0,,1.0,1.0,1.0,1.0,1.0,1.0,1.0,1.0,1.0,1.0,,,,,,,1.0,1.0,2.0,1.0,2.0,2.0,1.0,1.0,1.0,2.0,2.0,2.0,1.0,1.0,1.0,1.0,2.0,1.0,1.0,2.0,2.0,2.0,1.0,2.0,1.0,1.0,2.0,1.0,2.0,2.0,2.0,1.0,2.0,1.0,1.0,2.0,2.0,2.0,2.0,2.0,,4.0,,,5.0,,,15.0,,10.0,
pid_781,1.0,,2.0,,,,2.0,7.0,,,1.0,250.0,90.0,,,6.0,3.0,5.0,2.0,2.0,4.0,4.0,4.0,4.0,4.0,4.0,1.0,,,,,,4.0,5.0,3.0,,3.0,1.0,6.0,2.0,3.0,3.0,5.0,5.0,5.0,5.0,40.0,80.0,50.0,50.0,45.0,35.0,50.0,50.0,40.0,50.0,3.0,6.0,,,,,,,,,,,,1.0,1.0,2.0,1.0,2.0,1.0,2.0,1.0,1.0,1.0,2.0,1.0,1.0,1.0,1.0,2.0,1.0,1.0,2.0,1.0,1.0,1.0,1.0,1.0,2.0,1.0,1.0,1.0,1.0,2.0,2.0,2.0,2.0,1.0,1.0,1.0,2.0,2.0,1.0,1.0,2.0,1.0,2.0,1.0,2.0,2.0,5.0,,,4.0,,,,10.0,,,3.0
pid_782,,2.0,1.0,,2.0,54.0,,,,,1.0,350.0,70.0,,,4.0,4.0,5.0,2.0,5.0,5.0,4.0,3.0,5.0,5.0,5.0,,1.0,,3.0,4.0,2.0,,,,4.0,,1.0,7.0,4.0,4.0,4.0,2.0,3.0,5.0,5.0,55.0,48.0,50.0,50.0,48.0,48.0,40.0,60.0,65.0,48.0,2.0,,6.0,1.0,1.0,1.0,1.0,2.0,1.0,1.0,1.0,1.0,2.0,,,,,,,1.0,2.0,1.0,2.0,2.0,1.0,1.0,1.0,1.0,1.0,1.0,2.0,2.0,1.0,1.0,1.0,2.0,2.0,2.0,2.0,2.0,2.0,1.0,1.0,2.0,2.0,2.0,1.0,1.0,1.0,2.0,2.0,2.0,2.0,1.0,2.0,2.0,2.0,1.0,2.0,,4.0,,,6.0,,,10.0,3.0,,
pid_783,2.0,,1.0,,,,2.0,8.0,2.0,60.0,,,,75.0,4.0,,2.0,4.0,4.0,5.0,3.0,4.0,4.0,4.0,3.0,5.0,2.0,,,,,,3.0,2.0,3.0,,5.0,2.0,5.0,1.0,1.0,4.0,2.0,7.0,5.0,4.0,66.0,94.0,51.0,86.0,58.0,81.0,85.0,81.0,93.0,100.0,2.0,,6.0,1.0,2.0,1.0,1.0,1.0,2.0,2.0,2.0,1.0,1.0,,,,,,,2.0,1.0,1.0,1.0,2.0,1.0,1.0,2.0,1.0,1.0,1.0,2.0,2.0,2.0,1.0,2.0,2.0,1.0,2.0,1.0,2.0,1.0,2.0,2.0,2.0,2.0,2.0,1.0,2.0,1.0,2.0,2.0,2.0,1.0,2.0,2.0,1.0,2.0,2.0,1.0,4.0,,,5.0,,,,5.0,,,2.0
pid_784,1.0,,,1.0,2.0,50.0,,,,,1.0,300.0,,51.0,3.0,,4.0,5.0,2.0,4.0,4.0,5.0,5.0,5.0,5.0,5.0,1.0,,,,,,3.0,3.0,4.0,4.0,,2.0,5.0,2.0,5.0,5.0,5.0,3.0,5.0,5.0,31.0,75.0,24.0,14.0,36.0,24.0,78.0,52.0,54.0,39.0,4.0,,7.0,,,,,,,,,,,1.0,1.0,1.0,2.0,1.0,2.0,1.0,2.0,1.0,1.0,2.0,2.0,2.0,2.0,2.0,2.0,1.0,2.0,2.0,2.0,1.0,1.0,2.0,2.0,2.0,1.0,2.0,1.0,2.0,2.0,2.0,2.0,2.0,2.0,1.0,2.0,2.0,1.0,1.0,2.0,2.0,2.0,1.0,1.0,2.0,2.0,4.0,,,3.0,,,10.0,,1.0,,
pid_786,1.0,,2.0,,2.0,20.0,,,1.0,1600.0,,,30.0,,4.0,,5.0,5.0,3.0,5.0,4.0,5.0,5.0,5.0,4.0,4.0,2.0,,,3.0,4.0,2.0,,,,,4.0,1.0,6.0,2.0,3.0,3.0,5.0,5.0,6.0,5.0,25.0,60.0,34.0,20.0,15.0,25.0,40.0,30.0,45.0,60.0,3.0,,6.0,1.0,1.0,1.0,1.0,2.0,1.0,2.0,1.0,2.0,1.0,,,,,,,1.0,2.0,1.0,1.0,1.0,2.0,2.0,1.0,1.0,1.0,2.0,2.0,2.0,2.0,1.0,2.0,2.0,2.0,1.0,1.0,1.0,1.0,1.0,1.0,2.0,1.0,1.0,2.0,1.0,2.0,1.0,1.0,1.0,1.0,1.0,1.0,1.0,2.0,2.0,1.0,4.0,,,4.0,,,14.0,,,,3.0
pid_787,,1.0,1.0,,2.0,50.0,,,1.0,1200.0,,,42.0,,1.0,,5.0,5.0,4.0,5.0,4.0,5.0,4.0,5.0,5.0,4.0,,,2.0,,,,5.0,1.0,2.0,,6.0,2.0,7.0,5.0,7.0,6.0,1.0,5.0,2.0,3.0,40.0,3.0,47.0,38.0,42.0,67.0,11.0,27.0,39.0,47.0,3.0,,6.0,,,,,,,,,,,1.0,2.0,1.0,1.0,2.0,2.0,1.0,1.0,1.0,2.0,1.0,1.0,1.0,1.0,1.0,1.0,1.0,2.0,1.0,2.0,1.0,1.0,2.0,2.0,1.0,1.0,1.0,1.0,1.0,2.0,1.0,1.0,2.0,2.0,2.0,1.0,1.0,1.0,1.0,2.0,1.0,1.0,1.0,1.0,1.0,1.0,,,5.0,,,6.0,15.0,,,3.0,
pid_788,2.0,,,1.0,2.0,30.0,,,2.0,800.0,,,,30.0,4.0,,4.0,4.0,4.0,4.0,4.0,4.0,4.0,4.0,4.0,4.0,,,2.0,3.0,2.0,3.0,,,,4.0,,1.0,3.0,2.0,2.0,2.0,3.0,3.0,5.0,5.0,5.0,22.0,27.0,18.0,5.0,12.0,32.0,47.0,25.0,21.0,3.0,,6.0,1.0,2.0,1.0,1.0,1.0,1.0,1.0,2.0,2.0,2.0,,,,,,,1.0,2.0,2.0,2.0,1.0,2.0,2.0,2.0,2.0,2.0,2.0,1.0,2.0,2.0,2.0,2.0,2.0,2.0,2.0,2.0,2.0,1.0,1.0,2.0,2.0,2.0,2.0,2.0,2.0,2.0,2.0,1.0,2.0,1.0,1.0,1.0,1.0,2.0,2.0,1.0,,,4.0,,,4.0,9.0,,,,2.0
pid_789,,2.0,1.0,,2.0,54.0,,,2.0,375.0,,,51.0,,1.0,,3.0,5.0,5.0,5.0,5.0,3.0,1.0,5.0,2.0,5.0,,1.0,,2.0,1.0,1.0,,,,,6.0,1.0,7.0,1.0,1.0,1.0,3.0,6.0,6.0,7.0,19.0,100.0,92.0,75.0,43.0,25.0,55.0,43.0,11.0,97.0,1.0,,6.0,,,,,,,,,,,1.0,1.0,1.0,2.0,2.0,1.0,2.0,2.0,1.0,2.0,2.0,2.0,2.0,1.0,2.0,2.0,2.0,1.0,2.0,2.0,2.0,1.0,2.0,2.0,2.0,2.0,2.0,1.0,2.0,2.0,2.0,1.0,2.0,2.0,2.0,2.0,2.0,1.0,2.0,2.0,2.0,2.0,1.0,2.0,2.0,2.0,,5.0,,,6.0,,,20.0,,3.0,
pid_790,,1.0,1.0,,,,1.0,54.0,2.0,90.0,,,20.0,,,4.0,4.0,5.0,3.0,4.0,1.0,4.0,4.0,3.0,4.0,5.0,,,4.0,5.0,1.0,1.0,,,,4.0,,1.0,6.0,1.0,1.0,1.0,2.0,5.0,6.0,6.0,83.0,100.0,43.0,53.0,71.0,86.0,100.0,30.0,99.0,100.0,2.0,3.0,,1.0,2.0,1.0,2.0,2.0,2.0,2.0,2.0,2.0,2.0,,,,,,,1.0,2.0,1.0,1.0,1.0,1.0,1.0,1.0,1.0,2.0,1.0,2.0,2.0,2.0,1.0,1.0,1.0,2.0,2.0,1.0,1.0,2.0,1.0,1.0,2.0,1.0,2.0,1.0,1.0,1.0,1.0,1.0,1.0,2.0,1.0,1.0,1.0,1.0,2.0,1.0,,,2.0,,,4.0,,10.0,,3.0,
pid_791,1.0,,,1.0,,,2.0,8.0,,,1.0,120.0,,96.0,1.0,,5.0,5.0,5.0,5.0,3.0,4.0,1.0,5.0,1.0,4.0,,3.0,,,,,1.0,3.0,6.0,,1.0,1.0,5.0,6.0,7.0,6.0,5.0,6.0,7.0,7.0,88.0,85.0,95.0,76.0,60.0,89.0,27.0,93.0,22.0,80.0,1.0,5.0,,1.0,2.0,1.0,1.0,1.0,2.0,1.0,1.0,2.0,1.0,,,,,,,2.0,1.0,1.0,1.0,1.0,2.0,2.0,2.0,1.0,1.0,2.0,1.0,2.0,2.0,2.0,1.0,2.0,1.0,1.0,2.0,2.0,1.0,1.0,1.0,2.0,1.0,2.0,2.0,1.0,2.0,2.0,1.0,1.0,2.0,1.0,1.0,2.0,2.0,2.0,2.0,,5.0,,,6.0,,20.0,,,,1.0
pid_792,1.0,,2.0,,1.0,50.0,,,1.0,10000.0,,,49.0,,,5.0,3.0,5.0,5.0,5.0,3.0,3.0,3.0,3.0,5.0,5.0,5.0,,,6.0,3.0,1.0,,,,1.0,,2.0,7.0,1.0,1.0,1.0,1.0,7.0,7.0,7.0,53.0,100.0,100.0,100.0,56.0,42.0,66.0,32.0,77.0,100.0,1.0,1.0,,1.0,2.0,2.0,1.0,2.0,1.0,2.0,1.0,2.0,1.0,,,,,,,1.0,2.0,1.0,1.0,2.0,1.0,1.0,2.0,1.0,1.0,1.0,1.0,1.0,1.0,1.0,1.0,2.0,1.0,1.0,1.0,1.0,1.0,1.0,1.0,1.0,1.0,2.0,2.0,1.0,1.0,1.0,1.0,1.0,1.0,1.0,2.0,1.0,1.0,2.0,2.0,3.0,,,1.0,,,,10.0,1.0,,
pid_793,1.0,,1.0,,2.0,15.0,,,1.0,5000.0,,,,70.0,,6.0,3.0,5.0,5.0,3.0,3.0,4.0,2.0,4.0,1.0,5.0,,1.0,,,,,5.0,1.0,4.0,,6.0,1.0,7.0,1.0,2.0,2.0,2.0,6.0,6.0,6.0,51.0,74.0,83.0,57.0,51.0,49.0,26.0,48.0,10.0,70.0,3.0,,7.0,1.0,1.0,1.0,1.0,2.0,1.0,2.0,1.0,1.0,2.0,,,,,,,1.0,2.0,2.0,1.0,2.0,2.0,1.0,2.0,2.0,2.0,2.0,2.0,2.0,1.0,2.0,1.0,2.0,2.0,2.0,2.0,1.0,2.0,1.0,1.0,2.0,1.0,1.0,1.0,2.0,2.0,2.0,1.0,2.0,2.0,2.0,2.0,2.0,1.0,2.0,1.0,,5.0,,,4.0,,20.0,,,3.0,
pid_794,1.0,,,2.0,,,1.0,48.0,2.0,250.0,,,,50.0,2.0,,4.0,5.0,1.0,3.0,4.0,5.0,5.0,5.0,5.0,5.0,,,1.0,,,,3.0,2.0,3.0,5.0,,1.0,6.0,2.0,2.0,5.0,3.0,5.0,5.0,5.0,40.0,46.0,57.0,65.0,30.0,40.0,28.0,28.0,42.0,60.0,2.0,5.0,,,,,,,,,,,,1.0,1.0,1.0,1.0,1.0,1.0,1.0,2.0,1.0,2.0,1.0,1.0,2.0,1.0,1.0,1.0,1.0,2.0,1.0,2.0,1.0,2.0,1.0,1.0,2.0,1.0,2.0,1.0,2.0,1.0,2.0,1.0,2.0,2.0,1.0,1.0,2.0,1.0,2.0,1.0,2.0,2.0,1.0,1.0,1.0,1.0,,,4.0,,,5.0,20.0,,,6.0,
pid_795,,1.0,,1.0,2.0,50.0,,,,,1.0,120.0,,20.0,2.0,,1.0,5.0,1.0,3.0,5.0,3.0,5.0,4.0,5.0,5.0,3.0,,,3.0,3.0,3.0,,,,,5.0,2.0,6.0,1.0,1.0,1.0,4.0,7.0,7.0,7.0,14.0,52.0,41.0,17.0,24.0,5.0,37.0,13.0,40.0,31.0,3.0,5.0,,,,,,,,,,,,1.0,1.0,1.0,1.0,2.0,2.0,2.0,1.0,2.0,2.0,2.0,2.0,2.0,2.0,1.0,1.0,2.0,2.0,1.0,2.0,2.0,1.0,1.0,2.0,2.0,1.0,1.0,2.0,1.0,1.0,1.0,2.0,2.0,1.0,2.0,2.0,1.0,2.0,2.0,2.0,2.0,2.0,2.0,2.0,2.0,1.0,5.0,,,5.0,,,10.0,,1.0,,
pid_796,,2.0,,2.0,,,2.0,10.0,2.0,650.0,,,,51.0,4.0,,5.0,5.0,2.0,1.0,4.0,5.0,5.0,1.0,5.0,5.0,2.0,,,,,,2.0,2.0,1.0,,4.0,2.0,7.0,2.0,4.0,5.0,3.0,6.0,6.0,5.0,55.0,41.0,61.0,31.0,82.0,51.0,75.0,33.0,15.0,73.0,3.0,6.0,,1.0,2.0,1.0,2.0,1.0,1.0,2.0,1.0,2.0,1.0,,,,,,,1.0,2.0,2.0,1.0,1.0,2.0,2.0,1.0,2.0,2.0,1.0,2.0,1.0,2.0,2.0,2.0,2.0,1.0,1.0,1.0,2.0,1.0,2.0,2.0,1.0,2.0,1.0,2.0,1.0,2.0,2.0,1.0,2.0,2.0,1.0,1.0,1.0,2.0,1.0,1.0,4.0,,,6.0,,,10.0,,,,2.0
pid_797,2.0,,,2.0,,,2.0,5.0,,,1.0,100.0,32.0,,1.0,,5.0,5.0,4.0,4.0,3.0,4.0,5.0,4.0,3.0,5.0,1.0,,,,,,3.0,3.0,4.0,5.0,,1.0,6.0,1.0,3.0,3.0,2.0,7.0,6.0,6.0,55.0,59.0,71.0,34.0,16.0,21.0,38.0,46.0,14.0,68.0,3.0,,6.0,1.0,1.0,1.0,1.0,1.0,1.0,1.0,1.0,1.0,1.0,,,,,,,1.0,1.0,2.0,1.0,1.0,1.0,1.0,2.0,2.0,2.0,2.0,1.0,2.0,2.0,1.0,2.0,2.0,1.0,1.0,1.0,1.0,2.0,2.0,2.0,1.0,2.0,1.0,2.0,2.0,1.0,1.0,2.0,2.0,2.0,2.0,2.0,1.0,2.0,2.0,2.0,5.0,,,4.0,,,,20.0,,5.0,
pid_798,,2.0,,2.0,2.0,54.0,,,,,1.0,200.0,,65.0,3.0,,5.0,5.0,1.0,3.0,5.0,5.0,5.0,4.0,5.0,5.0,,4.0,,3.0,4.0,3.0,,,,,3.0,1.0,7.0,1.0,3.0,2.0,1.0,6.0,4.0,7.0,27.0,60.0,55.0,20.0,15.0,23.0,35.0,40.0,35.0,40.0,3.0,,6.0,1.0,1.0,1.0,2.0,1.0,1.0,2.0,1.0,1.0,2.0,,,,,,,2.0,1.0,1.0,1.0,2.0,2.0,2.0,2.0,2.0,1.0,1.0,1.0,2.0,1.0,2.0,2.0,1.0,2.0,2.0,2.0,2.0,1.0,2.0,1.0,1.0,2.0,2.0,1.0,1.0,1.0,2.0,1.0,2.0,2.0,1.0,2.0,1.0,2.0,2.0,1.0,,4.0,,,4.0,,,12.0,,,3.0
pid_799,2.0,,,2.0,2.0,56.0,,,2.0,805.0,,,,80.0,,1.0,5.0,5.0,2.0,5.0,5.0,5.0,5.0,5.0,5.0,5.0,3.0,,,5.0,5.0,2.0,,,,,1.0,1.0,5.0,1.0,4.0,6.0,1.0,7.0,5.0,7.0,62.0,90.0,40.0,90.0,71.0,50.0,65.0,70.0,60.0,85.0,4.0,,6.0,1.0,2.0,1.0,1.0,1.0,1.0,1.0,2.0,2.0,2.0,,,,,,,1.0,2.0,1.0,2.0,1.0,1.0,2.0,2.0,2.0,1.0,1.0,2.0,1.0,1.0,2.0,1.0,1.0,1.0,2.0,2.0,2.0,1.0,2.0,2.0,2.0,1.0,1.0,2.0,2.0,2.0,2.0,2.0,2.0,1.0,1.0,2.0,2.0,1.0,2.0,2.0,5.0,,,6.0,,,15.0,,2.0,,
pid_800,,1.0,1.0,,2.0,40.0,,,1.0,2000.0,,,,70.0,,4.0,1.0,2.0,5.0,4.0,2.0,1.0,4.0,4.0,1.0,4.0,,1.0,,2.0,4.0,3.0,,,,2.0,,1.0,5.0,1.0,2.0,1.0,2.0,5.0,7.0,7.0,0.0,27.0,95.0,40.0,5.0,0.0,50.0,25.0,10.0,90.0,1.0,,6.0,1.0,1.0,1.0,1.0,1.0,1.0,1.0,1.0,1.0,1.0,,,,,,,2.0,1.0,1.0,2.0,2.0,2.0,2.0,2.0,2.0,2.0,2.0,1.0,2.0,2.0,2.0,1.0,2.0,1.0,2.0,2.0,1.0,2.0,1.0,2.0,2.0,2.0,2.0,2.0,2.0,2.0,2.0,2.0,2.0,2.0,2.0,2.0,2.0,2.0,2.0,1.0,,2.0,,,2.0,,,0.0,,,1.0
pid_801,,2.0,,2.0,,,2.0,6.0,2.0,500.0,,,,75.0,,3.0,5.0,1.0,3.0,4.0,4.0,5.0,4.0,5.0,5.0,5.0,,5.0,,,,,3.0,4.0,2.0,3.0,,2.0,5.0,2.0,7.0,6.0,3.0,4.0,7.0,7.0,66.0,4.0,53.0,74.0,48.0,63.0,61.0,63.0,56.0,80.0,2.0,5.0,,1.0,1.0,1.0,1.0,1.0,1.0,1.0,1.0,1.0,1.0,,,,,,,2.0,1.0,2.0,2.0,1.0,2.0,1.0,1.0,1.0,2.0,2.0,1.0,1.0,2.0,1.0,2.0,2.0,2.0,1.0,1.0,2.0,1.0,1.0,2.0,1.0,2.0,2.0,1.0,2.0,1.0,2.0,2.0,2.0,2.0,1.0,2.0,2.0,2.0,1.0,1.0,,5.0,,,6.0,,15.0,,2.0,,
pid_802,1.0,,1.0,,1.0,80.0,,,,,1.0,150.0,30.0,,,4.0,1.0,2.0,5.0,4.0,4.0,1.0,1.0,4.0,2.0,4.0,,1.0,,2.0,3.0,2.0,,,,2.0,,2.0,6.0,3.0,5.0,2.0,2.0,5.0,5.0,6.0,60.0,44.0,80.0,45.0,32.0,33.0,46.0,68.0,48.0,72.0,2.0,5.0,,1.0,2.0,1.0,1.0,1.0,1.0,1.0,1.0,2.0,2.0,,,,,,,1.0,1.0,1.0,2.0,2.0,2.0,2.0,1.0,2.0,2.0,2.0,2.0,2.0,1.0,2.0,2.0,2.0,2.0,1.0,2.0,2.0,1.0,1.0,1.0,2.0,1.0,2.0,1.0,2.0,2.0,2.0,2.0,2.0,1.0,1.0,2.0,2.0,2.0,2.0,2.0,,4.0,,,3.0,,,20.0,2.0,,
pid_803,1.0,,,1.0,,,1.0,15.0,2.0,750.0,,,61.0,,,3.0,5.0,5.0,2.0,5.0,5.0,4.0,5.0,5.0,4.0,5.0,,,1.0,3.0,5.0,2.0,,,,,6.0,2.0,6.0,1.0,1.0,2.0,5.0,7.0,7.0,6.0,61.0,74.0,36.0,47.0,35.0,45.0,55.0,33.0,36.0,46.0,3.0,6.0,,,,,,,,,,,,1.0,1.0,2.0,1.0,1.0,2.0,1.0,1.0,1.0,1.0,1.0,1.0,1.0,1.0,2.0,2.0,2.0,2.0,2.0,2.0,1.0,2.0,2.0,1.0,1.0,1.0,1.0,1.0,2.0,1.0,2.0,1.0,2.0,1.0,1.0,1.0,1.0,1.0,1.0,1.0,1.0,2.0,1.0,1.0,1.0,1.0,,,4.0,,,1.0,,7.0,,10.0,
pid_804,2.0,,,1.0,,,2.0,5.0,,,1.0,150.0,50.0,,,3.0,4.0,5.0,2.0,5.0,5.0,4.0,5.0,5.0,5.0,5.0,2.0,,,,,,3.0,3.0,4.0,,6.0,2.0,6.0,2.0,1.0,2.0,3.0,5.0,7.0,6.0,40.0,60.0,65.0,50.0,70.0,40.0,85.0,70.0,35.0,85.0,4.0,,5.0,,,,,,,,,,,1.0,1.0,1.0,2.0,1.0,2.0,2.0,1.0,1.0,1.0,1.0,1.0,2.0,1.0,2.0,2.0,2.0,1.0,2.0,2.0,1.0,1.0,1.0,2.0,2.0,1.0,2.0,2.0,1.0,1.0,2.0,1.0,1.0,2.0,2.0,1.0,2.0,2.0,2.0,1.0,2.0,2.0,1.0,2.0,2.0,1.0,5.0,,,5.0,,,15.0,,,,4.0
pid_805,1.0,,,1.0,,,1.0,30.0,2.0,500.0,,,,90.0,,4.0,3.0,3.0,4.0,4.0,2.0,2.0,2.0,2.0,3.0,4.0,1.0,,,4.0,4.0,2.0,,,,,4.0,2.0,5.0,1.0,1.0,1.0,1.0,6.0,7.0,7.0,50.0,60.0,56.0,52.0,30.0,40.0,30.0,40.0,20.0,80.0,1.0,,6.0,,,,,,,,,,,1.0,1.0,1.0,2.0,1.0,1.0,2.0,2.0,2.0,1.0,1.0,2.0,2.0,2.0,1.0,2.0,1.0,2.0,2.0,1.0,2.0,2.0,1.0,2.0,1.0,1.0,2.0,2.0,1.0,2.0,1.0,1.0,2.0,1.0,2.0,1.0,1.0,2.0,2.0,1.0,2.0,1.0,2.0,2.0,2.0,2.0,4.0,,,4.0,,,2.0,,,7.0,
pid_806,2.0,,,1.0,,,1.0,47.0,,,1.0,175.0,78.0,,,4.0,5.0,5.0,2.0,1.0,5.0,5.0,5.0,5.0,5.0,5.0,,1.0,,,,,3.0,3.0,3.0,4.0,,1.0,5.0,5.0,5.0,5.0,2.0,5.0,5.0,6.0,75.0,95.0,33.0,9.0,51.0,50.0,62.0,71.0,59.0,90.0,4.0,,6.0,,,,,,,,,,,1.0,1.0,1.0,1.0,1.0,1.0,2.0,2.0,2.0,1.0,2.0,2.0,1.0,1.0,1.0,2.0,1.0,2.0,2.0,1.0,2.0,2.0,2.0,2.0,2.0,2.0,2.0,1.0,2.0,2.0,2.0,2.0,2.0,2.0,2.0,2.0,2.0,2.0,2.0,2.0,2.0,2.0,1.0,2.0,2.0,1.0,,4.0,,,6.0,,,14.0,,10.0,
pid_807,1.0,,,1.0,,,1.0,15.0,2.0,865.0,,,3.0,,3.0,,3.0,4.0,4.0,4.0,3.0,3.0,3.0,2.0,3.0,4.0,,,2.0,4.0,3.0,1.0,,,,4.0,,1.0,4.0,3.0,4.0,3.0,1.0,2.0,5.0,5.0,19.0,68.0,58.0,53.0,14.0,38.0,66.0,40.0,39.0,77.0,2.0,,6.0,1.0,2.0,1.0,1.0,1.0,2.0,2.0,2.0,2.0,1.0,,,,,,,1.0,1.0,2.0,1.0,2.0,1.0,2.0,2.0,1.0,2.0,1.0,1.0,1.0,1.0,1.0,2.0,1.0,1.0,1.0,1.0,2.0,1.0,2.0,1.0,2.0,1.0,1.0,1.0,1.0,2.0,1.0,2.0,1.0,1.0,2.0,2.0,1.0,2.0,1.0,2.0,,,4.0,,,3.0,,5.0,1.0,,
pid_808,2.0,,,2.0,,,2.0,3.0,1.0,1200.0,,,,90.0,,6.0,4.0,3.0,3.0,4.0,3.0,4.0,4.0,4.0,3.0,4.0,,2.0,,4.0,4.0,4.0,,,,5.0,,1.0,5.0,4.0,4.0,5.0,2.0,5.0,6.0,6.0,50.0,55.0,50.0,50.0,50.0,50.0,50.0,50.0,50.0,55.0,3.0,,6.0,,,,,,,,,,,1.0,1.0,1.0,1.0,1.0,1.0,2.0,2.0,1.0,1.0,2.0,2.0,2.0,2.0,1.0,2.0,1.0,1.0,2.0,1.0,2.0,2.0,2.0,2.0,1.0,2.0,1.0,1.0,1.0,1.0,2.0,2.0,2.0,2.0,1.0,2.0,2.0,2.0,1.0,2.0,2.0,2.0,2.0,2.0,1.0,2.0,,4.0,,,5.0,,,20.0,,1.0,
pid_809,2.0,,2.0,,2.0,42.0,,,,,1.0,200.0,81.0,,,4.0,5.0,5.0,4.0,5.0,4.0,4.0,5.0,3.0,5.0,5.0,,2.0,,,,,3.0,4.0,6.0,,4.0,1.0,7.0,2.0,2.0,3.0,1.0,7.0,7.0,5.0,9.0,2.0,79.0,39.0,15.0,11.0,2.0,4.0,26.0,5.0,3.0,,6.0,,,,,,,,,,,1.0,1.0,1.0,2.0,1.0,2.0,1.0,2.0,2.0,1.0,1.0,2.0,1.0,2.0,1.0,2.0,1.0,2.0,2.0,2.0,1.0,1.0,1.0,1.0,2.0,1.0,1.0,2.0,1.0,1.0,2.0,1.0,1.0,1.0,2.0,2.0,1.0,1.0,1.0,1.0,1.0,1.0,2.0,1.0,1.0,1.0,,5.0,,,3.0,,20.0,,,,3.0
pid_810,1.0,,1.0,,,,2.0,25.0,,,1.0,250.0,,35.0,3.0,,4.0,5.0,1.0,3.0,4.0,4.0,4.0,4.0,5.0,4.0,,,3.0,3.0,4.0,2.0,,,,4.0,,1.0,6.0,5.0,3.0,4.0,4.0,4.0,5.0,4.0,54.0,73.0,48.0,37.0,50.0,55.0,52.0,58.0,57.0,33.0,4.0,4.0,,1.0,2.0,1.0,1.0,1.0,1.0,2.0,2.0,2.0,2.0,,,,,,,2.0,1.0,2.0,2.0,2.0,1.0,1.0,1.0,2.0,2.0,2.0,2.0,1.0,2.0,2.0,1.0,1.0,1.0,2.0,1.0,1.0,2.0,2.0,2.0,1.0,2.0,2.0,1.0,1.0,1.0,1.0,2.0,2.0,1.0,1.0,1.0,1.0,1.0,1.0,2.0,,,4.0,,,4.0,,5.0,2.0,,
pid_811,1.0,,,1.0,,,2.0,10.0,,,1.0,100.0,30.0,,1.0,,3.0,4.0,2.0,5.0,4.0,4.0,5.0,4.0,4.0,5.0,4.0,,,,,,1.0,1.0,1.0,4.0,,2.0,6.0,1.0,1.0,2.0,1.0,7.0,7.0,7.0,25.0,50.0,51.0,100.0,100.0,33.0,100.0,70.0,50.0,100.0,1.0,,1.0,,,,,,,,,,,2.0,1.0,1.0,1.0,2.0,1.0,1.0,2.0,1.0,1.0,1.0,2.0,2.0,1.0,1.0,2.0,2.0,1.0,1.0,2.0,1.0,2.0,2.0,2.0,1.0,1.0,2.0,1.0,2.0,1.0,2.0,2.0,1.0,1.0,2.0,1.0,1.0,2.0,2.0,2.0,1.0,2.0,1.0,1.0,2.0,1.0,3.0,,,4.0,,,5.0,,2.0,,
pid_812,,2.0,1.0,,2.0,31.0,,,2.0,200.0,,,30.0,,1.0,,5.0,3.0,2.0,2.0,5.0,5.0,5.0,4.0,4.0,5.0,,1.0,,2.0,3.0,1.0,,,,2.0,,2.0,4.0,2.0,2.0,4.0,4.0,4.0,6.0,5.0,100.0,65.0,1.0,50.0,100.0,100.0,100.0,100.0,81.0,100.0,2.0,,5.0,,,,,,,,,,,1.0,2.0,1.0,1.0,1.0,2.0,1.0,1.0,2.0,1.0,1.0,2.0,1.0,1.0,1.0,1.0,1.0,2.0,2.0,1.0,1.0,1.0,2.0,1.0,1.0,1.0,2.0,1.0,1.0,2.0,1.0,1.0,1.0,1.0,2.0,2.0,2.0,2.0,1.0,1.0,2.0,2.0,1.0,2.0,1.0,1.0,,5.0,,,4.0,,20.0,,,,2.0
pid_813,,2.0,1.0,,2.0,48.0,,,1.0,1080.0,,,,50.0,,4.0,2.0,5.0,3.0,3.0,4.0,5.0,5.0,5.0,5.0,4.0,,,5.0,,,,3.0,3.0,5.0,,4.0,1.0,7.0,2.0,6.0,5.0,3.0,6.0,6.0,6.0,20.0,83.0,11.0,53.0,51.0,68.0,71.0,87.0,18.0,85.0,1.0,,6.0,,,,,,,,,,,1.0,2.0,1.0,2.0,1.0,1.0,2.0,1.0,2.0,2.0,2.0,1.0,2.0,1.0,2.0,2.0,2.0,2.0,1.0,2.0,1.0,1.0,2.0,2.0,2.0,2.0,1.0,2.0,2.0,1.0,2.0,1.0,2.0,2.0,1.0,2.0,2.0,2.0,2.0,2.0,2.0,2.0,2.0,2.0,1.0,1.0,,,5.0,,,6.0,20.0,,2.0,,
pid_814,1.0,,,1.0,,,2.0,2.0,2.0,900.0,,,,90.0,,6.0,2.0,4.0,4.0,4.0,3.0,2.0,4.0,3.0,3.0,4.0,4.0,,,4.0,5.0,3.0,,,,,2.0,1.0,5.0,5.0,3.0,2.0,3.0,5.0,5.0,6.0,35.0,60.0,55.0,65.0,35.0,25.0,65.0,55.0,45.0,65.0,1.0,5.0,,1.0,1.0,1.0,1.0,2.0,2.0,1.0,1.0,2.0,1.0,,,,,,,2.0,1.0,2.0,2.0,1.0,1.0,1.0,1.0,1.0,2.0,1.0,1.0,1.0,1.0,2.0,2.0,2.0,1.0,1.0,1.0,1.0,2.0,1.0,1.0,1.0,1.0,1.0,1.0,1.0,1.0,1.0,1.0,1.0,1.0,1.0,2.0,2.0,1.0,1.0,2.0,4.0,,,4.0,,,,12.0,2.0,,
pid_815,,2.0,,1.0,1.0,75.0,,,1.0,1200.0,,,,91.0,3.0,,4.0,5.0,1.0,3.0,3.0,5.0,4.0,4.0,5.0,4.0,,,3.0,,,,3.0,3.0,3.0,4.0,,2.0,6.0,2.0,2.0,2.0,4.0,5.0,6.0,7.0,80.0,90.0,15.0,65.0,50.0,50.0,80.0,80.0,80.0,75.0,3.0,,6.0,1.0,1.0,1.0,1.0,1.0,1.0,1.0,1.0,1.0,1.0,,,,,,,2.0,1.0,1.0,1.0,2.0,1.0,2.0,1.0,1.0,2.0,2.0,1.0,1.0,1.0,1.0,1.0,2.0,2.0,2.0,1.0,1.0,1.0,2.0,2.0,2.0,1.0,2.0,2.0,1.0,1.0,1.0,1.0,1.0,2.0,1.0,2.0,1.0,2.0,1.0,2.0,,,5.0,,,5.0,20.0,,,2.0,
pid_817,1.0,,1.0,,,,1.0,55.0,1.0,1500.0,,,30.0,,,2.0,2.0,4.0,3.0,3.0,3.0,5.0,4.0,4.0,4.0,5.0,,2.0,,3.0,4.0,2.0,,,,,2.0,1.0,6.0,2.0,5.0,5.0,2.0,5.0,4.0,5.0,51.0,78.0,56.0,75.0,52.0,53.0,71.0,67.0,67.0,90.0,3.0,6.0,,,,,,,,,,,,1.0,1.0,1.0,1.0,2.0,2.0,2.0,2.0,1.0,2.0,2.0,2.0,1.0,2.0,1.0,2.0,1.0,2.0,2.0,1.0,1.0,2.0,2.0,1.0,1.0,2.0,1.0,1.0,2.0,2.0,1.0,2.0,2.0,2.0,2.0,2.0,2.0,2.0,2.0,1.0,2.0,1.0,1.0,2.0,1.0,2.0,,5.0,,,5.0,,15.0,,,,2.0
pid_818,1.0,,1.0,,,,2.0,8.0,,,1.0,100.0,,20.0,,4.0,5.0,5.0,3.0,4.0,4.0,5.0,5.0,4.0,5.0,5.0,,,2.0,,,,3.0,4.0,4.0,4.0,,1.0,6.0,5.0,3.0,3.0,1.0,3.0,5.0,5.0,75.0,85.0,58.0,80.0,45.0,35.0,55.0,65.0,30.0,85.0,2.0,6.0,,1.0,1.0,1.0,1.0,1.0,1.0,1.0,2.0,2.0,1.0,,,,,,,1.0,1.0,1.0,2.0,2.0,1.0,2.0,1.0,1.0,2.0,2.0,1.0,1.0,1.0,2.0,2.0,1.0,2.0,1.0,1.0,1.0,2.0,1.0,2.0,2.0,2.0,1.0,2.0,1.0,2.0,2.0,1.0,2.0,2.0,2.0,2.0,1.0,2.0,2.0,2.0,,,5.0,,,4.0,,15.0,2.0,,
pid_819,,2.0,,1.0,1.0,70.0,,,1.0,2000.0,,,,67.0,,4.0,4.0,4.0,4.0,4.0,5.0,5.0,4.0,4.0,4.0,5.0,,,2.0,,,,3.0,4.0,4.0,,4.0,2.0,5.0,2.0,4.0,5.0,6.0,6.0,4.0,5.0,32.0,53.0,72.0,56.0,53.0,36.0,60.0,68.0,25.0,70.0,3.0,6.0,,,,,,,,,,,,1.0,1.0,1.0,2.0,1.0,1.0,2.0,2.0,1.0,1.0,2.0,1.0,1.0,2.0,1.0,1.0,2.0,1.0,1.0,1.0,1.0,2.0,1.0,2.0,2.0,2.0,2.0,2.0,2.0,1.0,1.0,2.0,2.0,2.0,2.0,1.0,2.0,1.0,1.0,1.0,1.0,2.0,2.0,2.0,2.0,1.0,,,4.0,,,4.0,15.0,,,,2.0
pid_820,1.0,,1.0,,1.0,70.0,,,,,1.0,100.0,,64.0,4.0,,5.0,5.0,4.0,3.0,5.0,5.0,5.0,5.0,4.0,3.0,4.0,,,,,,6.0,5.0,5.0,3.0,,1.0,7.0,1.0,1.0,1.0,5.0,6.0,7.0,7.0,60.0,74.0,80.0,67.0,70.0,100.0,78.0,43.0,40.0,90.0,1.0,2.0,,1.0,2.0,1.0,1.0,2.0,2.0,1.0,2.0,1.0,1.0,,,,,,,1.0,1.0,1.0,2.0,2.0,2.0,2.0,1.0,1.0,2.0,2.0,1.0,1.0,2.0,2.0,2.0,1.0,2.0,2.0,2.0,2.0,1.0,2.0,1.0,1.0,2.0,1.0,1.0,1.0,1.0,2.0,2.0,2.0,1.0,2.0,2.0,1.0,2.0,1.0,2.0,4.0,,,5.0,,,0.0,,,7.0,
pid_821,,1.0,1.0,,,,1.0,30.0,,,1.0,100.0,30.0,,1.0,,2.0,4.0,3.0,4.0,3.0,2.0,4.0,4.0,4.0,4.0,,2.0,,3.0,3.0,2.0,,,,,3.0,2.0,5.0,1.0,1.0,1.0,1.0,3.0,5.0,5.0,48.0,56.0,34.0,58.0,36.0,29.0,45.0,50.0,60.0,52.0,1.0,,6.0,1.0,2.0,1.0,2.0,1.0,1.0,1.0,2.0,1.0,1.0,,,,,,,2.0,2.0,1.0,1.0,1.0,2.0,1.0,2.0,1.0,1.0,1.0,2.0,1.0,2.0,2.0,1.0,1.0,1.0,1.0,2.0,1.0,2.0,1.0,2.0,1.0,1.0,2.0,2.0,1.0,2.0,1.0,1.0,2.0,2.0,2.0,1.0,2.0,1.0,1.0,1.0,,4.0,,,4.0,,4.0,,,,1.0
pid_822,,1.0,,1.0,,,1.0,54.0,,,1.0,379.0,,66.0,5.0,,4.0,4.0,5.0,4.0,5.0,4.0,4.0,4.0,5.0,4.0,5.0,,,,,,5.0,5.0,5.0,,5.0,1.0,6.0,5.0,5.0,6.0,5.0,6.0,6.0,5.0,30.0,30.0,21.0,31.0,16.0,25.0,33.0,24.0,27.0,19.0,3.0,4.0,,,,,,,,,,,,1.0,1.0,1.0,1.0,1.0,1.0,1.0,1.0,1.0,2.0,2.0,2.0,2.0,2.0,1.0,1.0,1.0,1.0,1.0,1.0,1.0,2.0,2.0,2.0,2.0,1.0,1.0,1.0,1.0,1.0,1.0,1.0,1.0,1.0,1.0,1.0,1.0,1.0,1.0,2.0,1.0,1.0,1.0,2.0,1.0,1.0,4.0,,,6.0,,,15.0,,,5.0,
pid_823,,2.0,1.0,,1.0,34.0,,,,,1.0,155.0,61.0,,,2.0,5.0,5.0,3.0,1.0,5.0,5.0,5.0,4.0,5.0,5.0,,,2.0,1.0,6.0,1.0,,,,,3.0,2.0,7.0,5.0,5.0,4.0,4.0,4.0,5.0,6.0,35.0,98.0,60.0,5.0,58.0,75.0,84.0,63.0,60.0,69.0,4.0,,7.0,1.0,1.0,1.0,2.0,1.0,1.0,2.0,1.0,1.0,2.0,,,,,,,2.0,2.0,1.0,1.0,1.0,1.0,1.0,1.0,1.0,2.0,2.0,2.0,2.0,2.0,2.0,2.0,2.0,2.0,2.0,2.0,1.0,2.0,1.0,2.0,1.0,1.0,2.0,2.0,1.0,1.0,2.0,1.0,1.0,2.0,2.0,1.0,2.0,2.0,1.0,2.0,,,5.0,,,6.0,15.0,,,3.0,
pid_824,2.0,,1.0,,2.0,45.0,,,,,1.0,150.0,45.0,,,2.0,5.0,5.0,2.0,1.0,5.0,5.0,5.0,5.0,5.0,5.0,,5.0,,4.0,4.0,2.0,,,,,5.0,1.0,6.0,2.0,5.0,3.0,2.0,6.0,6.0,6.0,46.0,75.0,60.0,50.0,35.0,47.0,65.0,65.0,45.0,80.0,3.0,,5.0,,,,,,,,,,,1.0,1.0,1.0,1.0,1.0,1.0,2.0,2.0,2.0,2.0,1.0,1.0,2.0,1.0,1.0,2.0,2.0,2.0,1.0,1.0,2.0,2.0,1.0,2.0,2.0,2.0,2.0,1.0,1.0,2.0,2.0,2.0,2.0,2.0,1.0,2.0,1.0,2.0,2.0,2.0,2.0,1.0,2.0,1.0,2.0,2.0,,5.0,,,5.0,,,15.0,2.0,,
pid_825,,2.0,1.0,,,,2.0,7.0,2.0,750.0,,,85.0,,3.0,,2.0,5.0,5.0,3.0,3.0,2.0,1.0,3.0,4.0,4.0,,1.0,,,,,4.0,3.0,4.0,4.0,,2.0,6.0,1.0,5.0,5.0,3.0,5.0,5.0,5.0,70.0,65.0,80.0,50.0,45.0,60.0,20.0,55.0,75.0,50.0,2.0,,6.0,,,,,,,,,,,1.0,1.0,1.0,1.0,2.0,2.0,2.0,1.0,2.0,2.0,1.0,1.0,2.0,1.0,1.0,2.0,2.0,2.0,1.0,1.0,2.0,2.0,1.0,1.0,1.0,1.0,2.0,2.0,2.0,2.0,2.0,2.0,2.0,1.0,1.0,2.0,2.0,2.0,2.0,1.0,1.0,1.0,1.0,1.0,1.0,1.0,,4.0,,,4.0,,10.0,,,,3.0
pid_826,,1.0,1.0,,2.0,30.0,,,,,1.0,120.0,71.0,,1.0,,2.0,4.0,2.0,4.0,4.0,3.0,5.0,4.0,4.0,5.0,,,2.0,,,,2.0,2.0,3.0,5.0,,2.0,7.0,4.0,4.0,3.0,3.0,5.0,5.0,6.0,52.0,75.0,25.0,62.0,38.0,30.0,76.0,59.0,40.0,81.0,2.0,,6.0,,,,,,,,,,,1.0,1.0,1.0,1.0,2.0,2.0,2.0,1.0,2.0,2.0,2.0,2.0,2.0,2.0,2.0,1.0,1.0,2.0,1.0,1.0,2.0,1.0,1.0,2.0,2.0,1.0,2.0,2.0,2.0,1.0,2.0,2.0,2.0,2.0,2.0,2.0,2.0,2.0,2.0,1.0,2.0,2.0,2.0,2.0,2.0,1.0,,,5.0,,,6.0,,0.0,3.0,,
pid_827,,2.0,,1.0,2.0,36.0,,,,,1.0,213.0,,71.0,,2.0,1.0,4.0,5.0,4.0,1.0,1.0,1.0,1.0,1.0,5.0,1.0,,,4.0,6.0,2.0,,,,2.0,,1.0,6.0,3.0,4.0,5.0,5.0,6.0,7.0,7.0,41.0,64.0,54.0,65.0,33.0,41.0,33.0,36.0,42.0,72.0,1.0,6.0,,2.0,1.0,1.0,1.0,2.0,1.0,1.0,1.0,1.0,2.0,,,,,,,2.0,1.0,2.0,2.0,1.0,2.0,2.0,2.0,2.0,2.0,2.0,1.0,2.0,2.0,1.0,2.0,1.0,2.0,2.0,2.0,1.0,2.0,2.0,2.0,2.0,1.0,2.0,2.0,1.0,2.0,2.0,2.0,1.0,2.0,1.0,1.0,2.0,1.0,2.0,2.0,5.0,,,1.0,,,20.0,,,,6.0
pid_828,,1.0,2.0,,,,2.0,9.0,2.0,700.0,,,80.0,,,5.0,4.0,5.0,5.0,1.0,4.0,3.0,2.0,4.0,2.0,4.0,,,2.0,,,,2.0,2.0,5.0,,4.0,2.0,7.0,3.0,3.0,6.0,2.0,6.0,6.0,6.0,71.0,96.0,86.0,14.0,86.0,54.0,5.0,87.0,12.0,80.0,3.0,6.0,,1.0,2.0,1.0,2.0,1.0,1.0,1.0,2.0,1.0,1.0,,,,,,,2.0,2.0,2.0,2.0,2.0,2.0,1.0,2.0,1.0,2.0,1.0,1.0,2.0,2.0,1.0,1.0,2.0,2.0,2.0,2.0,2.0,1.0,2.0,2.0,2.0,2.0,1.0,2.0,2.0,2.0,1.0,1.0,2.0,2.0,1.0,2.0,2.0,2.0,2.0,2.0,,,5.0,,,6.0,,15.0,,,3.0
pid_829,1.0,,1.0,,1.0,54.0,,,2.0,350.0,,,,71.0,2.0,,5.0,5.0,4.0,5.0,4.0,4.0,5.0,4.0,4.0,5.0,,,1.0,,,,1.0,1.0,1.0,,5.0,2.0,5.0,2.0,4.0,3.0,2.0,6.0,6.0,6.0,75.0,88.0,60.0,67.0,68.0,75.0,95.0,77.0,90.0,93.0,3.0,,6.0,1.0,1.0,1.0,2.0,2.0,1.0,2.0,1.0,1.0,1.0,,,,,,,2.0,2.0,2.0,1.0,2.0,2.0,2.0,2.0,2.0,1.0,2.0,1.0,2.0,1.0,2.0,1.0,1.0,2.0,2.0,2.0,1.0,2.0,2.0,1.0,2.0,1.0,1.0,1.0,2.0,2.0,1.0,2.0,2.0,2.0,2.0,2.0,2.0,2.0,2.0,2.0,,,5.0,,,3.0,,16.0,,,3.0
pid_830,1.0,,2.0,,,,1.0,30.0,,,1.0,250.0,,10.0,,3.0,3.0,5.0,1.0,1.0,3.0,5.0,5.0,3.0,5.0,5.0,,3.0,,,,,2.0,4.0,4.0,,3.0,1.0,7.0,2.0,6.0,6.0,1.0,5.0,6.0,5.0,40.0,67.0,15.0,20.0,30.0,55.0,65.0,50.0,40.0,57.0,3.0,5.0,,,,,,,,,,,,1.0,2.0,1.0,2.0,1.0,1.0,2.0,1.0,2.0,2.0,2.0,2.0,2.0,2.0,2.0,2.0,2.0,2.0,2.0,2.0,2.0,2.0,2.0,2.0,2.0,2.0,2.0,2.0,2.0,2.0,2.0,2.0,2.0,2.0,1.0,1.0,1.0,2.0,2.0,2.0,2.0,1.0,2.0,2.0,2.0,2.0,,5.0,,,6.0,,,0.0,,4.0,
pid_831,,2.0,1.0,,2.0,25.0,,,,,1.0,190.0,,70.0,,5.0,1.0,1.0,5.0,5.0,1.0,2.0,1.0,5.0,4.0,2.0,,,1.0,,,,5.0,5.0,3.0,1.0,,1.0,5.0,2.0,6.0,5.0,1.0,2.0,3.0,5.0,25.0,21.0,56.0,75.0,20.0,15.0,58.0,65.0,71.0,40.0,2.0,,6.0,1.0,1.0,1.0,1.0,1.0,1.0,1.0,1.0,1.0,1.0,,,,,,,1.0,1.0,2.0,2.0,2.0,2.0,2.0,1.0,2.0,2.0,1.0,1.0,2.0,2.0,2.0,1.0,2.0,1.0,1.0,2.0,2.0,2.0,2.0,1.0,2.0,2.0,1.0,2.0,1.0,2.0,2.0,2.0,1.0,2.0,1.0,1.0,1.0,2.0,1.0,2.0,,,1.0,,,5.0,,15.0,,4.0,
pid_832,1.0,,,1.0,2.0,30.0,,,,,1.0,133.0,,90.0,2.0,,5.0,5.0,2.0,3.0,5.0,3.0,4.0,3.0,5.0,4.0,,,1.0,,,,4.0,4.0,5.0,,4.0,1.0,7.0,5.0,5.0,5.0,1.0,3.0,5.0,6.0,59.0,80.0,52.0,44.0,36.0,35.0,43.0,38.0,61.0,71.0,1.0,6.0,,1.0,1.0,1.0,1.0,1.0,1.0,1.0,1.0,1.0,1.0,,,,,,,2.0,1.0,1.0,2.0,2.0,1.0,1.0,2.0,1.0,2.0,1.0,1.0,2.0,1.0,2.0,1.0,1.0,1.0,1.0,1.0,1.0,1.0,1.0,2.0,1.0,2.0,1.0,1.0,1.0,2.0,2.0,1.0,1.0,2.0,1.0,1.0,1.0,1.0,2.0,1.0,,,5.0,,,5.0,9.0,,,7.0,
pid_833,,1.0,,2.0,2.0,20.0,,,,,1.0,200.0,,80.0,2.0,,4.0,5.0,5.0,4.0,3.0,3.0,4.0,4.0,3.0,4.0,,2.0,,,,,5.0,4.0,6.0,,5.0,2.0,6.0,1.0,4.0,4.0,4.0,6.0,6.0,7.0,50.0,90.0,90.0,90.0,30.0,20.0,80.0,80.0,50.0,75.0,2.0,,5.0,,,,,,,,,,,1.0,1.0,1.0,1.0,1.0,1.0,1.0,2.0,1.0,2.0,2.0,1.0,1.0,2.0,2.0,2.0,2.0,2.0,2.0,2.0,2.0,2.0,2.0,2.0,2.0,2.0,2.0,1.0,2.0,2.0,1.0,1.0,1.0,2.0,2.0,2.0,1.0,2.0,2.0,2.0,2.0,2.0,1.0,2.0,2.0,1.0,,5.0,,,5.0,,15.0,,,10.0,
pid_834,,2.0,,1.0,,,1.0,24.0,2.0,900.0,,,,70.0,1.0,,4.0,5.0,1.0,3.0,5.0,5.0,5.0,5.0,5.0,5.0,4.0,,,,,,2.0,2.0,4.0,,6.0,1.0,7.0,2.0,4.0,5.0,3.0,6.0,4.0,3.0,40.0,80.0,20.0,40.0,73.0,40.0,75.0,50.0,70.0,90.0,2.0,4.0,,1.0,1.0,1.0,1.0,1.0,1.0,1.0,1.0,1.0,1.0,,,,,,,1.0,2.0,1.0,2.0,1.0,2.0,1.0,2.0,1.0,1.0,1.0,2.0,2.0,2.0,2.0,1.0,2.0,2.0,2.0,2.0,1.0,1.0,2.0,2.0,2.0,2.0,2.0,2.0,2.0,1.0,2.0,2.0,2.0,2.0,2.0,2.0,2.0,1.0,1.0,2.0,4.0,,,4.0,,,,20.0,1.0,,
pid_835,,2.0,1.0,,2.0,30.0,,,1.0,1200.0,,,,70.0,,3.0,4.0,4.0,3.0,4.0,3.0,3.0,4.0,4.0,4.0,4.0,,4.0,,,,,3.0,4.0,4.0,,6.0,1.0,6.0,2.0,2.0,2.0,4.0,7.0,7.0,6.0,31.0,22.0,38.0,45.0,9.0,4.0,21.0,27.0,21.0,34.0,1.0,6.0,,,,,,,,,,,,1.0,1.0,2.0,1.0,1.0,2.0,2.0,2.0,1.0,2.0,1.0,1.0,2.0,1.0,2.0,2.0,1.0,2.0,2.0,2.0,2.0,1.0,1.0,2.0,2.0,1.0,1.0,1.0,2.0,2.0,2.0,2.0,2.0,2.0,2.0,2.0,2.0,2.0,2.0,2.0,2.0,2.0,1.0,2.0,1.0,2.0,,5.0,,,6.0,,10.0,,,,3.0
pid_836,1.0,,1.0,,,,1.0,23.0,2.0,300.0,,,85.0,,4.0,,5.0,4.0,2.0,5.0,4.0,5.0,5.0,5.0,5.0,5.0,,,2.0,,,,5.0,5.0,3.0,,5.0,1.0,7.0,2.0,3.0,3.0,5.0,6.0,5.0,5.0,45.0,75.0,50.0,30.0,55.0,50.0,45.0,55.0,60.0,85.0,3.0,3.0,,1.0,2.0,1.0,2.0,1.0,1.0,1.0,1.0,1.0,1.0,,,,,,,2.0,2.0,2.0,2.0,2.0,2.0,2.0,2.0,2.0,2.0,2.0,1.0,2.0,2.0,1.0,2.0,1.0,2.0,2.0,2.0,2.0,2.0,2.0,2.0,1.0,2.0,1.0,1.0,2.0,2.0,2.0,2.0,2.0,2.0,2.0,2.0,2.0,2.0,1.0,2.0,,,5.0,,,6.0,,5.0,1.0,,
pid_837,2.0,,1.0,,,,1.0,35.0,2.0,410.0,,,60.0,,,2.0,5.0,1.0,4.0,3.0,4.0,5.0,5.0,3.0,4.0,4.0,,1.0,,,,,2.0,1.0,3.0,,6.0,2.0,6.0,2.0,4.0,1.0,2.0,5.0,4.0,6.0,32.0,3.0,57.0,65.0,40.0,78.0,63.0,58.0,30.0,78.0,1.0,3.0,,1.0,1.0,1.0,2.0,1.0,1.0,2.0,1.0,1.0,2.0,,,,,,,2.0,2.0,2.0,2.0,1.0,2.0,2.0,1.0,2.0,2.0,2.0,1.0,2.0,1.0,2.0,1.0,2.0,2.0,1.0,2.0,2.0,2.0,2.0,2.0,2.0,1.0,2.0,2.0,2.0,2.0,2.0,1.0,2.0,2.0,2.0,2.0,2.0,2.0,2.0,2.0,,4.0,,,5.0,,20.0,,,4.0,
pid_838,,2.0,2.0,,2.0,10.0,,,2.0,600.0,,,,70.0,,5.0,5.0,5.0,4.0,5.0,5.0,5.0,4.0,5.0,5.0,5.0,,5.0,,3.0,3.0,3.0,,,,,6.0,1.0,7.0,2.0,4.0,4.0,2.0,6.0,5.0,5.0,65.0,85.0,51.0,82.0,44.0,59.0,57.0,68.0,54.0,85.0,2.0,,5.0,,,,,,,,,,,1.0,1.0,1.0,1.0,1.0,1.0,1.0,2.0,1.0,1.0,2.0,1.0,2.0,2.0,2.0,2.0,2.0,2.0,1.0,2.0,2.0,2.0,1.0,2.0,1.0,1.0,2.0,1.0,2.0,2.0,1.0,1.0,2.0,2.0,2.0,2.0,2.0,2.0,2.0,2.0,2.0,2.0,1.0,2.0,2.0,1.0,,5.0,,,3.0,,,5.0,2.0,,
pid_839,1.0,,,2.0,,,2.0,4.0,1.0,1150.0,,,70.0,,,2.0,2.0,2.0,4.0,4.0,1.0,1.0,4.0,5.0,2.0,4.0,,,3.0,,,,2.0,3.0,2.0,,3.0,2.0,7.0,5.0,7.0,7.0,2.0,5.0,2.0,2.0,25.0,30.0,60.0,80.0,10.0,20.0,70.0,90.0,60.0,75.0,2.0,,7.0,1.0,1.0,1.0,1.0,1.0,2.0,1.0,2.0,2.0,1.0,,,,,,,1.0,1.0,2.0,2.0,1.0,2.0,1.0,2.0,1.0,1.0,2.0,2.0,2.0,2.0,1.0,1.0,2.0,1.0,1.0,2.0,2.0,2.0,2.0,2.0,1.0,2.0,2.0,2.0,2.0,2.0,2.0,1.0,1.0,1.0,2.0,1.0,2.0,1.0,2.0,1.0,,,1.0,,,2.0,20.0,,,,2.0
pid_840,1.0,,2.0,,1.0,54.0,,,,,1.0,380.0,,70.0,,1.0,3.0,4.0,5.0,4.0,4.0,3.0,4.0,5.0,4.0,3.0,,,4.0,3.0,4.0,5.0,,,,,2.0,2.0,5.0,4.0,6.0,4.0,5.0,4.0,3.0,5.0,47.0,74.0,64.0,63.0,66.0,72.0,42.0,58.0,100.0,54.0,4.0,5.0,,,,,,,,,,,,2.0,2.0,1.0,1.0,1.0,1.0,1.0,1.0,2.0,1.0,2.0,2.0,1.0,1.0,1.0,2.0,1.0,1.0,2.0,1.0,1.0,1.0,1.0,1.0,2.0,1.0,1.0,1.0,2.0,2.0,1.0,1.0,2.0,2.0,1.0,2.0,1.0,1.0,1.0,1.0,2.0,2.0,1.0,2.0,1.0,2.0,,,5.0,,,5.0,,12.0,,4.0,
pid_841,,2.0,,2.0,2.0,50.0,,,,,1.0,100.0,0.0,,,4.0,4.0,4.0,1.0,3.0,4.0,3.0,2.0,5.0,5.0,5.0,,2.0,,4.0,1.0,2.0,,,,,6.0,2.0,6.0,2.0,1.0,1.0,2.0,6.0,7.0,7.0,81.0,100.0,0.0,14.0,49.0,77.0,0.0,67.0,100.0,100.0,3.0,,4.0,1.0,1.0,1.0,1.0,1.0,1.0,2.0,1.0,1.0,1.0,,,,,,,2.0,2.0,1.0,1.0,2.0,1.0,1.0,2.0,1.0,1.0,2.0,1.0,2.0,2.0,1.0,1.0,2.0,1.0,1.0,2.0,2.0,1.0,2.0,1.0,1.0,1.0,1.0,1.0,1.0,1.0,2.0,1.0,1.0,1.0,1.0,1.0,2.0,2.0,1.0,1.0,,5.0,,,6.0,,20.0,,,10.0,
pid_842,1.0,,1.0,,,,1.0,20.0,1.0,1500.0,,,,56.0,3.0,,4.0,4.0,2.0,3.0,4.0,5.0,5.0,5.0,5.0,5.0,2.0,,,3.0,3.0,3.0,,,,5.0,,1.0,7.0,5.0,3.0,3.0,2.0,3.0,5.0,5.0,60.0,40.0,50.0,20.0,50.0,50.0,50.0,30.0,50.0,30.0,3.0,,7.0,,,,,,,,,,,1.0,1.0,2.0,1.0,2.0,1.0,2.0,1.0,1.0,2.0,1.0,2.0,2.0,2.0,1.0,2.0,2.0,2.0,2.0,2.0,2.0,2.0,1.0,2.0,2.0,1.0,2.0,2.0,2.0,1.0,2.0,1.0,1.0,2.0,2.0,2.0,2.0,2.0,2.0,2.0,2.0,2.0,1.0,2.0,2.0,1.0,5.0,,,3.0,,,19.0,,,,3.0
pid_843,,2.0,,2.0,,,1.0,23.0,1.0,1100.0,,,,80.0,3.0,,3.0,5.0,1.0,5.0,5.0,5.0,5.0,5.0,5.0,5.0,2.0,,,,,,2.0,3.0,4.0,6.0,,1.0,7.0,1.0,2.0,3.0,1.0,5.0,6.0,5.0,30.0,60.0,25.0,40.0,50.0,50.0,65.0,65.0,40.0,70.0,3.0,,6.0,1.0,1.0,1.0,1.0,2.0,2.0,1.0,1.0,1.0,2.0,,,,,,,2.0,2.0,2.0,1.0,1.0,2.0,2.0,1.0,1.0,1.0,2.0,2.0,2.0,1.0,2.0,2.0,1.0,1.0,1.0,2.0,1.0,2.0,2.0,2.0,1.0,2.0,2.0,2.0,2.0,2.0,2.0,2.0,2.0,1.0,2.0,1.0,1.0,2.0,1.0,1.0,5.0,,,4.0,,,,14.0,,,1.0
pid_844,1.0,,,1.0,2.0,20.0,,,,,1.0,115.0,,90.0,4.0,,4.0,5.0,4.0,4.0,5.0,4.0,5.0,4.0,3.0,5.0,,,4.0,3.0,3.0,3.0,,,,,4.0,1.0,5.0,1.0,6.0,2.0,1.0,5.0,5.0,5.0,78.0,45.0,48.0,57.0,66.0,80.0,91.0,68.0,47.0,67.0,3.0,,5.0,,,,,,,,,,,1.0,1.0,1.0,1.0,1.0,1.0,2.0,1.0,1.0,1.0,2.0,2.0,2.0,1.0,1.0,1.0,1.0,2.0,2.0,1.0,2.0,2.0,1.0,1.0,2.0,2.0,2.0,1.0,1.0,2.0,1.0,2.0,1.0,2.0,1.0,2.0,1.0,2.0,2.0,1.0,1.0,2.0,1.0,1.0,2.0,2.0,,,4.0,,,2.0,20.0,,2.0,,
pid_845,2.0,,1.0,,,,2.0,9.0,2.0,250.0,,,,80.0,,3.0,5.0,5.0,2.0,1.0,4.0,5.0,5.0,5.0,5.0,3.0,1.0,,,,,,5.0,5.0,4.0,,5.0,1.0,7.0,2.0,3.0,3.0,5.0,5.0,4.0,4.0,42.0,64.0,58.0,50.0,46.0,45.0,50.0,75.0,58.0,55.0,2.0,,6.0,,,,,,,,,,,1.0,1.0,1.0,1.0,1.0,1.0,2.0,2.0,2.0,2.0,2.0,2.0,1.0,1.0,1.0,2.0,2.0,2.0,1.0,1.0,2.0,1.0,1.0,1.0,1.0,2.0,1.0,1.0,1.0,1.0,1.0,1.0,2.0,1.0,1.0,2.0,1.0,1.0,2.0,1.0,2.0,2.0,2.0,1.0,2.0,1.0,5.0,,,6.0,,,20.0,,3.0,,
pid_846,,2.0,1.0,,,,2.0,7.0,1.0,2900.0,,,90.0,,4.0,,4.0,5.0,1.0,3.0,4.0,5.0,5.0,5.0,5.0,5.0,,1.0,,,,,3.0,3.0,3.0,6.0,,1.0,6.0,1.0,2.0,5.0,3.0,6.0,7.0,5.0,56.0,55.0,46.0,51.0,50.0,55.0,50.0,50.0,50.0,76.0,4.0,3.0,,1.0,1.0,1.0,1.0,1.0,1.0,1.0,1.0,1.0,1.0,,,,,,,2.0,2.0,1.0,2.0,1.0,2.0,1.0,1.0,1.0,1.0,1.0,1.0,1.0,2.0,1.0,2.0,2.0,1.0,1.0,1.0,1.0,2.0,1.0,1.0,1.0,1.0,1.0,1.0,2.0,2.0,2.0,1.0,1.0,2.0,1.0,2.0,2.0,1.0,1.0,1.0,,4.0,,,3.0,,,5.0,1.0,,
pid_847,1.0,,,2.0,2.0,52.0,,,2.0,300.0,,,30.0,,5.0,,5.0,5.0,5.0,5.0,2.0,4.0,5.0,5.0,5.0,5.0,,4.0,,,,,2.0,2.0,5.0,5.0,,2.0,7.0,5.0,3.0,5.0,2.0,5.0,3.0,3.0,91.0,86.0,87.0,100.0,36.0,60.0,93.0,91.0,68.0,89.0,1.0,5.0,,1.0,2.0,1.0,2.0,2.0,1.0,2.0,2.0,1.0,2.0,,,,,,,2.0,1.0,1.0,1.0,1.0,1.0,1.0,1.0,1.0,1.0,2.0,1.0,2.0,1.0,1.0,1.0,1.0,2.0,1.0,1.0,2.0,2.0,1.0,1.0,1.0,2.0,2.0,2.0,2.0,1.0,1.0,1.0,1.0,2.0,1.0,1.0,1.0,1.0,1.0,2.0,,4.0,,,2.0,,15.0,,2.0,,
pid_848,1.0,,2.0,,,,1.0,20.0,2.0,500.0,,,85.0,,,5.0,4.0,5.0,1.0,5.0,4.0,2.0,5.0,5.0,5.0,5.0,4.0,,,4.0,5.0,4.0,,,,6.0,,2.0,6.0,2.0,3.0,3.0,2.0,5.0,6.0,6.0,60.0,92.0,46.0,93.0,26.0,15.0,77.0,90.0,25.0,72.0,2.0,,7.0,1.0,1.0,1.0,1.0,1.0,1.0,1.0,1.0,1.0,1.0,,,,,,,2.0,1.0,1.0,2.0,2.0,1.0,1.0,1.0,1.0,1.0,1.0,1.0,1.0,1.0,1.0,1.0,2.0,2.0,1.0,2.0,1.0,1.0,1.0,1.0,1.0,1.0,1.0,2.0,1.0,1.0,1.0,1.0,1.0,2.0,2.0,2.0,2.0,1.0,1.0,2.0,5.0,,,6.0,,,,8.0,2.0,,
pid_849,,2.0,,2.0,,,1.0,35.0,,,1.0,360.0,,70.0,,4.0,4.0,4.0,3.0,4.0,4.0,4.0,5.0,5.0,4.0,5.0,,5.0,,,,,3.0,3.0,2.0,,4.0,2.0,5.0,4.0,3.0,3.0,3.0,4.0,5.0,5.0,37.0,51.0,22.0,53.0,34.0,28.0,58.0,53.0,45.0,70.0,4.0,6.0,,1.0,1.0,1.0,1.0,1.0,1.0,1.0,1.0,1.0,1.0,,,,,,,2.0,2.0,2.0,2.0,2.0,2.0,2.0,1.0,2.0,1.0,2.0,1.0,1.0,2.0,1.0,2.0,1.0,2.0,2.0,1.0,1.0,2.0,2.0,2.0,2.0,2.0,2.0,2.0,1.0,2.0,2.0,1.0,2.0,2.0,2.0,2.0,2.0,2.0,2.0,1.0,,5.0,,,6.0,,0.0,,3.0,,
pid_850,1.0,,2.0,,,,1.0,18.0,,,1.0,120.0,,70.0,,4.0,4.0,3.0,1.0,3.0,3.0,4.0,5.0,5.0,4.0,3.0,,5.0,,4.0,4.0,4.0,,,,,4.0,1.0,7.0,6.0,5.0,5.0,3.0,5.0,5.0,5.0,40.0,40.0,30.0,45.0,25.0,45.0,60.0,65.0,40.0,45.0,2.0,,5.0,1.0,1.0,1.0,1.0,1.0,1.0,1.0,1.0,1.0,1.0,,,,,,,2.0,1.0,2.0,2.0,2.0,2.0,1.0,2.0,2.0,2.0,2.0,2.0,2.0,1.0,2.0,2.0,2.0,2.0,2.0,2.0,2.0,1.0,2.0,2.0,2.0,1.0,1.0,2.0,2.0,1.0,1.0,1.0,1.0,2.0,1.0,2.0,2.0,2.0,2.0,2.0,,4.0,,,6.0,,,4.0,,10.0,
pid_851,2.0,,,2.0,2.0,30.0,,,,,1.0,300.0,30.0,,4.0,,1.0,3.0,4.0,3.0,2.0,2.0,2.0,3.0,3.0,2.0,1.0,,,,,,5.0,3.0,2.0,3.0,,2.0,5.0,2.0,5.0,3.0,3.0,5.0,6.0,6.0,35.0,40.0,65.0,50.0,40.0,30.0,45.0,36.0,25.0,20.0,2.0,6.0,,,,,,,,,,,,1.0,1.0,2.0,1.0,1.0,2.0,2.0,2.0,2.0,2.0,2.0,2.0,2.0,1.0,2.0,2.0,2.0,2.0,1.0,2.0,2.0,2.0,2.0,2.0,2.0,2.0,2.0,2.0,2.0,2.0,1.0,2.0,2.0,1.0,2.0,2.0,2.0,1.0,2.0,2.0,2.0,2.0,2.0,2.0,2.0,2.0,3.0,,,3.0,,,15.0,,,,3.0
pid_852,1.0,,,2.0,1.0,71.0,,,2.0,300.0,,,,30.0,,4.0,4.0,4.0,3.0,4.0,1.0,5.0,4.0,3.0,2.0,5.0,4.0,,,,,,4.0,5.0,5.0,,5.0,1.0,5.0,6.0,6.0,7.0,6.0,5.0,5.0,7.0,49.0,85.0,40.0,90.0,82.0,76.0,89.0,42.0,94.0,60.0,4.0,5.0,,1.0,2.0,1.0,1.0,1.0,1.0,1.0,2.0,2.0,2.0,,,,,,,1.0,2.0,1.0,1.0,1.0,2.0,1.0,2.0,1.0,1.0,1.0,1.0,1.0,2.0,1.0,2.0,1.0,1.0,2.0,1.0,1.0,2.0,2.0,1.0,1.0,2.0,1.0,1.0,2.0,1.0,1.0,2.0,2.0,1.0,2.0,2.0,1.0,2.0,1.0,1.0,3.0,,,2.0,,,10.0,,,4.0,
pid_853,1.0,,1.0,,1.0,70.0,,,2.0,300.0,,,,75.0,5.0,,3.0,4.0,3.0,4.0,4.0,3.0,3.0,4.0,4.0,4.0,2.0,,,,,,2.0,3.0,5.0,3.0,,1.0,6.0,4.0,5.0,5.0,1.0,5.0,6.0,5.0,40.0,65.0,40.0,40.0,40.0,30.0,30.0,50.0,35.0,55.0,4.0,,5.0,,,,,,,,,,,1.0,1.0,1.0,1.0,1.0,1.0,2.0,2.0,1.0,1.0,2.0,1.0,2.0,1.0,2.0,1.0,1.0,2.0,2.0,1.0,2.0,1.0,2.0,2.0,2.0,2.0,2.0,1.0,2.0,2.0,2.0,2.0,2.0,1.0,1.0,2.0,1.0,2.0,2.0,1.0,2.0,1.0,2.0,1.0,2.0,1.0,4.0,,,3.0,,,14.0,,,5.0,
pid_854,,1.0,,2.0,2.0,50.0,,,2.0,200.0,,,75.0,,5.0,,4.0,5.0,5.0,5.0,3.0,4.0,4.0,4.0,4.0,5.0,,,4.0,4.0,2.0,2.0,,,,,3.0,1.0,6.0,1.0,1.0,1.0,1.0,7.0,7.0,7.0,80.0,100.0,25.0,100.0,82.0,100.0,100.0,100.0,75.0,100.0,2.0,,5.0,1.0,2.0,2.0,1.0,2.0,1.0,2.0,2.0,2.0,2.0,,,,,,,1.0,1.0,1.0,2.0,2.0,2.0,2.0,1.0,1.0,1.0,1.0,1.0,1.0,2.0,1.0,2.0,2.0,1.0,1.0,2.0,1.0,1.0,2.0,2.0,2.0,2.0,1.0,1.0,2.0,1.0,2.0,2.0,2.0,2.0,2.0,1.0,1.0,2.0,1.0,2.0,,,5.0,,,5.0,15.0,,,10.0,
pid_855,,2.0,,2.0,,,1.0,15.0,1.0,1050.0,,,67.0,,2.0,,1.0,3.0,5.0,4.0,4.0,2.0,3.0,4.0,5.0,2.0,,4.0,,,,,3.0,2.0,4.0,,6.0,1.0,7.0,3.0,5.0,5.0,5.0,6.0,4.0,4.0,28.0,53.0,91.0,70.0,28.0,21.0,77.0,84.0,82.0,18.0,2.0,,6.0,1.0,2.0,1.0,2.0,1.0,2.0,2.0,2.0,1.0,1.0,,,,,,,2.0,2.0,1.0,1.0,1.0,2.0,1.0,2.0,1.0,1.0,2.0,1.0,1.0,2.0,2.0,2.0,1.0,2.0,1.0,1.0,2.0,2.0,2.0,2.0,2.0,2.0,1.0,1.0,2.0,2.0,2.0,2.0,2.0,1.0,1.0,2.0,2.0,1.0,1.0,1.0,,5.0,,,4.0,,,17.0,,,2.0
pid_856,,2.0,,1.0,,,2.0,54.0,2.0,379.0,,,30.0,,,3.0,5.0,5.0,5.0,5.0,5.0,5.0,5.0,5.0,1.0,5.0,,2.0,,4.0,4.0,2.0,,,,,4.0,1.0,6.0,1.0,1.0,1.0,6.0,7.0,7.0,7.0,40.0,70.0,90.0,60.0,50.0,50.0,60.0,60.0,40.0,70.0,1.0,3.0,,,,,,,,,,,,1.0,1.0,1.0,1.0,1.0,1.0,2.0,2.0,1.0,2.0,1.0,1.0,1.0,1.0,1.0,2.0,2.0,1.0,1.0,2.0,2.0,2.0,1.0,2.0,1.0,2.0,1.0,1.0,2.0,1.0,1.0,1.0,1.0,1.0,1.0,2.0,2.0,1.0,1.0,1.0,1.0,2.0,2.0,1.0,1.0,1.0,,4.0,,,4.0,,10.0,,3.0,,
pid_857,1.0,,1.0,,1.0,75.0,,,,,1.0,300.0,,90.0,4.0,,4.0,5.0,2.0,4.0,3.0,4.0,5.0,4.0,4.0,4.0,1.0,,,3.0,3.0,3.0,,,,,5.0,1.0,6.0,2.0,6.0,5.0,2.0,6.0,5.0,7.0,40.0,80.0,55.0,85.0,10.0,40.0,50.0,60.0,30.0,70.0,1.0,,2.0,,,,,,,,,,,1.0,1.0,1.0,1.0,1.0,1.0,2.0,1.0,1.0,2.0,2.0,1.0,2.0,2.0,1.0,2.0,1.0,2.0,2.0,1.0,2.0,2.0,2.0,2.0,2.0,2.0,2.0,1.0,1.0,2.0,2.0,2.0,2.0,2.0,2.0,1.0,2.0,1.0,2.0,2.0,2.0,2.0,1.0,2.0,2.0,2.0,5.0,,,5.0,,,,5.0,,,2.0
pid_858,1.0,,1.0,,,,1.0,20.0,,,1.0,100.0,68.0,,,6.0,5.0,4.0,1.0,5.0,4.0,5.0,5.0,4.0,5.0,5.0,4.0,,,3.0,4.0,1.0,,,,6.0,,1.0,4.0,4.0,3.0,5.0,2.0,2.0,4.0,3.0,88.0,84.0,78.0,77.0,66.0,71.0,71.0,74.0,93.0,75.0,4.0,4.0,,1.0,2.0,2.0,1.0,1.0,1.0,1.0,2.0,2.0,1.0,,,,,,,1.0,1.0,2.0,2.0,1.0,1.0,1.0,1.0,2.0,2.0,2.0,2.0,1.0,1.0,2.0,1.0,2.0,2.0,2.0,1.0,1.0,1.0,2.0,2.0,2.0,2.0,2.0,1.0,2.0,1.0,2.0,2.0,1.0,2.0,2.0,1.0,2.0,1.0,1.0,2.0,5.0,,,6.0,,,,10.0,,3.0,
pid_859,1.0,,2.0,,,,1.0,68.0,,,2.0,83.0,,82.0,3.0,,4.0,4.0,5.0,5.0,5.0,2.0,1.0,4.0,4.0,4.0,,1.0,,,,,4.0,5.0,3.0,,5.0,2.0,6.0,4.0,5.0,5.0,3.0,6.0,5.0,6.0,66.0,57.0,81.0,88.0,49.0,29.0,36.0,77.0,68.0,93.0,2.0,,6.0,1.0,1.0,1.0,2.0,1.0,1.0,2.0,1.0,1.0,2.0,,,,,,,1.0,2.0,2.0,2.0,2.0,2.0,1.0,2.0,2.0,2.0,1.0,2.0,1.0,2.0,1.0,2.0,2.0,2.0,1.0,2.0,2.0,1.0,2.0,1.0,1.0,1.0,2.0,2.0,1.0,1.0,1.0,1.0,1.0,2.0,2.0,1.0,1.0,2.0,1.0,1.0,,4.0,,,6.0,,10.0,,,,7.0
pid_860,,2.0,,2.0,,,1.0,15.0,,,1.0,125.0,,29.0,2.0,,5.0,5.0,5.0,5.0,5.0,5.0,5.0,5.0,3.0,5.0,,1.0,,3.0,3.0,3.0,,,,,5.0,2.0,6.0,1.0,4.0,4.0,3.0,6.0,5.0,5.0,100.0,100.0,100.0,100.0,100.0,100.0,100.0,100.0,56.0,57.0,1.0,,6.0,1.0,1.0,1.0,1.0,1.0,1.0,1.0,1.0,1.0,1.0,,,,,,,2.0,2.0,2.0,2.0,2.0,2.0,2.0,2.0,2.0,2.0,2.0,1.0,1.0,2.0,2.0,2.0,2.0,2.0,2.0,2.0,2.0,2.0,2.0,2.0,2.0,1.0,2.0,2.0,2.0,2.0,2.0,2.0,2.0,2.0,2.0,2.0,2.0,2.0,2.0,2.0,,5.0,,,6.0,,,10.0,1.0,,
pid_861,,1.0,1.0,,2.0,54.0,,,2.0,350.0,,,30.0,,3.0,,4.0,2.0,2.0,1.0,4.0,5.0,5.0,4.0,4.0,3.0,,4.0,,3.0,3.0,3.0,,,,4.0,,1.0,7.0,1.0,3.0,3.0,3.0,6.0,5.0,5.0,71.0,68.0,49.0,25.0,62.0,65.0,69.0,68.0,58.0,71.0,1.0,,3.0,1.0,1.0,1.0,1.0,1.0,1.0,1.0,1.0,1.0,1.0,,,,,,,2.0,1.0,2.0,1.0,2.0,2.0,2.0,1.0,2.0,1.0,2.0,2.0,2.0,2.0,1.0,1.0,2.0,1.0,1.0,2.0,1.0,1.0,2.0,1.0,2.0,2.0,2.0,1.0,2.0,1.0,2.0,2.0,2.0,2.0,2.0,1.0,2.0,2.0,2.0,2.0,,3.0,,,3.0,,20.0,,,,1.0
pid_862,1.0,,,2.0,,,2.0,10.0,,,1.0,90.0,30.0,,4.0,,4.0,5.0,1.0,4.0,4.0,3.0,5.0,4.0,5.0,5.0,,2.0,,,,,3.0,3.0,3.0,,4.0,1.0,6.0,2.0,4.0,3.0,2.0,5.0,6.0,4.0,40.0,45.0,32.0,65.0,20.0,10.0,54.0,57.0,40.0,65.0,3.0,,6.0,1.0,1.0,1.0,2.0,1.0,2.0,1.0,1.0,1.0,2.0,,,,,,,2.0,2.0,2.0,2.0,1.0,2.0,2.0,2.0,1.0,2.0,1.0,2.0,1.0,2.0,2.0,2.0,2.0,2.0,1.0,2.0,2.0,2.0,2.0,2.0,2.0,2.0,2.0,2.0,1.0,2.0,2.0,2.0,1.0,2.0,1.0,2.0,1.0,1.0,1.0,1.0,,3.0,,,6.0,,,0.0,,,6.0
pid_863,,1.0,2.0,,2.0,48.0,,,,,1.0,139.0,80.0,,2.0,,5.0,5.0,1.0,4.0,5.0,5.0,5.0,4.0,5.0,5.0,,,4.0,4.0,5.0,3.0,,,,5.0,,2.0,6.0,2.0,2.0,1.0,3.0,6.0,7.0,7.0,63.0,80.0,32.0,86.0,67.0,50.0,90.0,55.0,54.0,75.0,3.0,5.0,,,,,,,,,,,,1.0,2.0,1.0,1.0,2.0,1.0,1.0,2.0,1.0,1.0,1.0,1.0,1.0,2.0,1.0,1.0,1.0,2.0,2.0,2.0,1.0,2.0,1.0,2.0,2.0,2.0,2.0,1.0,2.0,2.0,1.0,2.0,1.0,1.0,2.0,2.0,2.0,1.0,2.0,1.0,1.0,1.0,2.0,2.0,1.0,2.0,,,5.0,,,6.0,15.0,,,,5.0
pid_864,1.0,,2.0,,2.0,54.0,,,,,1.0,379.0,,65.0,5.0,,4.0,4.0,4.0,4.0,4.0,5.0,4.0,4.0,4.0,5.0,,,5.0,5.0,5.0,5.0,,,,,5.0,1.0,6.0,6.0,6.0,6.0,6.0,6.0,6.0,6.0,35.0,23.0,24.0,34.0,19.0,31.0,33.0,25.0,29.0,41.0,2.0,,4.0,1.0,1.0,1.0,1.0,1.0,1.0,1.0,1.0,1.0,1.0,,,,,,,1.0,1.0,2.0,2.0,1.0,1.0,2.0,2.0,2.0,1.0,1.0,1.0,2.0,1.0,1.0,2.0,1.0,1.0,1.0,1.0,1.0,1.0,2.0,1.0,1.0,1.0,2.0,1.0,1.0,1.0,1.0,1.0,1.0,1.0,1.0,1.0,1.0,1.0,2.0,1.0,,,4.0,,,6.0,10.0,,,,3.0
pid_865,,1.0,,1.0,,,2.0,7.0,2.0,300.0,,,87.0,,2.0,,4.0,3.0,4.0,3.0,2.0,2.0,3.0,4.0,2.0,3.0,1.0,,,,,,3.0,4.0,3.0,3.0,,1.0,6.0,2.0,3.0,3.0,3.0,5.0,6.0,6.0,85.0,87.0,50.0,70.0,21.0,65.0,75.0,75.0,45.0,61.0,2.0,,7.0,,,,,,,,,,,1.0,1.0,1.0,1.0,2.0,2.0,1.0,1.0,1.0,1.0,2.0,2.0,2.0,1.0,2.0,2.0,2.0,2.0,1.0,1.0,2.0,2.0,2.0,2.0,1.0,2.0,2.0,1.0,2.0,2.0,2.0,1.0,2.0,2.0,2.0,1.0,1.0,2.0,2.0,1.0,2.0,2.0,2.0,1.0,1.0,1.0,4.0,,,4.0,,,,0.0,,,2.0
pid_866,1.0,,2.0,,,,2.0,8.0,1.0,1500.0,,,54.0,,2.0,,4.0,5.0,3.0,4.0,4.0,4.0,5.0,4.0,5.0,4.0,,,4.0,,,,4.0,3.0,3.0,,3.0,2.0,6.0,3.0,2.0,2.0,5.0,5.0,6.0,6.0,55.0,71.0,54.0,56.0,34.0,38.0,81.0,66.0,37.0,50.0,3.0,,6.0,1.0,1.0,1.0,1.0,2.0,2.0,1.0,2.0,1.0,1.0,,,,,,,2.0,2.0,2.0,1.0,1.0,1.0,1.0,1.0,2.0,1.0,1.0,2.0,1.0,2.0,2.0,1.0,1.0,2.0,2.0,2.0,1.0,2.0,1.0,2.0,2.0,2.0,2.0,1.0,1.0,2.0,1.0,1.0,1.0,1.0,1.0,1.0,2.0,2.0,2.0,2.0,,,4.0,,,3.0,,5.0,2.0,,
pid_867,,2.0,1.0,,2.0,20.0,,,1.0,2000.0,,,70.0,,,4.0,3.0,3.0,4.0,3.0,3.0,3.0,4.0,3.0,3.0,4.0,,,4.0,,,,1.0,3.0,2.0,4.0,,1.0,7.0,2.0,3.0,4.0,1.0,5.0,6.0,6.0,50.0,70.0,65.0,50.0,40.0,40.0,90.0,50.0,50.0,80.0,1.0,,3.0,,,,,,,,,,,1.0,1.0,2.0,1.0,1.0,2.0,1.0,2.0,1.0,2.0,2.0,2.0,1.0,2.0,1.0,2.0,2.0,2.0,2.0,1.0,1.0,1.0,2.0,2.0,1.0,2.0,1.0,2.0,2.0,1.0,2.0,2.0,1.0,1.0,2.0,2.0,2.0,2.0,1.0,1.0,1.0,2.0,1.0,2.0,2.0,2.0,,,3.0,,,5.0,20.0,,,10.0,
pid_868,1.0,,1.0,,2.0,54.0,,,2.0,380.0,,,100.0,,1.0,,5.0,1.0,5.0,1.0,5.0,5.0,5.0,5.0,1.0,3.0,1.0,,,6.0,1.0,1.0,,,,,5.0,2.0,7.0,1.0,1.0,7.0,1.0,7.0,7.0,7.0,100.0,20.0,100.0,50.0,100.0,100.0,100.0,50.0,100.0,100.0,4.0,,7.0,,,,,,,,,,,1.0,1.0,1.0,2.0,2.0,1.0,2.0,2.0,1.0,1.0,1.0,1.0,1.0,2.0,1.0,1.0,1.0,1.0,1.0,1.0,1.0,2.0,2.0,1.0,1.0,1.0,1.0,1.0,1.0,1.0,2.0,2.0,1.0,1.0,1.0,1.0,1.0,1.0,1.0,1.0,1.0,1.0,2.0,1.0,1.0,1.0,5.0,,,6.0,,,20.0,,,,10.0
pid_869,1.0,,1.0,,2.0,30.0,,,,,1.0,200.0,23.0,,5.0,,4.0,5.0,4.0,4.0,5.0,4.0,4.0,4.0,3.0,4.0,,4.0,,,,,4.0,2.0,3.0,,3.0,1.0,6.0,2.0,1.0,2.0,5.0,6.0,6.0,6.0,82.0,62.0,71.0,79.0,71.0,78.0,76.0,85.0,73.0,75.0,2.0,,6.0,,,,,,,,,,,1.0,1.0,1.0,1.0,1.0,1.0,1.0,1.0,1.0,1.0,2.0,1.0,1.0,1.0,2.0,2.0,1.0,2.0,2.0,1.0,1.0,2.0,2.0,1.0,2.0,1.0,1.0,1.0,1.0,2.0,1.0,1.0,1.0,2.0,2.0,1.0,2.0,1.0,2.0,1.0,1.0,2.0,1.0,2.0,1.0,2.0,,5.0,,,6.0,,,10.0,,7.0,
pid_870,,2.0,1.0,,2.0,55.0,,,2.0,380.0,,,85.0,,,2.0,4.0,5.0,4.0,5.0,4.0,4.0,5.0,5.0,3.0,4.0,,,4.0,4.0,2.0,2.0,,,,,4.0,1.0,5.0,2.0,2.0,5.0,6.0,5.0,5.0,4.0,80.0,96.0,90.0,92.0,87.0,90.0,92.0,90.0,48.0,80.0,3.0,6.0,,1.0,1.0,2.0,1.0,1.0,2.0,1.0,1.0,2.0,1.0,,,,,,,1.0,1.0,1.0,1.0,1.0,2.0,2.0,2.0,1.0,2.0,2.0,2.0,2.0,1.0,2.0,1.0,2.0,2.0,1.0,1.0,1.0,2.0,2.0,1.0,1.0,1.0,1.0,1.0,2.0,2.0,1.0,2.0,1.0,2.0,2.0,1.0,1.0,2.0,1.0,2.0,,,5.0,,,3.0,0.0,,,10.0,
pid_871,2.0,,,2.0,2.0,54.0,,,2.0,370.0,,,,70.0,,5.0,2.0,2.0,5.0,4.0,1.0,2.0,1.0,2.0,4.0,5.0,4.0,,,5.0,4.0,5.0,,,,5.0,,1.0,3.0,6.0,5.0,4.0,5.0,6.0,5.0,6.0,62.0,69.0,38.0,65.0,73.0,49.0,66.0,48.0,71.0,44.0,4.0,4.0,,,,,,,,,,,,1.0,1.0,1.0,1.0,2.0,2.0,1.0,2.0,2.0,1.0,2.0,2.0,1.0,2.0,2.0,1.0,1.0,1.0,2.0,1.0,1.0,2.0,2.0,2.0,2.0,1.0,2.0,1.0,1.0,1.0,1.0,1.0,2.0,2.0,1.0,2.0,2.0,2.0,1.0,2.0,1.0,2.0,1.0,2.0,1.0,1.0,4.0,,,5.0,,,15.0,,,3.0,
pid_872,1.0,,,2.0,2.0,47.0,,,,,1.0,100.0,75.0,,,5.0,2.0,4.0,2.0,2.0,3.0,2.0,2.0,4.0,4.0,4.0,,1.0,,4.0,2.0,1.0,,,,,5.0,1.0,7.0,5.0,5.0,5.0,2.0,3.0,3.0,3.0,42.0,89.0,43.0,29.0,33.0,28.0,45.0,55.0,54.0,81.0,2.0,6.0,,1.0,2.0,1.0,2.0,2.0,2.0,2.0,2.0,1.0,2.0,,,,,,,2.0,1.0,1.0,1.0,2.0,1.0,2.0,1.0,1.0,1.0,1.0,1.0,1.0,2.0,1.0,1.0,1.0,2.0,1.0,1.0,2.0,1.0,1.0,2.0,1.0,2.0,2.0,2.0,1.0,2.0,1.0,1.0,2.0,2.0,1.0,1.0,1.0,1.0,1.0,1.0,,5.0,,,5.0,,,0.0,3.0,,
pid_873,2.0,,,2.0,2.0,50.0,,,,,2.0,45.0,,71.0,,3.0,3.0,3.0,4.0,2.0,2.0,3.0,4.0,4.0,2.0,4.0,4.0,,,3.0,3.0,3.0,,,,4.0,,2.0,2.0,1.0,4.0,3.0,2.0,2.0,2.0,2.0,77.0,3.0,3.0,6.0,46.0,80.0,14.0,36.0,3.0,5.0,4.0,,6.0,1.0,1.0,1.0,2.0,1.0,1.0,1.0,2.0,2.0,1.0,,,,,,,2.0,2.0,1.0,1.0,1.0,1.0,2.0,1.0,1.0,2.0,2.0,1.0,1.0,1.0,1.0,1.0,1.0,1.0,1.0,2.0,1.0,2.0,2.0,1.0,2.0,2.0,2.0,2.0,1.0,2.0,2.0,2.0,1.0,2.0,2.0,1.0,1.0,1.0,2.0,2.0,5.0,,,5.0,,,,20.0,,1.0,
pid_874,1.0,,1.0,,2.0,30.0,,,2.0,600.0,,,,29.0,,1.0,5.0,5.0,5.0,5.0,5.0,5.0,5.0,5.0,5.0,5.0,,,3.0,,,,1.0,1.0,1.0,,6.0,1.0,7.0,1.0,1.0,1.0,1.0,7.0,7.0,7.0,100.0,100.0,23.0,100.0,100.0,100.0,100.0,98.0,100.0,100.0,1.0,6.0,,,,,,,,,,,,1.0,1.0,1.0,1.0,1.0,1.0,2.0,1.0,1.0,1.0,2.0,2.0,2.0,2.0,1.0,2.0,2.0,2.0,1.0,2.0,1.0,1.0,1.0,1.0,2.0,2.0,2.0,1.0,1.0,2.0,2.0,1.0,2.0,2.0,1.0,1.0,1.0,1.0,2.0,2.0,1.0,2.0,2.0,2.0,2.0,2.0,,,5.0,,,6.0,,0.0,,,5.0
pid_875,,1.0,2.0,,1.0,80.0,,,,,1.0,300.0,30.0,,,5.0,3.0,5.0,3.0,4.0,4.0,4.0,4.0,5.0,5.0,5.0,,5.0,,,,,4.0,3.0,5.0,,6.0,2.0,7.0,4.0,7.0,5.0,1.0,7.0,4.0,7.0,35.0,40.0,71.0,57.0,45.0,28.0,51.0,68.0,31.0,100.0,2.0,6.0,,,,,,,,,,,,1.0,2.0,1.0,1.0,1.0,2.0,2.0,1.0,1.0,1.0,1.0,2.0,1.0,1.0,1.0,1.0,1.0,1.0,2.0,1.0,1.0,1.0,1.0,1.0,1.0,1.0,2.0,1.0,1.0,1.0,1.0,1.0,2.0,1.0,1.0,1.0,1.0,1.0,2.0,1.0,1.0,1.0,2.0,2.0,2.0,1.0,,5.0,,,5.0,,20.0,,,,4.0
pid_876,1.0,,2.0,,,,1.0,35.0,1.0,1200.0,,,65.0,,5.0,,4.0,5.0,5.0,3.0,5.0,5.0,5.0,3.0,4.0,4.0,,,2.0,,,,2.0,1.0,5.0,5.0,,1.0,3.0,2.0,4.0,1.0,1.0,5.0,7.0,6.0,70.0,73.0,100.0,67.0,60.0,85.0,90.0,75.0,55.0,52.0,1.0,,4.0,1.0,1.0,1.0,2.0,1.0,2.0,2.0,1.0,2.0,1.0,,,,,,,1.0,2.0,2.0,1.0,2.0,1.0,1.0,1.0,2.0,1.0,1.0,1.0,1.0,2.0,2.0,1.0,1.0,1.0,1.0,2.0,1.0,1.0,1.0,1.0,1.0,1.0,2.0,1.0,1.0,2.0,1.0,1.0,2.0,1.0,2.0,2.0,1.0,2.0,2.0,2.0,,,5.0,,,4.0,14.0,,,,5.0
pid_877,1.0,,,1.0,,,2.0,8.0,1.0,1200.0,,,,70.0,2.0,,5.0,5.0,1.0,1.0,4.0,5.0,5.0,5.0,5.0,5.0,,,3.0,4.0,3.0,3.0,,,,6.0,,1.0,7.0,2.0,2.0,2.0,5.0,6.0,7.0,7.0,70.0,92.0,61.0,50.0,50.0,36.0,39.0,70.0,40.0,82.0,2.0,5.0,,,,,,,,,,,,1.0,1.0,1.0,1.0,2.0,2.0,2.0,2.0,2.0,2.0,2.0,2.0,2.0,2.0,2.0,2.0,2.0,2.0,2.0,1.0,1.0,1.0,2.0,1.0,2.0,2.0,1.0,2.0,2.0,2.0,2.0,2.0,2.0,2.0,2.0,2.0,2.0,1.0,1.0,2.0,2.0,2.0,1.0,2.0,2.0,1.0,,,5.0,,,5.0,,15.0,3.0,,
pid_878,,2.0,1.0,,,,2.0,11.0,,,1.0,300.0,,70.0,1.0,,1.0,2.0,5.0,3.0,2.0,4.0,3.0,5.0,2.0,4.0,,,1.0,3.0,4.0,2.0,,,,,5.0,1.0,5.0,5.0,5.0,5.0,2.0,3.0,5.0,6.0,50.0,30.0,65.0,50.0,20.0,50.0,50.0,90.0,50.0,50.0,3.0,,6.0,,,,,,,,,,,1.0,1.0,1.0,1.0,2.0,2.0,2.0,2.0,2.0,2.0,2.0,2.0,2.0,2.0,2.0,2.0,1.0,2.0,2.0,1.0,2.0,1.0,2.0,1.0,2.0,2.0,1.0,1.0,2.0,2.0,1.0,1.0,2.0,1.0,2.0,2.0,2.0,2.0,2.0,2.0,2.0,1.0,2.0,2.0,2.0,2.0,,,5.0,,,6.0,,5.0,,10.0,
pid_879,,2.0,,2.0,,,2.0,10.0,1.0,1500.0,,,75.0,,3.0,,1.0,5.0,4.0,5.0,2.0,3.0,5.0,5.0,2.0,5.0,,3.0,,3.0,3.0,1.0,,,,,4.0,2.0,3.0,1.0,4.0,3.0,1.0,7.0,4.0,4.0,15.0,100.0,100.0,100.0,15.0,20.0,100.0,100.0,15.0,100.0,2.0,,6.0,,,,,,,,,,,1.0,1.0,2.0,1.0,1.0,2.0,1.0,1.0,1.0,2.0,1.0,1.0,1.0,2.0,2.0,1.0,1.0,1.0,1.0,2.0,2.0,2.0,1.0,2.0,1.0,2.0,2.0,2.0,2.0,1.0,1.0,2.0,2.0,1.0,1.0,2.0,1.0,1.0,2.0,1.0,2.0,1.0,2.0,2.0,2.0,2.0,,4.0,,,5.0,,10.0,,,4.0,
pid_880,2.0,,,2.0,2.0,30.0,,,2.0,300.0,,,,70.0,,6.0,4.0,4.0,3.0,3.0,3.0,5.0,5.0,5.0,5.0,4.0,,2.0,,3.0,3.0,2.0,,,,5.0,,1.0,7.0,3.0,7.0,7.0,3.0,5.0,6.0,6.0,55.0,85.0,70.0,65.0,25.0,35.0,90.0,90.0,55.0,60.0,1.0,3.0,,1.0,1.0,1.0,1.0,1.0,1.0,1.0,1.0,1.0,1.0,,,,,,,2.0,2.0,2.0,2.0,2.0,2.0,2.0,1.0,1.0,2.0,1.0,2.0,1.0,2.0,1.0,2.0,2.0,1.0,2.0,2.0,2.0,2.0,2.0,2.0,2.0,1.0,1.0,2.0,2.0,2.0,2.0,2.0,2.0,2.0,2.0,2.0,2.0,2.0,1.0,2.0,,4.0,,,5.0,,20.0,,3.0,,
pid_881,,2.0,,1.0,,,2.0,6.0,,,1.0,120.0,30.0,,2.0,,4.0,4.0,5.0,3.0,4.0,4.0,5.0,4.0,2.0,4.0,,,5.0,4.0,3.0,3.0,,,,5.0,,1.0,6.0,1.0,5.0,5.0,2.0,6.0,5.0,5.0,70.0,92.0,84.0,50.0,71.0,89.0,50.0,60.0,37.0,73.0,1.0,5.0,,,,,,,,,,,,1.0,1.0,1.0,1.0,1.0,1.0,2.0,2.0,1.0,2.0,2.0,2.0,2.0,1.0,2.0,1.0,1.0,2.0,2.0,1.0,2.0,1.0,2.0,2.0,2.0,2.0,2.0,2.0,1.0,2.0,1.0,1.0,1.0,1.0,2.0,2.0,2.0,2.0,1.0,1.0,1.0,2.0,2.0,2.0,1.0,2.0,,,4.0,,,2.0,,5.0,,3.0,
pid_882,,1.0,,1.0,,,1.0,32.0,2.0,850.0,,,,70.0,3.0,,5.0,5.0,2.0,1.0,5.0,5.0,5.0,4.0,5.0,5.0,4.0,,,,,,5.0,3.0,2.0,1.0,,1.0,6.0,1.0,5.0,6.0,1.0,7.0,7.0,7.0,50.0,95.0,60.0,40.0,30.0,30.0,25.0,5.0,30.0,50.0,1.0,,7.0,1.0,1.0,1.0,1.0,1.0,1.0,1.0,1.0,1.0,1.0,,,,,,,2.0,2.0,2.0,2.0,1.0,2.0,1.0,2.0,1.0,2.0,2.0,2.0,2.0,2.0,1.0,1.0,1.0,1.0,2.0,1.0,1.0,1.0,1.0,1.0,2.0,1.0,1.0,2.0,2.0,1.0,1.0,1.0,1.0,2.0,2.0,2.0,1.0,1.0,2.0,1.0,5.0,,,2.0,,,,0.0,2.0,,
pid_883,,2.0,,2.0,,,1.0,20.0,,,1.0,300.0,,70.0,2.0,,4.0,3.0,3.0,3.0,4.0,4.0,4.0,3.0,3.0,4.0,3.0,,,4.0,3.0,5.0,,,,2.0,,1.0,6.0,7.0,6.0,6.0,6.0,5.0,6.0,5.0,63.0,47.0,44.0,56.0,58.0,63.0,51.0,55.0,46.0,70.0,3.0,6.0,,1.0,1.0,1.0,1.0,1.0,1.0,1.0,1.0,1.0,1.0,,,,,,,2.0,2.0,1.0,1.0,2.0,2.0,1.0,2.0,1.0,2.0,2.0,1.0,2.0,1.0,2.0,2.0,2.0,2.0,2.0,2.0,2.0,2.0,2.0,2.0,2.0,2.0,2.0,2.0,1.0,1.0,2.0,2.0,2.0,2.0,1.0,1.0,2.0,1.0,2.0,2.0,2.0,,,3.0,,,20.0,,4.0,,
pid_884,1.0,,2.0,,2.0,50.0,,,2.0,350.0,,,,70.0,,2.0,3.0,3.0,5.0,5.0,4.0,3.0,5.0,5.0,3.0,4.0,,4.0,,3.0,3.0,3.0,,,,3.0,,1.0,6.0,4.0,4.0,4.0,5.0,6.0,5.0,5.0,42.0,52.0,67.0,56.0,41.0,39.0,61.0,54.0,48.0,63.0,2.0,6.0,,1.0,1.0,1.0,1.0,1.0,1.0,1.0,1.0,1.0,1.0,,,,,,,1.0,2.0,1.0,2.0,1.0,2.0,1.0,2.0,1.0,1.0,1.0,1.0,1.0,1.0,1.0,1.0,1.0,1.0,1.0,2.0,1.0,1.0,2.0,1.0,2.0,1.0,1.0,2.0,1.0,2.0,2.0,2.0,1.0,1.0,2.0,2.0,1.0,1.0,2.0,1.0,,3.0,,,5.0,,16.0,,3.0,,
pid_885,,1.0,,1.0,2.0,50.0,,,1.0,1200.0,,,,70.0,,1.0,4.0,5.0,1.0,3.0,1.0,4.0,4.0,2.0,2.0,4.0,5.0,,,,,,1.0,1.0,1.0,,1.0,1.0,4.0,6.0,5.0,2.0,3.0,3.0,3.0,7.0,51.0,60.0,64.0,46.0,70.0,70.0,46.0,58.0,72.0,69.0,3.0,7.0,,1.0,1.0,1.0,1.0,1.0,1.0,1.0,1.0,1.0,1.0,,,,,,,2.0,2.0,2.0,2.0,2.0,2.0,1.0,2.0,1.0,2.0,1.0,2.0,2.0,2.0,1.0,2.0,1.0,2.0,2.0,2.0,1.0,2.0,2.0,1.0,2.0,2.0,2.0,1.0,2.0,2.0,2.0,2.0,2.0,2.0,2.0,2.0,2.0,2.0,2.0,2.0,4.0,,,6.0,,,20.0,,1.0,,
pid_886,,2.0,1.0,,2.0,50.0,,,1.0,1100.0,,,3.0,,4.0,,3.0,5.0,3.0,2.0,3.0,3.0,4.0,4.0,5.0,3.0,,4.0,,,,,2.0,4.0,4.0,,5.0,1.0,7.0,5.0,4.0,4.0,3.0,5.0,6.0,7.0,25.0,50.0,50.0,10.0,25.0,40.0,30.0,25.0,80.0,50.0,3.0,5.0,,,,,,,,,,,,1.0,2.0,1.0,2.0,1.0,1.0,2.0,1.0,2.0,1.0,1.0,1.0,2.0,2.0,1.0,1.0,2.0,2.0,1.0,1.0,1.0,2.0,1.0,1.0,1.0,1.0,1.0,2.0,1.0,1.0,1.0,1.0,1.0,2.0,1.0,1.0,1.0,1.0,2.0,2.0,1.0,2.0,1.0,2.0,1.0,2.0,,3.0,,,6.0,,,3.0,,,1.0
pid_887,,1.0,,1.0,1.0,70.0,,,,,1.0,100.0,50.0,,,5.0,4.0,5.0,1.0,1.0,5.0,4.0,5.0,2.0,5.0,4.0,,,1.0,,,,3.0,2.0,2.0,,4.0,1.0,6.0,2.0,4.0,5.0,2.0,5.0,6.0,5.0,75.0,90.0,15.0,60.0,35.0,75.0,60.0,70.0,75.0,60.0,1.0,,3.0,1.0,1.0,1.0,1.0,1.0,1.0,1.0,1.0,1.0,1.0,,,,,,,2.0,2.0,1.0,1.0,2.0,1.0,2.0,2.0,2.0,2.0,2.0,2.0,2.0,2.0,2.0,2.0,1.0,2.0,2.0,2.0,2.0,1.0,1.0,2.0,2.0,2.0,1.0,2.0,2.0,2.0,2.0,1.0,2.0,2.0,1.0,2.0,2.0,2.0,2.0,2.0,,,5.0,,,4.0,,10.0,,4.0,
pid_888,,2.0,1.0,,2.0,20.0,,,,,1.0,300.0,,70.0,,4.0,4.0,5.0,1.0,3.0,3.0,5.0,5.0,5.0,5.0,5.0,,1.0,,,,,3.0,4.0,3.0,3.0,,2.0,6.0,2.0,4.0,4.0,4.0,5.0,6.0,7.0,60.0,66.0,33.0,50.0,60.0,70.0,75.0,75.0,66.0,66.0,3.0,,6.0,1.0,1.0,1.0,2.0,1.0,1.0,2.0,1.0,1.0,2.0,,,,,,,2.0,2.0,2.0,2.0,1.0,2.0,2.0,2.0,1.0,1.0,1.0,1.0,1.0,1.0,1.0,1.0,1.0,2.0,2.0,1.0,2.0,2.0,2.0,1.0,2.0,2.0,2.0,2.0,1.0,2.0,1.0,1.0,1.0,2.0,2.0,2.0,1.0,1.0,2.0,2.0,,5.0,,,6.0,,10.0,,,,2.0
pid_889,1.0,,,2.0,,,1.0,42.0,,,1.0,250.0,25.0,,,3.0,5.0,5.0,1.0,2.0,3.0,5.0,5.0,4.0,5.0,5.0,,4.0,,4.0,3.0,1.0,,,,,6.0,2.0,7.0,2.0,5.0,6.0,5.0,7.0,7.0,6.0,55.0,35.0,35.0,75.0,15.0,40.0,65.0,75.0,50.0,70.0,3.0,,7.0,1.0,1.0,1.0,1.0,1.0,1.0,1.0,1.0,1.0,1.0,,,,,,,2.0,2.0,2.0,2.0,1.0,2.0,2.0,2.0,2.0,1.0,1.0,1.0,2.0,1.0,2.0,2.0,1.0,2.0,2.0,1.0,2.0,2.0,2.0,2.0,2.0,1.0,2.0,2.0,2.0,1.0,2.0,2.0,1.0,2.0,2.0,2.0,1.0,2.0,2.0,2.0,,4.0,,,4.0,,,18.0,,,3.0
pid_890,,2.0,,1.0,2.0,32.0,,,2.0,700.0,,,80.0,,,5.0,1.0,1.0,5.0,1.0,1.0,4.0,1.0,4.0,1.0,1.0,,5.0,,1.0,5.0,2.0,,,,,3.0,1.0,3.0,1.0,7.0,7.0,2.0,5.0,5.0,5.0,70.0,90.0,55.0,75.0,71.0,83.0,81.0,73.0,12.0,72.0,1.0,,6.0,1.0,1.0,1.0,1.0,1.0,1.0,1.0,1.0,1.0,1.0,,,,,,,1.0,1.0,1.0,1.0,2.0,2.0,1.0,1.0,1.0,2.0,1.0,1.0,2.0,2.0,1.0,2.0,1.0,1.0,1.0,2.0,1.0,2.0,1.0,2.0,1.0,1.0,2.0,1.0,2.0,1.0,2.0,2.0,2.0,2.0,2.0,1.0,1.0,2.0,2.0,2.0,,2.0,,,1.0,,,15.0,,7.0,
pid_891,1.0,,1.0,,2.0,20.0,,,1.0,1500.0,,,50.0,,2.0,,1.0,1.0,5.0,2.0,1.0,2.0,3.0,1.0,2.0,2.0,,2.0,,2.0,1.0,2.0,,,,1.0,,2.0,7.0,3.0,2.0,3.0,2.0,5.0,7.0,7.0,5.0,50.0,90.0,30.0,10.0,25.0,50.0,40.0,1.0,30.0,4.0,1.0,,,,,,,,,,,,1.0,1.0,1.0,1.0,1.0,1.0,2.0,2.0,1.0,2.0,1.0,1.0,2.0,1.0,2.0,2.0,1.0,1.0,2.0,1.0,2.0,2.0,2.0,1.0,2.0,1.0,2.0,2.0,1.0,1.0,2.0,1.0,1.0,2.0,1.0,2.0,1.0,1.0,2.0,1.0,1.0,2.0,1.0,1.0,2.0,2.0,,4.0,,,3.0,,,0.0,,10.0,
pid_892,,1.0,,2.0,,,1.0,54.0,,,1.0,380.0,,80.0,,4.0,3.0,5.0,3.0,3.0,3.0,3.0,5.0,5.0,5.0,5.0,,,4.0,,,,3.0,4.0,3.0,,4.0,1.0,7.0,3.0,5.0,3.0,3.0,6.0,6.0,7.0,45.0,65.0,40.0,35.0,55.0,60.0,55.0,65.0,60.0,75.0,3.0,6.0,,,,,,,,,,,,1.0,1.0,1.0,1.0,1.0,1.0,1.0,2.0,2.0,2.0,2.0,2.0,1.0,1.0,1.0,2.0,2.0,1.0,1.0,2.0,2.0,2.0,2.0,2.0,1.0,2.0,2.0,1.0,2.0,1.0,2.0,1.0,2.0,2.0,2.0,1.0,2.0,1.0,2.0,1.0,2.0,2.0,2.0,2.0,2.0,1.0,,,4.0,,,3.0,15.0,,,,4.0
pid_893,1.0,,1.0,,2.0,15.0,,,2.0,60.0,,,71.0,,,3.0,3.0,4.0,4.0,4.0,3.0,4.0,5.0,5.0,5.0,5.0,2.0,,,3.0,5.0,2.0,,,,,5.0,1.0,7.0,4.0,4.0,5.0,3.0,5.0,6.0,6.0,31.0,54.0,63.0,57.0,27.0,17.0,36.0,72.0,22.0,100.0,2.0,,6.0,1.0,2.0,1.0,2.0,1.0,1.0,1.0,2.0,1.0,1.0,,,,,,,1.0,2.0,1.0,1.0,1.0,1.0,2.0,1.0,1.0,1.0,1.0,1.0,1.0,1.0,1.0,1.0,2.0,1.0,1.0,2.0,2.0,1.0,1.0,2.0,2.0,1.0,1.0,2.0,1.0,2.0,1.0,1.0,2.0,2.0,2.0,1.0,1.0,2.0,1.0,2.0,5.0,,,5.0,,,,15.0,2.0,,
pid_894,,2.0,,2.0,2.0,54.0,,,,,1.0,200.0,,100.0,5.0,,5.0,3.0,3.0,3.0,4.0,5.0,5.0,3.0,3.0,5.0,2.0,,,,,,3.0,3.0,3.0,6.0,,2.0,7.0,3.0,2.0,1.0,1.0,7.0,7.0,7.0,90.0,80.0,70.0,50.0,60.0,85.0,34.0,50.0,40.0,75.0,3.0,3.0,,2.0,2.0,2.0,1.0,2.0,2.0,1.0,2.0,2.0,1.0,,,,,,,2.0,2.0,2.0,1.0,1.0,2.0,2.0,2.0,2.0,2.0,2.0,1.0,2.0,2.0,2.0,1.0,2.0,2.0,2.0,1.0,2.0,1.0,2.0,1.0,2.0,2.0,2.0,1.0,2.0,2.0,2.0,1.0,1.0,1.0,2.0,1.0,2.0,2.0,2.0,2.0,5.0,,,4.0,,,,0.0,2.0,,
pid_895,,1.0,,2.0,1.0,70.0,,,2.0,300.0,,,30.0,,,6.0,4.0,1.0,5.0,5.0,4.0,4.0,5.0,5.0,5.0,1.0,,3.0,,3.0,4.0,2.0,,,,,2.0,1.0,6.0,5.0,5.0,5.0,5.0,5.0,6.0,6.0,50.0,80.0,50.0,40.0,20.0,60.0,50.0,50.0,40.0,60.0,3.0,6.0,,,,,,,,,,,,1.0,1.0,1.0,1.0,1.0,1.0,1.0,1.0,2.0,1.0,2.0,1.0,2.0,1.0,1.0,2.0,1.0,1.0,2.0,2.0,1.0,2.0,2.0,2.0,2.0,2.0,2.0,2.0,2.0,2.0,1.0,1.0,1.0,2.0,1.0,2.0,2.0,1.0,2.0,1.0,2.0,1.0,2.0,2.0,2.0,2.0,,5.0,,,6.0,,10.0,,,,2.0
pid_896,,2.0,2.0,,,,1.0,40.0,1.0,1200.0,,,,70.0,,6.0,4.0,5.0,3.0,2.0,4.0,4.0,5.0,5.0,4.0,5.0,,,4.0,5.0,2.0,2.0,,,,,5.0,2.0,6.0,2.0,2.0,2.0,5.0,3.0,7.0,7.0,55.0,10.0,70.0,5.0,45.0,40.0,30.0,60.0,20.0,65.0,1.0,,7.0,,,,,,,,,,,1.0,2.0,1.0,2.0,1.0,1.0,1.0,1.0,1.0,1.0,2.0,1.0,1.0,1.0,2.0,2.0,1.0,2.0,1.0,1.0,1.0,2.0,1.0,1.0,1.0,2.0,2.0,2.0,1.0,1.0,1.0,1.0,1.0,1.0,1.0,2.0,2.0,1.0,1.0,1.0,1.0,1.0,1.0,2.0,1.0,1.0,,,5.0,,,6.0,10.0,,,,1.0
pid_897,1.0,,,2.0,2.0,20.0,,,,,1.0,380.0,30.0,,3.0,,2.0,5.0,1.0,3.0,2.0,1.0,5.0,5.0,5.0,5.0,,5.0,,3.0,4.0,2.0,,,,4.0,,1.0,7.0,6.0,7.0,7.0,4.0,6.0,7.0,7.0,25.0,45.0,40.0,40.0,15.0,20.0,55.0,70.0,75.0,30.0,3.0,,4.0,,,,,,,,,,,1.0,1.0,1.0,1.0,1.0,1.0,1.0,2.0,1.0,2.0,2.0,2.0,2.0,2.0,1.0,2.0,2.0,2.0,1.0,2.0,2.0,2.0,2.0,2.0,1.0,1.0,1.0,2.0,1.0,1.0,1.0,1.0,1.0,1.0,1.0,2.0,1.0,1.0,2.0,2.0,2.0,2.0,2.0,2.0,1.0,1.0,,3.0,,,5.0,,20.0,,1.0,,
pid_898,,1.0,1.0,,,,1.0,54.0,1.0,2000.0,,,,70.0,,5.0,5.0,5.0,2.0,5.0,4.0,4.0,5.0,5.0,4.0,5.0,,,4.0,5.0,3.0,2.0,,,,,6.0,1.0,6.0,3.0,3.0,5.0,2.0,5.0,5.0,5.0,95.0,59.0,54.0,67.0,53.0,59.0,100.0,80.0,69.0,62.0,3.0,,6.0,2.0,1.0,2.0,2.0,2.0,2.0,1.0,1.0,2.0,1.0,,,,,,,1.0,1.0,1.0,1.0,1.0,2.0,2.0,1.0,1.0,1.0,1.0,1.0,2.0,1.0,1.0,2.0,2.0,2.0,1.0,1.0,1.0,1.0,1.0,1.0,2.0,1.0,1.0,1.0,2.0,1.0,1.0,1.0,1.0,2.0,1.0,1.0,1.0,2.0,1.0,1.0,,,2.0,,,5.0,10.0,,,2.0,
pid_900,1.0,,,2.0,1.0,70.0,,,,,1.0,100.0,80.0,,2.0,,4.0,5.0,4.0,1.0,4.0,4.0,3.0,5.0,4.0,5.0,,,4.0,,,,2.0,3.0,4.0,,6.0,2.0,5.0,3.0,3.0,3.0,2.0,5.0,5.0,6.0,30.0,90.0,80.0,25.0,35.0,40.0,50.0,75.0,80.0,90.0,3.0,6.0,,1.0,1.0,1.0,1.0,1.0,2.0,2.0,1.0,2.0,1.0,,,,,,,2.0,1.0,2.0,2.0,2.0,2.0,2.0,2.0,1.0,1.0,2.0,1.0,2.0,2.0,1.0,2.0,2.0,2.0,2.0,2.0,2.0,2.0,1.0,2.0,2.0,1.0,2.0,2.0,1.0,1.0,2.0,2.0,1.0,2.0,2.0,2.0,2.0,2.0,1.0,1.0,,,5.0,,,6.0,,10.0,3.0,,
pid_901,1.0,,1.0,,2.0,5.0,,,1.0,2000.0,,,81.0,,,2.0,4.0,5.0,5.0,5.0,4.0,4.0,5.0,5.0,4.0,2.0,,2.0,,2.0,2.0,1.0,,,,,6.0,1.0,6.0,2.0,3.0,4.0,3.0,5.0,6.0,7.0,27.0,92.0,88.0,74.0,17.0,35.0,90.0,67.0,53.0,69.0,1.0,6.0,,,,,,,,,,,,1.0,2.0,1.0,1.0,2.0,1.0,1.0,1.0,2.0,2.0,1.0,2.0,2.0,2.0,1.0,1.0,1.0,2.0,1.0,1.0,2.0,2.0,2.0,1.0,2.0,2.0,1.0,1.0,1.0,2.0,2.0,1.0,2.0,1.0,2.0,2.0,1.0,1.0,2.0,1.0,2.0,2.0,1.0,1.0,2.0,2.0,,5.0,,,6.0,,,15.0,,10.0,
pid_902,1.0,,,1.0,,,2.0,10.0,2.0,500.0,,,,80.0,2.0,,3.0,4.0,4.0,3.0,4.0,3.0,3.0,4.0,4.0,4.0,,,3.0,3.0,4.0,2.0,,,,,4.0,2.0,6.0,2.0,2.0,4.0,2.0,4.0,5.0,4.0,50.0,46.0,76.0,33.0,40.0,60.0,50.0,56.0,40.0,44.0,2.0,4.0,,1.0,1.0,1.0,2.0,1.0,2.0,2.0,2.0,1.0,1.0,,,,,,,2.0,1.0,1.0,2.0,2.0,2.0,1.0,1.0,2.0,2.0,1.0,2.0,2.0,1.0,2.0,2.0,1.0,2.0,2.0,2.0,2.0,2.0,2.0,2.0,1.0,2.0,2.0,2.0,2.0,2.0,2.0,1.0,2.0,1.0,1.0,1.0,2.0,1.0,1.0,2.0,,,3.0,,,4.0,,5.0,,9.0,
pid_903,2.0,,2.0,,2.0,30.0,,,,,1.0,300.0,30.0,,,2.0,4.0,4.0,3.0,5.0,3.0,4.0,5.0,4.0,4.0,4.0,,2.0,,4.0,5.0,1.0,,,,,3.0,1.0,6.0,1.0,1.0,1.0,1.0,5.0,7.0,7.0,60.0,100.0,52.0,100.0,60.0,50.0,100.0,100.0,50.0,100.0,1.0,4.0,,,,,,,,,,,,1.0,2.0,1.0,2.0,1.0,2.0,1.0,1.0,2.0,1.0,2.0,1.0,2.0,2.0,2.0,2.0,2.0,2.0,1.0,1.0,1.0,1.0,2.0,1.0,2.0,1.0,1.0,1.0,1.0,1.0,2.0,2.0,2.0,1.0,1.0,1.0,1.0,2.0,1.0,2.0,1.0,2.0,2.0,1.0,1.0,1.0,,5.0,,,6.0,,,10.0,,10.0,
pid_904,,2.0,,2.0,2.0,47.0,,,,,1.0,150.0,,80.0,2.0,,3.0,5.0,4.0,5.0,4.0,4.0,5.0,5.0,5.0,5.0,3.0,,,3.0,3.0,3.0,,,,6.0,,1.0,6.0,4.0,5.0,3.0,2.0,5.0,5.0,6.0,45.0,67.0,58.0,73.0,52.0,45.0,73.0,79.0,58.0,80.0,3.0,6.0,,,,,,,,,,,,1.0,1.0,1.0,1.0,1.0,1.0,2.0,2.0,1.0,2.0,1.0,1.0,1.0,1.0,2.0,1.0,2.0,1.0,2.0,1.0,2.0,2.0,1.0,1.0,1.0,2.0,2.0,1.0,1.0,1.0,1.0,1.0,2.0,2.0,2.0,1.0,1.0,1.0,1.0,1.0,2.0,2.0,2.0,2.0,1.0,2.0,4.0,,,4.0,,,20.0,,1.0,,
pid_905,1.0,,,2.0,,,1.0,17.0,1.0,1236.0,,,,70.0,,6.0,3.0,5.0,5.0,5.0,4.0,4.0,5.0,5.0,1.0,1.0,,,2.0,4.0,4.0,4.0,,,,4.0,,2.0,7.0,1.0,3.0,2.0,3.0,7.0,7.0,7.0,58.0,98.0,52.0,68.0,74.0,40.0,87.0,94.0,32.0,80.0,2.0,,4.0,,,,,,,,,,,1.0,1.0,1.0,1.0,1.0,1.0,2.0,1.0,1.0,2.0,2.0,1.0,2.0,1.0,2.0,1.0,1.0,2.0,1.0,1.0,2.0,2.0,2.0,2.0,2.0,1.0,2.0,2.0,2.0,2.0,2.0,1.0,1.0,1.0,1.0,1.0,1.0,1.0,2.0,1.0,2.0,2.0,1.0,1.0,1.0,1.0,,,4.0,,,3.0,20.0,,,,3.0
pid_906,,2.0,2.0,,1.0,54.0,,,,,2.0,100.0,40.0,,3.0,,4.0,3.0,2.0,3.0,3.0,2.0,4.0,3.0,2.0,4.0,,,3.0,,,,5.0,2.0,3.0,3.0,,1.0,5.0,3.0,4.0,4.0,3.0,6.0,4.0,4.0,20.0,78.0,39.0,37.0,33.0,40.0,13.0,45.0,69.0,43.0,2.0,,2.0,1.0,2.0,2.0,2.0,1.0,2.0,1.0,2.0,2.0,1.0,,,,,,,1.0,1.0,2.0,2.0,1.0,1.0,2.0,1.0,1.0,2.0,1.0,1.0,2.0,1.0,2.0,1.0,2.0,1.0,2.0,2.0,1.0,2.0,2.0,1.0,2.0,2.0,1.0,2.0,1.0,2.0,2.0,1.0,1.0,1.0,2.0,2.0,1.0,1.0,2.0,1.0,,,2.0,,,5.0,,5.0,,5.0,
pid_907,,2.0,,2.0,,,1.0,50.0,2.0,400.0,,,,70.0,4.0,,4.0,4.0,3.0,4.0,4.0,3.0,4.0,4.0,4.0,4.0,,,4.0,2.0,2.0,2.0,,,,4.0,,1.0,6.0,1.0,4.0,2.0,2.0,6.0,7.0,6.0,60.0,95.0,50.0,90.0,40.0,75.0,80.0,50.0,60.0,75.0,3.0,,6.0,1.0,1.0,1.0,1.0,1.0,1.0,1.0,1.0,1.0,1.0,,,,,,,1.0,1.0,1.0,2.0,1.0,1.0,2.0,2.0,2.0,2.0,1.0,2.0,1.0,1.0,2.0,1.0,2.0,1.0,2.0,2.0,2.0,1.0,2.0,2.0,1.0,2.0,2.0,2.0,2.0,2.0,1.0,2.0,1.0,1.0,1.0,2.0,2.0,1.0,1.0,2.0,,,4.0,,,4.0,15.0,,,,3.0
pid_908,1.0,,1.0,,2.0,50.0,,,2.0,400.0,,,,40.0,,4.0,4.0,4.0,2.0,4.0,4.0,4.0,5.0,4.0,4.0,4.0,,3.0,,4.0,4.0,2.0,,,,,4.0,2.0,6.0,2.0,5.0,4.0,4.0,6.0,5.0,5.0,15.0,42.0,46.0,65.0,15.0,26.0,48.0,54.0,60.0,75.0,3.0,5.0,,,,,,,,,,,,1.0,1.0,1.0,2.0,1.0,1.0,1.0,1.0,2.0,2.0,1.0,1.0,2.0,2.0,1.0,2.0,2.0,2.0,1.0,1.0,2.0,2.0,2.0,2.0,2.0,2.0,1.0,2.0,2.0,2.0,2.0,1.0,2.0,1.0,2.0,1.0,2.0,2.0,2.0,1.0,2.0,1.0,1.0,1.0,1.0,2.0,,4.0,,,5.0,,,15.0,,9.0,
pid_909,1.0,,,1.0,2.0,55.0,,,,,1.0,300.0,,70.0,5.0,,3.0,5.0,4.0,4.0,4.0,4.0,4.0,4.0,2.0,5.0,1.0,,,4.0,3.0,3.0,,,,6.0,,1.0,3.0,1.0,5.0,3.0,2.0,5.0,6.0,4.0,35.0,85.0,80.0,46.0,15.0,25.0,60.0,100.0,18.0,75.0,3.0,,6.0,,,,,,,,,,,1.0,1.0,2.0,1.0,2.0,1.0,2.0,2.0,2.0,1.0,2.0,2.0,2.0,2.0,1.0,1.0,2.0,1.0,2.0,2.0,2.0,2.0,2.0,2.0,2.0,1.0,1.0,2.0,2.0,2.0,1.0,1.0,1.0,2.0,2.0,2.0,2.0,1.0,2.0,1.0,2.0,2.0,1.0,2.0,2.0,2.0,4.0,,,5.0,,,20.0,,,,3.0
pid_910,1.0,,,2.0,1.0,54.0,,,,,1.0,120.0,,71.0,4.0,,4.0,2.0,4.0,4.0,4.0,4.0,4.0,4.0,2.0,2.0,,,1.0,,,,2.0,2.0,5.0,,4.0,1.0,2.0,1.0,2.0,5.0,2.0,6.0,6.0,6.0,22.0,82.0,81.0,77.0,75.0,72.0,83.0,86.0,27.0,78.0,3.0,,5.0,1.0,1.0,1.0,2.0,1.0,1.0,2.0,1.0,1.0,2.0,,,,,,,1.0,1.0,2.0,2.0,2.0,1.0,1.0,2.0,2.0,1.0,1.0,2.0,2.0,2.0,1.0,2.0,2.0,1.0,2.0,2.0,1.0,1.0,1.0,1.0,2.0,2.0,1.0,2.0,1.0,2.0,1.0,1.0,1.0,1.0,1.0,2.0,2.0,1.0,1.0,2.0,,,4.0,,,5.0,,18.0,1.0,,
pid_911,1.0,,,2.0,2.0,20.0,,,2.0,150.0,,,,90.0,,4.0,4.0,5.0,1.0,3.0,4.0,4.0,5.0,3.0,5.0,5.0,,,1.0,3.0,4.0,2.0,,,,4.0,,2.0,7.0,2.0,3.0,3.0,5.0,6.0,6.0,6.0,39.0,50.0,40.0,40.0,30.0,39.0,39.0,55.0,30.0,50.0,3.0,,7.0,,,,,,,,,,,1.0,2.0,1.0,2.0,1.0,1.0,2.0,2.0,2.0,2.0,2.0,2.0,2.0,2.0,2.0,2.0,1.0,2.0,2.0,1.0,1.0,1.0,2.0,2.0,1.0,2.0,2.0,1.0,2.0,1.0,2.0,2.0,2.0,2.0,1.0,1.0,1.0,2.0,2.0,2.0,2.0,2.0,1.0,2.0,2.0,1.0,,,5.0,,,6.0,15.0,,3.0,,
pid_912,1.0,,,2.0,,,1.0,50.0,,,1.0,300.0,30.0,,4.0,,1.0,3.0,5.0,5.0,3.0,1.0,1.0,3.0,2.0,1.0,,5.0,,,,,2.0,2.0,2.0,2.0,,1.0,6.0,2.0,7.0,6.0,2.0,3.0,7.0,5.0,25.0,50.0,67.0,75.0,50.0,13.0,37.0,58.0,45.0,50.0,1.0,,6.0,,,,,,,,,,,1.0,1.0,1.0,1.0,1.0,1.0,1.0,1.0,2.0,2.0,1.0,2.0,2.0,1.0,2.0,2.0,2.0,1.0,2.0,2.0,2.0,2.0,1.0,2.0,2.0,2.0,2.0,2.0,2.0,1.0,2.0,2.0,2.0,1.0,2.0,2.0,2.0,2.0,1.0,1.0,2.0,1.0,1.0,2.0,1.0,2.0,,1.0,,,5.0,,,20.0,,,2.0
pid_913,1.0,,1.0,,2.0,20.0,,,,,1.0,100.0,,70.0,,5.0,4.0,4.0,3.0,2.0,4.0,5.0,5.0,4.0,4.0,5.0,1.0,,,3.0,3.0,3.0,,,,4.0,,1.0,5.0,2.0,6.0,3.0,5.0,6.0,6.0,6.0,60.0,61.0,50.0,35.0,50.0,40.0,60.0,43.0,45.0,75.0,4.0,,6.0,,,,,,,,,,,1.0,1.0,1.0,1.0,2.0,2.0,1.0,2.0,2.0,2.0,2.0,2.0,2.0,2.0,2.0,2.0,2.0,2.0,1.0,1.0,1.0,2.0,2.0,2.0,1.0,2.0,2.0,2.0,2.0,2.0,2.0,2.0,2.0,1.0,2.0,1.0,2.0,1.0,2.0,2.0,1.0,1.0,1.0,2.0,2.0,2.0,2.0,,,3.0,,,,20.0,,9.0,
pid_914,1.0,,,1.0,2.0,45.0,,,,,1.0,85.0,70.0,,,3.0,4.0,4.0,4.0,4.0,4.0,4.0,4.0,4.0,4.0,4.0,4.0,,,3.0,3.0,3.0,,,,3.0,,1.0,5.0,2.0,2.0,3.0,2.0,6.0,6.0,5.0,61.0,82.0,5.0,90.0,35.0,83.0,63.0,70.0,96.0,79.0,2.0,,5.0,,,,,,,,,,,1.0,1.0,1.0,1.0,2.0,2.0,1.0,1.0,2.0,1.0,1.0,2.0,1.0,1.0,1.0,1.0,1.0,1.0,2.0,2.0,2.0,1.0,1.0,1.0,1.0,1.0,1.0,2.0,2.0,2.0,1.0,2.0,2.0,2.0,2.0,2.0,1.0,1.0,2.0,1.0,1.0,1.0,2.0,1.0,2.0,2.0,4.0,,,4.0,,,10.0,,3.0,,
pid_916,,2.0,,2.0,,,1.0,30.0,,,1.0,150.0,1.0,,2.0,,1.0,3.0,5.0,1.0,1.0,1.0,5.0,3.0,1.0,4.0,,,5.0,5.0,3.0,2.0,,,,,2.0,2.0,6.0,2.0,5.0,3.0,5.0,5.0,6.0,5.0,30.0,60.0,80.0,30.0,20.0,20.0,70.0,30.0,40.0,60.0,1.0,1.0,,1.0,1.0,1.0,1.0,1.0,1.0,1.0,1.0,1.0,1.0,,,,,,,2.0,2.0,2.0,1.0,1.0,2.0,2.0,2.0,2.0,1.0,1.0,2.0,2.0,1.0,1.0,2.0,1.0,1.0,2.0,1.0,1.0,2.0,1.0,1.0,2.0,2.0,2.0,2.0,2.0,2.0,1.0,2.0,2.0,1.0,2.0,2.0,2.0,2.0,2.0,2.0,,,4.0,,,2.0,,20.0,,10.0,
pid_917,1.0,,,2.0,2.0,10.0,,,1.0,1200.0,,,30.0,,3.0,,3.0,5.0,1.0,2.0,4.0,4.0,4.0,4.0,5.0,4.0,2.0,,,3.0,2.0,2.0,,,,,3.0,1.0,6.0,2.0,5.0,5.0,3.0,6.0,5.0,5.0,40.0,50.0,40.0,60.0,30.0,66.0,50.0,66.0,70.0,50.0,1.0,,4.0,1.0,1.0,1.0,1.0,1.0,1.0,1.0,1.0,1.0,1.0,,,,,,,2.0,2.0,1.0,1.0,2.0,1.0,1.0,1.0,2.0,2.0,2.0,2.0,1.0,1.0,1.0,2.0,1.0,1.0,2.0,2.0,1.0,2.0,2.0,1.0,2.0,1.0,2.0,1.0,1.0,1.0,2.0,2.0,2.0,1.0,1.0,2.0,2.0,2.0,1.0,2.0,1.0,,,3.0,,,0.0,,,,2.0
pid_918,,2.0,1.0,,2.0,10.0,,,,,2.0,40.0,,70.0,,5.0,4.0,5.0,5.0,4.0,5.0,5.0,5.0,3.0,2.0,4.0,1.0,,,,,,3.0,3.0,4.0,,6.0,1.0,7.0,3.0,5.0,2.0,3.0,5.0,5.0,6.0,60.0,85.0,80.0,87.0,74.0,91.0,100.0,44.0,24.0,78.0,2.0,,6.0,,,,,,,,,,,1.0,1.0,2.0,1.0,2.0,1.0,2.0,1.0,1.0,1.0,1.0,1.0,1.0,2.0,2.0,2.0,2.0,2.0,1.0,2.0,2.0,1.0,2.0,1.0,2.0,1.0,2.0,2.0,1.0,2.0,2.0,1.0,1.0,1.0,1.0,1.0,2.0,1.0,1.0,1.0,2.0,2.0,1.0,2.0,1.0,2.0,5.0,,,6.0,,,,0.0,1.0,,
pid_919,1.0,,1.0,,2.0,23.0,,,,,1.0,90.0,,80.0,,3.0,2.0,4.0,3.0,3.0,3.0,2.0,3.0,2.0,4.0,4.0,,,3.0,,,,2.0,4.0,5.0,,5.0,1.0,7.0,1.0,7.0,7.0,2.0,7.0,5.0,5.0,35.0,77.0,60.0,57.0,18.0,30.0,36.0,41.0,48.0,67.0,3.0,6.0,,1.0,1.0,1.0,1.0,1.0,1.0,1.0,1.0,1.0,1.0,,,,,,,2.0,1.0,1.0,2.0,2.0,1.0,1.0,1.0,2.0,1.0,2.0,2.0,1.0,1.0,2.0,1.0,2.0,2.0,2.0,1.0,1.0,2.0,1.0,2.0,1.0,2.0,2.0,2.0,1.0,2.0,2.0,2.0,1.0,2.0,1.0,1.0,1.0,2.0,2.0,2.0,,,5.0,,,6.0,,5.0,2.0,,
pid_920,,2.0,2.0,,,,1.0,45.0,2.0,300.0,,,,76.0,3.0,,4.0,4.0,3.0,4.0,4.0,3.0,3.0,4.0,5.0,5.0,,,4.0,,,,2.0,3.0,4.0,4.0,,1.0,6.0,2.0,2.0,2.0,3.0,6.0,6.0,6.0,70.0,45.0,96.0,35.0,34.0,60.0,28.0,65.0,96.0,60.0,2.0,,6.0,,,,,,,,,,,1.0,1.0,2.0,1.0,2.0,1.0,1.0,1.0,1.0,1.0,1.0,2.0,2.0,2.0,1.0,2.0,1.0,1.0,2.0,2.0,1.0,2.0,1.0,2.0,2.0,2.0,2.0,1.0,1.0,2.0,2.0,2.0,2.0,1.0,1.0,1.0,2.0,2.0,2.0,2.0,1.0,1.0,1.0,2.0,2.0,2.0,,,5.0,,,6.0,,20.0,,,2.0
pid_921,1.0,,1.0,,2.0,20.0,,,1.0,300.0,,,77.0,,2.0,,5.0,5.0,5.0,5.0,5.0,4.0,5.0,5.0,2.0,5.0,,,4.0,3.0,4.0,4.0,,,,5.0,,1.0,7.0,1.0,3.0,3.0,1.0,6.0,7.0,5.0,30.0,82.0,88.0,74.0,54.0,31.0,76.0,48.0,45.0,56.0,2.0,3.0,,1.0,1.0,2.0,2.0,2.0,1.0,1.0,2.0,2.0,2.0,,,,,,,1.0,2.0,1.0,1.0,1.0,1.0,2.0,1.0,2.0,1.0,2.0,1.0,2.0,1.0,2.0,2.0,2.0,1.0,2.0,1.0,1.0,2.0,2.0,2.0,1.0,1.0,2.0,1.0,1.0,1.0,1.0,1.0,2.0,1.0,1.0,2.0,2.0,1.0,2.0,2.0,,,4.0,,,3.0,20.0,,3.0,,
pid_922,,1.0,1.0,,1.0,80.0,,,2.0,800.0,,,63.0,,,5.0,4.0,5.0,2.0,5.0,3.0,4.0,5.0,5.0,5.0,5.0,1.0,,,2.0,5.0,2.0,,,,5.0,,1.0,6.0,3.0,2.0,3.0,1.0,5.0,5.0,5.0,40.0,85.0,75.0,70.0,35.0,25.0,100.0,60.0,40.0,70.0,3.0,5.0,,1.0,2.0,1.0,2.0,1.0,1.0,1.0,2.0,1.0,1.0,,,,,,,1.0,2.0,1.0,2.0,2.0,1.0,2.0,2.0,2.0,2.0,2.0,2.0,1.0,2.0,2.0,2.0,1.0,2.0,2.0,1.0,1.0,2.0,2.0,2.0,2.0,2.0,1.0,2.0,1.0,1.0,2.0,1.0,2.0,1.0,2.0,1.0,2.0,2.0,2.0,1.0,2.0,,,2.0,,,,14.0,2.0,,
pid_923,2.0,,,1.0,2.0,12.0,,,2.0,300.0,,,3.0,,,2.0,1.0,5.0,2.0,3.0,4.0,5.0,5.0,5.0,5.0,5.0,,2.0,,,,,5.0,4.0,3.0,,5.0,1.0,6.0,1.0,7.0,2.0,3.0,5.0,5.0,7.0,21.0,42.0,70.0,60.0,36.0,39.0,56.0,64.0,53.0,62.0,3.0,,5.0,,,,,,,,,,,1.0,1.0,1.0,1.0,1.0,1.0,2.0,2.0,2.0,2.0,1.0,2.0,2.0,2.0,2.0,1.0,2.0,2.0,2.0,2.0,2.0,2.0,2.0,2.0,2.0,2.0,2.0,2.0,2.0,1.0,2.0,2.0,2.0,2.0,2.0,2.0,2.0,2.0,2.0,2.0,2.0,2.0,2.0,2.0,2.0,1.0,,5.0,,,6.0,,,20.0,,4.0,
pid_924,,1.0,,2.0,,,1.0,54.0,,,1.0,380.0,,60.0,3.0,,4.0,5.0,1.0,5.0,5.0,4.0,5.0,3.0,5.0,5.0,2.0,,,,,,3.0,5.0,5.0,,4.0,1.0,7.0,5.0,5.0,5.0,1.0,7.0,7.0,7.0,61.0,62.0,47.0,58.0,16.0,49.0,49.0,52.0,46.0,68.0,3.0,,7.0,1.0,2.0,1.0,2.0,2.0,2.0,2.0,2.0,2.0,2.0,,,,,,,2.0,1.0,2.0,1.0,2.0,2.0,1.0,1.0,2.0,1.0,2.0,2.0,2.0,1.0,2.0,2.0,2.0,1.0,2.0,1.0,1.0,2.0,1.0,1.0,2.0,1.0,1.0,1.0,1.0,1.0,1.0,2.0,1.0,1.0,1.0,1.0,1.0,2.0,2.0,2.0,4.0,,,4.0,,,,18.0,1.0,,
pid_925,,1.0,,2.0,2.0,1.0,,,,,1.0,150.0,80.0,,,4.0,4.0,5.0,4.0,4.0,3.0,2.0,4.0,4.0,4.0,4.0,,,2.0,,,,4.0,4.0,4.0,,6.0,1.0,7.0,4.0,4.0,4.0,1.0,4.0,4.0,4.0,80.0,80.0,100.0,50.0,40.0,50.0,40.0,70.0,70.0,80.0,3.0,,5.0,,,,,,,,,,,1.0,1.0,1.0,1.0,1.0,1.0,1.0,2.0,2.0,1.0,2.0,2.0,1.0,2.0,2.0,2.0,2.0,2.0,2.0,2.0,2.0,2.0,2.0,2.0,2.0,1.0,2.0,1.0,1.0,1.0,1.0,1.0,2.0,2.0,1.0,1.0,2.0,1.0,1.0,1.0,1.0,2.0,2.0,2.0,2.0,1.0,,,5.0,,,6.0,10.0,,,,5.0
pid_926,,2.0,,1.0,2.0,35.0,,,,,1.0,400.0,,70.0,3.0,,2.0,5.0,2.0,5.0,4.0,2.0,5.0,5.0,5.0,4.0,,3.0,,3.0,5.0,2.0,,,,,4.0,1.0,6.0,1.0,6.0,5.0,4.0,5.0,5.0,5.0,60.0,90.0,65.0,75.0,35.0,65.0,65.0,65.0,30.0,40.0,3.0,,5.0,1.0,2.0,1.0,1.0,1.0,1.0,1.0,1.0,2.0,2.0,,,,,,,2.0,1.0,2.0,1.0,2.0,2.0,2.0,2.0,2.0,2.0,2.0,2.0,2.0,2.0,1.0,2.0,1.0,2.0,2.0,2.0,2.0,2.0,2.0,2.0,2.0,1.0,2.0,2.0,2.0,2.0,2.0,2.0,2.0,2.0,2.0,2.0,1.0,2.0,2.0,2.0,,1.0,,,1.0,,20.0,,,10.0,
pid_927,1.0,,,2.0,,,2.0,10.0,2.0,400.0,,,,85.0,,5.0,1.0,2.0,5.0,5.0,1.0,1.0,4.0,4.0,1.0,4.0,,,4.0,,,,2.0,3.0,3.0,,6.0,2.0,6.0,3.0,7.0,7.0,2.0,5.0,6.0,6.0,40.0,50.0,74.0,78.0,25.0,42.0,71.0,79.0,26.0,75.0,1.0,6.0,,,,,,,,,,,,1.0,1.0,1.0,1.0,2.0,2.0,2.0,1.0,1.0,2.0,2.0,1.0,2.0,2.0,2.0,1.0,2.0,1.0,1.0,2.0,1.0,1.0,1.0,2.0,1.0,1.0,1.0,1.0,1.0,2.0,2.0,1.0,2.0,1.0,1.0,2.0,2.0,1.0,1.0,1.0,1.0,2.0,2.0,1.0,2.0,2.0,,,5.0,,,4.0,20.0,,,4.0,
pid_928,,2.0,,2.0,2.0,45.0,,,1.0,1200.0,,,75.0,,2.0,,4.0,5.0,5.0,5.0,5.0,5.0,5.0,4.0,3.0,5.0,1.0,,,,,,2.0,3.0,2.0,2.0,,2.0,7.0,1.0,2.0,3.0,4.0,5.0,6.0,6.0,75.0,75.0,62.0,94.0,86.0,63.0,100.0,95.0,69.0,98.0,3.0,,5.0,,,,,,,,,,,1.0,1.0,2.0,1.0,2.0,1.0,2.0,2.0,1.0,2.0,1.0,1.0,1.0,2.0,2.0,2.0,1.0,1.0,1.0,1.0,2.0,1.0,1.0,2.0,1.0,1.0,1.0,2.0,2.0,1.0,1.0,2.0,1.0,1.0,1.0,2.0,1.0,1.0,2.0,2.0,2.0,2.0,2.0,1.0,2.0,1.0,4.0,,,3.0,,,15.0,,2.0,,
pid_929,1.0,,2.0,,,,1.0,26.0,,,1.0,223.0,,13.0,,4.0,2.0,5.0,5.0,5.0,4.0,2.0,5.0,4.0,1.0,3.0,4.0,,,,,,5.0,2.0,1.0,4.0,,2.0,7.0,1.0,1.0,4.0,5.0,7.0,7.0,7.0,40.0,80.0,70.0,90.0,70.0,41.0,100.0,60.0,20.0,70.0,1.0,,6.0,1.0,2.0,2.0,2.0,1.0,1.0,2.0,1.0,1.0,1.0,,,,,,,1.0,1.0,1.0,2.0,2.0,1.0,2.0,1.0,2.0,1.0,1.0,2.0,2.0,1.0,2.0,2.0,2.0,1.0,2.0,2.0,2.0,1.0,1.0,2.0,2.0,2.0,1.0,1.0,2.0,2.0,2.0,2.0,2.0,2.0,2.0,1.0,2.0,2.0,1.0,2.0,4.0,,,2.0,,,8.0,,,6.0,
pid_930,2.0,,,2.0,,,1.0,50.0,2.0,250.0,,,30.0,,,2.0,3.0,5.0,4.0,3.0,5.0,4.0,5.0,3.0,4.0,5.0,,4.0,,3.0,2.0,2.0,,,,4.0,,1.0,7.0,1.0,3.0,2.0,1.0,7.0,6.0,7.0,55.0,60.0,90.0,60.0,35.0,40.0,15.0,40.0,20.0,85.0,4.0,,6.0,,,,,,,,,,,1.0,1.0,1.0,1.0,2.0,2.0,2.0,2.0,2.0,2.0,1.0,1.0,2.0,2.0,1.0,1.0,1.0,1.0,1.0,1.0,1.0,1.0,2.0,1.0,1.0,1.0,1.0,1.0,1.0,1.0,2.0,2.0,2.0,2.0,2.0,2.0,2.0,2.0,2.0,2.0,2.0,1.0,2.0,1.0,2.0,1.0,,4.0,,,6.0,,,10.0,2.0,,
pid_931,,2.0,,1.0,2.0,65.0,,,1.0,1500.0,,,80.0,,,4.0,1.0,4.0,1.0,4.0,3.0,2.0,3.0,5.0,2.0,4.0,,3.0,,2.0,3.0,2.0,,,,,3.0,2.0,6.0,1.0,1.0,1.0,1.0,6.0,6.0,6.0,19.0,84.0,72.0,75.0,48.0,60.0,40.0,68.0,33.0,87.0,1.0,5.0,,,,,,,,,,,,1.0,1.0,2.0,1.0,2.0,1.0,2.0,2.0,2.0,2.0,2.0,2.0,2.0,1.0,2.0,2.0,2.0,1.0,2.0,2.0,2.0,2.0,2.0,1.0,2.0,1.0,2.0,2.0,2.0,2.0,2.0,2.0,2.0,1.0,1.0,2.0,2.0,2.0,2.0,1.0,2.0,1.0,2.0,2.0,1.0,2.0,,2.0,,,3.0,,0.0,,,,1.0
pid_932,1.0,,,1.0,,,1.0,21.0,2.0,682.0,,,,38.0,,3.0,5.0,5.0,2.0,5.0,5.0,5.0,5.0,5.0,5.0,5.0,2.0,,,,,,2.0,3.0,3.0,5.0,,1.0,6.0,2.0,3.0,4.0,4.0,6.0,6.0,5.0,52.0,34.0,66.0,36.0,36.0,49.0,29.0,46.0,19.0,46.0,4.0,,7.0,1.0,1.0,2.0,2.0,2.0,1.0,1.0,2.0,1.0,2.0,,,,,,,2.0,2.0,1.0,1.0,1.0,2.0,2.0,2.0,1.0,1.0,1.0,1.0,1.0,1.0,2.0,1.0,1.0,2.0,2.0,2.0,1.0,2.0,1.0,2.0,2.0,1.0,2.0,2.0,1.0,1.0,1.0,2.0,2.0,2.0,1.0,2.0,1.0,1.0,2.0,2.0,4.0,,,3.0,,,12.0,,,7.0,
pid_933,,1.0,1.0,,,,2.0,54.0,1.0,1500.0,,,60.0,,,1.0,3.0,5.0,5.0,1.0,3.0,2.0,4.0,3.0,1.0,4.0,,,1.0,3.0,3.0,2.0,,,,,6.0,1.0,7.0,2.0,5.0,5.0,2.0,6.0,6.0,7.0,35.0,90.0,78.0,8.0,23.0,15.0,32.0,8.0,17.0,94.0,3.0,3.0,,2.0,1.0,1.0,1.0,2.0,1.0,1.0,1.0,2.0,1.0,,,,,,,2.0,2.0,2.0,2.0,2.0,2.0,2.0,1.0,1.0,1.0,2.0,1.0,2.0,2.0,2.0,2.0,2.0,2.0,2.0,2.0,2.0,1.0,2.0,2.0,1.0,2.0,1.0,2.0,2.0,1.0,1.0,2.0,2.0,2.0,2.0,1.0,2.0,2.0,2.0,2.0,,,5.0,,,6.0,20.0,,,4.0,
pid_934,2.0,,2.0,,2.0,25.0,,,2.0,200.0,,,,70.0,4.0,,5.0,5.0,2.0,5.0,5.0,5.0,5.0,5.0,5.0,5.0,,,1.0,3.0,3.0,3.0,,,,5.0,,1.0,7.0,1.0,4.0,6.0,2.0,7.0,6.0,5.0,70.0,90.0,75.0,90.0,60.0,70.0,85.0,85.0,90.0,90.0,2.0,,7.0,1.0,2.0,2.0,1.0,1.0,1.0,2.0,1.0,1.0,1.0,,,,,,,1.0,2.0,2.0,2.0,2.0,2.0,1.0,2.0,2.0,2.0,2.0,2.0,2.0,2.0,2.0,1.0,2.0,2.0,2.0,2.0,2.0,2.0,2.0,1.0,2.0,2.0,2.0,2.0,2.0,1.0,2.0,2.0,2.0,1.0,2.0,2.0,2.0,1.0,2.0,2.0,,,5.0,,,6.0,15.0,,,4.0,
pid_935,2.0,,1.0,,2.0,45.0,,,1.0,1300.0,,,,70.0,,4.0,4.0,5.0,4.0,4.0,4.0,4.0,5.0,5.0,3.0,5.0,3.0,,,4.0,3.0,3.0,,,,4.0,,1.0,7.0,1.0,4.0,5.0,5.0,7.0,5.0,5.0,66.0,100.0,84.0,72.0,74.0,64.0,100.0,100.0,50.0,100.0,3.0,6.0,,,,,,,,,,,,1.0,1.0,1.0,1.0,1.0,1.0,2.0,2.0,2.0,2.0,2.0,2.0,2.0,1.0,1.0,1.0,1.0,2.0,2.0,2.0,1.0,2.0,1.0,2.0,2.0,1.0,2.0,2.0,2.0,2.0,1.0,2.0,2.0,1.0,2.0,2.0,1.0,2.0,1.0,1.0,2.0,1.0,2.0,2.0,2.0,2.0,4.0,,,5.0,,,,0.0,2.0,,
pid_936,1.0,,,1.0,,,1.0,16.0,,,1.0,100.0,,73.0,4.0,,5.0,1.0,4.0,5.0,3.0,4.0,5.0,4.0,5.0,3.0,3.0,,,5.0,4.0,4.0,,,,4.0,,2.0,7.0,1.0,5.0,3.0,1.0,5.0,5.0,5.0,58.0,80.0,74.0,69.0,67.0,58.0,73.0,76.0,72.0,67.0,3.0,,4.0,2.0,1.0,1.0,2.0,1.0,2.0,1.0,2.0,1.0,2.0,,,,,,,2.0,2.0,2.0,1.0,2.0,1.0,2.0,2.0,1.0,2.0,1.0,1.0,1.0,1.0,1.0,1.0,1.0,1.0,2.0,1.0,2.0,1.0,2.0,2.0,1.0,2.0,1.0,1.0,1.0,1.0,2.0,1.0,2.0,2.0,2.0,1.0,1.0,1.0,2.0,1.0,2.0,,,6.0,,,,15.0,,,2.0
pid_937,,1.0,,1.0,2.0,14.0,,,,,1.0,96.0,31.0,,5.0,,4.0,5.0,3.0,5.0,5.0,4.0,5.0,5.0,4.0,5.0,,2.0,,,,,3.0,5.0,4.0,,4.0,1.0,7.0,5.0,6.0,5.0,2.0,5.0,3.0,3.0,24.0,23.0,67.0,21.0,75.0,20.0,30.0,67.0,9.0,75.0,4.0,,6.0,2.0,1.0,2.0,2.0,1.0,1.0,2.0,1.0,2.0,2.0,,,,,,,1.0,1.0,1.0,1.0,2.0,1.0,1.0,2.0,2.0,1.0,2.0,1.0,1.0,2.0,1.0,1.0,2.0,1.0,1.0,1.0,1.0,2.0,2.0,1.0,2.0,2.0,2.0,1.0,2.0,2.0,1.0,1.0,1.0,2.0,1.0,1.0,1.0,1.0,1.0,2.0,,5.0,,,6.0,,13.0,,2.0,,
pid_938,,2.0,2.0,,,,2.0,10.0,1.0,1250.0,,,29.0,,2.0,,4.0,5.0,3.0,4.0,4.0,4.0,5.0,4.0,4.0,5.0,,4.0,,5.0,4.0,4.0,,,,5.0,,1.0,6.0,2.0,4.0,4.0,5.0,6.0,6.0,6.0,57.0,57.0,60.0,55.0,40.0,26.0,21.0,23.0,14.0,49.0,2.0,3.0,,,,,,,,,,,,2.0,2.0,1.0,2.0,1.0,2.0,2.0,1.0,1.0,1.0,1.0,2.0,2.0,2.0,2.0,1.0,2.0,2.0,2.0,2.0,1.0,1.0,2.0,1.0,2.0,1.0,2.0,2.0,1.0,2.0,2.0,2.0,2.0,2.0,2.0,2.0,2.0,2.0,2.0,2.0,1.0,2.0,2.0,1.0,2.0,2.0,,4.0,,,5.0,,16.0,,1.0,,
pid_939,2.0,,,2.0,2.0,35.0,,,,,1.0,250.0,,90.0,,4.0,2.0,4.0,4.0,5.0,3.0,3.0,4.0,5.0,4.0,5.0,,,4.0,2.0,4.0,1.0,,,,4.0,,2.0,7.0,1.0,4.0,3.0,2.0,7.0,7.0,7.0,30.0,85.0,85.0,95.0,20.0,5.0,10.0,90.0,25.0,85.0,1.0,,4.0,,,,,,,,,,,1.0,1.0,1.0,2.0,1.0,2.0,1.0,2.0,2.0,2.0,1.0,2.0,2.0,2.0,1.0,1.0,2.0,1.0,2.0,2.0,2.0,2.0,1.0,1.0,2.0,2.0,1.0,1.0,2.0,2.0,2.0,1.0,2.0,1.0,1.0,2.0,1.0,1.0,2.0,2.0,2.0,1.0,2.0,1.0,2.0,1.0,,,5.0,,,5.0,,10.0,,,1.0
pid_940,1.0,,1.0,,,,2.0,9.0,,,1.0,315.0,,2.0,2.0,,5.0,5.0,1.0,1.0,5.0,5.0,5.0,1.0,5.0,5.0,1.0,,,4.0,4.0,3.0,,,,,6.0,1.0,6.0,2.0,5.0,2.0,1.0,5.0,5.0,7.0,45.0,40.0,65.0,10.0,30.0,45.0,35.0,45.0,25.0,35.0,3.0,,6.0,1.0,1.0,1.0,1.0,2.0,1.0,1.0,2.0,2.0,1.0,,,,,,,2.0,1.0,2.0,1.0,2.0,2.0,1.0,2.0,2.0,2.0,2.0,1.0,2.0,2.0,2.0,1.0,1.0,2.0,1.0,2.0,1.0,2.0,1.0,1.0,1.0,2.0,2.0,2.0,1.0,2.0,1.0,2.0,1.0,2.0,2.0,2.0,1.0,1.0,2.0,1.0,5.0,,,5.0,,,15.0,,,,3.0
pid_941,1.0,,1.0,,,,2.0,8.0,,,1.0,120.0,90.0,,,5.0,5.0,3.0,3.0,5.0,5.0,5.0,5.0,5.0,5.0,5.0,,,3.0,4.0,5.0,4.0,,,,6.0,,1.0,7.0,2.0,4.0,5.0,5.0,6.0,7.0,5.0,85.0,95.0,97.0,90.0,60.0,80.0,85.0,90.0,60.0,95.0,3.0,,6.0,,,,,,,,,,,1.0,2.0,1.0,2.0,1.0,2.0,2.0,2.0,2.0,1.0,1.0,2.0,2.0,2.0,1.0,1.0,2.0,2.0,1.0,2.0,2.0,1.0,1.0,1.0,1.0,1.0,2.0,1.0,2.0,2.0,2.0,2.0,2.0,1.0,2.0,1.0,2.0,1.0,2.0,1.0,2.0,1.0,1.0,2.0,1.0,2.0,,,5.0,,,3.0,,15.0,,3.0,
pid_942,1.0,,1.0,,2.0,40.0,,,,,1.0,250.0,3.0,,4.0,,5.0,5.0,2.0,2.0,3.0,5.0,4.0,4.0,4.0,3.0,,2.0,,5.0,5.0,3.0,,,,5.0,,1.0,7.0,2.0,3.0,3.0,2.0,7.0,6.0,5.0,75.0,85.0,45.0,40.0,45.0,60.0,75.0,80.0,55.0,45.0,3.0,,5.0,,,,,,,,,,,1.0,1.0,2.0,1.0,1.0,1.0,1.0,2.0,1.0,2.0,2.0,2.0,1.0,1.0,1.0,2.0,2.0,2.0,2.0,1.0,2.0,2.0,2.0,2.0,2.0,1.0,2.0,2.0,2.0,1.0,1.0,2.0,1.0,1.0,2.0,2.0,2.0,2.0,2.0,2.0,2.0,2.0,2.0,2.0,2.0,2.0,,5.0,,,6.0,,19.0,,,6.0,
pid_943,1.0,,2.0,,1.0,70.0,,,,,1.0,150.0,25.0,,1.0,,5.0,5.0,2.0,4.0,5.0,5.0,5.0,5.0,5.0,5.0,,,2.0,,,,2.0,4.0,6.0,5.0,,1.0,7.0,4.0,2.0,2.0,1.0,5.0,6.0,6.0,50.0,50.0,70.0,75.0,35.0,50.0,55.0,75.0,25.0,90.0,4.0,4.0,,1.0,2.0,1.0,1.0,2.0,2.0,1.0,2.0,1.0,1.0,,,,,,,1.0,2.0,2.0,2.0,1.0,2.0,2.0,2.0,1.0,1.0,1.0,2.0,1.0,2.0,2.0,2.0,1.0,2.0,1.0,2.0,2.0,1.0,1.0,2.0,2.0,1.0,2.0,1.0,2.0,1.0,1.0,2.0,2.0,2.0,1.0,1.0,1.0,1.0,2.0,1.0,,,4.0,,,6.0,10.0,,,3.0,
pid_944,1.0,,2.0,,2.0,20.0,,,,,1.0,200.0,,100.0,1.0,,1.0,1.0,5.0,1.0,1.0,1.0,5.0,1.0,1.0,1.0,,,2.0,3.0,3.0,3.0,,,,1.0,,1.0,6.0,1.0,7.0,6.0,3.0,6.0,3.0,3.0,1.0,90.0,10.0,20.0,1.0,1.0,20.0,20.0,10.0,90.0,1.0,,6.0,1.0,1.0,1.0,1.0,1.0,1.0,1.0,1.0,1.0,1.0,,,,,,,2.0,2.0,2.0,2.0,2.0,1.0,2.0,2.0,2.0,2.0,2.0,1.0,2.0,1.0,1.0,1.0,2.0,1.0,2.0,2.0,2.0,2.0,2.0,2.0,1.0,2.0,1.0,2.0,2.0,2.0,2.0,2.0,1.0,2.0,2.0,2.0,1.0,1.0,1.0,2.0,,,5.0,,,6.0,,0.0,,,1.0
pid_945,1.0,,,2.0,,,1.0,18.0,,,1.0,165.0,30.0,,2.0,,3.0,5.0,1.0,3.0,5.0,5.0,5.0,5.0,5.0,5.0,,1.0,,1.0,1.0,1.0,,,,,6.0,2.0,6.0,4.0,4.0,4.0,2.0,3.0,4.0,4.0,20.0,73.0,42.0,19.0,14.0,9.0,31.0,38.0,24.0,26.0,4.0,,7.0,1.0,1.0,1.0,1.0,1.0,1.0,1.0,1.0,1.0,1.0,,,,,,,2.0,2.0,2.0,2.0,2.0,2.0,1.0,2.0,2.0,2.0,2.0,2.0,2.0,2.0,2.0,2.0,2.0,1.0,2.0,1.0,2.0,1.0,2.0,2.0,2.0,2.0,2.0,2.0,2.0,2.0,2.0,1.0,2.0,2.0,2.0,1.0,1.0,2.0,2.0,2.0,,5.0,,,6.0,,15.0,,,4.0,
pid_946,1.0,,1.0,,,,1.0,20.0,2.0,760.0,,,30.0,,3.0,,4.0,4.0,3.0,3.0,3.0,4.0,3.0,4.0,4.0,4.0,,,4.0,,,,2.0,4.0,3.0,,6.0,2.0,3.0,4.0,5.0,5.0,1.0,3.0,3.0,3.0,45.0,52.0,48.0,45.0,34.0,50.0,51.0,60.0,65.0,58.0,3.0,,6.0,1.0,1.0,1.0,2.0,1.0,1.0,1.0,2.0,1.0,1.0,,,,,,,2.0,2.0,2.0,1.0,2.0,2.0,1.0,2.0,2.0,2.0,2.0,2.0,2.0,2.0,1.0,2.0,2.0,2.0,2.0,2.0,1.0,2.0,1.0,2.0,2.0,2.0,1.0,2.0,2.0,2.0,2.0,2.0,2.0,2.0,2.0,2.0,2.0,2.0,2.0,2.0,,,4.0,,,4.0,8.0,,,,3.0
pid_947,2.0,,1.0,,2.0,12.0,,,2.0,900.0,,,,85.0,,3.0,2.0,3.0,2.0,3.0,4.0,5.0,5.0,3.0,5.0,5.0,,,2.0,3.0,4.0,2.0,,,,,4.0,2.0,6.0,4.0,5.0,2.0,3.0,6.0,6.0,6.0,22.0,50.0,33.0,46.0,64.0,33.0,53.0,33.0,80.0,93.0,2.0,6.0,,1.0,2.0,1.0,1.0,1.0,1.0,1.0,1.0,1.0,1.0,,,,,,,2.0,1.0,1.0,1.0,1.0,2.0,2.0,1.0,2.0,2.0,2.0,2.0,2.0,2.0,1.0,2.0,1.0,1.0,2.0,1.0,1.0,2.0,2.0,1.0,1.0,1.0,1.0,1.0,1.0,1.0,1.0,2.0,2.0,2.0,1.0,2.0,2.0,1.0,1.0,2.0,,,5.0,,,5.0,18.0,,,4.0,
pid_948,1.0,,1.0,,,,1.0,50.0,2.0,400.0,,,70.0,,,3.0,1.0,4.0,5.0,3.0,2.0,1.0,1.0,4.0,1.0,4.0,1.0,,,,,,3.0,2.0,2.0,4.0,,2.0,7.0,4.0,5.0,5.0,1.0,6.0,6.0,6.0,20.0,80.0,70.0,85.0,35.0,15.0,40.0,75.0,25.0,80.0,2.0,6.0,,1.0,1.0,1.0,2.0,1.0,1.0,2.0,1.0,1.0,2.0,,,,,,,2.0,1.0,1.0,1.0,1.0,2.0,1.0,1.0,1.0,1.0,1.0,1.0,1.0,1.0,2.0,2.0,2.0,1.0,1.0,2.0,1.0,1.0,2.0,2.0,1.0,2.0,2.0,1.0,2.0,2.0,2.0,1.0,2.0,2.0,1.0,2.0,2.0,1.0,2.0,1.0,5.0,,,4.0,,,,8.0,,,5.0
pid_949,1.0,,2.0,,,,1.0,30.0,,,1.0,230.0,,75.0,3.0,,3.0,4.0,4.0,4.0,2.0,4.0,3.0,5.0,4.0,4.0,,5.0,,3.0,4.0,2.0,,,,,4.0,2.0,6.0,4.0,5.0,4.0,5.0,5.0,6.0,7.0,44.0,74.0,61.0,86.0,38.0,27.0,58.0,96.0,58.0,72.0,4.0,,6.0,,,,,,,,,,,1.0,1.0,2.0,1.0,2.0,1.0,2.0,2.0,2.0,1.0,1.0,2.0,1.0,1.0,1.0,2.0,1.0,2.0,2.0,2.0,1.0,2.0,1.0,2.0,1.0,2.0,2.0,2.0,1.0,1.0,2.0,1.0,2.0,2.0,2.0,2.0,2.0,2.0,1.0,1.0,2.0,1.0,1.0,1.0,1.0,2.0,,3.0,,,4.0,,15.0,,,,4.0
pid_950,,2.0,1.0,,2.0,40.0,,,,,1.0,110.0,30.0,,,4.0,2.0,5.0,4.0,4.0,2.0,2.0,4.0,3.0,3.0,3.0,4.0,,,,,,3.0,5.0,3.0,4.0,,2.0,7.0,4.0,5.0,5.0,4.0,6.0,6.0,5.0,25.0,58.0,26.0,48.0,24.0,16.0,41.0,23.0,20.0,38.0,4.0,,6.0,1.0,2.0,1.0,1.0,2.0,2.0,1.0,1.0,1.0,2.0,,,,,,,1.0,2.0,1.0,1.0,1.0,1.0,2.0,1.0,1.0,2.0,2.0,2.0,1.0,2.0,2.0,1.0,2.0,2.0,2.0,1.0,2.0,1.0,1.0,1.0,1.0,2.0,1.0,1.0,1.0,1.0,2.0,1.0,1.0,2.0,2.0,1.0,2.0,2.0,2.0,2.0,2.0,,,3.0,,,,5.0,2.0,,
pid_951,,1.0,,2.0,,,1.0,35.0,,,1.0,300.0,30.0,,,6.0,4.0,4.0,4.0,4.0,3.0,2.0,2.0,3.0,4.0,4.0,,4.0,,,,,5.0,2.0,2.0,,5.0,1.0,5.0,3.0,4.0,5.0,3.0,2.0,5.0,2.0,39.0,89.0,51.0,55.0,15.0,35.0,51.0,53.0,50.0,77.0,2.0,,5.0,1.0,1.0,1.0,1.0,1.0,1.0,1.0,1.0,1.0,1.0,,,,,,,2.0,1.0,2.0,2.0,2.0,1.0,2.0,1.0,1.0,1.0,1.0,1.0,1.0,1.0,1.0,2.0,2.0,1.0,1.0,1.0,1.0,1.0,2.0,1.0,2.0,2.0,1.0,2.0,2.0,2.0,1.0,1.0,2.0,2.0,1.0,2.0,2.0,1.0,1.0,2.0,,5.0,,,6.0,,,20.0,,10.0,
pid_952,1.0,,,1.0,,,1.0,50.0,,,1.0,300.0,,50.0,,4.0,4.0,4.0,4.0,4.0,4.0,4.0,3.0,3.0,4.0,4.0,,,3.0,,,,4.0,2.0,4.0,4.0,,2.0,7.0,1.0,4.0,5.0,6.0,6.0,6.0,6.0,40.0,69.0,50.0,70.0,20.0,40.0,30.0,50.0,30.0,72.0,1.0,,6.0,1.0,2.0,1.0,1.0,2.0,2.0,1.0,1.0,1.0,2.0,,,,,,,2.0,1.0,2.0,2.0,1.0,2.0,2.0,1.0,1.0,1.0,1.0,2.0,1.0,2.0,1.0,2.0,2.0,2.0,1.0,2.0,1.0,2.0,1.0,1.0,1.0,2.0,2.0,1.0,2.0,2.0,2.0,1.0,2.0,1.0,1.0,2.0,2.0,2.0,1.0,1.0,,,5.0,,,5.0,,15.0,,10.0,
pid_953,1.0,,,2.0,2.0,30.0,,,,,1.0,250.0,,81.0,2.0,,1.0,2.0,5.0,3.0,2.0,1.0,1.0,4.0,2.0,1.0,1.0,,,4.0,5.0,3.0,,,,5.0,,1.0,6.0,1.0,6.0,6.0,3.0,5.0,5.0,4.0,54.0,86.0,53.0,72.0,71.0,59.0,73.0,76.0,79.0,80.0,1.0,,5.0,,,,,,,,,,,1.0,1.0,1.0,1.0,1.0,1.0,2.0,2.0,1.0,2.0,2.0,2.0,1.0,1.0,2.0,2.0,2.0,1.0,1.0,1.0,1.0,2.0,2.0,2.0,1.0,2.0,2.0,2.0,2.0,2.0,2.0,1.0,2.0,2.0,2.0,2.0,2.0,1.0,2.0,2.0,1.0,2.0,2.0,2.0,2.0,2.0,3.0,,,2.0,,,20.0,,,,3.0
pid_954,1.0,,2.0,,,,1.0,14.0,,,1.0,100.0,66.0,,1.0,,5.0,2.0,4.0,4.0,3.0,4.0,3.0,3.0,4.0,4.0,,4.0,,5.0,4.0,4.0,,,,,6.0,1.0,6.0,5.0,5.0,6.0,6.0,5.0,6.0,5.0,45.0,24.0,9.0,33.0,42.0,33.0,27.0,28.0,32.0,20.0,1.0,,5.0,,,,,,,,,,,1.0,2.0,1.0,1.0,1.0,1.0,1.0,1.0,2.0,2.0,2.0,1.0,2.0,1.0,2.0,2.0,2.0,1.0,1.0,2.0,1.0,1.0,1.0,1.0,2.0,1.0,2.0,2.0,1.0,2.0,2.0,1.0,2.0,2.0,1.0,1.0,2.0,1.0,2.0,1.0,2.0,2.0,2.0,1.0,1.0,2.0,,5.0,,,5.0,,,20.0,2.0,,
pid_955,,2.0,,2.0,,,2.0,1.0,,,1.0,90.0,,1.0,2.0,,4.0,1.0,5.0,3.0,3.0,3.0,1.0,3.0,3.0,3.0,,,1.0,,,,3.0,3.0,3.0,1.0,,2.0,6.0,1.0,3.0,2.0,2.0,5.0,5.0,3.0,30.0,20.0,80.0,30.0,30.0,20.0,30.0,30.0,25.0,25.0,1.0,,7.0,1.0,2.0,1.0,2.0,2.0,2.0,1.0,1.0,1.0,1.0,,,,,,,1.0,2.0,1.0,2.0,1.0,2.0,2.0,2.0,1.0,1.0,2.0,1.0,1.0,2.0,2.0,1.0,2.0,2.0,1.0,1.0,1.0,1.0,1.0,1.0,1.0,1.0,1.0,2.0,2.0,2.0,2.0,2.0,2.0,2.0,2.0,1.0,2.0,2.0,1.0,2.0,,,3.0,,,2.0,,20.0,1.0,,
pid_956,,1.0,,1.0,,,1.0,30.0,,,1.0,100.0,30.0,,4.0,,4.0,5.0,3.0,2.0,4.0,5.0,5.0,4.0,4.0,4.0,,4.0,,,,,4.0,4.0,2.0,,4.0,1.0,6.0,2.0,3.0,3.0,5.0,5.0,6.0,7.0,30.0,40.0,70.0,50.0,20.0,25.0,20.0,20.0,25.0,30.0,3.0,,6.0,,,,,,,,,,,1.0,1.0,1.0,2.0,1.0,2.0,2.0,2.0,2.0,1.0,1.0,2.0,1.0,2.0,2.0,2.0,1.0,1.0,1.0,2.0,2.0,2.0,1.0,2.0,1.0,1.0,2.0,1.0,1.0,1.0,2.0,2.0,2.0,2.0,2.0,1.0,2.0,1.0,2.0,2.0,2.0,2.0,1.0,1.0,2.0,2.0,,5.0,,,4.0,,20.0,,,2.0,
pid_957,1.0,,,1.0,,,1.0,25.0,,,1.0,100.0,85.0,,,2.0,3.0,5.0,4.0,3.0,4.0,4.0,5.0,5.0,3.0,5.0,1.0,,,,,,3.0,3.0,3.0,4.0,,2.0,5.0,1.0,4.0,3.0,2.0,5.0,6.0,5.0,50.0,84.0,60.0,50.0,30.0,30.0,35.0,50.0,30.0,75.0,1.0,,4.0,1.0,1.0,1.0,1.0,2.0,1.0,1.0,1.0,2.0,1.0,,,,,,,2.0,2.0,2.0,2.0,2.0,1.0,1.0,2.0,1.0,1.0,2.0,1.0,2.0,2.0,1.0,1.0,1.0,2.0,2.0,1.0,2.0,2.0,2.0,2.0,2.0,2.0,1.0,2.0,1.0,2.0,1.0,2.0,2.0,2.0,2.0,2.0,1.0,1.0,2.0,1.0,4.0,,,3.0,,,10.0,,1.0,,
pid_958,,1.0,,2.0,,,1.0,45.0,,,1.0,350.0,,70.0,4.0,,4.0,5.0,3.0,2.0,4.0,5.0,5.0,5.0,5.0,5.0,,,1.0,3.0,3.0,3.0,,,,4.0,,1.0,7.0,1.0,4.0,4.0,2.0,6.0,5.0,6.0,60.0,99.0,50.0,25.0,45.0,25.0,35.0,65.0,65.0,65.0,2.0,6.0,,,,,,,,,,,,1.0,1.0,1.0,1.0,1.0,1.0,2.0,2.0,2.0,2.0,2.0,2.0,2.0,1.0,1.0,1.0,1.0,1.0,2.0,2.0,2.0,2.0,1.0,1.0,2.0,2.0,1.0,1.0,1.0,2.0,2.0,2.0,2.0,2.0,2.0,2.0,2.0,2.0,2.0,2.0,2.0,2.0,2.0,2.0,1.0,2.0,,,2.0,,,4.0,,20.0,2.0,,
pid_959,,1.0,,2.0,2.0,40.0,,,1.0,1500.0,,,,8.0,4.0,,2.0,2.0,2.0,4.0,3.0,4.0,3.0,5.0,3.0,4.0,,,2.0,,,,2.0,1.0,1.0,4.0,,2.0,6.0,2.0,4.0,5.0,2.0,2.0,5.0,7.0,61.0,79.0,21.0,72.0,15.0,44.0,38.0,25.0,37.0,12.0,2.0,3.0,,1.0,1.0,1.0,2.0,2.0,1.0,1.0,1.0,2.0,1.0,,,,,,,1.0,2.0,1.0,1.0,1.0,1.0,1.0,2.0,1.0,2.0,1.0,1.0,2.0,2.0,1.0,1.0,1.0,2.0,2.0,1.0,2.0,1.0,2.0,2.0,1.0,1.0,1.0,2.0,1.0,2.0,1.0,1.0,1.0,1.0,1.0,2.0,2.0,1.0,2.0,1.0,,,3.0,,,5.0,12.0,,,,3.0
pid_960,,2.0,2.0,,,,2.0,8.0,2.0,300.0,,,30.0,,,3.0,5.0,5.0,1.0,5.0,5.0,5.0,5.0,5.0,5.0,5.0,,,1.0,,,,3.0,4.0,2.0,6.0,,2.0,6.0,2.0,1.0,2.0,2.0,6.0,5.0,6.0,34.0,34.0,6.0,32.0,32.0,37.0,57.0,50.0,29.0,28.0,2.0,,6.0,,,,,,,,,,,1.0,1.0,1.0,1.0,2.0,2.0,1.0,1.0,1.0,2.0,2.0,1.0,1.0,2.0,1.0,2.0,2.0,1.0,2.0,1.0,1.0,1.0,1.0,2.0,2.0,1.0,1.0,2.0,1.0,2.0,2.0,1.0,1.0,1.0,2.0,1.0,1.0,1.0,1.0,2.0,1.0,1.0,2.0,2.0,1.0,2.0,,,5.0,,,5.0,,5.0,,10.0,
pid_961,,1.0,1.0,,,,1.0,50.0,,,1.0,200.0,,90.0,,4.0,3.0,3.0,3.0,4.0,5.0,3.0,3.0,5.0,5.0,4.0,1.0,,,,,,5.0,3.0,4.0,,5.0,1.0,6.0,2.0,4.0,6.0,2.0,5.0,4.0,2.0,32.0,60.0,40.0,30.0,15.0,15.0,35.0,40.0,30.0,50.0,3.0,,4.0,,,,,,,,,,,1.0,1.0,2.0,1.0,2.0,1.0,1.0,1.0,1.0,2.0,1.0,1.0,1.0,1.0,1.0,1.0,2.0,2.0,1.0,2.0,2.0,1.0,1.0,2.0,1.0,2.0,1.0,1.0,1.0,2.0,1.0,1.0,2.0,2.0,1.0,2.0,1.0,2.0,2.0,2.0,2.0,2.0,1.0,2.0,1.0,1.0,5.0,,,6.0,,,20.0,,2.0,,
pid_962,1.0,,,2.0,2.0,15.0,,,,,1.0,100.0,76.0,,,2.0,5.0,5.0,1.0,3.0,5.0,5.0,5.0,1.0,5.0,5.0,,,5.0,,,,4.0,5.0,6.0,6.0,,1.0,6.0,2.0,5.0,6.0,2.0,5.0,6.0,4.0,44.0,74.0,53.0,72.0,56.0,41.0,81.0,14.0,61.0,94.0,3.0,,6.0,,,,,,,,,,,1.0,1.0,1.0,1.0,2.0,1.0,2.0,2.0,2.0,2.0,2.0,2.0,2.0,2.0,2.0,2.0,2.0,1.0,2.0,2.0,2.0,1.0,2.0,2.0,2.0,2.0,2.0,2.0,2.0,2.0,2.0,2.0,2.0,1.0,2.0,2.0,2.0,1.0,2.0,1.0,2.0,2.0,2.0,2.0,2.0,2.0,,,4.0,,,6.0,,6.0,,4.0,
pid_963,1.0,,2.0,,2.0,7.0,,,2.0,850.0,,,,75.0,4.0,,5.0,5.0,3.0,3.0,3.0,3.0,4.0,5.0,4.0,5.0,,,4.0,,,,2.0,3.0,3.0,,2.0,1.0,7.0,5.0,6.0,6.0,5.0,6.0,5.0,5.0,80.0,83.0,50.0,25.0,54.0,34.0,64.0,88.0,25.0,96.0,4.0,6.0,,,,,,,,,,,,1.0,1.0,1.0,1.0,1.0,1.0,1.0,2.0,2.0,2.0,2.0,1.0,2.0,2.0,1.0,1.0,1.0,1.0,1.0,1.0,2.0,1.0,2.0,1.0,1.0,2.0,1.0,2.0,2.0,2.0,1.0,1.0,2.0,2.0,1.0,1.0,1.0,1.0,2.0,2.0,2.0,1.0,2.0,2.0,1.0,1.0,,,4.0,,,2.0,,10.0,,6.0,
pid_964,1.0,,1.0,,2.0,15.0,,,,,1.0,100.0,50.0,,2.0,,4.0,5.0,5.0,5.0,4.0,4.0,1.0,1.0,2.0,5.0,,1.0,,2.0,5.0,1.0,,,,,6.0,1.0,7.0,6.0,6.0,1.0,3.0,6.0,6.0,7.0,25.0,86.0,71.0,86.0,44.0,16.0,49.0,36.0,40.0,100.0,1.0,,6.0,,,,,,,,,,,1.0,1.0,1.0,1.0,1.0,2.0,2.0,2.0,2.0,2.0,1.0,2.0,2.0,2.0,2.0,2.0,2.0,2.0,2.0,2.0,2.0,2.0,2.0,2.0,2.0,1.0,2.0,2.0,2.0,2.0,2.0,2.0,1.0,1.0,2.0,2.0,1.0,2.0,2.0,2.0,2.0,1.0,2.0,2.0,2.0,1.0,,5.0,,,6.0,,,10.0,2.0,,
pid_965,1.0,,1.0,,2.0,15.0,,,2.0,60.0,,,30.0,,,3.0,5.0,5.0,1.0,5.0,5.0,5.0,5.0,5.0,5.0,5.0,1.0,,,,,,5.0,5.0,5.0,6.0,,2.0,5.0,2.0,3.0,5.0,3.0,7.0,7.0,6.0,100.0,100.0,0.0,50.0,100.0,81.0,100.0,92.0,100.0,100.0,3.0,,6.0,,,,,,,,,,,1.0,1.0,1.0,1.0,2.0,2.0,1.0,2.0,1.0,2.0,1.0,1.0,1.0,2.0,2.0,1.0,2.0,2.0,2.0,2.0,2.0,2.0,2.0,1.0,2.0,2.0,1.0,2.0,2.0,1.0,1.0,1.0,2.0,2.0,2.0,2.0,1.0,1.0,1.0,2.0,2.0,1.0,2.0,2.0,1.0,1.0,4.0,,,5.0,,,,1.0,3.0,,
pid_966,1.0,,2.0,,2.0,50.0,,,,,1.0,250.0,30.0,,2.0,,4.0,4.0,5.0,4.0,3.0,3.0,4.0,5.0,4.0,3.0,,,2.0,,,,2.0,2.0,1.0,,2.0,2.0,5.0,4.0,3.0,5.0,2.0,3.0,5.0,5.0,50.0,53.0,70.0,67.0,41.0,62.0,60.0,50.0,60.0,48.0,1.0,,3.0,2.0,2.0,2.0,2.0,2.0,2.0,2.0,2.0,2.0,2.0,,,,,,,1.0,2.0,2.0,1.0,1.0,2.0,1.0,1.0,1.0,1.0,1.0,1.0,1.0,2.0,1.0,1.0,2.0,1.0,1.0,1.0,1.0,2.0,2.0,2.0,1.0,2.0,2.0,1.0,2.0,2.0,1.0,2.0,1.0,2.0,1.0,1.0,1.0,1.0,2.0,2.0,,,4.0,,,4.0,20.0,,,,5.0
pid_967,1.0,,,2.0,,,1.0,15.0,,,1.0,200.0,91.0,,,5.0,1.0,1.0,5.0,1.0,1.0,1.0,1.0,5.0,1.0,1.0,,1.0,,2.0,3.0,3.0,,,,3.0,,2.0,6.0,1.0,4.0,2.0,2.0,7.0,5.0,6.0,35.0,40.0,65.0,45.0,30.0,20.0,50.0,50.0,30.0,50.0,1.0,6.0,,,,,,,,,,,,1.0,2.0,1.0,1.0,2.0,1.0,2.0,1.0,1.0,2.0,2.0,1.0,1.0,2.0,2.0,1.0,2.0,1.0,2.0,2.0,1.0,2.0,2.0,1.0,2.0,1.0,1.0,2.0,2.0,1.0,2.0,1.0,2.0,1.0,1.0,2.0,2.0,1.0,1.0,2.0,2.0,1.0,2.0,1.0,2.0,2.0,,4.0,,,6.0,,10.0,,5.0,,
pid_968,,2.0,1.0,,2.0,50.0,,,1.0,1100.0,,,,63.0,,2.0,5.0,3.0,3.0,3.0,5.0,5.0,5.0,3.0,5.0,5.0,2.0,,,,,,4.0,4.0,5.0,,6.0,1.0,6.0,2.0,4.0,3.0,2.0,5.0,4.0,3.0,65.0,50.0,45.0,50.0,60.0,80.0,71.0,50.0,40.0,95.0,4.0,3.0,,1.0,1.0,1.0,1.0,1.0,1.0,1.0,1.0,1.0,1.0,,,,,,,2.0,2.0,1.0,2.0,2.0,2.0,1.0,1.0,1.0,1.0,1.0,1.0,2.0,2.0,2.0,2.0,2.0,2.0,2.0,2.0,1.0,2.0,1.0,2.0,2.0,1.0,2.0,1.0,2.0,2.0,2.0,2.0,1.0,1.0,2.0,2.0,2.0,2.0,2.0,1.0,5.0,,,5.0,,,,20.0,2.0,,
pid_969,,2.0,1.0,,,,1.0,50.0,2.0,250.0,,,30.0,,,3.0,1.0,1.0,5.0,4.0,1.0,1.0,1.0,3.0,1.0,1.0,,,1.0,,,,4.0,3.0,5.0,,4.0,1.0,5.0,1.0,1.0,1.0,1.0,6.0,6.0,7.0,30.0,57.0,52.0,11.0,20.0,39.0,48.0,17.0,43.0,53.0,1.0,,7.0,2.0,2.0,2.0,1.0,1.0,2.0,1.0,2.0,2.0,1.0,,,,,,,2.0,2.0,2.0,2.0,2.0,2.0,2.0,2.0,2.0,2.0,2.0,2.0,2.0,2.0,1.0,2.0,2.0,2.0,2.0,2.0,1.0,2.0,2.0,2.0,2.0,2.0,2.0,2.0,1.0,2.0,2.0,2.0,2.0,2.0,2.0,2.0,2.0,2.0,2.0,2.0,,,4.0,,,5.0,15.0,,2.0,,
pid_970,2.0,,,2.0,,,1.0,20.0,2.0,200.0,,,30.0,,,4.0,5.0,5.0,3.0,3.0,5.0,5.0,5.0,4.0,5.0,5.0,,,1.0,5.0,4.0,2.0,,,,6.0,,2.0,6.0,1.0,5.0,2.0,5.0,6.0,7.0,7.0,40.0,30.0,5.0,20.0,20.0,30.0,20.0,40.0,10.0,40.0,1.0,,7.0,,,,,,,,,,,1.0,1.0,2.0,1.0,2.0,1.0,1.0,1.0,1.0,2.0,2.0,1.0,1.0,2.0,2.0,2.0,2.0,2.0,1.0,1.0,2.0,1.0,1.0,1.0,1.0,1.0,1.0,2.0,1.0,2.0,1.0,2.0,2.0,1.0,1.0,2.0,1.0,2.0,1.0,1.0,1.0,2.0,1.0,1.0,2.0,2.0,,,5.0,,,6.0,,20.0,,7.0,
pid_971,,2.0,,2.0,,,1.0,20.0,,,1.0,85.0,30.0,,,2.0,5.0,5.0,1.0,2.0,3.0,5.0,2.0,5.0,5.0,4.0,2.0,,,,,,4.0,3.0,3.0,4.0,,1.0,6.0,2.0,5.0,6.0,1.0,5.0,3.0,3.0,30.0,50.0,70.0,44.0,15.0,20.0,20.0,35.0,15.0,60.0,3.0,,6.0,,,,,,,,,,,1.0,1.0,1.0,1.0,1.0,1.0,1.0,1.0,1.0,2.0,2.0,2.0,1.0,2.0,1.0,1.0,1.0,2.0,1.0,1.0,1.0,2.0,1.0,1.0,2.0,2.0,2.0,2.0,1.0,1.0,2.0,1.0,2.0,2.0,2.0,2.0,1.0,1.0,2.0,2.0,1.0,2.0,1.0,2.0,2.0,2.0,4.0,,,4.0,,,,15.0,,,3.0
pid_972,,2.0,,2.0,,,1.0,40.0,,,1.0,120.0,,90.0,2.0,,3.0,1.0,5.0,3.0,3.0,1.0,1.0,3.0,2.0,1.0,3.0,,,3.0,2.0,1.0,,,,,2.0,1.0,6.0,4.0,6.0,6.0,3.0,3.0,3.0,3.0,41.0,36.0,55.0,35.0,50.0,35.0,29.0,52.0,45.0,50.0,4.0,,6.0,,,,,,,,,,,1.0,1.0,1.0,1.0,1.0,1.0,2.0,2.0,2.0,1.0,2.0,1.0,1.0,1.0,2.0,1.0,2.0,2.0,1.0,1.0,1.0,2.0,1.0,2.0,2.0,2.0,2.0,2.0,1.0,2.0,2.0,1.0,1.0,2.0,1.0,1.0,2.0,1.0,1.0,2.0,1.0,2.0,2.0,2.0,1.0,1.0,1.0,,,4.0,,,18.0,,,,2.0
pid_973,2.0,,2.0,,2.0,54.0,,,,,2.0,60.0,,81.0,2.0,,5.0,4.0,4.0,5.0,4.0,5.0,5.0,5.0,5.0,5.0,4.0,,,,,,4.0,3.0,3.0,,6.0,2.0,6.0,5.0,4.0,5.0,2.0,5.0,5.0,5.0,61.0,57.0,78.0,62.0,57.0,63.0,64.0,76.0,69.0,64.0,4.0,,5.0,,,,,,,,,,,1.0,2.0,1.0,1.0,1.0,1.0,1.0,1.0,1.0,1.0,1.0,1.0,1.0,1.0,1.0,1.0,1.0,1.0,1.0,1.0,2.0,2.0,1.0,1.0,1.0,1.0,1.0,1.0,2.0,1.0,1.0,1.0,1.0,1.0,1.0,2.0,1.0,1.0,1.0,2.0,1.0,1.0,1.0,1.0,1.0,2.0,5.0,,,6.0,,,,15.0,,,5.0
pid_974,,2.0,1.0,,2.0,54.0,,,2.0,500.0,,,,91.0,4.0,,4.0,3.0,2.0,3.0,3.0,5.0,4.0,5.0,5.0,5.0,,,2.0,3.0,3.0,2.0,,,,3.0,,1.0,6.0,2.0,2.0,4.0,2.0,5.0,7.0,5.0,60.0,70.0,40.0,50.0,45.0,55.0,40.0,50.0,55.0,70.0,3.0,,6.0,,,,,,,,,,,1.0,1.0,1.0,1.0,1.0,1.0,1.0,1.0,1.0,2.0,2.0,2.0,2.0,1.0,1.0,1.0,2.0,2.0,1.0,2.0,1.0,2.0,2.0,2.0,2.0,2.0,2.0,2.0,2.0,1.0,2.0,2.0,2.0,2.0,2.0,2.0,2.0,2.0,1.0,1.0,2.0,2.0,1.0,1.0,2.0,2.0,,,5.0,,,4.0,,2.0,2.0,,
pid_975,1.0,,2.0,,,,1.0,15.0,1.0,2000.0,,,30.0,,,4.0,5.0,3.0,2.0,5.0,5.0,4.0,5.0,3.0,5.0,2.0,3.0,,,,,,1.0,3.0,3.0,5.0,,1.0,6.0,4.0,2.0,5.0,5.0,5.0,5.0,6.0,60.0,70.0,75.0,80.0,60.0,65.0,75.0,65.0,70.0,75.0,4.0,,3.0,1.0,1.0,1.0,1.0,1.0,1.0,1.0,1.0,1.0,1.0,,,,,,,1.0,2.0,2.0,2.0,2.0,1.0,1.0,1.0,1.0,1.0,1.0,1.0,2.0,2.0,2.0,1.0,2.0,2.0,1.0,1.0,2.0,1.0,1.0,1.0,2.0,2.0,1.0,1.0,1.0,2.0,1.0,1.0,1.0,1.0,1.0,2.0,1.0,1.0,2.0,1.0,2.0,,,2.0,,,20.0,,,2.0,
pid_976,2.0,,,2.0,,,1.0,54.0,2.0,350.0,,,,70.0,,1.0,1.0,1.0,5.0,5.0,1.0,2.0,5.0,5.0,1.0,5.0,,4.0,,4.0,1.0,3.0,,,,3.0,,2.0,7.0,3.0,6.0,2.0,5.0,7.0,5.0,7.0,29.0,24.0,25.0,100.0,6.0,12.0,85.0,94.0,21.0,94.0,1.0,5.0,,1.0,1.0,1.0,1.0,1.0,1.0,1.0,1.0,1.0,1.0,,,,,,,1.0,2.0,2.0,1.0,2.0,2.0,1.0,1.0,1.0,1.0,2.0,1.0,1.0,1.0,2.0,1.0,2.0,1.0,2.0,2.0,1.0,1.0,2.0,2.0,1.0,1.0,1.0,2.0,1.0,1.0,1.0,1.0,2.0,2.0,2.0,1.0,1.0,1.0,1.0,2.0,,5.0,,,6.0,,20.0,,1.0,,
pid_977,1.0,,,2.0,2.0,55.0,,,1.0,380.0,,,,90.0,,5.0,4.0,2.0,2.0,4.0,3.0,5.0,4.0,5.0,5.0,4.0,5.0,,,5.0,5.0,2.0,,,,3.0,,2.0,4.0,3.0,5.0,6.0,3.0,6.0,6.0,6.0,75.0,42.0,35.0,58.0,50.0,85.0,67.0,45.0,84.0,46.0,3.0,,7.0,1.0,1.0,2.0,1.0,2.0,1.0,1.0,2.0,1.0,1.0,,,,,,,2.0,1.0,1.0,1.0,2.0,2.0,2.0,2.0,1.0,2.0,1.0,1.0,1.0,1.0,2.0,2.0,1.0,1.0,1.0,1.0,1.0,1.0,1.0,1.0,2.0,1.0,1.0,1.0,1.0,1.0,2.0,1.0,2.0,1.0,2.0,1.0,1.0,1.0,1.0,1.0,5.0,,,5.0,,,12.0,,,,2.0
pid_978,1.0,,,2.0,2.0,27.0,,,1.0,2500.0,,,71.0,,4.0,,1.0,3.0,3.0,4.0,3.0,3.0,3.0,4.0,2.0,3.0,3.0,,,4.0,1.0,2.0,,,,3.0,,2.0,5.0,2.0,2.0,4.0,1.0,4.0,4.0,4.0,35.0,23.0,45.0,50.0,25.0,25.0,30.0,41.0,5.0,22.0,2.0,,5.0,,,,,,,,,,,2.0,1.0,2.0,2.0,1.0,2.0,2.0,2.0,2.0,2.0,1.0,2.0,2.0,2.0,1.0,1.0,1.0,1.0,2.0,2.0,2.0,2.0,2.0,1.0,2.0,1.0,1.0,2.0,1.0,2.0,2.0,2.0,1.0,2.0,2.0,1.0,2.0,2.0,2.0,1.0,1.0,2.0,1.0,2.0,1.0,1.0,5.0,,,2.0,,,,3.0,,,3.0
pid_979,1.0,,1.0,,,,2.0,7.0,2.0,300.0,,,30.0,,,4.0,4.0,4.0,4.0,4.0,4.0,4.0,5.0,5.0,3.0,4.0,,,2.0,,,,2.0,1.0,4.0,,4.0,1.0,6.0,2.0,4.0,3.0,1.0,5.0,6.0,5.0,65.0,80.0,60.0,25.0,50.0,25.0,40.0,25.0,30.0,70.0,3.0,,6.0,1.0,1.0,1.0,2.0,2.0,1.0,1.0,1.0,2.0,1.0,,,,,,,2.0,2.0,2.0,2.0,2.0,1.0,1.0,1.0,2.0,1.0,1.0,1.0,2.0,1.0,1.0,2.0,2.0,2.0,1.0,1.0,1.0,1.0,2.0,1.0,2.0,1.0,2.0,2.0,2.0,1.0,1.0,1.0,2.0,1.0,1.0,2.0,1.0,2.0,1.0,2.0,,,4.0,,,6.0,,0.0,,3.0,
pid_980,1.0,,1.0,,2.0,10.0,,,,,1.0,100.0,17.0,,3.0,,1.0,3.0,5.0,5.0,3.0,1.0,2.0,3.0,3.0,5.0,,3.0,,3.0,3.0,3.0,,,,,3.0,2.0,5.0,1.0,1.0,1.0,2.0,7.0,7.0,7.0,12.0,35.0,55.0,60.0,12.0,8.0,7.0,49.0,26.0,68.0,1.0,4.0,,,,,,,,,,,,1.0,1.0,1.0,1.0,2.0,2.0,2.0,2.0,2.0,2.0,2.0,2.0,2.0,2.0,2.0,2.0,2.0,2.0,1.0,2.0,2.0,2.0,2.0,2.0,2.0,2.0,2.0,2.0,2.0,2.0,2.0,2.0,2.0,1.0,2.0,1.0,2.0,2.0,2.0,1.0,2.0,2.0,2.0,2.0,1.0,2.0,,1.0,,,3.0,,,0.0,1.0,,
pid_981,1.0,,1.0,,2.0,35.0,,,,,1.0,300.0,50.0,,,4.0,1.0,5.0,4.0,5.0,4.0,2.0,5.0,4.0,5.0,4.0,1.0,,,5.0,3.0,2.0,,,,2.0,,1.0,6.0,1.0,2.0,3.0,5.0,6.0,6.0,5.0,10.0,90.0,90.0,100.0,90.0,50.0,100.0,90.0,50.0,100.0,4.0,,7.0,1.0,2.0,1.0,1.0,1.0,2.0,1.0,2.0,1.0,1.0,,,,,,,1.0,1.0,1.0,1.0,2.0,2.0,1.0,1.0,2.0,1.0,1.0,2.0,2.0,1.0,2.0,2.0,1.0,1.0,1.0,2.0,2.0,1.0,2.0,2.0,2.0,2.0,1.0,1.0,1.0,1.0,1.0,1.0,2.0,2.0,2.0,1.0,2.0,2.0,2.0,2.0,1.0,,,6.0,,,,15.0,,,2.0
pid_982,1.0,,1.0,,,,1.0,50.0,,,1.0,200.0,,79.0,,2.0,4.0,5.0,3.0,4.0,3.0,2.0,4.0,4.0,4.0,3.0,,,2.0,,,,2.0,4.0,2.0,,4.0,1.0,5.0,5.0,2.0,3.0,2.0,3.0,5.0,5.0,23.0,92.0,74.0,62.0,43.0,45.0,54.0,58.0,56.0,71.0,2.0,,6.0,1.0,1.0,1.0,1.0,1.0,1.0,1.0,1.0,1.0,1.0,,,,,,,2.0,2.0,1.0,2.0,2.0,2.0,1.0,2.0,2.0,2.0,1.0,1.0,2.0,1.0,1.0,1.0,1.0,1.0,1.0,2.0,1.0,2.0,2.0,1.0,2.0,1.0,1.0,2.0,2.0,2.0,1.0,2.0,1.0,2.0,2.0,2.0,1.0,1.0,2.0,2.0,,,2.0,,,3.0,,0.0,2.0,,
pid_983,1.0,,,1.0,,,1.0,54.0,,,1.0,379.0,68.0,,,5.0,4.0,4.0,4.0,4.0,4.0,4.0,4.0,4.0,4.0,4.0,,5.0,,5.0,5.0,5.0,,,,5.0,,1.0,6.0,2.0,6.0,2.0,6.0,6.0,6.0,6.0,40.0,37.0,38.0,31.0,27.0,37.0,30.0,34.0,25.0,32.0,3.0,4.0,,,,,,,,,,,,1.0,1.0,1.0,1.0,1.0,1.0,1.0,2.0,1.0,1.0,1.0,2.0,1.0,1.0,1.0,1.0,1.0,1.0,1.0,1.0,1.0,2.0,1.0,1.0,1.0,2.0,1.0,2.0,1.0,1.0,1.0,1.0,1.0,2.0,1.0,1.0,1.0,2.0,1.0,1.0,1.0,1.0,1.0,1.0,1.0,1.0,,4.0,,,6.0,,,10.0,,3.0,
pid_984,,2.0,,1.0,2.0,50.0,,,,,1.0,150.0,,90.0,,6.0,5.0,5.0,1.0,5.0,5.0,5.0,5.0,5.0,5.0,5.0,,5.0,,6.0,6.0,2.0,,,,,6.0,1.0,7.0,2.0,2.0,3.0,2.0,5.0,7.0,6.0,55.0,75.0,75.0,65.0,25.0,15.0,65.0,70.0,60.0,65.0,4.0,,6.0,1.0,1.0,1.0,1.0,1.0,1.0,1.0,1.0,1.0,1.0,,,,,,,2.0,2.0,2.0,2.0,2.0,2.0,2.0,2.0,1.0,1.0,2.0,2.0,1.0,1.0,2.0,2.0,2.0,2.0,1.0,2.0,2.0,1.0,1.0,1.0,1.0,2.0,2.0,2.0,2.0,2.0,2.0,2.0,2.0,1.0,2.0,2.0,1.0,1.0,1.0,2.0,,5.0,,,6.0,,,5.0,,,3.0
pid_985,1.0,,,1.0,,,1.0,9.0,2.0,400.0,,,,77.0,,3.0,4.0,5.0,5.0,4.0,3.0,4.0,3.0,4.0,2.0,4.0,,2.0,,2.0,2.0,2.0,,,,5.0,,1.0,5.0,1.0,3.0,3.0,2.0,2.0,3.0,3.0,62.0,89.0,63.0,63.0,23.0,56.0,55.0,66.0,43.0,64.0,2.0,,6.0,,,,,,,,,,,1.0,1.0,2.0,1.0,1.0,2.0,2.0,1.0,2.0,2.0,2.0,2.0,2.0,2.0,2.0,1.0,2.0,2.0,2.0,1.0,2.0,1.0,2.0,2.0,1.0,2.0,1.0,2.0,2.0,2.0,2.0,1.0,2.0,2.0,2.0,2.0,2.0,2.0,2.0,2.0,2.0,2.0,2.0,1.0,2.0,2.0,,1.0,,,3.0,,14.0,,,8.0,
pid_986,1.0,,,1.0,1.0,80.0,,,,,1.0,100.0,,50.0,,5.0,1.0,1.0,3.0,5.0,3.0,3.0,5.0,5.0,5.0,5.0,,3.0,,,,,3.0,3.0,3.0,,6.0,2.0,4.0,1.0,1.0,7.0,4.0,6.0,7.0,5.0,30.0,21.0,87.0,97.0,36.0,50.0,81.0,79.0,27.0,96.0,2.0,,4.0,,,,,,,,,,,1.0,1.0,1.0,1.0,1.0,1.0,1.0,2.0,2.0,2.0,1.0,2.0,2.0,2.0,1.0,2.0,1.0,2.0,2.0,2.0,2.0,1.0,2.0,1.0,1.0,1.0,2.0,1.0,1.0,2.0,1.0,1.0,2.0,1.0,1.0,1.0,1.0,1.0,2.0,2.0,2.0,2.0,2.0,2.0,2.0,2.0,,5.0,,,4.0,,,15.0,1.0,,
pid_987,2.0,,2.0,,,,1.0,50.0,2.0,280.0,,,,85.0,5.0,,5.0,1.0,2.0,5.0,4.0,5.0,5.0,4.0,5.0,2.0,,,5.0,,,,6.0,1.0,2.0,,6.0,1.0,6.0,1.0,4.0,6.0,1.0,7.0,6.0,4.0,93.0,18.0,3.0,96.0,76.0,95.0,90.0,95.0,78.0,14.0,1.0,,6.0,1.0,1.0,1.0,1.0,2.0,1.0,1.0,1.0,2.0,1.0,,,,,,,2.0,1.0,1.0,1.0,1.0,1.0,2.0,1.0,1.0,1.0,1.0,2.0,1.0,2.0,1.0,2.0,1.0,2.0,2.0,1.0,2.0,1.0,1.0,1.0,1.0,1.0,2.0,1.0,1.0,1.0,2.0,2.0,2.0,1.0,1.0,1.0,1.0,1.0,2.0,2.0,,,2.0,,,1.0,17.0,,4.0,,
pid_988,,2.0,,1.0,2.0,30.0,,,,,1.0,100.0,50.0,,,5.0,4.0,5.0,4.0,5.0,5.0,4.0,5.0,5.0,4.0,5.0,1.0,,,3.0,1.0,1.0,,,,,5.0,2.0,6.0,3.0,1.0,1.0,5.0,5.0,7.0,7.0,60.0,89.0,70.0,100.0,64.0,88.0,100.0,75.0,55.0,100.0,2.0,5.0,,1.0,2.0,2.0,2.0,1.0,2.0,1.0,1.0,2.0,1.0,,,,,,,1.0,1.0,2.0,2.0,2.0,1.0,1.0,1.0,1.0,1.0,1.0,1.0,2.0,1.0,2.0,2.0,1.0,1.0,2.0,2.0,2.0,1.0,2.0,1.0,2.0,1.0,1.0,2.0,2.0,1.0,2.0,1.0,1.0,2.0,1.0,2.0,2.0,1.0,1.0,2.0,3.0,,,5.0,,,,10.0,,,2.0
pid_989,1.0,,,1.0,2.0,25.0,,,1.0,1120.0,,,,70.0,5.0,,4.0,4.0,4.0,5.0,4.0,5.0,4.0,4.0,5.0,4.0,4.0,,,5.0,2.0,2.0,,,,,2.0,2.0,7.0,5.0,1.0,5.0,2.0,6.0,7.0,7.0,31.0,100.0,30.0,63.0,11.0,53.0,33.0,67.0,92.0,96.0,1.0,6.0,,,,,,,,,,,,2.0,2.0,1.0,2.0,1.0,1.0,1.0,2.0,1.0,2.0,2.0,1.0,2.0,1.0,1.0,1.0,1.0,2.0,1.0,1.0,1.0,1.0,1.0,1.0,1.0,1.0,1.0,2.0,1.0,1.0,2.0,1.0,1.0,1.0,1.0,1.0,1.0,1.0,2.0,2.0,1.0,2.0,1.0,2.0,2.0,2.0,4.0,,,4.0,,,20.0,,,,2.0
pid_990,,1.0,1.0,,,,1.0,15.0,,,1.0,425.0,30.0,,,6.0,4.0,5.0,1.0,2.0,5.0,5.0,5.0,3.0,5.0,5.0,,,1.0,,,,3.0,2.0,2.0,,6.0,1.0,6.0,1.0,4.0,3.0,4.0,6.0,7.0,7.0,25.0,95.0,52.0,48.0,35.0,45.0,68.0,46.0,77.0,50.0,3.0,,6.0,,,,,,,,,,,1.0,1.0,1.0,1.0,1.0,1.0,1.0,2.0,2.0,2.0,1.0,2.0,2.0,2.0,2.0,1.0,2.0,2.0,2.0,1.0,2.0,1.0,1.0,2.0,2.0,2.0,2.0,2.0,1.0,1.0,2.0,1.0,1.0,1.0,2.0,2.0,1.0,1.0,2.0,2.0,1.0,2.0,1.0,1.0,2.0,2.0,,,5.0,,,6.0,,10.0,,9.0,
pid_991,1.0,,,2.0,,,2.0,5.0,,,1.0,250.0,,70.0,,3.0,4.0,4.0,2.0,2.0,4.0,3.0,5.0,5.0,5.0,5.0,2.0,,,,,,3.0,3.0,4.0,3.0,,1.0,6.0,2.0,6.0,6.0,3.0,5.0,6.0,5.0,35.0,35.0,30.0,20.0,30.0,45.0,25.0,42.0,20.0,60.0,4.0,4.0,,1.0,1.0,1.0,1.0,1.0,1.0,1.0,1.0,1.0,1.0,,,,,,,2.0,2.0,1.0,2.0,2.0,1.0,1.0,2.0,2.0,1.0,2.0,1.0,1.0,1.0,2.0,1.0,2.0,1.0,1.0,2.0,2.0,2.0,2.0,1.0,1.0,1.0,2.0,2.0,1.0,1.0,1.0,2.0,2.0,2.0,2.0,2.0,1.0,2.0,2.0,1.0,2.0,,,4.0,,,,8.0,2.0,,
pid_992,1.0,,,2.0,2.0,54.0,,,2.0,378.6,,,,69.0,,2.0,4.0,3.0,3.0,4.0,3.0,4.0,3.0,3.0,3.0,4.0,4.0,,,5.0,2.0,2.0,,,,2.0,,2.0,4.0,2.0,2.0,5.0,5.0,5.0,6.0,5.0,83.0,54.0,73.0,58.0,67.0,65.0,55.0,57.0,71.0,55.0,4.0,4.0,,,,,,,,,,,,2.0,1.0,2.0,2.0,1.0,2.0,1.0,2.0,1.0,2.0,1.0,2.0,1.0,2.0,1.0,1.0,1.0,1.0,1.0,1.0,1.0,1.0,2.0,1.0,1.0,1.0,1.0,1.0,1.0,1.0,1.0,1.0,1.0,1.0,2.0,1.0,1.0,1.0,1.0,1.0,1.0,1.0,1.0,1.0,1.0,1.0,3.0,,,1.0,,,,10.0,,,1.0
pid_993,,2.0,1.0,,2.0,35.0,,,,,1.0,1200.0,,75.0,2.0,,5.0,5.0,2.0,2.0,5.0,5.0,5.0,5.0,5.0,5.0,2.0,,,,,,4.0,4.0,4.0,,4.0,1.0,7.0,5.0,6.0,6.0,2.0,6.0,7.0,6.0,50.0,45.0,55.0,45.0,55.0,50.0,58.0,63.0,52.0,56.0,3.0,,6.0,,,,,,,,,,,1.0,1.0,1.0,1.0,1.0,1.0,2.0,1.0,2.0,2.0,1.0,2.0,1.0,2.0,2.0,1.0,2.0,1.0,2.0,1.0,2.0,2.0,1.0,1.0,1.0,1.0,1.0,2.0,2.0,1.0,1.0,2.0,1.0,2.0,2.0,1.0,1.0,2.0,1.0,1.0,2.0,1.0,2.0,2.0,2.0,2.0,5.0,,,5.0,,,,17.0,1.0,,
pid_996,,1.0,2.0,,2.0,25.0,,,2.0,750.0,,,,70.0,1.0,,1.0,5.0,1.0,4.0,4.0,4.0,2.0,2.0,5.0,5.0,5.0,,,2.0,4.0,2.0,,,,4.0,,1.0,5.0,5.0,6.0,4.0,1.0,3.0,4.0,5.0,50.0,58.0,40.0,76.0,39.0,60.0,23.0,41.0,60.0,75.0,4.0,,7.0,1.0,1.0,1.0,1.0,1.0,1.0,1.0,1.0,1.0,1.0,,,,,,,1.0,2.0,2.0,1.0,2.0,2.0,2.0,1.0,2.0,2.0,2.0,2.0,2.0,2.0,1.0,1.0,1.0,1.0,1.0,1.0,1.0,1.0,2.0,2.0,1.0,2.0,2.0,2.0,1.0,2.0,2.0,2.0,2.0,2.0,1.0,1.0,1.0,2.0,1.0,2.0,5.0,,,6.0,,,20.0,,2.0,,
pid_997,,2.0,2.0,,,,1.0,50.0,1.0,1100.0,,,,62.0,,3.0,5.0,5.0,1.0,5.0,5.0,5.0,5.0,5.0,5.0,5.0,1.0,,,4.0,4.0,4.0,,,,4.0,,1.0,7.0,2.0,4.0,4.0,5.0,7.0,7.0,7.0,61.0,66.0,30.0,65.0,62.0,62.0,63.0,63.0,77.0,64.0,4.0,6.0,,,,,,,,,,,,1.0,1.0,2.0,1.0,2.0,1.0,2.0,1.0,1.0,1.0,1.0,1.0,1.0,2.0,1.0,2.0,1.0,2.0,1.0,1.0,1.0,2.0,2.0,1.0,2.0,2.0,1.0,1.0,2.0,2.0,1.0,1.0,1.0,1.0,2.0,1.0,1.0,2.0,2.0,1.0,1.0,2.0,2.0,2.0,2.0,2.0,2.0,,,4.0,,,,5.0,3.0,,
pid_998,,2.0,1.0,,,,1.0,18.0,,,1.0,150.0,50.0,,1.0,,4.0,5.0,1.0,4.0,4.0,4.0,5.0,4.0,5.0,5.0,,,3.0,,,,4.0,4.0,4.0,,3.0,2.0,7.0,4.0,5.0,5.0,2.0,5.0,5.0,5.0,60.0,90.0,31.0,60.0,23.0,40.0,60.0,80.0,70.0,80.0,3.0,7.0,,,,,,,,,,,,1.0,1.0,1.0,1.0,1.0,1.0,2.0,2.0,2.0,2.0,1.0,1.0,1.0,1.0,1.0,1.0,2.0,1.0,1.0,1.0,2.0,1.0,1.0,1.0,1.0,1.0,1.0,1.0,2.0,1.0,1.0,2.0,1.0,1.0,1.0,2.0,1.0,2.0,2.0,2.0,1.0,1.0,1.0,1.0,1.0,1.0,,,5.0,,,5.0,,5.0,,,2.0
pid_999,,2.0,1.0,,2.0,52.0,,,,,2.0,70.0,,70.0,,5.0,4.0,5.0,5.0,4.0,3.0,4.0,4.0,3.0,3.0,5.0,2.0,,,,,,3.0,4.0,5.0,,5.0,2.0,6.0,2.0,4.0,5.0,5.0,5.0,6.0,5.0,65.0,80.0,85.0,65.0,40.0,80.0,40.0,75.0,55.0,70.0,2.0,5.0,,,,,,,,,,,,1.0,1.0,2.0,1.0,1.0,2.0,2.0,2.0,2.0,1.0,1.0,1.0,2.0,1.0,1.0,2.0,1.0,1.0,1.0,2.0,1.0,2.0,1.0,2.0,2.0,2.0,1.0,2.0,2.0,1.0,2.0,2.0,2.0,1.0,1.0,2.0,1.0,1.0,2.0,2.0,1.0,1.0,1.0,1.0,1.0,2.0,5.0,,,6.0,,,,5.0,,,4.0
pid_1000,,2.0,,2.0,,,1.0,22.0,,,1.0,170.0,50.0,,6.0,,1.0,3.0,3.0,1.0,3.0,1.0,5.0,1.0,3.0,5.0,,4.0,,4.0,4.0,4.0,,,,,1.0,1.0,7.0,1.0,7.0,2.0,3.0,6.0,6.0,6.0,2.0,22.0,46.0,27.0,2.0,2.0,100.0,10.0,33.0,100.0,1.0,,7.0,,,,,,,,,,,1.0,1.0,1.0,1.0,1.0,1.0,2.0,1.0,1.0,2.0,1.0,2.0,2.0,2.0,2.0,2.0,1.0,2.0,2.0,2.0,2.0,2.0,2.0,2.0,2.0,2.0,2.0,2.0,2.0,2.0,2.0,1.0,2.0,1.0,1.0,2.0,2.0,2.0,2.0,2.0,2.0,2.0,2.0,2.0,1.0,2.0,,3.0,,,1.0,,,0.0,,,1.0
pid_1001,2.0,,1.0,,2.0,50.0,,,2.0,500.0,,,30.0,,,5.0,2.0,4.0,4.0,3.0,3.0,3.0,3.0,4.0,3.0,2.0,,,2.0,,,,5.0,4.0,3.0,,5.0,1.0,5.0,2.0,4.0,4.0,5.0,6.0,6.0,6.0,19.0,56.0,56.0,66.0,22.0,8.0,44.0,44.0,47.0,56.0,1.0,,3.0,1.0,1.0,2.0,1.0,1.0,1.0,1.0,2.0,1.0,1.0,,,,,,,1.0,2.0,1.0,1.0,2.0,2.0,2.0,1.0,1.0,1.0,2.0,2.0,1.0,2.0,2.0,1.0,1.0,2.0,2.0,2.0,2.0,2.0,1.0,2.0,2.0,1.0,1.0,2.0,2.0,1.0,1.0,2.0,1.0,2.0,1.0,2.0,2.0,1.0,1.0,2.0,,,4.0,,,4.0,,10.0,,,5.0
pid_1002,1.0,,1.0,,2.0,32.0,,,,,1.0,180.0,30.0,,1.0,,2.0,3.0,4.0,5.0,3.0,4.0,2.0,5.0,2.0,4.0,1.0,,,3.0,4.0,1.0,,,,3.0,,2.0,5.0,2.0,6.0,6.0,3.0,6.0,5.0,5.0,12.0,40.0,56.0,80.0,56.0,68.0,80.0,90.0,32.0,90.0,2.0,,6.0,,,,,,,,,,,1.0,1.0,2.0,1.0,2.0,1.0,1.0,2.0,2.0,2.0,1.0,2.0,1.0,1.0,1.0,2.0,1.0,2.0,1.0,1.0,1.0,2.0,1.0,1.0,2.0,1.0,2.0,2.0,1.0,2.0,2.0,2.0,2.0,1.0,1.0,2.0,2.0,1.0,1.0,2.0,2.0,1.0,1.0,1.0,2.0,2.0,5.0,,,5.0,,,,15.0,1.0,,
pid_1003,,2.0,1.0,,,,1.0,50.0,2.0,350.0,,,49.0,,2.0,,2.0,4.0,4.0,3.0,3.0,1.0,1.0,4.0,2.0,4.0,,3.0,,,,,3.0,4.0,4.0,2.0,,2.0,6.0,4.0,6.0,5.0,5.0,5.0,5.0,5.0,60.0,80.0,50.0,70.0,70.0,25.0,15.0,85.0,50.0,80.0,1.0,6.0,,,,,,,,,,,,1.0,1.0,2.0,1.0,1.0,1.0,1.0,1.0,2.0,2.0,2.0,2.0,2.0,2.0,2.0,2.0,2.0,2.0,1.0,2.0,1.0,2.0,2.0,2.0,2.0,2.0,2.0,2.0,2.0,2.0,2.0,2.0,1.0,2.0,2.0,2.0,2.0,1.0,2.0,2.0,1.0,2.0,1.0,2.0,1.0,1.0,,5.0,,,4.0,,19.0,,2.0,,
pid_1004,,1.0,,2.0,2.0,50.0,,,2.0,500.0,,,,70.0,,4.0,5.0,1.0,2.0,5.0,3.0,1.0,1.0,3.0,5.0,3.0,,,1.0,,,,3.0,4.0,4.0,4.0,,1.0,7.0,1.0,7.0,7.0,2.0,6.0,6.0,4.0,52.0,28.0,66.0,66.0,45.0,57.0,46.0,56.0,50.0,66.0,4.0,,5.0,1.0,2.0,1.0,1.0,1.0,1.0,2.0,2.0,1.0,1.0,,,,,,,2.0,1.0,1.0,2.0,1.0,1.0,2.0,2.0,2.0,1.0,2.0,2.0,1.0,2.0,2.0,2.0,1.0,2.0,1.0,2.0,1.0,2.0,2.0,1.0,1.0,2.0,2.0,1.0,2.0,2.0,2.0,2.0,2.0,1.0,1.0,2.0,1.0,2.0,1.0,1.0,,,2.0,,,6.0,,0.0,,,2.0
pid_1005,,2.0,,2.0,,,2.0,9.0,2.0,390.0,,,,56.0,2.0,,5.0,5.0,1.0,4.0,5.0,5.0,5.0,3.0,5.0,5.0,,,3.0,4.0,4.0,4.0,,,,5.0,,1.0,5.0,2.0,1.0,2.0,4.0,6.0,7.0,7.0,61.0,58.0,49.0,66.0,50.0,62.0,74.0,39.0,49.0,70.0,3.0,4.0,,,,,,,,,,,,1.0,1.0,2.0,1.0,2.0,1.0,1.0,1.0,2.0,2.0,2.0,2.0,2.0,2.0,1.0,2.0,2.0,2.0,1.0,2.0,1.0,2.0,2.0,2.0,2.0,2.0,2.0,1.0,1.0,2.0,1.0,2.0,2.0,2.0,2.0,1.0,2.0,2.0,1.0,2.0,2.0,2.0,1.0,2.0,2.0,2.0,,,5.0,,,5.0,18.0,,,9.0,
pid_1006,1.0,,,2.0,2.0,30.0,,,2.0,400.0,,,75.0,,2.0,,2.0,2.0,5.0,1.0,3.0,3.0,2.0,1.0,1.0,2.0,,,1.0,1.0,3.0,1.0,,,,,4.0,1.0,5.0,1.0,4.0,5.0,1.0,5.0,5.0,5.0,85.0,85.0,70.0,20.0,60.0,65.0,50.0,50.0,25.0,30.0,2.0,,7.0,,,,,,,,,,,1.0,1.0,1.0,1.0,1.0,1.0,1.0,2.0,2.0,2.0,2.0,2.0,2.0,2.0,2.0,2.0,1.0,2.0,1.0,1.0,2.0,2.0,2.0,1.0,2.0,2.0,2.0,2.0,2.0,2.0,2.0,2.0,2.0,2.0,2.0,2.0,1.0,2.0,2.0,2.0,2.0,2.0,2.0,2.0,2.0,2.0,,,4.0,,,2.0,,10.0,2.0,,
pid_1007,2.0,,,1.0,1.0,30.0,,,2.0,400.0,,,60.0,,,3.0,5.0,5.0,3.0,4.0,5.0,4.0,5.0,3.0,5.0,5.0,,,5.0,,,,3.0,4.0,6.0,,4.0,2.0,5.0,2.0,2.0,5.0,2.0,6.0,6.0,4.0,70.0,41.0,70.0,79.0,57.0,92.0,80.0,70.0,40.0,72.0,2.0,6.0,,1.0,2.0,1.0,1.0,1.0,1.0,1.0,2.0,2.0,2.0,,,,,,,1.0,2.0,1.0,1.0,2.0,2.0,2.0,1.0,1.0,2.0,1.0,1.0,2.0,1.0,2.0,1.0,1.0,2.0,2.0,1.0,1.0,2.0,1.0,1.0,1.0,2.0,2.0,1.0,1.0,2.0,2.0,2.0,1.0,2.0,1.0,2.0,1.0,2.0,1.0,1.0,,,5.0,,,6.0,18.0,,,5.0,
pid_1008,,2.0,1.0,,1.0,72.0,,,,,1.0,200.0,,70.0,3.0,,4.0,5.0,3.0,3.0,4.0,5.0,5.0,4.0,5.0,3.0,,,2.0,,,,3.0,4.0,3.0,,4.0,1.0,6.0,2.0,4.0,3.0,5.0,7.0,6.0,7.0,55.0,65.0,48.0,40.0,45.0,50.0,77.0,80.0,75.0,55.0,4.0,,5.0,,,,,,,,,,,1.0,1.0,2.0,1.0,1.0,2.0,2.0,1.0,2.0,1.0,1.0,2.0,1.0,1.0,1.0,2.0,1.0,2.0,1.0,2.0,2.0,1.0,1.0,1.0,2.0,1.0,1.0,1.0,2.0,2.0,2.0,2.0,1.0,1.0,2.0,1.0,1.0,2.0,1.0,1.0,1.0,1.0,2.0,1.0,2.0,1.0,,,2.0,,,5.0,15.0,,3.0,,
pid_1009,1.0,,,2.0,,,2.0,8.0,2.0,600.0,,,,85.0,4.0,,4.0,4.0,2.0,4.0,5.0,4.0,5.0,3.0,5.0,3.0,,,4.0,2.0,1.0,2.0,,,,1.0,,1.0,5.0,2.0,6.0,6.0,3.0,6.0,6.0,5.0,60.0,60.0,55.0,50.0,55.0,60.0,65.0,55.0,55.0,65.0,3.0,7.0,,,,,,,,,,,,1.0,1.0,1.0,1.0,1.0,1.0,2.0,2.0,2.0,2.0,1.0,2.0,1.0,2.0,1.0,1.0,1.0,1.0,1.0,2.0,1.0,1.0,1.0,1.0,2.0,2.0,2.0,2.0,1.0,2.0,2.0,2.0,1.0,1.0,2.0,2.0,2.0,2.0,2.0,2.0,2.0,1.0,2.0,2.0,2.0,2.0,,,4.0,,,2.0,,18.0,,3.0,
pid_1010,1.0,,1.0,,,,1.0,20.0,,,1.0,90.0,,70.0,,3.0,1.0,1.0,5.0,3.0,1.0,1.0,1.0,1.0,3.0,3.0,,3.0,,,,,3.0,3.0,3.0,6.0,,1.0,7.0,1.0,3.0,2.0,2.0,6.0,6.0,6.0,20.0,50.0,75.0,40.0,10.0,10.0,10.0,10.0,50.0,70.0,1.0,3.0,,,,,,,,,,,,1.0,1.0,1.0,1.0,1.0,1.0,2.0,2.0,2.0,1.0,2.0,2.0,1.0,1.0,2.0,2.0,2.0,1.0,2.0,2.0,2.0,2.0,2.0,2.0,2.0,2.0,2.0,1.0,1.0,2.0,2.0,1.0,2.0,2.0,2.0,2.0,1.0,2.0,2.0,2.0,2.0,2.0,2.0,2.0,2.0,1.0,,5.0,,,6.0,,,10.0,,10.0,
pid_1011,2.0,,1.0,,,,1.0,36.0,,,1.0,685.0,75.0,,2.0,,1.0,5.0,4.0,5.0,1.0,1.0,1.0,4.0,4.0,5.0,,1.0,,,,,3.0,4.0,4.0,1.0,,2.0,6.0,1.0,1.0,1.0,5.0,6.0,6.0,6.0,12.0,96.0,87.0,75.0,21.0,3.0,30.0,47.0,41.0,89.0,1.0,,7.0,1.0,1.0,1.0,1.0,1.0,2.0,1.0,1.0,2.0,1.0,,,,,,,2.0,1.0,2.0,2.0,2.0,2.0,2.0,2.0,2.0,1.0,1.0,2.0,2.0,2.0,2.0,1.0,2.0,1.0,2.0,2.0,1.0,1.0,2.0,1.0,2.0,2.0,2.0,1.0,1.0,2.0,2.0,1.0,2.0,2.0,1.0,2.0,1.0,2.0,2.0,2.0,,1.0,,,1.0,,,0.0,,,1.0
pid_1012,,1.0,,2.0,,,2.0,7.0,,,1.0,175.0,30.0,,,3.0,4.0,5.0,1.0,2.0,3.0,4.0,5.0,5.0,5.0,5.0,,5.0,,,,,4.0,3.0,3.0,4.0,,1.0,5.0,2.0,5.0,5.0,5.0,6.0,4.0,6.0,40.0,50.0,10.0,35.0,33.0,42.0,60.0,65.0,43.0,55.0,3.0,,5.0,,,,,,,,,,,1.0,1.0,1.0,1.0,1.0,1.0,2.0,1.0,1.0,2.0,2.0,2.0,2.0,1.0,1.0,2.0,2.0,2.0,2.0,2.0,2.0,1.0,2.0,2.0,2.0,2.0,2.0,1.0,2.0,1.0,2.0,2.0,2.0,2.0,1.0,2.0,2.0,1.0,1.0,2.0,2.0,1.0,2.0,1.0,2.0,1.0,,4.0,,,4.0,,18.0,,,,3.0
pid_1013,1.0,,,2.0,2.0,30.0,,,,,1.0,235.0,65.0,,,5.0,3.0,5.0,1.0,3.0,4.0,5.0,5.0,5.0,5.0,5.0,,1.0,,3.0,3.0,3.0,,,,6.0,,1.0,7.0,2.0,4.0,6.0,2.0,5.0,7.0,6.0,20.0,50.0,40.0,50.0,24.0,40.0,30.0,40.0,35.0,65.0,3.0,,6.0,1.0,1.0,1.0,1.0,1.0,1.0,1.0,1.0,1.0,1.0,,,,,,,2.0,1.0,2.0,2.0,2.0,2.0,2.0,1.0,2.0,2.0,2.0,2.0,2.0,2.0,2.0,1.0,2.0,1.0,1.0,2.0,2.0,2.0,2.0,1.0,2.0,1.0,2.0,2.0,2.0,2.0,2.0,1.0,2.0,1.0,2.0,2.0,1.0,2.0,2.0,2.0,,4.0,,,5.0,,20.0,,,9.0,
pid_1014,,2.0,,1.0,,,1.0,40.0,,,1.0,300.0,,70.0,,4.0,5.0,5.0,2.0,4.0,4.0,4.0,5.0,5.0,5.0,5.0,1.0,,,,,,3.0,3.0,2.0,4.0,,2.0,7.0,2.0,3.0,4.0,3.0,5.0,6.0,5.0,35.0,75.0,33.0,30.0,30.0,30.0,40.0,35.0,30.0,50.0,3.0,3.0,,,,,,,,,,,,1.0,1.0,2.0,1.0,2.0,1.0,2.0,2.0,1.0,1.0,1.0,2.0,2.0,1.0,2.0,1.0,1.0,2.0,1.0,2.0,2.0,2.0,1.0,2.0,2.0,2.0,2.0,1.0,2.0,2.0,2.0,2.0,2.0,1.0,2.0,1.0,2.0,1.0,2.0,2.0,2.0,2.0,2.0,1.0,2.0,1.0,4.0,,,3.0,,,20.0,,2.0,,
pid_1015,1.0,,1.0,,2.0,45.0,,,1.0,1750.0,,,30.0,,4.0,,4.0,5.0,1.0,4.0,5.0,4.0,5.0,3.0,5.0,5.0,,2.0,,4.0,3.0,3.0,,,,5.0,,1.0,6.0,2.0,3.0,3.0,2.0,6.0,5.0,5.0,40.0,27.0,40.0,54.0,24.0,61.0,30.0,49.0,39.0,66.0,4.0,6.0,,1.0,1.0,2.0,1.0,1.0,1.0,2.0,1.0,2.0,1.0,,,,,,,1.0,1.0,2.0,2.0,1.0,1.0,1.0,1.0,2.0,1.0,2.0,1.0,2.0,2.0,2.0,1.0,1.0,1.0,2.0,2.0,2.0,1.0,2.0,2.0,1.0,2.0,2.0,2.0,1.0,2.0,1.0,2.0,1.0,2.0,2.0,1.0,1.0,2.0,2.0,1.0,,2.0,,,4.0,,12.0,,,,5.0
pid_1016,1.0,,1.0,,2.0,50.0,,,,,1.0,90.0,36.0,,,4.0,4.0,5.0,1.0,4.0,4.0,4.0,4.0,4.0,4.0,5.0,,2.0,,,,,3.0,3.0,4.0,4.0,,1.0,5.0,2.0,4.0,4.0,5.0,6.0,4.0,5.0,49.0,76.0,52.0,56.0,29.0,52.0,60.0,48.0,42.0,66.0,3.0,,5.0,,,,,,,,,,,1.0,1.0,2.0,1.0,2.0,1.0,1.0,1.0,2.0,1.0,1.0,2.0,2.0,1.0,2.0,1.0,2.0,2.0,1.0,2.0,2.0,2.0,1.0,1.0,1.0,2.0,1.0,2.0,1.0,1.0,1.0,1.0,1.0,1.0,2.0,1.0,1.0,1.0,1.0,1.0,1.0,2.0,2.0,1.0,2.0,2.0,,4.0,,,4.0,,,5.0,,3.0,
pid_1017,,2.0,1.0,,1.0,90.0,,,2.0,300.0,,,30.0,,3.0,,4.0,5.0,2.0,4.0,3.0,4.0,5.0,4.0,5.0,5.0,2.0,,,4.0,3.0,2.0,,,,4.0,,1.0,6.0,2.0,1.0,3.0,2.0,5.0,7.0,6.0,40.0,30.0,20.0,30.0,30.0,20.0,40.0,60.0,20.0,60.0,3.0,3.0,,,,,,,,,,,,1.0,2.0,1.0,1.0,2.0,1.0,1.0,2.0,2.0,2.0,1.0,2.0,1.0,1.0,2.0,1.0,2.0,2.0,2.0,2.0,2.0,2.0,2.0,2.0,1.0,1.0,2.0,1.0,2.0,1.0,1.0,1.0,1.0,1.0,2.0,2.0,2.0,1.0,1.0,1.0,2.0,2.0,2.0,2.0,1.0,1.0,4.0,,,5.0,,,15.0,,1.0,,
pid_1018,1.0,,2.0,,,,1.0,50.0,2.0,300.0,,,,90.0,3.0,,5.0,5.0,1.0,3.0,4.0,5.0,5.0,5.0,5.0,5.0,,5.0,,3.0,4.0,4.0,,,,5.0,,1.0,6.0,2.0,6.0,3.0,5.0,7.0,5.0,6.0,55.0,55.0,45.0,55.0,30.0,60.0,55.0,50.0,45.0,60.0,4.0,,6.0,,,,,,,,,,,1.0,1.0,1.0,1.0,1.0,1.0,2.0,1.0,2.0,2.0,1.0,2.0,2.0,2.0,2.0,2.0,2.0,2.0,2.0,2.0,1.0,2.0,2.0,2.0,2.0,1.0,2.0,1.0,1.0,2.0,2.0,1.0,2.0,2.0,2.0,2.0,2.0,2.0,1.0,2.0,2.0,2.0,2.0,2.0,2.0,1.0,,5.0,,,6.0,,,15.0,,10.0,
pid_1019,,2.0,,2.0,1.0,68.0,,,2.0,800.0,,,80.0,,,3.0,3.0,5.0,1.0,3.0,4.0,3.0,4.0,4.0,5.0,5.0,3.0,,,4.0,2.0,2.0,,,,,5.0,1.0,6.0,1.0,4.0,4.0,2.0,7.0,5.0,5.0,40.0,90.0,40.0,52.0,30.0,40.0,56.0,56.0,40.0,80.0,2.0,,7.0,1.0,1.0,2.0,1.0,2.0,1.0,1.0,1.0,2.0,1.0,,,,,,,2.0,2.0,2.0,2.0,2.0,2.0,2.0,1.0,1.0,2.0,2.0,1.0,2.0,2.0,1.0,2.0,2.0,1.0,2.0,1.0,2.0,2.0,1.0,2.0,1.0,2.0,2.0,2.0,1.0,1.0,2.0,1.0,1.0,1.0,2.0,2.0,2.0,2.0,2.0,2.0,5.0,,,5.0,,,10.0,,,,3.0
pid_1020,,2.0,1.0,,2.0,54.0,,,1.0,1024.0,,,,69.0,6.0,,4.0,5.0,1.0,5.0,5.0,4.0,5.0,5.0,5.0,5.0,,,1.0,,,,6.0,5.0,5.0,6.0,,2.0,6.0,2.0,2.0,2.0,2.0,7.0,7.0,6.0,46.0,26.0,89.0,10.0,16.0,60.0,16.0,13.0,21.0,18.0,1.0,6.0,,,,,,,,,,,,1.0,1.0,1.0,1.0,1.0,1.0,2.0,1.0,2.0,1.0,2.0,2.0,1.0,2.0,2.0,2.0,2.0,1.0,1.0,2.0,2.0,2.0,2.0,1.0,2.0,2.0,1.0,2.0,2.0,2.0,1.0,2.0,2.0,1.0,2.0,2.0,2.0,1.0,1.0,1.0,2.0,2.0,1.0,2.0,1.0,1.0,,,5.0,,,6.0,,20.0,2.0,,
pid_1021,1.0,,1.0,,2.0,5.0,,,,,1.0,500.0,25.0,,5.0,,3.0,5.0,3.0,4.0,4.0,3.0,5.0,4.0,4.0,5.0,1.0,,,4.0,4.0,2.0,,,,5.0,,2.0,6.0,2.0,2.0,1.0,5.0,5.0,6.0,7.0,19.0,82.0,48.0,26.0,6.0,8.0,23.0,35.0,44.0,67.0,1.0,,6.0,1.0,1.0,2.0,1.0,1.0,1.0,2.0,2.0,1.0,2.0,,,,,,,2.0,1.0,2.0,2.0,1.0,2.0,2.0,2.0,2.0,2.0,2.0,2.0,2.0,2.0,2.0,2.0,2.0,2.0,2.0,1.0,2.0,2.0,1.0,1.0,2.0,2.0,2.0,2.0,2.0,2.0,2.0,2.0,2.0,2.0,2.0,2.0,2.0,2.0,1.0,2.0,2.0,,,1.0,,,12.0,,1.0,,
pid_1022,,2.0,,1.0,2.0,32.0,,,1.0,1700.0,,,,35.0,,3.0,4.0,5.0,1.0,5.0,5.0,5.0,5.0,4.0,5.0,5.0,2.0,,,4.0,1.0,3.0,,,,,4.0,2.0,5.0,2.0,2.0,3.0,3.0,6.0,5.0,6.0,25.0,60.0,50.0,90.0,40.0,30.0,70.0,55.0,9.0,85.0,3.0,5.0,,2.0,1.0,1.0,1.0,2.0,1.0,1.0,2.0,2.0,2.0,,,,,,,2.0,1.0,1.0,1.0,1.0,1.0,1.0,2.0,1.0,1.0,1.0,1.0,2.0,1.0,2.0,1.0,2.0,1.0,2.0,2.0,1.0,1.0,1.0,1.0,1.0,1.0,2.0,1.0,2.0,1.0,2.0,2.0,1.0,2.0,2.0,1.0,2.0,2.0,1.0,2.0,5.0,,,6.0,,,,13.0,,3.0,
pid_1023,,2.0,,1.0,2.0,50.0,,,2.0,250.0,,,95.0,,,2.0,4.0,5.0,5.0,4.0,4.0,2.0,2.0,5.0,1.0,5.0,,,1.0,,,,3.0,3.0,5.0,4.0,,1.0,7.0,2.0,6.0,5.0,1.0,5.0,7.0,5.0,62.0,60.0,47.0,69.0,45.0,63.0,60.0,84.0,64.0,96.0,4.0,,6.0,,,,,,,,,,,2.0,2.0,2.0,1.0,2.0,1.0,1.0,2.0,1.0,1.0,1.0,1.0,2.0,1.0,1.0,1.0,1.0,1.0,1.0,2.0,2.0,1.0,2.0,2.0,2.0,1.0,2.0,1.0,1.0,2.0,2.0,2.0,1.0,1.0,1.0,2.0,1.0,2.0,1.0,2.0,1.0,1.0,1.0,1.0,2.0,2.0,,,5.0,,,6.0,,5.0,,,8.0
pid_1024,2.0,,1.0,,2.0,50.0,,,,,1.0,100.0,,77.0,,1.0,1.0,1.0,5.0,4.0,1.0,1.0,1.0,3.0,1.0,1.0,2.0,,,5.0,4.0,2.0,,,,,4.0,2.0,6.0,1.0,4.0,5.0,5.0,5.0,5.0,5.0,40.0,33.0,75.0,35.0,34.0,20.0,20.0,50.0,25.0,40.0,1.0,,7.0,,,,,,,,,,,1.0,1.0,1.0,1.0,1.0,1.0,2.0,1.0,2.0,1.0,1.0,2.0,2.0,1.0,2.0,1.0,2.0,2.0,1.0,1.0,2.0,1.0,1.0,2.0,2.0,2.0,2.0,2.0,2.0,1.0,1.0,1.0,2.0,2.0,2.0,2.0,1.0,2.0,2.0,1.0,1.0,2.0,2.0,2.0,2.0,2.0,5.0,,,2.0,,,20.0,,,10.0,
pid_1025,,2.0,,1.0,2.0,25.0,,,2.0,500.0,,,30.0,,3.0,,3.0,5.0,3.0,4.0,4.0,4.0,5.0,4.0,4.0,5.0,,1.0,,,,,4.0,5.0,3.0,4.0,,2.0,6.0,1.0,2.0,5.0,3.0,5.0,6.0,3.0,9.0,25.0,56.0,41.0,5.0,13.0,25.0,30.0,7.0,38.0,2.0,5.0,,1.0,1.0,1.0,1.0,2.0,1.0,1.0,2.0,1.0,1.0,,,,,,,2.0,1.0,1.0,1.0,2.0,2.0,1.0,2.0,2.0,2.0,1.0,1.0,2.0,2.0,1.0,1.0,1.0,2.0,1.0,2.0,2.0,1.0,2.0,1.0,2.0,1.0,2.0,1.0,2.0,1.0,1.0,2.0,1.0,1.0,2.0,1.0,2.0,2.0,1.0,1.0,,5.0,,,4.0,,,5.0,,5.0,
pid_1026,,2.0,,2.0,2.0,50.0,,,1.0,1002.0,,,30.0,,3.0,,5.0,5.0,5.0,5.0,3.0,5.0,5.0,4.0,4.0,4.0,,,1.0,3.0,4.0,2.0,,,,4.0,,1.0,7.0,1.0,5.0,3.0,3.0,5.0,6.0,6.0,92.0,99.0,60.0,30.0,50.0,85.0,75.0,50.0,50.0,35.0,1.0,3.0,,,,,,,,,,,,1.0,1.0,1.0,1.0,1.0,1.0,2.0,2.0,2.0,2.0,1.0,2.0,2.0,2.0,2.0,2.0,2.0,1.0,2.0,2.0,1.0,2.0,2.0,2.0,2.0,2.0,2.0,2.0,2.0,2.0,2.0,2.0,2.0,2.0,2.0,2.0,1.0,2.0,2.0,2.0,2.0,1.0,2.0,2.0,2.0,2.0,,,4.0,,,3.0,,10.0,,10.0,
pid_1027,,2.0,,1.0,,,1.0,15.0,2.0,800.0,,,,70.0,,6.0,5.0,5.0,1.0,5.0,5.0,5.0,5.0,5.0,5.0,4.0,2.0,,,3.0,2.0,2.0,,,,2.0,,2.0,6.0,1.0,1.0,1.0,1.0,7.0,7.0,7.0,71.0,81.0,22.0,50.0,60.0,60.0,70.0,70.0,60.0,71.0,2.0,,5.0,,,,,,,,,,,1.0,1.0,1.0,1.0,2.0,2.0,2.0,2.0,2.0,2.0,2.0,2.0,2.0,2.0,2.0,2.0,2.0,1.0,2.0,2.0,2.0,2.0,2.0,1.0,2.0,2.0,2.0,2.0,2.0,2.0,2.0,2.0,2.0,2.0,2.0,2.0,1.0,2.0,1.0,2.0,2.0,2.0,1.0,2.0,2.0,2.0,5.0,,,6.0,,,20.0,,,,2.0
pid_1028,,1.0,,2.0,2.0,33.0,,,,,1.0,311.0,70.0,,,2.0,5.0,5.0,5.0,3.0,4.0,5.0,5.0,5.0,1.0,5.0,,,2.0,5.0,5.0,3.0,,,,,6.0,1.0,7.0,2.0,3.0,2.0,4.0,6.0,6.0,7.0,35.0,45.0,60.0,50.0,20.0,35.0,60.0,65.0,30.0,55.0,3.0,5.0,,1.0,1.0,1.0,1.0,2.0,1.0,1.0,1.0,1.0,2.0,,,,,,,2.0,2.0,2.0,2.0,1.0,1.0,1.0,1.0,2.0,1.0,1.0,1.0,1.0,2.0,1.0,1.0,2.0,2.0,2.0,1.0,2.0,1.0,2.0,1.0,1.0,1.0,1.0,2.0,1.0,1.0,1.0,1.0,2.0,2.0,1.0,1.0,1.0,1.0,1.0,2.0,,,5.0,,,6.0,,0.0,,9.0,
pid_1029,,2.0,,1.0,1.0,75.0,,,,,1.0,92.0,,65.0,3.0,,3.0,5.0,4.0,3.0,4.0,3.0,5.0,3.0,4.0,5.0,2.0,,,1.0,4.0,3.0,,,,4.0,,2.0,4.0,2.0,4.0,3.0,4.0,6.0,7.0,5.0,65.0,80.0,79.0,50.0,50.0,58.0,40.0,50.0,35.0,75.0,2.0,,4.0,,,,,,,,,,,1.0,1.0,1.0,2.0,2.0,2.0,2.0,2.0,1.0,1.0,1.0,1.0,2.0,1.0,1.0,2.0,1.0,1.0,1.0,1.0,1.0,1.0,2.0,1.0,1.0,1.0,1.0,1.0,1.0,1.0,1.0,1.0,2.0,1.0,2.0,1.0,1.0,2.0,1.0,2.0,1.0,2.0,1.0,1.0,2.0,2.0,5.0,,,4.0,,,,10.0,2.0,,
pid_1030,1.0,,,1.0,,,2.0,5.0,2.0,900.0,,,30.0,,4.0,,1.0,5.0,5.0,1.0,1.0,1.0,1.0,1.0,1.0,5.0,,3.0,,,,,2.0,3.0,3.0,,4.0,2.0,6.0,1.0,4.0,4.0,5.0,7.0,6.0,6.0,50.0,90.0,80.0,30.0,5.0,5.0,20.0,20.0,5.0,80.0,2.0,4.0,,1.0,1.0,1.0,1.0,1.0,1.0,1.0,1.0,1.0,1.0,,,,,,,2.0,2.0,2.0,1.0,2.0,2.0,2.0,2.0,2.0,1.0,2.0,2.0,2.0,2.0,2.0,2.0,2.0,2.0,2.0,2.0,2.0,2.0,1.0,2.0,2.0,2.0,2.0,2.0,2.0,2.0,2.0,2.0,2.0,1.0,2.0,1.0,2.0,1.0,1.0,2.0,,3.0,,,4.0,,10.0,,1.0,,
pid_1031,,1.0,,2.0,1.0,70.0,,,2.0,450.0,,,,92.0,2.0,,4.0,4.0,4.0,4.0,2.0,4.0,2.0,4.0,5.0,4.0,2.0,,,,,,3.0,3.0,2.0,,5.0,1.0,6.0,5.0,6.0,5.0,5.0,5.0,5.0,5.0,40.0,32.0,60.0,60.0,25.0,21.0,20.0,64.0,39.0,39.0,4.0,6.0,,1.0,1.0,1.0,1.0,1.0,1.0,1.0,1.0,1.0,1.0,,,,,,,2.0,2.0,2.0,1.0,1.0,2.0,1.0,2.0,2.0,1.0,1.0,2.0,1.0,1.0,2.0,1.0,2.0,1.0,1.0,1.0,2.0,1.0,1.0,2.0,1.0,1.0,2.0,1.0,2.0,2.0,2.0,2.0,1.0,2.0,2.0,2.0,1.0,2.0,1.0,2.0,4.0,,,4.0,,,,0.0,,7.0,
pid_1032,,1.0,2.0,,,,1.0,50.0,,,1.0,100.0,30.0,,,3.0,4.0,5.0,3.0,4.0,3.0,4.0,5.0,5.0,4.0,5.0,1.0,,,,,,3.0,5.0,4.0,5.0,,2.0,5.0,2.0,3.0,5.0,2.0,5.0,6.0,3.0,30.0,70.0,50.0,60.0,25.0,10.0,40.0,60.0,50.0,65.0,3.0,3.0,,,,,,,,,,,,1.0,1.0,1.0,2.0,1.0,1.0,2.0,1.0,2.0,2.0,2.0,2.0,2.0,1.0,1.0,2.0,2.0,2.0,1.0,2.0,2.0,2.0,2.0,1.0,1.0,2.0,2.0,2.0,2.0,2.0,2.0,1.0,2.0,2.0,2.0,1.0,2.0,1.0,1.0,1.0,1.0,2.0,1.0,1.0,2.0,2.0,5.0,,,5.0,,,,15.0,,,4.0
pid_1033,1.0,,1.0,,2.0,50.0,,,,,1.0,165.0,72.0,,,4.0,5.0,5.0,1.0,1.0,5.0,5.0,5.0,2.0,5.0,5.0,,2.0,,,,,3.0,3.0,3.0,6.0,,1.0,7.0,3.0,2.0,3.0,2.0,5.0,6.0,5.0,30.0,58.0,23.0,1.0,23.0,33.0,57.0,4.0,21.0,57.0,3.0,6.0,,,,,,,,,,,,1.0,1.0,1.0,1.0,2.0,2.0,2.0,2.0,2.0,2.0,2.0,2.0,2.0,2.0,2.0,2.0,2.0,2.0,2.0,1.0,1.0,2.0,1.0,2.0,2.0,1.0,2.0,2.0,1.0,2.0,1.0,2.0,2.0,2.0,2.0,2.0,2.0,1.0,2.0,2.0,2.0,1.0,2.0,2.0,2.0,2.0,,5.0,,,5.0,,2.0,,1.0,,
pid_1034,1.0,,1.0,,2.0,50.0,,,,,1.0,100.0,,94.0,5.0,,5.0,5.0,5.0,1.0,5.0,5.0,5.0,1.0,5.0,5.0,1.0,,,,,,4.0,2.0,2.0,5.0,,2.0,7.0,2.0,5.0,4.0,2.0,6.0,6.0,6.0,76.0,100.0,100.0,53.0,100.0,100.0,100.0,50.0,100.0,100.0,3.0,,6.0,2.0,1.0,1.0,2.0,2.0,1.0,1.0,2.0,1.0,2.0,,,,,,,1.0,1.0,1.0,2.0,2.0,1.0,2.0,1.0,2.0,2.0,2.0,2.0,1.0,1.0,2.0,2.0,2.0,1.0,2.0,1.0,1.0,2.0,2.0,2.0,2.0,1.0,2.0,2.0,1.0,1.0,1.0,1.0,1.0,2.0,1.0,1.0,2.0,2.0,2.0,1.0,5.0,,,6.0,,,0.0,,,,2.0
pid_1035,1.0,,1.0,,,,2.0,7.0,1.0,1200.0,,,30.0,,3.0,,2.0,4.0,4.0,3.0,3.0,4.0,3.0,4.0,3.0,2.0,,,4.0,,,,2.0,3.0,4.0,4.0,,2.0,5.0,1.0,5.0,4.0,1.0,5.0,4.0,5.0,30.0,95.0,55.0,65.0,60.0,85.0,90.0,60.0,65.0,85.0,2.0,3.0,,,,,,,,,,,,1.0,1.0,1.0,1.0,2.0,2.0,1.0,2.0,2.0,2.0,2.0,2.0,1.0,1.0,1.0,1.0,2.0,1.0,2.0,2.0,1.0,2.0,2.0,2.0,2.0,1.0,2.0,2.0,2.0,2.0,2.0,2.0,2.0,2.0,2.0,2.0,1.0,1.0,2.0,2.0,2.0,2.0,1.0,2.0,2.0,2.0,,,4.0,,,3.0,,14.0,,6.0,
pid_1036,,1.0,2.0,,,,1.0,15.0,,,1.0,200.0,30.0,,,5.0,5.0,5.0,2.0,5.0,5.0,5.0,5.0,5.0,5.0,5.0,,,1.0,,,,3.0,3.0,4.0,6.0,,1.0,7.0,2.0,2.0,2.0,5.0,6.0,7.0,7.0,60.0,65.0,40.0,65.0,70.0,40.0,50.0,70.0,30.0,75.0,3.0,,6.0,,,,,,,,,,,1.0,1.0,1.0,2.0,1.0,2.0,1.0,1.0,1.0,2.0,1.0,2.0,2.0,1.0,1.0,1.0,2.0,1.0,2.0,1.0,2.0,2.0,1.0,2.0,1.0,2.0,2.0,1.0,2.0,1.0,2.0,2.0,2.0,2.0,2.0,1.0,1.0,2.0,1.0,2.0,2.0,2.0,1.0,2.0,2.0,1.0,,,5.0,,,6.0,20.0,,3.0,,
pid_1037,,2.0,1.0,,,,2.0,10.0,,,1.0,100.0,,100.0,,6.0,3.0,5.0,5.0,3.0,4.0,3.0,4.0,4.0,1.0,5.0,,,2.0,,,,2.0,4.0,6.0,6.0,,1.0,7.0,5.0,4.0,5.0,2.0,7.0,6.0,7.0,50.0,100.0,77.0,53.0,80.0,41.0,88.0,100.0,0.0,100.0,3.0,6.0,,1.0,1.0,1.0,1.0,1.0,1.0,1.0,1.0,1.0,1.0,,,,,,,2.0,2.0,2.0,1.0,1.0,1.0,1.0,1.0,1.0,2.0,2.0,2.0,1.0,1.0,1.0,1.0,2.0,2.0,2.0,2.0,1.0,2.0,1.0,1.0,1.0,1.0,1.0,1.0,1.0,1.0,2.0,1.0,1.0,2.0,1.0,2.0,2.0,2.0,2.0,2.0,,,5.0,,,6.0,,10.0,,10.0,
pid_1038,,2.0,,2.0,,,2.0,10.0,,,1.0,113.0,,100.0,4.0,,3.0,5.0,4.0,4.0,3.0,3.0,4.0,4.0,2.0,5.0,4.0,,,5.0,4.0,3.0,,,,4.0,,1.0,6.0,6.0,5.0,5.0,5.0,5.0,5.0,6.0,50.0,95.0,55.0,75.0,70.0,29.0,51.0,60.0,63.0,76.0,3.0,,6.0,1.0,1.0,1.0,1.0,1.0,1.0,1.0,1.0,1.0,1.0,,,,,,,1.0,2.0,2.0,2.0,2.0,2.0,2.0,2.0,1.0,1.0,1.0,1.0,2.0,1.0,1.0,2.0,1.0,2.0,1.0,2.0,1.0,2.0,1.0,2.0,2.0,2.0,1.0,2.0,1.0,2.0,2.0,1.0,1.0,2.0,2.0,2.0,2.0,2.0,2.0,1.0,5.0,,,4.0,,,0.0,,1.0,,
pid_1039,,2.0,,2.0,2.0,54.0,,,2.0,200.0,,,,70.0,6.0,,5.0,5.0,1.0,5.0,5.0,5.0,5.0,5.0,5.0,5.0,,4.0,,4.0,3.0,2.0,,,,,5.0,1.0,5.0,4.0,5.0,4.0,2.0,5.0,6.0,6.0,80.0,60.0,40.0,45.0,30.0,65.0,50.0,38.0,55.0,70.0,4.0,6.0,,1.0,1.0,1.0,1.0,1.0,1.0,1.0,1.0,1.0,1.0,,,,,,,2.0,2.0,1.0,2.0,1.0,1.0,1.0,1.0,2.0,2.0,2.0,1.0,2.0,1.0,2.0,2.0,1.0,1.0,2.0,1.0,2.0,2.0,2.0,2.0,1.0,1.0,2.0,2.0,2.0,2.0,1.0,2.0,2.0,1.0,2.0,1.0,1.0,2.0,1.0,2.0,,4.0,,,5.0,,,14.0,,,2.0
pid_1040,1.0,,1.0,,2.0,25.0,,,1.0,1200.0,,,31.0,,,3.0,5.0,5.0,1.0,1.0,5.0,5.0,5.0,5.0,5.0,5.0,,2.0,,3.0,4.0,3.0,,,,,5.0,1.0,6.0,2.0,5.0,5.0,2.0,5.0,6.0,6.0,40.0,40.0,40.0,45.0,36.0,40.0,66.0,66.0,50.0,67.0,4.0,,5.0,1.0,1.0,1.0,1.0,1.0,1.0,1.0,1.0,1.0,1.0,,,,,,,2.0,1.0,2.0,1.0,2.0,1.0,2.0,2.0,2.0,1.0,1.0,2.0,2.0,1.0,2.0,2.0,2.0,1.0,1.0,1.0,2.0,1.0,2.0,1.0,1.0,2.0,2.0,2.0,1.0,2.0,2.0,2.0,2.0,2.0,2.0,1.0,2.0,1.0,2.0,2.0,,5.0,,,5.0,,,15.0,,,2.0
pid_1041,,2.0,1.0,,1.0,70.0,,,,,1.0,115.0,,70.0,,6.0,5.0,5.0,1.0,1.0,5.0,5.0,5.0,3.0,5.0,5.0,5.0,,,3.0,2.0,2.0,,,,6.0,,2.0,7.0,2.0,2.0,1.0,3.0,5.0,5.0,6.0,39.0,75.0,30.0,32.0,39.0,46.0,72.0,49.0,50.0,74.0,3.0,,7.0,1.0,1.0,1.0,1.0,1.0,1.0,1.0,1.0,1.0,1.0,,,,,,,2.0,2.0,2.0,2.0,1.0,1.0,2.0,2.0,1.0,2.0,1.0,2.0,2.0,1.0,2.0,2.0,1.0,2.0,2.0,2.0,2.0,2.0,1.0,2.0,2.0,1.0,2.0,1.0,1.0,1.0,1.0,1.0,1.0,2.0,1.0,1.0,1.0,2.0,1.0,2.0,4.0,,,6.0,,,8.0,,,6.0,
pid_1042,1.0,,,1.0,,,1.0,54.0,1.0,1000.0,,,,58.0,,5.0,3.0,4.0,3.0,4.0,4.0,4.0,3.0,3.0,3.0,4.0,4.0,,,4.0,5.0,4.0,,,,4.0,,2.0,5.0,6.0,4.0,4.0,5.0,6.0,6.0,5.0,50.0,56.0,48.0,52.0,63.0,41.0,51.0,32.0,54.0,42.0,2.0,6.0,,,,,,,,,,,,1.0,1.0,1.0,1.0,1.0,1.0,1.0,1.0,1.0,1.0,1.0,1.0,1.0,1.0,1.0,1.0,1.0,1.0,1.0,1.0,1.0,1.0,1.0,1.0,1.0,1.0,1.0,1.0,1.0,1.0,1.0,1.0,1.0,1.0,1.0,1.0,1.0,1.0,1.0,1.0,1.0,1.0,1.0,1.0,1.0,1.0,4.0,,,4.0,,,,10.0,,,8.0
pid_1043,,2.0,1.0,,,,2.0,9.0,,,1.0,300.0,77.0,,5.0,,1.0,3.0,5.0,5.0,2.0,3.0,2.0,5.0,1.0,1.0,,,2.0,6.0,4.0,2.0,,,,4.0,,1.0,6.0,2.0,3.0,1.0,2.0,6.0,5.0,7.0,20.0,33.0,94.0,68.0,43.0,19.0,15.0,75.0,11.0,36.0,1.0,,5.0,1.0,1.0,1.0,1.0,1.0,1.0,1.0,1.0,1.0,1.0,,,,,,,1.0,2.0,1.0,2.0,1.0,2.0,1.0,2.0,1.0,1.0,1.0,2.0,1.0,2.0,1.0,2.0,1.0,1.0,1.0,1.0,1.0,2.0,1.0,1.0,1.0,1.0,2.0,1.0,1.0,2.0,1.0,1.0,1.0,2.0,2.0,1.0,2.0,2.0,1.0,2.0,,,5.0,,,1.0,18.0,,,,1.0
pid_1044,2.0,,,1.0,,,2.0,10.0,1.0,1100.0,,,,70.0,4.0,,2.0,4.0,4.0,3.0,3.0,3.0,4.0,4.0,3.0,4.0,1.0,,,3.0,4.0,2.0,,,,3.0,,1.0,6.0,2.0,4.0,5.0,2.0,6.0,5.0,5.0,19.0,80.0,60.0,23.0,17.0,30.0,45.0,45.0,30.0,75.0,2.0,,6.0,1.0,1.0,1.0,1.0,1.0,1.0,1.0,1.0,1.0,1.0,,,,,,,1.0,1.0,2.0,2.0,2.0,2.0,2.0,2.0,2.0,2.0,1.0,1.0,1.0,2.0,1.0,2.0,2.0,1.0,1.0,2.0,1.0,2.0,1.0,1.0,2.0,2.0,2.0,1.0,2.0,2.0,1.0,1.0,1.0,2.0,2.0,2.0,2.0,1.0,1.0,2.0,4.0,,,5.0,,,18.0,,,,8.0
pid_1045,1.0,,,2.0,1.0,84.0,,,,,1.0,123.0,30.0,,1.0,,2.0,5.0,5.0,5.0,5.0,4.0,5.0,4.0,4.0,5.0,,,1.0,,,,5.0,5.0,6.0,,6.0,2.0,5.0,2.0,2.0,5.0,5.0,6.0,6.0,7.0,12.0,100.0,100.0,100.0,30.0,62.0,100.0,87.0,100.0,100.0,2.0,6.0,,,,,,,,,,,,1.0,1.0,1.0,1.0,2.0,2.0,2.0,1.0,2.0,1.0,2.0,2.0,2.0,1.0,2.0,1.0,2.0,2.0,2.0,1.0,2.0,2.0,2.0,1.0,2.0,2.0,2.0,1.0,1.0,2.0,2.0,2.0,1.0,1.0,2.0,2.0,2.0,2.0,2.0,2.0,1.0,1.0,2.0,1.0,2.0,2.0,,,4.0,,,6.0,2.0,,,7.0,
pid_1046,,2.0,,2.0,,,1.0,12.0,,,1.0,120.0,29.0,,,4.0,2.0,4.0,5.0,4.0,2.0,3.0,2.0,3.0,4.0,4.0,,4.0,,2.0,3.0,1.0,,,,,4.0,1.0,6.0,2.0,2.0,2.0,2.0,6.0,6.0,6.0,4.0,44.0,95.0,79.0,23.0,7.0,41.0,53.0,88.0,73.0,3.0,3.0,,1.0,1.0,1.0,2.0,1.0,1.0,2.0,1.0,1.0,2.0,,,,,,,2.0,2.0,2.0,2.0,2.0,1.0,1.0,2.0,2.0,2.0,2.0,2.0,2.0,2.0,2.0,1.0,2.0,2.0,1.0,2.0,2.0,2.0,2.0,2.0,2.0,1.0,2.0,1.0,1.0,1.0,2.0,2.0,2.0,2.0,2.0,1.0,1.0,2.0,2.0,2.0,,5.0,,,5.0,,,15.0,,,1.0
pid_1047,2.0,,1.0,,2.0,50.0,,,2.0,450.0,,,30.0,,,6.0,2.0,4.0,5.0,4.0,2.0,1.0,4.0,4.0,2.0,3.0,1.0,,,,,,1.0,6.0,4.0,,5.0,1.0,6.0,1.0,5.0,5.0,1.0,7.0,5.0,5.0,19.0,82.0,97.0,50.0,7.0,4.0,77.0,77.0,12.0,63.0,3.0,,6.0,1.0,1.0,1.0,2.0,1.0,1.0,2.0,1.0,1.0,2.0,,,,,,,2.0,2.0,2.0,2.0,2.0,1.0,1.0,1.0,2.0,2.0,1.0,1.0,2.0,1.0,1.0,1.0,2.0,2.0,1.0,2.0,1.0,2.0,2.0,2.0,2.0,2.0,2.0,2.0,2.0,2.0,2.0,2.0,2.0,2.0,2.0,1.0,1.0,2.0,2.0,2.0,3.0,,,6.0,,,15.0,,,,4.0
pid_1048,,2.0,,1.0,1.0,80.0,,,2.0,200.0,,,,70.0,,3.0,1.0,1.0,5.0,5.0,1.0,1.0,1.0,3.0,1.0,3.0,,1.0,,,,,4.0,3.0,4.0,4.0,,2.0,5.0,3.0,7.0,6.0,5.0,7.0,6.0,5.0,25.0,40.0,70.0,58.0,10.0,31.0,49.0,44.0,21.0,57.0,2.0,6.0,,1.0,2.0,1.0,1.0,1.0,1.0,1.0,1.0,2.0,2.0,,,,,,,2.0,2.0,1.0,1.0,1.0,1.0,1.0,1.0,1.0,1.0,1.0,2.0,1.0,1.0,2.0,1.0,2.0,1.0,1.0,1.0,1.0,1.0,1.0,2.0,2.0,1.0,1.0,1.0,2.0,2.0,2.0,1.0,1.0,1.0,2.0,2.0,2.0,2.0,1.0,1.0,,1.0,,,4.0,,14.0,,,10.0,
pid_1049,,2.0,,2.0,,,2.0,10.0,2.0,150.0,,,,100.0,6.0,,5.0,5.0,1.0,1.0,5.0,5.0,5.0,5.0,5.0,5.0,,,5.0,,,,4.0,5.0,3.0,4.0,,1.0,7.0,2.0,3.0,3.0,3.0,7.0,6.0,6.0,64.0,85.0,40.0,50.0,40.0,60.0,55.0,69.0,40.0,78.0,4.0,,6.0,1.0,1.0,1.0,1.0,1.0,1.0,1.0,1.0,1.0,1.0,,,,,,,1.0,1.0,2.0,2.0,1.0,1.0,1.0,2.0,2.0,1.0,1.0,1.0,2.0,1.0,2.0,2.0,1.0,2.0,2.0,2.0,2.0,1.0,1.0,2.0,2.0,2.0,1.0,2.0,1.0,2.0,2.0,2.0,1.0,2.0,2.0,2.0,1.0,1.0,1.0,2.0,,,5.0,,,6.0,20.0,,1.0,,
pid_1050,1.0,,1.0,,2.0,50.0,,,,,1.0,200.0,85.0,,3.0,,5.0,5.0,3.0,3.0,4.0,5.0,4.0,5.0,4.0,4.0,,5.0,,,,,1.0,3.0,5.0,5.0,,1.0,7.0,5.0,5.0,5.0,3.0,3.0,5.0,5.0,40.0,70.0,60.0,50.0,20.0,30.0,40.0,70.0,30.0,50.0,4.0,6.0,,1.0,1.0,1.0,1.0,1.0,1.0,1.0,1.0,1.0,1.0,,,,,,,1.0,2.0,2.0,1.0,2.0,2.0,1.0,2.0,2.0,1.0,2.0,1.0,1.0,2.0,2.0,1.0,2.0,2.0,2.0,1.0,1.0,2.0,1.0,2.0,2.0,2.0,1.0,2.0,2.0,1.0,1.0,2.0,2.0,2.0,2.0,2.0,2.0,2.0,1.0,2.0,,1.0,,,6.0,,20.0,,2.0,,
pid_1051,2.0,,1.0,,2.0,5.0,,,1.0,1500.0,,,50.0,,,5.0,5.0,5.0,1.0,2.0,5.0,5.0,5.0,3.0,5.0,5.0,,,3.0,6.0,4.0,2.0,,,,,6.0,1.0,7.0,1.0,1.0,1.0,2.0,7.0,7.0,7.0,40.0,75.0,25.0,20.0,25.0,25.0,75.0,20.0,40.0,75.0,3.0,5.0,,1.0,2.0,1.0,1.0,1.0,2.0,2.0,2.0,2.0,2.0,,,,,,,1.0,1.0,1.0,2.0,1.0,1.0,1.0,2.0,1.0,1.0,2.0,1.0,2.0,1.0,2.0,2.0,2.0,1.0,1.0,2.0,1.0,1.0,2.0,1.0,2.0,1.0,2.0,1.0,2.0,1.0,2.0,1.0,2.0,1.0,1.0,2.0,2.0,1.0,1.0,1.0,,,5.0,,,6.0,15.0,,,3.0,
pid_1052,1.0,,,2.0,2.0,50.0,,,,,1.0,250.0,30.0,,,3.0,5.0,5.0,3.0,3.0,4.0,5.0,5.0,4.0,5.0,5.0,,,2.0,3.0,5.0,2.0,,,,,4.0,1.0,6.0,2.0,3.0,2.0,3.0,5.0,7.0,7.0,65.0,90.0,47.0,40.0,46.0,47.0,52.0,48.0,64.0,80.0,3.0,6.0,,1.0,1.0,1.0,2.0,1.0,1.0,1.0,2.0,1.0,2.0,,,,,,,2.0,1.0,1.0,2.0,2.0,2.0,1.0,2.0,1.0,1.0,1.0,2.0,2.0,1.0,1.0,2.0,1.0,1.0,1.0,1.0,1.0,2.0,1.0,1.0,2.0,1.0,1.0,1.0,2.0,1.0,1.0,2.0,1.0,2.0,2.0,2.0,2.0,2.0,1.0,1.0,,,5.0,,,6.0,,15.0,,,5.0
pid_1053,1.0,,1.0,,2.0,50.0,,,2.0,500.0,,,,92.0,4.0,,5.0,5.0,3.0,4.0,4.0,5.0,4.0,5.0,4.0,4.0,,,1.0,,,,3.0,3.0,4.0,,5.0,2.0,6.0,1.0,7.0,5.0,2.0,7.0,7.0,6.0,49.0,86.0,55.0,62.0,51.0,51.0,60.0,62.0,44.0,74.0,2.0,,6.0,,,,,,,,,,,1.0,1.0,1.0,1.0,1.0,1.0,1.0,1.0,2.0,2.0,1.0,2.0,2.0,2.0,2.0,2.0,2.0,2.0,2.0,2.0,2.0,2.0,1.0,2.0,1.0,2.0,2.0,2.0,2.0,2.0,2.0,2.0,2.0,2.0,1.0,1.0,2.0,2.0,1.0,2.0,2.0,1.0,2.0,1.0,2.0,1.0,,,5.0,,,5.0,,2.0,,,7.0
pid_1054,2.0,,,1.0,2.0,54.0,,,,,1.0,397.0,60.0,,3.0,,2.0,4.0,4.0,4.0,4.0,4.0,4.0,5.0,4.0,4.0,,2.0,,,,,1.0,1.0,1.0,3.0,,1.0,5.0,5.0,5.0,6.0,1.0,4.0,4.0,4.0,60.0,40.0,80.0,86.0,70.0,94.0,100.0,75.0,51.0,100.0,4.0,5.0,,,,,,,,,,,,1.0,2.0,2.0,1.0,1.0,1.0,1.0,1.0,1.0,1.0,2.0,1.0,1.0,1.0,1.0,1.0,2.0,1.0,2.0,1.0,1.0,1.0,1.0,2.0,1.0,1.0,1.0,1.0,1.0,1.0,1.0,1.0,1.0,1.0,1.0,1.0,1.0,1.0,2.0,2.0,1.0,2.0,1.0,2.0,1.0,1.0,,4.0,,,6.0,,15.0,,,10.0,
pid_1055,,1.0,,2.0,2.0,64.0,,,,,1.0,105.0,,85.0,,4.0,5.0,5.0,3.0,1.0,4.0,5.0,5.0,4.0,5.0,5.0,1.0,,,4.0,5.0,3.0,,,,,4.0,1.0,6.0,4.0,5.0,5.0,5.0,6.0,5.0,5.0,34.0,65.0,51.0,39.0,15.0,64.0,55.0,60.0,40.0,75.0,3.0,,3.0,1.0,1.0,1.0,1.0,1.0,1.0,1.0,1.0,1.0,1.0,,,,,,,2.0,2.0,2.0,1.0,1.0,1.0,2.0,2.0,2.0,2.0,1.0,2.0,1.0,2.0,1.0,1.0,2.0,2.0,2.0,2.0,2.0,1.0,2.0,2.0,2.0,2.0,1.0,2.0,2.0,2.0,2.0,2.0,1.0,2.0,2.0,1.0,2.0,2.0,1.0,1.0,5.0,,,5.0,,,15.0,,,7.0,
pid_1056,1.0,,1.0,,2.0,54.0,,,,,1.0,380.0,,50.0,,5.0,5.0,5.0,1.0,4.0,5.0,4.0,3.0,5.0,3.0,4.0,3.0,,,,,,4.0,3.0,2.0,6.0,,1.0,6.0,5.0,5.0,6.0,5.0,6.0,7.0,7.0,87.0,79.0,43.0,84.0,50.0,68.0,78.0,88.0,40.0,85.0,1.0,5.0,,,,,,,,,,,,2.0,1.0,1.0,1.0,1.0,2.0,1.0,1.0,2.0,1.0,1.0,1.0,1.0,1.0,2.0,1.0,1.0,2.0,1.0,2.0,1.0,1.0,1.0,1.0,2.0,1.0,1.0,2.0,2.0,1.0,1.0,1.0,1.0,1.0,2.0,1.0,1.0,1.0,1.0,1.0,1.0,1.0,1.0,1.0,1.0,1.0,4.0,,,4.0,,,,10.0,3.0,,
pid_1057,,2.0,,2.0,2.0,25.0,,,,,1.0,130.0,,40.0,2.0,,5.0,5.0,1.0,1.0,5.0,5.0,5.0,5.0,5.0,5.0,2.0,,,2.0,5.0,2.0,,,,6.0,,2.0,7.0,2.0,1.0,1.0,1.0,6.0,7.0,7.0,30.0,70.0,60.0,20.0,40.0,15.0,70.0,55.0,40.0,75.0,3.0,,7.0,,,,,,,,,,,1.0,1.0,2.0,2.0,1.0,1.0,2.0,1.0,2.0,1.0,2.0,2.0,2.0,2.0,2.0,2.0,1.0,2.0,1.0,2.0,1.0,2.0,1.0,2.0,2.0,2.0,2.0,2.0,2.0,1.0,2.0,2.0,2.0,1.0,2.0,2.0,2.0,2.0,2.0,2.0,2.0,2.0,1.0,1.0,1.0,2.0,5.0,,,5.0,,,18.0,,,9.0,
pid_1058,,2.0,,2.0,2.0,35.0,,,,,1.0,100.0,,80.0,,5.0,4.0,5.0,5.0,5.0,5.0,5.0,4.0,5.0,5.0,4.0,,,4.0,,,,4.0,5.0,3.0,3.0,,2.0,7.0,3.0,5.0,5.0,3.0,7.0,7.0,7.0,71.0,90.0,80.0,60.0,59.0,70.0,60.0,61.0,60.0,61.0,4.0,3.0,,,,,,,,,,,,1.0,1.0,2.0,1.0,2.0,1.0,1.0,1.0,2.0,2.0,1.0,1.0,1.0,2.0,1.0,1.0,1.0,2.0,1.0,2.0,1.0,2.0,1.0,1.0,1.0,1.0,2.0,1.0,2.0,1.0,1.0,1.0,1.0,1.0,1.0,1.0,2.0,1.0,2.0,2.0,2.0,2.0,2.0,1.0,1.0,1.0,,,5.0,,,6.0,20.0,,,9.0,
pid_1059,,2.0,,2.0,,,1.0,20.0,2.0,400.0,,,80.0,,5.0,,1.0,3.0,5.0,3.0,1.0,2.0,1.0,3.0,1.0,3.0,,,1.0,5.0,4.0,2.0,,,,,4.0,1.0,5.0,2.0,4.0,4.0,3.0,6.0,7.0,5.0,20.0,15.0,80.0,15.0,10.0,20.0,20.0,25.0,10.0,40.0,3.0,3.0,,,,,,,,,,,,1.0,1.0,1.0,1.0,2.0,2.0,2.0,1.0,1.0,1.0,2.0,2.0,1.0,2.0,2.0,2.0,1.0,2.0,2.0,1.0,2.0,1.0,1.0,2.0,2.0,2.0,2.0,1.0,2.0,2.0,2.0,1.0,2.0,1.0,1.0,2.0,1.0,1.0,2.0,2.0,2.0,1.0,2.0,2.0,2.0,1.0,,,3.0,,,4.0,,10.0,,10.0,
pid_1060,,1.0,2.0,,,,1.0,50.0,1.0,1500.0,,,51.0,,1.0,,5.0,5.0,3.0,5.0,5.0,5.0,5.0,5.0,5.0,5.0,,5.0,,,,,3.0,3.0,3.0,,5.0,2.0,7.0,1.0,7.0,6.0,2.0,6.0,7.0,6.0,100.0,100.0,18.0,100.0,100.0,100.0,100.0,100.0,100.0,100.0,4.0,6.0,,1.0,2.0,1.0,1.0,1.0,1.0,2.0,1.0,1.0,2.0,,,,,,,2.0,2.0,2.0,2.0,1.0,2.0,2.0,2.0,2.0,1.0,1.0,1.0,2.0,2.0,1.0,1.0,1.0,1.0,2.0,2.0,2.0,2.0,2.0,1.0,2.0,2.0,1.0,1.0,2.0,2.0,1.0,2.0,2.0,2.0,2.0,2.0,1.0,1.0,1.0,2.0,,5.0,,,6.0,,5.0,,3.0,,
pid_1061,,2.0,,1.0,,,1.0,25.0,2.0,300.0,,,30.0,,,2.0,4.0,5.0,3.0,3.0,4.0,4.0,5.0,4.0,5.0,5.0,4.0,,,,,,3.0,3.0,3.0,3.0,,1.0,7.0,1.0,5.0,5.0,3.0,5.0,5.0,6.0,25.0,67.0,50.0,50.0,25.0,34.0,38.0,50.0,38.0,67.0,3.0,,6.0,1.0,1.0,1.0,1.0,1.0,1.0,1.0,1.0,1.0,1.0,,,,,,,1.0,2.0,2.0,2.0,1.0,2.0,2.0,1.0,2.0,2.0,1.0,1.0,1.0,1.0,1.0,1.0,1.0,1.0,1.0,1.0,2.0,1.0,1.0,1.0,1.0,2.0,1.0,1.0,1.0,2.0,2.0,2.0,2.0,2.0,1.0,2.0,1.0,2.0,2.0,2.0,5.0,,,5.0,,,17.0,,,9.0,
pid_1062,,2.0,1.0,,2.0,32.0,,,,,1.0,312.0,,80.0,3.0,,1.0,5.0,5.0,5.0,1.0,1.0,2.0,4.0,1.0,3.0,,1.0,,,,,3.0,3.0,5.0,4.0,,1.0,6.0,5.0,4.0,3.0,5.0,6.0,6.0,7.0,42.0,75.0,95.0,98.0,60.0,50.0,25.0,80.0,40.0,85.0,1.0,,3.0,,,,,,,,,,,1.0,1.0,2.0,1.0,2.0,1.0,2.0,2.0,2.0,2.0,2.0,2.0,1.0,1.0,2.0,2.0,2.0,2.0,2.0,2.0,2.0,2.0,2.0,2.0,2.0,1.0,1.0,2.0,2.0,2.0,2.0,2.0,2.0,1.0,2.0,2.0,2.0,2.0,1.0,2.0,1.0,2.0,2.0,2.0,1.0,1.0,,4.0,,,5.0,,18.0,,,,1.0
pid_1063,,2.0,1.0,,,,1.0,54.0,,,1.0,350.0,,75.0,4.0,,3.0,3.0,3.0,5.0,4.0,3.0,4.0,4.0,3.0,4.0,,,3.0,,,,3.0,4.0,5.0,3.0,,1.0,5.0,2.0,3.0,4.0,5.0,6.0,6.0,7.0,78.0,39.0,53.0,57.0,46.0,58.0,29.0,42.0,55.0,30.0,4.0,,3.0,,,,,,,,,,,1.0,1.0,2.0,2.0,1.0,2.0,2.0,2.0,1.0,1.0,2.0,1.0,2.0,1.0,2.0,1.0,1.0,1.0,1.0,1.0,1.0,1.0,1.0,1.0,1.0,1.0,1.0,1.0,2.0,1.0,1.0,1.0,1.0,1.0,2.0,2.0,1.0,2.0,1.0,1.0,2.0,1.0,1.0,1.0,1.0,2.0,,,4.0,,,2.0,,20.0,,9.0,
pid_1064,1.0,,,2.0,2.0,50.0,,,,,1.0,110.0,85.0,,,3.0,5.0,5.0,1.0,4.0,5.0,5.0,5.0,5.0,5.0,5.0,,4.0,,3.0,5.0,3.0,,,,,4.0,1.0,6.0,2.0,6.0,3.0,2.0,5.0,5.0,5.0,45.0,75.0,35.0,65.0,40.0,35.0,47.0,65.0,50.0,65.0,4.0,6.0,,,,,,,,,,,,1.0,1.0,2.0,1.0,1.0,2.0,1.0,1.0,2.0,2.0,2.0,2.0,2.0,1.0,2.0,2.0,1.0,2.0,2.0,2.0,2.0,2.0,1.0,2.0,2.0,2.0,2.0,2.0,1.0,2.0,1.0,2.0,2.0,1.0,1.0,2.0,2.0,2.0,2.0,1.0,2.0,2.0,1.0,2.0,2.0,2.0,,4.0,,,3.0,,17.0,,,2.0,
pid_1065,,2.0,2.0,,2.0,50.0,,,,,1.0,200.0,5.0,,2.0,,4.0,5.0,5.0,5.0,3.0,4.0,4.0,3.0,5.0,5.0,,4.0,,1.0,1.0,1.0,,,,,6.0,2.0,6.0,5.0,3.0,6.0,5.0,6.0,4.0,5.0,3.0,100.0,90.0,99.0,65.0,3.0,20.0,80.0,80.0,100.0,1.0,6.0,,,,,,,,,,,,1.0,1.0,1.0,1.0,1.0,1.0,2.0,2.0,2.0,2.0,1.0,2.0,1.0,1.0,2.0,2.0,2.0,2.0,1.0,2.0,2.0,1.0,1.0,2.0,2.0,1.0,1.0,2.0,2.0,2.0,2.0,1.0,1.0,2.0,2.0,2.0,1.0,1.0,1.0,1.0,1.0,1.0,1.0,2.0,1.0,1.0,,5.0,,,6.0,,,20.0,,,3.0
pid_1067,,2.0,1.0,,2.0,45.0,,,,,1.0,125.0,,100.0,6.0,,5.0,5.0,5.0,5.0,5.0,4.0,5.0,4.0,1.0,5.0,1.0,,,1.0,4.0,2.0,,,,3.0,,2.0,6.0,5.0,2.0,3.0,1.0,5.0,7.0,7.0,77.0,100.0,100.0,100.0,85.0,73.0,90.0,62.0,100.0,100.0,2.0,6.0,,1.0,1.0,1.0,1.0,2.0,1.0,1.0,2.0,1.0,1.0,,,,,,,1.0,2.0,1.0,2.0,2.0,1.0,1.0,1.0,1.0,1.0,2.0,1.0,2.0,2.0,1.0,2.0,2.0,2.0,2.0,2.0,1.0,1.0,2.0,2.0,2.0,1.0,2.0,2.0,1.0,2.0,2.0,2.0,1.0,1.0,1.0,1.0,2.0,1.0,2.0,2.0,5.0,,,6.0,,,15.0,,1.0,,
pid_1068,,2.0,1.0,,,,1.0,24.0,,,1.0,102.0,,70.0,,5.0,1.0,1.0,5.0,5.0,1.0,1.0,4.0,5.0,1.0,2.0,,1.0,,,,,2.0,5.0,6.0,,2.0,2.0,7.0,5.0,3.0,3.0,3.0,3.0,6.0,7.0,30.0,66.0,42.0,92.0,59.0,10.0,91.0,90.0,92.0,88.0,1.0,,6.0,1.0,2.0,1.0,2.0,1.0,1.0,1.0,2.0,1.0,1.0,,,,,,,2.0,1.0,2.0,2.0,2.0,2.0,1.0,2.0,2.0,2.0,2.0,2.0,2.0,2.0,2.0,2.0,1.0,2.0,2.0,2.0,2.0,2.0,2.0,2.0,2.0,2.0,2.0,2.0,2.0,1.0,2.0,2.0,2.0,2.0,1.0,2.0,2.0,2.0,2.0,1.0,,1.0,,,4.0,,2.0,,,,2.0
pid_1069,,2.0,2.0,,2.0,45.0,,,1.0,2000.0,,,62.0,,6.0,,3.0,2.0,5.0,5.0,3.0,3.0,5.0,3.0,3.0,5.0,,,2.0,,,,3.0,1.0,1.0,,4.0,1.0,5.0,1.0,1.0,1.0,6.0,7.0,7.0,7.0,59.0,37.0,48.0,58.0,65.0,36.0,72.0,76.0,58.0,43.0,1.0,,7.0,,,,,,,,,,,1.0,1.0,1.0,2.0,2.0,2.0,2.0,1.0,1.0,1.0,2.0,2.0,2.0,2.0,2.0,2.0,2.0,2.0,1.0,2.0,2.0,1.0,2.0,1.0,1.0,2.0,2.0,1.0,1.0,1.0,1.0,1.0,2.0,2.0,2.0,1.0,2.0,2.0,2.0,2.0,2.0,1.0,2.0,1.0,1.0,1.0,,,5.0,,,6.0,2.0,,,,4.0
pid_1070,,2.0,1.0,,,,2.0,8.0,2.0,100.0,,,,70.0,,4.0,5.0,5.0,3.0,3.0,4.0,5.0,4.0,4.0,4.0,4.0,,,1.0,5.0,4.0,3.0,,,,,5.0,2.0,7.0,1.0,1.0,3.0,2.0,5.0,6.0,6.0,85.0,70.0,45.0,42.0,68.0,75.0,75.0,70.0,62.0,77.0,2.0,,2.0,,,,,,,,,,,1.0,1.0,2.0,1.0,1.0,2.0,1.0,2.0,2.0,2.0,1.0,1.0,2.0,2.0,2.0,2.0,2.0,2.0,2.0,1.0,2.0,1.0,1.0,1.0,1.0,2.0,1.0,2.0,1.0,1.0,1.0,2.0,2.0,1.0,1.0,1.0,2.0,2.0,2.0,1.0,2.0,2.0,1.0,1.0,1.0,1.0,,,5.0,,,5.0,10.0,,,4.0,
pid_1071,1.0,,1.0,,2.0,35.0,,,,,1.0,90.0,,25.0,,4.0,5.0,5.0,4.0,4.0,4.0,5.0,3.0,4.0,4.0,5.0,1.0,,,6.0,4.0,1.0,,,,4.0,,2.0,7.0,4.0,4.0,4.0,1.0,3.0,5.0,5.0,60.0,75.0,35.0,45.0,25.0,85.0,40.0,50.0,45.0,75.0,4.0,,4.0,,,,,,,,,,,1.0,2.0,2.0,1.0,1.0,1.0,2.0,1.0,1.0,1.0,2.0,1.0,2.0,2.0,1.0,1.0,2.0,2.0,2.0,2.0,1.0,2.0,1.0,2.0,2.0,2.0,1.0,1.0,1.0,1.0,1.0,2.0,2.0,2.0,2.0,1.0,1.0,2.0,2.0,2.0,2.0,1.0,2.0,2.0,2.0,2.0,5.0,,,6.0,,,20.0,,,10.0,
pid_1072,1.0,,1.0,,2.0,10.0,,,,,1.0,100.0,,72.0,2.0,,2.0,5.0,2.0,4.0,4.0,4.0,4.0,5.0,4.0,5.0,4.0,,,3.0,1.0,3.0,,,,,3.0,2.0,6.0,1.0,4.0,3.0,3.0,5.0,5.0,5.0,30.0,13.0,57.0,76.0,50.0,13.0,77.0,80.0,79.0,57.0,3.0,,6.0,1.0,2.0,1.0,1.0,2.0,2.0,1.0,2.0,1.0,1.0,,,,,,,1.0,1.0,2.0,1.0,1.0,1.0,2.0,1.0,1.0,2.0,2.0,1.0,2.0,2.0,2.0,2.0,2.0,1.0,2.0,2.0,2.0,2.0,1.0,1.0,2.0,2.0,2.0,2.0,2.0,2.0,2.0,1.0,2.0,2.0,2.0,1.0,1.0,1.0,2.0,1.0,4.0,,,5.0,,,,10.0,,10.0,
pid_1073,,1.0,1.0,,2.0,46.0,,,,,1.0,220.0,,66.0,,3.0,2.0,5.0,4.0,1.0,3.0,4.0,5.0,5.0,4.0,5.0,,4.0,,4.0,2.0,3.0,,,,,4.0,1.0,7.0,4.0,3.0,2.0,2.0,3.0,5.0,7.0,39.0,66.0,58.0,29.0,35.0,66.0,59.0,77.0,63.0,71.0,2.0,3.0,,,,,,,,,,,,1.0,1.0,2.0,1.0,1.0,2.0,2.0,1.0,1.0,2.0,2.0,1.0,2.0,2.0,2.0,2.0,2.0,2.0,2.0,2.0,2.0,2.0,2.0,2.0,1.0,2.0,1.0,2.0,2.0,1.0,1.0,2.0,1.0,1.0,2.0,2.0,1.0,2.0,1.0,1.0,2.0,1.0,1.0,1.0,1.0,2.0,,4.0,,,2.0,,15.0,,2.0,,
pid_1074,1.0,,,2.0,2.0,50.0,,,2.0,300.0,,,40.0,,3.0,,1.0,3.0,5.0,3.0,1.0,1.0,2.0,1.0,1.0,2.0,,,1.0,,,,4.0,4.0,4.0,1.0,,1.0,5.0,5.0,1.0,1.0,2.0,2.0,7.0,7.0,25.0,75.0,75.0,65.0,60.0,15.0,30.0,15.0,30.0,70.0,1.0,6.0,,1.0,2.0,1.0,1.0,1.0,2.0,1.0,1.0,2.0,1.0,,,,,,,2.0,2.0,2.0,1.0,2.0,2.0,2.0,1.0,2.0,1.0,2.0,1.0,2.0,2.0,1.0,1.0,1.0,2.0,2.0,2.0,1.0,2.0,2.0,1.0,2.0,1.0,1.0,2.0,2.0,2.0,2.0,2.0,1.0,2.0,2.0,2.0,2.0,2.0,2.0,2.0,,,4.0,,,2.0,,17.0,,,1.0
pid_1075,,2.0,,2.0,,,2.0,8.0,,,1.0,300.0,,17.0,2.0,,2.0,3.0,3.0,5.0,3.0,3.0,4.0,4.0,3.0,5.0,,3.0,,2.0,1.0,1.0,,,,4.0,,2.0,7.0,4.0,4.0,4.0,4.0,5.0,6.0,6.0,3.0,71.0,81.0,93.0,95.0,52.0,34.0,68.0,12.0,75.0,1.0,,6.0,,,,,,,,,,,1.0,1.0,1.0,1.0,1.0,1.0,1.0,2.0,1.0,2.0,2.0,2.0,1.0,1.0,1.0,2.0,2.0,1.0,1.0,1.0,2.0,2.0,2.0,2.0,2.0,2.0,2.0,2.0,2.0,1.0,1.0,2.0,1.0,2.0,2.0,2.0,1.0,2.0,1.0,1.0,2.0,2.0,2.0,2.0,2.0,2.0,,5.0,,,6.0,,18.0,,,10.0,
pid_1076,,2.0,,2.0,1.0,68.0,,,1.0,1012.0,,,25.0,,1.0,,5.0,5.0,3.0,5.0,5.0,5.0,5.0,3.0,5.0,5.0,,,1.0,,,,6.0,6.0,6.0,,6.0,1.0,7.0,1.0,5.0,5.0,1.0,7.0,5.0,5.0,60.0,60.0,35.0,35.0,60.0,60.0,84.0,60.0,60.0,60.0,4.0,6.0,,1.0,2.0,1.0,1.0,1.0,1.0,1.0,1.0,2.0,2.0,,,,,,,1.0,2.0,2.0,2.0,2.0,2.0,1.0,2.0,2.0,2.0,2.0,2.0,2.0,2.0,2.0,2.0,2.0,2.0,2.0,2.0,2.0,2.0,2.0,2.0,2.0,2.0,2.0,2.0,2.0,2.0,2.0,2.0,2.0,2.0,2.0,2.0,1.0,1.0,1.0,2.0,,,2.0,,,4.0,15.0,,,,3.0
pid_1077,2.0,,1.0,,,,2.0,8.0,2.0,800.0,,,81.0,,2.0,,4.0,1.0,5.0,2.0,2.0,2.0,1.0,3.0,1.0,2.0,,1.0,,3.0,3.0,2.0,,,,6.0,,1.0,7.0,1.0,5.0,5.0,2.0,6.0,5.0,5.0,56.0,44.0,35.0,34.0,38.0,39.0,20.0,5.0,15.0,37.0,2.0,,6.0,,,,,,,,,,,1.0,2.0,1.0,2.0,1.0,1.0,2.0,2.0,2.0,2.0,2.0,2.0,2.0,2.0,1.0,2.0,2.0,2.0,1.0,1.0,2.0,2.0,2.0,1.0,2.0,1.0,2.0,2.0,2.0,1.0,2.0,1.0,2.0,2.0,2.0,2.0,2.0,1.0,2.0,2.0,1.0,2.0,2.0,1.0,2.0,2.0,,1.0,,,1.0,,20.0,,,10.0,
pid_1078,2.0,,,2.0,,,1.0,22.0,2.0,892.0,,,,73.0,,5.0,5.0,5.0,1.0,5.0,5.0,5.0,5.0,5.0,4.0,5.0,1.0,,,,,,3.0,3.0,2.0,6.0,,2.0,7.0,5.0,4.0,4.0,2.0,6.0,6.0,6.0,58.0,43.0,74.0,52.0,22.0,56.0,79.0,44.0,27.0,63.0,1.0,,6.0,,,,,,,,,,,1.0,1.0,1.0,2.0,1.0,2.0,1.0,2.0,2.0,1.0,2.0,1.0,1.0,1.0,2.0,1.0,1.0,2.0,1.0,2.0,1.0,2.0,2.0,1.0,1.0,2.0,2.0,2.0,2.0,2.0,1.0,1.0,2.0,1.0,2.0,2.0,2.0,1.0,2.0,1.0,2.0,1.0,2.0,1.0,1.0,1.0,5.0,,,6.0,,,,4.0,3.0,,
pid_1079,,1.0,,1.0,,,1.0,15.0,2.0,900.0,,,95.0,,,3.0,2.0,5.0,3.0,1.0,3.0,4.0,5.0,4.0,5.0,5.0,,,4.0,,,,1.0,2.0,4.0,,5.0,1.0,6.0,4.0,5.0,5.0,5.0,5.0,6.0,6.0,73.0,100.0,30.0,2.0,47.0,71.0,95.0,52.0,53.0,65.0,1.0,6.0,,1.0,1.0,1.0,1.0,1.0,1.0,2.0,1.0,1.0,2.0,,,,,,,2.0,1.0,2.0,1.0,1.0,2.0,2.0,2.0,2.0,1.0,1.0,1.0,2.0,2.0,1.0,1.0,2.0,2.0,2.0,2.0,1.0,1.0,2.0,1.0,1.0,1.0,2.0,1.0,2.0,1.0,1.0,2.0,2.0,1.0,2.0,2.0,1.0,1.0,2.0,1.0,,,5.0,,,5.0,20.0,,,,3.0
pid_1080,2.0,,,2.0,2.0,57.0,,,,,1.0,200.0,,85.0,,2.0,5.0,5.0,1.0,1.0,5.0,5.0,5.0,5.0,5.0,5.0,,2.0,,,,,3.0,3.0,3.0,6.0,,1.0,7.0,2.0,5.0,5.0,6.0,7.0,7.0,7.0,50.0,43.0,43.0,32.0,51.0,50.0,48.0,47.0,47.0,47.0,2.0,,7.0,,,,,,,,,,,1.0,1.0,1.0,1.0,1.0,1.0,2.0,2.0,2.0,2.0,2.0,2.0,2.0,2.0,2.0,2.0,2.0,2.0,2.0,2.0,1.0,2.0,2.0,2.0,2.0,2.0,2.0,1.0,2.0,2.0,2.0,2.0,2.0,1.0,2.0,2.0,2.0,1.0,2.0,1.0,2.0,1.0,2.0,2.0,2.0,2.0,,5.0,,,6.0,,0.0,,,10.0,
pid_1081,1.0,,1.0,,2.0,35.0,,,1.0,1200.0,,,,10.0,3.0,,5.0,5.0,1.0,5.0,5.0,5.0,5.0,5.0,5.0,5.0,,3.0,,3.0,3.0,3.0,,,,4.0,,2.0,7.0,7.0,4.0,2.0,1.0,3.0,5.0,6.0,87.0,54.0,13.0,56.0,30.0,70.0,83.0,100.0,92.0,83.0,4.0,,7.0,,,,,,,,,,,1.0,2.0,1.0,2.0,1.0,2.0,2.0,2.0,2.0,1.0,2.0,2.0,2.0,1.0,2.0,1.0,2.0,1.0,1.0,1.0,2.0,1.0,2.0,2.0,1.0,1.0,2.0,2.0,2.0,2.0,2.0,2.0,2.0,2.0,2.0,2.0,2.0,2.0,2.0,2.0,1.0,2.0,1.0,1.0,2.0,2.0,,5.0,,,6.0,,10.0,,2.0,,
pid_1082,2.0,,,1.0,2.0,45.0,,,,,1.0,200.0,67.0,,,4.0,1.0,1.0,5.0,4.0,3.0,3.0,4.0,2.0,4.0,5.0,,1.0,,4.0,4.0,2.0,,,,,3.0,1.0,7.0,2.0,6.0,2.0,5.0,7.0,6.0,7.0,59.0,78.0,77.0,45.0,54.0,57.0,40.0,47.0,29.0,84.0,2.0,6.0,,1.0,1.0,1.0,1.0,1.0,1.0,1.0,1.0,1.0,1.0,,,,,,,2.0,2.0,2.0,2.0,1.0,1.0,2.0,1.0,2.0,1.0,2.0,2.0,2.0,1.0,1.0,2.0,2.0,1.0,1.0,2.0,2.0,1.0,2.0,2.0,1.0,1.0,2.0,1.0,1.0,1.0,2.0,2.0,1.0,1.0,2.0,2.0,1.0,2.0,2.0,1.0,,5.0,,,6.0,,20.0,,3.0,,
pid_1083,,2.0,1.0,,2.0,54.0,,,,,1.0,300.0,40.0,,1.0,,4.0,4.0,1.0,4.0,4.0,4.0,5.0,3.0,5.0,4.0,,,3.0,4.0,2.0,3.0,,,,4.0,,1.0,6.0,2.0,2.0,6.0,1.0,7.0,5.0,4.0,76.0,67.0,0.0,67.0,88.0,87.0,77.0,50.0,75.0,80.0,2.0,3.0,,1.0,2.0,1.0,1.0,1.0,1.0,1.0,1.0,2.0,2.0,,,,,,,2.0,2.0,2.0,1.0,1.0,2.0,2.0,2.0,2.0,2.0,2.0,1.0,1.0,1.0,1.0,2.0,1.0,1.0,2.0,2.0,1.0,1.0,1.0,2.0,1.0,2.0,2.0,2.0,2.0,2.0,1.0,2.0,1.0,2.0,1.0,2.0,2.0,1.0,1.0,1.0,,,4.0,,,4.0,10.0,,,,2.0
pid_1084,,2.0,,2.0,,,1.0,20.0,2.0,250.0,,,,70.0,,3.0,4.0,4.0,3.0,2.0,3.0,2.0,5.0,5.0,4.0,4.0,,4.0,,2.0,4.0,3.0,,,,,4.0,1.0,7.0,2.0,6.0,6.0,5.0,6.0,6.0,5.0,40.0,58.0,60.0,30.0,20.0,25.0,70.0,60.0,45.0,55.0,3.0,5.0,,,,,,,,,,,,1.0,1.0,1.0,1.0,1.0,1.0,2.0,2.0,2.0,2.0,2.0,2.0,1.0,2.0,2.0,1.0,1.0,1.0,2.0,2.0,2.0,2.0,2.0,2.0,2.0,2.0,1.0,2.0,2.0,2.0,2.0,1.0,1.0,1.0,2.0,2.0,1.0,2.0,2.0,2.0,2.0,2.0,2.0,1.0,1.0,2.0,,5.0,,,6.0,,,20.0,,9.0,
pid_1085,,2.0,2.0,,2.0,20.0,,,2.0,700.0,,,30.0,,,4.0,4.0,5.0,1.0,3.0,5.0,5.0,5.0,5.0,5.0,5.0,,3.0,,5.0,5.0,4.0,,,,,5.0,2.0,7.0,4.0,4.0,4.0,1.0,7.0,6.0,6.0,55.0,58.0,84.0,50.0,31.0,31.0,15.0,22.0,10.0,7.0,3.0,,4.0,,,,,,,,,,,1.0,1.0,1.0,1.0,2.0,2.0,1.0,2.0,2.0,2.0,1.0,2.0,2.0,2.0,2.0,1.0,2.0,2.0,1.0,2.0,2.0,1.0,2.0,1.0,1.0,1.0,2.0,2.0,1.0,2.0,1.0,2.0,2.0,1.0,2.0,1.0,1.0,1.0,2.0,2.0,2.0,2.0,1.0,2.0,2.0,1.0,,4.0,,,6.0,,20.0,,2.0,,
pid_1086,2.0,,,2.0,1.0,66.0,,,2.0,50.0,,,30.0,,,3.0,4.0,5.0,3.0,3.0,3.0,4.0,4.0,3.0,4.0,5.0,,,2.0,,,,3.0,3.0,3.0,4.0,,1.0,7.0,1.0,3.0,3.0,5.0,7.0,7.0,7.0,60.0,50.0,70.0,45.0,45.0,55.0,55.0,32.0,40.0,50.0,1.0,5.0,,1.0,1.0,1.0,1.0,1.0,1.0,1.0,1.0,2.0,1.0,,,,,,,2.0,1.0,1.0,1.0,1.0,2.0,2.0,1.0,2.0,1.0,2.0,2.0,2.0,1.0,1.0,2.0,1.0,1.0,2.0,1.0,1.0,2.0,1.0,1.0,2.0,1.0,1.0,1.0,2.0,1.0,1.0,2.0,1.0,1.0,2.0,2.0,1.0,2.0,2.0,2.0,,,3.0,,,6.0,15.0,,,,1.0
pid_1087,,1.0,2.0,,,,1.0,50.0,,,1.0,200.0,35.0,,,3.0,4.0,4.0,1.0,3.0,3.0,4.0,5.0,4.0,5.0,5.0,,4.0,,,,,4.0,3.0,3.0,4.0,,1.0,6.0,2.0,5.0,5.0,3.0,6.0,5.0,5.0,35.0,70.0,45.0,40.0,25.0,35.0,40.0,35.0,40.0,60.0,3.0,6.0,,,,,,,,,,,,1.0,1.0,1.0,1.0,1.0,1.0,2.0,2.0,2.0,2.0,2.0,1.0,1.0,2.0,1.0,1.0,2.0,1.0,2.0,2.0,1.0,2.0,1.0,2.0,2.0,2.0,1.0,2.0,2.0,1.0,1.0,1.0,1.0,2.0,1.0,1.0,1.0,2.0,2.0,1.0,2.0,2.0,1.0,1.0,2.0,1.0,,5.0,,,5.0,,,15.0,,,3.0
pid_1088,,2.0,1.0,,,,1.0,15.0,1.0,381.0,,,,7.0,,4.0,1.0,5.0,5.0,5.0,3.0,3.0,5.0,3.0,3.0,5.0,,,5.0,,,,5.0,3.0,5.0,6.0,,2.0,6.0,1.0,1.0,1.0,1.0,7.0,6.0,6.0,10.0,12.0,84.0,100.0,61.0,68.0,100.0,24.0,70.0,100.0,1.0,,6.0,,,,,,,,,,,1.0,1.0,2.0,1.0,2.0,1.0,1.0,1.0,2.0,1.0,1.0,1.0,1.0,1.0,2.0,2.0,1.0,1.0,1.0,2.0,2.0,1.0,1.0,2.0,2.0,1.0,1.0,2.0,1.0,2.0,1.0,1.0,1.0,1.0,1.0,2.0,1.0,2.0,1.0,1.0,1.0,1.0,1.0,1.0,1.0,1.0,,,5.0,,,6.0,,10.0,,9.0,
pid_1089,1.0,,1.0,,,,1.0,18.0,,,1.0,186.0,,70.0,3.0,,4.0,3.0,1.0,1.0,3.0,5.0,5.0,3.0,5.0,5.0,,1.0,,4.0,4.0,4.0,,,,5.0,,2.0,5.0,2.0,4.0,5.0,2.0,5.0,4.0,3.0,30.0,80.0,50.0,15.0,30.0,60.0,85.0,25.0,65.0,50.0,3.0,,6.0,1.0,1.0,1.0,1.0,1.0,1.0,1.0,1.0,1.0,1.0,,,,,,,2.0,2.0,1.0,2.0,2.0,2.0,2.0,1.0,2.0,2.0,2.0,2.0,2.0,2.0,2.0,1.0,2.0,2.0,2.0,2.0,2.0,2.0,2.0,2.0,2.0,2.0,2.0,2.0,2.0,2.0,2.0,2.0,2.0,2.0,2.0,2.0,2.0,2.0,2.0,1.0,,5.0,,,6.0,,,18.0,,,2.0
pid_1090,1.0,,,1.0,,,1.0,49.0,,,1.0,125.0,77.0,,,2.0,4.0,5.0,1.0,5.0,5.0,5.0,5.0,5.0,5.0,5.0,1.0,,,4.0,6.0,1.0,,,,,6.0,1.0,6.0,1.0,2.0,3.0,2.0,7.0,7.0,6.0,23.0,86.0,74.0,30.0,16.0,72.0,40.0,61.0,33.0,37.0,3.0,,4.0,1.0,2.0,2.0,2.0,1.0,2.0,2.0,1.0,1.0,2.0,,,,,,,2.0,2.0,2.0,2.0,2.0,2.0,2.0,2.0,2.0,2.0,2.0,2.0,2.0,2.0,2.0,2.0,2.0,2.0,1.0,2.0,1.0,2.0,2.0,1.0,2.0,2.0,1.0,1.0,2.0,2.0,2.0,2.0,2.0,2.0,2.0,2.0,2.0,2.0,1.0,2.0,5.0,,,6.0,,,,16.0,2.0,,
pid_1091,1.0,,,2.0,2.0,30.0,,,,,1.0,175.0,60.0,,,4.0,1.0,1.0,5.0,3.0,1.0,1.0,3.0,4.0,1.0,4.0,,1.0,,,,,2.0,6.0,3.0,,4.0,1.0,5.0,1.0,4.0,6.0,5.0,6.0,5.0,5.0,35.0,90.0,60.0,50.0,20.0,30.0,45.0,55.0,5.0,85.0,3.0,6.0,,1.0,1.0,1.0,1.0,1.0,1.0,1.0,1.0,1.0,1.0,,,,,,,2.0,1.0,1.0,2.0,2.0,2.0,2.0,2.0,2.0,1.0,2.0,2.0,2.0,2.0,1.0,1.0,2.0,2.0,2.0,2.0,1.0,1.0,2.0,2.0,2.0,1.0,2.0,1.0,2.0,2.0,2.0,2.0,2.0,2.0,2.0,1.0,1.0,2.0,1.0,1.0,,4.0,,,5.0,,20.0,,,,2.0
pid_1092,,1.0,1.0,,2.0,50.0,,,,,1.0,400.0,50.0,,,2.0,2.0,5.0,1.0,5.0,3.0,4.0,4.0,4.0,4.0,5.0,4.0,,,,,,4.0,4.0,6.0,4.0,,1.0,6.0,2.0,2.0,3.0,1.0,5.0,6.0,5.0,70.0,100.0,20.0,80.0,60.0,70.0,80.0,80.0,90.0,80.0,3.0,6.0,,,,,,,,,,,,1.0,1.0,1.0,1.0,1.0,1.0,1.0,1.0,1.0,1.0,1.0,1.0,1.0,1.0,2.0,1.0,1.0,1.0,1.0,2.0,1.0,2.0,1.0,1.0,1.0,1.0,1.0,1.0,2.0,1.0,2.0,1.0,1.0,1.0,2.0,2.0,2.0,2.0,2.0,1.0,1.0,2.0,1.0,2.0,1.0,1.0,4.0,,,5.0,,,18.0,,2.0,,
pid_1093,,1.0,,1.0,,,1.0,18.0,2.0,700.0,,,,85.0,4.0,,1.0,1.0,5.0,5.0,1.0,1.0,1.0,4.0,2.0,1.0,,1.0,,,,,3.0,5.0,5.0,4.0,,2.0,7.0,5.0,6.0,6.0,2.0,3.0,3.0,3.0,41.0,66.0,88.0,46.0,48.0,22.0,41.0,73.0,34.0,83.0,1.0,,7.0,,,,,,,,,,,1.0,1.0,1.0,1.0,2.0,2.0,2.0,2.0,1.0,1.0,1.0,2.0,1.0,2.0,1.0,1.0,1.0,1.0,1.0,1.0,1.0,2.0,2.0,2.0,2.0,1.0,1.0,2.0,1.0,1.0,2.0,1.0,2.0,2.0,2.0,1.0,1.0,2.0,2.0,2.0,1.0,2.0,2.0,1.0,1.0,1.0,,5.0,,,5.0,,17.0,,1.0,,
pid_1094,,2.0,,2.0,,,2.0,6.0,2.0,500.0,,,30.0,,,3.0,5.0,5.0,4.0,3.0,4.0,4.0,5.0,4.0,1.0,5.0,,2.0,,,,,4.0,3.0,3.0,,5.0,2.0,6.0,3.0,4.0,4.0,6.0,6.0,5.0,5.0,45.0,45.0,60.0,70.0,40.0,40.0,45.0,55.0,40.0,50.0,3.0,,5.0,1.0,1.0,1.0,2.0,1.0,1.0,2.0,1.0,1.0,2.0,,,,,,,2.0,2.0,1.0,2.0,2.0,2.0,2.0,2.0,2.0,2.0,2.0,2.0,2.0,2.0,1.0,2.0,2.0,1.0,2.0,1.0,2.0,1.0,2.0,2.0,1.0,2.0,2.0,2.0,1.0,2.0,2.0,2.0,2.0,2.0,2.0,2.0,2.0,2.0,2.0,2.0,,4.0,,,6.0,,,0.0,,9.0,
pid_1095,,1.0,,1.0,,,1.0,6.0,1.0,1500.0,,,30.0,,,6.0,3.0,3.0,3.0,3.0,4.0,3.0,4.0,3.0,4.0,4.0,,3.0,,,,,2.0,2.0,2.0,4.0,,1.0,6.0,1.0,3.0,1.0,3.0,7.0,5.0,5.0,50.0,53.0,90.0,62.0,50.0,50.0,76.0,51.0,77.0,74.0,1.0,3.0,,2.0,1.0,1.0,1.0,2.0,2.0,1.0,2.0,1.0,1.0,,,,,,,2.0,2.0,2.0,1.0,2.0,2.0,2.0,2.0,1.0,1.0,2.0,2.0,2.0,1.0,2.0,1.0,2.0,1.0,2.0,1.0,1.0,2.0,1.0,2.0,2.0,2.0,2.0,2.0,1.0,2.0,2.0,1.0,2.0,1.0,2.0,2.0,2.0,1.0,2.0,1.0,,4.0,,,4.0,,10.0,,,,3.0
pid_1096,,2.0,,1.0,2.0,20.0,,,,,1.0,190.0,,50.0,,2.0,2.0,5.0,4.0,4.0,4.0,2.0,3.0,5.0,4.0,4.0,2.0,,,,,,1.0,1.0,1.0,6.0,,1.0,3.0,1.0,1.0,1.0,2.0,6.0,7.0,7.0,65.0,75.0,89.0,60.0,75.0,40.0,25.0,50.0,5.0,30.0,3.0,,6.0,1.0,1.0,1.0,1.0,2.0,2.0,1.0,1.0,1.0,1.0,,,,,,,1.0,2.0,2.0,1.0,1.0,2.0,1.0,2.0,2.0,2.0,1.0,2.0,2.0,1.0,2.0,2.0,2.0,1.0,2.0,2.0,2.0,2.0,2.0,2.0,1.0,2.0,1.0,2.0,2.0,2.0,2.0,1.0,2.0,2.0,2.0,1.0,2.0,1.0,2.0,1.0,5.0,,,6.0,,,,20.0,,,9.0
pid_1097,,2.0,2.0,,2.0,45.0,,,,,1.0,125.0,90.0,,3.0,,1.0,4.0,4.0,5.0,3.0,1.0,1.0,3.0,4.0,4.0,,,4.0,3.0,3.0,2.0,,,,2.0,,1.0,5.0,1.0,5.0,5.0,2.0,5.0,6.0,6.0,28.0,48.0,70.0,40.0,40.0,15.0,20.0,45.0,60.0,70.0,1.0,,6.0,,,,,,,,,,,1.0,1.0,2.0,1.0,2.0,1.0,2.0,2.0,1.0,2.0,2.0,2.0,1.0,2.0,1.0,2.0,1.0,2.0,1.0,1.0,2.0,2.0,2.0,2.0,2.0,2.0,2.0,1.0,2.0,2.0,2.0,2.0,1.0,2.0,1.0,1.0,1.0,2.0,2.0,2.0,2.0,1.0,2.0,1.0,2.0,2.0,,,4.0,,,4.0,,12.0,1.0,,
pid_1098,,2.0,,2.0,2.0,50.0,,,,,1.0,121.0,30.0,,4.0,,2.0,5.0,2.0,3.0,3.0,4.0,5.0,3.0,4.0,5.0,,,4.0,4.0,4.0,2.0,,,,,3.0,2.0,7.0,5.0,5.0,5.0,2.0,5.0,6.0,7.0,64.0,98.0,21.0,25.0,93.0,57.0,93.0,97.0,79.0,86.0,1.0,,6.0,1.0,1.0,1.0,1.0,1.0,1.0,1.0,1.0,1.0,1.0,,,,,,,2.0,2.0,2.0,2.0,2.0,2.0,2.0,2.0,2.0,2.0,2.0,2.0,2.0,2.0,2.0,2.0,2.0,2.0,2.0,2.0,2.0,2.0,2.0,2.0,2.0,2.0,2.0,2.0,2.0,2.0,2.0,2.0,2.0,1.0,2.0,2.0,2.0,2.0,2.0,2.0,,,4.0,,,6.0,20.0,,,,1.0
pid_1099,,2.0,1.0,,,,1.0,15.0,1.0,2500.0,,,30.0,,,3.0,5.0,5.0,1.0,4.0,2.0,4.0,5.0,5.0,5.0,5.0,1.0,,,,,,6.0,5.0,5.0,,4.0,1.0,7.0,5.0,7.0,5.0,2.0,5.0,7.0,7.0,60.0,90.0,90.0,60.0,20.0,50.0,80.0,90.0,50.0,85.0,4.0,5.0,,,,,,,,,,,,1.0,1.0,1.0,1.0,1.0,1.0,1.0,1.0,1.0,2.0,2.0,2.0,2.0,1.0,2.0,2.0,2.0,2.0,2.0,2.0,1.0,2.0,2.0,2.0,1.0,1.0,2.0,2.0,1.0,1.0,2.0,2.0,2.0,1.0,2.0,2.0,2.0,2.0,1.0,2.0,2.0,1.0,1.0,2.0,2.0,2.0,4.0,,,4.0,,,5.0,,,5.0,
pid_1100,2.0,,1.0,,,,1.0,20.0,2.0,300.0,,,,25.0,,5.0,4.0,5.0,3.0,1.0,4.0,4.0,5.0,5.0,5.0,5.0,,5.0,,2.0,2.0,2.0,,,,,4.0,1.0,7.0,5.0,5.0,5.0,1.0,5.0,6.0,6.0,30.0,90.0,70.0,10.0,30.0,30.0,85.0,50.0,95.0,95.0,3.0,,7.0,,,,,,,,,,,1.0,1.0,1.0,2.0,2.0,2.0,2.0,2.0,2.0,2.0,2.0,1.0,2.0,2.0,2.0,1.0,2.0,2.0,2.0,2.0,2.0,2.0,1.0,1.0,2.0,2.0,2.0,2.0,1.0,1.0,2.0,2.0,2.0,2.0,2.0,2.0,2.0,1.0,2.0,2.0,2.0,2.0,2.0,1.0,2.0,2.0,,5.0,,,6.0,,20.0,,1.0,,
pid_1101,,2.0,1.0,,2.0,10.0,,,,,1.0,200.0,70.0,,2.0,,5.0,5.0,2.0,5.0,5.0,5.0,5.0,5.0,5.0,5.0,3.0,,,,,,3.0,3.0,3.0,,5.0,2.0,7.0,3.0,6.0,6.0,1.0,5.0,6.0,5.0,30.0,60.0,37.0,68.0,39.0,33.0,50.0,40.0,45.0,73.0,4.0,4.0,,,,,,,,,,,,1.0,1.0,1.0,1.0,1.0,1.0,1.0,2.0,2.0,2.0,2.0,2.0,2.0,2.0,2.0,1.0,2.0,2.0,2.0,1.0,1.0,2.0,1.0,2.0,2.0,2.0,2.0,2.0,2.0,1.0,1.0,2.0,2.0,2.0,2.0,1.0,2.0,2.0,2.0,2.0,2.0,2.0,2.0,1.0,2.0,2.0,5.0,,,2.0,,,18.0,,1.0,,
pid_1102,,1.0,1.0,,2.0,50.0,,,,,1.0,100.0,30.0,,,5.0,4.0,5.0,3.0,3.0,4.0,4.0,5.0,3.0,3.0,5.0,,,3.0,,,,2.0,2.0,4.0,,4.0,1.0,5.0,2.0,4.0,3.0,2.0,5.0,5.0,6.0,40.0,60.0,50.0,50.0,30.0,40.0,70.0,50.0,40.0,60.0,3.0,5.0,,1.0,2.0,1.0,2.0,1.0,1.0,1.0,2.0,1.0,1.0,,,,,,,1.0,1.0,1.0,2.0,2.0,2.0,2.0,2.0,1.0,1.0,2.0,2.0,2.0,2.0,1.0,2.0,2.0,1.0,2.0,2.0,2.0,1.0,2.0,1.0,1.0,2.0,1.0,2.0,2.0,2.0,2.0,2.0,1.0,1.0,2.0,1.0,2.0,1.0,1.0,2.0,,,4.0,,,5.0,20.0,,,,4.0
pid_1103,2.0,,,1.0,2.0,50.0,,,2.0,200.0,,,,60.0,,3.0,3.0,4.0,1.0,3.0,5.0,3.0,4.0,5.0,5.0,5.0,,2.0,,3.0,2.0,2.0,,,,,5.0,1.0,7.0,5.0,4.0,6.0,5.0,6.0,6.0,6.0,30.0,15.0,37.0,45.0,40.0,20.0,37.0,60.0,65.0,70.0,3.0,6.0,,1.0,1.0,1.0,2.0,1.0,1.0,2.0,1.0,2.0,1.0,,,,,,,2.0,1.0,1.0,1.0,1.0,1.0,1.0,1.0,2.0,1.0,1.0,1.0,2.0,1.0,1.0,1.0,1.0,1.0,1.0,2.0,1.0,1.0,1.0,2.0,2.0,1.0,1.0,1.0,2.0,2.0,2.0,1.0,1.0,2.0,1.0,2.0,2.0,2.0,2.0,1.0,,5.0,,,6.0,,,5.0,,,4.0
pid_1104,,1.0,1.0,,,,2.0,8.0,,,1.0,97.0,75.0,,,2.0,4.0,5.0,5.0,4.0,4.0,1.0,5.0,3.0,1.0,5.0,,,2.0,,,,4.0,5.0,2.0,5.0,,2.0,6.0,2.0,3.0,5.0,3.0,6.0,6.0,5.0,25.0,84.0,57.0,46.0,34.0,16.0,52.0,51.0,30.0,100.0,3.0,,6.0,,,,,,,,,,,1.0,1.0,1.0,1.0,2.0,2.0,1.0,1.0,1.0,2.0,1.0,2.0,1.0,2.0,1.0,1.0,2.0,2.0,2.0,1.0,2.0,1.0,2.0,1.0,1.0,1.0,1.0,1.0,1.0,1.0,1.0,1.0,1.0,1.0,1.0,2.0,2.0,2.0,1.0,2.0,2.0,2.0,1.0,2.0,2.0,2.0,,,5.0,,,6.0,,20.0,,,1.0
pid_1105,,2.0,,1.0,,,2.0,10.0,2.0,800.0,,,60.0,,2.0,,3.0,4.0,1.0,3.0,4.0,4.0,5.0,3.0,5.0,5.0,4.0,,,4.0,3.0,2.0,,,,4.0,,1.0,7.0,2.0,4.0,6.0,3.0,5.0,4.0,3.0,45.0,65.0,17.0,36.0,60.0,50.0,55.0,40.0,58.0,90.0,4.0,3.0,,1.0,1.0,1.0,1.0,2.0,1.0,2.0,1.0,1.0,2.0,,,,,,,2.0,2.0,1.0,2.0,2.0,2.0,1.0,1.0,2.0,1.0,1.0,1.0,2.0,2.0,1.0,2.0,1.0,2.0,2.0,2.0,2.0,2.0,1.0,2.0,2.0,2.0,2.0,2.0,2.0,2.0,2.0,2.0,2.0,1.0,1.0,2.0,2.0,2.0,2.0,2.0,5.0,,,5.0,,,,5.0,,5.0,
pid_1106,1.0,,1.0,,,,2.0,4.0,,,2.0,300.0,85.0,,,3.0,5.0,3.0,3.0,5.0,4.0,4.0,3.0,3.0,3.0,4.0,,,3.0,1.0,1.0,1.0,,,,,6.0,2.0,5.0,4.0,2.0,6.0,2.0,2.0,6.0,2.0,12.0,21.0,40.0,54.0,34.0,76.0,77.0,52.0,67.0,46.0,1.0,,6.0,1.0,1.0,1.0,1.0,1.0,1.0,1.0,1.0,1.0,1.0,,,,,,,1.0,1.0,1.0,1.0,1.0,1.0,1.0,1.0,1.0,1.0,1.0,1.0,1.0,1.0,1.0,1.0,1.0,1.0,1.0,1.0,1.0,1.0,1.0,1.0,1.0,1.0,1.0,1.0,1.0,1.0,1.0,1.0,1.0,1.0,1.0,1.0,1.0,1.0,1.0,1.0,,,5.0,,,6.0,,15.0,6.0,,
pid_1107,,2.0,,2.0,2.0,50.0,,,2.0,350.0,,,,16.0,3.0,,2.0,5.0,5.0,4.0,2.0,2.0,5.0,3.0,3.0,4.0,2.0,,,,,,3.0,3.0,4.0,,4.0,1.0,6.0,7.0,2.0,6.0,2.0,3.0,6.0,6.0,15.0,100.0,96.0,25.0,56.0,67.0,97.0,90.0,61.0,82.0,3.0,6.0,,1.0,1.0,1.0,1.0,1.0,1.0,1.0,1.0,1.0,1.0,,,,,,,2.0,2.0,2.0,2.0,2.0,1.0,2.0,2.0,1.0,2.0,2.0,1.0,2.0,2.0,1.0,2.0,1.0,2.0,2.0,2.0,2.0,2.0,2.0,2.0,2.0,1.0,2.0,2.0,2.0,2.0,1.0,2.0,2.0,2.0,2.0,2.0,2.0,2.0,2.0,2.0,2.0,,,1.0,,,3.0,,,10.0,
pid_1108,,2.0,2.0,,,,1.0,17.0,,,1.0,300.0,,70.0,,4.0,2.0,3.0,5.0,4.0,3.0,1.0,1.0,1.0,1.0,4.0,2.0,,,2.0,5.0,2.0,,,,,6.0,2.0,6.0,3.0,6.0,5.0,3.0,6.0,5.0,6.0,32.0,55.0,84.0,74.0,16.0,31.0,37.0,34.0,37.0,66.0,1.0,6.0,,1.0,1.0,1.0,1.0,2.0,1.0,1.0,2.0,2.0,1.0,,,,,,,1.0,1.0,2.0,2.0,2.0,2.0,2.0,2.0,2.0,2.0,2.0,2.0,2.0,1.0,1.0,1.0,2.0,1.0,2.0,2.0,1.0,1.0,1.0,2.0,1.0,1.0,1.0,2.0,1.0,1.0,2.0,2.0,1.0,1.0,1.0,1.0,2.0,2.0,2.0,1.0,4.0,,,4.0,,,15.0,,5.0,,
pid_1109,,2.0,,2.0,,,1.0,50.0,,,1.0,275.0,,90.0,,4.0,2.0,1.0,5.0,5.0,1.0,1.0,2.0,3.0,1.0,3.0,,,5.0,5.0,4.0,2.0,,,,,4.0,1.0,5.0,2.0,5.0,5.0,2.0,6.0,6.0,6.0,20.0,30.0,80.0,58.0,25.0,20.0,36.0,58.0,25.0,36.0,3.0,,6.0,1.0,1.0,1.0,1.0,1.0,1.0,1.0,1.0,1.0,1.0,,,,,,,1.0,2.0,2.0,2.0,1.0,2.0,1.0,2.0,2.0,1.0,2.0,1.0,2.0,2.0,2.0,2.0,1.0,2.0,2.0,2.0,2.0,1.0,2.0,2.0,2.0,2.0,2.0,2.0,1.0,2.0,1.0,1.0,1.0,1.0,2.0,2.0,1.0,1.0,1.0,2.0,,,5.0,,,5.0,15.0,,2.0,,
pid_1111,1.0,,,1.0,,,1.0,20.0,,,1.0,400.0,,100.0,,6.0,5.0,5.0,5.0,5.0,5.0,5.0,5.0,5.0,5.0,5.0,,,5.0,,,,3.0,3.0,3.0,,6.0,1.0,6.0,1.0,2.0,2.0,1.0,5.0,6.0,6.0,66.0,89.0,87.0,67.0,39.0,57.0,57.0,65.0,75.0,64.0,4.0,,5.0,,,,,,,,,,,1.0,1.0,2.0,1.0,1.0,2.0,2.0,1.0,2.0,2.0,2.0,1.0,1.0,2.0,2.0,2.0,2.0,2.0,2.0,1.0,2.0,2.0,2.0,2.0,2.0,2.0,2.0,2.0,1.0,2.0,1.0,1.0,1.0,2.0,2.0,2.0,1.0,1.0,1.0,2.0,2.0,1.0,2.0,2.0,2.0,1.0,,,5.0,,,4.0,,15.0,,,4.0
pid_1112,1.0,,1.0,,,,1.0,30.0,2.0,900.0,,,60.0,,,4.0,3.0,5.0,3.0,1.0,5.0,4.0,5.0,3.0,5.0,5.0,,5.0,,3.0,3.0,2.0,,,,,6.0,1.0,5.0,4.0,6.0,6.0,5.0,6.0,7.0,7.0,31.0,50.0,69.0,28.0,22.0,27.0,35.0,43.0,41.0,59.0,4.0,6.0,,1.0,1.0,1.0,1.0,1.0,1.0,1.0,1.0,1.0,1.0,,,,,,,2.0,2.0,2.0,2.0,2.0,2.0,2.0,1.0,2.0,1.0,2.0,2.0,2.0,2.0,2.0,1.0,2.0,2.0,1.0,2.0,1.0,2.0,2.0,2.0,2.0,2.0,2.0,1.0,2.0,2.0,2.0,1.0,1.0,2.0,2.0,2.0,2.0,2.0,2.0,1.0,,5.0,,,2.0,,15.0,,,,2.0
pid_1113,,2.0,1.0,,2.0,50.0,,,2.0,250.0,,,,60.0,3.0,,5.0,1.0,1.0,5.0,5.0,5.0,5.0,5.0,5.0,5.0,1.0,,,3.0,4.0,2.0,,,,,6.0,1.0,5.0,1.0,6.0,6.0,3.0,3.0,5.0,6.0,100.0,0.0,0.0,100.0,100.0,100.0,100.0,100.0,100.0,100.0,2.0,,6.0,1.0,2.0,1.0,1.0,1.0,1.0,1.0,1.0,2.0,2.0,,,,,,,2.0,1.0,2.0,2.0,1.0,1.0,1.0,1.0,1.0,1.0,1.0,2.0,1.0,1.0,1.0,1.0,2.0,1.0,2.0,1.0,2.0,2.0,2.0,1.0,2.0,1.0,1.0,1.0,1.0,1.0,1.0,1.0,1.0,2.0,1.0,1.0,1.0,2.0,1.0,1.0,5.0,,,6.0,,,,10.0,4.0,,
pid_1114,,2.0,,2.0,,,1.0,24.0,,,1.0,120.0,40.0,,,6.0,5.0,5.0,3.0,2.0,4.0,5.0,5.0,5.0,5.0,5.0,1.0,,,3.0,3.0,3.0,,,,,4.0,1.0,7.0,1.0,6.0,6.0,5.0,7.0,6.0,5.0,55.0,65.0,49.0,40.0,54.0,51.0,80.0,80.0,55.0,75.0,3.0,,4.0,,,,,,,,,,,1.0,1.0,1.0,1.0,1.0,1.0,2.0,2.0,1.0,1.0,2.0,2.0,2.0,1.0,2.0,2.0,1.0,2.0,1.0,1.0,2.0,1.0,2.0,2.0,2.0,2.0,2.0,2.0,2.0,1.0,1.0,2.0,1.0,2.0,2.0,2.0,1.0,2.0,1.0,2.0,2.0,2.0,2.0,2.0,2.0,2.0,4.0,,,4.0,,,,20.0,4.0,,
pid_1115,,2.0,2.0,,1.0,110.0,,,,,1.0,110.0,,51.0,,5.0,3.0,1.0,4.0,4.0,4.0,3.0,3.0,4.0,3.0,4.0,4.0,,,2.0,1.0,1.0,,,,5.0,,1.0,6.0,1.0,5.0,5.0,4.0,5.0,6.0,6.0,27.0,71.0,77.0,80.0,14.0,73.0,46.0,55.0,65.0,78.0,2.0,3.0,,1.0,1.0,1.0,2.0,2.0,1.0,1.0,1.0,2.0,2.0,,,,,,,2.0,2.0,1.0,1.0,2.0,1.0,1.0,2.0,1.0,1.0,2.0,1.0,1.0,2.0,1.0,1.0,1.0,2.0,2.0,1.0,2.0,2.0,1.0,2.0,2.0,2.0,1.0,2.0,1.0,1.0,1.0,1.0,2.0,1.0,2.0,1.0,1.0,1.0,1.0,2.0,5.0,,,6.0,,,0.0,,,9.0,
pid_1116,1.0,,,1.0,2.0,30.0,,,,,2.0,60.0,,60.0,2.0,,3.0,2.0,4.0,4.0,5.0,3.0,5.0,3.0,3.0,3.0,,4.0,,1.0,3.0,1.0,,,,,6.0,2.0,6.0,1.0,4.0,4.0,2.0,7.0,6.0,6.0,36.0,8.0,70.0,13.0,50.0,31.0,34.0,44.0,22.0,27.0,2.0,2.0,,1.0,2.0,1.0,2.0,2.0,2.0,1.0,2.0,1.0,1.0,,,,,,,1.0,2.0,1.0,1.0,2.0,1.0,1.0,1.0,2.0,2.0,2.0,1.0,1.0,2.0,2.0,1.0,1.0,2.0,2.0,2.0,1.0,2.0,2.0,1.0,2.0,2.0,1.0,2.0,1.0,2.0,2.0,2.0,2.0,2.0,1.0,2.0,2.0,1.0,2.0,2.0,,2.0,,,2.0,,,3.0,,,2.0
pid_1117,1.0,,2.0,,,,1.0,40.0,2.0,100.0,,,,70.0,2.0,,5.0,4.0,1.0,4.0,5.0,4.0,5.0,4.0,5.0,5.0,,,4.0,3.0,3.0,2.0,,,,5.0,,1.0,7.0,1.0,3.0,2.0,5.0,7.0,6.0,7.0,76.0,86.0,69.0,58.0,55.0,24.0,79.0,58.0,34.0,92.0,2.0,6.0,,,,,,,,,,,,1.0,1.0,1.0,1.0,1.0,1.0,2.0,2.0,1.0,1.0,2.0,2.0,2.0,2.0,2.0,2.0,1.0,1.0,1.0,2.0,2.0,1.0,2.0,2.0,2.0,2.0,2.0,2.0,2.0,2.0,1.0,2.0,1.0,2.0,1.0,2.0,2.0,1.0,2.0,2.0,2.0,2.0,1.0,1.0,2.0,2.0,,,5.0,,,4.0,15.0,,1.0,,
pid_1118,1.0,,,2.0,,,1.0,35.0,,,1.0,100.0,,70.0,,2.0,2.0,4.0,4.0,4.0,4.0,2.0,5.0,4.0,4.0,4.0,,,5.0,4.0,4.0,4.0,,,,4.0,,1.0,7.0,5.0,7.0,7.0,3.0,6.0,5.0,5.0,37.0,59.0,48.0,41.0,53.0,44.0,47.0,51.0,30.0,39.0,4.0,5.0,,,,,,,,,,,,1.0,1.0,1.0,1.0,2.0,2.0,2.0,1.0,2.0,2.0,2.0,2.0,2.0,1.0,2.0,2.0,1.0,2.0,2.0,2.0,2.0,1.0,1.0,2.0,2.0,2.0,1.0,2.0,1.0,2.0,1.0,2.0,2.0,2.0,2.0,2.0,2.0,1.0,1.0,1.0,2.0,1.0,1.0,2.0,2.0,2.0,,,2.0,,,5.0,,0.0,,,2.0
pid_1119,,2.0,,2.0,2.0,45.0,,,,,1.0,300.0,,78.0,5.0,,2.0,5.0,2.0,4.0,4.0,3.0,5.0,3.0,4.0,4.0,,3.0,,,,,5.0,5.0,5.0,4.0,,2.0,7.0,2.0,5.0,3.0,3.0,7.0,7.0,7.0,38.0,75.0,66.0,76.0,57.0,74.0,89.0,50.0,43.0,65.0,1.0,,6.0,1.0,1.0,1.0,1.0,1.0,1.0,1.0,1.0,1.0,1.0,,,,,,,2.0,2.0,1.0,1.0,2.0,2.0,2.0,1.0,1.0,1.0,1.0,2.0,1.0,2.0,1.0,1.0,2.0,1.0,1.0,2.0,1.0,1.0,1.0,1.0,2.0,1.0,2.0,1.0,2.0,1.0,1.0,2.0,1.0,1.0,2.0,1.0,2.0,1.0,2.0,2.0,,5.0,,,4.0,,,10.0,2.0,,
pid_1120,1.0,,,1.0,,,1.0,40.0,2.0,500.0,,,30.0,,4.0,,4.0,4.0,3.0,4.0,3.0,3.0,3.0,4.0,4.0,5.0,,3.0,,3.0,3.0,3.0,,,,,5.0,1.0,3.0,2.0,5.0,4.0,2.0,3.0,5.0,5.0,60.0,45.0,30.0,20.0,35.0,50.0,55.0,70.0,85.0,95.0,3.0,,6.0,1.0,2.0,2.0,1.0,2.0,1.0,2.0,1.0,2.0,1.0,,,,,,,2.0,2.0,1.0,2.0,2.0,1.0,2.0,2.0,1.0,2.0,1.0,1.0,2.0,2.0,1.0,2.0,1.0,2.0,1.0,2.0,2.0,1.0,2.0,2.0,1.0,1.0,1.0,2.0,2.0,2.0,2.0,1.0,2.0,1.0,2.0,1.0,2.0,1.0,2.0,1.0,,3.0,,,3.0,,16.0,,2.0,,
pid_1121,1.0,,,1.0,,,1.0,15.0,,,1.0,150.0,61.0,,,4.0,2.0,5.0,3.0,3.0,4.0,3.0,5.0,4.0,3.0,5.0,,,3.0,,,,3.0,4.0,4.0,,6.0,2.0,6.0,2.0,3.0,3.0,3.0,6.0,5.0,5.0,53.0,76.0,59.0,49.0,36.0,56.0,34.0,29.0,42.0,39.0,2.0,,7.0,,,,,,,,,,,1.0,1.0,2.0,1.0,2.0,1.0,2.0,2.0,1.0,2.0,2.0,1.0,2.0,2.0,1.0,2.0,2.0,1.0,1.0,2.0,2.0,2.0,2.0,2.0,1.0,2.0,2.0,2.0,1.0,2.0,2.0,2.0,1.0,1.0,2.0,2.0,1.0,1.0,2.0,1.0,1.0,2.0,2.0,1.0,2.0,1.0,,,5.0,,,4.0,,0.0,,,2.0
pid_1122,2.0,,1.0,,1.0,73.0,,,,,1.0,90.0,,85.0,,3.0,2.0,4.0,4.0,5.0,4.0,2.0,2.0,5.0,5.0,4.0,,2.0,,4.0,3.0,2.0,,,,3.0,,2.0,5.0,3.0,6.0,2.0,5.0,6.0,5.0,6.0,35.0,63.0,70.0,79.0,60.0,54.0,42.0,75.0,67.0,48.0,2.0,3.0,,,,,,,,,,,,1.0,1.0,2.0,1.0,2.0,1.0,2.0,2.0,1.0,2.0,2.0,1.0,2.0,1.0,1.0,1.0,2.0,1.0,2.0,1.0,1.0,1.0,1.0,1.0,1.0,1.0,1.0,2.0,1.0,1.0,1.0,2.0,1.0,2.0,1.0,1.0,2.0,1.0,1.0,2.0,1.0,1.0,2.0,1.0,1.0,2.0,,5.0,,,5.0,,,8.0,,4.0,
pid_1123,1.0,,,1.0,,,1.0,25.0,2.0,600.0,,,,95.0,,4.0,4.0,5.0,3.0,3.0,3.0,4.0,2.0,4.0,5.0,5.0,,4.0,,,,,5.0,3.0,2.0,4.0,,2.0,7.0,4.0,2.0,5.0,3.0,5.0,7.0,6.0,60.0,30.0,65.0,35.0,20.0,85.0,10.0,11.0,90.0,98.0,3.0,,6.0,,,,,,,,,,,1.0,1.0,1.0,2.0,1.0,1.0,2.0,1.0,2.0,1.0,1.0,2.0,2.0,1.0,2.0,2.0,2.0,1.0,2.0,1.0,1.0,1.0,2.0,2.0,1.0,1.0,2.0,1.0,1.0,1.0,1.0,2.0,1.0,1.0,1.0,1.0,1.0,1.0,1.0,1.0,1.0,2.0,1.0,2.0,2.0,1.0,,5.0,,,6.0,,,10.0,,9.0,
pid_1124,2.0,,,1.0,,,2.0,5.0,2.0,80.0,,,,30.0,5.0,,5.0,5.0,1.0,5.0,4.0,5.0,5.0,5.0,5.0,5.0,4.0,,,3.0,6.0,1.0,,,,,5.0,1.0,7.0,6.0,6.0,3.0,3.0,5.0,5.0,5.0,80.0,55.0,46.0,57.0,3.0,15.0,41.0,53.0,44.0,78.0,3.0,1.0,,,,,,,,,,,,1.0,1.0,2.0,1.0,2.0,1.0,1.0,2.0,2.0,2.0,1.0,2.0,2.0,2.0,2.0,2.0,1.0,2.0,2.0,2.0,1.0,2.0,1.0,2.0,2.0,2.0,2.0,2.0,1.0,1.0,1.0,2.0,2.0,1.0,1.0,1.0,2.0,2.0,1.0,1.0,2.0,1.0,2.0,2.0,2.0,1.0,5.0,,,6.0,,,15.0,,,7.0,
pid_1125,2.0,,2.0,,2.0,47.0,,,,,1.0,328.0,,70.0,2.0,,5.0,5.0,3.0,3.0,4.0,5.0,5.0,4.0,5.0,5.0,,,2.0,,,,2.0,4.0,4.0,3.0,,2.0,7.0,4.0,5.0,5.0,2.0,3.0,5.0,5.0,63.0,86.0,51.0,55.0,58.0,63.0,72.0,68.0,62.0,84.0,4.0,,6.0,1.0,1.0,1.0,1.0,1.0,2.0,2.0,1.0,1.0,1.0,,,,,,,1.0,2.0,2.0,1.0,1.0,2.0,2.0,1.0,2.0,2.0,2.0,2.0,2.0,1.0,2.0,2.0,2.0,2.0,2.0,2.0,2.0,1.0,1.0,2.0,2.0,2.0,2.0,2.0,2.0,1.0,1.0,2.0,2.0,2.0,2.0,1.0,2.0,2.0,2.0,1.0,,,5.0,,,6.0,,14.0,,,2.0
pid_1127,,1.0,2.0,,,,1.0,36.0,2.0,450.0,,,,70.0,3.0,,4.0,5.0,2.0,5.0,3.0,2.0,5.0,5.0,4.0,5.0,,4.0,,,,,5.0,4.0,3.0,,5.0,1.0,7.0,2.0,5.0,3.0,2.0,5.0,6.0,6.0,59.0,86.0,47.0,93.0,21.0,35.0,58.0,85.0,32.0,94.0,4.0,,7.0,1.0,1.0,1.0,1.0,1.0,1.0,1.0,1.0,1.0,1.0,,,,,,,2.0,2.0,2.0,2.0,2.0,1.0,1.0,2.0,2.0,1.0,2.0,2.0,2.0,2.0,2.0,2.0,2.0,2.0,1.0,1.0,2.0,1.0,1.0,2.0,2.0,1.0,1.0,2.0,2.0,2.0,2.0,2.0,2.0,1.0,2.0,1.0,2.0,1.0,1.0,2.0,,4.0,,,5.0,,20.0,,,,3.0
pid_1128,1.0,,2.0,,,,2.0,10.0,,,1.0,200.0,85.0,,,4.0,4.0,5.0,2.0,5.0,4.0,5.0,5.0,4.0,4.0,5.0,2.0,,,4.0,4.0,4.0,,,,3.0,,2.0,6.0,3.0,2.0,2.0,3.0,5.0,7.0,7.0,75.0,95.0,50.0,85.0,60.0,90.0,85.0,70.0,60.0,80.0,4.0,6.0,,,,,,,,,,,,1.0,1.0,1.0,1.0,1.0,1.0,1.0,2.0,2.0,2.0,2.0,2.0,1.0,2.0,2.0,2.0,1.0,2.0,2.0,1.0,2.0,1.0,2.0,1.0,2.0,1.0,2.0,2.0,1.0,2.0,2.0,2.0,1.0,2.0,1.0,2.0,1.0,2.0,1.0,2.0,2.0,2.0,1.0,2.0,1.0,1.0,4.0,,,3.0,,,,15.0,,5.0,
pid_1129,,1.0,,2.0,,,1.0,48.0,,,1.0,92.0,,90.0,2.0,,2.0,4.0,5.0,4.0,2.0,2.0,4.0,4.0,4.0,3.0,,2.0,,,,,5.0,4.0,2.0,5.0,,1.0,6.0,1.0,2.0,3.0,5.0,7.0,5.0,6.0,50.0,53.0,91.0,56.0,52.0,48.0,51.0,52.0,72.0,80.0,2.0,6.0,,,,,,,,,,,,1.0,1.0,1.0,2.0,2.0,2.0,1.0,1.0,2.0,2.0,2.0,2.0,1.0,1.0,2.0,2.0,2.0,2.0,2.0,2.0,1.0,2.0,2.0,1.0,2.0,2.0,2.0,2.0,1.0,2.0,1.0,1.0,2.0,1.0,1.0,1.0,2.0,2.0,1.0,2.0,2.0,2.0,2.0,2.0,2.0,1.0,,4.0,,,4.0,,,10.0,2.0,,
pid_1130,,2.0,1.0,,,,1.0,30.0,,,1.0,125.0,,80.0,,5.0,5.0,4.0,1.0,1.0,5.0,5.0,5.0,4.0,5.0,5.0,,,1.0,1.0,3.0,3.0,,,,,6.0,2.0,7.0,2.0,2.0,2.0,2.0,5.0,7.0,6.0,45.0,65.0,40.0,50.0,29.0,21.0,60.0,70.0,55.0,80.0,3.0,5.0,,2.0,1.0,1.0,1.0,2.0,1.0,1.0,1.0,2.0,1.0,,,,,,,1.0,1.0,2.0,1.0,2.0,2.0,2.0,1.0,1.0,2.0,1.0,1.0,2.0,2.0,2.0,2.0,2.0,1.0,1.0,1.0,1.0,2.0,1.0,1.0,2.0,1.0,1.0,1.0,1.0,2.0,1.0,2.0,2.0,2.0,2.0,1.0,1.0,1.0,1.0,1.0,,,5.0,,,6.0,,10.0,3.0,,
pid_1131,,2.0,2.0,,2.0,38.0,,,1.0,3500.0,,,45.0,,5.0,,2.0,3.0,5.0,3.0,2.0,1.0,4.0,4.0,1.0,4.0,2.0,,,,,,5.0,6.0,4.0,,4.0,1.0,7.0,3.0,6.0,5.0,5.0,5.0,6.0,6.0,30.0,60.0,75.0,34.0,29.0,25.0,41.0,40.0,18.0,48.0,1.0,3.0,,,,,,,,,,,,1.0,1.0,1.0,1.0,1.0,1.0,1.0,2.0,2.0,2.0,1.0,1.0,1.0,1.0,1.0,2.0,2.0,2.0,1.0,1.0,1.0,1.0,2.0,2.0,1.0,2.0,1.0,1.0,1.0,1.0,2.0,1.0,2.0,1.0,2.0,1.0,2.0,2.0,1.0,1.0,2.0,1.0,1.0,2.0,1.0,1.0,3.0,,,3.0,,,,17.0,,9.0,
pid_1132,2.0,,,2.0,2.0,30.0,,,,,1.0,200.0,30.0,,,5.0,1.0,1.0,5.0,4.0,1.0,1.0,1.0,5.0,4.0,4.0,1.0,,,2.0,3.0,1.0,,,,,6.0,2.0,7.0,1.0,5.0,5.0,5.0,5.0,6.0,7.0,20.0,20.0,30.0,85.0,20.0,20.0,20.0,80.0,40.0,80.0,1.0,,4.0,,,,,,,,,,,1.0,1.0,1.0,1.0,1.0,1.0,1.0,2.0,1.0,1.0,1.0,2.0,2.0,2.0,1.0,2.0,1.0,2.0,2.0,1.0,2.0,1.0,2.0,2.0,2.0,2.0,1.0,1.0,2.0,2.0,1.0,1.0,2.0,2.0,2.0,2.0,2.0,1.0,2.0,1.0,1.0,1.0,1.0,2.0,2.0,1.0,4.0,,,5.0,,,20.0,,,10.0,
pid_1133,1.0,,,2.0,2.0,30.0,,,,,1.0,120.0,,96.0,,4.0,1.0,2.0,5.0,3.0,3.0,2.0,1.0,4.0,2.0,5.0,,,2.0,,,,4.0,5.0,3.0,,5.0,1.0,6.0,1.0,5.0,3.0,2.0,7.0,6.0,5.0,30.0,30.0,80.0,60.0,55.0,20.0,40.0,65.0,52.0,90.0,3.0,,6.0,,,,,,,,,,,1.0,1.0,1.0,1.0,2.0,2.0,2.0,1.0,2.0,1.0,1.0,2.0,2.0,2.0,1.0,1.0,2.0,2.0,2.0,2.0,2.0,2.0,2.0,2.0,2.0,2.0,2.0,2.0,2.0,2.0,2.0,2.0,2.0,1.0,1.0,2.0,2.0,2.0,1.0,1.0,1.0,2.0,2.0,1.0,2.0,1.0,,,5.0,,,5.0,,10.0,3.0,,
pid_1134,,2.0,1.0,,,,2.0,10.0,,,1.0,850.0,30.0,,1.0,,4.0,5.0,2.0,2.0,3.0,4.0,5.0,4.0,4.0,5.0,,2.0,,4.0,4.0,4.0,,,,4.0,,1.0,3.0,2.0,5.0,5.0,2.0,5.0,6.0,7.0,57.0,54.0,53.0,11.0,71.0,33.0,64.0,77.0,43.0,75.0,1.0,6.0,,1.0,1.0,1.0,1.0,1.0,1.0,1.0,1.0,1.0,1.0,,,,,,,1.0,1.0,2.0,2.0,2.0,1.0,1.0,1.0,1.0,2.0,2.0,2.0,2.0,2.0,1.0,1.0,1.0,1.0,1.0,2.0,2.0,1.0,2.0,1.0,2.0,2.0,1.0,1.0,1.0,2.0,1.0,2.0,2.0,1.0,2.0,2.0,2.0,1.0,1.0,2.0,,4.0,,,3.0,,,20.0,,,2.0
pid_1135,1.0,,1.0,,2.0,25.0,,,,,1.0,300.0,,70.0,3.0,,4.0,5.0,5.0,3.0,3.0,4.0,4.0,4.0,2.0,3.0,1.0,,,3.0,4.0,3.0,,,,,5.0,1.0,6.0,1.0,6.0,6.0,2.0,7.0,5.0,5.0,59.0,90.0,72.0,66.0,68.0,73.0,72.0,79.0,47.0,68.0,1.0,6.0,,1.0,1.0,1.0,1.0,1.0,1.0,1.0,1.0,1.0,1.0,,,,,,,1.0,2.0,1.0,2.0,2.0,1.0,2.0,1.0,2.0,2.0,2.0,2.0,2.0,1.0,1.0,2.0,1.0,2.0,2.0,2.0,2.0,2.0,2.0,2.0,2.0,2.0,2.0,2.0,2.0,2.0,1.0,1.0,1.0,2.0,2.0,1.0,1.0,2.0,1.0,2.0,3.0,,,5.0,,,15.0,,,,3.0
pid_1136,,2.0,,2.0,2.0,32.0,,,1.0,1200.0,,,,80.0,,3.0,1.0,3.0,3.0,4.0,4.0,4.0,2.0,4.0,4.0,4.0,3.0,,,1.0,3.0,1.0,,,,,5.0,1.0,5.0,1.0,4.0,4.0,5.0,7.0,6.0,5.0,33.0,55.0,48.0,80.0,62.0,42.0,48.0,63.0,38.0,58.0,1.0,,5.0,,,,,,,,,,,1.0,2.0,1.0,1.0,1.0,2.0,2.0,1.0,2.0,2.0,2.0,1.0,1.0,1.0,1.0,2.0,2.0,2.0,1.0,2.0,1.0,2.0,2.0,1.0,2.0,1.0,1.0,2.0,2.0,2.0,2.0,1.0,2.0,1.0,1.0,2.0,2.0,1.0,1.0,2.0,1.0,1.0,1.0,1.0,2.0,1.0,2.0,,,4.0,,,,1.0,,6.0,
pid_1137,,1.0,,2.0,2.0,19.0,,,,,1.0,275.0,,70.0,,4.0,3.0,4.0,3.0,4.0,3.0,3.0,5.0,4.0,4.0,4.0,,,5.0,3.0,3.0,2.0,,,,,4.0,1.0,5.0,6.0,5.0,2.0,5.0,5.0,5.0,5.0,45.0,55.0,54.0,60.0,40.0,45.0,60.0,55.0,45.0,70.0,3.0,5.0,,1.0,1.0,1.0,1.0,1.0,1.0,1.0,1.0,1.0,1.0,,,,,,,2.0,2.0,1.0,2.0,2.0,2.0,2.0,2.0,2.0,1.0,2.0,2.0,2.0,1.0,2.0,1.0,2.0,2.0,2.0,1.0,1.0,2.0,2.0,2.0,1.0,2.0,1.0,1.0,2.0,2.0,2.0,2.0,2.0,2.0,2.0,2.0,2.0,2.0,2.0,2.0,,,3.0,,,3.0,,5.0,,5.0,
pid_1138,,2.0,,1.0,,,1.0,50.0,,,1.0,100.0,,70.0,1.0,,1.0,1.0,5.0,1.0,1.0,1.0,1.0,1.0,1.0,1.0,,5.0,,,,,4.0,4.0,6.0,,4.0,1.0,5.0,1.0,3.0,7.0,3.0,7.0,2.0,3.0,31.0,44.0,47.0,44.0,32.0,23.0,50.0,44.0,30.0,43.0,1.0,,4.0,,,,,,,,,,,1.0,1.0,1.0,1.0,1.0,1.0,1.0,2.0,2.0,2.0,2.0,2.0,2.0,1.0,2.0,2.0,2.0,1.0,2.0,2.0,2.0,2.0,2.0,1.0,2.0,1.0,2.0,2.0,1.0,1.0,2.0,1.0,2.0,1.0,1.0,1.0,1.0,2.0,2.0,1.0,2.0,2.0,2.0,1.0,1.0,2.0,,4.0,,,2.0,,,20.0,,,2.0
pid_1139,,2.0,1.0,,,,1.0,20.0,2.0,300.0,,,30.0,,,5.0,4.0,5.0,1.0,2.0,4.0,4.0,5.0,5.0,5.0,5.0,5.0,,,5.0,5.0,5.0,,,,,6.0,1.0,7.0,3.0,5.0,5.0,3.0,3.0,3.0,3.0,69.0,95.0,18.0,67.0,59.0,56.0,76.0,82.0,52.0,73.0,4.0,,5.0,1.0,1.0,1.0,1.0,1.0,1.0,1.0,1.0,1.0,1.0,,,,,,,1.0,2.0,2.0,1.0,1.0,1.0,2.0,1.0,1.0,1.0,1.0,1.0,2.0,2.0,2.0,1.0,2.0,2.0,2.0,2.0,2.0,1.0,2.0,2.0,2.0,2.0,2.0,2.0,2.0,2.0,2.0,2.0,1.0,2.0,2.0,1.0,2.0,2.0,2.0,1.0,5.0,,,6.0,,,20.0,,,,4.0
pid_1140,2.0,,,2.0,2.0,50.0,,,,,1.0,125.0,,50.0,,5.0,4.0,4.0,4.0,4.0,4.0,3.0,5.0,5.0,2.0,3.0,2.0,,,3.0,3.0,3.0,,,,,4.0,1.0,7.0,4.0,4.0,3.0,2.0,5.0,6.0,7.0,70.0,70.0,90.0,100.0,70.0,25.0,85.0,100.0,70.0,100.0,3.0,6.0,,1.0,1.0,1.0,1.0,1.0,1.0,1.0,1.0,1.0,1.0,,,,,,,1.0,2.0,2.0,2.0,2.0,2.0,2.0,2.0,1.0,2.0,1.0,2.0,1.0,1.0,2.0,2.0,1.0,1.0,1.0,2.0,2.0,2.0,1.0,2.0,2.0,2.0,2.0,2.0,2.0,1.0,1.0,1.0,2.0,2.0,2.0,1.0,2.0,2.0,2.0,2.0,4.0,,,5.0,,,,20.0,,,4.0
pid_1141,,2.0,,2.0,,,2.0,5.0,2.0,600.0,,,,75.0,2.0,,4.0,3.0,3.0,2.0,3.0,3.0,3.0,4.0,4.0,3.0,,5.0,,2.0,2.0,2.0,,,,,4.0,1.0,6.0,5.0,5.0,5.0,5.0,5.0,5.0,5.0,40.0,36.0,45.0,30.0,32.0,47.0,49.0,56.0,48.0,48.0,3.0,,6.0,,,,,,,,,,,1.0,1.0,1.0,1.0,1.0,1.0,1.0,2.0,1.0,1.0,1.0,1.0,2.0,1.0,1.0,2.0,1.0,2.0,2.0,2.0,2.0,2.0,2.0,1.0,2.0,2.0,1.0,1.0,1.0,2.0,2.0,2.0,1.0,2.0,2.0,2.0,2.0,1.0,2.0,1.0,2.0,2.0,2.0,1.0,2.0,2.0,,1.0,,,1.0,,,20.0,,,3.0
pid_1142,1.0,,,2.0,,,1.0,54.0,2.0,400.0,,,30.0,,3.0,,3.0,5.0,3.0,4.0,3.0,2.0,1.0,1.0,5.0,3.0,,,1.0,3.0,3.0,3.0,,,,,3.0,1.0,5.0,2.0,5.0,5.0,2.0,5.0,5.0,5.0,60.0,80.0,54.0,59.0,71.0,50.0,29.0,50.0,54.0,82.0,2.0,6.0,,1.0,1.0,1.0,1.0,1.0,1.0,1.0,1.0,1.0,1.0,,,,,,,1.0,1.0,1.0,1.0,1.0,2.0,1.0,1.0,1.0,1.0,2.0,2.0,1.0,1.0,1.0,2.0,2.0,1.0,2.0,2.0,1.0,2.0,2.0,2.0,1.0,1.0,2.0,1.0,2.0,2.0,2.0,1.0,2.0,2.0,1.0,2.0,1.0,1.0,1.0,1.0,,,5.0,,,5.0,20.0,,,,3.0
pid_1143,,2.0,,2.0,2.0,30.0,,,2.0,250.0,,,,70.0,,5.0,2.0,5.0,2.0,3.0,4.0,3.0,3.0,4.0,5.0,5.0,1.0,,,,,,3.0,3.0,4.0,,4.0,1.0,7.0,4.0,4.0,3.0,3.0,5.0,5.0,6.0,25.0,90.0,33.0,50.0,40.0,35.0,50.0,60.0,65.0,80.0,4.0,6.0,,1.0,1.0,1.0,1.0,1.0,1.0,1.0,1.0,1.0,1.0,,,,,,,2.0,1.0,2.0,1.0,1.0,1.0,1.0,2.0,1.0,2.0,1.0,1.0,2.0,2.0,2.0,2.0,2.0,2.0,2.0,2.0,1.0,2.0,1.0,2.0,2.0,1.0,2.0,1.0,1.0,2.0,2.0,1.0,1.0,1.0,2.0,1.0,2.0,2.0,1.0,2.0,5.0,,,4.0,,,15.0,,4.0,,
pid_1144,,1.0,,1.0,,,2.0,0.0,2.0,379.7,,,44.0,,4.0,,1.0,1.0,1.0,1.0,3.0,1.0,1.0,1.0,1.0,1.0,,3.0,,4.0,5.0,4.0,,,,3.0,,1.0,3.0,1.0,3.0,3.0,4.0,3.0,2.0,3.0,46.0,50.0,65.0,41.0,61.0,41.0,59.0,39.0,53.0,21.0,1.0,4.0,,,,,,,,,,,,1.0,2.0,1.0,2.0,1.0,2.0,2.0,2.0,1.0,2.0,2.0,1.0,1.0,1.0,2.0,2.0,1.0,1.0,1.0,2.0,1.0,1.0,1.0,2.0,2.0,1.0,1.0,1.0,2.0,2.0,2.0,2.0,1.0,1.0,2.0,2.0,2.0,2.0,1.0,1.0,1.0,2.0,2.0,1.0,1.0,2.0,,3.0,,,4.0,,15.0,,,,3.0
pid_1145,1.0,,2.0,,2.0,25.0,,,1.0,1200.0,,,66.0,,,5.0,4.0,5.0,3.0,2.0,4.0,4.0,5.0,4.0,4.0,5.0,1.0,,,,,,3.0,5.0,4.0,4.0,,1.0,6.0,5.0,3.0,3.0,2.0,5.0,6.0,5.0,60.0,64.0,51.0,36.0,37.0,45.0,56.0,47.0,38.0,53.0,3.0,,6.0,1.0,2.0,1.0,2.0,2.0,1.0,2.0,2.0,1.0,2.0,,,,,,,2.0,2.0,2.0,2.0,2.0,2.0,2.0,2.0,2.0,1.0,2.0,1.0,2.0,2.0,1.0,2.0,1.0,1.0,2.0,2.0,2.0,1.0,2.0,2.0,2.0,2.0,1.0,1.0,1.0,2.0,2.0,2.0,2.0,1.0,2.0,2.0,2.0,2.0,2.0,1.0,2.0,,,3.0,,,,5.0,,6.0,
pid_1146,,1.0,1.0,,2.0,45.0,,,,,2.0,96.0,,70.0,,4.0,2.0,4.0,5.0,1.0,5.0,5.0,5.0,5.0,1.0,5.0,1.0,,,,,,2.0,3.0,3.0,,6.0,2.0,7.0,7.0,5.0,4.0,1.0,2.0,7.0,7.0,25.0,60.0,65.0,25.0,50.0,35.0,50.0,50.0,25.0,45.0,1.0,6.0,,,,,,,,,,,,1.0,1.0,1.0,2.0,1.0,2.0,1.0,2.0,2.0,2.0,1.0,2.0,1.0,2.0,2.0,1.0,2.0,2.0,2.0,1.0,2.0,1.0,1.0,2.0,2.0,2.0,2.0,2.0,2.0,2.0,2.0,2.0,1.0,1.0,2.0,2.0,2.0,2.0,2.0,2.0,2.0,2.0,2.0,1.0,2.0,1.0,4.0,,,6.0,,,,0.0,,,3.0
pid_1147,,1.0,,1.0,2.0,38.0,,,,,1.0,180.0,30.0,,3.0,,4.0,5.0,2.0,5.0,4.0,4.0,5.0,5.0,5.0,5.0,,,2.0,,,,3.0,3.0,5.0,,4.0,1.0,7.0,2.0,6.0,6.0,2.0,6.0,6.0,7.0,40.0,50.0,60.0,50.0,40.0,35.0,50.0,55.0,45.0,35.0,3.0,,6.0,1.0,1.0,1.0,1.0,1.0,1.0,1.0,1.0,1.0,1.0,,,,,,,2.0,1.0,2.0,1.0,2.0,2.0,1.0,1.0,2.0,2.0,1.0,1.0,1.0,2.0,2.0,1.0,2.0,2.0,2.0,2.0,2.0,1.0,2.0,2.0,2.0,1.0,1.0,2.0,2.0,2.0,1.0,1.0,2.0,2.0,2.0,1.0,1.0,2.0,1.0,2.0,,,5.0,,,6.0,,0.0,,10.0,
pid_1148,,1.0,1.0,,,,2.0,5.0,,,1.0,100.0,,80.0,,5.0,4.0,4.0,2.0,3.0,4.0,4.0,4.0,4.0,4.0,4.0,,,1.0,3.0,5.0,2.0,,,,,4.0,1.0,5.0,6.0,6.0,5.0,6.0,6.0,7.0,7.0,60.0,80.0,50.0,60.0,40.0,60.0,80.0,80.0,60.0,70.0,1.0,6.0,,,,,,,,,,,,1.0,1.0,1.0,2.0,1.0,1.0,2.0,2.0,1.0,1.0,1.0,2.0,1.0,2.0,2.0,2.0,1.0,1.0,1.0,2.0,2.0,2.0,2.0,2.0,2.0,1.0,2.0,2.0,2.0,2.0,2.0,1.0,2.0,2.0,2.0,2.0,2.0,2.0,2.0,2.0,1.0,2.0,1.0,2.0,2.0,2.0,,,5.0,,,6.0,15.0,,,,6.0
pid_1149,,2.0,,2.0,2.0,48.0,,,2.0,500.0,,,66.0,,2.0,,5.0,5.0,1.0,2.0,5.0,5.0,5.0,5.0,5.0,5.0,,2.0,,4.0,4.0,3.0,,,,5.0,,1.0,7.0,3.0,7.0,7.0,5.0,6.0,5.0,7.0,56.0,71.0,47.0,42.0,26.0,66.0,54.0,52.0,66.0,43.0,3.0,,5.0,,,,,,,,,,,1.0,1.0,2.0,1.0,1.0,2.0,1.0,2.0,2.0,2.0,1.0,2.0,1.0,1.0,2.0,2.0,1.0,2.0,1.0,1.0,2.0,1.0,2.0,1.0,1.0,1.0,1.0,1.0,2.0,1.0,1.0,1.0,2.0,1.0,2.0,2.0,1.0,2.0,2.0,2.0,2.0,1.0,2.0,1.0,1.0,2.0,,5.0,,,6.0,,20.0,,,,3.0
pid_1150,2.0,,1.0,,2.0,6.0,,,2.0,950.0,,,80.0,,,4.0,3.0,4.0,3.0,3.0,3.0,4.0,4.0,4.0,4.0,4.0,,5.0,,4.0,3.0,3.0,,,,,4.0,1.0,6.0,3.0,4.0,4.0,2.0,3.0,4.0,5.0,30.0,70.0,65.0,67.0,41.0,45.0,55.0,61.0,45.0,67.0,2.0,,5.0,1.0,1.0,1.0,1.0,2.0,1.0,1.0,2.0,2.0,1.0,,,,,,,2.0,1.0,2.0,2.0,2.0,1.0,1.0,2.0,2.0,2.0,2.0,2.0,1.0,2.0,1.0,2.0,2.0,2.0,2.0,2.0,1.0,1.0,1.0,2.0,1.0,1.0,2.0,2.0,2.0,2.0,2.0,1.0,2.0,2.0,2.0,1.0,1.0,2.0,2.0,1.0,,3.0,,,4.0,,15.0,,2.0,,
pid_1151,,1.0,1.0,,,,1.0,14.0,2.0,600.0,,,,92.0,,4.0,1.0,1.0,5.0,4.0,1.0,1.0,3.0,4.0,1.0,1.0,2.0,,,5.0,4.0,4.0,,,,,4.0,1.0,6.0,3.0,5.0,5.0,5.0,7.0,7.0,7.0,7.0,25.0,96.0,52.0,6.0,9.0,13.0,23.0,7.0,18.0,1.0,,6.0,,,,,,,,,,,1.0,1.0,1.0,1.0,2.0,2.0,1.0,2.0,2.0,2.0,2.0,2.0,1.0,1.0,1.0,1.0,1.0,2.0,1.0,2.0,2.0,1.0,1.0,2.0,1.0,1.0,2.0,1.0,2.0,2.0,2.0,1.0,2.0,2.0,2.0,2.0,2.0,1.0,1.0,1.0,2.0,2.0,2.0,1.0,2.0,1.0,1.0,,,3.0,,,15.0,,2.0,,
pid_1152,,2.0,,1.0,,,1.0,25.0,2.0,300.0,,,,90.0,,5.0,1.0,1.0,5.0,3.0,2.0,1.0,2.0,3.0,1.0,3.0,2.0,,,,,,4.0,3.0,4.0,,3.0,1.0,5.0,2.0,6.0,6.0,1.0,4.0,5.0,6.0,32.0,45.0,67.0,58.0,51.0,31.0,38.0,35.0,30.0,56.0,2.0,6.0,,1.0,1.0,1.0,1.0,1.0,1.0,1.0,1.0,1.0,1.0,,,,,,,2.0,2.0,2.0,1.0,1.0,2.0,2.0,2.0,2.0,1.0,1.0,2.0,2.0,2.0,2.0,2.0,1.0,2.0,2.0,2.0,2.0,2.0,1.0,2.0,2.0,2.0,2.0,2.0,1.0,2.0,2.0,2.0,2.0,2.0,1.0,2.0,2.0,1.0,2.0,2.0,2.0,,,4.0,,,,15.0,,,2.0
pid_1153,1.0,,2.0,,,,1.0,25.0,,,1.0,300.0,,10.0,,5.0,2.0,5.0,3.0,2.0,3.0,2.0,1.0,4.0,5.0,1.0,1.0,,,4.0,4.0,3.0,,,,,5.0,2.0,6.0,1.0,4.0,3.0,3.0,5.0,4.0,5.0,30.0,67.0,46.0,73.0,10.0,25.0,33.0,63.0,40.0,54.0,4.0,,6.0,,,,,,,,,,,1.0,1.0,2.0,1.0,2.0,1.0,2.0,1.0,2.0,1.0,2.0,2.0,2.0,2.0,1.0,1.0,2.0,1.0,2.0,2.0,2.0,1.0,1.0,2.0,1.0,2.0,1.0,2.0,1.0,1.0,2.0,2.0,2.0,1.0,2.0,2.0,1.0,2.0,1.0,1.0,2.0,2.0,1.0,2.0,2.0,2.0,4.0,,,4.0,,,,5.0,3.0,,
pid_1154,2.0,,,1.0,,,1.0,20.0,1.0,1400.0,,,85.0,,,4.0,5.0,5.0,1.0,3.0,5.0,4.0,5.0,4.0,5.0,4.0,4.0,,,5.0,4.0,3.0,,,,,4.0,1.0,7.0,2.0,5.0,6.0,2.0,6.0,6.0,6.0,75.0,60.0,54.0,52.0,39.0,44.0,55.0,55.0,58.0,52.0,3.0,,6.0,1.0,1.0,1.0,2.0,1.0,2.0,1.0,1.0,2.0,1.0,,,,,,,2.0,1.0,1.0,1.0,2.0,2.0,2.0,2.0,2.0,2.0,2.0,1.0,2.0,1.0,2.0,2.0,1.0,1.0,2.0,1.0,1.0,2.0,2.0,2.0,2.0,1.0,1.0,1.0,1.0,1.0,1.0,2.0,2.0,1.0,1.0,2.0,2.0,1.0,1.0,1.0,5.0,,,6.0,,,14.0,,,,4.0
pid_1155,,1.0,,2.0,,,1.0,15.0,2.0,700.0,,,,70.0,,5.0,5.0,5.0,1.0,1.0,5.0,5.0,5.0,5.0,5.0,5.0,1.0,,,,,,4.0,5.0,5.0,,6.0,1.0,7.0,2.0,3.0,3.0,1.0,6.0,7.0,7.0,60.0,90.0,60.0,20.0,40.0,30.0,75.0,70.0,45.0,65.0,4.0,3.0,,,,,,,,,,,,1.0,1.0,1.0,1.0,1.0,1.0,1.0,2.0,2.0,2.0,2.0,1.0,2.0,1.0,1.0,1.0,2.0,2.0,2.0,2.0,1.0,2.0,2.0,2.0,1.0,1.0,2.0,1.0,1.0,1.0,1.0,1.0,2.0,1.0,2.0,2.0,1.0,1.0,2.0,2.0,1.0,1.0,1.0,1.0,2.0,1.0,4.0,,,6.0,,,,5.0,,7.0,
pid_1156,,2.0,,1.0,,,1.0,40.0,2.0,750.0,,,,70.0,4.0,,5.0,5.0,3.0,3.0,5.0,5.0,5.0,5.0,5.0,5.0,,,2.0,,,,3.0,4.0,4.0,5.0,,1.0,6.0,3.0,5.0,5.0,5.0,5.0,4.0,4.0,62.0,84.0,42.0,43.0,60.0,60.0,67.0,79.0,77.0,82.0,4.0,6.0,,,,,,,,,,,,1.0,1.0,1.0,1.0,1.0,1.0,2.0,1.0,2.0,1.0,1.0,1.0,1.0,1.0,1.0,1.0,1.0,1.0,1.0,1.0,2.0,2.0,2.0,1.0,1.0,1.0,2.0,2.0,2.0,1.0,1.0,1.0,1.0,2.0,2.0,1.0,1.0,1.0,2.0,1.0,2.0,1.0,1.0,1.0,2.0,2.0,,,5.0,,,5.0,,20.0,,7.0,
pid_1157,2.0,,,1.0,,,2.0,10.0,,,1.0,200.0,71.0,,,1.0,4.0,3.0,3.0,3.0,3.0,4.0,3.0,4.0,4.0,3.0,,,1.0,,,,3.0,2.0,3.0,4.0,,2.0,7.0,2.0,6.0,5.0,3.0,5.0,6.0,5.0,50.0,21.0,53.0,20.0,10.0,51.0,53.0,70.0,30.0,71.0,3.0,6.0,,1.0,1.0,1.0,1.0,1.0,1.0,1.0,1.0,1.0,1.0,,,,,,,2.0,2.0,2.0,2.0,1.0,2.0,2.0,2.0,2.0,2.0,2.0,1.0,2.0,1.0,2.0,1.0,2.0,2.0,2.0,2.0,2.0,2.0,2.0,2.0,2.0,2.0,2.0,2.0,2.0,2.0,2.0,2.0,2.0,2.0,2.0,1.0,2.0,1.0,2.0,2.0,,,5.0,,,5.0,,0.0,,,3.0
pid_1158,,2.0,1.0,,,,1.0,15.0,1.0,1100.0,,,68.0,,,4.0,3.0,3.0,3.0,3.0,4.0,4.0,5.0,3.0,4.0,4.0,,,3.0,3.0,1.0,1.0,,,,5.0,,1.0,5.0,4.0,4.0,5.0,2.0,4.0,5.0,5.0,50.0,52.0,50.0,77.0,52.0,51.0,75.0,53.0,56.0,72.0,3.0,,6.0,,,,,,,,,,,1.0,1.0,1.0,2.0,2.0,1.0,1.0,1.0,2.0,1.0,2.0,2.0,1.0,1.0,1.0,2.0,1.0,1.0,1.0,1.0,2.0,2.0,2.0,1.0,2.0,1.0,1.0,1.0,1.0,1.0,1.0,1.0,2.0,2.0,1.0,1.0,1.0,2.0,2.0,2.0,1.0,1.0,2.0,2.0,2.0,1.0,,,5.0,,,5.0,20.0,,,,1.0
pid_1159,,2.0,,1.0,2.0,40.0,,,,,1.0,115.0,,70.0,,3.0,5.0,5.0,1.0,1.0,5.0,5.0,5.0,5.0,5.0,5.0,1.0,,,,,,3.0,4.0,4.0,6.0,,1.0,7.0,2.0,4.0,2.0,2.0,6.0,6.0,7.0,69.0,63.0,58.0,29.0,47.0,77.0,50.0,59.0,67.0,76.0,4.0,3.0,,1.0,1.0,1.0,1.0,1.0,1.0,1.0,1.0,1.0,1.0,,,,,,,1.0,2.0,1.0,1.0,2.0,1.0,1.0,2.0,2.0,2.0,2.0,1.0,1.0,1.0,2.0,2.0,1.0,2.0,1.0,2.0,1.0,1.0,2.0,2.0,2.0,2.0,2.0,2.0,2.0,1.0,2.0,2.0,2.0,1.0,2.0,2.0,1.0,1.0,1.0,2.0,5.0,,,6.0,,,,20.0,10.0,,
pid_1160,,2.0,1.0,,,,1.0,13.0,1.0,1001.0,,,40.0,,1.0,,3.0,2.0,5.0,4.0,3.0,5.0,4.0,4.0,4.0,2.0,,,1.0,3.0,2.0,2.0,,,,2.0,,1.0,7.0,2.0,4.0,5.0,1.0,7.0,4.0,3.0,50.0,40.0,100.0,30.0,30.0,20.0,30.0,30.0,55.0,40.0,3.0,,6.0,1.0,1.0,1.0,1.0,1.0,1.0,1.0,1.0,1.0,1.0,,,,,,,1.0,1.0,1.0,2.0,1.0,2.0,2.0,2.0,1.0,1.0,1.0,2.0,2.0,2.0,2.0,2.0,2.0,1.0,2.0,2.0,2.0,2.0,1.0,2.0,2.0,1.0,2.0,2.0,2.0,2.0,2.0,2.0,1.0,1.0,1.0,2.0,1.0,2.0,2.0,2.0,,,4.0,,,4.0,8.0,,,,2.0
pid_1161,1.0,,,2.0,1.0,75.0,,,1.0,1500.0,,,50.0,,,5.0,4.0,5.0,5.0,5.0,5.0,5.0,5.0,5.0,5.0,5.0,,,3.0,,,,1.0,1.0,1.0,,6.0,2.0,6.0,2.0,4.0,4.0,1.0,5.0,1.0,3.0,85.0,47.0,68.0,74.0,84.0,50.0,59.0,48.0,74.0,41.0,4.0,4.0,,,,,,,,,,,,2.0,2.0,2.0,1.0,2.0,1.0,1.0,1.0,2.0,1.0,1.0,1.0,2.0,1.0,1.0,1.0,2.0,2.0,1.0,2.0,1.0,1.0,2.0,1.0,2.0,2.0,2.0,1.0,1.0,1.0,2.0,1.0,2.0,1.0,1.0,1.0,1.0,1.0,1.0,2.0,2.0,1.0,2.0,1.0,1.0,2.0,,,5.0,,,6.0,10.0,,,4.0,
pid_1162,,2.0,,1.0,2.0,25.0,,,,,1.0,295.0,,70.0,,4.0,4.0,4.0,5.0,4.0,4.0,3.0,3.0,4.0,2.0,3.0,2.0,,,3.0,3.0,2.0,,,,,4.0,1.0,3.0,2.0,4.0,6.0,2.0,5.0,5.0,6.0,65.0,65.0,85.0,40.0,25.0,40.0,40.0,60.0,75.0,65.0,3.0,4.0,,1.0,1.0,1.0,2.0,1.0,1.0,1.0,2.0,2.0,1.0,,,,,,,2.0,2.0,2.0,1.0,2.0,2.0,2.0,2.0,2.0,2.0,1.0,2.0,1.0,2.0,1.0,1.0,2.0,2.0,2.0,1.0,2.0,1.0,2.0,2.0,2.0,1.0,1.0,1.0,2.0,1.0,1.0,2.0,2.0,2.0,2.0,2.0,2.0,1.0,1.0,1.0,4.0,,,4.0,,,,14.0,,,3.0
pid_1163,1.0,,,1.0,2.0,50.0,,,,,1.0,200.0,,70.0,4.0,,1.0,1.0,5.0,3.0,3.0,2.0,1.0,3.0,1.0,2.0,,,1.0,,,,2.0,2.0,2.0,,5.0,1.0,7.0,1.0,5.0,5.0,2.0,6.0,3.0,3.0,30.0,30.0,75.0,50.0,20.0,20.0,45.0,60.0,35.0,35.0,1.0,,2.0,,,,,,,,,,,1.0,1.0,1.0,1.0,1.0,1.0,2.0,1.0,2.0,2.0,1.0,2.0,2.0,2.0,2.0,1.0,2.0,1.0,1.0,2.0,2.0,2.0,1.0,2.0,2.0,2.0,2.0,2.0,1.0,2.0,1.0,2.0,1.0,1.0,1.0,2.0,2.0,2.0,2.0,1.0,2.0,2.0,2.0,2.0,1.0,2.0,,,3.0,,,3.0,20.0,,,,1.0
pid_1164,1.0,,,1.0,,,1.0,18.0,1.0,1800.0,,,85.0,,,5.0,5.0,5.0,1.0,1.0,5.0,5.0,5.0,5.0,5.0,5.0,1.0,,,4.0,4.0,2.0,,,,4.0,,1.0,7.0,3.0,5.0,2.0,5.0,5.0,6.0,7.0,86.0,94.0,27.0,5.0,51.0,63.0,75.0,77.0,67.0,80.0,1.0,6.0,,,,,,,,,,,,1.0,1.0,1.0,1.0,2.0,2.0,1.0,2.0,1.0,1.0,2.0,2.0,2.0,1.0,2.0,2.0,2.0,2.0,2.0,2.0,2.0,2.0,2.0,1.0,1.0,2.0,1.0,2.0,1.0,2.0,2.0,1.0,2.0,2.0,2.0,1.0,1.0,2.0,2.0,2.0,2.0,1.0,2.0,2.0,2.0,2.0,5.0,,,6.0,,,18.0,,,6.0,
pid_1165,,1.0,,2.0,1.0,100.0,,,,,1.0,165.0,50.0,,,4.0,3.0,3.0,3.0,4.0,3.0,3.0,3.0,4.0,4.0,3.0,1.0,,,3.0,2.0,1.0,,,,3.0,,1.0,5.0,1.0,1.0,3.0,4.0,6.0,6.0,6.0,55.0,39.0,33.0,61.0,58.0,45.0,39.0,57.0,80.0,88.0,2.0,5.0,,,,,,,,,,,,1.0,1.0,1.0,2.0,2.0,1.0,2.0,2.0,2.0,2.0,2.0,1.0,1.0,1.0,1.0,2.0,2.0,1.0,1.0,1.0,2.0,2.0,2.0,1.0,2.0,1.0,2.0,2.0,1.0,2.0,2.0,1.0,2.0,2.0,2.0,1.0,2.0,1.0,2.0,1.0,2.0,1.0,2.0,1.0,2.0,2.0,3.0,,,4.0,,,,5.0,2.0,,
pid_1166,,2.0,,2.0,,,1.0,40.0,,,1.0,350.0,75.0,,3.0,,4.0,4.0,3.0,3.0,3.0,4.0,5.0,5.0,5.0,5.0,1.0,,,3.0,4.0,2.0,,,,,4.0,1.0,7.0,1.0,6.0,5.0,5.0,7.0,4.0,5.0,50.0,80.0,52.0,53.0,33.0,68.0,65.0,76.0,60.0,84.0,3.0,,6.0,,,,,,,,,,,1.0,1.0,2.0,1.0,1.0,2.0,2.0,1.0,2.0,2.0,2.0,1.0,2.0,1.0,2.0,1.0,2.0,1.0,2.0,2.0,2.0,1.0,1.0,2.0,2.0,2.0,2.0,1.0,2.0,2.0,1.0,2.0,2.0,2.0,1.0,2.0,2.0,2.0,2.0,1.0,1.0,2.0,2.0,2.0,2.0,2.0,4.0,,,5.0,,,15.0,,,5.0,
pid_1168,,2.0,,2.0,2.0,38.0,,,2.0,350.0,,,,70.0,,3.0,4.0,5.0,3.0,2.0,4.0,4.0,5.0,4.0,4.0,5.0,4.0,,,,,,3.0,3.0,3.0,,4.0,1.0,6.0,4.0,5.0,5.0,5.0,5.0,5.0,5.0,45.0,40.0,50.0,40.0,60.0,45.0,40.0,55.0,55.0,65.0,3.0,5.0,,,,,,,,,,,,1.0,1.0,1.0,1.0,1.0,1.0,2.0,1.0,1.0,2.0,2.0,1.0,1.0,1.0,1.0,1.0,2.0,2.0,1.0,1.0,1.0,1.0,2.0,1.0,1.0,1.0,1.0,1.0,1.0,1.0,1.0,1.0,2.0,2.0,2.0,2.0,1.0,1.0,1.0,1.0,1.0,2.0,2.0,1.0,1.0,1.0,4.0,,,4.0,,,18.0,,2.0,,
pid_1169,2.0,,,1.0,2.0,40.0,,,,,2.0,60.0,62.0,,,5.0,5.0,5.0,2.0,4.0,5.0,5.0,5.0,3.0,5.0,5.0,2.0,,,,,,2.0,4.0,5.0,,4.0,2.0,6.0,5.0,6.0,4.0,5.0,6.0,6.0,6.0,41.0,95.0,63.0,66.0,36.0,31.0,79.0,58.0,83.0,73.0,3.0,,6.0,,,,,,,,,,,1.0,1.0,2.0,1.0,1.0,2.0,2.0,2.0,2.0,2.0,1.0,1.0,2.0,2.0,2.0,1.0,2.0,1.0,2.0,2.0,2.0,2.0,2.0,1.0,2.0,1.0,2.0,2.0,1.0,1.0,2.0,2.0,1.0,2.0,2.0,2.0,1.0,1.0,1.0,2.0,1.0,2.0,2.0,2.0,1.0,2.0,3.0,,,4.0,,,,0.0,3.0,,
pid_1170,1.0,,1.0,,2.0,5.0,,,,,1.0,100.0,36.0,,,2.0,5.0,5.0,5.0,2.0,3.0,5.0,4.0,5.0,2.0,5.0,1.0,,,,,,3.0,1.0,5.0,6.0,,2.0,7.0,1.0,3.0,3.0,2.0,5.0,6.0,5.0,65.0,65.0,80.0,50.0,35.0,75.0,50.0,65.0,40.0,75.0,2.0,,6.0,1.0,2.0,1.0,1.0,1.0,2.0,1.0,2.0,1.0,2.0,,,,,,,2.0,1.0,1.0,1.0,2.0,1.0,1.0,1.0,2.0,2.0,1.0,1.0,1.0,1.0,2.0,1.0,1.0,2.0,2.0,2.0,1.0,1.0,2.0,2.0,2.0,2.0,1.0,2.0,2.0,2.0,1.0,1.0,1.0,1.0,1.0,2.0,2.0,2.0,2.0,2.0,5.0,,,5.0,,,15.0,,,6.0,
pid_1171,,1.0,2.0,,,,2.0,8.0,,,1.0,700.0,31.0,,,2.0,4.0,5.0,3.0,3.0,5.0,5.0,5.0,4.0,5.0,5.0,,1.0,,4.0,3.0,2.0,,,,,5.0,1.0,7.0,1.0,4.0,4.0,1.0,7.0,7.0,7.0,50.0,55.0,53.0,49.0,40.0,60.0,55.0,30.0,45.0,65.0,4.0,,6.0,1.0,2.0,1.0,1.0,1.0,2.0,1.0,1.0,2.0,1.0,,,,,,,1.0,1.0,2.0,1.0,1.0,1.0,2.0,1.0,1.0,1.0,2.0,2.0,1.0,1.0,1.0,1.0,1.0,1.0,1.0,1.0,1.0,2.0,1.0,1.0,1.0,1.0,1.0,1.0,2.0,1.0,2.0,1.0,1.0,1.0,1.0,2.0,2.0,2.0,1.0,1.0,,5.0,,,5.0,,,0.0,,4.0,
pid_1172,1.0,,,2.0,2.0,22.0,,,2.0,400.0,,,30.0,,,5.0,1.0,1.0,4.0,3.0,1.0,1.0,1.0,3.0,1.0,1.0,,,3.0,,,,2.0,2.0,2.0,3.0,,1.0,6.0,2.0,7.0,7.0,3.0,5.0,4.0,4.0,10.0,6.0,45.0,50.0,10.0,4.0,10.0,30.0,10.0,10.0,2.0,3.0,,,,,,,,,,,,1.0,1.0,1.0,1.0,1.0,1.0,2.0,2.0,2.0,2.0,2.0,2.0,2.0,2.0,2.0,2.0,2.0,2.0,1.0,2.0,1.0,2.0,1.0,1.0,2.0,2.0,2.0,2.0,1.0,2.0,2.0,2.0,2.0,1.0,2.0,1.0,2.0,2.0,2.0,2.0,2.0,2.0,2.0,2.0,1.0,2.0,,,5.0,,,5.0,0.0,,,10.0,
pid_1173,,1.0,1.0,,2.0,20.0,,,,,2.0,50.0,,70.0,3.0,,3.0,4.0,4.0,4.0,2.0,4.0,5.0,5.0,4.0,4.0,,,3.0,2.0,5.0,3.0,,,,4.0,,1.0,7.0,3.0,1.0,3.0,4.0,5.0,6.0,3.0,30.0,50.0,55.0,66.0,42.0,45.0,68.0,72.0,51.0,68.0,3.0,6.0,,1.0,1.0,1.0,2.0,1.0,1.0,2.0,1.0,1.0,2.0,,,,,,,2.0,2.0,2.0,2.0,2.0,2.0,2.0,2.0,2.0,2.0,2.0,2.0,2.0,2.0,2.0,1.0,2.0,2.0,1.0,1.0,2.0,2.0,1.0,2.0,1.0,2.0,2.0,2.0,1.0,2.0,2.0,2.0,2.0,2.0,2.0,2.0,2.0,2.0,1.0,2.0,,,1.0,,,4.0,20.0,,,9.0,
pid_1174,,2.0,,2.0,,,1.0,35.0,,,1.0,200.0,,50.0,1.0,,1.0,1.0,1.0,1.0,1.0,1.0,1.0,1.0,1.0,1.0,,,2.0,3.0,3.0,3.0,,,,,4.0,1.0,7.0,4.0,2.0,1.0,3.0,7.0,7.0,7.0,20.0,66.0,31.0,20.0,11.0,10.0,49.0,60.0,25.0,35.0,1.0,3.0,,1.0,1.0,1.0,1.0,1.0,1.0,1.0,1.0,1.0,1.0,,,,,,,2.0,2.0,2.0,2.0,2.0,2.0,2.0,2.0,2.0,1.0,2.0,2.0,2.0,2.0,1.0,1.0,2.0,1.0,2.0,2.0,1.0,2.0,2.0,2.0,1.0,2.0,2.0,2.0,2.0,1.0,1.0,2.0,2.0,2.0,1.0,1.0,2.0,2.0,2.0,2.0,,,1.0,,,5.0,,10.0,,,1.0
pid_1175,1.0,,,1.0,,,2.0,6.0,1.0,3000.0,,,,100.0,3.0,,4.0,5.0,2.0,2.0,5.0,4.0,5.0,4.0,5.0,5.0,,,1.0,,,,3.0,3.0,4.0,5.0,,1.0,7.0,2.0,6.0,5.0,3.0,6.0,6.0,5.0,39.0,70.0,60.0,45.0,58.0,35.0,64.0,86.0,72.0,80.0,3.0,6.0,,,,,,,,,,,,1.0,1.0,1.0,2.0,1.0,2.0,1.0,1.0,1.0,2.0,2.0,2.0,2.0,2.0,1.0,1.0,2.0,2.0,2.0,2.0,2.0,2.0,1.0,2.0,2.0,1.0,2.0,2.0,1.0,1.0,2.0,1.0,2.0,2.0,1.0,1.0,1.0,1.0,1.0,2.0,1.0,2.0,2.0,1.0,1.0,2.0,,,5.0,,,6.0,15.0,,,,5.0
pid_1176,,1.0,1.0,,1.0,70.0,,,,,1.0,300.0,30.0,,,3.0,5.0,5.0,2.0,1.0,4.0,2.0,5.0,4.0,5.0,5.0,,5.0,,2.0,4.0,3.0,,,,4.0,,2.0,6.0,2.0,6.0,6.0,2.0,6.0,6.0,6.0,55.0,65.0,50.0,40.0,30.0,30.0,60.0,45.0,50.0,70.0,3.0,6.0,,1.0,1.0,1.0,1.0,1.0,1.0,1.0,1.0,1.0,1.0,,,,,,,2.0,2.0,2.0,2.0,1.0,2.0,1.0,2.0,2.0,1.0,2.0,2.0,2.0,1.0,2.0,1.0,2.0,1.0,1.0,2.0,2.0,2.0,2.0,1.0,2.0,2.0,2.0,1.0,1.0,2.0,1.0,2.0,2.0,1.0,2.0,2.0,2.0,1.0,1.0,1.0,,2.0,,,4.0,,,15.0,,6.0,
pid_1177,,2.0,1.0,,2.0,50.0,,,2.0,300.0,,,,50.0,,3.0,2.0,5.0,5.0,1.0,5.0,2.0,1.0,5.0,4.0,4.0,,,5.0,,,,3.0,2.0,1.0,,4.0,2.0,6.0,4.0,7.0,5.0,3.0,5.0,4.0,6.0,40.0,89.0,60.0,44.0,70.0,30.0,20.0,82.0,80.0,50.0,4.0,,7.0,1.0,1.0,1.0,1.0,1.0,1.0,1.0,1.0,1.0,1.0,,,,,,,2.0,1.0,2.0,1.0,2.0,2.0,2.0,1.0,2.0,2.0,2.0,2.0,2.0,1.0,1.0,1.0,2.0,2.0,2.0,2.0,2.0,2.0,1.0,2.0,2.0,1.0,2.0,2.0,2.0,1.0,1.0,2.0,1.0,1.0,1.0,1.0,2.0,2.0,2.0,2.0,,,2.0,,,4.0,0.0,,,,2.0
pid_1178,,2.0,2.0,,,,2.0,8.0,2.0,400.0,,,,69.0,3.0,,5.0,5.0,3.0,4.0,4.0,4.0,4.0,3.0,5.0,5.0,,,1.0,4.0,3.0,4.0,,,,,4.0,1.0,6.0,1.0,2.0,2.0,4.0,6.0,6.0,6.0,60.0,53.0,70.0,24.0,23.0,30.0,21.0,20.0,21.0,45.0,3.0,,6.0,,,,,,,,,,,1.0,1.0,1.0,2.0,1.0,1.0,1.0,2.0,1.0,2.0,1.0,1.0,2.0,1.0,2.0,2.0,2.0,2.0,2.0,2.0,2.0,2.0,2.0,2.0,2.0,2.0,2.0,2.0,1.0,1.0,1.0,2.0,2.0,2.0,1.0,1.0,1.0,2.0,2.0,2.0,2.0,1.0,1.0,1.0,2.0,1.0,,,4.0,,,5.0,16.0,,2.0,,
pid_1179,,2.0,,1.0,,,2.0,8.0,,,1.0,680.0,,50.0,2.0,,5.0,5.0,1.0,2.0,4.0,5.0,5.0,2.0,5.0,5.0,,1.0,,4.0,3.0,3.0,,,,,6.0,1.0,7.0,2.0,5.0,2.0,3.0,7.0,6.0,7.0,60.0,100.0,25.0,20.0,30.0,60.0,100.0,20.0,70.0,100.0,2.0,6.0,,,,,,,,,,,,1.0,1.0,1.0,2.0,1.0,1.0,2.0,2.0,1.0,1.0,2.0,2.0,1.0,2.0,1.0,2.0,1.0,1.0,1.0,1.0,1.0,1.0,2.0,2.0,2.0,1.0,1.0,2.0,2.0,2.0,2.0,1.0,1.0,2.0,2.0,1.0,2.0,2.0,1.0,2.0,2.0,1.0,2.0,1.0,1.0,2.0,,2.0,,,6.0,,,0.0,4.0,,
pid_1180,2.0,,,2.0,,,1.0,22.0,,,1.0,99.0,,95.0,1.0,,1.0,4.0,2.0,5.0,1.0,2.0,5.0,3.0,4.0,4.0,1.0,,,,,,4.0,4.0,2.0,,4.0,2.0,7.0,7.0,4.0,3.0,5.0,5.0,5.0,5.0,36.0,51.0,25.0,93.0,15.0,17.0,88.0,97.0,48.0,71.0,1.0,6.0,,1.0,1.0,1.0,2.0,1.0,1.0,2.0,1.0,1.0,2.0,,,,,,,1.0,2.0,1.0,2.0,1.0,2.0,2.0,1.0,2.0,2.0,2.0,2.0,2.0,1.0,2.0,1.0,2.0,2.0,2.0,1.0,1.0,2.0,1.0,2.0,1.0,2.0,2.0,1.0,1.0,2.0,2.0,2.0,2.0,2.0,2.0,1.0,2.0,1.0,2.0,2.0,3.0,,,6.0,,,20.0,,3.0,,
pid_1181,,1.0,1.0,,,,2.0,8.0,2.0,400.0,,,30.0,,2.0,,5.0,5.0,1.0,4.0,5.0,5.0,4.0,5.0,4.0,5.0,1.0,,,5.0,4.0,5.0,,,,,5.0,1.0,6.0,1.0,4.0,4.0,5.0,6.0,5.0,5.0,75.0,85.0,8.0,35.0,20.0,65.0,8.0,30.0,5.0,90.0,3.0,6.0,,,,,,,,,,,,1.0,1.0,1.0,2.0,2.0,1.0,2.0,2.0,2.0,2.0,1.0,2.0,2.0,2.0,2.0,1.0,2.0,1.0,1.0,2.0,1.0,2.0,2.0,2.0,2.0,2.0,2.0,2.0,2.0,2.0,2.0,2.0,2.0,1.0,1.0,2.0,2.0,2.0,2.0,2.0,1.0,1.0,2.0,2.0,2.0,2.0,5.0,,,4.0,,,,2.0,,10.0,
pid_1182,1.0,,,2.0,,,2.0,8.0,1.0,1200.0,,,,72.0,,5.0,2.0,3.0,2.0,5.0,3.0,1.0,3.0,5.0,2.0,1.0,2.0,,,3.0,3.0,2.0,,,,,1.0,1.0,7.0,6.0,4.0,4.0,1.0,4.0,5.0,7.0,49.0,70.0,32.0,83.0,35.0,20.0,59.0,82.0,29.0,50.0,1.0,6.0,,1.0,1.0,1.0,1.0,1.0,1.0,1.0,1.0,1.0,1.0,,,,,,,2.0,1.0,2.0,1.0,2.0,1.0,2.0,2.0,2.0,2.0,2.0,2.0,2.0,1.0,2.0,2.0,1.0,2.0,2.0,2.0,2.0,1.0,1.0,2.0,2.0,1.0,1.0,2.0,1.0,2.0,2.0,1.0,2.0,2.0,1.0,1.0,2.0,2.0,2.0,2.0,3.0,,,3.0,,,,15.0,,7.0,
pid_1183,,1.0,1.0,,,,2.0,7.0,1.0,2000.0,,,90.0,,,4.0,4.0,3.0,3.0,4.0,3.0,2.0,2.0,4.0,5.0,4.0,,,4.0,2.0,2.0,2.0,,,,4.0,,2.0,5.0,1.0,4.0,5.0,5.0,5.0,6.0,6.0,52.0,89.0,83.0,41.0,32.0,11.0,75.0,93.0,76.0,64.0,2.0,6.0,,,,,,,,,,,,1.0,1.0,1.0,1.0,1.0,1.0,2.0,1.0,1.0,2.0,2.0,1.0,2.0,2.0,2.0,2.0,1.0,1.0,1.0,2.0,1.0,1.0,2.0,2.0,1.0,1.0,1.0,2.0,1.0,2.0,2.0,2.0,1.0,2.0,1.0,2.0,2.0,1.0,2.0,1.0,2.0,2.0,2.0,1.0,1.0,2.0,,,5.0,,,1.0,10.0,,,,2.0
pid_1184,2.0,,,1.0,,,1.0,30.0,2.0,350.0,,,30.0,,,1.0,5.0,5.0,5.0,5.0,5.0,5.0,5.0,5.0,5.0,5.0,1.0,,,3.0,2.0,3.0,,,,2.0,,1.0,6.0,2.0,4.0,4.0,3.0,6.0,6.0,6.0,70.0,79.0,45.0,40.0,61.0,60.0,80.0,80.0,55.0,69.0,4.0,,6.0,,,,,,,,,,,1.0,1.0,1.0,1.0,1.0,1.0,2.0,1.0,2.0,2.0,2.0,2.0,1.0,1.0,1.0,2.0,2.0,2.0,2.0,2.0,2.0,1.0,1.0,2.0,2.0,2.0,2.0,2.0,1.0,2.0,2.0,1.0,1.0,2.0,2.0,2.0,2.0,2.0,2.0,1.0,2.0,2.0,2.0,2.0,1.0,2.0,5.0,,,5.0,,,,10.0,2.0,,
pid_1185,,2.0,,1.0,,,1.0,25.0,2.0,350.0,,,,70.0,,4.0,4.0,5.0,2.0,1.0,4.0,4.0,4.0,4.0,4.0,5.0,1.0,,,2.0,4.0,1.0,,,,4.0,,1.0,5.0,2.0,3.0,4.0,2.0,4.0,5.0,5.0,50.0,70.0,40.0,25.0,40.0,50.0,60.0,30.0,50.0,40.0,4.0,5.0,,,,,,,,,,,,1.0,1.0,1.0,1.0,1.0,1.0,2.0,2.0,1.0,2.0,2.0,2.0,2.0,1.0,2.0,2.0,2.0,2.0,2.0,2.0,2.0,2.0,2.0,2.0,2.0,1.0,2.0,2.0,1.0,2.0,2.0,2.0,2.0,2.0,2.0,1.0,2.0,2.0,1.0,2.0,2.0,2.0,2.0,2.0,2.0,2.0,2.0,,,4.0,,,15.0,,,,4.0
pid_1186,2.0,,1.0,,,,2.0,8.0,1.0,1150.0,,,,82.0,,4.0,3.0,4.0,3.0,5.0,5.0,3.0,5.0,5.0,4.0,5.0,1.0,,,3.0,2.0,2.0,,,,5.0,,1.0,6.0,1.0,3.0,3.0,2.0,5.0,7.0,6.0,55.0,59.0,50.0,58.0,71.0,53.0,57.0,62.0,74.0,82.0,1.0,7.0,,1.0,1.0,1.0,1.0,2.0,2.0,1.0,1.0,2.0,1.0,,,,,,,2.0,1.0,2.0,2.0,1.0,2.0,2.0,1.0,1.0,1.0,1.0,2.0,2.0,2.0,1.0,1.0,1.0,2.0,2.0,2.0,1.0,2.0,2.0,1.0,2.0,1.0,2.0,1.0,1.0,2.0,2.0,2.0,2.0,2.0,2.0,2.0,2.0,2.0,2.0,2.0,1.0,,,2.0,,,18.0,,,9.0,
pid_1187,1.0,,1.0,,2.0,5.0,,,2.0,500.0,,,,85.0,,4.0,3.0,5.0,2.0,4.0,3.0,2.0,5.0,4.0,4.0,5.0,,,2.0,,,,5.0,4.0,4.0,,4.0,1.0,6.0,4.0,5.0,5.0,2.0,7.0,5.0,6.0,49.0,77.0,62.0,72.0,41.0,40.0,46.0,53.0,48.0,75.0,2.0,,6.0,1.0,1.0,1.0,1.0,1.0,1.0,1.0,1.0,1.0,1.0,,,,,,,1.0,1.0,1.0,1.0,1.0,1.0,1.0,1.0,1.0,1.0,1.0,1.0,1.0,1.0,1.0,2.0,1.0,1.0,1.0,2.0,2.0,2.0,1.0,1.0,1.0,1.0,1.0,2.0,2.0,1.0,1.0,1.0,1.0,1.0,1.0,1.0,2.0,1.0,1.0,1.0,,,5.0,,,5.0,,15.0,1.0,,
pid_1188,,2.0,1.0,,2.0,45.0,,,1.0,2000.0,,,65.0,,,3.0,5.0,5.0,1.0,3.0,5.0,5.0,5.0,5.0,5.0,5.0,,,2.0,5.0,3.0,1.0,,,,,4.0,1.0,7.0,2.0,4.0,4.0,3.0,7.0,6.0,6.0,40.0,90.0,45.0,50.0,50.0,25.0,35.0,50.0,30.0,85.0,3.0,5.0,,,,,,,,,,,,1.0,1.0,1.0,1.0,2.0,2.0,2.0,2.0,2.0,2.0,2.0,1.0,1.0,1.0,2.0,1.0,1.0,1.0,1.0,1.0,1.0,2.0,2.0,1.0,2.0,1.0,2.0,2.0,2.0,1.0,2.0,1.0,2.0,2.0,2.0,2.0,2.0,1.0,2.0,1.0,2.0,2.0,1.0,2.0,1.0,1.0,,,5.0,,,6.0,20.0,,1.0,,
pid_1189,1.0,,,2.0,2.0,40.0,,,2.0,600.0,,,,70.0,2.0,,4.0,4.0,2.0,3.0,3.0,4.0,4.0,4.0,4.0,4.0,,2.0,,3.0,2.0,3.0,,,,,5.0,1.0,6.0,3.0,4.0,5.0,2.0,5.0,4.0,4.0,55.0,68.0,39.0,50.0,41.0,39.0,63.0,64.0,49.0,59.0,2.0,3.0,,1.0,1.0,1.0,1.0,1.0,1.0,1.0,1.0,1.0,1.0,,,,,,,2.0,1.0,2.0,1.0,1.0,1.0,2.0,1.0,2.0,2.0,2.0,2.0,2.0,2.0,2.0,1.0,2.0,2.0,2.0,1.0,1.0,1.0,2.0,1.0,2.0,2.0,2.0,2.0,2.0,2.0,2.0,1.0,1.0,2.0,1.0,1.0,2.0,1.0,2.0,2.0,,5.0,,,5.0,,15.0,,,,4.0
pid_1190,1.0,,1.0,,2.0,35.0,,,1.0,1200.0,,,,70.0,2.0,,5.0,5.0,3.0,4.0,5.0,5.0,5.0,4.0,4.0,5.0,,,3.0,4.0,4.0,3.0,,,,5.0,,1.0,6.0,1.0,3.0,3.0,3.0,5.0,6.0,5.0,70.0,60.0,50.0,60.0,45.0,45.0,35.0,55.0,35.0,70.0,3.0,6.0,,,,,,,,,,,,1.0,2.0,1.0,1.0,2.0,1.0,2.0,2.0,1.0,2.0,2.0,2.0,1.0,2.0,2.0,1.0,1.0,2.0,2.0,2.0,1.0,2.0,2.0,2.0,2.0,2.0,2.0,2.0,2.0,2.0,2.0,1.0,2.0,2.0,2.0,2.0,2.0,2.0,2.0,2.0,2.0,2.0,2.0,1.0,2.0,2.0,,,5.0,,,5.0,,0.0,2.0,,
pid_1191,,2.0,,2.0,,,1.0,20.0,,,1.0,275.0,80.0,,3.0,,4.0,4.0,3.0,4.0,4.0,5.0,5.0,4.0,5.0,5.0,,3.0,,5.0,3.0,2.0,,,,,3.0,1.0,6.0,2.0,4.0,2.0,2.0,5.0,4.0,6.0,62.0,67.0,54.0,83.0,42.0,57.0,75.0,67.0,65.0,70.0,3.0,,6.0,1.0,1.0,1.0,2.0,1.0,2.0,1.0,1.0,1.0,2.0,,,,,,,2.0,2.0,2.0,2.0,2.0,2.0,2.0,2.0,2.0,1.0,2.0,2.0,2.0,2.0,2.0,2.0,1.0,1.0,1.0,2.0,2.0,1.0,1.0,1.0,2.0,2.0,2.0,2.0,2.0,2.0,2.0,2.0,2.0,1.0,2.0,1.0,2.0,1.0,2.0,1.0,,4.0,,,5.0,,,10.0,2.0,,
pid_1192,2.0,,2.0,,2.0,45.0,,,,,1.0,400.0,30.0,,4.0,,3.0,5.0,2.0,4.0,4.0,3.0,4.0,4.0,4.0,4.0,2.0,,,2.0,3.0,3.0,,,,4.0,,1.0,5.0,4.0,5.0,4.0,2.0,5.0,5.0,5.0,61.0,71.0,17.0,70.0,68.0,38.0,74.0,82.0,68.0,55.0,2.0,,5.0,1.0,1.0,1.0,1.0,2.0,1.0,1.0,2.0,2.0,1.0,,,,,,,2.0,1.0,2.0,2.0,1.0,2.0,1.0,1.0,1.0,2.0,2.0,1.0,2.0,1.0,1.0,1.0,1.0,2.0,2.0,1.0,2.0,2.0,2.0,2.0,1.0,2.0,2.0,2.0,1.0,2.0,2.0,2.0,1.0,1.0,2.0,2.0,2.0,2.0,1.0,1.0,3.0,,,3.0,,,,20.0,1.0,,
pid_1193,1.0,,1.0,,2.0,50.0,,,,,1.0,300.0,,70.0,,4.0,1.0,4.0,4.0,3.0,2.0,2.0,4.0,4.0,4.0,3.0,,5.0,,1.0,1.0,1.0,,,,,5.0,1.0,6.0,4.0,3.0,7.0,5.0,6.0,5.0,4.0,20.0,90.0,55.0,40.0,30.0,50.0,75.0,25.0,55.0,50.0,3.0,,5.0,,,,,,,,,,,1.0,1.0,1.0,1.0,1.0,1.0,1.0,1.0,2.0,2.0,2.0,1.0,2.0,2.0,2.0,2.0,1.0,2.0,2.0,2.0,1.0,2.0,2.0,2.0,1.0,1.0,1.0,2.0,2.0,1.0,2.0,1.0,2.0,1.0,1.0,2.0,1.0,1.0,2.0,1.0,1.0,1.0,2.0,1.0,2.0,2.0,,4.0,,,6.0,,,10.0,2.0,,
pid_1194,2.0,,1.0,,2.0,52.0,,,,,1.0,92.0,,70.0,,4.0,5.0,5.0,1.0,1.0,5.0,5.0,5.0,5.0,5.0,5.0,1.0,,,,,,3.0,3.0,3.0,,5.0,1.0,7.0,5.0,4.0,5.0,2.0,5.0,5.0,5.0,56.0,65.0,45.0,30.0,42.0,43.0,66.0,45.0,42.0,56.0,3.0,5.0,,,,,,,,,,,,1.0,1.0,2.0,1.0,1.0,2.0,2.0,2.0,2.0,2.0,1.0,2.0,2.0,2.0,2.0,2.0,2.0,2.0,2.0,2.0,2.0,2.0,2.0,1.0,1.0,2.0,2.0,2.0,2.0,2.0,1.0,2.0,1.0,1.0,2.0,2.0,2.0,2.0,2.0,1.0,1.0,2.0,1.0,1.0,2.0,2.0,5.0,,,5.0,,,,15.0,7.0,,
pid_1195,,1.0,1.0,,1.0,80.0,,,,,1.0,150.0,,70.0,3.0,,5.0,5.0,1.0,3.0,5.0,5.0,5.0,3.0,5.0,5.0,,,1.0,3.0,3.0,3.0,,,,6.0,,1.0,5.0,2.0,2.0,1.0,2.0,6.0,7.0,7.0,82.0,90.0,33.0,60.0,85.0,50.0,38.0,34.0,44.0,56.0,3.0,,4.0,,,,,,,,,,,1.0,1.0,1.0,1.0,2.0,2.0,2.0,2.0,2.0,1.0,1.0,2.0,2.0,2.0,2.0,2.0,2.0,2.0,2.0,1.0,1.0,1.0,1.0,2.0,2.0,2.0,2.0,2.0,2.0,2.0,2.0,2.0,2.0,2.0,2.0,1.0,2.0,2.0,2.0,2.0,1.0,1.0,1.0,2.0,2.0,2.0,,,5.0,,,6.0,,0.0,,9.0,
pid_1196,1.0,,1.0,,2.0,16.0,,,,,2.0,62.0,,71.0,3.0,,5.0,3.0,4.0,5.0,5.0,5.0,5.0,4.0,5.0,5.0,1.0,,,,,,3.0,3.0,3.0,6.0,,1.0,7.0,5.0,4.0,5.0,2.0,5.0,6.0,6.0,72.0,30.0,74.0,50.0,64.0,72.0,63.0,47.0,47.0,93.0,3.0,,7.0,1.0,1.0,1.0,1.0,1.0,1.0,1.0,1.0,1.0,1.0,,,,,,,2.0,2.0,2.0,2.0,2.0,2.0,2.0,1.0,2.0,2.0,1.0,1.0,1.0,2.0,1.0,1.0,2.0,1.0,2.0,2.0,2.0,1.0,2.0,2.0,2.0,2.0,2.0,1.0,2.0,2.0,2.0,1.0,2.0,1.0,2.0,1.0,1.0,1.0,1.0,1.0,5.0,,,6.0,,,15.0,,4.0,,
pid_1197,2.0,,1.0,,,,1.0,54.0,,,1.0,380.0,,100.0,2.0,,1.0,1.0,3.0,3.0,1.0,1.0,1.0,4.0,2.0,3.0,,,2.0,,,,3.0,4.0,2.0,4.0,,1.0,7.0,2.0,3.0,3.0,5.0,6.0,5.0,6.0,40.0,50.0,55.0,38.0,43.0,22.0,25.0,65.0,48.0,60.0,3.0,6.0,,1.0,1.0,1.0,1.0,1.0,1.0,1.0,1.0,1.0,1.0,,,,,,,1.0,2.0,1.0,2.0,2.0,1.0,2.0,2.0,2.0,1.0,1.0,2.0,1.0,2.0,1.0,1.0,2.0,2.0,1.0,1.0,2.0,2.0,2.0,2.0,1.0,2.0,1.0,1.0,1.0,2.0,2.0,2.0,1.0,1.0,2.0,2.0,1.0,2.0,2.0,1.0,,,5.0,,,5.0,15.0,,2.0,,
pid_1198,2.0,,,1.0,2.0,50.0,,,2.0,450.0,,,,7.0,,3.0,1.0,4.0,5.0,5.0,1.0,1.0,1.0,4.0,1.0,3.0,,,2.0,,,,3.0,5.0,5.0,5.0,,1.0,6.0,2.0,4.0,4.0,3.0,5.0,6.0,6.0,60.0,80.0,55.0,76.0,55.0,60.0,75.0,75.0,40.0,80.0,1.0,,6.0,1.0,2.0,1.0,1.0,2.0,1.0,1.0,2.0,1.0,1.0,,,,,,,1.0,1.0,1.0,1.0,1.0,2.0,1.0,1.0,2.0,1.0,1.0,1.0,1.0,2.0,1.0,2.0,1.0,2.0,2.0,1.0,2.0,1.0,2.0,2.0,1.0,2.0,2.0,1.0,2.0,1.0,1.0,1.0,2.0,1.0,2.0,2.0,1.0,2.0,2.0,2.0,,,4.0,,,4.0,15.0,,4.0,,
pid_1199,,2.0,,2.0,,,1.0,50.0,,,1.0,400.0,91.0,,,5.0,5.0,4.0,1.0,1.0,4.0,5.0,4.0,4.0,5.0,5.0,,1.0,,3.0,2.0,3.0,,,,3.0,,1.0,6.0,4.0,2.0,6.0,2.0,6.0,5.0,6.0,67.0,91.0,43.0,23.0,51.0,59.0,19.0,34.0,50.0,96.0,4.0,,6.0,,,,,,,,,,,1.0,1.0,1.0,1.0,1.0,1.0,2.0,2.0,2.0,2.0,1.0,2.0,2.0,2.0,2.0,2.0,2.0,2.0,2.0,2.0,2.0,2.0,1.0,1.0,2.0,2.0,2.0,2.0,2.0,2.0,2.0,2.0,2.0,2.0,2.0,2.0,2.0,2.0,2.0,1.0,2.0,1.0,1.0,1.0,1.0,2.0,,3.0,,,5.0,,,20.0,,,1.0
pid_1200,1.0,,2.0,,,,2.0,10.0,,,1.0,125.0,80.0,,1.0,,2.0,2.0,4.0,4.0,4.0,2.0,4.0,4.0,4.0,5.0,4.0,,,5.0,6.0,2.0,,,,,6.0,1.0,7.0,3.0,7.0,7.0,2.0,6.0,3.0,5.0,45.0,45.0,45.0,55.0,40.0,55.0,45.0,60.0,45.0,90.0,3.0,,5.0,,,,,,,,,,,1.0,1.0,1.0,1.0,1.0,1.0,2.0,2.0,1.0,1.0,2.0,2.0,1.0,2.0,1.0,2.0,2.0,2.0,2.0,2.0,2.0,1.0,2.0,1.0,2.0,2.0,2.0,2.0,1.0,1.0,2.0,2.0,2.0,1.0,1.0,1.0,1.0,1.0,2.0,1.0,2.0,2.0,2.0,2.0,2.0,2.0,5.0,,,6.0,,,15.0,,,,9.0
pid_1201,,2.0,,2.0,2.0,100.0,,,,,1.0,150.0,,70.0,3.0,,3.0,5.0,2.0,5.0,5.0,5.0,5.0,5.0,5.0,3.0,,5.0,,,,,3.0,5.0,2.0,4.0,,1.0,7.0,2.0,5.0,5.0,3.0,5.0,5.0,5.0,40.0,19.0,64.0,50.0,27.0,19.0,71.0,62.0,8.0,22.0,4.0,6.0,,1.0,2.0,1.0,1.0,1.0,2.0,1.0,1.0,2.0,2.0,,,,,,,1.0,2.0,1.0,2.0,2.0,2.0,2.0,2.0,2.0,2.0,1.0,1.0,1.0,2.0,2.0,2.0,1.0,1.0,2.0,2.0,2.0,1.0,1.0,1.0,1.0,2.0,2.0,2.0,2.0,2.0,2.0,2.0,1.0,2.0,2.0,2.0,2.0,2.0,1.0,2.0,,5.0,,,6.0,,20.0,,,5.0,
pid_1202,,2.0,,2.0,1.0,65.0,,,,,1.0,211.0,,68.0,4.0,,4.0,2.0,3.0,4.0,3.0,4.0,5.0,3.0,4.0,3.0,,,4.0,2.0,2.0,1.0,,,,,6.0,2.0,5.0,4.0,4.0,4.0,5.0,5.0,5.0,5.0,2.0,48.0,32.0,75.0,28.0,71.0,13.0,14.0,33.0,68.0,3.0,,4.0,,,,,,,,,,,1.0,1.0,1.0,1.0,1.0,1.0,1.0,1.0,1.0,2.0,2.0,2.0,1.0,1.0,2.0,2.0,1.0,1.0,1.0,1.0,2.0,1.0,1.0,1.0,1.0,1.0,1.0,1.0,1.0,2.0,2.0,1.0,1.0,1.0,2.0,2.0,1.0,2.0,2.0,1.0,2.0,2.0,1.0,1.0,2.0,1.0,,,3.0,,,4.0,,5.0,,2.0,
pid_1203,1.0,,2.0,,2.0,20.0,,,2.0,500.0,,,,70.0,4.0,,2.0,2.0,5.0,4.0,2.0,4.0,2.0,4.0,1.0,4.0,4.0,,,,,,4.0,3.0,3.0,,4.0,1.0,5.0,5.0,5.0,5.0,2.0,3.0,5.0,5.0,56.0,39.0,64.0,62.0,36.0,59.0,30.0,58.0,26.0,64.0,3.0,6.0,,1.0,1.0,1.0,1.0,1.0,1.0,1.0,1.0,1.0,1.0,,,,,,,1.0,2.0,2.0,2.0,2.0,2.0,1.0,1.0,1.0,2.0,2.0,1.0,2.0,2.0,2.0,1.0,1.0,2.0,1.0,2.0,2.0,2.0,2.0,1.0,2.0,2.0,2.0,2.0,1.0,2.0,2.0,2.0,2.0,1.0,1.0,2.0,2.0,2.0,1.0,1.0,4.0,,,4.0,,,20.0,,3.0,,
pid_1204,1.0,,1.0,,,,1.0,40.0,,,1.0,259.0,30.0,,,4.0,4.0,5.0,1.0,2.0,4.0,4.0,5.0,4.0,5.0,5.0,,2.0,,,,,2.0,3.0,3.0,4.0,,1.0,6.0,2.0,3.0,5.0,5.0,6.0,5.0,2.0,40.0,44.0,38.0,34.0,40.0,37.0,65.0,40.0,47.0,49.0,3.0,3.0,,,,,,,,,,,,1.0,1.0,1.0,1.0,1.0,1.0,2.0,2.0,1.0,1.0,1.0,2.0,1.0,1.0,2.0,2.0,2.0,1.0,1.0,1.0,1.0,2.0,2.0,1.0,2.0,1.0,1.0,2.0,1.0,1.0,1.0,2.0,1.0,2.0,2.0,1.0,1.0,2.0,2.0,1.0,1.0,2.0,1.0,2.0,2.0,1.0,,4.0,,,4.0,,,10.0,,,5.0
pid_1205,,2.0,,2.0,,,1.0,50.0,2.0,250.0,,,,83.0,,5.0,1.0,1.0,5.0,5.0,3.0,1.0,1.0,3.0,1.0,4.0,,1.0,,2.0,3.0,3.0,,,,,4.0,2.0,7.0,4.0,5.0,5.0,4.0,3.0,5.0,5.0,15.0,6.0,68.0,85.0,56.0,38.0,45.0,51.0,25.0,53.0,1.0,6.0,,1.0,2.0,1.0,1.0,1.0,1.0,1.0,2.0,2.0,2.0,,,,,,,2.0,2.0,2.0,2.0,2.0,2.0,1.0,1.0,2.0,2.0,2.0,1.0,1.0,2.0,2.0,2.0,2.0,1.0,2.0,2.0,2.0,1.0,2.0,2.0,2.0,2.0,2.0,1.0,2.0,1.0,2.0,2.0,2.0,2.0,2.0,2.0,1.0,2.0,1.0,2.0,,4.0,,,6.0,,15.0,,1.0,,
pid_1206,,2.0,,2.0,,,1.0,25.0,,,1.0,200.0,,2.0,,3.0,2.0,5.0,4.0,4.0,4.0,2.0,4.0,5.0,4.0,3.0,,4.0,,,,,3.0,2.0,3.0,4.0,,2.0,5.0,3.0,5.0,5.0,3.0,5.0,5.0,5.0,5.0,90.0,30.0,80.0,30.0,10.0,40.0,80.0,50.0,45.0,3.0,,6.0,1.0,1.0,1.0,2.0,1.0,1.0,1.0,2.0,2.0,1.0,,,,,,,2.0,1.0,2.0,2.0,2.0,1.0,2.0,2.0,2.0,1.0,2.0,2.0,2.0,2.0,1.0,2.0,2.0,1.0,2.0,2.0,2.0,1.0,2.0,1.0,2.0,1.0,2.0,1.0,2.0,1.0,2.0,2.0,1.0,1.0,2.0,1.0,1.0,2.0,1.0,1.0,,5.0,,,6.0,,18.0,,1.0,,
pid_1207,1.0,,1.0,,,,2.0,10.0,1.0,1100.0,,,60.0,,,6.0,1.0,5.0,5.0,5.0,4.0,4.0,2.0,5.0,5.0,5.0,1.0,,,2.0,6.0,1.0,,,,4.0,,2.0,6.0,6.0,6.0,7.0,3.0,5.0,6.0,7.0,30.0,100.0,55.0,42.0,60.0,60.0,40.0,75.0,30.0,75.0,4.0,,7.0,,,,,,,,,,,1.0,1.0,2.0,1.0,1.0,1.0,2.0,1.0,2.0,2.0,1.0,2.0,1.0,1.0,1.0,2.0,2.0,1.0,2.0,2.0,2.0,2.0,2.0,2.0,2.0,2.0,1.0,1.0,2.0,2.0,1.0,1.0,2.0,2.0,2.0,1.0,2.0,1.0,1.0,2.0,1.0,2.0,1.0,2.0,1.0,1.0,1.0,,,6.0,,,,0.0,,6.0,
pid_1208,1.0,,1.0,,2.0,50.0,,,2.0,450.0,,,60.0,,,2.0,3.0,5.0,5.0,5.0,4.0,2.0,1.0,1.0,2.0,1.0,,,2.0,6.0,6.0,2.0,,,,,6.0,1.0,7.0,2.0,1.0,3.0,5.0,5.0,5.0,5.0,67.0,56.0,69.0,63.0,76.0,78.0,56.0,62.0,55.0,67.0,3.0,6.0,,,,,,,,,,,,1.0,1.0,1.0,1.0,2.0,2.0,2.0,2.0,1.0,1.0,2.0,2.0,1.0,2.0,2.0,1.0,2.0,2.0,2.0,1.0,1.0,2.0,2.0,2.0,2.0,1.0,2.0,1.0,1.0,1.0,1.0,1.0,2.0,1.0,1.0,1.0,1.0,1.0,2.0,2.0,1.0,1.0,1.0,1.0,2.0,2.0,,,5.0,,,1.0,17.0,,3.0,,
pid_1209,1.0,,,2.0,2.0,36.0,,,1.0,1200.0,,,83.0,,2.0,,5.0,5.0,2.0,1.0,5.0,5.0,5.0,1.0,5.0,5.0,1.0,,,,,,3.0,3.0,2.0,5.0,,1.0,6.0,5.0,2.0,4.0,5.0,6.0,7.0,7.0,62.0,86.0,20.0,8.0,73.0,76.0,74.0,43.0,89.0,85.0,3.0,,5.0,,,,,,,,,,,1.0,1.0,2.0,1.0,2.0,1.0,2.0,1.0,2.0,2.0,2.0,1.0,2.0,2.0,2.0,2.0,1.0,1.0,1.0,2.0,2.0,2.0,2.0,2.0,1.0,2.0,1.0,2.0,1.0,2.0,2.0,1.0,2.0,1.0,2.0,2.0,2.0,2.0,2.0,2.0,2.0,1.0,2.0,1.0,1.0,2.0,2.0,,,4.0,,,,10.0,2.0,,
pid_1210,,1.0,1.0,,,,1.0,40.0,1.0,1500.0,,,1.0,,,4.0,2.0,2.0,3.0,3.0,2.0,2.0,2.0,2.0,2.0,4.0,,,1.0,3.0,3.0,3.0,,,,4.0,,1.0,6.0,4.0,5.0,5.0,2.0,3.0,4.0,4.0,30.0,26.0,40.0,27.0,20.0,23.0,20.0,30.0,20.0,40.0,2.0,,6.0,,,,,,,,,,,1.0,1.0,1.0,1.0,2.0,2.0,2.0,1.0,1.0,2.0,2.0,1.0,1.0,1.0,2.0,1.0,2.0,2.0,2.0,2.0,1.0,1.0,2.0,2.0,2.0,2.0,2.0,2.0,1.0,2.0,1.0,2.0,2.0,1.0,2.0,2.0,2.0,2.0,2.0,2.0,2.0,2.0,2.0,2.0,2.0,2.0,,,5.0,,,5.0,,0.0,,,3.0
pid_1211,1.0,,,1.0,,,1.0,54.0,1.0,1100.0,,,,70.0,,4.0,5.0,5.0,1.0,1.0,5.0,5.0,5.0,5.0,5.0,5.0,2.0,,,,,,4.0,4.0,3.0,4.0,,1.0,7.0,6.0,4.0,5.0,5.0,5.0,3.0,3.0,50.0,84.0,44.0,42.0,51.0,50.0,65.0,76.0,45.0,67.0,3.0,,6.0,,,,,,,,,,,1.0,2.0,1.0,2.0,1.0,1.0,2.0,1.0,2.0,2.0,2.0,1.0,2.0,2.0,2.0,1.0,1.0,2.0,2.0,2.0,2.0,2.0,2.0,2.0,1.0,1.0,2.0,2.0,1.0,1.0,2.0,2.0,2.0,1.0,2.0,1.0,2.0,1.0,1.0,1.0,2.0,1.0,2.0,2.0,2.0,2.0,5.0,,,5.0,,,5.0,,2.0,,
pid_1212,1.0,,,2.0,,,1.0,20.0,,,1.0,100.0,30.0,,,3.0,2.0,3.0,3.0,4.0,2.0,2.0,1.0,4.0,4.0,4.0,,4.0,,6.0,3.0,1.0,,,,,6.0,1.0,6.0,2.0,5.0,5.0,2.0,6.0,5.0,5.0,10.0,55.0,70.0,40.0,5.0,10.0,60.0,71.0,30.0,90.0,3.0,6.0,,,,,,,,,,,,1.0,1.0,1.0,1.0,1.0,1.0,1.0,1.0,1.0,1.0,1.0,2.0,1.0,2.0,1.0,2.0,1.0,2.0,1.0,1.0,1.0,1.0,1.0,1.0,1.0,2.0,1.0,2.0,1.0,2.0,1.0,1.0,1.0,2.0,2.0,1.0,1.0,2.0,2.0,1.0,2.0,2.0,1.0,2.0,1.0,1.0,,5.0,,,3.0,,,0.0,2.0,,
pid_1213,,2.0,,1.0,1.0,103.0,,,2.0,895.0,,,,70.0,4.0,,5.0,5.0,4.0,5.0,4.0,4.0,5.0,5.0,5.0,5.0,,1.0,,,,,2.0,3.0,2.0,4.0,,1.0,7.0,2.0,2.0,3.0,1.0,4.0,7.0,5.0,46.0,66.0,68.0,60.0,18.0,53.0,76.0,77.0,66.0,77.0,3.0,,6.0,,,,,,,,,,,1.0,1.0,2.0,1.0,2.0,1.0,2.0,2.0,2.0,2.0,1.0,1.0,1.0,2.0,2.0,1.0,2.0,2.0,1.0,1.0,2.0,2.0,1.0,2.0,1.0,1.0,1.0,2.0,1.0,2.0,1.0,2.0,1.0,2.0,2.0,2.0,2.0,2.0,2.0,1.0,1.0,1.0,2.0,1.0,2.0,1.0,,5.0,,,6.0,,,18.0,,3.0,
pid_1214,,2.0,1.0,,,,1.0,45.0,,,1.0,125.0,96.0,,,2.0,2.0,4.0,4.0,4.0,4.0,2.0,5.0,4.0,1.0,5.0,,1.0,,,,,2.0,3.0,4.0,,5.0,2.0,6.0,1.0,1.0,5.0,5.0,6.0,7.0,7.0,70.0,77.0,97.0,84.0,27.0,49.0,80.0,74.0,20.0,98.0,1.0,,6.0,1.0,1.0,1.0,1.0,1.0,1.0,1.0,1.0,1.0,1.0,,,,,,,2.0,2.0,2.0,1.0,2.0,2.0,2.0,2.0,1.0,2.0,2.0,2.0,2.0,2.0,2.0,2.0,2.0,2.0,2.0,2.0,2.0,1.0,2.0,2.0,1.0,2.0,2.0,1.0,1.0,1.0,2.0,2.0,2.0,2.0,2.0,2.0,2.0,2.0,2.0,1.0,,5.0,,,6.0,,0.0,,,,2.0
pid_1215,,2.0,,1.0,,,2.0,9.0,,,1.0,100.0,,70.0,3.0,,4.0,5.0,4.0,3.0,4.0,4.0,4.0,5.0,5.0,1.0,,,2.0,,,,4.0,4.0,3.0,6.0,,1.0,7.0,3.0,5.0,5.0,6.0,5.0,6.0,5.0,45.0,80.0,90.0,50.0,35.0,35.0,60.0,75.0,45.0,55.0,2.0,3.0,,,,,,,,,,,,1.0,1.0,1.0,1.0,2.0,2.0,2.0,1.0,2.0,2.0,2.0,2.0,2.0,2.0,1.0,1.0,1.0,2.0,1.0,2.0,1.0,2.0,1.0,1.0,2.0,2.0,2.0,2.0,2.0,1.0,2.0,2.0,2.0,1.0,2.0,1.0,2.0,2.0,2.0,2.0,1.0,2.0,1.0,2.0,2.0,1.0,,,4.0,,,6.0,20.0,,,8.0,
pid_1216,,1.0,1.0,,1.0,78.0,,,2.0,300.0,,,,2.0,1.0,,1.0,1.0,5.0,3.0,3.0,1.0,4.0,4.0,1.0,1.0,,1.0,,3.0,4.0,2.0,,,,2.0,,2.0,7.0,1.0,5.0,5.0,2.0,5.0,4.0,5.0,60.0,74.0,88.0,58.0,25.0,10.0,82.0,40.0,35.0,85.0,1.0,,6.0,,,,,,,,,,,1.0,1.0,2.0,1.0,2.0,1.0,1.0,1.0,2.0,1.0,1.0,1.0,1.0,2.0,2.0,2.0,1.0,2.0,1.0,1.0,2.0,1.0,1.0,2.0,1.0,2.0,2.0,1.0,1.0,1.0,1.0,2.0,2.0,2.0,2.0,2.0,2.0,1.0,1.0,2.0,1.0,2.0,2.0,2.0,2.0,1.0,,1.0,,,1.0,,,0.0,,10.0,
pid_1217,,1.0,,2.0,2.0,40.0,,,,,1.0,250.0,,60.0,,2.0,4.0,4.0,4.0,2.0,3.0,2.0,4.0,2.0,3.0,4.0,2.0,,,3.0,1.0,3.0,,,,3.0,,2.0,5.0,3.0,4.0,5.0,2.0,5.0,5.0,5.0,75.0,45.0,70.0,52.0,55.0,65.0,48.0,50.0,35.0,65.0,3.0,,6.0,1.0,2.0,1.0,1.0,1.0,1.0,2.0,1.0,1.0,1.0,,,,,,,1.0,2.0,2.0,2.0,2.0,1.0,1.0,2.0,2.0,1.0,1.0,1.0,2.0,1.0,1.0,1.0,1.0,1.0,2.0,2.0,1.0,2.0,1.0,1.0,1.0,2.0,1.0,2.0,2.0,1.0,2.0,2.0,1.0,2.0,2.0,2.0,1.0,2.0,1.0,2.0,2.0,,,2.0,,,15.0,,,4.0,
pid_1218,1.0,,,2.0,,,2.0,10.0,,,1.0,200.0,,70.0,,2.0,1.0,2.0,5.0,4.0,3.0,2.0,3.0,4.0,1.0,2.0,1.0,,,,,,3.0,1.0,3.0,4.0,,1.0,7.0,3.0,7.0,2.0,1.0,6.0,6.0,5.0,0.0,0.0,100.0,90.0,10.0,0.0,5.0,75.0,0.0,0.0,1.0,2.0,,1.0,1.0,1.0,1.0,2.0,1.0,1.0,1.0,2.0,1.0,,,,,,,2.0,1.0,1.0,1.0,2.0,2.0,2.0,2.0,1.0,2.0,2.0,1.0,1.0,2.0,2.0,2.0,1.0,1.0,2.0,2.0,2.0,2.0,1.0,1.0,1.0,2.0,1.0,2.0,2.0,2.0,2.0,1.0,1.0,2.0,2.0,1.0,1.0,2.0,1.0,2.0,5.0,,,6.0,,,,15.0,,10.0,
pid_1219,,2.0,,2.0,2.0,30.0,,,1.0,1500.0,,,,30.0,2.0,,3.0,4.0,3.0,5.0,3.0,4.0,5.0,4.0,4.0,5.0,,3.0,,,,,2.0,1.0,1.0,4.0,,2.0,4.0,4.0,4.0,2.0,2.0,5.0,5.0,5.0,35.0,75.0,50.0,25.0,50.0,20.0,75.0,50.0,50.0,89.0,3.0,,6.0,1.0,2.0,1.0,1.0,1.0,2.0,1.0,1.0,2.0,2.0,,,,,,,1.0,1.0,2.0,1.0,2.0,1.0,1.0,1.0,1.0,1.0,1.0,1.0,2.0,1.0,1.0,1.0,1.0,2.0,1.0,1.0,1.0,1.0,2.0,1.0,2.0,1.0,1.0,2.0,1.0,2.0,2.0,1.0,1.0,2.0,1.0,1.0,1.0,1.0,2.0,2.0,,5.0,,,6.0,,20.0,,,4.0,
pid_1220,,2.0,1.0,,2.0,1.0,,,2.0,1.0,,,,41.0,1.0,,3.0,3.0,3.0,3.0,3.0,3.0,3.0,3.0,3.0,3.0,1.0,,,,,,1.0,1.0,4.0,,3.0,1.0,4.0,4.0,4.0,4.0,4.0,4.0,4.0,4.0,38.0,15.0,3.0,16.0,14.0,51.0,10.0,74.0,4.0,78.0,2.0,6.0,,1.0,1.0,1.0,2.0,2.0,2.0,2.0,1.0,2.0,2.0,,,,,,,1.0,2.0,1.0,2.0,2.0,1.0,2.0,2.0,1.0,1.0,1.0,2.0,1.0,1.0,2.0,2.0,1.0,2.0,1.0,1.0,2.0,2.0,1.0,2.0,2.0,2.0,2.0,1.0,2.0,2.0,2.0,2.0,1.0,2.0,2.0,1.0,1.0,1.0,2.0,1.0,4.0,,,4.0,,,1.0,,,,1.0
pid_1221,1.0,,,2.0,2.0,50.0,,,2.0,300.0,,,,30.0,,5.0,4.0,5.0,2.0,3.0,4.0,4.0,4.0,4.0,5.0,4.0,,2.0,,,,,2.0,2.0,2.0,5.0,,1.0,7.0,1.0,4.0,4.0,2.0,6.0,4.0,4.0,50.0,30.0,50.0,50.0,50.0,50.0,30.0,30.0,40.0,20.0,3.0,5.0,,1.0,1.0,1.0,1.0,1.0,1.0,1.0,1.0,1.0,1.0,,,,,,,2.0,1.0,2.0,2.0,2.0,2.0,1.0,2.0,2.0,1.0,2.0,2.0,2.0,2.0,2.0,1.0,2.0,1.0,2.0,2.0,1.0,2.0,1.0,2.0,1.0,1.0,1.0,1.0,1.0,1.0,1.0,1.0,2.0,2.0,1.0,2.0,2.0,1.0,2.0,1.0,,4.0,,,5.0,,,0.0,1.0,,
pid_1222,,1.0,,2.0,,,1.0,24.0,2.0,250.0,,,30.0,,3.0,,4.0,5.0,1.0,4.0,3.0,2.0,2.0,4.0,5.0,2.0,,5.0,,,,,2.0,1.0,3.0,,6.0,1.0,6.0,1.0,4.0,3.0,1.0,5.0,6.0,5.0,40.0,60.0,60.0,70.0,50.0,40.0,60.0,55.0,40.0,70.0,3.0,3.0,,1.0,2.0,1.0,2.0,1.0,1.0,1.0,1.0,2.0,1.0,,,,,,,2.0,1.0,2.0,2.0,1.0,1.0,1.0,1.0,2.0,2.0,1.0,2.0,1.0,2.0,2.0,2.0,1.0,1.0,1.0,2.0,2.0,2.0,2.0,2.0,2.0,1.0,1.0,1.0,2.0,2.0,1.0,1.0,2.0,2.0,1.0,2.0,2.0,1.0,2.0,1.0,,5.0,,,6.0,,,2.0,,,8.0
pid_1223,,2.0,,1.0,2.0,40.0,,,,,1.0,150.0,93.0,,2.0,,4.0,5.0,2.0,3.0,3.0,4.0,5.0,3.0,5.0,5.0,,,2.0,3.0,3.0,2.0,,,,4.0,,2.0,7.0,5.0,5.0,5.0,5.0,6.0,6.0,6.0,50.0,64.0,42.0,57.0,20.0,59.0,9.0,49.0,19.0,70.0,3.0,6.0,,1.0,2.0,2.0,1.0,2.0,1.0,2.0,2.0,2.0,2.0,,,,,,,2.0,2.0,2.0,1.0,1.0,2.0,2.0,2.0,2.0,2.0,1.0,2.0,2.0,1.0,1.0,2.0,2.0,1.0,2.0,1.0,2.0,2.0,2.0,2.0,1.0,2.0,1.0,2.0,2.0,1.0,2.0,2.0,1.0,2.0,1.0,1.0,2.0,2.0,2.0,2.0,,,5.0,,,5.0,,5.0,,10.0,
pid_1224,,2.0,1.0,,2.0,54.0,,,,,1.0,350.0,,75.0,,2.0,1.0,3.0,5.0,4.0,1.0,1.0,4.0,3.0,1.0,3.0,1.0,,,3.0,3.0,3.0,,,,,5.0,1.0,7.0,2.0,3.0,3.0,2.0,6.0,5.0,5.0,55.0,50.0,90.0,75.0,55.0,55.0,70.0,70.0,5.0,50.0,2.0,3.0,,,,,,,,,,,,1.0,1.0,1.0,1.0,1.0,1.0,1.0,2.0,1.0,2.0,2.0,2.0,2.0,1.0,2.0,2.0,1.0,2.0,1.0,1.0,2.0,2.0,2.0,2.0,2.0,2.0,2.0,2.0,1.0,2.0,2.0,1.0,2.0,2.0,2.0,2.0,1.0,2.0,2.0,2.0,2.0,2.0,2.0,1.0,2.0,2.0,4.0,,,4.0,,,,8.0,,,3.0
pid_1225,1.0,,,1.0,,,1.0,15.0,,,1.0,90.0,30.0,,,5.0,1.0,1.0,5.0,4.0,2.0,1.0,1.0,3.0,2.0,1.0,1.0,,,2.0,2.0,2.0,,,,2.0,,1.0,6.0,4.0,6.0,6.0,2.0,5.0,2.0,2.0,31.0,35.0,71.0,54.0,33.0,32.0,34.0,76.0,68.0,69.0,1.0,,5.0,1.0,1.0,1.0,1.0,1.0,1.0,1.0,1.0,1.0,1.0,,,,,,,2.0,2.0,2.0,2.0,2.0,2.0,2.0,2.0,1.0,2.0,1.0,2.0,2.0,2.0,2.0,2.0,1.0,2.0,2.0,2.0,2.0,2.0,2.0,2.0,2.0,2.0,2.0,1.0,2.0,2.0,2.0,2.0,2.0,2.0,2.0,2.0,1.0,2.0,2.0,2.0,1.0,,,1.0,,,,5.0,,,2.0
pid_1226,2.0,,2.0,,,,1.0,20.0,2.0,800.0,,,100.0,,,6.0,4.0,5.0,1.0,4.0,4.0,5.0,5.0,5.0,5.0,5.0,,,4.0,,,,5.0,3.0,1.0,6.0,,2.0,7.0,1.0,2.0,2.0,6.0,6.0,7.0,6.0,40.0,50.0,50.0,20.0,10.0,10.0,50.0,50.0,50.0,25.0,4.0,,6.0,1.0,1.0,1.0,1.0,1.0,1.0,1.0,1.0,1.0,1.0,,,,,,,1.0,1.0,2.0,1.0,1.0,2.0,1.0,2.0,2.0,2.0,2.0,1.0,1.0,1.0,1.0,2.0,1.0,2.0,1.0,1.0,2.0,2.0,2.0,2.0,2.0,2.0,2.0,2.0,2.0,2.0,2.0,2.0,1.0,1.0,2.0,1.0,2.0,2.0,2.0,1.0,,,5.0,,,6.0,20.0,,,,3.0
pid_1227,,2.0,1.0,,1.0,85.0,,,2.0,150.0,,,,83.0,,5.0,4.0,5.0,3.0,5.0,2.0,1.0,1.0,4.0,5.0,5.0,1.0,,,5.0,1.0,2.0,,,,2.0,,1.0,3.0,1.0,4.0,2.0,1.0,3.0,5.0,6.0,57.0,79.0,39.0,50.0,26.0,17.0,40.0,70.0,60.0,96.0,1.0,,6.0,1.0,1.0,1.0,1.0,2.0,1.0,1.0,1.0,2.0,1.0,,,,,,,2.0,1.0,2.0,1.0,1.0,1.0,2.0,1.0,1.0,1.0,2.0,2.0,1.0,1.0,2.0,2.0,1.0,1.0,1.0,2.0,2.0,1.0,2.0,2.0,2.0,1.0,1.0,2.0,1.0,1.0,2.0,1.0,2.0,2.0,2.0,2.0,1.0,2.0,2.0,2.0,5.0,,,6.0,,,,10.0,1.0,,
pid_1228,1.0,,1.0,,,,1.0,30.0,2.0,200.0,,,60.0,,,4.0,4.0,5.0,1.0,1.0,5.0,5.0,5.0,4.0,5.0,5.0,4.0,,,,,,4.0,6.0,3.0,,6.0,1.0,5.0,2.0,6.0,3.0,3.0,6.0,7.0,7.0,58.0,65.0,25.0,45.0,25.0,55.0,48.0,62.0,55.0,60.0,3.0,6.0,,1.0,1.0,1.0,1.0,1.0,1.0,1.0,1.0,1.0,1.0,,,,,,,2.0,1.0,1.0,2.0,1.0,2.0,1.0,2.0,1.0,1.0,2.0,2.0,1.0,2.0,1.0,2.0,1.0,2.0,1.0,1.0,1.0,1.0,1.0,2.0,2.0,1.0,2.0,1.0,1.0,1.0,2.0,1.0,2.0,1.0,1.0,2.0,1.0,1.0,1.0,1.0,5.0,,,4.0,,,18.0,,,5.0,
pid_1229,,2.0,1.0,,,,1.0,55.0,,,1.0,126.0,86.0,,,4.0,3.0,4.0,4.0,3.0,3.0,4.0,5.0,3.0,3.0,5.0,1.0,,,,,,3.0,5.0,5.0,,4.0,2.0,7.0,4.0,4.0,4.0,1.0,5.0,6.0,5.0,73.0,16.0,96.0,10.0,10.0,51.0,97.0,29.0,59.0,97.0,2.0,6.0,,1.0,1.0,1.0,1.0,2.0,1.0,1.0,2.0,2.0,1.0,,,,,,,2.0,2.0,2.0,1.0,1.0,2.0,2.0,2.0,1.0,2.0,2.0,2.0,2.0,2.0,2.0,2.0,1.0,2.0,2.0,2.0,2.0,2.0,2.0,2.0,1.0,2.0,2.0,1.0,2.0,1.0,2.0,2.0,2.0,2.0,2.0,1.0,2.0,2.0,1.0,2.0,3.0,,,5.0,,,20.0,,,,5.0
pid_1230,1.0,,2.0,,2.0,35.0,,,,,1.0,120.0,60.0,,1.0,,4.0,5.0,2.0,5.0,5.0,5.0,5.0,5.0,5.0,5.0,,5.0,,5.0,4.0,4.0,,,,,5.0,1.0,6.0,2.0,5.0,5.0,2.0,6.0,5.0,5.0,55.0,89.0,46.0,34.0,60.0,44.0,51.0,38.0,46.0,75.0,3.0,,6.0,1.0,2.0,1.0,1.0,1.0,2.0,1.0,2.0,1.0,1.0,,,,,,,2.0,2.0,1.0,2.0,1.0,1.0,1.0,2.0,2.0,1.0,1.0,2.0,1.0,2.0,2.0,1.0,2.0,2.0,2.0,2.0,2.0,1.0,1.0,1.0,2.0,1.0,1.0,2.0,2.0,2.0,1.0,1.0,2.0,2.0,1.0,2.0,2.0,1.0,1.0,2.0,,5.0,,,5.0,,20.0,,,6.0,
pid_1231,,2.0,,2.0,,,1.0,30.0,,,1.0,130.0,20.0,,3.0,,2.0,4.0,5.0,4.0,3.0,2.0,2.0,2.0,2.0,4.0,,,3.0,,,,1.0,3.0,3.0,,4.0,2.0,5.0,2.0,2.0,2.0,4.0,4.0,5.0,5.0,43.0,77.0,69.0,58.0,55.0,45.0,39.0,51.0,21.0,77.0,1.0,4.0,,,,,,,,,,,,1.0,1.0,1.0,2.0,2.0,1.0,1.0,2.0,2.0,2.0,2.0,2.0,2.0,1.0,2.0,2.0,2.0,2.0,2.0,2.0,2.0,2.0,1.0,2.0,2.0,2.0,2.0,2.0,1.0,2.0,1.0,2.0,1.0,2.0,2.0,2.0,2.0,2.0,2.0,1.0,2.0,2.0,2.0,1.0,1.0,2.0,,,4.0,,,4.0,,10.0,,10.0,
pid_1232,1.0,,,1.0,,,2.0,3.0,1.0,2300.0,,,63.0,,5.0,,3.0,3.0,4.0,4.0,3.0,3.0,4.0,4.0,3.0,4.0,,,4.0,5.0,4.0,5.0,,,,3.0,,2.0,5.0,5.0,5.0,5.0,5.0,4.0,6.0,6.0,44.0,57.0,86.0,62.0,69.0,52.0,79.0,59.0,65.0,89.0,2.0,2.0,,1.0,2.0,1.0,2.0,1.0,1.0,2.0,2.0,2.0,1.0,,,,,,,1.0,2.0,1.0,1.0,1.0,2.0,1.0,1.0,1.0,1.0,1.0,1.0,1.0,1.0,1.0,1.0,2.0,1.0,1.0,1.0,2.0,1.0,1.0,1.0,2.0,2.0,1.0,2.0,1.0,2.0,2.0,1.0,1.0,2.0,2.0,1.0,1.0,2.0,1.0,2.0,,,4.0,,,4.0,15.0,,3.0,,
pid_1233,1.0,,2.0,,,,2.0,8.0,,,1.0,200.0,30.0,,,3.0,1.0,5.0,3.0,3.0,3.0,3.0,5.0,5.0,5.0,5.0,,3.0,,,,,4.0,4.0,4.0,1.0,,2.0,7.0,5.0,4.0,4.0,1.0,5.0,4.0,4.0,24.0,65.0,55.0,41.0,34.0,44.0,39.0,52.0,62.0,76.0,3.0,7.0,,,,,,,,,,,,1.0,1.0,1.0,1.0,1.0,1.0,2.0,2.0,2.0,1.0,2.0,2.0,2.0,2.0,2.0,2.0,1.0,2.0,2.0,1.0,2.0,2.0,2.0,2.0,2.0,2.0,1.0,2.0,2.0,2.0,2.0,2.0,2.0,2.0,1.0,2.0,1.0,1.0,2.0,2.0,2.0,2.0,2.0,2.0,1.0,2.0,,4.0,,,2.0,,,0.0,,4.0,
pid_1234,,2.0,1.0,,2.0,30.0,,,,,1.0,120.0,,70.0,,5.0,5.0,5.0,1.0,3.0,3.0,5.0,5.0,1.0,5.0,5.0,3.0,,,,,,3.0,3.0,3.0,2.0,,1.0,7.0,2.0,4.0,6.0,2.0,5.0,6.0,6.0,50.0,65.0,43.0,57.0,50.0,65.0,75.0,25.0,53.0,85.0,4.0,,7.0,,,,,,,,,,,1.0,1.0,1.0,1.0,1.0,1.0,2.0,2.0,1.0,2.0,1.0,1.0,2.0,2.0,1.0,2.0,2.0,1.0,1.0,2.0,2.0,1.0,2.0,2.0,2.0,1.0,1.0,1.0,1.0,1.0,1.0,2.0,1.0,2.0,2.0,2.0,1.0,1.0,2.0,2.0,1.0,2.0,1.0,2.0,2.0,2.0,2.0,,,1.0,,,,10.0,1.0,,
pid_1235,,1.0,1.0,,2.0,45.0,,,,,1.0,250.0,,75.0,,6.0,4.0,4.0,1.0,1.0,2.0,5.0,5.0,5.0,5.0,4.0,,2.0,,3.0,3.0,3.0,,,,,3.0,2.0,6.0,2.0,4.0,2.0,5.0,6.0,6.0,7.0,45.0,50.0,20.0,5.0,20.0,75.0,75.0,75.0,50.0,75.0,4.0,,6.0,1.0,1.0,2.0,1.0,2.0,1.0,1.0,2.0,1.0,1.0,,,,,,,2.0,2.0,2.0,1.0,2.0,1.0,1.0,1.0,2.0,2.0,2.0,2.0,1.0,2.0,2.0,2.0,2.0,2.0,2.0,2.0,2.0,2.0,1.0,2.0,2.0,2.0,2.0,2.0,2.0,2.0,2.0,2.0,2.0,1.0,2.0,1.0,1.0,1.0,2.0,2.0,,5.0,,,6.0,,10.0,,,,3.0
pid_1236,1.0,,1.0,,2.0,25.0,,,2.0,600.0,,,,70.0,,5.0,5.0,5.0,3.0,4.0,3.0,5.0,4.0,5.0,4.0,4.0,1.0,,,2.0,5.0,2.0,,,,5.0,,1.0,7.0,4.0,5.0,5.0,5.0,5.0,6.0,5.0,45.0,70.0,75.0,72.0,10.0,33.0,55.0,62.0,43.0,50.0,3.0,,6.0,1.0,1.0,1.0,2.0,1.0,1.0,1.0,2.0,1.0,2.0,,,,,,,1.0,1.0,1.0,1.0,2.0,2.0,2.0,2.0,2.0,1.0,2.0,1.0,2.0,2.0,2.0,1.0,1.0,2.0,1.0,1.0,2.0,1.0,2.0,2.0,2.0,2.0,2.0,1.0,1.0,2.0,1.0,2.0,2.0,2.0,1.0,2.0,2.0,1.0,2.0,1.0,5.0,,,6.0,,,18.0,,2.0,,
pid_1237,2.0,,1.0,,2.0,50.0,,,,,2.0,56.0,49.0,,4.0,,3.0,3.0,3.0,3.0,3.0,3.0,3.0,3.0,3.0,3.0,,1.0,,1.0,1.0,1.0,,,,,5.0,1.0,7.0,1.0,1.0,1.0,4.0,7.0,7.0,7.0,0.0,0.0,0.0,0.0,53.0,30.0,55.0,54.0,52.0,100.0,1.0,,7.0,1.0,1.0,1.0,1.0,1.0,1.0,1.0,1.0,1.0,1.0,,,,,,,2.0,2.0,2.0,2.0,2.0,2.0,2.0,2.0,2.0,2.0,2.0,1.0,2.0,2.0,2.0,2.0,2.0,2.0,2.0,2.0,2.0,2.0,2.0,2.0,2.0,2.0,2.0,2.0,2.0,2.0,2.0,2.0,2.0,2.0,2.0,2.0,2.0,2.0,2.0,2.0,,3.0,,,1.0,,20.0,,,,1.0
pid_1238,,1.0,,2.0,,,2.0,6.0,1.0,100.0,,,88.0,,,4.0,2.0,4.0,3.0,4.0,4.0,4.0,4.0,4.0,4.0,5.0,,,3.0,,,,5.0,2.0,2.0,,5.0,1.0,6.0,4.0,2.0,2.0,2.0,5.0,5.0,6.0,68.0,100.0,50.0,100.0,45.0,59.0,98.0,51.0,88.0,94.0,2.0,2.0,,,,,,,,,,,,1.0,2.0,1.0,1.0,2.0,2.0,1.0,2.0,1.0,1.0,1.0,1.0,2.0,1.0,1.0,1.0,2.0,2.0,1.0,1.0,1.0,1.0,2.0,1.0,2.0,1.0,1.0,2.0,1.0,1.0,1.0,1.0,1.0,2.0,2.0,2.0,1.0,1.0,2.0,2.0,2.0,2.0,1.0,2.0,1.0,1.0,,,3.0,,,3.0,,10.0,,2.0,
pid_1239,,1.0,2.0,,,,1.0,50.0,2.0,425.0,,,30.0,,6.0,,4.0,4.0,3.0,3.0,4.0,5.0,5.0,5.0,4.0,5.0,1.0,,,,,,1.0,3.0,4.0,5.0,,1.0,6.0,2.0,5.0,4.0,2.0,6.0,7.0,7.0,35.0,52.0,23.0,38.0,22.0,45.0,69.0,67.0,28.0,69.0,4.0,6.0,,1.0,1.0,1.0,2.0,1.0,2.0,1.0,1.0,1.0,2.0,,,,,,,1.0,2.0,2.0,2.0,2.0,1.0,1.0,1.0,1.0,2.0,1.0,1.0,2.0,1.0,2.0,2.0,1.0,2.0,2.0,1.0,2.0,2.0,2.0,2.0,1.0,1.0,1.0,1.0,1.0,1.0,2.0,1.0,2.0,1.0,2.0,2.0,1.0,2.0,2.0,2.0,5.0,,,5.0,,,15.0,,2.0,,
pid_1240,1.0,,1.0,,2.0,50.0,,,,,1.0,150.0,100.0,,,4.0,4.0,5.0,2.0,5.0,3.0,5.0,4.0,2.0,5.0,3.0,2.0,,,2.0,1.0,1.0,,,,4.0,,2.0,6.0,4.0,2.0,3.0,5.0,7.0,6.0,5.0,45.0,85.0,60.0,80.0,35.0,60.0,40.0,30.0,70.0,50.0,2.0,2.0,,,,,,,,,,,,1.0,1.0,1.0,1.0,1.0,1.0,2.0,1.0,2.0,1.0,1.0,1.0,2.0,2.0,1.0,2.0,2.0,1.0,1.0,2.0,1.0,1.0,1.0,2.0,1.0,2.0,1.0,1.0,2.0,2.0,1.0,2.0,2.0,2.0,1.0,2.0,1.0,2.0,1.0,2.0,1.0,1.0,2.0,1.0,1.0,1.0,4.0,,,6.0,,,15.0,,2.0,,
pid_1241,,2.0,2.0,,,,1.0,15.0,1.0,1500.0,,,85.0,,,3.0,3.0,3.0,4.0,3.0,2.0,3.0,2.0,3.0,4.0,3.0,2.0,,,3.0,3.0,3.0,,,,4.0,,2.0,6.0,4.0,4.0,3.0,2.0,3.0,3.0,3.0,70.0,40.0,85.0,20.0,25.0,25.0,25.0,35.0,70.0,70.0,2.0,,5.0,1.0,1.0,1.0,1.0,1.0,1.0,1.0,1.0,1.0,1.0,,,,,,,2.0,2.0,2.0,2.0,1.0,2.0,2.0,2.0,1.0,2.0,2.0,1.0,2.0,1.0,2.0,2.0,1.0,2.0,2.0,2.0,2.0,2.0,1.0,2.0,2.0,2.0,2.0,2.0,2.0,2.0,2.0,2.0,2.0,1.0,2.0,2.0,2.0,2.0,1.0,1.0,4.0,,,5.0,,,,10.0,1.0,,
pid_1242,,1.0,2.0,,2.0,50.0,,,,,1.0,117.0,,70.0,3.0,,3.0,1.0,5.0,5.0,4.0,4.0,2.0,4.0,5.0,5.0,,,4.0,,,,5.0,6.0,5.0,2.0,,1.0,5.0,1.0,6.0,5.0,2.0,7.0,6.0,5.0,35.0,50.0,63.0,60.0,40.0,40.0,20.0,70.0,55.0,95.0,1.0,6.0,,1.0,2.0,1.0,2.0,1.0,1.0,1.0,2.0,1.0,2.0,,,,,,,1.0,2.0,1.0,1.0,2.0,1.0,2.0,2.0,2.0,1.0,1.0,2.0,2.0,2.0,1.0,1.0,1.0,2.0,2.0,2.0,2.0,1.0,1.0,2.0,2.0,2.0,2.0,1.0,2.0,1.0,2.0,2.0,2.0,1.0,1.0,2.0,2.0,1.0,1.0,1.0,,,4.0,,,2.0,,15.0,,9.0,
pid_1243,,2.0,,1.0,2.0,30.0,,,,,1.0,100.0,,70.0,1.0,,4.0,5.0,2.0,3.0,5.0,4.0,5.0,5.0,5.0,5.0,,,3.0,,,,3.0,3.0,3.0,,4.0,1.0,7.0,1.0,3.0,5.0,5.0,7.0,5.0,6.0,66.0,18.0,88.0,70.0,52.0,34.0,47.0,46.0,24.0,61.0,3.0,4.0,,1.0,1.0,1.0,1.0,1.0,1.0,1.0,1.0,1.0,1.0,,,,,,,2.0,1.0,2.0,1.0,2.0,2.0,2.0,2.0,2.0,2.0,1.0,2.0,1.0,1.0,1.0,1.0,2.0,2.0,1.0,2.0,2.0,2.0,2.0,1.0,2.0,2.0,2.0,1.0,2.0,2.0,1.0,2.0,2.0,1.0,2.0,2.0,1.0,2.0,2.0,2.0,,,5.0,,,6.0,20.0,,,2.0,
pid_1244,1.0,,1.0,,,,1.0,40.0,,,1.0,300.0,,75.0,2.0,,5.0,5.0,1.0,1.0,5.0,5.0,5.0,5.0,5.0,5.0,1.0,,,,,,4.0,3.0,3.0,,6.0,2.0,6.0,2.0,1.0,1.0,2.0,5.0,5.0,6.0,64.0,80.0,35.0,25.0,60.0,53.0,75.0,69.0,71.0,75.0,3.0,,6.0,,,,,,,,,,,1.0,1.0,2.0,2.0,1.0,1.0,1.0,1.0,2.0,2.0,2.0,1.0,2.0,2.0,2.0,2.0,1.0,2.0,2.0,2.0,1.0,1.0,1.0,1.0,1.0,1.0,2.0,2.0,2.0,1.0,2.0,2.0,2.0,2.0,2.0,1.0,1.0,2.0,2.0,2.0,2.0,2.0,2.0,2.0,2.0,1.0,4.0,,,4.0,,,,5.0,,9.0,
pid_1245,,1.0,2.0,,2.0,53.0,,,2.0,350.0,,,,75.0,,4.0,5.0,5.0,5.0,4.0,2.0,4.0,5.0,4.0,4.0,5.0,,,1.0,2.0,4.0,3.0,,,,,5.0,1.0,6.0,2.0,4.0,5.0,3.0,6.0,5.0,5.0,35.0,25.0,70.0,45.0,15.0,30.0,45.0,30.0,55.0,65.0,3.0,3.0,,1.0,1.0,1.0,1.0,2.0,1.0,2.0,2.0,1.0,2.0,,,,,,,1.0,1.0,2.0,1.0,2.0,1.0,2.0,2.0,1.0,1.0,1.0,2.0,1.0,2.0,2.0,1.0,2.0,1.0,2.0,1.0,1.0,2.0,1.0,2.0,2.0,2.0,1.0,1.0,2.0,1.0,2.0,1.0,2.0,1.0,1.0,2.0,2.0,1.0,2.0,2.0,,,5.0,,,4.0,20.0,,3.0,,
pid_1246,1.0,,1.0,,2.0,40.0,,,,,1.0,90.0,,70.0,,3.0,5.0,5.0,4.0,2.0,5.0,4.0,5.0,4.0,2.0,5.0,,1.0,,3.0,4.0,2.0,,,,,4.0,1.0,7.0,3.0,6.0,5.0,3.0,3.0,3.0,3.0,26.0,39.0,26.0,36.0,45.0,42.0,36.0,34.0,51.0,48.0,2.0,2.0,,1.0,1.0,1.0,1.0,2.0,1.0,1.0,1.0,1.0,2.0,,,,,,,2.0,2.0,2.0,1.0,1.0,2.0,2.0,2.0,2.0,2.0,1.0,1.0,1.0,1.0,1.0,1.0,2.0,2.0,2.0,1.0,1.0,2.0,2.0,1.0,2.0,1.0,2.0,2.0,1.0,1.0,1.0,1.0,1.0,1.0,1.0,2.0,1.0,2.0,2.0,1.0,,5.0,,,4.0,,10.0,,3.0,,
pid_1247,1.0,,2.0,,,,1.0,30.0,,,1.0,90.0,30.0,,,3.0,4.0,2.0,3.0,4.0,2.0,3.0,2.0,4.0,2.0,2.0,,,4.0,,,,3.0,3.0,3.0,2.0,,1.0,6.0,4.0,5.0,6.0,1.0,5.0,5.0,5.0,20.0,16.0,38.0,37.0,13.0,47.0,28.0,30.0,38.0,44.0,3.0,,6.0,,,,,,,,,,,1.0,1.0,1.0,1.0,1.0,1.0,1.0,1.0,2.0,1.0,1.0,1.0,2.0,2.0,1.0,2.0,1.0,2.0,1.0,2.0,2.0,2.0,1.0,1.0,2.0,1.0,1.0,2.0,2.0,2.0,2.0,2.0,1.0,2.0,2.0,1.0,2.0,2.0,1.0,2.0,2.0,2.0,2.0,2.0,2.0,2.0,,,5.0,,,4.0,,0.0,2.0,,
pid_1248,,1.0,2.0,,2.0,56.0,,,2.0,500.0,,,30.0,,,3.0,4.0,5.0,2.0,1.0,5.0,5.0,5.0,3.0,5.0,5.0,,2.0,,3.0,3.0,3.0,,,,5.0,,2.0,6.0,2.0,7.0,2.0,2.0,5.0,2.0,5.0,52.0,85.0,40.0,20.0,50.0,52.0,60.0,25.0,60.0,80.0,4.0,,6.0,1.0,1.0,1.0,1.0,1.0,1.0,1.0,1.0,1.0,1.0,,,,,,,1.0,1.0,2.0,1.0,1.0,2.0,2.0,1.0,2.0,2.0,1.0,2.0,2.0,2.0,2.0,2.0,1.0,2.0,2.0,1.0,2.0,2.0,2.0,1.0,2.0,1.0,1.0,2.0,2.0,2.0,1.0,2.0,1.0,1.0,1.0,1.0,2.0,1.0,2.0,2.0,,5.0,,,5.0,,5.0,,,5.0,
pid_1249,,2.0,,1.0,,,2.0,4.0,2.0,900.0,,,18.0,,,5.0,3.0,5.0,5.0,5.0,4.0,2.0,1.0,4.0,1.0,3.0,2.0,,,1.0,3.0,2.0,,,,,5.0,1.0,3.0,1.0,1.0,4.0,5.0,5.0,6.0,4.0,51.0,99.0,60.0,91.0,53.0,50.0,49.0,83.0,66.0,70.0,2.0,3.0,,,,,,,,,,,,1.0,1.0,2.0,1.0,1.0,2.0,2.0,2.0,2.0,2.0,2.0,2.0,1.0,2.0,2.0,2.0,1.0,2.0,2.0,2.0,1.0,2.0,2.0,2.0,2.0,1.0,2.0,2.0,2.0,2.0,2.0,1.0,2.0,2.0,2.0,2.0,1.0,1.0,2.0,2.0,1.0,2.0,1.0,2.0,2.0,2.0,1.0,,,1.0,,,20.0,,,10.0,
pid_1250,,2.0,,2.0,,,1.0,40.0,,,1.0,105.0,,95.0,,4.0,3.0,2.0,3.0,3.0,3.0,4.0,4.0,3.0,3.0,4.0,3.0,,,,,,2.0,2.0,4.0,,4.0,1.0,5.0,6.0,4.0,4.0,5.0,5.0,6.0,5.0,25.0,82.0,42.0,51.0,13.0,11.0,70.0,54.0,39.0,53.0,3.0,,6.0,1.0,1.0,1.0,2.0,1.0,2.0,1.0,1.0,1.0,1.0,,,,,,,1.0,1.0,2.0,2.0,2.0,2.0,1.0,2.0,1.0,2.0,1.0,1.0,1.0,1.0,2.0,1.0,2.0,1.0,1.0,2.0,2.0,2.0,2.0,2.0,2.0,1.0,2.0,2.0,2.0,2.0,2.0,1.0,1.0,1.0,2.0,2.0,2.0,2.0,2.0,1.0,4.0,,,4.0,,,15.0,,,7.0,
pid_1251,,2.0,,2.0,2.0,28.0,,,1.0,1637.0,,,,96.0,,4.0,4.0,4.0,2.0,3.0,2.0,5.0,4.0,3.0,4.0,4.0,,,5.0,2.0,3.0,3.0,,,,3.0,,1.0,6.0,2.0,5.0,5.0,3.0,6.0,5.0,5.0,38.0,34.0,63.0,51.0,25.0,28.0,48.0,30.0,21.0,53.0,2.0,6.0,,1.0,1.0,1.0,1.0,1.0,1.0,1.0,1.0,1.0,1.0,,,,,,,1.0,2.0,1.0,1.0,2.0,1.0,1.0,2.0,2.0,2.0,1.0,2.0,1.0,1.0,1.0,2.0,2.0,2.0,2.0,2.0,2.0,2.0,2.0,2.0,2.0,2.0,2.0,2.0,1.0,1.0,2.0,2.0,2.0,2.0,1.0,2.0,2.0,2.0,2.0,1.0,,,2.0,,,4.0,18.0,,,,6.0
pid_1252,1.0,,1.0,,,,2.0,54.0,1.0,370.0,,,70.0,,,2.0,4.0,5.0,4.0,4.0,4.0,4.0,3.0,5.0,1.0,5.0,,2.0,,,,,4.0,1.0,1.0,6.0,,2.0,5.0,1.0,1.0,1.0,6.0,6.0,7.0,7.0,38.0,82.0,67.0,76.0,47.0,35.0,29.0,39.0,5.0,76.0,4.0,5.0,,1.0,2.0,1.0,1.0,1.0,1.0,2.0,2.0,2.0,2.0,,,,,,,2.0,1.0,1.0,2.0,2.0,2.0,2.0,1.0,2.0,2.0,2.0,1.0,1.0,2.0,2.0,2.0,2.0,2.0,1.0,2.0,1.0,2.0,2.0,2.0,2.0,2.0,1.0,2.0,2.0,2.0,2.0,2.0,2.0,2.0,2.0,1.0,1.0,1.0,2.0,1.0,,4.0,,,2.0,,,10.0,,7.0,
pid_1253,,1.0,,1.0,2.0,30.0,,,,,2.0,70.0,,50.0,3.0,,3.0,5.0,5.0,5.0,5.0,3.0,4.0,5.0,3.0,5.0,,,1.0,3.0,2.0,2.0,,,,,1.0,2.0,7.0,1.0,1.0,1.0,4.0,6.0,7.0,7.0,60.0,99.0,100.0,99.0,50.0,50.0,60.0,40.0,90.0,99.0,1.0,6.0,,,,,,,,,,,,1.0,1.0,1.0,1.0,2.0,2.0,2.0,1.0,2.0,2.0,1.0,2.0,1.0,2.0,2.0,1.0,2.0,2.0,2.0,2.0,2.0,2.0,2.0,1.0,2.0,2.0,2.0,2.0,1.0,2.0,2.0,2.0,2.0,2.0,2.0,2.0,2.0,2.0,2.0,1.0,2.0,2.0,1.0,2.0,2.0,2.0,,,2.0,,,6.0,20.0,,1.0,,
pid_1254,1.0,,2.0,,,,2.0,10.0,2.0,500.0,,,,80.0,,5.0,2.0,5.0,5.0,4.0,1.0,4.0,2.0,4.0,4.0,5.0,2.0,,,3.0,5.0,2.0,,,,,5.0,2.0,6.0,2.0,5.0,5.0,5.0,6.0,3.0,3.0,40.0,70.0,55.0,45.0,10.0,60.0,50.0,75.0,60.0,90.0,2.0,6.0,,1.0,1.0,1.0,1.0,2.0,1.0,1.0,1.0,1.0,2.0,,,,,,,1.0,2.0,2.0,1.0,2.0,1.0,2.0,1.0,1.0,2.0,1.0,2.0,1.0,1.0,2.0,1.0,1.0,2.0,2.0,1.0,1.0,1.0,1.0,2.0,2.0,1.0,1.0,1.0,1.0,2.0,2.0,1.0,1.0,2.0,1.0,1.0,1.0,2.0,1.0,1.0,5.0,,,5.0,,,,8.0,,4.0,
pid_1255,1.0,,1.0,,2.0,42.0,,,2.0,195.0,,,30.0,,,2.0,4.0,1.0,2.0,2.0,3.0,4.0,4.0,4.0,4.0,5.0,,1.0,,,,,1.0,3.0,3.0,,4.0,1.0,6.0,2.0,4.0,4.0,1.0,5.0,4.0,5.0,58.0,3.0,47.0,27.0,43.0,40.0,42.0,36.0,22.0,71.0,2.0,,6.0,,,,,,,,,,,1.0,1.0,1.0,1.0,1.0,1.0,1.0,1.0,2.0,2.0,2.0,2.0,1.0,2.0,1.0,1.0,2.0,1.0,1.0,1.0,2.0,2.0,2.0,1.0,2.0,2.0,1.0,2.0,1.0,2.0,1.0,1.0,1.0,2.0,1.0,1.0,1.0,2.0,2.0,2.0,1.0,1.0,2.0,2.0,1.0,2.0,,3.0,,,4.0,,15.0,,,,8.0
pid_1256,1.0,,1.0,,2.0,10.0,,,1.0,75.0,,,,31.0,3.0,,3.0,5.0,2.0,5.0,4.0,3.0,4.0,4.0,5.0,5.0,,4.0,,,,,2.0,3.0,3.0,6.0,,2.0,7.0,1.0,2.0,2.0,1.0,5.0,7.0,7.0,32.0,22.0,38.0,40.0,39.0,33.0,45.0,38.0,55.0,100.0,3.0,2.0,,1.0,1.0,1.0,1.0,1.0,1.0,1.0,1.0,1.0,1.0,,,,,,,2.0,1.0,2.0,1.0,2.0,1.0,1.0,2.0,2.0,2.0,1.0,1.0,1.0,2.0,1.0,1.0,1.0,1.0,1.0,1.0,1.0,1.0,2.0,2.0,2.0,2.0,1.0,2.0,1.0,1.0,2.0,1.0,2.0,1.0,2.0,1.0,2.0,1.0,1.0,1.0,,5.0,,,6.0,,,5.0,2.0,,
pid_1257,2.0,,1.0,,,,1.0,14.0,,,2.0,70.0,85.0,,,3.0,3.0,5.0,3.0,2.0,3.0,5.0,5.0,2.0,5.0,5.0,,4.0,,,,,4.0,3.0,4.0,4.0,,1.0,7.0,6.0,7.0,7.0,5.0,6.0,7.0,7.0,70.0,65.0,58.0,75.0,15.0,65.0,60.0,25.0,18.0,80.0,4.0,6.0,,1.0,2.0,1.0,1.0,2.0,1.0,1.0,1.0,1.0,2.0,,,,,,,1.0,2.0,2.0,2.0,2.0,1.0,2.0,1.0,2.0,2.0,1.0,1.0,2.0,1.0,1.0,2.0,2.0,1.0,2.0,2.0,1.0,2.0,2.0,2.0,1.0,2.0,1.0,2.0,1.0,2.0,1.0,2.0,2.0,2.0,1.0,2.0,2.0,2.0,2.0,1.0,,4.0,,,4.0,,15.0,,,8.0,
pid_1258,,1.0,2.0,,,,1.0,50.0,,,1.0,350.0,68.0,,,5.0,3.0,5.0,5.0,4.0,4.0,4.0,4.0,4.0,2.0,4.0,,,2.0,,,,5.0,1.0,3.0,,5.0,1.0,6.0,2.0,4.0,3.0,1.0,3.0,5.0,4.0,64.0,100.0,100.0,64.0,69.0,71.0,78.0,88.0,9.0,73.0,3.0,,6.0,1.0,2.0,2.0,1.0,1.0,1.0,2.0,2.0,2.0,2.0,,,,,,,1.0,1.0,2.0,2.0,1.0,1.0,2.0,1.0,1.0,1.0,1.0,1.0,1.0,1.0,2.0,2.0,1.0,1.0,1.0,1.0,1.0,2.0,1.0,1.0,1.0,1.0,1.0,2.0,1.0,2.0,1.0,2.0,2.0,2.0,1.0,1.0,1.0,1.0,2.0,1.0,,,4.0,,,4.0,15.0,,3.0,,
pid_1260,,2.0,1.0,,2.0,40.0,,,2.0,300.0,,,,50.0,2.0,,5.0,5.0,2.0,1.0,5.0,5.0,5.0,5.0,5.0,5.0,,,1.0,3.0,3.0,3.0,,,,,6.0,2.0,7.0,1.0,6.0,3.0,2.0,7.0,5.0,5.0,82.0,71.0,54.0,38.0,32.0,80.0,70.0,70.0,81.0,81.0,1.0,,6.0,1.0,1.0,1.0,1.0,1.0,1.0,1.0,1.0,1.0,1.0,,,,,,,2.0,2.0,2.0,2.0,2.0,2.0,2.0,2.0,2.0,2.0,2.0,2.0,2.0,2.0,2.0,2.0,1.0,1.0,2.0,2.0,2.0,2.0,2.0,2.0,2.0,2.0,2.0,2.0,2.0,2.0,1.0,2.0,2.0,2.0,2.0,2.0,2.0,2.0,2.0,2.0,,,5.0,,,6.0,,15.0,,,1.0
pid_1261,,2.0,1.0,,,,1.0,54.0,2.0,380.0,,,30.0,,2.0,,5.0,1.0,4.0,4.0,4.0,5.0,4.0,5.0,2.0,2.0,2.0,,,,,,3.0,5.0,2.0,,3.0,1.0,3.0,1.0,2.0,3.0,4.0,7.0,5.0,6.0,70.0,80.0,40.0,35.0,60.0,65.0,50.0,60.0,55.0,75.0,3.0,3.0,,1.0,1.0,1.0,1.0,1.0,1.0,1.0,1.0,1.0,1.0,,,,,,,1.0,1.0,1.0,1.0,2.0,1.0,2.0,1.0,1.0,2.0,1.0,2.0,1.0,1.0,1.0,1.0,1.0,2.0,1.0,1.0,2.0,2.0,1.0,2.0,1.0,1.0,1.0,1.0,2.0,2.0,2.0,2.0,2.0,1.0,2.0,1.0,1.0,2.0,2.0,1.0,5.0,,,5.0,,,,17.0,,,6.0
pid_1262,,2.0,2.0,,2.0,25.0,,,1.0,1100.0,,,,15.0,2.0,,5.0,5.0,1.0,3.0,4.0,5.0,5.0,5.0,5.0,5.0,2.0,,,4.0,3.0,3.0,,,,,4.0,2.0,6.0,2.0,5.0,4.0,1.0,6.0,5.0,6.0,55.0,60.0,42.0,50.0,60.0,50.0,55.0,60.0,45.0,65.0,4.0,5.0,,,,,,,,,,,,1.0,1.0,1.0,2.0,2.0,1.0,1.0,2.0,2.0,2.0,2.0,1.0,2.0,2.0,2.0,1.0,1.0,2.0,2.0,2.0,2.0,1.0,2.0,2.0,1.0,1.0,2.0,1.0,2.0,2.0,2.0,2.0,1.0,2.0,1.0,1.0,2.0,1.0,2.0,2.0,1.0,2.0,2.0,2.0,2.0,2.0,5.0,,,4.0,,,10.0,,,6.0,
pid_1263,,2.0,1.0,,,,1.0,50.0,,,1.0,400.0,,70.0,1.0,,5.0,5.0,4.0,5.0,5.0,5.0,5.0,5.0,5.0,5.0,,,1.0,4.0,2.0,2.0,,,,,6.0,1.0,6.0,1.0,1.0,1.0,2.0,7.0,7.0,7.0,90.0,100.0,70.0,100.0,100.0,85.0,95.0,80.0,60.0,100.0,3.0,,6.0,,,,,,,,,,,1.0,1.0,1.0,1.0,1.0,1.0,2.0,2.0,2.0,1.0,2.0,1.0,1.0,1.0,1.0,1.0,2.0,1.0,1.0,2.0,1.0,2.0,1.0,2.0,1.0,2.0,2.0,2.0,2.0,1.0,2.0,2.0,2.0,2.0,2.0,1.0,1.0,1.0,1.0,1.0,1.0,2.0,1.0,2.0,1.0,1.0,,,4.0,,,5.0,,15.0,,,3.0
pid_1264,,2.0,,1.0,2.0,10.0,,,1.0,1354.0,,,30.0,,1.0,,3.0,3.0,3.0,3.0,3.0,3.0,3.0,3.0,3.0,3.0,,4.0,,,,,1.0,1.0,6.0,,6.0,1.0,7.0,1.0,7.0,7.0,5.0,6.0,7.0,7.0,54.0,68.0,77.0,47.0,74.0,45.0,44.0,44.0,49.0,44.0,4.0,,7.0,1.0,2.0,2.0,1.0,2.0,1.0,2.0,1.0,2.0,1.0,,,,,,,2.0,2.0,2.0,2.0,2.0,2.0,1.0,2.0,2.0,2.0,2.0,2.0,2.0,2.0,2.0,1.0,2.0,1.0,2.0,2.0,1.0,2.0,1.0,2.0,2.0,2.0,2.0,2.0,2.0,2.0,1.0,2.0,1.0,2.0,2.0,1.0,2.0,1.0,2.0,2.0,,5.0,,,6.0,,,20.0,,,10.0
pid_1265,1.0,,1.0,,,,1.0,30.0,,,1.0,200.0,,50.0,1.0,,1.0,2.0,5.0,4.0,1.0,1.0,1.0,4.0,1.0,4.0,,,1.0,2.0,4.0,1.0,,,,,5.0,1.0,5.0,1.0,6.0,6.0,5.0,5.0,5.0,6.0,48.0,60.0,85.0,56.0,48.0,48.0,48.0,90.0,54.0,70.0,1.0,6.0,,1.0,1.0,1.0,1.0,1.0,1.0,1.0,1.0,1.0,1.0,,,,,,,2.0,1.0,1.0,1.0,1.0,2.0,1.0,2.0,1.0,2.0,1.0,2.0,2.0,1.0,2.0,1.0,2.0,1.0,1.0,1.0,2.0,2.0,2.0,1.0,1.0,2.0,2.0,1.0,1.0,1.0,2.0,1.0,1.0,2.0,1.0,2.0,1.0,2.0,1.0,1.0,,,4.0,,,4.0,,15.0,,,3.0
pid_1266,1.0,,2.0,,2.0,50.0,,,2.0,400.0,,,80.0,,3.0,,3.0,5.0,2.0,3.0,4.0,4.0,5.0,4.0,5.0,5.0,1.0,,,,,,3.0,3.0,3.0,,4.0,1.0,6.0,3.0,5.0,5.0,3.0,5.0,5.0,3.0,20.0,60.0,50.0,30.0,20.0,25.0,30.0,15.0,25.0,80.0,4.0,,6.0,1.0,1.0,1.0,1.0,2.0,1.0,1.0,2.0,2.0,1.0,,,,,,,2.0,1.0,1.0,1.0,1.0,2.0,2.0,2.0,2.0,1.0,1.0,2.0,2.0,2.0,1.0,2.0,2.0,2.0,1.0,1.0,2.0,2.0,2.0,1.0,2.0,2.0,1.0,1.0,2.0,2.0,1.0,1.0,2.0,2.0,1.0,1.0,2.0,2.0,2.0,1.0,5.0,,,4.0,,,15.0,,,4.0,
pid_1267,2.0,,,2.0,2.0,35.0,,,2.0,400.0,,,30.0,,3.0,,3.0,5.0,5.0,5.0,1.0,3.0,2.0,4.0,3.0,3.0,1.0,,,,,,3.0,2.0,3.0,,6.0,1.0,6.0,4.0,1.0,5.0,5.0,6.0,7.0,5.0,22.0,90.0,67.0,23.0,29.0,38.0,23.0,22.0,56.0,58.0,1.0,,4.0,1.0,1.0,1.0,1.0,1.0,1.0,1.0,1.0,1.0,1.0,,,,,,,1.0,2.0,2.0,1.0,1.0,2.0,1.0,1.0,2.0,2.0,2.0,2.0,2.0,2.0,1.0,2.0,2.0,1.0,1.0,1.0,2.0,2.0,2.0,2.0,2.0,1.0,2.0,2.0,1.0,1.0,1.0,1.0,2.0,1.0,2.0,1.0,2.0,2.0,2.0,2.0,4.0,,,3.0,,,20.0,,,,1.0
pid_1268,1.0,,2.0,,2.0,20.0,,,,,2.0,70.0,90.0,,4.0,,3.0,5.0,5.0,4.0,5.0,4.0,5.0,4.0,2.0,5.0,1.0,,,,,,4.0,3.0,3.0,,6.0,2.0,6.0,2.0,1.0,6.0,2.0,5.0,7.0,6.0,55.0,95.0,100.0,65.0,35.0,70.0,85.0,85.0,20.0,90.0,2.0,6.0,,,,,,,,,,,,1.0,1.0,1.0,1.0,2.0,2.0,2.0,2.0,2.0,1.0,1.0,2.0,2.0,1.0,1.0,2.0,2.0,1.0,1.0,2.0,1.0,2.0,1.0,1.0,2.0,1.0,2.0,2.0,2.0,1.0,1.0,2.0,2.0,1.0,2.0,1.0,2.0,2.0,1.0,1.0,2.0,2.0,2.0,1.0,1.0,2.0,5.0,,,4.0,,,,5.0,2.0,,
pid_1269,1.0,,,2.0,2.0,50.0,,,2.0,900.0,,,,70.0,,6.0,1.0,1.0,4.0,4.0,3.0,1.0,1.0,4.0,1.0,1.0,,,1.0,,,,3.0,3.0,3.0,2.0,,1.0,6.0,2.0,5.0,5.0,2.0,3.0,5.0,5.0,10.0,10.0,60.0,30.0,5.0,5.0,10.0,5.0,10.0,20.0,1.0,6.0,,,,,,,,,,,,1.0,1.0,1.0,1.0,2.0,2.0,2.0,1.0,1.0,2.0,1.0,1.0,1.0,2.0,1.0,1.0,2.0,2.0,2.0,2.0,2.0,2.0,2.0,2.0,1.0,2.0,2.0,2.0,2.0,2.0,1.0,1.0,1.0,1.0,1.0,1.0,2.0,2.0,2.0,2.0,1.0,2.0,2.0,1.0,2.0,2.0,,,2.0,,,2.0,18.0,,1.0,,
pid_1270,,2.0,2.0,,,,1.0,25.0,,,1.0,200.0,,100.0,1.0,,3.0,3.0,5.0,4.0,3.0,3.0,2.0,3.0,4.0,5.0,,,5.0,,,,6.0,3.0,6.0,6.0,,1.0,4.0,1.0,4.0,2.0,3.0,7.0,4.0,5.0,18.0,69.0,11.0,73.0,49.0,68.0,80.0,74.0,88.0,93.0,2.0,,7.0,,,,,,,,,,,1.0,2.0,2.0,1.0,1.0,1.0,1.0,1.0,1.0,2.0,2.0,2.0,1.0,2.0,2.0,2.0,1.0,2.0,2.0,1.0,1.0,2.0,2.0,2.0,2.0,2.0,2.0,2.0,2.0,2.0,2.0,2.0,2.0,1.0,2.0,2.0,1.0,1.0,2.0,1.0,1.0,2.0,1.0,2.0,2.0,1.0,,,5.0,,,6.0,20.0,,,10.0,
pid_1271,,2.0,,1.0,,,1.0,30.0,,,1.0,120.0,,70.0,,5.0,4.0,5.0,5.0,5.0,4.0,3.0,2.0,4.0,2.0,4.0,,1.0,,3.0,1.0,1.0,,,,4.0,,2.0,7.0,3.0,1.0,4.0,2.0,5.0,6.0,6.0,70.0,94.0,90.0,85.0,71.0,61.0,41.0,65.0,8.0,87.0,2.0,,7.0,1.0,1.0,1.0,2.0,1.0,1.0,2.0,1.0,1.0,2.0,,,,,,,1.0,1.0,2.0,2.0,2.0,2.0,2.0,1.0,1.0,2.0,2.0,2.0,1.0,1.0,1.0,2.0,2.0,1.0,2.0,1.0,1.0,2.0,1.0,1.0,1.0,1.0,1.0,1.0,1.0,2.0,2.0,2.0,2.0,1.0,2.0,2.0,1.0,1.0,2.0,2.0,,5.0,,,6.0,,,20.0,,9.0,
pid_1272,,2.0,,2.0,,,1.0,40.0,1.0,2000.0,,,80.0,,,5.0,4.0,4.0,3.0,3.0,3.0,3.0,4.0,4.0,4.0,3.0,,,1.0,,,,2.0,2.0,2.0,5.0,,2.0,4.0,1.0,4.0,4.0,2.0,6.0,6.0,6.0,20.0,70.0,52.0,55.0,10.0,15.0,20.0,10.0,24.0,26.0,1.0,3.0,,,,,,,,,,,,1.0,1.0,1.0,1.0,1.0,1.0,2.0,2.0,2.0,2.0,2.0,2.0,2.0,1.0,2.0,2.0,2.0,2.0,2.0,2.0,1.0,2.0,2.0,2.0,2.0,2.0,1.0,2.0,2.0,2.0,1.0,2.0,1.0,2.0,1.0,1.0,2.0,1.0,1.0,1.0,2.0,2.0,1.0,2.0,1.0,1.0,,,5.0,,,6.0,20.0,,2.0,,
pid_1273,1.0,,1.0,,,,1.0,23.0,,,1.0,125.0,39.0,,,3.0,2.0,2.0,5.0,4.0,3.0,2.0,2.0,4.0,1.0,3.0,,3.0,,4.0,5.0,3.0,,,,2.0,,2.0,3.0,2.0,6.0,6.0,2.0,5.0,6.0,6.0,60.0,78.0,73.0,73.0,31.0,63.0,45.0,71.0,30.0,49.0,2.0,,3.0,1.0,1.0,1.0,1.0,1.0,1.0,1.0,1.0,1.0,1.0,,,,,,,2.0,1.0,1.0,2.0,1.0,2.0,1.0,2.0,2.0,2.0,1.0,1.0,1.0,2.0,1.0,2.0,2.0,1.0,1.0,1.0,1.0,1.0,1.0,1.0,1.0,1.0,1.0,2.0,1.0,1.0,1.0,1.0,1.0,2.0,1.0,2.0,1.0,2.0,1.0,1.0,,5.0,,,5.0,,,20.0,,,3.0
pid_1274,2.0,,,1.0,2.0,54.0,,,,,1.0,385.0,64.0,,,5.0,4.0,5.0,2.0,4.0,4.0,4.0,5.0,3.0,5.0,5.0,2.0,,,,,,3.0,4.0,4.0,3.0,,1.0,6.0,4.0,3.0,3.0,4.0,5.0,5.0,6.0,80.0,90.0,50.0,70.0,60.0,65.0,80.0,50.0,70.0,75.0,3.0,,6.0,2.0,2.0,2.0,2.0,1.0,1.0,2.0,1.0,1.0,2.0,,,,,,,2.0,2.0,2.0,1.0,2.0,1.0,2.0,1.0,2.0,1.0,1.0,1.0,2.0,2.0,2.0,1.0,2.0,2.0,1.0,1.0,1.0,1.0,1.0,1.0,2.0,2.0,1.0,2.0,1.0,2.0,1.0,2.0,1.0,1.0,2.0,1.0,1.0,2.0,2.0,1.0,5.0,,,6.0,,,10.0,,,,3.0
pid_1275,,2.0,,2.0,,,1.0,15.0,,,1.0,100.0,,85.0,,4.0,1.0,4.0,5.0,4.0,4.0,1.0,1.0,4.0,1.0,5.0,,,5.0,,,,2.0,4.0,2.0,2.0,,1.0,7.0,2.0,4.0,6.0,5.0,3.0,4.0,5.0,61.0,65.0,55.0,62.0,40.0,70.0,39.0,60.0,35.0,75.0,3.0,6.0,,1.0,1.0,1.0,1.0,1.0,1.0,1.0,1.0,1.0,1.0,,,,,,,1.0,1.0,1.0,1.0,2.0,2.0,2.0,2.0,1.0,1.0,2.0,1.0,2.0,2.0,1.0,1.0,1.0,1.0,1.0,2.0,2.0,1.0,1.0,1.0,1.0,1.0,1.0,2.0,1.0,1.0,1.0,2.0,2.0,1.0,1.0,2.0,1.0,1.0,1.0,1.0,,,5.0,,,6.0,20.0,,3.0,,
pid_1276,,2.0,2.0,,2.0,50.0,,,2.0,100.0,,,,80.0,,4.0,3.0,1.0,4.0,3.0,4.0,4.0,4.0,5.0,2.0,3.0,,1.0,,,,,4.0,3.0,2.0,,4.0,2.0,5.0,1.0,2.0,2.0,2.0,6.0,6.0,5.0,50.0,55.0,50.0,60.0,50.0,50.0,75.0,80.0,50.0,50.0,3.0,,5.0,,,,,,,,,,,1.0,1.0,1.0,1.0,2.0,2.0,1.0,1.0,1.0,2.0,2.0,2.0,1.0,2.0,1.0,1.0,2.0,1.0,1.0,1.0,1.0,2.0,2.0,1.0,2.0,1.0,1.0,1.0,2.0,1.0,1.0,2.0,2.0,1.0,2.0,2.0,1.0,1.0,1.0,2.0,1.0,1.0,1.0,1.0,1.0,1.0,,5.0,,,5.0,,10.0,,,10.0,
pid_1277,1.0,,1.0,,1.0,66.0,,,,,1.0,320.0,30.0,,5.0,,4.0,5.0,4.0,2.0,5.0,4.0,5.0,4.0,5.0,5.0,,4.0,,4.0,5.0,3.0,,,,5.0,,1.0,7.0,1.0,5.0,3.0,3.0,6.0,7.0,7.0,54.0,60.0,85.0,30.0,46.0,55.0,70.0,65.0,48.0,75.0,1.0,6.0,,,,,,,,,,,,1.0,2.0,1.0,1.0,1.0,2.0,2.0,2.0,2.0,1.0,2.0,2.0,2.0,1.0,2.0,2.0,2.0,1.0,2.0,2.0,2.0,2.0,1.0,2.0,1.0,2.0,2.0,2.0,2.0,2.0,2.0,2.0,2.0,2.0,2.0,1.0,2.0,2.0,2.0,2.0,2.0,1.0,2.0,1.0,1.0,1.0,,5.0,,,6.0,,,5.0,,5.0,
pid_1278,1.0,,2.0,,,,2.0,8.0,1.0,1100.0,,,27.0,,,4.0,4.0,5.0,2.0,3.0,5.0,4.0,5.0,2.0,5.0,5.0,,,5.0,2.0,4.0,1.0,,,,4.0,,1.0,6.0,1.0,2.0,2.0,5.0,6.0,7.0,6.0,65.0,34.0,24.0,61.0,54.0,37.0,83.0,53.0,64.0,91.0,2.0,4.0,,,,,,,,,,,,1.0,2.0,1.0,1.0,2.0,1.0,2.0,1.0,1.0,2.0,1.0,2.0,1.0,2.0,1.0,2.0,1.0,2.0,1.0,1.0,1.0,2.0,1.0,2.0,1.0,2.0,2.0,2.0,2.0,1.0,2.0,2.0,1.0,2.0,2.0,2.0,2.0,2.0,2.0,1.0,1.0,2.0,2.0,2.0,1.0,2.0,,,5.0,,,5.0,,15.0,1.0,,
pid_1279,,2.0,,2.0,2.0,12.0,,,,,1.0,150.0,100.0,,,6.0,4.0,5.0,2.0,4.0,3.0,4.0,5.0,5.0,2.0,5.0,2.0,,,,,,5.0,2.0,3.0,,5.0,1.0,5.0,2.0,4.0,4.0,2.0,5.0,4.0,5.0,58.0,85.0,46.0,72.0,68.0,44.0,53.0,63.0,53.0,84.0,3.0,5.0,,,,,,,,,,,,1.0,1.0,1.0,2.0,2.0,1.0,1.0,2.0,2.0,2.0,1.0,1.0,2.0,2.0,2.0,2.0,2.0,2.0,2.0,1.0,1.0,2.0,1.0,1.0,2.0,1.0,2.0,2.0,1.0,2.0,2.0,1.0,2.0,2.0,1.0,2.0,1.0,1.0,2.0,1.0,1.0,2.0,1.0,2.0,1.0,1.0,3.0,,,2.0,,,,15.0,,10.0,
pid_1280,,2.0,1.0,,1.0,54.0,,,,,1.0,380.0,,100.0,5.0,,2.0,2.0,5.0,4.0,2.0,4.0,2.0,2.0,1.0,5.0,,,4.0,5.0,2.0,2.0,,,,5.0,,1.0,6.0,1.0,5.0,5.0,2.0,7.0,6.0,6.0,20.0,20.0,65.0,84.0,35.0,60.0,50.0,41.0,25.0,98.0,4.0,,6.0,,,,,,,,,,,1.0,1.0,2.0,1.0,2.0,1.0,2.0,1.0,2.0,2.0,2.0,1.0,1.0,1.0,2.0,2.0,2.0,2.0,2.0,1.0,2.0,2.0,2.0,2.0,1.0,2.0,1.0,1.0,1.0,2.0,2.0,1.0,2.0,1.0,1.0,1.0,2.0,1.0,2.0,1.0,2.0,1.0,2.0,2.0,2.0,2.0,,,5.0,,,4.0,10.0,,,,1.0
pid_1281,1.0,,1.0,,2.0,20.0,,,,,1.0,125.0,,92.0,1.0,,5.0,5.0,4.0,5.0,4.0,5.0,5.0,5.0,4.0,5.0,,,1.0,,,,1.0,1.0,1.0,6.0,,2.0,6.0,1.0,7.0,3.0,2.0,7.0,2.0,5.0,52.0,65.0,53.0,61.0,45.0,60.0,55.0,58.0,34.0,50.0,3.0,6.0,,1.0,1.0,1.0,1.0,2.0,1.0,2.0,1.0,1.0,2.0,,,,,,,1.0,2.0,1.0,2.0,2.0,2.0,2.0,2.0,2.0,2.0,2.0,2.0,2.0,2.0,1.0,1.0,2.0,2.0,1.0,2.0,2.0,2.0,1.0,2.0,2.0,2.0,2.0,2.0,2.0,1.0,1.0,1.0,2.0,1.0,2.0,2.0,2.0,1.0,2.0,2.0,,,5.0,,,4.0,,18.0,,,3.0
pid_1283,,2.0,,2.0,2.0,54.0,,,,,1.0,115.0,82.0,,,4.0,4.0,4.0,5.0,3.0,3.0,5.0,2.0,3.0,1.0,3.0,,,4.0,3.0,3.0,2.0,,,,,4.0,2.0,5.0,6.0,3.0,5.0,5.0,6.0,5.0,4.0,64.0,43.0,33.0,35.0,47.0,43.0,65.0,31.0,52.0,38.0,1.0,7.0,,1.0,1.0,2.0,1.0,2.0,2.0,1.0,2.0,1.0,1.0,,,,,,,2.0,1.0,2.0,1.0,1.0,1.0,1.0,2.0,2.0,2.0,1.0,1.0,1.0,2.0,2.0,1.0,2.0,1.0,1.0,1.0,1.0,2.0,2.0,2.0,1.0,1.0,1.0,2.0,2.0,2.0,1.0,1.0,1.0,1.0,1.0,1.0,1.0,1.0,1.0,1.0,,,5.0,,,6.0,5.0,,,,2.0
pid_1284,,2.0,,1.0,2.0,18.0,,,2.0,990.0,,,72.0,,,6.0,4.0,5.0,3.0,2.0,3.0,4.0,4.0,3.0,5.0,5.0,,5.0,,4.0,4.0,4.0,,,,4.0,,1.0,7.0,2.0,6.0,3.0,2.0,6.0,3.0,5.0,10.0,69.0,47.0,39.0,12.0,12.0,13.0,4.0,47.0,61.0,3.0,,6.0,,,,,,,,,,,1.0,1.0,1.0,1.0,1.0,1.0,2.0,2.0,2.0,2.0,2.0,2.0,2.0,2.0,1.0,2.0,2.0,2.0,2.0,2.0,1.0,2.0,1.0,2.0,2.0,2.0,1.0,1.0,1.0,1.0,2.0,1.0,2.0,2.0,1.0,2.0,2.0,1.0,2.0,2.0,2.0,2.0,2.0,2.0,2.0,1.0,,5.0,,,4.0,,20.0,,,,3.0
pid_1285,,1.0,1.0,,2.0,8.0,,,,,1.0,200.0,30.0,,2.0,,5.0,5.0,4.0,2.0,4.0,5.0,5.0,5.0,4.0,5.0,,5.0,,4.0,4.0,1.0,,,,4.0,,1.0,7.0,2.0,6.0,6.0,3.0,5.0,5.0,5.0,45.0,75.0,60.0,60.0,60.0,50.0,35.0,50.0,30.0,60.0,4.0,6.0,,1.0,1.0,1.0,1.0,1.0,1.0,1.0,1.0,1.0,1.0,,,,,,,1.0,2.0,2.0,2.0,1.0,2.0,2.0,2.0,1.0,2.0,2.0,1.0,1.0,1.0,1.0,1.0,2.0,1.0,1.0,1.0,2.0,1.0,1.0,2.0,2.0,1.0,1.0,2.0,2.0,2.0,2.0,2.0,1.0,2.0,1.0,2.0,2.0,1.0,2.0,1.0,,5.0,,,2.0,,,0.0,,4.0,
pid_1286,1.0,,1.0,,2.0,56.0,,,2.0,350.0,,,,80.0,,4.0,5.0,5.0,5.0,5.0,5.0,5.0,4.0,5.0,2.0,5.0,,5.0,,,,,4.0,3.0,3.0,,5.0,1.0,7.0,1.0,5.0,5.0,3.0,6.0,5.0,5.0,65.0,70.0,70.0,85.0,60.0,65.0,55.0,85.0,45.0,90.0,3.0,3.0,,,,,,,,,,,,1.0,2.0,1.0,1.0,1.0,2.0,2.0,2.0,1.0,1.0,1.0,1.0,1.0,1.0,1.0,1.0,1.0,1.0,1.0,1.0,1.0,1.0,2.0,1.0,1.0,1.0,1.0,1.0,2.0,2.0,2.0,1.0,1.0,2.0,1.0,1.0,1.0,1.0,2.0,2.0,2.0,2.0,1.0,1.0,1.0,2.0,,5.0,,,5.0,,15.0,,,4.0,
pid_1287,1.0,,,2.0,2.0,50.0,,,2.0,900.0,,,45.0,,5.0,,3.0,5.0,1.0,1.0,5.0,4.0,5.0,4.0,5.0,4.0,,,3.0,4.0,3.0,3.0,,,,5.0,,1.0,6.0,4.0,4.0,5.0,3.0,5.0,5.0,5.0,25.0,87.0,55.0,16.0,32.0,24.0,46.0,35.0,32.0,50.0,1.0,,6.0,1.0,1.0,1.0,1.0,1.0,1.0,1.0,1.0,1.0,1.0,,,,,,,2.0,2.0,2.0,2.0,2.0,2.0,2.0,1.0,2.0,2.0,2.0,2.0,2.0,2.0,2.0,2.0,2.0,2.0,1.0,2.0,2.0,1.0,2.0,1.0,2.0,2.0,1.0,2.0,2.0,2.0,1.0,2.0,2.0,2.0,2.0,1.0,1.0,2.0,2.0,2.0,,,5.0,,,5.0,15.0,,1.0,,
pid_1288,,1.0,,2.0,2.0,54.0,,,,,1.0,380.0,,66.0,1.0,,1.0,5.0,1.0,5.0,5.0,5.0,5.0,5.0,5.0,5.0,1.0,,,,,,1.0,1.0,1.0,5.0,,1.0,7.0,1.0,1.0,5.0,7.0,7.0,7.0,7.0,47.0,83.0,5.0,94.0,71.0,87.0,100.0,81.0,96.0,95.0,1.0,,6.0,1.0,2.0,2.0,1.0,1.0,2.0,2.0,2.0,1.0,1.0,,,,,,,2.0,2.0,1.0,1.0,1.0,2.0,1.0,2.0,2.0,2.0,1.0,2.0,1.0,2.0,2.0,1.0,2.0,1.0,1.0,1.0,1.0,1.0,1.0,1.0,2.0,1.0,1.0,1.0,2.0,1.0,1.0,1.0,1.0,1.0,2.0,1.0,1.0,2.0,1.0,2.0,5.0,,,6.0,,,,3.0,2.0,,
pid_1289,,2.0,1.0,,2.0,10.0,,,2.0,100.0,,,,70.0,3.0,,4.0,5.0,4.0,3.0,3.0,4.0,5.0,4.0,3.0,5.0,,5.0,,4.0,4.0,3.0,,,,,6.0,1.0,7.0,2.0,4.0,4.0,2.0,5.0,7.0,7.0,20.0,25.0,50.0,15.0,10.0,25.0,50.0,35.0,15.0,45.0,2.0,5.0,,1.0,1.0,1.0,1.0,1.0,1.0,1.0,1.0,1.0,1.0,,,,,,,1.0,1.0,2.0,2.0,1.0,1.0,2.0,2.0,2.0,2.0,2.0,2.0,2.0,1.0,2.0,1.0,2.0,2.0,1.0,2.0,2.0,1.0,2.0,1.0,2.0,1.0,2.0,2.0,1.0,1.0,1.0,1.0,1.0,1.0,1.0,1.0,1.0,1.0,1.0,2.0,,5.0,,,6.0,,20.0,,2.0,,
pid_1290,,2.0,,2.0,,,1.0,20.0,,,1.0,130.0,72.0,,2.0,,5.0,3.0,1.0,2.0,4.0,5.0,5.0,3.0,5.0,5.0,,2.0,,3.0,3.0,3.0,,,,,5.0,1.0,7.0,2.0,5.0,5.0,5.0,7.0,7.0,5.0,30.0,54.0,51.0,39.0,40.0,53.0,53.0,43.0,49.0,60.0,3.0,,6.0,1.0,1.0,1.0,2.0,1.0,1.0,2.0,1.0,1.0,2.0,,,,,,,1.0,2.0,2.0,2.0,1.0,2.0,2.0,2.0,1.0,2.0,2.0,1.0,2.0,2.0,2.0,1.0,2.0,1.0,2.0,2.0,2.0,1.0,2.0,2.0,2.0,1.0,2.0,2.0,1.0,1.0,2.0,2.0,1.0,2.0,1.0,2.0,2.0,2.0,2.0,2.0,,5.0,,,5.0,,,15.0,3.0,,
pid_1291,,2.0,,1.0,,,1.0,40.0,,,1.0,250.0,30.0,,1.0,,4.0,5.0,1.0,4.0,5.0,5.0,4.0,4.0,4.0,5.0,2.0,,,2.0,2.0,2.0,,,,,5.0,2.0,6.0,2.0,2.0,5.0,2.0,6.0,5.0,5.0,71.0,83.0,28.0,67.0,51.0,74.0,49.0,56.0,63.0,74.0,3.0,,3.0,1.0,1.0,1.0,1.0,1.0,1.0,1.0,1.0,1.0,1.0,,,,,,,1.0,2.0,2.0,1.0,1.0,1.0,1.0,1.0,1.0,1.0,1.0,1.0,1.0,1.0,1.0,1.0,1.0,1.0,2.0,1.0,1.0,2.0,2.0,1.0,1.0,2.0,2.0,1.0,1.0,1.0,2.0,1.0,1.0,1.0,2.0,1.0,2.0,2.0,1.0,1.0,4.0,,,6.0,,,18.0,,2.0,,
pid_1292,1.0,,2.0,,,,1.0,45.0,,,1.0,250.0,,68.0,2.0,,4.0,5.0,3.0,4.0,4.0,5.0,4.0,5.0,5.0,5.0,,1.0,,,,,3.0,4.0,4.0,3.0,,2.0,7.0,2.0,4.0,5.0,3.0,5.0,5.0,5.0,40.0,49.0,46.0,60.0,42.0,37.0,48.0,51.0,45.0,52.0,3.0,,6.0,1.0,1.0,1.0,1.0,1.0,2.0,1.0,1.0,1.0,2.0,,,,,,,2.0,2.0,1.0,2.0,2.0,2.0,2.0,2.0,1.0,2.0,1.0,2.0,2.0,2.0,2.0,2.0,1.0,2.0,2.0,2.0,2.0,2.0,2.0,1.0,2.0,2.0,1.0,2.0,2.0,1.0,2.0,2.0,1.0,1.0,2.0,2.0,2.0,2.0,2.0,2.0,,4.0,,,3.0,,4.0,,,,3.0
pid_1293,,1.0,,1.0,,,1.0,50.0,,,1.0,160.0,70.0,,,4.0,4.0,4.0,3.0,2.0,4.0,4.0,5.0,4.0,3.0,5.0,1.0,,,5.0,2.0,2.0,,,,,6.0,1.0,6.0,5.0,2.0,3.0,5.0,7.0,6.0,7.0,50.0,60.0,55.0,30.0,40.0,55.0,70.0,50.0,40.0,90.0,2.0,3.0,,,,,,,,,,,,1.0,1.0,2.0,1.0,2.0,1.0,1.0,1.0,1.0,2.0,2.0,1.0,1.0,1.0,2.0,1.0,1.0,2.0,1.0,1.0,1.0,1.0,2.0,2.0,1.0,1.0,2.0,1.0,2.0,2.0,2.0,2.0,1.0,2.0,2.0,2.0,1.0,2.0,2.0,1.0,2.0,1.0,2.0,2.0,2.0,2.0,5.0,,,6.0,,,5.0,,,,4.0
pid_1294,,2.0,,2.0,,,2.0,5.0,2.0,700.0,,,80.0,,2.0,,5.0,5.0,5.0,1.0,1.0,5.0,5.0,3.0,1.0,5.0,,5.0,,,,,4.0,4.0,2.0,4.0,,1.0,6.0,1.0,6.0,5.0,1.0,7.0,6.0,5.0,50.0,90.0,30.0,20.0,10.0,60.0,40.0,30.0,20.0,90.0,4.0,6.0,,,,,,,,,,,,1.0,1.0,1.0,1.0,1.0,1.0,1.0,2.0,1.0,1.0,2.0,2.0,2.0,1.0,1.0,2.0,2.0,1.0,2.0,2.0,1.0,1.0,2.0,2.0,2.0,2.0,2.0,1.0,2.0,2.0,2.0,2.0,2.0,1.0,2.0,2.0,2.0,2.0,1.0,2.0,1.0,2.0,2.0,2.0,1.0,1.0,,5.0,,,5.0,,,15.0,,,3.0
pid_1295,1.0,,,1.0,,,2.0,52.0,2.0,361.0,,,8.0,,4.0,,5.0,5.0,3.0,3.0,5.0,5.0,5.0,3.0,3.0,5.0,4.0,,,,,,5.0,1.0,2.0,,4.0,2.0,7.0,3.0,1.0,1.0,3.0,5.0,7.0,7.0,100.0,100.0,52.0,81.0,97.0,100.0,100.0,30.0,53.0,100.0,3.0,4.0,,1.0,2.0,1.0,1.0,1.0,1.0,1.0,2.0,2.0,2.0,,,,,,,2.0,2.0,2.0,2.0,1.0,1.0,2.0,2.0,2.0,2.0,2.0,2.0,1.0,2.0,2.0,2.0,2.0,2.0,2.0,2.0,2.0,2.0,2.0,2.0,2.0,1.0,2.0,2.0,2.0,2.0,2.0,2.0,2.0,2.0,1.0,2.0,2.0,2.0,2.0,1.0,3.0,,,4.0,,,,18.0,,1.0,
pid_1296,,1.0,1.0,,,,2.0,8.0,2.0,500.0,,,80.0,,,4.0,4.0,4.0,1.0,1.0,5.0,4.0,5.0,5.0,5.0,5.0,1.0,,,,,,4.0,3.0,5.0,,4.0,2.0,6.0,1.0,2.0,3.0,2.0,5.0,6.0,5.0,30.0,70.0,35.0,20.0,55.0,20.0,60.0,66.0,61.0,85.0,2.0,,7.0,2.0,2.0,2.0,2.0,1.0,2.0,2.0,1.0,2.0,2.0,,,,,,,1.0,1.0,2.0,2.0,2.0,1.0,2.0,1.0,1.0,2.0,2.0,2.0,2.0,2.0,2.0,2.0,2.0,1.0,2.0,2.0,2.0,2.0,2.0,1.0,2.0,2.0,2.0,2.0,2.0,2.0,2.0,1.0,2.0,2.0,2.0,2.0,2.0,1.0,2.0,2.0,4.0,,,6.0,,,,5.0,1.0,,
pid_1297,,2.0,2.0,,,,1.0,50.0,,,1.0,300.0,,70.0,,4.0,4.0,4.0,2.0,2.0,2.0,4.0,4.0,4.0,5.0,4.0,,,4.0,,,,1.0,2.0,5.0,,6.0,1.0,7.0,2.0,6.0,6.0,3.0,6.0,3.0,3.0,56.0,80.0,75.0,75.0,32.0,70.0,78.0,79.0,34.0,41.0,1.0,6.0,,1.0,1.0,1.0,1.0,1.0,1.0,1.0,1.0,1.0,1.0,,,,,,,2.0,2.0,2.0,2.0,2.0,2.0,2.0,2.0,2.0,2.0,2.0,1.0,2.0,2.0,2.0,2.0,2.0,2.0,2.0,2.0,2.0,2.0,1.0,2.0,2.0,2.0,2.0,2.0,2.0,2.0,2.0,2.0,2.0,2.0,2.0,2.0,2.0,2.0,2.0,2.0,,,2.0,,,4.0,16.0,,4.0,,
pid_1298,,2.0,,2.0,1.0,68.0,,,,,1.0,110.0,70.0,,2.0,,4.0,5.0,1.0,4.0,5.0,4.0,3.0,3.0,4.0,5.0,2.0,,,3.0,3.0,3.0,,,,,6.0,2.0,6.0,3.0,4.0,3.0,1.0,4.0,6.0,5.0,20.0,42.0,28.0,22.0,22.0,27.0,31.0,48.0,27.0,86.0,4.0,,6.0,1.0,2.0,1.0,2.0,1.0,1.0,1.0,1.0,2.0,1.0,,,,,,,2.0,2.0,1.0,1.0,1.0,2.0,2.0,1.0,2.0,2.0,1.0,2.0,2.0,1.0,2.0,1.0,1.0,1.0,2.0,2.0,1.0,1.0,2.0,2.0,2.0,2.0,1.0,2.0,2.0,2.0,2.0,2.0,2.0,1.0,2.0,1.0,2.0,2.0,2.0,2.0,4.0,,,5.0,,,,0.0,,,3.0
pid_1299,1.0,,,1.0,2.0,50.0,,,1.0,1500.0,,,,70.0,,3.0,4.0,5.0,2.0,5.0,4.0,5.0,5.0,5.0,5.0,5.0,,2.0,,,,,3.0,3.0,4.0,,4.0,2.0,7.0,2.0,2.0,3.0,3.0,7.0,7.0,7.0,45.0,70.0,60.0,50.0,35.0,55.0,60.0,45.0,35.0,65.0,2.0,,6.0,1.0,2.0,2.0,2.0,2.0,1.0,2.0,2.0,2.0,1.0,,,,,,,1.0,2.0,2.0,1.0,1.0,2.0,1.0,2.0,1.0,2.0,1.0,1.0,1.0,1.0,1.0,2.0,2.0,1.0,1.0,1.0,2.0,2.0,1.0,2.0,1.0,2.0,2.0,2.0,2.0,2.0,2.0,2.0,2.0,2.0,1.0,1.0,1.0,2.0,1.0,1.0,,5.0,,,6.0,,15.0,,,,3.0
pid_1300,2.0,,2.0,,2.0,45.0,,,,,1.0,350.0,,82.0,,2.0,4.0,3.0,5.0,3.0,4.0,3.0,2.0,3.0,4.0,2.0,,2.0,,4.0,3.0,3.0,,,,,6.0,1.0,6.0,2.0,5.0,5.0,2.0,4.0,4.0,5.0,65.0,60.0,66.0,40.0,61.0,78.0,35.0,25.0,63.0,41.0,3.0,6.0,,,,,,,,,,,,1.0,1.0,1.0,1.0,1.0,1.0,1.0,2.0,1.0,2.0,2.0,2.0,2.0,2.0,2.0,2.0,1.0,2.0,2.0,2.0,2.0,1.0,2.0,2.0,2.0,2.0,1.0,1.0,1.0,2.0,2.0,2.0,1.0,2.0,2.0,2.0,2.0,2.0,2.0,2.0,2.0,2.0,2.0,2.0,2.0,2.0,,4.0,,,2.0,,15.0,,,4.0,
pid_1301,2.0,,,1.0,2.0,54.0,,,2.0,380.0,,,70.0,,,4.0,4.0,2.0,1.0,4.0,5.0,5.0,5.0,3.0,5.0,5.0,,2.0,,6.0,2.0,2.0,,,,5.0,,2.0,6.0,2.0,1.0,1.0,5.0,6.0,7.0,7.0,49.0,19.0,9.0,87.0,80.0,80.0,90.0,60.0,77.0,84.0,1.0,2.0,,2.0,1.0,1.0,1.0,1.0,2.0,1.0,2.0,1.0,1.0,,,,,,,1.0,1.0,1.0,1.0,1.0,1.0,1.0,1.0,2.0,1.0,1.0,2.0,1.0,1.0,2.0,1.0,1.0,1.0,1.0,2.0,1.0,2.0,1.0,1.0,2.0,2.0,2.0,1.0,2.0,1.0,1.0,1.0,1.0,2.0,2.0,2.0,2.0,1.0,2.0,1.0,,5.0,,,6.0,,0.0,,,,3.0
pid_1302,,1.0,1.0,,1.0,100.0,,,1.0,100.0,,,,60.0,4.0,,5.0,5.0,4.0,5.0,5.0,5.0,5.0,5.0,5.0,4.0,,,1.0,5.0,4.0,5.0,,,,4.0,,1.0,5.0,5.0,5.0,5.0,5.0,5.0,5.0,5.0,27.0,41.0,13.0,45.0,45.0,63.0,55.0,19.0,28.0,21.0,4.0,,4.0,,,,,,,,,,,1.0,2.0,1.0,1.0,2.0,2.0,2.0,2.0,1.0,2.0,1.0,2.0,1.0,1.0,2.0,2.0,2.0,2.0,2.0,1.0,2.0,2.0,1.0,1.0,2.0,2.0,1.0,2.0,1.0,1.0,1.0,2.0,1.0,1.0,1.0,2.0,1.0,1.0,2.0,1.0,1.0,2.0,1.0,1.0,2.0,1.0,,,5.0,,,6.0,13.0,,,,2.0
pid_1303,1.0,,1.0,,,,1.0,15.0,,,1.0,150.0,30.0,,3.0,,4.0,4.0,3.0,1.0,4.0,4.0,5.0,4.0,5.0,4.0,,,2.0,,,,3.0,3.0,3.0,,4.0,1.0,7.0,1.0,5.0,5.0,5.0,6.0,5.0,5.0,48.0,48.0,49.0,49.0,48.0,48.0,48.0,49.0,48.0,48.0,3.0,,4.0,1.0,1.0,1.0,1.0,1.0,1.0,1.0,1.0,1.0,1.0,,,,,,,1.0,2.0,2.0,2.0,2.0,2.0,2.0,1.0,2.0,1.0,1.0,2.0,1.0,2.0,2.0,1.0,2.0,2.0,1.0,2.0,2.0,1.0,1.0,2.0,2.0,2.0,1.0,2.0,2.0,1.0,1.0,2.0,2.0,2.0,1.0,2.0,2.0,1.0,1.0,2.0,,,5.0,,,4.0,15.0,,,,3.0
pid_1304,1.0,,,2.0,2.0,15.0,,,,,1.0,150.0,30.0,,,4.0,3.0,3.0,3.0,2.0,5.0,5.0,4.0,5.0,5.0,5.0,,,5.0,2.0,3.0,2.0,,,,,6.0,1.0,7.0,2.0,5.0,5.0,2.0,5.0,5.0,5.0,15.0,10.0,40.0,20.0,20.0,20.0,30.0,41.0,45.0,55.0,2.0,3.0,,,,,,,,,,,,1.0,1.0,1.0,1.0,1.0,1.0,2.0,1.0,2.0,1.0,2.0,2.0,2.0,2.0,1.0,2.0,2.0,2.0,1.0,2.0,2.0,2.0,2.0,1.0,2.0,2.0,2.0,1.0,1.0,2.0,2.0,2.0,1.0,2.0,1.0,2.0,1.0,2.0,2.0,1.0,2.0,2.0,1.0,2.0,2.0,2.0,,,5.0,,,6.0,,20.0,,,5.0
pid_1305,,2.0,,2.0,,,1.0,50.0,,,1.0,300.0,30.0,,,4.0,5.0,5.0,2.0,3.0,5.0,4.0,5.0,4.0,5.0,5.0,1.0,,,4.0,4.0,2.0,,,,,3.0,1.0,5.0,2.0,3.0,3.0,5.0,6.0,5.0,6.0,59.0,81.0,38.0,44.0,47.0,35.0,67.0,56.0,46.0,92.0,2.0,,5.0,,,,,,,,,,,1.0,2.0,1.0,1.0,1.0,2.0,2.0,2.0,1.0,2.0,2.0,1.0,1.0,2.0,1.0,1.0,1.0,2.0,1.0,2.0,2.0,2.0,2.0,1.0,2.0,2.0,1.0,2.0,1.0,1.0,1.0,2.0,2.0,2.0,2.0,2.0,2.0,2.0,2.0,2.0,2.0,1.0,2.0,2.0,1.0,1.0,5.0,,,5.0,,,18.0,,,,3.0
pid_1307,,2.0,2.0,,2.0,45.0,,,2.0,500.0,,,,70.0,1.0,,5.0,1.0,1.0,4.0,5.0,4.0,5.0,2.0,1.0,2.0,,5.0,,6.0,1.0,1.0,,,,6.0,,1.0,7.0,2.0,5.0,6.0,1.0,5.0,7.0,4.0,100.0,5.0,4.0,89.0,94.0,89.0,98.0,27.0,5.0,20.0,1.0,7.0,,1.0,2.0,1.0,1.0,1.0,1.0,2.0,1.0,1.0,1.0,,,,,,,2.0,1.0,1.0,1.0,1.0,1.0,2.0,1.0,1.0,1.0,1.0,1.0,1.0,1.0,1.0,1.0,1.0,1.0,1.0,2.0,1.0,1.0,1.0,1.0,1.0,1.0,1.0,1.0,1.0,2.0,2.0,2.0,1.0,2.0,1.0,1.0,1.0,1.0,1.0,1.0,,1.0,,,2.0,,,5.0,5.0,,
pid_1308,,2.0,,1.0,1.0,86.0,,,1.0,1200.0,,,,91.0,1.0,,5.0,5.0,3.0,1.0,3.0,5.0,5.0,4.0,4.0,4.0,,,2.0,3.0,5.0,1.0,,,,,5.0,2.0,5.0,1.0,4.0,4.0,3.0,6.0,7.0,5.0,22.0,59.0,82.0,55.0,22.0,15.0,70.0,42.0,41.0,55.0,4.0,,6.0,,,,,,,,,,,1.0,1.0,2.0,1.0,1.0,2.0,2.0,2.0,2.0,2.0,2.0,1.0,2.0,1.0,2.0,1.0,1.0,1.0,2.0,1.0,2.0,1.0,2.0,2.0,1.0,2.0,2.0,2.0,1.0,1.0,1.0,2.0,1.0,1.0,1.0,2.0,1.0,2.0,1.0,1.0,2.0,2.0,2.0,2.0,1.0,1.0,,,5.0,,,3.0,,15.0,1.0,,
pid_1309,1.0,,,2.0,1.0,54.0,,,,,2.0,75.0,78.0,,,5.0,4.0,4.0,5.0,2.0,3.0,2.0,3.0,4.0,4.0,3.0,1.0,,,,,,5.0,4.0,5.0,,5.0,1.0,6.0,5.0,3.0,5.0,5.0,2.0,6.0,5.0,69.0,36.0,59.0,80.0,40.0,62.0,81.0,50.0,69.0,29.0,1.0,,5.0,1.0,2.0,1.0,1.0,1.0,1.0,1.0,1.0,2.0,2.0,,,,,,,1.0,1.0,1.0,1.0,1.0,1.0,1.0,1.0,2.0,1.0,2.0,1.0,1.0,1.0,1.0,1.0,2.0,2.0,1.0,2.0,1.0,1.0,2.0,2.0,1.0,1.0,2.0,1.0,1.0,1.0,2.0,1.0,2.0,1.0,1.0,2.0,1.0,1.0,1.0,1.0,4.0,,,4.0,,,5.0,,,,3.0
pid_1310,,2.0,,2.0,2.0,40.0,,,,,1.0,300.0,75.0,,2.0,,5.0,4.0,2.0,5.0,5.0,5.0,5.0,5.0,4.0,5.0,,5.0,,5.0,4.0,2.0,,,,,6.0,1.0,7.0,5.0,6.0,7.0,2.0,7.0,6.0,3.0,63.0,70.0,65.0,43.0,45.0,68.0,40.0,65.0,55.0,75.0,4.0,,6.0,,,,,,,,,,,1.0,1.0,2.0,1.0,2.0,1.0,1.0,1.0,2.0,1.0,1.0,2.0,1.0,1.0,2.0,1.0,1.0,2.0,1.0,2.0,2.0,1.0,1.0,1.0,1.0,1.0,1.0,2.0,1.0,2.0,1.0,2.0,2.0,1.0,2.0,1.0,2.0,1.0,2.0,1.0,2.0,1.0,2.0,2.0,1.0,1.0,,5.0,,,4.0,,,15.0,,,6.0
pid_1311,2.0,,,2.0,,,1.0,16.0,2.0,500.0,,,50.0,,,3.0,5.0,5.0,5.0,3.0,4.0,5.0,5.0,4.0,5.0,5.0,,1.0,,3.0,3.0,3.0,,,,6.0,,2.0,6.0,2.0,5.0,5.0,3.0,5.0,5.0,5.0,29.0,28.0,18.0,40.0,13.0,32.0,52.0,31.0,48.0,70.0,2.0,,6.0,1.0,1.0,1.0,1.0,1.0,1.0,1.0,1.0,1.0,2.0,,,,,,,2.0,1.0,2.0,1.0,2.0,2.0,2.0,2.0,2.0,1.0,1.0,2.0,2.0,2.0,2.0,2.0,1.0,1.0,2.0,1.0,2.0,1.0,2.0,2.0,1.0,2.0,2.0,2.0,1.0,2.0,2.0,2.0,2.0,2.0,2.0,1.0,1.0,1.0,2.0,2.0,,5.0,,,4.0,,,8.0,,5.0,
pid_1313,1.0,,,2.0,2.0,45.0,,,2.0,400.0,,,85.0,,1.0,,1.0,2.0,5.0,5.0,3.0,3.0,3.0,3.0,5.0,3.0,,1.0,,,,,2.0,1.0,3.0,2.0,,1.0,7.0,1.0,1.0,1.0,3.0,7.0,7.0,7.0,50.0,20.0,90.0,90.0,30.0,75.0,50.0,75.0,80.0,80.0,3.0,,6.0,,,,,,,,,,,1.0,1.0,1.0,1.0,1.0,1.0,1.0,2.0,1.0,1.0,2.0,1.0,2.0,1.0,1.0,1.0,1.0,1.0,2.0,1.0,2.0,1.0,2.0,1.0,1.0,2.0,2.0,1.0,1.0,2.0,1.0,1.0,1.0,2.0,1.0,1.0,1.0,1.0,1.0,1.0,2.0,2.0,2.0,2.0,1.0,2.0,,5.0,,,6.0,,,2.0,,10.0,
pid_1314,1.0,,,2.0,,,2.0,4.0,,,1.0,100.0,70.0,,,3.0,1.0,4.0,5.0,4.0,1.0,1.0,4.0,2.0,4.0,5.0,2.0,,,,,,3.0,4.0,5.0,,5.0,2.0,5.0,1.0,1.0,3.0,2.0,7.0,6.0,3.0,38.0,30.0,78.0,54.0,28.0,22.0,55.0,38.0,60.0,68.0,1.0,,5.0,,,,,,,,,,,1.0,1.0,1.0,2.0,1.0,2.0,1.0,2.0,2.0,1.0,2.0,1.0,2.0,1.0,2.0,1.0,2.0,2.0,2.0,2.0,2.0,2.0,1.0,1.0,1.0,2.0,2.0,2.0,2.0,1.0,2.0,1.0,2.0,2.0,2.0,1.0,2.0,1.0,1.0,2.0,2.0,1.0,2.0,2.0,1.0,1.0,5.0,,,6.0,,,5.0,,,5.0,
pid_1315,,1.0,1.0,,2.0,0.0,,,1.0,1780.0,,,,70.0,2.0,,4.0,5.0,4.0,4.0,4.0,4.0,5.0,4.0,4.0,4.0,,,5.0,,,,2.0,3.0,2.0,,5.0,2.0,6.0,4.0,3.0,3.0,4.0,6.0,6.0,6.0,52.0,40.0,30.0,28.0,36.0,27.0,26.0,29.0,21.0,28.0,2.0,5.0,,,,,,,,,,,,1.0,1.0,1.0,1.0,2.0,2.0,2.0,2.0,1.0,2.0,2.0,2.0,2.0,2.0,2.0,2.0,1.0,1.0,1.0,2.0,2.0,2.0,2.0,2.0,2.0,2.0,2.0,2.0,1.0,2.0,2.0,2.0,2.0,1.0,2.0,1.0,2.0,2.0,1.0,1.0,1.0,1.0,1.0,1.0,1.0,2.0,,,4.0,,,6.0,,10.0,,,2.0
pid_1316,2.0,,,1.0,2.0,55.0,,,,,1.0,300.0,,70.0,,5.0,5.0,5.0,1.0,2.0,5.0,5.0,5.0,2.0,5.0,5.0,1.0,,,,,,4.0,4.0,4.0,,5.0,1.0,5.0,1.0,3.0,2.0,5.0,7.0,5.0,6.0,70.0,85.0,45.0,11.0,60.0,49.0,65.0,30.0,75.0,80.0,2.0,6.0,,1.0,2.0,1.0,2.0,1.0,1.0,1.0,2.0,1.0,1.0,,,,,,,2.0,2.0,2.0,2.0,2.0,1.0,2.0,1.0,1.0,1.0,2.0,2.0,1.0,1.0,1.0,1.0,2.0,2.0,1.0,2.0,1.0,2.0,2.0,1.0,2.0,2.0,1.0,1.0,2.0,2.0,2.0,1.0,1.0,1.0,1.0,2.0,2.0,2.0,1.0,1.0,4.0,,,4.0,,,,20.0,2.0,,
pid_1317,1.0,,1.0,,,,2.0,6.0,,,1.0,87.0,,50.0,4.0,,3.0,3.0,3.0,3.0,3.0,3.0,3.0,3.0,3.0,3.0,,3.0,,,,,3.0,3.0,3.0,,5.0,2.0,4.0,4.0,4.0,4.0,4.0,5.0,5.0,5.0,50.0,50.0,50.0,50.0,50.0,50.0,50.0,50.0,50.0,50.0,2.0,,4.0,,,,,,,,,,,1.0,1.0,2.0,2.0,1.0,1.0,1.0,1.0,1.0,1.0,2.0,2.0,2.0,1.0,2.0,2.0,2.0,1.0,2.0,1.0,2.0,1.0,2.0,1.0,1.0,1.0,2.0,1.0,1.0,2.0,1.0,2.0,1.0,2.0,2.0,2.0,1.0,1.0,1.0,1.0,1.0,2.0,1.0,2.0,1.0,2.0,,4.0,,,5.0,,,5.0,,1.0,
pid_1318,2.0,,1.0,,2.0,15.0,,,1.0,2000.0,,,70.0,,1.0,,4.0,5.0,3.0,4.0,4.0,4.0,5.0,3.0,5.0,5.0,,,2.0,4.0,6.0,2.0,,,,,6.0,1.0,6.0,1.0,1.0,2.0,2.0,5.0,7.0,3.0,20.0,45.0,30.0,52.0,15.0,15.0,40.0,40.0,35.0,50.0,2.0,4.0,,,,,,,,,,,,1.0,1.0,2.0,1.0,1.0,1.0,1.0,1.0,2.0,1.0,1.0,2.0,2.0,1.0,2.0,2.0,2.0,1.0,2.0,1.0,1.0,1.0,1.0,1.0,1.0,2.0,2.0,1.0,1.0,2.0,2.0,2.0,1.0,1.0,2.0,1.0,2.0,2.0,1.0,2.0,2.0,2.0,1.0,1.0,2.0,2.0,,,5.0,,,6.0,,15.0,3.0,,
pid_1319,2.0,,,2.0,2.0,27.0,,,2.0,580.0,,,,90.0,3.0,,1.0,3.0,5.0,5.0,4.0,1.0,1.0,4.0,4.0,5.0,1.0,,,,,,2.0,5.0,4.0,,2.0,1.0,6.0,2.0,4.0,3.0,5.0,6.0,6.0,6.0,20.0,40.0,40.0,70.0,30.0,10.0,40.0,60.0,70.0,70.0,3.0,,6.0,1.0,1.0,1.0,2.0,1.0,1.0,1.0,2.0,1.0,2.0,,,,,,,2.0,2.0,2.0,2.0,2.0,1.0,1.0,1.0,2.0,1.0,2.0,1.0,2.0,2.0,2.0,2.0,2.0,2.0,2.0,2.0,2.0,2.0,2.0,2.0,2.0,2.0,2.0,1.0,2.0,2.0,2.0,1.0,2.0,1.0,2.0,1.0,2.0,1.0,1.0,2.0,4.0,,,2.0,,,15.0,,2.0,,
pid_1320,,2.0,1.0,,1.0,0.0,,,1.0,500.0,,,,82.0,4.0,,3.0,3.0,2.0,5.0,5.0,4.0,5.0,5.0,4.0,5.0,,3.0,,6.0,1.0,2.0,,,,3.0,,1.0,4.0,6.0,1.0,1.0,2.0,4.0,7.0,6.0,47.0,54.0,27.0,100.0,82.0,52.0,100.0,62.0,71.0,100.0,4.0,,6.0,2.0,1.0,1.0,1.0,1.0,2.0,2.0,2.0,2.0,1.0,,,,,,,1.0,1.0,1.0,2.0,2.0,1.0,1.0,1.0,1.0,1.0,1.0,1.0,1.0,1.0,1.0,1.0,1.0,1.0,1.0,2.0,1.0,1.0,2.0,2.0,1.0,1.0,1.0,1.0,2.0,2.0,2.0,2.0,1.0,1.0,2.0,1.0,1.0,1.0,1.0,1.0,,5.0,,,6.0,,12.0,,2.0,,
pid_1321,,2.0,1.0,,,,2.0,10.0,2.0,600.0,,,,81.0,,6.0,3.0,4.0,5.0,4.0,3.0,1.0,2.0,4.0,2.0,4.0,,,4.0,,,,2.0,1.0,4.0,,6.0,2.0,6.0,5.0,5.0,5.0,5.0,6.0,6.0,6.0,47.0,59.0,96.0,17.0,34.0,10.0,60.0,58.0,28.0,80.0,1.0,6.0,,,,,,,,,,,,1.0,1.0,1.0,1.0,1.0,1.0,2.0,1.0,2.0,1.0,2.0,1.0,2.0,2.0,2.0,2.0,2.0,1.0,2.0,1.0,2.0,2.0,2.0,2.0,2.0,1.0,1.0,2.0,2.0,1.0,2.0,2.0,2.0,1.0,1.0,2.0,2.0,1.0,1.0,1.0,2.0,1.0,1.0,1.0,1.0,2.0,,,5.0,,,6.0,15.0,,,10.0,
pid_1322,2.0,,,2.0,1.0,80.0,,,,,1.0,120.0,70.0,,,5.0,4.0,5.0,1.0,3.0,5.0,4.0,3.0,3.0,5.0,5.0,1.0,,,3.0,3.0,3.0,,,,3.0,,1.0,6.0,1.0,4.0,4.0,3.0,7.0,6.0,5.0,60.0,20.0,35.0,20.0,50.0,70.0,40.0,60.0,80.0,90.0,4.0,5.0,,1.0,1.0,1.0,1.0,1.0,1.0,1.0,1.0,1.0,1.0,,,,,,,1.0,2.0,2.0,2.0,1.0,1.0,2.0,2.0,1.0,2.0,1.0,1.0,2.0,2.0,1.0,2.0,1.0,1.0,2.0,2.0,2.0,2.0,2.0,2.0,2.0,2.0,1.0,2.0,1.0,2.0,1.0,2.0,2.0,2.0,1.0,1.0,1.0,2.0,2.0,2.0,3.0,,,4.0,,,20.0,,,8.0,
pid_1323,,1.0,,1.0,2.0,42.0,,,2.0,375.0,,,30.0,,4.0,,4.0,4.0,3.0,1.0,2.0,3.0,5.0,5.0,4.0,3.0,2.0,,,3.0,4.0,2.0,,,,2.0,,1.0,7.0,2.0,5.0,6.0,3.0,5.0,4.0,5.0,15.0,15.0,53.0,30.0,10.0,5.0,55.0,65.0,55.0,40.0,3.0,,6.0,,,,,,,,,,,1.0,1.0,1.0,1.0,1.0,1.0,1.0,2.0,2.0,2.0,1.0,2.0,1.0,1.0,2.0,2.0,1.0,2.0,1.0,1.0,2.0,1.0,1.0,1.0,2.0,1.0,1.0,2.0,1.0,2.0,1.0,1.0,1.0,2.0,1.0,2.0,1.0,2.0,2.0,2.0,2.0,2.0,1.0,1.0,1.0,2.0,4.0,,,5.0,,,20.0,,,5.0,
pid_1324,1.0,,1.0,,2.0,38.0,,,1.0,1050.0,,,,70.0,4.0,,4.0,4.0,1.0,3.0,4.0,5.0,5.0,4.0,5.0,5.0,,,2.0,4.0,5.0,2.0,,,,,6.0,1.0,6.0,1.0,5.0,5.0,2.0,6.0,6.0,5.0,40.0,40.0,50.0,45.0,25.0,35.0,65.0,50.0,45.0,75.0,3.0,3.0,,1.0,1.0,1.0,1.0,1.0,1.0,1.0,1.0,1.0,1.0,,,,,,,1.0,1.0,2.0,1.0,1.0,2.0,2.0,1.0,2.0,1.0,1.0,1.0,1.0,2.0,1.0,2.0,2.0,1.0,1.0,2.0,1.0,1.0,1.0,1.0,1.0,2.0,1.0,2.0,1.0,1.0,2.0,2.0,1.0,2.0,1.0,2.0,1.0,2.0,1.0,1.0,,,5.0,,,6.0,12.0,,2.0,,
pid_1325,,1.0,,2.0,,,1.0,15.0,,,1.0,89.0,30.0,,1.0,,5.0,1.0,1.0,1.0,5.0,5.0,5.0,5.0,1.0,1.0,,5.0,,,,,6.0,1.0,1.0,1.0,,2.0,7.0,7.0,7.0,7.0,1.0,7.0,7.0,1.0,0.0,0.0,10.0,0.0,70.0,100.0,100.0,100.0,73.0,64.0,3.0,,7.0,2.0,2.0,2.0,2.0,2.0,2.0,1.0,1.0,2.0,2.0,,,,,,,1.0,1.0,1.0,1.0,1.0,1.0,1.0,1.0,1.0,1.0,1.0,1.0,1.0,1.0,1.0,1.0,1.0,2.0,1.0,1.0,2.0,1.0,1.0,1.0,1.0,2.0,1.0,1.0,1.0,1.0,2.0,2.0,1.0,1.0,1.0,1.0,1.0,1.0,1.0,1.0,,5.0,,,6.0,,10.0,,,2.0,
pid_1326,1.0,,2.0,,2.0,45.0,,,1.0,1500.0,,,,70.0,3.0,,4.0,4.0,2.0,4.0,4.0,3.0,4.0,5.0,4.0,5.0,,,4.0,3.0,4.0,3.0,,,,,4.0,1.0,6.0,2.0,4.0,4.0,5.0,7.0,5.0,5.0,50.0,80.0,30.0,60.0,50.0,40.0,85.0,80.0,80.0,65.0,3.0,6.0,,,,,,,,,,,,1.0,1.0,1.0,1.0,1.0,1.0,1.0,2.0,2.0,2.0,1.0,2.0,2.0,2.0,2.0,2.0,2.0,2.0,2.0,2.0,2.0,2.0,2.0,2.0,2.0,2.0,2.0,2.0,2.0,2.0,1.0,2.0,1.0,2.0,2.0,1.0,2.0,1.0,2.0,2.0,1.0,1.0,1.0,1.0,2.0,2.0,,,4.0,,,5.0,,0.0,,10.0,
pid_1327,1.0,,1.0,,,,1.0,50.0,,,1.0,300.0,,65.0,4.0,,5.0,5.0,1.0,2.0,5.0,5.0,5.0,3.0,5.0,5.0,2.0,,,4.0,5.0,3.0,,,,5.0,,1.0,7.0,5.0,1.0,1.0,1.0,5.0,7.0,7.0,85.0,80.0,35.0,45.0,75.0,75.0,80.0,75.0,65.0,75.0,1.0,,6.0,1.0,2.0,1.0,1.0,1.0,1.0,2.0,2.0,2.0,2.0,,,,,,,2.0,2.0,1.0,2.0,2.0,2.0,2.0,2.0,2.0,2.0,1.0,2.0,2.0,2.0,2.0,2.0,1.0,2.0,2.0,1.0,2.0,2.0,2.0,1.0,2.0,2.0,1.0,2.0,2.0,2.0,2.0,2.0,1.0,2.0,2.0,1.0,2.0,2.0,1.0,2.0,5.0,,,5.0,,,20.0,,,5.0,
pid_1328,,2.0,,2.0,1.0,50.0,,,2.0,300.0,,,,70.0,,5.0,5.0,5.0,5.0,4.0,4.0,4.0,2.0,4.0,2.0,4.0,,,4.0,,,,5.0,5.0,5.0,,6.0,1.0,7.0,5.0,3.0,5.0,3.0,6.0,7.0,6.0,79.0,73.0,99.0,46.0,83.0,68.0,19.0,43.0,19.0,99.0,3.0,5.0,,,,,,,,,,,,1.0,1.0,1.0,1.0,2.0,2.0,1.0,2.0,1.0,2.0,1.0,2.0,2.0,2.0,1.0,1.0,1.0,1.0,1.0,2.0,1.0,1.0,2.0,1.0,2.0,1.0,2.0,1.0,1.0,1.0,2.0,1.0,2.0,1.0,1.0,1.0,1.0,2.0,1.0,1.0,1.0,2.0,2.0,1.0,1.0,1.0,,,5.0,,,5.0,,10.0,,1.0,
pid_1329,1.0,,,1.0,,,1.0,40.0,,,1.0,125.0,80.0,,,4.0,2.0,5.0,1.0,3.0,4.0,4.0,5.0,4.0,5.0,5.0,5.0,,,3.0,2.0,2.0,,,,5.0,,2.0,6.0,1.0,1.0,1.0,5.0,6.0,6.0,7.0,60.0,70.0,45.0,66.0,50.0,65.0,80.0,60.0,66.0,95.0,4.0,,5.0,,,,,,,,,,,1.0,1.0,2.0,1.0,2.0,1.0,2.0,1.0,2.0,2.0,1.0,2.0,1.0,2.0,2.0,2.0,1.0,1.0,2.0,1.0,1.0,2.0,2.0,2.0,2.0,2.0,1.0,1.0,1.0,1.0,2.0,1.0,1.0,1.0,1.0,2.0,2.0,1.0,1.0,1.0,1.0,1.0,1.0,1.0,1.0,1.0,4.0,,,4.0,,,,3.0,,,4.0
pid_1330,2.0,,,2.0,,,1.0,50.0,,,1.0,325.0,92.0,,3.0,,3.0,3.0,2.0,4.0,3.0,3.0,4.0,3.0,2.0,4.0,1.0,,,3.0,4.0,3.0,,,,4.0,,2.0,7.0,2.0,6.0,6.0,5.0,6.0,6.0,6.0,57.0,72.0,74.0,45.0,26.0,46.0,49.0,33.0,40.0,80.0,2.0,6.0,,1.0,2.0,1.0,2.0,1.0,1.0,1.0,2.0,1.0,1.0,,,,,,,1.0,2.0,1.0,2.0,2.0,2.0,1.0,1.0,1.0,2.0,1.0,1.0,2.0,1.0,2.0,1.0,2.0,1.0,2.0,2.0,1.0,1.0,2.0,1.0,2.0,2.0,2.0,2.0,2.0,1.0,1.0,2.0,2.0,2.0,2.0,2.0,1.0,2.0,1.0,2.0,4.0,,,2.0,,,15.0,,2.0,,
pid_1331,1.0,,,2.0,2.0,60.0,,,1.0,1500.0,,,,52.0,1.0,,1.0,5.0,4.0,3.0,3.0,5.0,5.0,1.0,5.0,1.0,,,1.0,3.0,5.0,1.0,,,,,6.0,1.0,6.0,2.0,1.0,1.0,5.0,5.0,6.0,6.0,45.0,97.0,68.0,70.0,35.0,62.0,75.0,65.0,49.0,71.0,1.0,,7.0,,,,,,,,,,,1.0,1.0,2.0,1.0,2.0,1.0,2.0,1.0,2.0,2.0,2.0,2.0,1.0,2.0,2.0,2.0,2.0,2.0,2.0,2.0,1.0,2.0,2.0,1.0,1.0,1.0,2.0,2.0,2.0,2.0,2.0,2.0,2.0,2.0,2.0,2.0,2.0,2.0,2.0,2.0,2.0,2.0,2.0,2.0,1.0,2.0,,,2.0,,,4.0,15.0,,2.0,,
pid_1332,,2.0,2.0,,,,1.0,50.0,2.0,600.0,,,,70.0,,4.0,4.0,1.0,1.0,3.0,5.0,3.0,3.0,5.0,4.0,5.0,,4.0,,3.0,1.0,1.0,,,,,4.0,1.0,6.0,2.0,4.0,2.0,4.0,7.0,6.0,6.0,40.0,50.0,25.0,50.0,25.0,60.0,70.0,40.0,65.0,100.0,3.0,,5.0,1.0,2.0,2.0,1.0,2.0,1.0,2.0,1.0,2.0,1.0,,,,,,,1.0,1.0,2.0,1.0,1.0,1.0,1.0,1.0,1.0,1.0,1.0,1.0,1.0,1.0,1.0,1.0,1.0,2.0,1.0,1.0,1.0,1.0,1.0,2.0,1.0,1.0,1.0,2.0,1.0,1.0,1.0,2.0,1.0,1.0,2.0,2.0,2.0,2.0,2.0,1.0,,5.0,,,1.0,,,15.0,,7.0,
pid_1333,1.0,,,2.0,,,1.0,30.0,,,1.0,300.0,60.0,,,3.0,5.0,5.0,1.0,5.0,4.0,4.0,5.0,4.0,5.0,5.0,1.0,,,,,,4.0,3.0,2.0,4.0,,1.0,6.0,1.0,4.0,5.0,4.0,5.0,3.0,4.0,45.0,85.0,45.0,60.0,55.0,45.0,65.0,70.0,55.0,80.0,3.0,,7.0,,,,,,,,,,,1.0,1.0,1.0,1.0,2.0,2.0,1.0,2.0,1.0,2.0,1.0,2.0,1.0,1.0,1.0,1.0,2.0,1.0,1.0,2.0,1.0,2.0,2.0,2.0,2.0,1.0,2.0,2.0,1.0,2.0,2.0,1.0,1.0,1.0,1.0,2.0,1.0,2.0,1.0,2.0,2.0,2.0,2.0,1.0,2.0,2.0,5.0,,,5.0,,,12.0,,3.0,,
pid_1334,1.0,,2.0,,2.0,15.0,,,,,1.0,120.0,19.0,,,5.0,4.0,5.0,1.0,4.0,5.0,5.0,5.0,5.0,3.0,5.0,2.0,,,3.0,2.0,3.0,,,,5.0,,1.0,7.0,1.0,1.0,2.0,5.0,6.0,6.0,5.0,81.0,100.0,10.0,73.0,65.0,86.0,89.0,76.0,54.0,95.0,4.0,6.0,,1.0,2.0,1.0,2.0,1.0,2.0,2.0,2.0,1.0,1.0,,,,,,,2.0,2.0,1.0,1.0,1.0,2.0,1.0,2.0,1.0,2.0,2.0,2.0,2.0,2.0,2.0,2.0,2.0,1.0,2.0,1.0,2.0,2.0,2.0,2.0,2.0,1.0,2.0,2.0,2.0,2.0,2.0,1.0,2.0,2.0,2.0,2.0,1.0,2.0,2.0,2.0,4.0,,,4.0,,,,20.0,3.0,,
pid_1335,,2.0,2.0,,2.0,55.0,,,,,1.0,100.0,30.0,,1.0,,4.0,5.0,3.0,3.0,4.0,4.0,5.0,4.0,4.0,4.0,,2.0,,,,,3.0,3.0,4.0,,5.0,1.0,6.0,2.0,5.0,2.0,5.0,6.0,5.0,6.0,40.0,50.0,60.0,60.0,30.0,25.0,55.0,60.0,40.0,60.0,3.0,,5.0,,,,,,,,,,,1.0,1.0,2.0,1.0,1.0,2.0,2.0,2.0,2.0,2.0,2.0,2.0,2.0,2.0,2.0,2.0,2.0,2.0,2.0,2.0,2.0,1.0,2.0,2.0,2.0,1.0,1.0,2.0,1.0,2.0,1.0,2.0,2.0,2.0,2.0,2.0,2.0,1.0,2.0,2.0,2.0,2.0,2.0,2.0,2.0,2.0,,5.0,,,4.0,,19.0,,,5.0,
pid_1336,,2.0,1.0,,,,1.0,36.0,2.0,350.0,,,,65.0,6.0,,2.0,4.0,3.0,4.0,2.0,3.0,1.0,3.0,2.0,3.0,,,5.0,,,,4.0,4.0,4.0,5.0,,2.0,5.0,1.0,3.0,2.0,2.0,6.0,7.0,7.0,31.0,61.0,49.0,79.0,19.0,20.0,55.0,36.0,12.0,58.0,1.0,4.0,,,,,,,,,,,,1.0,1.0,2.0,2.0,1.0,1.0,2.0,2.0,2.0,1.0,1.0,2.0,1.0,1.0,2.0,2.0,2.0,2.0,2.0,2.0,1.0,1.0,2.0,1.0,1.0,2.0,1.0,2.0,1.0,2.0,2.0,2.0,2.0,2.0,2.0,1.0,2.0,1.0,2.0,1.0,1.0,2.0,1.0,2.0,2.0,1.0,,,4.0,,,6.0,,5.0,4.0,,
pid_1337,,1.0,1.0,,,,2.0,8.0,2.0,700.0,,,30.0,,1.0,,4.0,5.0,2.0,5.0,4.0,5.0,5.0,5.0,5.0,5.0,,,1.0,,,,3.0,5.0,5.0,6.0,,2.0,7.0,2.0,2.0,2.0,2.0,6.0,7.0,5.0,39.0,76.0,92.0,73.0,32.0,32.0,69.0,86.0,38.0,86.0,3.0,5.0,,1.0,1.0,1.0,1.0,1.0,1.0,1.0,1.0,1.0,1.0,,,,,,,1.0,2.0,2.0,2.0,2.0,2.0,2.0,2.0,1.0,1.0,1.0,1.0,2.0,1.0,1.0,2.0,2.0,2.0,2.0,2.0,2.0,2.0,1.0,1.0,1.0,2.0,2.0,2.0,2.0,1.0,1.0,1.0,1.0,1.0,1.0,2.0,2.0,2.0,2.0,2.0,,,5.0,,,5.0,15.0,,,,1.0
pid_1338,2.0,,1.0,,2.0,50.0,,,2.0,900.0,,,,70.0,,4.0,4.0,5.0,1.0,3.0,3.0,4.0,5.0,3.0,5.0,5.0,1.0,,,,,,3.0,3.0,4.0,,5.0,1.0,6.0,3.0,4.0,3.0,2.0,5.0,6.0,5.0,30.0,40.0,60.0,5.0,15.0,25.0,50.0,40.0,30.0,35.0,3.0,3.0,,,,,,,,,,,,1.0,1.0,2.0,1.0,1.0,2.0,1.0,1.0,1.0,2.0,2.0,2.0,2.0,1.0,1.0,2.0,1.0,2.0,2.0,1.0,2.0,2.0,1.0,2.0,2.0,2.0,1.0,1.0,1.0,1.0,2.0,2.0,2.0,2.0,2.0,2.0,2.0,1.0,1.0,1.0,1.0,1.0,2.0,2.0,1.0,2.0,5.0,,,3.0,,,,5.0,,9.0,
pid_1339,,1.0,1.0,,,,2.0,11.0,,,1.0,325.0,,93.0,3.0,,3.0,5.0,4.0,1.0,4.0,4.0,5.0,2.0,3.0,4.0,4.0,,,3.0,3.0,2.0,,,,,2.0,2.0,2.0,2.0,3.0,6.0,3.0,5.0,4.0,5.0,62.0,81.0,43.0,56.0,37.0,41.0,48.0,64.0,73.0,61.0,1.0,,5.0,2.0,1.0,1.0,1.0,1.0,1.0,2.0,1.0,1.0,1.0,,,,,,,1.0,2.0,2.0,1.0,2.0,2.0,2.0,1.0,1.0,2.0,2.0,1.0,2.0,2.0,1.0,2.0,1.0,2.0,1.0,1.0,1.0,2.0,1.0,1.0,2.0,1.0,2.0,1.0,2.0,2.0,2.0,2.0,1.0,1.0,1.0,2.0,2.0,2.0,2.0,2.0,5.0,,,6.0,,,12.0,,2.0,,
pid_1340,,2.0,,2.0,,,1.0,25.0,,,1.0,250.0,71.0,,,3.0,5.0,3.0,1.0,5.0,4.0,5.0,5.0,4.0,5.0,5.0,,,4.0,,,,4.0,3.0,4.0,,5.0,1.0,7.0,3.0,4.0,4.0,1.0,5.0,6.0,6.0,61.0,41.0,43.0,40.0,45.0,55.0,60.0,67.0,57.0,71.0,4.0,5.0,,,,,,,,,,,,1.0,1.0,1.0,1.0,1.0,1.0,2.0,2.0,1.0,2.0,1.0,2.0,1.0,1.0,2.0,1.0,1.0,2.0,1.0,1.0,1.0,2.0,1.0,2.0,2.0,1.0,1.0,1.0,2.0,1.0,2.0,1.0,1.0,2.0,1.0,2.0,1.0,2.0,1.0,1.0,1.0,1.0,2.0,2.0,2.0,1.0,,,4.0,,,3.0,18.0,,,,2.0
pid_1341,,2.0,2.0,,2.0,50.0,,,2.0,275.0,,,85.0,,,4.0,4.0,3.0,4.0,1.0,3.0,4.0,5.0,1.0,2.0,5.0,,4.0,,,,,3.0,4.0,2.0,,6.0,1.0,6.0,2.0,4.0,5.0,3.0,6.0,5.0,5.0,50.0,85.0,50.0,45.0,45.0,55.0,50.0,55.0,50.0,85.0,3.0,,6.0,1.0,2.0,1.0,1.0,1.0,2.0,1.0,1.0,1.0,1.0,,,,,,,1.0,2.0,2.0,2.0,2.0,2.0,2.0,1.0,2.0,1.0,2.0,2.0,1.0,1.0,1.0,2.0,1.0,2.0,2.0,2.0,2.0,1.0,2.0,2.0,1.0,1.0,2.0,2.0,1.0,2.0,2.0,1.0,2.0,1.0,2.0,2.0,2.0,1.0,2.0,2.0,,5.0,,,5.0,,,15.0,,6.0,
pid_1342,,2.0,,1.0,2.0,45.0,,,2.0,600.0,,,30.0,,3.0,,4.0,5.0,3.0,2.0,4.0,5.0,5.0,4.0,4.0,4.0,,,4.0,3.0,3.0,3.0,,,,4.0,,1.0,7.0,3.0,5.0,5.0,5.0,6.0,6.0,6.0,40.0,64.0,45.0,35.0,40.0,41.0,50.0,40.0,36.0,40.0,3.0,6.0,,1.0,1.0,1.0,1.0,1.0,1.0,1.0,1.0,1.0,1.0,,,,,,,1.0,2.0,2.0,1.0,2.0,1.0,2.0,2.0,2.0,2.0,2.0,2.0,2.0,1.0,2.0,2.0,1.0,2.0,1.0,1.0,2.0,2.0,2.0,1.0,2.0,2.0,2.0,1.0,1.0,1.0,2.0,2.0,1.0,2.0,1.0,1.0,2.0,2.0,1.0,2.0,,,5.0,,,5.0,,20.0,1.0,,
pid_1343,1.0,,1.0,,,,1.0,50.0,,,1.0,300.0,,70.0,,3.0,2.0,5.0,5.0,3.0,1.0,2.0,1.0,1.0,1.0,5.0,,5.0,,,,,6.0,4.0,4.0,,6.0,2.0,6.0,2.0,4.0,6.0,1.0,6.0,6.0,7.0,49.0,76.0,56.0,52.0,33.0,61.0,29.0,15.0,36.0,81.0,3.0,,7.0,,,,,,,,,,,1.0,1.0,2.0,1.0,2.0,1.0,1.0,2.0,2.0,1.0,1.0,2.0,1.0,1.0,2.0,1.0,2.0,2.0,1.0,2.0,2.0,1.0,2.0,1.0,2.0,2.0,1.0,1.0,1.0,1.0,1.0,1.0,1.0,1.0,1.0,1.0,1.0,2.0,2.0,1.0,1.0,1.0,1.0,1.0,2.0,1.0,,5.0,,,5.0,,5.0,,3.0,,
pid_1344,2.0,,2.0,,2.0,32.0,,,,,1.0,126.0,30.0,,,2.0,2.0,5.0,4.0,5.0,4.0,2.0,4.0,4.0,5.0,2.0,,1.0,,,,,1.0,1.0,5.0,5.0,,2.0,6.0,2.0,2.0,3.0,2.0,5.0,6.0,7.0,39.0,91.0,64.0,89.0,22.0,19.0,43.0,75.0,50.0,35.0,2.0,,5.0,1.0,1.0,1.0,1.0,1.0,1.0,1.0,1.0,2.0,1.0,,,,,,,1.0,1.0,2.0,2.0,2.0,1.0,2.0,2.0,1.0,2.0,1.0,2.0,1.0,2.0,1.0,2.0,1.0,1.0,1.0,2.0,2.0,2.0,2.0,1.0,2.0,2.0,1.0,2.0,2.0,2.0,2.0,2.0,2.0,1.0,1.0,2.0,1.0,2.0,2.0,1.0,,5.0,,,3.0,,,15.0,,,3.0
pid_1345,,1.0,1.0,,2.0,30.0,,,,,1.0,100.0,75.0,,2.0,,4.0,5.0,1.0,1.0,3.0,5.0,5.0,5.0,5.0,5.0,1.0,,,3.0,3.0,2.0,,,,5.0,,1.0,7.0,2.0,6.0,6.0,3.0,6.0,6.0,6.0,43.0,24.0,30.0,38.0,23.0,41.0,34.0,44.0,33.0,31.0,3.0,6.0,,,,,,,,,,,,1.0,1.0,1.0,1.0,1.0,1.0,2.0,2.0,2.0,2.0,2.0,2.0,2.0,2.0,2.0,2.0,1.0,2.0,2.0,2.0,2.0,2.0,2.0,2.0,2.0,2.0,2.0,2.0,2.0,2.0,2.0,1.0,2.0,2.0,1.0,2.0,2.0,2.0,2.0,2.0,2.0,2.0,2.0,2.0,2.0,2.0,4.0,,,5.0,,,20.0,,,,3.0
pid_1346,,2.0,2.0,,,,1.0,50.0,2.0,350.0,,,30.0,,,4.0,2.0,3.0,2.0,3.0,2.0,4.0,5.0,4.0,5.0,3.0,4.0,,,3.0,3.0,3.0,,,,,3.0,1.0,6.0,1.0,6.0,6.0,3.0,5.0,5.0,5.0,43.0,78.0,48.0,44.0,27.0,64.0,54.0,39.0,56.0,67.0,2.0,6.0,,,,,,,,,,,,1.0,1.0,1.0,1.0,1.0,1.0,2.0,1.0,2.0,2.0,2.0,1.0,2.0,1.0,2.0,2.0,2.0,1.0,2.0,1.0,2.0,1.0,2.0,1.0,2.0,1.0,1.0,2.0,1.0,2.0,1.0,2.0,2.0,2.0,2.0,1.0,2.0,1.0,2.0,1.0,1.0,1.0,2.0,1.0,2.0,2.0,2.0,,,3.0,,,,15.0,,,3.0
pid_1347,1.0,,,2.0,1.0,70.0,,,,,1.0,180.0,30.0,,2.0,,2.0,2.0,3.0,4.0,4.0,2.0,4.0,5.0,4.0,4.0,,,5.0,,,,2.0,2.0,4.0,5.0,,1.0,7.0,2.0,5.0,5.0,5.0,6.0,6.0,6.0,40.0,34.0,60.0,55.0,70.0,52.0,74.0,57.0,33.0,62.0,2.0,6.0,,1.0,1.0,1.0,1.0,1.0,1.0,1.0,1.0,1.0,1.0,,,,,,,1.0,2.0,2.0,2.0,2.0,2.0,2.0,2.0,2.0,2.0,2.0,2.0,2.0,2.0,2.0,2.0,2.0,2.0,2.0,2.0,2.0,2.0,1.0,2.0,2.0,1.0,2.0,1.0,1.0,2.0,2.0,1.0,2.0,2.0,2.0,2.0,2.0,1.0,2.0,2.0,,,2.0,,,1.0,18.0,,,,2.0
pid_1348,1.0,,,2.0,,,1.0,15.0,1.0,1300.0,,,,70.0,2.0,,4.0,5.0,2.0,1.0,4.0,5.0,5.0,5.0,5.0,5.0,1.0,,,4.0,5.0,2.0,,,,4.0,,2.0,6.0,2.0,3.0,3.0,2.0,5.0,7.0,6.0,42.0,54.0,49.0,15.0,20.0,25.0,62.0,80.0,70.0,65.0,2.0,,6.0,,,,,,,,,,,1.0,1.0,2.0,1.0,2.0,1.0,2.0,1.0,2.0,1.0,2.0,1.0,1.0,2.0,2.0,2.0,2.0,2.0,1.0,2.0,2.0,1.0,2.0,2.0,2.0,2.0,1.0,2.0,2.0,2.0,2.0,2.0,2.0,1.0,2.0,2.0,1.0,1.0,2.0,2.0,2.0,2.0,2.0,2.0,2.0,1.0,2.0,,,6.0,,,,0.0,,8.0,
pid_1349,,1.0,,1.0,,,1.0,23.0,,,1.0,1200.0,,70.0,2.0,,1.0,1.0,5.0,3.0,2.0,1.0,1.0,3.0,2.0,2.0,1.0,,,,,,2.0,2.0,3.0,5.0,,2.0,5.0,1.0,6.0,7.0,2.0,7.0,5.0,5.0,23.0,30.0,60.0,33.0,23.0,18.0,32.0,32.0,16.0,23.0,1.0,3.0,,1.0,1.0,2.0,1.0,1.0,1.0,2.0,1.0,1.0,2.0,,,,,,,2.0,2.0,2.0,2.0,1.0,1.0,2.0,2.0,2.0,1.0,1.0,2.0,1.0,2.0,2.0,1.0,2.0,1.0,2.0,1.0,2.0,2.0,2.0,1.0,1.0,1.0,2.0,2.0,1.0,2.0,1.0,2.0,1.0,1.0,1.0,1.0,2.0,2.0,2.0,2.0,2.0,,,3.0,,,,0.0,1.0,,
pid_1350,,1.0,,2.0,,,2.0,10.0,,,1.0,120.0,,70.0,,3.0,4.0,4.0,2.0,3.0,4.0,3.0,4.0,4.0,4.0,4.0,,,4.0,,,,3.0,3.0,3.0,,5.0,1.0,5.0,2.0,4.0,5.0,1.0,5.0,4.0,5.0,42.0,61.0,53.0,48.0,59.0,24.0,45.0,59.0,42.0,69.0,2.0,,4.0,1.0,1.0,1.0,1.0,1.0,1.0,1.0,1.0,1.0,1.0,,,,,,,2.0,2.0,2.0,2.0,2.0,2.0,2.0,2.0,2.0,2.0,2.0,2.0,2.0,2.0,2.0,1.0,2.0,2.0,2.0,2.0,2.0,1.0,2.0,1.0,2.0,2.0,2.0,2.0,2.0,1.0,1.0,2.0,2.0,2.0,2.0,2.0,2.0,2.0,2.0,2.0,,,4.0,,,4.0,20.0,,1.0,,
pid_1351,,2.0,,1.0,2.0,44.0,,,,,1.0,150.0,30.0,,3.0,,1.0,2.0,4.0,2.0,2.0,1.0,2.0,2.0,4.0,4.0,1.0,,,,,,4.0,5.0,5.0,,4.0,2.0,6.0,3.0,4.0,3.0,3.0,3.0,4.0,5.0,25.0,40.0,50.0,35.0,40.0,25.0,50.0,49.0,80.0,80.0,2.0,6.0,,1.0,1.0,1.0,1.0,1.0,1.0,1.0,1.0,1.0,1.0,,,,,,,1.0,2.0,2.0,1.0,1.0,2.0,2.0,1.0,1.0,1.0,1.0,1.0,2.0,2.0,1.0,2.0,1.0,1.0,2.0,2.0,1.0,1.0,1.0,2.0,2.0,1.0,1.0,1.0,1.0,2.0,2.0,2.0,1.0,1.0,2.0,1.0,1.0,2.0,1.0,2.0,2.0,,,3.0,,,20.0,,,,2.0
pid_1352,2.0,,1.0,,2.0,25.0,,,2.0,200.0,,,50.0,,4.0,,4.0,5.0,1.0,3.0,4.0,4.0,5.0,4.0,4.0,4.0,,,2.0,3.0,3.0,3.0,,,,4.0,,1.0,6.0,1.0,6.0,5.0,2.0,6.0,5.0,5.0,30.0,99.0,40.0,50.0,20.0,50.0,65.0,30.0,30.0,50.0,3.0,6.0,,1.0,1.0,1.0,1.0,1.0,1.0,1.0,1.0,1.0,1.0,,,,,,,2.0,2.0,2.0,2.0,1.0,2.0,2.0,2.0,2.0,2.0,2.0,2.0,2.0,2.0,2.0,2.0,2.0,2.0,2.0,2.0,2.0,2.0,2.0,2.0,1.0,2.0,1.0,2.0,2.0,2.0,2.0,2.0,2.0,2.0,2.0,2.0,2.0,2.0,1.0,2.0,,,4.0,,,4.0,,0.0,1.0,,
pid_1353,1.0,,1.0,,,,1.0,48.0,2.0,350.0,,,100.0,,3.0,,5.0,5.0,2.0,4.0,5.0,5.0,5.0,5.0,5.0,5.0,,,2.0,3.0,4.0,3.0,,,,,5.0,1.0,6.0,2.0,5.0,5.0,5.0,5.0,5.0,5.0,60.0,80.0,65.0,50.0,50.0,30.0,65.0,65.0,55.0,60.0,1.0,6.0,,1.0,1.0,1.0,1.0,1.0,1.0,1.0,1.0,1.0,1.0,,,,,,,2.0,2.0,1.0,1.0,2.0,2.0,2.0,2.0,1.0,2.0,2.0,2.0,1.0,2.0,2.0,2.0,2.0,1.0,2.0,2.0,2.0,2.0,2.0,2.0,2.0,2.0,2.0,1.0,1.0,2.0,1.0,2.0,2.0,2.0,2.0,1.0,2.0,2.0,1.0,2.0,,,4.0,,,6.0,20.0,,,,4.0
pid_1354,2.0,,,1.0,2.0,40.0,,,,,1.0,150.0,90.0,,5.0,,5.0,5.0,5.0,5.0,5.0,5.0,3.0,3.0,1.0,4.0,,,1.0,,,,1.0,4.0,5.0,6.0,,1.0,7.0,2.0,2.0,2.0,3.0,6.0,6.0,7.0,50.0,60.0,70.0,75.0,50.0,60.0,40.0,60.0,50.0,70.0,1.0,,7.0,1.0,2.0,1.0,1.0,1.0,1.0,2.0,1.0,2.0,1.0,,,,,,,2.0,2.0,2.0,2.0,2.0,2.0,2.0,2.0,1.0,1.0,2.0,2.0,2.0,2.0,2.0,1.0,2.0,2.0,2.0,1.0,2.0,1.0,1.0,2.0,1.0,2.0,1.0,2.0,2.0,2.0,2.0,2.0,1.0,1.0,1.0,2.0,2.0,2.0,2.0,2.0,,,5.0,,,6.0,20.0,,1.0,,
pid_1355,,2.0,1.0,,,,2.0,8.0,,,1.0,90.0,,50.0,,4.0,5.0,4.0,4.0,5.0,5.0,5.0,5.0,4.0,5.0,5.0,,3.0,,,,,2.0,5.0,6.0,4.0,,2.0,5.0,2.0,4.0,5.0,1.0,5.0,6.0,6.0,51.0,48.0,35.0,25.0,75.0,42.0,79.0,39.0,34.0,80.0,3.0,,6.0,1.0,1.0,1.0,2.0,1.0,2.0,1.0,1.0,1.0,2.0,,,,,,,1.0,1.0,1.0,1.0,1.0,1.0,2.0,2.0,1.0,1.0,1.0,1.0,2.0,2.0,2.0,1.0,1.0,1.0,1.0,2.0,1.0,1.0,2.0,1.0,2.0,2.0,1.0,1.0,1.0,2.0,1.0,2.0,2.0,1.0,2.0,2.0,1.0,2.0,1.0,1.0,,5.0,,,4.0,,,15.0,2.0,,
pid_1356,,2.0,,2.0,,,1.0,40.0,2.0,500.0,,,30.0,,,3.0,4.0,5.0,3.0,1.0,4.0,5.0,5.0,4.0,4.0,5.0,2.0,,,2.0,2.0,2.0,,,,,5.0,1.0,6.0,4.0,4.0,4.0,4.0,5.0,6.0,5.0,58.0,60.0,60.0,20.0,58.0,52.0,55.0,60.0,55.0,70.0,3.0,,7.0,,,,,,,,,,,1.0,1.0,1.0,1.0,1.0,1.0,2.0,1.0,1.0,1.0,2.0,2.0,2.0,2.0,2.0,1.0,1.0,1.0,2.0,1.0,2.0,1.0,2.0,2.0,2.0,1.0,2.0,1.0,1.0,2.0,1.0,2.0,2.0,2.0,1.0,2.0,2.0,1.0,2.0,2.0,1.0,2.0,2.0,2.0,2.0,2.0,4.0,,,3.0,,,,20.0,1.0,,
pid_1357,1.0,,2.0,,,,1.0,30.0,,,1.0,600.0,,7.0,,4.0,4.0,5.0,2.0,3.0,5.0,5.0,5.0,5.0,5.0,5.0,1.0,,,4.0,4.0,2.0,,,,,6.0,1.0,7.0,2.0,5.0,5.0,2.0,5.0,5.0,5.0,35.0,80.0,50.0,50.0,55.0,55.0,70.0,80.0,40.0,80.0,1.0,6.0,,,,,,,,,,,,1.0,1.0,1.0,1.0,2.0,2.0,1.0,2.0,2.0,2.0,2.0,2.0,1.0,1.0,2.0,2.0,2.0,2.0,2.0,1.0,2.0,1.0,1.0,2.0,2.0,1.0,2.0,1.0,2.0,1.0,2.0,2.0,1.0,2.0,2.0,2.0,2.0,2.0,2.0,1.0,1.0,2.0,2.0,2.0,2.0,2.0,5.0,,,5.0,,,12.0,,2.0,,
pid_1358,,1.0,1.0,,2.0,20.0,,,,,1.0,120.0,50.0,,,6.0,3.0,4.0,3.0,5.0,3.0,3.0,1.0,1.0,5.0,5.0,,,1.0,3.0,3.0,3.0,,,,,6.0,1.0,7.0,1.0,7.0,1.0,1.0,7.0,4.0,7.0,40.0,50.0,35.0,60.0,50.0,20.0,25.0,25.0,35.0,45.0,1.0,,7.0,,,,,,,,,,,1.0,1.0,2.0,1.0,1.0,2.0,1.0,2.0,1.0,1.0,2.0,2.0,1.0,1.0,2.0,2.0,2.0,1.0,2.0,2.0,2.0,2.0,2.0,1.0,1.0,2.0,2.0,1.0,2.0,2.0,1.0,1.0,1.0,2.0,2.0,1.0,2.0,1.0,1.0,2.0,1.0,1.0,2.0,1.0,2.0,2.0,,,5.0,,,6.0,10.0,,,10.0,
pid_1359,1.0,,,1.0,,,2.0,7.0,,,1.0,312.0,,70.0,,5.0,1.0,1.0,2.0,3.0,3.0,1.0,1.0,2.0,4.0,4.0,,1.0,,,,,4.0,4.0,3.0,,4.0,1.0,5.0,2.0,6.0,3.0,2.0,3.0,5.0,6.0,33.0,41.0,40.0,62.0,41.0,35.0,40.0,27.0,54.0,80.0,2.0,6.0,,1.0,1.0,2.0,1.0,1.0,1.0,2.0,1.0,1.0,2.0,,,,,,,2.0,1.0,2.0,2.0,2.0,2.0,2.0,2.0,2.0,2.0,1.0,1.0,2.0,1.0,2.0,1.0,1.0,1.0,1.0,1.0,2.0,1.0,1.0,2.0,1.0,2.0,2.0,2.0,2.0,2.0,1.0,2.0,1.0,1.0,2.0,2.0,1.0,2.0,1.0,2.0,,5.0,,,2.0,,15.0,,1.0,,
pid_1360,1.0,,1.0,,,,1.0,27.0,2.0,900.0,,,40.0,,,2.0,2.0,4.0,4.0,4.0,4.0,3.0,2.0,4.0,2.0,4.0,2.0,,,,,,3.0,3.0,4.0,3.0,,2.0,5.0,2.0,3.0,2.0,2.0,5.0,6.0,7.0,42.0,70.0,82.0,58.0,35.0,32.0,25.0,58.0,50.0,75.0,1.0,6.0,,1.0,2.0,1.0,1.0,2.0,1.0,1.0,2.0,1.0,1.0,,,,,,,2.0,1.0,2.0,1.0,1.0,1.0,1.0,2.0,2.0,1.0,2.0,2.0,2.0,2.0,1.0,2.0,1.0,1.0,1.0,2.0,2.0,1.0,1.0,2.0,2.0,1.0,2.0,1.0,2.0,2.0,2.0,2.0,1.0,1.0,1.0,1.0,2.0,1.0,2.0,1.0,4.0,,,5.0,,,20.0,,1.0,,
pid_1361,1.0,,1.0,,,,1.0,54.0,,,1.0,380.0,,30.0,1.0,,4.0,5.0,1.0,1.0,4.0,4.0,5.0,4.0,5.0,5.0,1.0,,,,,,1.0,1.0,1.0,6.0,,1.0,7.0,1.0,4.0,4.0,1.0,6.0,4.0,4.0,100.0,100.0,0.0,0.0,100.0,100.0,100.0,20.0,100.0,100.0,2.0,,6.0,,,,,,,,,,,1.0,2.0,1.0,1.0,2.0,1.0,1.0,1.0,1.0,2.0,2.0,2.0,2.0,2.0,1.0,1.0,2.0,1.0,1.0,1.0,2.0,1.0,1.0,2.0,1.0,2.0,2.0,2.0,2.0,2.0,2.0,1.0,2.0,2.0,2.0,2.0,2.0,2.0,2.0,1.0,2.0,1.0,1.0,2.0,2.0,2.0,4.0,,,6.0,,,10.0,,1.0,,
pid_1362,2.0,,,1.0,,,1.0,40.0,,,2.0,50.0,,70.0,2.0,,5.0,5.0,1.0,1.0,5.0,5.0,5.0,3.0,5.0,5.0,,,1.0,,,,3.0,4.0,4.0,4.0,,1.0,7.0,1.0,2.0,3.0,2.0,5.0,6.0,5.0,75.0,72.0,51.0,37.0,45.0,55.0,49.0,75.0,58.0,97.0,3.0,5.0,,1.0,1.0,1.0,1.0,2.0,1.0,1.0,2.0,2.0,2.0,,,,,,,1.0,1.0,2.0,2.0,1.0,1.0,1.0,2.0,1.0,2.0,1.0,2.0,2.0,1.0,1.0,2.0,1.0,1.0,1.0,2.0,2.0,1.0,1.0,1.0,2.0,2.0,2.0,2.0,2.0,1.0,1.0,1.0,2.0,2.0,1.0,2.0,1.0,1.0,1.0,2.0,,,5.0,,,4.0,5.0,,,,2.0
pid_1363,1.0,,1.0,,2.0,50.0,,,,,1.0,97.0,,76.0,,4.0,4.0,3.0,4.0,4.0,3.0,3.0,4.0,5.0,4.0,5.0,,,4.0,,,,3.0,3.0,4.0,,4.0,1.0,6.0,1.0,3.0,3.0,3.0,5.0,3.0,3.0,47.0,21.0,73.0,69.0,24.0,35.0,43.0,83.0,87.0,100.0,3.0,5.0,,1.0,2.0,1.0,1.0,2.0,1.0,1.0,1.0,1.0,2.0,,,,,,,1.0,2.0,1.0,2.0,2.0,2.0,2.0,1.0,2.0,1.0,1.0,2.0,2.0,2.0,2.0,1.0,2.0,2.0,2.0,2.0,1.0,2.0,2.0,1.0,2.0,2.0,2.0,2.0,1.0,1.0,1.0,2.0,1.0,2.0,1.0,1.0,1.0,2.0,1.0,2.0,,,5.0,,,4.0,,3.0,,,3.0
pid_1364,,1.0,2.0,,,,1.0,30.0,2.0,500.0,,,30.0,,2.0,,5.0,5.0,5.0,5.0,5.0,5.0,5.0,5.0,4.0,4.0,,,4.0,,,,3.0,5.0,4.0,,5.0,1.0,6.0,3.0,5.0,5.0,1.0,5.0,4.0,2.0,91.0,27.0,68.0,79.0,90.0,82.0,71.0,91.0,63.0,74.0,4.0,,5.0,1.0,1.0,1.0,1.0,1.0,1.0,1.0,1.0,1.0,1.0,,,,,,,2.0,2.0,2.0,2.0,2.0,2.0,2.0,1.0,2.0,2.0,2.0,2.0,1.0,1.0,2.0,2.0,2.0,2.0,2.0,2.0,2.0,2.0,2.0,2.0,2.0,1.0,2.0,2.0,2.0,2.0,2.0,2.0,2.0,1.0,2.0,1.0,2.0,2.0,2.0,2.0,,,5.0,,,6.0,15.0,,,,10.0
pid_1365,,1.0,,1.0,,,2.0,5.0,,,1.0,100.0,34.0,,2.0,,4.0,5.0,1.0,4.0,3.0,4.0,4.0,2.0,4.0,5.0,,3.0,,4.0,3.0,2.0,,,,5.0,,1.0,6.0,4.0,2.0,3.0,5.0,6.0,7.0,7.0,40.0,70.0,13.0,41.0,38.0,57.0,70.0,33.0,44.0,53.0,4.0,,4.0,,,,,,,,,,,1.0,1.0,1.0,2.0,1.0,2.0,2.0,1.0,1.0,2.0,2.0,2.0,2.0,1.0,2.0,2.0,1.0,1.0,2.0,2.0,1.0,1.0,1.0,1.0,1.0,1.0,1.0,2.0,1.0,1.0,1.0,2.0,1.0,2.0,1.0,2.0,2.0,2.0,2.0,1.0,1.0,1.0,1.0,2.0,1.0,1.0,,4.0,,,5.0,,10.0,,2.0,,
pid_1366,1.0,,2.0,,,,1.0,22.0,2.0,357.0,,,,70.0,3.0,,1.0,1.0,5.0,4.0,3.0,1.0,1.0,5.0,1.0,3.0,2.0,,,3.0,4.0,3.0,,,,,4.0,1.0,5.0,3.0,6.0,6.0,3.0,3.0,5.0,5.0,45.0,38.0,33.0,35.0,40.0,30.0,47.0,30.0,39.0,43.0,2.0,6.0,,,,,,,,,,,,1.0,1.0,1.0,1.0,1.0,1.0,1.0,2.0,2.0,2.0,1.0,1.0,1.0,2.0,1.0,1.0,2.0,1.0,2.0,2.0,1.0,2.0,1.0,2.0,1.0,1.0,1.0,1.0,2.0,2.0,2.0,2.0,1.0,2.0,2.0,2.0,2.0,2.0,1.0,1.0,1.0,2.0,2.0,2.0,2.0,2.0,3.0,,,4.0,,,,10.0,1.0,,
pid_1367,,2.0,,2.0,2.0,40.0,,,,,1.0,90.0,30.0,,,3.0,5.0,5.0,1.0,4.0,5.0,5.0,4.0,5.0,5.0,4.0,,4.0,,4.0,5.0,3.0,,,,6.0,,2.0,7.0,3.0,3.0,4.0,4.0,5.0,5.0,5.0,45.0,26.0,50.0,59.0,10.0,15.0,25.0,39.0,40.0,26.0,4.0,,5.0,1.0,2.0,1.0,1.0,1.0,1.0,2.0,2.0,2.0,2.0,,,,,,,2.0,1.0,2.0,1.0,2.0,2.0,1.0,2.0,2.0,1.0,1.0,1.0,2.0,1.0,1.0,1.0,2.0,2.0,2.0,1.0,2.0,2.0,1.0,1.0,2.0,2.0,2.0,2.0,1.0,2.0,2.0,2.0,2.0,2.0,2.0,1.0,1.0,1.0,1.0,1.0,,5.0,,,6.0,,,10.0,,9.0,
pid_1368,,2.0,,2.0,2.0,52.0,,,,,1.0,105.0,30.0,,3.0,,3.0,4.0,3.0,3.0,4.0,3.0,5.0,4.0,4.0,4.0,,,4.0,,,,3.0,3.0,3.0,3.0,,1.0,5.0,2.0,3.0,4.0,2.0,5.0,5.0,5.0,50.0,50.0,50.0,60.0,60.0,50.0,70.0,60.0,75.0,75.0,3.0,,6.0,1.0,1.0,1.0,2.0,1.0,1.0,2.0,1.0,1.0,2.0,,,,,,,2.0,1.0,1.0,1.0,1.0,1.0,1.0,2.0,2.0,2.0,1.0,2.0,1.0,1.0,1.0,1.0,2.0,2.0,1.0,1.0,2.0,1.0,1.0,1.0,2.0,1.0,1.0,1.0,1.0,1.0,1.0,1.0,2.0,2.0,2.0,1.0,2.0,1.0,2.0,1.0,,,4.0,,,4.0,,5.0,1.0,,
pid_1369,1.0,,1.0,,,,1.0,13.0,2.0,200.0,,,80.0,,,4.0,4.0,5.0,4.0,4.0,3.0,2.0,4.0,4.0,1.0,2.0,,2.0,,3.0,2.0,2.0,,,,,3.0,1.0,5.0,3.0,6.0,4.0,2.0,5.0,6.0,6.0,43.0,96.0,93.0,60.0,34.0,24.0,44.0,52.0,13.0,70.0,1.0,6.0,,,,,,,,,,,,2.0,2.0,1.0,2.0,1.0,2.0,2.0,2.0,1.0,1.0,2.0,2.0,1.0,1.0,2.0,1.0,2.0,2.0,2.0,1.0,2.0,1.0,1.0,2.0,2.0,1.0,2.0,2.0,2.0,2.0,2.0,1.0,2.0,2.0,1.0,2.0,2.0,2.0,2.0,2.0,1.0,1.0,1.0,1.0,1.0,1.0,,3.0,,,1.0,,,15.0,,,3.0
pid_1370,1.0,,1.0,,2.0,40.0,,,2.0,450.0,,,,66.0,,4.0,4.0,5.0,5.0,2.0,4.0,2.0,5.0,3.0,5.0,4.0,,,1.0,2.0,3.0,2.0,,,,2.0,,1.0,6.0,1.0,4.0,5.0,1.0,5.0,5.0,3.0,75.0,89.0,78.0,56.0,35.0,43.0,27.0,65.0,73.0,20.0,3.0,5.0,,,,,,,,,,,,1.0,2.0,1.0,1.0,1.0,2.0,1.0,1.0,1.0,2.0,2.0,2.0,1.0,2.0,2.0,2.0,2.0,2.0,1.0,1.0,2.0,1.0,1.0,2.0,2.0,2.0,1.0,1.0,1.0,1.0,2.0,2.0,1.0,2.0,2.0,2.0,1.0,1.0,1.0,2.0,1.0,2.0,1.0,2.0,2.0,1.0,,,4.0,,,5.0,20.0,,,8.0,
pid_1371,,2.0,1.0,,2.0,55.0,,,,,1.0,350.0,,85.0,,4.0,2.0,5.0,5.0,5.0,4.0,2.0,4.0,4.0,2.0,5.0,2.0,,,4.0,5.0,2.0,,,,4.0,,1.0,7.0,1.0,1.0,1.0,2.0,5.0,6.0,7.0,60.0,75.0,80.0,65.0,23.0,50.0,40.0,60.0,10.0,92.0,2.0,6.0,,1.0,1.0,1.0,1.0,1.0,1.0,2.0,1.0,1.0,1.0,,,,,,,2.0,2.0,1.0,2.0,2.0,1.0,1.0,2.0,1.0,2.0,1.0,1.0,2.0,1.0,2.0,1.0,2.0,2.0,1.0,1.0,2.0,2.0,1.0,2.0,2.0,1.0,1.0,1.0,1.0,1.0,2.0,1.0,1.0,2.0,1.0,2.0,2.0,1.0,1.0,1.0,5.0,,,6.0,,,,10.0,,5.0,
pid_1372,,2.0,,2.0,2.0,40.0,,,1.0,2000.0,,,,70.0,2.0,,5.0,5.0,5.0,5.0,4.0,5.0,5.0,4.0,5.0,5.0,,1.0,,,,,3.0,1.0,3.0,,3.0,1.0,5.0,2.0,6.0,6.0,5.0,5.0,6.0,7.0,40.0,24.0,62.0,16.0,31.0,42.0,26.0,62.0,29.0,61.0,1.0,5.0,,1.0,2.0,1.0,1.0,2.0,1.0,1.0,2.0,1.0,1.0,,,,,,,1.0,1.0,2.0,2.0,1.0,2.0,2.0,1.0,2.0,1.0,1.0,1.0,2.0,2.0,1.0,2.0,1.0,2.0,2.0,2.0,1.0,1.0,1.0,2.0,2.0,2.0,2.0,2.0,2.0,2.0,1.0,2.0,1.0,2.0,2.0,2.0,1.0,2.0,1.0,2.0,,5.0,,,6.0,,,15.0,,10.0,
pid_1373,,2.0,,2.0,1.0,70.0,,,,,1.0,120.0,,70.0,4.0,,4.0,5.0,2.0,3.0,3.0,4.0,4.0,3.0,4.0,4.0,1.0,,,,,,2.0,2.0,3.0,,5.0,2.0,6.0,2.0,4.0,4.0,2.0,4.0,5.0,5.0,30.0,79.0,70.0,30.0,30.0,20.0,41.0,25.0,5.0,60.0,2.0,5.0,,1.0,1.0,1.0,1.0,1.0,1.0,1.0,1.0,1.0,1.0,,,,,,,2.0,2.0,2.0,1.0,1.0,1.0,2.0,1.0,1.0,1.0,1.0,1.0,1.0,1.0,2.0,2.0,2.0,1.0,2.0,2.0,2.0,1.0,1.0,2.0,2.0,2.0,2.0,1.0,2.0,2.0,1.0,1.0,2.0,1.0,2.0,2.0,2.0,2.0,2.0,2.0,4.0,,,1.0,,,,0.0,,,4.0
pid_1374,1.0,,1.0,,,,1.0,50.0,2.0,375.0,,,,67.0,,5.0,2.0,5.0,4.0,5.0,3.0,4.0,4.0,5.0,4.0,4.0,,,4.0,3.0,4.0,3.0,,,,2.0,,2.0,7.0,5.0,5.0,5.0,2.0,5.0,6.0,5.0,60.0,95.0,58.0,86.0,50.0,69.0,80.0,90.0,55.0,52.0,1.0,6.0,,,,,,,,,,,,1.0,1.0,2.0,1.0,2.0,1.0,2.0,2.0,2.0,2.0,2.0,1.0,1.0,2.0,2.0,2.0,2.0,2.0,1.0,2.0,2.0,2.0,2.0,2.0,2.0,2.0,2.0,1.0,2.0,1.0,2.0,1.0,1.0,2.0,2.0,2.0,2.0,2.0,2.0,1.0,1.0,2.0,1.0,1.0,2.0,2.0,,,1.0,,,2.0,,10.0,,,2.0
pid_1375,,1.0,1.0,,1.0,100.0,,,1.0,1200.0,,,90.0,,,3.0,5.0,5.0,3.0,4.0,5.0,4.0,4.0,5.0,5.0,5.0,1.0,,,3.0,1.0,2.0,,,,6.0,,2.0,6.0,2.0,2.0,3.0,3.0,5.0,6.0,6.0,65.0,60.0,50.0,70.0,35.0,40.0,60.0,80.0,50.0,85.0,3.0,6.0,,,,,,,,,,,,1.0,1.0,2.0,1.0,1.0,2.0,2.0,2.0,2.0,1.0,2.0,2.0,2.0,2.0,2.0,2.0,1.0,1.0,2.0,2.0,2.0,1.0,1.0,2.0,2.0,2.0,1.0,2.0,1.0,1.0,2.0,1.0,2.0,1.0,2.0,2.0,1.0,1.0,1.0,2.0,2.0,1.0,2.0,1.0,2.0,2.0,5.0,,,6.0,,,5.0,,,,3.0
pid_1376,1.0,,1.0,,2.0,2.0,,,2.0,820.0,,,85.0,,2.0,,5.0,5.0,2.0,4.0,5.0,5.0,5.0,4.0,5.0,5.0,,,1.0,4.0,5.0,2.0,,,,,5.0,2.0,7.0,5.0,6.0,2.0,3.0,7.0,7.0,7.0,40.0,100.0,50.0,65.0,20.0,15.0,55.0,60.0,35.0,90.0,4.0,3.0,,1.0,1.0,1.0,1.0,2.0,2.0,1.0,2.0,1.0,2.0,,,,,,,2.0,2.0,1.0,1.0,2.0,2.0,1.0,2.0,2.0,2.0,2.0,1.0,2.0,2.0,2.0,1.0,1.0,2.0,1.0,2.0,2.0,2.0,2.0,2.0,1.0,2.0,2.0,2.0,2.0,1.0,2.0,1.0,2.0,2.0,1.0,1.0,1.0,2.0,2.0,2.0,,,2.0,,,4.0,,0.0,,,2.0
pid_1377,,2.0,,1.0,2.0,10.0,,,2.0,300.0,,,,75.0,,1.0,5.0,5.0,1.0,1.0,5.0,5.0,5.0,5.0,5.0,4.0,1.0,,,3.0,3.0,3.0,,,,,6.0,1.0,6.0,1.0,3.0,2.0,2.0,5.0,5.0,6.0,40.0,56.0,51.0,20.0,25.0,15.0,70.0,70.0,30.0,50.0,4.0,6.0,,1.0,1.0,1.0,1.0,1.0,1.0,1.0,1.0,1.0,1.0,,,,,,,1.0,1.0,2.0,1.0,2.0,2.0,2.0,2.0,1.0,2.0,2.0,2.0,2.0,2.0,2.0,2.0,2.0,2.0,2.0,2.0,1.0,1.0,2.0,2.0,2.0,2.0,1.0,2.0,1.0,2.0,2.0,2.0,1.0,2.0,1.0,1.0,2.0,2.0,2.0,1.0,5.0,,,6.0,,,,20.0,2.0,,
pid_1378,,2.0,1.0,,,,2.0,1.0,,,1.0,100.0,,19.0,,2.0,3.0,5.0,5.0,5.0,4.0,4.0,5.0,5.0,1.0,5.0,1.0,,,3.0,1.0,1.0,,,,4.0,,2.0,6.0,3.0,3.0,3.0,5.0,6.0,6.0,7.0,40.0,88.0,40.0,100.0,65.0,63.0,85.0,90.0,21.0,100.0,1.0,,7.0,1.0,1.0,1.0,2.0,1.0,1.0,1.0,2.0,1.0,1.0,,,,,,,1.0,1.0,1.0,2.0,2.0,1.0,1.0,2.0,1.0,1.0,2.0,1.0,2.0,1.0,1.0,2.0,1.0,1.0,1.0,2.0,1.0,2.0,1.0,1.0,1.0,1.0,1.0,1.0,2.0,1.0,2.0,1.0,1.0,1.0,2.0,1.0,1.0,2.0,1.0,1.0,4.0,,,6.0,,,,20.0,,10.0,
pid_1379,2.0,,2.0,,,,1.0,30.0,2.0,500.0,,,,76.0,,2.0,5.0,5.0,1.0,5.0,5.0,5.0,5.0,5.0,5.0,5.0,,,3.0,3.0,3.0,3.0,,,,,6.0,1.0,5.0,2.0,6.0,5.0,5.0,6.0,5.0,6.0,86.0,82.0,48.0,53.0,63.0,66.0,55.0,52.0,34.0,75.0,4.0,3.0,,1.0,2.0,1.0,1.0,1.0,1.0,2.0,1.0,2.0,1.0,,,,,,,1.0,2.0,2.0,2.0,2.0,1.0,2.0,2.0,1.0,2.0,1.0,2.0,1.0,2.0,2.0,1.0,1.0,2.0,2.0,1.0,2.0,2.0,2.0,1.0,2.0,1.0,1.0,2.0,2.0,2.0,2.0,2.0,2.0,2.0,2.0,2.0,1.0,2.0,2.0,2.0,,,4.0,,,6.0,,10.0,2.0,,
pid_1380,,2.0,1.0,,2.0,48.0,,,2.0,200.0,,,30.0,,,4.0,5.0,5.0,4.0,1.0,5.0,5.0,5.0,5.0,5.0,5.0,,2.0,,,,,3.0,3.0,3.0,,5.0,1.0,7.0,1.0,3.0,6.0,1.0,7.0,5.0,4.0,30.0,84.0,65.0,20.0,46.0,44.0,29.0,65.0,57.0,42.0,2.0,,5.0,1.0,1.0,1.0,1.0,1.0,1.0,1.0,1.0,1.0,1.0,,,,,,,2.0,2.0,1.0,2.0,1.0,2.0,2.0,2.0,1.0,2.0,1.0,2.0,2.0,2.0,2.0,2.0,1.0,2.0,2.0,1.0,2.0,2.0,1.0,2.0,2.0,1.0,1.0,1.0,2.0,1.0,2.0,1.0,2.0,1.0,1.0,2.0,2.0,1.0,2.0,2.0,,5.0,,,6.0,,20.0,,3.0,,
pid_1381,2.0,,,2.0,,,2.0,0.0,1.0,1050.0,,,,70.0,,3.0,1.0,1.0,5.0,1.0,1.0,1.0,1.0,1.0,1.0,1.0,,,1.0,,,,3.0,3.0,3.0,1.0,,1.0,7.0,1.0,4.0,1.0,1.0,7.0,7.0,7.0,25.0,65.0,35.0,40.0,40.0,41.0,41.0,50.0,53.0,65.0,1.0,6.0,,,,,,,,,,,,1.0,1.0,2.0,1.0,1.0,2.0,2.0,2.0,2.0,1.0,2.0,1.0,1.0,2.0,1.0,2.0,2.0,2.0,2.0,2.0,2.0,2.0,2.0,2.0,2.0,2.0,1.0,2.0,2.0,2.0,2.0,2.0,2.0,2.0,1.0,1.0,2.0,2.0,1.0,2.0,2.0,2.0,1.0,2.0,2.0,2.0,,,1.0,,,3.0,15.0,,,10.0,
pid_1382,,2.0,,2.0,2.0,18.0,,,,,1.0,220.0,,90.0,4.0,,1.0,4.0,3.0,4.0,4.0,3.0,5.0,4.0,5.0,5.0,2.0,,,,,,4.0,3.0,5.0,5.0,,2.0,5.0,2.0,5.0,3.0,3.0,5.0,6.0,6.0,21.0,65.0,50.0,55.0,11.0,5.0,67.0,83.0,75.0,95.0,1.0,6.0,,,,,,,,,,,,1.0,2.0,1.0,1.0,1.0,2.0,2.0,2.0,1.0,2.0,2.0,2.0,1.0,2.0,1.0,2.0,2.0,1.0,2.0,1.0,2.0,1.0,1.0,2.0,2.0,2.0,2.0,1.0,1.0,2.0,1.0,2.0,2.0,2.0,2.0,2.0,2.0,2.0,2.0,2.0,1.0,2.0,2.0,1.0,2.0,1.0,5.0,,,2.0,,,,18.0,,,4.0
pid_1383,2.0,,2.0,,,,1.0,21.0,1.0,1800.0,,,30.0,,,1.0,4.0,5.0,1.0,1.0,4.0,4.0,5.0,5.0,5.0,5.0,1.0,,,,,,4.0,4.0,4.0,,3.0,1.0,5.0,2.0,5.0,4.0,3.0,5.0,4.0,3.0,48.0,31.0,42.0,16.0,38.0,66.0,55.0,59.0,33.0,63.0,3.0,,7.0,,,,,,,,,,,2.0,2.0,2.0,2.0,2.0,2.0,2.0,2.0,2.0,1.0,1.0,2.0,2.0,2.0,2.0,1.0,2.0,1.0,1.0,1.0,2.0,2.0,1.0,2.0,2.0,2.0,2.0,2.0,1.0,2.0,2.0,2.0,2.0,1.0,2.0,1.0,2.0,2.0,2.0,2.0,2.0,2.0,2.0,2.0,1.0,1.0,5.0,,,2.0,,,,2.0,1.0,,
pid_1384,2.0,,1.0,,2.0,10.0,,,1.0,1500.0,,,,88.0,3.0,,3.0,5.0,5.0,3.0,3.0,3.0,3.0,4.0,2.0,4.0,3.0,,,2.0,5.0,3.0,,,,,6.0,1.0,6.0,6.0,4.0,4.0,5.0,5.0,6.0,6.0,50.0,65.0,78.0,51.0,50.0,50.0,48.0,50.0,50.0,70.0,2.0,,4.0,1.0,1.0,1.0,1.0,1.0,2.0,1.0,1.0,1.0,2.0,,,,,,,2.0,1.0,1.0,2.0,1.0,2.0,2.0,1.0,2.0,2.0,2.0,1.0,1.0,2.0,2.0,2.0,2.0,1.0,2.0,2.0,2.0,2.0,2.0,1.0,2.0,2.0,1.0,1.0,2.0,2.0,2.0,1.0,2.0,1.0,2.0,2.0,2.0,2.0,2.0,1.0,4.0,,,3.0,,,12.0,,2.0,,
pid_1385,,1.0,1.0,,1.0,69.0,,,,,1.0,100.0,80.0,,,4.0,5.0,5.0,4.0,1.0,5.0,2.0,5.0,5.0,2.0,5.0,,1.0,,4.0,5.0,3.0,,,,,4.0,2.0,7.0,3.0,3.0,2.0,6.0,5.0,5.0,6.0,55.0,90.0,58.0,50.0,60.0,65.0,70.0,75.0,45.0,95.0,1.0,1.0,,1.0,1.0,1.0,2.0,1.0,1.0,2.0,1.0,1.0,2.0,,,,,,,2.0,2.0,2.0,2.0,2.0,2.0,2.0,1.0,2.0,2.0,1.0,2.0,2.0,1.0,2.0,2.0,1.0,1.0,1.0,1.0,2.0,2.0,2.0,2.0,2.0,1.0,2.0,2.0,1.0,2.0,2.0,2.0,1.0,2.0,2.0,2.0,1.0,2.0,2.0,2.0,,5.0,,,6.0,,,18.0,1.0,,
pid_1386,1.0,,2.0,,1.0,50.0,,,,,1.0,350.0,,70.0,,5.0,1.0,4.0,1.0,5.0,5.0,4.0,5.0,5.0,5.0,5.0,,,4.0,,,,3.0,2.0,1.0,4.0,,2.0,7.0,2.0,5.0,2.0,1.0,5.0,6.0,7.0,10.0,62.0,1.0,100.0,80.0,16.0,100.0,88.0,100.0,100.0,3.0,3.0,,2.0,2.0,2.0,2.0,1.0,1.0,1.0,2.0,1.0,2.0,,,,,,,2.0,2.0,2.0,1.0,2.0,2.0,2.0,2.0,2.0,2.0,2.0,2.0,1.0,2.0,1.0,2.0,2.0,2.0,2.0,1.0,1.0,2.0,1.0,1.0,2.0,1.0,2.0,1.0,1.0,1.0,2.0,2.0,2.0,1.0,2.0,1.0,1.0,2.0,1.0,2.0,,,5.0,,,6.0,10.0,,,,10.0
pid_1387,1.0,,,2.0,2.0,37.0,,,1.0,1299.0,,,,81.0,3.0,,4.0,2.0,2.0,4.0,4.0,5.0,4.0,3.0,5.0,4.0,,5.0,,,,,3.0,2.0,5.0,3.0,,2.0,6.0,1.0,2.0,3.0,2.0,5.0,6.0,7.0,43.0,44.0,42.0,74.0,79.0,40.0,85.0,63.0,55.0,75.0,3.0,,5.0,1.0,1.0,1.0,1.0,2.0,2.0,1.0,1.0,2.0,1.0,,,,,,,1.0,1.0,2.0,2.0,1.0,2.0,2.0,2.0,1.0,1.0,2.0,1.0,2.0,1.0,2.0,1.0,1.0,2.0,1.0,2.0,2.0,1.0,1.0,2.0,2.0,1.0,1.0,2.0,1.0,2.0,2.0,1.0,2.0,1.0,2.0,2.0,1.0,1.0,2.0,1.0,,4.0,,,4.0,,14.0,,,10.0,
pid_1388,1.0,,,1.0,2.0,0.0,,,1.0,1100.0,,,80.0,,1.0,,5.0,5.0,5.0,5.0,1.0,5.0,5.0,5.0,5.0,5.0,,,4.0,4.0,4.0,4.0,,,,,1.0,2.0,7.0,7.0,1.0,1.0,1.0,7.0,7.0,7.0,23.0,79.0,35.0,48.0,5.0,3.0,40.0,28.0,66.0,71.0,4.0,6.0,,,,,,,,,,,,1.0,1.0,1.0,1.0,1.0,2.0,1.0,1.0,1.0,1.0,1.0,2.0,1.0,1.0,2.0,2.0,2.0,1.0,1.0,1.0,1.0,1.0,2.0,1.0,2.0,1.0,1.0,2.0,2.0,2.0,2.0,1.0,1.0,1.0,1.0,2.0,1.0,1.0,1.0,1.0,2.0,1.0,1.0,2.0,1.0,2.0,,,5.0,,,6.0,20.0,,,10.0,
pid_1389,1.0,,,1.0,,,2.0,9.0,,,1.0,100.0,,70.0,1.0,,5.0,5.0,3.0,1.0,5.0,5.0,5.0,3.0,5.0,5.0,,1.0,,,,,3.0,3.0,4.0,4.0,,1.0,6.0,1.0,2.0,2.0,5.0,6.0,5.0,7.0,60.0,80.0,30.0,20.0,50.0,60.0,70.0,40.0,60.0,50.0,3.0,,6.0,1.0,1.0,1.0,2.0,1.0,2.0,1.0,1.0,1.0,2.0,,,,,,,1.0,2.0,1.0,2.0,2.0,2.0,1.0,2.0,2.0,2.0,2.0,1.0,2.0,2.0,2.0,1.0,1.0,2.0,2.0,2.0,1.0,2.0,2.0,2.0,2.0,2.0,2.0,1.0,2.0,2.0,2.0,1.0,2.0,2.0,1.0,2.0,1.0,1.0,2.0,1.0,,5.0,,,5.0,,,10.0,,,2.0
pid_1390,1.0,,2.0,,,,1.0,15.0,,,2.0,82.0,,85.0,1.0,,4.0,5.0,2.0,3.0,5.0,5.0,5.0,5.0,5.0,4.0,4.0,,,,,,4.0,3.0,3.0,,3.0,2.0,6.0,2.0,4.0,2.0,1.0,6.0,5.0,6.0,71.0,88.0,50.0,61.0,81.0,75.0,54.0,86.0,64.0,68.0,2.0,,6.0,,,,,,,,,,,1.0,1.0,2.0,1.0,2.0,1.0,2.0,2.0,2.0,2.0,2.0,2.0,1.0,1.0,2.0,2.0,2.0,2.0,2.0,2.0,2.0,2.0,2.0,2.0,1.0,1.0,1.0,2.0,1.0,2.0,2.0,2.0,2.0,2.0,1.0,2.0,2.0,2.0,2.0,2.0,2.0,2.0,2.0,2.0,2.0,2.0,4.0,,,6.0,,,,10.0,,5.0,
pid_1391,1.0,,,2.0,2.0,50.0,,,,,1.0,400.0,28.0,,,4.0,1.0,1.0,2.0,4.0,1.0,1.0,1.0,5.0,1.0,3.0,,,1.0,4.0,4.0,1.0,,,,5.0,,1.0,5.0,3.0,3.0,2.0,2.0,5.0,7.0,7.0,28.0,53.0,24.0,49.0,28.0,30.0,44.0,45.0,33.0,79.0,1.0,,4.0,1.0,1.0,1.0,1.0,1.0,1.0,1.0,1.0,1.0,1.0,,,,,,,1.0,2.0,2.0,2.0,2.0,2.0,1.0,2.0,2.0,2.0,2.0,2.0,2.0,2.0,2.0,2.0,2.0,2.0,1.0,2.0,1.0,2.0,2.0,1.0,2.0,1.0,2.0,2.0,2.0,2.0,2.0,2.0,1.0,2.0,2.0,2.0,2.0,1.0,2.0,2.0,,,5.0,,,5.0,15.0,,1.0,,
pid_1392,2.0,,1.0,,,,1.0,22.0,1.0,1200.0,,,81.0,,2.0,,2.0,4.0,4.0,3.0,3.0,2.0,2.0,4.0,3.0,3.0,4.0,,,,,,2.0,2.0,2.0,5.0,,2.0,6.0,2.0,4.0,5.0,5.0,6.0,6.0,5.0,51.0,99.0,80.0,50.0,30.0,7.0,64.0,88.0,54.0,53.0,3.0,4.0,,,,,,,,,,,,1.0,1.0,1.0,1.0,1.0,1.0,2.0,2.0,2.0,2.0,1.0,1.0,1.0,2.0,2.0,1.0,2.0,2.0,2.0,2.0,2.0,2.0,2.0,2.0,2.0,2.0,1.0,2.0,2.0,1.0,2.0,2.0,1.0,2.0,2.0,2.0,2.0,2.0,2.0,2.0,2.0,1.0,2.0,2.0,2.0,1.0,5.0,,,6.0,,,10.0,,,,6.0
pid_1393,1.0,,,2.0,,,1.0,193.0,,,1.0,379.0,70.0,,2.0,,5.0,3.0,4.0,4.0,5.0,5.0,4.0,4.0,3.0,3.0,2.0,,,5.0,5.0,5.0,,,,,4.0,2.0,7.0,6.0,5.0,6.0,6.0,7.0,6.0,5.0,70.0,50.0,70.0,80.0,70.0,75.0,75.0,75.0,75.0,50.0,3.0,6.0,,,,,,,,,,,,1.0,1.0,1.0,1.0,1.0,1.0,1.0,1.0,2.0,1.0,1.0,2.0,2.0,1.0,1.0,2.0,2.0,2.0,2.0,1.0,1.0,1.0,2.0,1.0,2.0,1.0,1.0,1.0,1.0,2.0,1.0,2.0,2.0,1.0,1.0,2.0,2.0,1.0,2.0,1.0,1.0,1.0,2.0,2.0,2.0,1.0,4.0,,,3.0,,,,14.0,,10.0,
pid_1394,1.0,,,2.0,,,1.0,35.0,,,1.0,356.0,30.0,,4.0,,3.0,3.0,5.0,5.0,2.0,2.0,3.0,4.0,1.0,4.0,4.0,,,,,,4.0,5.0,3.0,3.0,,1.0,6.0,3.0,4.0,5.0,1.0,5.0,4.0,5.0,50.0,69.0,63.0,54.0,32.0,27.0,38.0,65.0,29.0,82.0,1.0,,6.0,1.0,1.0,1.0,1.0,1.0,1.0,1.0,1.0,1.0,1.0,,,,,,,2.0,1.0,2.0,1.0,2.0,1.0,1.0,2.0,2.0,2.0,2.0,1.0,2.0,2.0,2.0,2.0,2.0,2.0,2.0,2.0,2.0,2.0,1.0,2.0,1.0,2.0,1.0,2.0,2.0,1.0,2.0,1.0,2.0,2.0,1.0,2.0,2.0,1.0,1.0,2.0,2.0,,,1.0,,,15.0,,,,3.0
pid_1396,,2.0,1.0,,,,2.0,10.0,1.0,1500.0,,,,100.0,3.0,,3.0,3.0,3.0,3.0,3.0,3.0,3.0,3.0,3.0,3.0,,3.0,,,,,3.0,3.0,3.0,3.0,,2.0,4.0,4.0,4.0,4.0,4.0,4.0,4.0,4.0,50.0,50.0,50.0,50.0,50.0,50.0,30.0,30.0,37.0,50.0,2.0,,6.0,,,,,,,,,,,1.0,1.0,1.0,1.0,1.0,1.0,2.0,2.0,2.0,2.0,2.0,2.0,2.0,2.0,2.0,2.0,2.0,2.0,2.0,2.0,2.0,2.0,2.0,2.0,2.0,2.0,2.0,2.0,2.0,2.0,2.0,2.0,2.0,2.0,2.0,2.0,2.0,2.0,2.0,2.0,2.0,2.0,2.0,2.0,2.0,2.0,,3.0,,,3.0,,11.0,,,,1.0
pid_1397,2.0,,,2.0,2.0,40.0,,,,,1.0,95.0,,100.0,2.0,,4.0,5.0,3.0,2.0,4.0,4.0,4.0,4.0,5.0,4.0,,1.0,,,,,3.0,3.0,3.0,4.0,,1.0,5.0,1.0,3.0,3.0,2.0,6.0,6.0,5.0,91.0,98.0,77.0,36.0,73.0,93.0,92.0,83.0,73.0,81.0,1.0,,7.0,,,,,,,,,,,1.0,1.0,2.0,1.0,1.0,2.0,2.0,2.0,2.0,2.0,2.0,2.0,1.0,2.0,2.0,2.0,2.0,2.0,2.0,2.0,2.0,2.0,2.0,2.0,1.0,2.0,2.0,2.0,1.0,1.0,2.0,2.0,2.0,2.0,2.0,2.0,1.0,2.0,2.0,1.0,2.0,1.0,2.0,2.0,2.0,1.0,,2.0,,,2.0,,,15.0,,8.0,
pid_1398,,2.0,,1.0,,,2.0,6.0,,,1.0,102.0,47.0,,,3.0,4.0,5.0,4.0,3.0,3.0,3.0,3.0,3.0,1.0,3.0,1.0,,,4.0,3.0,2.0,,,,,6.0,1.0,5.0,4.0,2.0,3.0,3.0,5.0,6.0,5.0,34.0,26.0,6.0,8.0,9.0,12.0,22.0,14.0,55.0,72.0,2.0,2.0,,1.0,1.0,2.0,1.0,1.0,2.0,1.0,1.0,2.0,2.0,,,,,,,2.0,2.0,2.0,2.0,2.0,2.0,1.0,2.0,2.0,2.0,1.0,2.0,2.0,2.0,2.0,2.0,1.0,1.0,1.0,1.0,2.0,2.0,2.0,2.0,2.0,2.0,2.0,2.0,1.0,1.0,2.0,1.0,2.0,1.0,2.0,2.0,2.0,2.0,2.0,2.0,3.0,,,2.0,,,,14.0,,,2.0
pid_1399,1.0,,1.0,,2.0,50.0,,,,,1.0,90.0,41.0,,,4.0,4.0,5.0,5.0,4.0,5.0,4.0,4.0,5.0,1.0,5.0,,1.0,,4.0,1.0,1.0,,,,,5.0,2.0,4.0,5.0,5.0,6.0,4.0,3.0,6.0,5.0,81.0,100.0,100.0,90.0,80.0,70.0,90.0,80.0,5.0,100.0,4.0,,4.0,,,,,,,,,,,1.0,1.0,2.0,2.0,1.0,1.0,2.0,2.0,1.0,2.0,2.0,1.0,1.0,2.0,2.0,1.0,2.0,1.0,2.0,2.0,2.0,2.0,1.0,2.0,2.0,2.0,1.0,2.0,2.0,1.0,2.0,1.0,2.0,2.0,2.0,2.0,2.0,2.0,2.0,2.0,2.0,1.0,2.0,2.0,2.0,2.0,,4.0,,,2.0,,10.0,,,4.0,
pid_1400,2.0,,,1.0,2.0,54.0,,,,,1.0,87.0,,90.0,5.0,,4.0,5.0,1.0,3.0,4.0,5.0,5.0,4.0,5.0,5.0,,4.0,,,,,4.0,5.0,5.0,,4.0,1.0,6.0,3.0,3.0,4.0,5.0,6.0,5.0,5.0,40.0,56.0,73.0,47.0,35.0,36.0,40.0,40.0,40.0,44.0,3.0,,2.0,1.0,1.0,1.0,2.0,1.0,1.0,1.0,1.0,2.0,2.0,,,,,,,1.0,1.0,1.0,1.0,1.0,1.0,1.0,1.0,2.0,2.0,2.0,1.0,1.0,1.0,1.0,2.0,1.0,1.0,1.0,1.0,1.0,2.0,1.0,1.0,1.0,1.0,1.0,1.0,1.0,1.0,1.0,1.0,1.0,1.0,2.0,1.0,1.0,1.0,1.0,1.0,,4.0,,,2.0,,17.0,,,,3.0
pid_1401,,1.0,1.0,,1.0,54.0,,,2.0,380.0,,,,10.0,3.0,,1.0,5.0,5.0,3.0,3.0,3.0,3.0,5.0,4.0,5.0,,,3.0,,,,3.0,5.0,5.0,,4.0,2.0,7.0,4.0,5.0,5.0,3.0,5.0,5.0,5.0,45.0,60.0,85.0,45.0,10.0,15.0,25.0,30.0,40.0,65.0,2.0,2.0,,,,,,,,,,,,1.0,1.0,2.0,1.0,2.0,1.0,2.0,2.0,2.0,1.0,2.0,1.0,2.0,2.0,1.0,2.0,1.0,2.0,1.0,2.0,1.0,1.0,2.0,1.0,2.0,2.0,2.0,1.0,2.0,2.0,2.0,1.0,2.0,2.0,2.0,1.0,2.0,2.0,2.0,1.0,1.0,1.0,1.0,1.0,2.0,2.0,,,5.0,,,4.0,,15.0,,,2.0
pid_1402,,1.0,,1.0,2.0,38.0,,,2.0,700.0,,,82.0,,2.0,,1.0,1.0,1.0,4.0,3.0,1.0,1.0,1.0,5.0,1.0,3.0,,,,,,3.0,5.0,3.0,2.0,,2.0,6.0,5.0,7.0,7.0,5.0,5.0,2.0,2.0,29.0,16.0,37.0,41.0,37.0,23.0,22.0,45.0,40.0,37.0,3.0,6.0,,,,,,,,,,,,1.0,1.0,1.0,1.0,1.0,1.0,2.0,1.0,2.0,2.0,1.0,2.0,1.0,1.0,1.0,2.0,1.0,2.0,2.0,1.0,1.0,2.0,1.0,2.0,1.0,1.0,1.0,1.0,2.0,2.0,1.0,2.0,2.0,1.0,1.0,2.0,2.0,2.0,2.0,1.0,2.0,1.0,1.0,2.0,2.0,2.0,1.0,,,2.0,,,5.0,,,2.0,
pid_1403,1.0,,,2.0,2.0,50.0,,,2.0,300.0,,,,80.0,3.0,,4.0,5.0,5.0,1.0,4.0,5.0,5.0,3.0,1.0,5.0,,1.0,,,,,3.0,2.0,6.0,,5.0,1.0,6.0,4.0,1.0,5.0,1.0,5.0,7.0,4.0,50.0,95.0,60.0,10.0,35.0,50.0,80.0,25.0,10.0,98.0,3.0,3.0,,1.0,2.0,1.0,1.0,1.0,1.0,1.0,1.0,2.0,2.0,,,,,,,2.0,2.0,2.0,1.0,2.0,2.0,1.0,2.0,2.0,1.0,2.0,1.0,1.0,2.0,2.0,2.0,1.0,1.0,1.0,1.0,2.0,1.0,2.0,2.0,1.0,1.0,1.0,2.0,2.0,1.0,1.0,1.0,2.0,1.0,1.0,1.0,1.0,2.0,1.0,2.0,,5.0,,,5.0,,10.0,,,,3.0
pid_1404,,1.0,,2.0,2.0,45.0,,,,,1.0,120.0,,59.0,3.0,,2.0,3.0,3.0,4.0,4.0,3.0,3.0,4.0,3.0,3.0,2.0,,,3.0,4.0,3.0,,,,,3.0,1.0,6.0,4.0,5.0,5.0,3.0,6.0,5.0,5.0,61.0,70.0,54.0,55.0,64.0,61.0,51.0,58.0,39.0,59.0,1.0,6.0,,,,,,,,,,,,1.0,1.0,1.0,1.0,1.0,1.0,1.0,2.0,1.0,2.0,2.0,2.0,2.0,2.0,2.0,1.0,2.0,2.0,2.0,1.0,2.0,2.0,2.0,2.0,1.0,1.0,1.0,2.0,2.0,1.0,1.0,2.0,2.0,2.0,1.0,2.0,2.0,1.0,2.0,1.0,2.0,1.0,1.0,2.0,2.0,1.0,4.0,,,4.0,,,,15.0,,6.0,
pid_1405,,2.0,2.0,,,,2.0,5.0,,,1.0,120.0,,81.0,,5.0,4.0,5.0,1.0,4.0,4.0,4.0,4.0,4.0,5.0,4.0,2.0,,,3.0,2.0,3.0,,,,,5.0,2.0,5.0,5.0,5.0,2.0,3.0,5.0,5.0,7.0,55.0,79.0,36.0,84.0,64.0,48.0,71.0,77.0,73.0,89.0,3.0,6.0,,,,,,,,,,,,1.0,1.0,2.0,1.0,1.0,2.0,1.0,1.0,1.0,1.0,1.0,2.0,1.0,2.0,2.0,1.0,1.0,1.0,1.0,1.0,2.0,2.0,1.0,1.0,1.0,1.0,1.0,1.0,2.0,2.0,2.0,1.0,1.0,1.0,2.0,2.0,1.0,2.0,1.0,1.0,1.0,2.0,2.0,1.0,1.0,1.0,4.0,,,5.0,,,15.0,,,6.0,
pid_1406,1.0,,,1.0,,,1.0,30.0,,,1.0,150.0,45.0,,2.0,,5.0,5.0,3.0,1.0,3.0,5.0,5.0,4.0,5.0,2.0,5.0,,,3.0,3.0,3.0,,,,6.0,,1.0,7.0,2.0,7.0,3.0,2.0,5.0,3.0,4.0,65.0,75.0,55.0,20.0,35.0,40.0,50.0,25.0,30.0,35.0,4.0,3.0,,1.0,1.0,1.0,1.0,1.0,1.0,1.0,1.0,1.0,1.0,,,,,,,2.0,2.0,2.0,2.0,2.0,2.0,2.0,2.0,1.0,2.0,2.0,1.0,1.0,2.0,2.0,2.0,2.0,2.0,2.0,2.0,1.0,2.0,2.0,2.0,2.0,2.0,2.0,2.0,2.0,2.0,2.0,2.0,2.0,2.0,2.0,2.0,2.0,2.0,2.0,2.0,5.0,,,6.0,,,20.0,,,,5.0
pid_1407,2.0,,,1.0,2.0,42.0,,,,,1.0,145.0,,94.0,6.0,,4.0,5.0,3.0,2.0,3.0,4.0,5.0,5.0,5.0,5.0,1.0,,,4.0,1.0,1.0,,,,2.0,,1.0,6.0,2.0,6.0,6.0,5.0,6.0,5.0,5.0,40.0,70.0,67.0,64.0,30.0,46.0,43.0,74.0,52.0,58.0,3.0,,6.0,1.0,1.0,2.0,1.0,1.0,1.0,2.0,1.0,2.0,1.0,,,,,,,2.0,2.0,1.0,1.0,2.0,2.0,2.0,2.0,2.0,1.0,2.0,1.0,2.0,1.0,2.0,1.0,2.0,2.0,1.0,2.0,1.0,1.0,2.0,2.0,2.0,2.0,1.0,1.0,2.0,1.0,1.0,2.0,1.0,2.0,1.0,2.0,2.0,2.0,2.0,2.0,4.0,,,5.0,,,,10.0,2.0,,
pid_1408,,2.0,,2.0,,,1.0,15.0,,,1.0,700.0,80.0,,2.0,,5.0,5.0,1.0,5.0,4.0,5.0,5.0,5.0,5.0,5.0,,4.0,,,,,4.0,5.0,3.0,,6.0,1.0,5.0,6.0,2.0,3.0,2.0,5.0,7.0,6.0,45.0,47.0,40.0,60.0,30.0,43.0,47.0,52.0,48.0,41.0,3.0,,6.0,1.0,1.0,1.0,1.0,1.0,1.0,1.0,1.0,1.0,1.0,,,,,,,2.0,2.0,1.0,1.0,2.0,1.0,2.0,2.0,2.0,2.0,1.0,1.0,1.0,2.0,2.0,2.0,2.0,2.0,1.0,2.0,2.0,2.0,1.0,1.0,2.0,1.0,1.0,1.0,1.0,2.0,2.0,1.0,1.0,2.0,1.0,1.0,1.0,2.0,2.0,1.0,,5.0,,,5.0,,20.0,,,9.0,
pid_1409,,2.0,1.0,,1.0,71.0,,,2.0,789.0,,,,90.0,1.0,,5.0,5.0,1.0,1.0,5.0,5.0,5.0,4.0,5.0,5.0,,,5.0,2.0,3.0,2.0,,,,5.0,,1.0,7.0,2.0,2.0,4.0,1.0,6.0,5.0,5.0,15.0,15.0,60.0,40.0,11.0,15.0,20.0,11.0,8.0,20.0,4.0,,6.0,,,,,,,,,,,1.0,1.0,1.0,1.0,2.0,1.0,2.0,2.0,2.0,2.0,2.0,2.0,2.0,2.0,2.0,2.0,2.0,2.0,2.0,2.0,1.0,2.0,1.0,2.0,2.0,2.0,2.0,1.0,2.0,2.0,2.0,2.0,1.0,2.0,2.0,2.0,2.0,2.0,2.0,2.0,2.0,2.0,2.0,2.0,2.0,2.0,,,5.0,,,6.0,20.0,,,,4.0
pid_1411,,2.0,1.0,,,,1.0,24.0,1.0,2500.0,,,,83.0,,5.0,5.0,5.0,3.0,2.0,5.0,5.0,5.0,5.0,5.0,5.0,,,1.0,3.0,3.0,2.0,,,,5.0,,2.0,5.0,1.0,3.0,3.0,2.0,5.0,6.0,6.0,100.0,100.0,28.0,31.0,100.0,100.0,100.0,8.0,100.0,100.0,3.0,6.0,,1.0,1.0,1.0,2.0,1.0,1.0,1.0,1.0,2.0,1.0,,,,,,,2.0,2.0,2.0,2.0,1.0,2.0,1.0,1.0,2.0,2.0,1.0,2.0,2.0,2.0,2.0,2.0,2.0,1.0,2.0,2.0,2.0,2.0,2.0,2.0,2.0,1.0,2.0,2.0,1.0,1.0,1.0,2.0,2.0,2.0,2.0,2.0,2.0,1.0,1.0,2.0,,,5.0,,,6.0,,15.0,2.0,,
pid_1412,,2.0,2.0,,2.0,45.0,,,,,1.0,200.0,,60.0,,4.0,5.0,5.0,1.0,2.0,3.0,5.0,5.0,5.0,5.0,5.0,,3.0,,,,,3.0,2.0,3.0,5.0,,2.0,7.0,2.0,3.0,3.0,2.0,5.0,6.0,6.0,50.0,62.0,50.0,50.0,46.0,50.0,45.0,56.0,57.0,76.0,3.0,6.0,,1.0,1.0,1.0,1.0,1.0,1.0,1.0,1.0,1.0,1.0,,,,,,,2.0,2.0,2.0,2.0,1.0,2.0,2.0,2.0,2.0,2.0,2.0,2.0,2.0,1.0,2.0,2.0,2.0,2.0,1.0,2.0,2.0,2.0,2.0,2.0,1.0,2.0,2.0,1.0,1.0,2.0,2.0,1.0,2.0,1.0,2.0,2.0,2.0,2.0,1.0,2.0,,5.0,,,6.0,,,13.0,,,6.0
pid_1413,2.0,,,2.0,2.0,0.0,,,,,1.0,120.0,30.0,,1.0,,1.0,4.0,5.0,3.0,1.0,4.0,4.0,4.0,3.0,3.0,,4.0,,,,,2.0,5.0,2.0,,3.0,1.0,7.0,2.0,4.0,6.0,1.0,5.0,4.0,2.0,10.0,70.0,51.0,48.0,15.0,55.0,53.0,61.0,60.0,65.0,3.0,5.0,,1.0,2.0,1.0,1.0,2.0,2.0,2.0,2.0,2.0,2.0,,,,,,,2.0,2.0,2.0,2.0,2.0,1.0,2.0,1.0,2.0,2.0,1.0,2.0,1.0,2.0,2.0,1.0,2.0,1.0,2.0,1.0,2.0,2.0,1.0,1.0,2.0,2.0,2.0,2.0,1.0,1.0,2.0,2.0,2.0,1.0,1.0,1.0,2.0,2.0,2.0,1.0,,5.0,,,6.0,,20.0,,,,1.0
pid_1414,1.0,,,2.0,,,2.0,8.0,1.0,1200.0,,,,70.0,2.0,,4.0,2.0,5.0,4.0,2.0,2.0,1.0,4.0,3.0,4.0,4.0,,,3.0,3.0,3.0,,,,4.0,,2.0,6.0,5.0,5.0,5.0,2.0,3.0,5.0,5.0,30.0,40.0,80.0,80.0,30.0,35.0,25.0,60.0,25.0,80.0,3.0,6.0,,,,,,,,,,,,1.0,1.0,1.0,1.0,2.0,2.0,2.0,2.0,1.0,2.0,2.0,2.0,2.0,2.0,2.0,1.0,2.0,1.0,1.0,1.0,2.0,2.0,1.0,2.0,2.0,2.0,2.0,2.0,2.0,2.0,1.0,2.0,2.0,2.0,2.0,2.0,2.0,2.0,2.0,2.0,2.0,2.0,2.0,1.0,2.0,2.0,4.0,,,3.0,,,,5.0,,7.0,
pid_1415,,2.0,,2.0,2.0,50.0,,,2.0,300.0,,,50.0,,,6.0,2.0,1.0,5.0,3.0,3.0,4.0,5.0,3.0,2.0,4.0,,,2.0,6.0,5.0,1.0,,,,,4.0,1.0,6.0,2.0,4.0,4.0,2.0,6.0,4.0,4.0,50.0,40.0,58.0,50.0,50.0,100.0,90.0,70.0,50.0,80.0,1.0,4.0,,,,,,,,,,,,1.0,1.0,1.0,1.0,1.0,1.0,2.0,1.0,2.0,1.0,2.0,2.0,1.0,2.0,2.0,2.0,1.0,2.0,1.0,1.0,2.0,2.0,2.0,2.0,2.0,2.0,2.0,1.0,1.0,1.0,1.0,2.0,2.0,2.0,2.0,2.0,1.0,2.0,2.0,1.0,2.0,2.0,1.0,2.0,2.0,1.0,,,5.0,,,6.0,,20.0,1.0,,
pid_1416,1.0,,2.0,,2.0,22.0,,,1.0,1000.0,,,,100.0,6.0,,1.0,1.0,5.0,1.0,1.0,1.0,1.0,1.0,1.0,1.0,4.0,,,,,,6.0,6.0,6.0,1.0,,1.0,7.0,1.0,1.0,1.0,5.0,6.0,7.0,7.0,25.0,69.0,53.0,32.0,35.0,30.0,63.0,54.0,43.0,47.0,1.0,6.0,,,,,,,,,,,,1.0,1.0,1.0,1.0,1.0,1.0,1.0,2.0,1.0,2.0,2.0,2.0,1.0,1.0,1.0,1.0,1.0,2.0,2.0,2.0,1.0,2.0,2.0,2.0,2.0,2.0,2.0,1.0,2.0,2.0,2.0,2.0,2.0,2.0,2.0,1.0,2.0,2.0,2.0,2.0,2.0,2.0,2.0,1.0,2.0,1.0,1.0,,,6.0,,,18.0,,,9.0,
pid_1417,,1.0,1.0,,2.0,10.0,,,2.0,300.0,,,67.0,,,4.0,3.0,5.0,2.0,4.0,3.0,3.0,3.0,3.0,5.0,5.0,,,2.0,1.0,2.0,1.0,,,,4.0,,1.0,7.0,3.0,2.0,2.0,5.0,6.0,6.0,6.0,52.0,100.0,22.0,67.0,66.0,72.0,49.0,53.0,78.0,86.0,2.0,3.0,,,,,,,,,,,,1.0,1.0,1.0,1.0,1.0,1.0,1.0,2.0,1.0,1.0,2.0,2.0,1.0,1.0,1.0,2.0,2.0,2.0,2.0,1.0,1.0,1.0,2.0,2.0,2.0,1.0,1.0,1.0,1.0,2.0,2.0,1.0,1.0,2.0,2.0,2.0,1.0,1.0,1.0,1.0,1.0,1.0,2.0,1.0,2.0,2.0,,,5.0,,,6.0,,20.0,2.0,,
pid_1418,1.0,,2.0,,,,1.0,16.0,,,1.0,300.0,70.0,,1.0,,4.0,5.0,4.0,5.0,3.0,4.0,5.0,5.0,2.0,5.0,,1.0,,,,,4.0,4.0,3.0,,4.0,1.0,6.0,5.0,5.0,5.0,2.0,5.0,6.0,6.0,67.0,86.0,70.0,77.0,60.0,57.0,39.0,48.0,39.0,76.0,2.0,3.0,,1.0,1.0,1.0,2.0,1.0,1.0,1.0,1.0,1.0,2.0,,,,,,,2.0,2.0,1.0,2.0,1.0,1.0,2.0,1.0,2.0,2.0,2.0,2.0,2.0,2.0,1.0,1.0,2.0,1.0,2.0,2.0,1.0,1.0,1.0,2.0,2.0,2.0,2.0,1.0,2.0,1.0,2.0,2.0,2.0,2.0,2.0,2.0,2.0,2.0,1.0,2.0,,5.0,,,6.0,,,12.0,2.0,,
pid_1419,,2.0,,1.0,1.0,80.0,,,,,1.0,145.0,30.0,,,2.0,5.0,5.0,1.0,3.0,5.0,5.0,5.0,3.0,5.0,5.0,,4.0,,4.0,3.0,1.0,,,,,6.0,1.0,7.0,2.0,3.0,6.0,2.0,6.0,7.0,5.0,40.0,62.0,44.0,59.0,34.0,36.0,29.0,62.0,45.0,63.0,2.0,,5.0,,,,,,,,,,,1.0,1.0,2.0,1.0,2.0,1.0,1.0,2.0,2.0,1.0,2.0,2.0,1.0,2.0,1.0,2.0,1.0,2.0,2.0,2.0,2.0,1.0,2.0,2.0,1.0,2.0,2.0,2.0,2.0,2.0,1.0,2.0,1.0,1.0,2.0,1.0,1.0,2.0,2.0,2.0,2.0,2.0,2.0,2.0,2.0,1.0,,5.0,,,5.0,,15.0,,,,2.0
pid_1420,,2.0,,2.0,2.0,35.0,,,2.0,400.0,,,82.0,,2.0,,3.0,4.0,3.0,4.0,3.0,4.0,3.0,4.0,4.0,4.0,,,1.0,,,,2.0,2.0,2.0,,3.0,1.0,5.0,2.0,3.0,3.0,1.0,3.0,5.0,5.0,41.0,84.0,54.0,61.0,40.0,58.0,63.0,57.0,54.0,77.0,3.0,,6.0,,,,,,,,,,,1.0,1.0,2.0,1.0,1.0,2.0,2.0,2.0,2.0,2.0,2.0,2.0,1.0,2.0,2.0,2.0,1.0,2.0,2.0,2.0,2.0,2.0,2.0,2.0,2.0,1.0,2.0,2.0,1.0,2.0,2.0,2.0,1.0,2.0,2.0,2.0,1.0,2.0,2.0,1.0,2.0,2.0,1.0,1.0,1.0,2.0,,,5.0,,,4.0,15.0,,3.0,,
pid_1421,1.0,,,2.0,,,1.0,45.0,,,1.0,300.0,,76.0,5.0,,1.0,2.0,4.0,5.0,3.0,4.0,3.0,5.0,4.0,3.0,,,3.0,5.0,4.0,2.0,,,,4.0,,2.0,5.0,3.0,6.0,7.0,4.0,5.0,6.0,7.0,65.0,80.0,55.0,77.0,40.0,27.0,41.0,70.0,50.0,60.0,3.0,6.0,,,,,,,,,,,,1.0,1.0,2.0,1.0,2.0,2.0,1.0,2.0,2.0,1.0,1.0,2.0,1.0,1.0,2.0,2.0,1.0,2.0,2.0,1.0,1.0,2.0,2.0,1.0,2.0,2.0,2.0,1.0,2.0,1.0,2.0,2.0,1.0,1.0,2.0,2.0,2.0,2.0,2.0,2.0,2.0,1.0,2.0,2.0,2.0,2.0,,,4.0,,,5.0,,5.0,,6.0,
pid_1422,,1.0,,1.0,1.0,50.0,,,1.0,1200.0,,,,82.0,,1.0,5.0,5.0,2.0,2.0,5.0,5.0,4.0,4.0,5.0,5.0,,4.0,,,,,4.0,1.0,3.0,,5.0,2.0,6.0,2.0,1.0,1.0,2.0,6.0,7.0,7.0,72.0,91.0,44.0,27.0,60.0,46.0,83.0,82.0,62.0,81.0,3.0,5.0,,,,,,,,,,,,2.0,2.0,1.0,2.0,2.0,1.0,2.0,2.0,2.0,2.0,2.0,2.0,2.0,2.0,2.0,2.0,2.0,2.0,1.0,2.0,1.0,2.0,2.0,2.0,2.0,2.0,1.0,2.0,2.0,2.0,2.0,2.0,1.0,2.0,2.0,1.0,2.0,1.0,2.0,2.0,2.0,2.0,2.0,1.0,2.0,2.0,,3.0,,,4.0,,,15.0,1.0,,
pid_1423,,1.0,2.0,,1.0,75.0,,,2.0,400.0,,,,70.0,2.0,,4.0,2.0,4.0,4.0,5.0,4.0,3.0,4.0,5.0,3.0,,2.0,,5.0,1.0,3.0,,,,3.0,,1.0,6.0,2.0,2.0,1.0,3.0,7.0,7.0,7.0,60.0,10.0,10.0,70.0,50.0,56.0,31.0,61.0,40.0,30.0,1.0,6.0,,,,,,,,,,,,1.0,1.0,2.0,1.0,2.0,1.0,2.0,2.0,1.0,2.0,2.0,2.0,2.0,1.0,1.0,1.0,1.0,1.0,2.0,1.0,2.0,1.0,2.0,2.0,1.0,2.0,1.0,2.0,1.0,2.0,1.0,1.0,2.0,2.0,1.0,1.0,1.0,2.0,1.0,2.0,1.0,1.0,1.0,2.0,1.0,2.0,,5.0,,,5.0,,,2.0,1.0,,
pid_1424,1.0,,2.0,,,,1.0,16.0,,,1.0,165.0,,51.0,,5.0,4.0,4.0,5.0,5.0,5.0,4.0,4.0,5.0,5.0,4.0,,2.0,,,,,3.0,3.0,5.0,,4.0,1.0,7.0,2.0,3.0,3.0,2.0,7.0,7.0,7.0,82.0,75.0,65.0,53.0,73.0,75.0,30.0,46.0,40.0,70.0,1.0,,6.0,2.0,1.0,2.0,2.0,2.0,1.0,1.0,1.0,1.0,1.0,,,,,,,1.0,1.0,1.0,2.0,2.0,1.0,2.0,2.0,2.0,2.0,1.0,2.0,1.0,2.0,1.0,2.0,2.0,2.0,2.0,1.0,2.0,1.0,1.0,2.0,2.0,1.0,2.0,1.0,2.0,2.0,2.0,2.0,2.0,2.0,2.0,2.0,2.0,2.0,2.0,1.0,,4.0,,,4.0,,,8.0,2.0,,
pid_1425,,2.0,1.0,,,,1.0,52.0,,,1.0,500.0,35.0,,3.0,,5.0,5.0,1.0,3.0,5.0,5.0,5.0,5.0,5.0,4.0,2.0,,,3.0,3.0,2.0,,,,5.0,,2.0,7.0,2.0,2.0,2.0,1.0,6.0,6.0,7.0,64.0,85.0,35.0,36.0,61.0,61.0,64.0,65.0,60.0,52.0,2.0,,6.0,1.0,2.0,1.0,1.0,1.0,1.0,1.0,1.0,1.0,2.0,,,,,,,2.0,2.0,2.0,2.0,1.0,2.0,2.0,2.0,2.0,2.0,2.0,2.0,2.0,2.0,2.0,2.0,2.0,1.0,2.0,2.0,1.0,2.0,2.0,2.0,2.0,2.0,2.0,2.0,2.0,1.0,2.0,2.0,2.0,2.0,2.0,2.0,2.0,2.0,2.0,2.0,5.0,,,6.0,,,10.0,,1.0,,
pid_1426,,2.0,,2.0,2.0,24.0,,,2.0,767.0,,,30.0,,2.0,,3.0,4.0,3.0,3.0,3.0,3.0,3.0,3.0,3.0,3.0,2.0,,,3.0,3.0,2.0,,,,3.0,,1.0,5.0,3.0,6.0,7.0,2.0,5.0,7.0,6.0,25.0,60.0,45.0,40.0,45.0,55.0,33.0,60.0,20.0,65.0,3.0,6.0,,1.0,1.0,1.0,1.0,1.0,1.0,1.0,1.0,1.0,1.0,,,,,,,2.0,2.0,2.0,1.0,1.0,1.0,2.0,2.0,1.0,2.0,1.0,1.0,1.0,2.0,2.0,2.0,2.0,1.0,2.0,1.0,2.0,2.0,2.0,2.0,2.0,1.0,2.0,2.0,2.0,2.0,2.0,1.0,1.0,2.0,2.0,2.0,2.0,2.0,2.0,1.0,4.0,,,4.0,,,12.0,,2.0,,
pid_1427,,2.0,,1.0,,,1.0,15.0,1.0,1100.0,,,61.0,,,4.0,5.0,5.0,4.0,4.0,3.0,5.0,5.0,3.0,3.0,5.0,,1.0,,,,,4.0,3.0,3.0,,3.0,1.0,7.0,4.0,5.0,4.0,1.0,6.0,7.0,7.0,51.0,55.0,51.0,53.0,41.0,68.0,49.0,49.0,57.0,61.0,2.0,,6.0,1.0,2.0,1.0,1.0,1.0,1.0,1.0,1.0,2.0,2.0,,,,,,,2.0,1.0,1.0,1.0,1.0,2.0,2.0,2.0,1.0,1.0,1.0,2.0,1.0,2.0,1.0,2.0,2.0,1.0,2.0,1.0,2.0,1.0,2.0,2.0,2.0,2.0,1.0,2.0,2.0,1.0,1.0,2.0,2.0,2.0,1.0,2.0,1.0,2.0,2.0,2.0,,5.0,,,5.0,,10.0,,,5.0,
pid_1428,2.0,,1.0,,,,1.0,15.0,2.0,600.0,,,,10.0,,3.0,4.0,5.0,3.0,5.0,5.0,4.0,5.0,5.0,4.0,5.0,1.0,,,2.0,2.0,1.0,,,,6.0,,2.0,6.0,1.0,4.0,1.0,5.0,6.0,6.0,7.0,90.0,100.0,50.0,100.0,60.0,90.0,100.0,100.0,70.0,100.0,3.0,,6.0,,,,,,,,,,,1.0,1.0,1.0,2.0,1.0,2.0,1.0,1.0,2.0,1.0,1.0,2.0,1.0,2.0,1.0,2.0,2.0,2.0,2.0,1.0,1.0,1.0,2.0,2.0,2.0,1.0,1.0,1.0,2.0,2.0,1.0,2.0,2.0,2.0,1.0,2.0,2.0,2.0,1.0,1.0,2.0,1.0,2.0,2.0,1.0,1.0,5.0,,,4.0,,,,19.0,,7.0,
pid_1429,1.0,,,1.0,,,2.0,3.0,2.0,400.0,,,49.0,,,4.0,3.0,3.0,3.0,3.0,3.0,3.0,3.0,3.0,3.0,3.0,,2.0,,3.0,3.0,3.0,,,,6.0,,1.0,7.0,1.0,4.0,4.0,3.0,6.0,4.0,4.0,50.0,49.0,50.0,50.0,50.0,51.0,50.0,50.0,49.0,49.0,1.0,,7.0,1.0,1.0,1.0,1.0,1.0,2.0,1.0,1.0,2.0,1.0,,,,,,,2.0,2.0,2.0,2.0,2.0,2.0,2.0,1.0,2.0,2.0,2.0,2.0,1.0,2.0,2.0,2.0,1.0,2.0,1.0,2.0,2.0,2.0,1.0,2.0,2.0,2.0,2.0,2.0,2.0,2.0,2.0,2.0,2.0,2.0,2.0,2.0,2.0,2.0,2.0,2.0,,5.0,,,4.0,,20.0,,,9.0,
pid_1430,1.0,,1.0,,,,1.0,50.0,,,1.0,200.0,,83.0,,6.0,3.0,1.0,5.0,4.0,3.0,2.0,2.0,3.0,3.0,4.0,3.0,,,,,,5.0,4.0,1.0,1.0,,2.0,5.0,1.0,4.0,5.0,1.0,7.0,7.0,5.0,47.0,52.0,78.0,58.0,55.0,31.0,53.0,70.0,29.0,56.0,3.0,,6.0,1.0,1.0,1.0,1.0,1.0,1.0,1.0,1.0,1.0,1.0,,,,,,,2.0,2.0,2.0,2.0,2.0,2.0,2.0,2.0,2.0,1.0,2.0,2.0,2.0,1.0,2.0,2.0,1.0,2.0,2.0,2.0,2.0,2.0,1.0,1.0,2.0,2.0,2.0,1.0,1.0,1.0,2.0,2.0,2.0,2.0,1.0,2.0,1.0,1.0,2.0,2.0,4.0,,,5.0,,,,15.0,,10.0,
pid_1431,,2.0,,2.0,,,2.0,11.0,,,1.0,300.0,30.0,,2.0,,5.0,5.0,2.0,5.0,4.0,3.0,5.0,5.0,5.0,4.0,2.0,,,2.0,5.0,3.0,,,,,4.0,1.0,7.0,3.0,5.0,2.0,5.0,7.0,7.0,7.0,40.0,90.0,45.0,86.0,50.0,30.0,55.0,60.0,55.0,62.0,2.0,,5.0,,,,,,,,,,,1.0,1.0,1.0,1.0,1.0,1.0,1.0,1.0,1.0,2.0,2.0,1.0,2.0,2.0,2.0,2.0,1.0,1.0,1.0,1.0,2.0,1.0,1.0,2.0,1.0,1.0,2.0,2.0,1.0,2.0,2.0,2.0,1.0,1.0,1.0,2.0,2.0,2.0,2.0,2.0,2.0,1.0,2.0,2.0,1.0,2.0,5.0,,,5.0,,,19.0,,,9.0,
pid_1432,,1.0,,1.0,1.0,70.0,,,,,1.0,250.0,,65.0,,3.0,5.0,5.0,1.0,2.0,5.0,5.0,5.0,4.0,5.0,5.0,,2.0,,,,,3.0,4.0,4.0,6.0,,2.0,6.0,2.0,2.0,1.0,3.0,6.0,6.0,7.0,60.0,80.0,35.0,40.0,75.0,56.0,70.0,40.0,45.0,80.0,3.0,3.0,,1.0,2.0,1.0,1.0,1.0,2.0,1.0,1.0,2.0,1.0,,,,,,,1.0,2.0,2.0,2.0,2.0,2.0,1.0,1.0,2.0,2.0,1.0,2.0,1.0,2.0,2.0,2.0,2.0,1.0,1.0,2.0,2.0,1.0,2.0,2.0,2.0,1.0,2.0,2.0,2.0,1.0,2.0,2.0,1.0,1.0,2.0,2.0,1.0,1.0,2.0,1.0,,5.0,,,5.0,,10.0,,,,3.0
pid_1433,,1.0,,2.0,,,1.0,30.0,2.0,750.0,,,,34.0,3.0,,2.0,3.0,3.0,4.0,3.0,3.0,3.0,2.0,3.0,3.0,,4.0,,3.0,4.0,3.0,,,,,4.0,1.0,4.0,2.0,3.0,4.0,2.0,5.0,4.0,4.0,32.0,58.0,46.0,53.0,62.0,30.0,75.0,55.0,47.0,79.0,3.0,6.0,,,,,,,,,,,,1.0,1.0,1.0,2.0,2.0,1.0,1.0,2.0,2.0,2.0,1.0,1.0,2.0,1.0,1.0,1.0,1.0,1.0,1.0,1.0,1.0,1.0,2.0,1.0,1.0,1.0,1.0,1.0,1.0,1.0,1.0,1.0,1.0,1.0,2.0,2.0,2.0,2.0,2.0,1.0,1.0,2.0,2.0,2.0,2.0,2.0,,3.0,,,4.0,,,8.0,,,5.0
pid_1434,,2.0,,1.0,,,2.0,10.0,2.0,500.0,,,80.0,,,4.0,3.0,3.0,3.0,3.0,3.0,3.0,3.0,3.0,3.0,3.0,,,4.0,,,,1.0,1.0,3.0,,4.0,2.0,7.0,4.0,4.0,4.0,2.0,7.0,7.0,7.0,50.0,50.0,50.0,50.0,50.0,50.0,50.0,50.0,50.0,50.0,1.0,,6.0,,,,,,,,,,,1.0,2.0,1.0,1.0,1.0,2.0,2.0,2.0,2.0,1.0,2.0,1.0,1.0,1.0,2.0,1.0,1.0,1.0,1.0,1.0,2.0,2.0,1.0,2.0,2.0,1.0,2.0,2.0,2.0,2.0,1.0,2.0,2.0,1.0,2.0,2.0,2.0,1.0,1.0,1.0,1.0,1.0,2.0,1.0,2.0,2.0,,,5.0,,,6.0,,10.0,,,10.0
pid_1435,1.0,,1.0,,1.0,78.0,,,,,2.0,70.0,96.0,,3.0,,3.0,5.0,3.0,2.0,5.0,3.0,5.0,5.0,4.0,4.0,3.0,,,2.0,5.0,2.0,,,,,6.0,2.0,7.0,2.0,1.0,1.0,3.0,4.0,5.0,5.0,84.0,100.0,19.0,31.0,52.0,40.0,78.0,93.0,59.0,90.0,2.0,,5.0,,,,,,,,,,,1.0,1.0,2.0,1.0,2.0,1.0,2.0,1.0,2.0,2.0,1.0,1.0,1.0,1.0,2.0,1.0,1.0,2.0,2.0,2.0,1.0,1.0,1.0,1.0,2.0,1.0,2.0,1.0,2.0,2.0,2.0,1.0,1.0,1.0,1.0,2.0,1.0,2.0,2.0,1.0,1.0,2.0,2.0,2.0,2.0,2.0,4.0,,,4.0,,,11.0,,1.0,,
pid_1436,1.0,,1.0,,,,2.0,9.0,2.0,925.0,,,,70.0,,5.0,3.0,4.0,3.0,3.0,4.0,4.0,4.0,3.0,5.0,4.0,,4.0,,,,,3.0,1.0,5.0,,4.0,1.0,6.0,2.0,5.0,5.0,2.0,5.0,6.0,5.0,40.0,45.0,65.0,40.0,35.0,35.0,45.0,35.0,30.0,30.0,3.0,,6.0,,,,,,,,,,,2.0,2.0,2.0,1.0,1.0,2.0,2.0,1.0,2.0,2.0,1.0,1.0,1.0,2.0,2.0,1.0,2.0,1.0,1.0,2.0,2.0,1.0,2.0,1.0,1.0,2.0,2.0,1.0,1.0,1.0,2.0,1.0,2.0,2.0,2.0,1.0,2.0,1.0,2.0,2.0,2.0,1.0,1.0,2.0,1.0,2.0,,4.0,,,3.0,,,13.0,,,2.0
pid_1437,,2.0,1.0,,1.0,67.0,,,2.0,500.0,,,,85.0,5.0,,4.0,5.0,2.0,3.0,4.0,3.0,4.0,5.0,4.0,5.0,,,2.0,,,,4.0,3.0,2.0,4.0,,1.0,6.0,2.0,2.0,2.0,5.0,5.0,6.0,6.0,65.0,90.0,52.0,70.0,50.0,45.0,55.0,60.0,50.0,65.0,3.0,,6.0,,,,,,,,,,,1.0,1.0,1.0,1.0,2.0,2.0,1.0,2.0,1.0,1.0,2.0,2.0,1.0,1.0,2.0,2.0,2.0,2.0,2.0,1.0,2.0,1.0,1.0,2.0,2.0,1.0,1.0,2.0,2.0,1.0,1.0,2.0,1.0,1.0,2.0,2.0,2.0,1.0,2.0,1.0,1.0,2.0,2.0,1.0,1.0,2.0,,,5.0,,,6.0,20.0,,2.0,,
pid_1438,1.0,,,1.0,,,2.0,8.0,1.0,1200.0,,,40.0,,2.0,,5.0,5.0,1.0,3.0,5.0,5.0,5.0,4.0,5.0,5.0,2.0,,,,,,2.0,4.0,4.0,,4.0,1.0,7.0,2.0,3.0,2.0,1.0,5.0,6.0,6.0,24.0,20.0,52.0,36.0,20.0,12.0,54.0,50.0,12.0,60.0,3.0,6.0,,,,,,,,,,,,1.0,2.0,1.0,1.0,1.0,2.0,1.0,1.0,1.0,1.0,2.0,2.0,2.0,1.0,2.0,1.0,2.0,2.0,1.0,1.0,2.0,1.0,2.0,2.0,2.0,1.0,2.0,1.0,2.0,1.0,1.0,1.0,2.0,2.0,1.0,1.0,1.0,1.0,1.0,1.0,2.0,1.0,1.0,1.0,1.0,1.0,4.0,,,5.0,,,,12.0,1.0,,
pid_1439,1.0,,,2.0,,,1.0,45.0,,,1.0,350.0,,70.0,,4.0,5.0,5.0,4.0,2.0,5.0,5.0,5.0,5.0,5.0,4.0,,,4.0,3.0,3.0,3.0,,,,,4.0,1.0,7.0,5.0,6.0,6.0,2.0,6.0,5.0,6.0,60.0,74.0,54.0,45.0,70.0,65.0,80.0,80.0,55.0,45.0,1.0,6.0,,1.0,1.0,1.0,1.0,1.0,1.0,1.0,1.0,1.0,1.0,,,,,,,2.0,1.0,2.0,2.0,1.0,2.0,1.0,1.0,1.0,1.0,2.0,1.0,2.0,2.0,2.0,1.0,1.0,2.0,1.0,2.0,2.0,1.0,2.0,2.0,1.0,2.0,1.0,1.0,1.0,1.0,2.0,2.0,2.0,1.0,2.0,1.0,1.0,2.0,2.0,2.0,,,5.0,,,6.0,,5.0,,,1.0
pid_1440,,2.0,,2.0,,,2.0,10.0,,,1.0,115.0,71.0,,,5.0,5.0,5.0,2.0,5.0,4.0,5.0,5.0,4.0,5.0,5.0,,1.0,,,,,4.0,4.0,4.0,3.0,,1.0,7.0,2.0,3.0,2.0,2.0,5.0,6.0,6.0,61.0,86.0,16.0,93.0,45.0,43.0,52.0,35.0,41.0,47.0,3.0,6.0,,1.0,1.0,1.0,1.0,2.0,1.0,2.0,1.0,1.0,1.0,,,,,,,1.0,1.0,2.0,1.0,1.0,2.0,1.0,2.0,2.0,1.0,2.0,1.0,1.0,2.0,1.0,1.0,1.0,1.0,2.0,2.0,2.0,2.0,2.0,1.0,2.0,2.0,1.0,1.0,2.0,2.0,1.0,2.0,1.0,2.0,2.0,1.0,1.0,2.0,1.0,1.0,,5.0,,,6.0,,5.0,,,,4.0
pid_1441,,2.0,,2.0,2.0,10.0,,,,,1.0,200.0,,70.0,3.0,,4.0,3.0,2.0,3.0,5.0,4.0,5.0,3.0,5.0,5.0,,,1.0,,,,2.0,3.0,3.0,,6.0,1.0,6.0,2.0,4.0,5.0,1.0,6.0,6.0,4.0,60.0,74.0,55.0,70.0,40.0,40.0,60.0,77.0,55.0,90.0,3.0,5.0,,,,,,,,,,,,1.0,1.0,1.0,1.0,2.0,2.0,2.0,1.0,2.0,2.0,1.0,1.0,1.0,2.0,1.0,2.0,1.0,1.0,1.0,2.0,2.0,2.0,1.0,2.0,1.0,2.0,2.0,1.0,2.0,1.0,2.0,2.0,2.0,1.0,1.0,2.0,2.0,1.0,2.0,1.0,1.0,1.0,2.0,2.0,2.0,1.0,,,5.0,,,5.0,,5.0,,,5.0
pid_1442,1.0,,,2.0,1.0,68.0,,,,,1.0,201.0,,70.0,4.0,,1.0,1.0,5.0,2.0,1.0,1.0,1.0,2.0,2.0,1.0,1.0,,,2.0,5.0,3.0,,,,,5.0,1.0,7.0,2.0,6.0,6.0,2.0,5.0,2.0,3.0,33.0,34.0,20.0,27.0,33.0,33.0,40.0,50.0,35.0,52.0,1.0,2.0,,1.0,1.0,1.0,1.0,1.0,1.0,1.0,1.0,1.0,1.0,,,,,,,2.0,1.0,1.0,1.0,1.0,1.0,2.0,1.0,2.0,1.0,1.0,1.0,1.0,2.0,2.0,2.0,1.0,2.0,1.0,2.0,1.0,2.0,1.0,2.0,1.0,2.0,2.0,1.0,1.0,1.0,2.0,2.0,1.0,1.0,2.0,2.0,1.0,2.0,1.0,1.0,5.0,,,4.0,,,,0.0,,,2.0
pid_1443,,2.0,,2.0,1.0,73.0,,,,,1.0,205.0,85.0,,3.0,,5.0,5.0,1.0,1.0,5.0,5.0,5.0,5.0,5.0,5.0,1.0,,,,,,3.0,3.0,3.0,,6.0,1.0,7.0,2.0,3.0,3.0,3.0,5.0,7.0,6.0,40.0,80.0,25.0,65.0,30.0,40.0,65.0,60.0,35.0,70.0,4.0,6.0,,,,,,,,,,,,1.0,1.0,1.0,1.0,2.0,2.0,1.0,2.0,2.0,1.0,1.0,2.0,2.0,2.0,2.0,2.0,2.0,2.0,1.0,1.0,2.0,1.0,2.0,2.0,2.0,2.0,2.0,2.0,2.0,2.0,1.0,2.0,2.0,1.0,1.0,2.0,1.0,2.0,2.0,1.0,1.0,2.0,2.0,2.0,2.0,2.0,5.0,,,6.0,,,15.0,,1.0,,
pid_1444,,2.0,,2.0,,,1.0,20.0,,,1.0,125.0,67.0,,1.0,,4.0,5.0,3.0,4.0,4.0,4.0,4.0,4.0,4.0,4.0,,3.0,,1.0,1.0,1.0,,,,5.0,,1.0,4.0,1.0,3.0,6.0,2.0,7.0,7.0,6.0,26.0,88.0,55.0,79.0,58.0,48.0,49.0,46.0,57.0,50.0,1.0,3.0,,,,,,,,,,,,1.0,1.0,1.0,1.0,1.0,1.0,2.0,2.0,1.0,1.0,1.0,2.0,2.0,2.0,1.0,1.0,2.0,1.0,2.0,2.0,1.0,2.0,2.0,1.0,2.0,2.0,2.0,2.0,1.0,2.0,2.0,2.0,1.0,1.0,2.0,1.0,1.0,2.0,1.0,2.0,2.0,2.0,2.0,1.0,1.0,2.0,,2.0,,,5.0,,20.0,,1.0,,
pid_1445,,1.0,,2.0,2.0,40.0,,,,,2.0,75.0,27.0,,2.0,,2.0,3.0,4.0,4.0,4.0,3.0,2.0,3.0,4.0,4.0,3.0,,,,,,3.0,2.0,3.0,3.0,,1.0,5.0,6.0,3.0,4.0,5.0,6.0,4.0,5.0,40.0,7.0,52.0,18.0,10.0,24.0,5.0,10.0,9.0,60.0,3.0,5.0,,,,,,,,,,,,1.0,1.0,1.0,2.0,1.0,2.0,2.0,1.0,1.0,1.0,1.0,1.0,1.0,2.0,2.0,1.0,2.0,1.0,1.0,1.0,1.0,2.0,1.0,1.0,2.0,1.0,2.0,2.0,1.0,1.0,2.0,1.0,2.0,1.0,1.0,2.0,2.0,2.0,1.0,2.0,1.0,1.0,2.0,2.0,1.0,2.0,4.0,,,3.0,,,,15.0,,5.0,
pid_1446,,1.0,1.0,,2.0,35.0,,,,,1.0,120.0,60.0,,,4.0,4.0,5.0,1.0,3.0,3.0,5.0,5.0,3.0,4.0,3.0,3.0,,,,,,3.0,4.0,3.0,,4.0,1.0,6.0,2.0,4.0,5.0,3.0,6.0,5.0,3.0,40.0,70.0,50.0,40.0,20.0,40.0,40.0,25.0,35.0,25.0,3.0,,5.0,1.0,1.0,1.0,1.0,1.0,1.0,1.0,1.0,1.0,1.0,,,,,,,2.0,2.0,2.0,2.0,1.0,2.0,2.0,2.0,2.0,2.0,2.0,2.0,2.0,2.0,2.0,1.0,1.0,2.0,2.0,2.0,2.0,2.0,2.0,2.0,2.0,2.0,2.0,2.0,2.0,2.0,2.0,1.0,2.0,1.0,2.0,2.0,2.0,2.0,1.0,1.0,3.0,,,4.0,,,18.0,,2.0,,
pid_1447,,2.0,,2.0,2.0,22.0,,,,,2.0,69.0,75.0,,,5.0,5.0,5.0,1.0,3.0,5.0,5.0,5.0,5.0,5.0,5.0,3.0,,,,,,4.0,5.0,5.0,3.0,,2.0,7.0,5.0,3.0,5.0,2.0,5.0,7.0,6.0,64.0,70.0,75.0,58.0,40.0,34.0,67.0,76.0,43.0,83.0,3.0,,6.0,,,,,,,,,,,1.0,1.0,2.0,1.0,1.0,2.0,2.0,1.0,2.0,2.0,2.0,2.0,1.0,1.0,1.0,2.0,2.0,2.0,2.0,2.0,2.0,2.0,2.0,1.0,2.0,2.0,1.0,1.0,1.0,2.0,1.0,2.0,2.0,2.0,2.0,2.0,2.0,2.0,2.0,2.0,2.0,1.0,2.0,2.0,2.0,2.0,4.0,,,2.0,,,,12.0,,10.0,
pid_1448,,1.0,1.0,,,,2.0,9.0,1.0,1100.0,,,65.0,,4.0,,5.0,5.0,4.0,1.0,3.0,5.0,5.0,3.0,5.0,5.0,,,5.0,3.0,3.0,3.0,,,,4.0,,1.0,5.0,4.0,5.0,6.0,1.0,5.0,5.0,5.0,42.0,52.0,50.0,30.0,40.0,40.0,30.0,40.0,45.0,62.0,4.0,,5.0,,,,,,,,,,,1.0,1.0,1.0,1.0,1.0,1.0,2.0,1.0,1.0,1.0,1.0,2.0,2.0,2.0,1.0,2.0,1.0,1.0,2.0,2.0,2.0,1.0,1.0,1.0,1.0,1.0,1.0,1.0,2.0,1.0,2.0,2.0,1.0,2.0,1.0,2.0,1.0,2.0,2.0,1.0,2.0,1.0,1.0,2.0,2.0,2.0,,,2.0,,,2.0,18.0,,2.0,,
pid_1449,,1.0,2.0,,2.0,1.0,,,,,2.0,62.0,,60.0,2.0,,5.0,5.0,1.0,5.0,5.0,5.0,5.0,5.0,5.0,5.0,1.0,,,4.0,3.0,3.0,,,,,2.0,2.0,7.0,1.0,5.0,5.0,3.0,6.0,6.0,6.0,31.0,66.0,21.0,31.0,15.0,8.0,16.0,17.0,13.0,55.0,3.0,,6.0,,,,,,,,,,,1.0,2.0,2.0,2.0,2.0,1.0,2.0,1.0,2.0,1.0,2.0,2.0,2.0,1.0,2.0,2.0,1.0,2.0,1.0,1.0,2.0,1.0,2.0,2.0,1.0,2.0,2.0,1.0,1.0,1.0,2.0,2.0,2.0,2.0,1.0,2.0,1.0,2.0,2.0,2.0,2.0,2.0,2.0,2.0,2.0,1.0,3.0,,,1.0,,,20.0,,,2.0,
pid_1450,2.0,,1.0,,,,1.0,30.0,1.0,1200.0,,,30.0,,2.0,,4.0,2.0,4.0,3.0,3.0,4.0,5.0,5.0,3.0,4.0,1.0,,,,,,3.0,3.0,3.0,5.0,,1.0,6.0,3.0,1.0,4.0,5.0,6.0,4.0,4.0,45.0,20.0,60.0,50.0,20.0,35.0,60.0,60.0,40.0,50.0,3.0,,6.0,,,,,,,,,,,1.0,1.0,2.0,1.0,2.0,1.0,2.0,2.0,1.0,2.0,2.0,2.0,2.0,2.0,2.0,2.0,2.0,2.0,2.0,2.0,2.0,2.0,2.0,2.0,1.0,2.0,1.0,2.0,2.0,2.0,2.0,2.0,1.0,1.0,1.0,2.0,2.0,2.0,2.0,2.0,2.0,2.0,2.0,2.0,2.0,2.0,5.0,,,4.0,,,20.0,,,,2.0
pid_1451,1.0,,,2.0,,,1.0,15.0,1.0,300.0,,,80.0,,6.0,,4.0,5.0,5.0,5.0,3.0,3.0,5.0,5.0,1.0,5.0,,5.0,,4.0,2.0,2.0,,,,4.0,,2.0,6.0,6.0,5.0,6.0,2.0,2.0,5.0,5.0,20.0,80.0,90.0,15.0,10.0,15.0,33.0,25.0,20.0,40.0,1.0,,4.0,,,,,,,,,,,1.0,1.0,1.0,1.0,1.0,1.0,1.0,2.0,2.0,2.0,2.0,2.0,2.0,2.0,1.0,1.0,2.0,2.0,2.0,2.0,2.0,1.0,2.0,2.0,1.0,2.0,2.0,1.0,2.0,1.0,1.0,1.0,2.0,2.0,2.0,2.0,2.0,1.0,2.0,2.0,1.0,2.0,1.0,1.0,2.0,1.0,,5.0,,,6.0,,,20.0,,,1.0
pid_1452,,2.0,,2.0,2.0,40.0,,,2.0,200.0,,,,100.0,,6.0,5.0,5.0,1.0,3.0,3.0,5.0,5.0,5.0,5.0,5.0,,,2.0,,,,3.0,3.0,3.0,3.0,,2.0,7.0,1.0,5.0,3.0,1.0,5.0,5.0,5.0,95.0,69.0,20.0,54.0,30.0,93.0,66.0,71.0,50.0,80.0,1.0,5.0,,,,,,,,,,,,1.0,1.0,1.0,1.0,1.0,1.0,2.0,2.0,1.0,1.0,2.0,1.0,1.0,2.0,2.0,1.0,1.0,2.0,2.0,1.0,1.0,2.0,2.0,1.0,1.0,2.0,2.0,2.0,2.0,1.0,2.0,1.0,2.0,1.0,2.0,2.0,2.0,1.0,2.0,2.0,2.0,2.0,1.0,1.0,2.0,1.0,,,4.0,,,4.0,,20.0,,4.0,
pid_1453,,1.0,1.0,,2.0,30.0,,,,,1.0,120.0,50.0,,6.0,,3.0,3.0,4.0,3.0,3.0,3.0,3.0,3.0,4.0,4.0,1.0,,,,,,4.0,2.0,3.0,3.0,,2.0,7.0,4.0,4.0,3.0,3.0,3.0,5.0,5.0,58.0,62.0,71.0,65.0,58.0,51.0,57.0,56.0,63.0,63.0,3.0,,5.0,,,,,,,,,,,1.0,2.0,1.0,2.0,1.0,2.0,2.0,2.0,1.0,2.0,1.0,1.0,2.0,2.0,1.0,2.0,2.0,1.0,1.0,2.0,2.0,2.0,2.0,2.0,2.0,2.0,2.0,2.0,2.0,1.0,2.0,2.0,2.0,2.0,2.0,2.0,2.0,2.0,1.0,2.0,2.0,2.0,2.0,2.0,2.0,1.0,1.0,,,3.0,,,20.0,,1.0,,
pid_1454,,2.0,,2.0,2.0,30.0,,,2.0,375.0,,,85.0,,2.0,,4.0,5.0,5.0,5.0,2.0,4.0,2.0,4.0,4.0,5.0,2.0,,,,,,5.0,5.0,4.0,,5.0,2.0,6.0,5.0,6.0,5.0,5.0,6.0,6.0,6.0,52.0,57.0,53.0,42.0,37.0,33.0,46.0,54.0,52.0,47.0,3.0,,7.0,,,,,,,,,,,1.0,2.0,1.0,1.0,2.0,1.0,2.0,1.0,1.0,2.0,2.0,2.0,2.0,1.0,1.0,2.0,2.0,2.0,1.0,2.0,2.0,2.0,2.0,1.0,1.0,1.0,1.0,1.0,1.0,1.0,2.0,1.0,2.0,2.0,2.0,1.0,2.0,1.0,1.0,1.0,1.0,1.0,2.0,2.0,1.0,1.0,4.0,,,6.0,,,,5.0,,,4.0
pid_1455,1.0,,1.0,,,,1.0,20.0,,,1.0,100.0,40.0,,,3.0,4.0,5.0,1.0,3.0,4.0,5.0,5.0,4.0,5.0,5.0,,5.0,,,,,5.0,5.0,5.0,5.0,,1.0,7.0,1.0,2.0,1.0,2.0,7.0,4.0,7.0,30.0,80.0,30.0,80.0,50.0,35.0,70.0,90.0,60.0,75.0,3.0,6.0,,,,,,,,,,,,1.0,1.0,2.0,1.0,1.0,2.0,1.0,1.0,1.0,1.0,2.0,2.0,2.0,1.0,2.0,2.0,2.0,1.0,1.0,1.0,1.0,2.0,2.0,2.0,1.0,2.0,2.0,1.0,2.0,1.0,1.0,1.0,2.0,1.0,2.0,2.0,1.0,2.0,2.0,2.0,1.0,1.0,1.0,2.0,2.0,2.0,,5.0,,,5.0,,,0.0,,,3.0
pid_1456,,2.0,1.0,,,,2.0,5.0,,,1.0,300.0,80.0,,,5.0,1.0,1.0,3.0,5.0,3.0,4.0,1.0,5.0,5.0,3.0,,1.0,,,,,3.0,1.0,1.0,,6.0,1.0,5.0,2.0,7.0,7.0,2.0,4.0,3.0,3.0,10.0,30.0,50.0,95.0,30.0,39.0,30.0,95.0,50.0,50.0,3.0,2.0,,1.0,1.0,1.0,1.0,1.0,1.0,1.0,1.0,1.0,1.0,,,,,,,2.0,1.0,1.0,1.0,2.0,2.0,2.0,2.0,1.0,2.0,1.0,1.0,1.0,2.0,2.0,2.0,2.0,1.0,1.0,2.0,2.0,2.0,2.0,1.0,2.0,2.0,2.0,2.0,2.0,2.0,2.0,2.0,2.0,2.0,1.0,2.0,2.0,2.0,2.0,2.0,,5.0,,,6.0,,10.0,,,,3.0
pid_1457,,1.0,,2.0,2.0,15.0,,,2.0,880.0,,,,64.0,,2.0,4.0,5.0,1.0,5.0,3.0,4.0,4.0,3.0,5.0,5.0,1.0,,,3.0,5.0,2.0,,,,3.0,,2.0,6.0,2.0,4.0,5.0,5.0,6.0,5.0,5.0,71.0,85.0,25.0,57.0,30.0,50.0,78.0,30.0,45.0,81.0,1.0,,6.0,1.0,2.0,1.0,1.0,1.0,1.0,1.0,1.0,2.0,2.0,,,,,,,2.0,1.0,1.0,1.0,2.0,2.0,2.0,2.0,1.0,1.0,2.0,1.0,2.0,1.0,1.0,2.0,2.0,1.0,1.0,1.0,2.0,2.0,2.0,1.0,2.0,2.0,2.0,1.0,1.0,1.0,1.0,2.0,2.0,2.0,1.0,1.0,1.0,2.0,2.0,2.0,5.0,,,6.0,,,10.0,,4.0,,
pid_1458,,1.0,,1.0,2.0,35.0,,,,,1.0,190.0,30.0,,5.0,,4.0,4.0,2.0,4.0,2.0,4.0,1.0,2.0,4.0,2.0,,4.0,,2.0,2.0,5.0,,,,,2.0,1.0,3.0,6.0,3.0,3.0,3.0,6.0,6.0,2.0,8.0,10.0,9.0,11.0,15.0,14.0,9.0,16.0,23.0,9.0,3.0,7.0,,2.0,2.0,2.0,1.0,1.0,2.0,2.0,2.0,1.0,1.0,,,,,,,1.0,1.0,1.0,1.0,2.0,1.0,2.0,1.0,2.0,1.0,1.0,2.0,1.0,1.0,2.0,1.0,1.0,1.0,2.0,2.0,1.0,1.0,1.0,2.0,1.0,1.0,1.0,1.0,2.0,1.0,2.0,1.0,2.0,1.0,1.0,1.0,1.0,1.0,1.0,2.0,,4.0,,,4.0,,15.0,,,,3.0
pid_1459,,2.0,,2.0,,,1.0,20.0,,,1.0,150.0,30.0,,,4.0,3.0,5.0,2.0,1.0,4.0,4.0,5.0,4.0,5.0,5.0,4.0,,,,,,1.0,1.0,1.0,5.0,,1.0,6.0,1.0,4.0,4.0,2.0,5.0,6.0,6.0,20.0,40.0,55.0,30.0,30.0,30.0,50.0,40.0,35.0,45.0,4.0,6.0,,,,,,,,,,,,1.0,1.0,1.0,1.0,1.0,1.0,1.0,2.0,2.0,1.0,2.0,1.0,1.0,1.0,1.0,2.0,2.0,1.0,1.0,1.0,1.0,1.0,1.0,1.0,2.0,2.0,1.0,1.0,1.0,1.0,2.0,2.0,1.0,1.0,1.0,2.0,2.0,2.0,1.0,2.0,1.0,1.0,1.0,2.0,2.0,2.0,5.0,,,5.0,,,,0.0,2.0,,
pid_1460,2.0,,,2.0,2.0,10.0,,,,,1.0,100.0,,70.0,,4.0,4.0,4.0,2.0,4.0,4.0,4.0,5.0,5.0,4.0,5.0,4.0,,,3.0,4.0,2.0,,,,4.0,,1.0,6.0,2.0,5.0,3.0,2.0,6.0,5.0,3.0,55.0,55.0,52.0,48.0,40.0,54.0,50.0,60.0,50.0,70.0,3.0,,6.0,1.0,1.0,1.0,1.0,1.0,1.0,1.0,1.0,1.0,1.0,,,,,,,1.0,2.0,2.0,1.0,1.0,1.0,1.0,1.0,2.0,1.0,2.0,2.0,1.0,1.0,1.0,1.0,1.0,2.0,1.0,1.0,1.0,1.0,1.0,2.0,1.0,1.0,1.0,1.0,1.0,1.0,1.0,1.0,1.0,1.0,2.0,1.0,2.0,1.0,1.0,1.0,5.0,,,5.0,,,,4.0,,10.0,
pid_1461,,2.0,,1.0,,,1.0,54.0,2.0,350.0,,,,54.0,,6.0,4.0,4.0,2.0,3.0,4.0,3.0,4.0,4.0,5.0,5.0,,,1.0,2.0,3.0,2.0,,,,,3.0,1.0,6.0,1.0,1.0,5.0,1.0,1.0,1.0,1.0,84.0,100.0,8.0,30.0,82.0,46.0,75.0,80.0,64.0,74.0,4.0,,6.0,1.0,2.0,1.0,1.0,1.0,1.0,1.0,1.0,1.0,1.0,,,,,,,1.0,2.0,2.0,2.0,2.0,1.0,1.0,2.0,2.0,1.0,2.0,2.0,2.0,1.0,2.0,2.0,2.0,1.0,2.0,2.0,2.0,2.0,2.0,2.0,2.0,1.0,1.0,1.0,1.0,2.0,2.0,1.0,2.0,1.0,2.0,2.0,2.0,1.0,2.0,2.0,,,4.0,,,2.0,5.0,,1.0,,
pid_1462,1.0,,1.0,,,,1.0,50.0,1.0,500.0,,,,71.0,6.0,,4.0,5.0,5.0,5.0,1.0,3.0,1.0,5.0,1.0,5.0,1.0,,,,,,2.0,2.0,3.0,2.0,,2.0,6.0,1.0,7.0,6.0,2.0,6.0,5.0,5.0,20.0,72.0,83.0,82.0,20.0,9.0,10.0,100.0,20.0,76.0,3.0,,4.0,,,,,,,,,,,1.0,1.0,2.0,1.0,1.0,2.0,1.0,1.0,1.0,2.0,1.0,1.0,2.0,1.0,2.0,2.0,2.0,2.0,1.0,1.0,2.0,1.0,2.0,1.0,1.0,1.0,2.0,1.0,1.0,1.0,1.0,1.0,2.0,1.0,1.0,1.0,1.0,1.0,1.0,1.0,2.0,1.0,2.0,1.0,1.0,2.0,5.0,,,3.0,,,,17.0,,10.0,
pid_1463,1.0,,,2.0,,,2.0,10.0,2.0,580.0,,,50.0,,2.0,,4.0,5.0,1.0,2.0,5.0,5.0,5.0,3.0,5.0,5.0,,5.0,,3.0,2.0,3.0,,,,,6.0,2.0,7.0,3.0,7.0,7.0,1.0,7.0,5.0,5.0,46.0,77.0,50.0,52.0,28.0,35.0,56.0,61.0,62.0,57.0,3.0,7.0,,,,,,,,,,,,1.0,2.0,1.0,1.0,2.0,1.0,1.0,2.0,2.0,1.0,1.0,2.0,2.0,1.0,2.0,2.0,2.0,2.0,1.0,1.0,1.0,1.0,1.0,2.0,2.0,2.0,2.0,2.0,2.0,2.0,1.0,1.0,1.0,2.0,2.0,2.0,2.0,1.0,1.0,2.0,2.0,1.0,2.0,2.0,2.0,1.0,,5.0,,,6.0,,20.0,,,,3.0
pid_1464,,2.0,2.0,,2.0,12.0,,,1.0,1200.0,,,30.0,,,4.0,2.0,1.0,5.0,1.0,3.0,3.0,2.0,4.0,2.0,4.0,,,4.0,2.0,1.0,2.0,,,,,3.0,2.0,6.0,1.0,5.0,6.0,2.0,7.0,7.0,7.0,11.0,60.0,25.0,38.0,8.0,45.0,71.0,26.0,37.0,74.0,2.0,,7.0,2.0,2.0,2.0,2.0,2.0,2.0,2.0,2.0,2.0,2.0,,,,,,,1.0,1.0,2.0,1.0,1.0,2.0,1.0,2.0,1.0,2.0,1.0,1.0,1.0,2.0,2.0,2.0,1.0,2.0,1.0,2.0,1.0,1.0,2.0,1.0,1.0,1.0,1.0,2.0,2.0,2.0,1.0,2.0,1.0,2.0,2.0,2.0,2.0,1.0,2.0,1.0,,,1.0,,,6.0,20.0,,,1.0,
pid_1465,1.0,,,2.0,2.0,40.0,,,,,1.0,300.0,30.0,,,4.0,4.0,5.0,3.0,4.0,4.0,5.0,5.0,5.0,4.0,4.0,4.0,,,4.0,5.0,2.0,,,,5.0,,1.0,6.0,2.0,5.0,3.0,2.0,6.0,6.0,6.0,60.0,75.0,40.0,70.0,40.0,55.0,50.0,65.0,45.0,50.0,3.0,6.0,,1.0,1.0,1.0,1.0,1.0,1.0,1.0,1.0,1.0,1.0,,,,,,,1.0,2.0,1.0,2.0,2.0,1.0,2.0,1.0,1.0,1.0,2.0,2.0,2.0,2.0,2.0,2.0,1.0,1.0,2.0,1.0,2.0,2.0,2.0,2.0,2.0,2.0,2.0,1.0,2.0,1.0,1.0,2.0,1.0,1.0,2.0,2.0,2.0,2.0,1.0,2.0,2.0,,,3.0,,,20.0,,,7.0,
pid_1467,,2.0,,2.0,2.0,40.0,,,2.0,350.0,,,90.0,,,4.0,1.0,4.0,5.0,3.0,2.0,3.0,5.0,5.0,2.0,4.0,1.0,,,,,,2.0,4.0,5.0,,4.0,2.0,5.0,4.0,5.0,5.0,2.0,3.0,5.0,6.0,25.0,60.0,75.0,50.0,30.0,30.0,65.0,95.0,35.0,100.0,2.0,6.0,,1.0,1.0,1.0,1.0,1.0,1.0,2.0,2.0,1.0,2.0,,,,,,,2.0,2.0,2.0,1.0,2.0,2.0,1.0,2.0,1.0,2.0,2.0,1.0,1.0,1.0,2.0,2.0,1.0,1.0,1.0,1.0,2.0,2.0,2.0,1.0,2.0,1.0,2.0,2.0,1.0,1.0,1.0,2.0,2.0,2.0,1.0,1.0,1.0,1.0,2.0,2.0,1.0,,,2.0,,,,10.0,1.0,,
pid_1468,,2.0,2.0,,2.0,25.0,,,,,1.0,120.0,30.0,,,6.0,4.0,2.0,2.0,4.0,3.0,4.0,4.0,5.0,2.0,3.0,,5.0,,,,,3.0,4.0,3.0,,4.0,1.0,5.0,2.0,4.0,4.0,2.0,5.0,6.0,5.0,40.0,70.0,60.0,85.0,10.0,5.0,50.0,75.0,45.0,55.0,2.0,,6.0,1.0,1.0,1.0,1.0,1.0,1.0,1.0,1.0,1.0,1.0,,,,,,,2.0,2.0,2.0,2.0,1.0,2.0,2.0,2.0,1.0,1.0,1.0,1.0,1.0,2.0,1.0,1.0,2.0,2.0,1.0,1.0,2.0,1.0,1.0,1.0,2.0,2.0,1.0,2.0,2.0,2.0,1.0,2.0,2.0,2.0,1.0,1.0,2.0,1.0,2.0,1.0,,5.0,,,2.0,,20.0,,,,3.0
pid_1469,2.0,,,1.0,,,1.0,54.0,,,1.0,379.0,84.0,,,6.0,4.0,4.0,4.0,4.0,4.0,3.0,4.0,4.0,5.0,5.0,2.0,,,,,,2.0,2.0,2.0,4.0,,1.0,1.0,2.0,1.0,1.0,1.0,5.0,6.0,6.0,50.0,71.0,75.0,79.0,66.0,52.0,52.0,56.0,55.0,55.0,2.0,,4.0,,,,,,,,,,,1.0,1.0,2.0,1.0,1.0,2.0,1.0,1.0,1.0,1.0,2.0,2.0,1.0,1.0,2.0,1.0,1.0,1.0,1.0,1.0,2.0,2.0,1.0,1.0,2.0,1.0,1.0,1.0,1.0,1.0,1.0,1.0,1.0,1.0,1.0,1.0,1.0,1.0,1.0,1.0,1.0,2.0,1.0,1.0,1.0,1.0,5.0,,,4.0,,,,10.0,3.0,,
pid_1470,,1.0,,2.0,,,1.0,22.0,,,1.0,125.0,,65.0,3.0,,5.0,5.0,3.0,5.0,5.0,5.0,5.0,5.0,5.0,5.0,,1.0,,,,,5.0,5.0,5.0,,6.0,1.0,6.0,2.0,5.0,4.0,2.0,6.0,6.0,6.0,60.0,70.0,48.0,75.0,56.0,47.0,54.0,70.0,47.0,90.0,4.0,6.0,,,,,,,,,,,,1.0,1.0,1.0,1.0,1.0,1.0,2.0,2.0,2.0,2.0,2.0,2.0,2.0,2.0,2.0,2.0,2.0,2.0,2.0,2.0,2.0,2.0,2.0,2.0,2.0,2.0,1.0,2.0,2.0,2.0,1.0,2.0,2.0,2.0,2.0,2.0,2.0,1.0,2.0,1.0,2.0,2.0,1.0,1.0,2.0,2.0,,5.0,,,6.0,,,5.0,,5.0,
pid_1471,1.0,,,2.0,2.0,20.0,,,1.0,1200.0,,,90.0,,2.0,,5.0,5.0,2.0,5.0,4.0,5.0,5.0,4.0,5.0,5.0,2.0,,,,,,5.0,5.0,5.0,,5.0,2.0,7.0,2.0,5.0,5.0,1.0,7.0,6.0,6.0,70.0,65.0,50.0,70.0,60.0,60.0,60.0,70.0,50.0,65.0,2.0,6.0,,,,,,,,,,,,1.0,1.0,1.0,1.0,2.0,2.0,1.0,2.0,1.0,2.0,1.0,1.0,2.0,2.0,2.0,2.0,1.0,1.0,2.0,2.0,2.0,1.0,1.0,1.0,2.0,2.0,2.0,1.0,1.0,1.0,1.0,1.0,2.0,2.0,2.0,1.0,2.0,2.0,1.0,1.0,2.0,1.0,2.0,1.0,1.0,1.0,5.0,,,5.0,,,,10.0,,2.0,
pid_1472,,2.0,,2.0,,,1.0,40.0,,,1.0,300.0,,70.0,,5.0,5.0,5.0,2.0,5.0,5.0,4.0,5.0,4.0,5.0,5.0,,,5.0,,,,4.0,4.0,2.0,4.0,,1.0,7.0,2.0,4.0,6.0,5.0,7.0,7.0,7.0,71.0,57.0,70.0,73.0,40.0,43.0,46.0,67.0,78.0,66.0,4.0,,5.0,,,,,,,,,,,1.0,1.0,1.0,1.0,2.0,2.0,2.0,2.0,1.0,2.0,2.0,1.0,2.0,2.0,2.0,2.0,1.0,2.0,2.0,2.0,2.0,2.0,1.0,1.0,1.0,2.0,2.0,1.0,1.0,2.0,2.0,2.0,2.0,2.0,2.0,1.0,2.0,2.0,2.0,2.0,2.0,2.0,2.0,1.0,2.0,2.0,,,5.0,,,5.0,,15.0,3.0,,
pid_1473,,1.0,,1.0,2.0,50.0,,,,,1.0,100.0,,100.0,,4.0,4.0,4.0,3.0,5.0,5.0,5.0,5.0,5.0,5.0,5.0,,2.0,,,,,4.0,3.0,3.0,4.0,,2.0,7.0,1.0,3.0,2.0,2.0,5.0,7.0,7.0,80.0,75.0,80.0,100.0,100.0,100.0,100.0,70.0,50.0,60.0,1.0,3.0,,,,,,,,,,,,1.0,1.0,1.0,2.0,1.0,1.0,1.0,1.0,2.0,1.0,1.0,2.0,1.0,1.0,1.0,1.0,1.0,2.0,2.0,1.0,2.0,2.0,1.0,1.0,1.0,2.0,2.0,1.0,2.0,1.0,2.0,2.0,2.0,2.0,1.0,2.0,1.0,1.0,2.0,1.0,2.0,1.0,2.0,2.0,1.0,2.0,,4.0,,,2.0,,10.0,,,,2.0
pid_1474,,1.0,1.0,,,,2.0,5.0,,,1.0,250.0,,99.0,,4.0,4.0,5.0,3.0,1.0,1.0,4.0,5.0,1.0,3.0,5.0,,1.0,,3.0,3.0,3.0,,,,3.0,,1.0,7.0,2.0,2.0,2.0,3.0,5.0,5.0,5.0,18.0,86.0,51.0,25.0,5.0,27.0,43.0,25.0,37.0,57.0,1.0,,6.0,,,,,,,,,,,1.0,1.0,1.0,1.0,2.0,2.0,1.0,2.0,2.0,2.0,1.0,1.0,2.0,1.0,1.0,2.0,1.0,2.0,2.0,2.0,1.0,1.0,2.0,1.0,2.0,2.0,2.0,2.0,2.0,2.0,2.0,2.0,2.0,2.0,1.0,1.0,2.0,1.0,2.0,1.0,1.0,2.0,2.0,2.0,1.0,2.0,,2.0,,,5.0,,10.0,,,,1.0
pid_1475,1.0,,2.0,,,,1.0,20.0,,,2.0,66.0,,49.0,,4.0,4.0,5.0,1.0,3.0,4.0,4.0,5.0,5.0,5.0,5.0,,,2.0,4.0,4.0,2.0,,,,4.0,,2.0,6.0,4.0,2.0,3.0,4.0,5.0,6.0,5.0,63.0,71.0,54.0,49.0,54.0,52.0,49.0,66.0,42.0,44.0,4.0,,6.0,,,,,,,,,,,2.0,2.0,1.0,2.0,1.0,2.0,1.0,1.0,2.0,2.0,2.0,2.0,1.0,2.0,2.0,1.0,1.0,2.0,2.0,2.0,2.0,2.0,2.0,1.0,1.0,2.0,2.0,2.0,2.0,2.0,2.0,2.0,2.0,2.0,2.0,2.0,2.0,2.0,2.0,2.0,2.0,1.0,1.0,2.0,2.0,1.0,,,3.0,,,2.0,15.0,,,8.0,
pid_1476,,1.0,1.0,,2.0,2.0,,,,,1.0,380.0,,49.0,,6.0,3.0,5.0,5.0,1.0,3.0,5.0,5.0,3.0,3.0,5.0,3.0,,,2.0,2.0,2.0,,,,,4.0,2.0,4.0,7.0,5.0,3.0,4.0,5.0,5.0,7.0,20.0,100.0,100.0,7.0,64.0,47.0,40.0,10.0,14.0,100.0,1.0,,5.0,,,,,,,,,,,1.0,1.0,1.0,2.0,2.0,1.0,1.0,1.0,2.0,2.0,2.0,2.0,1.0,1.0,2.0,1.0,1.0,2.0,1.0,1.0,1.0,2.0,2.0,2.0,1.0,2.0,2.0,2.0,1.0,2.0,2.0,2.0,2.0,1.0,1.0,2.0,1.0,2.0,2.0,1.0,2.0,1.0,1.0,2.0,1.0,2.0,5.0,,,3.0,,,7.0,,,,2.0
pid_1477,1.0,,1.0,,,,1.0,20.0,,,1.0,150.0,,70.0,1.0,,4.0,3.0,2.0,2.0,3.0,4.0,3.0,5.0,4.0,5.0,,,5.0,3.0,5.0,1.0,,,,4.0,,1.0,7.0,1.0,3.0,3.0,2.0,5.0,6.0,7.0,48.0,65.0,42.0,41.0,52.0,48.0,74.0,77.0,49.0,89.0,4.0,,4.0,,,,,,,,,,,1.0,1.0,1.0,2.0,1.0,2.0,1.0,1.0,2.0,2.0,1.0,1.0,2.0,1.0,2.0,2.0,1.0,2.0,2.0,1.0,2.0,2.0,1.0,2.0,2.0,2.0,2.0,2.0,2.0,2.0,1.0,2.0,2.0,2.0,2.0,2.0,1.0,2.0,2.0,2.0,1.0,1.0,2.0,2.0,1.0,1.0,,,5.0,,,3.0,20.0,,1.0,,
pid_1478,1.0,,,2.0,2.0,50.0,,,2.0,750.0,,,,71.0,,6.0,4.0,5.0,5.0,3.0,5.0,4.0,5.0,2.0,4.0,4.0,2.0,,,3.0,1.0,1.0,,,,5.0,,1.0,5.0,5.0,6.0,6.0,1.0,5.0,3.0,3.0,46.0,45.0,81.0,71.0,58.0,72.0,87.0,40.0,59.0,77.0,1.0,6.0,,2.0,1.0,2.0,1.0,2.0,1.0,1.0,1.0,1.0,1.0,,,,,,,1.0,2.0,1.0,2.0,1.0,1.0,1.0,1.0,1.0,1.0,1.0,2.0,2.0,2.0,1.0,1.0,1.0,1.0,2.0,1.0,2.0,1.0,1.0,1.0,1.0,2.0,1.0,1.0,1.0,1.0,1.0,1.0,2.0,1.0,1.0,1.0,1.0,1.0,1.0,1.0,5.0,,,6.0,,,,8.0,,,2.0
pid_1479,1.0,,1.0,,1.0,156.0,,,,,1.0,100.0,,90.0,2.0,,3.0,3.0,1.0,3.0,4.0,4.0,5.0,4.0,5.0,5.0,3.0,,,,,,3.0,3.0,3.0,,5.0,1.0,5.0,5.0,1.0,1.0,4.0,5.0,7.0,7.0,30.0,50.0,90.0,50.0,20.0,30.0,50.0,35.0,40.0,90.0,1.0,6.0,,,,,,,,,,,,1.0,1.0,2.0,1.0,1.0,2.0,2.0,2.0,2.0,2.0,2.0,2.0,2.0,2.0,2.0,1.0,2.0,2.0,2.0,1.0,2.0,1.0,2.0,1.0,2.0,2.0,2.0,2.0,2.0,2.0,2.0,1.0,2.0,2.0,1.0,2.0,2.0,1.0,2.0,2.0,1.0,2.0,2.0,2.0,2.0,2.0,4.0,,,5.0,,,10.0,,,10.0,
pid_1480,,2.0,1.0,,,,1.0,18.0,,,1.0,450.0,,90.0,2.0,,5.0,5.0,1.0,1.0,4.0,5.0,5.0,5.0,5.0,5.0,1.0,,,,,,2.0,5.0,2.0,6.0,,2.0,7.0,1.0,6.0,2.0,5.0,6.0,6.0,7.0,55.0,77.0,40.0,21.0,38.0,34.0,51.0,57.0,59.0,74.0,3.0,,5.0,1.0,1.0,1.0,2.0,1.0,2.0,2.0,1.0,1.0,1.0,,,,,,,2.0,2.0,2.0,2.0,2.0,2.0,2.0,2.0,2.0,1.0,2.0,2.0,2.0,2.0,1.0,2.0,2.0,2.0,2.0,2.0,2.0,2.0,2.0,1.0,2.0,2.0,2.0,1.0,2.0,2.0,2.0,2.0,2.0,2.0,2.0,1.0,2.0,1.0,2.0,2.0,4.0,,,6.0,,,,15.0,,,5.0
pid_1481,,2.0,1.0,,2.0,54.0,,,2.0,380.0,,,20.0,,2.0,,1.0,5.0,5.0,5.0,5.0,5.0,5.0,5.0,5.0,5.0,,4.0,,1.0,5.0,4.0,,,,,3.0,2.0,5.0,2.0,3.0,6.0,1.0,6.0,6.0,6.0,20.0,66.0,63.0,76.0,30.0,90.0,61.0,47.0,60.0,85.0,4.0,1.0,,1.0,1.0,1.0,1.0,1.0,1.0,1.0,1.0,1.0,1.0,,,,,,,1.0,1.0,1.0,2.0,1.0,2.0,1.0,1.0,1.0,1.0,2.0,1.0,1.0,2.0,1.0,1.0,2.0,1.0,2.0,1.0,2.0,1.0,2.0,2.0,1.0,1.0,1.0,2.0,1.0,1.0,1.0,1.0,2.0,1.0,2.0,1.0,1.0,1.0,2.0,1.0,,5.0,,,6.0,,,15.0,,,4.0
pid_1482,1.0,,1.0,,,,1.0,24.0,2.0,300.0,,,,70.0,,3.0,4.0,5.0,3.0,5.0,4.0,4.0,4.0,4.0,5.0,5.0,,,2.0,4.0,2.0,1.0,,,,6.0,,2.0,7.0,1.0,4.0,4.0,5.0,3.0,7.0,6.0,70.0,90.0,66.0,20.0,50.0,85.0,79.0,58.0,47.0,82.0,4.0,6.0,,,,,,,,,,,,1.0,1.0,1.0,1.0,2.0,2.0,2.0,1.0,2.0,2.0,2.0,2.0,1.0,2.0,1.0,1.0,2.0,2.0,1.0,1.0,2.0,2.0,1.0,2.0,1.0,1.0,2.0,1.0,2.0,2.0,2.0,1.0,2.0,2.0,2.0,2.0,2.0,2.0,2.0,1.0,2.0,1.0,2.0,2.0,2.0,2.0,,,5.0,,,6.0,10.0,,,4.0,
pid_1483,,2.0,,1.0,2.0,200.0,,,,,1.0,300.0,80.0,,3.0,,4.0,3.0,4.0,4.0,3.0,4.0,3.0,3.0,3.0,4.0,3.0,,,3.0,3.0,2.0,,,,,4.0,1.0,6.0,3.0,5.0,2.0,5.0,5.0,5.0,6.0,50.0,50.0,80.0,60.0,50.0,50.0,30.0,50.0,35.0,50.0,3.0,6.0,,1.0,1.0,1.0,1.0,1.0,1.0,2.0,1.0,1.0,1.0,,,,,,,2.0,2.0,1.0,1.0,2.0,1.0,2.0,1.0,2.0,2.0,2.0,1.0,2.0,2.0,2.0,1.0,1.0,2.0,2.0,1.0,1.0,1.0,1.0,2.0,2.0,2.0,2.0,2.0,2.0,1.0,2.0,2.0,2.0,2.0,2.0,2.0,2.0,1.0,2.0,2.0,4.0,,,5.0,,,15.0,,,,2.0
pid_1485,1.0,,,2.0,,,2.0,8.0,1.0,5000.0,,,,81.0,3.0,,3.0,5.0,4.0,3.0,4.0,4.0,4.0,4.0,3.0,5.0,2.0,,,2.0,1.0,2.0,,,,,6.0,1.0,2.0,1.0,2.0,2.0,1.0,1.0,5.0,5.0,39.0,92.0,61.0,58.0,45.0,41.0,70.0,64.0,62.0,85.0,3.0,,5.0,1.0,2.0,1.0,2.0,1.0,1.0,1.0,1.0,2.0,1.0,,,,,,,2.0,1.0,2.0,1.0,2.0,2.0,2.0,1.0,1.0,1.0,2.0,1.0,2.0,1.0,2.0,2.0,1.0,1.0,2.0,2.0,1.0,2.0,1.0,2.0,2.0,1.0,2.0,2.0,2.0,1.0,1.0,2.0,1.0,2.0,2.0,2.0,2.0,2.0,1.0,1.0,5.0,,,4.0,,,,13.0,,,3.0
pid_1487,2.0,,1.0,,,,1.0,37.0,1.0,250.0,,,,85.0,,3.0,2.0,5.0,4.0,5.0,4.0,4.0,5.0,4.0,2.0,4.0,,,2.0,5.0,6.0,2.0,,,,,5.0,1.0,6.0,4.0,5.0,4.0,6.0,7.0,7.0,7.0,19.0,55.0,88.0,100.0,48.0,49.0,78.0,63.0,44.0,78.0,2.0,6.0,,,,,,,,,,,,1.0,1.0,1.0,2.0,1.0,1.0,1.0,1.0,1.0,2.0,2.0,1.0,1.0,1.0,2.0,1.0,1.0,2.0,2.0,1.0,2.0,1.0,1.0,1.0,2.0,2.0,1.0,1.0,1.0,2.0,1.0,2.0,1.0,2.0,1.0,2.0,1.0,2.0,2.0,1.0,2.0,2.0,1.0,1.0,1.0,2.0,,,5.0,,,6.0,14.0,,,,4.0
pid_1488,1.0,,,2.0,,,1.0,20.0,,,1.0,150.0,30.0,,,4.0,4.0,5.0,3.0,3.0,4.0,4.0,4.0,4.0,4.0,4.0,4.0,,,,,,4.0,4.0,4.0,,5.0,1.0,5.0,3.0,5.0,5.0,5.0,5.0,5.0,5.0,35.0,51.0,48.0,53.0,25.0,22.0,43.0,68.0,38.0,60.0,4.0,,6.0,1.0,1.0,1.0,1.0,1.0,1.0,1.0,1.0,1.0,1.0,,,,,,,1.0,2.0,2.0,1.0,2.0,2.0,2.0,2.0,1.0,1.0,2.0,1.0,2.0,2.0,1.0,2.0,1.0,1.0,2.0,2.0,1.0,1.0,2.0,2.0,2.0,1.0,2.0,2.0,2.0,1.0,1.0,1.0,2.0,2.0,1.0,1.0,2.0,2.0,1.0,2.0,2.0,,,4.0,,,,10.0,,8.0,
pid_1489,,2.0,,1.0,,,1.0,15.0,2.0,500.0,,,30.0,,,3.0,2.0,4.0,5.0,4.0,4.0,2.0,3.0,4.0,2.0,3.0,,2.0,,3.0,2.0,4.0,,,,2.0,,1.0,6.0,5.0,6.0,6.0,2.0,5.0,5.0,5.0,30.0,70.0,60.0,70.0,40.0,45.0,35.0,55.0,5.0,50.0,1.0,3.0,,2.0,2.0,2.0,1.0,2.0,2.0,1.0,1.0,2.0,1.0,,,,,,,1.0,2.0,1.0,1.0,2.0,1.0,2.0,2.0,1.0,1.0,1.0,1.0,2.0,1.0,1.0,1.0,1.0,2.0,1.0,2.0,1.0,2.0,2.0,2.0,1.0,1.0,2.0,1.0,2.0,1.0,2.0,2.0,1.0,1.0,1.0,1.0,2.0,1.0,1.0,1.0,,5.0,,,3.0,,,20.0,,,3.0
pid_1490,,2.0,,2.0,,,2.0,6.0,2.0,500.0,,,30.0,,6.0,,4.0,5.0,1.0,1.0,4.0,5.0,5.0,5.0,5.0,5.0,,1.0,,,,,2.0,2.0,2.0,4.0,,2.0,6.0,3.0,4.0,1.0,5.0,7.0,7.0,7.0,40.0,92.0,81.0,26.0,30.0,42.0,25.0,32.0,30.0,75.0,1.0,3.0,,1.0,1.0,1.0,1.0,1.0,1.0,1.0,2.0,1.0,2.0,,,,,,,1.0,2.0,1.0,1.0,1.0,2.0,2.0,1.0,2.0,1.0,1.0,2.0,2.0,1.0,1.0,1.0,2.0,1.0,1.0,1.0,2.0,1.0,2.0,1.0,2.0,1.0,1.0,2.0,1.0,1.0,2.0,2.0,1.0,2.0,1.0,2.0,2.0,2.0,1.0,1.0,,5.0,,,5.0,,,10.0,1.0,,
pid_1491,1.0,,,1.0,2.0,49.0,,,,,1.0,150.0,85.0,,,5.0,4.0,5.0,4.0,1.0,4.0,5.0,5.0,2.0,2.0,4.0,,4.0,,,,,4.0,3.0,5.0,4.0,,1.0,6.0,2.0,6.0,5.0,2.0,5.0,7.0,6.0,20.0,71.0,55.0,10.0,15.0,45.0,40.0,60.0,30.0,85.0,4.0,,6.0,1.0,1.0,2.0,1.0,2.0,1.0,1.0,1.0,2.0,1.0,,,,,,,2.0,1.0,1.0,1.0,2.0,1.0,2.0,1.0,2.0,2.0,1.0,1.0,1.0,1.0,2.0,1.0,2.0,2.0,1.0,2.0,1.0,2.0,1.0,1.0,2.0,1.0,1.0,1.0,2.0,1.0,2.0,1.0,1.0,1.0,1.0,2.0,2.0,2.0,1.0,2.0,,5.0,,,4.0,,20.0,,2.0,,
pid_1492,,1.0,1.0,,1.0,120.0,,,,,1.0,150.0,90.0,,,3.0,4.0,5.0,1.0,4.0,5.0,5.0,4.0,4.0,5.0,5.0,1.0,,,1.0,1.0,1.0,,,,6.0,,2.0,6.0,2.0,1.0,1.0,1.0,5.0,6.0,6.0,30.0,60.0,50.0,20.0,30.0,56.0,41.0,29.0,44.0,63.0,4.0,,6.0,,,,,,,,,,,1.0,1.0,1.0,2.0,1.0,2.0,1.0,2.0,2.0,1.0,1.0,2.0,1.0,2.0,2.0,1.0,2.0,2.0,1.0,1.0,1.0,2.0,2.0,1.0,2.0,1.0,2.0,2.0,2.0,1.0,1.0,2.0,2.0,1.0,1.0,2.0,1.0,1.0,1.0,1.0,1.0,1.0,1.0,1.0,1.0,2.0,5.0,,,6.0,,,,10.0,,,5.0
pid_1493,,2.0,,1.0,1.0,70.0,,,2.0,800.0,,,,63.0,,5.0,4.0,5.0,3.0,2.0,4.0,4.0,5.0,5.0,5.0,5.0,2.0,,,2.0,4.0,2.0,,,,5.0,,1.0,7.0,2.0,4.0,1.0,3.0,6.0,5.0,6.0,48.0,72.0,58.0,72.0,44.0,47.0,54.0,60.0,50.0,71.0,3.0,5.0,,,,,,,,,,,,1.0,1.0,1.0,1.0,2.0,2.0,1.0,2.0,2.0,1.0,1.0,1.0,2.0,1.0,1.0,1.0,1.0,1.0,1.0,2.0,1.0,1.0,2.0,1.0,1.0,1.0,1.0,1.0,1.0,2.0,1.0,1.0,1.0,2.0,2.0,1.0,2.0,1.0,1.0,2.0,1.0,1.0,2.0,1.0,2.0,2.0,5.0,,,3.0,,,15.0,,,,2.0
pid_1494,1.0,,1.0,,2.0,6.0,,,2.0,270.0,,,28.0,,,3.0,4.0,5.0,5.0,3.0,3.0,3.0,4.0,2.0,1.0,2.0,2.0,,,3.0,5.0,2.0,,,,4.0,,1.0,7.0,2.0,5.0,5.0,3.0,5.0,7.0,6.0,49.0,85.0,85.0,55.0,35.0,25.0,50.0,67.0,25.0,55.0,2.0,,6.0,1.0,1.0,1.0,2.0,1.0,1.0,2.0,1.0,1.0,2.0,,,,,,,2.0,2.0,2.0,1.0,2.0,2.0,2.0,1.0,2.0,2.0,1.0,1.0,2.0,2.0,2.0,2.0,2.0,2.0,2.0,2.0,1.0,2.0,2.0,1.0,2.0,1.0,2.0,1.0,1.0,2.0,2.0,1.0,1.0,2.0,2.0,1.0,2.0,2.0,1.0,2.0,2.0,,,4.0,,,,15.0,,,5.0
pid_1495,1.0,,,2.0,2.0,45.0,,,2.0,550.0,,,,75.0,4.0,,4.0,2.0,4.0,4.0,3.0,3.0,4.0,4.0,4.0,4.0,,3.0,,,,,3.0,5.0,2.0,,5.0,1.0,5.0,3.0,3.0,2.0,2.0,6.0,7.0,7.0,70.0,35.0,70.0,85.0,30.0,35.0,45.0,60.0,55.0,70.0,2.0,6.0,,,,,,,,,,,,1.0,1.0,1.0,1.0,2.0,2.0,1.0,2.0,1.0,2.0,1.0,1.0,2.0,1.0,1.0,2.0,2.0,1.0,1.0,1.0,2.0,2.0,1.0,1.0,2.0,1.0,2.0,1.0,2.0,2.0,2.0,2.0,2.0,1.0,1.0,2.0,1.0,2.0,1.0,1.0,1.0,2.0,1.0,2.0,1.0,2.0,,5.0,,,6.0,,,5.0,,8.0,
pid_1496,,2.0,2.0,,2.0,45.0,,,,,1.0,125.0,,85.0,2.0,,2.0,5.0,5.0,4.0,3.0,5.0,2.0,4.0,1.0,4.0,3.0,,,4.0,3.0,2.0,,,,,4.0,2.0,6.0,4.0,5.0,5.0,5.0,6.0,6.0,7.0,53.0,75.0,64.0,57.0,51.0,54.0,52.0,60.0,45.0,60.0,3.0,6.0,,,,,,,,,,,,1.0,1.0,2.0,1.0,2.0,1.0,2.0,1.0,1.0,1.0,2.0,2.0,2.0,1.0,2.0,1.0,2.0,2.0,2.0,1.0,2.0,1.0,2.0,2.0,2.0,1.0,2.0,1.0,2.0,1.0,1.0,1.0,1.0,1.0,2.0,2.0,2.0,2.0,1.0,1.0,1.0,2.0,2.0,2.0,1.0,2.0,3.0,,,4.0,,,20.0,,,,6.0
pid_1497,,1.0,,2.0,2.0,15.0,,,2.0,975.0,,,,90.0,1.0,,5.0,5.0,1.0,1.0,4.0,5.0,5.0,5.0,5.0,5.0,1.0,,,,,,1.0,1.0,1.0,5.0,,1.0,6.0,2.0,4.0,6.0,1.0,6.0,7.0,5.0,60.0,75.0,60.0,35.0,40.0,55.0,68.0,50.0,45.0,75.0,4.0,5.0,,,,,,,,,,,,1.0,1.0,1.0,1.0,1.0,1.0,1.0,2.0,1.0,2.0,2.0,2.0,1.0,2.0,1.0,2.0,2.0,2.0,2.0,2.0,2.0,2.0,2.0,1.0,2.0,2.0,2.0,1.0,2.0,2.0,2.0,2.0,1.0,2.0,1.0,2.0,2.0,2.0,1.0,2.0,2.0,1.0,2.0,2.0,2.0,2.0,5.0,,,3.0,,,,11.0,,,2.0
pid_1499,,2.0,1.0,,2.0,50.0,,,,,2.0,75.0,20.0,,,5.0,4.0,2.0,5.0,5.0,3.0,2.0,5.0,5.0,1.0,5.0,,4.0,,,,,5.0,2.0,5.0,6.0,,1.0,7.0,3.0,6.0,1.0,3.0,5.0,7.0,7.0,40.0,30.0,95.0,90.0,40.0,10.0,80.0,80.0,5.0,90.0,1.0,,7.0,1.0,2.0,1.0,1.0,1.0,1.0,2.0,2.0,2.0,2.0,,,,,,,2.0,2.0,2.0,2.0,2.0,2.0,2.0,2.0,2.0,1.0,1.0,1.0,2.0,2.0,1.0,2.0,1.0,2.0,1.0,2.0,2.0,1.0,1.0,2.0,2.0,1.0,2.0,1.0,2.0,2.0,1.0,1.0,2.0,2.0,1.0,1.0,2.0,1.0,2.0,1.0,,5.0,,,5.0,,,5.0,3.0,,
pid_1500,1.0,,1.0,,,,1.0,15.0,2.0,650.0,,,,70.0,,5.0,5.0,5.0,2.0,2.0,5.0,4.0,5.0,4.0,5.0,5.0,,,2.0,3.0,4.0,3.0,,,,,5.0,1.0,6.0,2.0,2.0,2.0,5.0,6.0,7.0,7.0,60.0,20.0,45.0,35.0,20.0,30.0,30.0,50.0,45.0,65.0,3.0,4.0,,,,,,,,,,,,1.0,1.0,1.0,1.0,1.0,1.0,1.0,1.0,2.0,1.0,2.0,2.0,1.0,1.0,2.0,2.0,1.0,2.0,2.0,1.0,1.0,2.0,1.0,1.0,2.0,1.0,2.0,2.0,2.0,2.0,2.0,1.0,2.0,2.0,2.0,2.0,1.0,1.0,2.0,1.0,2.0,1.0,1.0,1.0,2.0,1.0,,,5.0,,,5.0,12.0,,2.0,,
pid_1501,1.0,,1.0,,,,2.0,10.0,1.0,1050.0,,,,50.0,,5.0,1.0,4.0,5.0,5.0,3.0,3.0,5.0,5.0,1.0,3.0,,5.0,,,,,3.0,4.0,2.0,5.0,,2.0,6.0,1.0,3.0,3.0,5.0,6.0,6.0,6.0,50.0,38.0,59.0,55.0,34.0,42.0,67.0,62.0,46.0,19.0,1.0,4.0,,,,,,,,,,,,1.0,2.0,1.0,1.0,2.0,1.0,2.0,2.0,2.0,2.0,2.0,2.0,2.0,2.0,1.0,2.0,2.0,1.0,1.0,1.0,2.0,2.0,1.0,1.0,2.0,2.0,1.0,1.0,2.0,2.0,1.0,1.0,2.0,2.0,2.0,2.0,2.0,1.0,2.0,2.0,1.0,2.0,2.0,2.0,1.0,2.0,,4.0,,,4.0,,5.0,,,6.0,
pid_1502,,2.0,,1.0,,,2.0,4.0,2.0,700.0,,,,62.0,3.0,,5.0,5.0,2.0,5.0,5.0,5.0,5.0,5.0,4.0,5.0,2.0,,,5.0,3.0,1.0,,,,5.0,,2.0,6.0,3.0,1.0,2.0,2.0,6.0,7.0,5.0,40.0,57.0,51.0,67.0,56.0,44.0,58.0,52.0,26.0,78.0,3.0,,6.0,,,,,,,,,,,1.0,2.0,1.0,2.0,2.0,1.0,1.0,2.0,2.0,1.0,2.0,2.0,1.0,2.0,1.0,1.0,2.0,2.0,1.0,1.0,1.0,2.0,2.0,1.0,2.0,1.0,1.0,1.0,2.0,2.0,1.0,1.0,2.0,2.0,2.0,2.0,2.0,1.0,2.0,1.0,1.0,1.0,1.0,2.0,1.0,2.0,4.0,,,5.0,,,,8.0,,3.0,
pid_1503,,2.0,1.0,,2.0,45.0,,,2.0,300.0,,,80.0,,,5.0,2.0,5.0,5.0,1.0,1.0,4.0,5.0,4.0,2.0,2.0,,,5.0,,,,5.0,6.0,3.0,5.0,,1.0,7.0,3.0,6.0,6.0,2.0,3.0,6.0,6.0,30.0,90.0,75.0,50.0,10.0,25.0,80.0,75.0,40.0,50.0,3.0,,6.0,1.0,1.0,1.0,1.0,1.0,1.0,1.0,1.0,1.0,1.0,,,,,,,2.0,1.0,2.0,1.0,2.0,2.0,1.0,2.0,2.0,1.0,1.0,2.0,1.0,2.0,1.0,2.0,1.0,2.0,2.0,1.0,1.0,2.0,1.0,2.0,2.0,1.0,2.0,2.0,2.0,2.0,1.0,2.0,2.0,2.0,1.0,1.0,1.0,2.0,1.0,1.0,,,5.0,,,6.0,20.0,,,,2.0
pid_1504,,2.0,,2.0,2.0,45.0,,,,,1.0,200.0,30.0,,3.0,,5.0,4.0,1.0,1.0,4.0,5.0,5.0,5.0,4.0,4.0,5.0,,,4.0,3.0,4.0,,,,4.0,,1.0,6.0,4.0,6.0,6.0,2.0,5.0,6.0,6.0,51.0,69.0,34.0,33.0,29.0,52.0,45.0,63.0,45.0,45.0,2.0,,5.0,1.0,1.0,1.0,1.0,1.0,1.0,1.0,1.0,1.0,1.0,,,,,,,2.0,2.0,1.0,2.0,2.0,2.0,2.0,1.0,2.0,2.0,1.0,1.0,2.0,2.0,2.0,2.0,2.0,1.0,2.0,2.0,1.0,1.0,2.0,2.0,1.0,1.0,2.0,2.0,1.0,1.0,1.0,2.0,2.0,1.0,2.0,1.0,2.0,1.0,1.0,2.0,4.0,,,4.0,,,20.0,,,7.0,
pid_1505,1.0,,1.0,,,,1.0,30.0,1.0,1500.0,,,10.0,,,4.0,5.0,5.0,1.0,5.0,5.0,5.0,5.0,5.0,5.0,5.0,1.0,,,4.0,4.0,3.0,,,,,5.0,1.0,6.0,2.0,2.0,2.0,5.0,5.0,5.0,5.0,61.0,20.0,37.0,42.0,33.0,36.0,66.0,58.0,15.0,44.0,4.0,6.0,,,,,,,,,,,,1.0,1.0,1.0,1.0,1.0,1.0,1.0,2.0,2.0,2.0,2.0,1.0,1.0,1.0,1.0,2.0,1.0,1.0,1.0,1.0,1.0,2.0,2.0,1.0,1.0,1.0,2.0,1.0,1.0,2.0,1.0,1.0,1.0,2.0,2.0,1.0,2.0,1.0,2.0,1.0,2.0,2.0,2.0,1.0,2.0,1.0,4.0,,,5.0,,,0.0,,,4.0,
pid_1506,,2.0,,2.0,2.0,14.0,,,2.0,300.0,,,84.0,,,4.0,1.0,1.0,5.0,3.0,2.0,1.0,2.0,3.0,1.0,5.0,4.0,,,,,,3.0,3.0,3.0,,4.0,2.0,7.0,2.0,7.0,7.0,5.0,6.0,5.0,5.0,0.0,6.0,100.0,50.0,8.0,0.0,0.0,30.0,0.0,100.0,1.0,6.0,,,,,,,,,,,,1.0,1.0,1.0,1.0,1.0,1.0,1.0,2.0,1.0,2.0,2.0,1.0,1.0,2.0,2.0,2.0,2.0,1.0,1.0,1.0,1.0,1.0,2.0,1.0,1.0,1.0,1.0,1.0,2.0,1.0,2.0,2.0,1.0,1.0,2.0,1.0,1.0,2.0,1.0,1.0,2.0,1.0,1.0,1.0,1.0,1.0,4.0,,,4.0,,,,15.0,,7.0,
pid_1507,1.0,,2.0,,,,2.0,10.0,,,1.0,200.0,,61.0,2.0,,1.0,1.0,5.0,4.0,1.0,1.0,1.0,4.0,1.0,4.0,,1.0,,4.0,6.0,2.0,,,,6.0,,1.0,3.0,1.0,1.0,1.0,5.0,4.0,5.0,5.0,13.0,16.0,80.0,18.0,6.0,7.0,34.0,5.0,33.0,70.0,1.0,6.0,,1.0,1.0,1.0,1.0,1.0,1.0,1.0,1.0,1.0,1.0,,,,,,,1.0,2.0,1.0,2.0,1.0,1.0,2.0,1.0,1.0,2.0,2.0,2.0,1.0,1.0,1.0,1.0,1.0,1.0,1.0,1.0,1.0,2.0,1.0,2.0,1.0,1.0,1.0,2.0,1.0,1.0,1.0,2.0,2.0,2.0,1.0,1.0,1.0,1.0,2.0,2.0,,5.0,,,6.0,,,20.0,2.0,,
pid_1508,,1.0,2.0,,,,1.0,20.0,,,1.0,125.0,,70.0,,4.0,4.0,4.0,3.0,3.0,3.0,4.0,3.0,4.0,3.0,3.0,3.0,,,3.0,3.0,3.0,,,,4.0,,1.0,6.0,4.0,4.0,5.0,2.0,4.0,4.0,5.0,70.0,95.0,50.0,50.0,50.0,70.0,20.0,60.0,50.0,60.0,2.0,3.0,,,,,,,,,,,,1.0,1.0,1.0,1.0,1.0,1.0,1.0,1.0,2.0,2.0,2.0,2.0,1.0,1.0,2.0,2.0,2.0,2.0,1.0,2.0,2.0,1.0,2.0,2.0,2.0,2.0,2.0,2.0,2.0,2.0,2.0,2.0,1.0,2.0,2.0,1.0,2.0,1.0,2.0,2.0,1.0,1.0,2.0,2.0,2.0,1.0,3.0,,,4.0,,,,19.0,,10.0,
pid_1509,,1.0,,2.0,,,1.0,54.0,2.0,400.0,,,33.0,,3.0,,5.0,5.0,1.0,3.0,4.0,5.0,5.0,5.0,5.0,5.0,,1.0,,,,,3.0,3.0,3.0,,5.0,1.0,6.0,1.0,3.0,3.0,2.0,5.0,5.0,5.0,54.0,55.0,49.0,50.0,50.0,46.0,49.0,52.0,40.0,48.0,3.0,5.0,,,,,,,,,,,,1.0,1.0,1.0,1.0,1.0,1.0,2.0,2.0,2.0,2.0,2.0,2.0,2.0,2.0,2.0,2.0,1.0,2.0,2.0,2.0,2.0,1.0,2.0,1.0,1.0,1.0,2.0,2.0,2.0,2.0,2.0,2.0,2.0,2.0,2.0,2.0,2.0,1.0,2.0,2.0,1.0,2.0,2.0,2.0,2.0,1.0,,5.0,,,5.0,,,7.0,,,3.0
pid_1510,,1.0,1.0,,,,2.0,9.0,,,1.0,100.0,,80.0,,5.0,4.0,5.0,5.0,5.0,4.0,5.0,5.0,5.0,2.0,5.0,,4.0,,,,,5.0,4.0,4.0,,5.0,2.0,5.0,5.0,3.0,3.0,2.0,5.0,7.0,7.0,45.0,99.0,65.0,83.0,26.0,75.0,25.0,25.0,50.0,100.0,2.0,,6.0,1.0,1.0,1.0,2.0,1.0,1.0,1.0,2.0,2.0,1.0,,,,,,,1.0,1.0,1.0,1.0,2.0,1.0,1.0,1.0,2.0,2.0,2.0,1.0,1.0,1.0,1.0,1.0,1.0,2.0,1.0,1.0,1.0,2.0,1.0,1.0,1.0,1.0,1.0,2.0,1.0,1.0,1.0,1.0,1.0,1.0,1.0,2.0,1.0,1.0,2.0,2.0,,5.0,,,6.0,,10.0,,,4.0,
pid_1511,,1.0,1.0,,,,1.0,28.0,,,1.0,120.0,,80.0,2.0,,5.0,5.0,1.0,4.0,5.0,5.0,5.0,4.0,5.0,5.0,,5.0,,,,,5.0,1.0,3.0,,6.0,1.0,7.0,2.0,1.0,1.0,1.0,5.0,7.0,7.0,40.0,65.0,10.0,61.0,20.0,30.0,70.0,40.0,55.0,75.0,2.0,3.0,,,,,,,,,,,,1.0,1.0,1.0,1.0,2.0,2.0,1.0,2.0,2.0,1.0,2.0,1.0,1.0,1.0,2.0,2.0,1.0,2.0,1.0,2.0,2.0,2.0,1.0,2.0,2.0,2.0,2.0,2.0,2.0,2.0,1.0,1.0,1.0,1.0,1.0,2.0,2.0,1.0,1.0,2.0,2.0,1.0,2.0,2.0,2.0,1.0,,5.0,,,6.0,,2.0,,,4.0,
pid_1512,2.0,,,1.0,,,1.0,20.0,,,1.0,120.0,30.0,,2.0,,4.0,3.0,5.0,5.0,2.0,2.0,2.0,4.0,2.0,3.0,,1.0,,,,,4.0,4.0,2.0,3.0,,2.0,6.0,1.0,5.0,1.0,2.0,6.0,6.0,6.0,70.0,0.0,100.0,80.0,0.0,20.0,30.0,70.0,0.0,0.0,1.0,,4.0,,,,,,,,,,,1.0,1.0,1.0,1.0,1.0,1.0,2.0,2.0,1.0,2.0,2.0,1.0,2.0,1.0,1.0,1.0,2.0,2.0,2.0,2.0,2.0,2.0,2.0,2.0,2.0,2.0,1.0,2.0,2.0,2.0,2.0,2.0,2.0,2.0,2.0,2.0,2.0,2.0,2.0,1.0,2.0,2.0,2.0,2.0,1.0,1.0,,3.0,,,4.0,,,10.0,,1.0,
pid_1513,,2.0,,1.0,,,1.0,24.0,,,1.0,145.0,20.0,,2.0,,5.0,5.0,4.0,4.0,3.0,4.0,3.0,4.0,4.0,4.0,1.0,,,1.0,4.0,2.0,,,,,6.0,1.0,4.0,5.0,3.0,3.0,1.0,5.0,5.0,5.0,72.0,59.0,62.0,63.0,61.0,48.0,50.0,37.0,66.0,54.0,2.0,,6.0,,,,,,,,,,,1.0,1.0,2.0,1.0,1.0,2.0,1.0,1.0,1.0,1.0,1.0,1.0,1.0,1.0,2.0,1.0,2.0,2.0,1.0,2.0,1.0,2.0,1.0,2.0,2.0,2.0,1.0,2.0,1.0,1.0,1.0,2.0,2.0,2.0,1.0,2.0,1.0,2.0,1.0,1.0,2.0,2.0,1.0,1.0,1.0,2.0,2.0,,,4.0,,,,15.0,,,3.0
pid_1514,1.0,,,1.0,,,1.0,30.0,,,1.0,150.0,,70.0,5.0,,4.0,3.0,5.0,3.0,3.0,4.0,3.0,3.0,3.0,3.0,4.0,,,3.0,4.0,2.0,,,,,4.0,2.0,7.0,1.0,4.0,4.0,5.0,6.0,4.0,6.0,50.0,50.0,50.0,50.0,50.0,50.0,50.0,50.0,50.0,50.0,3.0,6.0,,2.0,1.0,2.0,2.0,1.0,1.0,1.0,1.0,1.0,1.0,,,,,,,2.0,1.0,1.0,1.0,2.0,2.0,2.0,2.0,2.0,1.0,1.0,1.0,2.0,2.0,1.0,1.0,2.0,1.0,1.0,1.0,1.0,2.0,1.0,1.0,1.0,1.0,1.0,1.0,2.0,2.0,2.0,1.0,2.0,1.0,1.0,1.0,1.0,1.0,2.0,1.0,5.0,,,4.0,,,10.0,,2.0,,
pid_1515,,2.0,1.0,,2.0,3.0,,,2.0,740.0,,,17.0,,,4.0,5.0,5.0,2.0,2.0,5.0,4.0,5.0,5.0,5.0,5.0,,3.0,,,,,4.0,4.0,4.0,4.0,,1.0,6.0,1.0,6.0,5.0,1.0,6.0,7.0,6.0,66.0,73.0,45.0,49.0,52.0,53.0,72.0,84.0,61.0,87.0,3.0,,6.0,,,,,,,,,,,1.0,1.0,1.0,2.0,1.0,1.0,2.0,2.0,2.0,2.0,1.0,2.0,2.0,2.0,2.0,2.0,2.0,2.0,1.0,2.0,2.0,1.0,2.0,2.0,1.0,1.0,2.0,2.0,2.0,2.0,2.0,2.0,1.0,2.0,2.0,2.0,2.0,1.0,1.0,2.0,2.0,2.0,1.0,2.0,2.0,2.0,,4.0,,,6.0,,,18.0,,,2.0
pid_1516,,1.0,1.0,,,,1.0,20.0,,,1.0,1000.0,75.0,,,5.0,4.0,5.0,2.0,3.0,3.0,2.0,4.0,5.0,5.0,5.0,,5.0,,3.0,2.0,2.0,,,,,3.0,1.0,6.0,3.0,4.0,5.0,2.0,3.0,4.0,5.0,30.0,95.0,54.0,58.0,22.0,20.0,61.0,81.0,59.0,93.0,3.0,5.0,,,,,,,,,,,,1.0,1.0,1.0,1.0,1.0,1.0,1.0,2.0,2.0,2.0,2.0,2.0,1.0,2.0,2.0,2.0,2.0,2.0,2.0,2.0,2.0,2.0,2.0,2.0,2.0,2.0,1.0,2.0,2.0,1.0,1.0,2.0,2.0,2.0,1.0,1.0,2.0,2.0,2.0,2.0,2.0,2.0,2.0,1.0,1.0,2.0,,3.0,,,4.0,,,10.0,,10.0,
pid_1517,1.0,,,1.0,1.0,23.0,,,,,1.0,269.0,,70.0,3.0,,4.0,5.0,1.0,1.0,4.0,4.0,5.0,5.0,5.0,5.0,,4.0,,5.0,5.0,2.0,,,,,2.0,1.0,5.0,4.0,4.0,4.0,2.0,4.0,6.0,6.0,40.0,45.0,41.0,14.0,24.0,14.0,56.0,36.0,34.0,21.0,3.0,,6.0,1.0,1.0,1.0,2.0,1.0,2.0,1.0,1.0,1.0,2.0,,,,,,,1.0,2.0,2.0,1.0,2.0,2.0,1.0,2.0,2.0,2.0,2.0,1.0,2.0,2.0,1.0,1.0,2.0,1.0,2.0,2.0,2.0,2.0,1.0,2.0,2.0,1.0,1.0,2.0,2.0,2.0,2.0,2.0,2.0,1.0,2.0,1.0,2.0,2.0,2.0,2.0,,5.0,,,6.0,,3.0,,,5.0,
pid_1518,,1.0,2.0,,2.0,40.0,,,,,1.0,120.0,72.0,,1.0,,3.0,2.0,5.0,4.0,1.0,2.0,2.0,4.0,2.0,4.0,,3.0,,,,,3.0,4.0,4.0,2.0,,1.0,5.0,2.0,2.0,3.0,3.0,6.0,7.0,6.0,8.0,4.0,100.0,49.0,3.0,34.0,1.0,61.0,4.0,87.0,2.0,,4.0,,,,,,,,,,,1.0,1.0,1.0,1.0,1.0,1.0,2.0,1.0,1.0,2.0,2.0,2.0,1.0,1.0,1.0,2.0,2.0,1.0,1.0,2.0,1.0,2.0,2.0,2.0,1.0,1.0,2.0,1.0,1.0,1.0,2.0,1.0,2.0,1.0,2.0,1.0,1.0,2.0,2.0,2.0,1.0,1.0,1.0,2.0,2.0,1.0,,5.0,,,3.0,,,7.0,3.0,,
pid_1519,2.0,,,2.0,,,2.0,8.0,1.0,1500.0,,,30.0,,1.0,,4.0,5.0,2.0,4.0,4.0,4.0,5.0,5.0,5.0,4.0,,,4.0,3.0,5.0,2.0,,,,4.0,,2.0,5.0,2.0,6.0,6.0,5.0,3.0,6.0,6.0,41.0,56.0,57.0,49.0,35.0,31.0,41.0,53.0,47.0,42.0,1.0,,6.0,1.0,1.0,1.0,1.0,1.0,1.0,1.0,1.0,1.0,1.0,,,,,,,2.0,1.0,1.0,2.0,1.0,2.0,1.0,2.0,1.0,2.0,2.0,2.0,1.0,2.0,1.0,2.0,1.0,2.0,2.0,2.0,1.0,2.0,2.0,2.0,2.0,1.0,2.0,1.0,2.0,1.0,2.0,1.0,1.0,2.0,1.0,2.0,2.0,2.0,1.0,1.0,,,4.0,,,2.0,,15.0,,,2.0
pid_1520,,2.0,1.0,,,,2.0,4.0,1.0,3000.0,,,,30.0,,4.0,2.0,4.0,4.0,4.0,3.0,2.0,1.0,3.0,3.0,4.0,,2.0,,,,,3.0,4.0,3.0,,4.0,1.0,7.0,4.0,5.0,5.0,1.0,4.0,6.0,5.0,40.0,65.0,65.0,50.0,50.0,55.0,35.0,60.0,45.0,50.0,1.0,6.0,,1.0,1.0,1.0,1.0,1.0,1.0,1.0,1.0,1.0,1.0,,,,,,,1.0,2.0,2.0,1.0,1.0,2.0,1.0,2.0,1.0,2.0,2.0,1.0,1.0,1.0,2.0,2.0,1.0,1.0,2.0,2.0,2.0,2.0,1.0,1.0,1.0,2.0,2.0,2.0,2.0,1.0,1.0,1.0,2.0,1.0,1.0,2.0,1.0,1.0,1.0,1.0,,5.0,,,6.0,,,16.0,1.0,,
pid_1521,,2.0,1.0,,,,2.0,5.0,,,1.0,300.0,30.0,,2.0,,5.0,5.0,1.0,3.0,5.0,5.0,5.0,5.0,5.0,5.0,,1.0,,,,,3.0,3.0,2.0,,6.0,2.0,7.0,1.0,2.0,2.0,2.0,7.0,6.0,7.0,55.0,65.0,30.0,60.0,60.0,65.0,65.0,60.0,55.0,70.0,2.0,,6.0,,,,,,,,,,,1.0,1.0,2.0,1.0,1.0,2.0,2.0,2.0,2.0,2.0,2.0,2.0,2.0,2.0,2.0,2.0,2.0,2.0,2.0,2.0,1.0,2.0,2.0,2.0,2.0,2.0,2.0,2.0,2.0,1.0,2.0,1.0,2.0,2.0,2.0,2.0,2.0,2.0,2.0,2.0,1.0,1.0,2.0,2.0,2.0,2.0,,5.0,,,6.0,,,15.0,,4.0,
pid_1522,,1.0,,2.0,,,1.0,30.0,,,1.0,150.0,70.0,,4.0,,4.0,5.0,4.0,4.0,5.0,5.0,4.0,4.0,4.0,5.0,,,2.0,,,,4.0,3.0,5.0,,4.0,1.0,6.0,3.0,3.0,3.0,3.0,6.0,6.0,6.0,70.0,75.0,50.0,75.0,50.0,60.0,60.0,80.0,40.0,80.0,3.0,5.0,,,,,,,,,,,,1.0,1.0,1.0,1.0,2.0,2.0,1.0,1.0,2.0,1.0,1.0,2.0,2.0,2.0,2.0,1.0,2.0,2.0,2.0,2.0,1.0,2.0,2.0,2.0,2.0,2.0,2.0,2.0,1.0,1.0,2.0,1.0,1.0,2.0,2.0,2.0,2.0,2.0,1.0,1.0,2.0,2.0,2.0,1.0,2.0,2.0,,,5.0,,,6.0,20.0,,,10.0,
pid_1523,,2.0,,2.0,,,1.0,50.0,,,1.0,100.0,83.0,,1.0,,4.0,1.0,5.0,3.0,2.0,4.0,1.0,1.0,1.0,2.0,,,4.0,,,,5.0,4.0,3.0,,3.0,1.0,7.0,2.0,5.0,4.0,7.0,6.0,6.0,7.0,78.0,48.0,79.0,48.0,37.0,32.0,23.0,28.0,16.0,37.0,3.0,6.0,,1.0,1.0,1.0,2.0,1.0,1.0,1.0,1.0,2.0,2.0,,,,,,,2.0,1.0,2.0,2.0,2.0,2.0,1.0,1.0,1.0,2.0,1.0,2.0,2.0,1.0,1.0,2.0,1.0,2.0,2.0,2.0,2.0,1.0,2.0,1.0,1.0,2.0,2.0,2.0,2.0,2.0,2.0,2.0,2.0,2.0,2.0,2.0,2.0,2.0,2.0,1.0,,,5.0,,,5.0,20.0,,3.0,,
pid_1524,1.0,,,1.0,2.0,1.0,,,,,1.0,300.0,,70.0,,1.0,5.0,1.0,1.0,4.0,2.0,4.0,5.0,2.0,5.0,4.0,2.0,,,,,,2.0,3.0,5.0,3.0,,2.0,6.0,2.0,3.0,2.0,3.0,6.0,5.0,7.0,75.0,20.0,50.0,65.0,20.0,70.0,80.0,50.0,60.0,75.0,2.0,,6.0,1.0,1.0,2.0,1.0,1.0,1.0,2.0,1.0,1.0,2.0,,,,,,,1.0,2.0,2.0,2.0,1.0,1.0,2.0,2.0,1.0,2.0,2.0,1.0,1.0,2.0,2.0,2.0,2.0,2.0,1.0,2.0,2.0,2.0,2.0,2.0,2.0,2.0,2.0,2.0,1.0,2.0,1.0,2.0,1.0,2.0,1.0,2.0,1.0,2.0,2.0,2.0,5.0,,,4.0,,,,17.0,,,3.0
pid_1525,2.0,,,2.0,,,1.0,54.0,2.0,379.0,,,29.0,,4.0,,4.0,5.0,1.0,3.0,4.0,5.0,4.0,5.0,5.0,3.0,,,3.0,3.0,5.0,4.0,,,,,2.0,2.0,2.0,1.0,1.0,3.0,2.0,6.0,7.0,4.0,65.0,100.0,8.0,17.0,80.0,61.0,15.0,65.0,82.0,68.0,4.0,,6.0,,,,,,,,,,,2.0,1.0,1.0,2.0,2.0,1.0,2.0,1.0,1.0,2.0,1.0,1.0,1.0,2.0,2.0,1.0,1.0,2.0,1.0,1.0,2.0,1.0,1.0,1.0,1.0,2.0,2.0,1.0,2.0,1.0,1.0,2.0,1.0,2.0,2.0,1.0,2.0,1.0,2.0,2.0,2.0,1.0,1.0,2.0,1.0,2.0,,,5.0,,,3.0,,15.0,,4.0,
pid_1526,,2.0,2.0,,2.0,13.0,,,,,1.0,95.0,94.0,,,2.0,4.0,2.0,4.0,5.0,2.0,5.0,5.0,2.0,4.0,5.0,,1.0,,,,,5.0,5.0,2.0,,5.0,2.0,6.0,2.0,2.0,5.0,3.0,6.0,6.0,7.0,36.0,40.0,71.0,74.0,11.0,47.0,67.0,8.0,26.0,70.0,2.0,,6.0,1.0,1.0,1.0,2.0,1.0,2.0,2.0,1.0,2.0,1.0,,,,,,,1.0,2.0,2.0,1.0,1.0,2.0,1.0,1.0,1.0,1.0,1.0,2.0,1.0,1.0,1.0,2.0,2.0,2.0,1.0,1.0,1.0,1.0,1.0,2.0,1.0,1.0,1.0,1.0,2.0,2.0,2.0,1.0,2.0,1.0,1.0,2.0,2.0,1.0,2.0,1.0,,4.0,,,5.0,,18.0,,,,7.0
pid_1527,1.0,,,1.0,,,2.0,30.0,,,2.0,65.0,,70.0,,2.0,5.0,5.0,2.0,3.0,4.0,5.0,5.0,5.0,5.0,4.0,,2.0,,3.0,2.0,1.0,,,,6.0,,1.0,6.0,1.0,2.0,5.0,2.0,7.0,7.0,5.0,80.0,90.0,75.0,20.0,60.0,100.0,50.0,50.0,40.0,30.0,3.0,,6.0,2.0,2.0,1.0,2.0,1.0,1.0,2.0,2.0,1.0,1.0,,,,,,,1.0,2.0,1.0,2.0,1.0,2.0,1.0,2.0,2.0,2.0,1.0,2.0,1.0,2.0,1.0,2.0,2.0,2.0,2.0,1.0,1.0,2.0,2.0,2.0,2.0,1.0,1.0,1.0,1.0,1.0,2.0,1.0,1.0,2.0,1.0,1.0,2.0,1.0,1.0,2.0,,4.0,,,6.0,,20.0,,2.0,,
pid_1528,,2.0,1.0,,,,2.0,10.0,2.0,350.0,,,1.0,,4.0,,4.0,5.0,5.0,3.0,4.0,5.0,5.0,5.0,3.0,4.0,,4.0,,4.0,4.0,2.0,,,,4.0,,2.0,7.0,4.0,6.0,6.0,3.0,5.0,4.0,4.0,40.0,49.0,56.0,40.0,30.0,40.0,45.0,44.0,48.0,34.0,1.0,,6.0,1.0,1.0,1.0,2.0,1.0,1.0,1.0,2.0,1.0,2.0,,,,,,,2.0,2.0,2.0,1.0,1.0,2.0,2.0,1.0,2.0,2.0,2.0,1.0,2.0,2.0,1.0,2.0,2.0,2.0,2.0,1.0,1.0,2.0,2.0,2.0,1.0,1.0,1.0,1.0,2.0,2.0,2.0,1.0,2.0,2.0,1.0,2.0,2.0,1.0,2.0,2.0,,4.0,,,3.0,,,20.0,1.0,,
pid_1529,,1.0,2.0,,1.0,67.0,,,,,1.0,300.0,30.0,,,3.0,5.0,5.0,2.0,3.0,4.0,5.0,5.0,3.0,5.0,5.0,,,5.0,,,,2.0,4.0,5.0,5.0,,1.0,6.0,2.0,7.0,5.0,5.0,7.0,7.0,7.0,30.0,57.0,66.0,33.0,25.0,45.0,59.0,67.0,44.0,70.0,3.0,6.0,,,,,,,,,,,,1.0,1.0,2.0,1.0,1.0,2.0,1.0,1.0,2.0,1.0,1.0,1.0,1.0,1.0,2.0,1.0,1.0,1.0,2.0,2.0,2.0,2.0,2.0,1.0,2.0,2.0,2.0,2.0,1.0,2.0,2.0,2.0,1.0,2.0,2.0,1.0,2.0,1.0,1.0,1.0,1.0,1.0,1.0,1.0,1.0,1.0,,,5.0,,,6.0,,3.0,,,2.0
pid_1531,2.0,,,1.0,,,1.0,54.0,,,1.0,115.0,68.0,,3.0,,5.0,1.0,1.0,2.0,5.0,5.0,5.0,5.0,5.0,5.0,1.0,,,4.0,3.0,2.0,,,,,4.0,1.0,6.0,3.0,1.0,1.0,2.0,5.0,7.0,7.0,79.0,10.0,23.0,12.0,46.0,50.0,76.0,72.0,81.0,54.0,3.0,,6.0,1.0,1.0,2.0,1.0,1.0,2.0,1.0,1.0,1.0,2.0,,,,,,,2.0,1.0,2.0,2.0,2.0,2.0,2.0,2.0,2.0,1.0,2.0,1.0,1.0,1.0,1.0,2.0,2.0,2.0,2.0,2.0,2.0,1.0,2.0,1.0,2.0,2.0,2.0,2.0,1.0,2.0,1.0,2.0,2.0,1.0,1.0,1.0,2.0,2.0,2.0,2.0,5.0,,,6.0,,,15.0,,4.0,,
pid_1532,2.0,,,1.0,2.0,58.0,,,2.0,360.0,,,30.0,,4.0,,3.0,5.0,5.0,5.0,5.0,3.0,5.0,4.0,1.0,4.0,,1.0,,,,,3.0,5.0,6.0,,5.0,2.0,6.0,1.0,1.0,2.0,1.0,5.0,7.0,7.0,61.0,90.0,49.0,95.0,57.0,70.0,49.0,91.0,47.0,71.0,3.0,6.0,,1.0,1.0,1.0,2.0,1.0,1.0,1.0,2.0,2.0,1.0,,,,,,,2.0,2.0,1.0,2.0,2.0,2.0,2.0,1.0,2.0,2.0,2.0,1.0,1.0,2.0,1.0,1.0,1.0,2.0,1.0,2.0,1.0,1.0,1.0,2.0,1.0,1.0,1.0,2.0,2.0,1.0,1.0,1.0,1.0,2.0,1.0,2.0,2.0,2.0,1.0,1.0,,4.0,,,5.0,,,18.0,,,4.0
pid_1533,,1.0,,2.0,2.0,40.0,,,2.0,330.0,,,20.0,,,4.0,4.0,5.0,3.0,4.0,4.0,4.0,5.0,4.0,3.0,5.0,2.0,,,2.0,3.0,2.0,,,,6.0,,2.0,3.0,2.0,2.0,3.0,2.0,5.0,5.0,6.0,45.0,100.0,90.0,50.0,50.0,50.0,80.0,60.0,40.0,100.0,3.0,6.0,,,,,,,,,,,,1.0,1.0,2.0,1.0,2.0,1.0,1.0,2.0,2.0,1.0,2.0,2.0,2.0,1.0,2.0,1.0,2.0,2.0,2.0,2.0,2.0,2.0,2.0,2.0,2.0,2.0,2.0,1.0,2.0,2.0,2.0,2.0,1.0,1.0,2.0,1.0,2.0,2.0,2.0,1.0,1.0,2.0,1.0,1.0,1.0,2.0,5.0,,,5.0,,,20.0,,,4.0,
pid_1534,1.0,,,1.0,,,2.0,3.0,1.0,1500.0,,,30.0,,,4.0,4.0,5.0,1.0,5.0,5.0,3.0,5.0,5.0,4.0,5.0,,4.0,,,,,4.0,3.0,2.0,,4.0,2.0,6.0,1.0,1.0,5.0,2.0,7.0,7.0,7.0,42.0,81.0,64.0,54.0,52.0,53.0,28.0,33.0,10.0,100.0,1.0,,6.0,1.0,2.0,1.0,1.0,1.0,1.0,2.0,1.0,2.0,1.0,,,,,,,2.0,2.0,1.0,1.0,1.0,1.0,1.0,1.0,2.0,2.0,1.0,1.0,1.0,1.0,2.0,1.0,2.0,2.0,1.0,1.0,1.0,1.0,1.0,1.0,1.0,2.0,2.0,1.0,1.0,1.0,2.0,2.0,1.0,2.0,2.0,1.0,1.0,1.0,1.0,1.0,,5.0,,,6.0,,20.0,,,9.0,
pid_1535,1.0,,1.0,,2.0,50.0,,,2.0,890.0,,,79.0,,4.0,,2.0,4.0,4.0,4.0,2.0,2.0,4.0,4.0,2.0,4.0,1.0,,,,,,3.0,5.0,3.0,,4.0,1.0,3.0,5.0,2.0,2.0,2.0,5.0,6.0,6.0,83.0,83.0,48.0,74.0,24.0,42.0,88.0,71.0,53.0,94.0,2.0,6.0,,,,,,,,,,,,1.0,2.0,1.0,2.0,2.0,1.0,2.0,2.0,1.0,1.0,2.0,2.0,2.0,2.0,2.0,2.0,2.0,2.0,1.0,1.0,2.0,2.0,1.0,2.0,2.0,2.0,1.0,2.0,1.0,1.0,2.0,2.0,1.0,1.0,1.0,2.0,1.0,2.0,2.0,1.0,2.0,1.0,1.0,1.0,1.0,2.0,4.0,,,3.0,,,18.0,,,,3.0
pid_1536,1.0,,,1.0,,,1.0,25.0,,,1.0,100.0,80.0,,1.0,,4.0,5.0,5.0,4.0,4.0,1.0,2.0,5.0,5.0,5.0,,1.0,,,,,2.0,4.0,4.0,,4.0,1.0,7.0,5.0,5.0,5.0,5.0,6.0,7.0,7.0,20.0,2.0,100.0,50.0,10.0,0.0,70.0,85.0,30.0,100.0,3.0,,6.0,,,,,,,,,,,2.0,2.0,1.0,2.0,1.0,2.0,2.0,2.0,1.0,2.0,2.0,2.0,2.0,2.0,2.0,2.0,2.0,2.0,2.0,1.0,2.0,2.0,2.0,2.0,2.0,2.0,2.0,2.0,2.0,1.0,2.0,2.0,1.0,2.0,2.0,2.0,1.0,2.0,2.0,2.0,1.0,2.0,1.0,2.0,1.0,2.0,,5.0,,,5.0,,20.0,,2.0,,
pid_1537,2.0,,1.0,,,,1.0,21.0,2.0,400.0,,,85.0,,,3.0,5.0,5.0,4.0,5.0,1.0,4.0,1.0,4.0,5.0,5.0,,1.0,,,,,3.0,5.0,5.0,6.0,,1.0,7.0,2.0,5.0,2.0,5.0,7.0,4.0,6.0,30.0,95.0,30.0,75.0,10.0,35.0,50.0,60.0,45.0,95.0,4.0,,6.0,1.0,1.0,1.0,1.0,1.0,1.0,1.0,1.0,1.0,1.0,,,,,,,2.0,2.0,2.0,2.0,1.0,1.0,1.0,2.0,2.0,2.0,2.0,2.0,2.0,2.0,2.0,2.0,2.0,2.0,2.0,2.0,2.0,1.0,2.0,2.0,2.0,2.0,2.0,2.0,2.0,2.0,1.0,2.0,2.0,2.0,2.0,2.0,2.0,2.0,2.0,2.0,,5.0,,,6.0,,18.0,,,6.0,
pid_1538,1.0,,,1.0,2.0,48.0,,,,,1.0,90.0,,80.0,3.0,,4.0,5.0,2.0,2.0,4.0,4.0,5.0,5.0,5.0,5.0,,3.0,,,,,2.0,4.0,4.0,6.0,,1.0,7.0,2.0,4.0,3.0,5.0,7.0,6.0,7.0,48.0,55.0,41.0,35.0,33.0,33.0,31.0,31.0,40.0,36.0,3.0,5.0,,,,,,,,,,,,1.0,1.0,2.0,1.0,1.0,2.0,2.0,2.0,1.0,1.0,1.0,2.0,2.0,1.0,2.0,1.0,1.0,1.0,2.0,2.0,2.0,2.0,2.0,2.0,1.0,1.0,1.0,1.0,1.0,2.0,2.0,1.0,2.0,1.0,2.0,2.0,2.0,2.0,2.0,2.0,2.0,1.0,2.0,2.0,2.0,2.0,,5.0,,,5.0,,12.0,,2.0,,
pid_1539,,1.0,1.0,,2.0,50.0,,,2.0,500.0,,,75.0,,,4.0,5.0,5.0,1.0,1.0,5.0,5.0,5.0,5.0,5.0,5.0,2.0,,,,,,4.0,4.0,4.0,5.0,,2.0,7.0,2.0,3.0,2.0,2.0,6.0,5.0,6.0,39.0,65.0,60.0,33.0,20.0,10.0,35.0,70.0,80.0,80.0,3.0,3.0,,1.0,2.0,1.0,2.0,1.0,1.0,1.0,1.0,2.0,1.0,,,,,,,1.0,2.0,1.0,1.0,2.0,1.0,2.0,2.0,1.0,1.0,1.0,2.0,1.0,1.0,2.0,2.0,2.0,1.0,2.0,1.0,1.0,2.0,1.0,1.0,2.0,2.0,2.0,1.0,1.0,1.0,2.0,2.0,2.0,2.0,1.0,2.0,2.0,1.0,2.0,2.0,4.0,,,2.0,,,,10.0,,,3.0
pid_1540,1.0,,2.0,,,,1.0,30.0,,,1.0,50.0,30.0,,,4.0,3.0,3.0,4.0,3.0,4.0,4.0,3.0,3.0,4.0,3.0,2.0,,,,,,5.0,2.0,2.0,,2.0,1.0,6.0,3.0,3.0,4.0,4.0,5.0,4.0,3.0,51.0,70.0,52.0,53.0,71.0,50.0,50.0,68.0,68.0,70.0,2.0,,6.0,1.0,1.0,1.0,2.0,1.0,1.0,1.0,1.0,2.0,2.0,,,,,,,1.0,2.0,2.0,2.0,1.0,1.0,2.0,1.0,1.0,1.0,1.0,2.0,1.0,2.0,2.0,1.0,1.0,2.0,2.0,1.0,2.0,1.0,2.0,1.0,1.0,1.0,2.0,2.0,2.0,2.0,1.0,2.0,2.0,1.0,2.0,1.0,1.0,1.0,1.0,1.0,4.0,,,5.0,,,,12.0,,7.0,
pid_1541,,2.0,,2.0,2.0,50.0,,,2.0,400.0,,,71.0,,2.0,,4.0,3.0,4.0,5.0,4.0,5.0,4.0,5.0,4.0,5.0,,,4.0,4.0,3.0,2.0,,,,4.0,,1.0,5.0,3.0,4.0,5.0,4.0,5.0,5.0,6.0,73.0,78.0,50.0,68.0,67.0,71.0,67.0,66.0,84.0,77.0,2.0,2.0,,,,,,,,,,,,1.0,1.0,2.0,1.0,2.0,2.0,1.0,1.0,1.0,1.0,1.0,1.0,2.0,1.0,1.0,1.0,2.0,1.0,2.0,2.0,1.0,2.0,1.0,1.0,1.0,1.0,1.0,1.0,2.0,1.0,2.0,1.0,2.0,1.0,1.0,2.0,1.0,2.0,2.0,2.0,1.0,1.0,2.0,2.0,2.0,1.0,,,4.0,,,6.0,,15.0,,5.0,
pid_1542,,2.0,,2.0,2.0,49.0,,,,,1.0,200.0,72.0,,,6.0,1.0,2.0,5.0,4.0,1.0,1.0,1.0,4.0,2.0,3.0,,,2.0,,,,3.0,4.0,5.0,,3.0,2.0,5.0,5.0,3.0,3.0,5.0,5.0,6.0,7.0,12.0,96.0,98.0,64.0,13.0,6.0,4.0,61.0,48.0,84.0,1.0,,6.0,,,,,,,,,,,1.0,1.0,2.0,1.0,1.0,2.0,1.0,1.0,2.0,2.0,2.0,2.0,2.0,2.0,2.0,2.0,2.0,2.0,1.0,2.0,2.0,2.0,2.0,2.0,1.0,2.0,2.0,1.0,2.0,2.0,1.0,1.0,2.0,2.0,1.0,1.0,2.0,2.0,2.0,1.0,2.0,2.0,2.0,2.0,2.0,2.0,,,4.0,,,3.0,5.0,,,9.0,
pid_1543,1.0,,2.0,,2.0,30.0,,,,,1.0,380.0,30.0,,3.0,,3.0,3.0,3.0,5.0,3.0,3.0,5.0,4.0,3.0,5.0,,,2.0,3.0,5.0,5.0,,,,,4.0,2.0,5.0,1.0,1.0,1.0,3.0,7.0,6.0,5.0,30.0,20.0,20.0,100.0,10.0,10.0,80.0,50.0,15.0,100.0,3.0,6.0,,,,,,,,,,,,1.0,1.0,2.0,1.0,2.0,1.0,1.0,1.0,2.0,2.0,2.0,1.0,2.0,1.0,2.0,2.0,1.0,2.0,2.0,1.0,1.0,1.0,2.0,2.0,2.0,2.0,1.0,2.0,1.0,2.0,1.0,2.0,1.0,1.0,2.0,1.0,1.0,1.0,2.0,1.0,1.0,2.0,2.0,1.0,1.0,2.0,,,5.0,,,4.0,20.0,,3.0,,
pid_1544,,2.0,,1.0,2.0,50.0,,,2.0,350.0,,,30.0,,1.0,,4.0,3.0,2.0,5.0,4.0,5.0,5.0,2.0,5.0,5.0,,4.0,,,,,1.0,3.0,2.0,,4.0,1.0,4.0,2.0,2.0,2.0,7.0,5.0,6.0,4.0,57.0,45.0,46.0,69.0,60.0,52.0,54.0,51.0,50.0,51.0,3.0,,6.0,1.0,1.0,1.0,2.0,1.0,1.0,1.0,2.0,1.0,1.0,,,,,,,2.0,2.0,2.0,1.0,1.0,2.0,2.0,2.0,2.0,2.0,1.0,1.0,1.0,1.0,2.0,2.0,2.0,2.0,1.0,2.0,1.0,1.0,2.0,1.0,2.0,1.0,1.0,2.0,1.0,2.0,2.0,1.0,1.0,1.0,2.0,2.0,1.0,1.0,1.0,2.0,,5.0,,,6.0,,14.0,,,6.0,
pid_1545,,2.0,,2.0,,,1.0,25.0,2.0,200.0,,,,70.0,,4.0,3.0,3.0,4.0,4.0,3.0,3.0,2.0,4.0,2.0,3.0,2.0,,,3.0,3.0,2.0,,,,,4.0,1.0,6.0,1.0,1.0,1.0,3.0,7.0,7.0,7.0,49.0,50.0,65.0,60.0,45.0,42.0,45.0,54.0,46.0,50.0,3.0,5.0,,,,,,,,,,,,1.0,1.0,2.0,1.0,1.0,2.0,2.0,2.0,2.0,2.0,2.0,2.0,2.0,1.0,2.0,2.0,1.0,2.0,2.0,2.0,1.0,1.0,1.0,1.0,2.0,2.0,1.0,1.0,1.0,1.0,1.0,2.0,2.0,2.0,2.0,2.0,2.0,1.0,1.0,1.0,1.0,2.0,1.0,1.0,1.0,2.0,5.0,,,5.0,,,20.0,,1.0,,
pid_1546,,2.0,,2.0,2.0,54.0,,,2.0,360.0,,,,40.0,,4.0,5.0,5.0,1.0,3.0,3.0,5.0,5.0,3.0,5.0,5.0,,4.0,,,,,5.0,4.0,5.0,,5.0,1.0,7.0,4.0,4.0,4.0,2.0,5.0,6.0,5.0,51.0,42.0,25.0,25.0,27.0,62.0,51.0,27.0,43.0,67.0,4.0,3.0,,,,,,,,,,,,1.0,1.0,2.0,1.0,1.0,1.0,2.0,1.0,1.0,2.0,1.0,1.0,1.0,2.0,2.0,1.0,2.0,1.0,1.0,1.0,1.0,2.0,1.0,2.0,2.0,2.0,1.0,2.0,2.0,1.0,1.0,1.0,1.0,2.0,2.0,1.0,1.0,2.0,1.0,1.0,1.0,1.0,1.0,1.0,1.0,1.0,,4.0,,,6.0,,20.0,,,,2.0
pid_1547,2.0,,2.0,,,,2.0,10.0,2.0,300.0,,,40.0,,1.0,,4.0,5.0,5.0,2.0,4.0,5.0,5.0,4.0,2.0,4.0,4.0,,,1.0,1.0,1.0,,,,,6.0,2.0,7.0,2.0,5.0,6.0,2.0,4.0,6.0,5.0,62.0,62.0,71.0,18.0,80.0,100.0,100.0,27.0,40.0,8.0,4.0,7.0,,,,,,,,,,,,1.0,2.0,1.0,1.0,2.0,1.0,2.0,1.0,1.0,2.0,1.0,2.0,1.0,2.0,1.0,2.0,2.0,2.0,2.0,2.0,1.0,2.0,2.0,1.0,1.0,2.0,1.0,2.0,1.0,1.0,2.0,2.0,1.0,2.0,1.0,2.0,2.0,1.0,1.0,2.0,2.0,2.0,1.0,1.0,1.0,2.0,5.0,,,5.0,,,20.0,,,,4.0
pid_1548,,2.0,2.0,,2.0,32.0,,,,,1.0,400.0,33.0,,,2.0,5.0,5.0,1.0,5.0,5.0,5.0,5.0,5.0,5.0,5.0,,,2.0,,,,3.0,5.0,5.0,,6.0,2.0,7.0,4.0,4.0,5.0,3.0,6.0,5.0,5.0,80.0,100.0,7.0,100.0,80.0,100.0,100.0,100.0,100.0,100.0,3.0,,6.0,,,,,,,,,,,1.0,1.0,1.0,1.0,2.0,2.0,1.0,2.0,1.0,2.0,1.0,2.0,2.0,2.0,2.0,1.0,2.0,2.0,1.0,2.0,2.0,1.0,2.0,2.0,1.0,2.0,1.0,1.0,1.0,2.0,2.0,2.0,1.0,1.0,1.0,1.0,2.0,2.0,1.0,1.0,2.0,1.0,2.0,2.0,1.0,2.0,,,5.0,,,4.0,,10.0,,2.0,
pid_1549,,2.0,1.0,,,,2.0,7.0,1.0,1300.0,,,10.0,,3.0,,4.0,5.0,2.0,4.0,5.0,3.0,5.0,3.0,5.0,5.0,,,4.0,3.0,4.0,2.0,,,,5.0,,2.0,5.0,2.0,3.0,3.0,1.0,3.0,7.0,6.0,62.0,50.0,6.0,58.0,75.0,54.0,82.0,57.0,88.0,57.0,3.0,5.0,,1.0,2.0,1.0,1.0,1.0,1.0,1.0,1.0,2.0,2.0,,,,,,,1.0,2.0,1.0,1.0,2.0,1.0,1.0,2.0,2.0,1.0,2.0,2.0,2.0,2.0,2.0,2.0,2.0,2.0,1.0,1.0,1.0,2.0,1.0,2.0,1.0,2.0,1.0,1.0,2.0,2.0,2.0,1.0,1.0,2.0,2.0,1.0,2.0,2.0,2.0,1.0,,,5.0,,,6.0,15.0,,,,3.0
pid_1550,,2.0,,2.0,,,1.0,20.0,2.0,800.0,,,,61.0,,3.0,5.0,5.0,1.0,3.0,5.0,4.0,5.0,4.0,5.0,5.0,,,4.0,,,,3.0,3.0,3.0,,5.0,2.0,7.0,3.0,5.0,6.0,5.0,6.0,6.0,5.0,70.0,76.0,31.0,35.0,45.0,40.0,57.0,64.0,58.0,72.0,4.0,,6.0,,,,,,,,,,,1.0,1.0,1.0,1.0,1.0,1.0,1.0,1.0,1.0,2.0,2.0,1.0,1.0,2.0,2.0,2.0,1.0,1.0,2.0,1.0,1.0,1.0,2.0,2.0,1.0,1.0,2.0,2.0,2.0,1.0,1.0,1.0,1.0,1.0,1.0,2.0,2.0,2.0,1.0,2.0,2.0,1.0,2.0,2.0,1.0,1.0,,,5.0,,,4.0,18.0,,,4.0,
pid_1551,,2.0,2.0,,2.0,43.0,,,,,1.0,136.0,,90.0,2.0,,4.0,5.0,1.0,3.0,5.0,4.0,5.0,5.0,5.0,5.0,,4.0,,4.0,4.0,2.0,,,,,6.0,1.0,7.0,4.0,4.0,3.0,3.0,5.0,5.0,6.0,20.0,70.0,40.0,35.0,55.0,65.0,75.0,80.0,75.0,75.0,3.0,,6.0,,,,,,,,,,,1.0,1.0,1.0,1.0,1.0,1.0,2.0,2.0,2.0,2.0,2.0,2.0,2.0,2.0,2.0,2.0,2.0,2.0,2.0,2.0,2.0,2.0,2.0,2.0,2.0,2.0,2.0,2.0,2.0,2.0,2.0,2.0,2.0,1.0,2.0,2.0,2.0,2.0,2.0,2.0,1.0,2.0,1.0,2.0,1.0,2.0,,5.0,,,5.0,,20.0,,,10.0,
pid_1552,,2.0,,1.0,2.0,30.0,,,,,1.0,120.0,71.0,,2.0,,2.0,3.0,5.0,3.0,2.0,4.0,4.0,4.0,2.0,3.0,,5.0,,2.0,3.0,2.0,,,,5.0,,1.0,6.0,1.0,6.0,5.0,2.0,5.0,4.0,4.0,45.0,60.0,55.0,29.0,20.0,40.0,50.0,50.0,45.0,66.0,3.0,5.0,,,,,,,,,,,,1.0,2.0,2.0,1.0,1.0,1.0,2.0,2.0,2.0,2.0,2.0,1.0,1.0,1.0,2.0,2.0,2.0,1.0,1.0,2.0,2.0,1.0,1.0,2.0,2.0,2.0,2.0,2.0,2.0,2.0,2.0,1.0,2.0,1.0,2.0,2.0,2.0,2.0,2.0,1.0,2.0,2.0,2.0,1.0,2.0,2.0,,5.0,,,4.0,,20.0,,,10.0,
pid_1553,,2.0,,1.0,2.0,50.0,,,1.0,1500.0,,,20.0,,2.0,,1.0,1.0,5.0,3.0,1.0,1.0,1.0,3.0,2.0,2.0,,1.0,,,,,2.0,3.0,3.0,,6.0,2.0,6.0,2.0,5.0,5.0,5.0,7.0,6.0,6.0,20.0,5.0,75.0,10.0,10.0,2.0,1.0,10.0,5.0,5.0,3.0,6.0,,1.0,1.0,1.0,1.0,2.0,1.0,1.0,1.0,1.0,2.0,,,,,,,2.0,1.0,1.0,2.0,2.0,2.0,2.0,1.0,1.0,2.0,2.0,2.0,1.0,1.0,2.0,2.0,1.0,2.0,2.0,1.0,1.0,2.0,1.0,2.0,2.0,2.0,2.0,2.0,2.0,1.0,2.0,2.0,1.0,2.0,2.0,1.0,2.0,2.0,1.0,2.0,,4.0,,,3.0,,20.0,,,,1.0
pid_1554,1.0,,,2.0,,,1.0,20.0,2.0,300.0,,,,90.0,5.0,,3.0,2.0,5.0,4.0,3.0,3.0,3.0,4.0,1.0,5.0,5.0,,,,,,4.0,2.0,2.0,,5.0,1.0,6.0,1.0,6.0,5.0,2.0,5.0,5.0,6.0,19.0,40.0,80.0,80.0,19.0,31.0,75.0,75.0,15.0,75.0,3.0,6.0,,1.0,1.0,1.0,2.0,1.0,1.0,2.0,1.0,1.0,2.0,,,,,,,2.0,2.0,1.0,2.0,2.0,2.0,2.0,2.0,1.0,2.0,2.0,2.0,2.0,1.0,1.0,2.0,2.0,2.0,2.0,2.0,2.0,1.0,2.0,2.0,2.0,2.0,2.0,1.0,2.0,1.0,1.0,2.0,1.0,2.0,2.0,2.0,2.0,2.0,1.0,2.0,5.0,,,6.0,,,,18.0,,,4.0
pid_1555,,1.0,1.0,,,,1.0,50.0,,,1.0,500.0,,100.0,,3.0,3.0,5.0,1.0,4.0,4.0,4.0,5.0,5.0,4.0,4.0,1.0,,,,,,3.0,3.0,3.0,4.0,,1.0,5.0,2.0,3.0,2.0,5.0,7.0,7.0,6.0,60.0,69.0,60.0,53.0,55.0,50.0,50.0,52.0,40.0,45.0,1.0,,5.0,1.0,1.0,1.0,1.0,1.0,1.0,1.0,1.0,1.0,1.0,,,,,,,2.0,1.0,2.0,2.0,2.0,2.0,2.0,1.0,2.0,2.0,2.0,2.0,2.0,1.0,2.0,2.0,2.0,2.0,2.0,2.0,1.0,1.0,1.0,2.0,2.0,2.0,2.0,2.0,2.0,2.0,2.0,2.0,2.0,2.0,2.0,2.0,2.0,2.0,2.0,2.0,4.0,,,6.0,,,5.0,,1.0,,
pid_1556,1.0,,,2.0,2.0,40.0,,,2.0,200.0,,,30.0,,3.0,,5.0,5.0,1.0,1.0,3.0,4.0,5.0,3.0,5.0,5.0,,,3.0,4.0,5.0,3.0,,,,5.0,,1.0,7.0,2.0,4.0,5.0,2.0,5.0,6.0,6.0,15.0,35.0,28.0,33.0,1.0,31.0,39.0,34.0,56.0,56.0,3.0,,7.0,,,,,,,,,,,1.0,1.0,1.0,2.0,2.0,2.0,1.0,2.0,2.0,1.0,1.0,1.0,1.0,1.0,2.0,2.0,1.0,2.0,1.0,1.0,2.0,1.0,1.0,1.0,2.0,1.0,2.0,1.0,1.0,1.0,1.0,1.0,1.0,1.0,1.0,2.0,2.0,1.0,1.0,1.0,1.0,1.0,1.0,1.0,2.0,2.0,,,5.0,,,6.0,8.0,,,10.0,
pid_1557,,2.0,,1.0,1.0,127.0,,,2.0,300.0,,,33.0,,,6.0,5.0,5.0,4.0,1.0,5.0,5.0,5.0,5.0,4.0,5.0,,,2.0,3.0,2.0,1.0,,,,1.0,,1.0,7.0,1.0,6.0,4.0,1.0,7.0,7.0,7.0,20.0,84.0,74.0,27.0,32.0,41.0,40.0,65.0,78.0,72.0,3.0,,7.0,1.0,1.0,1.0,1.0,1.0,1.0,1.0,1.0,1.0,1.0,,,,,,,2.0,2.0,2.0,2.0,1.0,1.0,2.0,1.0,2.0,2.0,1.0,2.0,1.0,1.0,2.0,2.0,1.0,2.0,1.0,1.0,2.0,2.0,2.0,1.0,1.0,2.0,1.0,2.0,2.0,1.0,1.0,1.0,1.0,1.0,1.0,2.0,1.0,2.0,2.0,2.0,,,5.0,,,6.0,10.0,,,,3.0
pid_1558,,2.0,2.0,,,,1.0,29.0,,,1.0,240.0,,70.0,1.0,,1.0,1.0,5.0,4.0,1.0,1.0,1.0,1.0,2.0,1.0,,,2.0,,,,3.0,4.0,2.0,2.0,,1.0,6.0,2.0,6.0,6.0,5.0,6.0,3.0,3.0,22.0,20.0,68.0,57.0,26.0,22.0,48.0,55.0,26.0,52.0,1.0,,3.0,1.0,1.0,1.0,2.0,1.0,1.0,2.0,1.0,1.0,2.0,,,,,,,1.0,1.0,1.0,2.0,2.0,1.0,2.0,2.0,2.0,2.0,1.0,1.0,1.0,1.0,2.0,2.0,1.0,2.0,2.0,1.0,1.0,2.0,1.0,1.0,2.0,1.0,1.0,2.0,1.0,1.0,1.0,2.0,1.0,2.0,1.0,1.0,2.0,1.0,1.0,1.0,,,1.0,,,1.0,,15.0,2.0,,
pid_1559,,1.0,,1.0,2.0,10.0,,,2.0,800.0,,,,70.0,5.0,,2.0,4.0,4.0,4.0,2.0,2.0,3.0,3.0,4.0,3.0,,4.0,,,,,5.0,5.0,5.0,6.0,,1.0,6.0,5.0,1.0,1.0,1.0,2.0,7.0,7.0,78.0,51.0,51.0,53.0,59.0,74.0,65.0,66.0,41.0,43.0,2.0,,5.0,,,,,,,,,,,1.0,1.0,2.0,1.0,1.0,2.0,2.0,1.0,2.0,2.0,1.0,1.0,2.0,1.0,2.0,1.0,2.0,1.0,2.0,2.0,1.0,1.0,1.0,1.0,1.0,2.0,2.0,1.0,1.0,1.0,1.0,1.0,1.0,1.0,2.0,1.0,2.0,2.0,2.0,2.0,2.0,1.0,2.0,1.0,2.0,1.0,,3.0,,,4.0,,12.0,,,,4.0
pid_1560,1.0,,,2.0,,,1.0,20.0,1.0,1400.0,,,,70.0,2.0,,1.0,2.0,5.0,3.0,3.0,1.0,1.0,3.0,2.0,2.0,,2.0,,,,,3.0,2.0,5.0,4.0,,1.0,6.0,3.0,4.0,5.0,2.0,3.0,4.0,3.0,25.0,33.0,62.0,50.0,40.0,38.0,28.0,48.0,42.0,66.0,1.0,3.0,,,,,,,,,,,,1.0,1.0,1.0,1.0,1.0,1.0,1.0,2.0,2.0,2.0,1.0,2.0,2.0,2.0,2.0,2.0,1.0,2.0,2.0,1.0,2.0,1.0,2.0,2.0,1.0,2.0,2.0,1.0,2.0,2.0,1.0,1.0,2.0,1.0,2.0,1.0,2.0,2.0,2.0,2.0,1.0,2.0,2.0,2.0,2.0,2.0,,4.0,,,2.0,,,10.0,2.0,,
pid_1561,1.0,,,1.0,2.0,3.0,,,2.0,425.0,,,30.0,,,1.0,5.0,5.0,4.0,3.0,5.0,5.0,5.0,5.0,5.0,5.0,,,1.0,,,,3.0,2.0,4.0,,6.0,2.0,7.0,2.0,4.0,5.0,2.0,5.0,7.0,6.0,86.0,61.0,68.0,43.0,30.0,50.0,86.0,96.0,44.0,95.0,4.0,6.0,,1.0,2.0,1.0,2.0,1.0,1.0,2.0,1.0,1.0,1.0,,,,,,,1.0,1.0,1.0,1.0,2.0,1.0,1.0,1.0,1.0,2.0,1.0,1.0,2.0,2.0,2.0,1.0,1.0,2.0,1.0,2.0,1.0,1.0,1.0,1.0,2.0,2.0,1.0,2.0,2.0,1.0,1.0,1.0,2.0,1.0,2.0,2.0,2.0,2.0,1.0,1.0,,,5.0,,,6.0,,18.0,2.0,,
pid_1562,1.0,,1.0,,2.0,25.0,,,,,2.0,70.0,,60.0,4.0,,4.0,5.0,3.0,4.0,4.0,4.0,5.0,5.0,5.0,4.0,1.0,,,2.0,3.0,2.0,,,,5.0,,2.0,6.0,6.0,5.0,5.0,3.0,5.0,5.0,5.0,60.0,75.0,60.0,60.0,45.0,65.0,55.0,61.0,50.0,65.0,3.0,6.0,,,,,,,,,,,,1.0,1.0,2.0,1.0,2.0,1.0,2.0,2.0,1.0,2.0,2.0,2.0,1.0,1.0,2.0,2.0,1.0,2.0,1.0,2.0,2.0,2.0,2.0,2.0,1.0,1.0,2.0,2.0,2.0,2.0,1.0,1.0,1.0,2.0,1.0,1.0,1.0,2.0,1.0,2.0,2.0,2.0,2.0,1.0,1.0,2.0,5.0,,,4.0,,,15.0,,3.0,,
pid_1563,2.0,,1.0,,,,1.0,20.0,2.0,950.0,,,95.0,,1.0,,4.0,4.0,1.0,1.0,4.0,3.0,5.0,4.0,5.0,5.0,,,4.0,,,,5.0,1.0,1.0,,6.0,1.0,5.0,2.0,3.0,5.0,2.0,5.0,7.0,6.0,30.0,30.0,50.0,50.0,20.0,10.0,60.0,50.0,50.0,50.0,3.0,,5.0,1.0,1.0,1.0,1.0,2.0,2.0,1.0,1.0,1.0,2.0,,,,,,,1.0,2.0,2.0,2.0,2.0,2.0,2.0,2.0,1.0,2.0,2.0,2.0,2.0,1.0,1.0,1.0,1.0,2.0,1.0,2.0,1.0,1.0,2.0,2.0,1.0,1.0,1.0,2.0,2.0,2.0,1.0,1.0,1.0,1.0,2.0,1.0,1.0,2.0,1.0,1.0,,,5.0,,,5.0,20.0,,1.0,,
pid_1564,1.0,,1.0,,2.0,54.0,,,2.0,50.0,,,,10.0,2.0,,1.0,5.0,1.0,5.0,5.0,5.0,5.0,5.0,5.0,5.0,1.0,,,5.0,1.0,3.0,,,,6.0,,2.0,7.0,1.0,2.0,2.0,1.0,7.0,7.0,7.0,61.0,95.0,80.0,85.0,10.0,50.0,80.0,90.0,30.0,90.0,4.0,,7.0,1.0,1.0,1.0,1.0,1.0,1.0,1.0,1.0,1.0,1.0,,,,,,,2.0,2.0,1.0,1.0,2.0,1.0,2.0,2.0,1.0,2.0,1.0,1.0,2.0,1.0,1.0,2.0,2.0,2.0,1.0,2.0,1.0,2.0,2.0,1.0,2.0,2.0,1.0,1.0,2.0,1.0,1.0,2.0,1.0,1.0,2.0,1.0,1.0,1.0,2.0,1.0,5.0,,,6.0,,,20.0,,10.0,,
pid_1565,,1.0,1.0,,2.0,25.0,,,1.0,2000.0,,,30.0,,1.0,,2.0,4.0,4.0,4.0,3.0,3.0,4.0,4.0,4.0,4.0,,4.0,,,,,2.0,3.0,3.0,4.0,,1.0,7.0,2.0,5.0,3.0,3.0,5.0,2.0,3.0,30.0,70.0,75.0,70.0,23.0,20.0,25.0,40.0,30.0,60.0,2.0,6.0,,,,,,,,,,,,1.0,1.0,1.0,1.0,1.0,1.0,1.0,2.0,2.0,1.0,2.0,2.0,2.0,2.0,2.0,2.0,2.0,2.0,2.0,2.0,1.0,1.0,2.0,2.0,2.0,2.0,2.0,2.0,2.0,1.0,2.0,2.0,2.0,2.0,2.0,2.0,2.0,2.0,2.0,1.0,2.0,2.0,1.0,2.0,2.0,2.0,,5.0,,,4.0,,,10.0,,,3.0
pid_1566,,2.0,,2.0,2.0,30.0,,,,,1.0,110.0,,65.0,4.0,,4.0,5.0,4.0,3.0,3.0,4.0,5.0,5.0,4.0,5.0,,,2.0,,,,3.0,5.0,4.0,1.0,,1.0,6.0,2.0,4.0,3.0,1.0,6.0,5.0,6.0,5.0,99.0,36.0,57.0,41.0,46.0,90.0,89.0,43.0,100.0,1.0,,5.0,,,,,,,,,,,1.0,1.0,1.0,1.0,2.0,2.0,1.0,1.0,1.0,1.0,2.0,2.0,2.0,2.0,2.0,2.0,2.0,2.0,2.0,1.0,2.0,1.0,1.0,2.0,2.0,1.0,1.0,2.0,2.0,1.0,1.0,2.0,2.0,2.0,1.0,2.0,2.0,2.0,1.0,1.0,1.0,1.0,2.0,2.0,2.0,2.0,,,5.0,,,6.0,,20.0,,10.0,
pid_1567,,2.0,2.0,,2.0,50.0,,,,,2.0,70.0,30.0,,2.0,,5.0,5.0,1.0,1.0,5.0,5.0,5.0,5.0,5.0,5.0,5.0,,,4.0,4.0,4.0,,,,5.0,,1.0,7.0,1.0,3.0,3.0,1.0,7.0,7.0,7.0,59.0,48.0,48.0,65.0,38.0,42.0,45.0,81.0,43.0,50.0,3.0,3.0,,1.0,1.0,1.0,1.0,1.0,1.0,1.0,1.0,1.0,1.0,,,,,,,1.0,2.0,1.0,2.0,1.0,2.0,2.0,1.0,1.0,2.0,1.0,2.0,1.0,2.0,2.0,2.0,2.0,2.0,2.0,2.0,2.0,2.0,1.0,1.0,2.0,1.0,2.0,2.0,1.0,2.0,2.0,2.0,2.0,2.0,2.0,2.0,2.0,2.0,1.0,2.0,5.0,,,6.0,,,20.0,,1.0,,
pid_1568,2.0,,1.0,,,,1.0,22.0,2.0,40.0,,,67.0,,5.0,,2.0,3.0,4.0,5.0,4.0,4.0,5.0,4.0,5.0,5.0,,,4.0,3.0,2.0,2.0,,,,3.0,,1.0,6.0,1.0,3.0,6.0,2.0,7.0,7.0,5.0,20.0,70.0,30.0,46.0,30.0,47.0,74.0,35.0,10.0,100.0,2.0,3.0,,1.0,1.0,1.0,1.0,2.0,2.0,1.0,2.0,2.0,1.0,,,,,,,1.0,1.0,1.0,1.0,2.0,1.0,1.0,2.0,2.0,1.0,1.0,1.0,1.0,1.0,1.0,1.0,1.0,1.0,1.0,2.0,2.0,2.0,1.0,1.0,2.0,2.0,1.0,1.0,1.0,1.0,1.0,1.0,1.0,2.0,1.0,2.0,2.0,1.0,1.0,1.0,,,4.0,,,4.0,,12.0,,,2.0
pid_1569,,1.0,1.0,,,,1.0,15.0,1.0,1800.0,,,62.0,,,5.0,4.0,5.0,4.0,5.0,5.0,5.0,5.0,3.0,2.0,5.0,3.0,,,,,,3.0,2.0,3.0,,5.0,1.0,2.0,1.0,5.0,1.0,2.0,5.0,6.0,7.0,74.0,96.0,98.0,100.0,75.0,82.0,92.0,50.0,20.0,90.0,1.0,5.0,,2.0,1.0,1.0,2.0,1.0,2.0,1.0,2.0,1.0,2.0,,,,,,,2.0,2.0,1.0,2.0,1.0,1.0,1.0,1.0,1.0,1.0,2.0,1.0,1.0,1.0,1.0,2.0,2.0,1.0,1.0,1.0,1.0,1.0,1.0,2.0,1.0,1.0,1.0,2.0,1.0,1.0,2.0,1.0,1.0,2.0,2.0,1.0,1.0,1.0,2.0,1.0,3.0,,,4.0,,,15.0,,1.0,,
pid_1570,1.0,,,2.0,2.0,50.0,,,,,1.0,260.0,,70.0,,4.0,4.0,5.0,4.0,1.0,3.0,4.0,5.0,5.0,4.0,5.0,,1.0,,,,,3.0,4.0,3.0,2.0,,1.0,7.0,1.0,5.0,5.0,1.0,7.0,5.0,6.0,45.0,41.0,50.0,27.0,46.0,45.0,30.0,36.0,47.0,54.0,2.0,,7.0,1.0,1.0,1.0,1.0,1.0,1.0,1.0,1.0,1.0,1.0,,,,,,,2.0,2.0,1.0,2.0,1.0,2.0,1.0,1.0,1.0,2.0,1.0,2.0,2.0,2.0,2.0,1.0,1.0,1.0,1.0,2.0,1.0,1.0,1.0,2.0,1.0,1.0,1.0,1.0,2.0,1.0,1.0,2.0,1.0,2.0,1.0,2.0,2.0,1.0,1.0,1.0,,5.0,,,6.0,,,8.0,3.0,,
pid_1571,,2.0,,2.0,2.0,10.0,,,2.0,800.0,,,30.0,,,6.0,3.0,1.0,5.0,5.0,3.0,4.0,4.0,5.0,1.0,3.0,1.0,,,,,,5.0,2.0,3.0,,1.0,1.0,6.0,1.0,1.0,3.0,2.0,6.0,7.0,7.0,65.0,33.0,77.0,90.0,63.0,75.0,75.0,85.0,20.0,90.0,4.0,,7.0,1.0,2.0,1.0,1.0,1.0,1.0,1.0,1.0,2.0,2.0,,,,,,,2.0,2.0,1.0,2.0,2.0,2.0,2.0,2.0,2.0,1.0,2.0,2.0,1.0,2.0,1.0,2.0,2.0,2.0,2.0,2.0,2.0,2.0,2.0,2.0,2.0,2.0,2.0,2.0,1.0,1.0,2.0,2.0,1.0,2.0,2.0,2.0,1.0,1.0,2.0,2.0,1.0,,,4.0,,,18.0,,1.0,,
pid_1572,2.0,,1.0,,,,1.0,35.0,2.0,600.0,,,52.0,,4.0,,5.0,4.0,1.0,3.0,4.0,4.0,5.0,5.0,5.0,5.0,1.0,,,,,,3.0,4.0,3.0,,5.0,1.0,7.0,2.0,3.0,3.0,1.0,7.0,5.0,5.0,30.0,52.0,42.0,18.0,17.0,15.0,45.0,31.0,49.0,66.0,3.0,5.0,,,,,,,,,,,,2.0,1.0,1.0,2.0,1.0,1.0,2.0,2.0,2.0,1.0,2.0,2.0,2.0,2.0,2.0,2.0,2.0,2.0,2.0,2.0,2.0,2.0,1.0,2.0,1.0,2.0,2.0,2.0,2.0,2.0,2.0,2.0,2.0,1.0,1.0,2.0,2.0,2.0,1.0,2.0,1.0,1.0,2.0,2.0,1.0,2.0,5.0,,,5.0,,,20.0,,,,3.0
pid_1573,1.0,,1.0,,2.0,49.0,,,1.0,1500.0,,,,100.0,,3.0,5.0,5.0,1.0,3.0,5.0,5.0,5.0,5.0,5.0,5.0,,,3.0,4.0,3.0,4.0,,,,,4.0,1.0,6.0,4.0,4.0,4.0,1.0,6.0,7.0,7.0,61.0,89.0,70.0,52.0,42.0,43.0,39.0,53.0,53.0,90.0,3.0,,6.0,,,,,,,,,,,1.0,1.0,2.0,1.0,2.0,2.0,2.0,1.0,1.0,1.0,2.0,1.0,2.0,2.0,2.0,2.0,2.0,1.0,1.0,2.0,1.0,1.0,1.0,2.0,2.0,1.0,1.0,2.0,2.0,1.0,1.0,1.0,2.0,1.0,2.0,1.0,2.0,1.0,1.0,2.0,2.0,2.0,1.0,1.0,1.0,1.0,,,4.0,,,3.0,,15.0,,3.0,
pid_1574,,2.0,2.0,,,,1.0,35.0,2.0,300.0,,,94.0,,,3.0,4.0,5.0,4.0,2.0,3.0,4.0,3.0,4.0,2.0,5.0,,1.0,,4.0,5.0,4.0,,,,,6.0,1.0,6.0,2.0,6.0,5.0,5.0,7.0,2.0,5.0,63.0,66.0,34.0,45.0,50.0,45.0,44.0,42.0,49.0,58.0,2.0,,3.0,1.0,1.0,1.0,1.0,1.0,1.0,1.0,1.0,1.0,1.0,,,,,,,1.0,2.0,2.0,1.0,2.0,1.0,2.0,1.0,2.0,2.0,2.0,1.0,1.0,1.0,2.0,1.0,2.0,1.0,1.0,2.0,1.0,1.0,1.0,1.0,2.0,2.0,1.0,2.0,2.0,1.0,2.0,2.0,1.0,2.0,2.0,2.0,1.0,2.0,2.0,1.0,,1.0,,,2.0,,,10.0,1.0,,
pid_1575,2.0,,1.0,,2.0,20.0,,,,,1.0,120.0,80.0,,,4.0,3.0,3.0,3.0,5.0,3.0,3.0,5.0,4.0,5.0,5.0,,3.0,,4.0,3.0,1.0,,,,4.0,,2.0,7.0,1.0,4.0,4.0,1.0,4.0,4.0,4.0,50.0,10.0,50.0,85.0,80.0,30.0,90.0,85.0,60.0,85.0,3.0,4.0,,1.0,1.0,1.0,1.0,2.0,1.0,1.0,1.0,1.0,2.0,,,,,,,2.0,2.0,2.0,2.0,1.0,1.0,2.0,2.0,2.0,1.0,2.0,1.0,1.0,2.0,2.0,1.0,1.0,2.0,2.0,1.0,1.0,1.0,2.0,1.0,2.0,2.0,1.0,2.0,2.0,2.0,2.0,1.0,1.0,2.0,1.0,2.0,1.0,1.0,2.0,1.0,,4.0,,,3.0,,12.0,,,6.0,
pid_1576,,2.0,,2.0,2.0,20.0,,,2.0,300.0,,,,99.0,1.0,,4.0,3.0,1.0,1.0,2.0,5.0,5.0,4.0,5.0,1.0,,,5.0,,,,5.0,2.0,3.0,5.0,,1.0,3.0,1.0,6.0,6.0,3.0,6.0,2.0,2.0,76.0,98.0,21.0,9.0,25.0,13.0,31.0,18.0,66.0,17.0,4.0,,7.0,1.0,1.0,1.0,1.0,1.0,1.0,1.0,1.0,1.0,1.0,,,,,,,1.0,2.0,1.0,2.0,2.0,2.0,1.0,1.0,1.0,1.0,2.0,2.0,2.0,2.0,1.0,2.0,2.0,1.0,1.0,2.0,2.0,2.0,1.0,2.0,1.0,1.0,2.0,2.0,1.0,1.0,2.0,2.0,2.0,1.0,2.0,2.0,2.0,2.0,2.0,2.0,,,1.0,,,1.0,,20.0,,,1.0
pid_1577,1.0,,,1.0,,,1.0,25.0,,,1.0,150.0,,30.0,,2.0,4.0,4.0,3.0,4.0,4.0,3.0,5.0,5.0,3.0,5.0,,,4.0,,,,5.0,4.0,5.0,,5.0,1.0,5.0,3.0,4.0,5.0,2.0,5.0,6.0,6.0,81.0,82.0,37.0,73.0,36.0,77.0,48.0,65.0,46.0,78.0,3.0,5.0,,1.0,1.0,1.0,2.0,1.0,2.0,2.0,1.0,1.0,1.0,,,,,,,2.0,1.0,2.0,2.0,1.0,1.0,2.0,1.0,1.0,2.0,1.0,2.0,2.0,2.0,1.0,2.0,1.0,1.0,1.0,1.0,2.0,1.0,1.0,1.0,2.0,2.0,1.0,1.0,1.0,1.0,1.0,2.0,1.0,2.0,1.0,2.0,2.0,1.0,2.0,1.0,,,4.0,,,5.0,15.0,,,9.0,
pid_1578,,2.0,,1.0,,,2.0,9.0,1.0,1233.0,,,65.0,,,5.0,4.0,5.0,5.0,4.0,1.0,5.0,2.0,5.0,2.0,5.0,,1.0,,5.0,4.0,2.0,,,,6.0,,2.0,6.0,1.0,3.0,1.0,2.0,3.0,5.0,7.0,27.0,56.0,86.0,58.0,3.0,42.0,24.0,73.0,33.0,67.0,2.0,6.0,,,,,,,,,,,,1.0,1.0,1.0,1.0,1.0,1.0,2.0,2.0,1.0,2.0,1.0,2.0,1.0,1.0,2.0,2.0,2.0,2.0,2.0,1.0,1.0,2.0,2.0,2.0,1.0,1.0,1.0,2.0,2.0,2.0,2.0,2.0,2.0,1.0,2.0,2.0,1.0,2.0,2.0,1.0,1.0,1.0,2.0,2.0,1.0,2.0,,4.0,,,2.0,,20.0,,,4.0,
pid_1579,1.0,,,1.0,,,2.0,9.0,,,2.0,65.0,,81.0,,6.0,2.0,3.0,5.0,4.0,3.0,2.0,4.0,4.0,4.0,4.0,2.0,,,3.0,4.0,3.0,,,,6.0,,1.0,6.0,3.0,5.0,6.0,5.0,5.0,5.0,6.0,40.0,32.0,84.0,60.0,30.0,30.0,54.0,66.0,38.0,43.0,1.0,,7.0,1.0,1.0,1.0,1.0,1.0,1.0,1.0,1.0,1.0,1.0,,,,,,,2.0,1.0,2.0,1.0,2.0,2.0,1.0,2.0,1.0,2.0,1.0,1.0,2.0,1.0,1.0,1.0,1.0,1.0,1.0,2.0,1.0,2.0,1.0,2.0,2.0,2.0,1.0,1.0,1.0,2.0,1.0,2.0,2.0,2.0,2.0,2.0,2.0,1.0,1.0,2.0,4.0,,,5.0,,,,2.0,2.0,,
pid_1580,,1.0,,1.0,2.0,30.0,,,,,1.0,90.0,55.0,,2.0,,5.0,5.0,1.0,4.0,2.0,5.0,5.0,3.0,5.0,5.0,2.0,,,3.0,4.0,1.0,,,,,4.0,2.0,7.0,1.0,1.0,5.0,1.0,7.0,7.0,6.0,31.0,48.0,50.0,31.0,18.0,29.0,47.0,31.0,45.0,70.0,3.0,3.0,,,,,,,,,,,,1.0,1.0,1.0,2.0,1.0,1.0,1.0,2.0,2.0,1.0,2.0,1.0,1.0,1.0,1.0,1.0,2.0,1.0,1.0,2.0,2.0,1.0,1.0,1.0,2.0,1.0,1.0,1.0,1.0,2.0,1.0,2.0,1.0,1.0,1.0,1.0,1.0,1.0,1.0,2.0,2.0,2.0,1.0,1.0,2.0,1.0,4.0,,,6.0,,,20.0,,1.0,,
pid_1581,,1.0,,1.0,1.0,70.0,,,2.0,700.0,,,,70.0,,6.0,4.0,2.0,1.0,3.0,5.0,4.0,5.0,4.0,4.0,5.0,,,4.0,3.0,3.0,3.0,,,,,5.0,2.0,6.0,1.0,5.0,6.0,1.0,7.0,2.0,3.0,50.0,45.0,5.0,45.0,10.0,20.0,40.0,70.0,40.0,80.0,1.0,,6.0,1.0,2.0,1.0,1.0,2.0,1.0,1.0,2.0,1.0,1.0,,,,,,,2.0,2.0,1.0,2.0,2.0,1.0,1.0,2.0,1.0,1.0,1.0,1.0,2.0,1.0,2.0,1.0,1.0,1.0,1.0,2.0,1.0,2.0,2.0,1.0,1.0,2.0,1.0,1.0,1.0,1.0,1.0,1.0,1.0,1.0,1.0,2.0,1.0,2.0,2.0,1.0,,,5.0,,,6.0,20.0,,,10.0,
pid_1582,,2.0,2.0,,1.0,72.0,,,,,1.0,110.0,,64.0,3.0,,4.0,2.0,4.0,2.0,3.0,4.0,2.0,4.0,4.0,3.0,4.0,,,,,,5.0,4.0,5.0,4.0,,1.0,6.0,4.0,3.0,5.0,6.0,5.0,4.0,3.0,52.0,31.0,27.0,50.0,44.0,28.0,20.0,32.0,56.0,18.0,4.0,1.0,,1.0,2.0,2.0,1.0,1.0,2.0,2.0,1.0,1.0,1.0,,,,,,,1.0,1.0,1.0,2.0,2.0,1.0,2.0,1.0,2.0,1.0,2.0,1.0,1.0,2.0,2.0,1.0,2.0,1.0,1.0,1.0,2.0,2.0,1.0,1.0,1.0,1.0,2.0,2.0,2.0,1.0,2.0,1.0,1.0,2.0,1.0,2.0,1.0,1.0,2.0,2.0,5.0,,,5.0,,,,10.0,1.0,,
pid_1583,,1.0,,2.0,,,1.0,50.0,2.0,400.0,,,75.0,,3.0,,3.0,2.0,3.0,3.0,2.0,3.0,3.0,3.0,3.0,4.0,1.0,,,3.0,3.0,3.0,,,,4.0,,1.0,3.0,2.0,2.0,5.0,2.0,5.0,4.0,3.0,70.0,80.0,80.0,78.0,85.0,75.0,80.0,75.0,75.0,90.0,3.0,,6.0,,,,,,,,,,,1.0,1.0,2.0,1.0,1.0,2.0,1.0,1.0,2.0,2.0,2.0,2.0,1.0,2.0,2.0,1.0,2.0,1.0,2.0,1.0,2.0,1.0,2.0,2.0,2.0,2.0,1.0,2.0,1.0,2.0,1.0,2.0,2.0,1.0,2.0,1.0,2.0,2.0,2.0,1.0,1.0,1.0,2.0,2.0,2.0,1.0,3.0,,,4.0,,,15.0,,,2.0,
pid_1584,2.0,,,2.0,2.0,25.0,,,,,1.0,100.0,30.0,,2.0,,5.0,5.0,5.0,5.0,5.0,5.0,5.0,5.0,5.0,5.0,,,2.0,3.0,3.0,3.0,,,,,6.0,1.0,7.0,1.0,4.0,6.0,4.0,7.0,5.0,5.0,85.0,80.0,85.0,80.0,65.0,75.0,80.0,85.0,25.0,100.0,3.0,,6.0,1.0,2.0,1.0,1.0,1.0,1.0,1.0,1.0,2.0,2.0,,,,,,,2.0,2.0,2.0,1.0,2.0,1.0,1.0,2.0,2.0,1.0,2.0,1.0,2.0,1.0,2.0,2.0,1.0,2.0,1.0,2.0,1.0,2.0,1.0,2.0,2.0,2.0,2.0,2.0,2.0,1.0,1.0,1.0,2.0,1.0,1.0,2.0,1.0,2.0,2.0,2.0,,,5.0,,,6.0,,18.0,,,4.0
pid_1585,,2.0,1.0,,,,1.0,50.0,,,1.0,350.0,,75.0,1.0,,1.0,5.0,5.0,3.0,1.0,1.0,5.0,4.0,1.0,4.0,,,3.0,,,,2.0,4.0,4.0,6.0,,1.0,7.0,1.0,6.0,6.0,3.0,6.0,5.0,5.0,35.0,60.0,85.0,50.0,35.0,25.0,75.0,65.0,25.0,85.0,4.0,6.0,,,,,,,,,,,,1.0,1.0,1.0,1.0,1.0,1.0,1.0,1.0,1.0,2.0,1.0,2.0,1.0,1.0,1.0,2.0,2.0,2.0,2.0,1.0,1.0,1.0,1.0,2.0,2.0,1.0,1.0,2.0,1.0,1.0,1.0,2.0,2.0,1.0,2.0,2.0,2.0,1.0,1.0,1.0,1.0,2.0,1.0,1.0,1.0,2.0,,,2.0,,,1.0,,10.0,,,1.0
pid_1586,1.0,,1.0,,1.0,70.0,,,,,1.0,300.0,70.0,,,3.0,5.0,4.0,1.0,1.0,3.0,5.0,5.0,4.0,5.0,5.0,,,1.0,4.0,4.0,2.0,,,,,3.0,2.0,7.0,7.0,6.0,6.0,5.0,6.0,6.0,7.0,40.0,60.0,45.0,31.0,29.0,40.0,20.0,55.0,50.0,60.0,2.0,,5.0,1.0,1.0,1.0,2.0,1.0,1.0,2.0,1.0,1.0,2.0,,,,,,,2.0,2.0,1.0,1.0,1.0,1.0,2.0,2.0,1.0,1.0,2.0,2.0,2.0,1.0,2.0,2.0,1.0,1.0,2.0,2.0,1.0,1.0,1.0,1.0,2.0,1.0,2.0,1.0,1.0,2.0,1.0,1.0,1.0,1.0,2.0,1.0,1.0,1.0,2.0,1.0,,,1.0,,,4.0,15.0,,,2.0,
pid_1587,2.0,,1.0,,,,2.0,10.0,,,1.0,125.0,,50.0,3.0,,3.0,4.0,1.0,3.0,4.0,4.0,5.0,3.0,5.0,5.0,,,3.0,2.0,4.0,4.0,,,,4.0,,1.0,7.0,4.0,1.0,1.0,3.0,6.0,7.0,7.0,68.0,78.0,42.0,14.0,46.0,60.0,86.0,36.0,44.0,64.0,1.0,4.0,,,,,,,,,,,,1.0,1.0,2.0,1.0,1.0,2.0,2.0,2.0,2.0,2.0,2.0,2.0,2.0,2.0,2.0,2.0,2.0,2.0,2.0,1.0,1.0,2.0,2.0,2.0,1.0,2.0,2.0,2.0,2.0,2.0,2.0,2.0,2.0,1.0,2.0,2.0,2.0,1.0,1.0,2.0,2.0,2.0,1.0,2.0,2.0,2.0,,,4.0,,,3.0,,10.0,,,1.0
pid_1588,1.0,,,2.0,1.0,70.0,,,1.0,1250.0,,,,80.0,5.0,,5.0,5.0,5.0,2.0,4.0,4.0,5.0,4.0,5.0,5.0,1.0,,,5.0,5.0,2.0,,,,,6.0,1.0,7.0,6.0,6.0,5.0,5.0,7.0,7.0,7.0,60.0,95.0,70.0,25.0,40.0,40.0,50.0,25.0,30.0,95.0,3.0,7.0,,,,,,,,,,,,1.0,1.0,1.0,1.0,1.0,1.0,2.0,1.0,2.0,2.0,2.0,2.0,1.0,1.0,2.0,1.0,1.0,2.0,1.0,2.0,1.0,2.0,2.0,1.0,2.0,1.0,1.0,2.0,1.0,1.0,2.0,1.0,1.0,1.0,2.0,1.0,2.0,1.0,2.0,2.0,2.0,1.0,1.0,1.0,1.0,2.0,5.0,,,3.0,,,,5.0,,10.0,
pid_1589,1.0,,1.0,,2.0,28.0,,,,,1.0,87.0,35.0,,,4.0,2.0,2.0,4.0,5.0,4.0,1.0,4.0,5.0,2.0,1.0,1.0,,,,,,2.0,1.0,1.0,3.0,,1.0,6.0,2.0,6.0,7.0,3.0,6.0,5.0,5.0,47.0,70.0,65.0,77.0,30.0,20.0,67.0,80.0,31.0,85.0,3.0,7.0,,,,,,,,,,,,1.0,1.0,1.0,1.0,1.0,1.0,2.0,2.0,1.0,2.0,2.0,2.0,2.0,2.0,2.0,2.0,2.0,1.0,2.0,2.0,2.0,2.0,2.0,2.0,2.0,2.0,1.0,2.0,2.0,2.0,1.0,1.0,1.0,2.0,2.0,2.0,2.0,2.0,2.0,1.0,2.0,2.0,2.0,2.0,2.0,2.0,4.0,,,5.0,,,15.0,,,,4.0
pid_1590,,1.0,,1.0,2.0,40.0,,,,,1.0,100.0,30.0,,2.0,,5.0,5.0,3.0,4.0,5.0,5.0,4.0,5.0,5.0,5.0,2.0,,,2.0,3.0,4.0,,,,,5.0,2.0,7.0,3.0,5.0,7.0,3.0,5.0,4.0,5.0,60.0,100.0,25.0,70.0,30.0,15.0,35.0,45.0,70.0,100.0,3.0,5.0,,,,,,,,,,,,1.0,1.0,1.0,2.0,1.0,2.0,1.0,1.0,1.0,1.0,1.0,2.0,1.0,1.0,1.0,1.0,1.0,1.0,2.0,2.0,1.0,1.0,1.0,1.0,1.0,1.0,1.0,1.0,2.0,1.0,2.0,1.0,2.0,1.0,2.0,1.0,1.0,2.0,1.0,1.0,1.0,1.0,1.0,1.0,2.0,1.0,5.0,,,6.0,,,,15.0,1.0,,
pid_1592,,1.0,,2.0,,,1.0,2.0,,,1.0,5.0,40.0,,5.0,,4.0,4.0,3.0,4.0,5.0,3.0,4.0,5.0,3.0,4.0,,4.0,,,,,5.0,5.0,5.0,5.0,,1.0,5.0,1.0,3.0,2.0,1.0,7.0,5.0,6.0,20.0,66.0,57.0,33.0,33.0,40.0,29.0,52.0,38.0,47.0,3.0,2.0,,1.0,1.0,1.0,2.0,1.0,2.0,1.0,1.0,2.0,1.0,,,,,,,2.0,1.0,1.0,1.0,1.0,1.0,1.0,2.0,2.0,1.0,1.0,2.0,1.0,1.0,2.0,1.0,1.0,1.0,1.0,2.0,2.0,1.0,1.0,1.0,1.0,2.0,1.0,2.0,1.0,2.0,2.0,2.0,1.0,2.0,2.0,2.0,2.0,2.0,1.0,1.0,,4.0,,,5.0,,5.0,,,,2.0
pid_1593,1.0,,2.0,,2.0,25.0,,,1.0,300.0,,,83.0,,,5.0,5.0,5.0,4.0,5.0,2.0,5.0,2.0,5.0,4.0,5.0,,2.0,,5.0,2.0,1.0,,,,,4.0,1.0,7.0,2.0,5.0,5.0,3.0,6.0,7.0,5.0,14.0,87.0,68.0,75.0,12.0,24.0,42.0,85.0,57.0,98.0,2.0,6.0,,,,,,,,,,,,2.0,1.0,1.0,2.0,1.0,1.0,1.0,2.0,2.0,1.0,1.0,1.0,2.0,1.0,1.0,1.0,1.0,1.0,2.0,2.0,1.0,1.0,1.0,2.0,2.0,2.0,1.0,2.0,1.0,2.0,1.0,1.0,1.0,1.0,2.0,2.0,2.0,2.0,2.0,1.0,2.0,2.0,1.0,1.0,2.0,2.0,,5.0,,,6.0,,18.0,,,10.0,
pid_1594,,2.0,,2.0,2.0,54.0,,,,,1.0,400.0,,63.0,,5.0,5.0,3.0,5.0,2.0,3.0,5.0,4.0,5.0,2.0,5.0,,4.0,,4.0,4.0,3.0,,,,5.0,,1.0,6.0,4.0,4.0,6.0,1.0,7.0,6.0,6.0,70.0,23.0,65.0,52.0,45.0,55.0,50.0,60.0,30.0,70.0,3.0,,6.0,,,,,,,,,,,1.0,1.0,2.0,2.0,1.0,1.0,2.0,1.0,2.0,2.0,1.0,1.0,1.0,1.0,1.0,2.0,1.0,2.0,2.0,1.0,2.0,1.0,1.0,1.0,1.0,1.0,2.0,2.0,2.0,1.0,1.0,2.0,1.0,2.0,2.0,2.0,2.0,1.0,1.0,1.0,1.0,1.0,1.0,2.0,1.0,1.0,,5.0,,,6.0,,20.0,,3.0,,
pid_1596,,1.0,,2.0,,,1.0,20.0,1.0,1500.0,,,90.0,,1.0,,5.0,5.0,5.0,5.0,5.0,5.0,5.0,5.0,5.0,5.0,,4.0,,,,,4.0,3.0,5.0,5.0,,1.0,7.0,2.0,3.0,4.0,1.0,6.0,7.0,7.0,40.0,80.0,55.0,80.0,30.0,50.0,90.0,90.0,40.0,100.0,3.0,,6.0,1.0,1.0,1.0,1.0,1.0,1.0,1.0,1.0,1.0,1.0,,,,,,,2.0,2.0,2.0,2.0,2.0,1.0,1.0,2.0,1.0,1.0,1.0,2.0,2.0,2.0,2.0,2.0,2.0,2.0,2.0,2.0,2.0,1.0,1.0,2.0,2.0,2.0,2.0,2.0,1.0,2.0,2.0,2.0,2.0,2.0,2.0,1.0,2.0,2.0,2.0,2.0,,5.0,,,5.0,,15.0,,,9.0,
pid_1597,,2.0,,2.0,,,1.0,29.0,,,1.0,90.0,,60.0,4.0,,2.0,2.0,2.0,2.0,2.0,3.0,2.0,4.0,2.0,5.0,,,4.0,,,,3.0,3.0,6.0,3.0,,2.0,3.0,1.0,1.0,1.0,3.0,7.0,6.0,7.0,12.0,62.0,98.0,11.0,19.0,25.0,11.0,81.0,8.0,82.0,3.0,2.0,,,,,,,,,,,,1.0,1.0,1.0,1.0,2.0,2.0,2.0,2.0,2.0,1.0,2.0,2.0,2.0,2.0,1.0,2.0,2.0,1.0,1.0,1.0,1.0,2.0,2.0,2.0,2.0,1.0,2.0,2.0,2.0,2.0,1.0,2.0,1.0,2.0,2.0,2.0,2.0,2.0,2.0,1.0,2.0,2.0,2.0,2.0,2.0,1.0,,,4.0,,,3.0,,5.0,,,2.0
pid_1598,1.0,,1.0,,2.0,10.0,,,2.0,150.0,,,35.0,,,4.0,4.0,5.0,4.0,3.0,5.0,4.0,4.0,5.0,3.0,4.0,5.0,,,,,,3.0,3.0,3.0,4.0,,2.0,7.0,2.0,7.0,7.0,5.0,6.0,5.0,5.0,62.0,60.0,85.0,45.0,62.0,60.0,53.0,55.0,47.0,53.0,3.0,,7.0,1.0,1.0,1.0,1.0,1.0,1.0,1.0,1.0,1.0,1.0,,,,,,,1.0,1.0,2.0,2.0,2.0,1.0,1.0,2.0,1.0,1.0,1.0,1.0,1.0,1.0,1.0,2.0,1.0,1.0,2.0,1.0,1.0,2.0,2.0,2.0,2.0,2.0,2.0,2.0,1.0,2.0,2.0,2.0,2.0,1.0,2.0,1.0,2.0,1.0,1.0,1.0,5.0,,,6.0,,,7.0,,,,3.0
pid_1599,1.0,,1.0,,,,1.0,20.0,,,1.0,100.0,,70.0,,3.0,1.0,2.0,5.0,5.0,1.0,1.0,4.0,4.0,1.0,5.0,,,1.0,4.0,4.0,4.0,,,,,1.0,1.0,6.0,2.0,6.0,6.0,3.0,6.0,3.0,3.0,18.0,79.0,20.0,72.0,15.0,15.0,85.0,68.0,42.0,50.0,2.0,5.0,,,,,,,,,,,,1.0,2.0,1.0,1.0,2.0,1.0,1.0,2.0,1.0,2.0,1.0,1.0,2.0,2.0,2.0,2.0,2.0,2.0,2.0,1.0,2.0,2.0,2.0,2.0,2.0,2.0,2.0,2.0,2.0,1.0,2.0,2.0,2.0,2.0,1.0,1.0,1.0,2.0,1.0,1.0,2.0,2.0,2.0,1.0,2.0,1.0,,,5.0,,,4.0,,20.0,,9.0,
pid_1600,,1.0,,1.0,,,2.0,5.0,,,1.0,92.0,30.0,,3.0,,4.0,3.0,3.0,4.0,4.0,5.0,5.0,4.0,5.0,5.0,2.0,,,,,,1.0,3.0,4.0,,3.0,2.0,6.0,1.0,1.0,2.0,1.0,5.0,7.0,6.0,70.0,50.0,33.0,57.0,50.0,62.0,31.0,36.0,63.0,82.0,3.0,4.0,,,,,,,,,,,,1.0,1.0,2.0,1.0,2.0,1.0,2.0,1.0,1.0,1.0,2.0,1.0,1.0,2.0,2.0,2.0,1.0,2.0,2.0,2.0,1.0,2.0,2.0,1.0,1.0,2.0,2.0,2.0,2.0,1.0,2.0,1.0,1.0,2.0,2.0,1.0,1.0,2.0,2.0,2.0,2.0,1.0,2.0,2.0,1.0,1.0,5.0,,,4.0,,,15.0,,,10.0,
pid_1601,,1.0,1.0,,2.0,54.0,,,2.0,365.0,,,98.0,,5.0,,5.0,5.0,5.0,5.0,5.0,1.0,5.0,5.0,1.0,5.0,,,4.0,5.0,4.0,1.0,,,,6.0,,2.0,7.0,2.0,7.0,7.0,1.0,6.0,1.0,7.0,80.0,82.0,72.0,90.0,65.0,90.0,71.0,85.0,40.0,90.0,1.0,6.0,,1.0,1.0,1.0,1.0,1.0,1.0,1.0,1.0,1.0,1.0,,,,,,,1.0,1.0,2.0,2.0,1.0,1.0,1.0,1.0,1.0,1.0,1.0,2.0,1.0,1.0,1.0,2.0,1.0,1.0,1.0,2.0,2.0,2.0,1.0,2.0,1.0,1.0,1.0,1.0,1.0,2.0,2.0,2.0,1.0,2.0,2.0,1.0,1.0,2.0,1.0,1.0,,,5.0,,,6.0,,16.0,1.0,,
pid_1602,,1.0,2.0,,,,1.0,20.0,2.0,315.0,,,,30.0,2.0,,4.0,5.0,1.0,3.0,5.0,4.0,3.0,4.0,5.0,5.0,,2.0,,3.0,3.0,3.0,,,,,6.0,2.0,7.0,2.0,4.0,5.0,5.0,6.0,6.0,5.0,45.0,74.0,46.0,24.0,20.0,32.0,62.0,65.0,39.0,64.0,3.0,3.0,,,,,,,,,,,,1.0,1.0,2.0,1.0,2.0,1.0,2.0,2.0,1.0,2.0,2.0,2.0,1.0,1.0,1.0,1.0,2.0,2.0,1.0,2.0,2.0,2.0,1.0,2.0,2.0,1.0,1.0,1.0,1.0,2.0,2.0,2.0,2.0,1.0,1.0,1.0,1.0,2.0,2.0,1.0,2.0,2.0,1.0,2.0,2.0,2.0,,4.0,,,5.0,,,15.0,,,3.0
pid_1603,1.0,,,1.0,,,1.0,50.0,2.0,700.0,,,85.0,,,4.0,4.0,5.0,4.0,3.0,3.0,3.0,5.0,4.0,3.0,5.0,,,4.0,3.0,4.0,2.0,,,,,6.0,2.0,7.0,1.0,1.0,1.0,1.0,7.0,7.0,7.0,55.0,75.0,65.0,80.0,55.0,80.0,95.0,75.0,35.0,100.0,2.0,,3.0,1.0,2.0,2.0,1.0,2.0,1.0,2.0,1.0,2.0,1.0,,,,,,,1.0,1.0,1.0,2.0,1.0,2.0,2.0,2.0,2.0,1.0,2.0,1.0,2.0,1.0,2.0,2.0,1.0,1.0,2.0,1.0,2.0,2.0,1.0,2.0,2.0,2.0,1.0,2.0,1.0,1.0,1.0,2.0,1.0,2.0,2.0,2.0,2.0,1.0,1.0,2.0,,,5.0,,,6.0,10.0,,,,2.0
pid_1604,1.0,,1.0,,,,1.0,40.0,,,1.0,175.0,2.0,,,2.0,4.0,5.0,2.0,1.0,4.0,5.0,5.0,5.0,4.0,5.0,1.0,,,,,,2.0,2.0,5.0,,6.0,2.0,6.0,2.0,6.0,6.0,3.0,6.0,6.0,6.0,40.0,60.0,55.0,30.0,15.0,30.0,35.0,20.0,20.0,50.0,4.0,,6.0,1.0,1.0,1.0,1.0,2.0,1.0,1.0,1.0,2.0,1.0,,,,,,,2.0,1.0,2.0,1.0,1.0,2.0,1.0,2.0,2.0,2.0,2.0,1.0,2.0,2.0,1.0,2.0,1.0,2.0,1.0,2.0,1.0,1.0,2.0,2.0,1.0,2.0,1.0,1.0,2.0,2.0,2.0,1.0,1.0,1.0,2.0,1.0,1.0,1.0,1.0,2.0,5.0,,,6.0,,,5.0,,3.0,,
pid_1605,2.0,,1.0,,2.0,50.0,,,,,1.0,350.0,30.0,,,3.0,4.0,5.0,3.0,3.0,5.0,4.0,5.0,5.0,4.0,5.0,,,4.0,3.0,5.0,2.0,,,,5.0,,1.0,5.0,1.0,3.0,3.0,3.0,7.0,6.0,5.0,39.0,55.0,80.0,60.0,20.0,25.0,41.0,75.0,21.0,89.0,3.0,6.0,,,,,,,,,,,,2.0,2.0,1.0,2.0,1.0,2.0,2.0,1.0,1.0,2.0,1.0,1.0,2.0,1.0,1.0,2.0,2.0,2.0,1.0,1.0,2.0,2.0,1.0,1.0,1.0,1.0,1.0,1.0,1.0,1.0,2.0,1.0,2.0,1.0,2.0,1.0,1.0,2.0,1.0,1.0,2.0,1.0,1.0,2.0,1.0,1.0,,,5.0,,,6.0,,10.0,,,2.0
pid_1606,,1.0,2.0,,,,2.0,13.0,,,1.0,20.0,81.0,,4.0,,3.0,5.0,5.0,5.0,3.0,2.0,4.0,4.0,4.0,4.0,,2.0,,4.0,5.0,5.0,,,,4.0,,1.0,6.0,3.0,1.0,1.0,1.0,4.0,5.0,6.0,16.0,59.0,38.0,36.0,46.0,72.0,40.0,55.0,40.0,51.0,3.0,5.0,,,,,,,,,,,,1.0,2.0,2.0,2.0,2.0,2.0,1.0,2.0,2.0,2.0,2.0,1.0,1.0,1.0,1.0,2.0,2.0,1.0,1.0,1.0,2.0,1.0,2.0,2.0,2.0,2.0,1.0,2.0,1.0,2.0,2.0,1.0,1.0,2.0,2.0,1.0,1.0,1.0,2.0,1.0,1.0,2.0,2.0,2.0,2.0,1.0,,4.0,,,4.0,,15.0,,,,2.0
pid_1607,,2.0,1.0,,,,1.0,26.0,,,1.0,300.0,100.0,,,2.0,1.0,5.0,5.0,5.0,2.0,3.0,1.0,4.0,1.0,4.0,,4.0,,,,,3.0,3.0,4.0,,6.0,1.0,7.0,1.0,1.0,6.0,1.0,7.0,7.0,5.0,40.0,80.0,65.0,66.0,31.0,31.0,70.0,58.0,40.0,75.0,3.0,6.0,,1.0,1.0,1.0,1.0,2.0,1.0,2.0,1.0,1.0,1.0,,,,,,,1.0,1.0,1.0,1.0,2.0,2.0,1.0,1.0,1.0,2.0,2.0,2.0,1.0,2.0,2.0,1.0,1.0,1.0,2.0,1.0,2.0,2.0,1.0,1.0,1.0,1.0,2.0,1.0,2.0,2.0,2.0,2.0,2.0,1.0,1.0,1.0,1.0,1.0,1.0,1.0,,5.0,,,5.0,,,0.0,1.0,,
pid_1608,,1.0,,2.0,2.0,32.0,,,1.0,163.0,,,,81.0,3.0,,4.0,5.0,2.0,4.0,4.0,5.0,5.0,5.0,5.0,5.0,,5.0,,4.0,4.0,3.0,,,,5.0,,1.0,7.0,3.0,4.0,5.0,5.0,7.0,6.0,5.0,41.0,39.0,27.0,71.0,45.0,45.0,56.0,56.0,51.0,74.0,3.0,,5.0,1.0,1.0,1.0,1.0,2.0,1.0,1.0,1.0,2.0,1.0,,,,,,,2.0,2.0,1.0,1.0,1.0,2.0,2.0,2.0,2.0,2.0,1.0,1.0,2.0,1.0,1.0,2.0,1.0,1.0,2.0,2.0,2.0,2.0,1.0,1.0,2.0,2.0,2.0,1.0,2.0,2.0,2.0,2.0,2.0,1.0,2.0,2.0,2.0,2.0,2.0,2.0,,1.0,,,5.0,,18.0,,2.0,,
pid_1609,,2.0,,1.0,,,2.0,8.0,,,1.0,180.0,81.0,,2.0,,1.0,4.0,5.0,4.0,1.0,1.0,1.0,4.0,1.0,2.0,1.0,,,5.0,4.0,1.0,,,,,6.0,2.0,7.0,1.0,6.0,5.0,3.0,5.0,6.0,7.0,29.0,83.0,58.0,76.0,37.0,43.0,54.0,55.0,43.0,83.0,1.0,6.0,,,,,,,,,,,,1.0,1.0,1.0,2.0,1.0,2.0,1.0,2.0,1.0,1.0,2.0,2.0,1.0,1.0,2.0,1.0,1.0,2.0,1.0,1.0,1.0,2.0,1.0,1.0,1.0,2.0,2.0,2.0,1.0,2.0,1.0,2.0,2.0,1.0,2.0,1.0,2.0,2.0,2.0,2.0,1.0,2.0,2.0,2.0,2.0,1.0,4.0,,,6.0,,,12.0,,3.0,,
pid_1611,,2.0,1.0,,,,1.0,15.0,,,1.0,125.0,30.0,,3.0,,5.0,1.0,5.0,5.0,4.0,5.0,5.0,5.0,5.0,5.0,1.0,,,,,,4.0,5.0,4.0,5.0,,2.0,6.0,1.0,1.0,6.0,3.0,7.0,5.0,3.0,76.0,7.0,100.0,100.0,64.0,86.0,90.0,92.0,70.0,62.0,1.0,,6.0,1.0,1.0,1.0,1.0,1.0,1.0,1.0,1.0,1.0,1.0,,,,,,,2.0,2.0,2.0,2.0,1.0,2.0,2.0,2.0,2.0,1.0,2.0,2.0,2.0,2.0,2.0,2.0,2.0,1.0,1.0,2.0,2.0,2.0,2.0,1.0,2.0,2.0,2.0,2.0,2.0,2.0,2.0,1.0,1.0,2.0,2.0,2.0,2.0,1.0,2.0,2.0,5.0,,,6.0,,,20.0,,,,9.0
pid_1612,1.0,,,2.0,2.0,47.0,,,2.0,180.0,,,30.0,,3.0,,2.0,3.0,4.0,3.0,2.0,3.0,3.0,4.0,2.0,4.0,,2.0,,4.0,5.0,2.0,,,,4.0,,1.0,6.0,4.0,5.0,3.0,2.0,3.0,6.0,7.0,24.0,40.0,56.0,25.0,10.0,56.0,60.0,50.0,30.0,65.0,2.0,3.0,,,,,,,,,,,,1.0,1.0,2.0,1.0,2.0,1.0,1.0,2.0,1.0,2.0,1.0,1.0,1.0,1.0,1.0,1.0,1.0,2.0,2.0,1.0,1.0,2.0,2.0,1.0,1.0,2.0,1.0,1.0,2.0,2.0,1.0,2.0,1.0,2.0,2.0,2.0,2.0,2.0,2.0,2.0,1.0,2.0,2.0,1.0,2.0,1.0,,4.0,,,3.0,,,12.0,,6.0,
pid_1613,,1.0,2.0,,2.0,27.0,,,1.0,1700.0,,,,70.0,,6.0,5.0,5.0,4.0,4.0,4.0,4.0,4.0,5.0,2.0,4.0,2.0,,,2.0,2.0,2.0,,,,3.0,,2.0,6.0,3.0,3.0,2.0,2.0,5.0,6.0,7.0,73.0,88.0,58.0,62.0,71.0,75.0,71.0,60.0,44.0,65.0,2.0,6.0,,2.0,1.0,1.0,1.0,2.0,2.0,1.0,2.0,2.0,1.0,,,,,,,1.0,1.0,1.0,1.0,1.0,2.0,2.0,1.0,1.0,2.0,2.0,2.0,2.0,1.0,1.0,2.0,2.0,2.0,2.0,1.0,1.0,1.0,1.0,2.0,2.0,2.0,2.0,2.0,2.0,1.0,2.0,2.0,2.0,1.0,1.0,2.0,1.0,1.0,1.0,2.0,5.0,,,6.0,,,,2.0,1.0,,
pid_1614,,2.0,2.0,,2.0,52.0,,,,,1.0,112.0,55.0,,,3.0,1.0,1.0,4.0,4.0,2.0,2.0,2.0,1.0,2.0,3.0,1.0,,,3.0,5.0,2.0,,,,,3.0,2.0,5.0,4.0,6.0,5.0,2.0,5.0,5.0,6.0,36.0,32.0,58.0,43.0,23.0,42.0,18.0,20.0,35.0,52.0,3.0,,6.0,1.0,1.0,1.0,2.0,1.0,1.0,1.0,2.0,1.0,2.0,,,,,,,1.0,1.0,1.0,2.0,1.0,2.0,2.0,1.0,1.0,2.0,1.0,2.0,2.0,1.0,1.0,1.0,2.0,1.0,2.0,1.0,2.0,2.0,1.0,1.0,1.0,2.0,1.0,2.0,1.0,2.0,1.0,2.0,2.0,1.0,2.0,1.0,1.0,2.0,2.0,1.0,4.0,,,5.0,,,15.0,,3.0,,
pid_1615,,2.0,,1.0,,,1.0,20.0,,,1.0,100.0,30.0,,,5.0,5.0,5.0,3.0,2.0,5.0,5.0,5.0,5.0,5.0,5.0,,3.0,,2.0,2.0,2.0,,,,3.0,,1.0,7.0,2.0,5.0,5.0,5.0,6.0,6.0,6.0,35.0,62.0,71.0,50.0,41.0,34.0,43.0,49.0,26.0,45.0,3.0,6.0,,1.0,2.0,1.0,1.0,1.0,2.0,1.0,1.0,2.0,1.0,,,,,,,2.0,2.0,2.0,2.0,2.0,2.0,2.0,2.0,2.0,2.0,2.0,2.0,2.0,2.0,2.0,2.0,2.0,2.0,2.0,2.0,2.0,2.0,2.0,2.0,2.0,1.0,2.0,2.0,2.0,2.0,2.0,2.0,2.0,2.0,2.0,2.0,2.0,2.0,2.0,2.0,,4.0,,,5.0,,20.0,,1.0,,
pid_1616,,1.0,1.0,,2.0,15.0,,,,,1.0,110.0,,50.0,1.0,,2.0,3.0,5.0,3.0,2.0,2.0,1.0,1.0,1.0,5.0,,3.0,,,,,4.0,4.0,6.0,,4.0,2.0,6.0,1.0,4.0,5.0,1.0,7.0,7.0,7.0,59.0,65.0,70.0,60.0,25.0,34.0,20.0,8.0,29.0,91.0,3.0,,4.0,,,,,,,,,,,1.0,1.0,1.0,2.0,1.0,2.0,2.0,2.0,2.0,2.0,2.0,2.0,2.0,2.0,1.0,2.0,1.0,1.0,1.0,1.0,1.0,1.0,2.0,2.0,1.0,2.0,2.0,2.0,2.0,1.0,2.0,2.0,2.0,1.0,1.0,1.0,2.0,2.0,1.0,2.0,1.0,1.0,2.0,1.0,2.0,1.0,,5.0,,,6.0,,20.0,,,,3.0
pid_1617,,1.0,1.0,,,,1.0,25.0,2.0,500.0,,,,70.0,,3.0,4.0,5.0,2.0,4.0,3.0,4.0,4.0,4.0,4.0,5.0,1.0,,,3.0,5.0,3.0,,,,,4.0,2.0,7.0,2.0,5.0,3.0,1.0,5.0,6.0,6.0,65.0,88.0,19.0,69.0,37.0,56.0,77.0,67.0,62.0,95.0,3.0,5.0,,,,,,,,,,,,1.0,1.0,2.0,1.0,2.0,1.0,2.0,2.0,1.0,1.0,1.0,2.0,1.0,2.0,1.0,1.0,2.0,1.0,2.0,2.0,2.0,1.0,2.0,2.0,1.0,2.0,2.0,2.0,2.0,1.0,1.0,1.0,1.0,2.0,2.0,1.0,1.0,2.0,1.0,2.0,2.0,2.0,2.0,1.0,2.0,2.0,5.0,,,5.0,,,15.0,,3.0,,
pid_1618,,2.0,1.0,,2.0,43.0,,,,,1.0,110.0,,70.0,,2.0,5.0,5.0,3.0,2.0,4.0,5.0,4.0,5.0,4.0,4.0,,,1.0,4.0,3.0,2.0,,,,4.0,,1.0,7.0,4.0,5.0,5.0,3.0,5.0,3.0,6.0,63.0,80.0,65.0,40.0,55.0,65.0,55.0,60.0,38.0,64.0,3.0,6.0,,1.0,1.0,1.0,1.0,1.0,1.0,1.0,1.0,1.0,1.0,,,,,,,2.0,1.0,1.0,2.0,1.0,2.0,1.0,1.0,2.0,1.0,1.0,1.0,2.0,2.0,1.0,1.0,2.0,2.0,2.0,1.0,1.0,1.0,2.0,2.0,1.0,1.0,2.0,1.0,1.0,1.0,2.0,1.0,2.0,2.0,2.0,2.0,1.0,1.0,2.0,2.0,,,4.0,,,6.0,15.0,,3.0,,
pid_1619,,2.0,1.0,,1.0,70.0,,,,,1.0,500.0,60.0,,,5.0,5.0,5.0,1.0,3.0,5.0,4.0,5.0,5.0,5.0,5.0,,5.0,,3.0,4.0,3.0,,,,6.0,,2.0,7.0,3.0,4.0,4.0,2.0,6.0,5.0,5.0,45.0,50.0,53.0,29.0,30.0,20.0,70.0,35.0,45.0,30.0,3.0,,5.0,1.0,2.0,1.0,1.0,1.0,1.0,1.0,1.0,2.0,2.0,,,,,,,1.0,1.0,2.0,1.0,1.0,2.0,1.0,1.0,1.0,1.0,2.0,1.0,1.0,2.0,1.0,2.0,1.0,2.0,2.0,2.0,1.0,2.0,1.0,2.0,2.0,1.0,1.0,1.0,1.0,1.0,2.0,1.0,1.0,2.0,2.0,2.0,1.0,1.0,1.0,2.0,,5.0,,,5.0,,,13.0,3.0,,
pid_1620,2.0,,1.0,,2.0,50.0,,,2.0,300.0,,,33.0,,3.0,,4.0,4.0,4.0,2.0,2.0,3.0,4.0,4.0,4.0,5.0,,3.0,,,,,2.0,3.0,4.0,6.0,,1.0,6.0,2.0,4.0,3.0,2.0,5.0,6.0,6.0,55.0,70.0,65.0,25.0,75.0,34.0,50.0,75.0,50.0,75.0,2.0,5.0,,1.0,2.0,1.0,1.0,1.0,1.0,1.0,1.0,2.0,2.0,,,,,,,2.0,2.0,1.0,2.0,2.0,2.0,2.0,1.0,2.0,2.0,2.0,1.0,1.0,1.0,1.0,1.0,2.0,2.0,2.0,1.0,2.0,2.0,1.0,2.0,2.0,2.0,2.0,1.0,2.0,2.0,2.0,2.0,2.0,1.0,2.0,1.0,2.0,2.0,2.0,2.0,,4.0,,,5.0,,,0.0,,,2.0
pid_1621,,2.0,1.0,,1.0,80.0,,,,,1.0,100.0,,70.0,2.0,,4.0,5.0,3.0,4.0,4.0,4.0,5.0,4.0,4.0,4.0,2.0,,,4.0,3.0,3.0,,,,,4.0,2.0,7.0,2.0,4.0,4.0,1.0,5.0,5.0,5.0,70.0,70.0,49.0,70.0,63.0,64.0,44.0,59.0,48.0,51.0,2.0,,6.0,,,,,,,,,,,1.0,2.0,1.0,1.0,1.0,2.0,2.0,2.0,2.0,1.0,1.0,1.0,2.0,2.0,2.0,2.0,2.0,2.0,1.0,2.0,1.0,1.0,1.0,2.0,2.0,2.0,2.0,2.0,1.0,1.0,1.0,2.0,2.0,2.0,2.0,2.0,2.0,1.0,2.0,2.0,2.0,2.0,1.0,2.0,1.0,1.0,5.0,,,4.0,,,10.0,,,10.0,
pid_1622,,1.0,,1.0,2.0,40.0,,,1.0,1200.0,,,,75.0,5.0,,4.0,4.0,3.0,4.0,4.0,3.0,5.0,4.0,5.0,5.0,,,1.0,2.0,2.0,3.0,,,,4.0,,2.0,6.0,1.0,5.0,6.0,3.0,6.0,6.0,6.0,75.0,65.0,75.0,30.0,75.0,50.0,65.0,70.0,55.0,83.0,3.0,6.0,,1.0,2.0,1.0,2.0,1.0,2.0,2.0,1.0,1.0,1.0,,,,,,,2.0,1.0,2.0,1.0,2.0,2.0,2.0,1.0,2.0,2.0,2.0,2.0,1.0,1.0,1.0,1.0,1.0,2.0,1.0,2.0,2.0,1.0,2.0,2.0,2.0,1.0,2.0,1.0,1.0,1.0,1.0,1.0,2.0,1.0,1.0,2.0,1.0,1.0,1.0,1.0,,,5.0,,,6.0,20.0,,,,4.0
pid_1623,1.0,,,2.0,1.0,71.0,,,,,1.0,330.0,,70.0,1.0,,5.0,5.0,1.0,3.0,5.0,5.0,5.0,3.0,5.0,5.0,,,5.0,3.0,3.0,2.0,,,,6.0,,1.0,6.0,1.0,1.0,3.0,1.0,6.0,7.0,7.0,56.0,67.0,37.0,47.0,37.0,52.0,53.0,40.0,60.0,59.0,4.0,,5.0,1.0,1.0,1.0,1.0,1.0,1.0,1.0,1.0,1.0,1.0,,,,,,,1.0,2.0,2.0,2.0,2.0,1.0,1.0,2.0,2.0,2.0,2.0,1.0,1.0,2.0,2.0,1.0,2.0,2.0,1.0,1.0,1.0,1.0,1.0,2.0,2.0,1.0,2.0,2.0,1.0,1.0,2.0,2.0,1.0,2.0,1.0,1.0,2.0,2.0,2.0,1.0,,,5.0,,,5.0,,20.0,2.0,,
pid_1624,1.0,,1.0,,,,1.0,54.0,,,1.0,112.0,,90.0,,4.0,2.0,5.0,4.0,5.0,4.0,4.0,4.0,4.0,5.0,5.0,,2.0,,3.0,3.0,3.0,,,,5.0,,1.0,7.0,1.0,4.0,4.0,2.0,7.0,5.0,5.0,75.0,85.0,100.0,95.0,50.0,65.0,90.0,70.0,25.0,95.0,1.0,,6.0,1.0,2.0,1.0,1.0,2.0,1.0,1.0,2.0,1.0,1.0,,,,,,,1.0,1.0,2.0,2.0,1.0,2.0,2.0,1.0,2.0,2.0,2.0,1.0,1.0,1.0,2.0,1.0,2.0,1.0,2.0,1.0,1.0,2.0,2.0,1.0,2.0,2.0,2.0,2.0,2.0,2.0,2.0,2.0,1.0,2.0,1.0,1.0,2.0,2.0,2.0,2.0,,5.0,,,5.0,,,0.0,1.0,,
pid_1625,,2.0,1.0,,,,1.0,50.0,,,1.0,220.0,,70.0,2.0,,5.0,2.0,1.0,1.0,4.0,4.0,5.0,4.0,5.0,5.0,,4.0,,3.0,4.0,3.0,,,,,4.0,1.0,7.0,2.0,5.0,5.0,2.0,6.0,5.0,3.0,30.0,33.0,50.0,8.0,45.0,28.0,60.0,75.0,50.0,85.0,2.0,,5.0,1.0,1.0,1.0,1.0,1.0,1.0,1.0,1.0,1.0,1.0,,,,,,,2.0,1.0,2.0,2.0,2.0,1.0,2.0,2.0,2.0,1.0,2.0,1.0,2.0,2.0,1.0,2.0,2.0,2.0,1.0,2.0,2.0,2.0,2.0,2.0,2.0,1.0,1.0,1.0,2.0,1.0,2.0,2.0,2.0,2.0,1.0,2.0,2.0,2.0,1.0,2.0,,5.0,,,6.0,,15.0,,,,10.0
pid_1626,1.0,,,1.0,2.0,54.0,,,2.0,300.0,,,,40.0,,5.0,3.0,5.0,3.0,3.0,3.0,3.0,4.0,5.0,5.0,5.0,1.0,,,,,,1.0,1.0,3.0,,6.0,1.0,7.0,1.0,6.0,5.0,5.0,7.0,7.0,7.0,100.0,100.0,70.0,100.0,100.0,100.0,100.0,100.0,40.0,100.0,3.0,,7.0,,,,,,,,,,,1.0,1.0,1.0,1.0,2.0,2.0,1.0,2.0,2.0,2.0,2.0,2.0,2.0,2.0,2.0,1.0,1.0,2.0,1.0,1.0,1.0,2.0,2.0,1.0,1.0,2.0,2.0,2.0,1.0,2.0,1.0,2.0,2.0,1.0,2.0,2.0,2.0,1.0,2.0,1.0,2.0,1.0,2.0,2.0,2.0,2.0,5.0,,,4.0,,,3.0,,1.0,,
pid_1627,,2.0,,2.0,1.0,70.0,,,2.0,300.0,,,30.0,,2.0,,2.0,5.0,1.0,4.0,5.0,4.0,5.0,5.0,5.0,5.0,4.0,,,3.0,3.0,3.0,,,,5.0,,1.0,5.0,3.0,2.0,2.0,1.0,5.0,6.0,7.0,12.0,100.0,0.0,50.0,80.0,78.0,85.0,85.0,98.0,100.0,3.0,,6.0,1.0,1.0,1.0,2.0,1.0,2.0,1.0,1.0,2.0,1.0,,,,,,,1.0,1.0,2.0,1.0,2.0,2.0,2.0,2.0,2.0,2.0,2.0,2.0,2.0,2.0,1.0,1.0,2.0,1.0,1.0,1.0,2.0,1.0,2.0,2.0,1.0,1.0,1.0,2.0,2.0,1.0,1.0,1.0,2.0,2.0,1.0,1.0,2.0,1.0,2.0,2.0,2.0,,,1.0,,,20.0,,,,3.0
pid_1628,,1.0,1.0,,,,2.0,9.0,,,1.0,120.0,,85.0,,5.0,1.0,1.0,5.0,3.0,1.0,1.0,2.0,3.0,1.0,4.0,,2.0,,,,,4.0,2.0,2.0,,4.0,1.0,5.0,2.0,3.0,2.0,2.0,5.0,5.0,6.0,2.0,5.0,85.0,25.0,4.0,1.0,16.0,20.0,1.0,40.0,1.0,6.0,,1.0,1.0,1.0,2.0,1.0,1.0,2.0,1.0,1.0,2.0,,,,,,,2.0,1.0,2.0,2.0,2.0,1.0,2.0,2.0,2.0,2.0,1.0,2.0,2.0,1.0,2.0,2.0,2.0,1.0,2.0,2.0,1.0,2.0,2.0,2.0,1.0,1.0,2.0,1.0,2.0,2.0,2.0,2.0,1.0,2.0,2.0,2.0,1.0,1.0,2.0,2.0,,5.0,,,3.0,,12.0,,,10.0,
pid_1630,1.0,,1.0,,,,1.0,26.0,,,1.0,215.0,,70.0,3.0,,4.0,5.0,4.0,3.0,2.0,5.0,3.0,4.0,2.0,4.0,,,1.0,5.0,4.0,2.0,,,,4.0,,1.0,6.0,1.0,5.0,5.0,3.0,5.0,6.0,5.0,20.0,95.0,60.0,40.0,5.0,10.0,40.0,50.0,30.0,80.0,2.0,,6.0,1.0,2.0,1.0,1.0,1.0,1.0,1.0,1.0,2.0,2.0,,,,,,,2.0,1.0,1.0,1.0,2.0,1.0,2.0,1.0,1.0,1.0,2.0,2.0,1.0,2.0,1.0,2.0,1.0,1.0,1.0,2.0,1.0,1.0,2.0,2.0,2.0,1.0,2.0,1.0,1.0,1.0,1.0,2.0,2.0,2.0,1.0,1.0,2.0,1.0,2.0,2.0,,,5.0,,,6.0,,0.0,,,5.0
pid_1631,,1.0,1.0,,2.0,35.0,,,,,1.0,350.0,90.0,,3.0,,1.0,1.0,5.0,2.0,1.0,1.0,1.0,1.0,1.0,1.0,1.0,,,,,,4.0,4.0,2.0,1.0,,1.0,5.0,2.0,3.0,2.0,5.0,5.0,5.0,6.0,10.0,20.0,90.0,10.0,5.0,5.0,10.0,10.0,20.0,35.0,1.0,3.0,,1.0,1.0,1.0,1.0,1.0,1.0,1.0,1.0,1.0,1.0,,,,,,,2.0,1.0,2.0,2.0,1.0,1.0,2.0,2.0,1.0,1.0,2.0,2.0,2.0,1.0,1.0,2.0,1.0,2.0,2.0,2.0,2.0,2.0,2.0,2.0,1.0,2.0,2.0,2.0,2.0,2.0,2.0,2.0,1.0,1.0,2.0,1.0,2.0,2.0,2.0,1.0,2.0,,,5.0,,,18.0,,,,2.0
pid_1632,,2.0,2.0,,2.0,50.0,,,,,1.0,100.0,32.0,,3.0,,4.0,4.0,3.0,2.0,4.0,3.0,5.0,3.0,4.0,4.0,,,2.0,4.0,4.0,2.0,,,,,4.0,1.0,7.0,2.0,6.0,4.0,2.0,5.0,4.0,4.0,51.0,62.0,35.0,29.0,38.0,36.0,55.0,31.0,43.0,74.0,3.0,,6.0,1.0,2.0,1.0,1.0,1.0,2.0,1.0,1.0,2.0,1.0,,,,,,,2.0,2.0,2.0,2.0,2.0,2.0,1.0,2.0,2.0,2.0,1.0,2.0,2.0,2.0,2.0,2.0,1.0,2.0,2.0,2.0,2.0,1.0,2.0,2.0,2.0,2.0,2.0,2.0,2.0,2.0,2.0,2.0,2.0,2.0,2.0,2.0,2.0,2.0,1.0,2.0,,,4.0,,,5.0,,10.0,2.0,,
pid_1633,1.0,,,2.0,2.0,50.0,,,,,1.0,250.0,,95.0,,3.0,5.0,5.0,5.0,5.0,5.0,5.0,5.0,5.0,2.0,5.0,1.0,,,3.0,4.0,2.0,,,,,5.0,2.0,7.0,2.0,5.0,5.0,1.0,7.0,7.0,7.0,60.0,80.0,55.0,90.0,40.0,60.0,55.0,75.0,35.0,95.0,3.0,7.0,,2.0,2.0,2.0,2.0,2.0,2.0,2.0,2.0,2.0,2.0,,,,,,,1.0,2.0,1.0,1.0,1.0,1.0,2.0,1.0,1.0,1.0,1.0,1.0,2.0,1.0,1.0,1.0,1.0,1.0,2.0,2.0,1.0,1.0,1.0,1.0,1.0,1.0,2.0,1.0,1.0,2.0,1.0,2.0,1.0,1.0,1.0,1.0,1.0,2.0,1.0,1.0,5.0,,,5.0,,,2.0,,3.0,,
pid_1635,1.0,,2.0,,,,2.0,10.0,2.0,800.0,,,58.0,,,2.0,4.0,4.0,4.0,4.0,4.0,3.0,4.0,4.0,4.0,3.0,4.0,,,,,,4.0,5.0,4.0,5.0,,1.0,5.0,6.0,4.0,5.0,5.0,6.0,5.0,5.0,48.0,51.0,64.0,45.0,55.0,44.0,45.0,61.0,54.0,56.0,3.0,,2.0,1.0,1.0,1.0,1.0,1.0,1.0,1.0,1.0,1.0,1.0,,,,,,,1.0,1.0,2.0,1.0,1.0,2.0,1.0,1.0,2.0,1.0,2.0,1.0,2.0,2.0,1.0,2.0,2.0,2.0,1.0,1.0,2.0,2.0,1.0,1.0,2.0,1.0,2.0,1.0,2.0,2.0,2.0,1.0,1.0,2.0,1.0,2.0,2.0,1.0,1.0,2.0,4.0,,,3.0,,,5.0,,3.0,,
pid_1636,1.0,,,2.0,2.0,55.0,,,,,1.0,300.0,,85.0,5.0,,1.0,4.0,3.0,3.0,4.0,5.0,5.0,4.0,3.0,5.0,5.0,,,,,,5.0,2.0,3.0,,4.0,2.0,7.0,5.0,6.0,4.0,5.0,6.0,7.0,6.0,75.0,75.0,65.0,86.0,70.0,90.0,85.0,70.0,80.0,100.0,4.0,,6.0,1.0,1.0,1.0,2.0,1.0,1.0,2.0,1.0,1.0,2.0,,,,,,,1.0,2.0,1.0,2.0,1.0,2.0,1.0,2.0,1.0,2.0,1.0,2.0,2.0,1.0,2.0,1.0,1.0,2.0,1.0,2.0,1.0,1.0,1.0,2.0,1.0,2.0,1.0,1.0,2.0,2.0,2.0,1.0,2.0,1.0,1.0,2.0,2.0,1.0,2.0,1.0,5.0,,,5.0,,,,10.0,5.0,,
pid_1637,,1.0,1.0,,2.0,50.0,,,,,1.0,90.0,15.0,,3.0,,3.0,3.0,3.0,3.0,4.0,3.0,5.0,5.0,4.0,5.0,,,2.0,3.0,3.0,2.0,,,,,4.0,1.0,6.0,1.0,1.0,2.0,3.0,6.0,4.0,3.0,21.0,27.0,13.0,33.0,23.0,27.0,30.0,45.0,30.0,63.0,3.0,6.0,,,,,,,,,,,,1.0,1.0,2.0,1.0,2.0,1.0,2.0,2.0,2.0,2.0,1.0,1.0,1.0,2.0,2.0,2.0,1.0,1.0,1.0,2.0,1.0,1.0,2.0,2.0,1.0,1.0,2.0,2.0,1.0,1.0,2.0,2.0,1.0,2.0,2.0,1.0,2.0,1.0,2.0,2.0,2.0,2.0,2.0,2.0,2.0,2.0,,,4.0,,,4.0,,0.0,1.0,,
pid_1638,1.0,,1.0,,2.0,20.0,,,2.0,500.0,,,30.0,,3.0,,5.0,5.0,1.0,3.0,5.0,5.0,5.0,3.0,5.0,5.0,,4.0,,5.0,6.0,3.0,,,,,4.0,1.0,7.0,4.0,5.0,5.0,7.0,5.0,7.0,5.0,50.0,50.0,50.0,50.0,25.0,35.0,75.0,75.0,50.0,75.0,3.0,,6.0,1.0,2.0,1.0,1.0,1.0,1.0,1.0,1.0,2.0,2.0,,,,,,,1.0,1.0,2.0,2.0,2.0,1.0,2.0,2.0,2.0,1.0,2.0,2.0,2.0,2.0,2.0,1.0,1.0,1.0,1.0,1.0,2.0,2.0,2.0,2.0,2.0,2.0,2.0,1.0,1.0,1.0,2.0,2.0,2.0,2.0,2.0,2.0,2.0,1.0,2.0,2.0,,3.0,,,6.0,,,10.0,2.0,,
pid_1639,1.0,,1.0,,2.0,3.0,,,,,1.0,280.0,90.0,,4.0,,3.0,4.0,5.0,4.0,4.0,3.0,2.0,3.0,2.0,5.0,,,2.0,3.0,5.0,2.0,,,,,5.0,1.0,5.0,2.0,6.0,6.0,2.0,6.0,5.0,5.0,55.0,70.0,50.0,34.0,41.0,48.0,27.0,30.0,41.0,85.0,3.0,,5.0,,,,,,,,,,,1.0,1.0,1.0,1.0,1.0,1.0,2.0,2.0,1.0,2.0,1.0,2.0,2.0,2.0,2.0,2.0,1.0,2.0,2.0,1.0,2.0,1.0,1.0,2.0,2.0,2.0,2.0,2.0,2.0,2.0,2.0,1.0,2.0,2.0,2.0,1.0,2.0,1.0,2.0,1.0,2.0,1.0,2.0,1.0,1.0,2.0,,,4.0,,,3.0,18.0,,,9.0,
pid_1640,1.0,,1.0,,,,1.0,40.0,2.0,400.0,,,30.0,,,2.0,5.0,5.0,3.0,5.0,5.0,5.0,5.0,5.0,5.0,5.0,,,4.0,2.0,3.0,6.0,,,,5.0,,1.0,7.0,1.0,7.0,7.0,5.0,7.0,5.0,5.0,40.0,100.0,40.0,100.0,50.0,80.0,85.0,100.0,100.0,100.0,4.0,6.0,,1.0,1.0,1.0,1.0,1.0,1.0,1.0,1.0,1.0,1.0,,,,,,,1.0,1.0,2.0,2.0,1.0,1.0,1.0,2.0,1.0,1.0,2.0,1.0,2.0,2.0,1.0,2.0,1.0,1.0,2.0,2.0,2.0,1.0,1.0,2.0,1.0,1.0,1.0,2.0,2.0,2.0,2.0,1.0,2.0,2.0,2.0,1.0,1.0,1.0,1.0,1.0,,,5.0,,,6.0,,5.0,,10.0,
pid_1641,1.0,,1.0,,,,1.0,20.0,,,1.0,125.0,90.0,,1.0,,4.0,5.0,2.0,5.0,4.0,4.0,5.0,4.0,4.0,5.0,,,4.0,4.0,2.0,3.0,,,,,6.0,2.0,6.0,2.0,5.0,5.0,5.0,6.0,7.0,7.0,60.0,76.0,53.0,82.0,50.0,51.0,78.0,79.0,49.0,80.0,1.0,6.0,,,,,,,,,,,,1.0,1.0,1.0,2.0,2.0,2.0,1.0,1.0,1.0,1.0,2.0,2.0,1.0,1.0,1.0,2.0,2.0,2.0,2.0,2.0,1.0,2.0,2.0,1.0,2.0,2.0,2.0,2.0,2.0,1.0,2.0,1.0,2.0,1.0,1.0,1.0,1.0,1.0,1.0,1.0,2.0,1.0,1.0,1.0,2.0,2.0,,,4.0,,,6.0,,0.0,,10.0,
pid_1642,2.0,,,2.0,2.0,50.0,,,,,1.0,100.0,85.0,,1.0,,5.0,5.0,4.0,4.0,3.0,4.0,4.0,4.0,4.0,5.0,,,3.0,4.0,4.0,3.0,,,,,4.0,1.0,7.0,1.0,3.0,3.0,5.0,7.0,5.0,5.0,71.0,85.0,63.0,56.0,20.0,82.0,95.0,90.0,60.0,90.0,2.0,6.0,,,,,,,,,,,,1.0,1.0,2.0,1.0,1.0,2.0,2.0,1.0,2.0,2.0,1.0,1.0,2.0,2.0,2.0,1.0,2.0,1.0,2.0,2.0,2.0,1.0,2.0,1.0,2.0,2.0,2.0,1.0,2.0,1.0,1.0,2.0,1.0,1.0,2.0,1.0,1.0,1.0,1.0,2.0,1.0,2.0,2.0,1.0,2.0,1.0,,,5.0,,,6.0,16.0,,,,4.0
pid_1643,,2.0,,1.0,1.0,71.0,,,,,1.0,105.0,25.0,,4.0,,2.0,2.0,1.0,4.0,1.0,3.0,3.0,3.0,2.0,3.0,,5.0,,2.0,4.0,3.0,,,,,4.0,1.0,7.0,2.0,4.0,5.0,5.0,5.0,4.0,5.0,46.0,64.0,60.0,26.0,56.0,41.0,18.0,17.0,69.0,34.0,2.0,3.0,,1.0,1.0,1.0,1.0,1.0,1.0,1.0,1.0,1.0,1.0,,,,,,,2.0,2.0,1.0,1.0,2.0,2.0,2.0,1.0,1.0,1.0,2.0,2.0,1.0,1.0,2.0,1.0,2.0,2.0,2.0,1.0,1.0,2.0,2.0,2.0,1.0,2.0,2.0,2.0,2.0,2.0,1.0,2.0,2.0,2.0,2.0,1.0,2.0,2.0,1.0,1.0,,4.0,,,4.0,,,4.0,,6.0,
pid_1644,,2.0,,2.0,2.0,35.0,,,,,1.0,140.0,85.0,,,3.0,2.0,5.0,3.0,1.0,4.0,4.0,5.0,4.0,4.0,5.0,1.0,,,4.0,5.0,2.0,,,,5.0,,1.0,7.0,2.0,5.0,6.0,1.0,6.0,5.0,5.0,20.0,45.0,75.0,15.0,15.0,7.0,60.0,40.0,36.0,80.0,3.0,,6.0,,,,,,,,,,,1.0,1.0,1.0,1.0,1.0,1.0,1.0,2.0,1.0,2.0,2.0,2.0,1.0,1.0,2.0,2.0,2.0,1.0,1.0,1.0,2.0,1.0,1.0,2.0,1.0,2.0,2.0,2.0,2.0,2.0,2.0,1.0,2.0,2.0,2.0,1.0,1.0,1.0,2.0,1.0,2.0,2.0,2.0,2.0,1.0,2.0,4.0,,,2.0,,,15.0,,2.0,,
pid_1645,1.0,,,2.0,,,1.0,45.0,,,1.0,120.0,,75.0,2.0,,5.0,5.0,4.0,3.0,2.0,4.0,4.0,3.0,3.0,4.0,2.0,,,,,,3.0,3.0,4.0,4.0,,1.0,6.0,4.0,4.0,3.0,3.0,5.0,6.0,5.0,70.0,82.0,50.0,58.0,38.0,67.0,49.0,62.0,71.0,72.0,2.0,,6.0,,,,,,,,,,,1.0,1.0,1.0,1.0,1.0,1.0,1.0,1.0,2.0,1.0,2.0,2.0,2.0,2.0,1.0,2.0,2.0,2.0,1.0,2.0,2.0,1.0,1.0,2.0,2.0,1.0,2.0,1.0,2.0,2.0,2.0,1.0,2.0,2.0,2.0,1.0,1.0,2.0,2.0,2.0,2.0,2.0,1.0,1.0,1.0,2.0,3.0,,,4.0,,,15.0,,2.0,,
pid_1646,,1.0,1.0,,,,1.0,50.0,2.0,400.0,,,80.0,,6.0,,1.0,5.0,1.0,1.0,5.0,4.0,5.0,2.0,5.0,4.0,,5.0,,,,,4.0,5.0,4.0,6.0,,2.0,7.0,7.0,7.0,7.0,1.0,1.0,1.0,1.0,35.0,72.0,33.0,32.0,28.0,29.0,53.0,18.0,65.0,67.0,4.0,7.0,,,,,,,,,,,,1.0,1.0,2.0,1.0,1.0,2.0,2.0,2.0,2.0,1.0,2.0,1.0,2.0,2.0,1.0,2.0,1.0,1.0,2.0,2.0,1.0,2.0,2.0,1.0,1.0,2.0,2.0,2.0,1.0,2.0,2.0,2.0,1.0,2.0,1.0,1.0,2.0,1.0,1.0,2.0,1.0,2.0,2.0,1.0,2.0,1.0,,1.0,,,1.0,,,0.0,,,3.0
pid_1647,1.0,,2.0,,2.0,1.0,,,1.0,1200.0,,,91.0,,,2.0,4.0,4.0,2.0,4.0,3.0,4.0,5.0,3.0,4.0,3.0,,1.0,,,,,2.0,2.0,5.0,6.0,,1.0,7.0,1.0,3.0,3.0,2.0,6.0,6.0,6.0,62.0,79.0,22.0,25.0,40.0,53.0,88.0,60.0,34.0,62.0,4.0,,6.0,,,,,,,,,,,1.0,1.0,1.0,1.0,2.0,2.0,1.0,1.0,2.0,2.0,1.0,2.0,1.0,2.0,2.0,2.0,2.0,1.0,2.0,2.0,2.0,2.0,2.0,2.0,2.0,2.0,1.0,1.0,1.0,2.0,1.0,2.0,2.0,1.0,1.0,1.0,2.0,2.0,2.0,1.0,1.0,2.0,1.0,1.0,2.0,2.0,,4.0,,,6.0,,,20.0,,10.0,
pid_1648,1.0,,,2.0,2.0,54.0,,,2.0,86.0,,,90.0,,5.0,,4.0,4.0,5.0,2.0,5.0,4.0,5.0,5.0,2.0,5.0,,,4.0,1.0,1.0,1.0,,,,,4.0,1.0,6.0,4.0,1.0,5.0,1.0,4.0,7.0,5.0,60.0,60.0,70.0,40.0,80.0,70.0,95.0,95.0,20.0,80.0,3.0,5.0,,2.0,1.0,2.0,1.0,2.0,1.0,1.0,2.0,1.0,2.0,,,,,,,2.0,2.0,2.0,2.0,1.0,2.0,2.0,2.0,1.0,1.0,1.0,2.0,1.0,2.0,2.0,2.0,1.0,1.0,1.0,1.0,2.0,2.0,2.0,1.0,2.0,1.0,2.0,1.0,1.0,2.0,1.0,1.0,2.0,2.0,1.0,1.0,2.0,1.0,1.0,1.0,,,5.0,,,5.0,10.0,,,,3.0
pid_1649,,2.0,,1.0,2.0,37.0,,,1.0,1425.0,,,,75.0,,4.0,5.0,3.0,1.0,5.0,5.0,5.0,5.0,5.0,5.0,5.0,,,2.0,,,,2.0,2.0,2.0,6.0,,1.0,5.0,2.0,1.0,1.0,3.0,6.0,7.0,7.0,96.0,66.0,32.0,87.0,89.0,92.0,74.0,75.0,78.0,74.0,4.0,6.0,,1.0,2.0,1.0,1.0,2.0,1.0,1.0,2.0,1.0,1.0,,,,,,,1.0,2.0,2.0,2.0,2.0,2.0,2.0,2.0,2.0,1.0,2.0,2.0,1.0,2.0,2.0,2.0,2.0,2.0,1.0,2.0,2.0,1.0,2.0,1.0,2.0,2.0,1.0,2.0,1.0,2.0,2.0,2.0,2.0,2.0,2.0,2.0,2.0,1.0,2.0,2.0,,,5.0,,,6.0,18.0,,10.0,,
pid_1650,,1.0,,2.0,,,1.0,25.0,2.0,150.0,,,,73.0,3.0,,5.0,5.0,1.0,3.0,5.0,5.0,5.0,5.0,5.0,5.0,,4.0,,,,,2.0,2.0,2.0,,5.0,1.0,7.0,3.0,7.0,7.0,2.0,6.0,6.0,4.0,40.0,40.0,60.0,50.0,35.0,42.0,33.0,55.0,40.0,60.0,1.0,,4.0,,,,,,,,,,,1.0,1.0,2.0,1.0,1.0,2.0,2.0,2.0,1.0,2.0,1.0,2.0,2.0,2.0,2.0,2.0,1.0,2.0,2.0,2.0,2.0,1.0,2.0,1.0,2.0,2.0,1.0,2.0,2.0,2.0,2.0,1.0,1.0,2.0,2.0,2.0,2.0,2.0,2.0,2.0,2.0,2.0,2.0,2.0,2.0,1.0,,5.0,,,6.0,,,15.0,,,3.0
pid_1651,1.0,,2.0,,2.0,50.0,,,,,1.0,250.0,,40.0,6.0,,3.0,3.0,1.0,5.0,4.0,4.0,3.0,5.0,5.0,5.0,,1.0,,3.0,2.0,2.0,,,,,6.0,1.0,5.0,1.0,1.0,1.0,6.0,6.0,7.0,7.0,38.0,56.0,0.0,70.0,63.0,91.0,97.0,100.0,100.0,100.0,3.0,,6.0,,,,,,,,,,,1.0,1.0,2.0,1.0,1.0,2.0,1.0,2.0,2.0,2.0,2.0,2.0,2.0,1.0,1.0,1.0,2.0,2.0,2.0,2.0,2.0,2.0,1.0,1.0,1.0,2.0,1.0,2.0,2.0,2.0,1.0,1.0,1.0,2.0,2.0,1.0,2.0,2.0,2.0,1.0,2.0,2.0,1.0,1.0,1.0,2.0,,5.0,,,6.0,,20.0,,,10.0,
pid_1652,,2.0,,1.0,,,2.0,6.0,2.0,300.0,,,48.0,,5.0,,1.0,5.0,5.0,4.0,4.0,1.0,4.0,5.0,3.0,5.0,4.0,,,,,,2.0,3.0,3.0,,6.0,1.0,7.0,2.0,4.0,5.0,2.0,5.0,4.0,2.0,0.0,100.0,100.0,84.0,0.0,0.0,58.0,100.0,28.0,100.0,1.0,,7.0,,,,,,,,,,,1.0,1.0,2.0,1.0,2.0,1.0,2.0,1.0,2.0,2.0,1.0,2.0,2.0,2.0,1.0,1.0,1.0,2.0,2.0,2.0,2.0,1.0,1.0,1.0,1.0,2.0,2.0,1.0,1.0,2.0,1.0,2.0,2.0,2.0,2.0,2.0,2.0,1.0,1.0,2.0,1.0,1.0,2.0,2.0,1.0,2.0,4.0,,,6.0,,,15.0,,,10.0,
pid_1653,2.0,,1.0,,,,2.0,0.0,2.0,900.0,,,,78.0,2.0,,4.0,3.0,5.0,3.0,1.0,3.0,1.0,3.0,1.0,1.0,4.0,,,2.0,2.0,1.0,,,,3.0,,1.0,3.0,1.0,6.0,5.0,1.0,7.0,5.0,6.0,73.0,51.0,73.0,51.0,47.0,48.0,55.0,64.0,34.0,49.0,1.0,,6.0,,,,,,,,,,,1.0,1.0,1.0,1.0,1.0,1.0,2.0,2.0,2.0,2.0,2.0,2.0,2.0,2.0,2.0,2.0,2.0,2.0,1.0,2.0,2.0,2.0,2.0,2.0,2.0,2.0,2.0,1.0,2.0,2.0,2.0,2.0,2.0,2.0,2.0,2.0,1.0,2.0,1.0,2.0,2.0,2.0,2.0,2.0,2.0,2.0,1.0,,,1.0,,,,20.0,,,4.0
pid_1654,,1.0,1.0,,2.0,40.0,,,,,1.0,200.0,,75.0,3.0,,4.0,4.0,3.0,5.0,4.0,5.0,4.0,5.0,4.0,4.0,,,2.0,2.0,5.0,2.0,,,,6.0,,2.0,6.0,4.0,4.0,5.0,1.0,5.0,5.0,5.0,70.0,50.0,45.0,55.0,45.0,55.0,80.0,90.0,50.0,80.0,3.0,,6.0,1.0,1.0,1.0,1.0,1.0,1.0,1.0,1.0,1.0,1.0,,,,,,,1.0,2.0,1.0,1.0,2.0,1.0,2.0,1.0,2.0,2.0,2.0,2.0,2.0,1.0,1.0,1.0,2.0,2.0,1.0,2.0,1.0,1.0,2.0,1.0,2.0,2.0,1.0,1.0,2.0,1.0,2.0,2.0,1.0,2.0,2.0,1.0,2.0,1.0,1.0,1.0,,,5.0,,,6.0,15.0,,4.0,,
pid_1655,1.0,,1.0,,2.0,50.0,,,,,2.0,75.0,0.0,,2.0,,4.0,4.0,4.0,4.0,4.0,4.0,4.0,4.0,3.0,4.0,,,4.0,,,,2.0,2.0,3.0,4.0,,1.0,5.0,1.0,5.0,5.0,2.0,5.0,5.0,5.0,50.0,70.0,90.0,90.0,80.0,70.0,95.0,85.0,35.0,80.0,3.0,5.0,,1.0,2.0,1.0,2.0,1.0,2.0,2.0,2.0,1.0,1.0,,,,,,,2.0,1.0,1.0,1.0,1.0,2.0,1.0,1.0,2.0,1.0,1.0,2.0,1.0,1.0,1.0,1.0,2.0,1.0,1.0,1.0,2.0,2.0,2.0,1.0,1.0,1.0,1.0,1.0,1.0,1.0,1.0,1.0,1.0,2.0,1.0,1.0,1.0,1.0,1.0,2.0,,,4.0,,,4.0,20.0,,,9.0,
pid_1656,,1.0,,2.0,,,2.0,8.0,2.0,500.0,,,,50.0,6.0,,2.0,4.0,4.0,4.0,4.0,2.0,5.0,4.0,4.0,5.0,,,4.0,,,,3.0,4.0,2.0,,1.0,1.0,6.0,3.0,5.0,5.0,5.0,6.0,7.0,7.0,60.0,90.0,75.0,65.0,70.0,35.0,95.0,80.0,30.0,90.0,3.0,,5.0,,,,,,,,,,,1.0,1.0,2.0,2.0,1.0,1.0,2.0,2.0,2.0,1.0,2.0,2.0,2.0,2.0,2.0,1.0,1.0,1.0,1.0,1.0,2.0,2.0,1.0,2.0,2.0,2.0,1.0,1.0,2.0,2.0,1.0,2.0,1.0,1.0,1.0,1.0,1.0,2.0,2.0,1.0,2.0,1.0,2.0,1.0,1.0,1.0,,,5.0,,,4.0,,0.0,,,4.0
pid_1657,,2.0,,1.0,2.0,36.0,,,2.0,850.0,,,90.0,,,2.0,4.0,5.0,3.0,4.0,5.0,5.0,5.0,5.0,4.0,5.0,,,4.0,,,,3.0,5.0,3.0,,6.0,2.0,6.0,4.0,5.0,4.0,2.0,5.0,5.0,6.0,65.0,80.0,60.0,75.0,50.0,65.0,60.0,60.0,40.0,85.0,3.0,,5.0,,,,,,,,,,,1.0,2.0,1.0,1.0,2.0,1.0,2.0,1.0,2.0,1.0,1.0,2.0,1.0,1.0,2.0,1.0,1.0,1.0,1.0,1.0,2.0,1.0,2.0,2.0,1.0,2.0,2.0,1.0,1.0,1.0,2.0,2.0,1.0,1.0,2.0,2.0,1.0,1.0,1.0,2.0,2.0,2.0,2.0,2.0,2.0,1.0,,,5.0,,,5.0,18.0,,,7.0,
pid_1658,,1.0,1.0,,2.0,39.0,,,,,1.0,115.0,,60.0,3.0,,4.0,4.0,1.0,2.0,4.0,3.0,5.0,3.0,5.0,4.0,,2.0,,3.0,3.0,2.0,,,,4.0,,1.0,5.0,2.0,4.0,4.0,3.0,5.0,5.0,5.0,38.0,30.0,39.0,48.0,33.0,32.0,53.0,56.0,44.0,55.0,2.0,,6.0,1.0,1.0,1.0,1.0,1.0,2.0,2.0,1.0,1.0,1.0,,,,,,,1.0,2.0,1.0,1.0,2.0,2.0,2.0,2.0,2.0,1.0,2.0,2.0,2.0,2.0,2.0,2.0,2.0,1.0,2.0,2.0,2.0,2.0,2.0,2.0,2.0,1.0,1.0,2.0,2.0,2.0,1.0,2.0,2.0,1.0,2.0,2.0,2.0,2.0,2.0,2.0,,4.0,,,3.0,,11.0,,,,3.0
pid_1659,,2.0,,2.0,2.0,50.0,,,1.0,1500.0,,,,33.0,,5.0,5.0,2.0,1.0,4.0,4.0,4.0,5.0,5.0,3.0,4.0,,4.0,,4.0,5.0,3.0,,,,,3.0,1.0,6.0,3.0,6.0,5.0,3.0,6.0,4.0,7.0,55.0,47.0,56.0,60.0,41.0,33.0,53.0,45.0,25.0,60.0,2.0,,6.0,1.0,2.0,1.0,2.0,1.0,1.0,1.0,2.0,1.0,1.0,,,,,,,1.0,1.0,2.0,2.0,2.0,2.0,2.0,2.0,1.0,2.0,1.0,2.0,1.0,2.0,2.0,1.0,2.0,1.0,2.0,2.0,1.0,1.0,2.0,1.0,2.0,2.0,2.0,1.0,2.0,2.0,2.0,1.0,1.0,2.0,1.0,1.0,2.0,1.0,1.0,2.0,,4.0,,,6.0,,15.0,,,,3.0
pid_1660,1.0,,1.0,,,,1.0,13.0,2.0,877.0,,,,81.0,,6.0,3.0,3.0,1.0,3.0,5.0,3.0,5.0,3.0,5.0,5.0,,,5.0,,,,2.0,2.0,3.0,,6.0,2.0,7.0,1.0,1.0,1.0,1.0,7.0,7.0,7.0,4.0,8.0,4.0,100.0,100.0,10.0,100.0,51.0,100.0,100.0,4.0,,5.0,1.0,2.0,1.0,2.0,2.0,1.0,2.0,1.0,1.0,1.0,,,,,,,1.0,1.0,1.0,2.0,1.0,1.0,2.0,1.0,2.0,1.0,2.0,2.0,2.0,1.0,1.0,2.0,2.0,2.0,2.0,2.0,1.0,1.0,1.0,2.0,1.0,2.0,2.0,2.0,2.0,2.0,1.0,2.0,2.0,2.0,2.0,2.0,1.0,2.0,1.0,1.0,,,5.0,,,6.0,,6.0,1.0,,
pid_1661,1.0,,1.0,,,,2.0,8.0,,,1.0,120.0,75.0,,,4.0,5.0,5.0,2.0,3.0,5.0,4.0,5.0,5.0,5.0,5.0,,,4.0,,,,3.0,3.0,3.0,,6.0,1.0,7.0,2.0,7.0,5.0,2.0,5.0,7.0,7.0,26.0,70.0,50.0,50.0,10.0,19.0,50.0,50.0,50.0,70.0,2.0,6.0,,,,,,,,,,,,1.0,1.0,1.0,1.0,1.0,1.0,2.0,1.0,1.0,1.0,1.0,2.0,1.0,2.0,2.0,1.0,1.0,1.0,1.0,2.0,2.0,1.0,1.0,1.0,2.0,1.0,2.0,1.0,1.0,2.0,1.0,1.0,1.0,1.0,2.0,2.0,2.0,1.0,2.0,2.0,2.0,1.0,1.0,1.0,2.0,1.0,,,5.0,,,5.0,,5.0,,5.0,
pid_1662,,2.0,,1.0,,,1.0,42.0,2.0,850.0,,,51.0,,,4.0,4.0,5.0,3.0,3.0,4.0,3.0,5.0,3.0,3.0,3.0,1.0,,,,,,2.0,2.0,4.0,,4.0,1.0,7.0,3.0,4.0,4.0,2.0,5.0,6.0,6.0,45.0,85.0,55.0,75.0,35.0,40.0,55.0,70.0,45.0,55.0,1.0,,6.0,1.0,2.0,1.0,1.0,2.0,1.0,1.0,1.0,2.0,1.0,,,,,,,2.0,2.0,2.0,2.0,2.0,1.0,2.0,2.0,2.0,2.0,2.0,2.0,2.0,2.0,1.0,1.0,1.0,1.0,2.0,2.0,1.0,1.0,2.0,1.0,2.0,2.0,1.0,2.0,2.0,1.0,1.0,1.0,2.0,2.0,2.0,2.0,1.0,1.0,1.0,2.0,4.0,,,3.0,,,19.0,,,,1.0
pid_1663,2.0,,1.0,,,,2.0,5.0,1.0,2500.0,,,70.0,,4.0,,5.0,5.0,1.0,4.0,3.0,4.0,5.0,4.0,5.0,5.0,1.0,,,,,,2.0,2.0,2.0,,5.0,2.0,6.0,2.0,3.0,3.0,2.0,6.0,6.0,5.0,50.0,60.0,30.0,30.0,20.0,40.0,50.0,50.0,40.0,60.0,2.0,,6.0,,,,,,,,,,,1.0,1.0,1.0,1.0,1.0,1.0,2.0,2.0,2.0,2.0,2.0,1.0,2.0,2.0,1.0,2.0,2.0,1.0,2.0,1.0,1.0,2.0,2.0,2.0,2.0,2.0,2.0,2.0,2.0,2.0,2.0,2.0,2.0,1.0,2.0,1.0,2.0,1.0,2.0,2.0,2.0,2.0,1.0,2.0,2.0,2.0,4.0,,,3.0,,,,0.0,,,6.0
pid_1664,1.0,,1.0,,,,1.0,27.0,1.0,4000.0,,,71.0,,,3.0,5.0,3.0,2.0,5.0,3.0,5.0,5.0,5.0,5.0,5.0,,,1.0,1.0,1.0,1.0,,,,4.0,,2.0,7.0,2.0,1.0,1.0,4.0,7.0,7.0,7.0,76.0,66.0,70.0,90.0,54.0,88.0,79.0,54.0,65.0,77.0,2.0,6.0,,,,,,,,,,,,1.0,1.0,1.0,2.0,1.0,2.0,2.0,1.0,1.0,2.0,2.0,1.0,2.0,2.0,1.0,2.0,2.0,1.0,1.0,1.0,1.0,1.0,1.0,2.0,2.0,2.0,1.0,1.0,1.0,1.0,1.0,1.0,1.0,1.0,1.0,1.0,2.0,1.0,1.0,2.0,1.0,2.0,1.0,1.0,1.0,1.0,,,5.0,,,6.0,,20.0,10.0,,
pid_1665,2.0,,1.0,,1.0,100.0,,,,,1.0,150.0,90.0,,3.0,,5.0,5.0,1.0,1.0,4.0,5.0,5.0,4.0,5.0,5.0,1.0,,,,,,5.0,4.0,4.0,,6.0,1.0,7.0,1.0,1.0,2.0,3.0,6.0,7.0,5.0,58.0,84.0,18.0,20.0,51.0,80.0,77.0,78.0,65.0,65.0,3.0,5.0,,1.0,1.0,1.0,1.0,1.0,1.0,1.0,1.0,1.0,1.0,,,,,,,2.0,2.0,2.0,2.0,2.0,1.0,2.0,2.0,1.0,1.0,2.0,2.0,2.0,2.0,2.0,2.0,2.0,2.0,2.0,2.0,2.0,2.0,1.0,2.0,1.0,2.0,2.0,1.0,2.0,1.0,2.0,2.0,1.0,2.0,2.0,2.0,2.0,1.0,2.0,2.0,4.0,,,6.0,,,20.0,,2.0,,
pid_1666,,2.0,2.0,,2.0,50.0,,,,,1.0,290.0,,70.0,5.0,,5.0,5.0,1.0,5.0,5.0,5.0,5.0,5.0,5.0,5.0,,5.0,,,,,3.0,3.0,3.0,6.0,,1.0,7.0,1.0,4.0,4.0,2.0,5.0,5.0,5.0,72.0,65.0,50.0,51.0,46.0,74.0,46.0,29.0,31.0,75.0,4.0,,7.0,,,,,,,,,,,1.0,2.0,1.0,1.0,2.0,1.0,2.0,2.0,2.0,2.0,2.0,1.0,2.0,2.0,2.0,2.0,2.0,2.0,2.0,2.0,2.0,2.0,2.0,2.0,2.0,2.0,2.0,2.0,2.0,1.0,2.0,2.0,2.0,1.0,2.0,2.0,2.0,2.0,2.0,2.0,2.0,2.0,2.0,2.0,2.0,2.0,,5.0,,,4.0,,,0.0,,10.0,
pid_1667,,1.0,1.0,,,,1.0,20.0,1.0,1500.0,,,,85.0,2.0,,5.0,5.0,2.0,4.0,4.0,4.0,5.0,4.0,5.0,5.0,,2.0,,3.0,4.0,2.0,,,,,4.0,2.0,6.0,3.0,4.0,5.0,3.0,6.0,5.0,5.0,40.0,49.0,25.0,61.0,5.0,21.0,30.0,66.0,51.0,87.0,3.0,,6.0,,,,,,,,,,,1.0,1.0,2.0,1.0,1.0,2.0,2.0,1.0,2.0,2.0,1.0,2.0,2.0,1.0,2.0,2.0,2.0,2.0,2.0,2.0,2.0,2.0,1.0,1.0,2.0,2.0,1.0,2.0,1.0,1.0,1.0,1.0,2.0,1.0,1.0,1.0,2.0,2.0,1.0,2.0,2.0,1.0,2.0,1.0,2.0,2.0,,4.0,,,4.0,,,13.0,2.0,,
pid_1668,,2.0,2.0,,2.0,45.0,,,2.0,500.0,,,,70.0,2.0,,1.0,2.0,5.0,5.0,2.0,1.0,1.0,4.0,1.0,4.0,,4.0,,,,,4.0,3.0,2.0,,5.0,1.0,6.0,6.0,7.0,6.0,2.0,4.0,5.0,5.0,30.0,50.0,70.0,70.0,25.0,20.0,35.0,70.0,30.0,75.0,3.0,,6.0,,,,,,,,,,,1.0,1.0,1.0,2.0,1.0,1.0,2.0,1.0,2.0,2.0,1.0,2.0,2.0,1.0,1.0,2.0,2.0,1.0,1.0,1.0,2.0,1.0,2.0,1.0,1.0,2.0,2.0,1.0,2.0,1.0,2.0,1.0,2.0,2.0,1.0,2.0,1.0,2.0,2.0,2.0,1.0,1.0,1.0,1.0,2.0,2.0,,3.0,,,5.0,,16.0,,3.0,,
pid_1669,1.0,,,1.0,,,2.0,5.0,2.0,300.0,,,,31.0,3.0,,4.0,5.0,2.0,3.0,3.0,5.0,5.0,5.0,4.0,4.0,3.0,,,,,,3.0,4.0,4.0,4.0,,1.0,7.0,2.0,3.0,3.0,1.0,5.0,7.0,6.0,25.0,34.0,22.0,29.0,23.0,56.0,65.0,85.0,45.0,60.0,3.0,3.0,,1.0,1.0,1.0,1.0,1.0,1.0,1.0,1.0,1.0,1.0,,,,,,,2.0,1.0,1.0,2.0,2.0,2.0,2.0,2.0,2.0,2.0,2.0,1.0,2.0,2.0,2.0,1.0,2.0,1.0,2.0,2.0,2.0,2.0,1.0,1.0,2.0,2.0,2.0,1.0,2.0,2.0,1.0,2.0,2.0,2.0,2.0,2.0,2.0,2.0,2.0,1.0,4.0,,,1.0,,,,20.0,2.0,,
pid_1670,,2.0,,1.0,1.0,80.0,,,,,1.0,200.0,80.0,,1.0,,4.0,5.0,1.0,1.0,5.0,5.0,4.0,3.0,5.0,3.0,4.0,,,2.0,2.0,2.0,,,,3.0,,1.0,5.0,2.0,1.0,2.0,2.0,4.0,5.0,6.0,15.0,68.0,35.0,40.0,60.0,54.0,60.0,75.0,60.0,90.0,3.0,4.0,,,,,,,,,,,,1.0,1.0,1.0,1.0,1.0,1.0,2.0,2.0,2.0,1.0,2.0,2.0,2.0,1.0,2.0,2.0,2.0,2.0,2.0,2.0,2.0,2.0,1.0,2.0,1.0,1.0,1.0,2.0,2.0,2.0,2.0,1.0,2.0,2.0,1.0,2.0,2.0,2.0,2.0,2.0,2.0,1.0,2.0,1.0,2.0,1.0,5.0,,,5.0,,,,0.0,,,3.0
pid_1672,1.0,,2.0,,2.0,45.0,,,,,2.0,80.0,30.0,,,4.0,1.0,3.0,5.0,3.0,1.0,1.0,1.0,3.0,1.0,3.0,,3.0,,3.0,4.0,3.0,,,,4.0,,1.0,7.0,3.0,6.0,5.0,2.0,6.0,7.0,7.0,35.0,60.0,60.0,50.0,35.0,30.0,60.0,60.0,40.0,50.0,1.0,6.0,,,,,,,,,,,,1.0,1.0,2.0,1.0,2.0,1.0,2.0,2.0,2.0,2.0,2.0,2.0,2.0,2.0,2.0,1.0,2.0,2.0,2.0,2.0,2.0,2.0,2.0,1.0,1.0,2.0,2.0,2.0,1.0,2.0,1.0,2.0,2.0,2.0,2.0,2.0,2.0,2.0,2.0,2.0,2.0,2.0,2.0,1.0,2.0,2.0,,3.0,,,3.0,,,10.0,,,1.0
pid_1673,,2.0,,2.0,,,1.0,15.0,,,1.0,225.0,,70.0,4.0,,4.0,4.0,3.0,3.0,3.0,4.0,5.0,5.0,3.0,5.0,,,5.0,,,,4.0,4.0,2.0,,4.0,1.0,7.0,6.0,5.0,5.0,2.0,5.0,6.0,5.0,48.0,60.0,30.0,25.0,35.0,45.0,50.0,55.0,45.0,75.0,2.0,6.0,,,,,,,,,,,,1.0,1.0,2.0,2.0,1.0,1.0,2.0,2.0,2.0,1.0,1.0,2.0,2.0,2.0,2.0,2.0,1.0,1.0,2.0,2.0,1.0,2.0,1.0,2.0,1.0,2.0,2.0,2.0,2.0,1.0,2.0,1.0,1.0,1.0,2.0,1.0,1.0,2.0,2.0,2.0,2.0,1.0,2.0,2.0,1.0,2.0,,,5.0,,,6.0,,7.0,1.0,,
pid_1674,2.0,,1.0,,1.0,85.0,,,,,1.0,130.0,,5.0,3.0,,4.0,5.0,5.0,3.0,3.0,4.0,5.0,5.0,4.0,4.0,,,4.0,3.0,4.0,3.0,,,,,6.0,1.0,7.0,2.0,6.0,4.0,2.0,7.0,7.0,7.0,8.0,56.0,100.0,16.0,3.0,17.0,57.0,60.0,88.0,14.0,2.0,,5.0,,,,,,,,,,,1.0,2.0,1.0,1.0,2.0,1.0,2.0,2.0,1.0,2.0,1.0,1.0,2.0,2.0,1.0,2.0,1.0,1.0,2.0,1.0,1.0,2.0,2.0,2.0,1.0,2.0,1.0,1.0,2.0,1.0,1.0,1.0,2.0,1.0,1.0,2.0,1.0,2.0,2.0,2.0,2.0,1.0,2.0,2.0,1.0,2.0,,,4.0,,,4.0,12.0,,,,2.0
pid_1675,2.0,,1.0,,,,1.0,24.0,,,1.0,100.0,,68.0,,2.0,4.0,4.0,2.0,3.0,3.0,4.0,4.0,4.0,4.0,5.0,2.0,,,,,,5.0,5.0,5.0,6.0,,2.0,7.0,2.0,6.0,5.0,3.0,7.0,5.0,6.0,65.0,60.0,70.0,29.0,30.0,31.0,11.0,10.0,20.0,60.0,2.0,,6.0,,,,,,,,,,,1.0,1.0,1.0,1.0,1.0,2.0,2.0,1.0,2.0,2.0,2.0,1.0,1.0,1.0,1.0,1.0,2.0,1.0,1.0,1.0,2.0,2.0,2.0,2.0,1.0,1.0,2.0,1.0,1.0,1.0,1.0,1.0,1.0,1.0,2.0,2.0,1.0,2.0,1.0,1.0,2.0,1.0,2.0,2.0,1.0,1.0,5.0,,,6.0,,,20.0,,3.0,,
pid_1676,,2.0,2.0,,2.0,35.0,,,,,1.0,100.0,83.0,,3.0,,2.0,5.0,3.0,4.0,4.0,4.0,2.0,4.0,3.0,4.0,,4.0,,,,,4.0,5.0,5.0,5.0,,1.0,5.0,2.0,2.0,5.0,5.0,6.0,6.0,4.0,31.0,51.0,22.0,52.0,39.0,23.0,52.0,52.0,26.0,73.0,3.0,6.0,,,,,,,,,,,,1.0,1.0,1.0,2.0,1.0,2.0,2.0,2.0,2.0,1.0,2.0,2.0,2.0,2.0,2.0,1.0,2.0,2.0,1.0,2.0,1.0,2.0,2.0,2.0,2.0,2.0,2.0,2.0,1.0,2.0,2.0,2.0,1.0,2.0,2.0,2.0,1.0,1.0,2.0,1.0,1.0,2.0,1.0,2.0,2.0,1.0,,5.0,,,6.0,,15.0,,,,4.0
pid_1677,,1.0,,2.0,,,1.0,50.0,,,1.0,350.0,45.0,,,2.0,4.0,5.0,1.0,5.0,5.0,3.0,5.0,4.0,5.0,5.0,,,4.0,6.0,4.0,1.0,,,,4.0,,1.0,7.0,4.0,2.0,3.0,1.0,5.0,7.0,7.0,57.0,91.0,69.0,83.0,32.0,35.0,27.0,73.0,24.0,100.0,1.0,,6.0,,,,,,,,,,,1.0,1.0,2.0,2.0,1.0,1.0,1.0,2.0,2.0,1.0,2.0,2.0,2.0,1.0,2.0,2.0,2.0,2.0,2.0,1.0,1.0,2.0,1.0,2.0,1.0,1.0,2.0,2.0,1.0,2.0,1.0,2.0,2.0,1.0,2.0,1.0,1.0,1.0,2.0,2.0,2.0,2.0,1.0,2.0,1.0,1.0,,,2.0,,,5.0,14.0,,,8.0,
pid_1678,,1.0,2.0,,,,2.0,0.0,1.0,3000.0,,,30.0,,,4.0,3.0,4.0,3.0,3.0,4.0,5.0,5.0,4.0,3.0,3.0,,,2.0,3.0,4.0,2.0,,,,,4.0,2.0,7.0,6.0,6.0,6.0,5.0,5.0,6.0,5.0,65.0,73.0,40.0,37.0,45.0,55.0,75.0,68.0,47.0,38.0,3.0,,6.0,,,,,,,,,,,1.0,1.0,1.0,2.0,1.0,1.0,1.0,1.0,1.0,1.0,1.0,2.0,1.0,2.0,2.0,2.0,1.0,2.0,1.0,2.0,2.0,1.0,1.0,2.0,2.0,2.0,2.0,1.0,1.0,2.0,2.0,1.0,2.0,2.0,2.0,2.0,2.0,1.0,2.0,1.0,2.0,2.0,2.0,2.0,1.0,1.0,,,4.0,,,4.0,15.0,,,10.0,
pid_1679,1.0,,1.0,,,,2.0,10.0,,,1.0,120.0,,30.0,3.0,,4.0,4.0,4.0,3.0,4.0,4.0,4.0,3.0,2.0,2.0,,2.0,,,,,3.0,4.0,4.0,,4.0,1.0,5.0,7.0,3.0,3.0,1.0,3.0,5.0,6.0,55.0,36.0,77.0,37.0,35.0,33.0,33.0,47.0,14.0,5.0,2.0,,6.0,,,,,,,,,,,1.0,1.0,2.0,1.0,1.0,2.0,1.0,1.0,1.0,1.0,2.0,1.0,2.0,1.0,1.0,2.0,1.0,1.0,2.0,2.0,2.0,2.0,2.0,1.0,1.0,1.0,2.0,1.0,2.0,1.0,2.0,1.0,1.0,2.0,2.0,2.0,1.0,1.0,1.0,1.0,2.0,2.0,1.0,1.0,1.0,1.0,,4.0,,,4.0,,18.0,,,4.0,
pid_1680,1.0,,1.0,,2.0,50.0,,,2.0,300.0,,,,70.0,,6.0,4.0,5.0,2.0,4.0,4.0,5.0,5.0,5.0,5.0,5.0,,4.0,,,,,2.0,5.0,3.0,,3.0,1.0,7.0,2.0,5.0,5.0,6.0,7.0,6.0,5.0,70.0,75.0,65.0,70.0,60.0,50.0,85.0,80.0,65.0,90.0,1.0,,6.0,,,,,,,,,,,1.0,1.0,2.0,1.0,1.0,2.0,1.0,2.0,2.0,2.0,2.0,1.0,2.0,1.0,2.0,2.0,1.0,2.0,2.0,1.0,2.0,2.0,2.0,1.0,2.0,1.0,2.0,2.0,2.0,1.0,1.0,1.0,1.0,2.0,2.0,2.0,2.0,2.0,2.0,1.0,1.0,1.0,2.0,1.0,1.0,1.0,,2.0,,,5.0,,20.0,,3.0,,
pid_1681,1.0,,,1.0,,,1.0,60.0,,,1.0,120.0,37.0,,,2.0,3.0,3.0,1.0,4.0,4.0,4.0,4.0,4.0,4.0,4.0,,3.0,,2.0,1.0,4.0,,,,3.0,,2.0,7.0,1.0,1.0,1.0,4.0,7.0,7.0,7.0,42.0,97.0,0.0,19.0,47.0,48.0,75.0,66.0,94.0,100.0,3.0,4.0,,1.0,2.0,2.0,1.0,2.0,1.0,1.0,2.0,1.0,2.0,,,,,,,1.0,2.0,1.0,1.0,2.0,2.0,1.0,2.0,1.0,2.0,1.0,1.0,1.0,2.0,1.0,1.0,1.0,1.0,1.0,2.0,1.0,1.0,1.0,1.0,1.0,2.0,2.0,2.0,2.0,2.0,1.0,1.0,1.0,1.0,2.0,1.0,1.0,2.0,2.0,2.0,,3.0,,,4.0,,,5.0,3.0,,
pid_1682,2.0,,2.0,,2.0,55.0,,,,,1.0,350.0,,70.0,4.0,,1.0,5.0,5.0,4.0,5.0,4.0,4.0,4.0,5.0,5.0,1.0,,,4.0,4.0,4.0,,,,5.0,,1.0,7.0,5.0,7.0,6.0,3.0,3.0,7.0,6.0,60.0,90.0,80.0,90.0,65.0,45.0,45.0,49.0,65.0,75.0,2.0,,6.0,1.0,1.0,1.0,1.0,1.0,1.0,1.0,1.0,1.0,1.0,,,,,,,1.0,1.0,2.0,2.0,2.0,1.0,2.0,2.0,2.0,1.0,1.0,1.0,2.0,1.0,1.0,1.0,2.0,1.0,2.0,1.0,2.0,2.0,2.0,2.0,2.0,2.0,1.0,2.0,1.0,2.0,2.0,2.0,1.0,1.0,2.0,2.0,2.0,2.0,2.0,2.0,5.0,,,5.0,,,,0.0,2.0,,
pid_1683,,1.0,,2.0,2.0,40.0,,,,,1.0,100.0,31.0,,1.0,,1.0,5.0,3.0,5.0,3.0,1.0,5.0,5.0,3.0,5.0,,2.0,,,,,3.0,1.0,1.0,2.0,,2.0,6.0,4.0,1.0,1.0,1.0,2.0,7.0,7.0,30.0,70.0,80.0,100.0,40.0,20.0,32.0,43.0,8.0,100.0,1.0,4.0,,1.0,1.0,1.0,1.0,2.0,1.0,1.0,1.0,1.0,2.0,,,,,,,2.0,1.0,1.0,2.0,2.0,2.0,2.0,2.0,2.0,2.0,2.0,1.0,2.0,2.0,2.0,2.0,2.0,2.0,2.0,2.0,1.0,1.0,2.0,2.0,2.0,2.0,2.0,2.0,2.0,1.0,1.0,2.0,2.0,2.0,1.0,2.0,2.0,1.0,2.0,2.0,,5.0,,,6.0,,10.0,,,,1.0
pid_1684,,2.0,,2.0,2.0,40.0,,,,,1.0,300.0,56.0,,2.0,,3.0,2.0,4.0,3.0,2.0,4.0,4.0,4.0,3.0,2.0,,5.0,,,,,4.0,3.0,4.0,5.0,,1.0,6.0,5.0,5.0,6.0,3.0,5.0,4.0,4.0,20.0,70.0,59.0,22.0,5.0,34.0,44.0,49.0,42.0,30.0,3.0,,6.0,,,,,,,,,,,1.0,1.0,2.0,1.0,2.0,1.0,2.0,2.0,1.0,1.0,2.0,1.0,1.0,2.0,2.0,1.0,1.0,2.0,2.0,2.0,1.0,1.0,2.0,2.0,2.0,1.0,2.0,2.0,2.0,2.0,1.0,1.0,1.0,2.0,2.0,1.0,2.0,1.0,1.0,2.0,2.0,1.0,1.0,2.0,1.0,2.0,,5.0,,,5.0,,18.0,,4.0,,
pid_1685,,2.0,,2.0,2.0,40.0,,,,,1.0,300.0,,50.0,4.0,,3.0,4.0,3.0,4.0,4.0,3.0,4.0,4.0,3.0,4.0,2.0,,,3.0,3.0,3.0,,,,,4.0,1.0,5.0,2.0,2.0,2.0,5.0,5.0,6.0,6.0,71.0,74.0,53.0,85.0,58.0,62.0,95.0,85.0,51.0,78.0,3.0,6.0,,,,,,,,,,,,1.0,1.0,2.0,2.0,1.0,1.0,2.0,2.0,1.0,2.0,2.0,2.0,1.0,1.0,2.0,2.0,2.0,1.0,2.0,1.0,2.0,1.0,2.0,2.0,2.0,1.0,2.0,1.0,1.0,1.0,2.0,1.0,1.0,2.0,1.0,2.0,2.0,2.0,1.0,2.0,2.0,2.0,1.0,1.0,2.0,1.0,4.0,,,4.0,,,15.0,,,,3.0
pid_1686,,2.0,1.0,,2.0,50.0,,,1.0,1000.0,,,70.0,,,6.0,5.0,5.0,5.0,5.0,5.0,4.0,5.0,5.0,5.0,5.0,1.0,,,2.0,2.0,2.0,,,,,2.0,1.0,6.0,2.0,2.0,5.0,5.0,6.0,6.0,6.0,2.0,61.0,24.0,77.0,2.0,4.0,0.0,0.0,83.0,96.0,2.0,6.0,,,,,,,,,,,,1.0,1.0,2.0,1.0,2.0,1.0,1.0,1.0,1.0,2.0,2.0,2.0,1.0,1.0,1.0,1.0,1.0,1.0,1.0,1.0,1.0,1.0,2.0,2.0,1.0,1.0,1.0,1.0,1.0,1.0,1.0,2.0,1.0,2.0,1.0,1.0,1.0,1.0,1.0,1.0,1.0,1.0,2.0,2.0,1.0,1.0,2.0,,,4.0,,,10.0,,,,3.0
pid_1687,1.0,,,1.0,,,1.0,50.0,2.0,200.0,,,,60.0,4.0,,4.0,5.0,2.0,5.0,5.0,5.0,5.0,5.0,5.0,5.0,,,4.0,4.0,2.0,2.0,,,,5.0,,1.0,7.0,4.0,1.0,2.0,1.0,5.0,7.0,5.0,46.0,83.0,55.0,83.0,43.0,48.0,50.0,71.0,41.0,86.0,3.0,5.0,,1.0,2.0,1.0,2.0,1.0,1.0,1.0,2.0,1.0,2.0,,,,,,,2.0,2.0,1.0,1.0,1.0,1.0,1.0,2.0,2.0,1.0,1.0,2.0,1.0,1.0,1.0,2.0,2.0,2.0,2.0,1.0,2.0,2.0,1.0,1.0,2.0,2.0,2.0,1.0,2.0,2.0,2.0,1.0,1.0,1.0,2.0,2.0,1.0,2.0,1.0,2.0,,,5.0,,,6.0,,10.0,3.0,,
pid_1688,1.0,,,2.0,,,1.0,50.0,2.0,300.0,,,,100.0,,4.0,1.0,1.0,4.0,3.0,5.0,3.0,3.0,5.0,4.0,5.0,1.0,,,6.0,6.0,6.0,,,,1.0,,1.0,4.0,1.0,4.0,4.0,4.0,7.0,7.0,7.0,50.0,50.0,50.0,50.0,50.0,50.0,50.0,50.0,50.0,50.0,2.0,6.0,,1.0,1.0,1.0,1.0,1.0,1.0,1.0,1.0,1.0,1.0,,,,,,,2.0,2.0,2.0,2.0,1.0,2.0,2.0,2.0,1.0,1.0,2.0,2.0,2.0,1.0,2.0,2.0,1.0,2.0,1.0,2.0,2.0,2.0,1.0,2.0,1.0,2.0,2.0,1.0,2.0,2.0,2.0,1.0,2.0,1.0,1.0,1.0,1.0,1.0,1.0,2.0,4.0,,,1.0,,,,0.0,,10.0,
pid_1689,,2.0,1.0,,,,2.0,45.0,2.0,200.0,,,49.0,,3.0,,4.0,5.0,3.0,5.0,4.0,4.0,5.0,4.0,4.0,5.0,3.0,,,3.0,3.0,3.0,,,,,5.0,2.0,5.0,4.0,1.0,3.0,2.0,4.0,7.0,6.0,40.0,81.0,80.0,90.0,70.0,56.0,70.0,50.0,60.0,95.0,1.0,6.0,,,,,,,,,,,,1.0,1.0,2.0,1.0,1.0,2.0,1.0,2.0,2.0,2.0,2.0,1.0,1.0,2.0,2.0,1.0,1.0,2.0,2.0,2.0,1.0,1.0,1.0,2.0,2.0,2.0,2.0,2.0,1.0,1.0,2.0,1.0,2.0,1.0,2.0,2.0,1.0,1.0,1.0,2.0,1.0,1.0,1.0,1.0,1.0,1.0,4.0,,,3.0,,,10.0,,,10.0,
pid_1690,2.0,,,1.0,,,2.0,8.0,,,1.0,100.0,30.0,,5.0,,5.0,3.0,5.0,1.0,3.0,4.0,4.0,5.0,1.0,1.0,,1.0,,,,,3.0,2.0,2.0,1.0,,2.0,6.0,1.0,5.0,5.0,3.0,6.0,7.0,7.0,52.0,60.0,80.0,30.0,34.0,30.0,35.0,50.0,10.0,50.0,2.0,,6.0,1.0,1.0,1.0,1.0,1.0,1.0,1.0,1.0,1.0,1.0,,,,,,,2.0,2.0,2.0,2.0,2.0,2.0,1.0,2.0,2.0,2.0,2.0,1.0,2.0,1.0,2.0,1.0,2.0,2.0,1.0,2.0,2.0,2.0,2.0,2.0,2.0,2.0,1.0,2.0,2.0,2.0,1.0,1.0,2.0,2.0,1.0,1.0,2.0,2.0,2.0,2.0,,4.0,,,2.0,,20.0,,,,1.0
pid_1691,2.0,,1.0,,,,2.0,7.0,,,1.0,100.0,,71.0,3.0,,4.0,5.0,3.0,5.0,4.0,4.0,5.0,5.0,4.0,4.0,,,4.0,,,,1.0,3.0,1.0,4.0,,1.0,3.0,3.0,1.0,2.0,1.0,5.0,5.0,5.0,56.0,100.0,53.0,94.0,62.0,70.0,100.0,100.0,22.0,100.0,1.0,4.0,,,,,,,,,,,,1.0,1.0,1.0,1.0,1.0,1.0,1.0,1.0,1.0,1.0,2.0,2.0,1.0,1.0,1.0,1.0,2.0,1.0,1.0,2.0,1.0,1.0,1.0,1.0,1.0,2.0,1.0,2.0,1.0,1.0,1.0,1.0,1.0,1.0,1.0,1.0,2.0,1.0,1.0,2.0,1.0,1.0,1.0,2.0,1.0,1.0,,,4.0,,,5.0,20.0,,,,2.0
pid_1692,,2.0,,2.0,2.0,60.0,,,,,1.0,100.0,,100.0,3.0,,5.0,5.0,1.0,2.0,5.0,5.0,5.0,4.0,5.0,5.0,,,2.0,3.0,3.0,3.0,,,,,4.0,1.0,7.0,1.0,3.0,3.0,3.0,5.0,7.0,6.0,63.0,54.0,49.0,52.0,58.0,62.0,60.0,59.0,56.0,65.0,4.0,,6.0,,,,,,,,,,,2.0,1.0,2.0,1.0,1.0,1.0,2.0,2.0,2.0,1.0,1.0,2.0,2.0,2.0,1.0,2.0,2.0,1.0,1.0,2.0,2.0,2.0,1.0,1.0,2.0,1.0,2.0,1.0,1.0,1.0,2.0,2.0,1.0,2.0,2.0,2.0,1.0,2.0,1.0,2.0,2.0,2.0,2.0,1.0,1.0,2.0,,,5.0,,,5.0,10.0,,,10.0,
pid_1693,,2.0,1.0,,2.0,50.0,,,,,1.0,100.0,50.0,,,4.0,5.0,5.0,3.0,5.0,5.0,5.0,5.0,5.0,5.0,5.0,,2.0,,,,,3.0,3.0,3.0,,6.0,1.0,7.0,4.0,3.0,3.0,3.0,5.0,6.0,6.0,50.0,65.0,50.0,60.0,50.0,50.0,60.0,60.0,50.0,75.0,3.0,,6.0,1.0,1.0,1.0,1.0,1.0,1.0,1.0,1.0,1.0,1.0,,,,,,,2.0,2.0,2.0,2.0,1.0,1.0,2.0,2.0,2.0,2.0,1.0,1.0,2.0,1.0,2.0,2.0,2.0,1.0,1.0,2.0,1.0,2.0,2.0,2.0,1.0,2.0,2.0,2.0,2.0,1.0,2.0,2.0,1.0,2.0,2.0,2.0,2.0,1.0,2.0,1.0,,5.0,,,6.0,,,0.0,,4.0,
pid_1694,,1.0,1.0,,2.0,40.0,,,1.0,140.0,,,,36.0,3.0,,4.0,4.0,1.0,3.0,3.0,2.0,5.0,4.0,4.0,4.0,,4.0,,3.0,2.0,2.0,,,,,2.0,2.0,6.0,2.0,4.0,3.0,3.0,6.0,7.0,5.0,19.0,20.0,60.0,41.0,24.0,10.0,31.0,45.0,36.0,25.0,2.0,,6.0,1.0,2.0,1.0,1.0,1.0,1.0,2.0,2.0,2.0,2.0,,,,,,,2.0,1.0,1.0,1.0,1.0,1.0,1.0,2.0,2.0,2.0,1.0,1.0,2.0,1.0,2.0,2.0,1.0,1.0,1.0,2.0,1.0,2.0,1.0,2.0,2.0,2.0,1.0,2.0,1.0,2.0,1.0,1.0,2.0,1.0,1.0,1.0,1.0,2.0,1.0,1.0,,4.0,,,4.0,,,10.0,,,2.0
pid_1695,1.0,,1.0,,2.0,45.0,,,,,1.0,250.0,,50.0,,3.0,4.0,5.0,3.0,4.0,3.0,4.0,5.0,5.0,5.0,5.0,,1.0,,3.0,4.0,2.0,,,,,2.0,2.0,7.0,2.0,6.0,6.0,2.0,3.0,5.0,5.0,40.0,70.0,60.0,65.0,50.0,55.0,75.0,80.0,65.0,70.0,3.0,5.0,,1.0,1.0,1.0,1.0,1.0,1.0,1.0,1.0,1.0,1.0,,,,,,,2.0,2.0,1.0,2.0,1.0,2.0,2.0,2.0,2.0,1.0,2.0,2.0,2.0,2.0,2.0,1.0,2.0,2.0,1.0,2.0,2.0,2.0,2.0,1.0,2.0,2.0,2.0,2.0,2.0,2.0,2.0,2.0,2.0,2.0,2.0,2.0,1.0,2.0,2.0,2.0,,5.0,,,5.0,,15.0,,2.0,,
pid_1696,,1.0,1.0,,2.0,50.0,,,2.0,250.0,,,25.0,,,4.0,2.0,5.0,1.0,5.0,5.0,5.0,5.0,4.0,5.0,5.0,,1.0,,1.0,2.0,2.0,,,,,4.0,1.0,6.0,2.0,4.0,2.0,1.0,5.0,6.0,6.0,50.0,50.0,30.0,90.0,75.0,55.0,80.0,50.0,45.0,95.0,4.0,,6.0,,,,,,,,,,,1.0,1.0,2.0,1.0,1.0,2.0,2.0,1.0,2.0,2.0,2.0,2.0,1.0,2.0,1.0,2.0,1.0,2.0,2.0,1.0,2.0,2.0,1.0,1.0,1.0,2.0,2.0,2.0,2.0,1.0,1.0,2.0,1.0,1.0,2.0,2.0,2.0,1.0,2.0,2.0,1.0,2.0,1.0,2.0,1.0,1.0,,5.0,,,4.0,,,10.0,2.0,,
pid_1697,1.0,,2.0,,,,2.0,3.0,,,1.0,150.0,100.0,,,6.0,4.0,4.0,4.0,4.0,4.0,4.0,4.0,4.0,4.0,4.0,,,5.0,,,,4.0,4.0,3.0,6.0,,2.0,5.0,3.0,3.0,3.0,5.0,6.0,5.0,5.0,72.0,84.0,84.0,85.0,29.0,51.0,54.0,68.0,71.0,73.0,4.0,,7.0,1.0,1.0,1.0,1.0,1.0,1.0,1.0,1.0,1.0,1.0,,,,,,,2.0,1.0,2.0,1.0,1.0,2.0,1.0,2.0,1.0,2.0,2.0,2.0,1.0,1.0,1.0,2.0,2.0,1.0,2.0,1.0,1.0,2.0,2.0,2.0,1.0,2.0,2.0,2.0,1.0,2.0,1.0,1.0,1.0,2.0,1.0,2.0,2.0,2.0,1.0,1.0,,,4.0,,,5.0,20.0,,,,7.0
pid_1698,1.0,,,1.0,1.0,75.0,,,1.0,1100.0,,,60.0,,3.0,,4.0,5.0,1.0,3.0,5.0,5.0,5.0,5.0,5.0,5.0,,,2.0,4.0,4.0,2.0,,,,,3.0,1.0,6.0,3.0,3.0,4.0,4.0,5.0,5.0,5.0,60.0,80.0,10.0,75.0,80.0,80.0,100.0,100.0,100.0,100.0,3.0,,6.0,,,,,,,,,,,1.0,2.0,2.0,1.0,1.0,1.0,2.0,2.0,2.0,1.0,1.0,2.0,1.0,1.0,1.0,2.0,1.0,2.0,1.0,1.0,1.0,2.0,1.0,2.0,1.0,1.0,1.0,1.0,1.0,1.0,2.0,2.0,2.0,2.0,1.0,1.0,2.0,1.0,2.0,2.0,2.0,1.0,2.0,2.0,1.0,2.0,,,5.0,,,5.0,,5.0,3.0,,
pid_1699,1.0,,2.0,,,,1.0,14.0,1.0,1500.0,,,30.0,,,5.0,4.0,4.0,5.0,5.0,4.0,4.0,5.0,3.0,4.0,4.0,,2.0,,,,,3.0,3.0,3.0,,5.0,1.0,7.0,3.0,5.0,5.0,5.0,6.0,5.0,6.0,70.0,80.0,50.0,60.0,70.0,80.0,60.0,70.0,70.0,60.0,4.0,6.0,,1.0,2.0,1.0,1.0,1.0,1.0,1.0,1.0,2.0,2.0,,,,,,,1.0,2.0,2.0,2.0,2.0,1.0,2.0,2.0,2.0,1.0,2.0,2.0,2.0,2.0,2.0,2.0,2.0,2.0,2.0,2.0,2.0,2.0,2.0,2.0,2.0,2.0,2.0,2.0,2.0,2.0,2.0,1.0,2.0,1.0,2.0,1.0,1.0,1.0,2.0,2.0,,5.0,,,5.0,,10.0,,,,3.0
pid_1700,1.0,,,1.0,2.0,20.0,,,,,1.0,100.0,,70.0,,4.0,5.0,5.0,1.0,3.0,5.0,5.0,5.0,3.0,3.0,5.0,1.0,,,,,,3.0,3.0,3.0,3.0,,1.0,7.0,1.0,4.0,4.0,5.0,7.0,7.0,7.0,50.0,60.0,50.0,50.0,25.0,40.0,50.0,60.0,35.0,70.0,3.0,,6.0,1.0,1.0,1.0,1.0,1.0,1.0,1.0,1.0,1.0,1.0,,,,,,,2.0,2.0,2.0,1.0,1.0,2.0,2.0,1.0,1.0,2.0,2.0,1.0,2.0,1.0,1.0,1.0,2.0,2.0,1.0,2.0,1.0,2.0,1.0,2.0,1.0,1.0,1.0,1.0,1.0,2.0,2.0,1.0,2.0,1.0,1.0,2.0,1.0,2.0,2.0,1.0,5.0,,,4.0,,,,20.0,,,10.0
pid_1701,1.0,,,2.0,2.0,54.0,,,2.0,379.7,,,,71.0,5.0,,2.0,3.0,4.0,3.0,4.0,3.0,4.0,3.0,4.0,3.0,,3.0,,,,,6.0,2.0,2.0,,5.0,2.0,5.0,4.0,5.0,6.0,4.0,5.0,6.0,5.0,69.0,27.0,45.0,47.0,63.0,39.0,57.0,63.0,59.0,53.0,4.0,3.0,,1.0,2.0,1.0,1.0,1.0,1.0,2.0,2.0,2.0,2.0,,,,,,,1.0,2.0,2.0,1.0,2.0,1.0,1.0,1.0,2.0,2.0,1.0,1.0,1.0,1.0,1.0,1.0,1.0,1.0,1.0,1.0,2.0,2.0,2.0,1.0,1.0,2.0,1.0,1.0,1.0,2.0,1.0,2.0,2.0,1.0,1.0,1.0,2.0,2.0,2.0,1.0,,2.0,,,4.0,,5.0,,,2.0,
pid_1702,,2.0,,2.0,2.0,5.0,,,2.0,500.0,,,,73.0,,5.0,3.0,3.0,2.0,3.0,3.0,3.0,3.0,3.0,3.0,4.0,,,4.0,,,,3.0,3.0,3.0,,5.0,1.0,4.0,1.0,2.0,2.0,4.0,6.0,6.0,6.0,7.0,60.0,65.0,40.0,11.0,9.0,12.0,27.0,23.0,51.0,1.0,5.0,,1.0,1.0,1.0,1.0,1.0,1.0,1.0,1.0,1.0,1.0,,,,,,,1.0,1.0,1.0,1.0,2.0,2.0,1.0,2.0,1.0,1.0,2.0,1.0,2.0,2.0,2.0,2.0,2.0,2.0,1.0,1.0,2.0,2.0,1.0,2.0,2.0,1.0,2.0,2.0,1.0,2.0,1.0,1.0,2.0,2.0,1.0,2.0,2.0,2.0,2.0,1.0,,,4.0,,,4.0,15.0,,1.0,,
pid_1703,1.0,,1.0,,2.0,42.0,,,,,1.0,200.0,100.0,,5.0,,3.0,5.0,1.0,4.0,5.0,4.0,5.0,1.0,5.0,5.0,,,3.0,,,,4.0,4.0,4.0,3.0,,1.0,7.0,1.0,3.0,2.0,5.0,7.0,6.0,7.0,26.0,79.0,33.0,26.0,24.0,14.0,68.0,27.0,63.0,63.0,1.0,6.0,,1.0,2.0,1.0,1.0,1.0,2.0,1.0,1.0,1.0,1.0,,,,,,,1.0,2.0,1.0,2.0,2.0,2.0,2.0,2.0,2.0,1.0,1.0,2.0,2.0,2.0,2.0,2.0,2.0,2.0,1.0,2.0,2.0,2.0,2.0,2.0,1.0,2.0,2.0,2.0,2.0,2.0,2.0,2.0,1.0,2.0,2.0,1.0,2.0,1.0,2.0,2.0,,,5.0,,,1.0,19.0,,,9.0,
pid_1704,1.0,,2.0,,,,1.0,20.0,,,1.0,400.0,30.0,,5.0,,4.0,5.0,1.0,3.0,5.0,5.0,5.0,5.0,5.0,5.0,,5.0,,4.0,4.0,2.0,,,,4.0,,1.0,7.0,4.0,6.0,5.0,2.0,5.0,6.0,7.0,45.0,40.0,60.0,50.0,42.0,45.0,55.0,60.0,47.0,50.0,3.0,5.0,,,,,,,,,,,,1.0,1.0,1.0,1.0,1.0,1.0,2.0,1.0,1.0,2.0,2.0,2.0,1.0,2.0,2.0,1.0,2.0,2.0,2.0,2.0,1.0,2.0,1.0,1.0,1.0,1.0,2.0,1.0,1.0,2.0,2.0,2.0,2.0,1.0,2.0,1.0,2.0,2.0,1.0,2.0,1.0,1.0,1.0,1.0,1.0,2.0,,2.0,,,5.0,,19.0,,,9.0,
pid_1705,,1.0,,2.0,1.0,70.0,,,1.0,4000.0,,,49.0,,3.0,,5.0,4.0,4.0,4.0,4.0,5.0,4.0,5.0,3.0,4.0,,,3.0,,,,4.0,4.0,4.0,,4.0,1.0,7.0,1.0,6.0,6.0,2.0,6.0,5.0,5.0,63.0,89.0,67.0,76.0,41.0,61.0,53.0,73.0,63.0,59.0,3.0,6.0,,,,,,,,,,,,1.0,1.0,1.0,1.0,1.0,1.0,1.0,1.0,2.0,1.0,1.0,2.0,1.0,2.0,1.0,1.0,2.0,2.0,2.0,1.0,1.0,1.0,1.0,1.0,1.0,2.0,2.0,1.0,2.0,2.0,2.0,1.0,1.0,1.0,2.0,1.0,1.0,1.0,1.0,1.0,1.0,1.0,2.0,2.0,1.0,1.0,,,5.0,,,6.0,0.0,,3.0,,
pid_1706,,2.0,,2.0,2.0,50.0,,,,,1.0,115.0,45.0,,5.0,,1.0,2.0,5.0,3.0,2.0,4.0,5.0,4.0,1.0,5.0,2.0,,,3.0,1.0,2.0,,,,,4.0,1.0,5.0,1.0,4.0,7.0,4.0,7.0,6.0,4.0,25.0,54.0,90.0,34.0,10.0,16.0,80.0,30.0,5.0,100.0,1.0,,5.0,1.0,1.0,2.0,2.0,2.0,1.0,2.0,1.0,1.0,1.0,,,,,,,2.0,1.0,2.0,2.0,1.0,2.0,1.0,1.0,1.0,2.0,1.0,1.0,2.0,2.0,2.0,2.0,1.0,2.0,2.0,1.0,2.0,1.0,2.0,2.0,1.0,2.0,1.0,2.0,1.0,2.0,2.0,2.0,1.0,2.0,2.0,1.0,2.0,2.0,1.0,2.0,4.0,,,4.0,,,18.0,,,10.0,
pid_1707,1.0,,1.0,,2.0,54.0,,,2.0,379.0,,,,70.0,,2.0,4.0,4.0,4.0,5.0,5.0,4.0,3.0,4.0,5.0,4.0,3.0,,,5.0,4.0,6.0,,,,,6.0,2.0,6.0,7.0,7.0,6.0,5.0,4.0,5.0,4.0,80.0,55.0,66.0,80.0,50.0,75.0,62.0,65.0,75.0,65.0,3.0,,2.0,1.0,2.0,1.0,2.0,2.0,1.0,2.0,2.0,1.0,1.0,,,,,,,1.0,1.0,1.0,2.0,1.0,2.0,1.0,1.0,1.0,1.0,1.0,1.0,1.0,2.0,1.0,1.0,2.0,1.0,1.0,1.0,1.0,2.0,1.0,1.0,1.0,2.0,1.0,1.0,2.0,2.0,2.0,1.0,2.0,2.0,1.0,1.0,2.0,1.0,1.0,1.0,4.0,,,4.0,,,,13.0,3.0,,
pid_1708,1.0,,,1.0,,,1.0,25.0,,,1.0,110.0,,70.0,,4.0,3.0,3.0,2.0,4.0,3.0,3.0,3.0,3.0,3.0,3.0,,3.0,,,,,3.0,3.0,3.0,,6.0,2.0,7.0,1.0,4.0,5.0,2.0,7.0,4.0,4.0,10.0,10.0,81.0,81.0,14.0,21.0,9.0,12.0,15.0,15.0,2.0,3.0,,1.0,1.0,1.0,1.0,1.0,1.0,1.0,1.0,1.0,1.0,,,,,,,2.0,2.0,2.0,2.0,2.0,2.0,2.0,2.0,2.0,1.0,2.0,1.0,1.0,2.0,2.0,2.0,1.0,2.0,1.0,1.0,2.0,1.0,2.0,1.0,2.0,2.0,2.0,2.0,2.0,2.0,1.0,1.0,1.0,1.0,2.0,1.0,2.0,2.0,2.0,1.0,,4.0,,,3.0,,,10.0,2.0,,
pid_1709,,2.0,,2.0,2.0,50.0,,,,,1.0,300.0,80.0,,2.0,,2.0,5.0,2.0,3.0,4.0,4.0,2.0,4.0,5.0,5.0,,,5.0,3.0,4.0,2.0,,,,,4.0,1.0,5.0,2.0,6.0,6.0,2.0,5.0,4.0,5.0,31.0,65.0,38.0,32.0,37.0,42.0,32.0,66.0,90.0,70.0,3.0,,6.0,1.0,1.0,1.0,1.0,1.0,1.0,1.0,1.0,1.0,1.0,,,,,,,2.0,1.0,2.0,2.0,2.0,2.0,1.0,1.0,1.0,2.0,2.0,1.0,2.0,2.0,2.0,2.0,2.0,2.0,2.0,1.0,2.0,2.0,1.0,2.0,2.0,1.0,2.0,1.0,1.0,1.0,2.0,1.0,2.0,1.0,1.0,1.0,2.0,2.0,1.0,1.0,,,2.0,,,5.0,20.0,,3.0,,
pid_1710,1.0,,1.0,,2.0,15.0,,,,,1.0,90.0,,75.0,,4.0,4.0,1.0,3.0,3.0,2.0,2.0,3.0,4.0,3.0,2.0,,,2.0,5.0,3.0,4.0,,,,4.0,,2.0,5.0,3.0,4.0,5.0,5.0,3.0,4.0,4.0,44.0,70.0,34.0,65.0,60.0,27.0,45.0,12.0,62.0,33.0,2.0,,4.0,1.0,2.0,2.0,2.0,1.0,1.0,1.0,2.0,1.0,1.0,,,,,,,1.0,1.0,1.0,1.0,2.0,2.0,1.0,2.0,2.0,2.0,2.0,2.0,2.0,1.0,2.0,2.0,1.0,2.0,2.0,2.0,1.0,2.0,2.0,2.0,2.0,2.0,1.0,2.0,1.0,1.0,2.0,1.0,2.0,1.0,1.0,1.0,2.0,2.0,2.0,1.0,,,4.0,,,4.0,,12.0,,1.0,
pid_1711,,2.0,,1.0,1.0,54.0,,,1.0,380.0,,,,50.0,2.0,,4.0,4.0,4.0,5.0,5.0,4.0,4.0,5.0,4.0,5.0,,4.0,,5.0,5.0,5.0,,,,,5.0,1.0,6.0,5.0,5.0,6.0,6.0,6.0,5.0,6.0,50.0,91.0,100.0,52.0,73.0,50.0,77.0,53.0,72.0,94.0,3.0,4.0,,,,,,,,,,,,1.0,2.0,2.0,2.0,2.0,2.0,1.0,1.0,1.0,2.0,1.0,1.0,1.0,1.0,2.0,1.0,1.0,2.0,1.0,2.0,1.0,2.0,1.0,2.0,2.0,2.0,1.0,2.0,1.0,2.0,1.0,1.0,1.0,2.0,2.0,1.0,2.0,2.0,2.0,1.0,1.0,1.0,2.0,2.0,1.0,2.0,,5.0,,,5.0,,20.0,,,,4.0
pid_1712,,2.0,,2.0,,,1.0,45.0,2.0,500.0,,,29.0,,,5.0,5.0,5.0,1.0,1.0,3.0,5.0,1.0,4.0,5.0,5.0,2.0,,,,,,4.0,5.0,3.0,,4.0,1.0,7.0,3.0,1.0,3.0,2.0,4.0,6.0,6.0,60.0,70.0,30.0,30.0,30.0,60.0,50.0,50.0,80.0,80.0,2.0,,6.0,2.0,2.0,1.0,2.0,1.0,2.0,2.0,1.0,2.0,2.0,,,,,,,1.0,2.0,1.0,2.0,2.0,1.0,1.0,1.0,1.0,2.0,2.0,1.0,2.0,1.0,2.0,2.0,1.0,1.0,2.0,2.0,1.0,1.0,1.0,1.0,2.0,2.0,2.0,2.0,1.0,2.0,2.0,1.0,1.0,2.0,2.0,2.0,1.0,2.0,1.0,2.0,5.0,,,6.0,,,,10.0,,,3.0
pid_1713,1.0,,1.0,,,,1.0,100.0,1.0,2000.0,,,,70.0,3.0,,4.0,2.0,4.0,2.0,2.0,3.0,4.0,4.0,3.0,4.0,4.0,,,,,,4.0,5.0,4.0,6.0,,1.0,7.0,4.0,4.0,5.0,2.0,6.0,6.0,5.0,60.0,5.0,90.0,5.0,10.0,20.0,40.0,100.0,30.0,100.0,1.0,,6.0,,,,,,,,,,,1.0,1.0,1.0,1.0,1.0,1.0,1.0,2.0,1.0,2.0,1.0,1.0,1.0,1.0,1.0,1.0,1.0,1.0,1.0,1.0,1.0,1.0,1.0,2.0,1.0,2.0,1.0,1.0,1.0,1.0,1.0,1.0,1.0,1.0,1.0,1.0,1.0,1.0,1.0,1.0,1.0,2.0,2.0,2.0,2.0,1.0,4.0,,,6.0,,,2.0,,,10.0,
pid_1714,,2.0,2.0,,2.0,23.0,,,2.0,300.0,,,,70.0,,4.0,2.0,4.0,3.0,4.0,4.0,2.0,4.0,4.0,4.0,3.0,,,2.0,,,,1.0,3.0,3.0,,3.0,2.0,6.0,2.0,6.0,5.0,1.0,6.0,5.0,5.0,65.0,72.0,46.0,35.0,80.0,40.0,45.0,65.0,75.0,42.0,1.0,3.0,,,,,,,,,,,,1.0,1.0,2.0,1.0,1.0,2.0,1.0,2.0,1.0,2.0,2.0,2.0,1.0,2.0,1.0,1.0,1.0,1.0,2.0,2.0,1.0,1.0,1.0,2.0,2.0,1.0,1.0,2.0,2.0,2.0,2.0,2.0,2.0,1.0,1.0,2.0,2.0,1.0,2.0,2.0,2.0,2.0,2.0,2.0,2.0,1.0,,,5.0,,,5.0,20.0,,,9.0,
pid_1715,1.0,,,1.0,2.0,45.0,,,1.0,3000.0,,,30.0,,,2.0,5.0,5.0,4.0,4.0,4.0,4.0,3.0,4.0,3.0,4.0,,,4.0,2.0,3.0,4.0,,,,4.0,,1.0,6.0,1.0,3.0,3.0,2.0,6.0,7.0,6.0,62.0,81.0,88.0,66.0,68.0,86.0,58.0,48.0,73.0,71.0,3.0,5.0,,,,,,,,,,,,1.0,1.0,2.0,1.0,2.0,1.0,2.0,1.0,2.0,1.0,1.0,1.0,1.0,1.0,1.0,2.0,1.0,1.0,2.0,1.0,1.0,2.0,2.0,2.0,1.0,2.0,2.0,1.0,1.0,2.0,1.0,1.0,1.0,2.0,2.0,2.0,2.0,1.0,2.0,2.0,1.0,1.0,2.0,1.0,1.0,2.0,,,4.0,,,6.0,,20.0,,8.0,
pid_1716,,2.0,,2.0,2.0,54.0,,,2.0,300.0,,,,30.0,,4.0,5.0,5.0,1.0,1.0,5.0,5.0,4.0,5.0,5.0,5.0,1.0,,,,,,1.0,1.0,5.0,,5.0,2.0,7.0,2.0,1.0,2.0,4.0,5.0,6.0,7.0,80.0,95.0,50.0,25.0,65.0,80.0,70.0,30.0,80.0,89.0,3.0,,6.0,1.0,1.0,2.0,1.0,1.0,2.0,1.0,2.0,1.0,1.0,,,,,,,2.0,1.0,1.0,2.0,2.0,1.0,1.0,2.0,1.0,2.0,1.0,2.0,1.0,1.0,2.0,1.0,1.0,2.0,2.0,1.0,1.0,2.0,1.0,2.0,1.0,1.0,1.0,2.0,1.0,2.0,1.0,2.0,1.0,2.0,1.0,1.0,1.0,1.0,2.0,1.0,5.0,,,6.0,,,,15.0,,,5.0
pid_1717,,2.0,,1.0,,,1.0,45.0,,,1.0,110.0,,70.0,,5.0,3.0,5.0,4.0,4.0,3.0,4.0,2.0,5.0,4.0,4.0,,5.0,,,,,2.0,2.0,2.0,6.0,,1.0,7.0,1.0,6.0,6.0,2.0,7.0,5.0,5.0,45.0,58.0,53.0,53.0,45.0,40.0,40.0,62.0,42.0,50.0,2.0,7.0,,1.0,1.0,1.0,1.0,1.0,1.0,1.0,1.0,1.0,1.0,,,,,,,2.0,1.0,2.0,1.0,2.0,1.0,2.0,2.0,2.0,2.0,2.0,1.0,2.0,2.0,2.0,1.0,2.0,1.0,1.0,2.0,2.0,2.0,2.0,2.0,1.0,2.0,2.0,2.0,2.0,1.0,2.0,2.0,2.0,1.0,2.0,1.0,2.0,2.0,1.0,2.0,,5.0,,,5.0,,,20.0,2.0,,
pid_1718,,2.0,,1.0,,,1.0,20.0,2.0,200.0,,,,15.0,,1.0,2.0,5.0,5.0,1.0,2.0,1.0,5.0,5.0,1.0,2.0,,,5.0,,,,4.0,3.0,3.0,,6.0,1.0,6.0,2.0,6.0,6.0,1.0,6.0,5.0,5.0,35.0,80.0,50.0,15.0,10.0,15.0,65.0,45.0,35.0,25.0,3.0,,7.0,,,,,,,,,,,1.0,1.0,2.0,1.0,2.0,1.0,2.0,1.0,2.0,1.0,1.0,2.0,2.0,2.0,1.0,2.0,2.0,2.0,1.0,1.0,1.0,1.0,2.0,2.0,2.0,1.0,2.0,1.0,2.0,1.0,2.0,1.0,1.0,1.0,1.0,2.0,1.0,2.0,2.0,2.0,2.0,2.0,2.0,1.0,1.0,1.0,,,2.0,,,4.0,20.0,,,9.0,
pid_1719,,1.0,2.0,,2.0,5.0,,,,,1.0,100.0,40.0,,4.0,,2.0,1.0,5.0,3.0,3.0,3.0,4.0,4.0,1.0,3.0,2.0,,,4.0,3.0,2.0,,,,,5.0,1.0,6.0,2.0,5.0,5.0,5.0,6.0,6.0,5.0,10.0,21.0,71.0,51.0,24.0,16.0,59.0,60.0,26.0,49.0,2.0,6.0,,1.0,1.0,1.0,1.0,1.0,1.0,1.0,1.0,1.0,1.0,,,,,,,1.0,1.0,2.0,2.0,2.0,2.0,1.0,2.0,2.0,2.0,1.0,1.0,2.0,2.0,2.0,2.0,2.0,2.0,2.0,2.0,2.0,2.0,1.0,2.0,2.0,2.0,2.0,2.0,1.0,2.0,2.0,2.0,1.0,2.0,2.0,1.0,2.0,2.0,1.0,1.0,4.0,,,4.0,,,20.0,,,,1.0
pid_1720,,2.0,,2.0,,,1.0,50.0,2.0,700.0,,,,65.0,,2.0,4.0,5.0,2.0,5.0,5.0,5.0,5.0,5.0,5.0,5.0,,,1.0,,,,4.0,1.0,1.0,,6.0,1.0,7.0,1.0,5.0,2.0,1.0,7.0,7.0,7.0,40.0,60.0,35.0,55.0,55.0,40.0,85.0,90.0,45.0,75.0,1.0,,6.0,2.0,1.0,2.0,1.0,2.0,1.0,2.0,2.0,1.0,1.0,,,,,,,1.0,2.0,2.0,1.0,2.0,2.0,1.0,1.0,2.0,1.0,1.0,2.0,2.0,1.0,1.0,1.0,1.0,2.0,1.0,1.0,2.0,2.0,1.0,2.0,1.0,2.0,2.0,1.0,2.0,2.0,1.0,2.0,2.0,1.0,1.0,2.0,1.0,1.0,2.0,2.0,,,5.0,,,6.0,,2.0,,,5.0
pid_1721,,2.0,1.0,,,,2.0,0.0,,,1.0,100.0,,70.0,,4.0,3.0,5.0,1.0,4.0,3.0,3.0,4.0,4.0,5.0,5.0,,,1.0,,,,1.0,3.0,3.0,,6.0,2.0,5.0,1.0,1.0,2.0,5.0,7.0,6.0,5.0,44.0,71.0,22.0,67.0,32.0,20.0,72.0,64.0,78.0,73.0,2.0,6.0,,,,,,,,,,,,1.0,1.0,1.0,1.0,2.0,2.0,2.0,2.0,2.0,2.0,1.0,1.0,1.0,1.0,2.0,1.0,2.0,1.0,1.0,2.0,1.0,1.0,2.0,2.0,2.0,1.0,2.0,2.0,2.0,2.0,1.0,1.0,2.0,2.0,2.0,2.0,1.0,2.0,1.0,2.0,2.0,2.0,1.0,1.0,1.0,2.0,,,5.0,,,5.0,15.0,,,,2.0
pid_1722,,2.0,,2.0,2.0,50.0,,,,,1.0,300.0,,2.0,,4.0,5.0,5.0,1.0,3.0,4.0,4.0,5.0,4.0,5.0,5.0,,,4.0,,,,4.0,4.0,5.0,,4.0,1.0,6.0,4.0,4.0,4.0,2.0,5.0,6.0,6.0,45.0,75.0,40.0,60.0,40.0,40.0,60.0,50.0,25.0,40.0,3.0,,6.0,,,,,,,,,,,1.0,1.0,1.0,1.0,1.0,1.0,1.0,2.0,1.0,1.0,2.0,2.0,2.0,2.0,1.0,2.0,2.0,2.0,2.0,2.0,1.0,1.0,2.0,1.0,1.0,1.0,1.0,2.0,2.0,1.0,2.0,1.0,1.0,2.0,2.0,1.0,1.0,1.0,2.0,1.0,2.0,2.0,2.0,2.0,2.0,2.0,,,5.0,,,3.0,20.0,,,10.0,
pid_1723,2.0,,,1.0,,,1.0,20.0,,,1.0,210.0,,70.0,,4.0,5.0,5.0,3.0,1.0,3.0,5.0,5.0,2.0,5.0,3.0,,,4.0,3.0,3.0,3.0,,,,,1.0,1.0,7.0,1.0,4.0,4.0,3.0,5.0,7.0,7.0,45.0,75.0,60.0,45.0,55.0,60.0,55.0,60.0,45.0,40.0,3.0,6.0,,,,,,,,,,,,1.0,1.0,2.0,1.0,2.0,1.0,2.0,1.0,2.0,2.0,2.0,2.0,2.0,2.0,2.0,2.0,1.0,1.0,1.0,2.0,2.0,2.0,1.0,2.0,2.0,2.0,2.0,1.0,1.0,2.0,2.0,2.0,1.0,2.0,2.0,2.0,1.0,1.0,1.0,2.0,2.0,1.0,2.0,1.0,1.0,2.0,,,4.0,,,4.0,20.0,,,,4.0
pid_1724,,2.0,2.0,,2.0,45.0,,,,,1.0,150.0,,77.0,,4.0,1.0,3.0,1.0,5.0,1.0,3.0,3.0,3.0,1.0,4.0,,3.0,,,,,2.0,1.0,5.0,,4.0,1.0,7.0,2.0,2.0,2.0,2.0,5.0,5.0,5.0,29.0,53.0,33.0,34.0,46.0,50.0,54.0,79.0,38.0,42.0,1.0,5.0,,1.0,2.0,1.0,1.0,1.0,1.0,1.0,2.0,2.0,2.0,,,,,,,1.0,1.0,1.0,1.0,2.0,2.0,2.0,2.0,1.0,1.0,1.0,2.0,1.0,2.0,1.0,2.0,1.0,1.0,1.0,1.0,1.0,2.0,1.0,2.0,1.0,2.0,2.0,2.0,2.0,1.0,2.0,2.0,1.0,1.0,2.0,2.0,1.0,1.0,2.0,1.0,,5.0,,,2.0,,,15.0,,,1.0
pid_1725,,1.0,1.0,,1.0,70.0,,,,,1.0,150.0,30.0,,,4.0,5.0,5.0,2.0,4.0,4.0,5.0,4.0,4.0,5.0,4.0,,,2.0,4.0,4.0,4.0,,,,4.0,,2.0,6.0,4.0,3.0,3.0,5.0,6.0,7.0,6.0,83.0,75.0,65.0,44.0,48.0,77.0,39.0,31.0,36.0,70.0,3.0,,6.0,,,,,,,,,,,1.0,2.0,1.0,1.0,2.0,1.0,1.0,1.0,2.0,1.0,1.0,1.0,2.0,1.0,2.0,1.0,2.0,1.0,1.0,1.0,1.0,2.0,1.0,2.0,1.0,1.0,1.0,1.0,2.0,2.0,2.0,2.0,1.0,2.0,1.0,2.0,2.0,1.0,2.0,2.0,1.0,1.0,1.0,1.0,2.0,1.0,,,4.0,,,4.0,,0.0,,,4.0
pid_1726,,1.0,1.0,,,,1.0,30.0,,,1.0,400.0,,90.0,1.0,,2.0,3.0,1.0,3.0,4.0,3.0,4.0,5.0,4.0,2.0,,,2.0,1.0,5.0,3.0,,,,3.0,,2.0,6.0,4.0,2.0,5.0,5.0,5.0,6.0,6.0,75.0,50.0,70.0,50.0,40.0,60.0,60.0,70.0,35.0,30.0,1.0,4.0,,1.0,2.0,1.0,2.0,1.0,1.0,1.0,2.0,1.0,1.0,,,,,,,2.0,2.0,2.0,2.0,2.0,2.0,2.0,2.0,1.0,2.0,2.0,2.0,1.0,1.0,2.0,2.0,2.0,2.0,2.0,1.0,1.0,2.0,2.0,2.0,1.0,2.0,2.0,2.0,2.0,2.0,2.0,1.0,1.0,1.0,2.0,2.0,1.0,2.0,2.0,1.0,,,3.0,,,5.0,15.0,,,,2.0
pid_1727,1.0,,1.0,,1.0,66.0,,,1.0,1200.0,,,,70.0,,4.0,4.0,5.0,3.0,3.0,5.0,4.0,3.0,4.0,5.0,5.0,,2.0,,,,,3.0,3.0,3.0,5.0,,2.0,7.0,2.0,3.0,2.0,3.0,6.0,6.0,7.0,65.0,61.0,35.0,40.0,38.0,45.0,30.0,32.0,49.0,72.0,1.0,,6.0,2.0,2.0,1.0,1.0,1.0,1.0,2.0,1.0,1.0,1.0,,,,,,,2.0,1.0,1.0,2.0,1.0,1.0,1.0,2.0,1.0,1.0,2.0,2.0,2.0,2.0,1.0,2.0,2.0,1.0,2.0,2.0,2.0,1.0,1.0,1.0,1.0,1.0,1.0,1.0,1.0,1.0,2.0,1.0,1.0,1.0,1.0,1.0,2.0,2.0,2.0,2.0,,5.0,,,4.0,,,10.0,,6.0,
pid_1728,,2.0,1.0,,2.0,40.0,,,,,1.0,150.0,50.0,,3.0,,3.0,5.0,3.0,3.0,4.0,4.0,5.0,5.0,5.0,4.0,,,5.0,,,,3.0,3.0,3.0,,5.0,1.0,6.0,2.0,3.0,3.0,5.0,7.0,7.0,7.0,50.0,75.0,40.0,40.0,50.0,50.0,60.0,50.0,60.0,50.0,2.0,5.0,,1.0,1.0,1.0,1.0,1.0,1.0,1.0,1.0,1.0,1.0,,,,,,,1.0,1.0,2.0,2.0,2.0,2.0,1.0,2.0,2.0,2.0,2.0,2.0,2.0,2.0,2.0,2.0,2.0,2.0,1.0,2.0,2.0,2.0,2.0,2.0,1.0,2.0,2.0,1.0,2.0,1.0,2.0,1.0,1.0,1.0,2.0,2.0,1.0,2.0,2.0,2.0,,,5.0,,,6.0,,8.0,,10.0,
pid_1729,2.0,,1.0,,,,1.0,30.0,,,1.0,100.0,,75.0,,2.0,5.0,5.0,5.0,5.0,5.0,5.0,5.0,5.0,3.0,5.0,,,4.0,,,,1.0,3.0,2.0,3.0,,2.0,7.0,2.0,1.0,6.0,2.0,6.0,6.0,5.0,70.0,93.0,70.0,100.0,71.0,80.0,90.0,85.0,51.0,95.0,3.0,,6.0,,,,,,,,,,,1.0,1.0,1.0,1.0,1.0,1.0,2.0,1.0,2.0,2.0,2.0,2.0,2.0,2.0,1.0,2.0,1.0,2.0,2.0,2.0,2.0,1.0,1.0,2.0,1.0,2.0,2.0,2.0,1.0,1.0,1.0,2.0,2.0,2.0,2.0,1.0,2.0,2.0,2.0,2.0,1.0,2.0,2.0,2.0,2.0,1.0,,,4.0,,,6.0,15.0,,,8.0,
pid_1730,,2.0,1.0,,2.0,50.0,,,1.0,1500.0,,,90.0,,,4.0,4.0,5.0,1.0,1.0,4.0,4.0,5.0,5.0,5.0,5.0,,2.0,,3.0,4.0,2.0,,,,6.0,,1.0,6.0,1.0,3.0,3.0,2.0,3.0,5.0,3.0,30.0,90.0,40.0,29.0,30.0,35.0,60.0,50.0,65.0,80.0,2.0,3.0,,1.0,1.0,1.0,1.0,1.0,1.0,1.0,1.0,1.0,1.0,,,,,,,2.0,2.0,2.0,2.0,1.0,2.0,1.0,1.0,2.0,1.0,1.0,2.0,1.0,2.0,1.0,2.0,1.0,1.0,1.0,2.0,2.0,1.0,1.0,2.0,2.0,1.0,1.0,2.0,2.0,2.0,2.0,1.0,2.0,1.0,2.0,1.0,1.0,2.0,1.0,1.0,,5.0,,,6.0,,,10.0,,,3.0
pid_1731,,2.0,,1.0,,,1.0,40.0,,,1.0,150.0,78.0,,,4.0,4.0,5.0,3.0,4.0,4.0,3.0,3.0,3.0,3.0,3.0,,4.0,,,,,4.0,3.0,4.0,2.0,,1.0,5.0,5.0,6.0,3.0,1.0,7.0,7.0,7.0,18.0,12.0,19.0,19.0,12.0,19.0,13.0,21.0,21.0,12.0,3.0,,5.0,1.0,2.0,2.0,1.0,2.0,2.0,2.0,1.0,1.0,1.0,,,,,,,1.0,1.0,2.0,2.0,1.0,1.0,2.0,1.0,2.0,1.0,2.0,1.0,1.0,1.0,2.0,2.0,1.0,1.0,2.0,1.0,2.0,1.0,2.0,1.0,2.0,1.0,2.0,1.0,1.0,2.0,2.0,1.0,1.0,1.0,2.0,1.0,2.0,2.0,1.0,2.0,,4.0,,,5.0,,,15.0,,9.0,
pid_1732,,2.0,1.0,,1.0,73.0,,,2.0,860.0,,,,71.0,,4.0,4.0,5.0,1.0,1.0,5.0,3.0,5.0,1.0,5.0,5.0,,,4.0,3.0,3.0,3.0,,,,,4.0,2.0,7.0,1.0,1.0,1.0,5.0,6.0,7.0,7.0,34.0,50.0,20.0,0.0,21.0,24.0,60.0,18.0,70.0,75.0,3.0,,6.0,1.0,2.0,2.0,2.0,2.0,2.0,1.0,1.0,2.0,2.0,,,,,,,1.0,2.0,1.0,1.0,1.0,2.0,1.0,2.0,2.0,1.0,2.0,2.0,1.0,2.0,1.0,2.0,2.0,1.0,1.0,1.0,1.0,2.0,1.0,1.0,1.0,1.0,1.0,1.0,2.0,2.0,2.0,1.0,1.0,1.0,2.0,1.0,1.0,1.0,1.0,1.0,,,5.0,,,6.0,10.0,,,,1.0
pid_1733,,2.0,1.0,,,,1.0,30.0,2.0,400.0,,,100.0,,6.0,,4.0,5.0,4.0,4.0,4.0,4.0,5.0,2.0,4.0,4.0,,,4.0,1.0,6.0,3.0,,,,,5.0,2.0,7.0,1.0,6.0,5.0,5.0,7.0,5.0,5.0,40.0,90.0,75.0,60.0,60.0,55.0,80.0,30.0,70.0,70.0,2.0,3.0,,1.0,1.0,1.0,2.0,1.0,1.0,1.0,2.0,2.0,1.0,,,,,,,2.0,2.0,1.0,2.0,2.0,2.0,2.0,2.0,2.0,1.0,2.0,2.0,2.0,1.0,1.0,2.0,1.0,2.0,2.0,2.0,1.0,2.0,2.0,1.0,2.0,2.0,2.0,2.0,2.0,2.0,1.0,2.0,2.0,2.0,2.0,1.0,1.0,1.0,2.0,1.0,,,5.0,,,2.0,,0.0,,,1.0
pid_1734,,1.0,1.0,,2.0,52.0,,,2.0,700.0,,,,85.0,,4.0,3.0,5.0,2.0,4.0,4.0,4.0,5.0,3.0,5.0,5.0,,5.0,,4.0,3.0,2.0,,,,3.0,,2.0,7.0,2.0,1.0,1.0,5.0,6.0,7.0,7.0,60.0,100.0,10.0,90.0,70.0,75.0,90.0,90.0,95.0,100.0,4.0,6.0,,,,,,,,,,,,1.0,1.0,1.0,2.0,1.0,2.0,1.0,1.0,1.0,2.0,2.0,1.0,2.0,1.0,1.0,1.0,1.0,1.0,1.0,1.0,1.0,2.0,2.0,1.0,1.0,2.0,2.0,2.0,2.0,2.0,1.0,1.0,2.0,2.0,1.0,2.0,1.0,1.0,2.0,1.0,1.0,2.0,1.0,2.0,1.0,2.0,,4.0,,,5.0,,18.0,,,3.0,
pid_1735,,1.0,1.0,,2.0,13.0,,,,,1.0,90.0,30.0,,,3.0,4.0,5.0,1.0,5.0,3.0,3.0,5.0,3.0,5.0,5.0,1.0,,,,,,2.0,3.0,4.0,,4.0,2.0,7.0,2.0,2.0,3.0,1.0,5.0,5.0,5.0,51.0,74.0,36.0,15.0,14.0,14.0,64.0,12.0,3.0,34.0,2.0,,6.0,1.0,2.0,2.0,2.0,2.0,1.0,1.0,2.0,1.0,1.0,,,,,,,2.0,2.0,2.0,2.0,2.0,2.0,2.0,2.0,2.0,2.0,2.0,1.0,2.0,2.0,2.0,2.0,2.0,2.0,2.0,2.0,2.0,2.0,2.0,2.0,2.0,2.0,2.0,2.0,2.0,2.0,2.0,2.0,2.0,1.0,2.0,2.0,2.0,2.0,2.0,2.0,5.0,,,6.0,,,,19.0,2.0,,
pid_1736,,2.0,,2.0,,,2.0,10.0,2.0,500.0,,,75.0,,,3.0,4.0,3.0,4.0,4.0,2.0,2.0,2.0,5.0,4.0,4.0,,5.0,,,,,3.0,4.0,3.0,6.0,,1.0,6.0,2.0,5.0,5.0,2.0,5.0,6.0,5.0,50.0,90.0,55.0,75.0,35.0,50.0,45.0,75.0,75.0,65.0,4.0,,5.0,1.0,1.0,1.0,1.0,1.0,1.0,1.0,1.0,1.0,1.0,,,,,,,1.0,1.0,2.0,2.0,2.0,2.0,1.0,1.0,2.0,2.0,2.0,1.0,2.0,2.0,2.0,2.0,1.0,2.0,2.0,2.0,1.0,2.0,2.0,2.0,1.0,2.0,2.0,2.0,2.0,1.0,2.0,2.0,2.0,1.0,2.0,2.0,2.0,2.0,2.0,1.0,,5.0,,,5.0,,,20.0,,,3.0
pid_1737,2.0,,2.0,,2.0,10.0,,,,,1.0,250.0,30.0,,,5.0,3.0,5.0,2.0,1.0,4.0,4.0,5.0,5.0,5.0,4.0,1.0,,,5.0,2.0,4.0,,,,,3.0,2.0,6.0,2.0,5.0,5.0,5.0,3.0,3.0,3.0,40.0,43.0,56.0,21.0,47.0,40.0,22.0,67.0,48.0,78.0,4.0,3.0,,1.0,2.0,1.0,1.0,2.0,1.0,1.0,2.0,1.0,1.0,,,,,,,1.0,2.0,2.0,2.0,2.0,1.0,2.0,2.0,2.0,2.0,2.0,1.0,2.0,2.0,1.0,2.0,2.0,2.0,2.0,2.0,1.0,2.0,2.0,2.0,2.0,2.0,2.0,2.0,1.0,2.0,2.0,2.0,2.0,2.0,1.0,2.0,2.0,2.0,2.0,2.0,5.0,,,5.0,,,20.0,,3.0,,
pid_1739,,2.0,,2.0,,,2.0,6.0,1.0,1250.0,,,75.0,,2.0,,2.0,2.0,5.0,2.0,3.0,4.0,5.0,4.0,3.0,5.0,,,2.0,,,,6.0,4.0,5.0,,3.0,2.0,6.0,2.0,5.0,6.0,2.0,6.0,7.0,7.0,45.0,30.0,80.0,46.0,76.0,30.0,90.0,35.0,59.0,100.0,4.0,,6.0,1.0,2.0,1.0,1.0,1.0,1.0,1.0,1.0,1.0,1.0,,,,,,,1.0,1.0,2.0,1.0,2.0,2.0,1.0,1.0,1.0,2.0,1.0,1.0,2.0,2.0,1.0,2.0,2.0,2.0,1.0,2.0,1.0,1.0,1.0,1.0,1.0,1.0,1.0,1.0,2.0,1.0,1.0,1.0,2.0,2.0,1.0,2.0,2.0,2.0,1.0,2.0,,,2.0,,,6.0,,5.0,,,4.0
pid_1740,,2.0,,2.0,,,1.0,50.0,2.0,350.0,,,,80.0,,4.0,4.0,5.0,5.0,3.0,3.0,4.0,4.0,3.0,2.0,5.0,1.0,,,2.0,2.0,2.0,,,,5.0,,2.0,7.0,2.0,3.0,3.0,1.0,7.0,7.0,7.0,80.0,95.0,61.0,49.0,65.0,61.0,30.0,46.0,40.0,92.0,1.0,,7.0,1.0,1.0,1.0,2.0,1.0,1.0,1.0,2.0,1.0,2.0,,,,,,,2.0,2.0,2.0,2.0,2.0,1.0,2.0,1.0,1.0,2.0,1.0,2.0,2.0,2.0,2.0,1.0,2.0,1.0,1.0,2.0,2.0,2.0,1.0,1.0,1.0,2.0,2.0,1.0,1.0,2.0,2.0,1.0,2.0,2.0,2.0,2.0,2.0,1.0,1.0,1.0,4.0,,,6.0,,,15.0,,2.0,,
pid_1741,2.0,,1.0,,2.0,54.0,,,2.0,375.0,,,,80.0,2.0,,5.0,5.0,5.0,5.0,5.0,5.0,5.0,5.0,5.0,5.0,,4.0,,2.0,2.0,2.0,,,,,5.0,2.0,6.0,1.0,1.0,5.0,5.0,7.0,7.0,4.0,70.0,58.0,94.0,80.0,66.0,68.0,80.0,60.0,88.0,93.0,2.0,,6.0,,,,,,,,,,,1.0,1.0,2.0,1.0,2.0,1.0,1.0,1.0,2.0,1.0,2.0,2.0,2.0,1.0,1.0,2.0,1.0,2.0,1.0,1.0,2.0,1.0,1.0,2.0,2.0,2.0,1.0,1.0,1.0,1.0,1.0,2.0,2.0,1.0,2.0,1.0,1.0,2.0,2.0,2.0,1.0,1.0,1.0,2.0,2.0,1.0,,5.0,,,5.0,,,5.0,,2.0,
pid_1742,,1.0,,1.0,,,1.0,30.0,,,2.0,500.0,,40.0,,5.0,4.0,5.0,2.0,5.0,4.0,4.0,5.0,4.0,4.0,5.0,2.0,,,5.0,1.0,1.0,,,,,6.0,2.0,6.0,2.0,3.0,3.0,1.0,7.0,6.0,6.0,30.0,80.0,86.0,60.0,25.0,35.0,21.0,55.0,10.0,76.0,4.0,,6.0,,,,,,,,,,,1.0,1.0,2.0,1.0,2.0,1.0,1.0,2.0,2.0,1.0,1.0,1.0,2.0,2.0,1.0,1.0,1.0,2.0,2.0,2.0,1.0,2.0,1.0,2.0,1.0,2.0,1.0,1.0,2.0,2.0,1.0,2.0,1.0,2.0,1.0,1.0,1.0,2.0,1.0,2.0,1.0,2.0,2.0,1.0,2.0,2.0,5.0,,,3.0,,,,5.0,,4.0,
pid_1743,1.0,,,2.0,2.0,12.0,,,,,1.0,215.0,30.0,,,5.0,2.0,5.0,4.0,3.0,3.0,4.0,5.0,5.0,2.0,3.0,,5.0,,3.0,3.0,3.0,,,,,4.0,1.0,6.0,2.0,4.0,4.0,5.0,5.0,5.0,5.0,47.0,63.0,40.0,43.0,52.0,40.0,58.0,60.0,45.0,44.0,3.0,,6.0,,,,,,,,,,,1.0,1.0,1.0,1.0,2.0,2.0,2.0,2.0,2.0,2.0,2.0,2.0,1.0,1.0,2.0,2.0,2.0,1.0,2.0,2.0,2.0,2.0,2.0,2.0,2.0,2.0,2.0,2.0,2.0,2.0,2.0,1.0,2.0,1.0,2.0,2.0,2.0,2.0,2.0,1.0,2.0,1.0,2.0,2.0,2.0,2.0,,5.0,,,4.0,,10.0,,1.0,,
pid_1744,,2.0,,2.0,,,1.0,50.0,,,1.0,340.0,,89.0,3.0,,3.0,5.0,1.0,1.0,3.0,2.0,5.0,5.0,5.0,5.0,,,5.0,,,,3.0,4.0,3.0,,3.0,1.0,7.0,2.0,5.0,5.0,1.0,5.0,6.0,6.0,45.0,72.0,56.0,56.0,25.0,18.0,46.0,51.0,67.0,78.0,3.0,5.0,,,,,,,,,,,,1.0,1.0,1.0,1.0,1.0,1.0,2.0,2.0,2.0,2.0,2.0,2.0,1.0,2.0,2.0,2.0,1.0,2.0,2.0,2.0,2.0,2.0,2.0,1.0,2.0,2.0,2.0,2.0,2.0,1.0,1.0,2.0,1.0,2.0,2.0,1.0,2.0,2.0,2.0,2.0,2.0,2.0,2.0,1.0,2.0,1.0,,,4.0,,,4.0,,15.0,,6.0,
pid_1745,1.0,,1.0,,1.0,70.0,,,2.0,50.0,,,,30.0,,3.0,4.0,5.0,3.0,4.0,4.0,3.0,4.0,4.0,4.0,4.0,,,2.0,2.0,3.0,2.0,,,,4.0,,1.0,6.0,1.0,2.0,1.0,3.0,5.0,5.0,6.0,60.0,80.0,40.0,53.0,50.0,60.0,70.0,52.0,50.0,75.0,1.0,,6.0,,,,,,,,,,,1.0,2.0,1.0,1.0,1.0,2.0,2.0,1.0,1.0,2.0,2.0,2.0,1.0,2.0,2.0,1.0,2.0,2.0,1.0,2.0,2.0,1.0,2.0,1.0,1.0,2.0,2.0,2.0,2.0,2.0,1.0,2.0,2.0,2.0,2.0,2.0,1.0,2.0,2.0,2.0,2.0,2.0,1.0,2.0,2.0,1.0,,,5.0,,,6.0,15.0,,,10.0,
pid_1746,2.0,,1.0,,2.0,54.0,,,,,1.0,380.0,,70.0,2.0,,5.0,5.0,5.0,5.0,5.0,5.0,5.0,5.0,5.0,5.0,1.0,,,6.0,6.0,6.0,,,,6.0,,2.0,7.0,1.0,1.0,1.0,7.0,7.0,7.0,7.0,98.0,100.0,100.0,100.0,100.0,100.0,100.0,100.0,99.0,100.0,1.0,1.0,,,,,,,,,,,,1.0,1.0,1.0,1.0,2.0,2.0,1.0,2.0,2.0,2.0,2.0,2.0,2.0,2.0,2.0,2.0,2.0,2.0,2.0,1.0,2.0,2.0,2.0,2.0,2.0,2.0,2.0,2.0,2.0,2.0,2.0,1.0,1.0,2.0,1.0,2.0,2.0,2.0,2.0,2.0,2.0,1.0,2.0,1.0,1.0,2.0,5.0,,,6.0,,,,20.0,1.0,,
pid_1747,,2.0,1.0,,,,1.0,50.0,,,1.0,300.0,30.0,,,5.0,1.0,4.0,5.0,4.0,1.0,1.0,4.0,4.0,1.0,1.0,1.0,,,,,,3.0,2.0,3.0,2.0,,1.0,7.0,3.0,5.0,5.0,2.0,5.0,3.0,3.0,5.0,58.0,76.0,53.0,2.0,52.0,46.0,53.0,45.0,48.0,3.0,,6.0,,,,,,,,,,,1.0,1.0,1.0,1.0,1.0,1.0,2.0,1.0,2.0,1.0,2.0,2.0,2.0,2.0,1.0,2.0,2.0,2.0,2.0,2.0,2.0,2.0,2.0,2.0,2.0,2.0,1.0,2.0,2.0,2.0,2.0,2.0,2.0,2.0,1.0,2.0,2.0,2.0,2.0,1.0,2.0,2.0,2.0,2.0,2.0,2.0,4.0,,,5.0,,,,20.0,,10.0,
pid_1748,,2.0,1.0,,,,1.0,45.0,,,1.0,220.0,55.0,,,3.0,1.0,5.0,3.0,1.0,4.0,1.0,5.0,4.0,3.0,4.0,2.0,,,,,,3.0,3.0,3.0,,4.0,1.0,5.0,2.0,7.0,6.0,1.0,5.0,2.0,3.0,40.0,60.0,58.0,35.0,35.0,45.0,35.0,50.0,42.0,47.0,2.0,6.0,,2.0,1.0,1.0,1.0,2.0,1.0,1.0,2.0,1.0,1.0,,,,,,,1.0,2.0,2.0,2.0,2.0,2.0,2.0,2.0,1.0,2.0,2.0,2.0,1.0,1.0,2.0,1.0,1.0,2.0,1.0,2.0,2.0,2.0,2.0,2.0,2.0,2.0,1.0,2.0,2.0,1.0,2.0,1.0,2.0,2.0,1.0,2.0,2.0,1.0,2.0,1.0,4.0,,,5.0,,,,9.0,3.0,,
pid_1749,1.0,,1.0,,2.0,54.0,,,2.0,379.0,,,80.0,,2.0,,1.0,4.0,5.0,4.0,4.0,4.0,5.0,4.0,4.0,4.0,,4.0,,,,,5.0,5.0,3.0,,5.0,2.0,5.0,2.0,2.0,3.0,2.0,6.0,6.0,6.0,97.0,83.0,99.0,75.0,99.0,86.0,96.0,88.0,80.0,88.0,1.0,,6.0,1.0,1.0,2.0,1.0,1.0,2.0,2.0,1.0,1.0,1.0,,,,,,,1.0,2.0,1.0,1.0,1.0,1.0,2.0,1.0,2.0,1.0,1.0,2.0,1.0,1.0,2.0,1.0,1.0,1.0,1.0,1.0,2.0,1.0,2.0,2.0,1.0,1.0,1.0,1.0,1.0,1.0,1.0,1.0,2.0,1.0,1.0,1.0,1.0,2.0,1.0,1.0,,5.0,,,5.0,,10.0,,,6.0,
pid_1750,,2.0,,2.0,,,1.0,14.0,,,1.0,250.0,,85.0,,4.0,4.0,5.0,1.0,1.0,4.0,3.0,5.0,4.0,5.0,4.0,,,5.0,4.0,3.0,2.0,,,,6.0,,1.0,7.0,2.0,6.0,4.0,3.0,5.0,5.0,5.0,39.0,45.0,39.0,38.0,33.0,46.0,53.0,61.0,64.0,46.0,1.0,,6.0,,,,,,,,,,,1.0,1.0,1.0,1.0,1.0,1.0,2.0,2.0,2.0,1.0,1.0,2.0,1.0,2.0,1.0,1.0,2.0,2.0,2.0,2.0,2.0,2.0,2.0,2.0,2.0,2.0,2.0,1.0,2.0,2.0,2.0,2.0,2.0,1.0,2.0,1.0,1.0,2.0,2.0,2.0,2.0,2.0,2.0,2.0,1.0,1.0,,,4.0,,,4.0,,15.0,,9.0,
pid_1751,,2.0,1.0,,,,2.0,10.0,,,1.0,100.0,,70.0,4.0,,2.0,4.0,3.0,3.0,2.0,3.0,4.0,4.0,4.0,3.0,,2.0,,,,,2.0,4.0,4.0,,6.0,2.0,6.0,4.0,5.0,5.0,5.0,6.0,6.0,6.0,61.0,37.0,40.0,39.0,42.0,50.0,61.0,42.0,45.0,51.0,2.0,6.0,,,,,,,,,,,,1.0,1.0,1.0,2.0,1.0,1.0,1.0,1.0,2.0,2.0,2.0,2.0,2.0,2.0,2.0,2.0,2.0,1.0,1.0,2.0,2.0,2.0,2.0,2.0,2.0,2.0,2.0,2.0,2.0,1.0,2.0,2.0,2.0,2.0,2.0,2.0,2.0,2.0,2.0,2.0,2.0,2.0,2.0,2.0,2.0,2.0,,5.0,,,6.0,,,10.0,3.0,,
pid_1752,,1.0,1.0,,,,2.0,5.0,,,1.0,250.0,,60.0,,3.0,1.0,1.0,5.0,3.0,1.0,1.0,1.0,3.0,1.0,2.0,,1.0,,,,,3.0,4.0,3.0,5.0,,1.0,5.0,1.0,3.0,2.0,3.0,6.0,6.0,6.0,10.0,2.0,71.0,13.0,2.0,3.0,3.0,25.0,5.0,75.0,2.0,,5.0,,,,,,,,,,,1.0,1.0,1.0,1.0,2.0,2.0,1.0,2.0,2.0,1.0,2.0,1.0,2.0,2.0,1.0,2.0,2.0,2.0,1.0,2.0,1.0,2.0,2.0,2.0,1.0,1.0,1.0,1.0,2.0,2.0,1.0,1.0,2.0,1.0,2.0,2.0,2.0,2.0,1.0,2.0,2.0,2.0,2.0,2.0,2.0,2.0,,4.0,,,5.0,,,15.0,,10.0,
pid_1753,1.0,,,2.0,2.0,30.0,,,,,1.0,120.0,,60.0,6.0,,5.0,5.0,5.0,5.0,1.0,1.0,5.0,5.0,5.0,5.0,,,4.0,5.0,4.0,2.0,,,,,6.0,2.0,7.0,3.0,6.0,3.0,3.0,5.0,7.0,6.0,55.0,79.0,65.0,78.0,29.0,54.0,100.0,100.0,51.0,100.0,1.0,5.0,,,,,,,,,,,,1.0,1.0,2.0,1.0,1.0,2.0,1.0,2.0,2.0,1.0,1.0,2.0,1.0,1.0,1.0,1.0,1.0,2.0,2.0,2.0,2.0,1.0,1.0,1.0,1.0,1.0,2.0,2.0,1.0,1.0,2.0,1.0,1.0,2.0,1.0,2.0,1.0,2.0,1.0,1.0,1.0,1.0,1.0,2.0,2.0,2.0,,,4.0,,,5.0,20.0,,6.0,,
pid_1754,1.0,,1.0,,,,1.0,30.0,2.0,200.0,,,,76.0,,2.0,2.0,5.0,3.0,5.0,5.0,3.0,5.0,5.0,4.0,5.0,,,2.0,1.0,1.0,2.0,,,,4.0,,1.0,6.0,1.0,6.0,6.0,2.0,6.0,5.0,5.0,42.0,97.0,60.0,62.0,50.0,53.0,72.0,81.0,36.0,86.0,4.0,7.0,,,,,,,,,,,,1.0,1.0,1.0,1.0,2.0,2.0,2.0,2.0,1.0,1.0,2.0,2.0,1.0,1.0,1.0,2.0,2.0,1.0,2.0,1.0,1.0,2.0,1.0,2.0,1.0,1.0,2.0,1.0,1.0,2.0,2.0,2.0,1.0,1.0,1.0,1.0,1.0,1.0,2.0,1.0,1.0,1.0,1.0,2.0,2.0,1.0,,,5.0,,,6.0,18.0,,,,2.0
pid_1755,2.0,,,2.0,2.0,50.0,,,2.0,290.0,,,,86.0,,5.0,4.0,5.0,3.0,4.0,4.0,3.0,4.0,5.0,4.0,3.0,,4.0,,,,,2.0,2.0,1.0,,5.0,1.0,7.0,1.0,7.0,5.0,1.0,5.0,5.0,1.0,10.0,100.0,75.0,69.0,15.0,30.0,65.0,40.0,5.0,90.0,1.0,,6.0,1.0,2.0,1.0,1.0,2.0,1.0,2.0,2.0,1.0,1.0,,,,,,,2.0,1.0,2.0,1.0,1.0,1.0,1.0,1.0,1.0,1.0,1.0,1.0,2.0,2.0,1.0,1.0,1.0,1.0,2.0,2.0,2.0,2.0,1.0,1.0,2.0,2.0,2.0,1.0,1.0,2.0,2.0,1.0,1.0,2.0,2.0,1.0,2.0,1.0,1.0,1.0,,4.0,,,5.0,,20.0,,,,1.0
pid_1756,,2.0,1.0,,,,1.0,25.0,2.0,650.0,,,75.0,,3.0,,1.0,2.0,5.0,4.0,2.0,1.0,3.0,4.0,1.0,4.0,1.0,,,4.0,4.0,2.0,,,,4.0,,2.0,6.0,4.0,3.0,6.0,3.0,6.0,7.0,6.0,40.0,30.0,80.0,50.0,20.0,20.0,30.0,45.0,20.0,60.0,1.0,3.0,,1.0,2.0,1.0,2.0,1.0,1.0,2.0,2.0,1.0,2.0,,,,,,,1.0,1.0,2.0,1.0,1.0,1.0,1.0,2.0,1.0,1.0,2.0,2.0,1.0,2.0,1.0,1.0,1.0,1.0,2.0,2.0,1.0,2.0,2.0,1.0,1.0,2.0,2.0,2.0,2.0,1.0,1.0,1.0,2.0,1.0,1.0,1.0,1.0,2.0,1.0,1.0,3.0,,,2.0,,,,10.0,,9.0,
pid_1757,,1.0,,1.0,,,1.0,54.0,,,1.0,232.0,,70.0,,3.0,1.0,4.0,4.0,3.0,3.0,1.0,2.0,4.0,4.0,5.0,,,2.0,3.0,3.0,2.0,,,,3.0,,2.0,5.0,1.0,6.0,5.0,3.0,5.0,3.0,3.0,19.0,66.0,56.0,34.0,32.0,8.0,16.0,53.0,66.0,93.0,2.0,6.0,,,,,,,,,,,,1.0,1.0,2.0,1.0,1.0,2.0,1.0,1.0,1.0,2.0,1.0,1.0,2.0,1.0,1.0,2.0,2.0,1.0,1.0,2.0,1.0,2.0,2.0,1.0,2.0,2.0,2.0,2.0,2.0,1.0,2.0,1.0,2.0,2.0,2.0,2.0,2.0,2.0,1.0,2.0,2.0,1.0,2.0,2.0,1.0,2.0,,,4.0,,,3.0,15.0,,,8.0,
pid_1758,,2.0,,2.0,2.0,30.0,,,,,1.0,114.0,50.0,,1.0,,1.0,1.0,5.0,5.0,4.0,5.0,5.0,5.0,5.0,5.0,1.0,,,3.0,3.0,1.0,,,,,6.0,1.0,7.0,2.0,4.0,4.0,1.0,5.0,7.0,7.0,38.0,49.0,56.0,73.0,40.0,60.0,74.0,50.0,37.0,86.0,1.0,,7.0,1.0,1.0,1.0,1.0,1.0,1.0,1.0,1.0,1.0,1.0,,,,,,,1.0,1.0,1.0,1.0,2.0,2.0,1.0,2.0,1.0,2.0,1.0,2.0,1.0,2.0,1.0,2.0,1.0,1.0,2.0,2.0,2.0,1.0,2.0,1.0,2.0,2.0,2.0,2.0,1.0,1.0,2.0,1.0,1.0,2.0,2.0,1.0,1.0,1.0,2.0,1.0,5.0,,,6.0,,,,8.0,,,3.0
pid_1759,,2.0,1.0,,,,1.0,54.0,,,1.0,379.0,30.0,,2.0,,5.0,5.0,1.0,5.0,5.0,5.0,5.0,4.0,5.0,5.0,,,2.0,,,,4.0,2.0,3.0,4.0,,1.0,4.0,1.0,2.0,5.0,2.0,7.0,7.0,7.0,57.0,86.0,38.0,47.0,42.0,41.0,48.0,43.0,34.0,69.0,3.0,,6.0,1.0,1.0,1.0,1.0,1.0,1.0,1.0,1.0,1.0,1.0,,,,,,,1.0,2.0,1.0,1.0,2.0,2.0,2.0,1.0,2.0,1.0,2.0,1.0,2.0,1.0,1.0,1.0,2.0,1.0,1.0,2.0,1.0,2.0,1.0,1.0,1.0,1.0,1.0,1.0,2.0,1.0,2.0,2.0,1.0,1.0,2.0,2.0,1.0,1.0,1.0,2.0,,,4.0,,,5.0,,15.0,3.0,,
pid_1760,,2.0,,2.0,2.0,54.0,,,2.0,380.0,,,,70.0,,4.0,3.0,4.0,4.0,3.0,3.0,4.0,4.0,4.0,3.0,4.0,,3.0,,,,,2.0,4.0,4.0,3.0,,1.0,5.0,1.0,1.0,3.0,2.0,5.0,5.0,5.0,30.0,15.0,27.0,15.0,24.0,30.0,30.0,32.0,27.0,16.0,3.0,,6.0,,,,,,,,,,,1.0,1.0,1.0,2.0,2.0,2.0,1.0,1.0,1.0,2.0,1.0,1.0,2.0,1.0,2.0,1.0,2.0,1.0,1.0,1.0,1.0,2.0,2.0,1.0,1.0,1.0,1.0,1.0,2.0,1.0,1.0,1.0,1.0,2.0,2.0,1.0,1.0,1.0,1.0,1.0,1.0,2.0,1.0,1.0,1.0,1.0,,4.0,,,5.0,,,5.0,,5.0,
pid_1761,2.0,,,2.0,,,1.0,25.0,2.0,450.0,,,,70.0,3.0,,2.0,2.0,5.0,3.0,1.0,1.0,1.0,4.0,1.0,5.0,3.0,,,,,,3.0,3.0,3.0,,2.0,1.0,5.0,3.0,6.0,5.0,1.0,3.0,2.0,3.0,46.0,43.0,47.0,49.0,39.0,40.0,45.0,43.0,36.0,64.0,1.0,4.0,,,,,,,,,,,,1.0,1.0,1.0,1.0,1.0,1.0,2.0,2.0,2.0,2.0,1.0,2.0,2.0,1.0,2.0,2.0,2.0,2.0,2.0,2.0,1.0,2.0,2.0,2.0,2.0,2.0,2.0,2.0,1.0,2.0,1.0,2.0,2.0,1.0,2.0,1.0,1.0,2.0,2.0,2.0,1.0,2.0,2.0,2.0,2.0,1.0,2.0,,,1.0,,,,15.0,,,2.0
pid_1762,,2.0,2.0,,1.0,48.0,,,2.0,110.0,,,19.0,,1.0,,4.0,3.0,4.0,3.0,4.0,4.0,4.0,3.0,3.0,5.0,1.0,,,5.0,3.0,1.0,,,,4.0,,1.0,7.0,2.0,4.0,5.0,1.0,3.0,5.0,4.0,82.0,37.0,63.0,39.0,34.0,17.0,37.0,22.0,19.0,78.0,1.0,6.0,,,,,,,,,,,,1.0,1.0,1.0,1.0,2.0,2.0,2.0,1.0,2.0,2.0,1.0,2.0,2.0,2.0,1.0,2.0,2.0,2.0,2.0,1.0,2.0,2.0,1.0,1.0,1.0,1.0,1.0,1.0,1.0,1.0,1.0,1.0,1.0,2.0,1.0,2.0,2.0,2.0,2.0,1.0,2.0,2.0,1.0,2.0,2.0,2.0,3.0,,,3.0,,,20.0,,1.0,,
pid_1763,2.0,,,2.0,,,1.0,54.0,1.0,17.0,,,70.0,,2.0,,4.0,2.0,4.0,4.0,5.0,4.0,5.0,4.0,2.0,4.0,4.0,,,5.0,2.0,3.0,,,,,4.0,2.0,5.0,6.0,5.0,6.0,3.0,3.0,6.0,5.0,71.0,38.0,68.0,54.0,75.0,59.0,66.0,79.0,21.0,56.0,3.0,1.0,,,,,,,,,,,,1.0,1.0,2.0,1.0,1.0,2.0,1.0,1.0,1.0,1.0,2.0,1.0,2.0,2.0,2.0,2.0,1.0,1.0,2.0,2.0,1.0,1.0,1.0,2.0,1.0,1.0,2.0,1.0,1.0,1.0,2.0,2.0,1.0,2.0,2.0,1.0,1.0,2.0,1.0,1.0,2.0,1.0,2.0,2.0,1.0,1.0,5.0,,,5.0,,,5.0,,,9.0,
pid_1764,2.0,,,2.0,2.0,40.0,,,,,1.0,120.0,30.0,,,4.0,5.0,5.0,1.0,1.0,5.0,5.0,5.0,5.0,5.0,5.0,1.0,,,,,,1.0,3.0,3.0,5.0,,1.0,7.0,1.0,5.0,6.0,7.0,6.0,7.0,7.0,60.0,100.0,90.0,0.0,40.0,80.0,90.0,60.0,95.0,90.0,4.0,1.0,,1.0,2.0,2.0,1.0,2.0,1.0,1.0,1.0,2.0,2.0,,,,,,,2.0,2.0,1.0,2.0,2.0,1.0,1.0,1.0,1.0,1.0,2.0,1.0,1.0,1.0,1.0,2.0,2.0,1.0,2.0,1.0,1.0,2.0,1.0,2.0,1.0,2.0,2.0,1.0,1.0,1.0,1.0,1.0,2.0,1.0,2.0,1.0,1.0,1.0,1.0,2.0,5.0,,,5.0,,,,15.0,,10.0,
pid_1765,,2.0,,2.0,2.0,50.0,,,,,1.0,800.0,,90.0,,5.0,3.0,5.0,4.0,4.0,4.0,3.0,5.0,5.0,3.0,4.0,1.0,,,,,,3.0,4.0,3.0,,4.0,1.0,6.0,3.0,5.0,4.0,3.0,4.0,5.0,6.0,50.0,95.0,55.0,70.0,60.0,55.0,65.0,70.0,50.0,70.0,2.0,5.0,,,,,,,,,,,,1.0,1.0,1.0,1.0,1.0,1.0,1.0,1.0,2.0,1.0,2.0,2.0,2.0,2.0,2.0,1.0,2.0,2.0,2.0,1.0,1.0,2.0,2.0,2.0,2.0,1.0,2.0,2.0,2.0,2.0,1.0,2.0,2.0,2.0,2.0,1.0,1.0,1.0,2.0,2.0,2.0,2.0,2.0,2.0,1.0,1.0,3.0,,,2.0,,,14.0,,,,2.0
pid_1766,2.0,,,1.0,2.0,30.0,,,2.0,250.0,,,,61.0,,5.0,5.0,5.0,2.0,2.0,4.0,5.0,5.0,4.0,5.0,5.0,2.0,,,3.0,4.0,2.0,,,,,4.0,1.0,7.0,2.0,2.0,1.0,5.0,6.0,7.0,7.0,80.0,84.0,79.0,59.0,61.0,66.0,75.0,75.0,50.0,44.0,3.0,7.0,,,,,,,,,,,,1.0,1.0,2.0,1.0,2.0,2.0,1.0,1.0,1.0,1.0,1.0,1.0,1.0,2.0,1.0,2.0,1.0,1.0,1.0,1.0,2.0,1.0,2.0,2.0,1.0,2.0,1.0,1.0,2.0,1.0,1.0,1.0,1.0,1.0,2.0,1.0,1.0,2.0,2.0,1.0,1.0,1.0,2.0,2.0,1.0,2.0,5.0,,,5.0,,,,15.0,1.0,,
pid_1767,,1.0,2.0,,2.0,40.0,,,1.0,1200.0,,,95.0,,,5.0,4.0,5.0,4.0,3.0,5.0,5.0,4.0,4.0,5.0,4.0,,5.0,,,,,5.0,4.0,4.0,,6.0,2.0,5.0,1.0,2.0,5.0,3.0,7.0,6.0,5.0,75.0,77.0,42.0,50.0,65.0,77.0,56.0,66.0,44.0,52.0,2.0,6.0,,1.0,1.0,1.0,2.0,1.0,1.0,2.0,1.0,1.0,2.0,,,,,,,1.0,2.0,2.0,1.0,2.0,2.0,1.0,2.0,1.0,1.0,1.0,1.0,1.0,2.0,2.0,2.0,2.0,1.0,1.0,1.0,2.0,1.0,2.0,2.0,1.0,1.0,2.0,2.0,1.0,2.0,1.0,1.0,2.0,2.0,1.0,1.0,1.0,1.0,2.0,2.0,,4.0,,,6.0,,,5.0,2.0,,
pid_1768,1.0,,1.0,,,,1.0,50.0,,,1.0,100.0,10.0,,1.0,,5.0,2.0,2.0,5.0,5.0,5.0,5.0,4.0,5.0,5.0,,,4.0,,,,2.0,1.0,2.0,,5.0,2.0,6.0,5.0,6.0,6.0,5.0,5.0,6.0,6.0,70.0,68.0,75.0,91.0,68.0,89.0,79.0,89.0,32.0,96.0,3.0,5.0,,,,,,,,,,,,1.0,1.0,1.0,2.0,1.0,2.0,1.0,1.0,1.0,1.0,1.0,1.0,1.0,1.0,1.0,1.0,1.0,1.0,1.0,1.0,2.0,1.0,2.0,2.0,1.0,1.0,1.0,2.0,1.0,1.0,1.0,1.0,1.0,1.0,1.0,1.0,1.0,1.0,1.0,1.0,1.0,1.0,1.0,1.0,1.0,1.0,,,5.0,,,5.0,,15.0,,,8.0
pid_1769,1.0,,2.0,,2.0,40.0,,,1.0,2000.0,,,,71.0,,5.0,5.0,5.0,2.0,4.0,5.0,5.0,5.0,5.0,5.0,5.0,,,5.0,3.0,4.0,2.0,,,,6.0,,1.0,6.0,2.0,6.0,6.0,3.0,5.0,3.0,5.0,76.0,89.0,56.0,86.0,69.0,64.0,51.0,73.0,44.0,90.0,4.0,,4.0,,,,,,,,,,,1.0,1.0,1.0,1.0,1.0,1.0,1.0,1.0,2.0,1.0,1.0,1.0,1.0,1.0,1.0,1.0,1.0,2.0,2.0,1.0,2.0,1.0,2.0,1.0,2.0,1.0,2.0,1.0,2.0,1.0,1.0,2.0,2.0,2.0,1.0,2.0,1.0,1.0,2.0,1.0,2.0,2.0,2.0,2.0,2.0,2.0,,,5.0,,,2.0,,0.0,,9.0,
pid_1770,1.0,,1.0,,2.0,40.0,,,,,1.0,115.0,4.0,,,4.0,5.0,5.0,2.0,5.0,4.0,5.0,5.0,5.0,5.0,5.0,,,1.0,2.0,5.0,2.0,,,,,5.0,1.0,7.0,1.0,5.0,5.0,6.0,6.0,7.0,6.0,50.0,66.0,41.0,48.0,30.0,50.0,50.0,50.0,45.0,81.0,2.0,6.0,,,,,,,,,,,,1.0,1.0,1.0,1.0,2.0,2.0,2.0,1.0,2.0,2.0,2.0,2.0,1.0,2.0,2.0,1.0,1.0,2.0,2.0,2.0,2.0,2.0,2.0,2.0,2.0,2.0,2.0,1.0,1.0,2.0,2.0,2.0,2.0,1.0,2.0,2.0,2.0,2.0,1.0,2.0,2.0,2.0,2.0,2.0,1.0,2.0,,,5.0,,,6.0,,10.0,,,4.0
pid_1771,,1.0,,1.0,2.0,40.0,,,,,2.0,60.0,34.0,,,4.0,5.0,5.0,5.0,4.0,5.0,5.0,5.0,5.0,1.0,5.0,,,3.0,3.0,4.0,3.0,,,,2.0,,1.0,5.0,1.0,2.0,1.0,1.0,5.0,6.0,6.0,91.0,100.0,100.0,35.0,38.0,61.0,89.0,69.0,74.0,99.0,1.0,1.0,,1.0,1.0,1.0,2.0,1.0,2.0,1.0,2.0,2.0,1.0,,,,,,,2.0,1.0,1.0,1.0,1.0,2.0,2.0,1.0,1.0,1.0,2.0,1.0,1.0,1.0,1.0,2.0,1.0,1.0,2.0,1.0,1.0,1.0,1.0,2.0,1.0,1.0,1.0,1.0,2.0,1.0,1.0,2.0,1.0,1.0,1.0,2.0,1.0,1.0,1.0,2.0,,,3.0,,,4.0,5.0,,,,1.0
pid_1772,1.0,,,1.0,,,1.0,20.0,2.0,100.0,,,70.0,,,6.0,4.0,5.0,3.0,3.0,4.0,4.0,4.0,4.0,4.0,5.0,1.0,,,4.0,3.0,2.0,,,,,4.0,1.0,7.0,2.0,4.0,3.0,2.0,5.0,5.0,6.0,30.0,75.0,60.0,45.0,30.0,45.0,55.0,55.0,20.0,65.0,3.0,,5.0,,,,,,,,,,,1.0,1.0,1.0,1.0,1.0,1.0,1.0,2.0,2.0,1.0,1.0,1.0,2.0,2.0,1.0,1.0,2.0,2.0,1.0,1.0,1.0,1.0,2.0,2.0,2.0,2.0,2.0,2.0,2.0,1.0,1.0,2.0,2.0,2.0,1.0,2.0,2.0,2.0,1.0,2.0,2.0,1.0,1.0,1.0,2.0,2.0,5.0,,,3.0,,,,5.0,,9.0,
pid_1773,2.0,,,1.0,2.0,5.0,,,2.0,973.0,,,95.0,,1.0,,3.0,4.0,4.0,4.0,3.0,5.0,4.0,4.0,5.0,5.0,3.0,,,2.0,2.0,1.0,,,,,2.0,1.0,6.0,1.0,4.0,4.0,5.0,7.0,4.0,4.0,20.0,70.0,70.0,50.0,19.0,80.0,50.0,50.0,30.0,60.0,4.0,3.0,,1.0,1.0,2.0,1.0,1.0,1.0,2.0,1.0,2.0,1.0,,,,,,,1.0,2.0,2.0,2.0,1.0,2.0,2.0,2.0,2.0,2.0,1.0,2.0,2.0,1.0,2.0,1.0,2.0,1.0,2.0,2.0,1.0,2.0,2.0,2.0,1.0,1.0,1.0,1.0,2.0,2.0,1.0,1.0,1.0,2.0,2.0,1.0,1.0,1.0,2.0,2.0,4.0,,,2.0,,,,4.0,,,4.0
pid_1774,1.0,,,1.0,,,1.0,35.0,,,1.0,250.0,,70.0,,4.0,5.0,5.0,1.0,4.0,5.0,5.0,5.0,5.0,5.0,5.0,,,2.0,3.0,5.0,2.0,,,,4.0,,1.0,7.0,2.0,2.0,3.0,2.0,5.0,5.0,5.0,45.0,61.0,40.0,50.0,40.0,40.0,55.0,45.0,40.0,60.0,3.0,5.0,,1.0,1.0,1.0,1.0,1.0,1.0,1.0,1.0,1.0,1.0,,,,,,,1.0,2.0,2.0,1.0,2.0,2.0,2.0,2.0,2.0,1.0,2.0,2.0,2.0,1.0,2.0,2.0,2.0,2.0,1.0,1.0,2.0,1.0,2.0,2.0,1.0,1.0,2.0,2.0,2.0,2.0,1.0,2.0,1.0,1.0,2.0,2.0,2.0,1.0,2.0,2.0,,,5.0,,,5.0,,5.0,,,5.0
pid_1775,,1.0,,1.0,2.0,25.0,,,,,1.0,235.0,30.0,,,4.0,5.0,5.0,1.0,4.0,5.0,5.0,5.0,5.0,5.0,5.0,,,5.0,6.0,4.0,4.0,,,,6.0,,1.0,7.0,2.0,2.0,5.0,5.0,3.0,3.0,5.0,23.0,80.0,80.0,47.0,15.0,20.0,14.0,23.0,80.0,31.0,4.0,6.0,,1.0,1.0,1.0,2.0,1.0,1.0,2.0,1.0,2.0,1.0,,,,,,,2.0,1.0,2.0,1.0,2.0,1.0,2.0,2.0,2.0,2.0,1.0,1.0,1.0,1.0,2.0,1.0,1.0,1.0,2.0,2.0,1.0,2.0,1.0,1.0,2.0,1.0,1.0,1.0,1.0,2.0,2.0,2.0,1.0,1.0,1.0,2.0,2.0,1.0,1.0,2.0,,,5.0,,,6.0,,0.0,1.0,,
pid_1776,,2.0,1.0,,,,2.0,6.0,,,1.0,300.0,70.0,,,5.0,5.0,5.0,1.0,5.0,5.0,5.0,2.0,4.0,5.0,5.0,2.0,,,,,,5.0,6.0,3.0,5.0,,2.0,7.0,2.0,2.0,2.0,3.0,6.0,6.0,6.0,65.0,80.0,35.0,80.0,50.0,51.0,45.0,69.0,55.0,75.0,2.0,,6.0,,,,,,,,,,,1.0,1.0,2.0,1.0,1.0,2.0,1.0,1.0,2.0,2.0,2.0,2.0,2.0,2.0,1.0,2.0,2.0,2.0,1.0,1.0,1.0,1.0,1.0,2.0,2.0,1.0,2.0,2.0,2.0,2.0,1.0,1.0,2.0,2.0,2.0,2.0,2.0,2.0,2.0,1.0,2.0,2.0,2.0,1.0,2.0,2.0,4.0,,,3.0,,,,4.0,2.0,,
pid_1777,1.0,,,1.0,2.0,50.0,,,1.0,1200.0,,,30.0,,1.0,,4.0,3.0,3.0,3.0,4.0,4.0,5.0,5.0,5.0,5.0,,5.0,,2.0,3.0,3.0,,,,6.0,,2.0,7.0,2.0,4.0,4.0,5.0,7.0,6.0,6.0,50.0,25.0,50.0,50.0,40.0,40.0,75.0,75.0,50.0,50.0,3.0,6.0,,1.0,1.0,1.0,1.0,1.0,1.0,1.0,1.0,1.0,1.0,,,,,,,2.0,1.0,1.0,2.0,2.0,1.0,2.0,2.0,2.0,1.0,2.0,2.0,2.0,2.0,2.0,2.0,1.0,1.0,2.0,2.0,1.0,1.0,2.0,2.0,2.0,1.0,2.0,2.0,2.0,1.0,2.0,1.0,2.0,2.0,1.0,1.0,1.0,2.0,1.0,1.0,,5.0,,,6.0,,,10.0,,10.0,
pid_1778,,2.0,,2.0,2.0,55.0,,,1.0,5000.0,,,,80.0,,3.0,2.0,4.0,4.0,2.0,3.0,4.0,4.0,4.0,3.0,4.0,,2.0,,2.0,4.0,3.0,,,,4.0,,2.0,7.0,2.0,3.0,4.0,2.0,5.0,6.0,5.0,37.0,65.0,51.0,34.0,55.0,49.0,41.0,56.0,51.0,63.0,3.0,,6.0,1.0,2.0,1.0,2.0,1.0,1.0,1.0,2.0,1.0,1.0,,,,,,,2.0,2.0,1.0,2.0,2.0,2.0,2.0,2.0,2.0,1.0,2.0,2.0,2.0,1.0,2.0,2.0,2.0,1.0,2.0,2.0,2.0,2.0,2.0,2.0,2.0,1.0,1.0,1.0,2.0,2.0,2.0,2.0,1.0,2.0,2.0,1.0,2.0,1.0,1.0,2.0,,4.0,,,6.0,,10.0,,,,4.0
pid_1779,2.0,,,1.0,,,2.0,1.0,2.0,60.0,,,30.0,,,6.0,4.0,4.0,2.0,4.0,2.0,3.0,5.0,1.0,4.0,5.0,,1.0,,5.0,4.0,3.0,,,,5.0,,1.0,6.0,6.0,4.0,2.0,5.0,5.0,6.0,6.0,85.0,85.0,20.0,85.0,70.0,55.0,100.0,52.0,70.0,90.0,2.0,7.0,,,,,,,,,,,,1.0,1.0,2.0,1.0,2.0,1.0,1.0,1.0,2.0,1.0,2.0,1.0,2.0,2.0,1.0,2.0,1.0,1.0,1.0,1.0,1.0,1.0,1.0,1.0,1.0,1.0,2.0,1.0,1.0,1.0,1.0,2.0,1.0,1.0,2.0,1.0,2.0,1.0,1.0,2.0,1.0,1.0,2.0,1.0,2.0,2.0,,2.0,,,5.0,,10.0,,,5.0,
pid_1780,,1.0,2.0,,,,1.0,92.0,2.0,400.0,,,,70.0,1.0,,5.0,2.0,2.0,1.0,4.0,5.0,3.0,5.0,5.0,5.0,,3.0,,,,,4.0,4.0,4.0,4.0,,1.0,7.0,1.0,2.0,3.0,5.0,5.0,5.0,5.0,49.0,26.0,30.0,28.0,40.0,49.0,10.0,30.0,55.0,58.0,3.0,3.0,,1.0,1.0,1.0,1.0,1.0,1.0,1.0,1.0,1.0,1.0,,,,,,,2.0,1.0,1.0,1.0,1.0,1.0,1.0,2.0,2.0,2.0,2.0,1.0,2.0,1.0,2.0,2.0,2.0,2.0,1.0,2.0,2.0,2.0,1.0,2.0,2.0,1.0,2.0,2.0,2.0,1.0,1.0,1.0,2.0,1.0,1.0,2.0,2.0,1.0,2.0,2.0,,3.0,,,5.0,,,0.0,,,9.0
pid_1781,,2.0,1.0,,2.0,20.0,,,2.0,500.0,,,,70.0,2.0,,4.0,5.0,2.0,3.0,4.0,5.0,5.0,5.0,5.0,3.0,,2.0,,,,,5.0,4.0,6.0,,5.0,1.0,5.0,1.0,1.0,3.0,4.0,5.0,7.0,6.0,30.0,70.0,45.0,45.0,25.0,35.0,45.0,59.0,60.0,65.0,2.0,,6.0,1.0,1.0,1.0,2.0,1.0,1.0,2.0,1.0,2.0,1.0,,,,,,,2.0,2.0,2.0,2.0,2.0,1.0,1.0,2.0,2.0,1.0,1.0,1.0,2.0,2.0,2.0,1.0,2.0,2.0,2.0,1.0,1.0,1.0,2.0,2.0,1.0,1.0,2.0,1.0,2.0,1.0,1.0,1.0,2.0,1.0,2.0,2.0,1.0,1.0,1.0,1.0,,1.0,,,1.0,,,15.0,3.0,,
pid_1782,2.0,,1.0,,1.0,80.0,,,,,1.0,90.0,71.0,,3.0,,4.0,4.0,2.0,4.0,4.0,4.0,4.0,4.0,4.0,4.0,,3.0,,4.0,3.0,3.0,,,,,4.0,2.0,6.0,1.0,1.0,1.0,2.0,6.0,6.0,6.0,62.0,45.0,23.0,59.0,80.0,41.0,40.0,58.0,55.0,57.0,2.0,,6.0,,,,,,,,,,,1.0,1.0,2.0,1.0,1.0,2.0,1.0,1.0,1.0,1.0,2.0,1.0,2.0,1.0,2.0,1.0,2.0,2.0,2.0,2.0,1.0,1.0,1.0,2.0,2.0,2.0,2.0,2.0,1.0,1.0,2.0,1.0,2.0,1.0,2.0,2.0,1.0,2.0,1.0,1.0,2.0,2.0,1.0,2.0,2.0,1.0,,5.0,,,5.0,,15.0,,1.0,,
pid_1783,1.0,,1.0,,,,2.0,8.0,,,1.0,300.0,70.0,,,4.0,1.0,5.0,5.0,5.0,1.0,1.0,3.0,4.0,2.0,4.0,,,2.0,,,,5.0,5.0,5.0,4.0,,1.0,7.0,3.0,2.0,2.0,1.0,3.0,7.0,7.0,8.0,100.0,80.0,100.0,7.0,0.0,42.0,100.0,15.0,36.0,1.0,6.0,,1.0,1.0,1.0,2.0,1.0,1.0,2.0,1.0,1.0,2.0,,,,,,,2.0,1.0,1.0,1.0,1.0,2.0,2.0,2.0,1.0,1.0,2.0,2.0,2.0,1.0,1.0,2.0,2.0,2.0,2.0,2.0,2.0,2.0,2.0,2.0,2.0,2.0,1.0,2.0,2.0,2.0,1.0,2.0,2.0,2.0,2.0,2.0,1.0,2.0,2.0,2.0,,,4.0,,,6.0,,20.0,,10.0,
pid_1784,1.0,,2.0,,2.0,30.0,,,,,1.0,120.0,100.0,,,1.0,5.0,4.0,3.0,3.0,4.0,5.0,5.0,5.0,5.0,5.0,,,5.0,,,,1.0,1.0,3.0,1.0,,1.0,7.0,1.0,7.0,4.0,5.0,7.0,7.0,7.0,50.0,92.0,50.0,40.0,31.0,2.0,48.0,62.0,55.0,100.0,4.0,6.0,,,,,,,,,,,,1.0,1.0,1.0,2.0,1.0,2.0,1.0,2.0,1.0,1.0,1.0,2.0,2.0,1.0,2.0,2.0,1.0,1.0,2.0,1.0,1.0,2.0,2.0,2.0,1.0,2.0,2.0,1.0,1.0,2.0,1.0,2.0,1.0,1.0,2.0,1.0,2.0,1.0,1.0,2.0,1.0,2.0,2.0,2.0,2.0,2.0,,,5.0,,,6.0,,8.0,,4.0,
pid_1785,,1.0,,1.0,2.0,45.0,,,1.0,1500.0,,,92.0,,,1.0,4.0,1.0,4.0,2.0,5.0,5.0,1.0,1.0,5.0,2.0,1.0,,,,,,1.0,6.0,3.0,6.0,,1.0,6.0,5.0,6.0,2.0,2.0,5.0,3.0,6.0,40.0,41.0,54.0,60.0,58.0,40.0,40.0,50.0,40.0,69.0,4.0,6.0,,1.0,1.0,1.0,1.0,1.0,1.0,1.0,1.0,1.0,1.0,,,,,,,2.0,2.0,2.0,1.0,1.0,2.0,1.0,1.0,2.0,2.0,2.0,1.0,2.0,1.0,2.0,2.0,2.0,2.0,2.0,2.0,2.0,1.0,2.0,1.0,2.0,2.0,2.0,2.0,1.0,2.0,1.0,2.0,2.0,1.0,2.0,1.0,2.0,2.0,2.0,2.0,4.0,,,6.0,,,,0.0,,1.0,
pid_1786,1.0,,1.0,,2.0,50.0,,,2.0,300.0,,,,70.0,3.0,,5.0,5.0,2.0,5.0,5.0,4.0,5.0,5.0,5.0,5.0,1.0,,,,,,3.0,3.0,3.0,3.0,,1.0,7.0,1.0,5.0,2.0,5.0,5.0,7.0,7.0,40.0,85.0,45.0,30.0,30.0,20.0,40.0,60.0,25.0,26.0,4.0,6.0,,,,,,,,,,,,1.0,2.0,1.0,2.0,1.0,1.0,2.0,2.0,2.0,1.0,2.0,2.0,2.0,1.0,1.0,1.0,2.0,2.0,2.0,2.0,2.0,1.0,2.0,1.0,2.0,1.0,2.0,2.0,2.0,2.0,1.0,2.0,2.0,2.0,1.0,2.0,1.0,1.0,2.0,2.0,1.0,2.0,1.0,2.0,2.0,1.0,1.0,,,6.0,,,,20.0,,,1.0
pid_1787,,1.0,1.0,,,,2.0,10.0,,,1.0,350.0,71.0,,,1.0,3.0,3.0,3.0,3.0,4.0,3.0,5.0,5.0,2.0,5.0,,,4.0,1.0,1.0,1.0,,,,,4.0,1.0,7.0,5.0,5.0,1.0,2.0,7.0,7.0,7.0,14.0,48.0,15.0,100.0,36.0,64.0,86.0,48.0,11.0,47.0,1.0,,4.0,1.0,2.0,2.0,2.0,1.0,1.0,2.0,2.0,1.0,2.0,,,,,,,1.0,1.0,1.0,1.0,1.0,1.0,2.0,1.0,1.0,2.0,2.0,1.0,1.0,1.0,1.0,1.0,1.0,2.0,1.0,1.0,1.0,2.0,2.0,1.0,1.0,1.0,1.0,2.0,2.0,1.0,1.0,2.0,1.0,2.0,1.0,1.0,1.0,1.0,1.0,1.0,,,5.0,,,6.0,,15.0,,1.0,
pid_1788,,1.0,,2.0,2.0,25.0,,,,,1.0,120.0,70.0,,,4.0,4.0,5.0,2.0,3.0,3.0,4.0,3.0,4.0,4.0,4.0,,1.0,,4.0,5.0,2.0,,,,,6.0,1.0,6.0,2.0,4.0,4.0,5.0,5.0,5.0,6.0,60.0,95.0,30.0,35.0,40.0,70.0,55.0,70.0,80.0,90.0,3.0,,6.0,,,,,,,,,,,1.0,1.0,1.0,1.0,1.0,1.0,2.0,1.0,2.0,1.0,2.0,2.0,2.0,2.0,2.0,2.0,2.0,2.0,1.0,2.0,2.0,2.0,2.0,2.0,1.0,2.0,1.0,2.0,2.0,2.0,1.0,2.0,2.0,2.0,2.0,2.0,2.0,2.0,2.0,2.0,2.0,2.0,2.0,2.0,2.0,2.0,,5.0,,,6.0,,,5.0,,,4.0
pid_1789,,1.0,1.0,,2.0,50.0,,,,,1.0,275.0,,70.0,6.0,,4.0,1.0,3.0,3.0,3.0,4.0,5.0,5.0,5.0,3.0,2.0,,,2.0,2.0,2.0,,,,,3.0,2.0,6.0,2.0,2.0,2.0,6.0,3.0,3.0,3.0,68.0,27.0,44.0,54.0,73.0,67.0,67.0,79.0,59.0,44.0,2.0,,7.0,1.0,1.0,1.0,1.0,1.0,1.0,1.0,1.0,1.0,1.0,,,,,,,1.0,1.0,2.0,1.0,1.0,2.0,1.0,2.0,2.0,2.0,2.0,1.0,2.0,1.0,1.0,2.0,2.0,2.0,2.0,2.0,2.0,1.0,2.0,2.0,2.0,1.0,2.0,2.0,2.0,1.0,2.0,2.0,2.0,2.0,1.0,1.0,2.0,1.0,2.0,1.0,2.0,,,3.0,,,,10.0,,,2.0
pid_1790,,2.0,,2.0,2.0,40.0,,,,,1.0,100.0,30.0,,2.0,,5.0,5.0,2.0,1.0,5.0,5.0,5.0,4.0,5.0,5.0,,1.0,,,,,2.0,3.0,4.0,,5.0,1.0,5.0,1.0,3.0,4.0,1.0,6.0,5.0,5.0,56.0,95.0,33.0,10.0,15.0,35.0,72.0,43.0,60.0,90.0,4.0,6.0,,1.0,1.0,1.0,1.0,2.0,1.0,1.0,2.0,2.0,1.0,,,,,,,1.0,2.0,1.0,1.0,2.0,2.0,2.0,2.0,2.0,2.0,2.0,2.0,1.0,2.0,2.0,2.0,1.0,2.0,1.0,1.0,2.0,2.0,1.0,2.0,2.0,2.0,2.0,2.0,1.0,1.0,2.0,2.0,2.0,2.0,1.0,2.0,2.0,1.0,2.0,2.0,,4.0,,,5.0,,,0.0,3.0,,
pid_1791,,2.0,1.0,,,,1.0,54.0,2.0,380.0,,,,70.0,,5.0,2.0,3.0,5.0,3.0,3.0,3.0,2.0,3.0,3.0,2.0,,,3.0,,,,5.0,5.0,3.0,1.0,,1.0,5.0,4.0,3.0,4.0,4.0,3.0,4.0,4.0,51.0,46.0,84.0,51.0,53.0,49.0,38.0,43.0,50.0,30.0,3.0,3.0,,1.0,2.0,1.0,2.0,2.0,1.0,1.0,1.0,1.0,2.0,,,,,,,1.0,2.0,2.0,1.0,1.0,1.0,1.0,2.0,2.0,1.0,2.0,1.0,2.0,2.0,1.0,2.0,1.0,1.0,1.0,1.0,2.0,2.0,1.0,1.0,2.0,1.0,1.0,2.0,1.0,2.0,1.0,2.0,1.0,1.0,1.0,2.0,2.0,2.0,1.0,1.0,,,4.0,,,3.0,,18.0,2.0,,
pid_1792,,2.0,1.0,,,,1.0,50.0,2.0,400.0,,,50.0,,3.0,,5.0,5.0,2.0,3.0,3.0,5.0,5.0,5.0,5.0,4.0,1.0,,,,,,3.0,3.0,3.0,6.0,,1.0,6.0,2.0,5.0,5.0,3.0,5.0,6.0,5.0,60.0,76.0,62.0,50.0,50.0,50.0,65.0,50.0,35.0,50.0,3.0,3.0,,,,,,,,,,,,1.0,1.0,2.0,1.0,2.0,1.0,1.0,2.0,2.0,2.0,2.0,1.0,2.0,2.0,2.0,1.0,2.0,2.0,2.0,2.0,2.0,2.0,2.0,2.0,2.0,2.0,2.0,2.0,2.0,2.0,2.0,1.0,1.0,2.0,2.0,2.0,1.0,2.0,1.0,2.0,2.0,2.0,2.0,1.0,2.0,2.0,2.0,,,4.0,,,,12.0,1.0,,
pid_1793,1.0,,1.0,,,,2.0,54.0,2.0,380.0,,,80.0,,3.0,,4.0,3.0,3.0,4.0,4.0,3.0,5.0,5.0,3.0,3.0,,,5.0,,,,5.0,5.0,5.0,,4.0,2.0,6.0,4.0,4.0,4.0,4.0,3.0,5.0,5.0,50.0,62.0,39.0,74.0,61.0,69.0,100.0,100.0,51.0,42.0,3.0,,7.0,,,,,,,,,,,1.0,1.0,1.0,1.0,1.0,1.0,1.0,2.0,2.0,2.0,2.0,2.0,1.0,1.0,1.0,2.0,2.0,1.0,2.0,2.0,2.0,2.0,2.0,2.0,2.0,2.0,1.0,2.0,2.0,2.0,2.0,2.0,2.0,2.0,1.0,1.0,2.0,2.0,2.0,2.0,2.0,1.0,1.0,1.0,2.0,2.0,,,3.0,,,4.0,10.0,,,1.0,
pid_1794,,2.0,,2.0,2.0,52.0,,,,,1.0,367.0,30.0,,,4.0,4.0,4.0,5.0,4.0,3.0,4.0,4.0,5.0,5.0,2.0,,2.0,,,,,3.0,3.0,3.0,4.0,,1.0,5.0,1.0,6.0,3.0,1.0,5.0,4.0,6.0,72.0,81.0,75.0,71.0,39.0,70.0,39.0,70.0,66.0,30.0,1.0,6.0,,1.0,1.0,1.0,1.0,1.0,1.0,1.0,1.0,1.0,1.0,,,,,,,2.0,1.0,2.0,1.0,2.0,1.0,1.0,2.0,1.0,1.0,1.0,1.0,2.0,1.0,2.0,2.0,2.0,2.0,2.0,2.0,1.0,1.0,1.0,2.0,1.0,2.0,2.0,1.0,1.0,1.0,1.0,2.0,1.0,2.0,1.0,1.0,1.0,2.0,2.0,1.0,,5.0,,,6.0,,,20.0,,,1.0
pid_1795,1.0,,1.0,,,,2.0,4.0,2.0,300.0,,,90.0,,3.0,,5.0,5.0,1.0,1.0,5.0,5.0,5.0,5.0,5.0,5.0,,2.0,,,,,3.0,3.0,3.0,6.0,,1.0,7.0,1.0,1.0,1.0,5.0,6.0,7.0,7.0,70.0,90.0,51.0,20.0,50.0,50.0,50.0,70.0,50.0,80.0,2.0,,6.0,2.0,2.0,2.0,2.0,2.0,2.0,2.0,2.0,2.0,2.0,,,,,,,2.0,2.0,2.0,1.0,2.0,2.0,2.0,1.0,2.0,2.0,2.0,2.0,2.0,2.0,2.0,2.0,1.0,2.0,1.0,1.0,2.0,2.0,2.0,1.0,1.0,1.0,2.0,2.0,1.0,2.0,1.0,1.0,2.0,2.0,2.0,2.0,2.0,1.0,2.0,1.0,,5.0,,,6.0,,,0.0,1.0,,
pid_1797,1.0,,1.0,,2.0,0.0,,,,,1.0,150.0,,70.0,,3.0,3.0,5.0,1.0,1.0,4.0,4.0,4.0,3.0,4.0,5.0,,2.0,,4.0,4.0,4.0,,,,,4.0,2.0,7.0,5.0,6.0,5.0,5.0,5.0,5.0,5.0,40.0,89.0,57.0,12.0,51.0,69.0,83.0,30.0,45.0,64.0,1.0,,6.0,1.0,1.0,1.0,1.0,1.0,1.0,1.0,1.0,1.0,1.0,,,,,,,2.0,2.0,2.0,1.0,1.0,1.0,1.0,2.0,2.0,2.0,2.0,1.0,2.0,2.0,1.0,1.0,1.0,2.0,2.0,1.0,2.0,1.0,2.0,2.0,2.0,1.0,2.0,2.0,2.0,2.0,1.0,2.0,2.0,2.0,1.0,2.0,1.0,1.0,2.0,2.0,,5.0,,,6.0,,,0.0,,,1.0
pid_1798,1.0,,1.0,,1.0,100.0,,,1.0,250.0,,,,70.0,1.0,,5.0,3.0,5.0,3.0,1.0,5.0,1.0,2.0,1.0,1.0,,2.0,,3.0,3.0,3.0,,,,3.0,,1.0,7.0,2.0,4.0,4.0,3.0,6.0,6.0,6.0,60.0,80.0,90.0,80.0,15.0,41.0,61.0,74.0,5.0,40.0,3.0,6.0,,,,,,,,,,,,1.0,2.0,1.0,1.0,2.0,1.0,2.0,2.0,2.0,2.0,2.0,2.0,2.0,2.0,1.0,1.0,2.0,2.0,1.0,2.0,1.0,2.0,2.0,2.0,2.0,2.0,2.0,2.0,2.0,2.0,2.0,2.0,1.0,2.0,2.0,1.0,2.0,1.0,2.0,2.0,2.0,1.0,2.0,1.0,2.0,2.0,,5.0,,,4.0,,,20.0,1.0,,
pid_1799,,1.0,,1.0,,,1.0,54.0,,,1.0,380.0,64.0,,5.0,,3.0,3.0,4.0,3.0,4.0,3.0,4.0,3.0,4.0,3.0,4.0,,,4.0,5.0,4.0,,,,3.0,,1.0,6.0,5.0,6.0,5.0,5.0,6.0,6.0,5.0,49.0,49.0,38.0,53.0,41.0,42.0,38.0,47.0,50.0,40.0,3.0,5.0,,1.0,2.0,2.0,2.0,1.0,2.0,1.0,1.0,2.0,1.0,,,,,,,2.0,2.0,1.0,1.0,1.0,1.0,2.0,2.0,1.0,2.0,1.0,1.0,1.0,2.0,1.0,2.0,2.0,2.0,1.0,1.0,2.0,1.0,1.0,2.0,2.0,2.0,2.0,2.0,1.0,2.0,1.0,2.0,1.0,2.0,2.0,1.0,1.0,1.0,2.0,1.0,3.0,,,4.0,,,,19.0,,3.0,
pid_1800,,2.0,1.0,,,,2.0,5.0,,,1.0,200.0,,70.0,3.0,,5.0,5.0,2.0,3.0,4.0,4.0,4.0,4.0,4.0,5.0,,,4.0,3.0,3.0,2.0,,,,4.0,,1.0,7.0,2.0,4.0,3.0,4.0,6.0,5.0,6.0,60.0,88.0,51.0,53.0,55.0,54.0,65.0,64.0,46.0,91.0,2.0,,6.0,1.0,1.0,1.0,1.0,1.0,1.0,1.0,1.0,1.0,1.0,,,,,,,2.0,2.0,2.0,1.0,1.0,1.0,1.0,1.0,1.0,1.0,2.0,1.0,2.0,1.0,1.0,2.0,2.0,2.0,2.0,2.0,1.0,2.0,2.0,2.0,1.0,1.0,2.0,1.0,1.0,2.0,1.0,1.0,2.0,1.0,1.0,2.0,1.0,1.0,2.0,1.0,,,4.0,,,4.0,,10.0,3.0,,
pid_1801,,2.0,,2.0,,,1.0,35.0,,,1.0,300.0,30.0,,4.0,,1.0,1.0,5.0,3.0,1.0,1.0,1.0,2.0,1.0,1.0,,4.0,,3.0,3.0,3.0,,,,1.0,,2.0,5.0,2.0,5.0,5.0,2.0,5.0,3.0,3.0,40.0,40.0,65.0,20.0,25.0,30.0,35.0,40.0,40.0,45.0,3.0,1.0,,,,,,,,,,,,1.0,1.0,1.0,1.0,1.0,1.0,2.0,1.0,2.0,2.0,2.0,2.0,1.0,2.0,2.0,2.0,2.0,1.0,2.0,2.0,2.0,2.0,2.0,2.0,1.0,2.0,2.0,1.0,2.0,2.0,2.0,2.0,2.0,1.0,2.0,2.0,2.0,2.0,2.0,1.0,2.0,2.0,2.0,2.0,2.0,2.0,,1.0,,,5.0,,15.0,,,,2.0
pid_1802,1.0,,2.0,,2.0,40.0,,,2.0,400.0,,,99.0,,,4.0,5.0,5.0,3.0,3.0,5.0,5.0,5.0,3.0,4.0,4.0,,,5.0,3.0,3.0,2.0,,,,,4.0,1.0,7.0,1.0,6.0,2.0,2.0,6.0,6.0,7.0,89.0,88.0,50.0,52.0,52.0,60.0,69.0,39.0,50.0,52.0,1.0,,5.0,,,,,,,,,,,1.0,1.0,1.0,1.0,1.0,1.0,1.0,1.0,2.0,2.0,1.0,2.0,2.0,2.0,2.0,2.0,2.0,2.0,2.0,2.0,1.0,2.0,1.0,2.0,2.0,2.0,2.0,2.0,2.0,1.0,2.0,2.0,2.0,2.0,2.0,2.0,2.0,1.0,2.0,2.0,2.0,2.0,2.0,2.0,1.0,2.0,,,5.0,,,5.0,20.0,,,,1.0
pid_1803,1.0,,1.0,,2.0,50.0,,,1.0,2000.0,,,,70.0,4.0,,5.0,3.0,2.0,1.0,5.0,5.0,5.0,3.0,5.0,5.0,,,2.0,,,,2.0,4.0,4.0,,4.0,2.0,7.0,2.0,5.0,5.0,3.0,5.0,5.0,3.0,50.0,50.0,30.0,15.0,50.0,40.0,60.0,35.0,55.0,50.0,4.0,,7.0,,,,,,,,,,,1.0,1.0,1.0,1.0,1.0,1.0,1.0,1.0,2.0,2.0,2.0,2.0,2.0,1.0,1.0,2.0,2.0,2.0,2.0,1.0,2.0,2.0,1.0,2.0,1.0,2.0,1.0,1.0,2.0,1.0,2.0,2.0,2.0,1.0,2.0,1.0,2.0,2.0,2.0,1.0,1.0,1.0,1.0,1.0,1.0,2.0,,,5.0,,,6.0,,2.0,,,6.0
pid_1804,1.0,,2.0,,,,1.0,20.0,1.0,2500.0,,,,100.0,,4.0,2.0,3.0,4.0,4.0,4.0,4.0,3.0,3.0,2.0,5.0,,,4.0,,,,4.0,3.0,2.0,,3.0,2.0,7.0,2.0,5.0,3.0,1.0,3.0,5.0,5.0,45.0,45.0,60.0,50.0,40.0,42.0,65.0,30.0,35.0,75.0,2.0,,6.0,1.0,2.0,1.0,1.0,1.0,1.0,1.0,2.0,2.0,2.0,,,,,,,2.0,1.0,2.0,2.0,2.0,2.0,2.0,2.0,1.0,2.0,1.0,2.0,2.0,2.0,2.0,2.0,2.0,1.0,1.0,2.0,2.0,1.0,2.0,2.0,2.0,2.0,2.0,2.0,2.0,1.0,2.0,2.0,2.0,1.0,1.0,2.0,2.0,2.0,1.0,2.0,,,5.0,,,6.0,10.0,,,10.0,
pid_1805,1.0,,,1.0,,,2.0,8.0,2.0,270.0,,,,71.0,,5.0,1.0,1.0,1.0,1.0,1.0,1.0,1.0,1.0,4.0,1.0,,,3.0,,,,4.0,3.0,1.0,,6.0,1.0,4.0,1.0,4.0,4.0,1.0,6.0,7.0,7.0,0.0,1.0,3.0,3.0,0.0,0.0,0.0,13.0,31.0,1.0,1.0,4.0,,,,,,,,,,,,1.0,1.0,1.0,1.0,2.0,2.0,2.0,2.0,1.0,1.0,2.0,2.0,2.0,2.0,2.0,2.0,2.0,1.0,1.0,2.0,1.0,2.0,2.0,2.0,2.0,2.0,2.0,2.0,1.0,2.0,2.0,1.0,2.0,2.0,2.0,1.0,1.0,1.0,2.0,2.0,2.0,2.0,2.0,2.0,1.0,1.0,,,5.0,,,6.0,,1.0,,,1.0
pid_1806,1.0,,1.0,,,,1.0,52.0,2.0,300.0,,,59.0,,,4.0,4.0,4.0,4.0,4.0,4.0,4.0,4.0,4.0,4.0,4.0,,3.0,,4.0,4.0,4.0,,,,4.0,,1.0,6.0,3.0,4.0,5.0,2.0,6.0,7.0,7.0,60.0,52.0,48.0,50.0,58.0,53.0,51.0,51.0,47.0,50.0,3.0,,5.0,,,,,,,,,,,1.0,1.0,2.0,1.0,1.0,1.0,2.0,1.0,2.0,1.0,1.0,2.0,1.0,2.0,2.0,1.0,1.0,2.0,1.0,1.0,1.0,2.0,2.0,2.0,1.0,1.0,1.0,2.0,1.0,2.0,1.0,1.0,1.0,2.0,1.0,1.0,1.0,2.0,1.0,1.0,1.0,1.0,2.0,1.0,2.0,1.0,,5.0,,,6.0,,,17.0,,5.0,
pid_1807,1.0,,1.0,,2.0,50.0,,,2.0,400.0,,,,100.0,,5.0,3.0,4.0,3.0,4.0,3.0,3.0,4.0,4.0,4.0,4.0,,5.0,,,,,4.0,5.0,4.0,,6.0,1.0,7.0,5.0,4.0,5.0,3.0,5.0,4.0,5.0,42.0,52.0,50.0,58.0,40.0,40.0,55.0,56.0,45.0,54.0,3.0,,6.0,,,,,,,,,,,1.0,1.0,1.0,1.0,1.0,1.0,2.0,1.0,1.0,2.0,2.0,2.0,2.0,2.0,1.0,1.0,2.0,2.0,1.0,2.0,2.0,2.0,2.0,2.0,2.0,2.0,2.0,1.0,2.0,1.0,2.0,2.0,2.0,2.0,2.0,1.0,2.0,2.0,2.0,2.0,1.0,1.0,1.0,1.0,1.0,2.0,,5.0,,,6.0,,18.0,,3.0,,
pid_1808,1.0,,1.0,,,,2.0,10.0,2.0,700.0,,,85.0,,3.0,,4.0,4.0,2.0,3.0,4.0,4.0,5.0,3.0,4.0,5.0,,4.0,,,,,3.0,3.0,4.0,4.0,,2.0,5.0,4.0,5.0,5.0,4.0,6.0,6.0,6.0,35.0,45.0,25.0,15.0,25.0,25.0,60.0,15.0,25.0,75.0,4.0,3.0,,,,,,,,,,,,1.0,1.0,2.0,1.0,2.0,1.0,1.0,2.0,1.0,2.0,2.0,2.0,1.0,1.0,1.0,1.0,2.0,1.0,1.0,2.0,1.0,1.0,1.0,2.0,1.0,1.0,1.0,1.0,2.0,2.0,1.0,1.0,1.0,1.0,1.0,2.0,2.0,2.0,2.0,2.0,1.0,2.0,2.0,2.0,1.0,1.0,,5.0,,,4.0,,15.0,,,6.0,
pid_1809,1.0,,1.0,,,,1.0,45.0,,,1.0,300.0,,76.0,4.0,,5.0,5.0,3.0,2.0,3.0,5.0,5.0,4.0,4.0,4.0,,2.0,,,,,4.0,4.0,5.0,4.0,,2.0,6.0,1.0,2.0,2.0,2.0,7.0,7.0,7.0,53.0,51.0,56.0,50.0,45.0,52.0,65.0,41.0,53.0,50.0,3.0,6.0,,,,,,,,,,,,1.0,1.0,2.0,1.0,1.0,2.0,1.0,2.0,2.0,2.0,2.0,2.0,2.0,2.0,2.0,2.0,2.0,2.0,1.0,2.0,2.0,1.0,1.0,1.0,1.0,2.0,2.0,2.0,2.0,1.0,2.0,2.0,1.0,1.0,2.0,2.0,2.0,2.0,2.0,2.0,2.0,2.0,2.0,2.0,1.0,2.0,,4.0,,,3.0,,12.0,,,,3.0
pid_1810,2.0,,,2.0,,,1.0,30.0,2.0,300.0,,,6.0,,4.0,,4.0,5.0,1.0,5.0,5.0,4.0,5.0,5.0,5.0,5.0,3.0,,,4.0,3.0,3.0,,,,,6.0,2.0,7.0,2.0,5.0,3.0,3.0,6.0,5.0,5.0,61.0,100.0,12.0,88.0,55.0,31.0,84.0,50.0,78.0,90.0,1.0,4.0,,,,,,,,,,,,1.0,1.0,2.0,1.0,2.0,2.0,1.0,2.0,1.0,2.0,1.0,1.0,1.0,1.0,2.0,1.0,1.0,1.0,2.0,2.0,1.0,2.0,2.0,2.0,2.0,1.0,1.0,1.0,2.0,1.0,1.0,1.0,2.0,1.0,2.0,1.0,1.0,2.0,2.0,1.0,2.0,1.0,1.0,1.0,1.0,1.0,5.0,,,5.0,,,15.0,,,,1.0
pid_1811,2.0,,,2.0,2.0,0.0,,,,,2.0,40.0,65.0,,,4.0,5.0,5.0,1.0,4.0,4.0,5.0,5.0,4.0,5.0,5.0,,1.0,,4.0,3.0,4.0,,,,4.0,,1.0,5.0,3.0,2.0,3.0,3.0,5.0,6.0,5.0,42.0,43.0,32.0,63.0,23.0,32.0,45.0,58.0,46.0,60.0,2.0,6.0,,,,,,,,,,,,1.0,1.0,2.0,1.0,1.0,2.0,2.0,2.0,2.0,1.0,2.0,2.0,2.0,2.0,2.0,1.0,1.0,2.0,1.0,2.0,2.0,2.0,2.0,2.0,2.0,2.0,2.0,2.0,2.0,2.0,2.0,1.0,2.0,1.0,2.0,2.0,1.0,2.0,1.0,2.0,2.0,2.0,1.0,2.0,1.0,2.0,,4.0,,,3.0,,14.0,,,6.0,
pid_1812,,1.0,2.0,,,,1.0,15.0,,,1.0,300.0,,70.0,,4.0,4.0,4.0,2.0,4.0,3.0,5.0,5.0,5.0,5.0,5.0,,1.0,,,,,3.0,3.0,4.0,,4.0,2.0,6.0,2.0,6.0,6.0,5.0,6.0,7.0,6.0,45.0,45.0,53.0,45.0,49.0,49.0,49.0,49.0,49.0,52.0,3.0,,6.0,,,,,,,,,,,1.0,1.0,1.0,2.0,1.0,2.0,2.0,2.0,2.0,1.0,1.0,2.0,1.0,1.0,2.0,2.0,1.0,2.0,2.0,2.0,1.0,2.0,2.0,1.0,2.0,1.0,2.0,1.0,2.0,2.0,2.0,2.0,2.0,1.0,1.0,1.0,2.0,2.0,2.0,2.0,1.0,2.0,2.0,2.0,2.0,1.0,,5.0,,,6.0,,,12.0,3.0,,
pid_1813,,2.0,2.0,,2.0,50.0,,,,,1.0,200.0,,90.0,2.0,,5.0,5.0,5.0,1.0,3.0,5.0,5.0,5.0,5.0,1.0,3.0,,,3.0,3.0,3.0,,,,6.0,,1.0,5.0,5.0,5.0,5.0,3.0,3.0,3.0,3.0,35.0,60.0,64.0,71.0,29.0,55.0,22.0,73.0,43.0,68.0,4.0,6.0,,,,,,,,,,,,1.0,1.0,1.0,1.0,1.0,1.0,1.0,1.0,1.0,1.0,2.0,2.0,1.0,1.0,1.0,2.0,1.0,2.0,2.0,2.0,2.0,1.0,2.0,1.0,1.0,1.0,1.0,1.0,2.0,1.0,1.0,2.0,1.0,2.0,2.0,2.0,2.0,1.0,1.0,1.0,1.0,1.0,2.0,2.0,1.0,2.0,3.0,,,6.0,,,18.0,,,6.0,
pid_1814,,1.0,,2.0,,,1.0,20.0,,,1.0,100.0,30.0,,3.0,,1.0,4.0,5.0,4.0,1.0,1.0,3.0,1.0,1.0,4.0,,,3.0,,,,4.0,4.0,3.0,4.0,,1.0,3.0,3.0,3.0,3.0,2.0,6.0,6.0,6.0,29.0,20.0,36.0,23.0,63.0,36.0,43.0,56.0,49.0,49.0,3.0,6.0,,,,,,,,,,,,1.0,2.0,1.0,2.0,1.0,2.0,1.0,1.0,2.0,1.0,1.0,1.0,1.0,2.0,2.0,1.0,2.0,1.0,2.0,1.0,2.0,2.0,2.0,2.0,2.0,2.0,2.0,2.0,1.0,2.0,2.0,2.0,2.0,2.0,2.0,1.0,2.0,2.0,2.0,1.0,2.0,1.0,2.0,2.0,2.0,1.0,,,3.0,,,4.0,20.0,,,10.0,
pid_1815,1.0,,,1.0,2.0,35.0,,,1.0,1200.0,,,85.0,,,5.0,4.0,5.0,5.0,5.0,5.0,4.0,5.0,5.0,5.0,4.0,,,2.0,5.0,3.0,3.0,,,,,5.0,1.0,7.0,2.0,3.0,3.0,3.0,6.0,6.0,6.0,65.0,80.0,45.0,82.0,59.0,70.0,85.0,75.0,70.0,80.0,2.0,6.0,,,,,,,,,,,,1.0,1.0,1.0,1.0,1.0,1.0,2.0,2.0,1.0,1.0,1.0,1.0,1.0,2.0,2.0,2.0,2.0,2.0,2.0,2.0,2.0,2.0,2.0,2.0,1.0,2.0,2.0,2.0,1.0,2.0,2.0,2.0,2.0,2.0,1.0,2.0,2.0,1.0,2.0,2.0,2.0,2.0,2.0,2.0,2.0,2.0,,,5.0,,,6.0,,5.0,,10.0,
pid_1816,1.0,,1.0,,2.0,26.0,,,,,1.0,123.0,25.0,,,4.0,3.0,3.0,1.0,3.0,4.0,3.0,4.0,5.0,3.0,4.0,,,2.0,3.0,6.0,2.0,,,,5.0,,1.0,6.0,1.0,4.0,2.0,3.0,6.0,5.0,6.0,56.0,28.0,35.0,49.0,70.0,65.0,80.0,52.0,24.0,56.0,3.0,5.0,,1.0,1.0,1.0,1.0,2.0,1.0,1.0,2.0,1.0,2.0,,,,,,,2.0,2.0,2.0,1.0,2.0,1.0,1.0,2.0,1.0,1.0,2.0,1.0,2.0,2.0,1.0,1.0,2.0,1.0,2.0,2.0,1.0,2.0,1.0,2.0,1.0,2.0,2.0,2.0,2.0,2.0,2.0,2.0,2.0,1.0,1.0,1.0,2.0,1.0,2.0,2.0,,,5.0,,,5.0,,14.0,,,3.0
pid_1817,1.0,,1.0,,,,2.0,8.0,2.0,850.0,,,,70.0,,4.0,3.0,4.0,5.0,3.0,3.0,4.0,3.0,4.0,4.0,5.0,,,2.0,,,,3.0,4.0,3.0,,5.0,2.0,7.0,2.0,3.0,3.0,3.0,5.0,6.0,7.0,30.0,70.0,80.0,40.0,15.0,65.0,15.0,80.0,40.0,85.0,1.0,,6.0,1.0,1.0,1.0,1.0,2.0,1.0,2.0,1.0,2.0,1.0,,,,,,,2.0,1.0,2.0,1.0,1.0,2.0,2.0,1.0,2.0,2.0,2.0,2.0,2.0,2.0,2.0,2.0,2.0,2.0,1.0,1.0,2.0,2.0,2.0,2.0,1.0,1.0,2.0,2.0,2.0,2.0,1.0,2.0,2.0,1.0,1.0,1.0,2.0,2.0,1.0,2.0,,,4.0,,,5.0,,10.0,,,1.0
pid_1818,1.0,,,1.0,2.0,40.0,,,2.0,650.0,,,,65.0,,2.0,5.0,5.0,3.0,1.0,4.0,5.0,5.0,3.0,5.0,5.0,,,3.0,,,,2.0,3.0,3.0,4.0,,1.0,7.0,3.0,6.0,5.0,5.0,6.0,6.0,7.0,82.0,20.0,40.0,50.0,55.0,37.0,50.0,30.0,35.0,75.0,4.0,,5.0,1.0,1.0,2.0,1.0,2.0,1.0,1.0,1.0,2.0,1.0,,,,,,,1.0,2.0,2.0,2.0,2.0,2.0,1.0,2.0,2.0,2.0,2.0,2.0,2.0,2.0,2.0,2.0,2.0,1.0,2.0,1.0,2.0,1.0,1.0,2.0,2.0,1.0,2.0,1.0,1.0,2.0,1.0,2.0,1.0,2.0,2.0,2.0,1.0,2.0,2.0,2.0,,,4.0,,,6.0,20.0,,,10.0,
pid_1819,1.0,,2.0,,,,2.0,2.0,,,1.0,100.0,30.0,,3.0,,4.0,4.0,4.0,4.0,4.0,4.0,4.0,4.0,4.0,5.0,,,5.0,,,,3.0,4.0,4.0,,5.0,1.0,6.0,3.0,5.0,5.0,2.0,5.0,5.0,5.0,50.0,73.0,48.0,65.0,41.0,60.0,50.0,49.0,48.0,78.0,3.0,6.0,,1.0,1.0,1.0,1.0,1.0,1.0,1.0,1.0,1.0,1.0,,,,,,,1.0,1.0,2.0,2.0,1.0,1.0,2.0,2.0,1.0,2.0,2.0,2.0,2.0,1.0,2.0,1.0,2.0,1.0,1.0,2.0,1.0,2.0,1.0,1.0,2.0,1.0,1.0,2.0,1.0,2.0,2.0,2.0,2.0,2.0,1.0,2.0,1.0,1.0,2.0,2.0,,,5.0,,,5.0,15.0,,,5.0,
pid_1820,1.0,,,2.0,,,2.0,8.0,,,1.0,125.0,,75.0,2.0,,4.0,5.0,1.0,4.0,5.0,4.0,5.0,4.0,5.0,5.0,,,1.0,,,,3.0,4.0,3.0,4.0,,1.0,6.0,2.0,3.0,2.0,1.0,5.0,6.0,6.0,55.0,40.0,60.0,46.0,40.0,35.0,40.0,50.0,40.0,65.0,4.0,6.0,,,,,,,,,,,,1.0,1.0,1.0,1.0,1.0,1.0,1.0,2.0,1.0,2.0,1.0,2.0,1.0,1.0,2.0,2.0,2.0,1.0,1.0,1.0,2.0,1.0,1.0,2.0,2.0,1.0,1.0,1.0,1.0,1.0,1.0,1.0,1.0,2.0,2.0,1.0,1.0,2.0,2.0,2.0,2.0,1.0,1.0,1.0,2.0,2.0,,,5.0,,,6.0,16.0,,,,4.0
pid_1821,1.0,,1.0,,2.0,45.0,,,,,2.0,65.0,81.0,,,6.0,5.0,5.0,1.0,3.0,5.0,5.0,5.0,5.0,5.0,5.0,2.0,,,,,,4.0,2.0,4.0,,6.0,2.0,6.0,4.0,6.0,5.0,2.0,6.0,5.0,4.0,49.0,59.0,50.0,50.0,50.0,50.0,77.0,50.0,51.0,80.0,4.0,7.0,,,,,,,,,,,,1.0,1.0,1.0,1.0,1.0,1.0,2.0,2.0,1.0,2.0,1.0,2.0,1.0,2.0,2.0,1.0,1.0,2.0,2.0,2.0,2.0,2.0,1.0,1.0,2.0,2.0,1.0,2.0,1.0,2.0,2.0,2.0,2.0,1.0,1.0,2.0,1.0,2.0,2.0,2.0,2.0,1.0,1.0,2.0,2.0,2.0,5.0,,,6.0,,,19.0,,,6.0,
pid_1822,,2.0,,1.0,2.0,40.0,,,1.0,1500.0,,,,70.0,,2.0,5.0,5.0,2.0,5.0,5.0,5.0,5.0,5.0,5.0,5.0,,,1.0,3.0,3.0,3.0,,,,,5.0,1.0,6.0,2.0,4.0,4.0,4.0,5.0,5.0,6.0,35.0,81.0,60.0,58.0,47.0,48.0,67.0,74.0,40.0,38.0,3.0,,6.0,,,,,,,,,,,1.0,1.0,1.0,1.0,2.0,2.0,2.0,2.0,2.0,1.0,2.0,2.0,1.0,2.0,2.0,2.0,2.0,1.0,2.0,2.0,1.0,1.0,2.0,2.0,1.0,2.0,1.0,2.0,2.0,2.0,2.0,2.0,2.0,2.0,2.0,1.0,2.0,2.0,1.0,2.0,2.0,2.0,2.0,2.0,2.0,1.0,,,4.0,,,4.0,,1.0,1.0,,
pid_1823,,2.0,1.0,,2.0,35.0,,,1.0,1100.0,,,30.0,,3.0,,3.0,4.0,4.0,4.0,3.0,3.0,4.0,4.0,4.0,4.0,,,4.0,,,,3.0,3.0,3.0,2.0,,1.0,6.0,2.0,5.0,5.0,5.0,7.0,5.0,5.0,40.0,50.0,35.0,40.0,60.0,30.0,50.0,80.0,40.0,35.0,4.0,,1.0,1.0,1.0,1.0,1.0,1.0,1.0,1.0,1.0,1.0,1.0,,,,,,,1.0,2.0,1.0,2.0,2.0,2.0,1.0,2.0,1.0,2.0,1.0,1.0,2.0,2.0,1.0,2.0,2.0,2.0,1.0,2.0,2.0,2.0,2.0,1.0,2.0,2.0,1.0,2.0,1.0,2.0,2.0,2.0,2.0,1.0,1.0,2.0,2.0,2.0,2.0,2.0,,,3.0,,,6.0,12.0,,,4.0,
pid_1824,,2.0,,1.0,2.0,25.0,,,2.0,250.0,,,25.0,,,4.0,2.0,3.0,3.0,3.0,4.0,2.0,3.0,3.0,3.0,3.0,,4.0,,3.0,3.0,2.0,,,,,3.0,2.0,6.0,2.0,2.0,2.0,5.0,5.0,6.0,7.0,38.0,8.0,41.0,28.0,14.0,30.0,55.0,35.0,18.0,24.0,2.0,,6.0,1.0,1.0,1.0,2.0,1.0,2.0,1.0,1.0,2.0,1.0,,,,,,,2.0,2.0,2.0,2.0,2.0,2.0,2.0,2.0,1.0,2.0,1.0,2.0,2.0,1.0,1.0,2.0,2.0,2.0,1.0,2.0,2.0,1.0,1.0,2.0,2.0,1.0,1.0,2.0,2.0,2.0,1.0,2.0,2.0,2.0,2.0,1.0,2.0,1.0,2.0,2.0,,4.0,,,3.0,,,10.0,,10.0,
pid_1825,,2.0,,2.0,2.0,93.0,,,,,1.0,200.0,50.0,,,5.0,3.0,3.0,1.0,3.0,4.0,4.0,4.0,4.0,5.0,5.0,2.0,,,,,,4.0,2.0,4.0,,3.0,1.0,7.0,2.0,3.0,3.0,5.0,7.0,3.0,5.0,58.0,27.0,92.0,36.0,33.0,20.0,24.0,28.0,18.0,73.0,1.0,6.0,,,,,,,,,,,,1.0,1.0,1.0,2.0,1.0,2.0,1.0,1.0,1.0,1.0,1.0,1.0,1.0,1.0,1.0,1.0,1.0,1.0,1.0,1.0,1.0,1.0,1.0,1.0,1.0,1.0,1.0,2.0,2.0,2.0,2.0,1.0,1.0,1.0,1.0,1.0,2.0,2.0,1.0,2.0,2.0,2.0,2.0,1.0,2.0,2.0,4.0,,,4.0,,,10.0,,,5.0,
pid_1826,,2.0,,2.0,,,2.0,10.0,2.0,700.0,,,,70.0,2.0,,3.0,5.0,4.0,3.0,4.0,3.0,4.0,5.0,4.0,5.0,,4.0,,4.0,4.0,4.0,,,,5.0,,1.0,6.0,2.0,5.0,5.0,3.0,5.0,6.0,5.0,40.0,85.0,65.0,35.0,30.0,40.0,30.0,75.0,45.0,70.0,3.0,,6.0,1.0,1.0,1.0,1.0,1.0,1.0,1.0,1.0,1.0,1.0,,,,,,,2.0,1.0,2.0,1.0,2.0,1.0,2.0,1.0,2.0,1.0,1.0,2.0,1.0,1.0,1.0,2.0,1.0,1.0,1.0,1.0,2.0,1.0,2.0,1.0,2.0,1.0,1.0,1.0,1.0,2.0,1.0,1.0,1.0,1.0,2.0,2.0,1.0,1.0,2.0,1.0,,5.0,,,5.0,,15.0,,,,3.0
pid_1827,,1.0,1.0,,,,1.0,25.0,1.0,1250.0,,,70.0,,2.0,,4.0,5.0,4.0,4.0,4.0,5.0,5.0,5.0,4.0,4.0,,,4.0,,,,3.0,3.0,5.0,5.0,,2.0,6.0,4.0,6.0,6.0,2.0,6.0,5.0,5.0,93.0,82.0,90.0,81.0,90.0,88.0,89.0,86.0,90.0,91.0,3.0,,5.0,,,,,,,,,,,2.0,2.0,2.0,2.0,2.0,2.0,1.0,1.0,1.0,1.0,2.0,1.0,1.0,2.0,1.0,2.0,1.0,1.0,2.0,2.0,2.0,2.0,1.0,2.0,1.0,2.0,1.0,2.0,2.0,2.0,1.0,2.0,2.0,1.0,2.0,2.0,1.0,2.0,1.0,1.0,1.0,2.0,1.0,2.0,2.0,2.0,,,4.0,,,5.0,,15.0,2.0,,
pid_1828,,2.0,,1.0,,,1.0,22.0,,,1.0,200.0,81.0,,3.0,,3.0,5.0,4.0,4.0,2.0,3.0,4.0,5.0,4.0,4.0,,,3.0,2.0,4.0,3.0,,,,3.0,,1.0,5.0,3.0,5.0,5.0,1.0,5.0,4.0,5.0,61.0,88.0,50.0,57.0,27.0,49.0,57.0,73.0,66.0,51.0,2.0,3.0,,,,,,,,,,,,1.0,1.0,2.0,1.0,2.0,1.0,2.0,2.0,1.0,2.0,2.0,1.0,1.0,1.0,2.0,1.0,2.0,2.0,1.0,1.0,2.0,1.0,1.0,2.0,1.0,1.0,1.0,1.0,1.0,1.0,1.0,2.0,2.0,2.0,2.0,1.0,2.0,1.0,1.0,2.0,2.0,1.0,1.0,1.0,1.0,1.0,,,5.0,,,4.0,15.0,,,9.0,
pid_1829,1.0,,,1.0,,,1.0,51.0,2.0,420.0,,,20.0,,,3.0,5.0,5.0,1.0,5.0,5.0,5.0,5.0,5.0,5.0,5.0,1.0,,,3.0,5.0,4.0,,,,,5.0,1.0,6.0,1.0,2.0,4.0,2.0,5.0,4.0,4.0,45.0,65.0,66.0,81.0,43.0,35.0,49.0,53.0,55.0,65.0,3.0,6.0,,1.0,1.0,1.0,1.0,2.0,1.0,1.0,2.0,1.0,2.0,,,,,,,1.0,2.0,2.0,1.0,2.0,1.0,1.0,1.0,2.0,1.0,1.0,2.0,1.0,2.0,1.0,1.0,1.0,1.0,1.0,2.0,1.0,2.0,2.0,1.0,2.0,2.0,2.0,1.0,2.0,1.0,2.0,2.0,2.0,1.0,1.0,2.0,2.0,1.0,2.0,2.0,5.0,,,4.0,,,15.0,,2.0,,
pid_1830,1.0,,1.0,,2.0,50.0,,,2.0,320.0,,,65.0,,,3.0,4.0,3.0,4.0,4.0,4.0,4.0,4.0,4.0,4.0,3.0,3.0,,,2.0,3.0,2.0,,,,2.0,,1.0,5.0,2.0,3.0,3.0,3.0,7.0,6.0,6.0,50.0,70.0,70.0,55.0,61.0,60.0,60.0,60.0,70.0,65.0,2.0,2.0,,,,,,,,,,,,1.0,1.0,1.0,1.0,1.0,2.0,1.0,1.0,1.0,1.0,1.0,1.0,1.0,2.0,1.0,1.0,1.0,2.0,2.0,2.0,2.0,2.0,1.0,1.0,2.0,1.0,1.0,2.0,2.0,2.0,2.0,2.0,2.0,2.0,1.0,2.0,2.0,2.0,2.0,2.0,1.0,2.0,1.0,2.0,1.0,2.0,4.0,,,3.0,,,,5.0,,3.0,
pid_1831,,2.0,1.0,,,,2.0,1.0,1.0,2000.0,,,80.0,,,4.0,5.0,5.0,4.0,3.0,2.0,5.0,4.0,5.0,2.0,5.0,,4.0,,,,,3.0,3.0,4.0,6.0,,1.0,7.0,3.0,3.0,2.0,5.0,6.0,6.0,7.0,50.0,50.0,60.0,30.0,26.0,77.0,30.0,80.0,20.0,71.0,4.0,,5.0,,,,,,,,,,,1.0,1.0,1.0,1.0,1.0,1.0,2.0,2.0,2.0,2.0,1.0,1.0,1.0,2.0,2.0,2.0,2.0,2.0,2.0,2.0,2.0,2.0,2.0,2.0,1.0,2.0,1.0,2.0,2.0,2.0,2.0,2.0,2.0,2.0,2.0,2.0,2.0,1.0,2.0,1.0,2.0,2.0,2.0,2.0,2.0,2.0,,4.0,,,4.0,,15.0,,,10.0,
pid_1832,,2.0,1.0,,,,1.0,30.0,,,1.0,300.0,,80.0,,3.0,3.0,3.0,3.0,3.0,3.0,3.0,3.0,3.0,5.0,4.0,1.0,,,2.0,3.0,2.0,,,,4.0,,1.0,7.0,1.0,4.0,5.0,1.0,7.0,5.0,5.0,45.0,40.0,35.0,45.0,30.0,30.0,35.0,35.0,65.0,70.0,1.0,,6.0,,,,,,,,,,,1.0,1.0,1.0,1.0,1.0,1.0,2.0,2.0,2.0,2.0,1.0,2.0,2.0,2.0,2.0,2.0,2.0,2.0,1.0,1.0,2.0,1.0,1.0,2.0,2.0,1.0,1.0,2.0,2.0,2.0,2.0,2.0,2.0,1.0,1.0,1.0,2.0,2.0,2.0,2.0,2.0,2.0,2.0,2.0,2.0,1.0,2.0,,,5.0,,,20.0,,,,2.0
pid_1833,1.0,,1.0,,2.0,53.0,,,,,1.0,333.0,35.0,,2.0,,5.0,4.0,1.0,3.0,3.0,5.0,5.0,4.0,4.0,5.0,1.0,,,3.0,3.0,2.0,,,,4.0,,1.0,6.0,2.0,4.0,3.0,2.0,7.0,6.0,5.0,45.0,53.0,38.0,48.0,41.0,66.0,46.0,44.0,48.0,66.0,3.0,,7.0,1.0,1.0,1.0,1.0,2.0,1.0,1.0,2.0,1.0,1.0,,,,,,,2.0,1.0,1.0,1.0,2.0,1.0,1.0,1.0,1.0,1.0,1.0,2.0,1.0,1.0,2.0,2.0,1.0,2.0,2.0,1.0,2.0,1.0,2.0,1.0,2.0,2.0,2.0,2.0,1.0,1.0,2.0,1.0,1.0,2.0,1.0,1.0,2.0,1.0,1.0,2.0,5.0,,,5.0,,,15.0,,2.0,,
pid_1834,1.0,,,2.0,2.0,35.0,,,,,1.0,150.0,50.0,,3.0,,5.0,4.0,3.0,5.0,4.0,5.0,5.0,5.0,5.0,5.0,,5.0,,,,,3.0,3.0,3.0,3.0,,1.0,7.0,2.0,6.0,5.0,1.0,5.0,5.0,5.0,5.0,95.0,80.0,60.0,25.0,80.0,90.0,75.0,44.0,84.0,3.0,6.0,,1.0,1.0,1.0,1.0,1.0,1.0,1.0,1.0,1.0,1.0,,,,,,,2.0,2.0,1.0,2.0,2.0,2.0,2.0,2.0,2.0,1.0,2.0,2.0,2.0,2.0,2.0,1.0,2.0,2.0,2.0,2.0,1.0,2.0,2.0,1.0,1.0,2.0,1.0,2.0,2.0,2.0,1.0,2.0,2.0,2.0,2.0,2.0,2.0,2.0,2.0,2.0,,5.0,,,5.0,,,0.0,,,2.0
pid_1835,2.0,,,2.0,,,1.0,20.0,2.0,700.0,,,,1.0,4.0,,2.0,1.0,5.0,3.0,2.0,4.0,5.0,5.0,5.0,5.0,,,3.0,,,,1.0,1.0,1.0,,5.0,1.0,7.0,3.0,4.0,3.0,1.0,5.0,5.0,7.0,40.0,36.0,54.0,37.0,88.0,91.0,90.0,94.0,98.0,100.0,1.0,,3.0,1.0,1.0,1.0,1.0,1.0,1.0,1.0,1.0,1.0,1.0,,,,,,,1.0,1.0,2.0,2.0,2.0,2.0,2.0,2.0,1.0,1.0,1.0,2.0,2.0,1.0,1.0,2.0,1.0,1.0,2.0,2.0,1.0,2.0,2.0,1.0,2.0,2.0,2.0,2.0,2.0,2.0,2.0,2.0,2.0,2.0,2.0,2.0,1.0,2.0,1.0,2.0,,,4.0,,,1.0,,20.0,,10.0,
pid_1836,,1.0,,1.0,2.0,30.0,,,1.0,2200.0,,,76.0,,5.0,,4.0,5.0,5.0,4.0,4.0,5.0,5.0,4.0,4.0,4.0,,,5.0,,,,3.0,3.0,5.0,,5.0,2.0,6.0,4.0,6.0,6.0,2.0,6.0,6.0,6.0,90.0,90.0,93.0,78.0,87.0,90.0,86.0,83.0,84.0,81.0,3.0,,5.0,,,,,,,,,,,1.0,1.0,1.0,1.0,1.0,1.0,1.0,2.0,2.0,2.0,1.0,1.0,1.0,2.0,2.0,1.0,2.0,1.0,1.0,2.0,1.0,2.0,2.0,1.0,1.0,1.0,2.0,1.0,1.0,2.0,1.0,1.0,1.0,2.0,1.0,2.0,1.0,1.0,1.0,1.0,1.0,1.0,2.0,1.0,1.0,2.0,,,4.0,,,5.0,15.0,,2.0,,
pid_1837,1.0,,,1.0,2.0,50.0,,,,,1.0,100.0,56.0,,3.0,,4.0,4.0,4.0,3.0,4.0,5.0,4.0,4.0,3.0,4.0,,,4.0,,,,3.0,2.0,1.0,4.0,,1.0,6.0,1.0,4.0,2.0,5.0,6.0,6.0,6.0,42.0,56.0,52.0,23.0,55.0,30.0,59.0,49.0,26.0,66.0,3.0,5.0,,,,,,,,,,,,1.0,1.0,2.0,1.0,1.0,2.0,1.0,2.0,1.0,2.0,1.0,2.0,1.0,2.0,1.0,2.0,2.0,1.0,1.0,2.0,2.0,1.0,1.0,2.0,1.0,2.0,2.0,2.0,1.0,2.0,2.0,2.0,2.0,1.0,2.0,1.0,1.0,1.0,1.0,1.0,2.0,1.0,2.0,1.0,2.0,2.0,,,5.0,,,6.0,15.0,,,,3.0
pid_1838,1.0,,2.0,,,,2.0,6.0,2.0,800.0,,,30.0,,3.0,,4.0,5.0,2.0,2.0,4.0,5.0,5.0,4.0,4.0,4.0,,,4.0,3.0,3.0,2.0,,,,5.0,,1.0,5.0,1.0,3.0,5.0,2.0,3.0,3.0,2.0,40.0,90.0,55.0,20.0,30.0,45.0,49.0,60.0,45.0,40.0,4.0,5.0,,,,,,,,,,,,1.0,1.0,1.0,1.0,1.0,1.0,2.0,1.0,2.0,1.0,1.0,2.0,1.0,2.0,1.0,1.0,1.0,1.0,2.0,2.0,1.0,1.0,1.0,2.0,1.0,1.0,2.0,2.0,1.0,2.0,1.0,1.0,1.0,2.0,1.0,2.0,1.0,1.0,2.0,1.0,2.0,2.0,2.0,1.0,2.0,2.0,,,4.0,,,3.0,,7.0,2.0,,
pid_1839,,2.0,1.0,,,,1.0,30.0,,,1.0,300.0,80.0,,,4.0,4.0,5.0,1.0,1.0,5.0,4.0,5.0,4.0,5.0,5.0,1.0,,,,,,3.0,4.0,4.0,5.0,,1.0,6.0,2.0,5.0,4.0,3.0,5.0,4.0,4.0,40.0,45.0,40.0,15.0,50.0,40.0,49.0,70.0,35.0,80.0,4.0,6.0,,,,,,,,,,,,1.0,1.0,1.0,1.0,1.0,1.0,2.0,2.0,2.0,1.0,2.0,2.0,2.0,2.0,2.0,1.0,2.0,1.0,2.0,2.0,2.0,1.0,2.0,2.0,1.0,1.0,2.0,2.0,1.0,2.0,1.0,2.0,1.0,2.0,1.0,2.0,2.0,1.0,2.0,2.0,2.0,2.0,2.0,1.0,2.0,1.0,2.0,,,3.0,,,20.0,,,6.0,
pid_1840,1.0,,,1.0,2.0,30.0,,,1.0,80.0,,,,80.0,,5.0,3.0,4.0,2.0,4.0,3.0,3.0,4.0,4.0,4.0,4.0,2.0,,,,,,3.0,3.0,3.0,5.0,,2.0,6.0,5.0,3.0,2.0,2.0,5.0,6.0,6.0,50.0,75.0,50.0,75.0,50.0,55.0,70.0,70.0,45.0,70.0,3.0,,6.0,,,,,,,,,,,1.0,1.0,1.0,2.0,1.0,2.0,2.0,2.0,2.0,1.0,2.0,1.0,1.0,1.0,1.0,1.0,1.0,2.0,1.0,1.0,2.0,1.0,2.0,2.0,2.0,2.0,2.0,2.0,2.0,1.0,2.0,1.0,1.0,1.0,1.0,1.0,1.0,2.0,2.0,1.0,2.0,1.0,1.0,2.0,1.0,1.0,5.0,,,5.0,,,15.0,,,10.0,
pid_1841,,2.0,,1.0,,,1.0,15.0,,,1.0,127.0,80.0,,,2.0,4.0,4.0,1.0,1.0,5.0,5.0,5.0,4.0,5.0,5.0,,,4.0,3.0,4.0,2.0,,,,5.0,,1.0,7.0,2.0,3.0,3.0,2.0,5.0,6.0,7.0,65.0,45.0,55.0,25.0,60.0,35.0,70.0,45.0,80.0,90.0,2.0,,7.0,,,,,,,,,,,1.0,1.0,2.0,1.0,1.0,2.0,2.0,1.0,2.0,1.0,2.0,1.0,2.0,2.0,1.0,2.0,1.0,1.0,1.0,1.0,1.0,2.0,2.0,1.0,1.0,1.0,1.0,1.0,1.0,2.0,1.0,1.0,2.0,1.0,2.0,1.0,2.0,1.0,1.0,2.0,1.0,2.0,2.0,2.0,1.0,1.0,,,5.0,,,6.0,,15.0,,7.0,
pid_1842,,1.0,1.0,,1.0,100.0,,,,,1.0,100.0,,5.0,,1.0,1.0,3.0,5.0,5.0,1.0,1.0,5.0,5.0,5.0,5.0,,1.0,,,,,1.0,1.0,1.0,1.0,,2.0,7.0,5.0,7.0,7.0,7.0,7.0,7.0,7.0,21.0,1.0,100.0,100.0,8.0,3.0,100.0,100.0,67.0,100.0,1.0,,7.0,2.0,2.0,1.0,1.0,2.0,2.0,1.0,1.0,1.0,1.0,,,,,,,1.0,2.0,1.0,2.0,1.0,1.0,1.0,1.0,1.0,1.0,1.0,2.0,1.0,1.0,2.0,2.0,1.0,1.0,1.0,2.0,1.0,1.0,2.0,1.0,1.0,1.0,1.0,1.0,2.0,1.0,1.0,2.0,1.0,1.0,1.0,2.0,2.0,1.0,1.0,1.0,,5.0,,,6.0,,,5.0,,4.0,
pid_1843,,2.0,,2.0,,,1.0,24.0,2.0,800.0,,,51.0,,,4.0,3.0,4.0,5.0,5.0,5.0,4.0,3.0,4.0,2.0,5.0,3.0,,,4.0,3.0,1.0,,,,,4.0,1.0,6.0,1.0,2.0,2.0,3.0,6.0,7.0,7.0,29.0,39.0,98.0,95.0,62.0,27.0,43.0,46.0,6.0,90.0,1.0,1.0,,1.0,1.0,1.0,2.0,1.0,2.0,1.0,2.0,2.0,1.0,,,,,,,2.0,2.0,1.0,1.0,2.0,1.0,2.0,2.0,2.0,2.0,2.0,2.0,2.0,2.0,1.0,1.0,2.0,2.0,2.0,2.0,2.0,1.0,2.0,1.0,1.0,2.0,2.0,1.0,2.0,1.0,1.0,2.0,1.0,1.0,2.0,2.0,1.0,1.0,2.0,1.0,5.0,,,6.0,,,20.0,,,,1.0
pid_1844,,2.0,2.0,,2.0,33.0,,,1.0,1200.0,,,30.0,,,4.0,4.0,5.0,5.0,4.0,2.0,4.0,4.0,5.0,3.0,5.0,,2.0,,3.0,4.0,3.0,,,,4.0,,1.0,6.0,2.0,6.0,5.0,3.0,5.0,6.0,6.0,40.0,53.0,60.0,60.0,30.0,40.0,35.0,54.0,54.0,65.0,3.0,5.0,,,,,,,,,,,,1.0,1.0,1.0,1.0,1.0,1.0,2.0,1.0,2.0,2.0,2.0,2.0,2.0,2.0,2.0,2.0,2.0,2.0,2.0,2.0,2.0,2.0,2.0,1.0,1.0,2.0,2.0,1.0,2.0,1.0,2.0,2.0,1.0,1.0,2.0,1.0,2.0,1.0,2.0,1.0,1.0,2.0,2.0,2.0,1.0,1.0,,5.0,,,6.0,,,10.0,,6.0,
pid_1845,1.0,,,1.0,,,1.0,54.0,,,1.0,380.0,,99.0,,3.0,5.0,5.0,1.0,5.0,5.0,5.0,5.0,5.0,5.0,5.0,,1.0,,,,,4.0,5.0,5.0,6.0,,1.0,5.0,2.0,1.0,1.0,2.0,5.0,7.0,7.0,75.0,91.0,65.0,87.0,82.0,75.0,74.0,81.0,67.0,86.0,4.0,6.0,,1.0,1.0,1.0,2.0,1.0,2.0,1.0,1.0,2.0,1.0,,,,,,,2.0,1.0,1.0,1.0,1.0,2.0,2.0,2.0,2.0,2.0,2.0,2.0,2.0,1.0,2.0,1.0,2.0,2.0,2.0,2.0,2.0,2.0,2.0,2.0,2.0,2.0,2.0,2.0,2.0,2.0,2.0,2.0,2.0,2.0,2.0,2.0,2.0,1.0,1.0,2.0,,4.0,,,4.0,,,0.0,,3.0,
pid_1846,2.0,,,2.0,,,2.0,6.0,2.0,600.0,,,,80.0,,5.0,5.0,5.0,1.0,1.0,5.0,5.0,5.0,4.0,5.0,5.0,1.0,,,4.0,3.0,4.0,,,,2.0,,1.0,7.0,1.0,5.0,5.0,5.0,7.0,7.0,7.0,55.0,62.0,33.0,46.0,46.0,61.0,78.0,77.0,70.0,51.0,3.0,,7.0,1.0,1.0,1.0,1.0,2.0,1.0,1.0,1.0,2.0,1.0,,,,,,,1.0,1.0,2.0,2.0,2.0,1.0,1.0,1.0,1.0,2.0,1.0,1.0,2.0,2.0,2.0,2.0,2.0,1.0,1.0,2.0,1.0,1.0,1.0,1.0,1.0,2.0,2.0,2.0,2.0,2.0,2.0,2.0,2.0,1.0,2.0,2.0,2.0,1.0,2.0,1.0,2.0,,,5.0,,,15.0,,,,4.0
pid_1847,,2.0,,2.0,2.0,12.0,,,,,1.0,120.0,58.0,,,5.0,4.0,4.0,5.0,4.0,2.0,2.0,5.0,5.0,1.0,5.0,,2.0,,3.0,4.0,3.0,,,,,6.0,1.0,7.0,5.0,5.0,5.0,2.0,5.0,6.0,6.0,60.0,71.0,80.0,62.0,70.0,44.0,85.0,81.0,40.0,70.0,2.0,5.0,,1.0,1.0,1.0,1.0,1.0,1.0,1.0,1.0,1.0,1.0,,,,,,,1.0,2.0,1.0,1.0,1.0,1.0,1.0,2.0,2.0,1.0,1.0,1.0,2.0,1.0,1.0,1.0,2.0,2.0,2.0,1.0,1.0,1.0,2.0,1.0,1.0,2.0,1.0,1.0,2.0,2.0,1.0,1.0,1.0,1.0,2.0,2.0,1.0,2.0,2.0,2.0,,2.0,,,5.0,,20.0,,1.0,,
pid_1848,,1.0,1.0,,,,2.0,10.0,,,1.0,100.0,70.0,,,6.0,1.0,5.0,5.0,3.0,5.0,3.0,5.0,1.0,5.0,5.0,1.0,,,5.0,5.0,5.0,,,,,6.0,2.0,7.0,1.0,1.0,1.0,1.0,7.0,7.0,7.0,50.0,100.0,100.0,100.0,50.0,50.0,100.0,50.0,100.0,100.0,1.0,,7.0,,,,,,,,,,,1.0,1.0,1.0,1.0,1.0,1.0,1.0,1.0,1.0,2.0,2.0,1.0,1.0,2.0,1.0,2.0,2.0,2.0,1.0,1.0,1.0,1.0,1.0,1.0,2.0,1.0,1.0,2.0,1.0,1.0,1.0,1.0,1.0,2.0,2.0,2.0,1.0,1.0,1.0,1.0,2.0,1.0,1.0,2.0,2.0,1.0,5.0,,,6.0,,,,10.0,,,10.0
pid_1849,,2.0,2.0,,,,1.0,20.0,,,2.0,84.0,,52.0,,3.0,4.0,3.0,1.0,3.0,3.0,3.0,5.0,4.0,5.0,3.0,3.0,,,,,,2.0,3.0,3.0,4.0,,1.0,7.0,4.0,4.0,4.0,4.0,7.0,7.0,7.0,50.0,62.0,34.0,41.0,60.0,35.0,57.0,59.0,45.0,61.0,3.0,4.0,,,,,,,,,,,,1.0,2.0,2.0,1.0,2.0,2.0,2.0,2.0,1.0,2.0,2.0,2.0,1.0,2.0,1.0,2.0,2.0,1.0,2.0,2.0,1.0,2.0,1.0,2.0,2.0,2.0,2.0,2.0,1.0,2.0,2.0,2.0,2.0,2.0,2.0,2.0,2.0,1.0,2.0,2.0,2.0,1.0,1.0,1.0,1.0,2.0,5.0,,,3.0,,,20.0,,,,3.0
pid_1850,,2.0,,2.0,2.0,45.0,,,1.0,1050.0,,,64.0,,,2.0,2.0,2.0,1.0,3.0,3.0,3.0,2.0,2.0,4.0,4.0,,,2.0,,,,2.0,4.0,2.0,3.0,,1.0,6.0,5.0,5.0,5.0,4.0,5.0,5.0,4.0,57.0,38.0,17.0,38.0,52.0,43.0,33.0,32.0,58.0,60.0,1.0,,4.0,2.0,2.0,2.0,2.0,2.0,2.0,2.0,2.0,2.0,2.0,,,,,,,2.0,1.0,2.0,2.0,2.0,1.0,2.0,1.0,1.0,2.0,2.0,2.0,2.0,1.0,1.0,2.0,2.0,1.0,1.0,2.0,2.0,2.0,2.0,2.0,2.0,1.0,2.0,1.0,2.0,1.0,1.0,2.0,2.0,2.0,1.0,1.0,2.0,1.0,1.0,1.0,,,4.0,,,4.0,10.0,,,,1.0
pid_1851,,1.0,,1.0,,,1.0,14.0,,,1.0,130.0,,70.0,2.0,,5.0,5.0,2.0,1.0,4.0,4.0,5.0,4.0,4.0,5.0,1.0,,,,,,2.0,4.0,3.0,,5.0,1.0,6.0,4.0,3.0,6.0,2.0,5.0,6.0,4.0,100.0,100.0,1.0,1.0,59.0,60.0,80.0,60.0,70.0,100.0,3.0,6.0,,1.0,1.0,1.0,1.0,1.0,1.0,1.0,1.0,1.0,1.0,,,,,,,2.0,2.0,2.0,2.0,2.0,1.0,1.0,2.0,2.0,2.0,1.0,1.0,2.0,1.0,1.0,2.0,1.0,2.0,2.0,1.0,2.0,1.0,2.0,2.0,2.0,1.0,1.0,2.0,2.0,1.0,2.0,2.0,2.0,2.0,2.0,2.0,2.0,2.0,1.0,1.0,5.0,,,6.0,,,,15.0,,,3.0
pid_1852,,1.0,,1.0,2.0,30.0,,,1.0,2500.0,,,,70.0,,5.0,4.0,4.0,5.0,4.0,4.0,5.0,4.0,4.0,4.0,4.0,,4.0,,,,,3.0,2.0,3.0,5.0,,2.0,6.0,6.0,6.0,6.0,2.0,6.0,6.0,6.0,90.0,92.0,88.0,90.0,93.0,91.0,91.0,92.0,91.0,88.0,3.0,5.0,,,,,,,,,,,,1.0,1.0,1.0,1.0,1.0,1.0,2.0,1.0,2.0,2.0,2.0,1.0,2.0,2.0,1.0,1.0,1.0,2.0,1.0,1.0,2.0,2.0,2.0,1.0,2.0,2.0,1.0,2.0,1.0,1.0,2.0,2.0,2.0,2.0,1.0,1.0,2.0,1.0,2.0,1.0,2.0,1.0,1.0,1.0,2.0,2.0,,4.0,,,5.0,,15.0,,,,2.0
pid_1853,2.0,,1.0,,1.0,0.0,,,,,1.0,125.0,80.0,,,4.0,4.0,3.0,4.0,4.0,3.0,5.0,5.0,4.0,4.0,2.0,,4.0,,5.0,3.0,4.0,,,,5.0,,2.0,6.0,4.0,5.0,5.0,6.0,5.0,5.0,4.0,81.0,91.0,90.0,51.0,50.0,65.0,35.0,82.0,93.0,67.0,3.0,,5.0,,,,,,,,,,,1.0,2.0,2.0,1.0,1.0,2.0,1.0,1.0,2.0,1.0,2.0,1.0,2.0,2.0,1.0,2.0,1.0,2.0,2.0,2.0,2.0,2.0,1.0,2.0,2.0,2.0,2.0,1.0,2.0,2.0,2.0,2.0,2.0,2.0,1.0,2.0,2.0,2.0,2.0,1.0,1.0,1.0,2.0,1.0,1.0,2.0,,2.0,,,5.0,,8.0,,,,5.0
pid_1854,1.0,,1.0,,,,1.0,20.0,,,1.0,125.0,,50.0,,5.0,2.0,5.0,4.0,5.0,5.0,5.0,5.0,5.0,5.0,5.0,,1.0,,3.0,5.0,5.0,,,,3.0,,1.0,6.0,7.0,5.0,5.0,1.0,1.0,7.0,7.0,6.0,100.0,35.0,100.0,100.0,100.0,100.0,100.0,100.0,100.0,4.0,6.0,,1.0,1.0,2.0,1.0,1.0,1.0,2.0,1.0,1.0,2.0,,,,,,,1.0,2.0,1.0,2.0,1.0,1.0,2.0,1.0,1.0,1.0,1.0,2.0,1.0,1.0,2.0,2.0,1.0,1.0,2.0,1.0,1.0,2.0,2.0,1.0,1.0,1.0,2.0,2.0,1.0,2.0,1.0,1.0,2.0,1.0,1.0,1.0,2.0,2.0,1.0,1.0,,5.0,,,6.0,,16.0,,,10.0,
pid_1855,,2.0,2.0,,,,2.0,3.0,1.0,2384.0,,,,71.0,2.0,,2.0,4.0,5.0,4.0,3.0,3.0,2.0,4.0,4.0,4.0,,,5.0,,,,3.0,2.0,4.0,4.0,,1.0,7.0,2.0,1.0,2.0,2.0,5.0,5.0,5.0,11.0,73.0,66.0,60.0,66.0,33.0,41.0,35.0,69.0,54.0,2.0,6.0,,,,,,,,,,,,1.0,1.0,1.0,1.0,1.0,1.0,1.0,2.0,2.0,2.0,2.0,2.0,1.0,2.0,2.0,2.0,2.0,2.0,1.0,1.0,1.0,1.0,1.0,1.0,2.0,1.0,2.0,2.0,2.0,2.0,2.0,2.0,1.0,2.0,2.0,1.0,1.0,1.0,1.0,2.0,2.0,2.0,2.0,2.0,1.0,1.0,,,4.0,,,5.0,15.0,,3.0,,
pid_1856,2.0,,,2.0,,,1.0,15.0,,,1.0,450.0,30.0,,,4.0,3.0,3.0,3.0,3.0,3.0,3.0,3.0,3.0,3.0,3.0,,,1.0,,,,3.0,3.0,3.0,,3.0,1.0,5.0,2.0,4.0,4.0,1.0,7.0,4.0,4.0,50.0,50.0,50.0,50.0,50.0,50.0,50.0,50.0,50.0,50.0,3.0,6.0,,1.0,1.0,1.0,1.0,2.0,2.0,2.0,1.0,1.0,1.0,,,,,,,2.0,1.0,2.0,2.0,1.0,2.0,2.0,2.0,2.0,2.0,2.0,2.0,2.0,2.0,2.0,2.0,2.0,2.0,1.0,2.0,1.0,2.0,2.0,1.0,1.0,2.0,2.0,2.0,2.0,2.0,2.0,2.0,2.0,2.0,1.0,2.0,2.0,2.0,2.0,2.0,,,5.0,,,6.0,,20.0,,10.0,
pid_1857,,1.0,,1.0,,,1.0,30.0,,,2.0,2200.0,,70.0,,5.0,5.0,4.0,4.0,5.0,5.0,5.0,5.0,4.0,4.0,4.0,4.0,,,2.0,3.0,3.0,,,,5.0,,2.0,5.0,4.0,6.0,6.0,2.0,6.0,5.0,5.0,90.0,89.0,79.0,84.0,90.0,93.0,87.0,86.0,90.0,87.0,3.0,,5.0,1.0,2.0,1.0,1.0,1.0,1.0,1.0,1.0,1.0,2.0,,,,,,,2.0,2.0,2.0,1.0,1.0,1.0,2.0,2.0,2.0,2.0,1.0,1.0,2.0,1.0,1.0,1.0,2.0,1.0,1.0,2.0,1.0,1.0,1.0,2.0,1.0,1.0,1.0,1.0,1.0,1.0,1.0,1.0,1.0,2.0,2.0,2.0,1.0,2.0,2.0,2.0,4.0,,,5.0,,,,10.0,,2.0,
pid_1858,1.0,,1.0,,,,2.0,5.0,,,1.0,100.0,,6.0,3.0,,1.0,1.0,5.0,3.0,2.0,3.0,2.0,3.0,1.0,3.0,1.0,,,1.0,1.0,1.0,,,,,6.0,1.0,7.0,5.0,4.0,3.0,1.0,6.0,6.0,6.0,46.0,30.0,56.0,57.0,48.0,49.0,42.0,52.0,41.0,67.0,2.0,,6.0,1.0,1.0,1.0,2.0,1.0,2.0,1.0,1.0,2.0,1.0,,,,,,,1.0,2.0,1.0,2.0,1.0,1.0,2.0,2.0,1.0,2.0,1.0,1.0,2.0,2.0,2.0,2.0,2.0,1.0,1.0,2.0,1.0,2.0,1.0,2.0,1.0,2.0,1.0,2.0,2.0,2.0,1.0,2.0,1.0,1.0,2.0,2.0,1.0,2.0,1.0,2.0,5.0,,,6.0,,,,10.0,,6.0,
pid_1859,,2.0,2.0,,,,2.0,8.0,1.0,1250.0,,,100.0,,2.0,,1.0,1.0,5.0,3.0,3.0,1.0,3.0,3.0,1.0,1.0,,,5.0,,,,1.0,1.0,1.0,2.0,,2.0,6.0,4.0,2.0,2.0,1.0,2.0,6.0,6.0,8.0,11.0,100.0,12.0,30.0,5.0,5.0,5.0,0.0,10.0,1.0,6.0,,,,,,,,,,,,1.0,1.0,2.0,1.0,1.0,2.0,2.0,1.0,1.0,1.0,2.0,2.0,2.0,2.0,1.0,2.0,2.0,1.0,2.0,2.0,2.0,2.0,2.0,2.0,1.0,2.0,2.0,2.0,2.0,1.0,2.0,2.0,2.0,2.0,2.0,2.0,2.0,2.0,2.0,2.0,2.0,2.0,1.0,1.0,2.0,2.0,,,3.0,,,5.0,,0.0,,,7.0
pid_1860,,1.0,1.0,,,,2.0,4.0,2.0,850.0,,,70.0,,3.0,,5.0,5.0,1.0,1.0,5.0,5.0,5.0,5.0,5.0,4.0,,2.0,,,,,3.0,3.0,3.0,,5.0,1.0,6.0,2.0,4.0,3.0,5.0,7.0,5.0,6.0,20.0,55.0,25.0,25.0,20.0,20.0,60.0,60.0,60.0,50.0,2.0,6.0,,,,,,,,,,,,1.0,1.0,1.0,1.0,1.0,2.0,2.0,2.0,2.0,2.0,2.0,2.0,2.0,2.0,2.0,1.0,2.0,2.0,2.0,1.0,1.0,2.0,2.0,1.0,2.0,2.0,2.0,2.0,2.0,2.0,2.0,2.0,2.0,2.0,2.0,2.0,1.0,2.0,2.0,2.0,2.0,2.0,2.0,2.0,1.0,2.0,,4.0,,,5.0,,,15.0,3.0,,
pid_1861,,2.0,1.0,,2.0,30.0,,,2.0,300.0,,,,70.0,3.0,,5.0,5.0,2.0,3.0,4.0,5.0,5.0,3.0,4.0,5.0,2.0,,,4.0,3.0,2.0,,,,4.0,,2.0,6.0,1.0,5.0,5.0,5.0,6.0,6.0,5.0,55.0,85.0,60.0,70.0,70.0,85.0,90.0,52.0,35.0,65.0,4.0,,5.0,1.0,2.0,1.0,1.0,1.0,1.0,1.0,1.0,1.0,2.0,,,,,,,1.0,1.0,1.0,1.0,2.0,1.0,1.0,2.0,1.0,1.0,1.0,1.0,2.0,1.0,1.0,1.0,1.0,1.0,1.0,1.0,1.0,1.0,1.0,2.0,1.0,1.0,2.0,1.0,2.0,2.0,1.0,1.0,2.0,2.0,1.0,1.0,2.0,2.0,1.0,1.0,4.0,,,5.0,,,,5.0,,,5.0
pid_1862,,1.0,2.0,,,,1.0,50.0,,,1.0,300.0,30.0,,,4.0,5.0,5.0,2.0,1.0,5.0,5.0,5.0,4.0,5.0,5.0,2.0,,,2.0,3.0,1.0,,,,4.0,,1.0,6.0,3.0,5.0,5.0,5.0,6.0,6.0,6.0,51.0,35.0,43.0,28.0,32.0,40.0,38.0,50.0,37.0,49.0,3.0,,6.0,,,,,,,,,,,1.0,1.0,1.0,1.0,1.0,1.0,2.0,2.0,1.0,1.0,2.0,2.0,1.0,2.0,1.0,1.0,1.0,1.0,2.0,2.0,1.0,2.0,2.0,1.0,2.0,1.0,2.0,2.0,2.0,2.0,1.0,1.0,2.0,1.0,2.0,2.0,1.0,2.0,2.0,1.0,2.0,1.0,2.0,1.0,2.0,2.0,4.0,,,4.0,,,,0.0,,4.0,
pid_1863,2.0,,1.0,,,,2.0,8.0,1.0,1200.0,,,30.0,,,2.0,4.0,5.0,4.0,3.0,4.0,4.0,4.0,3.0,3.0,5.0,3.0,,,,,,3.0,4.0,4.0,5.0,,1.0,5.0,2.0,2.0,3.0,2.0,6.0,6.0,6.0,56.0,65.0,55.0,34.0,35.0,47.0,30.0,20.0,41.0,60.0,3.0,,4.0,,,,,,,,,,,1.0,1.0,1.0,1.0,2.0,1.0,2.0,1.0,2.0,2.0,2.0,2.0,1.0,2.0,1.0,2.0,2.0,2.0,1.0,2.0,1.0,2.0,2.0,1.0,2.0,2.0,1.0,1.0,2.0,2.0,2.0,1.0,2.0,1.0,1.0,2.0,1.0,1.0,2.0,1.0,2.0,1.0,1.0,2.0,2.0,1.0,5.0,,,6.0,,,18.0,,3.0,,
pid_1864,2.0,,,2.0,2.0,50.0,,,2.0,500.0,,,,70.0,1.0,,2.0,2.0,4.0,4.0,2.0,4.0,4.0,3.0,4.0,4.0,,,4.0,,,,4.0,1.0,3.0,4.0,,2.0,6.0,5.0,4.0,1.0,3.0,5.0,6.0,7.0,40.0,35.0,80.0,100.0,25.0,30.0,75.0,80.0,80.0,75.0,1.0,,6.0,1.0,1.0,1.0,2.0,1.0,2.0,1.0,1.0,2.0,1.0,,,,,,,1.0,1.0,1.0,1.0,1.0,1.0,1.0,1.0,2.0,1.0,2.0,2.0,1.0,1.0,1.0,2.0,1.0,2.0,1.0,1.0,1.0,2.0,1.0,1.0,1.0,2.0,1.0,1.0,1.0,2.0,2.0,1.0,2.0,1.0,1.0,1.0,1.0,1.0,1.0,1.0,,,5.0,,,4.0,,15.0,,,4.0
pid_1865,1.0,,1.0,,,,2.0,0.0,,,1.0,160.0,71.0,,1.0,,1.0,1.0,5.0,3.0,1.0,1.0,3.0,4.0,1.0,4.0,1.0,,,,,,1.0,3.0,3.0,,2.0,1.0,6.0,3.0,5.0,3.0,5.0,7.0,6.0,6.0,30.0,30.0,63.0,64.0,30.0,31.0,51.0,72.0,40.0,82.0,1.0,,5.0,,,,,,,,,,,1.0,1.0,1.0,1.0,1.0,1.0,1.0,2.0,2.0,1.0,1.0,1.0,1.0,1.0,1.0,2.0,1.0,1.0,2.0,2.0,2.0,2.0,2.0,1.0,2.0,1.0,1.0,1.0,2.0,1.0,1.0,1.0,1.0,1.0,2.0,1.0,1.0,2.0,2.0,1.0,1.0,2.0,2.0,2.0,2.0,1.0,5.0,,,5.0,,,,0.0,,,1.0
pid_1866,1.0,,,2.0,2.0,57.0,,,1.0,1002.0,,,49.0,,3.0,,2.0,4.0,2.0,4.0,2.0,2.0,4.0,4.0,4.0,4.0,1.0,,,,,,3.0,3.0,3.0,6.0,,1.0,5.0,3.0,3.0,3.0,2.0,5.0,5.0,5.0,10.0,87.0,22.0,78.0,3.0,0.0,68.0,70.0,33.0,38.0,2.0,5.0,,,,,,,,,,,,1.0,2.0,1.0,2.0,2.0,1.0,1.0,2.0,1.0,1.0,2.0,2.0,1.0,1.0,2.0,1.0,1.0,2.0,1.0,2.0,2.0,1.0,2.0,2.0,2.0,2.0,2.0,2.0,2.0,2.0,2.0,2.0,1.0,1.0,2.0,2.0,2.0,2.0,1.0,2.0,1.0,1.0,2.0,2.0,2.0,1.0,4.0,,,5.0,,,18.0,,,10.0,
pid_1867,1.0,,,2.0,,,1.0,20.0,1.0,150.0,,,39.0,,6.0,,3.0,2.0,5.0,3.0,2.0,3.0,2.0,3.0,2.0,4.0,,1.0,,,,,3.0,3.0,2.0,,6.0,2.0,3.0,1.0,5.0,2.0,2.0,7.0,7.0,7.0,30.0,12.0,51.0,79.0,46.0,22.0,92.0,24.0,50.0,98.0,1.0,,6.0,,,,,,,,,,,1.0,2.0,1.0,1.0,2.0,1.0,2.0,2.0,2.0,2.0,2.0,2.0,2.0,2.0,2.0,2.0,2.0,2.0,2.0,2.0,1.0,1.0,2.0,1.0,2.0,2.0,1.0,2.0,2.0,1.0,2.0,1.0,2.0,2.0,1.0,1.0,2.0,1.0,2.0,2.0,2.0,2.0,1.0,2.0,2.0,1.0,,5.0,,,6.0,,10.0,,,10.0,
pid_1868,,1.0,,1.0,2.0,50.0,,,,,1.0,375.0,72.0,,3.0,,1.0,5.0,5.0,4.0,2.0,3.0,2.0,4.0,4.0,4.0,3.0,,,5.0,5.0,5.0,,,,4.0,,1.0,7.0,2.0,2.0,3.0,1.0,5.0,6.0,6.0,40.0,85.0,50.0,90.0,21.0,50.0,81.0,80.0,75.0,90.0,3.0,,7.0,1.0,1.0,1.0,1.0,2.0,1.0,1.0,1.0,2.0,1.0,,,,,,,2.0,2.0,1.0,2.0,2.0,1.0,1.0,2.0,1.0,2.0,1.0,1.0,1.0,2.0,2.0,2.0,1.0,2.0,1.0,2.0,1.0,2.0,2.0,2.0,2.0,2.0,2.0,2.0,1.0,2.0,2.0,2.0,2.0,2.0,1.0,2.0,2.0,1.0,1.0,2.0,4.0,,,4.0,,,,0.0,,,4.0
pid_1869,2.0,,2.0,,,,1.0,40.0,,,1.0,300.0,30.0,,2.0,,5.0,5.0,1.0,1.0,5.0,5.0,5.0,5.0,5.0,5.0,2.0,,,,,,3.0,4.0,3.0,,6.0,1.0,6.0,2.0,5.0,5.0,3.0,6.0,6.0,5.0,65.0,65.0,40.0,35.0,55.0,60.0,45.0,60.0,60.0,70.0,3.0,,6.0,1.0,1.0,1.0,1.0,1.0,1.0,1.0,1.0,1.0,1.0,,,,,,,1.0,1.0,1.0,1.0,2.0,1.0,2.0,2.0,1.0,1.0,2.0,2.0,1.0,2.0,1.0,1.0,2.0,2.0,1.0,1.0,1.0,1.0,1.0,1.0,1.0,1.0,1.0,1.0,2.0,1.0,1.0,2.0,2.0,2.0,1.0,2.0,2.0,1.0,1.0,1.0,4.0,,,6.0,,,15.0,,2.0,,
pid_1870,,1.0,,1.0,1.0,85.0,,,1.0,1500.0,,,,74.0,,4.0,2.0,3.0,2.0,3.0,3.0,3.0,3.0,3.0,4.0,3.0,3.0,,,,,,4.0,4.0,4.0,3.0,,2.0,5.0,1.0,1.0,1.0,3.0,6.0,6.0,6.0,50.0,50.0,51.0,50.0,49.0,50.0,51.0,51.0,50.0,50.0,2.0,4.0,,1.0,2.0,1.0,1.0,2.0,1.0,1.0,1.0,2.0,1.0,,,,,,,1.0,1.0,1.0,2.0,2.0,1.0,2.0,1.0,1.0,2.0,1.0,2.0,1.0,1.0,1.0,1.0,1.0,1.0,1.0,2.0,2.0,2.0,1.0,1.0,1.0,2.0,1.0,2.0,1.0,1.0,1.0,2.0,2.0,1.0,1.0,2.0,1.0,1.0,1.0,1.0,4.0,,,3.0,,,20.0,,,,2.0
pid_1871,,2.0,,1.0,,,1.0,16.0,,,1.0,200.0,30.0,,3.0,,5.0,5.0,1.0,1.0,4.0,5.0,5.0,3.0,5.0,5.0,,,4.0,4.0,4.0,2.0,,,,,6.0,1.0,5.0,1.0,5.0,5.0,6.0,7.0,5.0,6.0,30.0,27.0,25.0,35.0,15.0,20.0,55.0,65.0,40.0,25.0,4.0,6.0,,1.0,1.0,1.0,1.0,1.0,1.0,1.0,1.0,1.0,1.0,,,,,,,1.0,2.0,2.0,1.0,1.0,1.0,2.0,2.0,1.0,2.0,1.0,2.0,2.0,2.0,2.0,2.0,1.0,1.0,2.0,2.0,2.0,2.0,2.0,2.0,2.0,2.0,2.0,2.0,1.0,2.0,1.0,1.0,2.0,2.0,2.0,2.0,1.0,2.0,1.0,1.0,,,5.0,,,6.0,20.0,,3.0,,
pid_1872,,2.0,1.0,,2.0,50.0,,,2.0,312.0,,,93.0,,6.0,,1.0,5.0,5.0,5.0,1.0,1.0,4.0,5.0,2.0,4.0,,,5.0,,,,6.0,4.0,5.0,,4.0,1.0,6.0,3.0,6.0,7.0,3.0,5.0,3.0,5.0,68.0,99.0,67.0,93.0,52.0,60.0,81.0,89.0,46.0,98.0,2.0,,7.0,,,,,,,,,,,1.0,1.0,1.0,1.0,1.0,1.0,1.0,1.0,1.0,1.0,1.0,1.0,2.0,2.0,2.0,1.0,2.0,1.0,1.0,1.0,2.0,1.0,2.0,1.0,1.0,1.0,2.0,2.0,1.0,1.0,2.0,1.0,2.0,2.0,1.0,1.0,1.0,2.0,1.0,1.0,2.0,1.0,1.0,2.0,2.0,1.0,,,5.0,,,5.0,,20.0,,,2.0
pid_1873,2.0,,2.0,,,,2.0,8.0,2.0,600.0,,,30.0,,3.0,,5.0,5.0,4.0,3.0,3.0,5.0,3.0,5.0,5.0,5.0,,1.0,,3.0,3.0,2.0,,,,5.0,,1.0,7.0,1.0,6.0,6.0,5.0,6.0,6.0,5.0,61.0,80.0,50.0,80.0,10.0,20.0,5.0,70.0,10.0,50.0,2.0,,5.0,1.0,1.0,1.0,1.0,1.0,1.0,1.0,1.0,1.0,1.0,,,,,,,2.0,1.0,1.0,2.0,1.0,2.0,2.0,2.0,2.0,2.0,1.0,2.0,2.0,2.0,2.0,2.0,1.0,1.0,2.0,1.0,1.0,2.0,2.0,1.0,1.0,1.0,2.0,2.0,2.0,1.0,1.0,2.0,1.0,1.0,2.0,2.0,2.0,2.0,2.0,2.0,,5.0,,,5.0,,,20.0,,,4.0
pid_1874,,1.0,,1.0,,,2.0,10.0,,,1.0,100.0,,70.0,,4.0,3.0,5.0,2.0,3.0,3.0,5.0,4.0,3.0,4.0,5.0,,,4.0,5.0,4.0,3.0,,,,,6.0,2.0,7.0,4.0,4.0,6.0,3.0,5.0,5.0,5.0,60.0,70.0,40.0,50.0,50.0,60.0,75.0,50.0,55.0,65.0,2.0,,5.0,,,,,,,,,,,1.0,1.0,1.0,1.0,2.0,2.0,2.0,1.0,1.0,1.0,2.0,1.0,1.0,2.0,1.0,1.0,2.0,1.0,1.0,1.0,2.0,1.0,1.0,1.0,2.0,1.0,1.0,1.0,2.0,1.0,1.0,1.0,1.0,1.0,1.0,1.0,2.0,1.0,1.0,2.0,2.0,1.0,1.0,1.0,1.0,1.0,,,3.0,,,5.0,15.0,,,10.0,
pid_1875,1.0,,,1.0,2.0,12.0,,,,,1.0,115.0,,90.0,1.0,,4.0,5.0,2.0,3.0,4.0,4.0,5.0,5.0,4.0,5.0,2.0,,,,,,4.0,4.0,4.0,,6.0,2.0,7.0,1.0,1.0,3.0,3.0,7.0,6.0,7.0,40.0,27.0,59.0,90.0,20.0,14.0,70.0,69.0,19.0,88.0,3.0,5.0,,,,,,,,,,,,1.0,1.0,1.0,1.0,2.0,2.0,1.0,1.0,1.0,1.0,1.0,2.0,2.0,2.0,2.0,1.0,1.0,2.0,2.0,2.0,2.0,2.0,2.0,1.0,1.0,2.0,2.0,1.0,2.0,1.0,1.0,2.0,2.0,2.0,1.0,1.0,1.0,1.0,2.0,2.0,1.0,1.0,1.0,1.0,1.0,1.0,5.0,,,6.0,,,10.0,,,,3.0
pid_1876,,2.0,1.0,,,,1.0,53.0,,,1.0,350.0,95.0,,1.0,,5.0,1.0,2.0,5.0,2.0,5.0,5.0,5.0,5.0,1.0,,,5.0,,,,3.0,2.0,2.0,6.0,,1.0,6.0,2.0,7.0,4.0,1.0,5.0,2.0,4.0,100.0,0.0,50.0,100.0,0.0,100.0,100.0,100.0,50.0,0.0,4.0,6.0,,,,,,,,,,,,1.0,1.0,2.0,1.0,1.0,1.0,2.0,1.0,2.0,2.0,2.0,2.0,1.0,1.0,2.0,2.0,2.0,2.0,2.0,2.0,2.0,1.0,2.0,2.0,2.0,1.0,2.0,2.0,2.0,2.0,2.0,1.0,2.0,2.0,1.0,1.0,2.0,2.0,2.0,1.0,1.0,2.0,2.0,2.0,2.0,2.0,,,5.0,,,5.0,20.0,,,,3.0
pid_1877,1.0,,,1.0,2.0,40.0,,,2.0,150.0,,,,68.0,4.0,,5.0,5.0,2.0,1.0,5.0,5.0,5.0,4.0,5.0,5.0,,5.0,,,,,4.0,5.0,5.0,,6.0,1.0,6.0,1.0,2.0,2.0,3.0,6.0,5.0,6.0,40.0,60.0,40.0,30.0,40.0,40.0,61.0,75.0,44.0,41.0,3.0,5.0,,1.0,1.0,1.0,1.0,2.0,1.0,1.0,2.0,1.0,1.0,,,,,,,2.0,1.0,2.0,1.0,2.0,1.0,1.0,2.0,1.0,1.0,1.0,1.0,1.0,1.0,2.0,1.0,2.0,2.0,1.0,2.0,2.0,2.0,2.0,1.0,2.0,2.0,2.0,1.0,2.0,2.0,1.0,2.0,1.0,1.0,2.0,2.0,1.0,2.0,2.0,2.0,,5.0,,,6.0,,,20.0,,,3.0
pid_1878,1.0,,,1.0,2.0,20.0,,,2.0,50.0,,,75.0,,4.0,,1.0,2.0,5.0,3.0,3.0,1.0,1.0,2.0,2.0,3.0,,2.0,,5.0,3.0,2.0,,,,,4.0,2.0,6.0,2.0,3.0,2.0,2.0,7.0,6.0,7.0,41.0,49.0,100.0,35.0,22.0,12.0,2.0,11.0,8.0,73.0,3.0,2.0,,,,,,,,,,,,1.0,1.0,2.0,1.0,1.0,2.0,1.0,1.0,1.0,2.0,1.0,1.0,1.0,2.0,2.0,2.0,1.0,2.0,1.0,2.0,1.0,1.0,2.0,2.0,1.0,2.0,1.0,2.0,1.0,1.0,1.0,2.0,1.0,1.0,1.0,2.0,1.0,1.0,1.0,2.0,1.0,1.0,2.0,1.0,2.0,1.0,,5.0,,,5.0,,,18.0,,10.0,
pid_1879,1.0,,2.0,,,,1.0,50.0,2.0,300.0,,,,97.0,3.0,,1.0,1.0,1.0,4.0,2.0,1.0,1.0,3.0,1.0,1.0,2.0,,,1.0,4.0,1.0,,,,,1.0,1.0,4.0,4.0,4.0,4.0,4.0,5.0,4.0,5.0,43.0,11.0,97.0,46.0,30.0,9.0,51.0,77.0,3.0,54.0,1.0,,7.0,,,,,,,,,,,1.0,1.0,1.0,1.0,2.0,2.0,2.0,1.0,2.0,1.0,2.0,1.0,2.0,1.0,2.0,2.0,2.0,1.0,1.0,1.0,1.0,1.0,2.0,2.0,2.0,1.0,2.0,2.0,1.0,1.0,1.0,1.0,1.0,1.0,1.0,1.0,2.0,1.0,2.0,1.0,1.0,2.0,1.0,1.0,2.0,1.0,4.0,,,1.0,,,,20.0,,,1.0
pid_1880,1.0,,,2.0,,,1.0,30.0,,,1.0,300.0,30.0,,3.0,,4.0,4.0,1.0,2.0,5.0,2.0,5.0,4.0,5.0,5.0,,,4.0,,,,2.0,2.0,2.0,4.0,,1.0,7.0,5.0,5.0,5.0,6.0,6.0,7.0,7.0,46.0,45.0,51.0,41.0,30.0,25.0,57.0,49.0,61.0,50.0,3.0,,6.0,,,,,,,,,,,1.0,1.0,1.0,1.0,1.0,1.0,2.0,1.0,2.0,1.0,2.0,1.0,2.0,1.0,2.0,2.0,1.0,1.0,2.0,1.0,1.0,2.0,2.0,2.0,1.0,1.0,2.0,2.0,2.0,2.0,2.0,2.0,1.0,2.0,1.0,2.0,1.0,2.0,2.0,2.0,1.0,1.0,2.0,1.0,1.0,2.0,,,5.0,,,6.0,15.0,,,,3.0
pid_1882,2.0,,2.0,,,,1.0,45.0,,,1.0,110.0,30.0,,,4.0,2.0,3.0,5.0,3.0,1.0,2.0,5.0,4.0,1.0,1.0,3.0,,,2.0,1.0,1.0,,,,4.0,,1.0,7.0,2.0,3.0,5.0,3.0,5.0,7.0,5.0,62.0,55.0,80.0,55.0,33.0,67.0,76.0,66.0,20.0,64.0,3.0,5.0,,,,,,,,,,,,1.0,1.0,1.0,1.0,1.0,1.0,1.0,1.0,2.0,2.0,2.0,2.0,1.0,1.0,1.0,1.0,2.0,1.0,1.0,1.0,1.0,1.0,1.0,1.0,1.0,2.0,2.0,1.0,1.0,1.0,2.0,2.0,2.0,2.0,1.0,2.0,2.0,1.0,1.0,1.0,2.0,2.0,1.0,1.0,2.0,1.0,4.0,,,4.0,,,20.0,,,6.0,
pid_1883,,1.0,2.0,,,,2.0,10.0,1.0,1525.0,,,33.0,,3.0,,4.0,5.0,3.0,5.0,5.0,5.0,5.0,4.0,3.0,4.0,,2.0,,4.0,1.0,1.0,,,,5.0,,2.0,5.0,1.0,2.0,2.0,1.0,7.0,7.0,7.0,48.0,83.0,53.0,66.0,56.0,42.0,37.0,66.0,60.0,50.0,3.0,,4.0,,,,,,,,,,,1.0,1.0,2.0,1.0,1.0,2.0,2.0,2.0,1.0,1.0,1.0,1.0,1.0,1.0,1.0,2.0,2.0,1.0,1.0,2.0,2.0,2.0,2.0,1.0,1.0,2.0,2.0,1.0,2.0,2.0,1.0,1.0,2.0,2.0,1.0,2.0,1.0,1.0,2.0,1.0,2.0,2.0,1.0,1.0,2.0,2.0,,4.0,,,3.0,,,13.0,,6.0,
pid_1884,1.0,,,2.0,,,1.0,20.0,2.0,500.0,,,,70.0,,4.0,4.0,3.0,5.0,5.0,3.0,2.0,1.0,4.0,2.0,2.0,,5.0,,3.0,3.0,2.0,,,,,4.0,2.0,7.0,6.0,5.0,5.0,2.0,6.0,7.0,7.0,58.0,47.0,60.0,95.0,42.0,47.0,48.0,90.0,46.0,45.0,1.0,5.0,,1.0,1.0,1.0,1.0,1.0,1.0,1.0,1.0,1.0,1.0,,,,,,,2.0,2.0,1.0,2.0,2.0,2.0,2.0,1.0,2.0,2.0,2.0,2.0,2.0,1.0,1.0,2.0,2.0,2.0,2.0,2.0,2.0,2.0,2.0,2.0,2.0,1.0,2.0,1.0,2.0,2.0,2.0,2.0,2.0,1.0,2.0,2.0,1.0,2.0,2.0,2.0,,5.0,,,5.0,,20.0,,,,1.0
pid_1885,,2.0,1.0,,,,1.0,35.0,,,1.0,350.0,,90.0,2.0,,5.0,5.0,1.0,1.0,5.0,5.0,5.0,4.0,5.0,5.0,,,2.0,3.0,3.0,1.0,,,,6.0,,1.0,7.0,5.0,5.0,5.0,5.0,6.0,6.0,5.0,20.0,5.0,80.0,66.0,20.0,15.0,15.0,20.0,20.0,33.0,4.0,5.0,,1.0,1.0,1.0,1.0,1.0,1.0,1.0,1.0,1.0,1.0,,,,,,,2.0,1.0,2.0,2.0,2.0,1.0,2.0,2.0,2.0,2.0,1.0,2.0,2.0,2.0,2.0,1.0,2.0,2.0,1.0,1.0,2.0,2.0,1.0,2.0,1.0,1.0,2.0,2.0,2.0,2.0,2.0,2.0,2.0,2.0,2.0,2.0,1.0,1.0,2.0,2.0,,,5.0,,,6.0,20.0,,,1.0,
pid_1886,,2.0,1.0,,2.0,40.0,,,2.0,300.0,,,,70.0,3.0,,4.0,5.0,1.0,2.0,5.0,4.0,5.0,2.0,5.0,4.0,1.0,,,5.0,3.0,1.0,,,,6.0,,1.0,7.0,3.0,5.0,6.0,2.0,5.0,5.0,5.0,40.0,56.0,65.0,66.0,40.0,30.0,55.0,60.0,35.0,65.0,3.0,6.0,,1.0,2.0,1.0,1.0,1.0,1.0,2.0,2.0,2.0,2.0,,,,,,,2.0,2.0,1.0,2.0,1.0,2.0,2.0,2.0,2.0,1.0,1.0,1.0,2.0,1.0,1.0,1.0,1.0,1.0,1.0,2.0,1.0,1.0,2.0,2.0,2.0,2.0,1.0,1.0,1.0,1.0,1.0,1.0,1.0,2.0,2.0,1.0,1.0,2.0,1.0,1.0,5.0,,,6.0,,,,5.0,,7.0,
pid_1887,,2.0,1.0,,,,1.0,20.0,1.0,1500.0,,,,100.0,1.0,,5.0,5.0,2.0,5.0,2.0,5.0,5.0,5.0,5.0,5.0,,,5.0,,,,1.0,1.0,1.0,,6.0,1.0,6.0,1.0,6.0,3.0,2.0,6.0,4.0,6.0,20.0,90.0,65.0,80.0,40.0,65.0,80.0,85.0,30.0,75.0,2.0,,7.0,1.0,1.0,1.0,1.0,1.0,1.0,1.0,1.0,1.0,1.0,,,,,,,2.0,1.0,2.0,1.0,2.0,2.0,2.0,2.0,1.0,2.0,1.0,1.0,2.0,2.0,2.0,1.0,1.0,2.0,2.0,1.0,1.0,2.0,1.0,1.0,2.0,2.0,2.0,2.0,1.0,2.0,2.0,1.0,2.0,2.0,2.0,2.0,2.0,1.0,1.0,1.0,,,5.0,,,6.0,20.0,,1.0,,
pid_1888,,2.0,1.0,,,,1.0,54.0,2.0,365.0,,,95.0,,,4.0,5.0,5.0,2.0,5.0,5.0,5.0,4.0,4.0,5.0,5.0,1.0,,,,,,3.0,3.0,3.0,3.0,,2.0,5.0,2.0,5.0,5.0,6.0,7.0,6.0,5.0,38.0,33.0,90.0,30.0,25.0,30.0,26.0,27.0,26.0,90.0,1.0,,7.0,,,,,,,,,,,1.0,2.0,1.0,2.0,1.0,1.0,2.0,2.0,1.0,2.0,1.0,1.0,1.0,2.0,1.0,1.0,1.0,1.0,1.0,1.0,2.0,1.0,2.0,2.0,2.0,1.0,2.0,2.0,2.0,2.0,1.0,2.0,2.0,2.0,1.0,1.0,1.0,2.0,2.0,2.0,2.0,2.0,1.0,2.0,2.0,1.0,4.0,,,5.0,,,20.0,,,,5.0
pid_1889,1.0,,,1.0,,,2.0,10.0,2.0,400.0,,,,70.0,,4.0,5.0,3.0,5.0,3.0,3.0,4.0,4.0,3.0,4.0,2.0,2.0,,,,,,3.0,3.0,5.0,6.0,,1.0,6.0,1.0,5.0,5.0,1.0,7.0,5.0,5.0,75.0,90.0,80.0,50.0,65.0,80.0,100.0,65.0,50.0,60.0,2.0,,2.0,1.0,1.0,1.0,1.0,1.0,1.0,1.0,1.0,1.0,1.0,,,,,,,1.0,2.0,1.0,1.0,2.0,2.0,1.0,1.0,1.0,1.0,1.0,2.0,1.0,1.0,2.0,1.0,1.0,1.0,1.0,1.0,1.0,2.0,1.0,1.0,2.0,1.0,2.0,2.0,2.0,1.0,1.0,2.0,2.0,1.0,2.0,1.0,2.0,2.0,2.0,1.0,5.0,,,6.0,,,20.0,,3.0,,
pid_1890,1.0,,1.0,,2.0,80.0,,,,,1.0,125.0,40.0,,,6.0,3.0,3.0,5.0,5.0,1.0,1.0,1.0,4.0,2.0,2.0,3.0,,,,,,4.0,3.0,5.0,,3.0,1.0,6.0,2.0,5.0,6.0,2.0,5.0,7.0,6.0,55.0,75.0,30.0,70.0,45.0,40.0,35.0,50.0,65.0,60.0,3.0,,6.0,,,,,,,,,,,1.0,1.0,1.0,2.0,1.0,2.0,1.0,1.0,1.0,1.0,1.0,2.0,2.0,2.0,2.0,2.0,1.0,1.0,1.0,2.0,1.0,2.0,2.0,2.0,2.0,1.0,2.0,2.0,1.0,1.0,2.0,2.0,1.0,2.0,1.0,2.0,1.0,2.0,1.0,1.0,2.0,1.0,1.0,1.0,2.0,1.0,4.0,,,5.0,,,12.0,,,,4.0
pid_1891,1.0,,,2.0,,,1.0,32.0,2.0,400.0,,,,51.0,,4.0,4.0,4.0,3.0,3.0,4.0,4.0,4.0,4.0,3.0,4.0,1.0,,,,,,3.0,3.0,3.0,4.0,,1.0,6.0,1.0,4.0,4.0,5.0,6.0,6.0,5.0,57.0,42.0,54.0,49.0,27.0,41.0,63.0,66.0,20.0,63.0,2.0,,5.0,1.0,1.0,2.0,1.0,1.0,1.0,2.0,1.0,2.0,1.0,,,,,,,2.0,1.0,2.0,2.0,2.0,2.0,1.0,1.0,2.0,2.0,2.0,1.0,2.0,1.0,1.0,2.0,2.0,2.0,2.0,1.0,1.0,2.0,2.0,2.0,2.0,1.0,2.0,2.0,1.0,2.0,2.0,1.0,2.0,1.0,2.0,1.0,1.0,2.0,2.0,2.0,5.0,,,5.0,,,,15.0,,1.0,
pid_1892,1.0,,2.0,,2.0,54.0,,,,,1.0,350.0,30.0,,,1.0,3.0,5.0,1.0,5.0,5.0,5.0,5.0,5.0,5.0,5.0,,,1.0,1.0,1.0,1.0,,,,6.0,,2.0,7.0,3.0,4.0,2.0,1.0,5.0,5.0,5.0,50.0,100.0,10.0,100.0,50.0,50.0,80.0,80.0,50.0,100.0,3.0,1.0,,,,,,,,,,,,1.0,1.0,1.0,1.0,1.0,1.0,2.0,2.0,2.0,2.0,2.0,2.0,2.0,2.0,2.0,2.0,2.0,1.0,2.0,2.0,2.0,2.0,2.0,2.0,2.0,2.0,1.0,2.0,2.0,2.0,2.0,2.0,2.0,2.0,1.0,2.0,2.0,2.0,1.0,1.0,1.0,2.0,1.0,2.0,1.0,2.0,,,5.0,,,6.0,,10.0,,7.0,
pid_1893,1.0,,1.0,,,,2.0,7.0,,,1.0,140.0,30.0,,4.0,,5.0,5.0,2.0,3.0,4.0,4.0,5.0,3.0,4.0,5.0,1.0,,,,,,2.0,4.0,3.0,5.0,,1.0,6.0,2.0,3.0,5.0,5.0,6.0,6.0,5.0,35.0,40.0,45.0,33.0,25.0,25.0,33.0,65.0,30.0,35.0,2.0,6.0,,,,,,,,,,,,1.0,1.0,1.0,1.0,1.0,1.0,2.0,2.0,2.0,2.0,2.0,1.0,2.0,1.0,2.0,1.0,2.0,1.0,2.0,2.0,1.0,1.0,1.0,2.0,1.0,1.0,1.0,2.0,2.0,2.0,1.0,2.0,2.0,1.0,1.0,1.0,1.0,1.0,2.0,2.0,2.0,2.0,2.0,2.0,1.0,2.0,5.0,,,4.0,,,,10.0,1.0,,
pid_1895,1.0,,,1.0,1.0,85.0,,,1.0,1400.0,,,30.0,,,3.0,4.0,5.0,3.0,1.0,3.0,5.0,5.0,5.0,5.0,5.0,,,5.0,,,,4.0,3.0,3.0,6.0,,1.0,7.0,2.0,4.0,3.0,1.0,7.0,7.0,6.0,60.0,70.0,35.0,50.0,20.0,50.0,75.0,75.0,45.0,60.0,3.0,5.0,,,,,,,,,,,,1.0,1.0,2.0,1.0,1.0,2.0,1.0,1.0,1.0,2.0,2.0,2.0,1.0,2.0,2.0,1.0,2.0,2.0,1.0,2.0,2.0,1.0,2.0,2.0,2.0,1.0,1.0,1.0,2.0,1.0,2.0,1.0,2.0,2.0,2.0,2.0,2.0,1.0,1.0,1.0,2.0,1.0,1.0,1.0,1.0,1.0,,,5.0,,,6.0,20.0,,,,7.0
pid_1896,,1.0,2.0,,,,1.0,54.0,2.0,379.0,,,50.0,,,5.0,5.0,4.0,2.0,5.0,5.0,4.0,3.0,4.0,2.0,2.0,,4.0,,5.0,5.0,5.0,,,,5.0,,1.0,6.0,6.0,6.0,5.0,6.0,3.0,7.0,5.0,61.0,66.0,53.0,53.0,55.0,47.0,62.0,63.0,62.0,76.0,3.0,,4.0,1.0,1.0,1.0,2.0,2.0,2.0,1.0,1.0,2.0,2.0,,,,,,,2.0,1.0,1.0,2.0,1.0,1.0,1.0,2.0,2.0,2.0,2.0,1.0,1.0,1.0,2.0,1.0,2.0,1.0,1.0,2.0,1.0,1.0,1.0,1.0,2.0,1.0,1.0,1.0,1.0,2.0,1.0,1.0,1.0,2.0,1.0,1.0,1.0,1.0,1.0,1.0,,5.0,,,2.0,,5.0,,,4.0,
pid_1897,,2.0,,2.0,,,1.0,55.0,,,1.0,86.0,30.0,,3.0,,4.0,5.0,2.0,2.0,4.0,4.0,5.0,4.0,5.0,5.0,2.0,,,4.0,5.0,3.0,,,,4.0,,2.0,6.0,2.0,5.0,5.0,2.0,4.0,5.0,5.0,35.0,60.0,25.0,20.0,25.0,20.0,45.0,30.0,45.0,75.0,3.0,6.0,,1.0,1.0,1.0,1.0,1.0,1.0,1.0,1.0,1.0,1.0,,,,,,,2.0,2.0,2.0,2.0,2.0,1.0,1.0,2.0,2.0,2.0,2.0,1.0,1.0,1.0,1.0,2.0,2.0,2.0,1.0,2.0,2.0,2.0,2.0,2.0,2.0,1.0,1.0,1.0,1.0,2.0,2.0,2.0,2.0,1.0,1.0,1.0,1.0,1.0,1.0,1.0,4.0,,,4.0,,,,5.0,,7.0,
pid_1898,1.0,,1.0,,,,1.0,0.0,2.0,600.0,,,,70.0,1.0,,4.0,5.0,5.0,4.0,3.0,4.0,5.0,2.0,4.0,5.0,,1.0,,2.0,4.0,1.0,,,,,4.0,2.0,5.0,4.0,3.0,3.0,6.0,6.0,7.0,5.0,90.0,100.0,80.0,7.0,0.0,90.0,90.0,30.0,80.0,100.0,2.0,,6.0,1.0,1.0,2.0,1.0,1.0,2.0,2.0,2.0,1.0,2.0,,,,,,,1.0,2.0,1.0,2.0,1.0,2.0,2.0,1.0,1.0,2.0,2.0,2.0,2.0,2.0,1.0,2.0,1.0,1.0,1.0,2.0,1.0,1.0,1.0,2.0,1.0,2.0,1.0,1.0,1.0,1.0,2.0,1.0,1.0,1.0,2.0,2.0,1.0,2.0,1.0,2.0,,4.0,,,3.0,,,20.0,2.0,,
pid_1899,1.0,,,2.0,2.0,25.0,,,2.0,750.0,,,30.0,,1.0,,4.0,5.0,2.0,3.0,4.0,4.0,5.0,5.0,5.0,5.0,,,4.0,,,,2.0,2.0,2.0,,5.0,1.0,7.0,2.0,5.0,3.0,2.0,6.0,4.0,5.0,45.0,40.0,75.0,50.0,37.0,30.0,40.0,10.0,15.0,25.0,3.0,,7.0,,,,,,,,,,,1.0,1.0,2.0,1.0,2.0,1.0,1.0,1.0,1.0,2.0,2.0,2.0,2.0,1.0,2.0,2.0,2.0,1.0,2.0,1.0,2.0,1.0,1.0,2.0,2.0,2.0,2.0,2.0,2.0,2.0,1.0,2.0,2.0,2.0,2.0,2.0,2.0,1.0,2.0,1.0,2.0,2.0,1.0,1.0,1.0,1.0,,,4.0,,,2.0,20.0,,,,5.0
pid_1900,2.0,,,2.0,,,1.0,26.0,1.0,1500.0,,,81.0,,,6.0,4.0,5.0,5.0,4.0,3.0,4.0,5.0,5.0,2.0,4.0,5.0,,,,,,4.0,4.0,6.0,6.0,,2.0,7.0,2.0,4.0,5.0,2.0,5.0,6.0,5.0,71.0,72.0,60.0,32.0,30.0,67.0,40.0,30.0,32.0,80.0,4.0,,3.0,,,,,,,,,,,1.0,1.0,1.0,1.0,2.0,2.0,1.0,2.0,2.0,2.0,1.0,2.0,2.0,2.0,1.0,2.0,2.0,2.0,2.0,1.0,1.0,2.0,2.0,1.0,1.0,2.0,1.0,2.0,1.0,2.0,2.0,2.0,2.0,2.0,2.0,1.0,2.0,1.0,2.0,2.0,1.0,2.0,1.0,2.0,1.0,2.0,5.0,,,5.0,,,,5.0,,6.0,
pid_1901,1.0,,1.0,,2.0,44.0,,,,,1.0,115.0,,70.0,3.0,,1.0,1.0,5.0,3.0,1.0,1.0,1.0,3.0,3.0,3.0,,,2.0,2.0,5.0,2.0,,,,3.0,,1.0,6.0,2.0,4.0,4.0,2.0,5.0,4.0,6.0,38.0,44.0,58.0,50.0,46.0,35.0,45.0,55.0,50.0,54.0,1.0,,6.0,,,,,,,,,,,1.0,1.0,1.0,1.0,1.0,1.0,1.0,2.0,2.0,1.0,2.0,2.0,2.0,2.0,1.0,2.0,2.0,2.0,2.0,2.0,1.0,2.0,2.0,2.0,2.0,2.0,2.0,2.0,1.0,2.0,2.0,2.0,1.0,2.0,2.0,2.0,2.0,2.0,2.0,1.0,2.0,2.0,1.0,1.0,2.0,2.0,,,4.0,,,5.0,19.0,,,,4.0
pid_1902,1.0,,,2.0,2.0,55.0,,,2.0,850.0,,,3.0,,,4.0,5.0,4.0,4.0,4.0,4.0,4.0,5.0,4.0,3.0,4.0,3.0,,,,,,2.0,2.0,2.0,,3.0,1.0,6.0,5.0,4.0,3.0,1.0,5.0,6.0,7.0,71.0,78.0,76.0,4.0,87.0,79.0,91.0,85.0,50.0,79.0,3.0,2.0,,,,,,,,,,,,1.0,1.0,1.0,1.0,1.0,1.0,2.0,2.0,1.0,2.0,1.0,1.0,2.0,2.0,2.0,2.0,2.0,1.0,2.0,1.0,2.0,2.0,2.0,1.0,1.0,2.0,2.0,2.0,2.0,1.0,1.0,2.0,2.0,2.0,2.0,1.0,1.0,2.0,2.0,2.0,1.0,1.0,1.0,2.0,2.0,1.0,5.0,,,4.0,,,15.0,,,2.0,
pid_1903,1.0,,2.0,,,,1.0,25.0,2.0,200.0,,,30.0,,,3.0,4.0,2.0,2.0,2.0,4.0,3.0,3.0,3.0,4.0,4.0,1.0,,,3.0,3.0,3.0,,,,3.0,,1.0,7.0,5.0,7.0,7.0,5.0,7.0,6.0,6.0,50.0,70.0,50.0,50.0,50.0,25.0,60.0,50.0,50.0,70.0,3.0,,1.0,1.0,1.0,1.0,1.0,1.0,1.0,1.0,1.0,1.0,1.0,,,,,,,2.0,2.0,2.0,2.0,2.0,2.0,2.0,2.0,2.0,2.0,2.0,2.0,2.0,2.0,2.0,2.0,2.0,2.0,2.0,2.0,2.0,2.0,1.0,2.0,2.0,1.0,2.0,2.0,1.0,1.0,2.0,2.0,2.0,1.0,1.0,2.0,2.0,1.0,2.0,1.0,4.0,,,4.0,,,,20.0,,,4.0
pid_1904,,2.0,1.0,,2.0,32.0,,,2.0,872.0,,,33.0,,,4.0,5.0,4.0,3.0,4.0,5.0,5.0,4.0,3.0,4.0,3.0,,,5.0,4.0,5.0,3.0,,,,4.0,,2.0,7.0,4.0,4.0,3.0,3.0,5.0,5.0,6.0,27.0,82.0,59.0,75.0,87.0,32.0,75.0,27.0,33.0,21.0,3.0,,6.0,1.0,1.0,1.0,1.0,1.0,1.0,1.0,1.0,1.0,1.0,,,,,,,1.0,2.0,1.0,1.0,1.0,2.0,2.0,2.0,1.0,1.0,2.0,2.0,1.0,2.0,1.0,2.0,2.0,1.0,2.0,2.0,2.0,1.0,2.0,2.0,1.0,2.0,1.0,2.0,2.0,2.0,1.0,2.0,1.0,1.0,2.0,2.0,2.0,1.0,1.0,1.0,,,4.0,,,4.0,,5.0,,10.0,
pid_1905,1.0,,,1.0,2.0,35.0,,,,,1.0,110.0,,77.0,,5.0,1.0,1.0,5.0,5.0,1.0,1.0,1.0,1.0,1.0,1.0,1.0,,,4.0,5.0,2.0,,,,2.0,,1.0,6.0,4.0,5.0,4.0,5.0,5.0,5.0,5.0,50.0,65.0,66.0,66.0,27.0,27.0,42.0,56.0,33.0,53.0,3.0,,6.0,,,,,,,,,,,1.0,1.0,1.0,1.0,1.0,1.0,2.0,1.0,2.0,1.0,2.0,2.0,2.0,2.0,1.0,1.0,1.0,1.0,1.0,2.0,1.0,2.0,2.0,1.0,2.0,2.0,2.0,2.0,2.0,2.0,1.0,2.0,1.0,1.0,2.0,2.0,1.0,1.0,2.0,1.0,2.0,1.0,2.0,1.0,1.0,1.0,1.0,,,1.0,,,18.0,,,,4.0
pid_1906,1.0,,1.0,,2.0,45.0,,,,,1.0,113.0,,86.0,2.0,,3.0,3.0,2.0,4.0,4.0,4.0,4.0,4.0,5.0,4.0,,,3.0,,,,3.0,3.0,4.0,3.0,,1.0,6.0,4.0,4.0,4.0,2.0,5.0,6.0,5.0,61.0,56.0,17.0,64.0,53.0,45.0,47.0,57.0,44.0,70.0,3.0,4.0,,,,,,,,,,,,1.0,1.0,2.0,2.0,1.0,2.0,2.0,1.0,1.0,2.0,2.0,2.0,1.0,2.0,1.0,1.0,2.0,2.0,1.0,1.0,1.0,1.0,1.0,1.0,1.0,1.0,1.0,2.0,2.0,1.0,1.0,1.0,1.0,1.0,2.0,1.0,2.0,2.0,1.0,1.0,2.0,2.0,1.0,1.0,1.0,1.0,,,3.0,,,4.0,,3.0,,6.0,
pid_1907,,2.0,2.0,,2.0,50.0,,,,,1.0,100.0,30.0,,,3.0,5.0,5.0,4.0,2.0,3.0,4.0,5.0,5.0,5.0,5.0,,4.0,,,,,3.0,3.0,3.0,6.0,,1.0,6.0,3.0,4.0,4.0,4.0,5.0,5.0,5.0,60.0,99.0,45.0,30.0,40.0,50.0,70.0,84.0,60.0,88.0,3.0,,6.0,1.0,1.0,1.0,1.0,1.0,1.0,1.0,1.0,1.0,1.0,,,,,,,1.0,1.0,1.0,2.0,2.0,2.0,1.0,2.0,2.0,2.0,2.0,1.0,2.0,1.0,1.0,2.0,2.0,1.0,2.0,2.0,2.0,2.0,2.0,2.0,2.0,1.0,2.0,1.0,2.0,1.0,1.0,2.0,1.0,1.0,2.0,2.0,1.0,1.0,1.0,1.0,,2.0,,,6.0,,20.0,,,,4.0
pid_1908,,2.0,,2.0,1.0,100.0,,,,,1.0,95.0,15.0,,,5.0,4.0,5.0,4.0,4.0,3.0,3.0,4.0,3.0,4.0,4.0,,,1.0,3.0,2.0,2.0,,,,4.0,,1.0,5.0,2.0,1.0,3.0,1.0,6.0,6.0,5.0,30.0,77.0,45.0,58.0,25.0,30.0,35.0,40.0,32.0,49.0,3.0,3.0,,,,,,,,,,,,1.0,1.0,1.0,2.0,1.0,2.0,2.0,1.0,2.0,1.0,1.0,2.0,1.0,1.0,2.0,1.0,1.0,2.0,1.0,2.0,1.0,1.0,2.0,2.0,2.0,1.0,1.0,1.0,2.0,2.0,2.0,2.0,2.0,2.0,2.0,2.0,1.0,1.0,1.0,2.0,1.0,2.0,2.0,1.0,1.0,2.0,,,4.0,,,3.0,15.0,,,,1.0
pid_1909,,1.0,,1.0,,,2.0,25.0,2.0,250.0,,,,30.0,4.0,,4.0,5.0,1.0,3.0,4.0,4.0,3.0,3.0,5.0,5.0,,1.0,,2.0,3.0,1.0,,,,6.0,,1.0,4.0,3.0,2.0,1.0,1.0,4.0,6.0,7.0,35.0,30.0,48.0,32.0,27.0,13.0,55.0,27.0,10.0,75.0,2.0,,4.0,,,,,,,,,,,1.0,1.0,2.0,1.0,1.0,2.0,1.0,2.0,2.0,2.0,2.0,2.0,1.0,2.0,2.0,1.0,2.0,2.0,2.0,2.0,2.0,2.0,2.0,2.0,1.0,2.0,2.0,1.0,2.0,2.0,2.0,1.0,1.0,2.0,1.0,2.0,2.0,1.0,2.0,2.0,2.0,2.0,1.0,1.0,2.0,1.0,,5.0,,,6.0,,,15.0,,,3.0
pid_1910,,1.0,,2.0,,,1.0,50.0,,,1.0,80.0,55.0,,2.0,,5.0,1.0,5.0,4.0,4.0,5.0,5.0,4.0,2.0,4.0,2.0,,,3.0,4.0,2.0,,,,5.0,,1.0,6.0,4.0,5.0,6.0,2.0,5.0,6.0,7.0,76.0,93.0,50.0,65.0,60.0,65.0,90.0,80.0,55.0,75.0,1.0,,3.0,1.0,1.0,1.0,2.0,1.0,2.0,1.0,1.0,1.0,2.0,,,,,,,2.0,1.0,2.0,2.0,1.0,1.0,2.0,1.0,1.0,2.0,2.0,2.0,2.0,1.0,1.0,1.0,1.0,1.0,1.0,1.0,1.0,1.0,1.0,2.0,1.0,1.0,1.0,1.0,1.0,2.0,1.0,1.0,1.0,2.0,2.0,1.0,2.0,2.0,1.0,2.0,2.0,,,4.0,,,,18.0,,,4.0
pid_1911,1.0,,1.0,,2.0,5.0,,,,,1.0,87.0,,30.0,,4.0,4.0,5.0,4.0,5.0,4.0,5.0,5.0,4.0,3.0,5.0,,1.0,,2.0,2.0,3.0,,,,,4.0,1.0,6.0,3.0,4.0,3.0,2.0,6.0,6.0,6.0,19.0,87.0,18.0,66.0,82.0,68.0,63.0,43.0,29.0,100.0,2.0,,4.0,1.0,2.0,1.0,2.0,1.0,2.0,1.0,1.0,2.0,2.0,,,,,,,2.0,2.0,2.0,2.0,1.0,1.0,1.0,2.0,1.0,1.0,2.0,2.0,2.0,2.0,2.0,1.0,2.0,1.0,2.0,1.0,1.0,1.0,2.0,2.0,1.0,1.0,2.0,1.0,1.0,1.0,2.0,1.0,1.0,2.0,2.0,2.0,1.0,2.0,1.0,2.0,,4.0,,,4.0,,10.0,,,3.0,
pid_1912,,2.0,2.0,,2.0,48.0,,,2.0,500.0,,,90.0,,,3.0,3.0,4.0,2.0,5.0,3.0,4.0,4.0,4.0,4.0,4.0,2.0,,,,,,4.0,3.0,4.0,3.0,,1.0,6.0,3.0,5.0,5.0,3.0,5.0,5.0,6.0,40.0,60.0,45.0,81.0,36.0,30.0,42.0,50.0,46.0,51.0,3.0,,6.0,1.0,1.0,1.0,1.0,1.0,1.0,1.0,1.0,1.0,1.0,,,,,,,1.0,2.0,2.0,2.0,1.0,2.0,2.0,1.0,2.0,2.0,1.0,1.0,1.0,1.0,2.0,1.0,2.0,2.0,2.0,2.0,2.0,1.0,1.0,1.0,2.0,2.0,1.0,2.0,1.0,1.0,1.0,2.0,2.0,1.0,1.0,1.0,2.0,2.0,2.0,2.0,5.0,,,6.0,,,,20.0,3.0,,
pid_1913,2.0,,,1.0,2.0,15.0,,,,,1.0,600.0,,50.0,,1.0,5.0,5.0,1.0,3.0,5.0,5.0,5.0,5.0,5.0,5.0,1.0,,,3.0,3.0,3.0,,,,6.0,,1.0,7.0,1.0,2.0,1.0,2.0,6.0,7.0,7.0,51.0,52.0,32.0,51.0,41.0,41.0,41.0,41.0,39.0,51.0,4.0,,7.0,,,,,,,,,,,1.0,1.0,2.0,2.0,1.0,1.0,2.0,1.0,1.0,2.0,2.0,2.0,2.0,2.0,2.0,2.0,2.0,1.0,1.0,1.0,2.0,1.0,2.0,2.0,2.0,2.0,2.0,2.0,2.0,2.0,1.0,2.0,2.0,2.0,2.0,2.0,1.0,2.0,1.0,2.0,1.0,1.0,2.0,1.0,2.0,2.0,5.0,,,6.0,,,20.0,,,4.0,
pid_1914,1.0,,,2.0,,,1.0,35.0,2.0,175.0,,,45.0,,2.0,,4.0,5.0,1.0,4.0,4.0,5.0,5.0,5.0,3.0,5.0,,,2.0,4.0,2.0,3.0,,,,4.0,,2.0,6.0,2.0,6.0,5.0,4.0,5.0,3.0,3.0,35.0,70.0,63.0,60.0,50.0,51.0,60.0,70.0,30.0,80.0,3.0,5.0,,1.0,1.0,1.0,2.0,1.0,2.0,1.0,1.0,1.0,2.0,,,,,,,1.0,2.0,2.0,2.0,2.0,1.0,1.0,1.0,2.0,1.0,2.0,2.0,2.0,1.0,2.0,2.0,1.0,2.0,2.0,1.0,2.0,2.0,1.0,2.0,1.0,1.0,1.0,2.0,1.0,1.0,2.0,1.0,2.0,1.0,2.0,1.0,1.0,1.0,2.0,1.0,,,4.0,,,4.0,15.0,,1.0,,
pid_1915,1.0,,,2.0,,,2.0,2.0,2.0,200.0,,,,91.0,,3.0,4.0,5.0,3.0,3.0,4.0,3.0,4.0,5.0,4.0,3.0,,2.0,,,,,3.0,4.0,2.0,,4.0,1.0,5.0,1.0,3.0,3.0,5.0,6.0,5.0,4.0,41.0,73.0,44.0,45.0,45.0,34.0,58.0,72.0,39.0,83.0,3.0,,5.0,,,,,,,,,,,1.0,1.0,1.0,1.0,1.0,1.0,1.0,2.0,1.0,1.0,1.0,1.0,2.0,1.0,1.0,1.0,1.0,1.0,2.0,2.0,1.0,2.0,1.0,2.0,1.0,2.0,2.0,1.0,2.0,1.0,2.0,1.0,2.0,1.0,1.0,1.0,1.0,2.0,1.0,1.0,2.0,1.0,2.0,1.0,2.0,2.0,,5.0,,,6.0,,11.0,,3.0,,
pid_1916,1.0,,1.0,,,,1.0,50.0,,,1.0,350.0,,92.0,,4.0,2.0,2.0,5.0,5.0,4.0,4.0,5.0,5.0,1.0,3.0,,5.0,,1.0,3.0,1.0,,,,,6.0,2.0,6.0,1.0,3.0,3.0,5.0,7.0,5.0,6.0,71.0,58.0,69.0,79.0,60.0,81.0,69.0,93.0,65.0,48.0,2.0,,6.0,1.0,1.0,1.0,1.0,2.0,1.0,1.0,1.0,1.0,1.0,,,,,,,2.0,2.0,1.0,2.0,1.0,2.0,2.0,2.0,1.0,2.0,1.0,1.0,2.0,2.0,2.0,2.0,1.0,1.0,2.0,1.0,2.0,2.0,1.0,1.0,2.0,2.0,2.0,1.0,1.0,2.0,2.0,2.0,2.0,1.0,2.0,2.0,2.0,2.0,1.0,1.0,,5.0,,,5.0,,20.0,,3.0,,
pid_1917,,2.0,1.0,,,,2.0,7.0,,,1.0,90.0,,80.0,5.0,,5.0,5.0,5.0,5.0,5.0,5.0,5.0,5.0,1.0,5.0,2.0,,,5.0,2.0,1.0,,,,6.0,,1.0,6.0,6.0,4.0,2.0,1.0,2.0,6.0,7.0,17.0,90.0,100.0,92.0,26.0,53.0,90.0,33.0,0.0,55.0,4.0,6.0,,,,,,,,,,,,1.0,2.0,2.0,1.0,1.0,1.0,1.0,2.0,2.0,1.0,1.0,1.0,2.0,1.0,2.0,2.0,1.0,1.0,2.0,1.0,2.0,2.0,1.0,2.0,1.0,2.0,2.0,2.0,2.0,1.0,2.0,2.0,1.0,2.0,2.0,1.0,2.0,2.0,2.0,1.0,2.0,1.0,1.0,2.0,1.0,1.0,5.0,,,5.0,,,,10.0,,,3.0
pid_1918,,1.0,,1.0,,,1.0,20.0,2.0,75.0,,,,94.0,2.0,,4.0,3.0,4.0,4.0,4.0,5.0,4.0,5.0,4.0,2.0,,,4.0,3.0,5.0,3.0,,,,3.0,,1.0,6.0,3.0,6.0,6.0,2.0,5.0,5.0,5.0,53.0,41.0,57.0,41.0,40.0,45.0,44.0,52.0,50.0,57.0,1.0,6.0,,,,,,,,,,,,1.0,1.0,2.0,1.0,2.0,1.0,2.0,1.0,1.0,2.0,2.0,2.0,1.0,2.0,2.0,2.0,2.0,2.0,1.0,2.0,2.0,2.0,2.0,2.0,2.0,2.0,2.0,2.0,1.0,2.0,1.0,2.0,1.0,1.0,1.0,2.0,2.0,2.0,2.0,2.0,2.0,1.0,2.0,1.0,1.0,2.0,,,4.0,,,5.0,15.0,,,3.0,
pid_1919,,1.0,1.0,,,,1.0,38.0,1.0,1200.0,,,,92.0,,4.0,1.0,2.0,4.0,3.0,2.0,1.0,3.0,3.0,2.0,2.0,,2.0,,2.0,4.0,3.0,,,,2.0,,1.0,5.0,2.0,4.0,5.0,1.0,5.0,6.0,6.0,40.0,28.0,53.0,51.0,29.0,29.0,47.0,45.0,42.0,31.0,2.0,,6.0,,,,,,,,,,,1.0,1.0,1.0,1.0,1.0,1.0,2.0,1.0,2.0,2.0,2.0,2.0,2.0,2.0,2.0,2.0,1.0,1.0,2.0,2.0,2.0,2.0,2.0,1.0,2.0,2.0,1.0,2.0,1.0,1.0,2.0,2.0,1.0,2.0,2.0,2.0,2.0,2.0,2.0,1.0,2.0,1.0,2.0,2.0,2.0,1.0,,2.0,,,3.0,,,0.0,,3.0,
pid_1920,,2.0,,2.0,2.0,35.0,,,,,1.0,300.0,,80.0,2.0,,2.0,2.0,3.0,3.0,3.0,2.0,5.0,3.0,4.0,3.0,,4.0,,,,,5.0,3.0,4.0,,3.0,2.0,6.0,5.0,3.0,1.0,2.0,6.0,6.0,6.0,9.0,31.0,32.0,24.0,40.0,16.0,89.0,58.0,53.0,84.0,2.0,3.0,,,,,,,,,,,,1.0,1.0,2.0,1.0,1.0,2.0,1.0,1.0,1.0,1.0,2.0,1.0,1.0,1.0,1.0,1.0,1.0,1.0,1.0,2.0,2.0,2.0,1.0,1.0,1.0,1.0,2.0,1.0,1.0,1.0,1.0,1.0,2.0,1.0,1.0,1.0,1.0,2.0,2.0,2.0,1.0,2.0,1.0,1.0,1.0,2.0,,3.0,,,2.0,,,5.0,3.0,,
pid_1921,1.0,,1.0,,2.0,45.0,,,,,2.0,60.0,,70.0,,2.0,4.0,4.0,4.0,4.0,4.0,4.0,5.0,4.0,2.0,4.0,,1.0,,,,,5.0,4.0,4.0,2.0,,1.0,6.0,2.0,6.0,6.0,6.0,6.0,6.0,6.0,55.0,90.0,55.0,85.0,50.0,45.0,90.0,80.0,40.0,70.0,3.0,,6.0,,,,,,,,,,,1.0,1.0,2.0,1.0,1.0,1.0,2.0,1.0,1.0,2.0,1.0,1.0,2.0,2.0,2.0,1.0,1.0,2.0,1.0,1.0,2.0,1.0,2.0,1.0,2.0,1.0,1.0,2.0,1.0,1.0,2.0,1.0,1.0,1.0,1.0,2.0,1.0,1.0,2.0,1.0,1.0,2.0,2.0,1.0,1.0,1.0,,5.0,,,5.0,,,4.0,1.0,,
pid_1922,,2.0,,2.0,2.0,50.0,,,,,1.0,100.0,,40.0,4.0,,3.0,3.0,4.0,3.0,4.0,3.0,4.0,4.0,3.0,4.0,,2.0,,3.0,3.0,3.0,,,,,4.0,2.0,6.0,3.0,2.0,3.0,4.0,5.0,7.0,5.0,30.0,50.0,70.0,60.0,35.0,50.0,40.0,40.0,25.0,50.0,1.0,5.0,,1.0,1.0,1.0,1.0,2.0,1.0,1.0,2.0,1.0,2.0,,,,,,,1.0,2.0,1.0,2.0,1.0,1.0,1.0,1.0,1.0,2.0,2.0,1.0,2.0,1.0,1.0,2.0,1.0,1.0,2.0,1.0,2.0,1.0,2.0,1.0,2.0,1.0,1.0,1.0,1.0,2.0,2.0,2.0,1.0,1.0,1.0,1.0,2.0,1.0,2.0,2.0,,5.0,,,5.0,,,4.0,2.0,,
pid_1924,2.0,,,2.0,1.0,80.0,,,1.0,2000.0,,,,90.0,,4.0,5.0,5.0,1.0,3.0,5.0,5.0,5.0,5.0,5.0,5.0,,,2.0,5.0,5.0,4.0,,,,,5.0,2.0,7.0,3.0,4.0,3.0,1.0,6.0,5.0,6.0,70.0,75.0,55.0,46.0,60.0,55.0,70.0,55.0,50.0,85.0,4.0,,6.0,1.0,1.0,1.0,1.0,1.0,1.0,1.0,1.0,1.0,1.0,,,,,,,1.0,2.0,1.0,1.0,1.0,1.0,1.0,1.0,1.0,2.0,2.0,1.0,2.0,1.0,1.0,2.0,1.0,1.0,2.0,1.0,1.0,1.0,1.0,1.0,1.0,1.0,1.0,2.0,1.0,2.0,2.0,2.0,1.0,2.0,1.0,2.0,2.0,1.0,1.0,1.0,,,5.0,,,4.0,20.0,,2.0,,
pid_1925,,1.0,,1.0,,,1.0,15.0,1.0,7.0,,,,80.0,,2.0,3.0,4.0,3.0,3.0,3.0,4.0,3.0,3.0,4.0,3.0,,,4.0,4.0,4.0,6.0,,,,5.0,,1.0,7.0,2.0,1.0,1.0,1.0,7.0,7.0,7.0,34.0,53.0,71.0,63.0,38.0,14.0,41.0,21.0,60.0,32.0,4.0,,4.0,,,,,,,,,,,1.0,1.0,1.0,2.0,2.0,2.0,1.0,1.0,1.0,1.0,1.0,1.0,2.0,2.0,2.0,1.0,1.0,1.0,1.0,1.0,2.0,2.0,1.0,1.0,1.0,1.0,1.0,1.0,1.0,1.0,1.0,1.0,2.0,2.0,1.0,1.0,2.0,2.0,2.0,1.0,1.0,1.0,1.0,1.0,1.0,1.0,,,3.0,,,5.0,,15.0,,3.0,
pid_1926,,2.0,,2.0,,,1.0,18.0,1.0,1250.0,,,,70.0,,5.0,2.0,5.0,2.0,4.0,2.0,4.0,4.0,5.0,3.0,3.0,,,1.0,1.0,3.0,2.0,,,,,5.0,2.0,5.0,6.0,4.0,5.0,2.0,5.0,6.0,6.0,72.0,65.0,42.0,51.0,60.0,63.0,46.0,45.0,43.0,41.0,3.0,,6.0,1.0,1.0,2.0,1.0,1.0,2.0,1.0,1.0,1.0,2.0,,,,,,,1.0,1.0,2.0,1.0,2.0,2.0,1.0,2.0,2.0,1.0,2.0,2.0,1.0,1.0,2.0,2.0,1.0,1.0,1.0,1.0,1.0,2.0,1.0,1.0,2.0,1.0,1.0,1.0,1.0,1.0,1.0,1.0,1.0,1.0,1.0,2.0,1.0,2.0,1.0,2.0,,,5.0,,,6.0,,10.0,,2.0,
pid_1927,1.0,,,2.0,2.0,50.0,,,,,1.0,350.0,,70.0,,6.0,1.0,5.0,5.0,4.0,3.0,1.0,4.0,2.0,1.0,5.0,5.0,,,,,,4.0,6.0,4.0,,6.0,1.0,6.0,2.0,5.0,3.0,5.0,5.0,5.0,5.0,9.0,75.0,99.0,51.0,33.0,1.0,37.0,38.0,1.0,95.0,1.0,,6.0,,,,,,,,,,,1.0,1.0,1.0,1.0,1.0,1.0,2.0,2.0,1.0,2.0,2.0,2.0,1.0,1.0,1.0,2.0,1.0,2.0,1.0,1.0,2.0,2.0,2.0,1.0,2.0,2.0,1.0,2.0,1.0,2.0,2.0,1.0,2.0,1.0,1.0,2.0,2.0,2.0,1.0,1.0,1.0,1.0,2.0,2.0,2.0,2.0,5.0,,,3.0,,,,0.0,,10.0,
pid_1928,,2.0,,1.0,1.0,75.0,,,1.0,1200.0,,,,38.0,4.0,,4.0,5.0,1.0,2.0,5.0,4.0,5.0,4.0,5.0,5.0,,,3.0,,,,5.0,1.0,4.0,5.0,,1.0,6.0,2.0,3.0,2.0,1.0,6.0,6.0,7.0,60.0,92.0,20.0,54.0,45.0,53.0,82.0,55.0,47.0,66.0,2.0,,6.0,2.0,2.0,1.0,1.0,1.0,2.0,1.0,1.0,1.0,1.0,,,,,,,2.0,2.0,2.0,2.0,2.0,1.0,1.0,2.0,1.0,2.0,1.0,2.0,1.0,2.0,1.0,2.0,1.0,2.0,2.0,1.0,2.0,2.0,2.0,1.0,2.0,2.0,1.0,2.0,2.0,1.0,1.0,1.0,1.0,1.0,2.0,2.0,2.0,2.0,1.0,1.0,,,5.0,,,6.0,15.0,,,,3.0
pid_1929,1.0,,,2.0,,,1.0,40.0,,,1.0,450.0,,98.0,2.0,,1.0,5.0,5.0,4.0,3.0,1.0,2.0,4.0,1.0,4.0,,1.0,,,,,1.0,3.0,3.0,,5.0,1.0,6.0,2.0,2.0,2.0,5.0,5.0,5.0,3.0,18.0,77.0,65.0,47.0,25.0,12.0,42.0,58.0,17.0,60.0,3.0,3.0,,,,,,,,,,,,1.0,1.0,1.0,1.0,2.0,2.0,2.0,2.0,2.0,1.0,2.0,1.0,2.0,1.0,2.0,1.0,2.0,1.0,1.0,1.0,1.0,1.0,2.0,2.0,2.0,2.0,1.0,1.0,2.0,1.0,1.0,1.0,1.0,1.0,2.0,1.0,1.0,1.0,1.0,1.0,1.0,1.0,1.0,2.0,1.0,1.0,,4.0,,,6.0,,5.0,,,9.0,
pid_1930,,2.0,,2.0,,,2.0,5.0,1.0,1000.0,,,,80.0,,3.0,4.0,5.0,2.0,4.0,4.0,3.0,3.0,3.0,4.0,5.0,2.0,,,5.0,5.0,2.0,,,,4.0,,1.0,5.0,3.0,3.0,6.0,2.0,6.0,6.0,6.0,62.0,83.0,49.0,76.0,46.0,62.0,54.0,60.0,74.0,69.0,1.0,,5.0,1.0,1.0,1.0,1.0,1.0,2.0,1.0,1.0,2.0,2.0,,,,,,,1.0,2.0,2.0,2.0,2.0,1.0,2.0,1.0,1.0,2.0,1.0,2.0,1.0,1.0,1.0,1.0,1.0,1.0,2.0,1.0,2.0,1.0,2.0,2.0,2.0,1.0,2.0,2.0,2.0,1.0,1.0,1.0,1.0,2.0,2.0,1.0,1.0,1.0,1.0,2.0,4.0,,,3.0,,,12.0,,,,4.0
pid_1931,,1.0,,2.0,,,1.0,23.0,2.0,287.0,,,,95.0,3.0,,3.0,4.0,4.0,4.0,1.0,1.0,3.0,3.0,2.0,4.0,,1.0,,4.0,3.0,3.0,,,,,3.0,1.0,5.0,3.0,6.0,6.0,2.0,5.0,6.0,6.0,23.0,55.0,40.0,51.0,13.0,10.0,30.0,40.0,37.0,65.0,2.0,6.0,,1.0,1.0,1.0,1.0,1.0,1.0,1.0,1.0,1.0,1.0,,,,,,,2.0,2.0,2.0,2.0,2.0,1.0,1.0,2.0,1.0,1.0,1.0,2.0,2.0,1.0,1.0,1.0,2.0,2.0,2.0,1.0,2.0,1.0,1.0,1.0,2.0,1.0,1.0,2.0,2.0,2.0,2.0,1.0,1.0,1.0,1.0,2.0,1.0,2.0,2.0,1.0,,5.0,,,4.0,,,5.0,1.0,,
pid_1932,,2.0,,2.0,2.0,40.0,,,,,1.0,115.0,,70.0,3.0,,3.0,3.0,4.0,4.0,3.0,4.0,5.0,4.0,4.0,5.0,,4.0,,4.0,4.0,3.0,,,,,4.0,1.0,6.0,2.0,4.0,5.0,2.0,6.0,4.0,5.0,50.0,60.0,50.0,60.0,35.0,55.0,90.0,45.0,35.0,85.0,3.0,,6.0,1.0,2.0,1.0,1.0,1.0,2.0,1.0,1.0,2.0,1.0,,,,,,,2.0,2.0,2.0,2.0,1.0,1.0,2.0,2.0,2.0,2.0,2.0,1.0,2.0,1.0,1.0,1.0,2.0,2.0,1.0,2.0,1.0,2.0,2.0,2.0,2.0,2.0,2.0,2.0,1.0,1.0,1.0,2.0,1.0,2.0,1.0,2.0,2.0,1.0,2.0,1.0,,5.0,,,5.0,,15.0,,3.0,,
pid_1933,1.0,,,1.0,,,1.0,20.0,1.0,1200.0,,,,0.0,3.0,,4.0,3.0,3.0,4.0,4.0,5.0,5.0,3.0,3.0,5.0,3.0,,,1.0,3.0,2.0,,,,,6.0,2.0,3.0,5.0,2.0,3.0,2.0,6.0,5.0,5.0,58.0,70.0,55.0,60.0,30.0,75.0,80.0,60.0,27.0,50.0,2.0,6.0,,1.0,1.0,1.0,2.0,1.0,2.0,1.0,1.0,1.0,2.0,,,,,,,1.0,1.0,1.0,1.0,1.0,2.0,1.0,1.0,1.0,1.0,1.0,2.0,1.0,1.0,1.0,1.0,2.0,1.0,1.0,2.0,1.0,1.0,1.0,1.0,1.0,1.0,1.0,1.0,1.0,2.0,1.0,2.0,1.0,2.0,2.0,2.0,1.0,1.0,1.0,2.0,5.0,,,5.0,,,10.0,,2.0,,
pid_1934,1.0,,1.0,,,,1.0,2.0,,,1.0,250.0,,37.0,5.0,,4.0,3.0,4.0,4.0,4.0,3.0,4.0,4.0,4.0,3.0,4.0,,,,,,5.0,5.0,4.0,,4.0,2.0,5.0,3.0,2.0,2.0,4.0,5.0,6.0,6.0,64.0,55.0,58.0,60.0,40.0,55.0,43.0,35.0,60.0,46.0,2.0,,6.0,,,,,,,,,,,1.0,2.0,1.0,2.0,1.0,1.0,1.0,2.0,1.0,2.0,2.0,1.0,1.0,2.0,1.0,2.0,2.0,1.0,1.0,1.0,2.0,1.0,2.0,1.0,1.0,1.0,2.0,1.0,1.0,1.0,2.0,1.0,1.0,1.0,1.0,2.0,1.0,2.0,2.0,1.0,2.0,1.0,1.0,1.0,2.0,2.0,3.0,,,4.0,,,15.0,,6.0,,
pid_1935,1.0,,,2.0,2.0,35.0,,,,,1.0,120.0,,70.0,3.0,,1.0,3.0,5.0,3.0,1.0,1.0,3.0,4.0,4.0,4.0,,4.0,,4.0,5.0,2.0,,,,,1.0,1.0,6.0,1.0,5.0,5.0,3.0,3.0,5.0,5.0,40.0,50.0,90.0,50.0,40.0,40.0,35.0,65.0,55.0,80.0,4.0,5.0,,1.0,1.0,1.0,1.0,1.0,1.0,1.0,1.0,1.0,1.0,,,,,,,2.0,1.0,1.0,1.0,1.0,2.0,2.0,2.0,2.0,2.0,2.0,1.0,1.0,2.0,2.0,2.0,2.0,1.0,2.0,2.0,1.0,1.0,1.0,1.0,2.0,1.0,2.0,1.0,2.0,2.0,2.0,1.0,1.0,2.0,2.0,2.0,1.0,1.0,1.0,1.0,,2.0,,,4.0,,,15.0,,9.0,
pid_1936,,2.0,1.0,,2.0,30.0,,,,,1.0,150.0,90.0,,,4.0,1.0,1.0,5.0,1.0,3.0,1.0,1.0,1.0,1.0,1.0,,4.0,,,,,3.0,2.0,5.0,3.0,,2.0,6.0,2.0,5.0,6.0,2.0,5.0,6.0,6.0,20.0,5.0,85.0,7.0,10.0,25.0,10.0,10.0,5.0,8.0,1.0,6.0,,,,,,,,,,,,1.0,1.0,2.0,1.0,2.0,1.0,1.0,1.0,2.0,1.0,1.0,1.0,2.0,2.0,1.0,1.0,1.0,2.0,1.0,2.0,1.0,1.0,2.0,1.0,1.0,1.0,1.0,1.0,2.0,1.0,1.0,1.0,1.0,1.0,1.0,1.0,2.0,1.0,1.0,1.0,1.0,1.0,1.0,1.0,2.0,1.0,,4.0,,,4.0,,,8.0,,,10.0
pid_1937,,2.0,,2.0,,,2.0,11.0,,,1.0,90.0,,70.0,,3.0,5.0,5.0,3.0,5.0,3.0,5.0,5.0,5.0,4.0,5.0,,4.0,,3.0,3.0,3.0,,,,,4.0,1.0,7.0,5.0,1.0,1.0,1.0,2.0,7.0,7.0,70.0,84.0,53.0,100.0,50.0,84.0,65.0,70.0,38.0,100.0,4.0,,6.0,,,,,,,,,,,1.0,1.0,1.0,1.0,2.0,2.0,2.0,1.0,2.0,1.0,1.0,2.0,2.0,2.0,2.0,2.0,2.0,2.0,1.0,2.0,2.0,2.0,2.0,1.0,2.0,2.0,1.0,2.0,2.0,2.0,1.0,2.0,2.0,1.0,2.0,2.0,2.0,1.0,2.0,1.0,1.0,2.0,2.0,1.0,2.0,2.0,,5.0,,,6.0,,,2.0,1.0,,
pid_1938,,2.0,,1.0,2.0,25.0,,,2.0,100.0,,,,70.0,,3.0,3.0,4.0,3.0,3.0,5.0,4.0,4.0,3.0,4.0,5.0,,4.0,,5.0,3.0,3.0,,,,5.0,,1.0,6.0,4.0,3.0,5.0,2.0,6.0,7.0,6.0,60.0,45.0,75.0,36.0,30.0,20.0,10.0,10.0,25.0,18.0,2.0,5.0,,1.0,2.0,1.0,2.0,1.0,1.0,1.0,2.0,1.0,1.0,,,,,,,1.0,2.0,2.0,1.0,2.0,2.0,2.0,1.0,1.0,1.0,2.0,1.0,2.0,1.0,2.0,1.0,1.0,1.0,1.0,2.0,1.0,2.0,2.0,1.0,1.0,1.0,1.0,2.0,2.0,1.0,2.0,1.0,2.0,2.0,1.0,1.0,1.0,2.0,1.0,1.0,,5.0,,,6.0,,8.0,,3.0,,
pid_1939,,2.0,2.0,,2.0,45.0,,,,,1.0,120.0,70.0,,,2.0,4.0,4.0,4.0,4.0,4.0,3.0,3.0,4.0,4.0,5.0,,,2.0,1.0,1.0,4.0,,,,,5.0,1.0,6.0,4.0,4.0,3.0,4.0,5.0,6.0,7.0,40.0,40.0,55.0,50.0,50.0,40.0,45.0,55.0,40.0,60.0,3.0,,6.0,1.0,2.0,1.0,1.0,1.0,1.0,2.0,2.0,2.0,2.0,,,,,,,2.0,1.0,1.0,2.0,2.0,1.0,1.0,2.0,2.0,2.0,2.0,1.0,2.0,2.0,2.0,1.0,1.0,1.0,1.0,1.0,2.0,2.0,1.0,1.0,2.0,2.0,2.0,1.0,1.0,2.0,1.0,2.0,1.0,2.0,2.0,1.0,2.0,2.0,1.0,2.0,,,4.0,,,5.0,20.0,,4.0,,
pid_1940,,2.0,,1.0,,,1.0,54.0,2.0,100.0,,,80.0,,,2.0,1.0,5.0,5.0,5.0,1.0,1.0,5.0,5.0,4.0,5.0,1.0,,,,,,3.0,3.0,3.0,1.0,,2.0,7.0,1.0,7.0,7.0,2.0,6.0,3.0,3.0,55.0,95.0,60.0,80.0,45.0,40.0,60.0,65.0,75.0,90.0,1.0,,6.0,1.0,1.0,1.0,2.0,1.0,1.0,1.0,1.0,2.0,1.0,,,,,,,1.0,2.0,1.0,1.0,2.0,2.0,2.0,2.0,1.0,2.0,2.0,2.0,2.0,1.0,2.0,2.0,1.0,2.0,2.0,1.0,2.0,2.0,2.0,1.0,1.0,1.0,1.0,2.0,2.0,1.0,1.0,1.0,2.0,2.0,1.0,1.0,2.0,1.0,1.0,2.0,5.0,,,6.0,,,20.0,,1.0,,
pid_1941,1.0,,,2.0,,,2.0,8.0,,,1.0,200.0,75.0,,3.0,,4.0,4.0,4.0,4.0,3.0,3.0,3.0,4.0,4.0,4.0,2.0,,,,,,4.0,4.0,3.0,,3.0,1.0,5.0,4.0,4.0,4.0,2.0,3.0,5.0,3.0,67.0,75.0,41.0,58.0,53.0,44.0,56.0,62.0,75.0,71.0,2.0,,5.0,,,,,,,,,,,1.0,1.0,1.0,1.0,2.0,2.0,1.0,2.0,1.0,2.0,1.0,2.0,2.0,2.0,2.0,2.0,2.0,1.0,2.0,2.0,2.0,2.0,2.0,2.0,2.0,2.0,1.0,2.0,1.0,2.0,2.0,2.0,2.0,1.0,2.0,1.0,1.0,2.0,2.0,1.0,1.0,1.0,2.0,2.0,2.0,2.0,2.0,,,4.0,,,18.0,,,,5.0
pid_1942,1.0,,,2.0,2.0,32.0,,,,,1.0,300.0,30.0,,,2.0,1.0,3.0,5.0,4.0,1.0,1.0,1.0,3.0,1.0,4.0,1.0,,,5.0,6.0,4.0,,,,4.0,,1.0,7.0,3.0,6.0,6.0,2.0,4.0,5.0,5.0,9.0,46.0,78.0,77.0,8.0,28.0,53.0,63.0,8.0,73.0,1.0,,7.0,,,,,,,,,,,1.0,1.0,1.0,2.0,1.0,2.0,1.0,1.0,1.0,2.0,2.0,1.0,2.0,1.0,2.0,1.0,2.0,2.0,2.0,2.0,2.0,1.0,2.0,1.0,1.0,2.0,1.0,2.0,1.0,1.0,2.0,2.0,1.0,1.0,1.0,1.0,2.0,1.0,1.0,2.0,2.0,2.0,2.0,1.0,1.0,1.0,1.0,,,4.0,,,,20.0,,5.0,
pid_1943,,1.0,1.0,,,,1.0,54.0,2.0,300.0,,,43.0,,2.0,,3.0,5.0,3.0,4.0,3.0,3.0,5.0,5.0,4.0,5.0,3.0,,,,,,5.0,3.0,4.0,3.0,,1.0,7.0,1.0,4.0,1.0,4.0,7.0,6.0,6.0,43.0,34.0,45.0,63.0,25.0,48.0,46.0,38.0,32.0,50.0,1.0,5.0,,,,,,,,,,,,2.0,1.0,1.0,2.0,1.0,2.0,2.0,2.0,2.0,2.0,1.0,1.0,1.0,1.0,1.0,1.0,1.0,2.0,1.0,1.0,2.0,1.0,1.0,1.0,2.0,1.0,2.0,1.0,1.0,2.0,1.0,1.0,1.0,2.0,1.0,1.0,1.0,1.0,1.0,1.0,2.0,1.0,1.0,2.0,1.0,1.0,4.0,,,4.0,,,15.0,,,10.0,
pid_1944,,2.0,,1.0,,,2.0,5.0,,,1.0,150.0,,89.0,,3.0,4.0,5.0,1.0,4.0,5.0,4.0,5.0,4.0,5.0,3.0,1.0,,,,,,5.0,6.0,5.0,,2.0,1.0,5.0,2.0,6.0,5.0,2.0,5.0,7.0,6.0,20.0,41.0,90.0,65.0,10.0,35.0,25.0,45.0,5.0,45.0,4.0,5.0,,1.0,2.0,1.0,1.0,1.0,1.0,1.0,1.0,1.0,2.0,,,,,,,1.0,2.0,2.0,1.0,1.0,1.0,2.0,2.0,2.0,1.0,2.0,2.0,2.0,2.0,2.0,2.0,1.0,2.0,1.0,2.0,1.0,1.0,2.0,1.0,1.0,1.0,1.0,2.0,1.0,1.0,1.0,1.0,2.0,1.0,2.0,1.0,2.0,1.0,1.0,2.0,4.0,,,3.0,,,15.0,,,3.0,
pid_1945,,2.0,2.0,,,,1.0,18.0,,,1.0,115.0,90.0,,,4.0,4.0,4.0,1.0,5.0,5.0,4.0,4.0,4.0,5.0,5.0,,1.0,,,,,3.0,4.0,3.0,4.0,,2.0,7.0,2.0,3.0,5.0,2.0,5.0,6.0,5.0,40.0,90.0,15.0,50.0,25.0,50.0,60.0,60.0,68.0,72.0,2.0,6.0,,,,,,,,,,,,1.0,2.0,1.0,1.0,1.0,2.0,2.0,2.0,1.0,2.0,2.0,2.0,2.0,2.0,2.0,1.0,1.0,2.0,2.0,1.0,1.0,2.0,1.0,2.0,1.0,2.0,2.0,1.0,1.0,2.0,2.0,1.0,2.0,1.0,2.0,1.0,2.0,2.0,1.0,2.0,1.0,2.0,2.0,2.0,2.0,2.0,,5.0,,,6.0,,,2.0,,10.0,
pid_1946,,2.0,1.0,,2.0,35.0,,,2.0,700.0,,,72.0,,,3.0,5.0,5.0,1.0,2.0,5.0,5.0,5.0,4.0,5.0,5.0,3.0,,,,,,3.0,4.0,4.0,,4.0,2.0,7.0,2.0,5.0,5.0,5.0,5.0,6.0,5.0,33.0,73.0,11.0,20.0,37.0,14.0,62.0,49.0,59.0,63.0,1.0,,5.0,,,,,,,,,,,1.0,1.0,2.0,1.0,1.0,2.0,2.0,2.0,1.0,1.0,2.0,1.0,2.0,2.0,2.0,2.0,2.0,2.0,2.0,1.0,2.0,1.0,1.0,1.0,2.0,2.0,2.0,2.0,2.0,1.0,2.0,1.0,2.0,1.0,1.0,2.0,2.0,2.0,2.0,2.0,2.0,1.0,1.0,2.0,1.0,2.0,4.0,,,3.0,,,18.0,,,,7.0
pid_1947,1.0,,1.0,,1.0,100.0,,,1.0,1700.0,,,30.0,,,3.0,4.0,3.0,5.0,3.0,3.0,4.0,5.0,3.0,3.0,3.0,1.0,,,5.0,3.0,3.0,,,,,6.0,2.0,7.0,2.0,4.0,5.0,2.0,7.0,5.0,3.0,55.0,50.0,80.0,60.0,50.0,60.0,95.0,50.0,20.0,55.0,2.0,4.0,,1.0,1.0,1.0,1.0,1.0,1.0,1.0,1.0,1.0,1.0,,,,,,,1.0,1.0,1.0,1.0,2.0,2.0,1.0,1.0,2.0,1.0,2.0,2.0,1.0,1.0,2.0,1.0,2.0,1.0,1.0,1.0,1.0,2.0,2.0,2.0,2.0,2.0,2.0,1.0,1.0,1.0,1.0,1.0,1.0,1.0,2.0,1.0,2.0,1.0,2.0,2.0,5.0,,,4.0,,,15.0,,,4.0,
pid_1948,,1.0,,1.0,2.0,8.0,,,1.0,1500.0,,,40.0,,,4.0,4.0,5.0,5.0,4.0,3.0,4.0,5.0,5.0,5.0,5.0,,,2.0,,,,4.0,5.0,5.0,,6.0,2.0,7.0,5.0,3.0,2.0,5.0,6.0,7.0,7.0,45.0,65.0,30.0,32.0,20.0,15.0,40.0,55.0,40.0,60.0,3.0,6.0,,1.0,2.0,1.0,2.0,1.0,1.0,1.0,2.0,1.0,1.0,,,,,,,2.0,1.0,1.0,1.0,1.0,2.0,2.0,1.0,2.0,1.0,2.0,2.0,2.0,2.0,2.0,1.0,2.0,1.0,1.0,1.0,2.0,2.0,1.0,2.0,1.0,2.0,1.0,2.0,1.0,2.0,1.0,1.0,2.0,2.0,2.0,1.0,2.0,2.0,2.0,1.0,,,5.0,,,5.0,,5.0,,6.0,
pid_1949,,2.0,,1.0,2.0,52.0,,,2.0,370.0,,,30.0,,1.0,,4.0,4.0,3.0,4.0,5.0,5.0,5.0,4.0,4.0,5.0,1.0,,,,,,2.0,2.0,3.0,,4.0,2.0,7.0,5.0,6.0,5.0,3.0,3.0,5.0,6.0,60.0,87.0,60.0,51.0,54.0,62.0,69.0,60.0,44.0,74.0,4.0,7.0,,,,,,,,,,,,1.0,1.0,2.0,1.0,1.0,2.0,2.0,1.0,2.0,2.0,2.0,1.0,2.0,2.0,2.0,1.0,2.0,2.0,2.0,1.0,1.0,2.0,1.0,1.0,2.0,2.0,1.0,2.0,1.0,2.0,1.0,1.0,1.0,2.0,2.0,1.0,1.0,2.0,2.0,1.0,2.0,1.0,2.0,1.0,2.0,2.0,5.0,,,6.0,,,20.0,,,,4.0
pid_1950,,2.0,,1.0,2.0,0.0,,,,,1.0,120.0,,30.0,2.0,,4.0,5.0,3.0,5.0,3.0,4.0,5.0,5.0,5.0,5.0,2.0,,,2.0,4.0,2.0,,,,,6.0,2.0,6.0,1.0,1.0,3.0,2.0,6.0,6.0,6.0,39.0,60.0,32.0,67.0,10.0,9.0,18.0,30.0,30.0,50.0,3.0,3.0,,1.0,2.0,1.0,1.0,1.0,1.0,1.0,1.0,2.0,2.0,,,,,,,1.0,2.0,2.0,2.0,2.0,2.0,2.0,1.0,2.0,2.0,2.0,2.0,2.0,2.0,1.0,1.0,2.0,2.0,2.0,1.0,2.0,2.0,2.0,1.0,1.0,2.0,2.0,2.0,2.0,2.0,2.0,1.0,2.0,2.0,2.0,2.0,2.0,1.0,2.0,2.0,5.0,,,6.0,,,15.0,,1.0,,
pid_1951,1.0,,,2.0,2.0,25.0,,,,,1.0,410.0,,85.0,,6.0,3.0,3.0,4.0,3.0,2.0,4.0,2.0,4.0,4.0,5.0,,,5.0,,,,4.0,3.0,4.0,5.0,,2.0,3.0,2.0,4.0,3.0,2.0,5.0,5.0,5.0,40.0,52.0,56.0,35.0,50.0,60.0,62.0,71.0,40.0,86.0,2.0,,5.0,1.0,1.0,1.0,2.0,1.0,2.0,1.0,2.0,1.0,1.0,,,,,,,2.0,2.0,1.0,2.0,2.0,2.0,2.0,1.0,2.0,1.0,2.0,2.0,2.0,2.0,1.0,1.0,2.0,2.0,2.0,2.0,1.0,2.0,1.0,2.0,2.0,2.0,1.0,2.0,1.0,1.0,2.0,2.0,2.0,2.0,2.0,1.0,2.0,2.0,2.0,2.0,,,4.0,,,4.0,,15.0,,10.0,
pid_1952,2.0,,2.0,,2.0,40.0,,,,,1.0,300.0,30.0,,,4.0,4.0,5.0,2.0,3.0,4.0,5.0,5.0,4.0,4.0,5.0,,,4.0,,,,3.0,3.0,3.0,,6.0,1.0,7.0,2.0,6.0,6.0,5.0,7.0,5.0,5.0,50.0,31.0,39.0,30.0,19.0,32.0,62.0,49.0,32.0,78.0,2.0,4.0,,1.0,1.0,1.0,1.0,1.0,1.0,1.0,1.0,1.0,1.0,,,,,,,2.0,2.0,2.0,2.0,1.0,1.0,1.0,1.0,1.0,2.0,1.0,2.0,1.0,1.0,2.0,2.0,1.0,2.0,2.0,2.0,1.0,1.0,1.0,1.0,1.0,2.0,2.0,1.0,1.0,1.0,2.0,2.0,1.0,1.0,2.0,1.0,1.0,1.0,2.0,2.0,,,5.0,,,6.0,0.0,,,,7.0
pid_1953,1.0,,,2.0,2.0,54.0,,,2.0,380.0,,,,70.0,,4.0,5.0,5.0,1.0,5.0,4.0,5.0,5.0,5.0,5.0,5.0,,,5.0,3.0,4.0,2.0,,,,4.0,,1.0,6.0,1.0,3.0,2.0,5.0,7.0,5.0,7.0,55.0,95.0,40.0,50.0,65.0,65.0,60.0,60.0,70.0,85.0,3.0,,6.0,1.0,1.0,1.0,1.0,1.0,1.0,1.0,1.0,1.0,1.0,,,,,,,1.0,1.0,2.0,1.0,2.0,1.0,1.0,1.0,1.0,1.0,2.0,2.0,2.0,2.0,2.0,2.0,2.0,2.0,1.0,2.0,2.0,2.0,2.0,2.0,2.0,1.0,2.0,2.0,1.0,2.0,2.0,2.0,1.0,2.0,1.0,2.0,2.0,2.0,1.0,1.0,,,5.0,,,6.0,,15.0,,,5.0
pid_1954,,1.0,,1.0,,,1.0,54.0,,,1.0,379.7,,72.0,6.0,,4.0,4.0,3.0,4.0,5.0,5.0,3.0,4.0,4.0,3.0,,4.0,,,,,4.0,3.0,2.0,,4.0,2.0,7.0,5.0,3.0,3.0,1.0,6.0,6.0,5.0,76.0,31.0,30.0,56.0,34.0,47.0,68.0,33.0,20.0,43.0,1.0,3.0,,1.0,1.0,2.0,2.0,2.0,1.0,2.0,1.0,2.0,2.0,,,,,,,1.0,1.0,2.0,2.0,1.0,1.0,2.0,1.0,1.0,1.0,1.0,1.0,1.0,1.0,1.0,1.0,2.0,1.0,1.0,2.0,2.0,1.0,2.0,2.0,1.0,2.0,1.0,1.0,1.0,1.0,1.0,1.0,2.0,2.0,1.0,1.0,1.0,1.0,2.0,2.0,,5.0,,,6.0,,,20.0,,,3.0
pid_1955,,2.0,1.0,,2.0,30.0,,,1.0,1001.0,,,,50.0,2.0,,4.0,3.0,4.0,4.0,4.0,4.0,3.0,3.0,2.0,4.0,3.0,,,1.0,5.0,2.0,,,,,6.0,1.0,7.0,1.0,4.0,2.0,2.0,7.0,7.0,6.0,80.0,60.0,75.0,80.0,86.0,85.0,78.0,50.0,20.0,82.0,2.0,,6.0,2.0,2.0,2.0,2.0,2.0,2.0,2.0,2.0,2.0,2.0,,,,,,,2.0,1.0,1.0,1.0,2.0,2.0,2.0,1.0,2.0,2.0,1.0,2.0,2.0,2.0,2.0,1.0,2.0,2.0,2.0,2.0,2.0,1.0,1.0,1.0,2.0,1.0,2.0,2.0,2.0,2.0,2.0,1.0,2.0,2.0,2.0,2.0,1.0,2.0,1.0,2.0,5.0,,,6.0,,,20.0,,,,2.0
pid_1956,2.0,,,2.0,1.0,70.0,,,1.0,2500.0,,,,80.0,3.0,,5.0,5.0,1.0,1.0,4.0,5.0,5.0,4.0,5.0,5.0,,,2.0,4.0,4.0,3.0,,,,5.0,,1.0,7.0,5.0,6.0,6.0,2.0,5.0,6.0,6.0,35.0,86.0,39.0,32.0,25.0,32.0,55.0,55.0,63.0,70.0,4.0,,7.0,1.0,1.0,1.0,1.0,1.0,1.0,1.0,1.0,1.0,1.0,,,,,,,2.0,1.0,2.0,2.0,2.0,2.0,1.0,2.0,2.0,2.0,2.0,1.0,2.0,1.0,1.0,2.0,2.0,1.0,1.0,2.0,1.0,2.0,1.0,1.0,1.0,1.0,2.0,2.0,2.0,2.0,1.0,1.0,1.0,1.0,2.0,1.0,1.0,2.0,2.0,1.0,,,5.0,,,4.0,,10.0,,9.0,
pid_1957,,1.0,,1.0,,,1.0,15.0,,,1.0,120.0,,45.0,1.0,,1.0,4.0,5.0,3.0,3.0,1.0,1.0,2.0,3.0,3.0,2.0,,,3.0,5.0,2.0,,,,6.0,,2.0,7.0,4.0,5.0,5.0,5.0,7.0,7.0,6.0,48.0,77.0,59.0,30.0,34.0,19.0,29.0,16.0,36.0,59.0,1.0,,6.0,,,,,,,,,,,1.0,1.0,1.0,2.0,1.0,2.0,2.0,1.0,2.0,2.0,2.0,1.0,1.0,1.0,1.0,1.0,1.0,1.0,1.0,1.0,2.0,1.0,2.0,2.0,1.0,1.0,1.0,1.0,1.0,1.0,1.0,1.0,1.0,2.0,1.0,1.0,2.0,1.0,2.0,1.0,1.0,2.0,1.0,2.0,2.0,2.0,5.0,,,6.0,,,14.0,,,,3.0
pid_1958,1.0,,1.0,,,,1.0,54.0,2.0,360.0,,,,70.0,,6.0,5.0,5.0,5.0,5.0,5.0,5.0,5.0,5.0,5.0,4.0,3.0,,,,,,2.0,2.0,3.0,1.0,,1.0,6.0,2.0,2.0,2.0,2.0,6.0,7.0,7.0,60.0,20.0,65.0,100.0,60.0,70.0,100.0,50.0,70.0,70.0,3.0,5.0,,,,,,,,,,,,1.0,1.0,1.0,1.0,1.0,1.0,1.0,1.0,1.0,2.0,2.0,1.0,2.0,1.0,2.0,1.0,1.0,1.0,2.0,1.0,2.0,1.0,1.0,1.0,1.0,1.0,1.0,1.0,1.0,1.0,2.0,2.0,2.0,2.0,1.0,1.0,2.0,1.0,1.0,1.0,2.0,1.0,2.0,1.0,1.0,1.0,5.0,,,5.0,,,,10.0,,,3.0
pid_1959,2.0,,2.0,,,,1.0,54.0,,,1.0,60.0,76.0,,5.0,,4.0,3.0,3.0,4.0,3.0,4.0,3.0,3.0,4.0,4.0,,,4.0,,,,3.0,5.0,4.0,,5.0,1.0,5.0,4.0,5.0,6.0,3.0,4.0,4.0,5.0,68.0,23.0,53.0,34.0,42.0,55.0,34.0,25.0,21.0,45.0,3.0,,4.0,,,,,,,,,,,1.0,2.0,1.0,1.0,2.0,2.0,1.0,2.0,2.0,2.0,2.0,1.0,1.0,2.0,1.0,1.0,2.0,1.0,1.0,1.0,2.0,1.0,1.0,2.0,1.0,2.0,2.0,2.0,1.0,2.0,1.0,2.0,1.0,1.0,1.0,1.0,1.0,1.0,1.0,2.0,1.0,1.0,1.0,2.0,1.0,1.0,,,4.0,,,5.0,20.0,,4.0,,
pid_1960,1.0,,1.0,,,,1.0,20.0,2.0,500.0,,,30.0,,,3.0,5.0,5.0,2.0,1.0,5.0,5.0,4.0,5.0,5.0,5.0,,5.0,,1.0,1.0,1.0,,,,,4.0,1.0,7.0,6.0,7.0,6.0,2.0,5.0,6.0,7.0,60.0,65.0,75.0,60.0,50.0,40.0,50.0,70.0,55.0,60.0,4.0,5.0,,1.0,1.0,1.0,1.0,1.0,1.0,1.0,1.0,1.0,1.0,,,,,,,2.0,2.0,1.0,2.0,2.0,1.0,1.0,2.0,2.0,1.0,2.0,2.0,2.0,1.0,1.0,2.0,2.0,2.0,2.0,1.0,1.0,2.0,1.0,1.0,1.0,2.0,2.0,2.0,1.0,1.0,1.0,2.0,1.0,2.0,2.0,2.0,1.0,1.0,2.0,1.0,,5.0,,,6.0,,15.0,,3.0,,
pid_1961,2.0,,1.0,,2.0,30.0,,,2.0,200.0,,,50.0,,2.0,,4.0,4.0,3.0,3.0,4.0,4.0,4.0,3.0,4.0,4.0,,,1.0,,,,3.0,4.0,4.0,,4.0,2.0,6.0,2.0,2.0,2.0,2.0,6.0,6.0,6.0,60.0,75.0,50.0,40.0,35.0,70.0,50.0,60.0,40.0,70.0,2.0,,6.0,,,,,,,,,,,1.0,1.0,2.0,1.0,1.0,2.0,1.0,1.0,2.0,1.0,2.0,2.0,2.0,2.0,2.0,2.0,1.0,2.0,1.0,2.0,1.0,2.0,1.0,1.0,1.0,2.0,2.0,1.0,1.0,1.0,1.0,2.0,2.0,1.0,2.0,1.0,2.0,2.0,2.0,1.0,2.0,2.0,1.0,2.0,2.0,2.0,,,5.0,,,6.0,,12.0,,9.0,
pid_1962,1.0,,1.0,,,,1.0,50.0,,,1.0,400.0,,80.0,,5.0,4.0,4.0,2.0,2.0,3.0,3.0,5.0,4.0,4.0,4.0,,,4.0,3.0,4.0,2.0,,,,,4.0,1.0,7.0,2.0,5.0,3.0,5.0,5.0,6.0,6.0,33.0,65.0,50.0,33.0,10.0,10.0,75.0,60.0,45.0,55.0,3.0,6.0,,,,,,,,,,,,1.0,1.0,1.0,1.0,1.0,1.0,2.0,2.0,2.0,2.0,2.0,2.0,2.0,2.0,2.0,2.0,2.0,2.0,2.0,2.0,1.0,2.0,2.0,2.0,2.0,2.0,2.0,2.0,2.0,2.0,1.0,2.0,2.0,2.0,2.0,2.0,1.0,2.0,2.0,2.0,2.0,2.0,2.0,2.0,2.0,2.0,,,1.0,,,4.0,17.0,,2.0,,
pid_1963,1.0,,2.0,,,,1.0,20.0,,,1.0,110.0,,70.0,3.0,,5.0,5.0,1.0,2.0,4.0,4.0,5.0,5.0,5.0,5.0,,,3.0,3.0,3.0,3.0,,,,,4.0,1.0,6.0,2.0,3.0,3.0,4.0,6.0,5.0,6.0,40.0,30.0,45.0,40.0,35.0,30.0,35.0,40.0,35.0,65.0,1.0,,6.0,1.0,2.0,1.0,1.0,1.0,1.0,2.0,1.0,2.0,1.0,,,,,,,2.0,2.0,2.0,1.0,1.0,2.0,2.0,1.0,2.0,1.0,2.0,2.0,1.0,2.0,2.0,2.0,2.0,2.0,2.0,1.0,2.0,2.0,2.0,1.0,2.0,2.0,2.0,2.0,2.0,2.0,1.0,2.0,1.0,1.0,1.0,2.0,2.0,2.0,2.0,2.0,,,5.0,,,6.0,,10.0,,,3.0
pid_1964,,1.0,2.0,,2.0,54.0,,,1.0,1200.0,,,,70.0,2.0,,5.0,5.0,4.0,3.0,4.0,5.0,4.0,5.0,4.0,5.0,1.0,,,3.0,3.0,2.0,,,,,5.0,1.0,6.0,3.0,4.0,5.0,3.0,5.0,4.0,5.0,60.0,82.0,67.0,50.0,48.0,42.0,22.0,44.0,57.0,78.0,3.0,6.0,,1.0,1.0,1.0,1.0,1.0,1.0,1.0,1.0,1.0,1.0,,,,,,,2.0,2.0,1.0,1.0,1.0,2.0,2.0,2.0,1.0,1.0,1.0,2.0,1.0,1.0,2.0,1.0,1.0,1.0,2.0,1.0,1.0,1.0,2.0,1.0,2.0,2.0,1.0,1.0,1.0,1.0,2.0,2.0,1.0,1.0,2.0,1.0,2.0,2.0,1.0,1.0,5.0,,,6.0,,,15.0,,,4.0,
pid_1966,1.0,,,2.0,2.0,30.0,,,2.0,300.0,,,70.0,,2.0,,5.0,4.0,1.0,1.0,5.0,5.0,5.0,4.0,5.0,5.0,,,2.0,4.0,5.0,3.0,,,,,6.0,2.0,6.0,2.0,5.0,4.0,5.0,7.0,5.0,5.0,56.0,95.0,35.0,30.0,20.0,40.0,70.0,80.0,45.0,90.0,3.0,,6.0,1.0,1.0,1.0,2.0,1.0,2.0,1.0,2.0,2.0,1.0,,,,,,,1.0,2.0,1.0,2.0,2.0,1.0,1.0,2.0,1.0,2.0,2.0,1.0,1.0,2.0,2.0,2.0,1.0,2.0,2.0,2.0,2.0,2.0,2.0,1.0,1.0,1.0,2.0,2.0,1.0,1.0,2.0,1.0,2.0,1.0,2.0,1.0,2.0,1.0,2.0,2.0,,,5.0,,,5.0,,5.0,,,3.0
pid_1967,1.0,,1.0,,,,2.0,10.0,,,2.0,70.0,72.0,,4.0,,2.0,5.0,2.0,3.0,4.0,4.0,3.0,3.0,4.0,4.0,2.0,,,,,,3.0,4.0,4.0,5.0,,1.0,6.0,2.0,2.0,1.0,4.0,5.0,6.0,7.0,44.0,66.0,56.0,45.0,49.0,45.0,51.0,46.0,48.0,62.0,1.0,,5.0,,,,,,,,,,,1.0,1.0,1.0,2.0,2.0,1.0,2.0,2.0,2.0,2.0,2.0,1.0,2.0,2.0,2.0,2.0,2.0,2.0,2.0,2.0,2.0,2.0,2.0,2.0,2.0,2.0,2.0,2.0,2.0,2.0,2.0,2.0,1.0,1.0,2.0,2.0,2.0,2.0,2.0,1.0,2.0,2.0,1.0,2.0,2.0,2.0,2.0,,,4.0,,,,10.0,,10.0,
pid_1969,1.0,,1.0,,2.0,50.0,,,1.0,1200.0,,,,70.0,,3.0,5.0,5.0,1.0,4.0,5.0,5.0,5.0,5.0,5.0,5.0,,2.0,,4.0,4.0,4.0,,,,,5.0,2.0,6.0,1.0,5.0,3.0,6.0,7.0,6.0,7.0,25.0,30.0,50.0,25.0,5.0,25.0,40.0,50.0,50.0,50.0,4.0,6.0,,,,,,,,,,,,1.0,1.0,1.0,1.0,1.0,1.0,2.0,1.0,2.0,1.0,2.0,1.0,1.0,2.0,2.0,1.0,1.0,1.0,1.0,1.0,1.0,2.0,1.0,1.0,1.0,1.0,1.0,2.0,2.0,2.0,1.0,1.0,2.0,1.0,1.0,2.0,2.0,2.0,2.0,2.0,1.0,1.0,2.0,2.0,1.0,1.0,,5.0,,,5.0,,20.0,,,5.0,
pid_1970,,1.0,1.0,,2.0,50.0,,,1.0,1200.0,,,,61.0,,4.0,4.0,5.0,1.0,5.0,5.0,4.0,5.0,3.0,5.0,5.0,,2.0,,2.0,2.0,5.0,,,,5.0,,1.0,7.0,5.0,1.0,6.0,4.0,5.0,2.0,4.0,9.0,50.0,40.0,41.0,40.0,50.0,50.0,30.0,30.0,45.0,3.0,,6.0,1.0,1.0,2.0,2.0,1.0,1.0,2.0,2.0,1.0,1.0,,,,,,,2.0,2.0,2.0,2.0,1.0,2.0,2.0,1.0,2.0,2.0,2.0,2.0,2.0,1.0,2.0,2.0,2.0,2.0,1.0,2.0,2.0,1.0,2.0,2.0,1.0,2.0,1.0,2.0,2.0,1.0,2.0,2.0,1.0,1.0,2.0,2.0,2.0,1.0,2.0,1.0,,4.0,,,3.0,,,20.0,,6.0,
pid_1971,,2.0,,2.0,,,1.0,5.0,,,1.0,300.0,,49.0,,5.0,3.0,5.0,5.0,5.0,4.0,4.0,3.0,4.0,4.0,4.0,,3.0,,,,,5.0,2.0,3.0,5.0,,1.0,5.0,3.0,6.0,6.0,3.0,6.0,6.0,6.0,55.0,76.0,100.0,74.0,77.0,78.0,48.0,51.0,72.0,67.0,3.0,5.0,,1.0,1.0,1.0,1.0,1.0,1.0,1.0,1.0,1.0,1.0,,,,,,,2.0,1.0,1.0,1.0,1.0,1.0,1.0,2.0,2.0,1.0,1.0,1.0,1.0,1.0,2.0,1.0,2.0,1.0,1.0,2.0,1.0,1.0,1.0,1.0,1.0,1.0,1.0,1.0,1.0,2.0,1.0,2.0,1.0,2.0,2.0,1.0,1.0,2.0,2.0,2.0,,3.0,,,5.0,,20.0,,,,10.0
pid_1972,,1.0,,2.0,,,2.0,6.0,,,1.0,110.0,,91.0,,3.0,1.0,4.0,3.0,3.0,4.0,4.0,4.0,5.0,5.0,5.0,1.0,,,,,,3.0,2.0,3.0,4.0,,1.0,6.0,3.0,4.0,5.0,3.0,5.0,6.0,5.0,10.0,50.0,55.0,45.0,40.0,60.0,45.0,55.0,55.0,80.0,4.0,,5.0,,,,,,,,,,,1.0,1.0,2.0,1.0,2.0,1.0,2.0,1.0,1.0,1.0,2.0,2.0,1.0,1.0,1.0,1.0,1.0,2.0,1.0,1.0,2.0,1.0,2.0,1.0,1.0,1.0,1.0,1.0,1.0,1.0,1.0,2.0,1.0,1.0,2.0,2.0,1.0,1.0,1.0,1.0,1.0,1.0,2.0,1.0,1.0,1.0,5.0,,,5.0,,,20.0,,,9.0,
pid_1973,1.0,,,1.0,,,1.0,15.0,1.0,1500.0,,,,70.0,,3.0,4.0,4.0,2.0,4.0,4.0,4.0,4.0,4.0,4.0,4.0,,,1.0,,,,3.0,4.0,1.0,4.0,,1.0,6.0,2.0,4.0,4.0,2.0,5.0,6.0,4.0,80.0,78.0,20.0,58.0,85.0,73.0,81.0,76.0,81.0,85.0,3.0,6.0,,2.0,2.0,1.0,1.0,1.0,1.0,2.0,2.0,1.0,2.0,,,,,,,2.0,1.0,2.0,2.0,2.0,1.0,1.0,1.0,1.0,2.0,1.0,2.0,2.0,1.0,2.0,1.0,2.0,2.0,2.0,1.0,1.0,1.0,1.0,2.0,1.0,1.0,2.0,2.0,1.0,1.0,2.0,1.0,2.0,2.0,2.0,2.0,1.0,2.0,1.0,2.0,,,4.0,,,3.0,,15.0,2.0,,
pid_1974,1.0,,,1.0,,,1.0,20.0,,,1.0,250.0,,55.0,1.0,,4.0,5.0,4.0,4.0,3.0,5.0,4.0,5.0,4.0,5.0,,,4.0,,,,3.0,4.0,2.0,,3.0,1.0,5.0,1.0,3.0,3.0,3.0,7.0,5.0,5.0,53.0,56.0,68.0,67.0,52.0,40.0,50.0,57.0,59.0,70.0,4.0,,6.0,,,,,,,,,,,1.0,1.0,1.0,2.0,2.0,1.0,2.0,2.0,1.0,1.0,2.0,1.0,1.0,1.0,1.0,1.0,1.0,2.0,2.0,1.0,2.0,2.0,1.0,1.0,1.0,2.0,2.0,2.0,1.0,1.0,2.0,1.0,1.0,1.0,1.0,2.0,1.0,2.0,1.0,2.0,1.0,1.0,1.0,1.0,2.0,1.0,,,5.0,,,6.0,,15.0,,7.0,
pid_1975,1.0,,,2.0,,,2.0,10.0,2.0,300.0,,,5.0,,,3.0,3.0,5.0,3.0,2.0,4.0,4.0,5.0,4.0,5.0,5.0,,,1.0,4.0,1.0,1.0,,,,,5.0,2.0,6.0,1.0,4.0,5.0,3.0,7.0,6.0,4.0,38.0,60.0,61.0,45.0,64.0,34.0,23.0,36.0,57.0,74.0,3.0,6.0,,,,,,,,,,,,1.0,2.0,1.0,1.0,2.0,1.0,1.0,2.0,1.0,2.0,1.0,2.0,2.0,2.0,2.0,2.0,2.0,2.0,2.0,2.0,1.0,2.0,1.0,2.0,2.0,2.0,2.0,1.0,1.0,2.0,2.0,2.0,2.0,2.0,2.0,2.0,1.0,2.0,2.0,2.0,2.0,2.0,2.0,2.0,2.0,2.0,,,5.0,,,4.0,20.0,,2.0,,
pid_1976,,2.0,,1.0,,,2.0,2.0,2.0,500.0,,,,72.0,4.0,,3.0,5.0,5.0,5.0,3.0,3.0,3.0,4.0,3.0,4.0,,,2.0,3.0,3.0,2.0,,,,4.0,,1.0,7.0,1.0,6.0,3.0,2.0,7.0,6.0,6.0,56.0,70.0,60.0,70.0,60.0,35.0,40.0,65.0,45.0,55.0,2.0,6.0,,1.0,1.0,1.0,1.0,2.0,1.0,1.0,1.0,2.0,1.0,,,,,,,2.0,1.0,2.0,2.0,1.0,1.0,2.0,2.0,1.0,1.0,2.0,1.0,2.0,1.0,1.0,1.0,2.0,2.0,1.0,1.0,1.0,1.0,1.0,2.0,1.0,1.0,1.0,1.0,2.0,1.0,1.0,1.0,1.0,1.0,1.0,1.0,1.0,1.0,2.0,2.0,,,5.0,,,6.0,20.0,,,9.0,
pid_1977,,2.0,,1.0,,,1.0,20.0,1.0,1200.0,,,,70.0,2.0,,4.0,5.0,5.0,3.0,5.0,4.0,4.0,5.0,2.0,5.0,,1.0,,,,,1.0,4.0,4.0,,5.0,2.0,5.0,3.0,1.0,2.0,5.0,5.0,7.0,6.0,35.0,95.0,70.0,40.0,60.0,70.0,50.0,30.0,25.0,95.0,3.0,,6.0,,,,,,,,,,,2.0,1.0,1.0,1.0,2.0,1.0,1.0,1.0,2.0,1.0,2.0,1.0,1.0,2.0,2.0,2.0,2.0,1.0,2.0,1.0,2.0,2.0,2.0,2.0,2.0,2.0,2.0,1.0,1.0,1.0,2.0,2.0,1.0,2.0,2.0,2.0,2.0,2.0,2.0,2.0,1.0,2.0,2.0,2.0,2.0,1.0,,2.0,,,4.0,,20.0,,,10.0,
pid_1978,1.0,,1.0,,,,2.0,10.0,,,1.0,200.0,30.0,,2.0,,3.0,3.0,1.0,2.0,4.0,4.0,4.0,4.0,3.0,3.0,,,2.0,3.0,3.0,3.0,,,,2.0,,2.0,4.0,1.0,2.0,3.0,1.0,5.0,4.0,4.0,83.0,86.0,43.0,13.0,68.0,38.0,94.0,9.0,30.0,87.0,4.0,,5.0,,,,,,,,,,,1.0,1.0,1.0,1.0,1.0,1.0,2.0,1.0,1.0,1.0,1.0,2.0,2.0,2.0,1.0,2.0,1.0,2.0,2.0,2.0,2.0,2.0,2.0,1.0,2.0,2.0,2.0,2.0,2.0,2.0,2.0,2.0,2.0,2.0,2.0,2.0,2.0,2.0,2.0,1.0,2.0,2.0,2.0,2.0,2.0,2.0,,,3.0,,,3.0,20.0,,4.0,,
pid_1979,,1.0,,1.0,,,1.0,50.0,1.0,1500.0,,,,70.0,3.0,,4.0,5.0,1.0,4.0,4.0,5.0,5.0,5.0,5.0,4.0,,,4.0,3.0,3.0,3.0,,,,1.0,,2.0,6.0,1.0,3.0,2.0,3.0,6.0,6.0,7.0,43.0,47.0,33.0,21.0,32.0,49.0,40.0,25.0,70.0,30.0,3.0,,6.0,,,,,,,,,,,1.0,1.0,1.0,2.0,2.0,2.0,2.0,1.0,1.0,1.0,1.0,1.0,1.0,1.0,2.0,1.0,1.0,1.0,1.0,1.0,1.0,1.0,1.0,1.0,1.0,1.0,2.0,1.0,1.0,1.0,1.0,2.0,2.0,1.0,1.0,2.0,1.0,2.0,1.0,1.0,2.0,1.0,1.0,2.0,1.0,2.0,,,5.0,,,6.0,20.0,,2.0,,
pid_1980,,1.0,2.0,,,,1.0,54.0,2.0,400.0,,,,80.0,2.0,,5.0,5.0,1.0,5.0,2.0,5.0,5.0,5.0,5.0,5.0,1.0,,,3.0,3.0,2.0,,,,,4.0,1.0,7.0,4.0,1.0,2.0,2.0,3.0,7.0,7.0,45.0,70.0,45.0,75.0,20.0,45.0,25.0,50.0,50.0,60.0,4.0,3.0,,,,,,,,,,,,1.0,1.0,2.0,1.0,1.0,2.0,1.0,2.0,1.0,2.0,1.0,2.0,2.0,2.0,2.0,1.0,2.0,2.0,1.0,1.0,1.0,2.0,1.0,2.0,2.0,2.0,2.0,2.0,2.0,2.0,1.0,1.0,2.0,2.0,2.0,1.0,1.0,2.0,2.0,2.0,2.0,2.0,2.0,1.0,2.0,1.0,1.0,,,4.0,,,18.0,,2.0,,
pid_1981,2.0,,2.0,,,,2.0,10.0,2.0,800.0,,,,85.0,2.0,,5.0,5.0,1.0,3.0,4.0,5.0,5.0,5.0,5.0,5.0,1.0,,,,,,2.0,4.0,3.0,,6.0,1.0,6.0,2.0,3.0,3.0,2.0,6.0,6.0,6.0,60.0,58.0,44.0,55.0,27.0,54.0,47.0,57.0,33.0,50.0,4.0,6.0,,1.0,1.0,1.0,1.0,1.0,1.0,1.0,1.0,1.0,1.0,,,,,,,1.0,1.0,2.0,2.0,1.0,2.0,2.0,2.0,2.0,1.0,2.0,1.0,2.0,2.0,1.0,2.0,1.0,2.0,2.0,2.0,2.0,1.0,1.0,2.0,2.0,2.0,2.0,1.0,2.0,1.0,2.0,1.0,2.0,2.0,1.0,1.0,2.0,2.0,2.0,2.0,4.0,,,6.0,,,20.0,,1.0,,
pid_1982,1.0,,2.0,,,,2.0,8.0,2.0,625.0,,,30.0,,2.0,,2.0,3.0,4.0,4.0,2.0,3.0,4.0,5.0,5.0,5.0,,4.0,,3.0,4.0,2.0,,,,4.0,,2.0,6.0,1.0,5.0,5.0,3.0,5.0,4.0,6.0,32.0,95.0,77.0,90.0,40.0,31.0,48.0,70.0,45.0,90.0,3.0,5.0,,,,,,,,,,,,1.0,1.0,1.0,1.0,1.0,1.0,2.0,2.0,2.0,1.0,2.0,1.0,1.0,2.0,2.0,2.0,1.0,2.0,2.0,1.0,2.0,1.0,1.0,1.0,2.0,1.0,2.0,2.0,2.0,1.0,2.0,1.0,1.0,2.0,1.0,1.0,1.0,2.0,2.0,1.0,2.0,2.0,2.0,1.0,1.0,1.0,,5.0,,,5.0,,,10.0,2.0,,
pid_1983,1.0,,,1.0,2.0,50.0,,,,,1.0,350.0,30.0,,,6.0,3.0,2.0,4.0,4.0,4.0,3.0,2.0,4.0,5.0,5.0,,,5.0,5.0,3.0,1.0,,,,2.0,,2.0,6.0,2.0,3.0,2.0,3.0,7.0,7.0,7.0,45.0,60.0,55.0,95.0,48.0,48.0,48.0,80.0,70.0,95.0,1.0,,5.0,1.0,1.0,1.0,1.0,1.0,1.0,1.0,1.0,1.0,1.0,,,,,,,1.0,1.0,2.0,2.0,1.0,1.0,1.0,2.0,1.0,2.0,2.0,1.0,1.0,1.0,1.0,2.0,1.0,1.0,1.0,1.0,2.0,2.0,1.0,1.0,1.0,1.0,2.0,1.0,1.0,1.0,2.0,1.0,2.0,2.0,1.0,1.0,2.0,1.0,1.0,2.0,,,5.0,,,2.0,,20.0,,4.0,
pid_1984,,2.0,,2.0,,,1.0,50.0,2.0,350.0,,,,71.0,,3.0,3.0,4.0,5.0,3.0,1.0,1.0,3.0,4.0,3.0,3.0,,1.0,,3.0,5.0,2.0,,,,,5.0,1.0,5.0,1.0,3.0,3.0,1.0,7.0,5.0,5.0,17.0,76.0,90.0,54.0,8.0,7.0,48.0,47.0,13.0,27.0,4.0,,6.0,1.0,1.0,1.0,2.0,1.0,1.0,2.0,1.0,1.0,2.0,,,,,,,2.0,2.0,1.0,1.0,2.0,2.0,1.0,2.0,1.0,2.0,2.0,2.0,2.0,1.0,2.0,1.0,2.0,1.0,1.0,1.0,2.0,2.0,2.0,1.0,2.0,1.0,1.0,2.0,1.0,2.0,1.0,1.0,2.0,1.0,2.0,1.0,1.0,2.0,2.0,2.0,,4.0,,,6.0,,18.0,,,10.0,
pid_1985,1.0,,,2.0,,,1.0,18.0,,,1.0,300.0,60.0,,,3.0,1.0,2.0,4.0,3.0,4.0,4.0,4.0,5.0,3.0,4.0,2.0,,,,,,5.0,3.0,5.0,,6.0,1.0,6.0,2.0,3.0,4.0,2.0,3.0,5.0,5.0,10.0,31.0,59.0,57.0,53.0,66.0,70.0,78.0,40.0,81.0,2.0,5.0,,,,,,,,,,,,1.0,1.0,1.0,2.0,2.0,1.0,1.0,2.0,2.0,2.0,2.0,2.0,2.0,2.0,2.0,2.0,1.0,2.0,2.0,2.0,1.0,1.0,2.0,2.0,1.0,2.0,2.0,2.0,2.0,2.0,2.0,1.0,1.0,2.0,2.0,2.0,1.0,1.0,2.0,1.0,2.0,2.0,1.0,2.0,2.0,2.0,5.0,,,4.0,,,,10.0,,,2.0
pid_1986,2.0,,,2.0,2.0,12.0,,,2.0,200.0,,,81.0,,3.0,,4.0,5.0,5.0,3.0,3.0,1.0,2.0,3.0,1.0,5.0,,,3.0,,,,3.0,4.0,5.0,4.0,,1.0,6.0,2.0,4.0,5.0,5.0,7.0,6.0,6.0,35.0,38.0,47.0,39.0,40.0,12.0,23.0,33.0,20.0,75.0,2.0,,6.0,1.0,1.0,1.0,1.0,2.0,2.0,1.0,1.0,2.0,1.0,,,,,,,1.0,2.0,1.0,2.0,2.0,1.0,1.0,1.0,1.0,2.0,1.0,2.0,1.0,1.0,2.0,2.0,1.0,1.0,1.0,1.0,2.0,2.0,1.0,1.0,2.0,1.0,1.0,1.0,2.0,2.0,2.0,2.0,1.0,1.0,1.0,1.0,2.0,1.0,1.0,2.0,,,5.0,,,5.0,,10.0,3.0,,
pid_1987,,1.0,,2.0,2.0,41.0,,,1.0,1110.0,,,,85.0,,6.0,3.0,4.0,5.0,4.0,4.0,2.0,5.0,4.0,2.0,4.0,,,5.0,2.0,4.0,1.0,,,,,4.0,1.0,6.0,3.0,4.0,3.0,3.0,4.0,5.0,5.0,50.0,65.0,65.0,50.0,60.0,40.0,70.0,40.0,35.0,60.0,3.0,5.0,,1.0,2.0,1.0,2.0,1.0,1.0,1.0,2.0,1.0,1.0,,,,,,,1.0,2.0,1.0,2.0,1.0,1.0,2.0,2.0,2.0,1.0,2.0,1.0,2.0,2.0,2.0,1.0,1.0,2.0,1.0,1.0,2.0,2.0,2.0,2.0,1.0,2.0,2.0,2.0,1.0,1.0,2.0,1.0,2.0,1.0,2.0,2.0,2.0,1.0,2.0,2.0,,,2.0,,,4.0,20.0,,,,5.0
pid_1988,1.0,,1.0,,2.0,5.0,,,,,1.0,70.0,,100.0,3.0,,1.0,5.0,4.0,5.0,5.0,5.0,4.0,5.0,4.0,5.0,1.0,,,1.0,6.0,2.0,,,,5.0,,2.0,5.0,2.0,1.0,2.0,6.0,6.0,6.0,6.0,10.0,30.0,95.0,100.0,30.0,80.0,90.0,100.0,5.0,90.0,1.0,,6.0,,,,,,,,,,,1.0,2.0,1.0,2.0,1.0,2.0,2.0,1.0,2.0,2.0,1.0,2.0,1.0,2.0,1.0,2.0,2.0,2.0,1.0,1.0,2.0,2.0,2.0,2.0,1.0,1.0,2.0,2.0,2.0,2.0,2.0,1.0,1.0,2.0,1.0,2.0,1.0,2.0,1.0,1.0,1.0,1.0,2.0,2.0,2.0,2.0,5.0,,,6.0,,,,15.0,1.0,,
pid_1989,,1.0,,2.0,,,1.0,20.0,,,1.0,300.0,,92.0,2.0,,5.0,3.0,2.0,4.0,3.0,4.0,1.0,4.0,5.0,5.0,,,2.0,,,,5.0,6.0,2.0,,5.0,1.0,7.0,1.0,7.0,7.0,2.0,6.0,4.0,5.0,50.0,65.0,50.0,90.0,40.0,30.0,15.0,80.0,75.0,65.0,2.0,,5.0,,,,,,,,,,,1.0,1.0,1.0,1.0,1.0,1.0,2.0,2.0,2.0,2.0,1.0,2.0,2.0,2.0,2.0,2.0,2.0,2.0,2.0,1.0,1.0,2.0,2.0,2.0,2.0,2.0,1.0,2.0,1.0,2.0,2.0,1.0,2.0,1.0,2.0,2.0,2.0,2.0,2.0,2.0,2.0,1.0,2.0,2.0,2.0,2.0,,,5.0,,,6.0,,15.0,1.0,,
pid_1990,1.0,,1.0,,2.0,30.0,,,,,1.0,200.0,30.0,,,4.0,5.0,5.0,3.0,2.0,4.0,5.0,4.0,5.0,5.0,5.0,,1.0,,,,,3.0,3.0,3.0,5.0,,1.0,7.0,6.0,6.0,6.0,5.0,7.0,7.0,7.0,30.0,40.0,51.0,20.0,20.0,20.0,30.0,40.0,40.0,50.0,4.0,5.0,,,,,,,,,,,,1.0,1.0,1.0,1.0,1.0,1.0,2.0,2.0,1.0,2.0,1.0,1.0,2.0,2.0,2.0,1.0,2.0,2.0,2.0,1.0,2.0,2.0,1.0,2.0,1.0,2.0,2.0,2.0,2.0,2.0,2.0,2.0,2.0,2.0,1.0,1.0,2.0,2.0,2.0,2.0,1.0,1.0,2.0,1.0,1.0,2.0,,5.0,,,6.0,,20.0,,3.0,,
pid_1991,2.0,,,2.0,2.0,40.0,,,,,1.0,120.0,3.0,,3.0,,5.0,5.0,2.0,4.0,5.0,5.0,5.0,4.0,5.0,5.0,,2.0,,,,,2.0,4.0,5.0,,6.0,1.0,7.0,2.0,2.0,2.0,3.0,6.0,3.0,5.0,20.0,40.0,55.0,35.0,30.0,40.0,65.0,55.0,45.0,85.0,4.0,,6.0,1.0,1.0,1.0,1.0,1.0,1.0,1.0,1.0,1.0,1.0,,,,,,,2.0,2.0,1.0,2.0,2.0,2.0,2.0,2.0,2.0,2.0,1.0,2.0,2.0,2.0,2.0,2.0,1.0,2.0,2.0,2.0,2.0,2.0,1.0,2.0,2.0,2.0,2.0,1.0,2.0,1.0,2.0,2.0,2.0,2.0,2.0,2.0,2.0,2.0,1.0,2.0,,5.0,,,5.0,,,20.0,,,2.0
pid_1992,,1.0,,1.0,2.0,2.0,,,,,1.0,100.0,30.0,,2.0,,1.0,1.0,5.0,3.0,2.0,1.0,1.0,2.0,1.0,4.0,,,1.0,,,,2.0,4.0,3.0,,4.0,2.0,5.0,2.0,1.0,2.0,2.0,3.0,6.0,6.0,40.0,42.0,65.0,55.0,55.0,25.0,48.0,50.0,18.0,75.0,1.0,3.0,,,,,,,,,,,,1.0,1.0,2.0,1.0,2.0,1.0,2.0,2.0,2.0,2.0,2.0,2.0,1.0,2.0,1.0,2.0,2.0,2.0,2.0,1.0,2.0,2.0,2.0,1.0,2.0,1.0,1.0,2.0,1.0,2.0,2.0,2.0,2.0,2.0,2.0,1.0,2.0,2.0,2.0,2.0,2.0,2.0,2.0,2.0,2.0,2.0,,,4.0,,,5.0,15.0,,,,1.0
pid_1993,2.0,,,1.0,2.0,50.0,,,2.0,250.0,,,80.0,,,4.0,4.0,5.0,3.0,2.0,4.0,5.0,5.0,5.0,4.0,5.0,,,3.0,,,,3.0,4.0,3.0,5.0,,1.0,4.0,2.0,3.0,3.0,2.0,4.0,5.0,5.0,30.0,74.0,44.0,65.0,40.0,50.0,42.0,48.0,50.0,83.0,4.0,,6.0,,,,,,,,,,,1.0,1.0,1.0,1.0,1.0,1.0,2.0,1.0,2.0,2.0,1.0,2.0,2.0,1.0,1.0,2.0,2.0,2.0,2.0,2.0,1.0,2.0,1.0,2.0,2.0,1.0,2.0,1.0,1.0,2.0,1.0,1.0,1.0,2.0,2.0,2.0,1.0,2.0,2.0,2.0,2.0,2.0,2.0,2.0,2.0,2.0,,,5.0,,,6.0,,20.0,2.0,,
pid_1994,,1.0,1.0,,,,2.0,55.0,2.0,400.0,,,30.0,,1.0,,2.0,4.0,4.0,3.0,4.0,2.0,2.0,4.0,3.0,4.0,,4.0,,,,,2.0,3.0,5.0,5.0,,1.0,5.0,3.0,4.0,6.0,5.0,6.0,6.0,3.0,57.0,21.0,39.0,53.0,30.0,60.0,47.0,74.0,35.0,56.0,4.0,,4.0,,,,,,,,,,,1.0,1.0,2.0,1.0,2.0,1.0,2.0,2.0,1.0,1.0,1.0,2.0,1.0,2.0,1.0,2.0,1.0,1.0,1.0,1.0,1.0,2.0,1.0,2.0,2.0,1.0,2.0,2.0,1.0,1.0,1.0,2.0,2.0,2.0,1.0,2.0,1.0,2.0,2.0,1.0,2.0,1.0,2.0,1.0,1.0,2.0,,3.0,,,6.0,,,17.0,,5.0,
pid_1995,1.0,,1.0,,,,1.0,54.0,,,1.0,379.0,,57.0,,5.0,4.0,4.0,4.0,3.0,3.0,3.0,4.0,3.0,4.0,3.0,,,4.0,,,,5.0,1.0,3.0,,4.0,2.0,5.0,4.0,4.0,5.0,4.0,3.0,4.0,5.0,34.0,46.0,38.0,39.0,40.0,46.0,35.0,43.0,49.0,36.0,3.0,1.0,,1.0,2.0,2.0,2.0,1.0,2.0,1.0,2.0,1.0,1.0,,,,,,,1.0,1.0,2.0,2.0,1.0,1.0,2.0,1.0,2.0,1.0,1.0,2.0,2.0,1.0,2.0,1.0,1.0,1.0,2.0,2.0,2.0,2.0,1.0,2.0,1.0,2.0,1.0,2.0,2.0,2.0,2.0,1.0,1.0,1.0,2.0,1.0,2.0,1.0,2.0,1.0,,,3.0,,,4.0,,12.0,,,6.0
pid_1996,,2.0,1.0,,,,2.0,5.0,,,1.0,200.0,,80.0,,3.0,1.0,4.0,4.0,4.0,2.0,1.0,3.0,4.0,3.0,3.0,,1.0,,2.0,3.0,2.0,,,,,3.0,1.0,6.0,2.0,4.0,3.0,2.0,5.0,5.0,5.0,45.0,65.0,45.0,75.0,25.0,20.0,51.0,60.0,40.0,60.0,1.0,5.0,,1.0,1.0,1.0,2.0,1.0,1.0,2.0,1.0,1.0,2.0,,,,,,,1.0,2.0,2.0,2.0,1.0,2.0,1.0,2.0,2.0,2.0,1.0,2.0,2.0,2.0,2.0,2.0,1.0,2.0,2.0,1.0,2.0,1.0,2.0,1.0,2.0,1.0,2.0,1.0,2.0,2.0,2.0,1.0,1.0,1.0,2.0,2.0,1.0,1.0,2.0,2.0,,4.0,,,4.0,,20.0,,,,2.0
pid_1997,1.0,,1.0,,,,1.0,20.0,,,1.0,200.0,30.0,,6.0,,4.0,5.0,1.0,3.0,5.0,4.0,5.0,4.0,5.0,5.0,,,1.0,4.0,4.0,4.0,,,,,6.0,1.0,7.0,2.0,5.0,5.0,2.0,7.0,7.0,7.0,57.0,73.0,45.0,44.0,46.0,46.0,56.0,74.0,35.0,48.0,4.0,6.0,,,,,,,,,,,,1.0,1.0,1.0,1.0,1.0,1.0,2.0,2.0,2.0,1.0,2.0,2.0,2.0,2.0,2.0,2.0,1.0,2.0,2.0,1.0,2.0,2.0,1.0,1.0,2.0,1.0,2.0,2.0,1.0,2.0,1.0,1.0,1.0,2.0,2.0,2.0,1.0,1.0,1.0,1.0,2.0,2.0,2.0,1.0,2.0,2.0,,,5.0,,,6.0,20.0,,,6.0,
pid_1998,,2.0,1.0,,,,2.0,7.0,1.0,1500.0,,,30.0,,,4.0,5.0,5.0,3.0,5.0,4.0,5.0,4.0,4.0,4.0,4.0,2.0,,,,,,2.0,3.0,4.0,,5.0,2.0,7.0,3.0,4.0,4.0,5.0,7.0,7.0,7.0,83.0,81.0,54.0,86.0,86.0,86.0,77.0,80.0,77.0,91.0,2.0,,6.0,,,,,,,,,,,1.0,1.0,1.0,2.0,1.0,2.0,1.0,1.0,1.0,2.0,1.0,1.0,1.0,1.0,1.0,1.0,1.0,1.0,2.0,1.0,1.0,1.0,1.0,1.0,2.0,1.0,1.0,1.0,1.0,1.0,2.0,1.0,1.0,1.0,2.0,1.0,2.0,1.0,2.0,1.0,2.0,2.0,2.0,1.0,2.0,1.0,5.0,,,5.0,,,2.0,,1.0,,
pid_1999,2.0,,,2.0,1.0,70.0,,,2.0,500.0,,,27.0,,,4.0,4.0,5.0,3.0,3.0,3.0,4.0,5.0,5.0,5.0,5.0,,1.0,,,,,3.0,3.0,5.0,,4.0,1.0,7.0,2.0,4.0,5.0,3.0,5.0,5.0,3.0,78.0,58.0,80.0,71.0,54.0,60.0,78.0,89.0,24.0,85.0,2.0,6.0,,1.0,2.0,1.0,1.0,1.0,1.0,2.0,2.0,2.0,2.0,,,,,,,2.0,2.0,1.0,2.0,1.0,2.0,1.0,2.0,2.0,2.0,1.0,1.0,1.0,1.0,2.0,1.0,2.0,2.0,2.0,1.0,2.0,1.0,1.0,1.0,1.0,2.0,2.0,1.0,1.0,1.0,2.0,1.0,2.0,1.0,2.0,2.0,1.0,2.0,1.0,1.0,,4.0,,,5.0,,15.0,,2.0,,
pid_2000,1.0,,,2.0,2.0,54.0,,,,,1.0,250.0,,61.0,3.0,,5.0,5.0,3.0,5.0,4.0,3.0,4.0,4.0,3.0,4.0,1.0,,,5.0,3.0,1.0,,,,,1.0,1.0,6.0,3.0,2.0,5.0,3.0,5.0,6.0,5.0,69.0,42.0,57.0,90.0,83.0,65.0,76.0,64.0,40.0,73.0,3.0,5.0,,,,,,,,,,,,1.0,1.0,2.0,1.0,1.0,2.0,2.0,2.0,2.0,1.0,2.0,2.0,2.0,2.0,2.0,2.0,2.0,1.0,1.0,2.0,1.0,2.0,1.0,1.0,2.0,2.0,2.0,1.0,2.0,1.0,1.0,2.0,2.0,1.0,2.0,1.0,2.0,2.0,2.0,1.0,2.0,1.0,1.0,2.0,1.0,1.0,5.0,,,5.0,,,,15.0,3.0,,
pid_2001,1.0,,,1.0,2.0,45.0,,,,,1.0,350.0,,70.0,,6.0,4.0,5.0,2.0,2.0,2.0,4.0,5.0,5.0,5.0,5.0,,2.0,,4.0,4.0,3.0,,,,4.0,,1.0,6.0,2.0,5.0,3.0,3.0,6.0,5.0,6.0,30.0,90.0,60.0,50.0,40.0,15.0,25.0,60.0,65.0,80.0,4.0,7.0,,,,,,,,,,,,1.0,2.0,2.0,1.0,2.0,2.0,2.0,2.0,2.0,2.0,2.0,2.0,2.0,1.0,1.0,2.0,2.0,2.0,2.0,1.0,2.0,1.0,2.0,2.0,2.0,2.0,2.0,2.0,1.0,1.0,2.0,2.0,2.0,2.0,1.0,1.0,1.0,1.0,2.0,2.0,2.0,2.0,2.0,1.0,1.0,2.0,,4.0,,,6.0,,20.0,,1.0,,
pid_2002,,2.0,,1.0,,,1.0,40.0,2.0,100.0,,,,70.0,,6.0,1.0,3.0,5.0,3.0,1.0,1.0,3.0,3.0,1.0,3.0,2.0,,,,,,5.0,5.0,6.0,,2.0,1.0,5.0,4.0,4.0,2.0,4.0,6.0,6.0,6.0,5.0,31.0,100.0,49.0,4.0,4.0,50.0,47.0,0.0,50.0,1.0,5.0,,1.0,1.0,1.0,2.0,1.0,1.0,2.0,1.0,1.0,2.0,,,,,,,1.0,1.0,1.0,2.0,2.0,1.0,1.0,2.0,1.0,1.0,2.0,2.0,1.0,2.0,1.0,1.0,2.0,2.0,2.0,2.0,1.0,2.0,1.0,1.0,2.0,2.0,1.0,2.0,2.0,1.0,2.0,2.0,1.0,2.0,2.0,1.0,1.0,1.0,1.0,1.0,2.0,,,2.0,,,15.0,,,9.0,
pid_2003,,1.0,2.0,,2.0,54.0,,,2.0,400.0,,,,85.0,4.0,,3.0,5.0,5.0,4.0,3.0,3.0,4.0,4.0,5.0,3.0,2.0,,,,,,2.0,3.0,5.0,,3.0,1.0,6.0,2.0,5.0,5.0,5.0,5.0,5.0,5.0,49.0,50.0,50.0,50.0,50.0,50.0,50.0,50.0,50.0,50.0,3.0,,6.0,,,,,,,,,,,1.0,1.0,1.0,1.0,1.0,1.0,2.0,2.0,2.0,1.0,1.0,2.0,1.0,1.0,1.0,2.0,1.0,1.0,1.0,2.0,1.0,2.0,1.0,2.0,2.0,2.0,2.0,2.0,2.0,2.0,2.0,2.0,1.0,2.0,1.0,1.0,2.0,2.0,1.0,1.0,2.0,1.0,2.0,2.0,1.0,2.0,2.0,,,3.0,,,,20.0,1.0,,
pid_2004,,1.0,2.0,,,,1.0,18.0,1.0,1300.0,,,73.0,,,4.0,1.0,1.0,5.0,5.0,3.0,3.0,2.0,5.0,2.0,4.0,,,4.0,3.0,5.0,1.0,,,,5.0,,1.0,6.0,3.0,6.0,5.0,2.0,3.0,5.0,5.0,26.0,46.0,66.0,70.0,39.0,34.0,31.0,68.0,31.0,39.0,2.0,,6.0,1.0,2.0,1.0,1.0,1.0,1.0,1.0,1.0,2.0,2.0,,,,,,,1.0,2.0,2.0,1.0,2.0,1.0,2.0,2.0,1.0,1.0,2.0,2.0,1.0,2.0,2.0,1.0,1.0,2.0,2.0,1.0,1.0,1.0,1.0,1.0,2.0,2.0,2.0,2.0,1.0,1.0,2.0,1.0,1.0,1.0,1.0,2.0,2.0,2.0,1.0,2.0,,,4.0,,,3.0,,10.0,,,2.0
pid_2005,,2.0,2.0,,,,1.0,20.0,2.0,300.0,,,,75.0,,3.0,4.0,5.0,4.0,4.0,2.0,4.0,4.0,4.0,3.0,5.0,1.0,,,,,,4.0,3.0,4.0,,2.0,1.0,6.0,1.0,7.0,5.0,5.0,7.0,5.0,6.0,40.0,23.0,40.0,34.0,21.0,39.0,46.0,73.0,24.0,49.0,2.0,6.0,,,,,,,,,,,,1.0,1.0,1.0,1.0,1.0,1.0,2.0,2.0,2.0,1.0,2.0,2.0,2.0,2.0,2.0,2.0,2.0,1.0,2.0,1.0,2.0,1.0,2.0,2.0,2.0,2.0,1.0,2.0,2.0,2.0,2.0,2.0,2.0,1.0,2.0,2.0,1.0,2.0,2.0,2.0,1.0,1.0,2.0,2.0,2.0,2.0,3.0,,,2.0,,,,20.0,,,3.0
pid_2006,,2.0,,2.0,,,2.0,8.0,1.0,1323.0,,,,70.0,,4.0,3.0,5.0,5.0,3.0,3.0,3.0,5.0,5.0,4.0,5.0,,,3.0,4.0,2.0,3.0,,,,3.0,,2.0,7.0,5.0,2.0,4.0,1.0,6.0,7.0,6.0,65.0,68.0,50.0,50.0,36.0,41.0,48.0,48.0,45.0,60.0,2.0,,7.0,1.0,2.0,1.0,1.0,2.0,2.0,1.0,2.0,1.0,1.0,,,,,,,1.0,1.0,1.0,1.0,1.0,1.0,1.0,2.0,1.0,2.0,1.0,2.0,2.0,1.0,2.0,2.0,1.0,1.0,2.0,2.0,2.0,2.0,1.0,1.0,2.0,1.0,1.0,1.0,2.0,2.0,1.0,2.0,2.0,1.0,2.0,1.0,2.0,2.0,1.0,2.0,,,5.0,,,6.0,15.0,,2.0,,
pid_2007,2.0,,1.0,,,,1.0,30.0,,,1.0,125.0,,70.0,2.0,,3.0,3.0,3.0,3.0,3.0,3.0,3.0,3.0,3.0,3.0,3.0,,,,,,3.0,3.0,3.0,5.0,,1.0,7.0,1.0,4.0,4.0,4.0,7.0,5.0,5.0,51.0,50.0,50.0,50.0,50.0,51.0,50.0,50.0,50.0,50.0,4.0,,6.0,1.0,1.0,1.0,1.0,1.0,1.0,1.0,1.0,1.0,1.0,,,,,,,1.0,2.0,2.0,2.0,1.0,1.0,2.0,2.0,1.0,1.0,1.0,2.0,1.0,2.0,2.0,2.0,1.0,2.0,2.0,2.0,2.0,2.0,2.0,2.0,2.0,2.0,2.0,1.0,2.0,1.0,1.0,2.0,1.0,1.0,2.0,1.0,1.0,2.0,2.0,1.0,3.0,,,4.0,,,,2.0,1.0,,
pid_2008,1.0,,,1.0,2.0,54.0,,,2.0,500.0,,,,83.0,3.0,,3.0,5.0,3.0,3.0,3.0,3.0,4.0,5.0,4.0,4.0,,,1.0,,,,2.0,4.0,5.0,,6.0,1.0,5.0,5.0,5.0,5.0,5.0,5.0,7.0,7.0,34.0,42.0,16.0,22.0,11.0,17.0,35.0,23.0,34.0,32.0,4.0,,6.0,,,,,,,,,,,2.0,1.0,2.0,1.0,1.0,1.0,1.0,2.0,2.0,1.0,2.0,2.0,1.0,2.0,2.0,2.0,2.0,1.0,2.0,2.0,1.0,1.0,2.0,2.0,1.0,1.0,2.0,1.0,2.0,1.0,2.0,2.0,2.0,2.0,1.0,2.0,1.0,2.0,1.0,1.0,1.0,2.0,2.0,1.0,2.0,2.0,,,4.0,,,6.0,10.0,,,,3.0
pid_2009,2.0,,1.0,,,,1.0,25.0,,,1.0,100.0,,60.0,,4.0,3.0,2.0,4.0,4.0,2.0,2.0,2.0,4.0,4.0,4.0,,3.0,,,,,2.0,3.0,4.0,4.0,,2.0,7.0,4.0,5.0,5.0,5.0,6.0,5.0,5.0,30.0,90.0,45.0,66.0,30.0,35.0,50.0,61.0,40.0,80.0,2.0,,6.0,1.0,2.0,2.0,1.0,1.0,1.0,2.0,1.0,1.0,1.0,,,,,,,1.0,1.0,1.0,1.0,1.0,2.0,2.0,1.0,1.0,1.0,1.0,1.0,1.0,1.0,1.0,1.0,1.0,1.0,2.0,1.0,1.0,1.0,1.0,2.0,2.0,1.0,1.0,1.0,1.0,1.0,1.0,1.0,1.0,2.0,1.0,2.0,1.0,2.0,1.0,1.0,,5.0,,,4.0,,20.0,,2.0,,
pid_2010,1.0,,1.0,,,,2.0,7.0,2.0,600.0,,,,70.0,2.0,,4.0,5.0,2.0,2.0,3.0,4.0,5.0,4.0,4.0,4.0,,2.0,,4.0,4.0,2.0,,,,4.0,,1.0,3.0,1.0,2.0,3.0,2.0,6.0,5.0,5.0,30.0,30.0,50.0,25.0,20.0,30.0,34.0,40.0,30.0,50.0,3.0,,5.0,,,,,,,,,,,1.0,1.0,1.0,1.0,1.0,1.0,2.0,2.0,2.0,2.0,2.0,2.0,2.0,1.0,1.0,2.0,2.0,1.0,2.0,2.0,1.0,2.0,1.0,2.0,2.0,2.0,2.0,2.0,2.0,1.0,2.0,2.0,1.0,2.0,2.0,2.0,2.0,2.0,2.0,2.0,2.0,2.0,2.0,2.0,2.0,2.0,,4.0,,,5.0,,20.0,,,10.0,
pid_2011,,2.0,,2.0,,,1.0,50.0,2.0,300.0,,,20.0,,,4.0,4.0,5.0,1.0,5.0,5.0,3.0,5.0,5.0,5.0,5.0,1.0,,,,,,4.0,6.0,4.0,,6.0,1.0,7.0,1.0,4.0,3.0,7.0,7.0,5.0,7.0,60.0,90.0,40.0,100.0,80.0,65.0,100.0,79.0,100.0,100.0,2.0,5.0,,1.0,2.0,1.0,2.0,1.0,2.0,1.0,1.0,1.0,1.0,,,,,,,1.0,2.0,2.0,2.0,1.0,1.0,1.0,2.0,1.0,1.0,2.0,1.0,2.0,2.0,1.0,2.0,2.0,1.0,1.0,1.0,1.0,1.0,2.0,2.0,1.0,1.0,1.0,1.0,1.0,1.0,1.0,1.0,1.0,1.0,1.0,2.0,1.0,1.0,1.0,2.0,2.0,,,6.0,,,,20.0,1.0,,
pid_2012,1.0,,1.0,,,,1.0,15.0,2.0,900.0,,,29.0,,,4.0,2.0,1.0,5.0,4.0,2.0,2.0,1.0,3.0,1.0,2.0,,2.0,,,,,3.0,3.0,3.0,2.0,,2.0,7.0,1.0,1.0,3.0,1.0,3.0,5.0,5.0,57.0,63.0,49.0,48.0,53.0,54.0,54.0,54.0,52.0,51.0,1.0,,6.0,,,,,,,,,,,1.0,1.0,1.0,1.0,1.0,1.0,2.0,2.0,2.0,2.0,1.0,1.0,2.0,2.0,2.0,2.0,2.0,2.0,2.0,2.0,2.0,2.0,2.0,2.0,2.0,2.0,1.0,2.0,2.0,2.0,2.0,2.0,2.0,2.0,2.0,2.0,2.0,2.0,2.0,1.0,1.0,2.0,2.0,1.0,2.0,2.0,,4.0,,,5.0,,,2.0,,,2.0
pid_2013,1.0,,,2.0,2.0,40.0,,,,,1.0,175.0,80.0,,3.0,,5.0,5.0,1.0,3.0,4.0,5.0,5.0,4.0,5.0,5.0,1.0,,,4.0,4.0,4.0,,,,,4.0,1.0,6.0,2.0,4.0,3.0,4.0,6.0,4.0,5.0,70.0,66.0,45.0,56.0,44.0,60.0,75.0,58.0,40.0,90.0,3.0,5.0,,,,,,,,,,,,1.0,1.0,1.0,2.0,1.0,2.0,2.0,1.0,1.0,2.0,1.0,2.0,2.0,2.0,1.0,2.0,2.0,2.0,2.0,2.0,2.0,1.0,1.0,1.0,1.0,1.0,2.0,2.0,2.0,2.0,1.0,2.0,2.0,2.0,1.0,2.0,2.0,2.0,2.0,2.0,2.0,1.0,1.0,2.0,2.0,2.0,5.0,,,4.0,,,15.0,,,,3.0
pid_2014,,2.0,,1.0,1.0,75.0,,,2.0,700.0,,,45.0,,3.0,,4.0,5.0,3.0,3.0,4.0,4.0,5.0,4.0,4.0,5.0,3.0,,,,,,4.0,4.0,3.0,4.0,,2.0,5.0,4.0,5.0,5.0,2.0,6.0,5.0,5.0,30.0,40.0,50.0,35.0,25.0,20.0,40.0,40.0,30.0,60.0,2.0,6.0,,,,,,,,,,,,1.0,1.0,1.0,2.0,1.0,1.0,1.0,1.0,2.0,1.0,2.0,1.0,2.0,2.0,2.0,1.0,1.0,1.0,2.0,1.0,2.0,1.0,1.0,2.0,2.0,2.0,1.0,2.0,2.0,2.0,1.0,2.0,1.0,1.0,1.0,1.0,2.0,1.0,1.0,1.0,2.0,2.0,2.0,1.0,2.0,1.0,4.0,,,4.0,,,,12.0,2.0,,
pid_2015,2.0,,1.0,,1.0,180.0,,,1.0,1200.0,,,,71.0,1.0,,4.0,5.0,4.0,3.0,5.0,5.0,5.0,5.0,5.0,5.0,,,4.0,2.0,3.0,1.0,,,,,6.0,2.0,6.0,5.0,6.0,6.0,2.0,3.0,5.0,5.0,51.0,95.0,100.0,50.0,82.0,85.0,100.0,51.0,31.0,100.0,3.0,,6.0,,,,,,,,,,,1.0,1.0,2.0,1.0,2.0,1.0,1.0,1.0,2.0,1.0,1.0,1.0,1.0,1.0,1.0,1.0,2.0,1.0,2.0,1.0,1.0,1.0,1.0,2.0,2.0,1.0,1.0,1.0,2.0,2.0,2.0,1.0,2.0,1.0,2.0,1.0,1.0,2.0,2.0,2.0,1.0,2.0,2.0,1.0,2.0,2.0,,,5.0,,,6.0,20.0,,,8.0,
pid_2016,1.0,,,1.0,1.0,76.0,,,,,1.0,108.0,80.0,,,5.0,5.0,5.0,5.0,5.0,5.0,5.0,4.0,5.0,5.0,5.0,,2.0,,3.0,3.0,3.0,,,,,6.0,1.0,5.0,5.0,5.0,5.0,5.0,5.0,5.0,5.0,61.0,19.0,12.0,17.0,60.0,68.0,70.0,71.0,68.0,3.0,3.0,,4.0,1.0,2.0,2.0,2.0,1.0,2.0,1.0,1.0,2.0,1.0,,,,,,,1.0,2.0,1.0,2.0,1.0,1.0,2.0,1.0,1.0,1.0,1.0,1.0,2.0,1.0,1.0,1.0,2.0,2.0,2.0,1.0,1.0,2.0,1.0,1.0,2.0,2.0,1.0,1.0,1.0,2.0,1.0,2.0,2.0,1.0,1.0,2.0,2.0,2.0,1.0,2.0,,5.0,,,5.0,,5.0,,1.0,,
pid_2017,,2.0,2.0,,2.0,20.0,,,,,1.0,120.0,30.0,,,3.0,5.0,5.0,2.0,4.0,3.0,5.0,5.0,2.0,5.0,5.0,1.0,,,,,,4.0,2.0,4.0,,6.0,1.0,6.0,4.0,3.0,3.0,3.0,5.0,5.0,5.0,70.0,73.0,5.0,10.0,50.0,75.0,80.0,20.0,76.0,97.0,4.0,6.0,,1.0,1.0,1.0,1.0,1.0,1.0,1.0,1.0,1.0,1.0,,,,,,,2.0,2.0,1.0,2.0,2.0,2.0,2.0,2.0,2.0,2.0,2.0,2.0,2.0,2.0,2.0,2.0,2.0,2.0,2.0,2.0,2.0,2.0,2.0,2.0,1.0,2.0,2.0,1.0,1.0,1.0,2.0,2.0,1.0,2.0,2.0,1.0,1.0,2.0,2.0,2.0,5.0,,,2.0,,,15.0,,,3.0,
pid_2018,,2.0,,1.0,2.0,25.0,,,1.0,1025.0,,,1.0,,3.0,,4.0,5.0,3.0,3.0,5.0,4.0,5.0,5.0,5.0,5.0,2.0,,,5.0,5.0,2.0,,,,1.0,,1.0,7.0,4.0,6.0,5.0,2.0,5.0,3.0,5.0,38.0,30.0,44.0,27.0,32.0,31.0,54.0,85.0,40.0,38.0,1.0,3.0,,1.0,2.0,1.0,1.0,1.0,1.0,1.0,1.0,2.0,2.0,,,,,,,2.0,1.0,2.0,1.0,1.0,1.0,2.0,1.0,2.0,1.0,2.0,2.0,2.0,2.0,1.0,1.0,2.0,1.0,2.0,1.0,2.0,2.0,1.0,1.0,2.0,2.0,1.0,1.0,1.0,1.0,2.0,1.0,2.0,1.0,2.0,2.0,2.0,1.0,1.0,1.0,2.0,,,3.0,,,8.0,,2.0,,
pid_2019,1.0,,,1.0,2.0,50.0,,,,,1.0,200.0,,80.0,3.0,,4.0,5.0,1.0,3.0,3.0,5.0,5.0,5.0,5.0,5.0,,4.0,,,,,3.0,3.0,3.0,4.0,,1.0,7.0,7.0,3.0,3.0,1.0,3.0,7.0,6.0,60.0,50.0,15.0,69.0,30.0,61.0,40.0,45.0,35.0,75.0,3.0,3.0,,,,,,,,,,,,1.0,1.0,1.0,1.0,1.0,1.0,1.0,1.0,2.0,1.0,2.0,1.0,1.0,2.0,1.0,1.0,2.0,2.0,2.0,1.0,1.0,1.0,2.0,2.0,2.0,2.0,1.0,1.0,1.0,2.0,1.0,1.0,2.0,2.0,1.0,2.0,1.0,2.0,2.0,2.0,2.0,2.0,2.0,1.0,1.0,1.0,,4.0,,,4.0,,,20.0,3.0,,
pid_2020,1.0,,1.0,,,,1.0,45.0,2.0,200.0,,,95.0,,,4.0,1.0,1.0,5.0,3.0,3.0,1.0,1.0,1.0,1.0,3.0,,1.0,,5.0,2.0,2.0,,,,,4.0,1.0,4.0,4.0,4.0,5.0,1.0,7.0,5.0,5.0,10.0,10.0,90.0,30.0,10.0,10.0,30.0,30.0,10.0,50.0,1.0,6.0,,,,,,,,,,,,1.0,1.0,1.0,1.0,1.0,1.0,2.0,1.0,2.0,2.0,2.0,2.0,1.0,2.0,2.0,1.0,2.0,2.0,2.0,2.0,2.0,2.0,1.0,2.0,2.0,2.0,2.0,2.0,2.0,2.0,2.0,2.0,2.0,1.0,2.0,2.0,2.0,2.0,1.0,2.0,2.0,2.0,2.0,2.0,2.0,1.0,,4.0,,,4.0,,,10.0,,10.0,
pid_2021,2.0,,,2.0,,,2.0,8.0,1.0,1500.0,,,,85.0,,4.0,4.0,2.0,4.0,4.0,3.0,3.0,2.0,3.0,2.0,4.0,,2.0,,3.0,3.0,3.0,,,,3.0,,1.0,6.0,2.0,4.0,3.0,3.0,3.0,3.0,5.0,50.0,50.0,50.0,70.0,40.0,40.0,50.0,50.0,40.0,70.0,1.0,,5.0,1.0,2.0,1.0,1.0,1.0,1.0,1.0,1.0,2.0,2.0,,,,,,,2.0,1.0,1.0,2.0,2.0,1.0,1.0,2.0,2.0,1.0,2.0,1.0,2.0,2.0,1.0,1.0,2.0,2.0,1.0,2.0,2.0,1.0,1.0,2.0,2.0,2.0,2.0,2.0,1.0,2.0,1.0,2.0,2.0,1.0,1.0,1.0,2.0,1.0,1.0,2.0,,5.0,,,3.0,,,16.0,,,4.0
pid_2022,1.0,,1.0,,2.0,30.0,,,,,1.0,115.0,,70.0,4.0,,2.0,5.0,4.0,5.0,4.0,5.0,5.0,5.0,5.0,5.0,1.0,,,1.0,1.0,1.0,,,,,4.0,1.0,7.0,4.0,6.0,3.0,2.0,5.0,5.0,7.0,40.0,50.0,45.0,45.0,30.0,25.0,25.0,25.0,25.0,60.0,3.0,,6.0,,,,,,,,,,,1.0,1.0,2.0,1.0,1.0,2.0,2.0,1.0,1.0,1.0,1.0,1.0,1.0,2.0,1.0,1.0,1.0,2.0,2.0,1.0,1.0,2.0,2.0,1.0,1.0,1.0,1.0,1.0,1.0,1.0,2.0,1.0,2.0,1.0,1.0,2.0,1.0,1.0,2.0,1.0,2.0,1.0,1.0,1.0,1.0,2.0,5.0,,,6.0,,,,1.0,,6.0,
pid_2023,1.0,,,2.0,,,1.0,20.0,1.0,1500.0,,,,50.0,,4.0,3.0,5.0,3.0,4.0,3.0,3.0,5.0,5.0,5.0,5.0,1.0,,,,,,4.0,4.0,3.0,3.0,,2.0,6.0,4.0,1.0,2.0,2.0,4.0,6.0,7.0,30.0,75.0,30.0,100.0,50.0,50.0,75.0,80.0,50.0,90.0,2.0,,4.0,,,,,,,,,,,1.0,1.0,1.0,1.0,2.0,2.0,1.0,2.0,2.0,2.0,1.0,1.0,1.0,2.0,2.0,2.0,1.0,2.0,1.0,1.0,1.0,2.0,2.0,2.0,2.0,1.0,1.0,1.0,1.0,2.0,2.0,2.0,2.0,1.0,1.0,1.0,1.0,2.0,2.0,1.0,1.0,2.0,2.0,1.0,1.0,1.0,5.0,,,5.0,,,,15.0,,10.0,
pid_2024,1.0,,1.0,,2.0,54.0,,,2.0,330.0,,,,55.0,,2.0,4.0,4.0,3.0,5.0,5.0,5.0,4.0,5.0,5.0,5.0,1.0,,,2.0,1.0,1.0,,,,4.0,,1.0,6.0,1.0,2.0,2.0,4.0,6.0,7.0,7.0,85.0,86.0,82.0,81.0,80.0,80.0,80.0,80.0,75.0,88.0,3.0,,7.0,2.0,2.0,1.0,2.0,1.0,1.0,1.0,2.0,1.0,1.0,,,,,,,1.0,1.0,2.0,2.0,2.0,2.0,2.0,2.0,1.0,1.0,1.0,1.0,1.0,2.0,1.0,1.0,1.0,2.0,1.0,2.0,2.0,1.0,1.0,2.0,2.0,1.0,1.0,1.0,1.0,1.0,1.0,2.0,2.0,1.0,2.0,2.0,1.0,1.0,1.0,2.0,5.0,,,6.0,,,,5.0,,,2.0
pid_2025,1.0,,2.0,,,,1.0,28.0,,,1.0,103.0,,70.0,1.0,,4.0,5.0,2.0,4.0,5.0,5.0,5.0,5.0,5.0,5.0,1.0,,,,,,3.0,2.0,3.0,,6.0,2.0,6.0,1.0,6.0,3.0,3.0,6.0,3.0,5.0,45.0,56.0,29.0,53.0,52.0,48.0,58.0,70.0,44.0,52.0,3.0,,6.0,,,,,,,,,,,1.0,1.0,2.0,1.0,1.0,2.0,2.0,1.0,1.0,1.0,1.0,2.0,2.0,2.0,2.0,1.0,2.0,1.0,2.0,1.0,1.0,1.0,2.0,2.0,2.0,1.0,2.0,2.0,2.0,1.0,2.0,2.0,2.0,2.0,1.0,1.0,2.0,1.0,1.0,1.0,2.0,1.0,1.0,2.0,2.0,1.0,4.0,,,6.0,,,14.0,,2.0,,
pid_2026,2.0,,,1.0,2.0,40.0,,,,,1.0,750.0,,70.0,,4.0,5.0,5.0,1.0,1.0,3.0,5.0,5.0,5.0,5.0,5.0,,2.0,,,,,3.0,4.0,3.0,,5.0,1.0,6.0,2.0,4.0,3.0,2.0,5.0,5.0,5.0,45.0,55.0,51.0,25.0,20.0,66.0,66.0,55.0,55.0,45.0,1.0,,6.0,,,,,,,,,,,1.0,1.0,2.0,1.0,1.0,2.0,2.0,2.0,2.0,1.0,2.0,1.0,2.0,2.0,2.0,2.0,2.0,2.0,2.0,2.0,1.0,2.0,2.0,1.0,2.0,1.0,2.0,2.0,2.0,2.0,1.0,2.0,2.0,1.0,1.0,1.0,2.0,2.0,1.0,2.0,1.0,1.0,2.0,1.0,1.0,1.0,,5.0,,,5.0,,18.0,,,,4.0
pid_2027,,1.0,2.0,,,,2.0,10.0,,,1.0,100.0,30.0,,,6.0,2.0,5.0,3.0,4.0,5.0,3.0,5.0,5.0,4.0,5.0,,1.0,,,,,3.0,3.0,3.0,,2.0,1.0,5.0,1.0,6.0,7.0,2.0,3.0,6.0,5.0,50.0,99.0,50.0,50.0,50.0,50.0,50.0,50.0,50.0,99.0,3.0,6.0,,,,,,,,,,,,1.0,1.0,1.0,1.0,1.0,1.0,2.0,1.0,2.0,2.0,2.0,1.0,1.0,1.0,2.0,2.0,2.0,1.0,2.0,1.0,1.0,1.0,2.0,2.0,2.0,1.0,1.0,1.0,2.0,2.0,1.0,2.0,2.0,2.0,2.0,2.0,1.0,1.0,2.0,2.0,1.0,2.0,2.0,1.0,2.0,2.0,,5.0,,,2.0,,20.0,,1.0,,
pid_2028,1.0,,1.0,,2.0,40.0,,,,,1.0,300.0,,70.0,,3.0,5.0,5.0,2.0,2.0,5.0,5.0,5.0,5.0,5.0,5.0,1.0,,,,,,4.0,4.0,4.0,4.0,,1.0,7.0,5.0,6.0,6.0,5.0,5.0,5.0,5.0,70.0,75.0,45.0,35.0,60.0,50.0,50.0,70.0,60.0,90.0,3.0,6.0,,1.0,1.0,1.0,1.0,1.0,1.0,1.0,1.0,1.0,1.0,,,,,,,2.0,2.0,1.0,1.0,1.0,1.0,2.0,2.0,2.0,2.0,2.0,1.0,2.0,2.0,1.0,2.0,2.0,1.0,2.0,2.0,2.0,2.0,1.0,2.0,1.0,1.0,2.0,2.0,1.0,2.0,1.0,1.0,2.0,2.0,1.0,1.0,2.0,2.0,1.0,1.0,5.0,,,6.0,,,,15.0,3.0,,
pid_2029,,2.0,,1.0,2.0,50.0,,,,,1.0,1000.0,,58.0,2.0,,4.0,5.0,2.0,5.0,4.0,5.0,5.0,4.0,5.0,5.0,3.0,,,,,,1.0,1.0,2.0,,3.0,1.0,6.0,2.0,3.0,5.0,5.0,6.0,6.0,4.0,15.0,100.0,37.0,20.0,43.0,46.0,85.0,58.0,60.0,100.0,3.0,,6.0,1.0,2.0,1.0,1.0,2.0,2.0,2.0,1.0,1.0,1.0,,,,,,,2.0,1.0,2.0,1.0,1.0,1.0,2.0,2.0,2.0,2.0,1.0,1.0,2.0,2.0,1.0,2.0,2.0,1.0,1.0,1.0,1.0,2.0,1.0,1.0,2.0,2.0,2.0,2.0,2.0,1.0,2.0,1.0,2.0,1.0,2.0,2.0,2.0,1.0,1.0,2.0,4.0,,,4.0,,,5.0,,,,2.0
pid_2030,,1.0,1.0,,,,2.0,0.0,1.0,2300.0,,,80.0,,4.0,,5.0,5.0,3.0,5.0,5.0,5.0,3.0,4.0,5.0,5.0,,5.0,,5.0,1.0,1.0,,,,6.0,,2.0,6.0,2.0,5.0,4.0,5.0,7.0,6.0,7.0,85.0,94.0,61.0,62.0,68.0,91.0,35.0,38.0,53.0,98.0,3.0,,7.0,,,,,,,,,,,1.0,1.0,2.0,1.0,2.0,1.0,2.0,2.0,2.0,2.0,1.0,2.0,1.0,1.0,1.0,2.0,2.0,1.0,2.0,1.0,1.0,2.0,1.0,1.0,1.0,2.0,1.0,2.0,2.0,2.0,2.0,1.0,1.0,1.0,1.0,1.0,2.0,2.0,1.0,1.0,1.0,2.0,1.0,1.0,1.0,1.0,,5.0,,,6.0,,14.0,,,10.0,
pid_2031,1.0,,2.0,,2.0,35.0,,,,,1.0,150.0,90.0,,1.0,,1.0,1.0,5.0,5.0,5.0,1.0,4.0,5.0,2.0,5.0,,4.0,,1.0,6.0,1.0,,,,1.0,,2.0,7.0,1.0,6.0,5.0,1.0,1.0,7.0,7.0,30.0,50.0,70.0,60.0,90.0,30.0,70.0,40.0,30.0,75.0,1.0,7.0,,,,,,,,,,,,1.0,1.0,2.0,1.0,1.0,2.0,2.0,2.0,1.0,1.0,1.0,1.0,2.0,1.0,1.0,1.0,2.0,1.0,1.0,1.0,1.0,1.0,1.0,1.0,1.0,1.0,2.0,1.0,2.0,2.0,1.0,2.0,2.0,1.0,1.0,1.0,1.0,2.0,1.0,1.0,2.0,1.0,2.0,2.0,1.0,1.0,,5.0,,,6.0,,15.0,,,10.0,
pid_2032,,2.0,1.0,,2.0,49.0,,,1.0,1700.0,,,30.0,,,4.0,5.0,5.0,1.0,3.0,5.0,5.0,5.0,5.0,5.0,5.0,,,5.0,4.0,4.0,2.0,,,,4.0,,1.0,7.0,1.0,2.0,6.0,5.0,6.0,7.0,5.0,40.0,55.0,40.0,40.0,30.0,55.0,55.0,65.0,70.0,85.0,4.0,3.0,,,,,,,,,,,,1.0,1.0,1.0,1.0,1.0,1.0,2.0,2.0,1.0,1.0,1.0,2.0,2.0,2.0,1.0,1.0,1.0,1.0,1.0,2.0,1.0,1.0,1.0,1.0,2.0,2.0,1.0,1.0,2.0,2.0,2.0,1.0,2.0,1.0,1.0,1.0,1.0,1.0,1.0,2.0,1.0,1.0,2.0,2.0,2.0,2.0,,,5.0,,,5.0,,5.0,,,8.0
pid_2033,1.0,,1.0,,2.0,15.0,,,,,1.0,120.0,,80.0,,2.0,5.0,5.0,2.0,4.0,4.0,5.0,5.0,4.0,5.0,5.0,,,2.0,,,,2.0,3.0,5.0,5.0,,2.0,7.0,3.0,5.0,5.0,5.0,7.0,6.0,5.0,70.0,40.0,25.0,65.0,60.0,50.0,80.0,85.0,60.0,68.0,3.0,,6.0,,,,,,,,,,,1.0,1.0,2.0,1.0,2.0,1.0,2.0,1.0,2.0,2.0,1.0,2.0,1.0,2.0,2.0,2.0,2.0,2.0,2.0,2.0,2.0,1.0,2.0,1.0,1.0,1.0,1.0,1.0,2.0,1.0,2.0,1.0,1.0,1.0,1.0,1.0,2.0,1.0,2.0,1.0,2.0,1.0,2.0,2.0,1.0,2.0,,,4.0,,,5.0,15.0,,,4.0,
pid_2034,1.0,,,2.0,2.0,50.0,,,2.0,600.0,,,,71.0,,3.0,3.0,4.0,3.0,5.0,3.0,2.0,5.0,4.0,4.0,3.0,,4.0,,3.0,3.0,3.0,,,,,4.0,1.0,5.0,2.0,7.0,6.0,5.0,5.0,5.0,5.0,25.0,58.0,58.0,77.0,25.0,13.0,55.0,70.0,32.0,90.0,2.0,4.0,,,,,,,,,,,,1.0,1.0,1.0,1.0,1.0,1.0,2.0,2.0,2.0,2.0,2.0,1.0,2.0,2.0,2.0,2.0,1.0,2.0,2.0,2.0,2.0,2.0,2.0,1.0,2.0,1.0,1.0,1.0,2.0,2.0,2.0,2.0,2.0,1.0,2.0,2.0,2.0,2.0,2.0,2.0,2.0,2.0,2.0,1.0,2.0,2.0,,4.0,,,4.0,,,2.0,3.0,,
pid_2035,,1.0,,1.0,,,1.0,20.0,1.0,3000.0,,,92.0,,3.0,,3.0,4.0,4.0,4.0,4.0,4.0,2.0,4.0,2.0,4.0,,2.0,,4.0,2.0,1.0,,,,6.0,,1.0,7.0,1.0,2.0,1.0,7.0,7.0,7.0,7.0,22.0,100.0,98.0,81.0,25.0,33.0,14.0,56.0,100.0,100.0,3.0,,6.0,1.0,1.0,1.0,1.0,1.0,1.0,1.0,1.0,1.0,1.0,,,,,,,2.0,2.0,2.0,1.0,2.0,1.0,1.0,2.0,2.0,1.0,1.0,2.0,2.0,2.0,2.0,2.0,1.0,1.0,2.0,1.0,1.0,2.0,1.0,1.0,2.0,1.0,2.0,2.0,1.0,2.0,1.0,2.0,2.0,1.0,1.0,2.0,1.0,2.0,1.0,1.0,,5.0,,,5.0,,,0.0,10.0,,
pid_2037,,2.0,,2.0,2.0,30.0,,,2.0,400.0,,,75.0,,2.0,,2.0,4.0,5.0,5.0,3.0,2.0,3.0,5.0,2.0,5.0,1.0,,,2.0,5.0,1.0,,,,,6.0,1.0,5.0,1.0,6.0,2.0,2.0,7.0,5.0,6.0,30.0,90.0,70.0,80.0,10.0,20.0,60.0,90.0,50.0,90.0,2.0,,6.0,1.0,1.0,1.0,1.0,1.0,1.0,1.0,1.0,1.0,1.0,,,,,,,1.0,2.0,1.0,2.0,1.0,1.0,2.0,1.0,2.0,1.0,1.0,2.0,1.0,2.0,1.0,1.0,1.0,1.0,1.0,2.0,1.0,2.0,1.0,2.0,1.0,2.0,2.0,2.0,2.0,1.0,2.0,1.0,2.0,2.0,2.0,1.0,1.0,1.0,2.0,1.0,5.0,,,6.0,,,,15.0,,,1.0
pid_2038,,2.0,,2.0,,,1.0,54.0,1.0,1500.0,,,,90.0,1.0,,1.0,1.0,5.0,5.0,3.0,1.0,5.0,5.0,1.0,1.0,1.0,,,,,,3.0,4.0,5.0,6.0,,1.0,4.0,5.0,4.0,6.0,5.0,3.0,6.0,4.0,20.0,25.0,90.0,70.0,25.0,20.0,95.0,80.0,10.0,80.0,4.0,,5.0,,,,,,,,,,,1.0,1.0,2.0,1.0,2.0,1.0,2.0,2.0,1.0,1.0,2.0,1.0,2.0,2.0,1.0,2.0,2.0,1.0,1.0,2.0,2.0,1.0,2.0,2.0,2.0,2.0,1.0,2.0,2.0,1.0,1.0,2.0,1.0,1.0,2.0,1.0,1.0,2.0,1.0,1.0,1.0,1.0,1.0,2.0,1.0,1.0,5.0,,,6.0,,,15.0,,,1.0,
pid_2039,,1.0,,2.0,,,1.0,22.0,,,1.0,145.0,,80.0,,4.0,1.0,1.0,5.0,5.0,1.0,1.0,4.0,5.0,5.0,1.0,,,4.0,3.0,4.0,2.0,,,,4.0,,1.0,7.0,5.0,5.0,6.0,3.0,3.0,5.0,5.0,39.0,37.0,51.0,56.0,36.0,32.0,55.0,57.0,46.0,44.0,1.0,2.0,,1.0,1.0,1.0,1.0,1.0,1.0,1.0,1.0,1.0,1.0,,,,,,,2.0,2.0,2.0,2.0,2.0,1.0,2.0,2.0,2.0,1.0,2.0,2.0,1.0,1.0,2.0,2.0,1.0,2.0,1.0,1.0,2.0,2.0,2.0,1.0,1.0,2.0,2.0,1.0,2.0,2.0,2.0,2.0,1.0,1.0,2.0,2.0,2.0,2.0,1.0,1.0,,,4.0,,,3.0,15.0,,,,2.0
pid_2040,,2.0,,1.0,,,1.0,18.0,1.0,1200.0,,,,70.0,4.0,,5.0,5.0,1.0,1.0,5.0,5.0,5.0,5.0,5.0,5.0,,,1.0,3.0,3.0,3.0,,,,,6.0,1.0,6.0,4.0,4.0,3.0,5.0,7.0,7.0,7.0,50.0,98.0,30.0,50.0,40.0,50.0,50.0,49.0,70.0,96.0,3.0,6.0,,,,,,,,,,,,1.0,1.0,1.0,1.0,1.0,1.0,1.0,1.0,2.0,1.0,2.0,2.0,2.0,1.0,2.0,2.0,2.0,1.0,1.0,2.0,2.0,2.0,1.0,1.0,1.0,2.0,1.0,1.0,2.0,1.0,1.0,1.0,1.0,1.0,1.0,2.0,1.0,2.0,2.0,2.0,2.0,2.0,1.0,1.0,2.0,1.0,,,5.0,,,6.0,20.0,,,5.0,
pid_2041,1.0,,,2.0,1.0,70.0,,,,,1.0,150.0,,49.0,1.0,,5.0,5.0,2.0,2.0,5.0,5.0,5.0,4.0,5.0,5.0,,,2.0,,,,3.0,3.0,3.0,4.0,,1.0,7.0,7.0,7.0,7.0,4.0,4.0,4.0,4.0,45.0,46.0,51.0,50.0,50.0,50.0,49.0,47.0,46.0,47.0,4.0,,4.0,1.0,1.0,1.0,1.0,1.0,1.0,1.0,1.0,1.0,1.0,,,,,,,2.0,2.0,2.0,2.0,2.0,2.0,2.0,2.0,2.0,2.0,2.0,2.0,2.0,2.0,2.0,2.0,2.0,2.0,1.0,2.0,2.0,2.0,2.0,2.0,2.0,2.0,2.0,1.0,2.0,2.0,1.0,2.0,2.0,2.0,1.0,2.0,1.0,2.0,2.0,1.0,,,5.0,,,6.0,,10.0,,7.0,
pid_2042,2.0,,,2.0,2.0,20.0,,,,,1.0,120.0,,70.0,3.0,,4.0,5.0,2.0,5.0,4.0,4.0,5.0,5.0,5.0,5.0,,,1.0,,,,3.0,4.0,4.0,,4.0,1.0,5.0,3.0,5.0,3.0,1.0,5.0,5.0,5.0,40.0,55.0,66.0,55.0,36.0,43.0,59.0,64.0,45.0,62.0,3.0,,6.0,1.0,2.0,1.0,1.0,1.0,2.0,1.0,1.0,1.0,1.0,,,,,,,2.0,2.0,2.0,1.0,2.0,2.0,2.0,2.0,2.0,2.0,2.0,2.0,1.0,2.0,1.0,1.0,1.0,2.0,2.0,1.0,2.0,1.0,2.0,2.0,1.0,2.0,2.0,2.0,1.0,1.0,2.0,2.0,2.0,1.0,1.0,1.0,2.0,2.0,1.0,2.0,,,4.0,,,4.0,15.0,,,7.0,
pid_2043,,2.0,,1.0,,,1.0,17.0,,,1.0,150.0,,89.0,,5.0,4.0,5.0,1.0,5.0,5.0,5.0,5.0,4.0,5.0,5.0,4.0,,,5.0,3.0,1.0,,,,6.0,,1.0,6.0,1.0,2.0,5.0,5.0,7.0,6.0,6.0,40.0,35.0,50.0,78.0,51.0,90.0,75.0,90.0,30.0,61.0,4.0,6.0,,1.0,1.0,1.0,1.0,2.0,1.0,2.0,1.0,2.0,1.0,,,,,,,1.0,1.0,1.0,1.0,2.0,2.0,1.0,1.0,2.0,1.0,2.0,2.0,1.0,1.0,2.0,2.0,2.0,1.0,1.0,2.0,2.0,1.0,1.0,1.0,2.0,1.0,1.0,1.0,2.0,1.0,2.0,2.0,2.0,1.0,1.0,2.0,1.0,2.0,2.0,2.0,5.0,,,5.0,,,10.0,,,6.0,
pid_2044,,1.0,1.0,,2.0,54.0,,,2.0,200.0,,,60.0,,,1.0,1.0,5.0,5.0,5.0,5.0,5.0,5.0,1.0,5.0,5.0,1.0,,,1.0,1.0,1.0,,,,6.0,,1.0,7.0,2.0,4.0,5.0,3.0,7.0,7.0,7.0,13.0,100.0,100.0,100.0,100.0,10.0,100.0,7.0,100.0,100.0,1.0,5.0,,,,,,,,,,,,1.0,1.0,2.0,1.0,2.0,1.0,2.0,1.0,1.0,1.0,2.0,1.0,2.0,1.0,1.0,1.0,2.0,2.0,1.0,1.0,2.0,1.0,2.0,1.0,1.0,2.0,2.0,1.0,1.0,2.0,2.0,1.0,1.0,2.0,2.0,2.0,2.0,1.0,1.0,1.0,1.0,1.0,1.0,1.0,1.0,1.0,5.0,,,6.0,,,,5.0,,10.0,
pid_2045,1.0,,2.0,,2.0,50.0,,,2.0,250.0,,,30.0,,3.0,,3.0,3.0,2.0,4.0,4.0,5.0,5.0,4.0,4.0,5.0,4.0,,,,,,4.0,3.0,4.0,5.0,,1.0,6.0,1.0,2.0,5.0,2.0,6.0,5.0,5.0,25.0,53.0,18.0,39.0,21.0,29.0,87.0,49.0,58.0,41.0,2.0,2.0,,,,,,,,,,,,1.0,1.0,1.0,1.0,2.0,2.0,1.0,1.0,1.0,1.0,1.0,2.0,1.0,2.0,1.0,1.0,1.0,1.0,1.0,1.0,1.0,1.0,1.0,2.0,1.0,2.0,1.0,2.0,1.0,1.0,1.0,1.0,1.0,1.0,1.0,1.0,1.0,1.0,2.0,2.0,1.0,2.0,1.0,2.0,2.0,1.0,4.0,,,5.0,,,,5.0,,4.0,
pid_2046,,2.0,,2.0,,,2.0,9.0,,,1.0,180.0,72.0,,,3.0,5.0,5.0,2.0,3.0,5.0,5.0,5.0,5.0,5.0,5.0,1.0,,,,,,4.0,4.0,3.0,,4.0,1.0,7.0,2.0,4.0,2.0,5.0,7.0,5.0,5.0,60.0,58.0,16.0,34.0,38.0,42.0,52.0,52.0,38.0,66.0,3.0,,6.0,,,,,,,,,,,1.0,1.0,2.0,1.0,1.0,2.0,1.0,2.0,1.0,1.0,1.0,1.0,2.0,2.0,1.0,2.0,1.0,2.0,1.0,1.0,1.0,1.0,1.0,2.0,2.0,1.0,1.0,2.0,2.0,2.0,2.0,2.0,1.0,2.0,2.0,1.0,1.0,1.0,2.0,1.0,2.0,1.0,2.0,1.0,2.0,2.0,4.0,,,4.0,,,15.0,,,,3.0
pid_2047,,2.0,1.0,,2.0,38.0,,,,,1.0,110.0,81.0,,,5.0,1.0,2.0,5.0,4.0,1.0,1.0,1.0,3.0,2.0,4.0,1.0,,,,,,4.0,3.0,4.0,,6.0,2.0,5.0,1.0,6.0,6.0,3.0,5.0,5.0,5.0,36.0,68.0,68.0,66.0,25.0,14.0,70.0,68.0,42.0,53.0,2.0,,3.0,1.0,1.0,1.0,2.0,1.0,2.0,2.0,1.0,1.0,2.0,,,,,,,2.0,1.0,1.0,1.0,1.0,2.0,1.0,1.0,1.0,2.0,1.0,1.0,1.0,2.0,2.0,2.0,2.0,1.0,1.0,1.0,2.0,2.0,1.0,1.0,1.0,1.0,1.0,1.0,2.0,2.0,2.0,1.0,2.0,1.0,2.0,2.0,2.0,2.0,1.0,2.0,2.0,,,3.0,,,15.0,,,10.0,
pid_2048,,2.0,1.0,,2.0,10.0,,,,,1.0,300.0,,70.0,,3.0,5.0,5.0,2.0,2.0,5.0,5.0,5.0,5.0,5.0,5.0,,,3.0,4.0,5.0,2.0,,,,,5.0,1.0,6.0,2.0,2.0,4.0,2.0,5.0,6.0,5.0,40.0,72.0,70.0,18.0,30.0,44.0,75.0,75.0,50.0,63.0,3.0,,6.0,,,,,,,,,,,1.0,1.0,1.0,1.0,2.0,2.0,1.0,2.0,1.0,2.0,2.0,1.0,2.0,2.0,2.0,1.0,1.0,1.0,2.0,1.0,2.0,2.0,2.0,1.0,1.0,1.0,1.0,2.0,2.0,1.0,2.0,1.0,2.0,1.0,2.0,1.0,1.0,2.0,2.0,2.0,2.0,2.0,2.0,1.0,1.0,2.0,,,5.0,,,6.0,15.0,,4.0,,
pid_2049,1.0,,,1.0,2.0,50.0,,,,,1.0,250.0,82.0,,,4.0,2.0,4.0,4.0,5.0,5.0,5.0,2.0,4.0,4.0,5.0,,2.0,,,,,2.0,3.0,3.0,6.0,,2.0,7.0,1.0,5.0,5.0,5.0,7.0,6.0,5.0,35.0,29.0,51.0,68.0,46.0,93.0,24.0,39.0,25.0,89.0,2.0,,6.0,1.0,1.0,1.0,1.0,2.0,1.0,1.0,2.0,1.0,2.0,,,,,,,2.0,2.0,2.0,2.0,1.0,2.0,1.0,2.0,2.0,1.0,1.0,2.0,2.0,2.0,1.0,2.0,2.0,1.0,1.0,1.0,2.0,1.0,2.0,2.0,1.0,1.0,2.0,2.0,1.0,2.0,1.0,2.0,2.0,1.0,2.0,2.0,1.0,2.0,1.0,2.0,,5.0,,,5.0,,,13.0,4.0,,
pid_2050,1.0,,,2.0,,,1.0,34.0,2.0,560.0,,,30.0,,,3.0,4.0,4.0,2.0,4.0,3.0,4.0,4.0,4.0,5.0,4.0,,,4.0,3.0,2.0,2.0,,,,,6.0,1.0,5.0,3.0,3.0,2.0,3.0,5.0,3.0,6.0,20.0,31.0,5.0,66.0,36.0,40.0,89.0,10.0,61.0,41.0,2.0,,6.0,1.0,2.0,1.0,1.0,2.0,2.0,1.0,2.0,2.0,1.0,,,,,,,2.0,1.0,1.0,2.0,1.0,1.0,1.0,2.0,1.0,2.0,1.0,1.0,1.0,1.0,1.0,2.0,1.0,1.0,1.0,1.0,1.0,1.0,1.0,2.0,1.0,1.0,1.0,2.0,2.0,1.0,1.0,2.0,2.0,1.0,1.0,1.0,2.0,2.0,1.0,1.0,,,5.0,,,5.0,,10.0,,,4.0
pid_2051,,2.0,,2.0,1.0,23.0,,,,,2.0,80.0,,50.0,1.0,,5.0,5.0,5.0,3.0,5.0,4.0,5.0,5.0,1.0,4.0,2.0,,,,,,5.0,2.0,2.0,,6.0,1.0,6.0,5.0,5.0,6.0,2.0,5.0,7.0,5.0,70.0,66.0,79.0,62.0,96.0,85.0,79.0,59.0,84.0,58.0,1.0,4.0,,1.0,2.0,1.0,2.0,2.0,1.0,2.0,2.0,2.0,1.0,,,,,,,1.0,1.0,1.0,1.0,1.0,1.0,1.0,2.0,1.0,1.0,1.0,1.0,1.0,1.0,1.0,1.0,1.0,1.0,1.0,1.0,2.0,1.0,2.0,1.0,2.0,1.0,1.0,2.0,2.0,1.0,1.0,1.0,1.0,1.0,1.0,1.0,2.0,1.0,1.0,2.0,5.0,,,4.0,,,20.0,,3.0,,
pid_2052,1.0,,1.0,,2.0,54.0,,,,,1.0,350.0,78.0,,,2.0,4.0,5.0,1.0,4.0,5.0,5.0,5.0,5.0,5.0,4.0,,,1.0,,,,5.0,5.0,4.0,,6.0,2.0,7.0,2.0,3.0,5.0,3.0,5.0,7.0,6.0,54.0,55.0,70.0,53.0,36.0,60.0,58.0,52.0,29.0,86.0,4.0,6.0,,,,,,,,,,,,1.0,1.0,1.0,1.0,2.0,2.0,1.0,2.0,1.0,1.0,2.0,1.0,2.0,1.0,2.0,1.0,1.0,1.0,2.0,1.0,1.0,2.0,1.0,1.0,1.0,2.0,1.0,2.0,1.0,2.0,2.0,2.0,1.0,1.0,1.0,1.0,1.0,2.0,2.0,1.0,1.0,2.0,2.0,1.0,1.0,2.0,,,5.0,,,6.0,,15.0,2.0,,
pid_2053,1.0,,,1.0,2.0,43.0,,,,,1.0,100.0,35.0,,,3.0,4.0,3.0,3.0,5.0,4.0,5.0,3.0,2.0,4.0,5.0,,3.0,,5.0,4.0,2.0,,,,,6.0,2.0,2.0,6.0,5.0,4.0,6.0,4.0,6.0,5.0,30.0,49.0,0.0,31.0,26.0,75.0,9.0,36.0,80.0,27.0,4.0,2.0,,,,,,,,,,,,1.0,1.0,1.0,2.0,2.0,1.0,2.0,1.0,1.0,2.0,1.0,2.0,2.0,2.0,1.0,2.0,1.0,1.0,1.0,2.0,2.0,1.0,2.0,1.0,1.0,1.0,2.0,1.0,2.0,1.0,1.0,2.0,2.0,2.0,1.0,2.0,2.0,2.0,2.0,1.0,1.0,2.0,1.0,2.0,2.0,2.0,,5.0,,,3.0,,18.0,,,,3.0
pid_2054,1.0,,,1.0,,,1.0,45.0,,,1.0,93.0,,99.0,2.0,,5.0,2.0,2.0,5.0,5.0,4.0,5.0,5.0,5.0,5.0,,1.0,,4.0,2.0,1.0,,,,,4.0,1.0,6.0,1.0,1.0,5.0,1.0,7.0,6.0,5.0,70.0,25.0,30.0,85.0,50.0,80.0,85.0,65.0,55.0,95.0,4.0,6.0,,,,,,,,,,,,1.0,1.0,2.0,1.0,2.0,1.0,2.0,1.0,2.0,1.0,2.0,1.0,1.0,1.0,1.0,2.0,1.0,1.0,2.0,2.0,1.0,1.0,2.0,1.0,2.0,2.0,1.0,1.0,2.0,1.0,2.0,1.0,2.0,1.0,2.0,1.0,2.0,1.0,1.0,1.0,2.0,1.0,2.0,1.0,1.0,2.0,,5.0,,,5.0,,12.0,,,,5.0
pid_2055,2.0,,1.0,,,,1.0,40.0,,,1.0,230.0,,83.0,,3.0,5.0,5.0,1.0,1.0,3.0,5.0,5.0,4.0,5.0,5.0,1.0,,,3.0,3.0,2.0,,,,6.0,,1.0,5.0,1.0,5.0,3.0,1.0,5.0,6.0,6.0,65.0,76.0,31.0,54.0,47.0,66.0,72.0,76.0,64.0,70.0,2.0,4.0,,1.0,1.0,1.0,1.0,1.0,1.0,1.0,1.0,1.0,1.0,,,,,,,2.0,1.0,1.0,2.0,1.0,2.0,2.0,1.0,2.0,2.0,2.0,2.0,2.0,2.0,1.0,2.0,2.0,1.0,2.0,2.0,1.0,1.0,2.0,1.0,2.0,2.0,1.0,2.0,1.0,2.0,2.0,2.0,2.0,2.0,2.0,1.0,2.0,2.0,1.0,1.0,4.0,,,6.0,,,,6.0,,9.0,
pid_2056,,1.0,,2.0,,,1.0,54.0,,,1.0,379.0,,53.0,,6.0,4.0,3.0,3.0,4.0,3.0,3.0,4.0,3.0,3.0,4.0,,3.0,,5.0,2.0,4.0,,,,,4.0,2.0,5.0,4.0,4.0,5.0,5.0,4.0,4.0,5.0,25.0,55.0,37.0,28.0,34.0,23.0,36.0,26.0,42.0,47.0,3.0,1.0,,,,,,,,,,,,1.0,2.0,1.0,2.0,1.0,1.0,2.0,1.0,2.0,1.0,2.0,1.0,1.0,2.0,1.0,1.0,2.0,1.0,1.0,1.0,1.0,2.0,2.0,1.0,1.0,2.0,1.0,2.0,1.0,1.0,1.0,2.0,2.0,1.0,2.0,1.0,2.0,1.0,1.0,2.0,2.0,2.0,2.0,1.0,1.0,2.0,,4.0,,,4.0,,,10.0,5.0,,
pid_2057,1.0,,,1.0,2.0,49.0,,,,,1.0,110.0,,41.0,2.0,,4.0,5.0,3.0,3.0,4.0,4.0,5.0,3.0,5.0,5.0,,,2.0,4.0,3.0,3.0,,,,5.0,,2.0,7.0,1.0,5.0,5.0,1.0,7.0,4.0,4.0,35.0,76.0,35.0,46.0,31.0,43.0,51.0,47.0,36.0,68.0,3.0,,7.0,,,,,,,,,,,1.0,1.0,1.0,2.0,1.0,2.0,2.0,2.0,2.0,1.0,1.0,2.0,1.0,2.0,1.0,1.0,2.0,1.0,1.0,2.0,2.0,1.0,1.0,1.0,2.0,2.0,2.0,1.0,1.0,2.0,2.0,1.0,2.0,2.0,2.0,2.0,2.0,1.0,2.0,1.0,2.0,2.0,2.0,1.0,2.0,2.0,,,4.0,,,4.0,15.0,,,,4.0
pid_2058,1.0,,2.0,,2.0,40.0,,,2.0,450.0,,,30.0,,5.0,,5.0,4.0,1.0,4.0,5.0,5.0,5.0,5.0,5.0,5.0,,,5.0,,,,4.0,4.0,3.0,6.0,,2.0,7.0,1.0,1.0,2.0,1.0,6.0,7.0,7.0,56.0,61.0,44.0,51.0,60.0,59.0,55.0,60.0,53.0,65.0,3.0,,6.0,,,,,,,,,,,1.0,1.0,1.0,1.0,1.0,1.0,1.0,1.0,1.0,1.0,1.0,1.0,2.0,1.0,2.0,1.0,1.0,2.0,2.0,1.0,2.0,1.0,1.0,2.0,1.0,1.0,1.0,2.0,1.0,1.0,2.0,2.0,1.0,1.0,1.0,1.0,2.0,2.0,1.0,1.0,2.0,1.0,1.0,2.0,2.0,2.0,,,5.0,,,6.0,,15.0,1.0,,
