base_pid,gender,age_band,race,target_cell_proportion,clean_pool_cell_n,poststratification_weight
pid_1,Female,45-59,Black / African American,0.0146110438331315,16,1.75423845021535
pid_2,Female,60+,White / Caucasian,0.117222351667055,313,0.719438139145088
pid_3,Male,60+,White / Caucasian,0.101944305832918,277,0.706985601101208
pid_5,Female,30-44,White / Caucasian,0.0690562071686215,129,1.0283486354335
pid_7,Female,18-29,White / Caucasian,0.0500561501684505,97,0.991318190449417
pid_8,Female,18-29,Black / African American,0.0145000435001305,25,1.11418334255003
pid_9,Male,45-59,White / Caucasian,0.0696112088336265,103,1.29828283659608
pid_10,Male,30-44,Other,0.003889011667035,19,0.393199548019697
pid_11,Female,60+,White / Caucasian,0.117222351667055,313,0.719438139145088
pid_13,Male,60+,White / Caucasian,0.101944305832918,277,0.706985601101208
pid_14,Female,45-59,White / Caucasian,0.0692782078346235,120,1.1090286437526
pid_15,Male,60+,White / Caucasian,0.101944305832918,277,0.706985601101208
pid_16,Male,60+,White / Caucasian,0.101944305832918,277,0.706985601101208
pid_17,Female,60+,White / Caucasian,0.117222351667055,313,0.719438139145088
pid_18,Male,60+,White / Caucasian,0.101944305832918,277,0.706985601101208
pid_19,Female,30-44,White / Caucasian,0.0690562071686215,129,1.0283486354335
pid_20,Male,45-59,White / Caucasian,0.0696112088336265,103,1.29828283659608
pid_21,Female,60+,White / Caucasian,0.117222351667055,313,0.719438139145088
pid_22,Female,30-44,Other,0.0039440118320355,17,0.445673337020011
pid_23,Male,45-59,White / Caucasian,0.0696112088336265,103,1.29828283659608
pid_24,Male,18-29,White / Caucasian,0.0529441588324765,84,1.21078248949033
pid_25,Female,60+,White / Caucasian,0.117222351667055,313,0.719438139145088
pid_26,Female,60+,White / Caucasian,0.117222351667055,313,0.719438139145088
pid_27,Female,60+,White / Caucasian,0.117222351667055,313,0.719438139145088
pid_28,Female,30-44,White / Caucasian,0.0690562071686215,129,1.0283486354335
pid_29,Female,60+,White / Caucasian,0.117222351667055,313,0.719438139145088
pid_30,Male,60+,White / Caucasian,0.101944305832918,277,0.706985601101208
pid_31,Female,30-44,White / Caucasian,0.0690562071686215,129,1.0283486354335
pid_32,Male,30-44,Hispanic / Latino,0.029333087999264,40,1.40872155116465
pid_33,Female,30-44,White / Caucasian,0.0690562071686215,129,1.0283486354335
pid_34,Female,18-29,Black / African American,0.0145000435001305,25,1.11418334255003
pid_35,Female,30-44,White / Caucasian,0.0690562071686215,129,1.0283486354335
pid_37,Male,45-59,Other,0.0028330084990255,4,1.36055233165699
pid_38,Female,60+,White / Caucasian,0.117222351667055,313,0.719438139145088
pid_39,Female,60+,White / Caucasian,0.117222351667055,313,0.719438139145088
pid_40,Male,30-44,White / Caucasian,0.071667215001645,157,0.876896305848153
pid_41,Female,18-29,White / Caucasian,0.0500561501684505,97,0.991318190449417
pid_42,Female,60+,White / Caucasian,0.117222351667055,313,0.719438139145088
pid_43,Male,18-29,Black / African American,0.0138330414991245,27,0.984195285919191
pid_44,Male,30-44,Hispanic / Latino,0.029333087999264,40,1.40872155116465
pid_45,Male,60+,White / Caucasian,0.101944305832918,277,0.706985601101208
pid_47,Male,45-59,White / Caucasian,0.0696112088336265,103,1.29828283659608
pid_48,Male,60+,Black / African American,0.0145000435001305,29,0.960502881508644
pid_49,Female,30-44,White / Caucasian,0.0690562071686215,129,1.0283486354335
pid_50,Female,60+,White / Caucasian,0.117222351667055,313,0.719438139145088
pid_51,Male,60+,White / Caucasian,0.101944305832918,277,0.706985601101208
pid_52,Female,30-44,White / Caucasian,0.0690562071686215,129,1.0283486354335
pid_53,Male,60+,White / Caucasian,0.101944305832918,277,0.706985601101208
pid_54,Male,60+,White / Caucasian,0.101944305832918,277,0.706985601101208
pid_55,Female,60+,White / Caucasian,0.117222351667055,313,0.719438139145088
pid_56,Female,60+,White / Caucasian,0.117222351667055,313,0.719438139145088
pid_57,Male,45-59,Black / African American,0.0132780398341195,15,1.7004743014229
pid_58,Female,60+,White / Caucasian,0.117222351667055,313,0.719438139145088
pid_59,Male,45-59,White / Caucasian,0.0696112088336265,103,1.29828283659608
pid_60,Male,60+,White / Caucasian,0.101944305832918,277,0.706985601101208
pid_61,Male,60+,White / Caucasian,0.101944305832918,277,0.706985601101208
pid_62,Male,45-59,White / Caucasian,0.0696112088336265,103,1.29828283659608
pid_63,Female,60+,White / Caucasian,0.117222351667055,313,0.719438139145088
pid_64,Male,60+,White / Caucasian,0.101944305832918,277,0.706985601101208
pid_65,Female,45-59,Hispanic / Latino,0.0199440598321795,14,2.73660992411549
pid_67,Male,30-44,White / Caucasian,0.071667215001645,157,0.876896305848153
pid_68,Male,30-44,White / Caucasian,0.071667215001645,157,0.876896305848153
pid_69,Male,30-44,White / Caucasian,0.071667215001645,157,0.876896305848153
pid_70,Male,60+,White / Caucasian,0.101944305832918,277,0.706985601101208
pid_71,Male,60+,Hispanic / Latino,0.0162780488341465,12,2.60584431753295
pid_72,Male,45-59,White / Caucasian,0.0696112088336265,103,1.29828283659608
pid_73,Male,30-44,White / Caucasian,0.071667215001645,157,0.876896305848153
pid_74,Male,60+,White / Caucasian,0.101944305832918,277,0.706985601101208
pid_75,Female,45-59,White / Caucasian,0.0692782078346235,120,1.1090286437526
pid_76,Female,60+,White / Caucasian,0.117222351667055,313,0.719438139145088
pid_77,Female,60+,White / Caucasian,0.117222351667055,313,0.719438139145088
pid_78,Male,60+,White / Caucasian,0.101944305832918,277,0.706985601101208
pid_80,Male,60+,White / Caucasian,0.101944305832918,277,0.706985601101208
pid_81,Male,60+,White / Caucasian,0.101944305832918,277,0.706985601101208
pid_82,Female,18-29,White / Caucasian,0.0500561501684505,97,0.991318190449417
pid_83,Female,60+,White / Caucasian,0.117222351667055,313,0.719438139145088
pid_84,Female,60+,White / Caucasian,0.117222351667055,313,0.719438139145088
pid_85,Male,60+,White / Caucasian,0.101944305832918,277,0.706985601101208
pid_86,Female,60+,White / Caucasian,0.117222351667055,313,0.719438139145088
pid_87,Female,60+,White / Caucasian,0.117222351667055,313,0.719438139145088
pid_88,Male,18-29,White / Caucasian,0.0529441588324765,84,1.21078248949033
pid_89,Female,60+,White / Caucasian,0.117222351667055,313,0.719438139145088
pid_90,Female,30-44,Asian / Asian American,0.0108330324990975,19,1.09527660161928
pid_91,Female,60+,White / Caucasian,0.117222351667055,313,0.719438139145088
pid_92,Female,30-44,White / Caucasian,0.0690562071686215,129,1.0283486354335
pid_93,Male,45-59,Asian / Asian American,0.007667023001069,12,1.22736259875446
pid_94,Male,45-59,Asian / Asian American,0.007667023001069,12,1.22736259875446
pid_95,Female,60+,White / Caucasian,0.117222351667055,313,0.719438139145088
pid_96,Female,18-29,Other,0.003889011667035,14,0.533627958026731
pid_97,Male,60+,White / Caucasian,0.101944305832918,277,0.706985601101208
pid_98,Female,30-44,White / Caucasian,0.0690562071686215,129,1.0283486354335
pid_99,Male,30-44,Other,0.003889011667035,19,0.393199548019697
pid_100,Male,45-59,White / Caucasian,0.0696112088336265,103,1.29828283659608
pid_101,Male,60+,White / Caucasian,0.101944305832918,277,0.706985601101208
pid_102,Male,45-59,Black / African American,0.0132780398341195,15,1.7004743014229
pid_103,Female,18-29,White / Caucasian,0.0500561501684505,97,0.991318190449417
pid_104,Male,30-44,White / Caucasian,0.071667215001645,157,0.876896305848153
pid_105,Male,60+,White / Caucasian,0.101944305832918,277,0.706985601101208
pid_106,Female,60+,White / Caucasian,0.117222351667055,313,0.719438139145088
pid_107,Male,45-59,White / Caucasian,0.0696112088336265,103,1.29828283659608
pid_109,Male,60+,White / Caucasian,0.101944305832918,277,0.706985601101208
pid_110,Female,45-59,White / Caucasian,0.0692782078346235,120,1.1090286437526
pid_112,Female,60+,Asian / Asian American,0.00905602716808151,15,1.15977521265897
pid_114,Male,60+,White / Caucasian,0.101944305832918,277,0.706985601101208
pid_115,Female,60+,Asian / Asian American,0.00905602716808151,15,1.15977521265897
pid_116,Female,60+,Black / African American,0.018444055332166,57,0.621597022685805
pid_117,Male,30-44,White / Caucasian,0.071667215001645,157,0.876896305848153
pid_118,Male,60+,White / Caucasian,0.101944305832918,277,0.706985601101208
pid_119,Female,60+,White / Caucasian,0.117222351667055,313,0.719438139145088
pid_120,Male,60+,White / Caucasian,0.101944305832918,277,0.706985601101208
pid_121,Male,60+,White / Caucasian,0.101944305832918,277,0.706985601101208
pid_122,Female,60+,White / Caucasian,0.117222351667055,313,0.719438139145088
pid_123,Male,60+,White / Caucasian,0.101944305832918,277,0.706985601101208
pid_124,Male,30-44,Black / African American,0.0162780488341465,37,0.845138697578255
pid_125,Female,60+,White / Caucasian,0.117222351667055,313,0.719438139145088
pid_126,Female,60+,White / Caucasian,0.117222351667055,313,0.719438139145088
pid_127,Male,60+,White / Caucasian,0.101944305832918,277,0.706985601101208
pid_128,Female,60+,White / Caucasian,0.117222351667055,313,0.719438139145088
pid_129,Female,30-44,Asian / Asian American,0.0108330324990975,19,1.09527660161928
pid_130,Male,60+,Other,0.0027220081660245,12,0.435748140577755
pid_132,Male,30-44,White / Caucasian,0.071667215001645,157,0.876896305848153
pid_133,Female,60+,Hispanic / Latino,0.018444055332166,13,2.7254638686993
pid_134,Female,60+,White / Caucasian,0.117222351667055,313,0.719438139145088
pid_135,Male,60+,White / Caucasian,0.101944305832918,277,0.706985601101208
pid_136,Male,30-44,White / Caucasian,0.071667215001645,157,0.876896305848153
pid_137,Male,45-59,White / Caucasian,0.0696112088336265,103,1.29828283659608
pid_138,Female,30-44,White / Caucasian,0.0690562071686215,129,1.0283486354335
pid_139,Male,45-59,White / Caucasian,0.0696112088336265,103,1.29828283659608
pid_140,Male,60+,White / Caucasian,0.101944305832918,277,0.706985601101208
pid_141,Male,30-44,White / Caucasian,0.071667215001645,157,0.876896305848153
pid_142,Male,60+,White / Caucasian,0.101944305832918,277,0.706985601101208
pid_143,Male,60+,Black / African American,0.0145000435001305,29,0.960502881508644
pid_144,Female,60+,White / Caucasian,0.117222351667055,313,0.719438139145088
pid_145,Female,18-29,Hispanic / Latino,0.023667071001213,20,2.27322216966651
pid_146,Female,18-29,White / Caucasian,0.0500561501684505,97,0.991318190449417
pid_147,Male,18-29,Hispanic / Latino,0.025444076332229,54,0.905149456189109
pid_148,Male,60+,White / Caucasian,0.101944305832918,277,0.706985601101208
pid_149,Male,30-44,White / Caucasian,0.071667215001645,157,0.876896305848153
pid_150,Female,30-44,White / Caucasian,0.0690562071686215,129,1.0283486354335
pid_151,Male,18-29,Hispanic / Latino,0.025444076332229,54,0.905149456189109
pid_152,Female,60+,White / Caucasian,0.117222351667055,313,0.719438139145088
pid_153,Male,60+,White / Caucasian,0.101944305832918,277,0.706985601101208
pid_154,Male,60+,White / Caucasian,0.101944305832918,277,0.706985601101208
pid_155,Female,18-29,Black / African American,0.0145000435001305,25,1.11418334255003
pid_156,Male,18-29,White / Caucasian,0.0529441588324765,84,1.21078248949033
pid_157,Female,60+,White / Caucasian,0.117222351667055,313,0.719438139145088
pid_158,Male,60+,White / Caucasian,0.101944305832918,277,0.706985601101208
pid_159,Female,60+,White / Caucasian,0.117222351667055,313,0.719438139145088
pid_160,Male,60+,White / Caucasian,0.101944305832918,277,0.706985601101208
pid_161,Male,60+,White / Caucasian,0.101944305832918,277,0.706985601101208
pid_162,Female,18-29,White / Caucasian,0.0500561501684505,97,0.991318190449417
pid_163,Male,45-59,White / Caucasian,0.0696112088336265,103,1.29828283659608
pid_164,Female,45-59,White / Caucasian,0.0692782078346235,120,1.1090286437526
pid_165,Male,45-59,Hispanic / Latino,0.0203890611671835,4,9.79184662553988
pid_166,Male,60+,White / Caucasian,0.101944305832918,277,0.706985601101208
pid_167,Female,60+,White / Caucasian,0.117222351667055,313,0.719438139145088
pid_169,Male,60+,White / Caucasian,0.101944305832918,277,0.706985601101208
pid_170,Female,45-59,White / Caucasian,0.0692782078346235,120,1.1090286437526
pid_171,Male,60+,White / Caucasian,0.101944305832918,277,0.706985601101208
pid_172,Male,60+,White / Caucasian,0.101944305832918,277,0.706985601101208
pid_173,Female,30-44,White / Caucasian,0.0690562071686215,129,1.0283486354335
pid_174,Female,60+,White / Caucasian,0.117222351667055,313,0.719438139145088
pid_175,Male,45-59,White / Caucasian,0.0696112088336265,103,1.29828283659608
pid_176,Male,60+,White / Caucasian,0.101944305832918,277,0.706985601101208
pid_177,Male,60+,White / Caucasian,0.101944305832918,277,0.706985601101208
pid_178,Male,30-44,Other,0.003889011667035,19,0.393199548019697
pid_179,Female,45-59,White / Caucasian,0.0692782078346235,120,1.1090286437526
pid_180,Female,60+,Black / African American,0.018444055332166,57,0.621597022685805
pid_181,Male,60+,White / Caucasian,0.101944305832918,277,0.706985601101208
pid_182,Female,60+,White / Caucasian,0.117222351667055,313,0.719438139145088
pid_183,Female,60+,White / Caucasian,0.117222351667055,313,0.719438139145088
pid_184,Female,60+,White / Caucasian,0.117222351667055,313,0.719438139145088
pid_185,Female,60+,White / Caucasian,0.117222351667055,313,0.719438139145088
pid_186,Female,18-29,Black / African American,0.0145000435001305,25,1.11418334255003
pid_187,Male,60+,White / Caucasian,0.101944305832918,277,0.706985601101208
pid_188,Female,60+,White / Caucasian,0.117222351667055,313,0.719438139145088
pid_189,Female,45-59,White / Caucasian,0.0692782078346235,120,1.1090286437526
pid_190,Male,45-59,White / Caucasian,0.0696112088336265,103,1.29828283659608
pid_191,Female,60+,White / Caucasian,0.117222351667055,313,0.719438139145088
pid_192,Male,60+,White / Caucasian,0.101944305832918,277,0.706985601101208
pid_193,Female,60+,White / Caucasian,0.117222351667055,313,0.719438139145088
pid_194,Female,60+,White / Caucasian,0.117222351667055,313,0.719438139145088
pid_195,Male,45-59,White / Caucasian,0.0696112088336265,103,1.29828283659608
pid_196,Female,60+,White / Caucasian,0.117222351667055,313,0.719438139145088
pid_197,Male,60+,White / Caucasian,0.101944305832918,277,0.706985601101208
pid_198,Female,30-44,White / Caucasian,0.0690562071686215,129,1.0283486354335
pid_199,Female,60+,White / Caucasian,0.117222351667055,313,0.719438139145088
pid_200,Female,60+,White / Caucasian,0.117222351667055,313,0.719438139145088
pid_201,Female,60+,White / Caucasian,0.117222351667055,313,0.719438139145088
pid_202,Male,18-29,Black / African American,0.0138330414991245,27,0.984195285919191
pid_203,Male,60+,White / Caucasian,0.101944305832918,277,0.706985601101208
pid_204,Female,60+,White / Caucasian,0.117222351667055,313,0.719438139145088
pid_205,Female,30-44,Hispanic / Latino,0.02777808333425,24,2.22340408687893
pid_206,Male,60+,White / Caucasian,0.101944305832918,277,0.706985601101208
pid_207,Female,45-59,Black / African American,0.0146110438331315,16,1.75423845021535
pid_208,Female,60+,White / Caucasian,0.117222351667055,313,0.719438139145088
pid_209,Male,60+,White / Caucasian,0.101944305832918,277,0.706985601101208
pid_210,Male,60+,Black / African American,0.0145000435001305,29,0.960502881508644
pid_211,Female,45-59,White / Caucasian,0.0692782078346235,120,1.1090286437526
pid_212,Male,60+,Other,0.0027220081660245,12,0.435748140577755
pid_213,Female,60+,White / Caucasian,0.117222351667055,313,0.719438139145088
pid_214,Male,30-44,Black / African American,0.0162780488341465,37,0.845138697578255
pid_215,Female,60+,White / Caucasian,0.117222351667055,313,0.719438139145088
pid_216,Male,18-29,Black / African American,0.0138330414991245,27,0.984195285919191
pid_217,Male,60+,White / Caucasian,0.101944305832918,277,0.706985601101208
pid_218,Male,60+,White / Caucasian,0.101944305832918,277,0.706985601101208
pid_219,Female,45-59,White / Caucasian,0.0692782078346235,120,1.1090286437526
pid_220,Male,60+,White / Caucasian,0.101944305832918,277,0.706985601101208
pid_221,Male,60+,White / Caucasian,0.101944305832918,277,0.706985601101208
pid_222,Female,60+,White / Caucasian,0.117222351667055,313,0.719438139145088
pid_223,Male,60+,Black / African American,0.0145000435001305,29,0.960502881508644
pid_224,Male,45-59,Black / African American,0.0132780398341195,15,1.7004743014229
pid_225,Male,30-44,Black / African American,0.0162780488341465,37,0.845138697578255
pid_226,Female,45-59,Black / African American,0.0146110438331315,16,1.75423845021535
pid_227,Female,30-44,Black / African American,0.017444052332157,26,1.28884709731052
pid_228,Female,60+,Other,0.003222009666029,20,0.309474028422085
pid_229,Male,30-44,White / Caucasian,0.071667215001645,157,0.876896305848153
pid_230,Male,60+,White / Caucasian,0.101944305832918,277,0.706985601101208
pid_231,Female,60+,White / Caucasian,0.117222351667055,313,0.719438139145088
pid_233,Male,30-44,Hispanic / Latino,0.029333087999264,40,1.40872155116465
pid_234,Female,60+,White / Caucasian,0.117222351667055,313,0.719438139145088
pid_235,Male,18-29,White / Caucasian,0.0529441588324765,84,1.21078248949033
pid_236,Female,30-44,Hispanic / Latino,0.02777808333425,24,2.22340408687893
pid_237,Male,30-44,White / Caucasian,0.071667215001645,157,0.876896305848153
pid_238,Female,45-59,White / Caucasian,0.0692782078346235,120,1.1090286437526
pid_239,Male,60+,White / Caucasian,0.101944305832918,277,0.706985601101208
pid_240,Male,30-44,Other,0.003889011667035,19,0.393199548019697
pid_241,Male,30-44,Asian / Asian American,0.010222030666092,20,0.981826045478136
pid_242,Female,18-29,White / Caucasian,0.0500561501684505,97,0.991318190449417
pid_243,Female,60+,White / Caucasian,0.117222351667055,313,0.719438139145088
pid_244,Female,45-59,White / Caucasian,0.0692782078346235,120,1.1090286437526
pid_245,Female,30-44,White / Caucasian,0.0690562071686215,129,1.0283486354335
pid_246,Male,45-59,White / Caucasian,0.0696112088336265,103,1.29828283659608
pid_247,Male,45-59,Black / African American,0.0132780398341195,15,1.7004743014229
pid_248,Male,45-59,White / Caucasian,0.0696112088336265,103,1.29828283659608
pid_249,Male,60+,White / Caucasian,0.101944305832918,277,0.706985601101208
pid_251,Male,60+,White / Caucasian,0.101944305832918,277,0.706985601101208
pid_252,Female,60+,White / Caucasian,0.117222351667055,313,0.719438139145088
pid_253,Female,60+,White / Caucasian,0.117222351667055,313,0.719438139145088
pid_254,Male,60+,White / Caucasian,0.101944305832918,277,0.706985601101208
pid_255,Male,30-44,White / Caucasian,0.071667215001645,157,0.876896305848153
pid_256,Female,30-44,Black / African American,0.017444052332157,26,1.28884709731052
pid_257,Male,45-59,Asian / Asian American,0.007667023001069,12,1.22736259875446
pid_258,Male,60+,White / Caucasian,0.101944305832918,277,0.706985601101208
pid_259,Female,45-59,White / Caucasian,0.0692782078346235,120,1.1090286437526
pid_260,Male,60+,Black / African American,0.0145000435001305,29,0.960502881508644
pid_261,Male,60+,White / Caucasian,0.101944305832918,277,0.706985601101208
pid_262,Male,60+,White / Caucasian,0.101944305832918,277,0.706985601101208
pid_263,Female,45-59,White / Caucasian,0.0692782078346235,120,1.1090286437526
pid_264,Female,60+,White / Caucasian,0.117222351667055,313,0.719438139145088
pid_265,Female,60+,Black / African American,0.018444055332166,57,0.621597022685805
pid_266,Male,30-44,White / Caucasian,0.071667215001645,157,0.876896305848153
pid_267,Male,30-44,Hispanic / Latino,0.029333087999264,40,1.40872155116465
pid_268,Male,60+,White / Caucasian,0.101944305832918,277,0.706985601101208
pid_269,Male,18-29,Asian / Asian American,0.00655601966805901,15,0.839607585489423
pid_270,Male,60+,White / Caucasian,0.101944305832918,277,0.706985601101208
pid_271,Female,60+,White / Caucasian,0.117222351667055,313,0.719438139145088
pid_272,Male,60+,White / Caucasian,0.101944305832918,277,0.706985601101208
pid_273,Male,60+,Hispanic / Latino,0.0162780488341465,12,2.60584431753295
pid_274,Female,18-29,White / Caucasian,0.0500561501684505,97,0.991318190449417
pid_275,Male,60+,White / Caucasian,0.101944305832918,277,0.706985601101208
pid_276,Male,60+,White / Caucasian,0.101944305832918,277,0.706985601101208
pid_277,Female,60+,White / Caucasian,0.117222351667055,313,0.719438139145088
pid_278,Male,60+,White / Caucasian,0.101944305832918,277,0.706985601101208
pid_279,Male,30-44,Black / African American,0.0162780488341465,37,0.845138697578255
pid_280,Male,60+,White / Caucasian,0.101944305832918,277,0.706985601101208
pid_281,Female,45-59,Black / African American,0.0146110438331315,16,1.75423845021535
pid_282,Male,18-29,White / Caucasian,0.0529441588324765,84,1.21078248949033
pid_283,Female,60+,White / Caucasian,0.117222351667055,313,0.719438139145088
pid_284,Male,18-29,Black / African American,0.0138330414991245,27,0.984195285919191
pid_285,Male,45-59,White / Caucasian,0.0696112088336265,103,1.29828283659608
pid_286,Male,60+,Black / African American,0.0145000435001305,29,0.960502881508644
pid_287,Male,45-59,White / Caucasian,0.0696112088336265,103,1.29828283659608
pid_288,Female,18-29,Black / African American,0.0145000435001305,25,1.11418334255003
pid_289,Male,30-44,White / Caucasian,0.071667215001645,157,0.876896305848153
pid_290,Male,30-44,Hispanic / Latino,0.029333087999264,40,1.40872155116465
pid_291,Male,45-59,White / Caucasian,0.0696112088336265,103,1.29828283659608
pid_292,Male,30-44,White / Caucasian,0.071667215001645,157,0.876896305848153
pid_293,Male,30-44,White / Caucasian,0.071667215001645,157,0.876896305848153
pid_294,Male,60+,Black / African American,0.0145000435001305,29,0.960502881508644
pid_295,Male,60+,White / Caucasian,0.101944305832918,277,0.706985601101208
pid_296,Female,30-44,Hispanic / Latino,0.02777808333425,24,2.22340408687893
pid_297,Female,60+,White / Caucasian,0.117222351667055,313,0.719438139145088
pid_298,Female,30-44,White / Caucasian,0.0690562071686215,129,1.0283486354335
pid_299,Female,60+,Black / African American,0.018444055332166,57,0.621597022685805
pid_301,Female,60+,White / Caucasian,0.117222351667055,313,0.719438139145088
pid_302,Female,45-59,Other,0.0029440088320265,10,0.56554409663229
pid_303,Female,60+,Black / African American,0.018444055332166,57,0.621597022685805
pid_304,Male,60+,White / Caucasian,0.101944305832918,277,0.706985601101208
pid_305,Male,18-29,Hispanic / Latino,0.025444076332229,54,0.905149456189109
pid_307,Male,60+,White / Caucasian,0.101944305832918,277,0.706985601101208
pid_308,Male,30-44,Asian / Asian American,0.010222030666092,20,0.981826045478136
pid_310,Female,30-44,White / Caucasian,0.0690562071686215,129,1.0283486354335
pid_311,Female,45-59,White / Caucasian,0.0692782078346235,120,1.1090286437526
pid_312,Female,60+,Hispanic / Latino,0.018444055332166,13,2.7254638686993
pid_313,Male,30-44,White / Caucasian,0.071667215001645,157,0.876896305848153
pid_314,Female,60+,White / Caucasian,0.117222351667055,313,0.719438139145088
pid_315,Male,18-29,White / Caucasian,0.0529441588324765,84,1.21078248949033
pid_316,Female,45-59,White / Caucasian,0.0692782078346235,120,1.1090286437526
pid_317,Female,45-59,Other,0.0029440088320265,10,0.56554409663229
pid_318,Female,45-59,White / Caucasian,0.0692782078346235,120,1.1090286437526
pid_319,Male,18-29,Black / African American,0.0138330414991245,27,0.984195285919191
pid_320,Male,60+,White / Caucasian,0.101944305832918,277,0.706985601101208
pid_321,Female,60+,White / Caucasian,0.117222351667055,313,0.719438139145088
pid_323,Female,60+,Black / African American,0.018444055332166,57,0.621597022685805
pid_324,Male,60+,White / Caucasian,0.101944305832918,277,0.706985601101208
pid_325,Female,60+,White / Caucasian,0.117222351667055,313,0.719438139145088
pid_326,Female,60+,White / Caucasian,0.117222351667055,313,0.719438139145088
pid_327,Male,60+,White / Caucasian,0.101944305832918,277,0.706985601101208
pid_328,Female,60+,Asian / Asian American,0.00905602716808151,15,1.15977521265897
pid_329,Male,60+,White / Caucasian,0.101944305832918,277,0.706985601101208
pid_330,Female,60+,Other,0.003222009666029,20,0.309474028422085
pid_331,Male,45-59,White / Caucasian,0.0696112088336265,103,1.29828283659608
pid_332,Male,60+,Hispanic / Latino,0.0162780488341465,12,2.60584431753295
pid_333,Female,60+,White / Caucasian,0.117222351667055,313,0.719438139145088
pid_335,Male,60+,Asian / Asian American,0.007111021333064,17,0.803545410636232
pid_336,Female,30-44,Hispanic / Latino,0.02777808333425,24,2.22340408687893
pid_337,Male,60+,White / Caucasian,0.101944305832918,277,0.706985601101208
pid_338,Female,60+,Black / African American,0.018444055332166,57,0.621597022685805
pid_339,Male,45-59,Black / African American,0.0132780398341195,15,1.7004743014229
pid_340,Male,18-29,White / Caucasian,0.0529441588324765,84,1.21078248949033
pid_341,Male,45-59,White / Caucasian,0.0696112088336265,103,1.29828283659608
pid_344,Male,18-29,Hispanic / Latino,0.025444076332229,54,0.905149456189109
pid_345,Male,45-59,White / Caucasian,0.0696112088336265,103,1.29828283659608
pid_346,Male,30-44,Black / African American,0.0162780488341465,37,0.845138697578255
pid_347,Female,60+,White / Caucasian,0.117222351667055,313,0.719438139145088
pid_348,Female,45-59,Black / African American,0.0146110438331315,16,1.75423845021535
pid_350,Male,45-59,Hispanic / Latino,0.0203890611671835,4,9.79184662553988
pid_351,Male,18-29,Asian / Asian American,0.00655601966805901,15,0.839607585489423
pid_352,Female,60+,White / Caucasian,0.117222351667055,313,0.719438139145088
pid_353,Male,45-59,Hispanic / Latino,0.0203890611671835,4,9.79184662553988
pid_354,Female,45-59,White / Caucasian,0.0692782078346235,120,1.1090286437526
pid_355,Male,18-29,Hispanic / Latino,0.025444076332229,54,0.905149456189109
pid_356,Female,30-44,Other,0.0039440118320355,17,0.445673337020011
pid_357,Male,30-44,White / Caucasian,0.071667215001645,157,0.876896305848153
pid_358,Male,30-44,White / Caucasian,0.071667215001645,157,0.876896305848153
pid_359,Male,60+,White / Caucasian,0.101944305832918,277,0.706985601101208
pid_360,Male,60+,White / Caucasian,0.101944305832918,277,0.706985601101208
pid_361,Female,60+,White / Caucasian,0.117222351667055,313,0.719438139145088
pid_362,Female,60+,White / Caucasian,0.117222351667055,313,0.719438139145088
pid_363,Male,30-44,White / Caucasian,0.071667215001645,157,0.876896305848153
pid_364,Female,60+,Black / African American,0.018444055332166,57,0.621597022685805
pid_365,Female,18-29,Black / African American,0.0145000435001305,25,1.11418334255003
pid_366,Female,60+,White / Caucasian,0.117222351667055,313,0.719438139145088
pid_367,Male,30-44,White / Caucasian,0.071667215001645,157,0.876896305848153
pid_368,Female,60+,White / Caucasian,0.117222351667055,313,0.719438139145088
pid_369,Female,45-59,White / Caucasian,0.0692782078346235,120,1.1090286437526
pid_370,Female,60+,White / Caucasian,0.117222351667055,313,0.719438139145088
pid_371,Female,45-59,White / Caucasian,0.0692782078346235,120,1.1090286437526
pid_372,Male,30-44,White / Caucasian,0.071667215001645,157,0.876896305848153
pid_373,Female,60+,White / Caucasian,0.117222351667055,313,0.719438139145088
pid_374,Male,60+,White / Caucasian,0.101944305832918,277,0.706985601101208
pid_375,Male,60+,White / Caucasian,0.101944305832918,277,0.706985601101208
pid_376,Male,60+,Black / African American,0.0145000435001305,29,0.960502881508644
pid_377,Male,18-29,Black / African American,0.0138330414991245,27,0.984195285919191
pid_378,Female,30-44,Asian / Asian American,0.0108330324990975,19,1.09527660161928
pid_379,Male,60+,Other,0.0027220081660245,12,0.435748140577755
pid_380,Female,18-29,White / Caucasian,0.0500561501684505,97,0.991318190449417
pid_381,Male,45-59,White / Caucasian,0.0696112088336265,103,1.29828283659608
pid_382,Male,60+,White / Caucasian,0.101944305832918,277,0.706985601101208
pid_383,Male,60+,White / Caucasian,0.101944305832918,277,0.706985601101208
pid_384,Female,60+,Black / African American,0.018444055332166,57,0.621597022685805
pid_385,Male,60+,White / Caucasian,0.101944305832918,277,0.706985601101208
pid_386,Male,60+,White / Caucasian,0.101944305832918,277,0.706985601101208
pid_387,Female,60+,White / Caucasian,0.117222351667055,313,0.719438139145088
pid_388,Female,60+,White / Caucasian,0.117222351667055,313,0.719438139145088
pid_389,Female,60+,White / Caucasian,0.117222351667055,313,0.719438139145088
pid_390,Male,60+,White / Caucasian,0.101944305832918,277,0.706985601101208
pid_391,Male,60+,White / Caucasian,0.101944305832918,277,0.706985601101208
pid_392,Female,18-29,Black / African American,0.0145000435001305,25,1.11418334255003
pid_393,Male,60+,Hispanic / Latino,0.0162780488341465,12,2.60584431753295
pid_394,Female,60+,White / Caucasian,0.117222351667055,313,0.719438139145088
pid_395,Female,60+,Black / African American,0.018444055332166,57,0.621597022685805
pid_396,Male,30-44,Hispanic / Latino,0.029333087999264,40,1.40872155116465
pid_397,Male,60+,White / Caucasian,0.101944305832918,277,0.706985601101208
pid_398,Female,60+,Hispanic / Latino,0.018444055332166,13,2.7254638686993
pid_399,Female,60+,Other,0.003222009666029,20,0.309474028422085
pid_400,Female,60+,White / Caucasian,0.117222351667055,313,0.719438139145088
pid_401,Male,18-29,Hispanic / Latino,0.025444076332229,54,0.905149456189109
pid_402,Female,60+,Asian / Asian American,0.00905602716808151,15,1.15977521265897
pid_403,Male,30-44,Black / African American,0.0162780488341465,37,0.845138697578255
pid_404,Male,45-59,White / Caucasian,0.0696112088336265,103,1.29828283659608
pid_405,Male,60+,White / Caucasian,0.101944305832918,277,0.706985601101208
pid_406,Male,18-29,White / Caucasian,0.0529441588324765,84,1.21078248949033
pid_407,Male,60+,Hispanic / Latino,0.0162780488341465,12,2.60584431753295
pid_408,Female,60+,White / Caucasian,0.117222351667055,313,0.719438139145088
pid_409,Male,45-59,White / Caucasian,0.0696112088336265,103,1.29828283659608
pid_410,Female,18-29,Asian / Asian American,0.0068330204990615,18,0.729235132149841
pid_411,Male,45-59,White / Caucasian,0.0696112088336265,103,1.29828283659608
pid_412,Male,45-59,White / Caucasian,0.0696112088336265,103,1.29828283659608
pid_413,Female,30-44,White / Caucasian,0.0690562071686215,129,1.0283486354335
pid_414,Female,60+,White / Caucasian,0.117222351667055,313,0.719438139145088
pid_415,Male,60+,White / Caucasian,0.101944305832918,277,0.706985601101208
pid_416,Male,45-59,White / Caucasian,0.0696112088336265,103,1.29828283659608
pid_417,Male,60+,White / Caucasian,0.101944305832918,277,0.706985601101208
pid_418,Male,60+,White / Caucasian,0.101944305832918,277,0.706985601101208
pid_419,Male,30-44,White / Caucasian,0.071667215001645,157,0.876896305848153
pid_420,Male,45-59,White / Caucasian,0.0696112088336265,103,1.29828283659608
pid_421,Female,60+,White / Caucasian,0.117222351667055,313,0.719438139145088
pid_423,Male,18-29,Black / African American,0.0138330414991245,27,0.984195285919191
pid_424,Male,60+,Other,0.0027220081660245,12,0.435748140577755
pid_425,Male,45-59,White / Caucasian,0.0696112088336265,103,1.29828283659608
pid_426,Female,18-29,White / Caucasian,0.0500561501684505,97,0.991318190449417
pid_427,Male,60+,Black / African American,0.0145000435001305,29,0.960502881508644
pid_428,Male,18-29,Black / African American,0.0138330414991245,27,0.984195285919191
pid_429,Female,60+,White / Caucasian,0.117222351667055,313,0.719438139145088
pid_431,Male,45-59,White / Caucasian,0.0696112088336265,103,1.29828283659608
pid_432,Male,30-44,White / Caucasian,0.071667215001645,157,0.876896305848153
pid_433,Female,18-29,White / Caucasian,0.0500561501684505,97,0.991318190449417
pid_434,Male,60+,White / Caucasian,0.101944305832918,277,0.706985601101208
pid_435,Male,60+,White / Caucasian,0.101944305832918,277,0.706985601101208
pid_436,Female,30-44,White / Caucasian,0.0690562071686215,129,1.0283486354335
pid_437,Female,30-44,White / Caucasian,0.0690562071686215,129,1.0283486354335
pid_438,Male,18-29,Hispanic / Latino,0.025444076332229,54,0.905149456189109
pid_439,Female,60+,White / Caucasian,0.117222351667055,313,0.719438139145088
pid_440,Female,30-44,White / Caucasian,0.0690562071686215,129,1.0283486354335
pid_441,Male,60+,Black / African American,0.0145000435001305,29,0.960502881508644
pid_442,Female,45-59,White / Caucasian,0.0692782078346235,120,1.1090286437526
pid_443,Male,30-44,Black / African American,0.0162780488341465,37,0.845138697578255
pid_444,Male,18-29,White / Caucasian,0.0529441588324765,84,1.21078248949033
pid_445,Male,45-59,White / Caucasian,0.0696112088336265,103,1.29828283659608
pid_446,Female,30-44,White / Caucasian,0.0690562071686215,129,1.0283486354335
pid_447,Male,60+,Asian / Asian American,0.007111021333064,17,0.803545410636232
pid_448,Male,30-44,White / Caucasian,0.071667215001645,157,0.876896305848153
pid_450,Female,45-59,White / Caucasian,0.0692782078346235,120,1.1090286437526
pid_451,Female,60+,White / Caucasian,0.117222351667055,313,0.719438139145088
pid_452,Male,30-44,White / Caucasian,0.071667215001645,157,0.876896305848153
pid_453,Male,18-29,Black / African American,0.0138330414991245,27,0.984195285919191
pid_454,Male,45-59,White / Caucasian,0.0696112088336265,103,1.29828283659608
pid_455,Female,45-59,Asian / Asian American,0.008444025332076,7,2.31728180898828
pid_456,Female,45-59,White / Caucasian,0.0692782078346235,120,1.1090286437526
pid_458,Female,30-44,Black / African American,0.017444052332157,26,1.28884709731052
pid_459,Female,60+,White / Caucasian,0.117222351667055,313,0.719438139145088
pid_460,Male,45-59,White / Caucasian,0.0696112088336265,103,1.29828283659608
pid_461,Male,60+,White / Caucasian,0.101944305832918,277,0.706985601101208
pid_462,Female,60+,White / Caucasian,0.117222351667055,313,0.719438139145088
pid_463,Female,18-29,White / Caucasian,0.0500561501684505,97,0.991318190449417
pid_464,Female,18-29,Hispanic / Latino,0.023667071001213,20,2.27322216966651
pid_465,Female,18-29,White / Caucasian,0.0500561501684505,97,0.991318190449417
pid_466,Male,60+,White / Caucasian,0.101944305832918,277,0.706985601101208
pid_467,Female,18-29,White / Caucasian,0.0500561501684505,97,0.991318190449417
pid_468,Female,60+,White / Caucasian,0.117222351667055,313,0.719438139145088
pid_469,Female,45-59,Black / African American,0.0146110438331315,16,1.75423845021535
pid_470,Male,18-29,Hispanic / Latino,0.025444076332229,54,0.905149456189109
pid_471,Female,18-29,White / Caucasian,0.0500561501684505,97,0.991318190449417
pid_472,Male,60+,White / Caucasian,0.101944305832918,277,0.706985601101208
pid_473,Female,60+,White / Caucasian,0.117222351667055,313,0.719438139145088
pid_474,Female,45-59,Black / African American,0.0146110438331315,16,1.75423845021535
pid_475,Male,18-29,White / Caucasian,0.0529441588324765,84,1.21078248949033
pid_477,Male,60+,White / Caucasian,0.101944305832918,277,0.706985601101208
pid_478,Male,60+,White / Caucasian,0.101944305832918,277,0.706985601101208
pid_479,Male,60+,White / Caucasian,0.101944305832918,277,0.706985601101208
pid_480,Male,30-44,White / Caucasian,0.071667215001645,157,0.876896305848153
pid_481,Female,18-29,White / Caucasian,0.0500561501684505,97,0.991318190449417
pid_482,Male,60+,White / Caucasian,0.101944305832918,277,0.706985601101208
pid_483,Female,45-59,White / Caucasian,0.0692782078346235,120,1.1090286437526
pid_484,Female,30-44,Other,0.0039440118320355,17,0.445673337020011
pid_485,Female,60+,White / Caucasian,0.117222351667055,313,0.719438139145088
pid_486,Female,60+,Asian / Asian American,0.00905602716808151,15,1.15977521265897
pid_487,Female,18-29,Black / African American,0.0145000435001305,25,1.11418334255003
pid_488,Female,60+,White / Caucasian,0.117222351667055,313,0.719438139145088
pid_490,Female,30-44,White / Caucasian,0.0690562071686215,129,1.0283486354335
pid_491,Male,30-44,White / Caucasian,0.071667215001645,157,0.876896305848153
pid_492,Female,60+,White / Caucasian,0.117222351667055,313,0.719438139145088
pid_493,Female,60+,White / Caucasian,0.117222351667055,313,0.719438139145088
pid_494,Female,60+,White / Caucasian,0.117222351667055,313,0.719438139145088
pid_495,Female,60+,Black / African American,0.018444055332166,57,0.621597022685805
pid_496,Female,60+,White / Caucasian,0.117222351667055,313,0.719438139145088
pid_497,Female,60+,White / Caucasian,0.117222351667055,313,0.719438139145088
pid_498,Male,60+,White / Caucasian,0.101944305832918,277,0.706985601101208
pid_500,Female,45-59,Other,0.0029440088320265,10,0.56554409663229
pid_502,Female,60+,White / Caucasian,0.117222351667055,313,0.719438139145088
pid_503,Female,60+,White / Caucasian,0.117222351667055,313,0.719438139145088
pid_504,Male,60+,Other,0.0027220081660245,12,0.435748140577755
pid_507,Male,60+,Black / African American,0.0145000435001305,29,0.960502881508644
pid_508,Male,30-44,Hispanic / Latino,0.029333087999264,40,1.40872155116465
pid_509,Female,45-59,White / Caucasian,0.0692782078346235,120,1.1090286437526
pid_510,Male,45-59,White / Caucasian,0.0696112088336265,103,1.29828283659608
pid_511,Male,60+,White / Caucasian,0.101944305832918,277,0.706985601101208
pid_512,Female,18-29,White / Caucasian,0.0500561501684505,97,0.991318190449417
pid_513,Male,60+,Asian / Asian American,0.007111021333064,17,0.803545410636232
pid_514,Male,60+,White / Caucasian,0.101944305832918,277,0.706985601101208
pid_515,Male,60+,Asian / Asian American,0.007111021333064,17,0.803545410636232
pid_516,Male,60+,Other,0.0027220081660245,12,0.435748140577755
pid_517,Female,18-29,Hispanic / Latino,0.023667071001213,20,2.27322216966651
pid_518,Male,60+,White / Caucasian,0.101944305832918,277,0.706985601101208
pid_519,Male,30-44,White / Caucasian,0.071667215001645,157,0.876896305848153
pid_520,Male,60+,White / Caucasian,0.101944305832918,277,0.706985601101208
pid_521,Female,60+,Black / African American,0.018444055332166,57,0.621597022685805
pid_522,Female,60+,White / Caucasian,0.117222351667055,313,0.719438139145088
pid_523,Female,45-59,White / Caucasian,0.0692782078346235,120,1.1090286437526
pid_524,Female,60+,White / Caucasian,0.117222351667055,313,0.719438139145088
pid_525,Male,30-44,Asian / Asian American,0.010222030666092,20,0.981826045478136
pid_526,Female,60+,White / Caucasian,0.117222351667055,313,0.719438139145088
pid_527,Female,60+,White / Caucasian,0.117222351667055,313,0.719438139145088
pid_528,Female,30-44,White / Caucasian,0.0690562071686215,129,1.0283486354335
pid_529,Male,45-59,White / Caucasian,0.0696112088336265,103,1.29828283659608
pid_530,Male,60+,White / Caucasian,0.101944305832918,277,0.706985601101208
pid_531,Female,60+,White / Caucasian,0.117222351667055,313,0.719438139145088
pid_532,Male,30-44,Asian / Asian American,0.010222030666092,20,0.981826045478136
pid_533,Male,60+,White / Caucasian,0.101944305832918,277,0.706985601101208
pid_534,Male,60+,White / Caucasian,0.101944305832918,277,0.706985601101208
pid_536,Male,60+,White / Caucasian,0.101944305832918,277,0.706985601101208
pid_537,Male,30-44,Hispanic / Latino,0.029333087999264,40,1.40872155116465
pid_539,Female,60+,Black / African American,0.018444055332166,57,0.621597022685805
pid_541,Male,30-44,Hispanic / Latino,0.029333087999264,40,1.40872155116465
pid_542,Female,45-59,White / Caucasian,0.0692782078346235,120,1.1090286437526
pid_544,Male,30-44,Hispanic / Latino,0.029333087999264,40,1.40872155116465
pid_547,Female,45-59,White / Caucasian,0.0692782078346235,120,1.1090286437526
pid_548,Male,60+,Other,0.0027220081660245,12,0.435748140577755
pid_549,Female,45-59,White / Caucasian,0.0692782078346235,120,1.1090286437526
pid_550,Male,30-44,White / Caucasian,0.071667215001645,157,0.876896305848153
pid_551,Male,30-44,Black / African American,0.0162780488341465,37,0.845138697578255
pid_552,Female,18-29,White / Caucasian,0.0500561501684505,97,0.991318190449417
pid_553,Male,45-59,White / Caucasian,0.0696112088336265,103,1.29828283659608
pid_554,Female,60+,White / Caucasian,0.117222351667055,313,0.719438139145088
pid_555,Female,60+,White / Caucasian,0.117222351667055,313,0.719438139145088
pid_556,Female,45-59,Hispanic / Latino,0.0199440598321795,14,2.73660992411549
pid_557,Male,30-44,Asian / Asian American,0.010222030666092,20,0.981826045478136
pid_558,Male,30-44,White / Caucasian,0.071667215001645,157,0.876896305848153
pid_559,Female,30-44,White / Caucasian,0.0690562071686215,129,1.0283486354335
pid_560,Male,45-59,White / Caucasian,0.0696112088336265,103,1.29828283659608
pid_561,Female,30-44,Other,0.0039440118320355,17,0.445673337020011
pid_562,Female,60+,White / Caucasian,0.117222351667055,313,0.719438139145088
pid_563,Male,30-44,White / Caucasian,0.071667215001645,157,0.876896305848153
pid_564,Female,45-59,Hispanic / Latino,0.0199440598321795,14,2.73660992411549
pid_565,Female,60+,Hispanic / Latino,0.018444055332166,13,2.7254638686993
pid_566,Female,18-29,Black / African American,0.0145000435001305,25,1.11418334255003
pid_567,Female,30-44,White / Caucasian,0.0690562071686215,129,1.0283486354335
pid_568,Female,45-59,White / Caucasian,0.0692782078346235,120,1.1090286437526
pid_569,Male,60+,Hispanic / Latino,0.0162780488341465,12,2.60584431753295
pid_570,Male,60+,White / Caucasian,0.101944305832918,277,0.706985601101208
pid_571,Male,60+,Asian / Asian American,0.007111021333064,17,0.803545410636232
pid_572,Male,18-29,White / Caucasian,0.0529441588324765,84,1.21078248949033
pid_573,Female,60+,White / Caucasian,0.117222351667055,313,0.719438139145088
pid_575,Female,60+,White / Caucasian,0.117222351667055,313,0.719438139145088
pid_576,Female,30-44,White / Caucasian,0.0690562071686215,129,1.0283486354335
pid_577,Female,18-29,Black / African American,0.0145000435001305,25,1.11418334255003
pid_578,Female,60+,White / Caucasian,0.117222351667055,313,0.719438139145088
pid_579,Female,18-29,White / Caucasian,0.0500561501684505,97,0.991318190449417
pid_580,Female,45-59,White / Caucasian,0.0692782078346235,120,1.1090286437526
pid_581,Female,45-59,White / Caucasian,0.0692782078346235,120,1.1090286437526
pid_582,Male,30-44,Hispanic / Latino,0.029333087999264,40,1.40872155116465
pid_583,Male,60+,White / Caucasian,0.101944305832918,277,0.706985601101208
pid_584,Female,30-44,Black / African American,0.017444052332157,26,1.28884709731052
pid_585,Male,60+,Asian / Asian American,0.007111021333064,17,0.803545410636232
pid_586,Female,45-59,White / Caucasian,0.0692782078346235,120,1.1090286437526
pid_587,Male,18-29,White / Caucasian,0.0529441588324765,84,1.21078248949033
pid_588,Male,18-29,Hispanic / Latino,0.025444076332229,54,0.905149456189109
pid_589,Female,18-29,White / Caucasian,0.0500561501684505,97,0.991318190449417
pid_591,Female,60+,White / Caucasian,0.117222351667055,313,0.719438139145088
pid_592,Male,60+,Black / African American,0.0145000435001305,29,0.960502881508644
pid_593,Male,60+,White / Caucasian,0.101944305832918,277,0.706985601101208
pid_595,Female,60+,Black / African American,0.018444055332166,57,0.621597022685805
pid_596,Male,60+,White / Caucasian,0.101944305832918,277,0.706985601101208
pid_597,Female,45-59,White / Caucasian,0.0692782078346235,120,1.1090286437526
pid_598,Female,60+,White / Caucasian,0.117222351667055,313,0.719438139145088
pid_599,Male,60+,White / Caucasian,0.101944305832918,277,0.706985601101208
pid_600,Female,60+,White / Caucasian,0.117222351667055,313,0.719438139145088
pid_601,Male,30-44,White / Caucasian,0.071667215001645,157,0.876896305848153
pid_602,Male,18-29,White / Caucasian,0.0529441588324765,84,1.21078248949033
pid_603,Male,30-44,White / Caucasian,0.071667215001645,157,0.876896305848153
pid_604,Male,60+,Asian / Asian American,0.007111021333064,17,0.803545410636232
pid_605,Male,18-29,Black / African American,0.0138330414991245,27,0.984195285919191
pid_606,Male,45-59,White / Caucasian,0.0696112088336265,103,1.29828283659608
pid_607,Male,30-44,Black / African American,0.0162780488341465,37,0.845138697578255
pid_608,Female,18-29,White / Caucasian,0.0500561501684505,97,0.991318190449417
pid_609,Female,60+,White / Caucasian,0.117222351667055,313,0.719438139145088
pid_610,Male,60+,White / Caucasian,0.101944305832918,277,0.706985601101208
pid_611,Male,18-29,Hispanic / Latino,0.025444076332229,54,0.905149456189109
pid_612,Male,60+,White / Caucasian,0.101944305832918,277,0.706985601101208
pid_613,Female,45-59,White / Caucasian,0.0692782078346235,120,1.1090286437526
pid_614,Female,30-44,Hispanic / Latino,0.02777808333425,24,2.22340408687893
pid_615,Male,60+,White / Caucasian,0.101944305832918,277,0.706985601101208
pid_617,Male,30-44,White / Caucasian,0.071667215001645,157,0.876896305848153
pid_618,Male,18-29,Hispanic / Latino,0.025444076332229,54,0.905149456189109
pid_619,Male,60+,White / Caucasian,0.101944305832918,277,0.706985601101208
pid_621,Female,30-44,Other,0.0039440118320355,17,0.445673337020011
pid_622,Female,60+,White / Caucasian,0.117222351667055,313,0.719438139145088
pid_623,Male,60+,White / Caucasian,0.101944305832918,277,0.706985601101208
pid_624,Female,60+,White / Caucasian,0.117222351667055,313,0.719438139145088
pid_625,Male,30-44,Black / African American,0.0162780488341465,37,0.845138697578255
pid_626,Male,30-44,White / Caucasian,0.071667215001645,157,0.876896305848153
pid_627,Male,60+,Asian / Asian American,0.007111021333064,17,0.803545410636232
pid_628,Male,18-29,Black / African American,0.0138330414991245,27,0.984195285919191
pid_629,Male,18-29,White / Caucasian,0.0529441588324765,84,1.21078248949033
pid_630,Female,60+,White / Caucasian,0.117222351667055,313,0.719438139145088
pid_631,Female,45-59,White / Caucasian,0.0692782078346235,120,1.1090286437526
pid_632,Female,60+,White / Caucasian,0.117222351667055,313,0.719438139145088
pid_633,Male,30-44,Other,0.003889011667035,19,0.393199548019697
pid_634,Male,18-29,White / Caucasian,0.0529441588324765,84,1.21078248949033
pid_635,Male,30-44,White / Caucasian,0.071667215001645,157,0.876896305848153
pid_636,Female,18-29,White / Caucasian,0.0500561501684505,97,0.991318190449417
pid_637,Female,30-44,White / Caucasian,0.0690562071686215,129,1.0283486354335
pid_638,Female,60+,White / Caucasian,0.117222351667055,313,0.719438139145088
pid_639,Female,60+,Other,0.003222009666029,20,0.309474028422085
pid_640,Male,60+,White / Caucasian,0.101944305832918,277,0.706985601101208
pid_641,Male,45-59,Asian / Asian American,0.007667023001069,12,1.22736259875446
pid_642,Female,30-44,Black / African American,0.017444052332157,26,1.28884709731052
pid_643,Male,60+,White / Caucasian,0.101944305832918,277,0.706985601101208
pid_644,Female,45-59,White / Caucasian,0.0692782078346235,120,1.1090286437526
pid_645,Male,60+,White / Caucasian,0.101944305832918,277,0.706985601101208
pid_646,Male,30-44,White / Caucasian,0.071667215001645,157,0.876896305848153
pid_647,Female,60+,Other,0.003222009666029,20,0.309474028422085
pid_650,Female,30-44,White / Caucasian,0.0690562071686215,129,1.0283486354335
pid_651,Male,60+,White / Caucasian,0.101944305832918,277,0.706985601101208
pid_652,Female,30-44,White / Caucasian,0.0690562071686215,129,1.0283486354335
pid_653,Male,18-29,Hispanic / Latino,0.025444076332229,54,0.905149456189109
pid_654,Male,45-59,Black / African American,0.0132780398341195,15,1.7004743014229
pid_655,Male,60+,Black / African American,0.0145000435001305,29,0.960502881508644
pid_656,Female,45-59,White / Caucasian,0.0692782078346235,120,1.1090286437526
pid_657,Female,45-59,White / Caucasian,0.0692782078346235,120,1.1090286437526
pid_658,Male,30-44,White / Caucasian,0.071667215001645,157,0.876896305848153
pid_659,Male,30-44,White / Caucasian,0.071667215001645,157,0.876896305848153
pid_660,Female,60+,White / Caucasian,0.117222351667055,313,0.719438139145088
pid_661,Female,60+,White / Caucasian,0.117222351667055,313,0.719438139145088
pid_662,Female,60+,White / Caucasian,0.117222351667055,313,0.719438139145088
pid_663,Female,60+,White / Caucasian,0.117222351667055,313,0.719438139145088
pid_664,Female,60+,Other,0.003222009666029,20,0.309474028422085
pid_665,Male,30-44,Black / African American,0.0162780488341465,37,0.845138697578255
pid_666,Male,18-29,Black / African American,0.0138330414991245,27,0.984195285919191
pid_667,Male,45-59,White / Caucasian,0.0696112088336265,103,1.29828283659608
pid_668,Male,45-59,White / Caucasian,0.0696112088336265,103,1.29828283659608
pid_669,Male,18-29,White / Caucasian,0.0529441588324765,84,1.21078248949033
pid_670,Male,60+,White / Caucasian,0.101944305832918,277,0.706985601101208
pid_671,Male,30-44,White / Caucasian,0.071667215001645,157,0.876896305848153
pid_672,Female,60+,White / Caucasian,0.117222351667055,313,0.719438139145088
pid_673,Male,45-59,White / Caucasian,0.0696112088336265,103,1.29828283659608
pid_674,Male,30-44,White / Caucasian,0.071667215001645,157,0.876896305848153
pid_675,Female,60+,White / Caucasian,0.117222351667055,313,0.719438139145088
pid_676,Female,45-59,Hispanic / Latino,0.0199440598321795,14,2.73660992411549
pid_677,Male,18-29,White / Caucasian,0.0529441588324765,84,1.21078248949033
pid_679,Male,18-29,White / Caucasian,0.0529441588324765,84,1.21078248949033
pid_680,Male,30-44,White / Caucasian,0.071667215001645,157,0.876896305848153
pid_681,Female,18-29,White / Caucasian,0.0500561501684505,97,0.991318190449417
pid_682,Female,30-44,White / Caucasian,0.0690562071686215,129,1.0283486354335
pid_683,Female,60+,White / Caucasian,0.117222351667055,313,0.719438139145088
pid_684,Female,18-29,White / Caucasian,0.0500561501684505,97,0.991318190449417
pid_685,Female,60+,White / Caucasian,0.117222351667055,313,0.719438139145088
pid_686,Male,60+,White / Caucasian,0.101944305832918,277,0.706985601101208
pid_687,Female,18-29,White / Caucasian,0.0500561501684505,97,0.991318190449417
pid_688,Male,18-29,Hispanic / Latino,0.025444076332229,54,0.905149456189109
pid_689,Male,18-29,White / Caucasian,0.0529441588324765,84,1.21078248949033
pid_690,Female,60+,Black / African American,0.018444055332166,57,0.621597022685805
pid_691,Female,60+,Black / African American,0.018444055332166,57,0.621597022685805
pid_692,Female,60+,White / Caucasian,0.117222351667055,313,0.719438139145088
pid_693,Female,30-44,Other,0.0039440118320355,17,0.445673337020011
pid_694,Male,30-44,White / Caucasian,0.071667215001645,157,0.876896305848153
pid_695,Female,18-29,White / Caucasian,0.0500561501684505,97,0.991318190449417
pid_696,Male,45-59,White / Caucasian,0.0696112088336265,103,1.29828283659608
pid_697,Male,45-59,White / Caucasian,0.0696112088336265,103,1.29828283659608
pid_698,Female,18-29,White / Caucasian,0.0500561501684505,97,0.991318190449417
pid_699,Female,18-29,Other,0.003889011667035,14,0.533627958026731
pid_700,Male,60+,White / Caucasian,0.101944305832918,277,0.706985601101208
pid_701,Female,60+,White / Caucasian,0.117222351667055,313,0.719438139145088
pid_702,Male,60+,Hispanic / Latino,0.0162780488341465,12,2.60584431753295
pid_703,Male,30-44,Black / African American,0.0162780488341465,37,0.845138697578255
pid_704,Male,18-29,Hispanic / Latino,0.025444076332229,54,0.905149456189109
pid_705,Male,45-59,White / Caucasian,0.0696112088336265,103,1.29828283659608
pid_708,Female,60+,White / Caucasian,0.117222351667055,313,0.719438139145088
pid_709,Female,18-29,Asian / Asian American,0.0068330204990615,18,0.729235132149841
pid_710,Female,60+,Other,0.003222009666029,20,0.309474028422085
pid_711,Female,60+,White / Caucasian,0.117222351667055,313,0.719438139145088
pid_712,Male,60+,White / Caucasian,0.101944305832918,277,0.706985601101208
pid_713,Female,60+,White / Caucasian,0.117222351667055,313,0.719438139145088
pid_714,Female,45-59,Asian / Asian American,0.008444025332076,7,2.31728180898828
pid_715,Female,30-44,White / Caucasian,0.0690562071686215,129,1.0283486354335
pid_716,Male,18-29,Black / African American,0.0138330414991245,27,0.984195285919191
pid_717,Female,60+,White / Caucasian,0.117222351667055,313,0.719438139145088
pid_718,Female,60+,White / Caucasian,0.117222351667055,313,0.719438139145088
pid_719,Female,60+,White / Caucasian,0.117222351667055,313,0.719438139145088
pid_720,Female,60+,White / Caucasian,0.117222351667055,313,0.719438139145088
pid_721,Male,45-59,Asian / Asian American,0.007667023001069,12,1.22736259875446
pid_722,Female,60+,White / Caucasian,0.117222351667055,313,0.719438139145088
pid_723,Male,30-44,White / Caucasian,0.071667215001645,157,0.876896305848153
pid_724,Male,45-59,White / Caucasian,0.0696112088336265,103,1.29828283659608
pid_725,Male,30-44,White / Caucasian,0.071667215001645,157,0.876896305848153
pid_726,Male,60+,White / Caucasian,0.101944305832918,277,0.706985601101208
pid_727,Female,60+,Black / African American,0.018444055332166,57,0.621597022685805
pid_728,Female,60+,White / Caucasian,0.117222351667055,313,0.719438139145088
pid_729,Male,18-29,White / Caucasian,0.0529441588324765,84,1.21078248949033
pid_730,Female,30-44,White / Caucasian,0.0690562071686215,129,1.0283486354335
pid_731,Male,60+,Black / African American,0.0145000435001305,29,0.960502881508644
pid_732,Male,60+,White / Caucasian,0.101944305832918,277,0.706985601101208
pid_733,Female,60+,White / Caucasian,0.117222351667055,313,0.719438139145088
pid_735,Male,30-44,Other,0.003889011667035,19,0.393199548019697
pid_736,Female,60+,White / Caucasian,0.117222351667055,313,0.719438139145088
pid_737,Female,60+,Other,0.003222009666029,20,0.309474028422085
pid_738,Female,30-44,White / Caucasian,0.0690562071686215,129,1.0283486354335
pid_739,Female,60+,White / Caucasian,0.117222351667055,313,0.719438139145088
pid_740,Female,60+,White / Caucasian,0.117222351667055,313,0.719438139145088
pid_742,Male,60+,White / Caucasian,0.101944305832918,277,0.706985601101208
pid_744,Male,60+,White / Caucasian,0.101944305832918,277,0.706985601101208
pid_745,Female,45-59,White / Caucasian,0.0692782078346235,120,1.1090286437526
pid_746,Female,60+,White / Caucasian,0.117222351667055,313,0.719438139145088
pid_747,Female,18-29,Hispanic / Latino,0.023667071001213,20,2.27322216966651
pid_748,Male,30-44,Other,0.003889011667035,19,0.393199548019697
pid_750,Male,30-44,White / Caucasian,0.071667215001645,157,0.876896305848153
pid_751,Male,45-59,White / Caucasian,0.0696112088336265,103,1.29828283659608
pid_752,Female,60+,Black / African American,0.018444055332166,57,0.621597022685805
pid_753,Male,30-44,Hispanic / Latino,0.029333087999264,40,1.40872155116465
pid_754,Female,30-44,White / Caucasian,0.0690562071686215,129,1.0283486354335
pid_755,Female,18-29,Black / African American,0.0145000435001305,25,1.11418334255003
pid_756,Male,30-44,White / Caucasian,0.071667215001645,157,0.876896305848153
pid_757,Female,18-29,White / Caucasian,0.0500561501684505,97,0.991318190449417
pid_758,Female,60+,Black / African American,0.018444055332166,57,0.621597022685805
pid_760,Male,30-44,White / Caucasian,0.071667215001645,157,0.876896305848153
pid_761,Female,30-44,White / Caucasian,0.0690562071686215,129,1.0283486354335
pid_762,Male,45-59,Black / African American,0.0132780398341195,15,1.7004743014229
pid_763,Male,30-44,Hispanic / Latino,0.029333087999264,40,1.40872155116465
pid_764,Male,18-29,White / Caucasian,0.0529441588324765,84,1.21078248949033
pid_765,Male,45-59,White / Caucasian,0.0696112088336265,103,1.29828283659608
pid_766,Female,18-29,White / Caucasian,0.0500561501684505,97,0.991318190449417
pid_767,Female,45-59,White / Caucasian,0.0692782078346235,120,1.1090286437526
pid_768,Female,30-44,White / Caucasian,0.0690562071686215,129,1.0283486354335
pid_769,Male,60+,Asian / Asian American,0.007111021333064,17,0.803545410636232
pid_770,Female,30-44,White / Caucasian,0.0690562071686215,129,1.0283486354335
pid_771,Female,60+,White / Caucasian,0.117222351667055,313,0.719438139145088
pid_772,Male,18-29,White / Caucasian,0.0529441588324765,84,1.21078248949033
pid_773,Female,30-44,Hispanic / Latino,0.02777808333425,24,2.22340408687893
pid_774,Male,60+,White / Caucasian,0.101944305832918,277,0.706985601101208
pid_775,Male,30-44,White / Caucasian,0.071667215001645,157,0.876896305848153
pid_776,Male,30-44,Asian / Asian American,0.010222030666092,20,0.981826045478136
pid_777,Female,30-44,White / Caucasian,0.0690562071686215,129,1.0283486354335
pid_778,Female,30-44,White / Caucasian,0.0690562071686215,129,1.0283486354335
pid_780,Male,30-44,White / Caucasian,0.071667215001645,157,0.876896305848153
pid_781,Male,30-44,White / Caucasian,0.071667215001645,157,0.876896305848153
pid_782,Female,30-44,White / Caucasian,0.0690562071686215,129,1.0283486354335
pid_783,Female,45-59,White / Caucasian,0.0692782078346235,120,1.1090286437526
pid_784,Female,18-29,Asian / Asian American,0.0068330204990615,18,0.729235132149841
pid_786,Male,18-29,White / Caucasian,0.0529441588324765,84,1.21078248949033
pid_787,Male,30-44,Black / African American,0.0162780488341465,37,0.845138697578255
pid_788,Male,45-59,White / Caucasian,0.0696112088336265,103,1.29828283659608
pid_789,Female,60+,Black / African American,0.018444055332166,57,0.621597022685805
pid_790,Female,60+,Black / African American,0.018444055332166,57,0.621597022685805
pid_791,Male,60+,White / Caucasian,0.101944305832918,277,0.706985601101208
pid_792,Female,45-59,White / Caucasian,0.0692782078346235,120,1.1090286437526
pid_793,Female,60+,White / Caucasian,0.117222351667055,313,0.719438139145088
pid_794,Male,60+,Asian / Asian American,0.007111021333064,17,0.803545410636232
pid_795,Female,18-29,Black / African American,0.0145000435001305,25,1.11418334255003
pid_796,Male,18-29,White / Caucasian,0.0529441588324765,84,1.21078248949033
pid_797,Female,30-44,Hispanic / Latino,0.02777808333425,24,2.22340408687893
pid_798,Female,30-44,White / Caucasian,0.0690562071686215,129,1.0283486354335
pid_799,Male,18-29,Hispanic / Latino,0.025444076332229,54,0.905149456189109
pid_800,Female,60+,Hispanic / Latino,0.018444055332166,13,2.7254638686993
pid_801,Male,45-59,Black / African American,0.0132780398341195,15,1.7004743014229
pid_802,Female,60+,White / Caucasian,0.117222351667055,313,0.719438139145088
pid_803,Male,30-44,Other,0.003889011667035,19,0.393199548019697
pid_804,Female,30-44,White / Caucasian,0.0690562071686215,129,1.0283486354335
pid_805,Female,30-44,White / Caucasian,0.0690562071686215,129,1.0283486354335
pid_806,Female,60+,White / Caucasian,0.117222351667055,313,0.719438139145088
pid_807,Female,18-29,White / Caucasian,0.0500561501684505,97,0.991318190449417
pid_808,Male,30-44,Asian / Asian American,0.010222030666092,20,0.981826045478136
pid_809,Female,18-29,White / Caucasian,0.0500561501684505,97,0.991318190449417
pid_810,Female,60+,Hispanic / Latino,0.018444055332166,13,2.7254638686993
pid_811,Female,18-29,Other,0.003889011667035,14,0.533627958026731
pid_812,Male,18-29,White / Caucasian,0.0529441588324765,84,1.21078248949033
pid_813,Male,60+,White / Caucasian,0.101944305832918,277,0.706985601101208
pid_814,Male,30-44,White / Caucasian,0.071667215001645,157,0.876896305848153
pid_815,Female,60+,White / Caucasian,0.117222351667055,313,0.719438139145088
pid_817,Male,18-29,White / Caucasian,0.0529441588324765,84,1.21078248949033
pid_818,Female,60+,White / Caucasian,0.117222351667055,313,0.719438139145088
pid_819,Female,18-29,White / Caucasian,0.0500561501684505,97,0.991318190449417
pid_820,Male,18-29,Hispanic / Latino,0.025444076332229,54,0.905149456189109
pid_821,Female,45-59,Other,0.0029440088320265,10,0.56554409663229
pid_822,Male,45-59,Hispanic / Latino,0.0203890611671835,4,9.79184662553988
pid_823,Female,60+,White / Caucasian,0.117222351667055,313,0.719438139145088
pid_824,Male,60+,White / Caucasian,0.101944305832918,277,0.706985601101208
pid_825,Male,60+,White / Caucasian,0.101944305832918,277,0.706985601101208
pid_826,Female,60+,White / Caucasian,0.117222351667055,313,0.719438139145088
pid_827,Male,30-44,White / Caucasian,0.071667215001645,157,0.876896305848153
pid_828,Male,60+,White / Caucasian,0.101944305832918,277,0.706985601101208
pid_829,Male,60+,White / Caucasian,0.101944305832918,277,0.706985601101208
pid_830,Male,45-59,White / Caucasian,0.0696112088336265,103,1.29828283659608
pid_831,Male,60+,White / Caucasian,0.101944305832918,277,0.706985601101208
pid_832,Female,18-29,White / Caucasian,0.0500561501684505,97,0.991318190449417
pid_833,Male,30-44,White / Caucasian,0.071667215001645,157,0.876896305848153
pid_834,Male,30-44,Other,0.003889011667035,19,0.393199548019697
pid_835,Female,60+,White / Caucasian,0.117222351667055,313,0.719438139145088
pid_836,Male,60+,White / Caucasian,0.101944305832918,277,0.706985601101208
pid_837,Male,60+,White / Caucasian,0.101944305832918,277,0.706985601101208
pid_839,Male,45-59,Black / African American,0.0132780398341195,15,1.7004743014229
pid_840,Male,30-44,White / Caucasian,0.071667215001645,157,0.876896305848153
pid_841,Female,60+,Black / African American,0.018444055332166,57,0.621597022685805
pid_842,Female,45-59,Asian / Asian American,0.008444025332076,7,2.31728180898828
pid_843,Female,18-29,White / Caucasian,0.0500561501684505,97,0.991318190449417
pid_844,Male,30-44,Asian / Asian American,0.010222030666092,20,0.981826045478136
pid_845,Female,60+,White / Caucasian,0.117222351667055,313,0.719438139145088
pid_846,Female,18-29,White / Caucasian,0.0500561501684505,97,0.991318190449417
pid_847,Male,60+,White / Caucasian,0.101944305832918,277,0.706985601101208
pid_849,Male,60+,White / Caucasian,0.101944305832918,277,0.706985601101208
pid_850,Male,30-44,White / Caucasian,0.071667215001645,157,0.876896305848153
pid_851,Female,60+,Other,0.003222009666029,20,0.309474028422085
pid_852,Male,18-29,Asian / Asian American,0.00655601966805901,15,0.839607585489423
pid_853,Male,18-29,Asian / Asian American,0.00655601966805901,15,0.839607585489423
pid_854,Female,60+,Black / African American,0.018444055332166,57,0.621597022685805
pid_855,Male,60+,White / Caucasian,0.101944305832918,277,0.706985601101208
pid_856,Female,60+,Black / African American,0.018444055332166,57,0.621597022685805
pid_857,Female,60+,White / Caucasian,0.117222351667055,313,0.719438139145088
pid_858,Female,45-59,Black / African American,0.0146110438331315,16,1.75423845021535
pid_860,Female,60+,White / Caucasian,0.117222351667055,313,0.719438139145088
pid_861,Male,60+,White / Caucasian,0.101944305832918,277,0.706985601101208
pid_862,Female,18-29,Hispanic / Latino,0.023667071001213,20,2.27322216966651
pid_863,Male,60+,Hispanic / Latino,0.0162780488341465,12,2.60584431753295
pid_864,Male,60+,White / Caucasian,0.101944305832918,277,0.706985601101208
pid_865,Female,60+,White / Caucasian,0.117222351667055,313,0.719438139145088
pid_868,Female,45-59,White / Caucasian,0.0692782078346235,120,1.1090286437526
pid_869,Female,45-59,White / Caucasian,0.0692782078346235,120,1.1090286437526
pid_870,Female,60+,Asian / Asian American,0.00905602716808151,15,1.15977521265897
pid_871,Female,60+,Hispanic / Latino,0.018444055332166,13,2.7254638686993
pid_872,Male,45-59,Black / African American,0.0132780398341195,15,1.7004743014229
pid_873,Female,60+,White / Caucasian,0.117222351667055,313,0.719438139145088
pid_874,Male,60+,White / Caucasian,0.101944305832918,277,0.706985601101208
pid_875,Male,18-29,Black / African American,0.0138330414991245,27,0.984195285919191
pid_876,Female,60+,Black / African American,0.018444055332166,57,0.621597022685805
pid_877,Female,30-44,White / Caucasian,0.0690562071686215,129,1.0283486354335
pid_878,Female,60+,White / Caucasian,0.117222351667055,313,0.719438139145088
pid_879,Female,60+,White / Caucasian,0.117222351667055,313,0.719438139145088
pid_880,Male,60+,White / Caucasian,0.101944305832918,277,0.706985601101208
pid_881,Male,18-29,White / Caucasian,0.0529441588324765,84,1.21078248949033
pid_882,Male,30-44,Hispanic / Latino,0.029333087999264,40,1.40872155116465
pid_883,Male,18-29,White / Caucasian,0.0529441588324765,84,1.21078248949033
pid_884,Female,18-29,Other,0.003889011667035,14,0.533627958026731
pid_885,Male,60+,White / Caucasian,0.101944305832918,277,0.706985601101208
pid_886,Female,60+,White / Caucasian,0.117222351667055,313,0.719438139145088
pid_887,Female,60+,Other,0.003222009666029,20,0.309474028422085
pid_888,Female,60+,White / Caucasian,0.117222351667055,313,0.719438139145088
pid_889,Male,18-29,White / Caucasian,0.0529441588324765,84,1.21078248949033
pid_890,Male,60+,White / Caucasian,0.101944305832918,277,0.706985601101208
pid_891,Female,60+,White / Caucasian,0.117222351667055,313,0.719438139145088
pid_892,Male,30-44,Black / African American,0.0162780488341465,37,0.845138697578255
pid_893,Female,60+,White / Caucasian,0.117222351667055,313,0.719438139145088
pid_894,Female,60+,White / Caucasian,0.117222351667055,313,0.719438139145088
pid_895,Female,30-44,Asian / Asian American,0.0108330324990975,19,1.09527660161928
pid_896,Female,60+,Black / African American,0.018444055332166,57,0.621597022685805
pid_897,Male,60+,White / Caucasian,0.101944305832918,277,0.706985601101208
pid_898,Female,45-59,White / Caucasian,0.0692782078346235,120,1.1090286437526
pid_900,Female,60+,White / Caucasian,0.117222351667055,313,0.719438139145088
pid_901,Female,30-44,Black / African American,0.017444052332157,26,1.28884709731052
pid_902,Female,60+,White / Caucasian,0.117222351667055,313,0.719438139145088
pid_903,Female,18-29,Hispanic / Latino,0.023667071001213,20,2.27322216966651
pid_904,Male,18-29,White / Caucasian,0.0529441588324765,84,1.21078248949033
pid_905,Male,60+,White / Caucasian,0.101944305832918,277,0.706985601101208
pid_906,Male,18-29,White / Caucasian,0.0529441588324765,84,1.21078248949033
pid_907,Female,60+,Other,0.003222009666029,20,0.309474028422085
pid_909,Female,45-59,White / Caucasian,0.0692782078346235,120,1.1090286437526
pid_910,Male,45-59,White / Caucasian,0.0696112088336265,103,1.29828283659608
pid_911,Male,60+,White / Caucasian,0.101944305832918,277,0.706985601101208
pid_912,Male,45-59,White / Caucasian,0.0696112088336265,103,1.29828283659608
pid_913,Female,18-29,White / Caucasian,0.0500561501684505,97,0.991318190449417
pid_914,Male,60+,Hispanic / Latino,0.0162780488341465,12,2.60584431753295
pid_916,Male,60+,White / Caucasian,0.101944305832918,277,0.706985601101208
pid_917,Male,30-44,White / Caucasian,0.071667215001645,157,0.876896305848153
pid_918,Male,60+,White / Caucasian,0.101944305832918,277,0.706985601101208
pid_919,Female,60+,White / Caucasian,0.117222351667055,313,0.719438139145088
pid_920,Male,60+,Black / African American,0.0145000435001305,29,0.960502881508644
pid_921,Female,30-44,Hispanic / Latino,0.02777808333425,24,2.22340408687893
pid_922,Female,60+,White / Caucasian,0.117222351667055,313,0.719438139145088
pid_923,Male,30-44,White / Caucasian,0.071667215001645,157,0.876896305848153
pid_924,Male,30-44,White / Caucasian,0.071667215001645,157,0.876896305848153
pid_925,Female,60+,White / Caucasian,0.117222351667055,313,0.719438139145088
pid_926,Female,60+,White / Caucasian,0.117222351667055,313,0.719438139145088
pid_927,Male,60+,White / Caucasian,0.101944305832918,277,0.706985601101208
pid_929,Male,18-29,White / Caucasian,0.0529441588324765,84,1.21078248949033
pid_930,Male,30-44,White / Caucasian,0.071667215001645,157,0.876896305848153
pid_931,Female,60+,White / Caucasian,0.117222351667055,313,0.719438139145088
pid_932,Female,18-29,Hispanic / Latino,0.023667071001213,20,2.27322216966651
pid_933,Female,60+,Other,0.003222009666029,20,0.309474028422085
pid_934,Female,30-44,White / Caucasian,0.0690562071686215,129,1.0283486354335
pid_935,Male,30-44,White / Caucasian,0.071667215001645,157,0.876896305848153
pid_936,Male,30-44,White / Caucasian,0.071667215001645,157,0.876896305848153
pid_937,Male,30-44,Black / African American,0.0162780488341465,37,0.845138697578255
pid_938,Male,30-44,White / Caucasian,0.071667215001645,157,0.876896305848153
pid_939,Female,60+,Hispanic / Latino,0.018444055332166,13,2.7254638686993
pid_940,Male,18-29,White / Caucasian,0.0529441588324765,84,1.21078248949033
pid_941,Female,60+,Black / African American,0.018444055332166,57,0.621597022685805
pid_942,Female,30-44,White / Caucasian,0.0690562071686215,129,1.0283486354335
pid_943,Male,30-44,White / Caucasian,0.071667215001645,157,0.876896305848153
pid_944,Male,60+,White / Caucasian,0.101944305832918,277,0.706985601101208
pid_945,Female,30-44,White / Caucasian,0.0690562071686215,129,1.0283486354335
pid_946,Female,45-59,Asian / Asian American,0.008444025332076,7,2.31728180898828
pid_947,Female,30-44,Other,0.0039440118320355,17,0.445673337020011
pid_948,Female,60+,White / Caucasian,0.117222351667055,313,0.719438139145088
pid_949,Male,60+,White / Caucasian,0.101944305832918,277,0.706985601101208
pid_950,Male,30-44,Hispanic / Latino,0.029333087999264,40,1.40872155116465
pid_951,Female,45-59,Hispanic / Latino,0.0199440598321795,14,2.73660992411549
pid_952,Female,30-44,Black / African American,0.017444052332157,26,1.28884709731052
pid_953,Male,60+,White / Caucasian,0.101944305832918,277,0.706985601101208
pid_954,Female,18-29,Hispanic / Latino,0.023667071001213,20,2.27322216966651
pid_955,Female,60+,White / Caucasian,0.117222351667055,313,0.719438139145088
pid_956,Male,30-44,Hispanic / Latino,0.029333087999264,40,1.40872155116465
pid_957,Female,30-44,Hispanic / Latino,0.02777808333425,24,2.22340408687893
pid_958,Female,60+,White / Caucasian,0.117222351667055,313,0.719438139145088
pid_959,Female,18-29,Black / African American,0.0145000435001305,25,1.11418334255003
pid_960,Male,30-44,Other,0.003889011667035,19,0.393199548019697
pid_961,Female,30-44,Black / African American,0.017444052332157,26,1.28884709731052
pid_962,Male,18-29,Black / African American,0.0138330414991245,27,0.984195285919191
pid_963,Male,60+,Asian / Asian American,0.007111021333064,17,0.803545410636232
pid_964,Female,45-59,White / Caucasian,0.0692782078346235,120,1.1090286437526
pid_965,Male,30-44,Black / African American,0.0162780488341465,37,0.845138697578255
pid_966,Male,18-29,White / Caucasian,0.0529441588324765,84,1.21078248949033
pid_967,Female,60+,White / Caucasian,0.117222351667055,313,0.719438139145088
pid_968,Male,30-44,Black / African American,0.0162780488341465,37,0.845138697578255
pid_969,Female,45-59,White / Caucasian,0.0692782078346235,120,1.1090286437526
pid_970,Male,60+,Hispanic / Latino,0.0162780488341465,12,2.60584431753295
pid_971,Female,60+,White / Caucasian,0.117222351667055,313,0.719438139145088
pid_972,Male,60+,Other,0.0027220081660245,12,0.435748140577755
pid_973,Male,30-44,Black / African American,0.0162780488341465,37,0.845138697578255
pid_974,Female,18-29,White / Caucasian,0.0500561501684505,97,0.991318190449417
pid_975,Male,60+,White / Caucasian,0.101944305832918,277,0.706985601101208
pid_976,Female,45-59,White / Caucasian,0.0692782078346235,120,1.1090286437526
pid_977,Male,60+,Black / African American,0.0145000435001305,29,0.960502881508644
pid_978,Female,18-29,Black / African American,0.0145000435001305,25,1.11418334255003
pid_979,Female,60+,Black / African American,0.018444055332166,57,0.621597022685805
pid_980,Female,30-44,White / Caucasian,0.0690562071686215,129,1.0283486354335
pid_981,Male,60+,Asian / Asian American,0.007111021333064,17,0.803545410636232
pid_982,Female,45-59,White / Caucasian,0.0692782078346235,120,1.1090286437526
pid_983,Male,45-59,White / Caucasian,0.0696112088336265,103,1.29828283659608
pid_984,Male,60+,White / Caucasian,0.101944305832918,277,0.706985601101208
pid_985,Male,60+,White / Caucasian,0.101944305832918,277,0.706985601101208
pid_986,Female,60+,Black / African American,0.018444055332166,57,0.621597022685805
pid_987,Male,60+,White / Caucasian,0.101944305832918,277,0.706985601101208
pid_988,Male,60+,Black / African American,0.0145000435001305,29,0.960502881508644
pid_989,Female,30-44,Other,0.0039440118320355,17,0.445673337020011
pid_991,Male,30-44,White / Caucasian,0.071667215001645,157,0.876896305848153
pid_992,Male,60+,Black / African American,0.0145000435001305,29,0.960502881508644
pid_993,Male,60+,White / Caucasian,0.101944305832918,277,0.706985601101208
pid_996,Male,45-59,White / Caucasian,0.0696112088336265,103,1.29828283659608
pid_998,Male,30-44,White / Caucasian,0.071667215001645,157,0.876896305848153
pid_999,Female,60+,White / Caucasian,0.117222351667055,313,0.719438139145088
pid_1000,Male,30-44,White / Caucasian,0.071667215001645,157,0.876896305848153
pid_1001,Male,18-29,Hispanic / Latino,0.025444076332229,54,0.905149456189109
pid_1002,Male,60+,White / Caucasian,0.101944305832918,277,0.706985601101208
pid_1003,Female,60+,White / Caucasian,0.117222351667055,313,0.719438139145088
pid_1004,Male,30-44,Black / African American,0.0162780488341465,37,0.845138697578255
pid_1005,Female,30-44,White / Caucasian,0.0690562071686215,129,1.0283486354335
pid_1006,Female,60+,White / Caucasian,0.117222351667055,313,0.719438139145088
pid_1007,Male,30-44,Black / African American,0.0162780488341465,37,0.845138697578255
pid_1008,Male,60+,White / Caucasian,0.101944305832918,277,0.706985601101208
pid_1009,Male,30-44,White / Caucasian,0.071667215001645,157,0.876896305848153
pid_1010,Female,60+,Hispanic / Latino,0.018444055332166,13,2.7254638686993
pid_1011,Female,30-44,Other,0.0039440118320355,17,0.445673337020011
pid_1012,Male,30-44,White / Caucasian,0.071667215001645,157,0.876896305848153
pid_1013,Female,18-29,White / Caucasian,0.0500561501684505,97,0.991318190449417
pid_1014,Male,60+,Other,0.0027220081660245,12,0.435748140577755
pid_1015,Female,18-29,White / Caucasian,0.0500561501684505,97,0.991318190449417
pid_1016,Female,18-29,White / Caucasian,0.0500561501684505,97,0.991318190449417
pid_1017,Female,30-44,White / Caucasian,0.0690562071686215,129,1.0283486354335
pid_1018,Female,18-29,Other,0.003889011667035,14,0.533627958026731
pid_1019,Female,45-59,Hispanic / Latino,0.0199440598321795,14,2.73660992411549
pid_1020,Female,60+,Black / African American,0.018444055332166,57,0.621597022685805
pid_1021,Male,45-59,White / Caucasian,0.0696112088336265,103,1.29828283659608
pid_1022,Female,18-29,White / Caucasian,0.0500561501684505,97,0.991318190449417
pid_1023,Male,18-29,Black / African American,0.0138330414991245,27,0.984195285919191
pid_1024,Male,60+,White / Caucasian,0.101944305832918,277,0.706985601101208
pid_1025,Female,30-44,White / Caucasian,0.0690562071686215,129,1.0283486354335
pid_1026,Female,60+,White / Caucasian,0.117222351667055,313,0.719438139145088
pid_1027,Female,45-59,White / Caucasian,0.0692782078346235,120,1.1090286437526
pid_1028,Female,30-44,White / Caucasian,0.0690562071686215,129,1.0283486354335
pid_1029,Female,45-59,Black / African American,0.0146110438331315,16,1.75423845021535
pid_1030,Female,45-59,Other,0.0029440088320265,10,0.56554409663229
pid_1031,Male,45-59,Asian / Asian American,0.007667023001069,12,1.22736259875446
pid_1032,Female,30-44,White / Caucasian,0.0690562071686215,129,1.0283486354335
pid_1033,Male,60+,White / Caucasian,0.101944305832918,277,0.706985601101208
pid_1034,Male,60+,Black / African American,0.0145000435001305,29,0.960502881508644
pid_1035,Male,30-44,White / Caucasian,0.071667215001645,157,0.876896305848153
pid_1036,Female,30-44,Other,0.0039440118320355,17,0.445673337020011
pid_1037,Female,18-29,White / Caucasian,0.0500561501684505,97,0.991318190449417
pid_1038,Male,45-59,White / Caucasian,0.0696112088336265,103,1.29828283659608
pid_1039,Male,30-44,Asian / Asian American,0.010222030666092,20,0.981826045478136
pid_1040,Male,30-44,Other,0.003889011667035,19,0.393199548019697
pid_1041,Male,45-59,White / Caucasian,0.0696112088336265,103,1.29828283659608
pid_1042,Male,60+,White / Caucasian,0.101944305832918,277,0.706985601101208
pid_1043,Female,30-44,White / Caucasian,0.0690562071686215,129,1.0283486354335
pid_1044,Female,45-59,White / Caucasian,0.0692782078346235,120,1.1090286437526
pid_1045,Female,60+,Black / African American,0.018444055332166,57,0.621597022685805
pid_1046,Female,60+,White / Caucasian,0.117222351667055,313,0.719438139145088
pid_1047,Female,60+,White / Caucasian,0.117222351667055,313,0.719438139145088
pid_1048,Male,30-44,White / Caucasian,0.071667215001645,157,0.876896305848153
pid_1049,Male,30-44,Other,0.003889011667035,19,0.393199548019697
pid_1050,Male,60+,White / Caucasian,0.101944305832918,277,0.706985601101208
pid_1051,Male,18-29,Hispanic / Latino,0.025444076332229,54,0.905149456189109
pid_1052,Female,60+,White / Caucasian,0.117222351667055,313,0.719438139145088
pid_1053,Female,18-29,White / Caucasian,0.0500561501684505,97,0.991318190449417
pid_1054,Male,60+,White / Caucasian,0.101944305832918,277,0.706985601101208
pid_1055,Male,45-59,White / Caucasian,0.0696112088336265,103,1.29828283659608
pid_1057,Female,30-44,White / Caucasian,0.0690562071686215,129,1.0283486354335
pid_1058,Female,60+,White / Caucasian,0.117222351667055,313,0.719438139145088
pid_1059,Male,45-59,White / Caucasian,0.0696112088336265,103,1.29828283659608
pid_1060,Male,30-44,Black / African American,0.0162780488341465,37,0.845138697578255
pid_1061,Male,30-44,White / Caucasian,0.071667215001645,157,0.876896305848153
pid_1062,Female,60+,White / Caucasian,0.117222351667055,313,0.719438139145088
pid_1063,Female,18-29,Asian / Asian American,0.0068330204990615,18,0.729235132149841
pid_1064,Male,18-29,White / Caucasian,0.0529441588324765,84,1.21078248949033
pid_1065,Male,30-44,Hispanic / Latino,0.029333087999264,40,1.40872155116465
pid_1067,Male,60+,White / Caucasian,0.101944305832918,277,0.706985601101208
pid_1069,Female,30-44,Black / African American,0.017444052332157,26,1.28884709731052
pid_1070,Female,60+,White / Caucasian,0.117222351667055,313,0.719438139145088
pid_1071,Female,60+,Black / African American,0.018444055332166,57,0.621597022685805
pid_1072,Male,18-29,Hispanic / Latino,0.025444076332229,54,0.905149456189109
pid_1073,Male,60+,White / Caucasian,0.101944305832918,277,0.706985601101208
pid_1074,Female,60+,White / Caucasian,0.117222351667055,313,0.719438139145088
pid_1075,Female,60+,White / Caucasian,0.117222351667055,313,0.719438139145088
pid_1076,Female,30-44,White / Caucasian,0.0690562071686215,129,1.0283486354335
pid_1078,Female,30-44,Black / African American,0.017444052332157,26,1.28884709731052
pid_1079,Male,60+,Black / African American,0.0145000435001305,29,0.960502881508644
pid_1080,Male,60+,White / Caucasian,0.101944305832918,277,0.706985601101208
pid_1081,Female,60+,White / Caucasian,0.117222351667055,313,0.719438139145088
pid_1082,Female,45-59,Black / African American,0.0146110438331315,16,1.75423845021535
pid_1083,Male,60+,White / Caucasian,0.101944305832918,277,0.706985601101208
pid_1084,Female,30-44,White / Caucasian,0.0690562071686215,129,1.0283486354335
pid_1085,Female,18-29,Black / African American,0.0145000435001305,25,1.11418334255003
pid_1086,Female,30-44,Black / African American,0.017444052332157,26,1.28884709731052
pid_1089,Female,60+,White / Caucasian,0.117222351667055,313,0.719438139145088
pid_1090,Female,60+,White / Caucasian,0.117222351667055,313,0.719438139145088
pid_1091,Male,60+,White / Caucasian,0.101944305832918,277,0.706985601101208
pid_1092,Female,45-59,White / Caucasian,0.0692782078346235,120,1.1090286437526
pid_1093,Female,60+,White / Caucasian,0.117222351667055,313,0.719438139145088
pid_1094,Female,30-44,White / Caucasian,0.0690562071686215,129,1.0283486354335
pid_1095,Male,18-29,White / Caucasian,0.0529441588324765,84,1.21078248949033
pid_1096,Female,30-44,White / Caucasian,0.0690562071686215,129,1.0283486354335
pid_1097,Female,60+,Hispanic / Latino,0.018444055332166,13,2.7254638686993
pid_1098,Female,30-44,Other,0.0039440118320355,17,0.445673337020011
pid_1099,Female,60+,White / Caucasian,0.117222351667055,313,0.719438139145088
pid_1100,Male,30-44,White / Caucasian,0.071667215001645,157,0.876896305848153
pid_1101,Male,18-29,Other,0.003889011667035,9,0.830087934708249
pid_1102,Male,30-44,White / Caucasian,0.071667215001645,157,0.876896305848153
pid_1103,Female,18-29,Asian / Asian American,0.0068330204990615,18,0.729235132149841
pid_1104,Female,60+,White / Caucasian,0.117222351667055,313,0.719438139145088
pid_1105,Female,18-29,Other,0.003889011667035,14,0.533627958026731
pid_1106,Male,18-29,Black / African American,0.0138330414991245,27,0.984195285919191
pid_1107,Male,30-44,White / Caucasian,0.071667215001645,157,0.876896305848153
pid_1108,Female,60+,White / Caucasian,0.117222351667055,313,0.719438139145088
pid_1109,Male,45-59,White / Caucasian,0.0696112088336265,103,1.29828283659608
pid_1111,Male,60+,White / Caucasian,0.101944305832918,277,0.706985601101208
pid_1112,Male,60+,White / Caucasian,0.101944305832918,277,0.706985601101208
pid_1113,Female,60+,Black / African American,0.018444055332166,57,0.621597022685805
pid_1114,Male,45-59,Other,0.0028330084990255,4,1.36055233165699
pid_1115,Female,45-59,White / Caucasian,0.0692782078346235,120,1.1090286437526
pid_1116,Male,18-29,White / Caucasian,0.0529441588324765,84,1.21078248949033
pid_1117,Male,30-44,Other,0.003889011667035,19,0.393199548019697
pid_1118,Male,18-29,White / Caucasian,0.0529441588324765,84,1.21078248949033
pid_1119,Male,30-44,White / Caucasian,0.071667215001645,157,0.876896305848153
pid_1120,Male,30-44,White / Caucasian,0.071667215001645,157,0.876896305848153
pid_1121,Female,45-59,White / Caucasian,0.0692782078346235,120,1.1090286437526
pid_1122,Male,18-29,Hispanic / Latino,0.025444076332229,54,0.905149456189109
pid_1123,Female,45-59,White / Caucasian,0.0692782078346235,120,1.1090286437526
pid_1124,Female,30-44,Black / African American,0.017444052332157,26,1.28884709731052
pid_1125,Male,30-44,Asian / Asian American,0.010222030666092,20,0.981826045478136
pid_1127,Male,60+,White / Caucasian,0.101944305832918,277,0.706985601101208
pid_1128,Female,18-29,White / Caucasian,0.0500561501684505,97,0.991318190449417
pid_1129,Female,45-59,White / Caucasian,0.0692782078346235,120,1.1090286437526
pid_1130,Female,18-29,White / Caucasian,0.0500561501684505,97,0.991318190449417
pid_1131,Male,45-59,White / Caucasian,0.0696112088336265,103,1.29828283659608
pid_1132,Female,45-59,Hispanic / Latino,0.0199440598321795,14,2.73660992411549
pid_1133,Female,60+,White / Caucasian,0.117222351667055,313,0.719438139145088
pid_1134,Female,45-59,White / Caucasian,0.0692782078346235,120,1.1090286437526
pid_1135,Male,45-59,White / Caucasian,0.0696112088336265,103,1.29828283659608
pid_1136,Male,18-29,Hispanic / Latino,0.025444076332229,54,0.905149456189109
pid_1137,Male,60+,Asian / Asian American,0.007111021333064,17,0.803545410636232
pid_1138,Male,30-44,White / Caucasian,0.071667215001645,157,0.876896305848153
pid_1139,Female,60+,White / Caucasian,0.117222351667055,313,0.719438139145088
pid_1140,Male,60+,White / Caucasian,0.101944305832918,277,0.706985601101208
pid_1141,Male,18-29,White / Caucasian,0.0529441588324765,84,1.21078248949033
pid_1143,Female,60+,White / Caucasian,0.117222351667055,313,0.719438139145088
pid_1144,Male,60+,White / Caucasian,0.101944305832918,277,0.706985601101208
pid_1145,Female,30-44,Asian / Asian American,0.0108330324990975,19,1.09527660161928
pid_1146,Male,18-29,Other,0.003889011667035,9,0.830087934708249
pid_1147,Male,30-44,White / Caucasian,0.071667215001645,157,0.876896305848153
pid_1148,Female,30-44,Hispanic / Latino,0.02777808333425,24,2.22340408687893
pid_1149,Male,18-29,White / Caucasian,0.0529441588324765,84,1.21078248949033
pid_1150,Male,18-29,White / Caucasian,0.0529441588324765,84,1.21078248949033
pid_1151,Male,60+,White / Caucasian,0.101944305832918,277,0.706985601101208
pid_1152,Male,18-29,Other,0.003889011667035,9,0.830087934708249
pid_1153,Female,30-44,White / Caucasian,0.0690562071686215,129,1.0283486354335
pid_1154,Female,30-44,White / Caucasian,0.0690562071686215,129,1.0283486354335
pid_1156,Male,45-59,White / Caucasian,0.0696112088336265,103,1.29828283659608
pid_1157,Female,45-59,White / Caucasian,0.0692782078346235,120,1.1090286437526
pid_1158,Male,30-44,Black / African American,0.0162780488341465,37,0.845138697578255
pid_1159,Female,60+,White / Caucasian,0.117222351667055,313,0.719438139145088
pid_1160,Male,18-29,Hispanic / Latino,0.025444076332229,54,0.905149456189109
pid_1161,Female,45-59,White / Caucasian,0.0692782078346235,120,1.1090286437526
pid_1162,Male,60+,White / Caucasian,0.101944305832918,277,0.706985601101208
pid_1163,Male,60+,White / Caucasian,0.101944305832918,277,0.706985601101208
pid_1164,Male,60+,White / Caucasian,0.101944305832918,277,0.706985601101208
pid_1165,Female,30-44,Other,0.0039440118320355,17,0.445673337020011
pid_1166,Female,18-29,White / Caucasian,0.0500561501684505,97,0.991318190449417
pid_1168,Male,45-59,White / Caucasian,0.0696112088336265,103,1.29828283659608
pid_1169,Female,60+,Other,0.003222009666029,20,0.309474028422085
pid_1171,Male,30-44,White / Caucasian,0.071667215001645,157,0.876896305848153
pid_1172,Male,60+,Other,0.0027220081660245,12,0.435748140577755
pid_1173,Female,60+,White / Caucasian,0.117222351667055,313,0.719438139145088
pid_1174,Female,45-59,White / Caucasian,0.0692782078346235,120,1.1090286437526
pid_1175,Female,30-44,Hispanic / Latino,0.02777808333425,24,2.22340408687893
pid_1176,Male,30-44,White / Caucasian,0.071667215001645,157,0.876896305848153
pid_1177,Female,60+,White / Caucasian,0.117222351667055,313,0.719438139145088
pid_1178,Female,18-29,Hispanic / Latino,0.023667071001213,20,2.27322216966651
pid_1179,Male,60+,White / Caucasian,0.101944305832918,277,0.706985601101208
pid_1180,Female,60+,White / Caucasian,0.117222351667055,313,0.719438139145088
pid_1181,Female,18-29,Asian / Asian American,0.0068330204990615,18,0.729235132149841
pid_1182,Male,60+,White / Caucasian,0.101944305832918,277,0.706985601101208
pid_1183,Female,60+,White / Caucasian,0.117222351667055,313,0.719438139145088
pid_1184,Male,30-44,White / Caucasian,0.071667215001645,157,0.876896305848153
pid_1185,Female,30-44,White / Caucasian,0.0690562071686215,129,1.0283486354335
pid_1186,Female,30-44,White / Caucasian,0.0690562071686215,129,1.0283486354335
pid_1187,Male,18-29,White / Caucasian,0.0529441588324765,84,1.21078248949033
pid_1188,Male,18-29,Asian / Asian American,0.00655601966805901,15,0.839607585489423
pid_1189,Female,30-44,Asian / Asian American,0.0108330324990975,19,1.09527660161928
pid_1190,Female,30-44,White / Caucasian,0.0690562071686215,129,1.0283486354335
pid_1191,Male,60+,White / Caucasian,0.101944305832918,277,0.706985601101208
pid_1192,Male,30-44,Asian / Asian American,0.010222030666092,20,0.981826045478136
pid_1193,Male,30-44,Hispanic / Latino,0.029333087999264,40,1.40872155116465
pid_1194,Male,30-44,White / Caucasian,0.071667215001645,157,0.876896305848153
pid_1195,Female,30-44,White / Caucasian,0.0690562071686215,129,1.0283486354335
pid_1197,Female,60+,White / Caucasian,0.117222351667055,313,0.719438139145088
pid_1198,Female,30-44,White / Caucasian,0.0690562071686215,129,1.0283486354335
pid_1199,Male,60+,Black / African American,0.0145000435001305,29,0.960502881508644
pid_1200,Male,30-44,White / Caucasian,0.071667215001645,157,0.876896305848153
pid_1201,Male,30-44,Hispanic / Latino,0.029333087999264,40,1.40872155116465
pid_1202,Male,60+,White / Caucasian,0.101944305832918,277,0.706985601101208
pid_1203,Male,18-29,Asian / Asian American,0.00655601966805901,15,0.839607585489423
pid_1204,Female,18-29,Hispanic / Latino,0.023667071001213,20,2.27322216966651
pid_1205,Male,60+,White / Caucasian,0.101944305832918,277,0.706985601101208
pid_1206,Female,60+,White / Caucasian,0.117222351667055,313,0.719438139145088
pid_1207,Female,45-59,Asian / Asian American,0.008444025332076,7,2.31728180898828
pid_1208,Female,30-44,Asian / Asian American,0.0108330324990975,19,1.09527660161928
pid_1209,Female,60+,White / Caucasian,0.117222351667055,313,0.719438139145088
pid_1210,Female,45-59,White / Caucasian,0.0692782078346235,120,1.1090286437526
pid_1211,Male,30-44,White / Caucasian,0.071667215001645,157,0.876896305848153
pid_1212,Male,30-44,Hispanic / Latino,0.029333087999264,40,1.40872155116465
pid_1213,Female,45-59,Other,0.0029440088320265,10,0.56554409663229
pid_1214,Male,30-44,Hispanic / Latino,0.029333087999264,40,1.40872155116465
pid_1215,Female,45-59,Other,0.0029440088320265,10,0.56554409663229
pid_1216,Male,60+,White / Caucasian,0.101944305832918,277,0.706985601101208
pid_1217,Female,45-59,Hispanic / Latino,0.0199440598321795,14,2.73660992411549
pid_1218,Male,30-44,Hispanic / Latino,0.029333087999264,40,1.40872155116465
pid_1219,Male,60+,White / Caucasian,0.101944305832918,277,0.706985601101208
pid_1220,Male,18-29,Hispanic / Latino,0.025444076332229,54,0.905149456189109
pid_1221,Male,18-29,Hispanic / Latino,0.025444076332229,54,0.905149456189109
pid_1222,Male,18-29,Hispanic / Latino,0.025444076332229,54,0.905149456189109
pid_1223,Female,30-44,White / Caucasian,0.0690562071686215,129,1.0283486354335
pid_1224,Female,60+,Other,0.003222009666029,20,0.309474028422085
pid_1225,Male,60+,White / Caucasian,0.101944305832918,277,0.706985601101208
pid_1226,Female,60+,White / Caucasian,0.117222351667055,313,0.719438139145088
pid_1227,Female,30-44,Hispanic / Latino,0.02777808333425,24,2.22340408687893
pid_1228,Male,30-44,Hispanic / Latino,0.029333087999264,40,1.40872155116465
pid_1229,Female,30-44,Other,0.0039440118320355,17,0.445673337020011
pid_1230,Male,30-44,Hispanic / Latino,0.029333087999264,40,1.40872155116465
pid_1231,Female,60+,White / Caucasian,0.117222351667055,313,0.719438139145088
pid_1232,Male,18-29,Hispanic / Latino,0.025444076332229,54,0.905149456189109
pid_1233,Male,30-44,White / Caucasian,0.071667215001645,157,0.876896305848153
pid_1235,Male,60+,Black / African American,0.0145000435001305,29,0.960502881508644
pid_1236,Male,45-59,White / Caucasian,0.0696112088336265,103,1.29828283659608
pid_1237,Female,18-29,Other,0.003889011667035,14,0.533627958026731
pid_1238,Female,60+,White / Caucasian,0.117222351667055,313,0.719438139145088
pid_1239,Male,18-29,Asian / Asian American,0.00655601966805901,15,0.839607585489423
pid_1240,Male,18-29,White / Caucasian,0.0529441588324765,84,1.21078248949033
pid_1241,Female,60+,Asian / Asian American,0.00905602716808151,15,1.15977521265897
pid_1242,Male,45-59,White / Caucasian,0.0696112088336265,103,1.29828283659608
pid_1243,Female,60+,White / Caucasian,0.117222351667055,313,0.719438139145088
pid_1244,Male,30-44,Hispanic / Latino,0.029333087999264,40,1.40872155116465
pid_1245,Male,60+,White / Caucasian,0.101944305832918,277,0.706985601101208
pid_1246,Female,30-44,Black / African American,0.017444052332157,26,1.28884709731052
pid_1247,Male,30-44,Asian / Asian American,0.010222030666092,20,0.981826045478136
pid_1248,Male,45-59,White / Caucasian,0.0696112088336265,103,1.29828283659608
pid_1249,Female,45-59,White / Caucasian,0.0692782078346235,120,1.1090286437526
pid_1250,Female,30-44,White / Caucasian,0.0690562071686215,129,1.0283486354335
pid_1251,Female,18-29,Asian / Asian American,0.0068330204990615,18,0.729235132149841
pid_1252,Male,30-44,Asian / Asian American,0.010222030666092,20,0.981826045478136
pid_1253,Female,45-59,Black / African American,0.0146110438331315,16,1.75423845021535
pid_1254,Male,18-29,White / Caucasian,0.0529441588324765,84,1.21078248949033
pid_1255,Male,30-44,White / Caucasian,0.071667215001645,157,0.876896305848153
pid_1256,Female,30-44,Hispanic / Latino,0.02777808333425,24,2.22340408687893
pid_1257,Male,18-29,Hispanic / Latino,0.025444076332229,54,0.905149456189109
pid_1258,Male,18-29,Hispanic / Latino,0.025444076332229,54,0.905149456189109
pid_1260,Female,45-59,White / Caucasian,0.0692782078346235,120,1.1090286437526
pid_1262,Male,30-44,Hispanic / Latino,0.029333087999264,40,1.40872155116465
pid_1263,Male,60+,White / Caucasian,0.101944305832918,277,0.706985601101208
pid_1264,Male,18-29,White / Caucasian,0.0529441588324765,84,1.21078248949033
pid_1265,Female,60+,White / Caucasian,0.117222351667055,313,0.719438139145088
pid_1266,Male,30-44,Asian / Asian American,0.010222030666092,20,0.981826045478136
pid_1267,Male,60+,White / Caucasian,0.101944305832918,277,0.706985601101208
pid_1268,Male,60+,Black / African American,0.0145000435001305,29,0.960502881508644
pid_1269,Female,60+,Other,0.003222009666029,20,0.309474028422085
pid_1270,Female,18-29,White / Caucasian,0.0500561501684505,97,0.991318190449417
pid_1271,Female,30-44,White / Caucasian,0.0690562071686215,129,1.0283486354335
pid_1272,Female,60+,White / Caucasian,0.117222351667055,313,0.719438139145088
pid_1273,Male,60+,White / Caucasian,0.101944305832918,277,0.706985601101208
pid_1274,Female,30-44,White / Caucasian,0.0690562071686215,129,1.0283486354335
pid_1275,Male,18-29,Asian / Asian American,0.00655601966805901,15,0.839607585489423
pid_1276,Female,30-44,Black / African American,0.017444052332157,26,1.28884709731052
pid_1277,Female,30-44,White / Caucasian,0.0690562071686215,129,1.0283486354335
pid_1278,Male,30-44,White / Caucasian,0.071667215001645,157,0.876896305848153
pid_1279,Male,30-44,Hispanic / Latino,0.029333087999264,40,1.40872155116465
pid_1280,Female,60+,White / Caucasian,0.117222351667055,313,0.719438139145088
pid_1281,Female,30-44,White / Caucasian,0.0690562071686215,129,1.0283486354335
pid_1283,Male,18-29,White / Caucasian,0.0529441588324765,84,1.21078248949033
pid_1284,Female,60+,Asian / Asian American,0.00905602716808151,15,1.15977521265897
pid_1285,Male,18-29,Hispanic / Latino,0.025444076332229,54,0.905149456189109
pid_1286,Male,30-44,White / Caucasian,0.071667215001645,157,0.876896305848153
pid_1287,Male,30-44,Other,0.003889011667035,19,0.393199548019697
pid_1288,Male,18-29,Hispanic / Latino,0.025444076332229,54,0.905149456189109
pid_1289,Male,30-44,White / Caucasian,0.071667215001645,157,0.876896305848153
pid_1290,Female,30-44,White / Caucasian,0.0690562071686215,129,1.0283486354335
pid_1291,Male,18-29,White / Caucasian,0.0529441588324765,84,1.21078248949033
pid_1292,Female,18-29,Black / African American,0.0145000435001305,25,1.11418334255003
pid_1293,Female,60+,Black / African American,0.018444055332166,57,0.621597022685805
pid_1294,Male,18-29,Hispanic / Latino,0.025444076332229,54,0.905149456189109
pid_1295,Female,60+,Asian / Asian American,0.00905602716808151,15,1.15977521265897
pid_1296,Female,60+,White / Caucasian,0.117222351667055,313,0.719438139145088
pid_1298,Female,30-44,Black / African American,0.017444052332157,26,1.28884709731052
pid_1299,Female,30-44,White / Caucasian,0.0690562071686215,129,1.0283486354335
pid_1300,Male,60+,White / Caucasian,0.101944305832918,277,0.706985601101208
pid_1301,Female,45-59,Black / African American,0.0146110438331315,16,1.75423845021535
pid_1302,Male,30-44,Black / African American,0.0162780488341465,37,0.845138697578255
pid_1303,Female,60+,White / Caucasian,0.117222351667055,313,0.719438139145088
pid_1305,Female,30-44,White / Caucasian,0.0690562071686215,129,1.0283486354335
pid_1307,Male,60+,White / Caucasian,0.101944305832918,277,0.706985601101208
pid_1308,Female,60+,White / Caucasian,0.117222351667055,313,0.719438139145088
pid_1309,Male,45-59,White / Caucasian,0.0696112088336265,103,1.29828283659608
pid_1310,Female,18-29,White / Caucasian,0.0500561501684505,97,0.991318190449417
pid_1311,Female,30-44,Hispanic / Latino,0.02777808333425,24,2.22340408687893
pid_1313,Female,45-59,White / Caucasian,0.0692782078346235,120,1.1090286437526
pid_1314,Male,30-44,White / Caucasian,0.071667215001645,157,0.876896305848153
pid_1315,Male,30-44,White / Caucasian,0.071667215001645,157,0.876896305848153
pid_1316,Female,60+,White / Caucasian,0.117222351667055,313,0.719438139145088
pid_1317,Female,30-44,Black / African American,0.017444052332157,26,1.28884709731052
pid_1318,Female,30-44,White / Caucasian,0.0690562071686215,129,1.0283486354335
pid_1319,Female,45-59,White / Caucasian,0.0692782078346235,120,1.1090286437526
pid_1320,Male,45-59,Black / African American,0.0132780398341195,15,1.7004743014229
pid_1321,Female,60+,White / Caucasian,0.117222351667055,313,0.719438139145088
pid_1322,Male,30-44,Hispanic / Latino,0.029333087999264,40,1.40872155116465
pid_1323,Male,60+,White / Caucasian,0.101944305832918,277,0.706985601101208
pid_1324,Female,60+,White / Caucasian,0.117222351667055,313,0.719438139145088
pid_1325,Male,18-29,White / Caucasian,0.0529441588324765,84,1.21078248949033
pid_1326,Female,30-44,Asian / Asian American,0.0108330324990975,19,1.09527660161928
pid_1327,Female,60+,White / Caucasian,0.117222351667055,313,0.719438139145088
pid_1328,Male,60+,Black / African American,0.0145000435001305,29,0.960502881508644
pid_1330,Female,45-59,White / Caucasian,0.0692782078346235,120,1.1090286437526
pid_1331,Female,60+,White / Caucasian,0.117222351667055,313,0.719438139145088
pid_1332,Male,30-44,Hispanic / Latino,0.029333087999264,40,1.40872155116465
pid_1333,Female,30-44,Hispanic / Latino,0.02777808333425,24,2.22340408687893
pid_1334,Female,18-29,Other,0.003889011667035,14,0.533627958026731
pid_1335,Female,30-44,White / Caucasian,0.0690562071686215,129,1.0283486354335
pid_1337,Female,30-44,White / Caucasian,0.0690562071686215,129,1.0283486354335
pid_1338,Male,18-29,White / Caucasian,0.0529441588324765,84,1.21078248949033
pid_1339,Female,60+,White / Caucasian,0.117222351667055,313,0.719438139145088
pid_1340,Male,30-44,White / Caucasian,0.071667215001645,157,0.876896305848153
pid_1342,Male,60+,White / Caucasian,0.101944305832918,277,0.706985601101208
pid_1343,Male,45-59,White / Caucasian,0.0696112088336265,103,1.29828283659608
pid_1344,Female,30-44,White / Caucasian,0.0690562071686215,129,1.0283486354335
pid_1345,Male,18-29,Asian / Asian American,0.00655601966805901,15,0.839607585489423
pid_1346,Male,60+,White / Caucasian,0.101944305832918,277,0.706985601101208
pid_1347,Male,45-59,Asian / Asian American,0.007667023001069,12,1.22736259875446
pid_1348,Female,60+,White / Caucasian,0.117222351667055,313,0.719438139145088
pid_1349,Female,60+,White / Caucasian,0.117222351667055,313,0.719438139145088
pid_1350,Male,30-44,Asian / Asian American,0.010222030666092,20,0.981826045478136
pid_1351,Male,18-29,White / Caucasian,0.0529441588324765,84,1.21078248949033
pid_1352,Male,30-44,White / Caucasian,0.071667215001645,157,0.876896305848153
pid_1353,Female,45-59,White / Caucasian,0.0692782078346235,120,1.1090286437526
pid_1355,Male,30-44,White / Caucasian,0.071667215001645,157,0.876896305848153
pid_1356,Male,60+,White / Caucasian,0.101944305832918,277,0.706985601101208
pid_1357,Male,30-44,White / Caucasian,0.071667215001645,157,0.876896305848153
pid_1358,Female,60+,White / Caucasian,0.117222351667055,313,0.719438139145088
pid_1359,Male,60+,White / Caucasian,0.101944305832918,277,0.706985601101208
pid_1360,Female,60+,Other,0.003222009666029,20,0.309474028422085
pid_1361,Male,45-59,Asian / Asian American,0.007667023001069,12,1.22736259875446
pid_1362,Male,18-29,White / Caucasian,0.0529441588324765,84,1.21078248949033
pid_1363,Female,60+,White / Caucasian,0.117222351667055,313,0.719438139145088
pid_1364,Male,60+,White / Caucasian,0.101944305832918,277,0.706985601101208
pid_1365,Female,18-29,White / Caucasian,0.0500561501684505,97,0.991318190449417
pid_1366,Male,60+,White / Caucasian,0.101944305832918,277,0.706985601101208
pid_1367,Female,18-29,White / Caucasian,0.0500561501684505,97,0.991318190449417
pid_1368,Male,30-44,White / Caucasian,0.071667215001645,157,0.876896305848153
pid_1369,Male,60+,White / Caucasian,0.101944305832918,277,0.706985601101208
pid_1370,Female,45-59,White / Caucasian,0.0692782078346235,120,1.1090286437526
pid_1371,Female,45-59,White / Caucasian,0.0692782078346235,120,1.1090286437526
pid_1372,Female,45-59,White / Caucasian,0.0692782078346235,120,1.1090286437526
pid_1373,Male,30-44,White / Caucasian,0.071667215001645,157,0.876896305848153
pid_1374,Female,60+,White / Caucasian,0.117222351667055,313,0.719438139145088
pid_1375,Female,60+,Black / African American,0.018444055332166,57,0.621597022685805
pid_1376,Female,60+,White / Caucasian,0.117222351667055,313,0.719438139145088
pid_1377,Male,60+,White / Caucasian,0.101944305832918,277,0.706985601101208
pid_1378,Male,60+,White / Caucasian,0.101944305832918,277,0.706985601101208
pid_1379,Female,30-44,White / Caucasian,0.0690562071686215,129,1.0283486354335
pid_1380,Female,30-44,White / Caucasian,0.0690562071686215,129,1.0283486354335
pid_1381,Female,18-29,White / Caucasian,0.0500561501684505,97,0.991318190449417
pid_1382,Female,18-29,White / Caucasian,0.0500561501684505,97,0.991318190449417
pid_1383,Female,18-29,Other,0.003889011667035,14,0.533627958026731
pid_1384,Female,60+,White / Caucasian,0.117222351667055,313,0.719438139145088
pid_1385,Male,60+,White / Caucasian,0.101944305832918,277,0.706985601101208
pid_1386,Male,30-44,Hispanic / Latino,0.029333087999264,40,1.40872155116465
pid_1387,Female,18-29,White / Caucasian,0.0500561501684505,97,0.991318190449417
pid_1388,Male,30-44,Black / African American,0.0162780488341465,37,0.845138697578255
pid_1389,Female,60+,White / Caucasian,0.117222351667055,313,0.719438139145088
pid_1390,Female,45-59,White / Caucasian,0.0692782078346235,120,1.1090286437526
pid_1392,Female,60+,White / Caucasian,0.117222351667055,313,0.719438139145088
pid_1393,Male,45-59,Other,0.0028330084990255,4,1.36055233165699
pid_1394,Male,30-44,White / Caucasian,0.071667215001645,157,0.876896305848153
pid_1396,Male,30-44,White / Caucasian,0.071667215001645,157,0.876896305848153
pid_1397,Female,60+,White / Caucasian,0.117222351667055,313,0.719438139145088
pid_1398,Female,60+,Black / African American,0.018444055332166,57,0.621597022685805
pid_1399,Male,60+,Black / African American,0.0145000435001305,29,0.960502881508644
pid_1400,Female,18-29,White / Caucasian,0.0500561501684505,97,0.991318190449417
pid_1401,Female,60+,White / Caucasian,0.117222351667055,313,0.719438139145088
pid_1402,Male,60+,White / Caucasian,0.101944305832918,277,0.706985601101208
pid_1403,Female,30-44,Black / African American,0.017444052332157,26,1.28884709731052
pid_1404,Male,18-29,Other,0.003889011667035,9,0.830087934708249
pid_1405,Male,45-59,White / Caucasian,0.0696112088336265,103,1.29828283659608
pid_1406,Male,18-29,White / Caucasian,0.0529441588324765,84,1.21078248949033
pid_1407,Male,30-44,White / Caucasian,0.071667215001645,157,0.876896305848153
pid_1408,Male,45-59,White / Caucasian,0.0696112088336265,103,1.29828283659608
pid_1409,Male,18-29,Black / African American,0.0138330414991245,27,0.984195285919191
pid_1411,Female,60+,White / Caucasian,0.117222351667055,313,0.719438139145088
pid_1412,Female,30-44,White / Caucasian,0.0690562071686215,129,1.0283486354335
pid_1413,Male,30-44,White / Caucasian,0.071667215001645,157,0.876896305848153
pid_1414,Female,60+,Asian / Asian American,0.00905602716808151,15,1.15977521265897
pid_1415,Male,18-29,Black / African American,0.0138330414991245,27,0.984195285919191
pid_1416,Male,45-59,White / Caucasian,0.0696112088336265,103,1.29828283659608
pid_1417,Female,30-44,White / Caucasian,0.0690562071686215,129,1.0283486354335
pid_1418,Female,45-59,White / Caucasian,0.0692782078346235,120,1.1090286437526
pid_1419,Female,18-29,White / Caucasian,0.0500561501684505,97,0.991318190449417
pid_1420,Female,45-59,White / Caucasian,0.0692782078346235,120,1.1090286437526
pid_1421,Male,60+,White / Caucasian,0.101944305832918,277,0.706985601101208
pid_1422,Female,60+,Other,0.003222009666029,20,0.309474028422085
pid_1423,Male,60+,White / Caucasian,0.101944305832918,277,0.706985601101208
pid_1424,Female,30-44,White / Caucasian,0.0690562071686215,129,1.0283486354335
pid_1425,Female,45-59,White / Caucasian,0.0692782078346235,120,1.1090286437526
pid_1426,Male,30-44,White / Caucasian,0.071667215001645,157,0.876896305848153
pid_1427,Female,60+,White / Caucasian,0.117222351667055,313,0.719438139145088
pid_1428,Female,60+,Black / African American,0.018444055332166,57,0.621597022685805
pid_1429,Female,18-29,White / Caucasian,0.0500561501684505,97,0.991318190449417
pid_1430,Female,45-59,White / Caucasian,0.0692782078346235,120,1.1090286437526
pid_1431,Female,60+,White / Caucasian,0.117222351667055,313,0.719438139145088
pid_1432,Female,18-29,White / Caucasian,0.0500561501684505,97,0.991318190449417
pid_1433,Male,18-29,Hispanic / Latino,0.025444076332229,54,0.905149456189109
pid_1434,Female,30-44,Asian / Asian American,0.0108330324990975,19,1.09527660161928
pid_1435,Female,30-44,Black / African American,0.017444052332157,26,1.28884709731052
pid_1436,Male,18-29,White / Caucasian,0.0529441588324765,84,1.21078248949033
pid_1437,Female,60+,White / Caucasian,0.117222351667055,313,0.719438139145088
pid_1438,Male,30-44,White / Caucasian,0.071667215001645,157,0.876896305848153
pid_1439,Male,30-44,Hispanic / Latino,0.029333087999264,40,1.40872155116465
pid_1440,Female,60+,White / Caucasian,0.117222351667055,313,0.719438139145088
pid_1441,Male,18-29,Other,0.003889011667035,9,0.830087934708249
pid_1442,Male,60+,White / Caucasian,0.101944305832918,277,0.706985601101208
pid_1443,Female,30-44,White / Caucasian,0.0690562071686215,129,1.0283486354335
pid_1444,Male,30-44,Asian / Asian American,0.010222030666092,20,0.981826045478136
pid_1445,Female,18-29,White / Caucasian,0.0500561501684505,97,0.991318190449417
pid_1446,Female,30-44,White / Caucasian,0.0690562071686215,129,1.0283486354335
pid_1447,Female,18-29,Black / African American,0.0145000435001305,25,1.11418334255003
pid_1448,Male,18-29,White / Caucasian,0.0529441588324765,84,1.21078248949033
pid_1449,Female,18-29,Hispanic / Latino,0.023667071001213,20,2.27322216966651
pid_1450,Male,30-44,White / Caucasian,0.071667215001645,157,0.876896305848153
pid_1451,Male,60+,Hispanic / Latino,0.0162780488341465,12,2.60584431753295
pid_1452,Male,45-59,White / Caucasian,0.0696112088336265,103,1.29828283659608
pid_1453,Female,60+,White / Caucasian,0.117222351667055,313,0.719438139145088
pid_1454,Female,18-29,White / Caucasian,0.0500561501684505,97,0.991318190449417
pid_1455,Female,18-29,Black / African American,0.0145000435001305,25,1.11418334255003
pid_1456,Male,30-44,Black / African American,0.0162780488341465,37,0.845138697578255
pid_1457,Female,60+,White / Caucasian,0.117222351667055,313,0.719438139145088
pid_1458,Male,60+,White / Caucasian,0.101944305832918,277,0.706985601101208
pid_1459,Male,18-29,White / Caucasian,0.0529441588324765,84,1.21078248949033
pid_1460,Male,18-29,White / Caucasian,0.0529441588324765,84,1.21078248949033
pid_1461,Female,30-44,White / Caucasian,0.0690562071686215,129,1.0283486354335
pid_1462,Female,45-59,White / Caucasian,0.0692782078346235,120,1.1090286437526
pid_1463,Male,30-44,Black / African American,0.0162780488341465,37,0.845138697578255
pid_1464,Male,60+,White / Caucasian,0.101944305832918,277,0.706985601101208
pid_1465,Male,18-29,White / Caucasian,0.0529441588324765,84,1.21078248949033
pid_1467,Male,60+,White / Caucasian,0.101944305832918,277,0.706985601101208
pid_1468,Male,30-44,Hispanic / Latino,0.029333087999264,40,1.40872155116465
pid_1469,Male,45-59,Black / African American,0.0132780398341195,15,1.7004743014229
pid_1470,Female,45-59,White / Caucasian,0.0692782078346235,120,1.1090286437526
pid_1471,Male,30-44,White / Caucasian,0.071667215001645,157,0.876896305848153
pid_1472,Male,30-44,White / Caucasian,0.071667215001645,157,0.876896305848153
pid_1473,Female,30-44,Black / African American,0.017444052332157,26,1.28884709731052
pid_1474,Female,45-59,White / Caucasian,0.0692782078346235,120,1.1090286437526
pid_1475,Female,18-29,Black / African American,0.0145000435001305,25,1.11418334255003
pid_1477,Male,18-29,Hispanic / Latino,0.025444076332229,54,0.905149456189109
pid_1478,Male,60+,White / Caucasian,0.101944305832918,277,0.706985601101208
pid_1479,Female,30-44,Black / African American,0.017444052332157,26,1.28884709731052
pid_1480,Male,60+,White / Caucasian,0.101944305832918,277,0.706985601101208
pid_1481,Male,45-59,White / Caucasian,0.0696112088336265,103,1.29828283659608
pid_1482,Male,60+,White / Caucasian,0.101944305832918,277,0.706985601101208
pid_1483,Female,60+,White / Caucasian,0.117222351667055,313,0.719438139145088
pid_1485,Female,45-59,White / Caucasian,0.0692782078346235,120,1.1090286437526
pid_1487,Female,18-29,White / Caucasian,0.0500561501684505,97,0.991318190449417
pid_1488,Male,60+,Asian / Asian American,0.007111021333064,17,0.803545410636232
pid_1489,Male,30-44,White / Caucasian,0.071667215001645,157,0.876896305848153
pid_1490,Female,60+,Black / African American,0.018444055332166,57,0.621597022685805
pid_1491,Male,18-29,White / Caucasian,0.0529441588324765,84,1.21078248949033
pid_1492,Female,30-44,White / Caucasian,0.0690562071686215,129,1.0283486354335
pid_1493,Female,45-59,Black / African American,0.0146110438331315,16,1.75423845021535
pid_1494,Female,60+,White / Caucasian,0.117222351667055,313,0.719438139145088
pid_1495,Male,60+,White / Caucasian,0.101944305832918,277,0.706985601101208
pid_1499,Male,60+,Black / African American,0.0145000435001305,29,0.960502881508644
pid_1500,Male,30-44,Other,0.003889011667035,19,0.393199548019697
pid_1501,Male,60+,White / Caucasian,0.101944305832918,277,0.706985601101208
pid_1502,Male,30-44,Hispanic / Latino,0.029333087999264,40,1.40872155116465
pid_1503,Male,45-59,White / Caucasian,0.0696112088336265,103,1.29828283659608
pid_1504,Male,60+,White / Caucasian,0.101944305832918,277,0.706985601101208
pid_1505,Female,18-29,White / Caucasian,0.0500561501684505,97,0.991318190449417
pid_1506,Male,30-44,White / Caucasian,0.071667215001645,157,0.876896305848153
pid_1507,Female,30-44,White / Caucasian,0.0690562071686215,129,1.0283486354335
pid_1509,Female,30-44,White / Caucasian,0.0690562071686215,129,1.0283486354335
pid_1510,Female,18-29,White / Caucasian,0.0500561501684505,97,0.991318190449417
pid_1512,Female,60+,White / Caucasian,0.117222351667055,313,0.719438139145088
pid_1513,Female,45-59,White / Caucasian,0.0692782078346235,120,1.1090286437526
pid_1514,Female,45-59,White / Caucasian,0.0692782078346235,120,1.1090286437526
pid_1515,Female,30-44,Asian / Asian American,0.0108330324990975,19,1.09527660161928
pid_1516,Male,60+,White / Caucasian,0.101944305832918,277,0.706985601101208
pid_1517,Male,30-44,White / Caucasian,0.071667215001645,157,0.876896305848153
pid_1518,Male,18-29,White / Caucasian,0.0529441588324765,84,1.21078248949033
pid_1519,Male,30-44,Other,0.003889011667035,19,0.393199548019697
pid_1520,Male,60+,White / Caucasian,0.101944305832918,277,0.706985601101208
pid_1521,Male,30-44,Asian / Asian American,0.010222030666092,20,0.981826045478136
pid_1522,Male,30-44,Hispanic / Latino,0.029333087999264,40,1.40872155116465
pid_1523,Female,18-29,White / Caucasian,0.0500561501684505,97,0.991318190449417
pid_1524,Female,60+,White / Caucasian,0.117222351667055,313,0.719438139145088
pid_1525,Female,45-59,White / Caucasian,0.0692782078346235,120,1.1090286437526
pid_1526,Male,18-29,Hispanic / Latino,0.025444076332229,54,0.905149456189109
pid_1527,Female,60+,White / Caucasian,0.117222351667055,313,0.719438139145088
pid_1528,Male,30-44,Black / African American,0.0162780488341465,37,0.845138697578255
pid_1529,Male,18-29,Hispanic / Latino,0.025444076332229,54,0.905149456189109
pid_1531,Female,60+,White / Caucasian,0.117222351667055,313,0.719438139145088
pid_1532,Female,60+,White / Caucasian,0.117222351667055,313,0.719438139145088
pid_1533,Male,18-29,White / Caucasian,0.0529441588324765,84,1.21078248949033
pid_1534,Male,45-59,Black / African American,0.0132780398341195,15,1.7004743014229
pid_1535,Female,45-59,White / Caucasian,0.0692782078346235,120,1.1090286437526
pid_1536,Female,60+,Black / African American,0.018444055332166,57,0.621597022685805
pid_1537,Female,60+,White / Caucasian,0.117222351667055,313,0.719438139145088
pid_1538,Male,30-44,Other,0.003889011667035,19,0.393199548019697
pid_1539,Female,18-29,White / Caucasian,0.0500561501684505,97,0.991318190449417
pid_1540,Male,60+,White / Caucasian,0.101944305832918,277,0.706985601101208
pid_1541,Female,18-29,White / Caucasian,0.0500561501684505,97,0.991318190449417
pid_1542,Female,60+,White / Caucasian,0.117222351667055,313,0.719438139145088
pid_1543,Female,45-59,White / Caucasian,0.0692782078346235,120,1.1090286437526
pid_1544,Female,30-44,Hispanic / Latino,0.02777808333425,24,2.22340408687893
pid_1545,Male,45-59,White / Caucasian,0.0696112088336265,103,1.29828283659608
pid_1546,Female,30-44,Hispanic / Latino,0.02777808333425,24,2.22340408687893
pid_1547,Male,18-29,Asian / Asian American,0.00655601966805901,15,0.839607585489423
pid_1548,Female,18-29,Black / African American,0.0145000435001305,25,1.11418334255003
pid_1549,Female,30-44,White / Caucasian,0.0690562071686215,129,1.0283486354335
pid_1550,Female,30-44,White / Caucasian,0.0690562071686215,129,1.0283486354335
pid_1551,Female,60+,White / Caucasian,0.117222351667055,313,0.719438139145088
pid_1552,Male,18-29,White / Caucasian,0.0529441588324765,84,1.21078248949033
pid_1553,Female,60+,White / Caucasian,0.117222351667055,313,0.719438139145088
pid_1554,Male,60+,Hispanic / Latino,0.0162780488341465,12,2.60584431753295
pid_1555,Female,18-29,Asian / Asian American,0.0068330204990615,18,0.729235132149841
pid_1556,Female,30-44,Black / African American,0.017444052332157,26,1.28884709731052
pid_1557,Male,60+,Black / African American,0.0145000435001305,29,0.960502881508644
pid_1558,Male,60+,White / Caucasian,0.101944305832918,277,0.706985601101208
pid_1559,Male,60+,White / Caucasian,0.101944305832918,277,0.706985601101208
pid_1560,Female,18-29,White / Caucasian,0.0500561501684505,97,0.991318190449417
pid_1561,Female,30-44,Asian / Asian American,0.0108330324990975,19,1.09527660161928
pid_1562,Male,60+,White / Caucasian,0.101944305832918,277,0.706985601101208
pid_1563,Female,45-59,Hispanic / Latino,0.0199440598321795,14,2.73660992411549
pid_1564,Female,60+,Black / African American,0.018444055332166,57,0.621597022685805
pid_1565,Female,60+,White / Caucasian,0.117222351667055,313,0.719438139145088
pid_1566,Male,18-29,Hispanic / Latino,0.025444076332229,54,0.905149456189109
pid_1567,Male,30-44,White / Caucasian,0.071667215001645,157,0.876896305848153
pid_1568,Female,30-44,Black / African American,0.017444052332157,26,1.28884709731052
pid_1569,Male,30-44,White / Caucasian,0.071667215001645,157,0.876896305848153
pid_1570,Male,18-29,White / Caucasian,0.0529441588324765,84,1.21078248949033
pid_1571,Male,30-44,White / Caucasian,0.071667215001645,157,0.876896305848153
pid_1572,Female,45-59,White / Caucasian,0.0692782078346235,120,1.1090286437526
pid_1573,Female,18-29,Hispanic / Latino,0.023667071001213,20,2.27322216966651
pid_1574,Male,18-29,White / Caucasian,0.0529441588324765,84,1.21078248949033
pid_1575,Male,18-29,Asian / Asian American,0.00655601966805901,15,0.839607585489423
pid_1576,Male,60+,White / Caucasian,0.101944305832918,277,0.706985601101208
pid_1577,Female,45-59,Asian / Asian American,0.008444025332076,7,2.31728180898828
pid_1578,Female,60+,White / Caucasian,0.117222351667055,313,0.719438139145088
pid_1579,Female,60+,White / Caucasian,0.117222351667055,313,0.719438139145088
pid_1581,Female,30-44,Black / African American,0.017444052332157,26,1.28884709731052
pid_1582,Male,30-44,White / Caucasian,0.071667215001645,157,0.876896305848153
pid_1583,Male,18-29,Other,0.003889011667035,9,0.830087934708249
pid_1584,Female,30-44,Asian / Asian American,0.0108330324990975,19,1.09527660161928
pid_1585,Male,60+,White / Caucasian,0.101944305832918,277,0.706985601101208
pid_1586,Male,30-44,White / Caucasian,0.071667215001645,157,0.876896305848153
pid_1587,Female,60+,Other,0.003222009666029,20,0.309474028422085
pid_1588,Male,45-59,Asian / Asian American,0.007667023001069,12,1.22736259875446
pid_1589,Male,60+,White / Caucasian,0.101944305832918,277,0.706985601101208
pid_1590,Male,30-44,Hispanic / Latino,0.029333087999264,40,1.40872155116465
pid_1592,Female,60+,Black / African American,0.018444055332166,57,0.621597022685805
pid_1593,Female,18-29,White / Caucasian,0.0500561501684505,97,0.991318190449417
pid_1594,Female,60+,White / Caucasian,0.117222351667055,313,0.719438139145088
pid_1596,Female,18-29,Hispanic / Latino,0.023667071001213,20,2.27322216966651
pid_1597,Female,60+,White / Caucasian,0.117222351667055,313,0.719438139145088
pid_1598,Male,18-29,White / Caucasian,0.0529441588324765,84,1.21078248949033
pid_1599,Female,30-44,Other,0.0039440118320355,17,0.445673337020011
pid_1600,Male,30-44,White / Caucasian,0.071667215001645,157,0.876896305848153
pid_1602,Female,18-29,White / Caucasian,0.0500561501684505,97,0.991318190449417
pid_1603,Female,60+,Black / African American,0.018444055332166,57,0.621597022685805
pid_1604,Female,60+,Hispanic / Latino,0.018444055332166,13,2.7254638686993
pid_1605,Female,30-44,White / Caucasian,0.0690562071686215,129,1.0283486354335
pid_1606,Female,18-29,Asian / Asian American,0.0068330204990615,18,0.729235132149841
pid_1607,Male,30-44,White / Caucasian,0.071667215001645,157,0.876896305848153
pid_1608,Female,30-44,White / Caucasian,0.0690562071686215,129,1.0283486354335
pid_1609,Male,60+,White / Caucasian,0.101944305832918,277,0.706985601101208
pid_1611,Female,30-44,Asian / Asian American,0.0108330324990975,19,1.09527660161928
pid_1612,Male,60+,White / Caucasian,0.101944305832918,277,0.706985601101208
pid_1614,Male,30-44,White / Caucasian,0.071667215001645,157,0.876896305848153
pid_1615,Female,30-44,Asian / Asian American,0.0108330324990975,19,1.09527660161928
pid_1616,Female,60+,White / Caucasian,0.117222351667055,313,0.719438139145088
pid_1617,Female,60+,White / Caucasian,0.117222351667055,313,0.719438139145088
pid_1618,Female,60+,White / Caucasian,0.117222351667055,313,0.719438139145088
pid_1619,Male,18-29,Hispanic / Latino,0.025444076332229,54,0.905149456189109
pid_1620,Female,45-59,White / Caucasian,0.0692782078346235,120,1.1090286437526
pid_1621,Female,30-44,Hispanic / Latino,0.02777808333425,24,2.22340408687893
pid_1622,Female,60+,Black / African American,0.018444055332166,57,0.621597022685805
pid_1623,Male,45-59,White / Caucasian,0.0696112088336265,103,1.29828283659608
pid_1624,Female,30-44,White / Caucasian,0.0690562071686215,129,1.0283486354335
pid_1625,Male,30-44,Hispanic / Latino,0.029333087999264,40,1.40872155116465
pid_1626,Female,60+,Black / African American,0.018444055332166,57,0.621597022685805
pid_1627,Female,18-29,Black / African American,0.0145000435001305,25,1.11418334255003
pid_1628,Female,60+,White / Caucasian,0.117222351667055,313,0.719438139145088
pid_1630,Female,60+,White / Caucasian,0.117222351667055,313,0.719438139145088
pid_1631,Male,60+,White / Caucasian,0.101944305832918,277,0.706985601101208
pid_1632,Female,18-29,Other,0.003889011667035,14,0.533627958026731
pid_1633,Female,45-59,Hispanic / Latino,0.0199440598321795,14,2.73660992411549
pid_1636,Female,60+,Black / African American,0.018444055332166,57,0.621597022685805
pid_1637,Female,18-29,Black / African American,0.0145000435001305,25,1.11418334255003
pid_1638,Female,18-29,Black / African American,0.0145000435001305,25,1.11418334255003
pid_1639,Male,18-29,White / Caucasian,0.0529441588324765,84,1.21078248949033
pid_1640,Male,30-44,White / Caucasian,0.071667215001645,157,0.876896305848153
pid_1641,Female,60+,White / Caucasian,0.117222351667055,313,0.719438139145088
pid_1642,Female,60+,White / Caucasian,0.117222351667055,313,0.719438139145088
pid_1643,Female,45-59,White / Caucasian,0.0692782078346235,120,1.1090286437526
pid_1644,Female,60+,White / Caucasian,0.117222351667055,313,0.719438139145088
pid_1645,Male,45-59,Asian / Asian American,0.007667023001069,12,1.22736259875446
pid_1646,Male,30-44,Black / African American,0.0162780488341465,37,0.845138697578255
pid_1647,Male,60+,White / Caucasian,0.101944305832918,277,0.706985601101208
pid_1648,Male,60+,White / Caucasian,0.101944305832918,277,0.706985601101208
pid_1649,Female,30-44,White / Caucasian,0.0690562071686215,129,1.0283486354335
pid_1650,Male,30-44,White / Caucasian,0.071667215001645,157,0.876896305848153
pid_1651,Female,18-29,Hispanic / Latino,0.023667071001213,20,2.27322216966651
pid_1652,Female,30-44,Other,0.0039440118320355,17,0.445673337020011
pid_1653,Male,18-29,White / Caucasian,0.0529441588324765,84,1.21078248949033
pid_1654,Male,18-29,Hispanic / Latino,0.025444076332229,54,0.905149456189109
pid_1655,Female,60+,Black / African American,0.018444055332166,57,0.621597022685805
pid_1656,Male,60+,White / Caucasian,0.101944305832918,277,0.706985601101208
pid_1657,Male,30-44,White / Caucasian,0.071667215001645,157,0.876896305848153
pid_1659,Male,18-29,Asian / Asian American,0.00655601966805901,15,0.839607585489423
pid_1660,Female,18-29,Asian / Asian American,0.0068330204990615,18,0.729235132149841
pid_1661,Male,30-44,White / Caucasian,0.071667215001645,157,0.876896305848153
pid_1662,Female,60+,White / Caucasian,0.117222351667055,313,0.719438139145088
pid_1663,Female,30-44,White / Caucasian,0.0690562071686215,129,1.0283486354335
pid_1664,Female,60+,White / Caucasian,0.117222351667055,313,0.719438139145088
pid_1665,Male,60+,White / Caucasian,0.101944305832918,277,0.706985601101208
pid_1666,Female,18-29,Other,0.003889011667035,14,0.533627958026731
pid_1667,Female,18-29,White / Caucasian,0.0500561501684505,97,0.991318190449417
pid_1668,Male,45-59,Other,0.0028330084990255,4,1.36055233165699
pid_1669,Female,60+,White / Caucasian,0.117222351667055,313,0.719438139145088
pid_1670,Female,18-29,Hispanic / Latino,0.023667071001213,20,2.27322216966651
pid_1672,Male,60+,White / Caucasian,0.101944305832918,277,0.706985601101208
pid_1673,Male,60+,White / Caucasian,0.101944305832918,277,0.706985601101208
pid_1674,Male,60+,White / Caucasian,0.101944305832918,277,0.706985601101208
pid_1675,Female,45-59,Black / African American,0.0146110438331315,16,1.75423845021535
pid_1676,Female,18-29,Asian / Asian American,0.0068330204990615,18,0.729235132149841
pid_1677,Female,60+,White / Caucasian,0.117222351667055,313,0.719438139145088
pid_1678,Female,18-29,Asian / Asian American,0.0068330204990615,18,0.729235132149841
pid_1679,Male,60+,White / Caucasian,0.101944305832918,277,0.706985601101208
pid_1680,Male,60+,White / Caucasian,0.101944305832918,277,0.706985601101208
pid_1681,Female,45-59,Hispanic / Latino,0.0199440598321795,14,2.73660992411549
pid_1682,Male,30-44,Hispanic / Latino,0.029333087999264,40,1.40872155116465
pid_1683,Female,60+,Black / African American,0.018444055332166,57,0.621597022685805
pid_1684,Male,60+,White / Caucasian,0.101944305832918,277,0.706985601101208
pid_1685,Female,60+,White / Caucasian,0.117222351667055,313,0.719438139145088
pid_1686,Female,45-59,White / Caucasian,0.0692782078346235,120,1.1090286437526
pid_1687,Female,30-44,Hispanic / Latino,0.02777808333425,24,2.22340408687893
pid_1688,Female,30-44,Hispanic / Latino,0.02777808333425,24,2.22340408687893
pid_1689,Female,60+,White / Caucasian,0.117222351667055,313,0.719438139145088
pid_1690,Male,60+,White / Caucasian,0.101944305832918,277,0.706985601101208
pid_1691,Female,30-44,White / Caucasian,0.0690562071686215,129,1.0283486354335
pid_1692,Female,18-29,White / Caucasian,0.0500561501684505,97,0.991318190449417
pid_1693,Female,60+,White / Caucasian,0.117222351667055,313,0.719438139145088
pid_1694,Female,18-29,White / Caucasian,0.0500561501684505,97,0.991318190449417
pid_1695,Male,60+,White / Caucasian,0.101944305832918,277,0.706985601101208
pid_1696,Female,18-29,Asian / Asian American,0.0068330204990615,18,0.729235132149841
pid_1697,Male,45-59,Black / African American,0.0132780398341195,15,1.7004743014229
pid_1698,Male,18-29,Hispanic / Latino,0.025444076332229,54,0.905149456189109
pid_1699,Male,18-29,Asian / Asian American,0.00655601966805901,15,0.839607585489423
pid_1700,Male,30-44,Hispanic / Latino,0.029333087999264,40,1.40872155116465
pid_1701,Female,45-59,White / Caucasian,0.0692782078346235,120,1.1090286437526
pid_1702,Male,45-59,White / Caucasian,0.0696112088336265,103,1.29828283659608
pid_1703,Female,60+,White / Caucasian,0.117222351667055,313,0.719438139145088
pid_1704,Male,30-44,White / Caucasian,0.071667215001645,157,0.876896305848153
pid_1705,Female,18-29,Asian / Asian American,0.0068330204990615,18,0.729235132149841
pid_1706,Male,18-29,Hispanic / Latino,0.025444076332229,54,0.905149456189109
pid_1707,Male,30-44,White / Caucasian,0.071667215001645,157,0.876896305848153
pid_1708,Female,60+,White / Caucasian,0.117222351667055,313,0.719438139145088
pid_1709,Male,30-44,White / Caucasian,0.071667215001645,157,0.876896305848153
pid_1710,Female,45-59,White / Caucasian,0.0692782078346235,120,1.1090286437526
pid_1711,Male,30-44,Black / African American,0.0162780488341465,37,0.845138697578255
pid_1712,Female,30-44,White / Caucasian,0.0690562071686215,129,1.0283486354335
pid_1713,Male,60+,Asian / Asian American,0.007111021333064,17,0.803545410636232
pid_1714,Female,60+,White / Caucasian,0.117222351667055,313,0.719438139145088
pid_1715,Female,60+,White / Caucasian,0.117222351667055,313,0.719438139145088
pid_1716,Female,60+,Black / African American,0.018444055332166,57,0.621597022685805
pid_1717,Male,60+,White / Caucasian,0.101944305832918,277,0.706985601101208
pid_1718,Male,18-29,White / Caucasian,0.0529441588324765,84,1.21078248949033
pid_1719,Female,30-44,Asian / Asian American,0.0108330324990975,19,1.09527660161928
pid_1720,Male,18-29,Black / African American,0.0138330414991245,27,0.984195285919191
pid_1721,Female,45-59,White / Caucasian,0.0692782078346235,120,1.1090286437526
pid_1722,Female,45-59,White / Caucasian,0.0692782078346235,120,1.1090286437526
pid_1723,Male,30-44,White / Caucasian,0.071667215001645,157,0.876896305848153
pid_1724,Female,30-44,Black / African American,0.017444052332157,26,1.28884709731052
pid_1725,Female,18-29,White / Caucasian,0.0500561501684505,97,0.991318190449417
pid_1726,Female,45-59,Hispanic / Latino,0.0199440598321795,14,2.73660992411549
pid_1727,Male,30-44,Black / African American,0.0162780488341465,37,0.845138697578255
pid_1728,Female,30-44,White / Caucasian,0.0690562071686215,129,1.0283486354335
pid_1729,Female,60+,Black / African American,0.018444055332166,57,0.621597022685805
pid_1730,Female,30-44,White / Caucasian,0.0690562071686215,129,1.0283486354335
pid_1731,Male,18-29,White / Caucasian,0.0529441588324765,84,1.21078248949033
pid_1732,Female,45-59,Other,0.0029440088320265,10,0.56554409663229
pid_1733,Male,30-44,White / Caucasian,0.071667215001645,157,0.876896305848153
pid_1734,Female,60+,White / Caucasian,0.117222351667055,313,0.719438139145088
pid_1735,Female,45-59,Other,0.0029440088320265,10,0.56554409663229
pid_1736,Male,45-59,White / Caucasian,0.0696112088336265,103,1.29828283659608
pid_1737,Female,60+,White / Caucasian,0.117222351667055,313,0.719438139145088
pid_1740,Female,45-59,White / Caucasian,0.0692782078346235,120,1.1090286437526
pid_1741,Male,18-29,Other,0.003889011667035,9,0.830087934708249
pid_1742,Male,60+,Black / African American,0.0145000435001305,29,0.960502881508644
pid_1743,Male,30-44,White / Caucasian,0.071667215001645,157,0.876896305848153
pid_1744,Male,45-59,White / Caucasian,0.0696112088336265,103,1.29828283659608
pid_1745,Female,60+,White / Caucasian,0.117222351667055,313,0.719438139145088
pid_1746,Female,45-59,White / Caucasian,0.0692782078346235,120,1.1090286437526
pid_1747,Male,60+,White / Caucasian,0.101944305832918,277,0.706985601101208
pid_1748,Female,45-59,Other,0.0029440088320265,10,0.56554409663229
pid_1749,Male,30-44,Black / African American,0.0162780488341465,37,0.845138697578255
pid_1750,Male,60+,White / Caucasian,0.101944305832918,277,0.706985601101208
pid_1751,Female,45-59,White / Caucasian,0.0692782078346235,120,1.1090286437526
pid_1752,Female,60+,White / Caucasian,0.117222351667055,313,0.719438139145088
pid_1753,Male,18-29,Other,0.003889011667035,9,0.830087934708249
pid_1754,Female,60+,White / Caucasian,0.117222351667055,313,0.719438139145088
pid_1755,Female,45-59,White / Caucasian,0.0692782078346235,120,1.1090286437526
pid_1756,Male,60+,White / Caucasian,0.101944305832918,277,0.706985601101208
pid_1757,Female,60+,White / Caucasian,0.117222351667055,313,0.719438139145088
pid_1758,Male,30-44,White / Caucasian,0.071667215001645,157,0.876896305848153
pid_1759,Male,30-44,Hispanic / Latino,0.029333087999264,40,1.40872155116465
pid_1760,Male,45-59,Black / African American,0.0132780398341195,15,1.7004743014229
pid_1761,Female,18-29,White / Caucasian,0.0500561501684505,97,0.991318190449417
pid_1762,Female,60+,Black / African American,0.018444055332166,57,0.621597022685805
pid_1763,Female,45-59,Hispanic / Latino,0.0199440598321795,14,2.73660992411549
pid_1764,Male,18-29,Hispanic / Latino,0.025444076332229,54,0.905149456189109
pid_1765,Female,45-59,White / Caucasian,0.0692782078346235,120,1.1090286437526
pid_1766,Male,45-59,White / Caucasian,0.0696112088336265,103,1.29828283659608
pid_1767,Female,18-29,Other,0.003889011667035,14,0.533627958026731
pid_1768,Male,30-44,White / Caucasian,0.071667215001645,157,0.876896305848153
pid_1769,Female,18-29,White / Caucasian,0.0500561501684505,97,0.991318190449417
pid_1770,Female,30-44,White / Caucasian,0.0690562071686215,129,1.0283486354335
pid_1771,Male,18-29,Black / African American,0.0138330414991245,27,0.984195285919191
pid_1772,Female,60+,Asian / Asian American,0.00905602716808151,15,1.15977521265897
pid_1773,Male,18-29,Hispanic / Latino,0.025444076332229,54,0.905149456189109
pid_1774,Female,45-59,White / Caucasian,0.0692782078346235,120,1.1090286437526
pid_1775,Male,45-59,White / Caucasian,0.0696112088336265,103,1.29828283659608
pid_1776,Female,30-44,White / Caucasian,0.0690562071686215,129,1.0283486354335
pid_1777,Male,30-44,White / Caucasian,0.071667215001645,157,0.876896305848153
pid_1778,Male,60+,White / Caucasian,0.101944305832918,277,0.706985601101208
pid_1779,Male,30-44,Other,0.003889011667035,19,0.393199548019697
pid_1780,Male,30-44,Hispanic / Latino,0.029333087999264,40,1.40872155116465
pid_1781,Male,30-44,White / Caucasian,0.071667215001645,157,0.876896305848153
pid_1782,Male,30-44,White / Caucasian,0.071667215001645,157,0.876896305848153
pid_1783,Female,60+,White / Caucasian,0.117222351667055,313,0.719438139145088
pid_1784,Male,18-29,Other,0.003889011667035,9,0.830087934708249
pid_1785,Female,60+,White / Caucasian,0.117222351667055,313,0.719438139145088
pid_1786,Male,60+,White / Caucasian,0.101944305832918,277,0.706985601101208
pid_1788,Female,60+,White / Caucasian,0.117222351667055,313,0.719438139145088
pid_1789,Male,30-44,White / Caucasian,0.071667215001645,157,0.876896305848153
pid_1790,Female,30-44,Black / African American,0.017444052332157,26,1.28884709731052
pid_1791,Female,60+,Asian / Asian American,0.00905602716808151,15,1.15977521265897
pid_1792,Female,60+,White / Caucasian,0.117222351667055,313,0.719438139145088
pid_1793,Female,60+,Asian / Asian American,0.00905602716808151,15,1.15977521265897
pid_1794,Male,60+,White / Caucasian,0.101944305832918,277,0.706985601101208
pid_1795,Female,30-44,White / Caucasian,0.0690562071686215,129,1.0283486354335
pid_1797,Female,30-44,White / Caucasian,0.0690562071686215,129,1.0283486354335
pid_1798,Male,60+,White / Caucasian,0.101944305832918,277,0.706985601101208
pid_1800,Female,30-44,White / Caucasian,0.0690562071686215,129,1.0283486354335
pid_1801,Male,60+,White / Caucasian,0.101944305832918,277,0.706985601101208
pid_1802,Male,30-44,Other,0.003889011667035,19,0.393199548019697
pid_1803,Female,60+,White / Caucasian,0.117222351667055,313,0.719438139145088
pid_1804,Female,45-59,Hispanic / Latino,0.0199440598321795,14,2.73660992411549
pid_1805,Male,30-44,Black / African American,0.0162780488341465,37,0.845138697578255
pid_1806,Female,60+,White / Caucasian,0.117222351667055,313,0.719438139145088
pid_1807,Female,18-29,Hispanic / Latino,0.023667071001213,20,2.27322216966651
pid_1808,Female,60+,White / Caucasian,0.117222351667055,313,0.719438139145088
pid_1809,Male,18-29,White / Caucasian,0.0529441588324765,84,1.21078248949033
pid_1810,Female,60+,Black / African American,0.018444055332166,57,0.621597022685805
pid_1811,Female,45-59,White / Caucasian,0.0692782078346235,120,1.1090286437526
pid_1812,Female,30-44,White / Caucasian,0.0690562071686215,129,1.0283486354335
pid_1813,Male,45-59,White / Caucasian,0.0696112088336265,103,1.29828283659608
pid_1814,Female,18-29,White / Caucasian,0.0500561501684505,97,0.991318190449417
pid_1815,Female,60+,Black / African American,0.018444055332166,57,0.621597022685805
pid_1816,Female,45-59,White / Caucasian,0.0692782078346235,120,1.1090286437526
pid_1817,Female,60+,White / Caucasian,0.117222351667055,313,0.719438139145088
pid_1818,Female,30-44,Asian / Asian American,0.0108330324990975,19,1.09527660161928
pid_1819,Male,30-44,White / Caucasian,0.071667215001645,157,0.876896305848153
pid_1820,Female,30-44,White / Caucasian,0.0690562071686215,129,1.0283486354335
pid_1821,Female,30-44,Hispanic / Latino,0.02777808333425,24,2.22340408687893
pid_1822,Female,60+,White / Caucasian,0.117222351667055,313,0.719438139145088
pid_1823,Male,18-29,White / Caucasian,0.0529441588324765,84,1.21078248949033
pid_1824,Male,18-29,Hispanic / Latino,0.025444076332229,54,0.905149456189109
pid_1825,Female,18-29,White / Caucasian,0.0500561501684505,97,0.991318190449417
pid_1826,Female,30-44,White / Caucasian,0.0690562071686215,129,1.0283486354335
pid_1827,Male,30-44,White / Caucasian,0.071667215001645,157,0.876896305848153
pid_1828,Female,30-44,White / Caucasian,0.0690562071686215,129,1.0283486354335
pid_1829,Female,18-29,White / Caucasian,0.0500561501684505,97,0.991318190449417
pid_1830,Male,60+,White / Caucasian,0.101944305832918,277,0.706985601101208
pid_1831,Female,18-29,White / Caucasian,0.0500561501684505,97,0.991318190449417
pid_1832,Male,60+,White / Caucasian,0.101944305832918,277,0.706985601101208
pid_1833,Female,18-29,Hispanic / Latino,0.023667071001213,20,2.27322216966651
pid_1834,Female,60+,White / Caucasian,0.117222351667055,313,0.719438139145088
pid_1835,Female,30-44,White / Caucasian,0.0690562071686215,129,1.0283486354335
pid_1836,Male,45-59,White / Caucasian,0.0696112088336265,103,1.29828283659608
pid_1837,Male,18-29,Hispanic / Latino,0.025444076332229,54,0.905149456189109
pid_1838,Male,30-44,White / Caucasian,0.071667215001645,157,0.876896305848153
pid_1839,Female,18-29,Asian / Asian American,0.0068330204990615,18,0.729235132149841
pid_1840,Female,30-44,Hispanic / Latino,0.02777808333425,24,2.22340408687893
pid_1841,Female,30-44,White / Caucasian,0.0690562071686215,129,1.0283486354335
pid_1842,Male,60+,Black / African American,0.0145000435001305,29,0.960502881508644
pid_1843,Male,30-44,White / Caucasian,0.071667215001645,157,0.876896305848153
pid_1844,Male,18-29,White / Caucasian,0.0529441588324765,84,1.21078248949033
pid_1845,Female,60+,Asian / Asian American,0.00905602716808151,15,1.15977521265897
pid_1846,Female,60+,White / Caucasian,0.117222351667055,313,0.719438139145088
pid_1847,Male,45-59,Asian / Asian American,0.007667023001069,12,1.22736259875446
pid_1848,Male,60+,Asian / Asian American,0.007111021333064,17,0.803545410636232
pid_1849,Male,18-29,Hispanic / Latino,0.025444076332229,54,0.905149456189109
pid_1850,Female,18-29,Asian / Asian American,0.0068330204990615,18,0.729235132149841
pid_1851,Male,45-59,White / Caucasian,0.0696112088336265,103,1.29828283659608
pid_1852,Female,45-59,White / Caucasian,0.0692782078346235,120,1.1090286437526
pid_1853,Male,18-29,Hispanic / Latino,0.025444076332229,54,0.905149456189109
pid_1854,Male,60+,White / Caucasian,0.101944305832918,277,0.706985601101208
pid_1855,Female,18-29,White / Caucasian,0.0500561501684505,97,0.991318190449417
pid_1856,Female,18-29,White / Caucasian,0.0500561501684505,97,0.991318190449417
pid_1857,Male,45-59,White / Caucasian,0.0696112088336265,103,1.29828283659608
pid_1858,Female,60+,White / Caucasian,0.117222351667055,313,0.719438139145088
pid_1859,Male,18-29,White / Caucasian,0.0529441588324765,84,1.21078248949033
pid_1860,Male,45-59,White / Caucasian,0.0696112088336265,103,1.29828283659608
pid_1861,Male,18-29,Hispanic / Latino,0.025444076332229,54,0.905149456189109
pid_1862,Male,30-44,White / Caucasian,0.071667215001645,157,0.876896305848153
pid_1863,Female,30-44,Other,0.0039440118320355,17,0.445673337020011
pid_1864,Male,60+,White / Caucasian,0.101944305832918,277,0.706985601101208
pid_1865,Male,18-29,White / Caucasian,0.0529441588324765,84,1.21078248949033
pid_1866,Female,45-59,White / Caucasian,0.0692782078346235,120,1.1090286437526
pid_1867,Female,60+,White / Caucasian,0.117222351667055,313,0.719438139145088
pid_1868,Female,60+,Asian / Asian American,0.00905602716808151,15,1.15977521265897
pid_1869,Male,18-29,Hispanic / Latino,0.025444076332229,54,0.905149456189109
pid_1870,Female,45-59,White / Caucasian,0.0692782078346235,120,1.1090286437526
pid_1871,Male,30-44,White / Caucasian,0.071667215001645,157,0.876896305848153
pid_1872,Male,45-59,White / Caucasian,0.0696112088336265,103,1.29828283659608
pid_1873,Female,30-44,Asian / Asian American,0.0108330324990975,19,1.09527660161928
pid_1875,Female,18-29,White / Caucasian,0.0500561501684505,97,0.991318190449417
pid_1876,Male,60+,White / Caucasian,0.101944305832918,277,0.706985601101208
pid_1877,Female,30-44,White / Caucasian,0.0690562071686215,129,1.0283486354335
pid_1878,Male,45-59,White / Caucasian,0.0696112088336265,103,1.29828283659608
pid_1879,Female,60+,White / Caucasian,0.117222351667055,313,0.719438139145088
pid_1880,Male,60+,White / Caucasian,0.101944305832918,277,0.706985601101208
pid_1882,Male,30-44,White / Caucasian,0.071667215001645,157,0.876896305848153
pid_1883,Female,45-59,White / Caucasian,0.0692782078346235,120,1.1090286437526
pid_1884,Male,60+,White / Caucasian,0.101944305832918,277,0.706985601101208
pid_1885,Male,60+,White / Caucasian,0.101944305832918,277,0.706985601101208
pid_1886,Male,18-29,White / Caucasian,0.0529441588324765,84,1.21078248949033
pid_1887,Male,18-29,Hispanic / Latino,0.025444076332229,54,0.905149456189109
pid_1888,Male,60+,White / Caucasian,0.101944305832918,277,0.706985601101208
pid_1889,Male,30-44,White / Caucasian,0.071667215001645,157,0.876896305848153
pid_1890,Male,30-44,White / Caucasian,0.071667215001645,157,0.876896305848153
pid_1892,Male,30-44,White / Caucasian,0.071667215001645,157,0.876896305848153
pid_1893,Female,18-29,Hispanic / Latino,0.023667071001213,20,2.27322216966651
pid_1895,Male,30-44,Black / African American,0.0162780488341465,37,0.845138697578255
pid_1896,Female,60+,White / Caucasian,0.117222351667055,313,0.719438139145088
pid_1897,Male,45-59,White / Caucasian,0.0696112088336265,103,1.29828283659608
pid_1898,Male,30-44,Black / African American,0.0162780488341465,37,0.845138697578255
pid_1899,Male,30-44,White / Caucasian,0.071667215001645,157,0.876896305848153
pid_1900,Male,60+,White / Caucasian,0.101944305832918,277,0.706985601101208
pid_1901,Female,30-44,White / Caucasian,0.0690562071686215,129,1.0283486354335
pid_1902,Male,60+,Other,0.0027220081660245,12,0.435748140577755
pid_1903,Female,45-59,White / Caucasian,0.0692782078346235,120,1.1090286437526
pid_1904,Male,30-44,White / Caucasian,0.071667215001645,157,0.876896305848153
pid_1905,Male,60+,White / Caucasian,0.101944305832918,277,0.706985601101208
pid_1906,Female,18-29,Asian / Asian American,0.0068330204990615,18,0.729235132149841
pid_1907,Female,30-44,Asian / Asian American,0.0108330324990975,19,1.09527660161928
pid_1908,Female,45-59,White / Caucasian,0.0692782078346235,120,1.1090286437526
pid_1909,Female,60+,Hispanic / Latino,0.018444055332166,13,2.7254638686993
pid_1910,Female,18-29,White / Caucasian,0.0500561501684505,97,0.991318190449417
pid_1911,Female,18-29,White / Caucasian,0.0500561501684505,97,0.991318190449417
pid_1912,Male,30-44,Asian / Asian American,0.010222030666092,20,0.981826045478136
pid_1913,Female,30-44,Other,0.0039440118320355,17,0.445673337020011
pid_1914,Female,45-59,White / Caucasian,0.0692782078346235,120,1.1090286437526
pid_1915,Female,18-29,White / Caucasian,0.0500561501684505,97,0.991318190449417
pid_1916,Female,45-59,White / Caucasian,0.0692782078346235,120,1.1090286437526
pid_1917,Female,18-29,White / Caucasian,0.0500561501684505,97,0.991318190449417
pid_1918,Male,60+,White / Caucasian,0.101944305832918,277,0.706985601101208
pid_1919,Male,45-59,White / Caucasian,0.0696112088336265,103,1.29828283659608
pid_1920,Male,18-29,Hispanic / Latino,0.025444076332229,54,0.905149456189109
pid_1921,Male,18-29,White / Caucasian,0.0529441588324765,84,1.21078248949033
pid_1924,Male,18-29,Black / African American,0.0138330414991245,27,0.984195285919191
pid_1925,Female,60+,Black / African American,0.018444055332166,57,0.621597022685805
pid_1926,Female,60+,White / Caucasian,0.117222351667055,313,0.719438139145088
pid_1927,Male,30-44,White / Caucasian,0.071667215001645,157,0.876896305848153
pid_1928,Female,60+,Hispanic / Latino,0.018444055332166,13,2.7254638686993
pid_1929,Female,60+,White / Caucasian,0.117222351667055,313,0.719438139145088
pid_1930,Male,18-29,White / Caucasian,0.0529441588324765,84,1.21078248949033
pid_1931,Male,60+,White / Caucasian,0.101944305832918,277,0.706985601101208
pid_1932,Female,18-29,White / Caucasian,0.0500561501684505,97,0.991318190449417
pid_1933,Female,18-29,White / Caucasian,0.0500561501684505,97,0.991318190449417
pid_1934,Female,45-59,White / Caucasian,0.0692782078346235,120,1.1090286437526
pid_1935,Male,18-29,White / Caucasian,0.0529441588324765,84,1.21078248949033
pid_1936,Female,60+,Black / African American,0.018444055332166,57,0.621597022685805
pid_1937,Female,18-29,Other,0.003889011667035,14,0.533627958026731
pid_1938,Female,45-59,Black / African American,0.0146110438331315,16,1.75423845021535
pid_1939,Male,18-29,White / Caucasian,0.0529441588324765,84,1.21078248949033
pid_1940,Female,60+,White / Caucasian,0.117222351667055,313,0.719438139145088
pid_1941,Female,18-29,White / Caucasian,0.0500561501684505,97,0.991318190449417
pid_1942,Male,30-44,White / Caucasian,0.071667215001645,157,0.876896305848153
pid_1943,Female,18-29,White / Caucasian,0.0500561501684505,97,0.991318190449417
pid_1944,Male,18-29,White / Caucasian,0.0529441588324765,84,1.21078248949033
pid_1945,Female,30-44,White / Caucasian,0.0690562071686215,129,1.0283486354335
pid_1946,Female,18-29,White / Caucasian,0.0500561501684505,97,0.991318190449417
pid_1948,Female,60+,Other,0.003222009666029,20,0.309474028422085
pid_1949,Male,18-29,Hispanic / Latino,0.025444076332229,54,0.905149456189109
pid_1950,Female,60+,White / Caucasian,0.117222351667055,313,0.719438139145088
pid_1952,Male,45-59,White / Caucasian,0.0696112088336265,103,1.29828283659608
pid_1953,Male,45-59,White / Caucasian,0.0696112088336265,103,1.29828283659608
pid_1954,Female,30-44,White / Caucasian,0.0690562071686215,129,1.0283486354335
pid_1955,Female,30-44,Hispanic / Latino,0.02777808333425,24,2.22340408687893
pid_1956,Female,18-29,White / Caucasian,0.0500561501684505,97,0.991318190449417
pid_1957,Female,30-44,White / Caucasian,0.0690562071686215,129,1.0283486354335
pid_1958,Female,30-44,White / Caucasian,0.0690562071686215,129,1.0283486354335
pid_1959,Male,30-44,Black / African American,0.0162780488341465,37,0.845138697578255
pid_1960,Male,60+,Other,0.0027220081660245,12,0.435748140577755
pid_1961,Female,60+,Other,0.003222009666029,20,0.309474028422085
pid_1962,Male,60+,Asian / Asian American,0.007111021333064,17,0.803545410636232
pid_1963,Male,30-44,White / Caucasian,0.071667215001645,157,0.876896305848153
pid_1964,Female,18-29,White / Caucasian,0.0500561501684505,97,0.991318190449417
pid_1966,Female,18-29,Hispanic / Latino,0.023667071001213,20,2.27322216966651
pid_1967,Female,30-44,Hispanic / Latino,0.02777808333425,24,2.22340408687893
pid_1969,Female,18-29,White / Caucasian,0.0500561501684505,97,0.991318190449417
pid_1970,Female,60+,Black / African American,0.018444055332166,57,0.621597022685805
pid_1971,Female,60+,White / Caucasian,0.117222351667055,313,0.719438139145088
pid_1972,Male,18-29,Black / African American,0.0138330414991245,27,0.984195285919191
pid_1973,Female,18-29,Hispanic / Latino,0.023667071001213,20,2.27322216966651
pid_1974,Male,30-44,Black / African American,0.0162780488341465,37,0.845138697578255
pid_1975,Male,30-44,White / Caucasian,0.071667215001645,157,0.876896305848153
pid_1976,Female,30-44,White / Caucasian,0.0690562071686215,129,1.0283486354335
pid_1977,Female,18-29,Black / African American,0.0145000435001305,25,1.11418334255003
pid_1978,Male,30-44,White / Caucasian,0.071667215001645,157,0.876896305848153
pid_1979,Female,60+,White / Caucasian,0.117222351667055,313,0.719438139145088
pid_1980,Female,45-59,White / Caucasian,0.0692782078346235,120,1.1090286437526
pid_1981,Female,18-29,White / Caucasian,0.0500561501684505,97,0.991318190449417
pid_1982,Male,45-59,White / Caucasian,0.0696112088336265,103,1.29828283659608
pid_1983,Male,45-59,White / Caucasian,0.0696112088336265,103,1.29828283659608
pid_1984,Female,45-59,White / Caucasian,0.0692782078346235,120,1.1090286437526
pid_1985,Male,18-29,Black / African American,0.0138330414991245,27,0.984195285919191
pid_1986,Male,45-59,White / Caucasian,0.0696112088336265,103,1.29828283659608
pid_1987,Male,18-29,White / Caucasian,0.0529441588324765,84,1.21078248949033
pid_1988,Female,30-44,White / Caucasian,0.0690562071686215,129,1.0283486354335
pid_1989,Female,30-44,White / Caucasian,0.0690562071686215,129,1.0283486354335
pid_1990,Male,45-59,White / Caucasian,0.0696112088336265,103,1.29828283659608
pid_1991,Female,18-29,Asian / Asian American,0.0068330204990615,18,0.729235132149841
pid_1992,Female,60+,White / Caucasian,0.117222351667055,313,0.719438139145088
pid_1993,Female,30-44,Asian / Asian American,0.0108330324990975,19,1.09527660161928
pid_1994,Male,18-29,Asian / Asian American,0.00655601966805901,15,0.839607585489423
pid_1995,Male,30-44,Black / African American,0.0162780488341465,37,0.845138697578255
pid_1996,Female,45-59,White / Caucasian,0.0692782078346235,120,1.1090286437526
pid_1997,Female,30-44,White / Caucasian,0.0690562071686215,129,1.0283486354335
pid_1998,Female,60+,White / Caucasian,0.117222351667055,313,0.719438139145088
pid_1999,Female,30-44,White / Caucasian,0.0690562071686215,129,1.0283486354335
pid_2000,Male,60+,White / Caucasian,0.101944305832918,277,0.706985601101208
pid_2001,Female,60+,White / Caucasian,0.117222351667055,313,0.719438139145088
pid_2002,Male,18-29,Asian / Asian American,0.00655601966805901,15,0.839607585489423
pid_2003,Male,18-29,White / Caucasian,0.0529441588324765,84,1.21078248949033
pid_2004,Male,30-44,Asian / Asian American,0.010222030666092,20,0.981826045478136
pid_2005,Male,45-59,White / Caucasian,0.0696112088336265,103,1.29828283659608
pid_2006,Male,45-59,White / Caucasian,0.0696112088336265,103,1.29828283659608
pid_2007,Male,18-29,Black / African American,0.0138330414991245,27,0.984195285919191
pid_2008,Female,45-59,Asian / Asian American,0.008444025332076,7,2.31728180898828
pid_2009,Female,45-59,White / Caucasian,0.0692782078346235,120,1.1090286437526
pid_2010,Female,45-59,White / Caucasian,0.0692782078346235,120,1.1090286437526
pid_2011,Male,18-29,Hispanic / Latino,0.025444076332229,54,0.905149456189109
pid_2012,Male,30-44,Asian / Asian American,0.010222030666092,20,0.981826045478136
pid_2013,Female,45-59,White / Caucasian,0.0692782078346235,120,1.1090286437526
pid_2014,Male,30-44,White / Caucasian,0.071667215001645,157,0.876896305848153
pid_2015,Female,18-29,White / Caucasian,0.0500561501684505,97,0.991318190449417
pid_2016,Male,18-29,Black / African American,0.0138330414991245,27,0.984195285919191
pid_2017,Male,18-29,White / Caucasian,0.0529441588324765,84,1.21078248949033
pid_2018,Male,18-29,Hispanic / Latino,0.025444076332229,54,0.905149456189109
pid_2019,Female,45-59,White / Caucasian,0.0692782078346235,120,1.1090286437526
pid_2020,Female,60+,White / Caucasian,0.117222351667055,313,0.719438139145088
pid_2021,Female,45-59,White / Caucasian,0.0692782078346235,120,1.1090286437526
pid_2022,Female,60+,Black / African American,0.018444055332166,57,0.621597022685805
pid_2023,Female,45-59,Black / African American,0.0146110438331315,16,1.75423845021535
pid_2024,Female,60+,Black / African American,0.018444055332166,57,0.621597022685805
pid_2025,Male,60+,White / Caucasian,0.101944305832918,277,0.706985601101208
pid_2026,Male,45-59,White / Caucasian,0.0696112088336265,103,1.29828283659608
pid_2028,Female,18-29,White / Caucasian,0.0500561501684505,97,0.991318190449417
pid_2029,Male,30-44,White / Caucasian,0.071667215001645,157,0.876896305848153
pid_2030,Female,60+,White / Caucasian,0.117222351667055,313,0.719438139145088
pid_2031,Male,45-59,White / Caucasian,0.0696112088336265,103,1.29828283659608
pid_2032,Female,18-29,White / Caucasian,0.0500561501684505,97,0.991318190449417
pid_2033,Female,30-44,White / Caucasian,0.0690562071686215,129,1.0283486354335
pid_2034,Male,45-59,White / Caucasian,0.0696112088336265,103,1.29828283659608
pid_2037,Female,60+,White / Caucasian,0.117222351667055,313,0.719438139145088
pid_2038,Female,45-59,White / Caucasian,0.0692782078346235,120,1.1090286437526
pid_2039,Male,60+,White / Caucasian,0.101944305832918,277,0.706985601101208
pid_2040,Female,30-44,White / Caucasian,0.0690562071686215,129,1.0283486354335
pid_2041,Male,60+,White / Caucasian,0.101944305832918,277,0.706985601101208
pid_2042,Female,45-59,White / Caucasian,0.0692782078346235,120,1.1090286437526
pid_2043,Female,30-44,White / Caucasian,0.0690562071686215,129,1.0283486354335
pid_2044,Male,18-29,Black / African American,0.0138330414991245,27,0.984195285919191
pid_2045,Female,18-29,Other,0.003889011667035,14,0.533627958026731
pid_2046,Male,18-29,Hispanic / Latino,0.025444076332229,54,0.905149456189109
pid_2047,Female,30-44,White / Caucasian,0.0690562071686215,129,1.0283486354335
pid_2048,Female,30-44,White / Caucasian,0.0690562071686215,129,1.0283486354335
pid_2049,Female,18-29,Black / African American,0.0145000435001305,25,1.11418334255003
pid_2050,Male,60+,White / Caucasian,0.101944305832918,277,0.706985601101208
pid_2051,Female,60+,White / Caucasian,0.117222351667055,313,0.719438139145088
pid_2052,Male,18-29,White / Caucasian,0.0529441588324765,84,1.21078248949033
pid_2053,Male,60+,White / Caucasian,0.101944305832918,277,0.706985601101208
pid_2054,Female,30-44,Black / African American,0.017444052332157,26,1.28884709731052
pid_2055,Male,30-44,White / Caucasian,0.071667215001645,157,0.876896305848153
pid_2056,Male,18-29,White / Caucasian,0.0529441588324765,84,1.21078248949033
pid_2058,Male,45-59,Asian / Asian American,0.007667023001069,12,1.22736259875446
