persona_id,age_band,gender,QID1721185783_3_TEXT,year_birth,race,QID1721185785_5_TEXT,education,QID1721185787_1,QID1721185787_2,QID1721185787_3,income,household,social_class,rural,zip_code,attention1,party,QID1721185795_4_TEXT,religion,QID1721185824_22_TEXT,epist_auton_1,epist_auton_2,epist_auton_3,epist_auton_4,epist_auton_5,epist_auton_6,attention2,partisan_importance,religion_bornagain,religiosity
pid_1,45-59,Female,,1980,Black / African-American,,Some college or Associate's degree,No,Yes,No,"$56,000 to $99,999",3,Middle class,A small city or town,99999,Somewhat disagree,Independent,,I am not religious,,6,6,3,6,6,1 Strongly disagree,attention,,,
pid_2,60+,Female,,1963,White / Caucasian,,Some college or Associate's degree,No,Yes,Yes,"$30,000 to $55,999",2,Middle class,A small city or town,99999,Somewhat disagree,Democrat,,I am not religious,,6,6,3,6,6,2,attention,75,,
pid_3,60+,Male,,1945,White / Caucasian,,Some college or Associate's degree,No,Yes,No,"$30,000 to $55,999",2,Middle class,A small city or town,99999,Somewhat disagree,Independent,,Protestant,,6,6,3,6,6,2,attention,,No,35
pid_4,60+,Male,,1965,White / Caucasian,,Bachelor's degree,No,Yes,Yes,"$56,000 to $99,999",2,Middle class,A suburb near a large city,99999,Somewhat disagree,Democrat,,Other religion (please specify),Other,7 Strongly agree,7 Strongly agree,4,6,7 Strongly agree,1 Strongly disagree,attention,85,,10
pid_5,30-44,Female,,1985,White / Caucasian,,Some college or Associate's degree,No,Yes,Yes,"$56,000 to $99,999",6 or more,Middle class,A suburb near a large city,99999,Somewhat disagree,Independent,,I am not religious,,6,6,3,5,6,2,attention,,,
pid_7,18-29,Female,,1998,White / Caucasian,,Bachelor's degree,Yes,Yes,Yes,"$56,000 to $99,999",2,Middle class,A suburb near a large city,99999,Somewhat disagree,Democrat,,I am not religious,,6,6,2,6,7 Strongly agree,1 Strongly disagree,attention,85,,
pid_8,18-29,Female,,1998,Black / African-American,,Doctorate degree / Ph.D.,Yes,Yes,Yes,"$100,000 to $167,999",3,Middle class,A small city or town,99999,Somewhat disagree,Democrat,,Protestant,,6,6,5,6,6,2,attention,75,Yes,75
pid_9,45-59,Male,,1980,White / Caucasian,,Master's degree / Professional degree,Yes,Yes,Yes,"$100,000 to $167,999",2,Middle class,A small city or town,99999,Somewhat disagree,Democrat,,Catholic,,6,6,4,6,6,2,attention,70,No,55
pid_10,30-44,Male,,1985,Other,Other,Some college or Associate's degree,Yes,Yes,Yes,"$168,000 or more",2,Middle class,A suburb near a large city,99999,Somewhat disagree,Democrat,,Other religion (please specify),Other,7 Strongly agree,7 Strongly agree,3,6,7 Strongly agree,1 Strongly disagree,attention,85,,70
pid_11,60+,Female,,1965,White / Caucasian,,Some college or Associate's degree,No,Yes,No,"$56,000 to $99,999",2,Middle class,A small city or town,99999,Somewhat disagree,Republican,,Protestant,,6,6,5,6,6,2,attention,75,Yes,65
pid_13,60+,Male,,1965,White / Caucasian,,Some college or Associate's degree,No,Yes,Yes,"$56,000 to $99,999",3,Middle class,A small city or town,99999,Somewhat disagree,Independent,,Protestant,,6,6,3,6,6,2,attention,,Yes,75
pid_14,45-59,Female,,1980,White / Caucasian,,Bachelor's degree,No,Yes,Yes,"$100,000 to $167,999",3,Middle class,A small city or town,99999,Somewhat disagree,Democrat,,I am not religious,,6,6,3,6,6,1 Strongly disagree,attention,75,,
pid_15,60+,Male,,1965,White / Caucasian,,Some college or Associate's degree,No,Yes,Yes,"$100,000 to $167,999",2,Middle class,A small city or town,99999,Somewhat disagree,Independent,,I am not religious,,6,6,4,6,6,2,attention,,,
pid_16,60+,Male,,1965,White / Caucasian,,Some college or Associate's degree,Yes,Yes,Yes,"$56,000 to $99,999",2,Working class,A small city or town,99999,Somewhat disagree,Independent,,Protestant,,6,6,3,6,6,2,attention,,No,40
pid_17,60+,Female,,1965,White / Caucasian,,Bachelor's degree,No,Yes,Yes,"Less than $30,000",1,Working class,A small city or town,99999,Somewhat disagree,Democrat,,I am not religious,,6,6,3,6,7 Strongly agree,1 Strongly disagree,attention,70,,
pid_18,60+,Male,,1945,White / Caucasian,,Bachelor's degree,No,Yes,Yes,"$30,000 to $55,999",2,Middle class,A small city or town,99999,Somewhat disagree,Democrat,,I am not religious,,6,6,2,6,6,1 Strongly disagree,attention,70,,
pid_19,30-44,Female,,1985,White / Caucasian,,Doctorate degree / Ph.D.,Yes,Yes,Yes,"$100,000 to $167,999",2,Middle class,A suburb near a large city,99999,Somewhat disagree,Democrat,,I am not religious,,6,6,3,6,6,2,attention,75,,
pid_20,45-59,Male,,1979,White / Caucasian,,Doctorate degree / Ph.D.,Yes,Yes,Yes,"$100,000 to $167,999",6 or more,Middle class,A small city or town,99999,Somewhat disagree,Republican,,Catholic,,6,6,3,6,6,2,attention,70,No,40
pid_21,60+,Female,,1965,White / Caucasian,,Master's degree / Professional degree,Yes,Yes,Yes,"$168,000 or more",2,Middle class,A suburb near a large city,99999,Somewhat disagree,Republican,,Catholic,,6,6,3,6,6,2,attention,40,No,20
pid_22,30-44,Female,,1985,Other,Other,Bachelor's degree,Yes,Yes,Yes,"$100,000 to $167,999",3,Middle class,A suburb near a large city,99999,Somewhat disagree,Democrat,,I am not religious,,6,6,3,6,7 Strongly agree,1 Strongly disagree,attention,70,,
pid_23,45-59,Male,,1980,White / Caucasian,,Bachelor's degree,No,Yes,Yes,"$100,000 to $167,999",4,Middle class,A suburb near a large city,99999,Somewhat disagree,Democrat,,I am not religious,,6,6,3,6,6,2,attention,70,,
pid_24,18-29,Male,,2000,White / Caucasian,,High school diploma / GED,Yes,Yes,Not applicable,"Less than $30,000",2,Working class,A small city or town,99999,Somewhat disagree,Republican,,Protestant,,5,5,6,5,6,6,attention,90,Yes,85
pid_25,60+,Female,,1965,White / Caucasian,,High school diploma / GED,Yes,Yes,Not applicable,"Less than $30,000",3,Working class,A small city or town,99999,Somewhat disagree,Republican,,Catholic,,6,6,5,6,6,2,attention,60,No,35
pid_26,60+,Female,,1948,White / Caucasian,,Doctorate degree / Ph.D.,No,Yes,Yes,"$30,000 to $55,999",1,Middle class,A small city or town,99999,Somewhat disagree,Democrat,,I am not religious,,7 Strongly agree,7 Strongly agree,3,7 Strongly agree,7 Strongly agree,1 Strongly disagree,attention,85,,
pid_27,60+,Female,,1966,White / Caucasian,,Some college or Associate's degree,Yes,Yes,Yes,"$100,000 to $167,999",6 or more,Middle class,A suburb near a large city,99999,Somewhat disagree,Independent,,Protestant,,6,6,4,6,6,2,attention,,No,35
pid_28,30-44,Female,,1985,White / Caucasian,,Doctorate degree / Ph.D.,No,Yes,Yes,"$56,000 to $99,999",2,Middle class,A suburb near a large city,99999,Somewhat disagree,Democrat,,I am not religious,,6,6,3,6,6,2,attention,70,,
pid_29,60+,Female,,1948,White / Caucasian,,High school diploma / GED,Yes,Yes,Not applicable,"Less than $30,000",1,Working class,A small city or town,99999,Somewhat disagree,Independent,,Protestant,,6,6,4,6,6,2,attention,,No,20
pid_30,60+,Male,,1965,White / Caucasian,,Bachelor's degree,No,Yes,Yes,"$30,000 to $55,999",2,Middle class,A small city or town,99999,Somewhat disagree,Independent,,Orthodox Christian,,6,6,3,6,6,2,attention,,No,35
pid_31,30-44,Female,,1985,White / Caucasian,,Bachelor's degree,No,Yes,Yes,"$56,000 to $99,999",2,Middle class,A suburb near a large city,99999,Somewhat disagree,Democrat,,I am not religious,,6,6,3,6,6,1 Strongly disagree,attention,70,,
pid_32,30-44,Male,,1985,Latino / Hispanic,,High school diploma / GED,No,Yes,No,"$30,000 to $55,999",2,Working class,A small city or town,99999,Somewhat disagree,Independent,,Other religion (please specify),,5,5,4,6,6,2,attention,,,10
pid_33,30-44,Female,,1985,White / Caucasian,,Bachelor's degree,No,Yes,Yes,"$30,000 to $55,999",1,Middle class,A small city or town,99999,Somewhat disagree,Democrat,,Protestant,,6,6,3,6,6,2,attention,70,No,40
pid_34,18-29,Female,,2002,Black / African-American,,High school diploma / GED,Yes,Yes,Not applicable,"$56,000 to $99,999",2,Working class,A small city or town,99999,Somewhat disagree,Independent,,Other religion (please specify),Spiritual but not religious,6,6,4,6,6,2,attention,,,10
pid_35,30-44,Female,,1985,White / Caucasian,,Doctorate degree / Ph.D.,No,Yes,Yes,"$56,000 to $99,999",4,Middle class,A suburb near a large city,99999,Somewhat disagree,Republican,,Catholic,,5,5,3,5,6,5,attention,90,No,90
pid_36,60+,Female,,1950,White / Caucasian,,Bachelor's degree,Yes,Yes,Yes,"$100,000 to $167,999",2,Middle class,A suburb near a large city,99999,Somewhat disagree,Democrat,,Jewish,,7 Strongly agree,7 Strongly agree,2,7 Strongly agree,7 Strongly agree,1 Strongly disagree,attention,85,,15
pid_37,45-59,Male,,1978,Other,,Some college or Associate's degree,Yes,Yes,No,"$30,000 to $55,999",1,Working class,A small city or town,99999,Somewhat disagree,Independent,,I am not religious,,6,6,4,6,6,1 Strongly disagree,attention,,,
pid_38,60+,Female,,1965,White / Caucasian,,High school diploma / GED,Yes,Yes,Not applicable,"$100,000 to $167,999",4,Middle class,A small city or town,99999,Somewhat disagree,Independent,,Catholic,,6,6,3,6,6,2,attention,,No,35
pid_39,60+,Female,,1965,White / Caucasian,,Some college or Associate's degree,Yes,Yes,Yes,"$56,000 to $99,999",2,Middle class,A small city or town,99999,Somewhat disagree,Republican,,Protestant,,6,6,3,6,6,2,attention,80,Yes,85
pid_40,30-44,Male,,1985,White / Caucasian,,Some college or Associate's degree,Yes,Yes,Yes,"$100,000 to $167,999",6 or more,Middle class,A suburb near a large city,99999,Somewhat disagree,Republican,,Other religion (please specify),Non-denominational Christian,7 Strongly agree,7 Strongly agree,4,6,7 Strongly agree,1 Strongly disagree,attention,75,,40
pid_41,18-29,Female,,1999,White / Caucasian,,Bachelor's degree,Yes,Yes,Yes,"$56,000 to $99,999",1,Middle class,A small city or town,99999,Somewhat disagree,Republican,,Protestant,,6,6,4,6,6,2,attention,70,Yes,65
pid_42,60+,Female,,1965,White / Caucasian,,Master's degree / Professional degree,Yes,Yes,Yes,"$56,000 to $99,999",1,Middle class,A small city or town,99999,Somewhat disagree,Independent,,Catholic,,6,6,4,6,6,1 Strongly disagree,attention,,No,20
pid_43,18-29,Male,,2000,Black / African-American,,Some college or Associate's degree,No,Yes,Yes,"$56,000 to $99,999",4,Middle class,A small city or town,99999,Somewhat disagree,Independent,,I am not religious,,6,6,4,6,6,2,attention,,,
pid_44,30-44,Male,,1985,Latino / Hispanic,,Some college or Associate's degree,No,Yes,Yes,"Less than $30,000",4,Working class,A small city or town,99999,Somewhat disagree,Independent,,I am not religious,,6,7 Strongly agree,3,6,7 Strongly agree,1 Strongly disagree,attention,,,
pid_45,60+,Male,,1965,White / Caucasian,,Some college or Associate's degree,No,Yes,Yes,"$100,000 to $167,999",2,Middle class,A suburb near a large city,99999,Somewhat disagree,Republican,,Catholic,,6,6,3,6,6,2,attention,85,No,75
pid_46,30-44,Male,,1985,Asian / Asian-American,,Bachelor's degree,No,Yes,Yes,"$30,000 to $55,999",2,Middle class,A suburb near a large city,99999,Somewhat disagree,Independent,,Protestant,,6,6,6,6,6,1 Strongly disagree,attention,,No,35
pid_47,45-59,Male,,1980,White / Caucasian,,Bachelor's degree,Yes,Yes,Yes,"$168,000 or more",6 or more,Upper class,A suburb near a large city,99999,Somewhat disagree,Republican,,Catholic,,7 Strongly agree,7 Strongly agree,3,6,7 Strongly agree,2,attention,90,No,55
pid_48,60+,Male,,1948,Black / African-American,,Bachelor's degree,Yes,Yes,Yes,"$100,000 to $167,999",2,Middle class,A suburb near a large city,99999,Somewhat disagree,Independent,,Protestant,,7 Strongly agree,7 Strongly agree,5,6,7 Strongly agree,2,attention,,No,35
pid_49,30-44,Female,,1985,White / Caucasian,,High school diploma / GED,No,Yes,Not applicable,"$30,000 to $55,999",3,Working class,A small city or town,99999,Somewhat disagree,Independent,,Catholic,,6,6,3,6,6,2,attention,,No,20
pid_50,60+,Female,,1948,White / Caucasian,,Some college or Associate's degree,No,Yes,No,"$56,000 to $99,999",2,Middle class,A rural area,99999,Somewhat disagree,Democrat,,Catholic,,6,6,4,6,6,1 Strongly disagree,attention,70,No,40
pid_51,60+,Male,,1965,White / Caucasian,,High school diploma / GED,No,Yes,No,"$56,000 to $99,999",2,Middle class,A small city or town,99999,Somewhat disagree,Independent,,I am not religious,,6,6,4,6,6,2,attention,,,
pid_52,30-44,Female,,1982,White / Caucasian,,Bachelor's degree,No,Yes,Yes,"$100,000 to $167,999",2,Middle class,A suburb near a large city,99999,Somewhat disagree,Democrat,,I am not religious,,6,6,3,6,6,1 Strongly disagree,attention,75,,
pid_53,60+,Male,,1965,White / Caucasian,,Bachelor's degree,Yes,Yes,Yes,"Less than $30,000",1,Working class,A small city or town,99999,Somewhat disagree,Democrat,,Protestant,,6,6,3,6,6,2,attention,55,No,30
pid_54,60+,Male,,1965,White / Caucasian,,Some college or Associate's degree,Yes,Yes,No,"$56,000 to $99,999",2,Middle class,A small city or town,99999,Somewhat disagree,Independent,,I am not religious,,6,6,3,6,6,1 Strongly disagree,attention,,,
pid_55,60+,Female,,1962,White / Caucasian,,Bachelor's degree,Yes,Yes,Yes,"$56,000 to $99,999",2,Middle class,A small city or town,99999,Somewhat disagree,Democrat,,Protestant,,6,6,3,6,6,2,attention,65,No,20
pid_56,60+,Female,,1945,White / Caucasian,,High school diploma / GED,No,Yes,Not applicable,"$30,000 to $55,999",2,Working class,A small city or town,99999,Somewhat disagree,Republican,,Other religion (please specify),Other,6,6,3,6,6,2,attention,75,,85
pid_57,45-59,Male,,1980,Black / African-American,,Doctorate degree / Ph.D.,Yes,Yes,Yes,"$100,000 to $167,999",4,Middle class,A suburb near a large city,99999,Somewhat disagree,Democrat,,Protestant,,7 Strongly agree,7 Strongly agree,3,6,7 Strongly agree,1 Strongly disagree,attention,75,No,55
pid_58,60+,Female,,1948,White / Caucasian,,Some college or Associate's degree,Yes,Yes,Yes,"Less than $30,000",1,Working class,A small city or town,99999,Somewhat disagree,Democrat,,I am not religious,,6,6,3,6,6,2,attention,70,,
pid_59,45-59,Male,,1980,White / Caucasian,,Bachelor's degree,Yes,Yes,Yes,"$100,000 to $167,999",2,Middle class,A suburb near a large city,99999,Somewhat disagree,Republican,,Catholic,,6,6,4,6,6,2,attention,70,No,35
pid_60,60+,Male,,1965,White / Caucasian,,High school diploma / GED,Yes,Yes,Not applicable,"$30,000 to $55,999",3,Working class,A small city or town,99999,Somewhat disagree,Republican,,Catholic,,5,5,4,5,5,2,attention,70,No,35
pid_61,60+,Male,,1965,White / Caucasian,,Bachelor's degree,No,Yes,Yes,"$30,000 to $55,999",2,Middle class,A small city or town,99999,Somewhat disagree,Republican,,Protestant,,6,6,2,6,6,2,attention,75,Yes,80
pid_62,45-59,Male,,1980,White / Caucasian,,Some college or Associate's degree,Yes,Yes,Yes,"$56,000 to $99,999",4,Middle class,A suburb near a large city,99999,Somewhat disagree,Independent,,Protestant,,6,6,2,6,6,1 Strongly disagree,attention,,No,55
pid_63,60+,Female,,1965,White / Caucasian,,Some college or Associate's degree,No,Yes,No,"$30,000 to $55,999",2,Working class,A small city or town,99999,Somewhat disagree,Republican,,Other religion (please specify),Other,5,5,2,5,6,5,attention,85,,25
pid_64,60+,Male,,1965,White / Caucasian,,High school diploma / GED,No,Yes,Not applicable,"$56,000 to $99,999",4,Working class,A small city or town,99999,Somewhat disagree,Democrat,,Protestant,,6,6,3,6,6,2,attention,45,No,45
pid_65,45-59,Female,,1980,Latino / Hispanic,,Some college or Associate's degree,Yes,Yes,Yes,"Less than $30,000",1,Working class,A small city or town,99999,Somewhat disagree,Democrat,,Catholic,,7 Strongly agree,7 Strongly agree,4,7 Strongly agree,7 Strongly agree,1 Strongly disagree,attention,85,No,15
pid_67,30-44,Male,,1985,White / Caucasian,,Some college or Associate's degree,No,Yes,Yes,"$30,000 to $55,999",1,Middle class,A small city or town,99999,Somewhat disagree,Independent,,I am not religious,,6,7 Strongly agree,3,6,7 Strongly agree,1 Strongly disagree,attention,,,
pid_68,30-44,Male,,1985,White / Caucasian,,Bachelor's degree,No,Yes,Yes,"$100,000 to $167,999",6 or more,Middle class,A suburb near a large city,99999,Somewhat disagree,Democrat,,Catholic,,6,6,3,6,6,2,attention,85,No,85
pid_69,30-44,Male,,1985,White / Caucasian,,Bachelor's degree,Yes,Yes,Yes,"$56,000 to $99,999",4,Middle class,A suburb near a large city,99999,Somewhat disagree,Republican,,Protestant,,6,6,4,6,6,2,attention,75,Yes,80
pid_70,60+,Male,,1965,White / Caucasian,,Some college or Associate's degree,Yes,Yes,Yes,"$56,000 to $99,999",2,Middle class,A small city or town,99999,Somewhat disagree,Democrat,,Catholic,,6,6,4,6,6,2,attention,70,No,20
pid_71,60+,Male,,1962,Latino / Hispanic,,Bachelor's degree,No,Yes,Yes,"$100,000 to $167,999",3,Middle class,A suburb near a large city,99999,Somewhat disagree,Democrat,,Protestant,,6,6,3,6,6,2,attention,65,Yes,65
pid_72,45-59,Male,,1980,White / Caucasian,,Some college or Associate's degree,No,Yes,Yes,"$100,000 to $167,999",2,Middle class,A suburb near a large city,99999,Somewhat disagree,Independent,,Jewish,,6,6,4,6,6,2,attention,,,15
pid_73,30-44,Male,,1985,White / Caucasian,,Some college or Associate's degree,Yes,Yes,Yes,"$56,000 to $99,999",2,Middle class,A suburb near a large city,99999,Somewhat disagree,Democrat,,I am not religious,,6,6,3,6,6,1 Strongly disagree,attention,65,,
pid_74,60+,Male,,1945,White / Caucasian,,Some college or Associate's degree,Yes,Yes,Yes,"$30,000 to $55,999",3,Middle class,A small city or town,99999,Somewhat disagree,Democrat,,Protestant,,6,6,3,6,6,2,attention,60,No,55
pid_75,45-59,Female,,1968,White / Caucasian,,High school diploma / GED,No,Yes,Not applicable,"$56,000 to $99,999",3,Middle class,A suburb near a large city,99999,Somewhat disagree,Democrat,,Catholic,,6,6,3,6,6,2,attention,65,No,55
pid_76,60+,Female,,1948,White / Caucasian,,Some college or Associate's degree,Yes,Yes,Yes,"$30,000 to $55,999",1,Working class,A small city or town,99999,Somewhat disagree,Republican,,Other religion (please specify),Other,6,6,4,6,6,2,attention,90,,90
pid_77,60+,Female,,1965,White / Caucasian,,High school diploma / GED,No,Yes,Not applicable,"Less than $30,000",4,Working class,A small city or town,99999,Somewhat disagree,Independent,,I am not religious,,6,6,4,6,6,2,attention,,,
pid_78,60+,Male,,1955,White / Caucasian,,Some college or Associate's degree,No,Yes,Yes,"$56,000 to $99,999",2,Middle class,A small city or town,99999,Somewhat disagree,Republican,,Catholic,,6,6,5,6,6,2,attention,85,No,55
pid_79,60+,Male,,1955,White / Caucasian,,Some college or Associate's degree,Yes,Yes,Yes,"$56,000 to $99,999",2,Middle class,A small city or town,99999,Somewhat disagree,Independent,,Protestant,,6,6,3,6,6,2,attention,,No,25
pid_80,60+,Male,,1955,White / Caucasian,,Bachelor's degree,No,Yes,Yes,"Less than $30,000",1,Middle class,A small city or town,99999,Somewhat disagree,Independent,,Protestant,,7 Strongly agree,7 Strongly agree,5,7 Strongly agree,7 Strongly agree,1 Strongly disagree,attention,,No,20
pid_81,60+,Male,,1965,White / Caucasian,,Bachelor's degree,No,Yes,Yes,"Less than $30,000",1,Working class,A small city or town,99999,Somewhat disagree,Democrat,,I am not religious,,6,6,3,6,6,2,attention,85,,
pid_82,18-29,Female,,1998,White / Caucasian,,Bachelor's degree,No,Yes,Yes,"$56,000 to $99,999",4,Middle class,A suburb near a large city,99999,Somewhat disagree,Democrat,,I am not religious,,5,5,2,5,5,2,attention,70,,
pid_83,60+,Female,,1962,White / Caucasian,,Some college or Associate's degree,No,Yes,Yes,"$100,000 to $167,999",3,Middle class,A small city or town,99999,Somewhat disagree,Republican,,Protestant,,6,6,3,6,6,2,attention,65,No,25
pid_84,60+,Female,,1965,White / Caucasian,,Some college or Associate's degree,Yes,Yes,No,"Less than $30,000",1,Working class,A small city or town,99999,Somewhat disagree,Democrat,,I am not religious,,7 Strongly agree,7 Strongly agree,4,7 Strongly agree,7 Strongly agree,1 Strongly disagree,attention,70,,
pid_85,60+,Male,,1965,White / Caucasian,,Bachelor's degree,Yes,Yes,Yes,"$100,000 to $167,999",2,Middle class,A small city or town,99999,Somewhat disagree,Independent,,Protestant,,6,6,4,6,6,2,attention,,Yes,70
pid_86,60+,Female,,1965,White / Caucasian,,High school diploma / GED,No,Yes,Not applicable,"Less than $30,000",4,Working class,A small city or town,99999,Somewhat disagree,Republican,,I am not religious,,6,6,3,6,7 Strongly agree,1 Strongly disagree,attention,75,,
pid_87,60+,Female,,1965,White / Caucasian,,Some college or Associate's degree,Yes,Yes,Yes,"$30,000 to $55,999",1,Middle class,A small city or town,99999,Somewhat disagree,Democrat,,Protestant,,6,6,2,6,6,1 Strongly disagree,attention,70,No,35
pid_88,18-29,Male,,1998,White / Caucasian,,Bachelor's degree,Yes,Yes,Yes,"$56,000 to $99,999",4,Middle class,A small city or town,99999,Somewhat disagree,Independent,,Protestant,,6,6,5,6,6,2,attention,,No,55
pid_89,60+,Female,,1945,White / Caucasian,,Some college or Associate's degree,Yes,Yes,Yes,"$30,000 to $55,999",1,Working class,A small city or town,99999,Somewhat disagree,Democrat,,Catholic,,6,6,3,6,6,2,attention,65,No,35
pid_90,30-44,Female,,1985,Asian / Asian-American,,Bachelor's degree,No,Yes,Yes,"$30,000 to $55,999",1,Middle class,A large city,99999,Somewhat disagree,Democrat,,I am not religious,,6,6,2,6,7 Strongly agree,1 Strongly disagree,attention,85,,
pid_91,60+,Female,,1965,White / Caucasian,,Bachelor's degree,Yes,Yes,Yes,"$56,000 to $99,999",2,Middle class,A small city or town,99999,Somewhat disagree,Democrat,,Other religion (please specify),Spiritual but not religious,6,6,4,6,6,2,attention,75,,10
pid_92,30-44,Female,,1985,White / Caucasian,,Some college or Associate's degree,Yes,Yes,No,"$56,000 to $99,999",4,Middle class,A small city or town,99999,Somewhat disagree,Republican,,I am not religious,,5,5,3,5,6,2,attention,60,,
pid_93,45-59,Male,,1968,Asian / Asian-American,,Some college or Associate's degree,No,Yes,Yes,"$100,000 to $167,999",3,Middle class,A suburb near a large city,99999,Somewhat disagree,Independent,,I am not religious,,6,6,3,6,6,1 Strongly disagree,attention,,,
pid_94,45-59,Male,,1980,Asian / Asian-American,,Bachelor's degree,No,Yes,Yes,"$100,000 to $167,999",3,Middle class,A suburb near a large city,99999,Somewhat disagree,Democrat,,I am not religious,,6,6,4,6,6,2,attention,65,,
pid_95,60+,Female,,1965,White / Caucasian,,Doctorate degree / Ph.D.,Yes,Yes,Yes,"$100,000 to $167,999",3,Upper class,A suburb near a large city,99999,Somewhat disagree,Republican,,Protestant,,6,6,3,6,6,2,attention,75,Yes,75
pid_96,18-29,Female,,2000,Other,Other,Some college or Associate's degree,Yes,Yes,Yes,"Less than $30,000",3,Working class,A small city or town,99999,Somewhat disagree,Independent,,Protestant,,6,6,3,6,6,2,attention,,Yes,85
pid_97,60+,Male,,1965,White / Caucasian,,Doctorate degree / Ph.D.,No,Yes,Yes,"$100,000 to $167,999",3,Middle class,A suburb near a large city,99999,Somewhat disagree,Independent,,I am not religious,,6,6,4,6,6,6,attention,,,
pid_98,30-44,Female,,1982,White / Caucasian,,Bachelor's degree,Yes,Yes,Yes,"$56,000 to $99,999",1,Middle class,A large city,99999,Somewhat disagree,Other (please specify),Progressive,I am not religious,,6,6,3,6,6,2,attention,,,
pid_99,30-44,Male,,1985,Other,Other,Some college or Associate's degree,Yes,Yes,Yes,"Less than $30,000",1,Working class,A small city or town,99999,Somewhat disagree,Independent,,I am not religious,,6,6,4,6,6,2,attention,,,
pid_100,45-59,Male,,1980,White / Caucasian,,Master's degree / Professional degree,Yes,Yes,Yes,"$30,000 to $55,999",1,Middle class,A small city or town,99999,Somewhat disagree,Democrat,,I am not religious,,7 Strongly agree,7 Strongly agree,3,7 Strongly agree,7 Strongly agree,1 Strongly disagree,attention,80,,
pid_101,60+,Male,,1965,White / Caucasian,,High school diploma / GED,No,Yes,Not applicable,"$56,000 to $99,999",2,Working class,A small city or town,99999,Somewhat disagree,Democrat,,I am not religious,,6,6,4,6,6,2,attention,65,,
pid_102,45-59,Male,,1979,Black / African-American,,Bachelor's degree,No,Yes,Yes,"$100,000 to $167,999",6 or more,Middle class,A suburb near a large city,99999,Somewhat disagree,Republican,,Protestant,,6,6,3,6,6,2,attention,90,Yes,90
pid_103,18-29,Female,,1998,White / Caucasian,,Bachelor's degree,Yes,Yes,Yes,"$100,000 to $167,999",3,Middle class,A suburb near a large city,99999,Somewhat disagree,Republican,,Catholic,,6,6,5,6,6,2,attention,85,No,75
pid_104,30-44,Male,,1985,White / Caucasian,,Some college or Associate's degree,No,Yes,Yes,"$30,000 to $55,999",3,Working class,A small city or town,99999,Somewhat disagree,Republican,,Protestant,,6,6,5,6,6,2,attention,70,No,30
pid_105,60+,Male,,1965,White / Caucasian,,High school diploma / GED,Yes,Yes,Not applicable,"Less than $30,000",3,Working class,A small city or town,99999,Somewhat disagree,Independent,,I am not religious,,7 Strongly agree,7 Strongly agree,4,7 Strongly agree,7 Strongly agree,1 Strongly disagree,attention,,,
pid_106,60+,Female,,1962,White / Caucasian,,Bachelor's degree,Yes,Yes,Yes,"$56,000 to $99,999",1,Middle class,A small city or town,99999,Somewhat disagree,Democrat,,I am not religious,,6,6,3,6,6,1 Strongly disagree,attention,75,,
pid_107,45-59,Male,,1980,White / Caucasian,,Bachelor's degree,No,Yes,Yes,"Less than $30,000",1,Working class,A small city or town,99999,Somewhat disagree,Republican,,Protestant,,6,6,4,6,6,1 Strongly disagree,attention,85,Yes,55
pid_108,60+,Female,,1965,White / Caucasian,,Bachelor's degree,Yes,Yes,Yes,"$56,000 to $99,999",2,Middle class,A suburb near a large city,99999,Somewhat disagree,Independent,,Other religion (please specify),Spiritual but not religious,7 Strongly agree,7 Strongly agree,4,6,7 Strongly agree,2,attention,,,20
pid_109,60+,Male,,1965,White / Caucasian,,Bachelor's degree,No,Yes,Yes,"$100,000 to $167,999",4,Middle class,A small city or town,99999,Somewhat disagree,Independent,,Protestant,,6,6,3,6,6,2,attention,,Yes,75
pid_110,45-59,Female,,1978,White / Caucasian,,Bachelor's degree,No,Yes,Yes,"$168,000 or more",3,Middle class,A suburb near a large city,99999,Somewhat disagree,Republican,,Orthodox Christian,,6,6,3,6,6,2,attention,85,No,80
pid_111,18-29,Male,,2000,Black / African-American,,High school diploma / GED,Yes,Yes,Not applicable,"$56,000 to $99,999",3,Working class,A small city or town,99999,Somewhat disagree,Republican,,Catholic,,6,6,2,6,6,2,attention,70,No,70
pid_112,60+,Female,,1965,Asian / Asian-American,,Bachelor's degree,Yes,Yes,Yes,"$56,000 to $99,999",2,Middle class,A suburb near a large city,99999,Somewhat disagree,Democrat,,Hindu,,6,6,3,6,6,2,attention,70,,60
pid_113,60+,Female,,1948,White / Caucasian,,Doctorate degree / Ph.D.,Yes,Yes,Yes,"$56,000 to $99,999",1,Middle class,A small city or town,99999,Somewhat disagree,Democrat,,Protestant,,7 Strongly agree,7 Strongly agree,2,7 Strongly agree,7 Strongly agree,1 Strongly disagree,attention,75,Yes,75
pid_114,60+,Male,,1965,White / Caucasian,,Bachelor's degree,No,Yes,Yes,"$100,000 to $167,999",1,Middle class,A small city or town,99999,Somewhat disagree,Democrat,,I am not religious,,7 Strongly agree,7 Strongly agree,4,6,7 Strongly agree,1 Strongly disagree,attention,70,,
pid_115,60+,Female,,1965,Asian / Asian-American,,Bachelor's degree,Yes,Yes,Yes,"$100,000 to $167,999",3,Middle class,A suburb near a large city,99999,Somewhat disagree,Democrat,,Hindu,,7 Strongly agree,7 Strongly agree,3,6,7 Strongly agree,1 Strongly disagree,attention,75,,65
pid_116,60+,Female,,1965,Black / African-American,,Bachelor's degree,No,Yes,Yes,"$30,000 to $55,999",2,Middle class,A suburb near a large city,99999,Somewhat disagree,Democrat,,Other religion (please specify),Other Christian,6,6,4,6,6,2,attention,65,,50
pid_117,30-44,Male,,1985,White / Caucasian,,High school diploma / GED,Yes,Yes,No,"$30,000 to $55,999",1,Working class,A small city or town,99999,Somewhat disagree,Democrat,,I am not religious,,5,5,4,5,5,2,attention,65,,
pid_118,60+,Male,,1948,White / Caucasian,,Doctorate degree / Ph.D.,Yes,Yes,Yes,"$30,000 to $55,999",2,Middle class,A small city or town,99999,Somewhat disagree,Independent,,Protestant,,6,6,2,6,6,2,attention,,Yes,75
pid_119,60+,Female,,1962,White / Caucasian,,Some college or Associate's degree,Yes,Yes,No,"Less than $30,000",1,Working class,A small city or town,99999,Somewhat disagree,Republican,,Catholic,,6,6,4,6,6,2,attention,75,No,65
pid_120,60+,Male,,1952,White / Caucasian,,Some college or Associate's degree,No,Yes,Yes,"$56,000 to $99,999",3,Middle class,A small city or town,99999,Somewhat disagree,Independent,,Other religion (please specify),Non-denominational Christian,6,6,3,6,6,2,attention,,,55
pid_121,60+,Male,,1948,White / Caucasian,,Some college or Associate's degree,Yes,Yes,Yes,"$100,000 to $167,999",2,Middle class,A small city or town,99999,Somewhat disagree,Independent,,Other religion (please specify),Other,6,6,3,6,6,2,attention,,,55
pid_122,60+,Female,,1965,White / Caucasian,,Some college or Associate's degree,Yes,Yes,Yes,"$30,000 to $55,999",2,Middle class,A small city or town,99999,Somewhat disagree,Democrat,,Catholic,,6,6,2,6,6,1 Strongly disagree,attention,55,No,45
pid_123,60+,Male,,1945,White / Caucasian,,Some college or Associate's degree,No,Yes,No,"$56,000 to $99,999",2,Middle class,A small city or town,99999,Somewhat disagree,Republican,,Catholic,,6,6,3,6,6,2,attention,75,No,30
pid_124,30-44,Male,,1985,Black / African-American,,Bachelor's degree,No,Yes,Yes,"$30,000 to $55,999",2,Middle class,A large city,99999,Somewhat disagree,Democrat,,I am not religious,,6,6,3,6,6,2,attention,65,,
pid_125,60+,Female,,1965,White / Caucasian,,Bachelor's degree,Yes,Yes,Yes,"$100,000 to $167,999",4,Upper class,A suburb near a large city,99999,Somewhat disagree,Republican,,Protestant,,6,6,3,6,6,2,attention,85,Yes,75
pid_126,60+,Female,,1965,White / Caucasian,,Doctorate degree / Ph.D.,Yes,Yes,Yes,"$56,000 to $99,999",1,Middle class,A small city or town,99999,Somewhat disagree,Democrat,,I am not religious,,6,6,3,6,6,1 Strongly disagree,attention,65,,
pid_127,60+,Male,,1965,White / Caucasian,,Some college or Associate's degree,No,Yes,Yes,"$56,000 to $99,999",2,Middle class,A small city or town,99999,Somewhat disagree,Other (please specify),Something else,Protestant,,6,6,4,6,6,1 Strongly disagree,attention,,No,35
pid_128,60+,Female,,1945,White / Caucasian,,Doctorate degree / Ph.D.,No,Yes,Yes,"$30,000 to $55,999",1,Middle class,A small city or town,99999,Somewhat disagree,Republican,,Protestant,,6,6,3,6,6,2,attention,75,No,55
pid_129,30-44,Female,,1985,Asian / Asian-American,,Some college or Associate's degree,Yes,Yes,Yes,"Less than $30,000",1,Working class,A small city or town,99999,Somewhat disagree,Democrat,,I am not religious,,6,6,3,6,6,2,attention,75,,
pid_130,60+,Male,,1965,Other,,Bachelor's degree,Yes,Yes,Yes,"$100,000 to $167,999",1,Middle class,A small city or town,99999,Somewhat disagree,Independent,,I am not religious,,6,6,3,6,6,1 Strongly disagree,attention,,,
pid_132,30-44,Male,,1985,White / Caucasian,,High school diploma / GED,No,Yes,Not applicable,"$56,000 to $99,999",3,Working class,A small city or town,99999,Somewhat disagree,Independent,,I am not religious,,6,6,4,6,6,1 Strongly disagree,attention,,,
pid_133,60+,Female,,1965,Latino / Hispanic,,Bachelor's degree,No,Yes,Yes,"$56,000 to $99,999",1,Middle class,A small city or town,99999,Somewhat disagree,Independent,,I am not religious,,6,6,3,6,6,1 Strongly disagree,attention,,,
pid_134,60+,Female,,1966,White / Caucasian,,Bachelor's degree,No,Yes,Yes,"$56,000 to $99,999",2,Middle class,A suburb near a large city,02139,Somewhat disagree,Democrat,,I am not religious,,6,6,2,6,6,1 Strongly disagree,attention,70,,
pid_135,60+,Male,,1965,White / Caucasian,,Doctorate degree / Ph.D.,Yes,Yes,Yes,"$56,000 to $99,999",2,Middle class,A small city or town,99999,Somewhat disagree,Democrat,,I am not religious,,6,6,3,6,6,1 Strongly disagree,attention,85,,
pid_136,30-44,Male,,1985,White / Caucasian,,Some college or Associate's degree,No,Yes,Yes,"$30,000 to $55,999",2,Working class,A small city or town,99999,Somewhat disagree,Republican,,Protestant,,6,6,4,6,6,2,attention,60,No,20
pid_137,45-59,Male,,1968,White / Caucasian,,Some college or Associate's degree,No,Yes,Yes,"Less than $30,000",3,Working class,A small city or town,99999,Somewhat disagree,Democrat,,I am not religious,,6,6,3,6,6,2,attention,70,,
pid_138,30-44,Female,,1985,White / Caucasian,,High school diploma / GED,Yes,Yes,No,"$30,000 to $55,999",1,Working class,A small city or town,99999,Somewhat disagree,Independent,,I am not religious,,7 Strongly agree,7 Strongly agree,3,7 Strongly agree,7 Strongly agree,1 Strongly disagree,attention,,,
pid_139,45-59,Male,,1980,White / Caucasian,,High school diploma / GED,No,Yes,Not applicable,"$56,000 to $99,999",4,Middle class,A suburb near a large city,99999,Somewhat disagree,Republican,,I am not religious,,6,6,3,6,6,1 Strongly disagree,attention,65,,
pid_140,60+,Male,,1965,White / Caucasian,,Doctorate degree / Ph.D.,No,Yes,Yes,"$100,000 to $167,999",4,Middle class,A small city or town,99999,Somewhat disagree,Republican,,Catholic,,6,6,3,6,6,2,attention,75,No,75
pid_141,30-44,Male,,1985,White / Caucasian,,Some college or Associate's degree,Yes,Yes,Yes,"$56,000 to $99,999",2,Middle class,A small city or town,99999,Somewhat disagree,Independent,,Catholic,,6,6,4,6,6,2,attention,,No,45
pid_142,60+,Male,,1965,White / Caucasian,,Some college or Associate's degree,No,Yes,Yes,"Less than $30,000",2,Working class,A small city or town,99999,Somewhat disagree,Independent,,Protestant,,6,6,4,6,6,2,attention,,Yes,70
pid_143,60+,Male,,1948,Black / African-American,,Bachelor's degree,Yes,Yes,Yes,"$30,000 to $55,999",2,Middle class,A small city or town,99999,Somewhat disagree,Democrat,,Other religion (please specify),Christian,6,6,3,6,6,1 Strongly disagree,attention,85,,85
pid_144,60+,Female,,1965,White / Caucasian,,Bachelor's degree,No,Yes,Yes,"$100,000 to $167,999",2,Middle class,A suburb near a large city,99999,Somewhat disagree,Republican,,Protestant,,6,6,3,6,6,2,attention,75,No,55
pid_145,18-29,Female,,2000,Latino / Hispanic,,Some college or Associate's degree,Yes,Yes,Yes,"$30,000 to $55,999",4,Working class,A small city or town,99999,Somewhat disagree,Democrat,,Catholic,,6,6,4,6,6,2,attention,65,No,75
pid_146,18-29,Female,,1998,White / Caucasian,,Bachelor's degree,Yes,Yes,Yes,"$100,000 to $167,999",2,Middle class,A suburb near a large city,99999,Somewhat disagree,Independent,,Protestant,,6,6,4,6,6,2,attention,,No,35
pid_147,18-29,Male,,1998,Latino / Hispanic,,Bachelor's degree,No,Yes,Yes,"$56,000 to $99,999",4,Middle class,A suburb near a large city,99999,Somewhat disagree,Republican,,Catholic,,6,6,4,6,6,2,attention,80,No,80
pid_148,60+,Male,,1965,White / Caucasian,,Bachelor's degree,No,Yes,Yes,"$100,000 to $167,999",4,Middle class,A suburb near a large city,99999,Somewhat disagree,Republican,,Protestant,,6,6,3,6,6,2,attention,70,Yes,70
pid_149,30-44,Male,,1985,White / Caucasian,,Some college or Associate's degree,Yes,Yes,Yes,"$56,000 to $99,999",1,Middle class,A small city or town,99999,Somewhat disagree,Democrat,,I am not religious,,6,6,3,6,6,2,attention,70,,
pid_150,30-44,Female,,1986,White / Caucasian,,Some college or Associate's degree,Yes,Yes,Yes,"$56,000 to $99,999",4,Middle class,A small city or town,99999,Somewhat disagree,Democrat,,I am not religious,,5,5,3,5,6,2,attention,85,,
pid_151,18-29,Male,,2001,Latino / Hispanic,,High school diploma / GED,Yes,Yes,Not applicable,"$56,000 to $99,999",4,Middle class,A small city or town,99999,Somewhat disagree,Republican,,Catholic,,6,6,3,6,6,2,attention,65,No,45
pid_152,60+,Female,,1965,White / Caucasian,,High school diploma / GED,Yes,Yes,Not applicable,"$56,000 to $99,999",2,Working class,A rural area,99999,Somewhat disagree,Independent,,Other religion (please specify),Christian,6,6,4,6,6,5,attention,,,85
pid_153,60+,Male,,1964,White / Caucasian,,Bachelor's degree,Yes,Yes,Yes,"$100,000 to $167,999",2,Middle class,A suburb near a large city,99999,Somewhat disagree,Democrat,,Protestant,,7 Strongly agree,7 Strongly agree,3,6,7 Strongly agree,2,attention,65,No,40
pid_154,60+,Male,,1965,White / Caucasian,,Some college or Associate's degree,No,Yes,No,"$56,000 to $99,999",2,Middle class,A small city or town,99999,Somewhat disagree,Republican,,Protestant,,6,6,4,6,6,2,attention,65,No,20
pid_155,18-29,Female,,2000,Black / African-American,,High school diploma / GED,No,Yes,Not applicable,"$168,000 or more",3,Middle class,A small city or town,99999,Somewhat disagree,Republican,,Protestant,,6,6,2,6,6,2,attention,65,Yes,45
pid_156,18-29,Male,,2000,White / Caucasian,,Some college or Associate's degree,No,Yes,Yes,"Less than $30,000",2,Working class,A small city or town,99999,Somewhat disagree,Democrat,,I am not religious,,6,6,3,6,6,1 Strongly disagree,attention,85,,
pid_157,60+,Female,,1965,White / Caucasian,,Some college or Associate's degree,No,Yes,Yes,"Less than $30,000",1,Working class,A small city or town,99999,Somewhat disagree,Democrat,,Catholic,,6,6,4,6,6,2,attention,70,No,35
pid_158,60+,Male,,1948,White / Caucasian,,Some college or Associate's degree,No,Yes,Yes,"$56,000 to $99,999",4,Middle class,A small city or town,99999,Somewhat disagree,Democrat,,Protestant,,6,6,3,6,6,2,attention,65,No,55
pid_159,60+,Female,,1965,White / Caucasian,,Doctorate degree / Ph.D.,Yes,Yes,Yes,"$56,000 to $99,999",1,Middle class,A small city or town,99999,Somewhat disagree,Republican,,Catholic,,6,6,3,6,6,2,attention,75,No,75
pid_160,60+,Male,,1965,White / Caucasian,,Some college or Associate's degree,No,Yes,Yes,"$56,000 to $99,999",1,Middle class,A small city or town,99999,Somewhat disagree,Independent,,I am not religious,,6,6,3,6,6,1 Strongly disagree,attention,,,
pid_161,60+,Male,,1958,White / Caucasian,,Bachelor's degree,Yes,Yes,Yes,"$100,000 to $167,999",3,Middle class,A suburb near a large city,99999,Somewhat disagree,Republican,,Protestant,,6,6,3,6,6,2,attention,65,No,30
pid_162,18-29,Female,,2000,White / Caucasian,,Some college or Associate's degree,Yes,Yes,Yes,"$56,000 to $99,999",6 or more,Middle class,A suburb near a large city,99999,Somewhat disagree,Republican,,Catholic,,6,6,3,6,6,1 Strongly disagree,attention,85,No,90
pid_163,45-59,Male,,1968,White / Caucasian,,Bachelor's degree,Yes,Yes,Yes,"$100,000 to $167,999",2,Middle class,A suburb near a large city,99999,Somewhat disagree,Independent,,Catholic,,6,6,3,6,6,1 Strongly disagree,attention,,No,20
pid_164,45-59,Female,,1968,White / Caucasian,,Less than high school,Yes,Yes,Not applicable,"Less than $30,000",2,Working class,A small city or town,99999,Somewhat disagree,Independent,,I am not religious,,6,6,4,6,6,2,attention,,,
pid_165,45-59,Male,,1980,Latino / Hispanic,,Bachelor's degree,Yes,Yes,Yes,"$100,000 to $167,999",6 or more,Middle class,A suburb near a large city,99999,Somewhat disagree,Republican,,Catholic,,6,6,3,6,6,2,attention,85,No,85
pid_166,60+,Male,,1958,White / Caucasian,,Some college or Associate's degree,No,Yes,No,"$30,000 to $55,999",2,Working class,A small city or town,99999,Somewhat disagree,Republican,,I am not religious,,6,6,5,6,6,2,attention,70,,
pid_167,60+,Female,,1965,White / Caucasian,,Bachelor's degree,Yes,Yes,Yes,"$100,000 to $167,999",3,Middle class,A suburb near a large city,99999,Somewhat disagree,Independent,,Protestant,,6,6,3,6,6,2,attention,,Yes,75
pid_168,60+,Female,,1948,White / Caucasian,,Bachelor's degree,Yes,Yes,Yes,"$100,000 to $167,999",4,Middle class,A suburb near a large city,99999,Somewhat disagree,Republican,,Catholic,,6,6,5,6,6,2,attention,85,No,65
pid_169,60+,Male,,1962,White / Caucasian,,Doctorate degree / Ph.D.,Yes,Yes,Yes,"$168,000 or more",4,Upper class,A small city or town,99999,Somewhat disagree,Independent,,Protestant,,7 Strongly agree,7 Strongly agree,3,7 Strongly agree,7 Strongly agree,1 Strongly disagree,attention,,No,35
pid_170,45-59,Female,,1980,White / Caucasian,,Bachelor's degree,No,Yes,Yes,"$100,000 to $167,999",4,Middle class,A suburb near a large city,99999,Somewhat disagree,Republican,,Protestant,,6,6,3,6,6,2,attention,65,Yes,45
pid_171,60+,Male,,1965,White / Caucasian,,Bachelor's degree,No,Yes,Yes,"$30,000 to $55,999",2,Middle class,A suburb near a large city,99999,Somewhat disagree,Independent,,Protestant,,6,6,3,6,6,2,attention,,No,15
pid_172,60+,Male,,1965,White / Caucasian,,Bachelor's degree,Yes,Yes,Yes,"$56,000 to $99,999",2,Middle class,A small city or town,99999,Somewhat disagree,Independent,,Protestant,,6,6,3,6,6,2,attention,,No,50
pid_173,30-44,Female,,1985,White / Caucasian,,Bachelor's degree,Yes,Yes,Yes,"$56,000 to $99,999",1,Middle class,A small city or town,99999,Somewhat disagree,Democrat,,Other religion (please specify),Spiritual but not religious,6,6,4,6,6,2,attention,70,,35
pid_174,60+,Female,,1965,White / Caucasian,,High school diploma / GED,Yes,Yes,Not applicable,"$30,000 to $55,999",2,Working class,A small city or town,99999,Somewhat disagree,Republican,,Protestant,,7 Strongly agree,7 Strongly agree,4,6,7 Strongly agree,1 Strongly disagree,attention,60,No,20
pid_175,45-59,Male,,1980,White / Caucasian,,Bachelor's degree,Yes,Yes,Yes,"$100,000 to $167,999",1,Middle class,A small city or town,99999,Somewhat disagree,Independent,,Catholic,,6,6,4,6,6,2,attention,,No,55
pid_176,60+,Male,,1965,White / Caucasian,,Bachelor's degree,Yes,Yes,Yes,"$56,000 to $99,999",1,Middle class,A small city or town,99999,Somewhat disagree,Independent,,I am not religious,,6,6,4,6,6,2,attention,,,
pid_177,60+,Male,,1965,White / Caucasian,,Some college or Associate's degree,Yes,Yes,No,"$100,000 to $167,999",4,Middle class,A small city or town,99999,Somewhat disagree,Independent,,I am not religious,,6,6,4,5,6,2,attention,,,
pid_178,30-44,Male,,1985,Other,Other,Some college or Associate's degree,Yes,Yes,Yes,"Less than $30,000",4,Working class,A small city or town,99999,Somewhat disagree,Independent,,Protestant,,6,6,2,6,6,2,attention,,No,45
pid_179,45-59,Female,,1968,White / Caucasian,,Bachelor's degree,Yes,Yes,Yes,"$30,000 to $55,999",2,Middle class,A suburb near a large city,99999,Somewhat disagree,Democrat,,I am not religious,,6,6,2,6,6,1 Strongly disagree,attention,75,,
pid_180,60+,Female,,1965,Black / African-American,,Bachelor's degree,Yes,Yes,Yes,"$56,000 to $99,999",3,Middle class,A suburb near a large city,99999,Somewhat disagree,Democrat,,Catholic,,6,6,3,6,6,2,attention,70,No,75
pid_181,60+,Male,,1965,White / Caucasian,,Some college or Associate's degree,Yes,Yes,Yes,"$56,000 to $99,999",2,Middle class,A small city or town,99999,Somewhat disagree,Democrat,,Protestant,,6,6,3,6,6,2,attention,70,Yes,75
pid_182,60+,Female,,1965,White / Caucasian,,Bachelor's degree,Yes,Yes,Yes,"$100,000 to $167,999",1,Middle class,A suburb near a large city,99999,Somewhat disagree,Republican,,I am not religious,,7 Strongly agree,7 Strongly agree,3,6,7 Strongly agree,1 Strongly disagree,attention,75,,
pid_183,60+,Female,,1965,White / Caucasian,,Bachelor's degree,No,Yes,Yes,"$30,000 to $55,999",1,Middle class,A small city or town,99999,Somewhat disagree,Republican,,Protestant,,6,6,3,6,6,2,attention,65,No,40
pid_184,60+,Female,,1955,White / Caucasian,,Some college or Associate's degree,Yes,Yes,Yes,"$100,000 to $167,999",2,Middle class,A small city or town,99999,Somewhat disagree,Republican,,Other religion (please specify),Non-denominational Christian,6,6,2,6,6,5,attention,85,,90
pid_185,60+,Female,,1955,White / Caucasian,,Bachelor's degree,No,Yes,Yes,"$30,000 to $55,999",4,Middle class,A small city or town,99999,Somewhat disagree,Democrat,,Catholic,,6,6,3,6,6,2,attention,70,No,75
pid_186,18-29,Female,,2000,Black / African-American,,Bachelor's degree,Yes,Yes,Yes,"$56,000 to $99,999",1,Middle class,A large city,99999,Somewhat disagree,Democrat,,Catholic,,6,6,2,6,6,2,attention,85,No,40
pid_187,60+,Male,,1962,White / Caucasian,,High school diploma / GED,Yes,Yes,No,"$56,000 to $99,999",3,Middle class,A small city or town,99999,Somewhat disagree,Democrat,,I am not religious,,6,6,3,6,7 Strongly agree,1 Strongly disagree,attention,80,,
pid_188,60+,Female,,1965,White / Caucasian,,Some college or Associate's degree,Yes,Yes,Yes,"$56,000 to $99,999",2,Middle class,A small city or town,99999,Somewhat disagree,Independent,,Other religion (please specify),Unitarian Universalist,6,6,3,6,6,2,attention,,,30
pid_189,45-59,Female,,1968,White / Caucasian,,Bachelor's degree,No,Yes,Yes,"$56,000 to $99,999",1,Middle class,A small city or town,99999,Somewhat disagree,Democrat,,I am not religious,,6,6,3,6,6,2,attention,68,,
pid_190,45-59,Male,,1980,White / Caucasian,,Bachelor's degree,Yes,Yes,Yes,"$100,000 to $167,999",4,Middle class,A suburb near a large city,99999,Somewhat disagree,Republican,,Catholic,,6,6,4,6,6,2,attention,75,No,40
pid_191,60+,Female,,1965,White / Caucasian,,Some college or Associate's degree,Yes,Yes,Yes,"$56,000 to $99,999",4,Middle class,A suburb near a large city,99999,Somewhat disagree,Independent,,Catholic,,6,6,2,6,6,1 Strongly disagree,attention,,No,60
pid_192,60+,Male,,1965,White / Caucasian,,Bachelor's degree,Yes,Yes,Yes,"$56,000 to $99,999",1,Middle class,A small city or town,99999,Somewhat disagree,Democrat,,I am not religious,,7 Strongly agree,7 Strongly agree,3,6,7 Strongly agree,1 Strongly disagree,attention,85,,
pid_193,60+,Female,,1945,White / Caucasian,,High school diploma / GED,No,Yes,No,"$30,000 to $55,999",3,Working class,A small city or town,99999,Somewhat disagree,Republican,,Catholic,,6,6,4,6,6,2,attention,85,No,85
pid_194,60+,Female,,1957,White / Caucasian,,Some college or Associate's degree,Yes,Yes,Yes,"$30,000 to $55,999",4,Middle class,A small city or town,99999,Somewhat disagree,Independent,,I am not religious,,6,6,3,6,6,2,attention,,,
pid_195,45-59,Male,,1969,White / Caucasian,,Some college or Associate's degree,Yes,Yes,Yes,"$56,000 to $99,999",3,Middle class,A small city or town,99999,Somewhat disagree,Democrat,,Other religion (please specify),Spiritual but not religious,6,6,3,6,6,2,attention,75,,20
pid_196,60+,Female,,1945,White / Caucasian,,Bachelor's degree,No,Yes,Yes,"$30,000 to $55,999",2,Middle class,A small city or town,99999,Somewhat disagree,Democrat,,Other religion (please specify),Other,7 Strongly agree,7 Strongly agree,3,6,7 Strongly agree,1 Strongly disagree,attention,70,,10
pid_197,60+,Male,,1948,White / Caucasian,,Doctorate degree / Ph.D.,Yes,Yes,Yes,"$56,000 to $99,999",2,Middle class,A suburb near a large city,10001,Somewhat disagree,Democrat,,Catholic,,6,6,3,5,6,2,attention,45,No,40
pid_198,30-44,Female,,1982,White / Caucasian,,Bachelor's degree,No,Yes,Yes,"$56,000 to $99,999",3,Middle class,A suburb near a large city,99999,Somewhat disagree,Independent,,Protestant,,6,6,3,6,7 Strongly agree,2,attention,,No,30
pid_199,60+,Female,,1948,White / Caucasian,,Some college or Associate's degree,Yes,Yes,Yes,"$30,000 to $55,999",1,Middle class,A small city or town,99999,Somewhat disagree,Independent,,Protestant,,6,6,3,6,6,1 Strongly disagree,attention,,No,35
pid_200,60+,Female,,1965,White / Caucasian,,Bachelor's degree,Yes,Yes,Yes,"$56,000 to $99,999",3,Middle class,A small city or town,99999,Somewhat disagree,Republican,,Catholic,,6,6,3,6,6,2,attention,75,No,80
pid_201,60+,Female,,1965,White / Caucasian,,Doctorate degree / Ph.D.,No,Yes,Yes,"$100,000 to $167,999",2,Middle class,A suburb near a large city,99999,Somewhat disagree,Democrat,,Protestant,,6,6,4,6,6,2,attention,70,No,35
pid_202,18-29,Male,,1998,Black / African-American,,Bachelor's degree,Yes,Yes,Yes,"$56,000 to $99,999",3,Middle class,A large city,99999,Somewhat disagree,Republican,,Protestant,,5,5,3,5,6,2,attention,60,Yes,80
pid_203,60+,Male,,1955,White / Caucasian,,Doctorate degree / Ph.D.,Yes,Yes,Yes,"$168,000 or more",6 or more,Upper class,A suburb near a large city,99999,Somewhat disagree,Republican,,Protestant,,6,6,3,6,6,2,attention,95,Yes,85
pid_204,60+,Female,,1965,White / Caucasian,,Some college or Associate's degree,No,Yes,Yes,"$100,000 to $167,999",1,Middle class,A suburb near a large city,99999,Somewhat disagree,Democrat,,Orthodox Christian,,6,6,3,6,6,2,attention,70,No,55
pid_205,30-44,Female,,1985,Latino / Hispanic,,Bachelor's degree,No,Yes,Yes,"$56,000 to $99,999",2,Middle class,A suburb near a large city,99999,Somewhat disagree,Independent,,Catholic,,6,6,4,6,6,2,attention,,No,40
pid_206,60+,Male,,1965,White / Caucasian,,Bachelor's degree,Yes,Yes,Yes,"$100,000 to $167,999",2,Middle class,A suburb near a large city,99999,Somewhat disagree,Republican,,Other religion (please specify),Non-denominational Christian,6,6,4,6,6,2,attention,90,,65
pid_207,45-59,Female,,1980,Black / African-American,,Bachelor's degree,Yes,Yes,Yes,"$56,000 to $99,999",4,Middle class,A suburb near a large city,99999,Somewhat disagree,Republican,,Jewish,,6,6,3,6,6,2,attention,65,,75
pid_208,60+,Female,,1945,White / Caucasian,,High school diploma / GED,No,Yes,Not applicable,"$100,000 to $167,999",2,Middle class,A small city or town,99999,Somewhat disagree,Republican,,Protestant,,6,6,3,6,6,2,attention,70,Yes,70
pid_209,60+,Male,,1948,White / Caucasian,,Doctorate degree / Ph.D.,Yes,Yes,Yes,"$100,000 to $167,999",2,Upper class,A suburb near a large city,99999,Somewhat disagree,Republican,,Orthodox Christian,,6,6,2,6,6,1 Strongly disagree,attention,75,No,60
pid_210,60+,Male,,1965,Black / African-American,,Doctorate degree / Ph.D.,Yes,Yes,Yes,"$56,000 to $99,999",3,Middle class,A small city or town,99999,Somewhat disagree,Independent,,Other religion (please specify),"Spiritual, not affiliated with a specific religion",6,6,4,6,6,2,attention,,,80
pid_211,45-59,Female,,1968,White / Caucasian,,Master's degree / Professional degree,No,Yes,Yes,"$56,000 to $99,999",2,Middle class,A suburb near a large city,99999,Somewhat disagree,Independent,,Protestant,,6,6,5,6,6,2,attention,,No,20
pid_212,60+,Male,,1965,Other,Other,Bachelor's degree,No,Yes,Yes,"$100,000 to $167,999",4,Middle class,A suburb near a large city,99999,Somewhat disagree,Independent,,Protestant,,6,6,4,6,6,2,attention,,Yes,75
pid_213,60+,Female,,1955,White / Caucasian,,High school diploma / GED,Yes,Yes,Not applicable,"$30,000 to $55,999",3,Working class,A small city or town,99999,Somewhat disagree,Democrat,,Protestant,,6,6,3,6,6,2,attention,70,No,50
pid_214,30-44,Male,,1985,Black / African-American,,Bachelor's degree,Yes,Yes,Yes,"$56,000 to $99,999",4,Middle class,A large city,99999,Somewhat disagree,Republican,,Other religion (please specify),Other Christian denomination,6,6,2,6,6,2,attention,70,,85
pid_215,60+,Female,,1965,White / Caucasian,,Some college or Associate's degree,Yes,Yes,Yes,"$56,000 to $99,999",6 or more,Middle class,A small city or town,99999,Somewhat disagree,Democrat,,Protestant,,5,5,4,5,6,2,attention,75,No,20
pid_216,18-29,Male,,2000,Black / African-American,,High school diploma / GED,Yes,Yes,Not applicable,"$56,000 to $99,999",3,Working class,A small city or town,99999,Somewhat disagree,Republican,,Muslim,,6,6,5,6,7 Strongly agree,2,attention,70,,80
pid_217,60+,Male,,1963,White / Caucasian,,Bachelor's degree,Yes,Yes,Yes,"$56,000 to $99,999",2,Middle class,A small city or town,99999,Somewhat disagree,Republican,,I am not religious,,6,6,4,6,6,2,attention,75,,
pid_218,60+,Male,,1965,White / Caucasian,,Bachelor's degree,No,Yes,Yes,"$56,000 to $99,999",1,Middle class,A small city or town,99999,Somewhat disagree,Republican,,Catholic,,6,6,3,6,6,2,attention,70,No,40
pid_219,45-59,Female,,1978,White / Caucasian,,Bachelor's degree,No,Yes,Yes,"$56,000 to $99,999",1,Middle class,A small city or town,99999,Somewhat disagree,Democrat,,I am not religious,,6,6,3,6,6,1 Strongly disagree,attention,75,,
pid_220,60+,Male,,1955,White / Caucasian,,Bachelor's degree,Yes,Yes,Yes,"$56,000 to $99,999",3,Middle class,A small city or town,99999,Somewhat disagree,Republican,,Protestant,,6,6,4,6,6,2,attention,85,Yes,65
pid_221,60+,Male,,1948,White / Caucasian,,Some college or Associate's degree,No,Yes,No,"$30,000 to $55,999",1,Working class,A small city or town,99999,Somewhat disagree,Republican,,Protestant,,6,6,4,6,6,5,attention,85,Yes,65
pid_222,60+,Female,,1965,White / Caucasian,,Some college or Associate's degree,No,Yes,Yes,"$56,000 to $99,999",2,Middle class,A small city or town,99999,Somewhat disagree,Republican,,Protestant,,6,6,4,6,6,2,attention,35,No,25
pid_223,60+,Male,,1948,Black / African-American,,Some college or Associate's degree,Yes,Yes,No,"$30,000 to $55,999",2,Working class,A small city or town,99999,Somewhat disagree,Republican,,Catholic,,6,6,4,6,6,2,attention,80,No,75
pid_224,45-59,Male,,1968,Black / African-American,,Some college or Associate's degree,No,Yes,Yes,"$100,000 to $167,999",4,Middle class,A suburb near a large city,99999,Somewhat disagree,Democrat,,I am not religious,,6,6,4,6,6,2,attention,70,,
pid_225,30-44,Male,,1985,Black / African-American,,Bachelor's degree,No,Yes,Yes,"$100,000 to $167,999",4,Middle class,A suburb near a large city,99999,Somewhat disagree,Democrat,,Protestant,,6,6,3,6,6,2,attention,75,Yes,75
pid_226,45-59,Female,,1980,Black / African-American,,Some college or Associate's degree,No,Yes,Yes,"$56,000 to $99,999",1,Middle class,A small city or town,99999,Somewhat disagree,Republican,,I am not religious,,6,6,4,6,6,1 Strongly disagree,attention,60,,
pid_227,30-44,Female,,1985,Black / African-American,,High school diploma / GED,No,Yes,Not applicable,"Less than $30,000",3,Working class,A small city or town,99999,Somewhat disagree,Democrat,,I am not religious,,6,6,4,6,6,2,attention,75,,
pid_228,60+,Female,,1965,Other,Other,High school diploma / GED,No,Yes,Not applicable,"Less than $30,000",2,Working class,A small city or town,99999,Somewhat disagree,Independent,,Other religion (please specify),Other,7 Strongly agree,7 Strongly agree,5,7 Strongly agree,7 Strongly agree,1 Strongly disagree,attention,,,10
pid_229,30-44,Male,,1985,White / Caucasian,,Some college or Associate's degree,No,Yes,Yes,"$30,000 to $55,999",3,Working class,A small city or town,99999,Somewhat disagree,Democrat,,Other religion (please specify),Spiritual but not religious,7 Strongly agree,7 Strongly agree,3,7 Strongly agree,7 Strongly agree,1 Strongly disagree,attention,85,,25
pid_230,60+,Male,,1965,White / Caucasian,,Bachelor's degree,No,Yes,Yes,"$100,000 to $167,999",3,Middle class,A suburb near a large city,99999,Somewhat disagree,Democrat,,Protestant,,5,5,3,5,5,2,attention,70,No,50
pid_231,60+,Female,,1965,White / Caucasian,,High school diploma / GED,No,Yes,Not applicable,"$30,000 to $55,999",2,Working class,A small city or town,99999,Somewhat disagree,Republican,,Protestant,,6,6,3,6,6,2,attention,85,Yes,85
pid_232,60+,Female,,1945,White / Caucasian,,Some college or Associate's degree,No,Yes,Yes,"$30,000 to $55,999",1,Working class,A small city or town,99999,Somewhat disagree,Republican,,Catholic,,6,6,5,6,6,2,attention,85,No,70
pid_233,30-44,Male,,1985,Latino / Hispanic,,Doctorate degree / Ph.D.,No,Yes,Yes,"$100,000 to $167,999",3,Middle class,A suburb near a large city,99999,Somewhat disagree,Democrat,,I am not religious,,6,6,3,6,6,2,attention,70,,
pid_234,60+,Female,,1955,White / Caucasian,,Some college or Associate's degree,No,Yes,No,"$56,000 to $99,999",2,Middle class,A small city or town,99999,Somewhat disagree,Independent,,Other religion (please specify),Spiritual but not religious,6,6,3,6,6,2,attention,,,25
pid_235,18-29,Male,,2000,White / Caucasian,,Some college or Associate's degree,Yes,Yes,Yes,"$100,000 to $167,999",4,Middle class,A suburb near a large city,99999,Somewhat disagree,Independent,,Catholic,,6,6,4,6,6,2,attention,,No,40
pid_236,30-44,Female,,1985,Latino / Hispanic,,Bachelor's degree,No,Yes,Yes,"$30,000 to $55,999",2,Middle class,A small city or town,99999,Somewhat disagree,Other (please specify),Something else,I am not religious,,6,6,4,6,7 Strongly agree,1 Strongly disagree,attention,,,
pid_237,30-44,Male,,1985,White / Caucasian,,Some college or Associate's degree,Yes,Yes,No,"Less than $30,000",1,Working class,A small city or town,99999,Somewhat disagree,Democrat,,I am not religious,,6,6,4,6,6,2,attention,65,,
pid_238,45-59,Female,,1968,White / Caucasian,,Master's degree / Professional degree,No,Yes,Yes,"$100,000 to $167,999",2,Middle class,A suburb near a large city,99999,Somewhat disagree,Democrat,,Catholic,,6,6,3,6,6,2,attention,65,No,55
pid_239,60+,Male,,1945,White / Caucasian,,Doctorate degree / Ph.D.,Yes,Yes,Yes,"Less than $30,000",2,Middle class,A small city or town,99999,Somewhat disagree,Independent,,Protestant,,6,6,4,6,6,2,attention,,No,35
pid_240,30-44,Male,,1985,Other,,Bachelor's degree,No,Yes,Yes,"$100,000 to $167,999",2,Middle class,A suburb near a large city,30303,Somewhat disagree,Independent,,I am not religious,,6,6,3,6,6,1 Strongly disagree,attention,,,
pid_241,30-44,Male,,1985,Asian / Asian-American,,Bachelor's degree,No,Yes,Yes,"$30,000 to $55,999",3,Middle class,A large city,99999,Somewhat disagree,Independent,,I am not religious,,6,6,4,6,6,2,attention,,,
pid_242,18-29,Female,,2000,White / Caucasian,,Doctorate degree / Ph.D.,Yes,Yes,Yes,"$100,000 to $167,999",6 or more,Upper class,A small city or town,99999,Somewhat disagree,Republican,,Catholic,,6,6,3,6,6,2,attention,85,No,70
pid_243,60+,Female,,1965,White / Caucasian,,High school diploma / GED,Yes,Yes,Not applicable,"$30,000 to $55,999",4,Working class,A small city or town,99999,Somewhat disagree,Republican,,Protestant,,6,6,4,6,6,2,attention,70,No,30
pid_244,45-59,Female,,1968,White / Caucasian,,Doctorate degree / Ph.D.,Yes,Yes,Yes,"$168,000 or more",6 or more,Upper class,A suburb near a large city,99999,Somewhat disagree,Republican,,Catholic,,6,6,3,6,6,2,attention,75,No,65
pid_245,30-44,Female,,1985,White / Caucasian,,Some college or Associate's degree,Yes,Yes,Yes,"Less than $30,000",1,Working class,A small city or town,99999,Somewhat disagree,Republican,,Catholic,,6,6,3,6,6,2,attention,60,No,75
pid_246,45-59,Male,,1978,White / Caucasian,,Bachelor's degree,Yes,Yes,Yes,"$100,000 to $167,999",3,Middle class,A suburb near a large city,99999,Somewhat disagree,Republican,,I am not religious,,6,6,3,6,6,1 Strongly disagree,attention,65,,
pid_247,45-59,Male,,1980,Black / African-American,,Some college or Associate's degree,Yes,Yes,Yes,"$56,000 to $99,999",4,Middle class,A suburb near a large city,19104,Somewhat disagree,Democrat,,Protestant,,6,6,3,6,6,2,attention,60,Yes,55
pid_248,45-59,Male,,1969,White / Caucasian,,Master's degree / Professional degree,Yes,Yes,Yes,"$100,000 to $167,999",4,Middle class,A small city or town,99999,Somewhat disagree,Republican,,Orthodox Christian,,6,6,3,6,6,2,attention,80,No,65
pid_249,60+,Male,,1965,White / Caucasian,,Bachelor's degree,Yes,Yes,Yes,"$100,000 to $167,999",3,Middle class,A small city or town,99999,Somewhat disagree,Republican,,Protestant,,6,6,3,6,6,1 Strongly disagree,attention,75,No,65
pid_250,60+,Male,,1965,White / Caucasian,,Some college or Associate's degree,Yes,Yes,Yes,"$56,000 to $99,999",2,Middle class,A small city or town,99999,Somewhat disagree,Republican,,Jewish,,6,6,3,6,6,1 Strongly disagree,attention,75,,85
pid_251,60+,Male,,1948,White / Caucasian,,Doctorate degree / Ph.D.,No,Yes,Yes,"$56,000 to $99,999",2,Middle class,A small city or town,99999,Somewhat disagree,Democrat,,Jewish,,7 Strongly agree,7 Strongly agree,2,7 Strongly agree,7 Strongly agree,1 Strongly disagree,attention,75,,15
pid_252,60+,Female,,1948,White / Caucasian,,Doctorate degree / Ph.D.,Yes,Yes,Yes,"$56,000 to $99,999",2,Middle class,A small city or town,99999,Somewhat disagree,Democrat,,Protestant,,6,6,3,6,6,2,attention,70,No,45
pid_253,60+,Female,,1965,White / Caucasian,,Bachelor's degree,Yes,Yes,Yes,"$56,000 to $99,999",1,Middle class,A small city or town,99999,Somewhat disagree,Democrat,,I am not religious,,6,6,2,6,7 Strongly agree,1 Strongly disagree,attention,75,,
pid_254,60+,Male,,1947,White / Caucasian,,Bachelor's degree,No,Yes,Yes,"$30,000 to $55,999",1,Middle class,A small city or town,99999,Somewhat disagree,Republican,,Protestant,,7 Strongly agree,7 Strongly agree,3,7 Strongly agree,7 Strongly agree,1 Strongly disagree,attention,70,No,20
pid_255,30-44,Male,,1985,White / Caucasian,,Bachelor's degree,Yes,Yes,Yes,"$100,000 to $167,999",3,Middle class,A suburb near a large city,99999,Somewhat disagree,Democrat,,Protestant,,6,6,3,6,6,2,attention,70,No,35
pid_256,30-44,Female,,1985,Black / African-American,,Doctorate degree / Ph.D.,No,Yes,Yes,"$100,000 to $167,999",4,Middle class,A suburb near a large city,99999,Somewhat disagree,Republican,,Protestant,,6,6,3,6,6,2,attention,75,Yes,75
pid_257,45-59,Male,,1980,Asian / Asian-American,,Master's degree / Professional degree,No,Yes,Yes,"$56,000 to $99,999",4,Middle class,A suburb near a large city,99999,Somewhat disagree,Republican,,Protestant,,6,6,3,6,6,2,attention,65,Yes,65
pid_258,60+,Male,,1965,White / Caucasian,,Some college or Associate's degree,No,Yes,No,"$30,000 to $55,999",1,Working class,A small city or town,99999,Somewhat disagree,Republican,,I am not religious,,6,6,2,6,6,1 Strongly disagree,attention,85,,
pid_259,45-59,Female,,1967,White / Caucasian,,Master's degree / Professional degree,Yes,Yes,Yes,"$100,000 to $167,999",1,Middle class,A small city or town,99999,Somewhat disagree,Independent,,Catholic,,6,6,3,6,6,2,attention,,No,45
pid_260,60+,Male,,1955,Black / African-American,,Doctorate degree / Ph.D.,Yes,Yes,Yes,"$100,000 to $167,999",6 or more,Upper class,A suburb near a large city,99999,Somewhat disagree,Republican,,Protestant,,6,6,3,6,6,2,attention,85,Yes,85
pid_261,60+,Male,,1965,White / Caucasian,,Bachelor's degree,Yes,Yes,Yes,"$56,000 to $99,999",2,Middle class,A small city or town,99999,Somewhat disagree,Republican,,Protestant,,6,6,3,6,6,2,attention,70,No,45
pid_262,60+,Male,,1948,White / Caucasian,,Doctorate degree / Ph.D.,Yes,Yes,Yes,"$56,000 to $99,999",3,Middle class,A small city or town,99999,Somewhat disagree,Republican,,Catholic,,6,6,3,6,6,2,attention,75,No,75
pid_263,45-59,Female,,1980,White / Caucasian,,High school diploma / GED,Yes,Yes,Not applicable,"Less than $30,000",4,Working class,A small city or town,99999,Somewhat disagree,Republican,,Protestant,,6,6,5,6,7 Strongly agree,1 Strongly disagree,attention,85,Yes,70
pid_264,60+,Female,,1965,White / Caucasian,,Some college or Associate's degree,No,Yes,Yes,"$100,000 to $167,999",2,Middle class,A small city or town,99999,Somewhat disagree,Democrat,,Buddhist,,6,6,4,6,6,2,attention,75,,15
pid_265,60+,Female,,1948,Black / African-American,,Some college or Associate's degree,No,Yes,Yes,"$30,000 to $55,999",2,Middle class,A small city or town,99999,Somewhat disagree,Other (please specify),Something else,Other religion (please specify),Other,7 Strongly agree,7 Strongly agree,3,6,7 Strongly agree,2,attention,,,85
pid_266,30-44,Male,,1985,White / Caucasian,,Some college or Associate's degree,No,Yes,Yes,"$56,000 to $99,999",3,Middle class,A small city or town,99999,Somewhat disagree,Independent,,I am not religious,,6,6,4,6,6,2,attention,,,
pid_267,30-44,Male,,1985,Latino / Hispanic,,Bachelor's degree,Yes,Yes,Yes,"$56,000 to $99,999",4,Middle class,A suburb near a large city,99999,Somewhat disagree,Independent,,Protestant,,7 Strongly agree,7 Strongly agree,3,7 Strongly agree,7 Strongly agree,1 Strongly disagree,attention,,No,70
pid_268,60+,Male,,1965,White / Caucasian,,Some college or Associate's degree,No,Yes,Yes,"$30,000 to $55,999",1,Working class,A small city or town,99999,Somewhat disagree,Democrat,,I am not religious,,6,6,3,6,6,2,attention,80,,
pid_269,18-29,Male,,2000,Asian / Asian-American,,Some college or Associate's degree,Yes,Yes,No,"Less than $30,000",6 or more,Working class,A suburb near a large city,99999,Somewhat disagree,Democrat,,Buddhist,,6,6,5,6,6,2,attention,60,,35
pid_270,60+,Male,,1948,White / Caucasian,,Doctorate degree / Ph.D.,No,Yes,Yes,"$100,000 to $167,999",2,Middle class,A small city or town,99999,Somewhat disagree,Democrat,,Jewish,,6,6,2,6,6,1 Strongly disagree,attention,70,,20
pid_271,60+,Female,,1965,White / Caucasian,,Some college or Associate's degree,Yes,Yes,No,"$56,000 to $99,999",1,Middle class,A small city or town,99999,Somewhat disagree,Democrat,,Protestant,,6,6,3,6,6,2,attention,75,Yes,75
pid_272,60+,Male,,1955,White / Caucasian,,Bachelor's degree,No,Yes,Yes,"$100,000 to $167,999",2,Middle class,A small city or town,99999,Somewhat disagree,Democrat,,Catholic,,6,6,3,6,6,2,attention,70,No,35
pid_273,60+,Male,,1948,Latino / Hispanic,,Some college or Associate's degree,Yes,Yes,Yes,"$100,000 to $167,999",2,Middle class,A small city or town,99999,Somewhat disagree,Republican,,Catholic,,6,6,3,6,6,2,attention,65,No,30
pid_274,18-29,Female,,2000,White / Caucasian,,Some college or Associate's degree,Yes,Yes,Yes,"$56,000 to $99,999",3,Middle class,A small city or town,99999,Somewhat disagree,Republican,,Catholic,,6,6,4,6,6,2,attention,85,No,85
pid_275,60+,Male,,1948,White / Caucasian,,Some college or Associate's degree,No,Yes,Yes,"Less than $30,000",1,Working class,A small city or town,99999,Somewhat disagree,Democrat,,I am not religious,,6,6,3,6,6,1 Strongly disagree,attention,70,,
pid_276,60+,Male,,1962,White / Caucasian,,High school diploma / GED,Yes,Yes,Not applicable,"$56,000 to $99,999",1,Middle class,A small city or town,99999,Somewhat disagree,Independent,,I am not religious,,6,6,3,6,6,2,attention,,,
pid_277,60+,Female,,1966,White / Caucasian,,Bachelor's degree,Yes,Yes,Yes,"$56,000 to $99,999",2,Middle class,A small city or town,99999,Somewhat disagree,Republican,,Other religion (please specify),Other,7 Strongly agree,7 Strongly agree,4,6,7 Strongly agree,1 Strongly disagree,attention,65,,30
pid_278,60+,Male,,1955,White / Caucasian,,Some college or Associate's degree,No,Yes,Yes,"$56,000 to $99,999",2,Middle class,A small city or town,99999,Somewhat disagree,Democrat,,Catholic,,6,6,3,6,6,2,attention,80,No,45
pid_279,30-44,Male,,1987,Black / African-American,,Bachelor's degree,No,Yes,Yes,"$56,000 to $99,999",3,Middle class,A large city,99999,Somewhat disagree,Democrat,,Catholic,,7 Strongly agree,7 Strongly agree,3,6,7 Strongly agree,2,attention,70,No,45
pid_280,60+,Male,,1948,White / Caucasian,,Some college or Associate's degree,Yes,Yes,Yes,"$100,000 to $167,999",2,Middle class,A small city or town,99999,Somewhat disagree,Democrat,,I am not religious,,6,6,3,6,6,1 Strongly disagree,attention,85,,
pid_281,45-59,Female,,1980,Black / African-American,,Bachelor's degree,No,Yes,Yes,"$30,000 to $55,999",4,Middle class,A suburb near a large city,99999,Somewhat disagree,Independent,,Other religion (please specify),Spiritual but not religious,6,6,4,6,6,2,attention,,,15
pid_282,18-29,Male,,1998,White / Caucasian,,Master's degree / Professional degree,Yes,Yes,Yes,"$30,000 to $55,999",2,Middle class,A suburb near a large city,99999,Somewhat disagree,Democrat,,I am not religious,,6,6,3,6,6,1 Strongly disagree,attention,80,,
pid_283,60+,Female,,1965,White / Caucasian,,Doctorate degree / Ph.D.,Yes,Yes,Yes,"$100,000 to $167,999",2,Upper class,A suburb near a large city,99999,Somewhat disagree,Republican,,I am not religious,,7 Strongly agree,7 Strongly agree,2,7 Strongly agree,7 Strongly agree,1 Strongly disagree,attention,75,,
pid_284,18-29,Male,,1998,Black / African-American,,Some college or Associate's degree,Yes,Yes,Yes,"$56,000 to $99,999",2,Middle class,A large city,99999,Somewhat disagree,Independent,,I am not religious,,6,6,3,6,6,2,attention,,,
pid_285,45-59,Male,,1970,White / Caucasian,,Doctorate degree / Ph.D.,Yes,Yes,Yes,"$100,000 to $167,999",3,Middle class,A suburb near a large city,99999,Somewhat disagree,Republican,,Catholic,,6,6,3,6,6,1 Strongly disagree,attention,75,No,75
pid_286,60+,Male,,1955,Black / African-American,,Doctorate degree / Ph.D.,Yes,Yes,Yes,"$168,000 or more",4,Upper class,A small city or town,99999,Somewhat disagree,Republican,,I am not religious,,7 Strongly agree,7 Strongly agree,3,7 Strongly agree,7 Strongly agree,1 Strongly disagree,attention,85,,
pid_287,45-59,Male,,1968,White / Caucasian,,Doctorate degree / Ph.D.,No,Yes,Yes,"$100,000 to $167,999",4,Middle class,A suburb near a large city,99999,Somewhat disagree,Republican,,Protestant,,6,6,3,6,6,2,attention,90,Yes,80
pid_288,18-29,Female,,2000,Black / African-American,,High school diploma / GED,Yes,Yes,No,"$56,000 to $99,999",3,Working class,A small city or town,99999,Somewhat disagree,Democrat,,I am not religious,,6,6,3,6,6,2,attention,85,,
pid_289,30-44,Male,,1985,White / Caucasian,,High school diploma / GED,Yes,Yes,Not applicable,"$56,000 to $99,999",4,Middle class,A small city or town,99999,Somewhat disagree,Democrat,,I am not religious,,6,6,4,6,6,2,attention,65,,
pid_290,30-44,Male,,1985,Latino / Hispanic,,Some college or Associate's degree,Yes,Yes,Yes,"Less than $30,000",3,Working class,A large city,99999,Somewhat disagree,Democrat,,I am not religious,,6,6,3,6,6,1 Strongly disagree,attention,85,,
pid_291,45-59,Male,,1980,White / Caucasian,,Some college or Associate's degree,No,Yes,No,"$56,000 to $99,999",3,Middle class,A small city or town,99999,Somewhat disagree,Republican,,Catholic,,6,6,3,6,6,2,attention,75,No,75
pid_292,30-44,Male,,1985,White / Caucasian,,Some college or Associate's degree,No,Yes,Yes,"$30,000 to $55,999",2,Middle class,A small city or town,99999,Somewhat disagree,Democrat,,I am not religious,,6,6,4,6,6,2,attention,65,,
pid_293,30-44,Male,,1985,White / Caucasian,,Bachelor's degree,Yes,Yes,Yes,"$56,000 to $99,999",1,Middle class,A small city or town,99999,Somewhat disagree,Independent,,I am not religious,,5,5,3,5,5,2,attention,,,
pid_294,60+,Male,,1965,Black / African-American,,Master's degree / Professional degree,Yes,Yes,Yes,"$56,000 to $99,999",4,Middle class,A suburb near a large city,99999,Somewhat disagree,Democrat,,Catholic,,6,6,5,6,6,2,attention,75,No,65
pid_295,60+,Male,,1965,White / Caucasian,,High school diploma / GED,Yes,Yes,Not applicable,"Less than $30,000",2,Working class,A small city or town,99999,Somewhat disagree,Democrat,,I am not religious,,6,6,4,6,6,2,attention,85,,
pid_296,30-44,Female,,1984,Latino / Hispanic,,Doctorate degree / Ph.D.,Yes,Yes,Yes,"$56,000 to $99,999",1,Middle class,A small city or town,99999,Somewhat disagree,Republican,,Protestant,,6,6,3,6,7 Strongly agree,2,attention,70,Yes,55
pid_297,60+,Female,,1945,White / Caucasian,,Some college or Associate's degree,No,Yes,Yes,"$100,000 to $167,999",2,Middle class,A suburb near a large city,99999,Somewhat disagree,Republican,,Catholic,,6,6,3,6,6,3,attention,75,No,65
pid_298,30-44,Female,,1985,White / Caucasian,,Master's degree / Professional degree,Yes,Yes,Yes,"$100,000 to $167,999",3,Upper class,A suburb near a large city,99999,Somewhat disagree,Republican,,Catholic,,6,6,3,6,6,2,attention,70,No,75
pid_299,60+,Female,,1948,Black / African-American,,Doctorate degree / Ph.D.,Yes,Yes,Yes,"Less than $30,000",1,Working class,A small city or town,99999,Somewhat disagree,Democrat,,Protestant,,6,6,3,6,6,2,attention,75,No,55
pid_300,45-59,Male,,1980,White / Caucasian,,Bachelor's degree,Yes,Yes,Yes,"$168,000 or more",3,Middle class,A suburb near a large city,99999,Somewhat disagree,Independent,,I am not religious,,6,6,3,6,6,1 Strongly disagree,attention,,,
pid_301,60+,Female,,1948,White / Caucasian,,Doctorate degree / Ph.D.,Yes,Yes,Yes,"$56,000 to $99,999",1,Middle class,A small city or town,99999,Somewhat disagree,Democrat,,Protestant,,6,6,3,6,6,2,attention,75,Yes,80
pid_302,45-59,Female,,1969,Other,,Bachelor's degree,Yes,Yes,Yes,"Less than $30,000",2,Working class,A small city or town,99999,Somewhat disagree,Independent,,Protestant,,6,6,3,6,6,2,attention,,Yes,85
pid_303,60+,Female,,1962,Black / African-American,,Some college or Associate's degree,Yes,Yes,Yes,"$100,000 to $167,999",1,Middle class,A small city or town,99999,Somewhat disagree,Democrat,,I am not religious,,7 Strongly agree,7 Strongly agree,3,7 Strongly agree,7 Strongly agree,1 Strongly disagree,attention,85,,
pid_304,60+,Male,,1965,White / Caucasian,,Some college or Associate's degree,Yes,Yes,Yes,"Less than $30,000",1,Working class,A small city or town,99999,Somewhat disagree,Democrat,,I am not religious,,6,6,3,6,7 Strongly agree,2,attention,65,,
pid_305,18-29,Male,,1998,Latino / Hispanic,,Some college or Associate's degree,No,Yes,Yes,"$30,000 to $55,999",4,Working class,A small city or town,99999,Somewhat disagree,Democrat,,I am not religious,,6,6,4,6,6,2,attention,45,,
pid_306,60+,Male,,1945,White / Caucasian,,High school diploma / GED,No,Yes,Not applicable,"Less than $30,000",1,Working class,A small city or town,99999,Somewhat disagree,Independent,,Other religion (please specify),Spiritual but not religious,6,6,3,6,6,1 Strongly disagree,attention,,,10
pid_307,60+,Male,,1948,White / Caucasian,,Doctorate degree / Ph.D.,No,Yes,Yes,"$56,000 to $99,999",2,Middle class,A small city or town,99999,Somewhat disagree,Republican,,Protestant,,5,5,4,5,5,5,attention,85,Yes,85
pid_308,30-44,Male,,1985,Asian / Asian-American,,Master's degree / Professional degree,Yes,Yes,Yes,"$100,000 to $167,999",6 or more,Upper class,A suburb near a large city,99999,Somewhat disagree,Democrat,,I am not religious,,6,6,5,6,7 Strongly agree,1 Strongly disagree,attention,75,,
pid_310,30-44,Female,,1985,White / Caucasian,,Some college or Associate's degree,No,Yes,Yes,"$100,000 to $167,999",4,Middle class,A suburb near a large city,99999,Somewhat disagree,Democrat,,I am not religious,,6,6,2,6,6,1 Strongly disagree,attention,75,,
pid_311,45-59,Female,,1980,White / Caucasian,,Bachelor's degree,Yes,Yes,Yes,"$100,000 to $167,999",3,Middle class,A suburb near a large city,99999,Somewhat disagree,Democrat,,Catholic,,6,6,3,6,6,2,attention,65,No,45
pid_312,60+,Female,,1965,Latino / Hispanic,,High school diploma / GED,No,Yes,Not applicable,"$56,000 to $99,999",2,Working class,A small city or town,99999,Somewhat disagree,Republican,,Catholic,,6,6,4,6,6,2,attention,80,No,90
pid_313,30-44,Male,,1985,White / Caucasian,,Bachelor's degree,No,Yes,Yes,"Less than $30,000",2,Working class,A suburb near a large city,99999,Somewhat disagree,Independent,,I am not religious,,6,6,2,6,7 Strongly agree,1 Strongly disagree,attention,,,
pid_314,60+,Female,,1965,White / Caucasian,,Some college or Associate's degree,No,Yes,No,"$56,000 to $99,999",3,Middle class,A small city or town,99999,Somewhat disagree,Republican,,Protestant,,6,6,5,6,6,2,attention,70,Yes,65
pid_315,18-29,Male,,2000,White / Caucasian,,Bachelor's degree,Yes,Yes,Yes,"Less than $30,000",1,Working class,A large city,99999,Somewhat disagree,Democrat,,I am not religious,,6,6,3,6,6,2,attention,75,,
pid_316,45-59,Female,,1968,White / Caucasian,,Doctorate degree / Ph.D.,Yes,Yes,Yes,"$100,000 to $167,999",6 or more,Upper class,A suburb near a large city,99999,Somewhat disagree,Republican,,Protestant,,6,6,3,6,6,2,attention,75,Yes,85
pid_317,45-59,Female,,1980,Other,Mixed / multiracial,Doctorate degree / Ph.D.,Yes,Yes,Yes,"$168,000 or more",4,Upper class,A suburb near a large city,10001,Somewhat disagree,Democrat,,Protestant,,6,6,3,6,7 Strongly agree,2,attention,70,No,70
pid_318,45-59,Female,,1980,White / Caucasian,,High school diploma / GED,Yes,Yes,Not applicable,"$56,000 to $99,999",4,Working class,A small city or town,99999,Somewhat disagree,Republican,,Protestant,,6,6,4,6,6,2,attention,75,Yes,75
pid_319,18-29,Male,,2000,Black / African-American,,Bachelor's degree,Yes,Yes,Yes,"$100,000 to $167,999",6 or more,Middle class,A large city,99999,Somewhat disagree,Independent,,Muslim,,6,6,4,6,6,2,attention,,,70
pid_320,60+,Male,,1955,White / Caucasian,,Some college or Associate's degree,Yes,Yes,Yes,"Less than $30,000",1,Working class,A small city or town,99999,Somewhat disagree,Independent,,I am not religious,,7 Strongly agree,7 Strongly agree,3,7 Strongly agree,7 Strongly agree,1 Strongly disagree,attention,,,
pid_321,60+,Female,,1964,White / Caucasian,,Some college or Associate's degree,Yes,Yes,Yes,"Less than $30,000",2,Middle class,A small city or town,99999,Somewhat disagree,Republican,,I am not religious,,6,6,4,6,6,2,attention,65,,
pid_322,60+,Male,,1965,Black / African-American,,Bachelor's degree,Yes,Yes,Yes,"$56,000 to $99,999",3,Middle class,A large city,99999,Somewhat disagree,Democrat,,Catholic,,6,6,3,6,6,2,attention,80,No,50
pid_323,60+,Female,,1950,Black / African-American,,Bachelor's degree,No,Yes,Yes,"$30,000 to $55,999",2,Middle class,A small city or town,99999,Somewhat disagree,Democrat,,I am not religious,,6,6,4,6,6,2,attention,70,,
pid_324,60+,Male,,1945,White / Caucasian,,Doctorate degree / Ph.D.,Yes,Yes,Yes,"$56,000 to $99,999",2,Middle class,A small city or town,99999,Somewhat disagree,Democrat,,Protestant,,6,6,2,6,6,2,attention,70,No,45
pid_325,60+,Female,,1962,White / Caucasian,,High school diploma / GED,No,Yes,Not applicable,"$56,000 to $99,999",2,Working class,A small city or town,99999,Somewhat disagree,Republican,,Protestant,,6,6,5,6,6,2,attention,65,No,20
pid_326,60+,Female,,1948,White / Caucasian,,Some college or Associate's degree,Yes,Yes,Yes,"$56,000 to $99,999",4,Middle class,A small city or town,99999,Somewhat disagree,Republican,,Other religion (please specify),Other Christian denomination,7 Strongly agree,7 Strongly agree,4,7 Strongly agree,7 Strongly agree,2,attention,70,,80
pid_327,60+,Male,,1958,White / Caucasian,,Some college or Associate's degree,No,Yes,Yes,"$168,000 or more",2,Middle class,A small city or town,99999,Somewhat disagree,Republican,,Protestant,,6,6,4,6,6,2,attention,75,Yes,45
pid_328,60+,Female,,1965,Asian / Asian-American,,Bachelor's degree,No,Yes,Yes,"$100,000 to $167,999",2,Middle class,A suburb near a large city,99999,Somewhat disagree,Independent,,Buddhist,,5,5,4,5,5,2,attention,,,40
pid_329,60+,Male,,1948,White / Caucasian,,Bachelor's degree,Yes,Yes,Yes,"$56,000 to $99,999",2,Middle class,A small city or town,99999,Somewhat disagree,Democrat,,I am not religious,,6,6,3,6,6,1 Strongly disagree,attention,70,,
pid_330,60+,Female,,1965,Other,Other,Some college or Associate's degree,Yes,Yes,No,"$56,000 to $99,999",6 or more,Middle class,A suburb near a large city,99999,Somewhat disagree,Democrat,,Other religion (please specify),Other,6,6,4,6,6,2,attention,70,,20
pid_331,45-59,Male,,1968,White / Caucasian,,Some college or Associate's degree,No,Yes,Yes,"$56,000 to $99,999",2,Middle class,A suburb near a large city,99999,Somewhat disagree,Republican,,Catholic,,6,6,3,6,6,3,attention,75,No,55
pid_332,60+,Male,,1965,Latino / Hispanic,,Master's degree / Professional degree,Yes,Yes,Yes,"$168,000 or more",6 or more,Middle class,A suburb near a large city,99999,Somewhat disagree,Republican,,Catholic,,6,6,3,6,6,3,attention,75,No,80
pid_333,60+,Female,,1945,White / Caucasian,,Doctorate degree / Ph.D.,Yes,Yes,Yes,"$168,000 or more",2,Upper class,A suburb near a large city,99999,Somewhat disagree,Republican,,Catholic,,6,6,3,6,6,2,attention,35,No,75
pid_334,30-44,Female,,1985,White / Caucasian,,Bachelor's degree,Yes,Yes,Yes,"$168,000 or more",2,Middle class,A suburb near a large city,99999,Somewhat disagree,Independent,,I am not religious,,6,6,3,6,6,2,attention,,,
pid_335,60+,Male,,1948,Asian / Asian-American,,Some college or Associate's degree,Yes,Yes,Yes,"$56,000 to $99,999",2,Middle class,A small city or town,99999,Somewhat disagree,Republican,,I am not religious,,6,6,3,6,6,2,attention,75,,
pid_336,30-44,Female,,1985,Latino / Hispanic,,Bachelor's degree,No,Yes,Yes,"$56,000 to $99,999",1,Middle class,A small city or town,99999,Somewhat disagree,Republican,,I am not religious,,6,6,4,6,6,2,attention,65,,
pid_337,60+,Male,,1965,White / Caucasian,,Doctorate degree / Ph.D.,Yes,Yes,Yes,"$30,000 to $55,999",3,Middle class,A small city or town,99999,Somewhat disagree,Independent,,Other religion (please specify),Other Christian denomination,6,6,4,6,6,2,attention,,,75
pid_338,60+,Female,,1965,Black / African-American,,Bachelor's degree,Yes,Yes,Yes,"Less than $30,000",2,Working class,A suburb near a large city,99999,Somewhat disagree,Independent,,Protestant,,6,6,4,6,6,2,attention,,Yes,75
pid_339,45-59,Male,,1968,Black / African-American,,Doctorate degree / Ph.D.,Yes,Yes,Yes,"$168,000 or more",3,Upper class,A large city,99999,Somewhat disagree,Democrat,,I am not religious,,6,6,3,6,6,1 Strongly disagree,attention,70,,
pid_340,18-29,Male,,2000,White / Caucasian,,Bachelor's degree,Yes,Yes,Yes,"$30,000 to $55,999",4,Middle class,A suburb near a large city,99999,Somewhat disagree,Republican,,Protestant,,6,6,4,6,6,2,attention,75,Yes,65
pid_341,45-59,Male,,1980,White / Caucasian,,Bachelor's degree,Yes,Yes,Yes,"$100,000 to $167,999",3,Middle class,A suburb near a large city,99999,Somewhat disagree,Democrat,,I am not religious,,6,6,4,6,6,2,attention,70,,
pid_342,18-29,Male,,2000,Asian / Asian-American,,Bachelor's degree,No,Yes,Yes,"$100,000 to $167,999",3,Middle class,A large city,99999,Somewhat disagree,Democrat,,I am not religious,,6,6,3,6,6,1 Strongly disagree,attention,70,,
pid_343,30-44,Male,,1985,White / Caucasian,,Doctorate degree / Ph.D.,Yes,Yes,Yes,"$100,000 to $167,999",2,Middle class,A large city,10001,Somewhat disagree,Democrat,,I am not religious,,6,6,3,6,6,1 Strongly disagree,attention,70,,
pid_344,18-29,Male,,2000,Latino / Hispanic,,High school diploma / GED,No,Yes,Not applicable,"$100,000 to $167,999",6 or more,Middle class,A small city or town,99999,Somewhat disagree,Democrat,,I am not religious,,6,6,4,6,6,2,attention,75,,
pid_345,45-59,Male,,1968,White / Caucasian,,Bachelor's degree,No,Yes,Yes,"$56,000 to $99,999",4,Middle class,A suburb near a large city,99999,Somewhat disagree,Republican,,Protestant,,6,6,3,6,6,2,attention,70,Yes,70
pid_346,30-44,Male,,1985,Black / African-American,,High school diploma / GED,Yes,Yes,Not applicable,"$56,000 to $99,999",1,Working class,A small city or town,99999,Somewhat disagree,Independent,,I am not religious,,7 Strongly agree,7 Strongly agree,4,7 Strongly agree,7 Strongly agree,1 Strongly disagree,attention,,,
pid_347,60+,Female,,1948,White / Caucasian,,Some college or Associate's degree,No,Yes,Yes,"$30,000 to $55,999",2,Middle class,A small city or town,99999,Somewhat disagree,Independent,,I am not religious,,5,5,3,5,5,2,attention,,,
pid_348,45-59,Female,,1980,Black / African-American,,Bachelor's degree,Yes,Yes,Yes,"$100,000 to $167,999",4,Middle class,A suburb near a large city,19104,Somewhat disagree,Independent,,Protestant,,6,6,3,6,6,2,attention,,Yes,90
pid_350,45-59,Male,,1980,Latino / Hispanic,,Bachelor's degree,Yes,Yes,Yes,"$100,000 to $167,999",3,Middle class,A suburb near a large city,99999,Somewhat disagree,Republican,,Catholic,,5,6,3,6,6,2,attention,85,No,85
pid_351,18-29,Male,,2000,Asian / Asian-American,,Some college or Associate's degree,Yes,Yes,Yes,"$30,000 to $55,999",3,Middle class,A suburb near a large city,99999,Somewhat disagree,Democrat,,I am not religious,,6,6,2,6,6,1 Strongly disagree,attention,65,,
pid_352,60+,Female,,1948,White / Caucasian,,Some college or Associate's degree,Yes,Yes,Yes,"$56,000 to $99,999",2,Middle class,A small city or town,99999,Somewhat disagree,Independent,,I am not religious,,6,6,2,6,6,1 Strongly disagree,attention,,,
pid_353,45-59,Male,,1980,Latino / Hispanic,,Bachelor's degree,Yes,Yes,Yes,"$100,000 to $167,999",6 or more,Middle class,A suburb near a large city,99999,Somewhat disagree,Republican,,Catholic,,6,6,3,6,6,3,attention,85,No,85
pid_354,45-59,Female,,1980,White / Caucasian,,Bachelor's degree,Yes,Yes,Yes,"$100,000 to $167,999",6 or more,Middle class,A suburb near a large city,99999,Somewhat disagree,Democrat,,I am not religious,,6,6,3,6,6,1 Strongly disagree,attention,75,,
pid_355,18-29,Male,,1998,Latino / Hispanic,,Bachelor's degree,Yes,Yes,Yes,"$56,000 to $99,999",3,Middle class,A suburb near a large city,10001,Somewhat disagree,Independent,,I am not religious,,7 Strongly agree,6,3,6,7 Strongly agree,2,attention,,,
pid_356,30-44,Female,,1985,Other,Other,Some college or Associate's degree,No,Yes,Yes,"Less than $30,000",3,Working class,A small city or town,99999,Somewhat disagree,Independent,,I am not religious,,7 Strongly agree,7 Strongly agree,4,7 Strongly agree,7 Strongly agree,1 Strongly disagree,attention,,,
pid_357,30-44,Male,,1985,White / Caucasian,,High school diploma / GED,No,Yes,Not applicable,"Less than $30,000",1,Working class,A rural area,99999,Somewhat disagree,Republican,,Protestant,,6,6,4,6,6,2,attention,65,Yes,80
pid_358,30-44,Male,,1984,White / Caucasian,,Doctorate degree / Ph.D.,No,Yes,Yes,"$100,000 to $167,999",3,Middle class,A suburb near a large city,99999,Somewhat disagree,Democrat,,Catholic,,6,6,3,6,6,2,attention,70,No,60
pid_359,60+,Male,,1965,White / Caucasian,,Some college or Associate's degree,Yes,Yes,Yes,"Less than $30,000",1,Working class,A small city or town,99999,Somewhat disagree,Republican,,Other religion (please specify),Other Christian,6,6,5,6,6,2,attention,65,,80
pid_360,60+,Male,,1965,White / Caucasian,,Doctorate degree / Ph.D.,Yes,Yes,Yes,"$100,000 to $167,999",4,Middle class,A small city or town,99999,Somewhat disagree,Republican,,Catholic,,6,6,3,6,6,2,attention,70,No,70
pid_361,60+,Female,,1965,White / Caucasian,,Some college or Associate's degree,Yes,Yes,No,"Less than $30,000",1,Working class,A small city or town,99999,Somewhat disagree,Democrat,,Protestant,,6,6,3,6,6,2,attention,70,No,35
pid_362,60+,Female,,1965,White / Caucasian,,Bachelor's degree,Yes,Yes,Yes,"$168,000 or more",3,Middle class,A suburb near a large city,99999,Somewhat disagree,Democrat,,Protestant,,6,6,3,6,6,2,attention,90,No,45
pid_363,30-44,Male,,1985,White / Caucasian,,High school diploma / GED,No,Yes,Not applicable,"$30,000 to $55,999",2,Working class,A suburb near a large city,99999,Somewhat disagree,Other (please specify),Something else,I am not religious,,6,6,2,6,6,1 Strongly disagree,attention,,,
pid_364,60+,Female,,1965,Black / African-American,,Bachelor's degree,No,Yes,Yes,"$100,000 to $167,999",3,Middle class,A suburb near a large city,99999,Somewhat disagree,Democrat,,Catholic,,6,6,3,6,6,2,attention,70,No,60
pid_365,18-29,Female,,2000,Black / African-American,,Doctorate degree / Ph.D.,No,Yes,Yes,"$168,000 or more",2,Upper class,A large city,99999,Somewhat disagree,Republican,,Orthodox Christian,,6,6,3,6,6,1 Strongly disagree,attention,70,No,45
pid_366,60+,Female,,1965,White / Caucasian,,High school diploma / GED,No,Yes,Not applicable,"$30,000 to $55,999",2,Working class,A small city or town,99999,Somewhat disagree,Independent,,Protestant,,6,6,3,5,6,2,attention,,Yes,75
pid_367,30-44,Male,,1985,White / Caucasian,,Some college or Associate's degree,Yes,Yes,Yes,"$30,000 to $55,999",3,Working class,A small city or town,99999,Somewhat disagree,Independent,,I am not religious,,6,6,3,6,6,1 Strongly disagree,attention,,,
pid_368,60+,Female,,1965,White / Caucasian,,Bachelor's degree,Yes,Yes,Yes,"$100,000 to $167,999",4,Middle class,A suburb near a large city,99999,Somewhat disagree,Democrat,,Protestant,,6,6,3,6,6,1 Strongly disagree,attention,75,No,75
pid_369,45-59,Female,,1980,White / Caucasian,,Some college or Associate's degree,Yes,Yes,Yes,"$100,000 to $167,999",4,Middle class,A suburb near a large city,99999,Somewhat disagree,Republican,,I am not religious,,6,6,3,6,6,2,attention,65,,
pid_370,60+,Female,,1965,White / Caucasian,,Some college or Associate's degree,Yes,Yes,No,"$56,000 to $99,999",2,Middle class,A small city or town,99999,Somewhat disagree,Republican,,Protestant,,6,6,3,6,6,2,attention,70,Yes,65
pid_371,45-59,Female,,1968,White / Caucasian,,Bachelor's degree,No,Yes,Yes,"$168,000 or more",2,Middle class,A suburb near a large city,99999,Somewhat disagree,Republican,,Catholic,,6,6,3,6,6,2,attention,70,No,30
pid_372,30-44,Male,,1985,White / Caucasian,,Some college or Associate's degree,No,Yes,No,"$30,000 to $55,999",3,Middle class,A small city or town,99999,Somewhat disagree,Republican,,Protestant,,6,6,5,6,6,2,attention,70,Yes,70
pid_373,60+,Female,,1955,White / Caucasian,,Some college or Associate's degree,Yes,Yes,No,"$30,000 to $55,999",1,Working class,A small city or town,99999,Somewhat disagree,Democrat,,I am not religious,,6,6,3,6,7 Strongly agree,1 Strongly disagree,attention,85,,
pid_374,60+,Male,,1965,White / Caucasian,,Some college or Associate's degree,No,Yes,Yes,"$56,000 to $99,999",2,Middle class,A suburb near a large city,99999,Somewhat disagree,Democrat,,Catholic,,6,6,3,6,6,1 Strongly disagree,attention,75,No,45
pid_375,60+,Male,,1955,White / Caucasian,,Some college or Associate's degree,No,Yes,Yes,"$56,000 to $99,999",3,Middle class,A small city or town,99999,Somewhat disagree,Democrat,,Protestant,,6,6,3,6,6,2,attention,70,No,35
pid_376,60+,Male,,1965,Black / African-American,,Bachelor's degree,No,Yes,Yes,"Less than $30,000",1,Working class,A small city or town,99999,Somewhat disagree,Democrat,,Buddhist,,6,6,3,6,6,2,attention,70,,25
pid_377,18-29,Male,,2000,Black / African-American,,Bachelor's degree,Yes,Yes,Yes,"Less than $30,000",4,Working class,A small city or town,99999,Somewhat disagree,Republican,,Protestant,,6,6,4,6,6,2,attention,65,No,45
pid_378,30-44,Female,,1985,Asian / Asian-American,,Bachelor's degree,Yes,Yes,Yes,"$100,000 to $167,999",4,Middle class,A suburb near a large city,99999,Somewhat disagree,Democrat,,I am not religious,,6,6,3,6,6,2,attention,70,,
pid_379,60+,Male,,1964,Other,,Bachelor's degree,Yes,Yes,Yes,"$56,000 to $99,999",4,Middle class,A small city or town,99999,Somewhat disagree,Democrat,,I am not religious,,6,6,4,6,6,1 Strongly disagree,attention,55,,
pid_380,18-29,Female,,2000,White / Caucasian,,Bachelor's degree,Yes,Yes,Yes,"$100,000 to $167,999",4,Middle class,A small city or town,99999,Somewhat disagree,Republican,,Other religion (please specify),Other,6,6,4,6,6,2,attention,70,,35
pid_381,45-59,Male,,1978,White / Caucasian,,Doctorate degree / Ph.D.,Yes,Yes,Yes,"$100,000 to $167,999",4,Middle class,A suburb near a large city,99999,Somewhat disagree,Independent,,I am not religious,,6,6,3,6,6,2,attention,,,
pid_382,60+,Male,,1965,White / Caucasian,,Bachelor's degree,Yes,Yes,Yes,"$100,000 to $167,999",3,Middle class,A suburb near a large city,99999,Somewhat disagree,Independent,,Protestant,,7 Strongly agree,7 Strongly agree,2,7 Strongly agree,7 Strongly agree,1 Strongly disagree,attention,,Yes,55
pid_383,60+,Male,,1948,White / Caucasian,,Some college or Associate's degree,Yes,Yes,Yes,"$100,000 to $167,999",3,Middle class,A small city or town,99999,Somewhat disagree,Republican,,Orthodox Christian,,6,6,2,6,6,2,attention,75,No,85
pid_384,60+,Female,,1948,Black / African-American,,Bachelor's degree,No,Yes,Yes,"$30,000 to $55,999",1,Middle class,A small city or town,99999,Somewhat disagree,Democrat,,Other religion (please specify),Other,6,6,3,6,6,2,attention,70,,70
pid_385,60+,Male,,1965,White / Caucasian,,Some college or Associate's degree,Yes,Yes,No,"Less than $30,000",1,Working class,A small city or town,99999,Somewhat disagree,Independent,,I am not religious,,7 Strongly agree,7 Strongly agree,3,7 Strongly agree,7 Strongly agree,1 Strongly disagree,attention,,,
pid_386,60+,Male,,1965,White / Caucasian,,Some college or Associate's degree,Yes,Yes,Yes,"$30,000 to $55,999",1,Middle class,A small city or town,99999,Somewhat disagree,Independent,,I am not religious,,6,6,3,6,6,2,attention,,,
pid_387,60+,Female,,1965,White / Caucasian,,Bachelor's degree,Yes,Yes,Yes,"$56,000 to $99,999",2,Middle class,A suburb near a large city,99999,Somewhat disagree,Other (please specify),Something else,Catholic,,6,6,2,6,6,2,attention,,No,25
pid_388,60+,Female,,1945,White / Caucasian,,Bachelor's degree,No,Yes,Yes,"Less than $30,000",1,Middle class,A small city or town,99999,Somewhat disagree,Democrat,,Catholic,,6,6,2,6,6,1 Strongly disagree,attention,70,No,65
pid_389,60+,Female,,1948,White / Caucasian,,Bachelor's degree,Yes,Yes,Yes,"$56,000 to $99,999",2,Middle class,A small city or town,99999,Somewhat disagree,Democrat,,Protestant,,6,6,3,6,7 Strongly agree,1 Strongly disagree,attention,70,No,15
pid_390,60+,Male,,1948,White / Caucasian,,Bachelor's degree,Yes,Yes,Yes,"$56,000 to $99,999",2,Middle class,A small city or town,99999,Somewhat disagree,Republican,,Other religion (please specify),Other,6,6,3,6,6,2,attention,70,,25
pid_391,60+,Male,,1965,White / Caucasian,,Master's degree / Professional degree,No,Yes,Yes,"$56,000 to $99,999",2,Middle class,A suburb near a large city,99999,Somewhat disagree,Democrat,,Jewish,,6,6,4,6,6,2,attention,70,,55
pid_392,18-29,Female,,2000,Black / African-American,,Some college or Associate's degree,No,Yes,Yes,"$56,000 to $99,999",4,Middle class,A large city,99999,Somewhat disagree,Independent,,I am not religious,,6,6,3,6,6,2,attention,,,
pid_393,60+,Male,,1965,Latino / Hispanic,,Some college or Associate's degree,Yes,Yes,Yes,"$56,000 to $99,999",4,Middle class,A small city or town,99999,Somewhat disagree,Democrat,,Catholic,,6,6,3,6,6,2,attention,70,No,85
pid_394,60+,Female,,1958,White / Caucasian,,Bachelor's degree,No,Yes,Yes,"$168,000 or more",1,Upper class,A suburb near a large city,99999,Somewhat disagree,Democrat,,Buddhist,,7 Strongly agree,7 Strongly agree,3,7 Strongly agree,7 Strongly agree,1 Strongly disagree,attention,85,,20
pid_395,60+,Female,,1965,Black / African-American,,Bachelor's degree,No,Yes,Yes,"$30,000 to $55,999",3,Working class,A suburb near a large city,99999,Somewhat disagree,Republican,,Catholic,,6,6,3,6,6,2,attention,95,No,90
pid_396,30-44,Male,,1985,Latino / Hispanic,,High school diploma / GED,Yes,Yes,Not applicable,"$30,000 to $55,999",2,Working class,A small city or town,99999,Somewhat disagree,Democrat,,I am not religious,,7 Strongly agree,7 Strongly agree,4,7 Strongly agree,7 Strongly agree,1 Strongly disagree,attention,80,,
pid_397,60+,Male,,1958,White / Caucasian,,Doctorate degree / Ph.D.,Yes,Yes,Yes,"$100,000 to $167,999",2,Upper class,A small city or town,99999,Somewhat disagree,Democrat,,Protestant,,7 Strongly agree,7 Strongly agree,2,6,7 Strongly agree,1 Strongly disagree,attention,65,No,35
pid_398,60+,Female,,1965,Latino / Hispanic,,Some college or Associate's degree,No,Yes,No,"Less than $30,000",1,Working class,A small city or town,99999,Somewhat disagree,Independent,,Buddhist,,6,6,4,6,6,2,attention,,,15
pid_399,60+,Female,,1948,Other,Other,Doctorate degree / Ph.D.,Yes,Yes,Yes,"$56,000 to $99,999",2,Middle class,A small city or town,99999,Somewhat disagree,Democrat,,I am not religious,,6,6,3,6,6,2,attention,75,,
pid_400,60+,Female,,1965,White / Caucasian,,Bachelor's degree,No,Yes,Yes,"$56,000 to $99,999",1,Middle class,A small city or town,99999,Somewhat disagree,Democrat,,Buddhist,,6,6,2,6,6,1 Strongly disagree,attention,85,,25
pid_401,18-29,Male,,2000,Latino / Hispanic,,Less than high school,No,No,Not applicable,"$30,000 to $55,999",4,Working class,A small city or town,99999,Somewhat disagree,Independent,,I am not religious,,5,5,5,5,6,2,attention,,,
pid_402,60+,Female,,1965,Asian / Asian-American,,Bachelor's degree,Yes,Yes,Yes,"$56,000 to $99,999",1,Middle class,A suburb near a large city,99999,Somewhat disagree,Republican,,Catholic,,6,6,3,6,6,2,attention,70,No,75
pid_403,30-44,Male,,1985,Black / African-American,,Some college or Associate's degree,No,Yes,Yes,"$56,000 to $99,999",3,Middle class,A small city or town,99999,Somewhat disagree,Democrat,,I am not religious,,6,6,3,6,6,2,attention,80,,
pid_404,45-59,Male,,1980,White / Caucasian,,Some college or Associate's degree,No,Yes,Yes,"$100,000 to $167,999",4,Middle class,A suburb near a large city,99999,Somewhat disagree,Republican,,Catholic,,6,6,4,6,6,2,attention,75,No,55
pid_405,60+,Male,,1965,White / Caucasian,,Bachelor's degree,No,Yes,Yes,"$56,000 to $99,999",4,Middle class,A suburb near a large city,99999,Somewhat disagree,Democrat,,Catholic,,6,6,2,6,6,1 Strongly disagree,attention,70,No,85
pid_406,18-29,Male,,2000,White / Caucasian,,High school diploma / GED,Yes,Yes,Not applicable,"Less than $30,000",3,Working class,A small city or town,99999,Somewhat disagree,Independent,,Protestant,,6,6,4,6,6,2,attention,,No,45
pid_407,60+,Male,,1965,Latino / Hispanic,,Bachelor's degree,No,Yes,Yes,"$56,000 to $99,999",1,Middle class,A small city or town,99999,Somewhat disagree,Democrat,,I am not religious,,6,6,4,6,6,2,attention,55,,
pid_408,60+,Female,,1948,White / Caucasian,,Bachelor's degree,Yes,Yes,Yes,"$56,000 to $99,999",2,Middle class,A suburb near a large city,99999,Somewhat disagree,Democrat,,Protestant,,6,6,3,6,6,2,attention,70,No,30
pid_409,45-59,Male,,1980,White / Caucasian,,Bachelor's degree,Yes,Yes,Yes,"$100,000 to $167,999",3,Middle class,A suburb near a large city,99999,Somewhat disagree,Republican,,Catholic,,6,6,3,6,6,2,attention,85,No,60
pid_410,18-29,Female,,1998,Asian / Asian-American,,Bachelor's degree,Yes,Yes,Yes,"$56,000 to $99,999",2,Middle class,A large city,99999,Somewhat disagree,Democrat,,I am not religious,,6,6,3,6,6,1 Strongly disagree,attention,70,,
pid_411,45-59,Male,,1980,White / Caucasian,,Bachelor's degree,No,Yes,Yes,"$100,000 to $167,999",3,Middle class,A suburb near a large city,99999,Somewhat disagree,Republican,,Catholic,,6,6,2,6,6,2,attention,85,No,65
pid_412,45-59,Male,,1979,White / Caucasian,,Bachelor's degree,No,Yes,Yes,"$168,000 or more",4,Upper class,A suburb near a large city,99999,Somewhat disagree,Republican,,Catholic,,6,6,2,6,6,2,attention,90,No,75
pid_413,30-44,Female,,1985,White / Caucasian,,High school diploma / GED,No,Yes,Not applicable,"$30,000 to $55,999",6 or more,Working class,A small city or town,99999,Somewhat disagree,Independent,,Other religion (please specify),Spiritual but not religious,6,6,4,6,6,1 Strongly disagree,attention,,,15
pid_414,60+,Female,,1965,White / Caucasian,,Bachelor's degree,Yes,Yes,Yes,"$100,000 to $167,999",2,Middle class,A suburb near a large city,99999,Somewhat disagree,Republican,,I am not religious,,6,6,4,6,6,1 Strongly disagree,attention,70,,
pid_415,60+,Male,,1948,White / Caucasian,,Doctorate degree / Ph.D.,No,Yes,Yes,"$30,000 to $55,999",2,Middle class,A small city or town,10001,Somewhat disagree,Democrat,,I am not religious,,7 Strongly agree,7 Strongly agree,3,7 Strongly agree,7 Strongly agree,1 Strongly disagree,attention,60,,
pid_416,45-59,Male,,1980,White / Caucasian,,Bachelor's degree,Yes,Yes,Yes,"$56,000 to $99,999",2,Middle class,A suburb near a large city,99999,Somewhat disagree,Republican,,Protestant,,6,6,3,6,6,2,attention,65,Yes,65
pid_417,60+,Male,,1948,White / Caucasian,,Bachelor's degree,No,Yes,Yes,"Less than $30,000",1,Middle class,A small city or town,99999,Somewhat disagree,Independent,,I am not religious,,7 Strongly agree,7 Strongly agree,4,6,7 Strongly agree,1 Strongly disagree,attention,,,
pid_418,60+,Male,,1965,White / Caucasian,,Doctorate degree / Ph.D.,Yes,Yes,Yes,"$56,000 to $99,999",1,Middle class,A small city or town,99999,Somewhat disagree,Independent,,Catholic,,6,6,4,6,6,2,attention,,No,45
pid_419,30-44,Male,,1985,White / Caucasian,,Bachelor's degree,No,Yes,Yes,"$100,000 to $167,999",2,Middle class,A suburb near a large city,99999,Somewhat disagree,Democrat,,Other religion (please specify),Other,6,6,3,6,6,2,attention,75,,75
pid_420,45-59,Male,,1968,White / Caucasian,,Doctorate degree / Ph.D.,No,Yes,Yes,"$56,000 to $99,999",6 or more,Middle class,A small city or town,99999,Somewhat disagree,Independent,,Protestant,,6,6,3,6,6,1 Strongly disagree,attention,,No,40
pid_421,60+,Female,,1965,White / Caucasian,,Some college or Associate's degree,Yes,Yes,No,"Less than $30,000",1,Working class,A small city or town,99999,Somewhat disagree,Republican,,Protestant,,6,6,4,6,6,2,attention,85,No,60
pid_422,60+,Female,,1962,White / Caucasian,,Some college or Associate's degree,Yes,Yes,No,"$56,000 to $99,999",2,Middle class,A small city or town,99999,Somewhat disagree,Republican,,Protestant,,6,6,3,6,6,2,attention,40,No,35
pid_423,18-29,Male,,2000,Black / African-American,,Bachelor's degree,No,Yes,Yes,"$56,000 to $99,999",1,Middle class,A small city or town,99999,Somewhat disagree,Republican,,Catholic,,6,6,2,6,6,1 Strongly disagree,attention,75,No,75
pid_424,60+,Male,,1965,Other,,Some college or Associate's degree,Yes,Yes,Yes,"$100,000 to $167,999",2,Middle class,A small city or town,99999,Somewhat disagree,Independent,,Buddhist,,7 Strongly agree,7 Strongly agree,2,7 Strongly agree,7 Strongly agree,1 Strongly disagree,attention,,,25
pid_425,45-59,Male,,1968,White / Caucasian,,Bachelor's degree,Yes,Yes,Yes,"$56,000 to $99,999",3,Middle class,A small city or town,99999,Somewhat disagree,Independent,,Catholic,,6,6,3,6,6,2,attention,,No,70
pid_426,18-29,Female,,1998,White / Caucasian,,Bachelor's degree,Yes,Yes,Yes,"$56,000 to $99,999",3,Middle class,A small city or town,99999,Somewhat disagree,Republican,,I am not religious,,6,6,3,6,6,2,attention,60,,
pid_427,60+,Male,,1945,Black / African-American,,Bachelor's degree,No,Yes,Yes,"$100,000 to $167,999",2,Middle class,A small city or town,99999,Somewhat disagree,Independent,,I am not religious,,6,6,4,6,6,2,attention,,,
pid_428,18-29,Male,,1998,Black / African-American,,Bachelor's degree,No,Yes,Yes,"$56,000 to $99,999",1,Middle class,A large city,99999,Somewhat disagree,Democrat,,Catholic,,6,6,4,6,6,2,attention,65,No,55
pid_429,60+,Female,,1965,White / Caucasian,,Some college or Associate's degree,Yes,Yes,Yes,"$100,000 to $167,999",3,Middle class,A suburb near a large city,99999,Somewhat disagree,Democrat,,Protestant,,6,6,4,6,6,1 Strongly disagree,attention,85,No,15
pid_430,30-44,Female,,1985,White / Caucasian,,High school diploma / GED,No,Yes,Not applicable,"$56,000 to $99,999",3,Middle class,A suburb near a large city,99999,Somewhat disagree,Republican,,I am not religious,,6,6,4,6,6,2,attention,70,,
pid_431,45-59,Male,,1980,White / Caucasian,,Bachelor's degree,No,Yes,Yes,"$100,000 to $167,999",2,Middle class,A suburb near a large city,99999,Somewhat disagree,Republican,,Catholic,,6,6,3,6,6,2,attention,65,No,35
pid_432,30-44,Male,,1985,White / Caucasian,,Bachelor's degree,Yes,Yes,Yes,"Less than $30,000",2,Working class,A small city or town,99999,Somewhat disagree,Independent,,Protestant,,6,6,3,6,6,2,attention,,Yes,75
pid_433,18-29,Female,,1998,White / Caucasian,,High school diploma / GED,Yes,Yes,Not applicable,"$100,000 to $167,999",3,Middle class,A small city or town,99999,Somewhat disagree,Independent,,Protestant,,6,6,4,6,6,2,attention,,No,45
pid_434,60+,Male,,1965,White / Caucasian,,Master's degree / Professional degree,Yes,Yes,Yes,"Less than $30,000",1,Working class,A small city or town,99999,Somewhat disagree,Independent,,Other religion (please specify),Other,6,6,3,6,6,2,attention,,,15
pid_435,60+,Male,,1965,White / Caucasian,,High school diploma / GED,Yes,Yes,Not applicable,"$56,000 to $99,999",3,Working class,A small city or town,99999,Somewhat disagree,Republican,,Protestant,,6,6,3,6,6,2,attention,70,Yes,70
pid_436,30-44,Female,,1985,White / Caucasian,,Some college or Associate's degree,No,Yes,Yes,"Less than $30,000",2,Working class,A small city or town,99999,Somewhat disagree,Democrat,,I am not religious,,6,6,3,6,6,2,attention,70,,
pid_437,30-44,Female,,1985,White / Caucasian,,Doctorate degree / Ph.D.,Yes,Yes,Yes,"$100,000 to $167,999",3,Middle class,A large city,99999,Somewhat disagree,Democrat,,I am not religious,,7 Strongly agree,7 Strongly agree,2,6,7 Strongly agree,1 Strongly disagree,attention,75,,
pid_438,18-29,Male,,2000,Latino / Hispanic,,High school diploma / GED,Yes,Yes,No,"$56,000 to $99,999",1,Middle class,A large city,99999,Somewhat disagree,Democrat,,Catholic,,6,6,4,6,6,2,attention,70,No,30
pid_439,60+,Female,,1962,White / Caucasian,,High school diploma / GED,Yes,Yes,Not applicable,"$100,000 to $167,999",4,Middle class,A suburb near a large city,99999,Somewhat disagree,Republican,,Mormon,,6,6,2,6,6,5,attention,75,Yes,85
pid_440,30-44,Female,,1985,White / Caucasian,,Doctorate degree / Ph.D.,No,Yes,Yes,"$100,000 to $167,999",1,Upper class,A large city,10001,Somewhat disagree,Independent,,I am not religious,,6,6,3,6,6,1 Strongly disagree,attention,,,
pid_441,60+,Male,,1965,Black / African-American,,Bachelor's degree,Yes,Yes,Yes,"$56,000 to $99,999",1,Middle class,A small city or town,99999,Somewhat disagree,Republican,,Protestant,,6,6,4,6,6,2,attention,75,No,55
pid_442,45-59,Female,,1968,White / Caucasian,,Some college or Associate's degree,Yes,Yes,Yes,"$56,000 to $99,999",1,Middle class,A small city or town,99999,Somewhat disagree,Independent,,Catholic,,6,6,2,6,6,2,attention,,No,45
pid_443,30-44,Male,,1985,Black / African-American,,Some college or Associate's degree,Yes,Yes,No,"Less than $30,000",2,Working class,A large city,10001,Somewhat disagree,Independent,,I am not religious,,6,7 Strongly agree,3,6,7 Strongly agree,1 Strongly disagree,attention,,,
pid_444,18-29,Male,,1998,White / Caucasian,,Doctorate degree / Ph.D.,Yes,Yes,Yes,"$30,000 to $55,999",1,Middle class,A large city,02139,Somewhat disagree,Republican,,Catholic,,6,6,3,6,6,2,attention,85,No,75
pid_445,45-59,Male,,1980,White / Caucasian,,Some college or Associate's degree,Yes,Yes,No,"$30,000 to $55,999",3,Working class,A small city or town,99999,Somewhat disagree,Republican,,Protestant,,7 Strongly agree,7 Strongly agree,4,7 Strongly agree,7 Strongly agree,2,attention,35,No,45
pid_446,30-44,Female,,1985,White / Caucasian,,Some college or Associate's degree,No,Yes,Yes,"$30,000 to $55,999",4,Middle class,A small city or town,99999,Somewhat disagree,Independent,,I am not religious,,6,6,3,6,6,2,attention,,,
pid_447,60+,Male,,1965,Asian / Asian-American,,Bachelor's degree,Yes,Yes,Yes,"Less than $30,000",1,Working class,A small city or town,99999,Somewhat disagree,Republican,,Protestant,,6,6,4,6,6,2,attention,70,Yes,75
pid_448,30-44,Male,,1982,White / Caucasian,,Some college or Associate's degree,No,Yes,No,"$56,000 to $99,999",6 or more,Middle class,A suburb near a large city,99999,Somewhat disagree,Republican,,I am not religious,,6,6,3,6,6,2,attention,65,,
pid_449,60+,Female,,1965,White / Caucasian,,Some college or Associate's degree,No,Yes,Yes,"$100,000 to $167,999",2,Middle class,A small city or town,99999,Somewhat disagree,Independent,,I am not religious,,7 Strongly agree,7 Strongly agree,2,7 Strongly agree,7 Strongly agree,1 Strongly disagree,attention,,,
pid_450,45-59,Female,,1980,White / Caucasian,,High school diploma / GED,No,Yes,Not applicable,"$30,000 to $55,999",4,Working class,A suburb near a large city,99999,Somewhat disagree,Democrat,,I am not religious,,6,6,3,6,6,2,attention,70,,
pid_451,60+,Female,,1948,White / Caucasian,,Bachelor's degree,Yes,Yes,Yes,"$30,000 to $55,999",1,Middle class,A small city or town,99999,Somewhat disagree,Democrat,,I am not religious,,6,6,3,6,7 Strongly agree,1 Strongly disagree,attention,75,,
pid_452,30-44,Male,,1985,White / Caucasian,,Master's degree / Professional degree,Yes,Yes,Yes,"$168,000 or more",6 or more,Upper class,A suburb near a large city,99999,Somewhat disagree,Republican,,Protestant,,7 Strongly agree,7 Strongly agree,2,7 Strongly agree,7 Strongly agree,1 Strongly disagree,attention,70,Yes,70
pid_453,18-29,Male,,2000,Black / African-American,,Some college or Associate's degree,No,Yes,No,"$100,000 to $167,999",6 or more,Middle class,A suburb near a large city,99999,Somewhat disagree,Republican,,Catholic,,6,6,4,6,6,2,attention,55,No,45
pid_454,45-59,Male,,1980,White / Caucasian,,Doctorate degree / Ph.D.,Yes,Yes,Yes,"$30,000 to $55,999",4,Middle class,A suburb near a large city,99999,Somewhat disagree,Independent,,Jewish,,6,6,3,6,6,2,attention,,,25
pid_455,45-59,Female,,1980,Asian / Asian-American,,Some college or Associate's degree,No,Yes,Yes,"$100,000 to $167,999",3,Middle class,A suburb near a large city,99999,Somewhat disagree,Republican,,Protestant,,6,6,3,6,6,2,attention,55,Yes,75
pid_456,45-59,Female,,1978,White / Caucasian,,Doctorate degree / Ph.D.,Yes,Yes,Yes,"$168,000 or more",6 or more,Upper class,A suburb near a large city,99999,Somewhat disagree,Democrat,,I am not religious,,6,6,3,6,6,2,attention,70,,
pid_458,30-44,Female,,1985,Black / African-American,,Doctorate degree / Ph.D.,Yes,Yes,Yes,"$30,000 to $55,999",3,Middle class,A small city or town,99999,Somewhat disagree,Independent,,Catholic,,6,6,4,6,6,2,attention,,No,45
pid_459,60+,Female,,1965,White / Caucasian,,High school diploma / GED,Yes,Yes,Not applicable,"$100,000 to $167,999",3,Middle class,A small city or town,99999,Somewhat disagree,Democrat,,Protestant,,6,6,3,6,6,2,attention,70,No,45
pid_460,45-59,Male,,1979,White / Caucasian,,Some college or Associate's degree,No,Yes,Yes,"$56,000 to $99,999",1,Middle class,A small city or town,99999,Somewhat disagree,Democrat,,I am not religious,,6,6,3,6,6,2,attention,70,,
pid_461,60+,Male,,1965,White / Caucasian,,Master's degree / Professional degree,Yes,Yes,Yes,"$168,000 or more",3,Upper class,A large city,30309,Somewhat disagree,Democrat,,Protestant,,7 Strongly agree,7 Strongly agree,3,6,7 Strongly agree,1 Strongly disagree,attention,75,No,55
pid_462,60+,Female,,1945,White / Caucasian,,Some college or Associate's degree,No,Yes,No,"Less than $30,000",1,Working class,A small city or town,99999,Somewhat disagree,Republican,,Protestant,,6,6,3,6,6,2,attention,75,Yes,80
pid_463,18-29,Female,,1998,White / Caucasian,,Bachelor's degree,No,Yes,Yes,"$56,000 to $99,999",1,Middle class,A large city,99999,Somewhat disagree,Democrat,,Jewish,,6,6,3,6,6,2,attention,85,,20
pid_464,18-29,Female,,2000,Latino / Hispanic,,Some college or Associate's degree,Yes,Yes,Yes,"Less than $30,000",3,Working class,A large city,99999,Somewhat disagree,Democrat,,I am not religious,,6,6,3,6,6,2,attention,75,,
pid_465,18-29,Female,,2000,White / Caucasian,,Bachelor's degree,Yes,Yes,Yes,"$100,000 to $167,999",3,Upper class,A suburb near a large city,99999,Somewhat disagree,Democrat,,Catholic,,6,6,3,6,6,2,attention,75,No,55
pid_466,60+,Male,,1965,White / Caucasian,,Bachelor's degree,No,Yes,Yes,"$100,000 to $167,999",2,Middle class,A suburb near a large city,99999,Somewhat disagree,Independent,,I am not religious,,6,6,4,6,6,1 Strongly disagree,attention,,,
pid_467,18-29,Female,,2000,White / Caucasian,,Bachelor's degree,No,Yes,Yes,"$30,000 to $55,999",3,Middle class,A suburb near a large city,99999,Somewhat disagree,Democrat,,I am not religious,,5,5,3,5,5,2,attention,60,,
pid_468,60+,Female,,1963,White / Caucasian,,Doctorate degree / Ph.D.,Yes,Yes,Yes,"$100,000 to $167,999",4,Middle class,A suburb near a large city,99999,Somewhat disagree,Republican,,Other religion (please specify),Other,6,6,3,6,6,2,attention,75,,30
pid_469,45-59,Female,,1980,Black / African-American,,Bachelor's degree,Yes,Yes,Yes,"$100,000 to $167,999",4,Middle class,A suburb near a large city,99999,Somewhat disagree,Republican,,Protestant,,6,6,3,6,6,2,attention,75,Yes,75
pid_470,18-29,Male,,2000,Latino / Hispanic,,Some college or Associate's degree,Yes,Yes,No,"$56,000 to $99,999",2,Middle class,A large city,99999,Somewhat disagree,Independent,,I am not religious,,6,6,4,6,6,2,attention,,,
pid_471,18-29,Female,,2000,White / Caucasian,,Bachelor's degree,Yes,Yes,Yes,"Less than $30,000",6 or more,Working class,A small city or town,99999,Somewhat disagree,Independent,,Catholic,,6,6,3,6,6,2,attention,,No,70
pid_472,60+,Male,,1948,White / Caucasian,,Some college or Associate's degree,Yes,Yes,No,"$30,000 to $55,999",3,Middle class,A small city or town,99999,Somewhat disagree,Republican,,Protestant,,6,6,4,6,6,2,attention,75,Yes,75
pid_473,60+,Female,,1966,White / Caucasian,,Doctorate degree / Ph.D.,No,Yes,Yes,"$56,000 to $99,999",1,Middle class,A small city or town,99999,Somewhat disagree,Democrat,,Protestant,,6,6,2,6,6,1 Strongly disagree,attention,85,No,40
pid_474,45-59,Female,,1980,Black / African-American,,Doctorate degree / Ph.D.,Yes,Yes,Yes,"$168,000 or more",4,Upper class,A suburb near a large city,99999,Somewhat disagree,Other (please specify),Progressive,Protestant,,6,6,4,6,6,1 Strongly disagree,attention,,No,70
pid_475,18-29,Male,,2000,White / Caucasian,,Bachelor's degree,Yes,Yes,Yes,"$56,000 to $99,999",2,Middle class,A suburb near a large city,99999,Somewhat disagree,Independent,,Catholic,,6,6,4,6,6,2,attention,,No,50
pid_476,45-59,Female,,1978,White / Caucasian,,Bachelor's degree,No,Yes,Yes,"$56,000 to $99,999",2,Middle class,A suburb near a large city,99999,Somewhat disagree,Independent,,I am not religious,,6,6,2,6,6,1 Strongly disagree,attention,,,
pid_477,60+,Male,,1965,White / Caucasian,,Some college or Associate's degree,Yes,Yes,No,"$100,000 to $167,999",2,Middle class,A small city or town,99999,Somewhat disagree,Republican,,Protestant,,6,6,3,6,6,2,attention,85,Yes,85
pid_478,60+,Male,,1965,White / Caucasian,,Bachelor's degree,Yes,Yes,Yes,"$100,000 to $167,999",1,Middle class,A small city or town,99999,Somewhat disagree,Democrat,,Catholic,,7 Strongly agree,7 Strongly agree,3,6,7 Strongly agree,1 Strongly disagree,attention,65,No,20
pid_479,60+,Male,,1965,White / Caucasian,,Master's degree / Professional degree,Yes,Yes,Yes,"$168,000 or more",4,Upper class,A suburb near a large city,99999,Somewhat disagree,Republican,,Catholic,,6,6,2,6,6,2,attention,90,No,90
pid_480,30-44,Male,,1985,White / Caucasian,,Some college or Associate's degree,Yes,Yes,No,"$56,000 to $99,999",6 or more,Middle class,A small city or town,99999,Somewhat disagree,Independent,,I am not religious,,6,6,3,6,6,2,attention,,,
pid_481,18-29,Female,,2003,White / Caucasian,,High school diploma / GED,Yes,Yes,Not applicable,"$56,000 to $99,999",3,Working class,A small city or town,99999,Somewhat disagree,Republican,,Protestant,,6,6,4,6,6,2,attention,70,Yes,75
pid_482,60+,Male,,1948,White / Caucasian,,Bachelor's degree,Yes,Yes,Yes,"$56,000 to $99,999",4,Middle class,A small city or town,99999,Somewhat disagree,Democrat,,Catholic,,6,6,3,6,6,2,attention,65,No,75
pid_483,45-59,Female,,1980,White / Caucasian,,High school diploma / GED,Yes,Yes,Not applicable,"$56,000 to $99,999",4,Middle class,A suburb near a large city,99999,Somewhat disagree,Republican,,Protestant,,5,5,3,5,5,5,attention,70,Yes,70
pid_484,30-44,Female,,1985,Other,,Some college or Associate's degree,No,Yes,Yes,"$56,000 to $99,999",4,Middle class,A suburb near a large city,99999,Somewhat disagree,Democrat,,I am not religious,,6,6,3,6,6,1 Strongly disagree,attention,65,,
pid_485,60+,Female,,1965,White / Caucasian,,Bachelor's degree,Yes,Yes,Yes,"$56,000 to $99,999",2,Middle class,A small city or town,99999,Somewhat disagree,Democrat,,I am not religious,,7 Strongly agree,7 Strongly agree,2,7 Strongly agree,7 Strongly agree,1 Strongly disagree,attention,80,,
pid_486,60+,Female,,1965,Asian / Asian-American,,Bachelor's degree,No,Yes,Yes,"$56,000 to $99,999",2,Middle class,A small city or town,99999,Somewhat disagree,Democrat,,I am not religious,,6,6,3,6,6,1 Strongly disagree,attention,70,,
pid_487,18-29,Female,,2000,Black / African-American,,Some college or Associate's degree,No,Yes,Yes,"Less than $30,000",6 or more,Working class,A small city or town,99999,Somewhat disagree,Independent,,Other religion (please specify),Spiritual but not religious,6,6,4,6,6,2,attention,,,30
pid_488,60+,Female,,1965,White / Caucasian,,Some college or Associate's degree,Yes,Yes,No,"Less than $30,000",1,Working class,A small city or town,99999,Somewhat disagree,Republican,,Protestant,,6,6,4,6,6,2,attention,75,Yes,65
pid_490,30-44,Female,,1985,White / Caucasian,,Some college or Associate's degree,No,Yes,Yes,"Less than $30,000",1,Working class,A small city or town,99999,Somewhat disagree,Independent,,Protestant,,5,5,4,5,5,2,attention,,No,45
pid_491,30-44,Male,,1984,White / Caucasian,,Some college or Associate's degree,No,Yes,Yes,"$56,000 to $99,999",3,Middle class,A suburb near a large city,99999,Somewhat disagree,Democrat,,I am not religious,,6,6,3,6,6,1 Strongly disagree,attention,70,,
pid_492,60+,Female,,1965,White / Caucasian,,High school diploma / GED,Yes,Yes,Not applicable,"$56,000 to $99,999",3,Middle class,A small city or town,99999,Somewhat disagree,Republican,,Catholic,,6,6,4,6,6,2,attention,75,No,75
pid_493,60+,Female,,1948,White / Caucasian,,Bachelor's degree,No,Yes,Yes,"$56,000 to $99,999",1,Middle class,A small city or town,99999,Somewhat disagree,Democrat,,I am not religious,,6,6,2,6,6,1 Strongly disagree,attention,75,,
pid_494,60+,Female,,1948,White / Caucasian,,Some college or Associate's degree,No,Yes,Yes,"$30,000 to $55,999",2,Working class,A small city or town,99999,Somewhat disagree,Democrat,,I am not religious,,6,6,3,6,6,1 Strongly disagree,attention,70,,
pid_495,60+,Female,,1955,Black / African-American,,Doctorate degree / Ph.D.,Yes,Yes,Yes,"$30,000 to $55,999",2,Middle class,A small city or town,99999,Somewhat disagree,Democrat,,Other religion (please specify),Other,6,6,3,6,6,2,attention,70,,85
pid_496,60+,Female,,1965,White / Caucasian,,Master's degree / Professional degree,Yes,Yes,Yes,"$168,000 or more",4,Upper class,A suburb near a large city,99999,Somewhat disagree,Independent,,Catholic,,6,6,4,6,6,2,attention,,No,85
pid_497,60+,Female,,1965,White / Caucasian,,Bachelor's degree,Yes,Yes,Yes,"$100,000 to $167,999",4,Upper class,A suburb near a large city,99999,Somewhat disagree,Democrat,,Protestant,,6,6,3,6,6,2,attention,80,Yes,90
pid_498,60+,Male,,1945,White / Caucasian,,High school diploma / GED,No,Yes,Not applicable,"$30,000 to $55,999",2,Working class,A small city or town,99999,Somewhat disagree,Other (please specify),Something else,Other religion (please specify),Non-denominational Christian,6,6,3,6,6,2,attention,,,90
pid_499,60+,Male,,1965,White / Caucasian,,Some college or Associate's degree,Yes,Yes,Yes,"$100,000 to $167,999",2,Middle class,A small city or town,99999,Somewhat disagree,Democrat,,I am not religious,,6,6,3,6,6,2,attention,75,,
pid_500,45-59,Female,,1967,Other,,Bachelor's degree,Yes,Yes,Yes,"Less than $30,000",2,Working class,A small city or town,99999,Somewhat disagree,Democrat,,Jewish,,7 Strongly agree,7 Strongly agree,2,7 Strongly agree,7 Strongly agree,1 Strongly disagree,attention,75,,10
pid_502,60+,Female,,1948,White / Caucasian,,Some college or Associate's degree,Yes,Yes,No,"$30,000 to $55,999",1,Working class,A small city or town,99999,Somewhat disagree,Democrat,,I am not religious,,6,6,5,6,6,2,attention,75,,
pid_503,60+,Female,,1948,White / Caucasian,,High school diploma / GED,No,Yes,Not applicable,"Less than $30,000",1,Working class,A small city or town,99999,Somewhat disagree,Independent,,Protestant,,6,6,4,6,6,2,attention,,No,50
pid_504,60+,Male,,1965,Other,Other,Some college or Associate's degree,Yes,Yes,Yes,"Less than $30,000",1,Working class,A small city or town,99999,Somewhat disagree,Independent,,I am not religious,,7 Strongly agree,7 Strongly agree,5,7 Strongly agree,7 Strongly agree,1 Strongly disagree,attention,,,
pid_506,60+,Male,,1948,White / Caucasian,,Bachelor's degree,No,Yes,Yes,"$30,000 to $55,999",1,Middle class,A small city or town,99999,Somewhat disagree,Republican,,Protestant,,6,6,3,6,6,2,attention,85,Yes,75
pid_507,60+,Male,,1965,Black / African-American,,Bachelor's degree,Yes,Yes,Yes,"$100,000 to $167,999",2,Middle class,A suburb near a large city,99999,Somewhat disagree,Independent,,Protestant,,6,6,3,6,6,2,attention,,Yes,65
pid_508,30-44,Male,,1985,Latino / Hispanic,,High school diploma / GED,Yes,Yes,Not applicable,"$56,000 to $99,999",3,Working class,A small city or town,99999,Somewhat disagree,Democrat,,I am not religious,,6,6,3,6,6,1 Strongly disagree,attention,65,,
pid_509,45-59,Female,,1970,White / Caucasian,,Doctorate degree / Ph.D.,Yes,Yes,Yes,"$30,000 to $55,999",4,Middle class,A suburb near a large city,99999,Somewhat disagree,Republican,,Muslim,,6,6,4,6,6,2,attention,70,,40
pid_510,45-59,Male,,1980,White / Caucasian,,Doctorate degree / Ph.D.,No,Yes,Yes,"$100,000 to $167,999",4,Upper class,A suburb near a large city,99999,Somewhat disagree,Republican,,Catholic,,6,6,3,6,6,2,attention,75,No,65
pid_511,60+,Male,,1965,White / Caucasian,,Bachelor's degree,Yes,Yes,Yes,"$100,000 to $167,999",6 or more,Middle class,A suburb near a large city,99999,Somewhat disagree,Democrat,,Catholic,,7 Strongly agree,7 Strongly agree,3,6,7 Strongly agree,1 Strongly disagree,attention,65,No,85
pid_512,18-29,Female,,1998,White / Caucasian,,Bachelor's degree,Yes,Yes,Yes,"$100,000 to $167,999",2,Middle class,A suburb near a large city,48104,Somewhat disagree,Republican,,Protestant,,6,6,4,6,6,2,attention,90,Yes,85
pid_513,60+,Male,,1965,Asian / Asian-American,,Bachelor's degree,Yes,Yes,Yes,"$56,000 to $99,999",2,Middle class,A suburb near a large city,99999,Somewhat disagree,Democrat,,I am not religious,,6,6,2,6,6,2,attention,85,,
pid_514,60+,Male,,1945,White / Caucasian,,Bachelor's degree,Yes,Yes,Yes,"$56,000 to $99,999",2,Middle class,A small city or town,10001,Somewhat disagree,Democrat,,Jewish,,6,6,3,6,6,2,attention,60,,30
pid_515,60+,Male,,1965,Asian / Asian-American,,Bachelor's degree,Yes,Yes,Yes,"$100,000 to $167,999",2,Middle class,A suburb near a large city,99999,Somewhat disagree,Democrat,,I am not religious,,7 Strongly agree,7 Strongly agree,3,6,7 Strongly agree,1 Strongly disagree,attention,70,,
pid_516,60+,Male,,1965,Other,,High school diploma / GED,No,Yes,Not applicable,"$30,000 to $55,999",2,Working class,A small city or town,99999,Somewhat disagree,Democrat,,Catholic,,6,6,3,6,6,2,attention,70,No,45
pid_517,18-29,Female,,2000,Latino / Hispanic,,Some college or Associate's degree,Yes,Yes,Yes,"$56,000 to $99,999",3,Middle class,A large city,99999,Somewhat disagree,Independent,,I am not religious,,6,6,3,6,6,1 Strongly disagree,attention,,,
pid_518,60+,Male,,1966,White / Caucasian,,Bachelor's degree,No,Yes,Yes,"$100,000 to $167,999",2,Middle class,A suburb near a large city,99999,Somewhat disagree,Democrat,,Catholic,,6,6,3,6,6,1 Strongly disagree,attention,65,No,75
pid_519,30-44,Male,,1985,White / Caucasian,,Some college or Associate's degree,Yes,Yes,Yes,"$168,000 or more",6 or more,Middle class,A suburb near a large city,99999,Somewhat disagree,Republican,,Other religion (please specify),Non-denominational Christian,6,6,4,6,6,2,attention,75,,75
pid_520,60+,Male,,1948,White / Caucasian,,Doctorate degree / Ph.D.,Yes,Yes,Yes,"$100,000 to $167,999",2,Upper class,A small city or town,99999,Somewhat disagree,Republican,,Protestant,,6,6,3,6,6,2,attention,75,Yes,80
pid_521,60+,Female,,1965,Black / African-American,,Bachelor's degree,No,Yes,Yes,"$56,000 to $99,999",2,Middle class,A suburb near a large city,99999,Somewhat disagree,Democrat,,Catholic,,6,6,3,6,6,1 Strongly disagree,attention,75,No,15
pid_522,60+,Female,,1948,White / Caucasian,,Master's degree / Professional degree,Yes,Yes,Yes,"Less than $30,000",1,Middle class,A small city or town,99999,Somewhat disagree,Democrat,,Protestant,,6,6,4,6,6,2,attention,75,No,75
pid_523,45-59,Female,,1980,White / Caucasian,,Some college or Associate's degree,Yes,Yes,Yes,"$56,000 to $99,999",6 or more,Middle class,A suburb near a large city,99999,Somewhat disagree,Democrat,,Catholic,,6,6,3,5,6,2,attention,60,No,75
pid_524,60+,Female,,1948,White / Caucasian,,Some college or Associate's degree,No,Yes,Yes,"Less than $30,000",1,Working class,A small city or town,99999,Somewhat disagree,Democrat,,Jewish,,6,6,3,6,6,2,attention,85,,65
pid_525,30-44,Male,,1985,Asian / Asian-American,,Doctorate degree / Ph.D.,Yes,Yes,Yes,"$100,000 to $167,999",3,Middle class,A suburb near a large city,99999,Somewhat disagree,Republican,,Buddhist,,6,6,3,6,6,2,attention,60,,20
pid_526,60+,Female,,1962,White / Caucasian,,Doctorate degree / Ph.D.,Yes,Yes,Yes,"Less than $30,000",3,Middle class,A small city or town,99999,Somewhat disagree,Republican,,Protestant,,6,6,2,6,6,2,attention,85,Yes,95
pid_527,60+,Female,,1965,White / Caucasian,,Some college or Associate's degree,No,Yes,No,"$100,000 to $167,999",6 or more,Middle class,A suburb near a large city,99999,Somewhat disagree,Independent,,I am not religious,,6,6,4,6,7 Strongly agree,2,attention,,,
pid_528,30-44,Female,,1985,White / Caucasian,,Some college or Associate's degree,Yes,Yes,Yes,"$56,000 to $99,999",2,Middle class,A small city or town,99999,Somewhat disagree,Democrat,,I am not religious,,6,6,3,6,6,1 Strongly disagree,attention,80,,
pid_529,45-59,Male,,1980,White / Caucasian,,Bachelor's degree,Yes,Yes,Yes,"$100,000 to $167,999",3,Middle class,A suburb near a large city,99999,Somewhat disagree,Democrat,,Protestant,,6,6,4,6,6,2,attention,65,No,35
pid_530,60+,Male,,1945,White / Caucasian,,High school diploma / GED,No,Yes,No,"$56,000 to $99,999",2,Middle class,A small city or town,99999,Somewhat disagree,Independent,,Protestant,,6,6,3,6,6,2,attention,,Yes,80
pid_531,60+,Female,,1965,White / Caucasian,,Master's degree / Professional degree,No,Yes,Yes,"$100,000 to $167,999",3,Middle class,A suburb near a large city,99999,Somewhat disagree,Democrat,,Jewish,,6,6,2,6,6,2,attention,60,,25
pid_532,30-44,Male,,1984,Asian / Asian-American,,Bachelor's degree,Yes,Yes,Yes,"$56,000 to $99,999",2,Middle class,A suburb near a large city,99999,Somewhat disagree,Democrat,,Catholic,,6,6,2,6,6,1 Strongly disagree,attention,75,No,40
pid_533,60+,Male,,1952,White / Caucasian,,Bachelor's degree,No,Yes,Yes,"$56,000 to $99,999",2,Middle class,A small city or town,99999,Somewhat disagree,Democrat,,Jewish,,6,6,2,6,6,2,attention,70,,30
pid_534,60+,Male,,1948,White / Caucasian,,Doctorate degree / Ph.D.,No,Yes,Yes,"$30,000 to $55,999",2,Middle class,A small city or town,99999,Somewhat disagree,Independent,,I am not religious,,6,6,3,6,6,2,attention,,,
pid_536,60+,Male,,1965,White / Caucasian,,Some college or Associate's degree,Yes,Yes,No,"Less than $30,000",1,Working class,A small city or town,99999,Somewhat disagree,Republican,,I am not religious,,7 Strongly agree,7 Strongly agree,6,7 Strongly agree,7 Strongly agree,1 Strongly disagree,attention,80,,
pid_537,30-44,Male,,1985,Latino / Hispanic,,Some college or Associate's degree,No,Yes,No,"$30,000 to $55,999",1,Working class,A small city or town,99999,Somewhat disagree,Democrat,,Protestant,,6,6,4,6,6,1 Strongly disagree,attention,75,No,20
pid_538,60+,Female,,1962,White / Caucasian,,Some college or Associate's degree,Yes,Yes,Yes,"$56,000 to $99,999",1,Middle class,A small city or town,99999,Somewhat disagree,Other (please specify),Conservative,Other religion (please specify),Other Christian,6,6,4,6,6,2,attention,,,65
pid_539,60+,Female,,1965,Black / African-American,,Some college or Associate's degree,No,Yes,No,"Less than $30,000",1,Working class,A small city or town,99999,Somewhat disagree,Democrat,,Other religion (please specify),Spiritual but not religious,6,6,4,6,6,2,attention,70,,25
pid_541,30-44,Male,,1985,Latino / Hispanic,,Bachelor's degree,No,Yes,Yes,"$168,000 or more",2,Middle class,A suburb near a large city,99999,Somewhat disagree,Democrat,,I am not religious,,6,6,4,6,7 Strongly agree,1 Strongly disagree,attention,70,,
pid_542,45-59,Female,,1980,White / Caucasian,,Bachelor's degree,No,Yes,Yes,"$30,000 to $55,999",2,Middle class,A suburb near a large city,99999,Somewhat disagree,Independent,,Protestant,,5,5,3,5,6,2,attention,,No,30
pid_543,30-44,Male,,1985,Asian / Asian-American,,Some college or Associate's degree,Yes,Yes,Yes,"$56,000 to $99,999",4,Middle class,A suburb near a large city,99999,Somewhat disagree,Independent,,Protestant,,6,6,3,6,6,2,attention,,No,45
pid_544,30-44,Male,,1985,Latino / Hispanic,,Doctorate degree / Ph.D.,Yes,Yes,Yes,"$168,000 or more",6 or more,Middle class,A large city,99999,Somewhat disagree,Democrat,,I am not religious,,6,6,3,6,6,2,attention,75,,
pid_546,45-59,Male,,1980,Latino / Hispanic,,High school diploma / GED,Yes,Yes,Not applicable,"$168,000 or more",2,Middle class,A small city or town,99999,Somewhat disagree,Republican,,Other religion (please specify),Other Christian,6,6,4,6,6,2,attention,75,,75
pid_547,45-59,Female,,1968,White / Caucasian,,Some college or Associate's degree,Yes,Yes,No,"Less than $30,000",3,Working class,A small city or town,99999,Somewhat disagree,Republican,,Catholic,,6,6,3,6,6,2,attention,60,No,75
pid_548,60+,Male,,1948,Other,,Bachelor's degree,Yes,Yes,Yes,"$56,000 to $99,999",2,Middle class,A small city or town,99999,Somewhat disagree,Republican,,Catholic,,6,6,3,6,6,2,attention,70,No,75
pid_549,45-59,Female,,1980,White / Caucasian,,Doctorate degree / Ph.D.,Yes,Yes,Yes,"$100,000 to $167,999",6 or more,Upper class,A suburb near a large city,99999,Somewhat disagree,Democrat,,Catholic,,6,6,2,6,6,1 Strongly disagree,attention,85,No,55
pid_550,30-44,Male,,1982,White / Caucasian,,Bachelor's degree,No,Yes,Yes,"$100,000 to $167,999",4,Middle class,A suburb near a large city,99999,Somewhat disagree,Independent,,Other religion (please specify),Non-denominational Christian,6,6,3,6,6,1 Strongly disagree,attention,,,75
pid_551,30-44,Male,,1985,Black / African-American,,Bachelor's degree,Yes,Yes,Yes,"$100,000 to $167,999",4,Middle class,A suburb near a large city,99999,Somewhat disagree,Independent,,Catholic,,6,6,2,6,6,1 Strongly disagree,attention,,No,45
pid_552,18-29,Female,,2000,White / Caucasian,,Bachelor's degree,Yes,Yes,Yes,"$56,000 to $99,999",4,Middle class,A small city or town,99999,Somewhat disagree,Democrat,,I am not religious,,6,6,3,6,6,2,attention,75,,
pid_553,45-59,Male,,1978,White / Caucasian,,Bachelor's degree,No,Yes,Yes,"$100,000 to $167,999",2,Middle class,A suburb near a large city,99999,Somewhat disagree,Independent,,Protestant,,6,6,4,6,6,2,attention,,Yes,55
pid_554,60+,Female,,1956,White / Caucasian,,Some college or Associate's degree,No,Yes,No,"$56,000 to $99,999",2,Middle class,A small city or town,99999,Somewhat disagree,Democrat,,Other religion (please specify),Christian,6,6,2,6,6,2,attention,75,,80
pid_555,60+,Female,,1965,White / Caucasian,,Some college or Associate's degree,Yes,Yes,No,"Less than $30,000",2,Working class,A small city or town,99999,Somewhat disagree,Independent,,Other religion (please specify),Other,6,6,3,6,6,2,attention,,,10
pid_556,45-59,Female,,1980,Latino / Hispanic,,High school diploma / GED,Yes,Yes,Not applicable,"$30,000 to $55,999",3,Working class,A small city or town,99999,Somewhat disagree,Other (please specify),,Other religion (please specify),Jehovah's Witness,5,5,3,5,5,2,attention,,,85
pid_557,30-44,Male,,1985,Asian / Asian-American,,Bachelor's degree,No,Yes,Yes,"$56,000 to $99,999",3,Middle class,A large city,99999,Somewhat disagree,Independent,,Catholic,,6,6,4,6,6,2,attention,,No,45
pid_558,30-44,Male,,1985,White / Caucasian,,Bachelor's degree,Yes,Yes,Yes,"$56,000 to $99,999",2,Middle class,A suburb near a large city,99999,Somewhat disagree,Republican,,Catholic,,5,5,3,5,6,2,attention,20,No,65
pid_559,30-44,Female,,1985,White / Caucasian,,Doctorate degree / Ph.D.,Yes,Yes,Yes,"$56,000 to $99,999",3,Middle class,A suburb near a large city,99999,Somewhat disagree,Independent,,I am not religious,,6,6,3,6,6,1 Strongly disagree,attention,,,
pid_560,45-59,Male,,1970,White / Caucasian,,Bachelor's degree,Yes,Yes,Yes,"$100,000 to $167,999",6 or more,Middle class,A suburb near a large city,99999,Somewhat disagree,Independent,,I am not religious,,6,6,3,6,6,2,attention,,,
pid_561,30-44,Female,,1985,Other,,High school diploma / GED,Yes,Yes,Not applicable,"$56,000 to $99,999",6 or more,Working class,A suburb near a large city,99999,Somewhat disagree,Democrat,,Catholic,,6,6,4,5,6,2,attention,70,No,45
pid_562,60+,Female,,1955,White / Caucasian,,Some college or Associate's degree,No,Yes,Yes,"$30,000 to $55,999",3,Middle class,A small city or town,99999,Somewhat disagree,Democrat,,Protestant,,6,6,3,6,7 Strongly agree,1 Strongly disagree,attention,75,No,75
pid_563,30-44,Male,,1985,White / Caucasian,,Bachelor's degree,Yes,Yes,Yes,"$56,000 to $99,999",4,Middle class,A suburb near a large city,99999,Somewhat disagree,Democrat,,I am not religious,,6,6,3,6,6,2,attention,70,,
pid_564,45-59,Female,,1980,Latino / Hispanic,,Bachelor's degree,Yes,Yes,Yes,"$56,000 to $99,999",3,Middle class,A suburb near a large city,99999,Somewhat disagree,Independent,,Other religion (please specify),Spiritual but not religious,6,6,3,6,6,2,attention,,,20
pid_565,60+,Female,,1965,Latino / Hispanic,,Bachelor's degree,Yes,Yes,Yes,"$56,000 to $99,999",6 or more,Middle class,A suburb near a large city,99999,Somewhat disagree,Democrat,,Catholic,,6,6,3,6,6,2,attention,65,No,55
pid_566,18-29,Female,,2000,Black / African-American,,High school diploma / GED,Yes,Yes,Not applicable,"Less than $30,000",1,Working class,A large city,99999,Somewhat disagree,Independent,,Other religion (please specify),,6,6,3,6,6,2,attention,,,5
pid_567,30-44,Female,,1985,White / Caucasian,,Some college or Associate's degree,Yes,Yes,Yes,"Less than $30,000",1,Lower class,A large city,99999,Somewhat disagree,Independent,,I am not religious,,6,6,4,6,6,2,attention,,,
pid_568,45-59,Female,,1968,White / Caucasian,,Bachelor's degree,No,Yes,Yes,"$56,000 to $99,999",2,Middle class,A small city or town,99999,Somewhat disagree,Democrat,,I am not religious,,6,6,3,6,6,2,attention,75,,
pid_569,60+,Male,,1948,Latino / Hispanic,,Bachelor's degree,No,Yes,Yes,"Less than $30,000",2,Working class,A small city or town,99999,Somewhat disagree,Republican,,Catholic,,6,6,4,6,6,2,attention,70,No,55
pid_570,60+,Male,,1948,White / Caucasian,,Doctorate degree / Ph.D.,Yes,Yes,Yes,"Less than $30,000",1,Middle class,A small city or town,99999,Somewhat disagree,Independent,,I am not religious,,6,6,4,6,6,2,attention,,,
pid_571,60+,Male,,1965,Asian / Asian-American,,Bachelor's degree,No,Yes,Yes,"Less than $30,000",1,Working class,A small city or town,99999,Somewhat disagree,Independent,,I am not religious,,6,6,4,6,6,1 Strongly disagree,attention,,,
pid_572,18-29,Male,,2000,White / Caucasian,,Bachelor's degree,No,Yes,Yes,"$100,000 to $167,999",4,Middle class,A suburb near a large city,99999,Somewhat disagree,Republican,,Catholic,,6,6,3,6,6,2,attention,70,No,70
pid_573,60+,Female,,1948,White / Caucasian,,Bachelor's degree,Yes,Yes,Yes,"Less than $30,000",1,Working class,A small city or town,99999,Somewhat disagree,Democrat,,I am not religious,,6,6,2,6,6,1 Strongly disagree,attention,60,,
pid_574,18-29,Male,,2000,White / Caucasian,,Some college or Associate's degree,Yes,Yes,Yes,"$100,000 to $167,999",4,Middle class,A suburb near a large city,99999,Somewhat disagree,Republican,,Protestant,,6,6,4,6,6,2,attention,70,Yes,60
pid_575,60+,Female,,1948,White / Caucasian,,Doctorate degree / Ph.D.,No,Yes,Yes,"Less than $30,000",3,Middle class,A small city or town,99999,Somewhat disagree,Republican,,Protestant,,6,6,3,6,6,2,attention,85,Yes,90
pid_576,30-44,Female,,1985,White / Caucasian,,Bachelor's degree,No,Yes,Yes,"Less than $30,000",2,Working class,A small city or town,99999,Somewhat disagree,Democrat,,I am not religious,,6,6,3,6,6,1 Strongly disagree,attention,90,,
pid_577,18-29,Female,,2000,Black / African-American,,High school diploma / GED,Yes,Yes,Not applicable,"Less than $30,000",3,Working class,A small city or town,99999,Somewhat disagree,Other (please specify),Something else,Protestant,,6,6,5,6,6,2,attention,,Yes,45
pid_578,60+,Female,,1948,White / Caucasian,,Bachelor's degree,No,Yes,Yes,"$100,000 to $167,999",2,Middle class,A suburb near a large city,99999,Somewhat disagree,Democrat,,I am not religious,,6,6,3,6,6,1 Strongly disagree,attention,80,,
pid_579,18-29,Female,,2000,White / Caucasian,,Bachelor's degree,No,Yes,Yes,"Less than $30,000",2,Working class,A small city or town,99999,Somewhat disagree,Democrat,,I am not religious,,6,6,3,6,6,2,attention,85,,
pid_580,45-59,Female,,1980,White / Caucasian,,Master's degree / Professional degree,Yes,Yes,Yes,"$100,000 to $167,999",6 or more,Middle class,A suburb near a large city,99999,Somewhat disagree,Republican,,Protestant,,6,6,3,6,6,2,attention,70,Yes,75
pid_581,45-59,Female,,1980,White / Caucasian,,Master's degree / Professional degree,Yes,Yes,Yes,"$168,000 or more",4,Upper class,A suburb near a large city,99999,Somewhat disagree,Republican,,Protestant,,6,6,4,6,6,2,attention,75,No,60
pid_582,30-44,Male,,1985,Latino / Hispanic,,Some college or Associate's degree,No,Yes,Yes,"Less than $30,000",4,Working class,A small city or town,99999,Somewhat disagree,Independent,,I am not religious,,6,6,3,6,6,2,attention,,,
pid_583,60+,Male,,1965,White / Caucasian,,Some college or Associate's degree,Yes,Yes,Yes,"$30,000 to $55,999",3,Middle class,A small city or town,99999,Somewhat disagree,Independent,,Protestant,,6,6,3,6,6,2,attention,,No,15
pid_584,30-44,Female,,1985,Black / African-American,,Bachelor's degree,No,Yes,Yes,"Less than $30,000",4,Working class,A small city or town,99999,Somewhat disagree,Independent,,I am not religious,,7 Strongly agree,7 Strongly agree,3,7 Strongly agree,7 Strongly agree,1 Strongly disagree,attention,,,
pid_585,60+,Male,,1965,Asian / Asian-American,,Doctorate degree / Ph.D.,No,Yes,Yes,"$100,000 to $167,999",1,Upper class,A large city,99999,Somewhat disagree,Republican,,I am not religious,,7 Strongly agree,7 Strongly agree,5,7 Strongly agree,7 Strongly agree,1 Strongly disagree,attention,65,,
pid_586,45-59,Female,,1980,White / Caucasian,,Some college or Associate's degree,Yes,Yes,Yes,"Less than $30,000",3,Working class,A small city or town,99999,Somewhat disagree,Independent,,Protestant,,6,6,3,6,6,2,attention,,No,45
pid_587,18-29,Male,,2000,White / Caucasian,,High school diploma / GED,Yes,Yes,Not applicable,"$56,000 to $99,999",2,Working class,A small city or town,99999,Somewhat disagree,Independent,,I am not religious,,6,6,4,6,6,2,attention,,,
pid_588,18-29,Male,,2000,Latino / Hispanic,,Bachelor's degree,No,Yes,Yes,"$56,000 to $99,999",3,Middle class,A suburb near a large city,99999,Somewhat disagree,Independent,,I am not religious,,6,6,3,6,6,1 Strongly disagree,attention,,,
pid_589,18-29,Female,,1998,White / Caucasian,,Bachelor's degree,No,Yes,Yes,"$56,000 to $99,999",4,Middle class,A suburb near a large city,99999,Somewhat disagree,Democrat,,Catholic,,6,6,3,6,6,1 Strongly disagree,attention,75,No,70
pid_590,60+,Female,,1965,Asian / Asian-American,,Doctorate degree / Ph.D.,Yes,Yes,Yes,"$56,000 to $99,999",2,Middle class,A suburb near a large city,99999,Somewhat disagree,Democrat,,I am not religious,,6,6,3,6,6,1 Strongly disagree,attention,70,,
pid_591,60+,Female,,1965,White / Caucasian,,Bachelor's degree,No,Yes,Yes,"$100,000 to $167,999",2,Middle class,A small city or town,99999,Somewhat disagree,Independent,,Other religion (please specify),Spiritual but not religious,6,6,3,6,6,2,attention,,,15
pid_592,60+,Male,,1964,Black / African-American,,Some college or Associate's degree,No,Yes,Yes,"$56,000 to $99,999",2,Middle class,A small city or town,99999,Somewhat disagree,Other (please specify),Something else,Other religion (please specify),Other Christian,6,6,3,6,6,2,attention,,,85
pid_593,60+,Male,,1948,White / Caucasian,,Bachelor's degree,Yes,Yes,Yes,"$100,000 to $167,999",6 or more,Middle class,A suburb near a large city,99999,Somewhat disagree,Democrat,,Catholic,,6,6,2,6,6,1 Strongly disagree,attention,70,No,75
pid_594,30-44,Male,,1985,White / Caucasian,,Some college or Associate's degree,Yes,Yes,Yes,"$100,000 to $167,999",6 or more,Middle class,A suburb near a large city,99999,Somewhat disagree,Democrat,,I am not religious,,6,6,4,6,6,1 Strongly disagree,attention,70,,
pid_595,60+,Female,,1965,Black / African-American,,Some college or Associate's degree,Yes,Yes,Yes,"$100,000 to $167,999",3,Middle class,A suburb near a large city,99999,Somewhat disagree,Democrat,,Other religion (please specify),Other spiritual beliefs,7 Strongly agree,7 Strongly agree,2,6,7 Strongly agree,1 Strongly disagree,attention,75,,55
pid_596,60+,Male,,1965,White / Caucasian,,Some college or Associate's degree,No,Yes,Yes,"Less than $30,000",1,Working class,A small city or town,99999,Somewhat disagree,Independent,,I am not religious,,6,6,3,6,6,1 Strongly disagree,attention,,,
pid_597,45-59,Female,,1968,White / Caucasian,,High school diploma / GED,Yes,Yes,Not applicable,"$30,000 to $55,999",4,Working class,A small city or town,99999,Somewhat disagree,Democrat,,Protestant,,6,6,4,5,6,2,attention,75,No,15
pid_598,60+,Female,,1948,White / Caucasian,,Bachelor's degree,Yes,Yes,Yes,"$30,000 to $55,999",2,Middle class,A suburb near a large city,99999,Somewhat disagree,Democrat,,I am not religious,,7 Strongly agree,7 Strongly agree,2,7 Strongly agree,7 Strongly agree,1 Strongly disagree,attention,85,,
pid_599,60+,Male,,1958,White / Caucasian,,Some college or Associate's degree,No,Yes,Yes,"$56,000 to $99,999",3,Middle class,A suburb near a large city,10001,Somewhat disagree,Independent,,I am not religious,,6,6,3,6,6,2,attention,,,
pid_600,60+,Female,,1945,White / Caucasian,,Some college or Associate's degree,No,Yes,Yes,"$56,000 to $99,999",2,Middle class,A small city or town,99999,Somewhat disagree,Democrat,,I am not religious,,6,6,3,6,6,1 Strongly disagree,attention,85,,
pid_601,30-44,Male,,1985,White / Caucasian,,Doctorate degree / Ph.D.,Yes,Yes,Yes,"$56,000 to $99,999",6 or more,Middle class,A suburb near a large city,99999,Somewhat disagree,Democrat,,I am not religious,,6,6,2,6,6,1 Strongly disagree,attention,75,,
pid_602,18-29,Male,,2000,White / Caucasian,,Some college or Associate's degree,Yes,Yes,Yes,"$100,000 to $167,999",6 or more,Middle class,A suburb near a large city,02139,Somewhat disagree,Democrat,,I am not religious,,5,5,2,5,6,2,attention,75,,
pid_603,30-44,Male,,1985,White / Caucasian,,Some college or Associate's degree,Yes,Yes,Yes,"$56,000 to $99,999",2,Middle class,A small city or town,99999,Somewhat disagree,Democrat,,I am not religious,,6,6,3,6,6,1 Strongly disagree,attention,85,,
pid_604,60+,Male,,1965,Asian / Asian-American,,Doctorate degree / Ph.D.,Yes,Yes,Yes,"$100,000 to $167,999",4,Middle class,A suburb near a large city,99999,Somewhat disagree,Republican,,I am not religious,,6,6,3,6,6,2,attention,70,,
pid_605,18-29,Male,,2000,Black / African-American,,High school diploma / GED,Yes,Yes,No,"$30,000 to $55,999",4,Working class,A small city or town,99999,Somewhat disagree,Democrat,,Catholic,,6,6,3,6,6,2,attention,75,No,35
pid_606,45-59,Male,,1980,White / Caucasian,,Some college or Associate's degree,No,Yes,Yes,"$100,000 to $167,999",3,Middle class,A suburb near a large city,99999,Somewhat disagree,Independent,,Other religion (please specify),Other Christian,6,6,3,6,6,2,attention,,,35
pid_607,30-44,Male,,1985,Black / African-American,,Less than high school,Yes,Yes,Not applicable,"Less than $30,000",2,Working class,A large city,99999,Somewhat disagree,Independent,,Protestant,,6,6,4,6,6,1 Strongly disagree,attention,,No,30
pid_608,18-29,Female,,1998,White / Caucasian,,Bachelor's degree,Yes,Yes,Yes,"$30,000 to $55,999",2,Middle class,A small city or town,99999,Somewhat disagree,Independent,,Catholic,,6,6,3,6,6,2,attention,,No,60
pid_609,60+,Female,,1965,White / Caucasian,,Bachelor's degree,No,Yes,Yes,"$100,000 to $167,999",6 or more,Middle class,A suburb near a large city,99999,Somewhat disagree,Independent,,Protestant,,6,6,4,6,6,2,attention,,No,45
pid_610,60+,Male,,1965,White / Caucasian,,Some college or Associate's degree,Yes,Yes,Yes,"Less than $30,000",2,Working class,A small city or town,99999,Somewhat disagree,Democrat,,Protestant,,6,6,3,6,6,2,attention,70,No,45
pid_611,18-29,Male,,2000,Latino / Hispanic,,Some college or Associate's degree,Yes,Yes,Yes,"$100,000 to $167,999",4,Middle class,A large city,10001,Somewhat disagree,Democrat,,I am not religious,,6,7 Strongly agree,3,7 Strongly agree,7 Strongly agree,1 Strongly disagree,attention,70,,
pid_612,60+,Male,,1948,White / Caucasian,,Doctorate degree / Ph.D.,Yes,Yes,Yes,"$100,000 to $167,999",2,Middle class,A small city or town,99999,Somewhat disagree,Independent,,Protestant,,7 Strongly agree,7 Strongly agree,3,7 Strongly agree,7 Strongly agree,2,attention,,Yes,85
pid_613,45-59,Female,,1980,White / Caucasian,,Bachelor's degree,Yes,Yes,Yes,"$100,000 to $167,999",6 or more,Middle class,A suburb near a large city,99999,Somewhat disagree,Democrat,,I am not religious,,6,6,3,6,6,1 Strongly disagree,attention,70,,
pid_614,30-44,Female,,1985,Latino / Hispanic,,Some college or Associate's degree,Yes,Yes,Yes,"Less than $30,000",1,Working class,A small city or town,99999,Somewhat disagree,Democrat,,Catholic,,7 Strongly agree,7 Strongly agree,4,7 Strongly agree,7 Strongly agree,2,attention,75,No,45
pid_615,60+,Male,,1965,White / Caucasian,,Bachelor's degree,Yes,Yes,Yes,"$56,000 to $99,999",1,Middle class,A small city or town,99999,Somewhat disagree,Democrat,,Jewish,,7 Strongly agree,7 Strongly agree,2,7 Strongly agree,7 Strongly agree,1 Strongly disagree,attention,75,,0
pid_616,60+,Female,,1965,White / Caucasian,,Bachelor's degree,No,Yes,Yes,"$56,000 to $99,999",2,Middle class,A suburb near a large city,99999,Somewhat disagree,Democrat,,I am not religious,,6,6,3,6,6,2,attention,70,,
pid_617,30-44,Male,,1987,White / Caucasian,,Some college or Associate's degree,Yes,Yes,Yes,"Less than $30,000",2,Working class,A small city or town,99999,Somewhat disagree,Independent,,I am not religious,,6,6,4,6,6,2,attention,,,
pid_618,18-29,Male,,1998,Latino / Hispanic,,Bachelor's degree,No,Yes,Yes,"$56,000 to $99,999",1,Middle class,A small city or town,99999,Somewhat disagree,Democrat,,Catholic,,6,6,4,6,6,2,attention,65,No,25
pid_619,60+,Male,,1945,White / Caucasian,,Some college or Associate's degree,No,Yes,No,"$56,000 to $99,999",2,Middle class,A small city or town,99999,Somewhat disagree,Republican,,Protestant,,6,6,5,6,6,2,attention,75,No,40
pid_620,60+,Male,,1965,White / Caucasian,,Some college or Associate's degree,No,Yes,No,"Less than $30,000",2,Working class,A small city or town,99999,Somewhat disagree,Republican,,Protestant,,6,6,5,6,6,2,attention,85,Yes,65
pid_621,30-44,Female,,1985,Other,,High school diploma / GED,Yes,Yes,Not applicable,"Less than $30,000",1,Working class,A small city or town,99999,Somewhat disagree,Democrat,,Other religion (please specify),Pagan,6,6,4,6,6,1 Strongly disagree,attention,75,,20
pid_622,60+,Female,,1948,White / Caucasian,,Some college or Associate's degree,No,Yes,Yes,"$100,000 to $167,999",2,Middle class,A small city or town,99999,Somewhat disagree,Independent,,Protestant,,6,6,4,6,6,2,attention,,No,65
pid_623,60+,Male,,1945,White / Caucasian,,Some college or Associate's degree,No,Yes,No,"$56,000 to $99,999",2,Middle class,A small city or town,99999,Somewhat disagree,Republican,,Protestant,,6,6,3,6,6,2,attention,85,Yes,55
pid_624,60+,Female,,1948,White / Caucasian,,Some college or Associate's degree,No,Yes,Yes,"$168,000 or more",1,Middle class,A small city or town,99999,Somewhat disagree,Democrat,,I am not religious,,7 Strongly agree,7 Strongly agree,4,6,7 Strongly agree,1 Strongly disagree,attention,75,,
pid_625,30-44,Male,,1985,Black / African-American,,High school diploma / GED,No,Yes,Not applicable,"$56,000 to $99,999",1,Working class,A small city or town,99999,Somewhat disagree,Independent,,Catholic,,6,6,3,6,6,1 Strongly disagree,attention,,No,35
pid_626,30-44,Male,,1985,White / Caucasian,,Bachelor's degree,No,Yes,Yes,"$30,000 to $55,999",3,Middle class,A suburb near a large city,99999,Somewhat disagree,Democrat,,Catholic,,6,6,4,6,6,2,attention,75,No,65
pid_627,60+,Male,,1965,Asian / Asian-American,,Some college or Associate's degree,Yes,Yes,No,"Less than $30,000",2,Working class,A small city or town,99999,Somewhat disagree,Republican,,I am not religious,,7 Strongly agree,7 Strongly agree,5,7 Strongly agree,7 Strongly agree,1 Strongly disagree,attention,85,,
pid_628,18-29,Male,,2000,Black / African-American,,Some college or Associate's degree,Yes,Yes,Yes,"Less than $30,000",2,Working class,A small city or town,99999,Somewhat disagree,Independent,,Protestant,,6,6,4,6,6,2,attention,,Yes,65
pid_629,18-29,Male,,2000,White / Caucasian,,Some college or Associate's degree,No,Yes,Yes,"$30,000 to $55,999",3,Working class,A small city or town,10001,Somewhat disagree,Other (please specify),Progressive,I am not religious,,6,6,3,6,6,1 Strongly disagree,attention,,,
pid_630,60+,Female,,1965,White / Caucasian,,Some college or Associate's degree,Yes,Yes,Yes,"$30,000 to $55,999",3,Middle class,A suburb near a large city,99999,Somewhat disagree,Democrat,,I am not religious,,6,6,2,6,6,1 Strongly disagree,attention,80,,
pid_631,45-59,Female,,1980,White / Caucasian,,Some college or Associate's degree,No,Yes,No,"$100,000 to $167,999",2,Middle class,A suburb near a large city,99999,Somewhat disagree,Democrat,,Catholic,,6,6,4,6,6,2,attention,70,No,35
pid_632,60+,Female,,1965,White / Caucasian,,Bachelor's degree,No,Yes,Yes,"Less than $30,000",2,Working class,A small city or town,99999,Somewhat disagree,Republican,,I am not religious,,6,6,3,6,6,1 Strongly disagree,attention,45,,
pid_633,30-44,Male,,1985,Other,,Bachelor's degree,Yes,Yes,Yes,"$30,000 to $55,999",3,Middle class,A small city or town,99999,Somewhat disagree,Independent,,Protestant,,6,6,3,6,6,2,attention,,No,55
pid_634,18-29,Male,,2000,White / Caucasian,,High school diploma / GED,No,Yes,Not applicable,"Less than $30,000",1,Working class,A small city or town,99999,Somewhat disagree,Democrat,,I am not religious,,6,6,3,6,6,1 Strongly disagree,attention,75,,
pid_635,30-44,Male,,1985,White / Caucasian,,Bachelor's degree,Yes,Yes,Yes,"$30,000 to $55,999",1,Working class,A small city or town,99999,Somewhat disagree,Republican,,Catholic,,6,6,3,6,6,2,attention,85,No,80
pid_636,18-29,Female,,2000,White / Caucasian,,Some college or Associate's degree,Yes,Yes,Yes,"$56,000 to $99,999",3,Middle class,A small city or town,99999,Somewhat disagree,Independent,,I am not religious,,6,6,3,6,6,2,attention,,,
pid_637,30-44,Female,,1984,White / Caucasian,,Bachelor's degree,No,Yes,Yes,"$100,000 to $167,999",4,Middle class,A suburb near a large city,99999,Somewhat disagree,Independent,,I am not religious,,6,6,4,6,6,2,attention,,,
pid_638,60+,Female,,1948,White / Caucasian,,Some college or Associate's degree,No,Yes,No,"$30,000 to $55,999",1,Middle class,A small city or town,99999,Somewhat disagree,Republican,,Protestant,,6,6,3,6,6,2,attention,70,Yes,70
pid_639,60+,Female,,1965,Other,,Bachelor's degree,No,Yes,Yes,"$30,000 to $55,999",2,Working class,A small city or town,99999,Somewhat disagree,Other (please specify),,I am not religious,,6,6,3,6,6,1 Strongly disagree,attention,,,
pid_640,60+,Male,,1965,White / Caucasian,,High school diploma / GED,Yes,Yes,Not applicable,"Less than $30,000",2,Working class,A small city or town,99999,Somewhat disagree,Independent,,I am not religious,,6,6,2,6,6,2,attention,,,
pid_641,45-59,Male,,1970,Asian / Asian-American,,Some college or Associate's degree,Yes,Yes,Yes,"Less than $30,000",1,Working class,A small city or town,99999,Somewhat disagree,Independent,,Other religion (please specify),Other,6,6,4,6,6,2,attention,,,85
pid_642,30-44,Female,,1985,Black / African-American,,Some college or Associate's degree,No,Yes,Yes,"Less than $30,000",6 or more,Working class,A small city or town,99999,Somewhat disagree,Republican,,Protestant,,6,6,3,6,6,2,attention,65,Yes,35
pid_643,60+,Male,,1955,White / Caucasian,,Bachelor's degree,Yes,Yes,Yes,"$56,000 to $99,999",2,Middle class,A small city or town,99999,Somewhat disagree,Democrat,,I am not religious,,6,6,3,6,7 Strongly agree,1 Strongly disagree,attention,75,,
pid_644,45-59,Female,,1968,White / Caucasian,,Some college or Associate's degree,Yes,Yes,Yes,"$100,000 to $167,999",2,Middle class,A suburb near a large city,99999,Somewhat disagree,Republican,,Other religion (please specify),Other,5,5,3,5,6,2,attention,70,,20
pid_645,60+,Male,,1958,White / Caucasian,,Some college or Associate's degree,No,Yes,Yes,"$56,000 to $99,999",6 or more,Middle class,A small city or town,99999,Somewhat disagree,Republican,,Protestant,,6,6,4,6,6,2,attention,75,Yes,75
pid_646,30-44,Male,,1985,White / Caucasian,,Some college or Associate's degree,No,Yes,No,"$56,000 to $99,999",3,Middle class,A suburb near a large city,99999,Somewhat disagree,Independent,,I am not religious,,6,6,3,6,6,1 Strongly disagree,attention,,,
pid_647,60+,Female,,1965,Other,Other,Bachelor's degree,No,Yes,Yes,"$100,000 to $167,999",3,Middle class,A suburb near a large city,99999,Somewhat disagree,Independent,,Protestant,,6,6,3,6,6,1 Strongly disagree,attention,,No,45
pid_650,30-44,Female,,1985,White / Caucasian,,High school diploma / GED,No,Yes,Not applicable,"Less than $30,000",2,Working class,A small city or town,99999,Somewhat disagree,Other (please specify),Something else,I am not religious,,6,6,5,6,6,2,attention,,,
pid_651,60+,Male,,1948,White / Caucasian,,Bachelor's degree,No,Yes,Yes,"$100,000 to $167,999",2,Middle class,A small city or town,99999,Somewhat disagree,Independent,,I am not religious,,6,6,4,6,6,1 Strongly disagree,attention,,,
pid_652,30-44,Female,,1984,White / Caucasian,,Bachelor's degree,Yes,Yes,Yes,"$100,000 to $167,999",3,Middle class,A suburb near a large city,99999,Somewhat disagree,Democrat,,I am not religious,,6,6,2,6,6,2,attention,70,,
pid_653,18-29,Male,,1998,Latino / Hispanic,,High school diploma / GED,No,Yes,Not applicable,"Less than $30,000",3,Working class,A small city or town,99999,Somewhat disagree,Republican,,Protestant,,6,6,4,6,6,2,attention,85,Yes,65
pid_654,45-59,Male,,1968,Black / African-American,,Master's degree / Professional degree,No,Yes,Yes,"$56,000 to $99,999",1,Middle class,A small city or town,99999,Somewhat disagree,Democrat,,I am not religious,,6,6,3,6,6,1 Strongly disagree,attention,75,,
pid_655,60+,Male,,1965,Black / African-American,,Bachelor's degree,Yes,Yes,Yes,"$56,000 to $99,999",4,Middle class,A suburb near a large city,99999,Somewhat disagree,Democrat,,Catholic,,6,6,4,6,6,2,attention,75,No,85
pid_656,45-59,Female,,1978,White / Caucasian,,High school diploma / GED,Yes,Yes,Not applicable,"$30,000 to $55,999",4,Working class,A small city or town,99999,Somewhat disagree,Republican,,I am not religious,,6,6,5,6,7 Strongly agree,1 Strongly disagree,attention,20,,
pid_657,45-59,Female,,1980,White / Caucasian,,Doctorate degree / Ph.D.,Yes,Yes,Yes,"$30,000 to $55,999",3,Middle class,A small city or town,99999,Somewhat disagree,Republican,,Orthodox Christian,,6,6,2,6,6,1 Strongly disagree,attention,55,No,70
pid_658,30-44,Male,,1985,White / Caucasian,,Doctorate degree / Ph.D.,No,Yes,Yes,"$100,000 to $167,999",2,Middle class,A suburb near a large city,99999,Somewhat disagree,Democrat,,I am not religious,,6,6,3,6,6,2,attention,65,,
pid_659,30-44,Male,,1985,White / Caucasian,,Doctorate degree / Ph.D.,Yes,Yes,Yes,"$100,000 to $167,999",6 or more,Upper class,A suburb near a large city,99999,Somewhat disagree,Independent,,Mormon,,6,6,4,6,6,2,attention,,Yes,85
pid_660,60+,Female,,1945,White / Caucasian,,Doctorate degree / Ph.D.,Yes,Yes,Yes,"$30,000 to $55,999",1,Middle class,A small city or town,99999,Somewhat disagree,Democrat,,I am not religious,,7 Strongly agree,7 Strongly agree,3,7 Strongly agree,7 Strongly agree,1 Strongly disagree,attention,70,,
pid_661,60+,Female,,1948,White / Caucasian,,Bachelor's degree,No,Yes,Yes,"Less than $30,000",1,Working class,A small city or town,99999,Somewhat disagree,Democrat,,I am not religious,,6,6,3,6,6,2,attention,75,,
pid_662,60+,Female,,1965,White / Caucasian,,Some college or Associate's degree,Yes,Yes,Yes,"Less than $30,000",3,Working class,A small city or town,99999,Somewhat disagree,Republican,,Other religion (please specify),Spiritual but not religious,6,6,3,6,6,2,attention,60,,20
pid_663,60+,Female,,1965,White / Caucasian,,Some college or Associate's degree,No,Yes,Yes,"Less than $30,000",4,Working class,A small city or town,99999,Somewhat disagree,Republican,,Protestant,,7 Strongly agree,7 Strongly agree,3,6,7 Strongly agree,1 Strongly disagree,attention,90,Yes,65
pid_664,60+,Female,,1965,Other,Other,Some college or Associate's degree,Yes,Yes,Yes,"Less than $30,000",2,Working class,A small city or town,99999,Somewhat disagree,Independent,,Other religion (please specify),Other,6,6,3,6,7 Strongly agree,1 Strongly disagree,attention,,,10
pid_665,30-44,Male,,1985,Black / African-American,,Bachelor's degree,Yes,Yes,Yes,"$56,000 to $99,999",4,Middle class,A suburb near a large city,99999,Somewhat disagree,Democrat,,Muslim,,6,6,3,6,6,2,attention,70,,40
pid_666,18-29,Male,,2000,Black / African-American,,High school diploma / GED,Yes,Yes,Not applicable,"$56,000 to $99,999",3,Working class,A small city or town,99999,Somewhat disagree,Democrat,,Other religion (please specify),Spiritual,6,6,3,6,6,2,attention,75,,15
pid_667,45-59,Male,,1968,White / Caucasian,,Bachelor's degree,Yes,Yes,Yes,"$30,000 to $55,999",1,Middle class,A small city or town,99999,Somewhat disagree,Republican,,Catholic,,6,6,3,6,6,2,attention,75,No,45
pid_668,45-59,Male,,1978,White / Caucasian,,Bachelor's degree,No,Yes,Yes,"$100,000 to $167,999",4,Middle class,A suburb near a large city,99999,Somewhat disagree,Republican,,Protestant,,6,6,4,6,6,1 Strongly disagree,attention,80,Yes,60
pid_669,18-29,Male,,2000,White / Caucasian,,Some college or Associate's degree,No,Yes,Yes,"$56,000 to $99,999",6 or more,Middle class,A small city or town,99999,Somewhat disagree,Republican,,Catholic,,6,6,3,6,6,2,attention,70,No,35
pid_670,60+,Male,,1965,White / Caucasian,,Some college or Associate's degree,Yes,Yes,No,"$100,000 to $167,999",4,Middle class,A suburb near a large city,99999,Somewhat disagree,Democrat,,I am not religious,,6,6,3,6,6,2,attention,65,,
pid_671,30-44,Male,,1985,White / Caucasian,,High school diploma / GED,No,Yes,Not applicable,"Less than $30,000",2,Working class,A small city or town,99999,Somewhat disagree,Other (please specify),Something else,I am not religious,,7 Strongly agree,7 Strongly agree,4,7 Strongly agree,7 Strongly agree,1 Strongly disagree,attention,,,
pid_672,60+,Female,,1965,White / Caucasian,,Some college or Associate's degree,Yes,Yes,No,"$30,000 to $55,999",3,Working class,A small city or town,99999,Somewhat disagree,Republican,,Protestant,,6,6,2,6,6,1 Strongly disagree,attention,70,No,45
pid_673,45-59,Male,,1980,White / Caucasian,,Bachelor's degree,No,Yes,Yes,"$100,000 to $167,999",2,Middle class,A suburb near a large city,99999,Somewhat disagree,Republican,,Catholic,,6,6,4,6,6,2,attention,90,No,55
pid_674,30-44,Male,,1985,White / Caucasian,,High school diploma / GED,No,Yes,Not applicable,"$30,000 to $55,999",1,Working class,A small city or town,99999,Somewhat disagree,Republican,,Protestant,,6,6,5,6,6,2,attention,75,Yes,50
pid_675,60+,Female,,1966,White / Caucasian,,Some college or Associate's degree,Yes,Yes,No,"$56,000 to $99,999",2,Middle class,A small city or town,99999,Somewhat disagree,Democrat,,I am not religious,,6,6,3,6,6,1 Strongly disagree,attention,85,,
pid_676,45-59,Female,,1980,Latino / Hispanic,,Some college or Associate's degree,No,Yes,No,"$168,000 or more",4,Working class,A small city or town,99999,Somewhat disagree,Independent,,Catholic,,5,5,3,5,5,2,attention,,No,20
pid_677,18-29,Male,,1998,White / Caucasian,,Some college or Associate's degree,No,Yes,Yes,"$56,000 to $99,999",4,Middle class,A suburb near a large city,99999,Somewhat disagree,Independent,,I am not religious,,6,6,3,6,6,1 Strongly disagree,attention,,,
pid_678,60+,Female,,1948,Black / African-American,,Bachelor's degree,Yes,Yes,Yes,"$56,000 to $99,999",1,Middle class,A small city or town,99999,Somewhat disagree,Democrat,,Protestant,,6,6,3,6,6,2,attention,75,No,40
pid_679,18-29,Male,,2000,White / Caucasian,,Some college or Associate's degree,No,Yes,Yes,"$56,000 to $99,999",6 or more,Middle class,A small city or town,99999,Somewhat disagree,Independent,,I am not religious,,6,6,4,6,6,2,attention,,,
pid_680,30-44,Male,,1985,White / Caucasian,,Doctorate degree / Ph.D.,Yes,Yes,Yes,"$56,000 to $99,999",3,Middle class,A suburb near a large city,99999,Somewhat disagree,Democrat,,Protestant,,7 Strongly agree,7 Strongly agree,3,7 Strongly agree,7 Strongly agree,1 Strongly disagree,attention,85,Yes,75
pid_681,18-29,Female,,1999,White / Caucasian,,High school diploma / GED,Yes,Yes,Not applicable,"$30,000 to $55,999",4,Middle class,A suburb near a large city,99999,Somewhat disagree,Independent,,I am not religious,,6,6,3,6,6,2,attention,,,
pid_682,30-44,Female,,1985,White / Caucasian,,Master's degree / Professional degree,Yes,Yes,Yes,"Less than $30,000",1,Working class,A small city or town,99999,Somewhat disagree,Democrat,,I am not religious,,6,6,3,6,6,2,attention,85,,
pid_683,60+,Female,,1945,White / Caucasian,,Bachelor's degree,No,Yes,Yes,"$56,000 to $99,999",2,Middle class,A suburb near a large city,99999,Somewhat disagree,Independent,,Catholic,,6,6,3,6,6,2,attention,,No,30
pid_684,18-29,Female,,1998,White / Caucasian,,Doctorate degree / Ph.D.,Yes,Yes,Yes,"$56,000 to $99,999",1,Middle class,A large city,99999,Somewhat disagree,Democrat,,I am not religious,,6,6,3,6,6,2,attention,85,,
pid_685,60+,Female,,1965,White / Caucasian,,Some college or Associate's degree,Yes,Yes,Yes,"$56,000 to $99,999",2,Middle class,A small city or town,99999,Somewhat disagree,Democrat,,I am not religious,,6,6,3,6,6,1 Strongly disagree,attention,80,,
pid_686,60+,Male,,1965,White / Caucasian,,Some college or Associate's degree,Yes,Yes,Yes,"$56,000 to $99,999",2,Middle class,A small city or town,99999,Somewhat disagree,Republican,,I am not religious,,7 Strongly agree,7 Strongly agree,3,7 Strongly agree,7 Strongly agree,1 Strongly disagree,attention,70,,
pid_687,18-29,Female,,2000,White / Caucasian,,High school diploma / GED,Yes,Yes,Not applicable,"$56,000 to $99,999",6 or more,Working class,A small city or town,99999,Somewhat disagree,Republican,,Other religion (please specify),Other,5,5,3,5,5,2,attention,70,,15
pid_688,18-29,Male,,2000,Latino / Hispanic,,Some college or Associate's degree,No,Yes,Not applicable,"$30,000 to $55,999",2,Working class,A small city or town,10001,Somewhat disagree,Republican,,I am not religious,,6,6,4,6,7 Strongly agree,2,attention,85,,
pid_689,18-29,Male,,1998,White / Caucasian,,Doctorate degree / Ph.D.,Yes,Yes,Yes,"$168,000 or more",3,Upper class,A suburb near a large city,99999,Somewhat disagree,Republican,,Protestant,,6,6,3,6,6,2,attention,90,Yes,85
pid_690,60+,Female,,1965,Black / African-American,,Doctorate degree / Ph.D.,No,Yes,Yes,"$100,000 to $167,999",2,Middle class,A large city,99999,Somewhat disagree,Democrat,,I am not religious,,7 Strongly agree,7 Strongly agree,3,7 Strongly agree,7 Strongly agree,1 Strongly disagree,attention,90,,
pid_691,60+,Female,,1965,Black / African-American,,Bachelor's degree,Yes,Yes,Yes,"$30,000 to $55,999",2,Middle class,A suburb near a large city,99999,Somewhat disagree,Democrat,,Catholic,,6,6,3,6,6,2,attention,70,No,75
pid_692,60+,Female,,1965,White / Caucasian,,Master's degree / Professional degree,No,Yes,Yes,"$30,000 to $55,999",1,Middle class,A small city or town,99999,Somewhat disagree,Republican,,Protestant,,6,6,4,6,6,2,attention,70,No,15
pid_693,30-44,Female,,1985,Other,Other,Bachelor's degree,No,Yes,Yes,"$30,000 to $55,999",4,Middle class,A suburb near a large city,99999,Somewhat disagree,Independent,,I am not religious,,6,6,4,6,7 Strongly agree,1 Strongly disagree,attention,,,
pid_694,30-44,Male,,1985,White / Caucasian,,Bachelor's degree,Yes,Yes,Yes,"$100,000 to $167,999",2,Middle class,A suburb near a large city,99999,Somewhat disagree,Democrat,,I am not religious,,6,6,3,6,7 Strongly agree,2,attention,75,,
pid_695,18-29,Female,,2000,White / Caucasian,,Some college or Associate's degree,No,Yes,Yes,"$56,000 to $99,999",2,Middle class,A small city or town,99999,Somewhat disagree,Independent,,I am not religious,,6,6,3,6,6,1 Strongly disagree,attention,,,
pid_696,45-59,Male,,1968,White / Caucasian,,Bachelor's degree,Yes,Yes,Yes,"$100,000 to $167,999",2,Middle class,A small city or town,99999,Somewhat disagree,Independent,,Protestant,,6,6,3,6,6,2,attention,,Yes,90
pid_697,45-59,Male,,1968,White / Caucasian,,Bachelor's degree,No,Yes,Yes,"$56,000 to $99,999",4,Middle class,A small city or town,99999,Somewhat disagree,Democrat,,I am not religious,,6,6,3,6,6,2,attention,70,,
pid_698,18-29,Female,,2001,White / Caucasian,,High school diploma / GED,Yes,Yes,No,"$30,000 to $55,999",6 or more,Working class,A small city or town,99999,Somewhat disagree,Democrat,,Protestant,,6,6,3,6,6,2,attention,85,No,35
pid_699,18-29,Female,,2000,Other,Other,Bachelor's degree,Yes,Yes,Yes,"$30,000 to $55,999",4,Middle class,A large city,99999,Somewhat disagree,Democrat,,I am not religious,,6,6,4,6,6,2,attention,75,,
pid_700,60+,Male,,1948,White / Caucasian,,Some college or Associate's degree,No,Yes,Yes,"$56,000 to $99,999",3,Middle class,A large city,10001,Somewhat disagree,Independent,,Catholic,,6,6,2,6,6,1 Strongly disagree,attention,,No,55
pid_701,60+,Female,,1965,White / Caucasian,,Doctorate degree / Ph.D.,Yes,Yes,Yes,"$56,000 to $99,999",2,Middle class,A small city or town,99999,Somewhat disagree,Republican,,Protestant,,6,6,3,6,6,2,attention,65,Yes,75
pid_702,60+,Male,,1958,Latino / Hispanic,,Bachelor's degree,Yes,Yes,Yes,"$56,000 to $99,999",2,Middle class,A suburb near a large city,99999,Somewhat disagree,Independent,,Catholic,,6,6,3,6,6,2,attention,,No,55
pid_703,30-44,Male,,1985,Black / African-American,,High school diploma / GED,Yes,Yes,No,"$56,000 to $99,999",2,Middle class,A small city or town,99999,Somewhat disagree,Independent,,I am not religious,,6,6,4,6,7 Strongly agree,2,attention,,,
pid_704,18-29,Male,,1998,Latino / Hispanic,,Bachelor's degree,No,Yes,Yes,"$56,000 to $99,999",3,Middle class,A small city or town,99999,Somewhat disagree,Independent,,Protestant,,6,6,4,6,6,2,attention,,No,40
pid_705,45-59,Male,,1980,White / Caucasian,,Doctorate degree / Ph.D.,Yes,Yes,Yes,"$100,000 to $167,999",6 or more,Upper class,A suburb near a large city,99999,Somewhat disagree,Democrat,,Catholic,,6,6,3,6,6,1 Strongly disagree,attention,80,No,65
pid_707,30-44,Female,,1985,White / Caucasian,,Less than high school,Yes,Yes,Not applicable,"$30,000 to $55,999",2,Working class,A small city or town,99999,Somewhat disagree,Democrat,,I am not religious,,6,6,3,6,6,1 Strongly disagree,attention,70,,
pid_708,60+,Female,,1965,White / Caucasian,,High school diploma / GED,Yes,Yes,Not applicable,"$30,000 to $55,999",2,Working class,A small city or town,99999,Somewhat disagree,Republican,,Other religion (please specify),Non-denominational Christian,5,5,3,5,6,2,attention,85,,85
pid_709,18-29,Female,,2000,Asian / Asian-American,,Bachelor's degree,No,Yes,Yes,"$30,000 to $55,999",6 or more,Working class,A suburb near a large city,99999,Somewhat disagree,Democrat,,I am not religious,,6,6,4,6,6,2,attention,70,,
pid_710,60+,Female,,1965,Other,,Bachelor's degree,No,Yes,Yes,"$100,000 to $167,999",2,Middle class,A suburb near a large city,99999,Somewhat disagree,Democrat,,Catholic,,5,5,3,5,6,2,attention,65,No,75
pid_711,60+,Female,,1955,White / Caucasian,,High school diploma / GED,No,Yes,Not applicable,"Less than $30,000",2,Working class,A rural area,99999,Somewhat disagree,Republican,,Protestant,,5,5,2,5,5,6,attention,90,Yes,90
pid_712,60+,Male,,1965,White / Caucasian,,Some college or Associate's degree,No,Yes,Yes,"$30,000 to $55,999",2,Working class,A small city or town,99999,Somewhat disagree,Independent,,I am not religious,,7 Strongly agree,7 Strongly agree,3,6,7 Strongly agree,2,attention,,,
pid_713,60+,Female,,1965,White / Caucasian,,Bachelor's degree,Yes,Yes,Yes,"$100,000 to $167,999",2,Middle class,A suburb near a large city,99999,Somewhat disagree,Democrat,,Catholic,,6,6,3,6,6,2,attention,75,No,75
pid_714,45-59,Female,,1968,Asian / Asian-American,,Doctorate degree / Ph.D.,No,Yes,Yes,"$168,000 or more",3,Middle class,A suburb near a large city,99999,Somewhat disagree,Democrat,,I am not religious,,6,6,3,6,6,2,attention,85,,
pid_715,30-44,Female,,1985,White / Caucasian,,Some college or Associate's degree,No,Yes,Yes,"$30,000 to $55,999",2,Middle class,A small city or town,99999,Somewhat disagree,Democrat,,I am not religious,,6,6,3,6,6,1 Strongly disagree,attention,70,,
pid_716,18-29,Male,,2000,Black / African-American,,Bachelor's degree,Yes,Yes,Yes,"$56,000 to $99,999",3,Middle class,A large city,99999,Somewhat disagree,Independent,,Muslim,,6,6,3,6,6,2,attention,,,80
pid_717,60+,Female,,1945,White / Caucasian,,Doctorate degree / Ph.D.,No,Yes,Yes,"$56,000 to $99,999",3,Middle class,A suburb near a large city,02139,Somewhat disagree,Republican,,Catholic,,6,6,3,6,6,2,attention,70,No,80
pid_718,60+,Female,,1965,White / Caucasian,,Some college or Associate's degree,Yes,Yes,No,"$30,000 to $55,999",2,Working class,A small city or town,99999,Somewhat disagree,Democrat,,Catholic,,6,6,4,6,6,2,attention,65,No,30
pid_719,60+,Female,,1965,White / Caucasian,,Doctorate degree / Ph.D.,Yes,Yes,Yes,"$30,000 to $55,999",1,Middle class,A small city or town,99999,Somewhat disagree,Democrat,,Jewish,,7 Strongly agree,7 Strongly agree,3,6,7 Strongly agree,1 Strongly disagree,attention,85,,20
pid_720,60+,Female,,1955,White / Caucasian,,Bachelor's degree,No,Yes,Yes,"$56,000 to $99,999",3,Middle class,A small city or town,99999,Somewhat disagree,Republican,,Other religion (please specify),Christian,6,6,4,6,6,4,attention,85,,80
pid_721,45-59,Male,,1968,Asian / Asian-American,,Bachelor's degree,Yes,Yes,Yes,"$56,000 to $99,999",2,Middle class,A small city or town,99999,Somewhat disagree,Democrat,,I am not religious,,6,6,3,6,6,1 Strongly disagree,attention,75,,
pid_722,60+,Female,,1965,White / Caucasian,,Doctorate degree / Ph.D.,Yes,Yes,Yes,"Less than $30,000",1,Middle class,A small city or town,99999,Somewhat disagree,Independent,,I am not religious,,6,6,3,6,6,1 Strongly disagree,attention,,,
pid_723,30-44,Male,,1985,White / Caucasian,,Some college or Associate's degree,Yes,Yes,Yes,"$30,000 to $55,999",1,Middle class,A small city or town,99999,Somewhat disagree,Independent,,I am not religious,,6,6,4,6,6,2,attention,,,
pid_724,45-59,Male,,1968,White / Caucasian,,Bachelor's degree,Yes,Yes,Yes,"$30,000 to $55,999",1,Middle class,A small city or town,99999,Somewhat disagree,Independent,,I am not religious,,6,6,4,6,6,2,attention,,,
pid_725,30-44,Male,,1985,White / Caucasian,,Bachelor's degree,Yes,Yes,Yes,"Less than $30,000",2,Working class,A small city or town,99999,Somewhat disagree,Independent,,Catholic,,5,5,3,5,5,2,attention,,No,35
pid_726,60+,Male,,1965,White / Caucasian,,Less than high school,Yes,No,Not applicable,"Less than $30,000",1,Working class,A small city or town,99999,Somewhat disagree,Independent,,Other religion (please specify),Other,5,5,3,5,5,2,attention,,,15
pid_727,60+,Female,,1965,Black / African-American,,Some college or Associate's degree,Yes,Yes,Yes,"Less than $30,000",3,Working class,A small city or town,99999,Somewhat disagree,Democrat,,Protestant,,6,6,3,6,6,2,attention,70,Yes,60
pid_728,60+,Female,,1965,White / Caucasian,,High school diploma / GED,No,Yes,Not applicable,"$56,000 to $99,999",1,Middle class,A small city or town,99999,Somewhat disagree,Independent,,I am not religious,,6,6,4,6,6,2,attention,,,
pid_729,18-29,Male,,2000,White / Caucasian,,Some college or Associate's degree,No,Yes,Yes,"$30,000 to $55,999",3,Working class,A small city or town,99999,Somewhat disagree,Democrat,,I am not religious,,6,6,4,6,6,1 Strongly disagree,attention,65,,
pid_730,30-44,Female,,1985,White / Caucasian,,Bachelor's degree,Yes,Yes,Yes,"$100,000 to $167,999",3,Middle class,A suburb near a large city,99999,Somewhat disagree,Independent,,Mormon,,6,6,3,6,6,2,attention,,No,60
pid_731,60+,Male,,1965,Black / African-American,,Doctorate degree / Ph.D.,No,Yes,Yes,"$100,000 to $167,999",6 or more,Middle class,A suburb near a large city,99999,Somewhat disagree,Democrat,,Protestant,,7 Strongly agree,7 Strongly agree,3,7 Strongly agree,7 Strongly agree,2,attention,80,Yes,80
pid_732,60+,Male,,1948,White / Caucasian,,Bachelor's degree,Yes,Yes,Yes,"$100,000 to $167,999",2,Middle class,A small city or town,99999,Somewhat disagree,Democrat,,I am not religious,,6,6,3,6,6,1 Strongly disagree,attention,70,,
pid_733,60+,Female,,1964,White / Caucasian,,Master's degree / Professional degree,Yes,Yes,Yes,"$100,000 to $167,999",2,Middle class,A suburb near a large city,99999,Somewhat disagree,Democrat,,I am not religious,,6,6,3,6,6,1 Strongly disagree,attention,75,,
pid_734,60+,Female,,1955,White / Caucasian,,Some college or Associate's degree,Yes,Yes,Yes,"$30,000 to $55,999",1,Working class,A small city or town,99999,Somewhat disagree,Democrat,,Catholic,,6,6,3,6,6,2,attention,70,No,45
pid_735,30-44,Male,,1985,Other,,Some college or Associate's degree,Yes,Yes,Yes,"$30,000 to $55,999",4,Working class,A suburb near a large city,99999,Somewhat disagree,Democrat,,I am not religious,,6,6,2,6,6,1 Strongly disagree,attention,85,,
pid_736,60+,Female,,1948,White / Caucasian,,Some college or Associate's degree,Yes,Yes,No,"$30,000 to $55,999",2,Middle class,A small city or town,99999,Somewhat disagree,Democrat,,I am not religious,,6,6,2,6,6,1 Strongly disagree,attention,60,,
pid_737,60+,Female,,1965,Other,,Some college or Associate's degree,No,Yes,Yes,"Less than $30,000",1,Working class,A small city or town,99999,Somewhat disagree,Democrat,,I am not religious,,6,6,3,6,7 Strongly agree,1 Strongly disagree,attention,70,,
pid_738,30-44,Female,,1985,White / Caucasian,,Bachelor's degree,No,Yes,Yes,"$56,000 to $99,999",2,Middle class,A suburb near a large city,99999,Somewhat disagree,Other (please specify),Progressive,I am not religious,,6,6,3,6,6,1 Strongly disagree,attention,,,
pid_739,60+,Female,,1957,White / Caucasian,,Master's degree / Professional degree,Yes,Yes,Yes,"$56,000 to $99,999",2,Middle class,A suburb near a large city,99999,Somewhat disagree,Democrat,,Catholic,,6,6,3,6,6,2,attention,75,No,65
pid_740,60+,Female,,1948,White / Caucasian,,Some college or Associate's degree,Yes,Yes,Yes,"$56,000 to $99,999",6 or more,Middle class,A small city or town,99999,Somewhat disagree,Democrat,,I am not religious,,6,6,4,6,6,2,attention,65,,
pid_741,45-59,Female,,1969,White / Caucasian,,Bachelor's degree,Yes,Yes,Yes,"Less than $30,000",1,Middle class,A small city or town,99999,Somewhat disagree,Republican,,Protestant,,6,6,3,6,6,2,attention,65,Yes,80
pid_742,60+,Male,,1965,White / Caucasian,,Bachelor's degree,No,Yes,Yes,"$56,000 to $99,999",1,Middle class,A small city or town,99999,Somewhat disagree,Democrat,,Other religion (please specify),Other,7 Strongly agree,7 Strongly agree,3,6,7 Strongly agree,1 Strongly disagree,attention,80,,45
pid_743,30-44,Female,,1985,White / Caucasian,,Doctorate degree / Ph.D.,Yes,Yes,Yes,"$56,000 to $99,999",4,Middle class,A suburb near a large city,99999,Somewhat disagree,Republican,,I am not religious,,7 Strongly agree,7 Strongly agree,3,6,7 Strongly agree,1 Strongly disagree,attention,65,,
pid_744,60+,Male,,1965,White / Caucasian,,Bachelor's degree,Yes,Yes,Yes,"$56,000 to $99,999",2,Middle class,A suburb near a large city,99999,Somewhat disagree,Republican,,Catholic,,6,6,2,6,6,2,attention,70,No,35
pid_745,45-59,Female,,1970,White / Caucasian,,Bachelor's degree,No,Yes,Yes,"$100,000 to $167,999",2,Middle class,A suburb near a large city,99999,Somewhat disagree,Republican,,Other religion (please specify),Other Christian,6,6,4,6,6,2,attention,75,,35
pid_746,60+,Female,,1965,White / Caucasian,,Doctorate degree / Ph.D.,No,Yes,Yes,"$100,000 to $167,999",4,Middle class,A suburb near a large city,99999,Somewhat disagree,Democrat,,Jewish,,6,6,3,6,6,2,attention,80,,25
pid_747,18-29,Female,,2000,Latino / Hispanic,,Bachelor's degree,No,Yes,Yes,"$56,000 to $99,999",3,Middle class,A suburb near a large city,99999,Somewhat disagree,Democrat,,Catholic,,6,6,4,6,6,2,attention,70,No,35
pid_748,30-44,Male,,1985,Other,,Some college or Associate's degree,No,Yes,Yes,"$30,000 to $55,999",2,Working class,A small city or town,99999,Somewhat disagree,Democrat,,I am not religious,,6,6,3,5,6,2,attention,65,,
pid_749,60+,Male,,1948,White / Caucasian,,Master's degree / Professional degree,Yes,Yes,Yes,"$168,000 or more",6 or more,Upper class,A suburb near a large city,99999,Somewhat disagree,Republican,,Protestant,,6,6,3,6,6,2,attention,85,Yes,85
pid_750,30-44,Male,,1985,White / Caucasian,,Doctorate degree / Ph.D.,Yes,Yes,Yes,"$56,000 to $99,999",2,Middle class,A suburb near a large city,99999,Somewhat disagree,Democrat,,I am not religious,,6,6,3,6,6,2,attention,70,,
pid_751,45-59,Male,,1980,White / Caucasian,,Doctorate degree / Ph.D.,Yes,Yes,Yes,"$100,000 to $167,999",3,Middle class,A suburb near a large city,99999,Somewhat disagree,Democrat,,Protestant,,7 Strongly agree,7 Strongly agree,4,6,7 Strongly agree,2,attention,75,Yes,75
pid_752,60+,Female,,1945,Black / African-American,,Some college or Associate's degree,No,Yes,No,"$30,000 to $55,999",2,Working class,A small city or town,99999,Somewhat disagree,Democrat,,I am not religious,,7 Strongly agree,7 Strongly agree,3,7 Strongly agree,7 Strongly agree,1 Strongly disagree,attention,85,,
pid_753,30-44,Male,,1985,Latino / Hispanic,,Bachelor's degree,No,Yes,Yes,"$30,000 to $55,999",3,Middle class,A small city or town,99999,Somewhat disagree,Independent,,I am not religious,,6,6,3,6,6,2,attention,,,
pid_754,30-44,Female,,1985,White / Caucasian,,Some college or Associate's degree,Yes,Yes,Yes,"$56,000 to $99,999",2,Middle class,A small city or town,99999,Somewhat disagree,Independent,,I am not religious,,6,6,3,6,6,1 Strongly disagree,attention,,,
pid_755,18-29,Female,,2000,Black / African-American,,Some college or Associate's degree,No,Yes,Yes,"$30,000 to $55,999",4,Working class,A large city,99999,Somewhat disagree,Democrat,,Protestant,,6,6,3,6,6,2,attention,70,Yes,70
pid_756,30-44,Male,,1985,White / Caucasian,,High school diploma / GED,Yes,Yes,Not applicable,"Less than $30,000",3,Working class,A small city or town,99999,Somewhat disagree,Republican,,I am not religious,,6,6,2,6,6,2,attention,65,,
pid_757,18-29,Female,,2000,White / Caucasian,,High school diploma / GED,Yes,Yes,Not applicable,"$30,000 to $55,999",4,Working class,A small city or town,99999,Somewhat disagree,Democrat,,I am not religious,,7 Strongly agree,7 Strongly agree,4,7 Strongly agree,7 Strongly agree,1 Strongly disagree,attention,75,,
pid_758,60+,Female,,1965,Black / African-American,,Some college or Associate's degree,Yes,Yes,Yes,"Less than $30,000",2,Working class,A small city or town,99999,Somewhat disagree,Independent,,Protestant,,6,6,3,6,6,2,attention,,No,40
pid_759,30-44,Female,,1985,Latino / Hispanic,,Doctorate degree / Ph.D.,Yes,Yes,Yes,"$30,000 to $55,999",4,Working class,A large city,99999,Somewhat disagree,Democrat,,Catholic,,6,6,4,6,6,2,attention,70,No,35
pid_760,30-44,Male,,1985,White / Caucasian,,Bachelor's degree,No,Yes,Yes,"$100,000 to $167,999",4,Middle class,A suburb near a large city,99999,Somewhat disagree,Independent,,I am not religious,,6,6,3,6,6,1 Strongly disagree,attention,,,
pid_761,30-44,Female,,1985,White / Caucasian,,Doctorate degree / Ph.D.,No,Yes,Yes,"$56,000 to $99,999",4,Middle class,A suburb near a large city,99999,Somewhat disagree,Democrat,,I am not religious,,7 Strongly agree,7 Strongly agree,4,6,7 Strongly agree,1 Strongly disagree,attention,85,,
pid_762,45-59,Male,,1968,Black / African-American,,Some college or Associate's degree,Yes,Yes,No,"$100,000 to $167,999",6 or more,Middle class,A suburb near a large city,99999,Somewhat disagree,Democrat,,Protestant,,6,6,3,6,6,2,attention,70,Yes,55
pid_763,30-44,Male,,1985,Latino / Hispanic,,Bachelor's degree,Yes,Yes,Yes,"$168,000 or more",6 or more,Middle class,A suburb near a large city,99999,Somewhat disagree,Democrat,,Catholic,,6,6,3,6,6,2,attention,75,No,55
pid_764,18-29,Male,,1998,White / Caucasian,,Some college or Associate's degree,No,Yes,Yes,"$56,000 to $99,999",3,Middle class,A suburb near a large city,99999,Somewhat disagree,Republican,,Catholic,,6,6,4,6,6,2,attention,65,No,40
pid_765,45-59,Male,,1980,White / Caucasian,,Bachelor's degree,Yes,Yes,Yes,"$56,000 to $99,999",4,Middle class,A suburb near a large city,99999,Somewhat disagree,Independent,,Protestant,,6,6,5,6,6,2,attention,,No,35
pid_766,18-29,Female,,1998,White / Caucasian,,Doctorate degree / Ph.D.,Yes,Yes,Yes,"$100,000 to $167,999",4,Upper class,A suburb near a large city,99999,Somewhat disagree,Republican,,Protestant,,6,6,3,6,6,2,attention,85,Yes,90
pid_767,45-59,Female,,1968,White / Caucasian,,Master's degree / Professional degree,Yes,Yes,Yes,"$168,000 or more",2,Middle class,A suburb near a large city,99999,Somewhat disagree,Republican,,Protestant,,6,6,3,6,6,2,attention,60,No,60
pid_768,30-44,Female,,1985,White / Caucasian,,Master's degree / Professional degree,Yes,Yes,Yes,"$100,000 to $167,999",4,Upper class,A suburb near a large city,99999,Somewhat disagree,Republican,,Protestant,,6,6,4,6,6,2,attention,90,Yes,90
pid_769,60+,Male,,1965,Asian / Asian-American,,Bachelor's degree,Yes,Yes,Yes,"$56,000 to $99,999",2,Middle class,A suburb near a large city,99999,Somewhat disagree,Democrat,,Protestant,,6,6,3,6,6,2,attention,70,No,65
pid_770,30-44,Female,,1985,White / Caucasian,,Some college or Associate's degree,Yes,Yes,Yes,"$30,000 to $55,999",3,Working class,A small city or town,99999,Somewhat disagree,Republican,,Other religion (please specify),Non-denominational Christian,6,6,3,6,6,2,attention,80,,70
pid_771,60+,Female,,1965,White / Caucasian,,Bachelor's degree,Yes,Yes,Yes,"$56,000 to $99,999",2,Middle class,A small city or town,99999,Somewhat disagree,Democrat,,I am not religious,,6,6,3,6,6,1 Strongly disagree,attention,85,,
pid_772,18-29,Male,,2000,White / Caucasian,,Some college or Associate's degree,Yes,Yes,Yes,"$56,000 to $99,999",3,Middle class,A small city or town,99999,Somewhat disagree,Republican,,Protestant,,6,6,3,6,6,2,attention,75,Yes,75
pid_773,30-44,Female,,1985,Latino / Hispanic,,High school diploma / GED,Yes,Yes,Not applicable,"$30,000 to $55,999",6 or more,Working class,A small city or town,99999,Somewhat disagree,Democrat,,Protestant,,6,6,3,6,6,2,attention,80,No,15
pid_774,60+,Male,,1945,White / Caucasian,,High school diploma / GED,No,Yes,Not applicable,"$30,000 to $55,999",2,Working class,A small city or town,99999,Somewhat disagree,Democrat,,Catholic,,5,5,4,5,5,5,attention,75,No,75
pid_775,30-44,Male,,1985,White / Caucasian,,Bachelor's degree,No,Yes,Yes,"$56,000 to $99,999",3,Middle class,A small city or town,99999,Somewhat disagree,Democrat,,I am not religious,,6,6,3,6,6,1 Strongly disagree,attention,75,,
pid_776,30-44,Male,,1985,Asian / Asian-American,,Bachelor's degree,Yes,Yes,Yes,"$168,000 or more",2,Middle class,A suburb near a large city,99999,Somewhat disagree,Democrat,,I am not religious,,6,6,3,6,6,1 Strongly disagree,attention,70,,
pid_777,30-44,Female,,1985,White / Caucasian,,Bachelor's degree,Yes,Yes,Yes,"$168,000 or more",4,Middle class,A suburb near a large city,99999,Somewhat disagree,Democrat,,I am not religious,,6,6,2,6,7 Strongly agree,1 Strongly disagree,attention,85,,
pid_778,30-44,Female,,1985,White / Caucasian,,Some college or Associate's degree,Yes,Yes,Yes,"Less than $30,000",2,Working class,A small city or town,99999,Somewhat disagree,Independent,,Other religion (please specify),Spiritual but not religious,6,6,2,6,6,1 Strongly disagree,attention,,,35
pid_779,60+,Female,,1965,White / Caucasian,,Some college or Associate's degree,Yes,Yes,Yes,"Less than $30,000",1,Working class,A small city or town,99999,Somewhat disagree,Democrat,,Hindu,,6,6,2,6,6,1 Strongly disagree,attention,70,,35
pid_780,30-44,Male,,1985,White / Caucasian,,Bachelor's degree,No,Yes,Yes,"$168,000 or more",4,Middle class,A suburb near a large city,99999,Somewhat disagree,Independent,,I am not religious,,7 Strongly agree,7 Strongly agree,3,6,7 Strongly agree,1 Strongly disagree,attention,,,
pid_781,30-44,Male,,1985,White / Caucasian,,Bachelor's degree,No,Yes,Yes,"$100,000 to $167,999",3,Middle class,A suburb near a large city,99999,Somewhat disagree,Democrat,,Protestant,,6,6,4,6,6,2,attention,80,No,15
pid_782,30-44,Female,,1985,White / Caucasian,,Doctorate degree / Ph.D.,No,Yes,Yes,"$56,000 to $99,999",1,Middle class,A small city or town,99999,Somewhat disagree,Democrat,,I am not religious,,6,6,3,6,7 Strongly agree,1 Strongly disagree,attention,70,,
pid_783,45-59,Female,,1980,White / Caucasian,,High school diploma / GED,Yes,Yes,No,"$56,000 to $99,999",6 or more,Middle class,A suburb near a large city,99999,Somewhat disagree,Republican,,Other religion (please specify),Christian,5,5,3,5,5,2,attention,75,,75
pid_784,18-29,Female,,2000,Asian / Asian-American,,Bachelor's degree,Yes,Yes,Yes,"$30,000 to $55,999",4,Middle class,A small city or town,99999,Somewhat disagree,Democrat,,Catholic,,6,6,3,6,6,2,attention,70,No,35
pid_786,18-29,Male,,1998,White / Caucasian,,Bachelor's degree,Yes,Yes,Yes,"$56,000 to $99,999",2,Middle class,A small city or town,99999,Somewhat disagree,Democrat,,Protestant,,6,6,4,6,6,2,attention,70,No,35
pid_787,30-44,Male,,1985,Black / African-American,,Bachelor's degree,Yes,Yes,Yes,"$56,000 to $99,999",1,Middle class,A small city or town,99999,Somewhat disagree,Independent,,Protestant,,7 Strongly agree,7 Strongly agree,3,7 Strongly agree,7 Strongly agree,1 Strongly disagree,attention,,Yes,85
pid_788,45-59,Male,,1968,White / Caucasian,,Some college or Associate's degree,Yes,Yes,No,"Less than $30,000",3,Working class,A small city or town,99999,Somewhat disagree,Democrat,,Protestant,,5,5,3,5,6,2,attention,70,No,45
pid_789,60+,Female,,1965,Black / African-American,,High school diploma / GED,Yes,Yes,Not applicable,"$56,000 to $99,999",2,Working class,A small city or town,99999,Somewhat disagree,Republican,,Other religion (please specify),Other,6,6,4,6,6,2,attention,70,,25
pid_790,60+,Female,,1965,Black / African-American,,High school diploma / GED,Yes,Yes,Not applicable,"$30,000 to $55,999",3,Working class,A small city or town,99999,Somewhat disagree,Democrat,,Other religion (please specify),Other,6,6,3,6,6,2,attention,70,,25
pid_791,60+,Male,,1965,White / Caucasian,,Some college or Associate's degree,No,Yes,No,"$30,000 to $55,999",3,Working class,A small city or town,99999,Somewhat disagree,Republican,,Other religion (please specify),Non-denominational Christian,7 Strongly agree,7 Strongly agree,2,7 Strongly agree,7 Strongly agree,2,attention,85,,90
pid_792,45-59,Female,,1980,White / Caucasian,,High school diploma / GED,No,Yes,Not applicable,"Less than $30,000",2,Working class,A small city or town,99999,Somewhat disagree,Republican,,Other religion (please specify),Spiritual but not religious,5,5,5,5,5,2,attention,60,,25
pid_793,60+,Female,,1964,White / Caucasian,,Some college or Associate's degree,Yes,Yes,Yes,"Less than $30,000",1,Working class,A small city or town,99999,Somewhat disagree,Democrat,,Protestant,,7 Strongly agree,7 Strongly agree,5,6,7 Strongly agree,2,attention,75,No,25
pid_794,60+,Male,,1965,Asian / Asian-American,,Bachelor's degree,Yes,Yes,Yes,"$30,000 to $55,999",1,Middle class,A small city or town,99999,Somewhat disagree,Democrat,,Catholic,,6,6,3,6,6,2,attention,75,No,40
pid_795,18-29,Female,,1998,Black / African-American,,Bachelor's degree,No,Yes,Yes,"$56,000 to $99,999",1,Middle class,A small city or town,99999,Somewhat disagree,Independent,,I am not religious,,6,6,3,6,6,1 Strongly disagree,attention,,,
pid_796,18-29,Male,,2000,White / Caucasian,,High school diploma / GED,No,Yes,No,"Less than $30,000",2,Working class,A small city or town,99999,Somewhat disagree,Democrat,,I am not religious,,6,6,3,6,7 Strongly agree,2,attention,70,,
pid_797,30-44,Female,,1985,Latino / Hispanic,,High school diploma / GED,Yes,Yes,Not applicable,"Less than $30,000",2,Working class,A large city,99999,Somewhat disagree,Democrat,,I am not religious,,6,5,3,6,6,2,attention,80,,
pid_798,30-44,Female,,1985,White / Caucasian,,High school diploma / GED,No,Yes,Not applicable,"$168,000 or more",3,Middle class,A suburb near a large city,99999,Somewhat disagree,Independent,,Buddhist,,6,6,3,6,6,1 Strongly disagree,attention,,,10
pid_799,18-29,Male,,2000,Latino / Hispanic,,Some college or Associate's degree,No,Yes,Yes,"$56,000 to $99,999",4,Middle class,A suburb near a large city,90025,Somewhat disagree,Democrat,,I am not religious,,6,6,5,6,6,2,attention,70,,
pid_800,60+,Female,,1962,Latino / Hispanic,,High school diploma / GED,Yes,Yes,Not applicable,"Less than $30,000",2,Working class,A small city or town,99999,Somewhat disagree,Republican,,I am not religious,,6,6,3,6,6,2,attention,75,,
pid_801,45-59,Male,,1972,Black / African-American,,Some college or Associate's degree,No,Yes,Yes,"$56,000 to $99,999",2,Middle class,A small city or town,99999,Somewhat disagree,Democrat,,I am not religious,,6,6,4,6,6,1 Strongly disagree,attention,75,,
pid_802,60+,Female,,1965,White / Caucasian,,Some college or Associate's degree,No,Yes,Yes,"$56,000 to $99,999",2,Middle class,A small city or town,99999,Somewhat disagree,Republican,,Protestant,,6,6,3,6,6,2,attention,75,No,35
pid_803,30-44,Male,,1985,Other,Other,High school diploma / GED,No,Yes,Not applicable,"Less than $30,000",1,Working class,A small city or town,99999,Somewhat disagree,Independent,,I am not religious,,6,6,3,6,6,1 Strongly disagree,attention,,,
pid_804,30-44,Female,,1985,White / Caucasian,,Bachelor's degree,Yes,Yes,Yes,"$56,000 to $99,999",2,Middle class,A small city or town,99999,Somewhat disagree,Independent,,I am not religious,,5,5,2,5,5,2,attention,,,
pid_805,30-44,Female,,1985,White / Caucasian,,Bachelor's degree,Yes,Yes,Yes,"$56,000 to $99,999",6 or more,Middle class,A suburb near a large city,99999,Somewhat disagree,Republican,,Other religion (please specify),Other Christian,6,6,5,6,6,2,attention,75,,80
pid_806,60+,Female,,1965,White / Caucasian,,Doctorate degree / Ph.D.,No,Yes,Yes,"$168,000 or more",3,Upper class,A suburb near a large city,99999,Somewhat disagree,Democrat,,I am not religious,,6,6,3,6,6,1 Strongly disagree,attention,85,,
pid_807,18-29,Female,,2002,White / Caucasian,,Some college or Associate's degree,No,Yes,Yes,"$56,000 to $99,999",2,Middle class,A small city or town,99999,Somewhat disagree,Republican,,Other religion (please specify),Non-denominational Christian,6,6,3,6,6,2,attention,75,,75
pid_808,30-44,Male,,1985,Asian / Asian-American,,Some college or Associate's degree,Yes,Yes,Yes,"$56,000 to $99,999",3,Middle class,A small city or town,99999,Somewhat disagree,Independent,,I am not religious,,6,6,4,6,7 Strongly agree,1 Strongly disagree,attention,,,
pid_809,18-29,Female,,1998,White / Caucasian,,Bachelor's degree,No,Yes,Yes,"$56,000 to $99,999",2,Middle class,A small city or town,99999,Somewhat disagree,Independent,,I am not religious,,6,6,4,6,6,1 Strongly disagree,attention,,,
pid_810,60+,Female,,1965,Latino / Hispanic,,Bachelor's degree,No,Yes,Yes,"$30,000 to $55,999",1,Middle class,A small city or town,99999,Somewhat disagree,Democrat,,I am not religious,,6,6,3,6,6,2,attention,75,,
pid_811,18-29,Female,,2000,Other,Multiracial,Some college or Associate's degree,No,Yes,Yes,"Less than $30,000",6 or more,Working class,A small city or town,99999,Somewhat disagree,Independent,,Other religion (please specify),Other,6,6,4,6,6,2,attention,,,35
pid_812,18-29,Male,,2000,White / Caucasian,,High school diploma / GED,No,Yes,Not applicable,"$56,000 to $99,999",4,Middle class,A small city or town,99999,Somewhat disagree,Democrat,,I am not religious,,5,5,4,5,6,2,attention,70,,
pid_813,60+,Male,,1965,White / Caucasian,,Bachelor's degree,No,Yes,Yes,"$30,000 to $55,999",1,Working class,A small city or town,99999,Somewhat disagree,Republican,,Protestant,,6,6,5,6,6,1 Strongly disagree,attention,70,No,15
pid_814,30-44,Male,,1985,White / Caucasian,,Bachelor's degree,No,Yes,Yes,"$56,000 to $99,999",4,Middle class,A suburb near a large city,99999,Somewhat disagree,Independent,,Other religion (please specify),Spiritual but not affiliated with a specific religion,7 Strongly agree,7 Strongly agree,4,6,7 Strongly agree,1 Strongly disagree,attention,,,25
pid_815,60+,Female,,1955,White / Caucasian,,Bachelor's degree,Yes,Yes,Yes,"$56,000 to $99,999",2,Middle class,A small city or town,99999,Somewhat disagree,Democrat,,Protestant,,6,6,2,6,6,1 Strongly disagree,attention,70,No,40
pid_817,18-29,Male,,2000,White / Caucasian,,Some college or Associate's degree,No,Yes,Yes,"Less than $30,000",3,Working class,A small city or town,99999,Somewhat disagree,Republican,,Catholic,,6,6,4,6,6,2,attention,55,No,35
pid_818,60+,Female,,1965,White / Caucasian,,Bachelor's degree,No,Yes,Yes,"$56,000 to $99,999",2,Middle class,A small city or town,99999,Somewhat disagree,Democrat,,Catholic,,6,6,3,6,6,2,attention,75,No,55
pid_819,18-29,Female,,2002,White / Caucasian,,Some college or Associate's degree,Yes,Yes,Yes,"$56,000 to $99,999",3,Middle class,A small city or town,99999,Somewhat disagree,Independent,,I am not religious,,6,6,4,6,6,1 Strongly disagree,attention,,,
pid_820,18-29,Male,,2000,Latino / Hispanic,,Some college or Associate's degree,Yes,Yes,Yes,"Less than $30,000",1,Working class,A large city,99999,Somewhat disagree,Independent,,Buddhist,,6,6,4,6,6,2,attention,,,20
pid_821,45-59,Female,,1980,Other,Other,Bachelor's degree,No,Yes,Yes,"$56,000 to $99,999",3,Middle class,A suburb near a large city,99999,Somewhat disagree,Independent,,Orthodox Christian,,6,6,3,6,6,2,attention,,No,85
pid_822,45-59,Male,,1980,Latino / Hispanic,,Doctorate degree / Ph.D.,Yes,Yes,Yes,"$100,000 to $167,999",4,Upper class,A suburb near a large city,99999,Somewhat disagree,Republican,,Protestant,,6,6,2,6,6,2,attention,90,Yes,85
pid_823,60+,Female,,1957,White / Caucasian,,Bachelor's degree,Yes,Yes,Yes,"$30,000 to $55,999",1,Middle class,A small city or town,99999,Somewhat disagree,Democrat,,Protestant,,7 Strongly agree,7 Strongly agree,2,6,7 Strongly agree,1 Strongly disagree,attention,85,No,20
pid_824,60+,Male,,1965,White / Caucasian,,Doctorate degree / Ph.D.,Yes,Yes,Yes,"$30,000 to $55,999",1,Middle class,A small city or town,99999,Somewhat disagree,Democrat,,Protestant,,6,6,2,6,6,2,attention,65,No,45
pid_825,60+,Male,,1965,White / Caucasian,,Some college or Associate's degree,Yes,Yes,Yes,"$56,000 to $99,999",3,Middle class,A small city or town,99999,Somewhat disagree,Republican,,Protestant,,6,6,4,6,6,2,attention,75,Yes,90
pid_826,60+,Female,,1945,White / Caucasian,,Some college or Associate's degree,Yes,Yes,No,"$56,000 to $99,999",2,Middle class,A suburb near a large city,02118,Somewhat disagree,Independent,,I am not religious,,6,6,3,6,7 Strongly agree,1 Strongly disagree,attention,,,
pid_827,30-44,Male,,1984,White / Caucasian,,Bachelor's degree,Yes,Yes,Yes,"$56,000 to $99,999",3,Middle class,A suburb near a large city,99999,Somewhat disagree,Republican,,Protestant,,7 Strongly agree,7 Strongly agree,3,7 Strongly agree,7 Strongly agree,1 Strongly disagree,attention,90,No,65
pid_828,60+,Male,,1955,White / Caucasian,,Some college or Associate's degree,Yes,Yes,No,"$56,000 to $99,999",2,Middle class,A small city or town,99999,Somewhat disagree,Independent,,I am not religious,,6,6,3,6,6,1 Strongly disagree,attention,,,
pid_829,60+,Male,,1948,White / Caucasian,,Some college or Associate's degree,No,Yes,No,"$30,000 to $55,999",1,Working class,A small city or town,99999,Somewhat disagree,Democrat,,Catholic,,5,5,3,5,5,2,attention,75,No,55
pid_830,45-59,Male,,1980,White / Caucasian,,Bachelor's degree,Yes,Yes,Yes,"$100,000 to $167,999",4,Middle class,A suburb near a large city,99999,Somewhat disagree,Independent,,I am not religious,,6,6,4,6,6,1 Strongly disagree,attention,,,
pid_831,60+,Male,,1962,White / Caucasian,,High school diploma / GED,Yes,Yes,Not applicable,"$56,000 to $99,999",3,Middle class,A small city or town,99999,Somewhat disagree,Republican,,Catholic,,6,6,3,5,6,2,attention,90,No,45
pid_832,18-29,Female,,2000,White / Caucasian,,Some college or Associate's degree,Yes,Yes,Yes,"$56,000 to $99,999",3,Middle class,A suburb near a large city,99999,Somewhat disagree,Democrat,,Protestant,,6,6,3,6,6,2,attention,70,Yes,70
pid_833,30-44,Male,,1985,White / Caucasian,,Bachelor's degree,No,Yes,Yes,"$56,000 to $99,999",3,Middle class,A suburb near a large city,99999,Somewhat disagree,Independent,,I am not religious,,7 Strongly agree,7 Strongly agree,3,6,7 Strongly agree,1 Strongly disagree,attention,,,
pid_834,30-44,Male,,1986,Other,,Bachelor's degree,Yes,Yes,Yes,"$30,000 to $55,999",1,Middle class,A small city or town,99999,Somewhat disagree,Independent,,I am not religious,,6,6,4,6,6,1 Strongly disagree,attention,,,
pid_835,60+,Female,,1965,White / Caucasian,,Doctorate degree / Ph.D.,Yes,Yes,Yes,"$100,000 to $167,999",6 or more,Upper class,A suburb near a large city,99999,Somewhat disagree,Democrat,,I am not religious,,6,6,3,6,6,1 Strongly disagree,attention,75,,
pid_836,60+,Male,,1958,White / Caucasian,,Bachelor's degree,No,Yes,Yes,"Less than $30,000",1,Middle class,A small city or town,99999,Somewhat disagree,Democrat,,Catholic,,7 Strongly agree,7 Strongly agree,3,7 Strongly agree,7 Strongly agree,1 Strongly disagree,attention,75,No,35
pid_837,60+,Male,,1958,White / Caucasian,,Bachelor's degree,Yes,Yes,Yes,"$100,000 to $167,999",2,Middle class,A suburb near a large city,99999,Somewhat disagree,Democrat,,I am not religious,,6,6,3,6,6,2,attention,80,,
pid_838,45-59,Male,,1980,White / Caucasian,,Doctorate degree / Ph.D.,Yes,Yes,Yes,"$100,000 to $167,999",3,Middle class,A suburb near a large city,99999,Somewhat disagree,Democrat,,Catholic,,6,6,3,6,6,2,attention,65,No,40
pid_839,45-59,Male,,1968,Black / African-American,,Bachelor's degree,No,Yes,Yes,"$100,000 to $167,999",1,Middle class,A small city or town,99999,Somewhat disagree,Democrat,,I am not religious,,6,6,4,6,6,1 Strongly disagree,attention,70,,
pid_840,30-44,Male,,1985,White / Caucasian,,Master's degree / Professional degree,Yes,Yes,Yes,"$100,000 to $167,999",4,Middle class,A suburb near a large city,99999,Somewhat disagree,Republican,,Catholic,,6,6,4,6,6,2,attention,65,No,65
pid_841,60+,Female,,1965,Black / African-American,,Some college or Associate's degree,No,Yes,Yes,"$30,000 to $55,999",3,Working class,A small city or town,99999,Somewhat disagree,Independent,,Protestant,,6,6,3,6,6,2,attention,,Yes,80
pid_842,45-59,Female,,1968,Asian / Asian-American,,Bachelor's degree,No,Yes,Yes,"$30,000 to $55,999",1,Middle class,A small city or town,99999,Somewhat disagree,Democrat,,I am not religious,,6,6,3,6,6,2,attention,60,,
pid_843,18-29,Female,,2000,White / Caucasian,,High school diploma / GED,Yes,Yes,Not applicable,"$30,000 to $55,999",3,Working class,A small city or town,99999,Somewhat disagree,Democrat,,I am not religious,,6,6,3,6,6,2,attention,85,,
pid_844,30-44,Male,,1985,Asian / Asian-American,,Bachelor's degree,No,Yes,Yes,"$56,000 to $99,999",2,Middle class,A suburb near a large city,99999,Somewhat disagree,Democrat,,I am not religious,,6,6,3,6,6,2,attention,65,,
pid_845,60+,Female,,1965,White / Caucasian,,Bachelor's degree,Yes,Yes,Yes,"Less than $30,000",1,Working class,A small city or town,99999,Somewhat disagree,Independent,,I am not religious,,6,6,4,6,6,2,attention,,,
pid_846,18-29,Female,,2000,White / Caucasian,,Some college or Associate's degree,No,Yes,Yes,"$168,000 or more",6 or more,Upper class,A suburb near a large city,99999,Somewhat disagree,Democrat,,I am not religious,,6,6,3,6,6,1 Strongly disagree,attention,75,,
pid_847,60+,Male,,1955,White / Caucasian,,Doctorate degree / Ph.D.,Yes,Yes,Yes,"$56,000 to $99,999",2,Middle class,A small city or town,99999,Somewhat disagree,Democrat,,I am not religious,,7 Strongly agree,7 Strongly agree,4,7 Strongly agree,7 Strongly agree,1 Strongly disagree,attention,75,,
pid_848,30-44,Female,,1985,Asian / Asian-American,,Doctorate degree / Ph.D.,Yes,Yes,Yes,"$168,000 or more",6 or more,Upper class,A suburb near a large city,99999,Somewhat disagree,Democrat,,I am not religious,,6,6,2,6,6,1 Strongly disagree,attention,75,,
pid_849,60+,Male,,1945,White / Caucasian,,Some college or Associate's degree,Yes,Yes,Yes,"Less than $30,000",1,Working class,A small city or town,99999,Somewhat disagree,Democrat,,I am not religious,,6,6,4,6,6,2,attention,65,,
pid_850,30-44,Male,,1985,White / Caucasian,,Bachelor's degree,No,Yes,Yes,"$30,000 to $55,999",3,Middle class,A small city or town,99999,Somewhat disagree,Democrat,,Protestant,,6,6,3,6,6,2,attention,75,No,10
pid_851,60+,Female,,1950,Other,Other,Some college or Associate's degree,Yes,Yes,Yes,"$30,000 to $55,999",1,Working class,A small city or town,99999,Somewhat disagree,Independent,,Other religion (please specify),Other,6,6,3,6,6,2,attention,,,35
pid_852,18-29,Male,,2000,Asian / Asian-American,,Some college or Associate's degree,No,Yes,No,"$56,000 to $99,999",1,Middle class,A small city or town,99999,Somewhat disagree,Democrat,,Buddhist,,5,5,3,5,6,2,attention,60,,25
pid_853,18-29,Male,,2000,Asian / Asian-American,,Some college or Associate's degree,Yes,Yes,Yes,"$168,000 or more",6 or more,Middle class,A small city or town,99999,Somewhat disagree,Other (please specify),Something else,Protestant,,6,6,4,6,6,2,attention,,Yes,70
pid_854,60+,Female,,1965,Black / African-American,,Some college or Associate's degree,Yes,Yes,Yes,"Less than $30,000",4,Working class,A small city or town,99999,Somewhat disagree,Democrat,,I am not religious,,6,6,3,6,6,2,attention,70,,
pid_855,60+,Male,,1955,White / Caucasian,,Bachelor's degree,Yes,Yes,Yes,"Less than $30,000",1,Working class,A small city or town,99999,Somewhat disagree,Independent,,Protestant,,6,6,4,6,6,1 Strongly disagree,attention,,No,35
pid_856,60+,Female,,1955,Black / African-American,,Some college or Associate's degree,Yes,Yes,No,"Less than $30,000",2,Working class,A small city or town,99999,Somewhat disagree,Republican,,Other religion (please specify),Other,7 Strongly agree,7 Strongly agree,3,6,7 Strongly agree,1 Strongly disagree,attention,60,,15
pid_857,60+,Female,,1962,White / Caucasian,,Some college or Associate's degree,Yes,Yes,Yes,"$30,000 to $55,999",3,Middle class,A small city or town,99999,Somewhat disagree,Democrat,,I am not religious,,6,6,4,6,6,1 Strongly disagree,attention,65,,
pid_858,45-59,Female,,1980,Black / African-American,,High school diploma / GED,Yes,Yes,Not applicable,"Less than $30,000",4,Working class,A small city or town,99999,Somewhat disagree,Democrat,,Jewish,,6,6,3,6,6,1 Strongly disagree,attention,85,,15
pid_859,30-44,Male,,1985,Other,,Some college or Associate's degree,Yes,Yes,No,"Less than $30,000",2,Working class,A small city or town,99999,Somewhat disagree,Independent,,Other religion (please specify),Other,7 Strongly agree,7 Strongly agree,4,7 Strongly agree,7 Strongly agree,1 Strongly disagree,attention,,,30
pid_860,60+,Female,,1965,White / Caucasian,,Bachelor's degree,Yes,Yes,Yes,"$56,000 to $99,999",2,Middle class,A suburb near a large city,99999,Somewhat disagree,Democrat,,I am not religious,,6,6,2,6,6,1 Strongly disagree,attention,65,,
pid_861,60+,Male,,1965,White / Caucasian,,Some college or Associate's degree,Yes,Yes,Yes,"$56,000 to $99,999",1,Middle class,A small city or town,99999,Somewhat disagree,Independent,,I am not religious,,7 Strongly agree,7 Strongly agree,3,6,7 Strongly agree,1 Strongly disagree,attention,,,
pid_862,18-29,Female,,1999,Latino / Hispanic,,Bachelor's degree,No,Yes,Yes,"$168,000 or more",3,Middle class,A suburb near a large city,99999,Somewhat disagree,Independent,,Catholic,,6,6,4,6,6,2,attention,,No,20
pid_863,60+,Male,,1945,Latino / Hispanic,,Some college or Associate's degree,No,Yes,Yes,"$30,000 to $55,999",1,Working class,A small city or town,99999,Somewhat disagree,Democrat,,Catholic,,6,6,4,6,6,2,attention,60,No,35
pid_864,60+,Male,,1955,White / Caucasian,,Doctorate degree / Ph.D.,Yes,Yes,Yes,"$100,000 to $167,999",6 or more,Upper class,A small city or town,99999,Somewhat disagree,Republican,,Protestant,,6,6,4,6,6,2,attention,85,Yes,90
pid_865,60+,Female,,1965,White / Caucasian,,Some college or Associate's degree,No,Yes,Yes,"$56,000 to $99,999",2,Middle class,A small city or town,99999,Somewhat disagree,Republican,,I am not religious,,6,6,3,6,6,2,attention,70,,
pid_866,60+,Female,,1965,White / Caucasian,,Bachelor's degree,No,Yes,Yes,"$56,000 to $99,999",1,Middle class,A small city or town,99999,Somewhat disagree,Democrat,,I am not religious,,6,6,3,6,6,2,attention,70,,
pid_867,30-44,Male,,1985,Other,Other,Bachelor's degree,No,Yes,Yes,"$56,000 to $99,999",2,Middle class,A small city or town,99999,Somewhat disagree,Independent,,I am not religious,,6,6,3,6,6,1 Strongly disagree,attention,,,
pid_868,45-59,Female,,1968,White / Caucasian,,Bachelor's degree,Yes,Yes,Yes,"$100,000 to $167,999",6 or more,Upper class,A suburb near a large city,99999,Somewhat disagree,Republican,,Catholic,,6,6,4,6,6,2,attention,70,No,80
pid_869,45-59,Female,,1980,White / Caucasian,,Bachelor's degree,No,Yes,Yes,"$56,000 to $99,999",6 or more,Middle class,A suburb near a large city,99999,Somewhat disagree,Republican,,I am not religious,,6,6,2,6,6,1 Strongly disagree,attention,70,,
pid_870,60+,Female,,1965,Asian / Asian-American,,Bachelor's degree,Yes,Yes,Yes,"$100,000 to $167,999",3,Middle class,A suburb near a large city,99999,Somewhat disagree,Republican,,Other religion (please specify),Other religion,6,6,3,6,6,2,attention,75,,85
pid_871,60+,Female,,1948,Latino / Hispanic,,Doctorate degree / Ph.D.,Yes,Yes,Yes,"$100,000 to $167,999",4,Upper class,A suburb near a large city,99999,Somewhat disagree,Republican,,Protestant,,6,6,3,6,6,2,attention,70,Yes,75
pid_872,45-59,Male,,1968,Black / African-American,,Some college or Associate's degree,No,Yes,No,"$30,000 to $55,999",1,Working class,A small city or town,99999,Somewhat disagree,Democrat,,I am not religious,,6,6,4,6,6,2,attention,65,,
pid_873,60+,Female,,1965,White / Caucasian,,High school diploma / GED,Yes,Yes,Not applicable,"Less than $30,000",1,Working class,A small city or town,99999,Somewhat disagree,Republican,,Protestant,,6,6,4,6,6,2,attention,65,Yes,45
pid_874,60+,Male,,1965,White / Caucasian,,Some college or Associate's degree,No,Yes,Yes,"$30,000 to $55,999",1,Working class,A small city or town,99999,Somewhat disagree,Democrat,,Protestant,,6,6,4,6,6,1 Strongly disagree,attention,75,No,55
pid_875,18-29,Male,,2000,Black / African-American,,High school diploma / GED,Yes,Yes,Not applicable,"$100,000 to $167,999",2,Middle class,A large city,99999,Somewhat disagree,Independent,,I am not religious,,6,6,3,6,7 Strongly agree,1 Strongly disagree,attention,,,
pid_876,60+,Female,,1948,Black / African-American,,Some college or Associate's degree,No,Yes,Yes,"Less than $30,000",1,Working class,A small city or town,99999,Somewhat disagree,Independent,,Protestant,,6,6,4,6,6,2,attention,,No,35
pid_877,30-44,Female,,1985,White / Caucasian,,Bachelor's degree,Yes,Yes,Yes,"$30,000 to $55,999",1,Middle class,A large city,99999,Somewhat disagree,Independent,,Jewish,,6,6,3,6,6,1 Strongly disagree,attention,,,15
pid_878,60+,Female,,1965,White / Caucasian,,Bachelor's degree,No,Yes,Yes,"$56,000 to $99,999",2,Middle class,A small city or town,99999,Somewhat disagree,Republican,,Protestant,,6,6,3,6,6,2,attention,70,No,35
pid_879,60+,Female,,1962,White / Caucasian,,Some college or Associate's degree,Yes,Yes,Yes,"$30,000 to $55,999",1,Working class,A small city or town,99999,Somewhat disagree,Independent,,Catholic,,6,6,3,6,6,2,attention,,No,55
pid_880,60+,Male,,1965,White / Caucasian,,Bachelor's degree,No,Yes,Yes,"$100,000 to $167,999",1,Middle class,A small city or town,99999,Somewhat disagree,Democrat,,I am not religious,,6,6,3,6,6,1 Strongly disagree,attention,70,,
pid_881,18-29,Male,,1998,White / Caucasian,,Some college or Associate's degree,Yes,Yes,Yes,"$56,000 to $99,999",3,Middle class,A small city or town,99999,Somewhat disagree,Republican,,I am not religious,,6,6,4,6,6,2,attention,70,,
pid_882,30-44,Male,,1985,Latino / Hispanic,,Some college or Associate's degree,No,Yes,Yes,"$56,000 to $99,999",4,Middle class,A suburb near a large city,99999,Somewhat disagree,Democrat,,I am not religious,,6,6,3,6,6,1 Strongly disagree,attention,75,,
pid_883,18-29,Male,,1998,White / Caucasian,,Bachelor's degree,No,Yes,Yes,"$56,000 to $99,999",3,Middle class,A small city or town,99999,Somewhat disagree,Democrat,,Protestant,,6,6,4,6,6,2,attention,65,No,35
pid_884,18-29,Female,,1998,Other,Other,Bachelor's degree,Yes,Yes,Yes,"$56,000 to $99,999",4,Middle class,A suburb near a large city,99999,Somewhat disagree,Independent,,I am not religious,,6,6,3,6,6,2,attention,,,
pid_885,60+,Male,,1965,White / Caucasian,,Master's degree / Professional degree,Yes,Yes,Yes,"$30,000 to $55,999",2,Middle class,A small city or town,99999,Somewhat disagree,Independent,,Protestant,,6,6,3,6,6,2,attention,,No,10
pid_886,60+,Female,,1948,White / Caucasian,,Doctorate degree / Ph.D.,Yes,Yes,Yes,"$100,000 to $167,999",2,Middle class,A small city or town,99999,Somewhat disagree,Independent,,Protestant,,6,6,3,6,6,2,attention,,Yes,90
pid_887,60+,Female,,1965,Other,,Some college or Associate's degree,Yes,Yes,Yes,"$30,000 to $55,999",4,Working class,A suburb near a large city,99999,Somewhat disagree,Other (please specify),Progressive,Other religion (please specify),,6,6,4,6,6,1 Strongly disagree,attention,,,25
pid_888,60+,Female,,1948,White / Caucasian,,Some college or Associate's degree,No,Yes,Yes,"$30,000 to $55,999",2,Middle class,A small city or town,99999,Somewhat disagree,Democrat,,Other religion (please specify),Other,6,6,3,6,6,2,attention,80,,10
pid_889,18-29,Male,,2000,White / Caucasian,,Bachelor's degree,Yes,Yes,Yes,"$56,000 to $99,999",2,Middle class,A small city or town,99999,Somewhat disagree,Independent,,Protestant,,6,6,4,6,6,1 Strongly disagree,attention,,No,20
pid_890,60+,Male,,1962,White / Caucasian,,Some college or Associate's degree,Yes,Yes,Yes,"$56,000 to $99,999",2,Middle class,A small city or town,99999,Somewhat disagree,Republican,,Protestant,,7 Strongly agree,7 Strongly agree,4,7 Strongly agree,7 Strongly agree,2,attention,85,Yes,85
pid_891,60+,Female,,1948,White / Caucasian,,Bachelor's degree,No,Yes,Yes,"$56,000 to $99,999",2,Middle class,A small city or town,99999,Somewhat disagree,Republican,,Catholic,,6,6,3,6,6,2,attention,75,No,45
pid_892,30-44,Male,,1985,Black / African-American,,Bachelor's degree,Yes,Yes,Yes,"Less than $30,000",1,Working class,A small city or town,99999,Somewhat disagree,Independent,,I am not religious,,6,6,3,6,6,2,attention,,,
pid_893,60+,Female,,1965,White / Caucasian,,Bachelor's degree,No,Yes,Yes,"$56,000 to $99,999",2,Middle class,A small city or town,99999,Somewhat disagree,Democrat,,Protestant,,6,6,3,6,6,2,attention,75,No,40
pid_894,60+,Female,,1948,White / Caucasian,,Some college or Associate's degree,No,Yes,Yes,"$100,000 to $167,999",2,Middle class,A suburb near a large city,99999,Somewhat disagree,Independent,,Catholic,,6,6,3,6,7 Strongly agree,2,attention,,No,35
pid_895,30-44,Female,,1985,Asian / Asian-American,,Doctorate degree / Ph.D.,Yes,Yes,Yes,"$100,000 to $167,999",4,Upper class,A suburb near a large city,99999,Somewhat disagree,Independent,,I am not religious,,6,6,3,6,6,2,attention,,,
pid_896,60+,Female,,1966,Black / African-American,,Some college or Associate's degree,No,Yes,Yes,"$56,000 to $99,999",3,Middle class,A small city or town,99999,Somewhat disagree,Independent,,Protestant,,6,6,4,6,6,1 Strongly disagree,attention,,Yes,75
pid_897,60+,Male,,1962,White / Caucasian,,Doctorate degree / Ph.D.,No,Yes,Yes,"$100,000 to $167,999",2,Middle class,A small city or town,99999,Somewhat disagree,Republican,,I am not religious,,6,6,3,6,6,1 Strongly disagree,attention,55,,
pid_898,45-59,Female,,1968,White / Caucasian,,Doctorate degree / Ph.D.,Yes,Yes,Yes,"$56,000 to $99,999",4,Middle class,A suburb near a large city,99999,Somewhat disagree,Democrat,,Protestant,,6,6,4,6,6,2,attention,35,Yes,75
pid_900,60+,Female,,1955,White / Caucasian,,Master's degree / Professional degree,Yes,Yes,Yes,"$168,000 or more",3,Upper class,A suburb near a large city,99999,Somewhat disagree,Democrat,,Protestant,,7 Strongly agree,7 Strongly agree,2,6,7 Strongly agree,1 Strongly disagree,attention,75,No,45
pid_901,30-44,Female,,1985,Black / African-American,,Bachelor's degree,Yes,Yes,Yes,"$100,000 to $167,999",2,Middle class,A large city,99999,Somewhat disagree,Independent,,Catholic,,7 Strongly agree,7 Strongly agree,4,6,7 Strongly agree,2,attention,,No,20
pid_902,60+,Female,,1948,White / Caucasian,,Some college or Associate's degree,Yes,Yes,Yes,"Less than $30,000",1,Working class,A small city or town,99999,Somewhat disagree,Independent,,Protestant,,6,6,3,5,6,2,attention,,No,60
pid_903,18-29,Female,,2000,Latino / Hispanic,,Some college or Associate's degree,Yes,Yes,Yes,"$168,000 or more",4,Middle class,A suburb near a large city,99999,Somewhat disagree,Republican,,Catholic,,6,6,4,6,6,2,attention,70,No,65
pid_904,18-29,Male,,1998,White / Caucasian,,Some college or Associate's degree,Yes,Yes,Yes,"$168,000 or more",4,Middle class,A suburb near a large city,99999,Somewhat disagree,Independent,,Other religion (please specify),Spiritual but not religious,6,6,4,6,6,2,attention,,,30
pid_905,60+,Male,,1965,White / Caucasian,,High school diploma / GED,Yes,Yes,Not applicable,"Less than $30,000",3,Working class,A small city or town,99999,Somewhat disagree,Independent,,I am not religious,,6,6,3,6,6,1 Strongly disagree,attention,,,
pid_906,18-29,Male,,2000,White / Caucasian,,Some college or Associate's degree,Yes,Yes,Yes,"Less than $30,000",3,Working class,A small city or town,99999,Somewhat disagree,Republican,,Protestant,,6,6,4,6,6,2,attention,45,No,35
pid_907,60+,Female,,1962,Other,,High school diploma / GED,Yes,Yes,Not applicable,"$30,000 to $55,999",3,Working class,A small city or town,99999,Somewhat disagree,Democrat,,Muslim,,5,5,3,5,5,2,attention,65,,75
pid_908,18-29,Female,,2000,Asian / Asian-American,,High school diploma / GED,No,Yes,Yes,"$56,000 to $99,999",1,Middle class,A small city or town,99999,Somewhat disagree,Democrat,,I am not religious,,6,6,3,6,6,1 Strongly disagree,attention,70,,
pid_909,45-59,Female,,1968,White / Caucasian,,High school diploma / GED,No,Yes,Not applicable,"$56,000 to $99,999",3,Middle class,A small city or town,99999,Somewhat disagree,Independent,,Catholic,,6,6,3,5,6,2,attention,,No,25
pid_910,45-59,Male,,1970,White / Caucasian,,Master's degree / Professional degree,Yes,Yes,Yes,"$56,000 to $99,999",6 or more,Middle class,A small city or town,99999,Somewhat disagree,Republican,,Orthodox Christian,,6,6,4,6,6,2,attention,75,No,70
pid_911,60+,Male,,1965,White / Caucasian,,Bachelor's degree,Yes,Yes,Yes,"$56,000 to $99,999",1,Middle class,A small city or town,99999,Somewhat disagree,Independent,,I am not religious,,6,6,3,6,6,1 Strongly disagree,attention,,,
pid_912,45-59,Male,,1980,White / Caucasian,,High school diploma / GED,No,Yes,Not applicable,"$30,000 to $55,999",2,Working class,A suburb near a large city,99999,Somewhat disagree,Independent,,I am not religious,,7 Strongly agree,7 Strongly agree,3,6,7 Strongly agree,1 Strongly disagree,attention,,,
pid_913,18-29,Female,,1998,White / Caucasian,,Bachelor's degree,No,Yes,Yes,"$56,000 to $99,999",2,Middle class,A suburb near a large city,55414,Somewhat disagree,Democrat,,I am not religious,,6,6,3,6,6,1 Strongly disagree,attention,85,,
pid_914,60+,Male,,1964,Latino / Hispanic,,Some college or Associate's degree,No,Yes,Yes,"$56,000 to $99,999",3,Middle class,A small city or town,99999,Somewhat disagree,Republican,,Catholic,,6,6,4,6,6,2,attention,75,No,80
pid_916,60+,Male,,1964,White / Caucasian,,Some college or Associate's degree,No,Yes,Yes,"$56,000 to $99,999",4,Middle class,A small city or town,99999,Somewhat disagree,Independent,,Protestant,,6,6,4,6,6,2,attention,,No,35
pid_917,30-44,Male,,1985,White / Caucasian,,Some college or Associate's degree,No,Yes,Yes,"Less than $30,000",1,Working class,A small city or town,99999,Somewhat disagree,Democrat,,I am not religious,,6,6,3,6,6,2,attention,80,,
pid_918,60+,Male,,1965,White / Caucasian,,Some college or Associate's degree,No,Yes,No,"Less than $30,000",1,Working class,A small city or town,99999,Somewhat disagree,Independent,,I am not religious,,6,6,4,6,6,2,attention,,,
pid_919,60+,Female,,1945,White / Caucasian,,Doctorate degree / Ph.D.,No,Yes,Yes,"$30,000 to $55,999",1,Middle class,A small city or town,99999,Somewhat disagree,Republican,,Protestant,,6,6,3,6,6,2,attention,70,Yes,70
pid_920,60+,Male,,1965,Black / African-American,,Doctorate degree / Ph.D.,Yes,Yes,Yes,"$100,000 to $167,999",6 or more,Middle class,A suburb near a large city,99999,Somewhat disagree,Democrat,,Protestant,,6,6,3,6,6,2,attention,75,Yes,75
pid_921,30-44,Female,,1988,Latino / Hispanic,,High school diploma / GED,Yes,Yes,Not applicable,"Less than $30,000",2,Working class,A small city or town,99999,Somewhat disagree,Independent,,Catholic,,6,6,4,6,7 Strongly agree,2,attention,,No,45
pid_922,60+,Female,,1965,White / Caucasian,,Some college or Associate's degree,No,Yes,Yes,"$168,000 or more",2,Middle class,A small city or town,99999,Somewhat disagree,Democrat,,I am not religious,,6,6,3,6,6,1 Strongly disagree,attention,70,,
pid_923,30-44,Male,,1985,White / Caucasian,,High school diploma / GED,No,Yes,Not applicable,"$56,000 to $99,999",2,Working class,A small city or town,99999,Somewhat disagree,Democrat,,I am not religious,,6,6,3,6,6,1 Strongly disagree,attention,80,,
pid_924,30-44,Male,,1985,White / Caucasian,,Bachelor's degree,No,Yes,Yes,"Less than $30,000",1,Working class,A small city or town,99999,Somewhat disagree,Democrat,,I am not religious,,6,6,4,6,6,1 Strongly disagree,attention,65,,
pid_925,60+,Female,,1948,White / Caucasian,,Some college or Associate's degree,No,Yes,No,"Less than $30,000",2,Middle class,A small city or town,99999,Somewhat disagree,Independent,,Protestant,,6,6,3,5,6,2,attention,,No,30
pid_926,60+,Female,,1965,White / Caucasian,,Bachelor's degree,No,Yes,Yes,"Less than $30,000",1,Working class,A small city or town,99999,Somewhat disagree,Independent,,Catholic,,6,6,4,6,6,2,attention,,No,20
pid_927,60+,Male,,1965,White / Caucasian,,Some college or Associate's degree,Yes,Yes,Yes,"$100,000 to $167,999",4,Middle class,A small city or town,99999,Somewhat disagree,Republican,,I am not religious,,6,6,5,6,7 Strongly agree,1 Strongly disagree,attention,75,,
pid_928,18-29,Male,,2000,White / Caucasian,,High school diploma / GED,No,Yes,Not applicable,"Less than $30,000",6 or more,Working class,A small city or town,99999,Somewhat disagree,Democrat,,Protestant,,6,6,3,6,6,2,attention,70,No,45
pid_929,18-29,Male,,1998,White / Caucasian,,Some college or Associate's degree,No,Yes,Yes,"$30,000 to $55,999",2,Working class,A small city or town,99999,Somewhat disagree,Republican,,Other religion (please specify),Other,6,6,4,6,7 Strongly agree,2,attention,70,,20
pid_930,30-44,Male,,1985,White / Caucasian,,Some college or Associate's degree,Yes,Yes,Yes,"$100,000 to $167,999",3,Middle class,A small city or town,48001,Somewhat disagree,Independent,,Other religion (please specify),Other,6,6,4,6,6,2,attention,,,15
pid_931,60+,Female,,1938,White / Caucasian,,High school diploma / GED,No,Yes,Not applicable,"Less than $30,000",1,Working class,A small city or town,99999,Somewhat disagree,Independent,,I am not religious,,6,6,4,6,6,2,attention,,,
pid_932,18-29,Female,,2000,Latino / Hispanic,,High school diploma / GED,Yes,Yes,Not applicable,"$30,000 to $55,999",2,Working class,A small city or town,99999,Somewhat disagree,Democrat,,I am not religious,,6,6,2,6,6,2,attention,65,,
pid_933,60+,Female,,1948,Other,,Some college or Associate's degree,Yes,Yes,No,"Less than $30,000",1,Working class,A small city or town,99999,Somewhat disagree,Republican,,Other religion (please specify),Other,6,6,3,6,6,1 Strongly disagree,attention,70,,15
pid_934,30-44,Female,,1982,White / Caucasian,,Bachelor's degree,Yes,Yes,Yes,"$100,000 to $167,999",6 or more,Middle class,A suburb near a large city,99999,Somewhat disagree,Republican,,I am not religious,,6,6,3,6,6,1 Strongly disagree,attention,60,,
pid_935,30-44,Male,,1985,White / Caucasian,,Doctorate degree / Ph.D.,Yes,Yes,Yes,"$56,000 to $99,999",1,Middle class,A small city or town,99999,Somewhat disagree,Independent,,Buddhist,,6,6,3,6,6,2,attention,,,15
pid_936,30-44,Male,,1985,White / Caucasian,,Bachelor's degree,Yes,Yes,Yes,"Less than $30,000",2,Working class,A small city or town,99999,Somewhat disagree,Independent,,Catholic,,6,6,3,6,7 Strongly agree,2,attention,,No,35
pid_937,30-44,Male,,1985,Black / African-American,,Some college or Associate's degree,Yes,Yes,No,"$30,000 to $55,999",1,Working class,A large city,99999,Somewhat disagree,Democrat,,I am not religious,,6,6,4,6,7 Strongly agree,1 Strongly disagree,attention,75,,
pid_938,30-44,Male,,1985,White / Caucasian,,Less than high school,Yes,Yes,Not applicable,"$30,000 to $55,999",3,Working class,A suburb near a large city,99999,Somewhat disagree,Democrat,,Buddhist,,6,6,3,6,6,2,attention,65,,65
pid_939,60+,Female,,1965,Latino / Hispanic,,Some college or Associate's degree,Yes,Yes,Yes,"$56,000 to $99,999",2,Middle class,A small city or town,99999,Somewhat disagree,Independent,,Other religion (please specify),Other Christian denomination,5,5,3,5,6,2,attention,,,75
pid_940,18-29,Male,,2000,White / Caucasian,,Some college or Associate's degree,No,Yes,Yes,"Less than $30,000",2,Working class,A small city or town,99999,Somewhat disagree,Democrat,,I am not religious,,6,6,3,6,6,1 Strongly disagree,attention,70,,
pid_941,60+,Female,,1965,Black / African-American,,Some college or Associate's degree,Yes,Yes,Yes,"Less than $30,000",3,Working class,A small city or town,99999,Somewhat disagree,Independent,,Other religion (please specify),Spiritual,6,6,3,6,6,2,attention,,,35
pid_942,30-44,Female,,1985,White / Caucasian,,High school diploma / GED,No,Yes,Not applicable,"$56,000 to $99,999",3,Middle class,A small city or town,99999,Somewhat disagree,Democrat,,I am not religious,,6,6,4,6,6,2,attention,75,,
pid_943,30-44,Male,,1985,White / Caucasian,,Bachelor's degree,No,Yes,Yes,"$30,000 to $55,999",1,Middle class,A large city,30303,Somewhat disagree,Democrat,,I am not religious,,6,6,2,6,6,1 Strongly disagree,attention,75,,
pid_944,60+,Male,,1955,White / Caucasian,,Doctorate degree / Ph.D.,Yes,Yes,Yes,"$100,000 to $167,999",2,Middle class,A small city or town,99999,Somewhat disagree,Independent,,I am not religious,,6,6,3,6,6,2,attention,,,
pid_945,30-44,Female,,1985,White / Caucasian,,High school diploma / GED,No,Yes,Not applicable,"$30,000 to $55,999",4,Middle class,A suburb near a large city,99999,Somewhat disagree,Democrat,,I am not religious,,6,6,2,6,6,1 Strongly disagree,attention,70,,
pid_946,45-59,Female,,1968,Asian / Asian-American,,Master's degree / Professional degree,Yes,Yes,Yes,"$100,000 to $167,999",3,Upper class,A suburb near a large city,99999,Somewhat disagree,Other (please specify),Something else,Catholic,,6,6,3,6,6,2,attention,,No,75
pid_947,30-44,Female,,1985,Other,,Some college or Associate's degree,No,Yes,Yes,"$30,000 to $55,999",3,Middle class,A small city or town,99999,Somewhat disagree,Independent,,Other religion (please specify),Spiritual but not religious,6,6,3,6,6,1 Strongly disagree,attention,,,25
pid_948,60+,Female,,1965,White / Caucasian,,Some college or Associate's degree,Yes,Yes,No,"$100,000 to $167,999",3,Middle class,A suburb near a large city,99999,Somewhat disagree,Republican,,Protestant,,6,6,4,6,6,2,attention,70,No,55
pid_949,60+,Male,,1965,White / Caucasian,,Bachelor's degree,No,Yes,Yes,"Less than $30,000",1,Working class,A small city or town,99999,Somewhat disagree,Independent,,Jewish,,6,6,4,6,6,2,attention,,,30
pid_950,30-44,Male,,1986,Latino / Hispanic,,Some college or Associate's degree,No,Yes,Yes,"$100,000 to $167,999",3,Middle class,A suburb near a large city,99999,Somewhat disagree,Democrat,,Other religion (please specify),Spiritual but not religious,6,6,4,6,6,2,attention,65,,20
pid_951,45-59,Female,,1980,Latino / Hispanic,,Some college or Associate's degree,Yes,Yes,No,"$56,000 to $99,999",1,Middle class,A small city or town,99999,Somewhat disagree,Republican,,Other religion (please specify),Other,6,6,3,6,6,2,attention,70,,45
pid_952,30-44,Female,,1985,Black / African-American,,High school diploma / GED,Yes,Yes,Not applicable,"$30,000 to $55,999",4,Working class,A small city or town,99999,Somewhat disagree,Democrat,,Protestant,,6,6,4,6,6,2,attention,75,No,35
pid_953,60+,Male,,1962,White / Caucasian,,High school diploma / GED,Yes,Yes,No,"$30,000 to $55,999",1,Working class,A small city or town,99999,Somewhat disagree,Republican,,Protestant,,5,5,3,5,5,5,attention,75,Yes,75
pid_954,18-29,Female,,2000,Latino / Hispanic,,Some college or Associate's degree,Yes,Yes,Yes,"$56,000 to $99,999",3,Middle class,A suburb near a large city,99999,Somewhat disagree,Republican,,Protestant,,6,6,3,6,6,2,attention,70,No,60
pid_955,60+,Female,,1965,White / Caucasian,,Some college or Associate's degree,Yes,Yes,Yes,"$100,000 to $167,999",4,Middle class,A suburb near a large city,99999,Somewhat disagree,Republican,,Protestant,,6,6,3,6,6,2,attention,70,Yes,50
pid_956,30-44,Male,,1985,Latino / Hispanic,,Bachelor's degree,Yes,Yes,Yes,"$100,000 to $167,999",4,Middle class,A suburb near a large city,60614,Somewhat disagree,Democrat,,I am not religious,,6,6,3,6,6,1 Strongly disagree,attention,70,,
pid_957,30-44,Female,,1982,Latino / Hispanic,,Some college or Associate's degree,No,Yes,Yes,"$56,000 to $99,999",4,Middle class,A small city or town,99999,Somewhat disagree,Independent,,I am not religious,,7 Strongly agree,7 Strongly agree,4,7 Strongly agree,7 Strongly agree,2,attention,,,
pid_958,60+,Female,,1964,White / Caucasian,,Bachelor's degree,No,Yes,Yes,"$100,000 to $167,999",3,Middle class,A small city or town,99999,Somewhat disagree,Democrat,,I am not religious,,6,6,3,6,6,2,attention,65,,
pid_959,18-29,Female,,2002,Black / African-American,,High school diploma / GED,Yes,Yes,Not applicable,"$100,000 to $167,999",6 or more,Middle class,A large city,99999,Somewhat disagree,Democrat,,I am not religious,,5,5,4,5,5,2,attention,60,,
pid_960,30-44,Male,,1985,Other,Other,Some college or Associate's degree,No,Yes,Yes,"$56,000 to $99,999",1,Middle class,A small city or town,99999,Somewhat disagree,Democrat,,I am not religious,,6,6,3,6,6,1 Strongly disagree,attention,75,,
pid_961,30-44,Female,,1985,Black / African-American,,Some college or Associate's degree,Yes,Yes,Yes,"Less than $30,000",4,Working class,A small city or town,99999,Somewhat disagree,Democrat,,Other religion (please specify),Spiritual but not religious,6,6,3,6,6,2,attention,65,,25
pid_962,18-29,Male,,1998,Black / African-American,,High school diploma / GED,Yes,Yes,Not applicable,"Less than $30,000",3,Working class,A small city or town,99999,Somewhat disagree,Democrat,,I am not religious,,6,6,3,6,6,1 Strongly disagree,attention,75,,
pid_963,60+,Male,,1948,Asian / Asian-American,,Bachelor's degree,No,Yes,Yes,"$56,000 to $99,999",2,Middle class,A small city or town,99999,Somewhat disagree,Democrat,,I am not religious,,6,6,3,6,6,2,attention,70,,
pid_964,45-59,Female,,1980,White / Caucasian,,Doctorate degree / Ph.D.,Yes,Yes,Yes,"$100,000 to $167,999",6 or more,Upper class,A suburb near a large city,99999,Somewhat disagree,Republican,,Protestant,,6,6,2,6,6,2,attention,75,Yes,65
pid_965,30-44,Male,,1985,Black / African-American,,Some college or Associate's degree,No,Yes,Yes,"Less than $30,000",2,Working class,A large city,99999,Somewhat disagree,Independent,,Protestant,,7 Strongly agree,7 Strongly agree,3,7 Strongly agree,7 Strongly agree,1 Strongly disagree,attention,,No,55
pid_966,18-29,Male,,2000,White / Caucasian,,Some college or Associate's degree,Yes,Yes,Yes,"$56,000 to $99,999",3,Middle class,A small city or town,99999,Somewhat disagree,Republican,,Catholic,,6,6,3,6,6,2,attention,75,No,80
pid_967,60+,Female,,1948,White / Caucasian,,Some college or Associate's degree,No,Yes,Yes,"$56,000 to $99,999",2,Middle class,A small city or town,99999,Somewhat disagree,Republican,,Protestant,,6,6,3,6,6,2,attention,65,Yes,65
pid_968,30-44,Male,,1985,Black / African-American,,Some college or Associate's degree,No,Yes,No,"$56,000 to $99,999",3,Working class,A small city or town,99999,Somewhat disagree,Democrat,,Other religion (please specify),Spiritual but not religious,7 Strongly agree,7 Strongly agree,4,7 Strongly agree,7 Strongly agree,1 Strongly disagree,attention,70,,20
pid_969,45-59,Female,,1980,White / Caucasian,,Bachelor's degree,Yes,Yes,Yes,"$100,000 to $167,999",2,Middle class,A suburb near a large city,99999,Somewhat disagree,Republican,,I am not religious,,6,6,4,6,6,1 Strongly disagree,attention,70,,
pid_970,60+,Male,,1965,Latino / Hispanic,,High school diploma / GED,Yes,Yes,Not applicable,"$56,000 to $99,999",2,Working class,A small city or town,99999,Somewhat disagree,Democrat,,Jewish,,6,6,3,6,6,1 Strongly disagree,attention,70,,35
pid_971,60+,Female,,1965,White / Caucasian,,Some college or Associate's degree,Yes,Yes,No,"$56,000 to $99,999",2,Middle class,A small city or town,99999,Somewhat disagree,Democrat,,Buddhist,,6,6,3,6,6,2,attention,70,,65
pid_972,60+,Male,,1955,Other,Other,Doctorate degree / Ph.D.,No,Yes,Yes,"$168,000 or more",2,Upper class,A small city or town,99999,Somewhat disagree,Other (please specify),Something else,Other religion (please specify),Other,7 Strongly agree,7 Strongly agree,2,7 Strongly agree,7 Strongly agree,1 Strongly disagree,attention,,,20
pid_973,30-44,Male,,1985,Black / African-American,,Master's degree / Professional degree,Yes,Yes,Yes,"$56,000 to $99,999",4,Middle class,A suburb near a large city,99999,Somewhat disagree,Independent,,Catholic,,7 Strongly agree,7 Strongly agree,3,7 Strongly agree,7 Strongly agree,1 Strongly disagree,attention,,No,65
pid_974,18-29,Female,,2000,White / Caucasian,,High school diploma / GED,No,Yes,Not applicable,"$56,000 to $99,999",3,Working class,A small city or town,99999,Somewhat disagree,Democrat,,I am not religious,,5,5,2,5,5,2,attention,85,,
pid_975,60+,Male,,1958,White / Caucasian,,Doctorate degree / Ph.D.,Yes,Yes,Yes,"$56,000 to $99,999",2,Middle class,A small city or town,99999,Somewhat disagree,Democrat,,Catholic,,6,6,3,6,6,2,attention,70,No,75
pid_976,45-59,Female,,1980,White / Caucasian,,Master's degree / Professional degree,Yes,Yes,Yes,"$56,000 to $99,999",3,Middle class,A suburb near a large city,99999,Somewhat disagree,Republican,,I am not religious,,6,7 Strongly agree,3,7 Strongly agree,7 Strongly agree,1 Strongly disagree,attention,70,,
pid_977,60+,Male,,1948,Black / African-American,,Doctorate degree / Ph.D.,Yes,Yes,Yes,"$100,000 to $167,999",4,Upper class,A small city or town,99999,Somewhat disagree,Democrat,,Catholic,,6,6,2,6,7 Strongly agree,1 Strongly disagree,attention,80,No,75
pid_978,18-29,Female,,2000,Black / African-American,,High school diploma / GED,Yes,Yes,Not applicable,"$56,000 to $99,999",6 or more,Working class,A suburb near a large city,99999,Somewhat disagree,Independent,,I am not religious,,6,6,3,6,6,2,attention,,,
pid_979,60+,Female,,1965,Black / African-American,,High school diploma / GED,Yes,Yes,Not applicable,"Less than $30,000",2,Working class,A small city or town,99999,Somewhat disagree,Democrat,,Protestant,,6,6,3,6,6,2,attention,70,No,40
pid_980,30-44,Female,,1982,White / Caucasian,,Some college or Associate's degree,No,Yes,No,"$30,000 to $55,999",4,Working class,A small city or town,99999,Somewhat disagree,Republican,,Protestant,,6,6,4,6,6,2,attention,70,No,30
pid_981,60+,Male,,1962,Asian / Asian-American,,Bachelor's degree,Yes,Yes,Yes,"$56,000 to $99,999",2,Middle class,A small city or town,99999,Somewhat disagree,Democrat,,Catholic,,6,6,3,6,6,2,attention,65,No,45
pid_982,45-59,Female,,1967,White / Caucasian,,Bachelor's degree,No,Yes,Yes,"$100,000 to $167,999",2,Middle class,A small city or town,99999,Somewhat disagree,Republican,,Catholic,,6,6,3,6,6,2,attention,60,No,35
pid_983,45-59,Male,,1968,White / Caucasian,,Doctorate degree / Ph.D.,Yes,Yes,Yes,"$100,000 to $167,999",6 or more,Middle class,A suburb near a large city,99999,Somewhat disagree,Republican,,Protestant,,6,6,4,6,6,2,attention,85,Yes,85
pid_984,60+,Male,,1965,White / Caucasian,,Some college or Associate's degree,No,Yes,Yes,"$56,000 to $99,999",2,Working class,A small city or town,99999,Somewhat disagree,Independent,,I am not religious,,7 Strongly agree,7 Strongly agree,4,7 Strongly agree,7 Strongly agree,1 Strongly disagree,attention,,,
pid_985,60+,Male,,1965,White / Caucasian,,Some college or Associate's degree,Yes,Yes,No,"$100,000 to $167,999",4,Middle class,A small city or town,99999,Somewhat disagree,Democrat,,Other religion (please specify),Spiritual but not religious,6,6,3,6,6,2,attention,75,,20
pid_986,60+,Female,,1965,Black / African-American,,Some college or Associate's degree,No,Yes,No,"$100,000 to $167,999",2,Middle class,A small city or town,99999,Somewhat disagree,Independent,,Other religion (please specify),Other Christian,6,6,3,6,6,2,attention,,,60
pid_987,60+,Male,,1965,White / Caucasian,,Doctorate degree / Ph.D.,Yes,Yes,Yes,"$100,000 to $167,999",4,Upper class,A suburb near a large city,99999,Somewhat disagree,Democrat,,Protestant,,7 Strongly agree,7 Strongly agree,4,7 Strongly agree,7 Strongly agree,1 Strongly disagree,attention,75,Yes,75
pid_988,60+,Male,,1965,Black / African-American,,Bachelor's degree,Yes,Yes,Yes,"$30,000 to $55,999",3,Middle class,A small city or town,99999,Somewhat disagree,Independent,,I am not religious,,7 Strongly agree,7 Strongly agree,3,6,7 Strongly agree,1 Strongly disagree,attention,,,
pid_989,30-44,Female,,1985,Other,,Doctorate degree / Ph.D.,Yes,Yes,Yes,"$56,000 to $99,999",2,Middle class,A small city or town,99999,Somewhat disagree,Independent,,Protestant,,6,6,4,6,6,2,attention,,No,30
pid_990,18-29,Female,,1999,White / Caucasian,,Bachelor's degree,No,Yes,Yes,"$168,000 or more",3,Middle class,A large city,99999,Somewhat disagree,Democrat,,I am not religious,,6,6,2,6,6,1 Strongly disagree,attention,85,,
pid_991,30-44,Male,,1985,White / Caucasian,,Doctorate degree / Ph.D.,No,Yes,Yes,"$30,000 to $55,999",4,Working class,A small city or town,99999,Somewhat disagree,Democrat,,Protestant,,6,6,3,6,6,2,attention,70,No,35
pid_992,60+,Male,,1965,Black / African-American,,Doctorate degree / Ph.D.,No,Yes,Yes,"$30,000 to $55,999",2,Working class,A large city,99999,Somewhat disagree,Democrat,,Protestant,,6,6,3,6,6,2,attention,70,Yes,75
pid_993,60+,Male,,1965,White / Caucasian,,Some college or Associate's degree,No,Yes,Yes,"Less than $30,000",4,Working class,A small city or town,99999,Somewhat disagree,Democrat,,I am not religious,,6,6,4,6,7 Strongly agree,2,attention,75,,
pid_996,45-59,Male,,1980,White / Caucasian,,Bachelor's degree,No,Yes,Yes,"$100,000 to $167,999",6 or more,Middle class,A suburb near a large city,99999,Somewhat disagree,Independent,,I am not religious,,6,6,3,6,6,2,attention,,,
pid_997,30-44,Female,,1985,White / Caucasian,,Some college or Associate's degree,No,Yes,Yes,"$30,000 to $55,999",1,Middle class,A small city or town,99999,Somewhat disagree,Independent,,I am not religious,,7 Strongly agree,7 Strongly agree,4,6,7 Strongly agree,1 Strongly disagree,attention,,,
pid_998,30-44,Male,,1985,White / Caucasian,,Doctorate degree / Ph.D.,Yes,Yes,Yes,"$100,000 to $167,999",4,Middle class,A suburb near a large city,99999,Somewhat disagree,Democrat,,Catholic,,6,6,3,6,6,2,attention,80,No,55
pid_999,60+,Female,,1945,White / Caucasian,,Less than high school,No,Yes,Not applicable,"$30,000 to $55,999",2,Working class,A small city or town,99999,Somewhat disagree,Republican,,Protestant,,5,5,3,5,5,5,attention,70,No,25
pid_1000,30-44,Male,,1985,White / Caucasian,,High school diploma / GED,No,Yes,Not applicable,"Less than $30,000",3,Working class,A small city or town,99999,Somewhat disagree,Other (please specify),Something else,I am not religious,,6,6,5,6,6,1 Strongly disagree,attention,,,
pid_1001,18-29,Male,,2000,Latino / Hispanic,,Less than high school,Yes,Yes,Not applicable,"$56,000 to $99,999",3,Working class,A small city or town,99999,Somewhat disagree,Republican,,Protestant,,6,6,4,6,6,2,attention,70,No,45
pid_1002,60+,Male,,1965,White / Caucasian,,Some college or Associate's degree,No,Yes,No,"Less than $30,000",1,Working class,A small city or town,99999,Somewhat disagree,Republican,,Protestant,,6,6,2,6,6,1 Strongly disagree,attention,70,No,40
pid_1003,60+,Female,,1965,White / Caucasian,,Some college or Associate's degree,No,Yes,Yes,"Less than $30,000",1,Working class,A small city or town,99999,Somewhat disagree,Republican,,Protestant,,6,6,4,6,6,2,attention,70,Yes,65
pid_1004,30-44,Male,,1985,Black / African-American,,Some college or Associate's degree,Yes,Yes,No,"$100,000 to $167,999",4,Middle class,A suburb near a large city,99999,Somewhat disagree,Independent,,I am not religious,,6,6,4,6,6,2,attention,,,
pid_1005,30-44,Female,,1985,White / Caucasian,,Bachelor's degree,No,Yes,Yes,"$56,000 to $99,999",2,Middle class,A suburb near a large city,99999,Somewhat disagree,Other (please specify),,I am not religious,,6,6,2,6,6,1 Strongly disagree,attention,,,
pid_1006,60+,Female,,1950,White / Caucasian,,Bachelor's degree,No,Yes,Yes,"Less than $30,000",1,Working class,A small city or town,99999,Somewhat disagree,Republican,,Protestant,,6,6,3,6,6,2,attention,75,No,20
pid_1007,30-44,Male,,1985,Black / African-American,,High school diploma / GED,Yes,Yes,Not applicable,"$30,000 to $55,999",2,Working class,A small city or town,99999,Somewhat disagree,Independent,,Protestant,,6,6,3,6,6,2,attention,,Yes,75
pid_1008,60+,Male,,1948,White / Caucasian,,Some college or Associate's degree,Yes,Yes,No,"Less than $30,000",1,Working class,A small city or town,99999,Somewhat disagree,Independent,,Catholic,,7 Strongly agree,7 Strongly agree,4,7 Strongly agree,7 Strongly agree,1 Strongly disagree,attention,,No,55
pid_1009,30-44,Male,,1985,White / Caucasian,,Some college or Associate's degree,No,Yes,Yes,"$30,000 to $55,999",2,Middle class,A small city or town,99999,Somewhat disagree,Democrat,,I am not religious,,6,6,3,6,6,1 Strongly disagree,attention,65,,
pid_1010,60+,Female,,1965,Latino / Hispanic,,Master's degree / Professional degree,Yes,Yes,Yes,"$56,000 to $99,999",2,Middle class,A suburb near a large city,99999,Somewhat disagree,Independent,,I am not religious,,6,6,3,6,6,1 Strongly disagree,attention,,,
pid_1011,30-44,Female,,1985,Other,,Doctorate degree / Ph.D.,Yes,Yes,Yes,"$168,000 or more",4,Upper class,A suburb near a large city,99999,Somewhat disagree,Independent,,Catholic,,6,6,2,6,6,2,attention,,No,55
pid_1012,30-44,Male,,1985,White / Caucasian,,Bachelor's degree,No,Yes,Yes,"$56,000 to $99,999",2,Middle class,A small city or town,99999,Somewhat disagree,Democrat,,Catholic,,6,6,3,6,6,1 Strongly disagree,attention,75,No,35
pid_1013,18-29,Female,,1998,White / Caucasian,,Bachelor's degree,No,Yes,Yes,"$30,000 to $55,999",2,Working class,A suburb near a large city,99999,Somewhat disagree,Democrat,,I am not religious,,6,6,2,6,6,1 Strongly disagree,attention,75,,
pid_1014,60+,Male,,1965,Other,,Doctorate degree / Ph.D.,No,Yes,Yes,"$168,000 or more",3,Upper class,A suburb near a large city,99999,Somewhat disagree,Democrat,,I am not religious,,6,6,3,6,6,2,attention,65,,
pid_1015,18-29,Female,,2002,White / Caucasian,,Some college or Associate's degree,Yes,Yes,Yes,"Less than $30,000",4,Working class,A small city or town,99999,Somewhat disagree,Independent,,I am not religious,,6,6,3,6,6,2,attention,,,
pid_1016,18-29,Female,,2002,White / Caucasian,,Some college or Associate's degree,Yes,Yes,Yes,"$168,000 or more",3,Middle class,A suburb near a large city,99999,Somewhat disagree,Independent,,Other religion (please specify),Spiritual but not religious,6,6,4,6,6,2,attention,,,20
pid_1017,30-44,Female,,1985,White / Caucasian,,Some college or Associate's degree,No,Yes,Yes,"Less than $30,000",2,Working class,A small city or town,99999,Somewhat disagree,Democrat,,I am not religious,,5,5,3,5,6,2,attention,70,,
pid_1018,18-29,Female,,1998,Other,Other,Bachelor's degree,No,Yes,Yes,"$56,000 to $99,999",1,Middle class,A large city,99999,Somewhat disagree,Democrat,,I am not religious,,7 Strongly agree,7 Strongly agree,2,7 Strongly agree,7 Strongly agree,1 Strongly disagree,attention,85,,
pid_1019,45-59,Female,,1980,Latino / Hispanic,,Doctorate degree / Ph.D.,No,Yes,Yes,"$56,000 to $99,999",4,Middle class,A suburb near a large city,99999,Somewhat disagree,Independent,,Catholic,,6,6,3,6,6,2,attention,,No,55
pid_1020,60+,Female,,1966,Black / African-American,,Master's degree / Professional degree,Yes,Yes,Yes,"$100,000 to $167,999",3,Middle class,A large city,99999,Somewhat disagree,Independent,,Other religion (please specify),Spiritual but not religious,6,6,4,6,6,2,attention,,,20
pid_1021,45-59,Male,,1980,White / Caucasian,,Doctorate degree / Ph.D.,No,Yes,Yes,"Less than $30,000",1,Working class,A small city or town,99999,Somewhat disagree,Democrat,,I am not religious,,6,6,3,6,6,2,attention,65,,
pid_1022,18-29,Female,,2000,White / Caucasian,,High school diploma / GED,No,Yes,Not applicable,"$30,000 to $55,999",4,Working class,A small city or town,99999,Somewhat disagree,Democrat,,I am not religious,,6,6,3,6,6,2,attention,75,,
pid_1023,18-29,Male,,2000,Black / African-American,,High school diploma / GED,No,Yes,Not applicable,"$30,000 to $55,999",2,Working class,A small city or town,99999,Somewhat disagree,Independent,,Protestant,,6,6,5,6,6,1 Strongly disagree,attention,,No,45
pid_1024,60+,Male,,1962,White / Caucasian,,Master's degree / Professional degree,No,Yes,Yes,"Less than $30,000",1,Working class,A small city or town,99999,Somewhat disagree,Republican,,Other religion (please specify),Other,6,6,5,6,6,2,attention,85,,10
pid_1025,30-44,Female,,1984,White / Caucasian,,Some college or Associate's degree,No,Yes,No,"Less than $30,000",3,Working class,A small city or town,99999,Somewhat disagree,Democrat,,Jewish,,6,6,3,6,6,2,attention,70,,35
pid_1026,60+,Female,,1948,White / Caucasian,,Bachelor's degree,Yes,Yes,Yes,"Less than $30,000",1,Working class,A small city or town,99999,Somewhat disagree,Independent,,Protestant,,6,6,2,6,6,2,attention,,Yes,75
pid_1027,45-59,Female,,1980,White / Caucasian,,High school diploma / GED,Yes,Yes,No,"Less than $30,000",6 or more,Working class,A small city or town,99999,Somewhat disagree,Democrat,,I am not religious,,7 Strongly agree,7 Strongly agree,4,7 Strongly agree,7 Strongly agree,1 Strongly disagree,attention,85,,
pid_1028,30-44,Female,,1985,White / Caucasian,,High school diploma / GED,No,Yes,Not applicable,"$56,000 to $99,999",3,Middle class,A suburb near a large city,99999,Somewhat disagree,Independent,,Other religion (please specify),Spiritual but not religious,7 Strongly agree,7 Strongly agree,4,7 Strongly agree,7 Strongly agree,1 Strongly disagree,attention,,,30
pid_1029,45-59,Female,,1980,Black / African-American,,Some college or Associate's degree,Yes,Yes,No,"Less than $30,000",2,Working class,A small city or town,99999,Somewhat disagree,Democrat,,Protestant,,6,6,4,6,7 Strongly agree,2,attention,80,No,35
pid_1030,45-59,Female,,1980,Other,,High school diploma / GED,Yes,Yes,No,"$56,000 to $99,999",3,Middle class,A small city or town,99999,Somewhat disagree,Independent,,I am not religious,,5,5,3,5,6,2,attention,,,
pid_1031,45-59,Male,,1969,Asian / Asian-American,,Doctorate degree / Ph.D.,Yes,Yes,Yes,"$100,000 to $167,999",3,Middle class,A suburb near a large city,99999,Somewhat disagree,Democrat,,Catholic,,6,6,3,6,6,2,attention,65,No,75
pid_1032,30-44,Female,,1985,White / Caucasian,,Some college or Associate's degree,Yes,Yes,Yes,"$30,000 to $55,999",3,Middle class,A small city or town,99999,Somewhat disagree,Democrat,,I am not religious,,6,6,4,6,7 Strongly agree,1 Strongly disagree,attention,65,,
pid_1033,60+,Male,,1965,White / Caucasian,,Some college or Associate's degree,Yes,Yes,Yes,"Less than $30,000",1,Working class,A small city or town,99999,Somewhat disagree,Independent,,Other religion (please specify),,6,6,5,6,7 Strongly agree,1 Strongly disagree,attention,,,5
pid_1034,60+,Male,,1948,Black / African-American,,High school diploma / GED,No,Yes,Not applicable,"Less than $30,000",2,Working class,A small city or town,99999,Somewhat disagree,Democrat,,I am not religious,,6,6,3,6,6,1 Strongly disagree,attention,70,,
pid_1035,30-44,Male,,1985,White / Caucasian,,High school diploma / GED,Yes,Yes,Not applicable,"$30,000 to $55,999",2,Working class,A small city or town,99999,Somewhat disagree,Republican,,Buddhist,,6,6,4,6,6,2,attention,65,,25
pid_1036,30-44,Female,,1985,Other,,Doctorate degree / Ph.D.,Yes,Yes,Yes,"$100,000 to $167,999",3,Middle class,A suburb near a large city,99999,Somewhat disagree,Democrat,,I am not religious,,6,6,3,6,6,1 Strongly disagree,attention,85,,
pid_1037,18-29,Female,,1998,White / Caucasian,,Some college or Associate's degree,Yes,Yes,Yes,"Less than $30,000",3,Working class,A small city or town,99999,Somewhat disagree,Republican,,I am not religious,,6,6,3,6,6,2,attention,65,,
pid_1038,45-59,Male,,1980,White / Caucasian,,Bachelor's degree,No,Yes,Yes,"$100,000 to $167,999",2,Middle class,A suburb near a large city,99999,Somewhat disagree,Independent,,Buddhist,,6,6,4,6,6,2,attention,,,15
pid_1039,30-44,Male,,1985,Asian / Asian-American,,Some college or Associate's degree,Yes,Yes,Yes,"$56,000 to $99,999",2,Middle class,A small city or town,99999,Somewhat disagree,Democrat,,I am not religious,,5,5,3,5,6,2,attention,80,,
pid_1040,30-44,Male,,1985,Other,Multiracial,Bachelor's degree,No,Yes,Yes,"Less than $30,000",2,Working class,A large city,99999,Somewhat disagree,Democrat,,I am not religious,,6,6,3,6,6,1 Strongly disagree,attention,75,,
pid_1041,45-59,Male,,1980,White / Caucasian,,Some college or Associate's degree,Yes,Yes,Yes,"$56,000 to $99,999",4,Middle class,A suburb near a large city,99999,Somewhat disagree,Democrat,,I am not religious,,6,6,3,6,6,1 Strongly disagree,attention,85,,
pid_1042,60+,Male,,1965,White / Caucasian,,Doctorate degree / Ph.D.,Yes,Yes,Yes,"$100,000 to $167,999",3,Upper class,A suburb near a large city,99999,Somewhat disagree,Republican,,Protestant,,6,6,3,6,6,2,attention,70,Yes,80
pid_1043,30-44,Female,,1985,White / Caucasian,,Some college or Associate's degree,Yes,Yes,Yes,"$30,000 to $55,999",3,Working class,A suburb near a large city,99999,Somewhat disagree,Republican,,I am not religious,,6,6,4,6,6,2,attention,65,,
pid_1044,45-59,Female,,1980,White / Caucasian,,Some college or Associate's degree,No,Yes,No,"$168,000 or more",6 or more,Middle class,A suburb near a large city,99999,Somewhat disagree,Independent,,Protestant,,6,6,3,6,6,2,attention,,Yes,90
pid_1045,60+,Female,,1965,Black / African-American,,Bachelor's degree,No,Yes,Yes,"Less than $30,000",3,Working class,A small city or town,99999,Somewhat disagree,Democrat,,Protestant,,6,6,4,6,6,2,attention,65,No,40
pid_1046,60+,Female,,1965,White / Caucasian,,Some college or Associate's degree,Yes,Yes,No,"$100,000 to $167,999",2,Middle class,A suburb near a large city,99999,Somewhat disagree,Republican,,Protestant,,6,6,3,6,6,2,attention,70,No,35
pid_1047,60+,Female,,1948,White / Caucasian,,Doctorate degree / Ph.D.,No,Yes,Yes,"$30,000 to $55,999",2,Middle class,A suburb near a large city,99999,Somewhat disagree,Republican,,Protestant,,6,6,3,6,6,2,attention,65,Yes,45
pid_1048,30-44,Male,,1985,White / Caucasian,,High school diploma / GED,No,Yes,Not applicable,"$56,000 to $99,999",3,Middle class,A small city or town,99999,Somewhat disagree,Independent,,I am not religious,,6,6,4,6,7 Strongly agree,1 Strongly disagree,attention,,,
pid_1049,30-44,Male,,1985,Other,Multiracial,Bachelor's degree,No,Yes,Yes,"$100,000 to $167,999",3,Middle class,A suburb near a large city,99999,Somewhat disagree,Democrat,,I am not religious,,6,6,3,6,7 Strongly agree,1 Strongly disagree,attention,75,,
pid_1050,60+,Male,,1965,White / Caucasian,,Doctorate degree / Ph.D.,No,Yes,Yes,"$100,000 to $167,999",2,Middle class,A suburb near a large city,99999,Somewhat disagree,Democrat,,Protestant,,6,6,4,6,6,2,attention,65,No,65
pid_1051,18-29,Male,,2000,Latino / Hispanic,,Some college or Associate's degree,Yes,Yes,Yes,"$56,000 to $99,999",3,Middle class,A large city,99999,Somewhat disagree,Other (please specify),,I am not religious,,5,6,4,6,6,2,attention,,,
pid_1052,60+,Female,,1965,White / Caucasian,,Bachelor's degree,Yes,Yes,Yes,"Less than $30,000",2,Working class,A small city or town,99999,Somewhat disagree,Democrat,,I am not religious,,6,6,2,6,6,1 Strongly disagree,attention,85,,
pid_1053,18-29,Female,,2000,White / Caucasian,,Bachelor's degree,No,Yes,Yes,"$100,000 to $167,999",2,Middle class,A suburb near a large city,10001,Somewhat disagree,Independent,,Protestant,,6,6,2,6,6,1 Strongly disagree,attention,,No,35
pid_1054,60+,Male,,1958,White / Caucasian,,Bachelor's degree,Yes,Yes,Yes,"$100,000 to $167,999",4,Middle class,A suburb near a large city,99999,Somewhat disagree,Democrat,,Catholic,,7 Strongly agree,7 Strongly agree,4,7 Strongly agree,7 Strongly agree,1 Strongly disagree,attention,65,No,70
pid_1055,45-59,Male,,1980,White / Caucasian,,Doctorate degree / Ph.D.,Yes,Yes,Yes,"$100,000 to $167,999",4,Middle class,A suburb near a large city,99999,Somewhat disagree,Independent,,I am not religious,,6,6,3,6,6,1 Strongly disagree,attention,,,
pid_1056,30-44,Male,,1985,Black / African-American,,Some college or Associate's degree,No,Yes,Yes,"$56,000 to $99,999",3,Middle class,A small city or town,99999,Somewhat disagree,Democrat,,Protestant,,6,6,4,6,6,2,attention,70,No,60
pid_1057,30-44,Female,,1985,White / Caucasian,,Master's degree / Professional degree,No,Yes,Yes,"$100,000 to $167,999",2,Upper class,A suburb near a large city,99999,Somewhat disagree,Other (please specify),Progressive,I am not religious,,7 Strongly agree,7 Strongly agree,3,7 Strongly agree,7 Strongly agree,1 Strongly disagree,attention,,,
pid_1058,60+,Female,,1945,White / Caucasian,,Some college or Associate's degree,No,Yes,Yes,"$30,000 to $55,999",2,Middle class,A small city or town,99999,Somewhat disagree,Democrat,,Other religion (please specify),Spiritual but not religious,6,6,4,6,6,2,attention,70,,25
pid_1059,45-59,Male,,1980,White / Caucasian,,Some college or Associate's degree,No,Yes,Yes,"$56,000 to $99,999",2,Working class,A small city or town,99999,Somewhat disagree,Independent,,I am not religious,,6,6,5,6,6,1 Strongly disagree,attention,,,
pid_1060,30-44,Male,,1985,Black / African-American,,Bachelor's degree,Yes,Yes,Yes,"$56,000 to $99,999",1,Middle class,A small city or town,99999,Somewhat disagree,Democrat,,I am not religious,,6,6,3,6,6,1 Strongly disagree,attention,75,,
pid_1061,30-44,Male,,1985,White / Caucasian,,Bachelor's degree,No,Yes,Yes,"$30,000 to $55,999",1,Middle class,A suburb near a large city,99999,Somewhat disagree,Democrat,,Protestant,,6,6,3,6,6,2,attention,65,No,35
pid_1062,60+,Female,,1965,White / Caucasian,,Some college or Associate's degree,Yes,Yes,No,"Less than $30,000",1,Working class,A rural area,99999,Somewhat disagree,Republican,,Protestant,,6,6,4,6,6,2,attention,60,No,40
pid_1063,18-29,Female,,1999,Asian / Asian-American,,Bachelor's degree,Yes,Yes,Yes,"$100,000 to $167,999",6 or more,Middle class,A large city,99999,Somewhat disagree,Independent,,Buddhist,,6,6,3,6,6,1 Strongly disagree,attention,,,30
pid_1064,18-29,Male,,1998,White / Caucasian,,Bachelor's degree,No,Yes,Yes,"$100,000 to $167,999",6 or more,Middle class,A large city,99999,Somewhat disagree,Democrat,,I am not religious,,6,6,3,6,6,1 Strongly disagree,attention,78,,
pid_1065,30-44,Male,,1985,Latino / Hispanic,,Some college or Associate's degree,Yes,Yes,Yes,"$100,000 to $167,999",3,Middle class,A suburb near a large city,99999,Somewhat disagree,Republican,,Catholic,,6,6,4,6,6,2,attention,75,No,45
pid_1067,60+,Male,,1964,White / Caucasian,,High school diploma / GED,Yes,Yes,Not applicable,"Less than $30,000",1,Working class,A small city or town,99999,Somewhat disagree,Republican,,Other religion (please specify),Other,7 Strongly agree,7 Strongly agree,5,7 Strongly agree,7 Strongly agree,2,attention,75,,30
pid_1068,45-59,Female,,1968,Other,,Bachelor's degree,Yes,Yes,Yes,"$30,000 to $55,999",1,Middle class,A small city or town,99999,Somewhat disagree,Republican,,Jewish,,7 Strongly agree,7 Strongly agree,3,7 Strongly agree,7 Strongly agree,1 Strongly disagree,attention,70,,35
pid_1069,30-44,Female,,1985,Black / African-American,,Bachelor's degree,Yes,Yes,Yes,"Less than $30,000",3,Working class,A small city or town,99999,Somewhat disagree,Republican,,Other religion (please specify),Non-denominational Christian,6,6,5,6,6,5,attention,90,,90
pid_1070,60+,Female,,1965,White / Caucasian,,Some college or Associate's degree,Yes,Yes,Yes,"Less than $30,000",1,Working class,A small city or town,99999,Somewhat disagree,Independent,,I am not religious,,6,6,3,6,6,1 Strongly disagree,attention,,,
pid_1071,60+,Female,,1948,Black / African-American,,Some college or Associate's degree,Yes,Yes,No,"Less than $30,000",1,Working class,A small city or town,99999,Somewhat disagree,Democrat,,Protestant,,6,6,4,6,6,2,attention,70,No,45
pid_1072,18-29,Male,,2000,Latino / Hispanic,,High school diploma / GED,No,Yes,Not applicable,"$56,000 to $99,999",6 or more,Working class,A suburb near a large city,99999,Somewhat disagree,Democrat,,Catholic,,6,6,4,6,6,2,attention,70,No,55
pid_1073,60+,Male,,1948,White / Caucasian,,Some college or Associate's degree,Yes,Yes,No,"Less than $30,000",2,Working class,A small city or town,99999,Somewhat disagree,Independent,,I am not religious,,6,6,4,6,6,2,attention,,,
pid_1074,60+,Female,,1965,White / Caucasian,,Some college or Associate's degree,Yes,Yes,No,"$30,000 to $55,999",2,Working class,A small city or town,99999,Somewhat disagree,Republican,,Protestant,,7 Strongly agree,7 Strongly agree,5,7 Strongly agree,7 Strongly agree,1 Strongly disagree,attention,75,No,20
pid_1075,60+,Female,,1965,White / Caucasian,,Some college or Associate's degree,No,Yes,Yes,"$56,000 to $99,999",3,Middle class,A small city or town,99999,Somewhat disagree,Independent,,Other religion (please specify),Spiritual but not religious,6,6,4,6,6,2,attention,,,20
pid_1076,30-44,Female,,1985,White / Caucasian,,Bachelor's degree,No,Yes,Yes,"Less than $30,000",2,Working class,A large city,99999,Somewhat disagree,Democrat,,I am not religious,,6,6,3,6,6,1 Strongly disagree,attention,75,,
pid_1077,60+,Female,,1955,White / Caucasian,,Bachelor's degree,No,Yes,Yes,"$168,000 or more",1,Upper class,A suburb near a large city,99999,Somewhat disagree,Republican,,Protestant,,6,6,3,6,6,2,attention,75,Yes,75
pid_1078,30-44,Female,,1985,Black / African-American,,Bachelor's degree,No,Yes,Yes,"$56,000 to $99,999",1,Middle class,A large city,99999,Somewhat disagree,Democrat,,I am not religious,,6,6,3,6,6,2,attention,75,,
pid_1079,60+,Male,,1948,Black / African-American,,Bachelor's degree,No,Yes,Yes,"$56,000 to $99,999",2,Middle class,A small city or town,99999,Somewhat disagree,Democrat,,I am not religious,,6,6,3,6,6,2,attention,80,,
pid_1080,60+,Male,,1965,White / Caucasian,,Bachelor's degree,No,Yes,Yes,"$30,000 to $55,999",1,Middle class,A small city or town,99999,Somewhat disagree,Democrat,,I am not religious,,6,6,3,6,6,2,attention,75,,
pid_1081,60+,Female,,1965,White / Caucasian,,Bachelor's degree,No,Yes,Yes,"$56,000 to $99,999",2,Middle class,A suburb near a large city,99999,Somewhat disagree,Democrat,,Protestant,,7 Strongly agree,7 Strongly agree,3,7 Strongly agree,7 Strongly agree,1 Strongly disagree,attention,80,No,10
pid_1082,45-59,Female,,1980,Black / African-American,,High school diploma / GED,Yes,Yes,Not applicable,"Less than $30,000",3,Working class,A small city or town,99999,Somewhat disagree,Independent,,Catholic,,6,6,4,6,6,2,attention,,No,85
pid_1083,60+,Male,,1965,White / Caucasian,,Doctorate degree / Ph.D.,Yes,Yes,Yes,"$100,000 to $167,999",4,Middle class,A suburb near a large city,99999,Somewhat disagree,Independent,,Protestant,,6,6,2,6,6,1 Strongly disagree,attention,,No,70
pid_1084,30-44,Female,,1985,White / Caucasian,,Some college or Associate's degree,Yes,Yes,Yes,"$100,000 to $167,999",6 or more,Middle class,A suburb near a large city,99999,Somewhat disagree,Independent,,I am not religious,,6,6,3,6,6,2,attention,,,
pid_1085,18-29,Female,,1999,Black / African-American,,Some college or Associate's degree,Yes,Yes,Yes,"$30,000 to $55,999",2,Working class,A small city or town,99999,Somewhat disagree,Independent,,I am not religious,,6,6,4,6,6,2,attention,,,
pid_1086,30-44,Female,,1985,Black / African-American,,Some college or Associate's degree,Yes,Yes,Yes,"$30,000 to $55,999",3,Working class,A small city or town,19104,Somewhat disagree,Democrat,,I am not religious,,6,6,4,6,6,2,attention,70,,
pid_1087,60+,Female,,1965,White / Caucasian,,Master's degree / Professional degree,Yes,Yes,Yes,"Less than $30,000",2,Working class,A small city or town,99999,Somewhat disagree,Democrat,,I am not religious,,6,6,3,6,6,1 Strongly disagree,attention,75,,
pid_1088,60+,Female,,1965,Black / African-American,,Some college or Associate's degree,Yes,Yes,Yes,"$56,000 to $99,999",1,Middle class,A small city or town,99999,Somewhat disagree,Democrat,,Other religion (please specify),Spiritual but not religious,6,6,2,6,6,2,attention,75,,30
pid_1089,60+,Female,,1945,White / Caucasian,,Some college or Associate's degree,No,Yes,No,"Less than $30,000",1,Working class,A small city or town,99999,Somewhat disagree,Independent,,I am not religious,,7 Strongly agree,7 Strongly agree,3,6,7 Strongly agree,1 Strongly disagree,attention,,,
pid_1090,60+,Female,,1965,White / Caucasian,,Some college or Associate's degree,Yes,Yes,No,"Less than $30,000",1,Working class,A small city or town,99999,Somewhat disagree,Democrat,,I am not religious,,6,6,4,6,6,2,attention,65,,
pid_1091,60+,Male,,1958,White / Caucasian,,Bachelor's degree,No,Yes,Yes,"$30,000 to $55,999",2,Middle class,A small city or town,99999,Somewhat disagree,Independent,,I am not religious,,6,6,2,5,6,2,attention,,,
pid_1092,45-59,Female,,1980,White / Caucasian,,Bachelor's degree,Yes,Yes,Yes,"$100,000 to $167,999",6 or more,Middle class,A suburb near a large city,99999,Somewhat disagree,Democrat,,Catholic,,6,6,2,6,6,2,attention,70,No,30
pid_1093,60+,Female,,1965,White / Caucasian,,High school diploma / GED,No,Yes,No,"$56,000 to $99,999",2,Middle class,A small city or town,99999,Somewhat disagree,Independent,,I am not religious,,5,5,3,5,5,2,attention,,,
pid_1094,30-44,Female,,1985,White / Caucasian,,Bachelor's degree,No,Yes,Yes,"$30,000 to $55,999",4,Middle class,A small city or town,99999,Somewhat disagree,Independent,,I am not religious,,6,6,3,6,6,1 Strongly disagree,attention,,,
pid_1095,18-29,Male,,2000,White / Caucasian,,High school diploma / GED,Yes,Yes,Not applicable,"Less than $30,000",4,Working class,A small city or town,99999,Somewhat disagree,Independent,,I am not religious,,6,6,3,6,6,2,attention,,,
pid_1096,30-44,Female,,1988,White / Caucasian,,Some college or Associate's degree,Yes,Yes,Yes,"Less than $30,000",2,Working class,A small city or town,99999,Somewhat disagree,Democrat,,Protestant,,6,6,4,6,6,2,attention,65,No,30
pid_1097,60+,Female,,1965,Latino / Hispanic,,Bachelor's degree,No,Yes,Yes,"Less than $30,000",2,Working class,A small city or town,99999,Somewhat disagree,Independent,,Catholic,,6,6,3,6,6,2,attention,,No,45
pid_1098,30-44,Female,,1985,Other,,Bachelor's degree,No,Yes,Yes,"Less than $30,000",1,Working class,A large city,99999,Somewhat disagree,Other (please specify),,Other religion (please specify),Other,7 Strongly agree,7 Strongly agree,2,7 Strongly agree,7 Strongly agree,1 Strongly disagree,attention,,,10
pid_1099,60+,Female,,1965,White / Caucasian,,Doctorate degree / Ph.D.,Yes,Yes,Yes,"$100,000 to $167,999",4,Middle class,A suburb near a large city,99999,Somewhat disagree,Democrat,,I am not religious,,7 Strongly agree,7 Strongly agree,3,6,7 Strongly agree,1 Strongly disagree,attention,75,,
pid_1100,30-44,Male,,1985,White / Caucasian,,Some college or Associate's degree,No,Yes,No,"$30,000 to $55,999",2,Working class,A small city or town,99999,Somewhat disagree,Democrat,,I am not religious,,7 Strongly agree,7 Strongly agree,4,7 Strongly agree,7 Strongly agree,1 Strongly disagree,attention,70,,
pid_1101,18-29,Male,,2000,Other,Other,Some college or Associate's degree,No,Yes,Yes,"$168,000 or more",6 or more,Middle class,A suburb near a large city,99999,Somewhat disagree,Democrat,,I am not religious,,5,5,4,5,6,2,attention,70,,
pid_1102,30-44,Male,,1985,White / Caucasian,,High school diploma / GED,Yes,Yes,Not applicable,"Less than $30,000",1,Working class,A small city or town,99999,Somewhat disagree,Democrat,,I am not religious,,5,5,3,5,5,2,attention,75,,
pid_1103,18-29,Female,,2000,Asian / Asian-American,,Some college or Associate's degree,Yes,Yes,Yes,"$56,000 to $99,999",6 or more,Middle class,A suburb near a large city,99999,Somewhat disagree,Democrat,,Muslim,,5,5,2,5,5,2,attention,70,,65
pid_1104,60+,Female,,1966,White / Caucasian,,Some college or Associate's degree,No,Yes,No,"Less than $30,000",3,Working class,A small city or town,99999,Somewhat disagree,Republican,,Protestant,,6,6,4,6,6,2,attention,65,Yes,45
pid_1105,18-29,Female,,2000,Other,,Some college or Associate's degree,No,Yes,Yes,"Less than $30,000",6 or more,Working class,A small city or town,99999,Somewhat disagree,Democrat,,I am not religious,,5,5,3,5,6,2,attention,75,,
pid_1106,18-29,Male,,1998,Black / African-American,,Bachelor's degree,Yes,Yes,Yes,"$168,000 or more",3,Middle class,A suburb near a large city,99999,Somewhat disagree,Republican,,Catholic,,6,6,3,6,6,2,attention,75,No,85
pid_1107,30-44,Male,,1985,White / Caucasian,,Doctorate degree / Ph.D.,Yes,Yes,Yes,"$56,000 to $99,999",2,Middle class,A suburb near a large city,99999,Somewhat disagree,Democrat,,I am not religious,,6,6,5,6,7 Strongly agree,2,attention,75,,
pid_1108,60+,Female,,1965,White / Caucasian,,Some college or Associate's degree,Yes,Yes,Yes,"Less than $30,000",6 or more,Working class,A small city or town,99999,Somewhat disagree,Republican,,Protestant,,6,6,3,6,6,2,attention,70,No,35
pid_1109,45-59,Male,,1969,White / Caucasian,,Some college or Associate's degree,No,Yes,Yes,"$56,000 to $99,999",3,Middle class,A small city or town,99999,Somewhat disagree,Republican,,Protestant,,6,6,3,6,6,1 Strongly disagree,attention,75,No,45
pid_1111,60+,Male,,1965,White / Caucasian,,Some college or Associate's degree,No,Yes,Yes,"$168,000 or more",4,Upper class,A large city,99999,Somewhat disagree,Democrat,,I am not religious,,7 Strongly agree,7 Strongly agree,4,7 Strongly agree,7 Strongly agree,1 Strongly disagree,attention,85,,
pid_1112,60+,Male,,1948,White / Caucasian,,Some college or Associate's degree,Yes,Yes,Yes,"$56,000 to $99,999",3,Middle class,A small city or town,99999,Somewhat disagree,Democrat,,I am not religious,,6,6,3,6,6,1 Strongly disagree,attention,70,,
pid_1113,60+,Female,,1965,Black / African-American,,Doctorate degree / Ph.D.,Yes,Yes,Yes,"$100,000 to $167,999",2,Middle class,A suburb near a large city,99999,Somewhat disagree,Democrat,,Protestant,,6,6,3,6,6,2,attention,70,Yes,70
pid_1114,45-59,Male,,1968,Other,Other,Bachelor's degree,Yes,Yes,Yes,"$56,000 to $99,999",1,Middle class,A small city or town,99999,Somewhat disagree,Independent,,Hindu,,7 Strongly agree,7 Strongly agree,4,7 Strongly agree,7 Strongly agree,1 Strongly disagree,attention,,,40
pid_1115,45-59,Female,,1980,White / Caucasian,,Some college or Associate's degree,No,Yes,Yes,"Less than $30,000",2,Working class,A small city or town,99999,Somewhat disagree,Republican,,Protestant,,6,6,4,6,6,2,attention,65,No,40
pid_1116,18-29,Male,,2001,White / Caucasian,,Less than high school,Yes,Yes,Not applicable,"Less than $30,000",3,Working class,A small city or town,99999,Somewhat disagree,Independent,,I am not religious,,6,6,3,6,6,1 Strongly disagree,attention,,,
pid_1117,30-44,Male,,1985,Other,,Doctorate degree / Ph.D.,No,Yes,Yes,"Less than $30,000",1,Working class,A small city or town,99999,Somewhat disagree,Independent,,I am not religious,,6,6,2,6,6,2,attention,,,
pid_1118,18-29,Male,,1998,White / Caucasian,,Bachelor's degree,Yes,Yes,Yes,"Less than $30,000",1,Working class,A small city or town,99999,Somewhat disagree,Independent,,I am not religious,,6,6,3,6,6,1 Strongly disagree,attention,,,
pid_1119,30-44,Male,,1985,White / Caucasian,,High school diploma / GED,Yes,Yes,Not applicable,"Less than $30,000",3,Working class,A small city or town,99999,Somewhat disagree,Independent,,Other religion (please specify),Spiritual but not religious,6,6,3,6,6,2,attention,,,15
pid_1120,30-44,Male,,1985,White / Caucasian,,Some college or Associate's degree,Yes,Yes,Yes,"$56,000 to $99,999",6 or more,Middle class,A small city or town,99999,Somewhat disagree,Independent,,I am not religious,,7 Strongly agree,7 Strongly agree,3,6,7 Strongly agree,1 Strongly disagree,attention,,,
pid_1121,45-59,Female,,1968,White / Caucasian,,Some college or Associate's degree,No,Yes,Yes,"$30,000 to $55,999",2,Middle class,A small city or town,99999,Somewhat disagree,Democrat,,I am not religious,,6,6,3,6,6,2,attention,75,,
pid_1122,18-29,Male,,2000,Latino / Hispanic,,Bachelor's degree,Yes,Yes,Yes,"$56,000 to $99,999",3,Middle class,A suburb near a large city,02139,Somewhat disagree,Republican,,I am not religious,,6,6,4,6,6,2,attention,70,,
pid_1123,45-59,Female,,1968,White / Caucasian,,Bachelor's degree,Yes,Yes,Yes,"$100,000 to $167,999",4,Middle class,A suburb near a large city,99999,Somewhat disagree,Republican,,Catholic,,6,6,3,6,6,2,attention,70,No,55
pid_1124,30-44,Female,,1985,Black / African-American,,Some college or Associate's degree,Yes,Yes,Yes,"Less than $30,000",2,Working class,A small city or town,99999,Somewhat disagree,Democrat,,I am not religious,,6,6,3,6,6,1 Strongly disagree,attention,75,,
pid_1125,30-44,Male,,1985,Asian / Asian-American,,Bachelor's degree,No,Yes,Yes,"$30,000 to $55,999",4,Middle class,A large city,99999,Somewhat disagree,Democrat,,I am not religious,,6,6,3,6,6,2,attention,75,,
pid_1127,60+,Male,,1964,White / Caucasian,,Some college or Associate's degree,Yes,Yes,No,"$56,000 to $99,999",1,Middle class,A small city or town,99999,Somewhat disagree,Democrat,,I am not religious,,7 Strongly agree,7 Strongly agree,2,6,7 Strongly agree,1 Strongly disagree,attention,75,,
pid_1128,18-29,Female,,1998,White / Caucasian,,Bachelor's degree,Yes,Yes,Yes,"$100,000 to $167,999",6 or more,Middle class,A suburb near a large city,99999,Somewhat disagree,Democrat,,I am not religious,,6,6,3,6,7 Strongly agree,1 Strongly disagree,attention,75,,
pid_1129,45-59,Female,,1968,White / Caucasian,,Bachelor's degree,Yes,Yes,Yes,"$100,000 to $167,999",2,Middle class,A suburb near a large city,99999,Somewhat disagree,Republican,,Mormon,,5,5,3,5,5,2,attention,85,Yes,85
pid_1130,18-29,Female,,2000,White / Caucasian,,Bachelor's degree,Yes,Yes,Yes,"$30,000 to $55,999",3,Middle class,A small city or town,99999,Somewhat disagree,Democrat,,I am not religious,,6,6,3,6,6,2,attention,85,,
pid_1131,45-59,Male,,1979,White / Caucasian,,Bachelor's degree,Yes,Yes,Yes,"$30,000 to $55,999",2,Working class,A small city or town,99999,Somewhat disagree,Independent,,I am not religious,,6,6,4,6,6,1 Strongly disagree,attention,,,
pid_1132,45-59,Female,,1968,Latino / Hispanic,,Doctorate degree / Ph.D.,No,Yes,Yes,"$56,000 to $99,999",2,Middle class,A suburb near a large city,99999,Somewhat disagree,Independent,,Mormon,,7 Strongly agree,7 Strongly agree,5,6,7 Strongly agree,2,attention,,No,75
pid_1133,60+,Female,,1948,White / Caucasian,,Bachelor's degree,No,Yes,Yes,"$30,000 to $55,999",2,Middle class,A small city or town,99999,Somewhat disagree,Independent,,Protestant,,6,6,2,6,6,2,attention,,Yes,75
pid_1134,45-59,Female,,1980,White / Caucasian,,Bachelor's degree,No,Yes,Yes,"$100,000 to $167,999",6 or more,Middle class,A suburb near a large city,99999,Somewhat disagree,Democrat,,I am not religious,,6,6,3,6,6,2,attention,70,,
pid_1135,45-59,Male,,1967,White / Caucasian,,Some college or Associate's degree,No,Yes,No,"Less than $30,000",1,Working class,A small city or town,99999,Somewhat disagree,Republican,,I am not religious,,6,6,3,6,7 Strongly agree,1 Strongly disagree,attention,65,,
pid_1136,18-29,Male,,2000,Latino / Hispanic,,Some college or Associate's degree,No,Yes,Yes,"$56,000 to $99,999",6 or more,Middle class,A small city or town,99999,Somewhat disagree,Republican,,Mormon,,6,6,2,6,6,2,attention,75,Yes,85
pid_1137,60+,Male,,1965,Asian / Asian-American,,Doctorate degree / Ph.D.,Yes,Yes,Yes,"$56,000 to $99,999",1,Middle class,A small city or town,99999,Somewhat disagree,Democrat,,Other religion (please specify),Spiritual but not religious,7 Strongly agree,7 Strongly agree,4,7 Strongly agree,7 Strongly agree,1 Strongly disagree,attention,70,,10
pid_1138,30-44,Male,,1985,White / Caucasian,,Bachelor's degree,No,Yes,Yes,"$56,000 to $99,999",1,Middle class,A small city or town,99999,Somewhat disagree,Republican,,Protestant,,7 Strongly agree,7 Strongly agree,5,7 Strongly agree,7 Strongly agree,1 Strongly disagree,attention,85,Yes,40
pid_1139,60+,Female,,1948,White / Caucasian,,Bachelor's degree,No,Yes,Yes,"$100,000 to $167,999",6 or more,Middle class,A suburb near a large city,99999,Somewhat disagree,Democrat,,I am not religious,,6,6,3,6,7 Strongly agree,1 Strongly disagree,attention,75,,
pid_1140,60+,Male,,1965,White / Caucasian,,Bachelor's degree,Yes,Yes,Yes,"$100,000 to $167,999",2,Middle class,A small city or town,99999,Somewhat disagree,Independent,,Jewish,,6,6,4,6,6,2,attention,,,45
pid_1141,18-29,Male,,1998,White / Caucasian,,Bachelor's degree,Yes,Yes,Yes,"$56,000 to $99,999",3,Middle class,A suburb near a large city,99999,Somewhat disagree,Republican,,Protestant,,6,6,3,6,6,2,attention,55,Yes,85
pid_1142,60+,Male,,1965,Black / African-American,,High school diploma / GED,No,Yes,Not applicable,"$56,000 to $99,999",2,Working class,A small city or town,99999,Somewhat disagree,Democrat,,Protestant,,7 Strongly agree,7 Strongly agree,4,6,7 Strongly agree,2,attention,65,No,20
pid_1143,60+,Female,,1965,White / Caucasian,,Master's degree / Professional degree,No,Yes,Yes,"$168,000 or more",3,Upper class,A suburb near a large city,99999,Somewhat disagree,Independent,,Protestant,,6,6,3,6,6,2,attention,,No,50
pid_1144,60+,Male,,1965,White / Caucasian,,Some college or Associate's degree,No,Yes,No,"$30,000 to $55,999",3,Middle class,A small city or town,99999,Somewhat disagree,Republican,,Catholic,,5,5,4,5,5,2,attention,80,No,75
pid_1145,30-44,Female,,1985,Asian / Asian-American,,Bachelor's degree,No,Yes,Yes,"$30,000 to $55,999",1,Middle class,A large city,99999,Somewhat disagree,Democrat,,I am not religious,,6,6,3,6,6,1 Strongly disagree,attention,60,,
pid_1146,18-29,Male,,1998,Other,,Some college or Associate's degree,Yes,Yes,Yes,"$56,000 to $99,999",6 or more,Middle class,A suburb near a large city,99999,Somewhat disagree,Independent,,I am not religious,,6,6,3,6,6,1 Strongly disagree,attention,,,
pid_1147,30-44,Male,,1985,White / Caucasian,,Some college or Associate's degree,No,Yes,Yes,"$56,000 to $99,999",2,Middle class,A small city or town,99999,Somewhat disagree,Independent,,I am not religious,,6,6,3,6,7 Strongly agree,1 Strongly disagree,attention,,,
pid_1148,30-44,Female,,1985,Latino / Hispanic,,Bachelor's degree,No,Yes,Yes,"$100,000 to $167,999",3,Middle class,A suburb near a large city,99999,Somewhat disagree,Republican,,Catholic,,6,6,3,6,6,2,attention,70,No,25
pid_1149,18-29,Male,,2000,White / Caucasian,,Some college or Associate's degree,Yes,Yes,Yes,"$168,000 or more",3,Middle class,A small city or town,99999,Somewhat disagree,Democrat,,Catholic,,6,6,3,6,6,2,attention,90,No,55
pid_1150,18-29,Male,,2000,White / Caucasian,,High school diploma / GED,No,Yes,Not applicable,"$100,000 to $167,999",6 or more,Middle class,A small city or town,99999,Somewhat disagree,Independent,,I am not religious,,6,6,3,6,6,2,attention,,,
pid_1151,60+,Male,,1965,White / Caucasian,,Some college or Associate's degree,No,Yes,No,"$56,000 to $99,999",3,Middle class,A small city or town,99999,Somewhat disagree,Republican,,I am not religious,,6,6,4,6,6,2,attention,70,,
pid_1152,18-29,Male,,2000,Other,,Less than high school,Yes,No,Not applicable,"Less than $30,000",6 or more,Working class,A small city or town,99999,Somewhat disagree,Independent,,I am not religious,,6,6,2,6,6,1 Strongly disagree,attention,,,
pid_1153,30-44,Female,,1985,White / Caucasian,,Bachelor's degree,No,Yes,Yes,"$56,000 to $99,999",1,Middle class,A small city or town,99999,Somewhat disagree,Independent,,I am not religious,,6,6,4,6,7 Strongly agree,1 Strongly disagree,attention,,,
pid_1154,30-44,Female,,1985,White / Caucasian,,Some college or Associate's degree,Yes,Yes,Yes,"$30,000 to $55,999",3,Middle class,A suburb near a large city,99999,Somewhat disagree,Democrat,,I am not religious,,6,6,4,6,6,1 Strongly disagree,attention,72,,
pid_1155,60+,Female,,1965,White / Caucasian,,Bachelor's degree,No,Yes,Yes,"$56,000 to $99,999",2,Middle class,A small city or town,99999,Somewhat disagree,Democrat,,I am not religious,,6,6,2,6,6,1 Strongly disagree,attention,85,,
pid_1156,45-59,Male,,1980,White / Caucasian,,Doctorate degree / Ph.D.,Yes,Yes,Yes,"$100,000 to $167,999",4,Middle class,A suburb near a large city,99999,Somewhat disagree,Democrat,,Protestant,,6,6,3,6,6,2,attention,75,No,75
pid_1157,45-59,Female,,1978,White / Caucasian,,Some college or Associate's degree,No,Yes,No,"$30,000 to $55,999",1,Working class,A small city or town,99999,Somewhat disagree,Independent,,I am not religious,,6,6,3,6,6,1 Strongly disagree,attention,,,
pid_1158,30-44,Male,,1985,Black / African-American,,High school diploma / GED,No,Yes,Not applicable,"$30,000 to $55,999",6 or more,Working class,A small city or town,99999,Somewhat disagree,Independent,,I am not religious,,6,6,2,6,6,2,attention,,,
pid_1159,60+,Female,,1950,White / Caucasian,,Bachelor's degree,No,Yes,Yes,"$30,000 to $55,999",1,Middle class,A small city or town,99999,Somewhat disagree,Democrat,,I am not religious,,6,6,2,6,6,1 Strongly disagree,attention,80,,
pid_1160,18-29,Male,,2000,Latino / Hispanic,,Some college or Associate's degree,Yes,Yes,Yes,"$56,000 to $99,999",1,Middle class,A small city or town,99999,Somewhat disagree,Independent,,I am not religious,,6,6,4,6,6,2,attention,,,
pid_1161,45-59,Female,,1980,White / Caucasian,,Bachelor's degree,Yes,Yes,Yes,"$56,000 to $99,999",3,Middle class,A large city,30309,Somewhat disagree,Democrat,,Catholic,,6,6,3,6,6,2,attention,70,No,45
pid_1162,60+,Male,,1965,White / Caucasian,,Bachelor's degree,No,Yes,Yes,"$100,000 to $167,999",2,Middle class,A suburb near a large city,02139,Somewhat disagree,Republican,,Protestant,,6,6,3,6,6,2,attention,60,No,40
pid_1163,60+,Male,,1965,White / Caucasian,,High school diploma / GED,Yes,Yes,Not applicable,"Less than $30,000",2,Working class,A small city or town,99999,Somewhat disagree,Independent,,I am not religious,,5,5,4,5,6,2,attention,,,
pid_1164,60+,Male,,1948,White / Caucasian,,Doctorate degree / Ph.D.,Yes,Yes,Yes,"Less than $30,000",1,Working class,A small city or town,99999,Somewhat disagree,Democrat,,I am not religious,,7 Strongly agree,7 Strongly agree,3,7 Strongly agree,7 Strongly agree,1 Strongly disagree,attention,70,,
pid_1165,30-44,Female,,1985,Other,,Bachelor's degree,No,Yes,Yes,"$56,000 to $99,999",4,Middle class,A suburb near a large city,99999,Somewhat disagree,Independent,,Mormon,,6,6,3,6,6,2,attention,,No,75
pid_1166,18-29,Female,,2000,White / Caucasian,,Some college or Associate's degree,Yes,Yes,Yes,"$56,000 to $99,999",4,Middle class,A suburb near a large city,99999,Somewhat disagree,Democrat,,I am not religious,,6,6,4,6,6,2,attention,70,,
pid_1168,45-59,Male,,1980,White / Caucasian,,Bachelor's degree,Yes,Yes,Yes,"$30,000 to $55,999",1,Middle class,A small city or town,99999,Somewhat disagree,Democrat,,Protestant,,6,6,3,6,6,2,attention,70,No,40
pid_1169,60+,Female,,1965,Other,Other,Some college or Associate's degree,Yes,Yes,Yes,"$100,000 to $167,999",2,Middle class,A suburb near a large city,99999,Somewhat disagree,Democrat,,Catholic,,6,6,3,6,6,2,attention,70,No,40
pid_1170,18-29,Female,,2000,Black / African-American,,Some college or Associate's degree,No,Yes,Yes,"$56,000 to $99,999",6 or more,Middle class,A suburb near a large city,99999,Somewhat disagree,Independent,,Other religion (please specify),Other,6,6,3,6,6,2,attention,,,70
pid_1171,30-44,Male,,1985,White / Caucasian,,Some college or Associate's degree,Yes,Yes,Yes,"$30,000 to $55,999",3,Middle class,A small city or town,99999,Somewhat disagree,Independent,,I am not religious,,6,6,3,6,6,2,attention,,,
pid_1172,60+,Male,,1945,Other,,Bachelor's degree,No,Yes,Yes,"$56,000 to $99,999",2,Middle class,A small city or town,99999,Somewhat disagree,Independent,,I am not religious,,6,6,3,6,6,1 Strongly disagree,attention,,,
pid_1173,60+,Female,,1948,White / Caucasian,,Bachelor's degree,No,Yes,Yes,"$30,000 to $55,999",2,Working class,A small city or town,99999,Somewhat disagree,Democrat,,Protestant,,6,6,4,6,6,2,attention,70,No,55
pid_1174,45-59,Female,,1967,White / Caucasian,,Bachelor's degree,Yes,Yes,Yes,"Less than $30,000",1,Working class,A small city or town,99999,Somewhat disagree,Other (please specify),Something else,I am not religious,,6,6,3,6,6,2,attention,,,
pid_1175,30-44,Female,,1985,Latino / Hispanic,,Some college or Associate's degree,No,Yes,Yes,"$100,000 to $167,999",4,Middle class,A suburb near a large city,99999,Somewhat disagree,Democrat,,Protestant,,6,6,3,6,6,2,attention,75,No,35
pid_1176,30-44,Male,,1985,White / Caucasian,,Some college or Associate's degree,Yes,Yes,Yes,"$30,000 to $55,999",2,Working class,A small city or town,99999,Somewhat disagree,Independent,,Other religion (please specify),Other religion,7 Strongly agree,7 Strongly agree,5,6,7 Strongly agree,1 Strongly disagree,attention,,,20
pid_1177,60+,Female,,1948,White / Caucasian,,Bachelor's degree,No,Yes,Yes,"$56,000 to $99,999",2,Middle class,A small city or town,99999,Somewhat disagree,Republican,,I am not religious,,6,6,3,6,6,2,attention,65,,
pid_1178,18-29,Female,,2000,Latino / Hispanic,,Bachelor's degree,Yes,Yes,Yes,"$30,000 to $55,999",6 or more,Working class,A small city or town,99999,Somewhat disagree,Democrat,,Catholic,,5,5,3,5,5,2,attention,75,No,45
pid_1179,60+,Male,,1945,White / Caucasian,,Doctorate degree / Ph.D.,No,Yes,Yes,"$56,000 to $99,999",3,Middle class,A small city or town,99999,Somewhat disagree,Democrat,,I am not religious,,6,6,2,6,6,1 Strongly disagree,attention,75,,
pid_1180,60+,Female,,1955,White / Caucasian,,Some college or Associate's degree,No,Yes,No,"$168,000 or more",2,Middle class,A small city or town,99999,Somewhat disagree,Democrat,,Catholic,,7 Strongly agree,7 Strongly agree,5,6,7 Strongly agree,1 Strongly disagree,attention,80,No,55
pid_1181,18-29,Female,,2000,Asian / Asian-American,,Doctorate degree / Ph.D.,Yes,Yes,Yes,"$30,000 to $55,999",3,Middle class,A large city,99999,Somewhat disagree,Democrat,,Protestant,,7 Strongly agree,7 Strongly agree,3,6,7 Strongly agree,2,attention,80,No,15
pid_1182,60+,Male,,1965,White / Caucasian,,High school diploma / GED,Yes,Yes,Not applicable,"$56,000 to $99,999",2,Working class,A small city or town,99999,Somewhat disagree,Republican,,I am not religious,,6,6,4,6,6,3,attention,65,,
pid_1183,60+,Female,,1962,White / Caucasian,,Bachelor's degree,No,Yes,Yes,"$30,000 to $55,999",2,Middle class,A small city or town,99999,Somewhat disagree,Republican,,Protestant,,6,6,4,6,6,3,attention,70,No,40
pid_1184,30-44,Male,,1985,White / Caucasian,,High school diploma / GED,No,Yes,Not applicable,"$30,000 to $55,999",1,Working class,A small city or town,99999,Somewhat disagree,Democrat,,I am not religious,,6,6,2,6,7 Strongly agree,1 Strongly disagree,attention,75,,
pid_1185,30-44,Female,,1985,White / Caucasian,,Bachelor's degree,No,Yes,Yes,"$30,000 to $55,999",2,Middle class,A suburb near a large city,99999,Somewhat disagree,Independent,,I am not religious,,6,6,3,6,6,1 Strongly disagree,attention,,,
pid_1186,30-44,Female,,1985,White / Caucasian,,Some college or Associate's degree,Yes,Yes,Yes,"$30,000 to $55,999",3,Middle class,A small city or town,99999,Somewhat disagree,Independent,,Protestant,,6,6,3,6,6,2,attention,,No,20
pid_1187,18-29,Male,,1998,White / Caucasian,,Some college or Associate's degree,No,Yes,Yes,"$168,000 or more",3,Middle class,A small city or town,99999,Somewhat disagree,Independent,,I am not religious,,6,6,4,6,6,1 Strongly disagree,attention,,,
pid_1188,18-29,Male,,2000,Asian / Asian-American,,Some college or Associate's degree,Yes,Yes,Yes,"Less than $30,000",2,Working class,A large city,99999,Somewhat disagree,Democrat,,I am not religious,,6,6,2,6,7 Strongly agree,1 Strongly disagree,attention,80,,
pid_1189,30-44,Female,,1985,Asian / Asian-American,,High school diploma / GED,No,Yes,Not applicable,"$56,000 to $99,999",4,Working class,A small city or town,99999,Somewhat disagree,Democrat,,I am not religious,,5,5,2,5,6,2,attention,75,,
pid_1190,30-44,Female,,1985,White / Caucasian,,Some college or Associate's degree,No,Yes,Yes,"$30,000 to $55,999",2,Working class,A small city or town,99999,Somewhat disagree,Independent,,I am not religious,,6,6,4,6,6,2,attention,,,
pid_1191,60+,Male,,1965,White / Caucasian,,High school diploma / GED,Yes,Yes,No,"$56,000 to $99,999",2,Middle class,A small city or town,99999,Somewhat disagree,Independent,,Buddhist,,7 Strongly agree,7 Strongly agree,5,7 Strongly agree,7 Strongly agree,1 Strongly disagree,attention,,,20
pid_1192,30-44,Male,,1985,Asian / Asian-American,,Some college or Associate's degree,No,Yes,No,"Less than $30,000",3,Working class,A large city,96815,Somewhat disagree,Independent,,I am not religious,,6,6,3,6,6,2,attention,,,
pid_1193,30-44,Male,,1985,Latino / Hispanic,,Bachelor's degree,No,Yes,Yes,"$56,000 to $99,999",3,Middle class,A small city or town,99999,Somewhat disagree,Republican,,Other religion (please specify),Other,7 Strongly agree,7 Strongly agree,2,6,7 Strongly agree,1 Strongly disagree,attention,75,,35
pid_1194,30-44,Male,,1985,White / Caucasian,,Bachelor's degree,No,Yes,Yes,"Less than $30,000",1,Working class,A small city or town,99999,Somewhat disagree,Independent,,I am not religious,,6,6,3,6,6,1 Strongly disagree,attention,,,
pid_1195,30-44,Female,,1985,White / Caucasian,,Bachelor's degree,Yes,Yes,Yes,"$30,000 to $55,999",2,Middle class,A suburb near a large city,99999,Somewhat disagree,Independent,,I am not religious,,6,6,3,6,6,1 Strongly disagree,attention,,,
pid_1196,45-59,Female,,1978,Black / African-American,,Bachelor's degree,No,Yes,Yes,"$168,000 or more",4,Middle class,A suburb near a large city,99999,Somewhat disagree,Independent,,I am not religious,,6,6,2,6,6,1 Strongly disagree,attention,,,
pid_1197,60+,Female,,1965,White / Caucasian,,Some college or Associate's degree,No,Yes,Yes,"$100,000 to $167,999",6 or more,Middle class,A small city or town,99999,Somewhat disagree,Republican,,Catholic,,5,5,3,5,6,2,attention,70,No,75
pid_1198,30-44,Female,,1985,White / Caucasian,,Some college or Associate's degree,Yes,Yes,Yes,"$56,000 to $99,999",4,Middle class,A small city or town,99999,Somewhat disagree,Republican,,Protestant,,6,6,3,6,6,2,attention,85,Yes,85
pid_1199,60+,Male,,1965,Black / African-American,,Doctorate degree / Ph.D.,Yes,Yes,Yes,"$168,000 or more",1,Upper class,A small city or town,99999,Somewhat disagree,Independent,,I am not religious,,7 Strongly agree,7 Strongly agree,3,7 Strongly agree,7 Strongly agree,1 Strongly disagree,attention,,,
pid_1200,30-44,Male,,1985,White / Caucasian,,Doctorate degree / Ph.D.,No,Yes,Yes,"$56,000 to $99,999",2,Middle class,A small city or town,30303,Somewhat disagree,Republican,,Protestant,,7 Strongly agree,7 Strongly agree,2,7 Strongly agree,7 Strongly agree,1 Strongly disagree,attention,65,No,20
pid_1201,30-44,Male,,1985,Latino / Hispanic,,Bachelor's degree,No,Yes,Yes,"$56,000 to $99,999",1,Middle class,A large city,10001,Somewhat disagree,Independent,,I am not religious,,6,6,4,6,6,1 Strongly disagree,attention,,,
pid_1202,60+,Male,,1965,White / Caucasian,,Master's degree / Professional degree,Yes,Yes,Yes,"$100,000 to $167,999",3,Middle class,A suburb near a large city,99999,Somewhat disagree,Republican,,Protestant,,6,6,4,6,6,2,attention,90,Yes,65
pid_1203,18-29,Male,,1998,Asian / Asian-American,,Bachelor's degree,Yes,Yes,Yes,"$30,000 to $55,999",2,Working class,A large city,99999,Somewhat disagree,Republican,,I am not religious,,6,6,4,6,6,2,attention,70,,
pid_1204,18-29,Female,,1998,Latino / Hispanic,,Doctorate degree / Ph.D.,Yes,Yes,Yes,"$168,000 or more",3,Upper class,A large city,99999,Somewhat disagree,Democrat,,I am not religious,,6,6,3,6,6,1 Strongly disagree,attention,85,,
pid_1205,60+,Male,,1965,White / Caucasian,,Some college or Associate's degree,No,Yes,Yes,"Less than $30,000",2,Working class,A small city or town,99999,Somewhat disagree,Independent,,Protestant,,6,6,2,6,6,2,attention,,Yes,65
pid_1206,60+,Female,,1955,White / Caucasian,,High school diploma / GED,No,Yes,Not applicable,"$30,000 to $55,999",1,Working class,A small city or town,99999,Somewhat disagree,Independent,,Catholic,,5,5,4,5,5,2,attention,,No,15
pid_1207,45-59,Female,,1980,Asian / Asian-American,,Master's degree / Professional degree,No,Yes,Yes,"$100,000 to $167,999",2,Middle class,A suburb near a large city,99999,Somewhat disagree,Democrat,,Other religion (please specify),Spiritual but not religious,6,6,3,6,6,1 Strongly disagree,attention,80,,15
pid_1208,30-44,Female,,1985,Asian / Asian-American,,Bachelor's degree,No,Yes,Yes,"$168,000 or more",6 or more,Middle class,A large city,99999,Somewhat disagree,Republican,,I am not religious,,6,6,3,6,7 Strongly agree,1 Strongly disagree,attention,75,,
pid_1209,60+,Female,,1945,White / Caucasian,,High school diploma / GED,No,Yes,Not applicable,"Less than $30,000",2,Working class,A small city or town,99999,Somewhat disagree,Democrat,,I am not religious,,7 Strongly agree,7 Strongly agree,3,7 Strongly agree,7 Strongly agree,1 Strongly disagree,attention,85,,
pid_1210,45-59,Female,,1980,White / Caucasian,,Bachelor's degree,No,Yes,Yes,"$100,000 to $167,999",4,Middle class,A suburb near a large city,99999,Somewhat disagree,Republican,,Other religion (please specify),Non-denominational Christian,6,6,3,5,6,2,attention,75,,70
pid_1211,30-44,Male,,1985,White / Caucasian,,Some college or Associate's degree,No,Yes,Yes,"Less than $30,000",1,Working class,A small city or town,99999,Somewhat disagree,Democrat,,I am not religious,,6,6,4,6,6,1 Strongly disagree,attention,85,,
pid_1212,30-44,Male,,1985,Latino / Hispanic,,Some college or Associate's degree,Yes,Yes,Yes,"$56,000 to $99,999",6 or more,Middle class,A small city or town,99999,Somewhat disagree,Republican,,Catholic,,6,6,3,6,6,2,attention,70,No,75
pid_1213,45-59,Female,,1968,Other,Biracial,Bachelor's degree,No,Yes,Yes,"Less than $30,000",1,Working class,A small city or town,99999,Somewhat disagree,Independent,,Other religion (please specify),Spiritual but not religious,7 Strongly agree,7 Strongly agree,4,7 Strongly agree,7 Strongly agree,1 Strongly disagree,attention,,,15
pid_1214,30-44,Male,,1985,Latino / Hispanic,,Some college or Associate's degree,Yes,Yes,No,"$56,000 to $99,999",3,Working class,A small city or town,99999,Somewhat disagree,Republican,,I am not religious,,6,6,3,6,7 Strongly agree,2,attention,60,,
pid_1215,45-59,Female,,1968,Other,Other,Doctorate degree / Ph.D.,Yes,Yes,Yes,"$56,000 to $99,999",2,Middle class,A suburb near a large city,99999,Somewhat disagree,Independent,,Catholic,,6,6,3,6,6,2,attention,,No,65
pid_1216,60+,Male,,1958,White / Caucasian,,Bachelor's degree,Yes,Yes,Yes,"$56,000 to $99,999",2,Middle class,A small city or town,99999,Somewhat disagree,Republican,,I am not religious,,7 Strongly agree,7 Strongly agree,2,6,7 Strongly agree,1 Strongly disagree,attention,65,,
pid_1217,45-59,Female,,1968,Latino / Hispanic,,Some college or Associate's degree,No,Yes,Yes,"$100,000 to $167,999",6 or more,Middle class,A suburb near a large city,99999,Somewhat disagree,Democrat,,I am not religious,,7 Strongly agree,7 Strongly agree,3,6,7 Strongly agree,1 Strongly disagree,attention,70,,
pid_1218,30-44,Male,,1985,Latino / Hispanic,,Some college or Associate's degree,No,Yes,Yes,"$56,000 to $99,999",4,Middle class,A small city or town,99999,Somewhat disagree,Republican,,Other religion (please specify),Spiritual but not religious,7 Strongly agree,7 Strongly agree,4,7 Strongly agree,7 Strongly agree,1 Strongly disagree,attention,85,,30
pid_1219,60+,Male,,1965,White / Caucasian,,High school diploma / GED,No,Yes,Not applicable,"$56,000 to $99,999",3,Middle class,A small city or town,99999,Somewhat disagree,Independent,,Catholic,,6,6,4,6,6,3,attention,,No,40
pid_1220,18-29,Male,,2000,Latino / Hispanic,,High school diploma / GED,No,Yes,Not applicable,"$30,000 to $55,999",3,Working class,A small city or town,99999,Somewhat disagree,Independent,,I am not religious,,6,6,4,6,6,2,attention,,,
pid_1221,18-29,Male,,2000,Latino / Hispanic,,Some college or Associate's degree,Yes,Yes,Yes,"Less than $30,000",2,Working class,A small city or town,99999,Somewhat disagree,Democrat,,I am not religious,,5,5,3,5,5,2,attention,65,,
pid_1222,18-29,Male,,2000,Latino / Hispanic,,Some college or Associate's degree,Yes,Yes,Yes,"$30,000 to $55,999",6 or more,Working class,A large city,99999,Somewhat disagree,Democrat,,Catholic,,6,6,4,6,6,2,attention,75,No,35
pid_1223,30-44,Female,,1985,White / Caucasian,,Doctorate degree / Ph.D.,Yes,Yes,Yes,"$100,000 to $167,999",2,Middle class,A suburb near a large city,99999,Somewhat disagree,Democrat,,I am not religious,,6,6,3,6,6,1 Strongly disagree,attention,80,,
pid_1224,60+,Female,,1965,Other,,Bachelor's degree,No,Yes,Yes,"$100,000 to $167,999",2,Middle class,A small city or town,99999,Somewhat disagree,Republican,,Protestant,,6,6,4,6,6,2,attention,85,No,40
pid_1225,60+,Male,,1945,White / Caucasian,,Master's degree / Professional degree,No,Yes,Yes,"$56,000 to $99,999",1,Middle class,A small city or town,02108,Somewhat disagree,Republican,,Catholic,,6,6,3,6,6,1 Strongly disagree,attention,75,No,20
pid_1226,60+,Female,,1965,White / Caucasian,,Some college or Associate's degree,Yes,Yes,Yes,"$56,000 to $99,999",4,Middle class,A suburb near a large city,99999,Somewhat disagree,Democrat,,I am not religious,,6,6,3,6,6,2,attention,75,,
pid_1227,30-44,Female,,1985,Latino / Hispanic,,Bachelor's degree,Yes,Yes,Yes,"$30,000 to $55,999",6 or more,Middle class,A suburb near a large city,99999,Somewhat disagree,Republican,,Catholic,,6,6,3,6,6,5,attention,85,No,40
pid_1228,30-44,Male,,1985,Latino / Hispanic,,Bachelor's degree,No,Yes,Yes,"$100,000 to $167,999",3,Middle class,A large city,99999,Somewhat disagree,Democrat,,Catholic,,6,6,4,6,6,2,attention,80,No,40
pid_1229,30-44,Female,,1985,Other,,Some college or Associate's degree,Yes,Yes,No,"$56,000 to $99,999",2,Middle class,A suburb near a large city,99999,Somewhat disagree,Other (please specify),,Other religion (please specify),,6,6,4,6,6,2,attention,,,25
pid_1230,30-44,Male,,1985,Latino / Hispanic,,Bachelor's degree,No,Yes,Yes,"$30,000 to $55,999",6 or more,Middle class,A small city or town,99999,Somewhat disagree,Democrat,,Catholic,,6,6,4,6,6,2,attention,85,No,35
pid_1231,60+,Female,,1965,White / Caucasian,,Doctorate degree / Ph.D.,No,Yes,Yes,"Less than $30,000",1,Working class,A small city or town,99999,Somewhat disagree,Independent,,I am not religious,,6,6,4,6,6,2,attention,,,
pid_1232,18-29,Male,,2000,Latino / Hispanic,,Bachelor's degree,Yes,Yes,Yes,"$30,000 to $55,999",4,Middle class,A suburb near a large city,99999,Somewhat disagree,Republican,,Other religion (please specify),Christian,6,6,4,6,6,2,attention,75,,70
pid_1233,30-44,Male,,1985,White / Caucasian,,Bachelor's degree,No,Yes,Yes,"Less than $30,000",1,Working class,A small city or town,99999,Somewhat disagree,Independent,,I am not religious,,5,5,3,5,5,2,attention,,,
pid_1234,18-29,Male,,1998,White / Caucasian,,Some college or Associate's degree,Yes,Yes,Yes,"$56,000 to $99,999",4,Middle class,A suburb near a large city,99999,Somewhat disagree,Democrat,,I am not religious,,6,6,4,6,6,1 Strongly disagree,attention,80,,
pid_1235,60+,Male,,1945,Black / African-American,,Bachelor's degree,No,Yes,Yes,"Less than $30,000",1,Working class,A small city or town,99999,Somewhat disagree,Democrat,,Protestant,,6,6,3,6,6,2,attention,80,Yes,80
pid_1236,45-59,Male,,1968,White / Caucasian,,Bachelor's degree,Yes,Yes,Yes,"$56,000 to $99,999",1,Middle class,A small city or town,99999,Somewhat disagree,Independent,,Catholic,,6,6,4,6,6,2,attention,,No,45
pid_1237,18-29,Female,,2000,Other,,Some college or Associate's degree,Yes,Yes,Yes,"Less than $30,000",2,Working class,A small city or town,99999,Somewhat disagree,Other (please specify),Something else,Other religion (please specify),Christian,5,5,4,5,5,2,attention,,,40
pid_1238,60+,Female,,1962,White / Caucasian,,High school diploma / GED,No,Yes,Not applicable,"Less than $30,000",2,Working class,A small city or town,99999,Somewhat disagree,Democrat,,Protestant,,6,6,4,6,6,2,attention,65,No,20
pid_1239,18-29,Male,,1998,Asian / Asian-American,,Bachelor's degree,No,Yes,Yes,"$56,000 to $99,999",1,Middle class,A large city,99999,Somewhat disagree,Democrat,,I am not religious,,6,6,3,6,6,1 Strongly disagree,attention,65,,
pid_1240,18-29,Male,,1998,White / Caucasian,,High school diploma / GED,Yes,Yes,Not applicable,"$100,000 to $167,999",4,Middle class,A suburb near a large city,99999,Somewhat disagree,Democrat,,I am not religious,,6,6,3,6,6,2,attention,70,,
pid_1241,60+,Female,,1965,Asian / Asian-American,,Bachelor's degree,No,Yes,Yes,"$100,000 to $167,999",1,Middle class,A large city,99999,Somewhat disagree,Other (please specify),Something else,Protestant,,6,6,4,6,6,2,attention,,No,25
pid_1242,45-59,Male,,1980,White / Caucasian,,High school diploma / GED,Yes,Yes,Not applicable,"$100,000 to $167,999",3,Middle class,A small city or town,99999,Somewhat disagree,Independent,,Mormon,,5,5,4,5,5,2,attention,,No,55
pid_1243,60+,Female,,1965,White / Caucasian,,Bachelor's degree,No,Yes,Yes,"$30,000 to $55,999",1,Working class,A small city or town,99999,Somewhat disagree,Democrat,,Jewish,,5,5,3,5,6,2,attention,80,,20
pid_1244,30-44,Male,,1985,Latino / Hispanic,,Bachelor's degree,No,Yes,Yes,"$100,000 to $167,999",3,Middle class,A suburb near a large city,99999,Somewhat disagree,Democrat,,Catholic,,6,6,3,6,6,2,attention,80,No,85
pid_1245,60+,Male,,1965,White / Caucasian,,Some college or Associate's degree,No,Yes,No,"$56,000 to $99,999",2,Middle class,A small city or town,99999,Somewhat disagree,Independent,,I am not religious,,6,6,4,6,6,1 Strongly disagree,attention,,,
pid_1246,30-44,Female,,1982,Black / African-American,,Bachelor's degree,No,Yes,Yes,"$56,000 to $99,999",6 or more,Middle class,A suburb near a large city,99999,Somewhat disagree,Independent,,I am not religious,,6,6,4,6,6,2,attention,,,
pid_1247,30-44,Male,,1985,Asian / Asian-American,,Bachelor's degree,No,Yes,Yes,"$56,000 to $99,999",1,Middle class,A small city or town,99999,Somewhat disagree,Independent,,I am not religious,,5,5,3,5,5,2,attention,,,
pid_1248,45-59,Male,,1968,White / Caucasian,,High school diploma / GED,Yes,Yes,Not applicable,"$30,000 to $55,999",2,Working class,A small city or town,99999,Somewhat disagree,Democrat,,I am not religious,,6,6,4,6,6,1 Strongly disagree,attention,80,,
pid_1249,45-59,Female,,1969,White / Caucasian,,High school diploma / GED,Yes,Yes,No,"Less than $30,000",1,Working class,A small city or town,99999,Somewhat disagree,Republican,,Protestant,,5,5,2,5,5,3,attention,75,No,55
pid_1250,30-44,Female,,1984,White / Caucasian,,Some college or Associate's degree,No,Yes,No,"$100,000 to $167,999",3,Middle class,A suburb near a large city,99999,Somewhat disagree,Republican,,Protestant,,6,6,4,6,6,2,attention,65,No,45
pid_1251,18-29,Female,,2000,Asian / Asian-American,,Doctorate degree / Ph.D.,Yes,Yes,Yes,"$56,000 to $99,999",3,Middle class,A large city,99999,Somewhat disagree,Democrat,,I am not religious,,6,6,3,6,6,1 Strongly disagree,attention,65,,
pid_1252,30-44,Male,,1985,Asian / Asian-American,,Bachelor's degree,Yes,Yes,Yes,"$56,000 to $99,999",3,Middle class,A suburb near a large city,99999,Somewhat disagree,Republican,,Catholic,,6,6,4,6,6,2,attention,65,No,75
pid_1253,45-59,Female,,1980,Black / African-American,,Bachelor's degree,No,Yes,Yes,"$30,000 to $55,999",3,Middle class,A suburb near a large city,99999,Somewhat disagree,Independent,,I am not religious,,6,6,2,6,6,2,attention,,,
pid_1254,18-29,Male,,1998,White / Caucasian,,Some college or Associate's degree,No,Yes,Yes,"$56,000 to $99,999",3,Middle class,A small city or town,99999,Somewhat disagree,Republican,,Catholic,,6,6,3,6,6,2,attention,70,No,45
pid_1255,30-44,Male,,1985,White / Caucasian,,Bachelor's degree,No,Yes,Yes,"$56,000 to $99,999",1,Middle class,A large city,99999,Somewhat disagree,Democrat,,I am not religious,,6,6,4,6,6,1 Strongly disagree,attention,70,,
pid_1256,30-44,Female,,1985,Latino / Hispanic,,Some college or Associate's degree,Yes,Yes,No,"$56,000 to $99,999",3,Middle class,A small city or town,99999,Somewhat disagree,Independent,,Catholic,,6,6,4,6,6,2,attention,,No,35
pid_1257,18-29,Male,,2000,Latino / Hispanic,,Less than high school,Yes,No,Not applicable,"$56,000 to $99,999",6 or more,Working class,A small city or town,99999,Somewhat disagree,Independent,,I am not religious,,6,6,4,6,6,2,attention,,,
pid_1258,18-29,Male,,2000,Latino / Hispanic,,High school diploma / GED,Yes,Yes,Not applicable,"$30,000 to $55,999",3,Working class,A small city or town,99999,Somewhat disagree,Republican,,Catholic,,6,6,4,6,6,2,attention,55,No,45
pid_1260,45-59,Female,,1969,White / Caucasian,,Bachelor's degree,Yes,Yes,Yes,"$100,000 to $167,999",2,Middle class,A suburb near a large city,99999,Somewhat disagree,Democrat,,I am not religious,,6,6,2,6,7 Strongly agree,1 Strongly disagree,attention,85,,
pid_1261,30-44,Male,,1982,Other,,Master's degree / Professional degree,Yes,Yes,Yes,"$168,000 or more",4,Upper class,A suburb near a large city,99999,Somewhat disagree,Republican,,Catholic,,6,6,2,6,6,2,attention,85,No,85
pid_1262,30-44,Male,,1985,Latino / Hispanic,,Some college or Associate's degree,Yes,Yes,Yes,"$56,000 to $99,999",1,Middle class,A small city or town,99999,Somewhat disagree,Democrat,,I am not religious,,5,5,2,5,6,2,attention,85,,
pid_1263,60+,Male,,1965,White / Caucasian,,Bachelor's degree,Yes,Yes,Yes,"$56,000 to $99,999",2,Middle class,A small city or town,99999,Somewhat disagree,Democrat,,I am not religious,,6,6,3,6,6,1 Strongly disagree,attention,75,,
pid_1264,18-29,Male,,2000,White / Caucasian,,Some college or Associate's degree,No,Yes,Yes,"$30,000 to $55,999",4,Working class,A small city or town,99999,Somewhat disagree,Independent,,I am not religious,,6,6,5,6,7 Strongly agree,2,attention,,,
pid_1265,60+,Female,,1965,White / Caucasian,,Some college or Associate's degree,Yes,Yes,Yes,"$100,000 to $167,999",3,Middle class,A suburb near a large city,99999,Somewhat disagree,Republican,,Jewish,,6,6,4,6,6,2,attention,75,,20
pid_1266,30-44,Male,,1985,Asian / Asian-American,,Some college or Associate's degree,Yes,Yes,Yes,"$30,000 to $55,999",2,Working class,A small city or town,99999,Somewhat disagree,Independent,,I am not religious,,6,6,2,6,6,2,attention,,,
pid_1267,60+,Male,,1958,White / Caucasian,,Some college or Associate's degree,No,Yes,No,"$56,000 to $99,999",1,Middle class,A small city or town,99999,Somewhat disagree,Independent,,Protestant,,6,6,4,6,6,2,attention,,No,20
pid_1268,60+,Male,,1965,Black / African-American,,Some college or Associate's degree,No,Yes,No,"$30,000 to $55,999",1,Working class,A small city or town,99999,Somewhat disagree,Independent,,I am not religious,,6,6,4,6,6,1 Strongly disagree,attention,,,
pid_1269,60+,Female,,1965,Other,Multiracial,Bachelor's degree,No,Yes,Yes,"$56,000 to $99,999",3,Middle class,A small city or town,99999,Somewhat disagree,Independent,,Other religion (please specify),Spiritual but not religious,7 Strongly agree,7 Strongly agree,3,6,7 Strongly agree,1 Strongly disagree,attention,,,25
pid_1270,18-29,Female,,2000,White / Caucasian,,Some college or Associate's degree,No,Yes,Yes,"$100,000 to $167,999",4,Middle class,A suburb near a large city,99999,Somewhat disagree,Republican,,Protestant,,5,5,3,6,5,2,attention,90,Yes,95
pid_1271,30-44,Female,,1985,White / Caucasian,,High school diploma / GED,Yes,Yes,Not applicable,"Less than $30,000",3,Working class,A small city or town,99999,Somewhat disagree,Republican,,Catholic,,7 Strongly agree,7 Strongly agree,3,7 Strongly agree,7 Strongly agree,1 Strongly disagree,attention,90,No,90
pid_1272,60+,Female,,1945,White / Caucasian,,Some college or Associate's degree,Yes,Yes,Yes,"$56,000 to $99,999",2,Middle class,A small city or town,99999,Somewhat disagree,Democrat,,Catholic,,6,6,4,6,6,2,attention,60,No,35
pid_1273,60+,Male,,1965,White / Caucasian,,Some college or Associate's degree,No,Yes,No,"$56,000 to $99,999",2,Middle class,A small city or town,99999,Somewhat disagree,Republican,,Protestant,,6,6,3,6,6,2,attention,75,Yes,85
pid_1274,30-44,Female,,1985,White / Caucasian,,Bachelor's degree,Yes,Yes,Yes,"$30,000 to $55,999",2,Middle class,A small city or town,99999,Somewhat disagree,Democrat,,Protestant,,6,6,3,6,6,2,attention,70,No,30
pid_1275,18-29,Male,,1999,Asian / Asian-American,,Bachelor's degree,No,Yes,Yes,"$100,000 to $167,999",1,Middle class,A large city,99999,Somewhat disagree,Republican,,Catholic,,6,6,5,6,6,1 Strongly disagree,attention,70,No,40
pid_1276,30-44,Female,,1985,Black / African-American,,Some college or Associate's degree,Yes,Yes,Yes,"$56,000 to $99,999",1,Middle class,A small city or town,99999,Somewhat disagree,Independent,,Catholic,,7 Strongly agree,7 Strongly agree,3,6,7 Strongly agree,1 Strongly disagree,attention,,No,40
pid_1277,30-44,Female,,1985,White / Caucasian,,Some college or Associate's degree,No,Yes,Yes,"$56,000 to $99,999",4,Middle class,A small city or town,99999,Somewhat disagree,Independent,,Other religion (please specify),Spiritual but not religious,6,6,4,6,6,1 Strongly disagree,attention,,,10
pid_1278,30-44,Male,,1985,White / Caucasian,,Some college or Associate's degree,Yes,Yes,Yes,"$30,000 to $55,999",1,Working class,A small city or town,99999,Somewhat disagree,Independent,,Other religion (please specify),Spiritual but not religious,6,6,3,6,6,1 Strongly disagree,attention,,,15
pid_1279,30-44,Male,,1985,Latino / Hispanic,,Some college or Associate's degree,Yes,Yes,Yes,"$30,000 to $55,999",4,Working class,A suburb near a large city,99999,Somewhat disagree,Democrat,,Catholic,,6,6,4,6,6,2,attention,75,No,45
pid_1280,60+,Female,,1965,White / Caucasian,,Some college or Associate's degree,No,Yes,Yes,"$30,000 to $55,999",1,Working class,A small city or town,99999,Somewhat disagree,Republican,,Other religion (please specify),Other,6,6,5,6,6,2,attention,85,,25
pid_1281,30-44,Female,,1985,White / Caucasian,,Some college or Associate's degree,Yes,Yes,Yes,"$30,000 to $55,999",2,Working class,A small city or town,99999,Somewhat disagree,Democrat,,Other religion (please specify),Other,6,6,4,6,6,1 Strongly disagree,attention,75,,35
pid_1283,18-29,Male,,1998,White / Caucasian,,Bachelor's degree,Yes,Yes,Yes,"$100,000 to $167,999",3,Middle class,A suburb near a large city,99999,Somewhat disagree,Republican,,Protestant,,6,6,4,6,6,2,attention,85,Yes,80
pid_1284,60+,Female,,1965,Asian / Asian-American,,Bachelor's degree,No,Yes,Yes,"$56,000 to $99,999",2,Middle class,A suburb near a large city,99999,Somewhat disagree,Democrat,,I am not religious,,6,6,3,6,7 Strongly agree,1 Strongly disagree,attention,85,,
pid_1285,18-29,Male,,2000,Latino / Hispanic,,Some college or Associate's degree,Yes,Yes,Yes,"$56,000 to $99,999",6 or more,Middle class,A small city or town,99999,Somewhat disagree,Other (please specify),Something else,I am not religious,,6,6,4,6,6,2,attention,,,
pid_1286,30-44,Male,,1985,White / Caucasian,,High school diploma / GED,No,Yes,Not applicable,"$30,000 to $55,999",1,Working class,A small city or town,19104,Somewhat disagree,Independent,,I am not religious,,6,6,3,6,6,2,attention,,,
pid_1287,30-44,Male,,1985,Other,Other,Bachelor's degree,No,Yes,Yes,"Less than $30,000",1,Working class,A large city,99999,Somewhat disagree,Democrat,,Protestant,,6,6,5,6,7 Strongly agree,1 Strongly disagree,attention,80,No,15
pid_1288,18-29,Male,,1998,Latino / Hispanic,,Bachelor's degree,No,Yes,Yes,"$56,000 to $99,999",4,Middle class,A suburb near a large city,99999,Somewhat disagree,Democrat,,Catholic,,6,6,3,6,6,2,attention,70,No,55
pid_1289,30-44,Male,,1985,White / Caucasian,,Some college or Associate's degree,No,Yes,Yes,"Less than $30,000",3,Working class,A small city or town,99999,Somewhat disagree,Independent,,I am not religious,,5,5,3,5,5,2,attention,,,
pid_1290,30-44,Female,,1988,White / Caucasian,,Doctorate degree / Ph.D.,No,Yes,Yes,"$100,000 to $167,999",3,Middle class,A suburb near a large city,99999,Somewhat disagree,Democrat,,I am not religious,,6,6,4,6,6,2,attention,85,,
pid_1291,18-29,Male,,2000,White / Caucasian,,Some college or Associate's degree,No,Yes,Yes,"$100,000 to $167,999",6 or more,Middle class,A small city or town,99999,Somewhat disagree,Democrat,,Protestant,,6,6,4,6,6,2,attention,75,No,65
pid_1292,18-29,Female,,2002,Black / African-American,,High school diploma / GED,Yes,Yes,No,"$56,000 to $99,999",4,Middle class,A suburb near a large city,99999,Somewhat disagree,Independent,,Other religion (please specify),Christian,7 Strongly agree,7 Strongly agree,3,6,7 Strongly agree,2,attention,,,80
pid_1293,60+,Female,,1945,Black / African-American,,Some college or Associate's degree,No,Yes,Yes,"$56,000 to $99,999",4,Middle class,A small city or town,99999,Somewhat disagree,Independent,,Other religion (please specify),African Methodist Episcopal,6,6,3,6,6,2,attention,,,85
pid_1294,18-29,Male,,2002,Latino / Hispanic,,Some college or Associate's degree,Yes,Yes,Yes,"Less than $30,000",2,Working class,A small city or town,99999,Somewhat disagree,Independent,,I am not religious,,6,6,3,6,7 Strongly agree,1 Strongly disagree,attention,,,
pid_1295,60+,Female,,1965,Asian / Asian-American,,Bachelor's degree,No,Yes,Yes,"$30,000 to $55,999",2,Middle class,A suburb near a large city,99999,Somewhat disagree,Independent,,I am not religious,,6,6,3,6,6,1 Strongly disagree,attention,,,
pid_1296,60+,Female,,1965,White / Caucasian,,Some college or Associate's degree,No,Yes,Yes,"Less than $30,000",1,Working class,A small city or town,99999,Somewhat disagree,Democrat,,I am not religious,,6,6,2,6,7 Strongly agree,2,attention,70,,
pid_1297,60+,Male,,1948,White / Caucasian,,Bachelor's degree,Yes,Yes,Yes,"$100,000 to $167,999",2,Middle class,A small city or town,99999,Somewhat disagree,Republican,,Catholic,,6,6,4,6,6,2,attention,75,No,75
pid_1298,30-44,Female,,1985,Black / African-American,,Some college or Associate's degree,Yes,Yes,Yes,"$100,000 to $167,999",2,Middle class,A suburb near a large city,10001,Somewhat disagree,Democrat,,Protestant,,6,6,3,6,6,2,attention,70,No,40
pid_1299,30-44,Female,,1985,White / Caucasian,,Some college or Associate's degree,No,Yes,Yes,"$30,000 to $55,999",3,Middle class,A small city or town,99999,Somewhat disagree,Democrat,,I am not religious,,6,6,3,6,6,2,attention,70,,
pid_1300,60+,Male,,1948,White / Caucasian,,Doctorate degree / Ph.D.,Yes,Yes,Yes,"$56,000 to $99,999",6 or more,Middle class,A small city or town,99999,Somewhat disagree,Republican,,Protestant,,6,6,3,6,6,5,attention,90,Yes,85
pid_1301,45-59,Female,,1980,Black / African-American,,High school diploma / GED,Yes,Yes,Not applicable,"$56,000 to $99,999",6 or more,Middle class,A suburb near a large city,99999,Somewhat disagree,Independent,,Other religion (please specify),Non-denominational Christian,6,6,3,6,6,2,attention,,,85
pid_1302,30-44,Male,,1985,Black / African-American,,Bachelor's degree,Yes,Yes,Yes,"$56,000 to $99,999",1,Middle class,A large city,99999,Somewhat disagree,Democrat,,Protestant,,6,6,4,6,6,2,attention,80,No,25
pid_1303,60+,Female,,1965,White / Caucasian,,Bachelor's degree,Yes,Yes,Yes,"Less than $30,000",2,Working class,A small city or town,99999,Somewhat disagree,Democrat,,I am not religious,,6,6,3,6,6,1 Strongly disagree,attention,65,,
pid_1304,60+,Male,,1965,Asian / Asian-American,,Doctorate degree / Ph.D.,Yes,Yes,Yes,"$100,000 to $167,999",2,Middle class,A suburb near a large city,99999,Somewhat disagree,Independent,,I am not religious,,6,6,3,6,6,1 Strongly disagree,attention,,,
pid_1305,30-44,Female,,1985,White / Caucasian,,Master's degree / Professional degree,Yes,Yes,Yes,"$30,000 to $55,999",2,Middle class,A suburb near a large city,99999,Somewhat disagree,Democrat,,I am not religious,,6,6,4,6,6,2,attention,85,,
pid_1307,60+,Male,,1965,White / Caucasian,,Master's degree / Professional degree,Yes,Yes,Yes,"$100,000 to $167,999",4,Middle class,A suburb near a large city,99999,Somewhat disagree,Democrat,,Catholic,,7 Strongly agree,7 Strongly agree,4,7 Strongly agree,7 Strongly agree,1 Strongly disagree,attention,80,No,75
pid_1308,60+,Female,,1965,White / Caucasian,,Bachelor's degree,No,Yes,Yes,"$56,000 to $99,999",2,Middle class,A small city or town,99999,Somewhat disagree,Democrat,,Protestant,,6,6,4,6,6,2,attention,70,Yes,75
pid_1309,45-59,Male,,1980,White / Caucasian,,Bachelor's degree,No,Yes,Yes,"$30,000 to $55,999",4,Middle class,A suburb near a large city,99999,Somewhat disagree,Republican,,Protestant,,6,6,4,6,6,2,attention,70,Yes,75
pid_1310,18-29,Female,,2000,White / Caucasian,,Some college or Associate's degree,Yes,Yes,Yes,"$56,000 to $99,999",6 or more,Middle class,A suburb near a large city,99999,Somewhat disagree,Independent,,I am not religious,,6,6,3,6,6,2,attention,,,
pid_1311,30-44,Female,,1985,Latino / Hispanic,,Bachelor's degree,Yes,Yes,Yes,"$30,000 to $55,999",2,Working class,A small city or town,99999,Somewhat disagree,Democrat,,I am not religious,,6,6,2,6,6,2,attention,80,,
pid_1313,45-59,Female,,1968,White / Caucasian,,High school diploma / GED,Yes,Yes,Not applicable,"$56,000 to $99,999",2,Middle class,A small city or town,99999,Somewhat disagree,Republican,,I am not religious,,7 Strongly agree,7 Strongly agree,4,6,7 Strongly agree,1 Strongly disagree,attention,75,,
pid_1314,30-44,Male,,1985,White / Caucasian,,High school diploma / GED,No,Yes,Not applicable,"$30,000 to $55,999",3,Working class,A small city or town,99999,Somewhat disagree,Republican,,Protestant,,6,6,5,6,6,2,attention,70,Yes,70
pid_1315,30-44,Male,,1985,White / Caucasian,,Bachelor's degree,Yes,Yes,Yes,"$100,000 to $167,999",2,Middle class,A suburb near a large city,99999,Somewhat disagree,Independent,,I am not religious,,6,6,3,6,6,2,attention,,,
pid_1316,60+,Female,,1965,White / Caucasian,,Some college or Associate's degree,Yes,Yes,No,"Less than $30,000",3,Working class,A small city or town,99999,Somewhat disagree,Democrat,,I am not religious,,6,6,4,6,6,2,attention,30,,
pid_1317,30-44,Female,,1985,Black / African-American,,Master's degree / Professional degree,Yes,Yes,Yes,"$56,000 to $99,999",2,Middle class,A suburb near a large city,99999,Somewhat disagree,Democrat,,Protestant,,6,6,3,6,6,2,attention,65,Yes,75
pid_1318,30-44,Female,,1985,White / Caucasian,,Some college or Associate's degree,Yes,Yes,Yes,"$56,000 to $99,999",4,Middle class,A small city or town,99999,Somewhat disagree,Democrat,,Protestant,,6,6,3,5,6,2,attention,75,No,20
pid_1319,45-59,Female,,1980,White / Caucasian,,Doctorate degree / Ph.D.,Yes,Yes,Yes,"$56,000 to $99,999",4,Middle class,A suburb near a large city,99999,Somewhat disagree,Republican,,Protestant,,6,6,4,6,6,2,attention,90,Yes,90
pid_1320,45-59,Male,,1968,Black / African-American,,Some college or Associate's degree,Yes,Yes,No,"$56,000 to $99,999",3,Middle class,A small city or town,99999,Somewhat disagree,Democrat,,Other religion (please specify),Non-denominational Christian,5,5,2,5,6,2,attention,65,,60
pid_1321,60+,Female,,1965,White / Caucasian,,Bachelor's degree,Yes,Yes,Yes,"$100,000 to $167,999",4,Middle class,A suburb near a large city,99999,Somewhat disagree,Republican,,Protestant,,6,6,4,6,6,2,attention,75,No,55
pid_1322,30-44,Male,,1985,Latino / Hispanic,,High school diploma / GED,Yes,Yes,Not applicable,"$56,000 to $99,999",3,Middle class,A small city or town,99999,Somewhat disagree,Democrat,,Protestant,,6,6,3,6,6,2,attention,75,No,35
pid_1323,60+,Male,,1965,White / Caucasian,,Bachelor's degree,No,Yes,Yes,"$56,000 to $99,999",3,Middle class,A suburb near a large city,99999,Somewhat disagree,Independent,,I am not religious,,6,6,3,6,6,2,attention,,,
pid_1324,60+,Female,,1965,White / Caucasian,,Doctorate degree / Ph.D.,Yes,Yes,Yes,"$56,000 to $99,999",2,Middle class,A small city or town,99999,Somewhat disagree,Democrat,,Protestant,,7 Strongly agree,7 Strongly agree,3,7 Strongly agree,7 Strongly agree,2,attention,70,No,15
pid_1325,18-29,Male,,1998,White / Caucasian,,Bachelor's degree,Yes,Yes,Yes,"$56,000 to $99,999",4,Middle class,A suburb near a large city,99999,Somewhat disagree,Republican,,Catholic,,7 Strongly agree,7 Strongly agree,3,7 Strongly agree,7 Strongly agree,1 Strongly disagree,attention,85,No,85
pid_1326,30-44,Female,,1985,Asian / Asian-American,,Doctorate degree / Ph.D.,Yes,Yes,Yes,"$56,000 to $99,999",3,Middle class,A large city,99999,Somewhat disagree,Democrat,,I am not religious,,6,6,3,6,6,2,attention,70,,
pid_1327,60+,Female,,1965,White / Caucasian,,Doctorate degree / Ph.D.,Yes,Yes,Yes,"Less than $30,000",1,Working class,A small city or town,99999,Somewhat disagree,Democrat,,I am not religious,,6,6,3,6,7 Strongly agree,1 Strongly disagree,attention,85,,
pid_1328,60+,Male,,1965,Black / African-American,,Doctorate degree / Ph.D.,Yes,Yes,Yes,"$100,000 to $167,999",4,Middle class,A large city,10001,Somewhat disagree,Democrat,,I am not religious,,6,6,3,6,6,1 Strongly disagree,attention,75,,
pid_1329,18-29,Female,,2000,White / Caucasian,,High school diploma / GED,No,Yes,Not applicable,"$30,000 to $55,999",2,Working class,A small city or town,99999,Somewhat disagree,Independent,,Other religion (please specify),Other,6,6,4,6,6,2,attention,,,20
pid_1330,45-59,Female,,1970,White / Caucasian,,Some college or Associate's degree,Yes,Yes,Yes,"$56,000 to $99,999",1,Middle class,A large city,19103,Somewhat disagree,Independent,,Protestant,,7 Strongly agree,7 Strongly agree,4,7 Strongly agree,7 Strongly agree,1 Strongly disagree,attention,,No,20
pid_1331,60+,Female,,1955,White / Caucasian,,Doctorate degree / Ph.D.,Yes,Yes,Yes,"$30,000 to $55,999",1,Middle class,A small city or town,99999,Somewhat disagree,Independent,,I am not religious,,7 Strongly agree,7 Strongly agree,3,7 Strongly agree,7 Strongly agree,1 Strongly disagree,attention,,,
pid_1332,30-44,Male,,1985,Latino / Hispanic,,High school diploma / GED,No,Yes,Not applicable,"Less than $30,000",2,Working class,A large city,10001,Somewhat disagree,Democrat,,I am not religious,,6,6,4,6,6,2,attention,70,,
pid_1333,30-44,Female,,1985,Latino / Hispanic,,Bachelor's degree,No,Yes,Yes,"$56,000 to $99,999",2,Middle class,A suburb near a large city,99999,Somewhat disagree,Democrat,,I am not religious,,6,6,2,6,6,2,attention,80,,
pid_1334,18-29,Female,,1998,Other,,Doctorate degree / Ph.D.,Yes,Yes,Yes,"$56,000 to $99,999",2,Middle class,A small city or town,99999,Somewhat disagree,Democrat,,Protestant,,6,6,4,6,6,2,attention,85,No,45
pid_1335,30-44,Female,,1985,White / Caucasian,,Bachelor's degree,No,Yes,Yes,"$30,000 to $55,999",4,Middle class,A suburb near a large city,99999,Somewhat disagree,Democrat,,I am not religious,,6,6,3,6,6,2,attention,65,,
pid_1336,60+,Female,,1965,White / Caucasian,,Bachelor's degree,No,Yes,Yes,"$100,000 to $167,999",2,Middle class,A suburb near a large city,99999,Somewhat disagree,Republican,,Protestant,,5,5,4,5,6,2,attention,70,No,25
pid_1337,30-44,Female,,1985,White / Caucasian,,Bachelor's degree,No,Yes,Yes,"$30,000 to $55,999",2,Working class,A small city or town,99999,Somewhat disagree,Democrat,,I am not religious,,6,6,3,6,6,1 Strongly disagree,attention,75,,
pid_1338,18-29,Male,,1998,White / Caucasian,,Bachelor's degree,No,Yes,Yes,"$30,000 to $55,999",2,Middle class,A small city or town,99999,Somewhat disagree,Other (please specify),,I am not religious,,6,6,2,6,6,1 Strongly disagree,attention,,,
pid_1339,60+,Female,,1965,White / Caucasian,,Some college or Associate's degree,No,Yes,Yes,"Less than $30,000",1,Working class,A small city or town,99999,Somewhat disagree,Independent,,Other religion (please specify),Spiritual but not religious,6,6,3,6,7 Strongly agree,1 Strongly disagree,attention,,,15
pid_1340,30-44,Male,,1985,White / Caucasian,,Bachelor's degree,Yes,Yes,Yes,"$100,000 to $167,999",3,Middle class,A suburb near a large city,99999,Somewhat disagree,Democrat,,I am not religious,,6,6,3,6,6,1 Strongly disagree,attention,70,,
pid_1341,45-59,Male,,1980,White / Caucasian,,Some college or Associate's degree,Yes,Yes,Yes,"$168,000 or more",2,Middle class,A suburb near a large city,99999,Somewhat disagree,Democrat,,I am not religious,,6,6,4,6,6,1 Strongly disagree,attention,70,,
pid_1342,60+,Male,,1958,White / Caucasian,,Bachelor's degree,No,Yes,Yes,"$56,000 to $99,999",3,Middle class,A small city or town,99999,Somewhat disagree,Democrat,,I am not religious,,6,6,4,6,6,1 Strongly disagree,attention,70,,
pid_1343,45-59,Male,,1980,White / Caucasian,,Bachelor's degree,Yes,Yes,Yes,"$100,000 to $167,999",4,Middle class,A suburb near a large city,99999,Somewhat disagree,Independent,,Catholic,,6,6,4,6,6,2,attention,,No,35
pid_1344,30-44,Female,,1985,White / Caucasian,,Some college or Associate's degree,No,Yes,Yes,"$100,000 to $167,999",2,Middle class,A suburb near a large city,99999,Somewhat disagree,Republican,,I am not religious,,7 Strongly agree,7 Strongly agree,3,6,7 Strongly agree,1 Strongly disagree,attention,70,,
pid_1345,18-29,Male,,2000,Asian / Asian-American,,Bachelor's degree,No,Yes,Yes,"$168,000 or more",3,Upper class,A large city,99999,Somewhat disagree,Democrat,,I am not religious,,6,6,3,6,7 Strongly agree,1 Strongly disagree,attention,75,,
pid_1346,60+,Male,,1965,White / Caucasian,,Bachelor's degree,No,Yes,Yes,"$100,000 to $167,999",2,Middle class,A small city or town,99999,Somewhat disagree,Independent,,Protestant,,7 Strongly agree,7 Strongly agree,2,7 Strongly agree,7 Strongly agree,1 Strongly disagree,attention,,No,20
pid_1347,45-59,Male,,1968,Asian / Asian-American,,Bachelor's degree,Yes,Yes,Yes,"$56,000 to $99,999",1,Middle class,A small city or town,99999,Somewhat disagree,Independent,,I am not religious,,6,6,3,6,6,1 Strongly disagree,attention,,,
pid_1348,60+,Female,,1965,White / Caucasian,,Bachelor's degree,Yes,Yes,Yes,"$56,000 to $99,999",1,Middle class,A small city or town,99999,Somewhat disagree,Democrat,,I am not religious,,7 Strongly agree,7 Strongly agree,2,7 Strongly agree,7 Strongly agree,1 Strongly disagree,attention,70,,
pid_1349,60+,Female,,1955,White / Caucasian,,Bachelor's degree,No,Yes,Yes,"$100,000 to $167,999",4,Middle class,A small city or town,99999,Somewhat disagree,Republican,,Protestant,,6,6,3,5,6,5,attention,80,Yes,90
pid_1350,30-44,Male,,1984,Asian / Asian-American,,Bachelor's degree,No,Yes,Yes,"$100,000 to $167,999",2,Middle class,A suburb near a large city,99999,Somewhat disagree,Democrat,,Catholic,,5,5,3,5,5,2,attention,75,No,15
pid_1351,18-29,Male,,2000,White / Caucasian,,Bachelor's degree,Yes,Yes,Yes,"$30,000 to $55,999",2,Middle class,A small city or town,99999,Somewhat disagree,Republican,,Protestant,,5,5,3,5,5,5,attention,75,Yes,75
pid_1352,30-44,Male,,1985,White / Caucasian,,Some college or Associate's degree,Yes,Yes,Yes,"Less than $30,000",2,Working class,A small city or town,99999,Somewhat disagree,Other (please specify),Something else,I am not religious,,5,5,2,5,6,1 Strongly disagree,attention,,,
pid_1353,45-59,Female,,1970,White / Caucasian,,Bachelor's degree,No,Yes,Yes,"$56,000 to $99,999",2,Middle class,A suburb near a large city,99999,Somewhat disagree,Independent,,I am not religious,,6,6,3,6,7 Strongly agree,1 Strongly disagree,attention,,,
pid_1354,60+,Female,,1963,White / Caucasian,,Some college or Associate's degree,No,Yes,Yes,"Less than $30,000",1,Working class,A small city or town,99999,Somewhat disagree,Republican,,Protestant,,6,6,3,6,6,2,attention,75,Yes,75
pid_1355,30-44,Male,,1985,White / Caucasian,,High school diploma / GED,No,Yes,Not applicable,"$30,000 to $55,999",2,Working class,A small city or town,99999,Somewhat disagree,Democrat,,I am not religious,,6,6,2,6,6,1 Strongly disagree,attention,65,,
pid_1356,60+,Male,,1965,White / Caucasian,,Some college or Associate's degree,Yes,Yes,Yes,"Less than $30,000",1,Working class,A small city or town,99999,Somewhat disagree,Democrat,,I am not religious,,6,6,3,6,6,1 Strongly disagree,attention,70,,
pid_1357,30-44,Male,,1985,White / Caucasian,,High school diploma / GED,No,Yes,Not applicable,"$30,000 to $55,999",2,Working class,A small city or town,99999,Somewhat disagree,Democrat,,I am not religious,,6,6,3,6,6,2,attention,75,,
pid_1358,60+,Female,,1966,White / Caucasian,,Bachelor's degree,No,Yes,Yes,"$100,000 to $167,999",3,Middle class,A small city or town,99999,Somewhat disagree,Democrat,,Protestant,,6,6,4,6,6,2,attention,60,No,35
pid_1359,60+,Male,,1965,White / Caucasian,,Some college or Associate's degree,No,Yes,Yes,"$56,000 to $99,999",4,Middle class,A small city or town,99999,Somewhat disagree,Republican,,I am not religious,,6,6,5,6,7 Strongly agree,1 Strongly disagree,attention,70,,
pid_1360,60+,Female,,1965,Other,,Doctorate degree / Ph.D.,Yes,Yes,Yes,"Less than $30,000",2,Middle class,A small city or town,99999,Somewhat disagree,Independent,,Protestant,,6,6,5,6,6,2,attention,,No,30
pid_1361,45-59,Male,,1968,Asian / Asian-American,,Some college or Associate's degree,No,Yes,Yes,"Less than $30,000",1,Working class,A small city or town,99999,Somewhat disagree,Other (please specify),Something else,I am not religious,,6,6,3,6,6,1 Strongly disagree,attention,,,
pid_1362,18-29,Male,,2000,White / Caucasian,,Some college or Associate's degree,Yes,Yes,Yes,"$56,000 to $99,999",3,Middle class,A small city or town,99999,Somewhat disagree,Democrat,,I am not religious,,6,6,3,6,6,1 Strongly disagree,attention,80,,
pid_1363,60+,Female,,1965,White / Caucasian,,High school diploma / GED,Yes,Yes,Not applicable,"$56,000 to $99,999",2,Middle class,A small city or town,99999,Somewhat disagree,Democrat,,I am not religious,,6,6,3,6,6,2,attention,70,,
pid_1364,60+,Male,,1945,White / Caucasian,,Doctorate degree / Ph.D.,No,Yes,Yes,"$56,000 to $99,999",2,Middle class,A small city or town,99999,Somewhat disagree,Democrat,,Catholic,,6,6,3,6,6,1 Strongly disagree,attention,35,No,55
pid_1365,18-29,Female,,1998,White / Caucasian,,Doctorate degree / Ph.D.,Yes,Yes,Yes,"$100,000 to $167,999",2,Middle class,A suburb near a large city,99999,Somewhat disagree,Democrat,,I am not religious,,5,5,3,5,6,2,attention,80,,
pid_1366,60+,Male,,1948,White / Caucasian,,High school diploma / GED,Yes,Yes,Not applicable,"Less than $30,000",1,Working class,A small city or town,99999,Somewhat disagree,Republican,,I am not religious,,6,6,4,6,6,2,attention,70,,
pid_1367,18-29,Female,,2000,White / Caucasian,,Some college or Associate's degree,Yes,Yes,Yes,"$30,000 to $55,999",4,Middle class,A small city or town,99999,Somewhat disagree,Democrat,,Catholic,,6,6,4,6,6,1 Strongly disagree,attention,80,No,35
pid_1368,30-44,Male,,1985,White / Caucasian,,Some college or Associate's degree,No,Yes,No,"$30,000 to $55,999",3,Working class,A small city or town,99999,Somewhat disagree,Other (please specify),Something else,I am not religious,,6,6,4,5,6,2,attention,,,
pid_1369,60+,Male,,1965,White / Caucasian,,Bachelor's degree,No,Yes,Yes,"$100,000 to $167,999",2,Middle class,A suburb near a large city,99999,Somewhat disagree,Republican,,Catholic,,6,6,5,6,6,5,attention,70,No,25
pid_1370,45-59,Female,,1968,White / Caucasian,,Some college or Associate's degree,Yes,Yes,Yes,"Less than $30,000",1,Working class,A small city or town,99999,Somewhat disagree,Republican,,I am not religious,,6,6,3,6,6,2,attention,65,,
pid_1371,45-59,Female,,1980,White / Caucasian,,Some college or Associate's degree,No,Yes,Yes,"$100,000 to $167,999",4,Middle class,A suburb near a large city,99999,Somewhat disagree,Democrat,,Catholic,,6,6,3,6,6,2,attention,70,No,45
pid_1372,45-59,Female,,1980,White / Caucasian,,Bachelor's degree,No,Yes,Yes,"$168,000 or more",2,Middle class,A suburb near a large city,99999,Somewhat disagree,Independent,,Catholic,,6,6,3,6,6,1 Strongly disagree,attention,,No,35
pid_1373,30-44,Male,,1985,White / Caucasian,,High school diploma / GED,Yes,Yes,Not applicable,"$56,000 to $99,999",2,Working class,A small city or town,99999,Somewhat disagree,Independent,,I am not religious,,6,6,3,6,7 Strongly agree,1 Strongly disagree,attention,,,
pid_1374,60+,Female,,1963,White / Caucasian,,Some college or Associate's degree,Yes,Yes,No,"Less than $30,000",4,Working class,A small city or town,99999,Somewhat disagree,Republican,,Catholic,,6,6,4,6,6,2,attention,65,No,45
pid_1375,60+,Female,,1965,Black / African-American,,Bachelor's degree,No,Yes,Yes,"Less than $30,000",2,Working class,A large city,19104,Somewhat disagree,Democrat,,Catholic,,6,6,5,6,6,2,attention,75,No,20
pid_1376,60+,Female,,1945,White / Caucasian,,Master's degree / Professional degree,Yes,Yes,Yes,"Less than $30,000",1,Working class,A small city or town,99999,Somewhat disagree,Democrat,,I am not religious,,7 Strongly agree,7 Strongly agree,2,7 Strongly agree,7 Strongly agree,1 Strongly disagree,attention,70,,
pid_1377,60+,Male,,1965,White / Caucasian,,Bachelor's degree,No,Yes,Yes,"$56,000 to $99,999",3,Middle class,A small city or town,99999,Somewhat disagree,Democrat,,Protestant,,6,6,4,6,6,2,attention,70,No,35
pid_1378,60+,Male,,1965,White / Caucasian,,Some college or Associate's degree,Yes,Yes,Yes,"$56,000 to $99,999",4,Middle class,A small city or town,99999,Somewhat disagree,Republican,,Catholic,,6,6,5,6,6,2,attention,85,No,30
pid_1379,30-44,Female,,1985,White / Caucasian,,Bachelor's degree,Yes,Yes,Yes,"$100,000 to $167,999",3,Middle class,A suburb near a large city,99999,Somewhat disagree,Democrat,,I am not religious,,6,6,2,6,6,1 Strongly disagree,attention,85,,
pid_1380,30-44,Female,,1985,White / Caucasian,,Doctorate degree / Ph.D.,No,Yes,Yes,"$100,000 to $167,999",1,Upper class,A suburb near a large city,10001,Somewhat disagree,Democrat,,I am not religious,,6,6,3,6,6,1 Strongly disagree,attention,75,,
pid_1381,18-29,Female,,1998,White / Caucasian,,Bachelor's degree,No,Yes,Yes,"$168,000 or more",4,Upper class,A suburb near a large city,99999,Somewhat disagree,Independent,,Mormon,,6,6,3,6,6,2,attention,,No,85
pid_1382,18-29,Female,,2000,White / Caucasian,,High school diploma / GED,Yes,Yes,Not applicable,"Less than $30,000",3,Working class,A small city or town,99999,Somewhat disagree,Other (please specify),Something else,I am not religious,,7 Strongly agree,7 Strongly agree,3,7 Strongly agree,7 Strongly agree,1 Strongly disagree,attention,,,
pid_1383,18-29,Female,,2000,Other,Multiracial,Bachelor's degree,No,Yes,Yes,"$30,000 to $55,999",3,Middle class,A suburb near a large city,99999,Somewhat disagree,Democrat,,I am not religious,,6,6,3,6,6,1 Strongly disagree,attention,75,,
pid_1384,60+,Female,,1965,White / Caucasian,,Bachelor's degree,Yes,Yes,Yes,"$100,000 to $167,999",2,Middle class,A suburb near a large city,99999,Somewhat disagree,Republican,,Catholic,,6,6,3,6,6,2,attention,70,No,75
pid_1385,60+,Male,,1955,White / Caucasian,,Doctorate degree / Ph.D.,Yes,Yes,Yes,"$30,000 to $55,999",1,Middle class,A small city or town,99999,Somewhat disagree,Other (please specify),Something else,Buddhist,,6,6,3,6,6,1 Strongly disagree,attention,,,30
pid_1386,30-44,Male,,1985,Latino / Hispanic,,Some college or Associate's degree,No,Yes,No,"$100,000 to $167,999",4,Middle class,A suburb near a large city,99999,Somewhat disagree,Independent,,Muslim,,6,6,3,6,6,2,attention,,,75
pid_1387,18-29,Female,,2000,White / Caucasian,,High school diploma / GED,No,Yes,Not applicable,"Less than $30,000",3,Working class,A small city or town,99999,Somewhat disagree,Independent,,Other religion (please specify),Non-denominational Christian,6,6,4,6,6,2,attention,,,80
pid_1388,30-44,Male,,1985,Black / African-American,,Some college or Associate's degree,No,Yes,Yes,"$100,000 to $167,999",3,Middle class,A large city,99999,Somewhat disagree,Republican,,Catholic,,7 Strongly agree,7 Strongly agree,3,7 Strongly agree,7 Strongly agree,1 Strongly disagree,attention,20,No,10
pid_1389,60+,Female,,1948,White / Caucasian,,Some college or Associate's degree,No,Yes,No,"Less than $30,000",1,Working class,A small city or town,99999,Somewhat disagree,Democrat,,Other religion (please specify),Spiritual but not religious,7 Strongly agree,7 Strongly agree,3,6,7 Strongly agree,1 Strongly disagree,attention,85,,20
pid_1390,45-59,Female,,1968,White / Caucasian,,Bachelor's degree,Yes,Yes,Yes,"$56,000 to $99,999",2,Middle class,A suburb near a large city,99999,Somewhat disagree,Democrat,,I am not religious,,6,6,3,6,6,1 Strongly disagree,attention,75,,
pid_1391,45-59,Female,,1980,White / Caucasian,,Doctorate degree / Ph.D.,Yes,Yes,Yes,"$100,000 to $167,999",4,Upper class,A suburb near a large city,99999,Somewhat disagree,Republican,,Protestant,,6,6,2,6,6,2,attention,90,Yes,85
pid_1392,60+,Female,,1948,White / Caucasian,,Doctorate degree / Ph.D.,Yes,Yes,Yes,"$168,000 or more",3,Upper class,A small city or town,99999,Somewhat disagree,Independent,,I am not religious,,6,6,3,6,6,2,attention,,,
pid_1393,45-59,Male,,1968,Other,Other,Bachelor's degree,Yes,Yes,Yes,"$56,000 to $99,999",6 or more,Middle class,A small city or town,99999,Somewhat disagree,Independent,,Other religion (please specify),Spiritual but not affiliated with a specific religion,6,6,4,6,6,2,attention,,,55
pid_1394,30-44,Male,,1982,White / Caucasian,,Bachelor's degree,No,Yes,Yes,"$56,000 to $99,999",4,Middle class,A suburb near a large city,99999,Somewhat disagree,Republican,,Protestant,,6,6,4,6,6,2,attention,75,Yes,75
pid_1396,30-44,Male,,1985,White / Caucasian,,Bachelor's degree,No,Yes,Yes,"$56,000 to $99,999",1,Middle class,A small city or town,99999,Somewhat disagree,Republican,,I am not religious,,5,5,3,5,5,2,attention,65,,
pid_1397,60+,Female,,1948,White / Caucasian,,High school diploma / GED,Yes,Yes,Not applicable,"$30,000 to $55,999",1,Working class,A small city or town,99999,Somewhat disagree,Democrat,,Protestant,,6,6,4,6,6,2,attention,65,No,35
pid_1398,60+,Female,,1965,Black / African-American,,Some college or Associate's degree,Yes,Yes,No,"$56,000 to $99,999",4,Middle class,A small city or town,99999,Somewhat disagree,Independent,,Protestant,,6,6,4,6,6,2,attention,,No,55
pid_1399,60+,Male,,1948,Black / African-American,,Some college or Associate's degree,No,Yes,Yes,"Less than $30,000",1,Working class,A small city or town,99999,Somewhat disagree,Independent,,Other religion (please specify),Other,6,6,4,6,6,2,attention,,,60
pid_1400,18-29,Female,,2000,White / Caucasian,,Some college or Associate's degree,Yes,Yes,Yes,"$100,000 to $167,999",6 or more,Middle class,A small city or town,99999,Somewhat disagree,Independent,,I am not religious,,6,6,3,6,6,2,attention,,,
pid_1401,60+,Female,,1965,White / Caucasian,,Less than high school,Yes,No,Not applicable,"Less than $30,000",2,Working class,A small city or town,99999,Somewhat disagree,Independent,,Protestant,,6,6,5,6,6,2,attention,,No,25
pid_1402,60+,Male,,1948,White / Caucasian,,Bachelor's degree,Yes,Yes,Yes,"$56,000 to $99,999",2,Middle class,A small city or town,99999,Somewhat disagree,Independent,,I am not religious,,6,6,4,6,6,1 Strongly disagree,attention,,,
pid_1403,30-44,Female,,1985,Black / African-American,,Bachelor's degree,No,Yes,Yes,"$30,000 to $55,999",1,Middle class,A large city,99999,Somewhat disagree,Democrat,,Protestant,,6,6,3,6,6,2,attention,75,No,40
pid_1404,18-29,Male,,2000,Other,Other,High school diploma / GED,Yes,Yes,No,"$100,000 to $167,999",4,Middle class,A small city or town,99999,Somewhat disagree,Independent,,Protestant,,6,6,3,6,6,1 Strongly disagree,attention,,Yes,85
pid_1405,45-59,Male,,1980,White / Caucasian,,Bachelor's degree,Yes,Yes,Yes,"$56,000 to $99,999",3,Middle class,A suburb near a large city,99999,Somewhat disagree,Democrat,,Protestant,,7 Strongly agree,7 Strongly agree,4,6,7 Strongly agree,1 Strongly disagree,attention,70,No,70
pid_1406,18-29,Male,,2000,White / Caucasian,,Some college or Associate's degree,Yes,Yes,No,"$100,000 to $167,999",4,Middle class,A small city or town,99999,Somewhat disagree,Independent,,I am not religious,,6,6,3,6,7 Strongly agree,1 Strongly disagree,attention,,,
pid_1407,30-44,Male,,1985,White / Caucasian,,Bachelor's degree,No,Yes,Yes,"$56,000 to $99,999",2,Middle class,A small city or town,99999,Somewhat disagree,Democrat,,I am not religious,,6,6,3,6,6,1 Strongly disagree,attention,65,,
pid_1408,45-59,Male,,1968,White / Caucasian,,Bachelor's degree,Yes,Yes,Yes,"$100,000 to $167,999",3,Middle class,A suburb near a large city,99999,Somewhat disagree,Democrat,,I am not religious,,6,6,3,6,6,2,attention,75,,
pid_1409,18-29,Male,,1998,Black / African-American,,Bachelor's degree,No,Yes,Yes,"Less than $30,000",1,Working class,A large city,99999,Somewhat disagree,Democrat,,I am not religious,,6,6,3,6,7 Strongly agree,1 Strongly disagree,attention,75,,
pid_1411,60+,Female,,1955,White / Caucasian,,Some college or Associate's degree,Yes,Yes,Yes,"Less than $30,000",1,Working class,A small city or town,99999,Somewhat disagree,Democrat,,Protestant,,6,6,5,6,6,1 Strongly disagree,attention,80,No,15
pid_1412,30-44,Female,,1985,White / Caucasian,,Bachelor's degree,No,Yes,Yes,"$30,000 to $55,999",3,Middle class,A small city or town,99999,Somewhat disagree,Democrat,,I am not religious,,6,6,3,6,6,1 Strongly disagree,attention,75,,
pid_1413,30-44,Male,,1985,White / Caucasian,,Bachelor's degree,No,Yes,Yes,"$30,000 to $55,999",1,Middle class,A small city or town,99999,Somewhat disagree,Republican,,I am not religious,,6,6,4,6,6,2,attention,70,,
pid_1414,60+,Female,,1965,Asian / Asian-American,,Doctorate degree / Ph.D.,Yes,Yes,Yes,"$100,000 to $167,999",4,Middle class,A suburb near a large city,99999,Somewhat disagree,Republican,,Protestant,,6,6,2,6,6,2,attention,65,Yes,70
pid_1415,18-29,Male,,2000,Black / African-American,,High school diploma / GED,Yes,Yes,Not applicable,"$56,000 to $99,999",3,Middle class,A large city,99999,Somewhat disagree,Independent,,Protestant,,6,6,5,6,6,2,attention,,No,35
pid_1416,45-59,Male,,1980,White / Caucasian,,Bachelor's degree,No,Yes,Yes,"$100,000 to $167,999",6 or more,Upper class,A suburb near a large city,99999,Somewhat disagree,Republican,,Hindu,,6,6,3,6,6,2,attention,90,,85
pid_1417,30-44,Female,,1984,White / Caucasian,,Some college or Associate's degree,No,Yes,Yes,"$100,000 to $167,999",2,Middle class,A suburb near a large city,99999,Somewhat disagree,Democrat,,Catholic,,6,6,3,5,6,2,attention,70,No,20
pid_1418,45-59,Female,,1980,White / Caucasian,,Bachelor's degree,No,Yes,Yes,"$100,000 to $167,999",3,Middle class,A suburb near a large city,99999,Somewhat disagree,Independent,,I am not religious,,6,6,3,6,6,1 Strongly disagree,attention,,,
pid_1419,18-29,Female,,2000,White / Caucasian,,High school diploma / GED,Yes,Yes,Not applicable,"$56,000 to $99,999",2,Middle class,A small city or town,99999,Somewhat disagree,Other (please specify),,I am not religious,,6,6,3,6,6,2,attention,,,
pid_1420,45-59,Female,,1980,White / Caucasian,,Some college or Associate's degree,Yes,Yes,Yes,"$168,000 or more",2,Middle class,A suburb near a large city,99999,Somewhat disagree,Independent,,Protestant,,6,6,3,6,6,2,attention,,Yes,85
pid_1421,60+,Male,,1965,White / Caucasian,,Bachelor's degree,No,Yes,Yes,"$100,000 to $167,999",2,Middle class,A small city or town,99999,Somewhat disagree,Independent,,Protestant,,6,6,2,6,6,1 Strongly disagree,attention,,No,35
pid_1422,60+,Female,,1948,Other,Other,Some college or Associate's degree,Yes,Yes,Yes,"Less than $30,000",2,Working class,A small city or town,99999,Somewhat disagree,Independent,,Other religion (please specify),Other,6,6,3,6,6,2,attention,,,55
pid_1423,60+,Male,,1965,White / Caucasian,,Some college or Associate's degree,Yes,Yes,Yes,"$56,000 to $99,999",4,Middle class,A small city or town,99999,Somewhat disagree,Republican,,Protestant,,6,6,4,6,6,2,attention,80,Yes,90
pid_1424,30-44,Female,,1985,White / Caucasian,,Some college or Associate's degree,No,Yes,Yes,"$100,000 to $167,999",4,Middle class,A suburb near a large city,99999,Somewhat disagree,Independent,,I am not religious,,6,6,2,6,6,1 Strongly disagree,attention,,,
pid_1425,45-59,Female,,1968,White / Caucasian,,Bachelor's degree,Yes,Yes,Yes,"$100,000 to $167,999",2,Middle class,A large city,99999,Somewhat disagree,Democrat,,I am not religious,,6,7 Strongly agree,3,6,7 Strongly agree,1 Strongly disagree,attention,70,,
pid_1426,30-44,Male,,1985,White / Caucasian,,Some college or Associate's degree,Yes,Yes,No,"$30,000 to $55,999",3,Working class,A small city or town,99999,Somewhat disagree,Independent,,Protestant,,6,6,5,6,6,2,attention,,No,15
pid_1427,60+,Female,,1948,White / Caucasian,,High school diploma / GED,Yes,Yes,Not applicable,"$30,000 to $55,999",1,Working class,A small city or town,99999,Somewhat disagree,Democrat,,I am not religious,,6,6,3,6,6,1 Strongly disagree,attention,65,,
pid_1428,60+,Female,,1948,Black / African-American,,High school diploma / GED,No,Yes,Not applicable,"$56,000 to $99,999",6 or more,Working class,A small city or town,99999,Somewhat disagree,Democrat,,Protestant,,6,6,4,6,6,2,attention,70,Yes,70
pid_1429,18-29,Female,,1999,White / Caucasian,,Some college or Associate's degree,No,Yes,Yes,"$56,000 to $99,999",2,Middle class,A small city or town,99999,Somewhat disagree,Republican,,I am not religious,,6,6,3,6,6,2,attention,70,,
pid_1430,45-59,Female,,1980,White / Caucasian,,Bachelor's degree,Yes,Yes,Yes,"$30,000 to $55,999",2,Middle class,A suburb near a large city,99999,Somewhat disagree,Independent,,Protestant,,6,6,4,6,6,2,attention,,Yes,70
pid_1431,60+,Female,,1965,White / Caucasian,,Some college or Associate's degree,No,Yes,Yes,"$56,000 to $99,999",2,Middle class,A suburb near a large city,99999,Somewhat disagree,Independent,,Other religion (please specify),Spiritual but not religious,7 Strongly agree,7 Strongly agree,4,6,7 Strongly agree,1 Strongly disagree,attention,,,25
pid_1432,18-29,Female,,1999,White / Caucasian,,Bachelor's degree,Yes,Yes,Yes,"$56,000 to $99,999",4,Middle class,A suburb near a large city,99999,Somewhat disagree,Independent,,I am not religious,,6,6,3,6,6,1 Strongly disagree,attention,,,
pid_1433,18-29,Male,,2000,Latino / Hispanic,,High school diploma / GED,Yes,Yes,Not applicable,"$56,000 to $99,999",6 or more,Middle class,A small city or town,99999,Somewhat disagree,Independent,,Orthodox Christian,,6,6,4,6,6,2,attention,,No,45
pid_1434,30-44,Female,,1985,Asian / Asian-American,,Some college or Associate's degree,Yes,Yes,Yes,"$56,000 to $99,999",6 or more,Middle class,A suburb near a large city,99999,Somewhat disagree,Other (please specify),Something else,Other religion (please specify),Other Christian,6,6,3,6,6,2,attention,,,80
pid_1435,30-44,Female,,1985,Black / African-American,,Some college or Associate's degree,Yes,Yes,No,"$56,000 to $99,999",2,Middle class,A large city,99999,Somewhat disagree,Independent,,I am not religious,,6,6,3,6,6,1 Strongly disagree,attention,,,
pid_1436,18-29,Male,,2000,White / Caucasian,,High school diploma / GED,No,Yes,Not applicable,"$56,000 to $99,999",6 or more,Working class,A small city or town,99999,Somewhat disagree,Independent,,I am not religious,,5,5,4,5,5,2,attention,,,
pid_1437,60+,Female,,1965,White / Caucasian,,Bachelor's degree,Yes,Yes,Yes,"$56,000 to $99,999",2,Middle class,A small city or town,99999,Somewhat disagree,Democrat,,Protestant,,6,6,3,6,6,1 Strongly disagree,attention,70,No,45
pid_1438,30-44,Male,,1985,White / Caucasian,,Some college or Associate's degree,No,Yes,No,"$56,000 to $99,999",3,Middle class,A small city or town,99999,Somewhat disagree,Democrat,,I am not religious,,6,6,3,6,7 Strongly agree,1 Strongly disagree,attention,85,,
pid_1439,30-44,Male,,1985,Latino / Hispanic,,Bachelor's degree,No,Yes,Yes,"$168,000 or more",2,Middle class,A suburb near a large city,99999,Somewhat disagree,Democrat,,I am not religious,,6,6,3,6,6,1 Strongly disagree,attention,80,,
pid_1440,60+,Female,,1964,White / Caucasian,,Some college or Associate's degree,Yes,Yes,Yes,"$100,000 to $167,999",2,Middle class,A suburb near a large city,99999,Somewhat disagree,Independent,,I am not religious,,6,6,3,6,6,1 Strongly disagree,attention,,,
pid_1441,18-29,Male,,2000,Other,,Bachelor's degree,No,Yes,Yes,"$168,000 or more",4,Middle class,A suburb near a large city,99999,Somewhat disagree,Democrat,,Orthodox Christian,,6,6,5,6,6,1 Strongly disagree,attention,70,No,20
pid_1442,60+,Male,,1955,White / Caucasian,,Bachelor's degree,Yes,Yes,Yes,"$30,000 to $55,999",2,Middle class,A small city or town,99999,Somewhat disagree,Republican,,Catholic,,6,6,3,6,6,2,attention,75,No,75
pid_1443,30-44,Female,,1985,White / Caucasian,,Some college or Associate's degree,No,Yes,Yes,"Less than $30,000",1,Working class,A small city or town,99999,Somewhat disagree,Independent,,I am not religious,,6,6,2,6,7 Strongly agree,1 Strongly disagree,attention,,,
pid_1444,30-44,Male,,1985,Asian / Asian-American,,Bachelor's degree,Yes,Yes,Yes,"$100,000 to $167,999",4,Middle class,A suburb near a large city,99999,Somewhat disagree,Independent,,Muslim,,6,6,3,6,6,2,attention,,,80
pid_1445,18-29,Female,,2000,White / Caucasian,,Some college or Associate's degree,Yes,Yes,Yes,"$56,000 to $99,999",2,Middle class,A suburb near a large city,99999,Somewhat disagree,Republican,,Catholic,,6,6,3,6,6,2,attention,60,No,50
pid_1446,30-44,Female,,1985,White / Caucasian,,Bachelor's degree,Yes,Yes,Yes,"$30,000 to $55,999",1,Middle class,A small city or town,99999,Somewhat disagree,Democrat,,I am not religious,,6,6,4,6,6,2,attention,70,,
pid_1447,18-29,Female,,1999,Black / African-American,,Bachelor's degree,Yes,Yes,Yes,"$30,000 to $55,999",2,Working class,A large city,99999,Somewhat disagree,Independent,,I am not religious,,6,6,3,6,6,2,attention,,,
pid_1448,18-29,Male,,2000,White / Caucasian,,Bachelor's degree,Yes,Yes,Yes,"$30,000 to $55,999",3,Middle class,A small city or town,99999,Somewhat disagree,Democrat,,I am not religious,,6,6,3,6,6,1 Strongly disagree,attention,65,,
pid_1449,18-29,Female,,2000,Latino / Hispanic,,Some college or Associate's degree,No,Yes,Yes,"$56,000 to $99,999",6 or more,Middle class,A small city or town,99999,Somewhat disagree,Democrat,,I am not religious,,6,6,4,6,6,2,attention,90,,
pid_1450,30-44,Male,,1985,White / Caucasian,,Some college or Associate's degree,No,Yes,Yes,"$30,000 to $55,999",4,Working class,A large city,10001,Somewhat disagree,Independent,,I am not religious,,6,6,3,6,6,2,attention,,,
pid_1451,60+,Male,,1965,Latino / Hispanic,,High school diploma / GED,No,Yes,Not applicable,"$56,000 to $99,999",4,Middle class,A suburb near a large city,99999,Somewhat disagree,Democrat,,Catholic,,6,6,5,6,6,1 Strongly disagree,attention,80,No,35
pid_1452,45-59,Male,,1980,White / Caucasian,,Some college or Associate's degree,Yes,Yes,Yes,"$100,000 to $167,999",3,Middle class,A suburb near a large city,99999,Somewhat disagree,Democrat,,I am not religious,,6,6,4,6,6,2,attention,70,,
pid_1453,60+,Female,,1965,White / Caucasian,,Some college or Associate's degree,No,Yes,No,"$30,000 to $55,999",2,Working class,A small city or town,99999,Somewhat disagree,Republican,,Protestant,,6,6,4,6,6,2,attention,75,Yes,75
pid_1454,18-29,Female,,2000,White / Caucasian,,Some college or Associate's degree,No,Yes,Yes,"$168,000 or more",4,Upper class,A suburb near a large city,99999,Somewhat disagree,Republican,,I am not religious,,6,6,3,6,7 Strongly agree,1 Strongly disagree,attention,65,,
pid_1455,18-29,Female,,2000,Black / African-American,,Bachelor's degree,Yes,Yes,Yes,"Less than $30,000",1,Working class,A suburb near a large city,99999,Somewhat disagree,Democrat,,Other religion (please specify),Spiritual but not religious,6,6,4,6,6,1 Strongly disagree,attention,70,,20
pid_1456,30-44,Male,,1985,Black / African-American,,High school diploma / GED,No,Yes,Not applicable,"$30,000 to $55,999",1,Working class,A small city or town,99999,Somewhat disagree,Republican,,Protestant,,6,6,3,6,6,2,attention,70,Yes,70
pid_1457,60+,Female,,1965,White / Caucasian,,Master's degree / Professional degree,No,Yes,Yes,"$100,000 to $167,999",2,Middle class,A suburb near a large city,99999,Somewhat disagree,Democrat,,I am not religious,,6,6,3,6,6,2,attention,70,,
pid_1458,60+,Male,,1958,White / Caucasian,,Doctorate degree / Ph.D.,Yes,Yes,Yes,"$168,000 or more",6 or more,Upper class,A suburb near a large city,99999,Somewhat disagree,Independent,,Protestant,,6,6,4,6,6,1 Strongly disagree,attention,,Yes,85
pid_1459,18-29,Male,,1998,White / Caucasian,,Some college or Associate's degree,Yes,Yes,Yes,"$30,000 to $55,999",2,Working class,A small city or town,99999,Somewhat disagree,Independent,,I am not religious,,6,6,3,6,6,1 Strongly disagree,attention,,,
pid_1460,18-29,Male,,1999,White / Caucasian,,Bachelor's degree,Yes,Yes,Yes,"$30,000 to $55,999",4,Middle class,A suburb near a large city,99999,Somewhat disagree,Republican,,Catholic,,6,6,3,6,6,2,attention,70,No,65
pid_1461,30-44,Female,,1985,White / Caucasian,,Bachelor's degree,No,Yes,Yes,"Less than $30,000",2,Working class,A suburb near a large city,99999,Somewhat disagree,Democrat,,I am not religious,,7 Strongly agree,7 Strongly agree,3,7 Strongly agree,7 Strongly agree,1 Strongly disagree,attention,75,,
pid_1462,45-59,Female,,1980,White / Caucasian,,Some college or Associate's degree,No,Yes,Yes,"$56,000 to $99,999",4,Middle class,A small city or town,99999,Somewhat disagree,Republican,,Protestant,,6,6,2,6,6,2,attention,75,Yes,55
pid_1463,30-44,Male,,1985,Black / African-American,,Some college or Associate's degree,Yes,Yes,Yes,"Less than $30,000",2,Working class,A small city or town,99999,Somewhat disagree,Democrat,,I am not religious,,6,6,3,6,6,1 Strongly disagree,attention,75,,
pid_1464,60+,Male,,1945,White / Caucasian,,Some college or Associate's degree,Yes,Yes,No,"$30,000 to $55,999",1,Working class,A small city or town,99999,Somewhat disagree,Republican,,Protestant,,6,6,3,6,6,2,attention,75,Yes,90
pid_1465,18-29,Male,,1998,White / Caucasian,,Bachelor's degree,No,Yes,Yes,"$168,000 or more",2,Upper class,A suburb near a large city,90210,Somewhat disagree,Independent,,Jewish,,6,6,4,6,6,2,attention,,,15
pid_1467,60+,Male,,1948,White / Caucasian,,Bachelor's degree,No,Yes,Yes,"$30,000 to $55,999",1,Middle class,A small city or town,99999,Somewhat disagree,Independent,,Catholic,,6,6,3,6,6,1 Strongly disagree,attention,,No,20
pid_1468,30-44,Male,,1985,Latino / Hispanic,,Some college or Associate's degree,No,Yes,Yes,"$100,000 to $167,999",6 or more,Middle class,A suburb near a large city,99999,Somewhat disagree,Independent,,Catholic,,6,6,3,6,6,2,attention,,No,50
pid_1469,45-59,Male,,1980,Black / African-American,,Doctorate degree / Ph.D.,Yes,Yes,Yes,"$56,000 to $99,999",3,Middle class,A suburb near a large city,99999,Somewhat disagree,Democrat,,Catholic,,6,6,3,6,6,2,attention,25,No,75
pid_1470,45-59,Female,,1980,White / Caucasian,,Doctorate degree / Ph.D.,Yes,Yes,Yes,"$100,000 to $167,999",3,Middle class,A suburb near a large city,99999,Somewhat disagree,Democrat,,I am not religious,,6,6,3,6,7 Strongly agree,1 Strongly disagree,attention,80,,
pid_1471,30-44,Male,,1985,White / Caucasian,,High school diploma / GED,Yes,Yes,No,"$56,000 to $99,999",2,Middle class,A small city or town,99999,Somewhat disagree,Democrat,,I am not religious,,6,6,4,6,6,1 Strongly disagree,attention,75,,
pid_1472,30-44,Male,,1985,White / Caucasian,,High school diploma / GED,Yes,Yes,Not applicable,"Less than $30,000",2,Working class,A small city or town,99999,Somewhat disagree,Democrat,,Catholic,,7 Strongly agree,7 Strongly agree,3,6,7 Strongly agree,1 Strongly disagree,attention,75,No,35
pid_1473,30-44,Female,,1985,Black / African-American,,Some college or Associate's degree,No,Yes,Yes,"$30,000 to $55,999",6 or more,Working class,A small city or town,99999,Somewhat disagree,Independent,,I am not religious,,6,6,3,6,6,1 Strongly disagree,attention,,,
pid_1474,45-59,Female,,1980,White / Caucasian,,High school diploma / GED,Yes,Yes,Not applicable,"$56,000 to $99,999",6 or more,Middle class,A small city or town,99999,Somewhat disagree,Democrat,,I am not religious,,6,6,2,6,6,1 Strongly disagree,attention,70,,
pid_1475,18-29,Female,,2000,Black / African-American,,Some college or Associate's degree,Yes,Yes,Yes,"$30,000 to $55,999",3,Working class,A small city or town,99999,Somewhat disagree,Democrat,,I am not religious,,6,6,5,6,7 Strongly agree,2,attention,75,,
pid_1476,30-44,Female,,1985,Black / African-American,,High school diploma / GED,Yes,Yes,Not applicable,"$30,000 to $55,999",3,Working class,A suburb near a large city,99999,Somewhat disagree,Democrat,,Other religion (please specify),Spiritual but not religious,6,6,4,6,6,2,attention,75,,20
pid_1477,18-29,Male,,2000,Latino / Hispanic,,Some college or Associate's degree,Yes,Yes,Yes,"$56,000 to $99,999",2,Middle class,A small city or town,99999,Somewhat disagree,Independent,,I am not religious,,6,6,3,6,6,2,attention,,,
pid_1478,60+,Male,,1965,White / Caucasian,,Doctorate degree / Ph.D.,Yes,Yes,Yes,"$100,000 to $167,999",4,Middle class,A suburb near a large city,99999,Somewhat disagree,Democrat,,Catholic,,6,6,3,6,6,2,attention,70,No,85
pid_1479,30-44,Female,,1984,Black / African-American,,Some college or Associate's degree,No,Yes,Yes,"$56,000 to $99,999",6 or more,Middle class,A small city or town,99999,Somewhat disagree,Other (please specify),Something else,I am not religious,,7 Strongly agree,7 Strongly agree,3,7 Strongly agree,7 Strongly agree,1 Strongly disagree,attention,,,
pid_1480,60+,Male,,1955,White / Caucasian,,Bachelor's degree,No,Yes,Yes,"Less than $30,000",2,Working class,A small city or town,99999,Somewhat disagree,Other (please specify),,I am not religious,,6,6,4,6,6,2,attention,,,
pid_1481,45-59,Male,,1980,White / Caucasian,,Doctorate degree / Ph.D.,Yes,Yes,Yes,"$168,000 or more",6 or more,Upper class,A suburb near a large city,99999,Somewhat disagree,Republican,,Protestant,,7 Strongly agree,7 Strongly agree,4,7 Strongly agree,7 Strongly agree,1 Strongly disagree,attention,85,Yes,85
pid_1482,60+,Male,,1964,White / Caucasian,,Some college or Associate's degree,Yes,Yes,No,"Less than $30,000",1,Working class,A small city or town,99999,Somewhat disagree,Independent,,I am not religious,,6,6,4,6,6,2,attention,,,
pid_1483,60+,Female,,1965,White / Caucasian,,Some college or Associate's degree,No,Yes,Yes,"$56,000 to $99,999",3,Middle class,A small city or town,99999,Somewhat disagree,Independent,,Other religion (please specify),Spiritual but not affiliated with a specific religion,6,6,4,6,6,2,attention,,,25
pid_1485,45-59,Female,,1980,White / Caucasian,,High school diploma / GED,No,Yes,Not applicable,"Less than $30,000",4,Working class,A small city or town,99999,Somewhat disagree,Republican,,I am not religious,,5,5,3,5,6,2,attention,60,,
pid_1487,18-29,Female,,1999,White / Caucasian,,Bachelor's degree,No,Yes,Yes,"$30,000 to $55,999",6 or more,Middle class,A suburb near a large city,99999,Somewhat disagree,Republican,,Jewish,,6,6,4,6,6,2,attention,75,,35
pid_1488,60+,Male,,1965,Asian / Asian-American,,Bachelor's degree,No,Yes,Yes,"$30,000 to $55,999",1,Middle class,A suburb near a large city,99999,Somewhat disagree,Other (please specify),Progressive,I am not religious,,6,6,3,6,6,1 Strongly disagree,attention,,,
pid_1489,30-44,Male,,1984,White / Caucasian,,Some college or Associate's degree,Yes,Yes,Yes,"$56,000 to $99,999",3,Middle class,A small city or town,99999,Somewhat disagree,Republican,,Catholic,,6,6,4,6,6,2,attention,70,No,40
pid_1490,60+,Female,,1965,Black / African-American,,Some college or Associate's degree,Yes,Yes,No,"$30,000 to $55,999",1,Working class,A small city or town,99999,Somewhat disagree,Democrat,,Catholic,,6,6,4,6,6,1 Strongly disagree,attention,80,No,35
pid_1491,18-29,Male,,1999,White / Caucasian,,Bachelor's degree,Yes,Yes,Yes,"$56,000 to $99,999",2,Middle class,A suburb near a large city,99999,Somewhat disagree,Independent,,I am not religious,,6,6,3,6,6,2,attention,,,
pid_1492,30-44,Female,,1985,White / Caucasian,,Less than high school,Yes,Yes,Not applicable,"Less than $30,000",4,Working class,A small city or town,99999,Somewhat disagree,Democrat,,I am not religious,,6,6,3,6,6,2,attention,80,,
pid_1493,45-59,Female,,1980,Black / African-American,,Bachelor's degree,Yes,Yes,Yes,"$56,000 to $99,999",3,Middle class,A suburb near a large city,99999,Somewhat disagree,Democrat,,Protestant,,6,6,3,6,6,2,attention,75,No,30
pid_1494,60+,Female,,1965,White / Caucasian,,Some college or Associate's degree,No,Yes,Yes,"Less than $30,000",1,Working class,A small city or town,99999,Somewhat disagree,Independent,,I am not religious,,6,6,3,6,6,2,attention,,,
pid_1495,60+,Male,,1963,White / Caucasian,,Some college or Associate's degree,Yes,Yes,No,"$100,000 to $167,999",2,Upper class,A small city or town,99999,Somewhat disagree,Republican,,Protestant,,6,6,4,6,6,2,attention,70,No,35
pid_1496,18-29,Male,,2000,White / Caucasian,,Bachelor's degree,Yes,Yes,Yes,"$56,000 to $99,999",2,Middle class,A suburb near a large city,99999,Somewhat disagree,Independent,,Protestant,,6,6,4,6,6,1 Strongly disagree,attention,,Yes,75
pid_1497,30-44,Male,,1985,Asian / Asian-American,,Some college or Associate's degree,No,Yes,No,"$56,000 to $99,999",4,Middle class,A large city,99999,Somewhat disagree,Other (please specify),Progressive,I am not religious,,6,6,3,7 Strongly agree,7 Strongly agree,1 Strongly disagree,attention,,,
pid_1499,60+,Male,,1965,Black / African-American,,Some college or Associate's degree,Yes,Yes,Yes,"$56,000 to $99,999",2,Middle class,A small city or town,99999,Somewhat disagree,Democrat,,I am not religious,,6,6,4,6,6,1 Strongly disagree,attention,70,,
pid_1500,30-44,Male,,1985,Other,,Some college or Associate's degree,No,Yes,Yes,"$56,000 to $99,999",4,Middle class,A suburb near a large city,99999,Somewhat disagree,Democrat,,I am not religious,,6,6,3,6,6,2,attention,60,,
pid_1501,60+,Male,,1965,White / Caucasian,,Some college or Associate's degree,Yes,Yes,No,"Less than $30,000",1,Working class,A small city or town,99999,Somewhat disagree,Republican,,Protestant,,6,6,4,6,6,2,attention,85,No,35
pid_1502,30-44,Male,,1985,Latino / Hispanic,,High school diploma / GED,Yes,Yes,No,"$30,000 to $55,999",4,Working class,A small city or town,99999,Somewhat disagree,Independent,,Catholic,,7 Strongly agree,7 Strongly agree,4,6,7 Strongly agree,2,attention,,No,55
pid_1503,45-59,Male,,1968,White / Caucasian,,Bachelor's degree,No,Yes,Yes,"$56,000 to $99,999",4,Middle class,A small city or town,99999,Somewhat disagree,Independent,,I am not religious,,6,6,3,6,6,1 Strongly disagree,attention,,,
pid_1504,60+,Male,,1964,White / Caucasian,,Some college or Associate's degree,Yes,Yes,Yes,"Less than $30,000",1,Working class,A small city or town,99999,Somewhat disagree,Democrat,,I am not religious,,6,6,4,6,7 Strongly agree,1 Strongly disagree,attention,70,,
pid_1505,18-29,Female,,2002,White / Caucasian,,Some college or Associate's degree,Yes,Yes,Yes,"Less than $30,000",3,Working class,A small city or town,99999,Somewhat disagree,Democrat,,Catholic,,7 Strongly agree,7 Strongly agree,3,6,7 Strongly agree,2,attention,85,No,75
pid_1506,30-44,Male,,1985,White / Caucasian,,Some college or Associate's degree,Yes,Yes,No,"$30,000 to $55,999",2,Working class,A small city or town,99999,Somewhat disagree,Republican,,Protestant,,6,6,5,6,7 Strongly agree,2,attention,85,No,45
pid_1507,30-44,Female,,1982,White / Caucasian,,Bachelor's degree,No,Yes,Yes,"$100,000 to $167,999",6 or more,Middle class,A suburb near a large city,99999,Somewhat disagree,Republican,,Catholic,,6,6,3,6,6,2,attention,85,No,60
pid_1508,30-44,Male,,1985,Other,Other,Some college or Associate's degree,Yes,Yes,Yes,"$56,000 to $99,999",1,Middle class,A small city or town,99999,Somewhat disagree,Independent,,Protestant,,6,6,4,6,6,2,attention,,No,40
pid_1509,30-44,Female,,1985,White / Caucasian,,Some college or Associate's degree,No,Yes,Yes,"$100,000 to $167,999",2,Middle class,A small city or town,99999,Somewhat disagree,Democrat,,I am not religious,,6,6,3,6,7 Strongly agree,1 Strongly disagree,attention,85,,
pid_1510,18-29,Female,,2000,White / Caucasian,,High school diploma / GED,Yes,Yes,Not applicable,"$56,000 to $99,999",6 or more,Middle class,A suburb near a large city,99999,Somewhat disagree,Independent,,I am not religious,,5,5,4,5,6,2,attention,,,
pid_1511,60+,Male,,1965,Latino / Hispanic,,Bachelor's degree,No,Yes,Yes,"$30,000 to $55,999",6 or more,Middle class,A small city or town,99999,Somewhat disagree,Independent,,I am not religious,,6,6,5,6,6,2,attention,,,
pid_1512,60+,Female,,1965,White / Caucasian,,Some college or Associate's degree,No,Yes,No,"Less than $30,000",2,Working class,A small city or town,99999,Somewhat disagree,Republican,,I am not religious,,5,5,4,5,6,2,attention,65,,
pid_1513,45-59,Female,,1980,White / Caucasian,,Doctorate degree / Ph.D.,Yes,Yes,Yes,"$100,000 to $167,999",4,Middle class,A suburb near a large city,99999,Somewhat disagree,Independent,,Catholic,,6,6,3,6,6,2,attention,,No,75
pid_1514,45-59,Female,,1980,White / Caucasian,,Doctorate degree / Ph.D.,No,Yes,Yes,"$100,000 to $167,999",4,Upper class,A suburb near a large city,99999,Somewhat disagree,Republican,,Catholic,,6,6,3,6,6,2,attention,45,No,40
pid_1515,30-44,Female,,1985,Asian / Asian-American,,Bachelor's degree,No,Yes,Yes,"$56,000 to $99,999",1,Middle class,A large city,99999,Somewhat disagree,Democrat,,I am not religious,,6,6,3,6,6,1 Strongly disagree,attention,85,,
pid_1516,60+,Male,,1948,White / Caucasian,,Doctorate degree / Ph.D.,No,Yes,Yes,"$56,000 to $99,999",1,Middle class,A small city or town,99999,Somewhat disagree,Democrat,,Catholic,,6,6,3,6,6,2,attention,65,No,55
pid_1517,30-44,Male,,1985,White / Caucasian,,Some college or Associate's degree,No,Yes,Yes,"$30,000 to $55,999",6 or more,Working class,A small city or town,99999,Somewhat disagree,Democrat,,Protestant,,6,6,3,6,6,2,attention,70,No,55
pid_1518,18-29,Male,,2000,White / Caucasian,,Bachelor's degree,Yes,Yes,Yes,"$100,000 to $167,999",6 or more,Middle class,A suburb near a large city,99999,Somewhat disagree,Republican,,Catholic,,6,6,5,6,6,2,attention,75,No,15
pid_1519,30-44,Male,,1985,Other,Other,Some college or Associate's degree,Yes,Yes,Yes,"$56,000 to $99,999",2,Middle class,A small city or town,99999,Somewhat disagree,Democrat,,I am not religious,,6,6,4,6,6,1 Strongly disagree,attention,85,,
pid_1520,60+,Male,,1965,White / Caucasian,,Some college or Associate's degree,Yes,Yes,Yes,"$56,000 to $99,999",1,Middle class,A small city or town,99999,Somewhat disagree,Independent,,Other religion (please specify),Non-denominational Christian,7 Strongly agree,7 Strongly agree,3,7 Strongly agree,7 Strongly agree,1 Strongly disagree,attention,,,75
pid_1521,30-44,Male,,1985,Asian / Asian-American,,Bachelor's degree,No,Yes,Yes,"$56,000 to $99,999",2,Middle class,A suburb near a large city,99999,Somewhat disagree,Democrat,,I am not religious,,6,6,3,6,6,1 Strongly disagree,attention,80,,
pid_1522,30-44,Male,,1985,Latino / Hispanic,,Some college or Associate's degree,Yes,Yes,No,"$56,000 to $99,999",4,Middle class,A small city or town,19104,Somewhat disagree,Independent,,Catholic,,6,6,5,6,6,1 Strongly disagree,attention,,No,30
pid_1523,18-29,Female,,2000,White / Caucasian,,Bachelor's degree,Yes,Yes,Yes,"$168,000 or more",4,Upper class,A small city or town,99999,Somewhat disagree,Independent,,Protestant,,6,6,4,6,6,2,attention,,Yes,70
pid_1524,60+,Female,,1948,White / Caucasian,,Some college or Associate's degree,No,Yes,No,"Less than $30,000",1,Working class,A small city or town,99999,Somewhat disagree,Democrat,,I am not religious,,6,7 Strongly agree,3,6,7 Strongly agree,1 Strongly disagree,attention,75,,
pid_1525,45-59,Female,,1978,White / Caucasian,,Some college or Associate's degree,Yes,Yes,Yes,"$56,000 to $99,999",4,Middle class,A small city or town,99999,Somewhat disagree,Independent,,Catholic,,6,6,3,6,6,2,attention,,No,45
pid_1526,18-29,Male,,1998,Latino / Hispanic,,Bachelor's degree,Yes,Yes,Yes,"$56,000 to $99,999",3,Middle class,A suburb near a large city,99999,Somewhat disagree,Independent,,I am not religious,,6,6,3,6,6,2,attention,,,
pid_1527,60+,Female,,1958,White / Caucasian,,Some college or Associate's degree,Yes,Yes,Yes,"$56,000 to $99,999",3,Middle class,A small city or town,99999,Somewhat disagree,Democrat,,Other religion (please specify),Spiritual but not affiliated with a specific religion,6,6,3,6,6,2,attention,70,,30
pid_1528,30-44,Male,,1985,Black / African-American,,Some college or Associate's degree,Yes,Yes,No,"$30,000 to $55,999",1,Working class,A small city or town,99999,Somewhat disagree,Democrat,,I am not religious,,6,6,3,6,6,2,attention,65,,
pid_1529,18-29,Male,,2000,Latino / Hispanic,,High school diploma / GED,No,Yes,Not applicable,"Less than $30,000",4,Working class,A large city,99999,Somewhat disagree,Independent,,I am not religious,,7 Strongly agree,7 Strongly agree,3,6,7 Strongly agree,1 Strongly disagree,attention,,,
pid_1531,60+,Female,,1965,White / Caucasian,,Bachelor's degree,No,Yes,Yes,"$56,000 to $99,999",4,Middle class,A suburb near a large city,99999,Somewhat disagree,Democrat,,I am not religious,,6,6,3,6,7 Strongly agree,1 Strongly disagree,attention,85,,
pid_1532,60+,Female,,1965,White / Caucasian,,Some college or Associate's degree,No,Yes,Yes,"$56,000 to $99,999",4,Middle class,A small city or town,99999,Somewhat disagree,Independent,,I am not religious,,5,5,2,5,6,1 Strongly disagree,attention,,,
pid_1533,18-29,Male,,2000,White / Caucasian,,Bachelor's degree,Yes,Yes,Yes,"$56,000 to $99,999",2,Middle class,A small city or town,99999,Somewhat disagree,Independent,,Protestant,,6,6,3,6,6,2,attention,,Yes,65
pid_1534,45-59,Male,,1980,Black / African-American,,Some college or Associate's degree,No,Yes,Yes,"$56,000 to $99,999",3,Middle class,A large city,99999,Somewhat disagree,Democrat,,Other religion (please specify),Non-denominational Christian,7 Strongly agree,7 Strongly agree,2,7 Strongly agree,7 Strongly agree,1 Strongly disagree,attention,65,,75
pid_1535,45-59,Female,,1980,White / Caucasian,,Some college or Associate's degree,No,Yes,No,"$100,000 to $167,999",6 or more,Middle class,A small city or town,99999,Somewhat disagree,Republican,,I am not religious,,6,6,4,6,6,2,attention,70,,
pid_1536,60+,Female,,1965,Black / African-American,,Bachelor's degree,No,Yes,Yes,"$56,000 to $99,999",1,Middle class,A large city,99999,Somewhat disagree,Independent,,I am not religious,,7 Strongly agree,7 Strongly agree,4,7 Strongly agree,7 Strongly agree,1 Strongly disagree,attention,,,
pid_1537,60+,Female,,1945,White / Caucasian,,Bachelor's degree,No,Yes,Yes,"$168,000 or more",1,Upper class,A suburb near a large city,99999,Somewhat disagree,Democrat,,Hindu,,7 Strongly agree,7 Strongly agree,2,7 Strongly agree,7 Strongly agree,1 Strongly disagree,attention,70,,35
pid_1538,30-44,Male,,1985,Other,,Some college or Associate's degree,Yes,Yes,Yes,"$30,000 to $55,999",3,Working class,A small city or town,99999,Somewhat disagree,Democrat,,I am not religious,,6,6,3,6,6,1 Strongly disagree,attention,75,,
pid_1539,18-29,Female,,2000,White / Caucasian,,High school diploma / GED,Yes,Yes,Not applicable,"$56,000 to $99,999",1,Middle class,A small city or town,99999,Somewhat disagree,Independent,,Protestant,,6,6,3,6,6,2,attention,,No,35
pid_1540,60+,Male,,1965,White / Caucasian,,Bachelor's degree,No,Yes,Yes,"$56,000 to $99,999",6 or more,Middle class,A suburb near a large city,99999,Somewhat disagree,Republican,,Catholic,,6,6,3,6,6,2,attention,55,No,75
pid_1541,18-29,Female,,2002,White / Caucasian,,High school diploma / GED,Yes,Yes,Not applicable,"Less than $30,000",2,Working class,A small city or town,99999,Somewhat disagree,Republican,,Other religion (please specify),Other,6,6,5,6,6,2,attention,75,,45
pid_1542,60+,Female,,1965,White / Caucasian,,Some college or Associate's degree,No,Yes,Yes,"$56,000 to $99,999",2,Middle class,A suburb near a large city,99999,Somewhat disagree,Republican,,Catholic,,6,6,5,6,6,2,attention,70,No,35
pid_1543,45-59,Female,,1980,White / Caucasian,,Some college or Associate's degree,Yes,Yes,No,"$56,000 to $99,999",6 or more,Middle class,A suburb near a large city,99999,Somewhat disagree,Democrat,,Catholic,,6,6,3,6,6,2,attention,65,No,55
pid_1544,30-44,Female,,1985,Latino / Hispanic,,Bachelor's degree,No,Yes,Yes,"$56,000 to $99,999",2,Middle class,A suburb near a large city,99999,Somewhat disagree,Democrat,,Other religion (please specify),Spiritual but not religious,6,6,4,6,6,2,attention,65,,20
pid_1545,45-59,Male,,1978,White / Caucasian,,Some college or Associate's degree,Yes,Yes,No,"$100,000 to $167,999",4,Middle class,A small city or town,53703,Somewhat disagree,Republican,,I am not religious,,6,6,3,6,6,1 Strongly disagree,attention,55,,
pid_1546,30-44,Female,,1985,Latino / Hispanic,,Bachelor's degree,No,Yes,Yes,"Less than $30,000",2,Working class,A large city,99999,Somewhat disagree,Democrat,,I am not religious,,6,6,2,6,7 Strongly agree,1 Strongly disagree,attention,80,,
pid_1547,18-29,Male,,2000,Asian / Asian-American,,Some college or Associate's degree,No,Yes,Yes,"$56,000 to $99,999",1,Middle class,A small city or town,99999,Somewhat disagree,Republican,,I am not religious,,6,6,5,6,6,2,attention,65,,
pid_1548,18-29,Female,,2000,Black / African-American,,Bachelor's degree,Yes,Yes,Yes,"$56,000 to $99,999",3,Middle class,A large city,99999,Somewhat disagree,Democrat,,Protestant,,7 Strongly agree,7 Strongly agree,3,6,7 Strongly agree,1 Strongly disagree,attention,85,No,35
pid_1549,30-44,Female,,1986,White / Caucasian,,Some college or Associate's degree,Yes,Yes,No,"Less than $30,000",4,Working class,A small city or town,99999,Somewhat disagree,Democrat,,Protestant,,6,6,2,6,6,2,attention,70,No,35
pid_1550,30-44,Female,,1985,White / Caucasian,,Bachelor's degree,Yes,Yes,Yes,"$30,000 to $55,999",1,Working class,A small city or town,99999,Somewhat disagree,Democrat,,I am not religious,,6,6,3,6,6,2,attention,85,,
pid_1551,60+,Female,,1945,White / Caucasian,,Some college or Associate's degree,Yes,Yes,Yes,"$56,000 to $99,999",3,Middle class,A small city or town,99999,Somewhat disagree,Independent,,I am not religious,,7 Strongly agree,7 Strongly agree,3,7 Strongly agree,7 Strongly agree,1 Strongly disagree,attention,,,
pid_1552,18-29,Male,,1998,White / Caucasian,,High school diploma / GED,Yes,Yes,No,"$56,000 to $99,999",4,Middle class,A suburb near a large city,99999,Somewhat disagree,Republican,,Protestant,,6,6,2,6,6,2,attention,75,Yes,40
pid_1553,60+,Female,,1945,White / Caucasian,,High school diploma / GED,Yes,Yes,No,"$56,000 to $99,999",1,Middle class,A small city or town,99999,Somewhat disagree,Republican,,Protestant,,6,6,2,6,6,2,attention,80,Yes,80
pid_1554,60+,Male,,1965,Latino / Hispanic,,Some college or Associate's degree,Yes,Yes,No,"$30,000 to $55,999",1,Working class,A small city or town,99999,Somewhat disagree,Democrat,,Protestant,,6,6,4,6,7 Strongly agree,2,attention,55,No,35
pid_1555,18-29,Female,,2000,Asian / Asian-American,,Some college or Associate's degree,Yes,Yes,Yes,"$30,000 to $55,999",3,Working class,A small city or town,99999,Somewhat disagree,Independent,,Other religion (please specify),Spiritual but not religious,6,6,4,6,6,1 Strongly disagree,attention,,,20
pid_1556,30-44,Female,,1985,Black / African-American,,Bachelor's degree,No,Yes,Yes,"$56,000 to $99,999",1,Middle class,A large city,99999,Somewhat disagree,Democrat,,Protestant,,6,6,4,6,6,1 Strongly disagree,attention,85,No,55
pid_1557,60+,Male,,1965,Black / African-American,,Bachelor's degree,Yes,Yes,Yes,"$100,000 to $167,999",2,Middle class,A suburb near a large city,99999,Somewhat disagree,Independent,,I am not religious,,6,6,2,6,6,2,attention,,,
pid_1558,60+,Male,,1965,White / Caucasian,,Bachelor's degree,No,Yes,Yes,"$100,000 to $167,999",4,Middle class,A small city or town,99999,Somewhat disagree,Republican,,Protestant,,6,6,3,6,6,2,attention,80,Yes,65
pid_1559,60+,Male,,1965,White / Caucasian,,Bachelor's degree,No,Yes,Yes,"$100,000 to $167,999",4,Middle class,A suburb near a large city,99999,Somewhat disagree,Republican,,Jewish,,5,5,3,5,5,2,attention,70,,35
pid_1560,18-29,Female,,1998,White / Caucasian,,Bachelor's degree,No,Yes,Yes,"$30,000 to $55,999",1,Middle class,A small city or town,99999,Somewhat disagree,Independent,,I am not religious,,6,6,5,6,6,2,attention,,,
pid_1561,30-44,Female,,1985,Asian / Asian-American,,Some college or Associate's degree,No,Yes,Yes,"$30,000 to $55,999",1,Middle class,A large city,99999,Somewhat disagree,Democrat,,I am not religious,,7 Strongly agree,7 Strongly agree,4,7 Strongly agree,7 Strongly agree,1 Strongly disagree,attention,70,,
pid_1562,60+,Male,,1965,White / Caucasian,,High school diploma / GED,No,Yes,Not applicable,"$56,000 to $99,999",3,Working class,A small city or town,99999,Somewhat disagree,Democrat,,I am not religious,,6,6,4,6,6,2,attention,70,,
pid_1563,45-59,Female,,1980,Latino / Hispanic,,Bachelor's degree,No,Yes,Yes,"$168,000 or more",4,Middle class,A suburb near a large city,99999,Somewhat disagree,Democrat,,Other religion (please specify),Other,6,6,3,5,6,2,attention,75,,5
pid_1564,60+,Female,,1966,Black / African-American,,Some college or Associate's degree,No,Yes,No,"$56,000 to $99,999",6 or more,Middle class,A suburb near a large city,99999,Somewhat disagree,Democrat,,Other religion (please specify),Non-denominational Christian,6,6,4,6,6,2,attention,75,,70
pid_1565,60+,Female,,1955,White / Caucasian,,Bachelor's degree,Yes,Yes,Yes,"Less than $30,000",1,Working class,A small city or town,99999,Somewhat disagree,Democrat,,Protestant,,6,6,3,6,6,2,attention,70,No,40
pid_1566,18-29,Male,,1999,Latino / Hispanic,,Bachelor's degree,Yes,Yes,Yes,"$56,000 to $99,999",3,Middle class,A small city or town,99999,Somewhat disagree,Republican,,I am not religious,,6,6,3,6,6,2,attention,70,,
pid_1567,30-44,Male,,1985,White / Caucasian,,Bachelor's degree,No,Yes,Yes,"$56,000 to $99,999",2,Middle class,A suburb near a large city,99999,Somewhat disagree,Democrat,,Protestant,,6,6,3,6,6,1 Strongly disagree,attention,70,No,20
pid_1568,30-44,Female,,1985,Black / African-American,,High school diploma / GED,Yes,Yes,Not applicable,"$30,000 to $55,999",6 or more,Working class,A small city or town,99999,Somewhat disagree,Democrat,,Other religion (please specify),Other,7 Strongly agree,7 Strongly agree,5,6,7 Strongly agree,1 Strongly disagree,attention,70,,20
pid_1569,30-44,Male,,1985,White / Caucasian,,High school diploma / GED,Yes,Yes,Not applicable,"$56,000 to $99,999",4,Working class,A small city or town,99999,Somewhat disagree,Republican,,I am not religious,,6,6,4,6,6,2,attention,45,,
pid_1570,18-29,Male,,1998,White / Caucasian,,Some college or Associate's degree,No,Yes,Yes,"$100,000 to $167,999",4,Middle class,A suburb near a large city,99999,Somewhat disagree,Democrat,,I am not religious,,5,5,4,5,6,2,attention,75,,
pid_1571,30-44,Male,,1985,White / Caucasian,,Bachelor's degree,No,Yes,Yes,"$56,000 to $99,999",3,Middle class,A suburb near a large city,99999,Somewhat disagree,Independent,,I am not religious,,6,6,4,6,6,2,attention,,,
pid_1572,45-59,Female,,1980,White / Caucasian,,Bachelor's degree,Yes,Yes,Yes,"$100,000 to $167,999",2,Upper class,A suburb near a large city,99999,Somewhat disagree,Democrat,,Jewish,,6,6,3,6,6,2,attention,85,,35
pid_1573,18-29,Female,,2000,Latino / Hispanic,,Some college or Associate's degree,Yes,Yes,Yes,"$56,000 to $99,999",3,Middle class,A small city or town,99999,Somewhat disagree,Democrat,,Other religion (please specify),Other religion,7 Strongly agree,7 Strongly agree,3,7 Strongly agree,7 Strongly agree,1 Strongly disagree,attention,75,,70
pid_1574,18-29,Male,,1998,White / Caucasian,,Bachelor's degree,Yes,Yes,Yes,"$56,000 to $99,999",3,Middle class,A suburb near a large city,99999,Somewhat disagree,Republican,,Protestant,,6,6,3,6,6,2,attention,60,Yes,75
pid_1575,18-29,Male,,2000,Asian / Asian-American,,Some college or Associate's degree,No,Yes,No,"$56,000 to $99,999",6 or more,Middle class,A small city or town,99999,Somewhat disagree,Independent,,I am not religious,,6,6,4,6,6,1 Strongly disagree,attention,,,
pid_1576,60+,Male,,1948,White / Caucasian,,Doctorate degree / Ph.D.,No,Yes,Yes,"$56,000 to $99,999",2,Middle class,A small city or town,99999,Somewhat disagree,Independent,,I am not religious,,7 Strongly agree,7 Strongly agree,5,7 Strongly agree,7 Strongly agree,1 Strongly disagree,attention,,,
pid_1577,45-59,Female,,1968,Asian / Asian-American,,Bachelor's degree,Yes,Yes,Yes,"$56,000 to $99,999",3,Middle class,A suburb near a large city,10001,Somewhat disagree,Democrat,,I am not religious,,6,6,3,6,6,2,attention,65,,
pid_1578,60+,Female,,1965,White / Caucasian,,Bachelor's degree,Yes,Yes,Yes,"$56,000 to $99,999",2,Middle class,A suburb near a large city,99999,Somewhat disagree,Independent,,I am not religious,,7 Strongly agree,7 Strongly agree,3,7 Strongly agree,7 Strongly agree,1 Strongly disagree,attention,,,
pid_1579,60+,Female,,1945,White / Caucasian,,Some college or Associate's degree,No,Yes,No,"$30,000 to $55,999",6 or more,Working class,A small city or town,99999,Somewhat disagree,Republican,,Protestant,,6,6,3,5,6,2,attention,70,No,40
pid_1580,18-29,Male,,2000,Other,,High school diploma / GED,No,Yes,Not applicable,"$30,000 to $55,999",3,Working class,A suburb near a large city,99999,Somewhat disagree,Democrat,,I am not religious,,6,6,4,6,6,1 Strongly disagree,attention,70,,
pid_1581,30-44,Female,,1985,Black / African-American,,Some college or Associate's degree,No,Yes,Yes,"$56,000 to $99,999",1,Middle class,A small city or town,99999,Somewhat disagree,Democrat,,Other religion (please specify),Spiritual,7 Strongly agree,7 Strongly agree,3,7 Strongly agree,7 Strongly agree,1 Strongly disagree,attention,65,,30
pid_1582,30-44,Male,,1985,White / Caucasian,,Bachelor's degree,No,Yes,Yes,"Less than $30,000",6 or more,Working class,A small city or town,99999,Somewhat disagree,Democrat,,Other religion (please specify),Other,6,6,4,6,6,2,attention,70,,10
pid_1583,18-29,Male,,1998,Other,Other,Doctorate degree / Ph.D.,Yes,Yes,Yes,"$56,000 to $99,999",1,Middle class,A large city,99999,Somewhat disagree,Democrat,,I am not religious,,6,6,3,6,6,2,attention,65,,
pid_1584,30-44,Female,,1985,Asian / Asian-American,,Bachelor's degree,No,Yes,Yes,"$56,000 to $99,999",2,Middle class,A suburb near a large city,99999,Somewhat disagree,Democrat,,I am not religious,,6,6,3,6,6,1 Strongly disagree,attention,75,,
pid_1585,60+,Male,,1965,White / Caucasian,,Some college or Associate's degree,No,Yes,No,"$30,000 to $55,999",2,Middle class,A small city or town,99999,Somewhat disagree,Republican,,Protestant,,6,6,3,6,6,2,attention,80,Yes,75
pid_1586,30-44,Male,,1985,White / Caucasian,,Bachelor's degree,Yes,Yes,Yes,"$56,000 to $99,999",2,Middle class,A suburb near a large city,99999,Somewhat disagree,Democrat,,I am not religious,,6,6,3,6,6,1 Strongly disagree,attention,75,,
pid_1587,60+,Female,,1965,Other,,Some college or Associate's degree,No,Yes,Yes,"$56,000 to $99,999",2,Middle class,A small city or town,99999,Somewhat disagree,Other (please specify),Progressive,Other religion (please specify),Spiritual but not religious,6,6,3,6,7 Strongly agree,2,attention,,,20
pid_1588,45-59,Male,,1968,Asian / Asian-American,,Bachelor's degree,Yes,Yes,Yes,"$100,000 to $167,999",3,Middle class,A suburb near a large city,99999,Somewhat disagree,Democrat,,I am not religious,,6,6,3,6,6,2,attention,80,,
pid_1589,60+,Male,,1965,White / Caucasian,,Bachelor's degree,No,Yes,Yes,"Less than $30,000",1,Working class,A small city or town,99999,Somewhat disagree,Independent,,Protestant,,6,6,3,6,6,2,attention,,No,35
pid_1590,30-44,Male,,1985,Latino / Hispanic,,Some college or Associate's degree,Yes,Yes,Yes,"$56,000 to $99,999",4,Working class,A small city or town,99999,Somewhat disagree,Independent,,I am not religious,,6,6,3,6,6,1 Strongly disagree,attention,,,
pid_1592,60+,Female,,1965,Black / African-American,,Some college or Associate's degree,No,Yes,Yes,"Less than $30,000",2,Working class,A small city or town,99999,Somewhat disagree,Democrat,,Other religion (please specify),Non-denominational Christian,6,6,2,6,6,2,attention,70,,60
pid_1593,18-29,Female,,2000,White / Caucasian,,Some college or Associate's degree,Yes,Yes,Yes,"$30,000 to $55,999",1,Working class,A small city or town,99999,Somewhat disagree,Democrat,,Jewish,,5,5,3,5,5,2,attention,65,,30
pid_1594,60+,Female,,1965,White / Caucasian,,Master's degree / Professional degree,Yes,Yes,Yes,"$56,000 to $99,999",4,Middle class,A suburb near a large city,99999,Somewhat disagree,Republican,,Protestant,,6,6,4,6,6,2,attention,75,Yes,80
pid_1596,18-29,Female,,1999,Latino / Hispanic,,Bachelor's degree,Yes,Yes,Yes,"$168,000 or more",1,Upper class,A large city,99999,Somewhat disagree,Democrat,,I am not religious,,6,6,4,6,6,2,attention,70,,
pid_1597,60+,Female,,1965,White / Caucasian,,Bachelor's degree,No,Yes,Yes,"$30,000 to $55,999",6 or more,Middle class,A suburb near a large city,99999,Somewhat disagree,Republican,,Other religion (please specify),Other,6,6,3,6,6,2,attention,70,,35
pid_1598,18-29,Male,,2000,White / Caucasian,,High school diploma / GED,Yes,Yes,Not applicable,"Less than $30,000",1,Working class,A small city or town,99999,Somewhat disagree,Independent,,I am not religious,,6,6,4,6,7 Strongly agree,1 Strongly disagree,attention,,,
pid_1599,30-44,Female,,1985,Other,Middle Eastern,Some college or Associate's degree,No,Yes,Yes,"$56,000 to $99,999",3,Middle class,A small city or town,99999,Somewhat disagree,Republican,,Orthodox Christian,,6,6,3,6,6,2,attention,90,No,95
pid_1600,30-44,Male,,1985,White / Caucasian,,Less than high school,Yes,Yes,Not applicable,"Less than $30,000",6 or more,Working class,A small city or town,99999,Somewhat disagree,Democrat,,I am not religious,,6,6,3,6,6,2,attention,75,,
pid_1601,60+,Male,,1965,Black / African-American,,Doctorate degree / Ph.D.,Yes,Yes,Yes,"$100,000 to $167,999",6 or more,Middle class,A small city or town,99999,Somewhat disagree,Independent,,I am not religious,,7 Strongly agree,7 Strongly agree,4,7 Strongly agree,7 Strongly agree,1 Strongly disagree,attention,,,
pid_1602,18-29,Female,,2000,White / Caucasian,,High school diploma / GED,No,Yes,Not applicable,"Less than $30,000",4,Working class,A small city or town,99999,Somewhat disagree,Democrat,,I am not religious,,6,6,3,6,6,1 Strongly disagree,attention,75,,
pid_1603,60+,Female,,1948,Black / African-American,,High school diploma / GED,No,Yes,Not applicable,"$30,000 to $55,999",2,Middle class,A small city or town,99999,Somewhat disagree,Independent,,Other religion (please specify),Other Christian,6,6,3,6,6,2,attention,,,75
pid_1604,60+,Female,,1965,Latino / Hispanic,,Bachelor's degree,No,Yes,Yes,"$56,000 to $99,999",6 or more,Middle class,A small city or town,99999,Somewhat disagree,Democrat,,Catholic,,6,6,3,6,6,1 Strongly disagree,attention,75,No,35
pid_1605,30-44,Female,,1985,White / Caucasian,,Bachelor's degree,Yes,Yes,Yes,"$100,000 to $167,999",4,Middle class,A suburb near a large city,97205,Somewhat disagree,Democrat,,I am not religious,,6,6,4,6,6,1 Strongly disagree,attention,75,,
pid_1606,18-29,Female,,2000,Asian / Asian-American,,Bachelor's degree,No,Yes,Yes,"Less than $30,000",2,Working class,A large city,90024,Somewhat disagree,Democrat,,Catholic,,6,6,4,6,7 Strongly agree,2,attention,85,No,20
pid_1607,30-44,Male,,1985,White / Caucasian,,Some college or Associate's degree,No,Yes,Yes,"$56,000 to $99,999",2,Middle class,A small city or town,99999,Somewhat disagree,Republican,,I am not religious,,6,6,4,6,7 Strongly agree,2,attention,65,,
pid_1608,30-44,Female,,1985,White / Caucasian,,Some college or Associate's degree,Yes,Yes,No,"$30,000 to $55,999",1,Middle class,A small city or town,99999,Somewhat disagree,Democrat,,Other religion (please specify),Spiritual but not religious,6,6,3,6,6,2,attention,70,,25
pid_1609,60+,Male,,1955,White / Caucasian,,Bachelor's degree,No,Yes,Yes,"$56,000 to $99,999",4,Middle class,A small city or town,99999,Somewhat disagree,Republican,,Catholic,,6,6,3,6,6,2,attention,70,No,60
pid_1611,30-44,Female,,1985,Asian / Asian-American,,Bachelor's degree,Yes,Yes,Yes,"$100,000 to $167,999",2,Upper class,A suburb near a large city,99999,Somewhat disagree,Democrat,,Catholic,,6,6,4,6,7 Strongly agree,1 Strongly disagree,attention,70,No,35
pid_1612,60+,Male,,1955,White / Caucasian,,Doctorate degree / Ph.D.,Yes,Yes,Yes,"$56,000 to $99,999",2,Middle class,A suburb near a large city,99999,Somewhat disagree,Independent,,Jewish,,6,6,3,6,6,2,attention,,,25
pid_1613,30-44,Male,,1985,Black / African-American,,Some college or Associate's degree,Yes,Yes,Yes,"$56,000 to $99,999",2,Middle class,A small city or town,99999,Somewhat disagree,Democrat,,Orthodox Christian,,6,6,3,6,6,2,attention,70,No,45
pid_1614,30-44,Male,,1985,White / Caucasian,,Bachelor's degree,No,Yes,Yes,"$100,000 to $167,999",1,Upper class,A suburb near a large city,99999,Somewhat disagree,Republican,,Catholic,,6,6,3,6,6,1 Strongly disagree,attention,75,No,60
pid_1615,30-44,Female,,1985,Asian / Asian-American,,Master's degree / Professional degree,No,Yes,Yes,"$56,000 to $99,999",2,Middle class,A suburb near a large city,99999,Somewhat disagree,Democrat,,I am not religious,,6,6,3,6,6,1 Strongly disagree,attention,70,,
pid_1616,60+,Female,,1965,White / Caucasian,,Master's degree / Professional degree,No,Yes,Yes,"$56,000 to $99,999",3,Middle class,A suburb near a large city,99999,Somewhat disagree,Republican,,Catholic,,6,6,4,6,6,1 Strongly disagree,attention,75,No,25
pid_1617,60+,Female,,1965,White / Caucasian,,Bachelor's degree,No,Yes,Yes,"$100,000 to $167,999",4,Middle class,A suburb near a large city,99999,Somewhat disagree,Independent,,Catholic,,6,6,3,6,6,2,attention,,No,75
pid_1618,60+,Female,,1965,White / Caucasian,,Bachelor's degree,No,Yes,Yes,"$100,000 to $167,999",2,Middle class,A small city or town,99999,Somewhat disagree,Democrat,,Catholic,,6,6,3,6,6,2,attention,75,No,30
pid_1619,18-29,Male,,2000,Latino / Hispanic,,High school diploma / GED,Yes,Yes,Not applicable,"Less than $30,000",4,Working class,A small city or town,99999,Somewhat disagree,Independent,,I am not religious,,6,6,3,6,6,2,attention,,,
pid_1620,45-59,Female,,1980,White / Caucasian,,Master's degree / Professional degree,Yes,Yes,Yes,"$100,000 to $167,999",4,Middle class,A suburb near a large city,99999,Somewhat disagree,Republican,,Protestant,,6,6,3,6,6,2,attention,70,Yes,45
pid_1621,30-44,Female,,1985,Latino / Hispanic,,High school diploma / GED,Yes,Yes,No,"Less than $30,000",4,Working class,A small city or town,99999,Somewhat disagree,Democrat,,I am not religious,,6,6,3,6,6,2,attention,85,,
pid_1622,60+,Female,,1945,Black / African-American,,Some college or Associate's degree,No,Yes,No,"$30,000 to $55,999",4,Working class,A small city or town,99999,Somewhat disagree,Democrat,,Protestant,,6,6,3,6,6,2,attention,65,Yes,85
pid_1623,45-59,Male,,1980,White / Caucasian,,Doctorate degree / Ph.D.,Yes,Yes,Yes,"$56,000 to $99,999",2,Middle class,A suburb near a large city,99999,Somewhat disagree,Democrat,,I am not religious,,6,6,3,6,6,1 Strongly disagree,attention,75,,
pid_1624,30-44,Female,,1985,White / Caucasian,,High school diploma / GED,No,Yes,Not applicable,"$56,000 to $99,999",3,Middle class,A small city or town,99999,Somewhat disagree,Democrat,,Protestant,,6,6,3,6,6,2,attention,65,No,35
pid_1625,30-44,Male,,1985,Latino / Hispanic,,High school diploma / GED,Yes,Yes,Not applicable,"$56,000 to $99,999",6 or more,Working class,A small city or town,99999,Somewhat disagree,Democrat,,I am not religious,,6,6,3,6,6,1 Strongly disagree,attention,85,,
pid_1626,60+,Female,,1955,Black / African-American,,Bachelor's degree,No,Yes,Yes,"$56,000 to $99,999",3,Middle class,A small city or town,99999,Somewhat disagree,Democrat,,Catholic,,6,6,3,6,7 Strongly agree,2,attention,80,No,40
pid_1627,18-29,Female,,1998,Black / African-American,,Bachelor's degree,Yes,Yes,Yes,"Less than $30,000",1,Working class,A small city or town,99999,Somewhat disagree,Democrat,,I am not religious,,6,6,3,6,6,1 Strongly disagree,attention,70,,
pid_1628,60+,Female,,1945,White / Caucasian,,Some college or Associate's degree,No,Yes,No,"$30,000 to $55,999",2,Working class,A small city or town,99999,Somewhat disagree,Republican,,Protestant,,6,6,3,6,6,2,attention,70,No,45
pid_1630,60+,Female,,1965,White / Caucasian,,High school diploma / GED,Yes,Yes,Not applicable,"$56,000 to $99,999",2,Middle class,A small city or town,99999,Somewhat disagree,Republican,,I am not religious,,6,6,3,6,6,1 Strongly disagree,attention,45,,
pid_1631,60+,Male,,1948,White / Caucasian,,Bachelor's degree,No,Yes,Yes,"Less than $30,000",2,Working class,A small city or town,99999,Somewhat disagree,Republican,,Other religion (please specify),Other,6,6,4,6,6,2,attention,75,,35
pid_1632,18-29,Female,,1998,Other,Other,Bachelor's degree,No,Yes,Yes,"$100,000 to $167,999",2,Upper class,A suburb near a large city,99999,Somewhat disagree,Independent,,I am not religious,,6,6,2,6,6,1 Strongly disagree,attention,,,
pid_1633,45-59,Female,,1980,Latino / Hispanic,,Bachelor's degree,Yes,Yes,Yes,"$56,000 to $99,999",6 or more,Middle class,A suburb near a large city,99999,Somewhat disagree,Republican,,Catholic,,7 Strongly agree,7 Strongly agree,3,7 Strongly agree,7 Strongly agree,2,attention,70,No,65
pid_1635,18-29,Male,,1998,Asian / Asian-American,,Doctorate degree / Ph.D.,Yes,Yes,Yes,"$100,000 to $167,999",2,Middle class,A suburb near a large city,99999,Somewhat disagree,Republican,,Protestant,,6,6,5,6,6,2,attention,70,No,45
pid_1636,60+,Female,,1955,Black / African-American,,Some college or Associate's degree,No,Yes,Yes,"Less than $30,000",1,Working class,A small city or town,99999,Somewhat disagree,Democrat,,Other religion (please specify),Spiritual but not religious,6,6,3,6,6,2,attention,70,,25
pid_1637,18-29,Female,,2002,Black / African-American,,Some college or Associate's degree,No,Yes,Yes,"Less than $30,000",3,Working class,A large city,99999,Somewhat disagree,Independent,,I am not religious,,6,6,3,6,6,2,attention,,,
pid_1638,18-29,Female,,2003,Black / African-American,,High school diploma / GED,Yes,Yes,Not applicable,"$56,000 to $99,999",6 or more,Middle class,A large city,99999,Somewhat disagree,Independent,,Protestant,,6,6,4,6,6,2,attention,,No,30
pid_1639,18-29,Male,,1998,White / Caucasian,,Bachelor's degree,Yes,Yes,Yes,"$56,000 to $99,999",3,Middle class,A suburb near a large city,99999,Somewhat disagree,Republican,,Mormon,,6,6,3,6,6,2,attention,65,Yes,65
pid_1640,30-44,Male,,1985,White / Caucasian,,Bachelor's degree,No,Yes,Yes,"$56,000 to $99,999",4,Middle class,A suburb near a large city,99999,Somewhat disagree,Democrat,,Other religion (please specify),Unitarian Universalist,7 Strongly agree,7 Strongly agree,2,7 Strongly agree,7 Strongly agree,1 Strongly disagree,attention,80,,25
pid_1641,60+,Female,,1962,White / Caucasian,,Some college or Associate's degree,Yes,Yes,Yes,"$56,000 to $99,999",2,Middle class,A small city or town,99999,Somewhat disagree,Republican,,Catholic,,6,6,3,6,6,2,attention,65,No,35
pid_1642,60+,Female,,1965,White / Caucasian,,Bachelor's degree,Yes,Yes,Yes,"$56,000 to $99,999",2,Middle class,A suburb near a large city,99999,Somewhat disagree,Republican,,Protestant,,6,6,3,6,6,2,attention,65,Yes,65
pid_1643,45-59,Female,,1980,White / Caucasian,,Some college or Associate's degree,Yes,Yes,No,"$168,000 or more",6 or more,Middle class,A suburb near a large city,99999,Somewhat disagree,Republican,,Other religion (please specify),Spiritual but not religious,5,5,3,5,5,2,attention,70,,30
pid_1644,60+,Female,,1965,White / Caucasian,,Bachelor's degree,Yes,Yes,Yes,"$100,000 to $167,999",4,Middle class,A suburb near a large city,99999,Somewhat disagree,Democrat,,I am not religious,,6,6,3,5,6,1 Strongly disagree,attention,65,,
pid_1645,45-59,Male,,1980,Asian / Asian-American,,Bachelor's degree,No,Yes,Yes,"$100,000 to $167,999",3,Middle class,A suburb near a large city,99999,Somewhat disagree,Independent,,Other religion (please specify),Spiritual but not religious,6,6,3,6,6,1 Strongly disagree,attention,,,20
pid_1646,30-44,Male,,1985,Black / African-American,,Bachelor's degree,Yes,Yes,Yes,"$30,000 to $55,999",1,Working class,A large city,99999,Somewhat disagree,Independent,,Catholic,,7 Strongly agree,7 Strongly agree,3,6,7 Strongly agree,1 Strongly disagree,attention,,No,30
pid_1647,60+,Male,,1964,White / Caucasian,,Some college or Associate's degree,Yes,Yes,No,"$100,000 to $167,999",4,Middle class,A small city or town,99999,Somewhat disagree,Democrat,,I am not religious,,6,6,3,6,6,2,attention,65,,
pid_1648,60+,Male,,1965,White / Caucasian,,Some college or Associate's degree,Yes,Yes,No,"$56,000 to $99,999",4,Middle class,A small city or town,99999,Somewhat disagree,Republican,,Protestant,,6,6,4,6,6,2,attention,85,Yes,75
pid_1649,30-44,Female,,1985,White / Caucasian,,Bachelor's degree,No,Yes,Yes,"Less than $30,000",1,Working class,A small city or town,99999,Somewhat disagree,Democrat,,Other religion (please specify),Spiritual but not religious,6,6,3,6,6,2,attention,80,,20
pid_1650,30-44,Male,,1985,White / Caucasian,,Some college or Associate's degree,Yes,Yes,No,"Less than $30,000",1,Working class,A small city or town,99999,Somewhat disagree,Democrat,,I am not religious,,5,5,4,5,6,1 Strongly disagree,attention,75,,
pid_1651,18-29,Female,,2000,Latino / Hispanic,,Some college or Associate's degree,No,Yes,Yes,"$30,000 to $55,999",6 or more,Working class,A small city or town,99999,Somewhat disagree,Democrat,,I am not religious,,6,6,3,6,6,2,attention,70,,
pid_1652,30-44,Female,,1985,Other,,Bachelor's degree,No,Yes,Yes,"$30,000 to $55,999",1,Middle class,A small city or town,99999,Somewhat disagree,Independent,,Other religion (please specify),,6,6,4,6,6,2,attention,,,55
pid_1653,18-29,Male,,1998,White / Caucasian,,Some college or Associate's degree,Yes,Yes,No,"$56,000 to $99,999",2,Middle class,A small city or town,99999,Somewhat disagree,Republican,,Orthodox Christian,,6,6,3,6,6,2,attention,70,No,60
pid_1654,18-29,Male,,2000,Latino / Hispanic,,Some college or Associate's degree,Yes,Yes,Yes,"$100,000 to $167,999",4,Middle class,A large city,99999,Somewhat disagree,Democrat,,Catholic,,7 Strongly agree,7 Strongly agree,3,7 Strongly agree,7 Strongly agree,1 Strongly disagree,attention,85,No,45
pid_1655,60+,Female,,1948,Black / African-American,,High school diploma / GED,Yes,Yes,Not applicable,"Less than $30,000",2,Working class,A small city or town,99999,Somewhat disagree,Democrat,,Protestant,,6,6,2,6,6,2,attention,75,Yes,85
pid_1656,60+,Male,,1965,White / Caucasian,,High school diploma / GED,Yes,Yes,Not applicable,"$30,000 to $55,999",2,Working class,A small city or town,99999,Somewhat disagree,Republican,,Catholic,,6,6,3,6,6,2,attention,65,No,60
pid_1657,30-44,Male,,1985,White / Caucasian,,Bachelor's degree,Yes,Yes,Yes,"$56,000 to $99,999",3,Middle class,A suburb near a large city,99999,Somewhat disagree,Democrat,,Other religion (please specify),Other,7 Strongly agree,7 Strongly agree,3,7 Strongly agree,7 Strongly agree,1 Strongly disagree,attention,70,,10
pid_1658,30-44,Male,,1985,Latino / Hispanic,,Some college or Associate's degree,Yes,Yes,Yes,"Less than $30,000",2,Working class,A small city or town,99999,Somewhat disagree,Other (please specify),,I am not religious,,6,6,3,6,6,2,attention,,,
pid_1659,18-29,Male,,2000,Asian / Asian-American,,Some college or Associate's degree,No,Yes,Yes,"$56,000 to $99,999",4,Middle class,A small city or town,99999,Somewhat disagree,Democrat,,I am not religious,,6,6,3,6,6,1 Strongly disagree,attention,70,,
pid_1660,18-29,Female,,2000,Asian / Asian-American,,High school diploma / GED,Yes,Yes,Not applicable,"$30,000 to $55,999",2,Working class,A small city or town,99999,Somewhat disagree,Democrat,,Catholic,,6,6,5,6,6,2,attention,70,No,45
pid_1661,30-44,Male,,1985,White / Caucasian,,Some college or Associate's degree,Yes,Yes,Yes,"$30,000 to $55,999",1,Working class,A small city or town,99999,Somewhat disagree,Independent,,I am not religious,,6,6,4,6,6,2,attention,,,
pid_1662,60+,Female,,1965,White / Caucasian,,Some college or Associate's degree,No,Yes,No,"Less than $30,000",2,Working class,A small city or town,99999,Somewhat disagree,Independent,,Protestant,,6,6,3,6,6,2,attention,,Yes,75
pid_1663,30-44,Female,,1985,White / Caucasian,,Some college or Associate's degree,Yes,Yes,Yes,"$100,000 to $167,999",4,Middle class,A suburb near a large city,99999,Somewhat disagree,Democrat,,Protestant,,6,6,3,6,6,2,attention,75,Yes,85
pid_1664,60+,Female,,1948,White / Caucasian,,Some college or Associate's degree,Yes,Yes,Yes,"Less than $30,000",1,Working class,A small city or town,99999,Somewhat disagree,Other (please specify),Progressive,Other religion (please specify),Spiritual but not religious,7 Strongly agree,7 Strongly agree,3,7 Strongly agree,7 Strongly agree,2,attention,,,20
pid_1665,60+,Male,,1948,White / Caucasian,,Doctorate degree / Ph.D.,Yes,Yes,Yes,"$30,000 to $55,999",1,Middle class,A small city or town,99999,Somewhat disagree,Democrat,,I am not religious,,6,6,3,6,7 Strongly agree,1 Strongly disagree,attention,85,,
pid_1666,18-29,Female,,2000,Other,Other,Some college or Associate's degree,Yes,Yes,Yes,"Less than $30,000",1,Working class,A small city or town,99999,Somewhat disagree,Independent,,I am not religious,,6,6,3,6,6,1 Strongly disagree,attention,,,
pid_1667,18-29,Female,,2000,White / Caucasian,,Bachelor's degree,No,Yes,Yes,"$100,000 to $167,999",4,Middle class,A suburb near a large city,99999,Somewhat disagree,Democrat,,I am not religious,,6,6,3,6,6,1 Strongly disagree,attention,70,,
pid_1668,45-59,Male,,1980,Other,Other,Some college or Associate's degree,No,Yes,No,"$30,000 to $55,999",2,Working class,A small city or town,99999,Somewhat disagree,Independent,,Catholic,,6,6,4,6,6,2,attention,,No,30
pid_1669,60+,Female,,1950,White / Caucasian,,Bachelor's degree,Yes,Yes,Yes,"Less than $30,000",4,Working class,A small city or town,99999,Somewhat disagree,Independent,,Other religion (please specify),Other,6,6,3,6,6,2,attention,,,20
pid_1670,18-29,Female,,2000,Latino / Hispanic,,Some college or Associate's degree,Yes,Yes,Yes,"$56,000 to $99,999",3,Middle class,A small city or town,99999,Somewhat disagree,Democrat,,I am not religious,,6,6,3,6,6,2,attention,60,,
pid_1672,60+,Male,,1965,White / Caucasian,,Some college or Associate's degree,Yes,Yes,No,"$100,000 to $167,999",3,Middle class,A small city or town,99999,Somewhat disagree,Independent,,Protestant,,6,6,3,6,6,2,attention,,Yes,85
pid_1673,60+,Male,,1965,White / Caucasian,,Some college or Associate's degree,No,Yes,Yes,"$56,000 to $99,999",1,Middle class,A small city or town,99999,Somewhat disagree,Democrat,,Buddhist,,7 Strongly agree,7 Strongly agree,3,6,7 Strongly agree,1 Strongly disagree,attention,75,,20
pid_1674,60+,Male,,1962,White / Caucasian,,Bachelor's degree,No,Yes,Yes,"Less than $30,000",1,Working class,A small city or town,99999,Somewhat disagree,Democrat,,I am not religious,,6,6,3,6,7 Strongly agree,1 Strongly disagree,attention,55,,
pid_1675,45-59,Female,,1980,Black / African-American,,Some college or Associate's degree,Yes,Yes,Yes,"$30,000 to $55,999",2,Working class,A small city or town,99999,Somewhat disagree,Democrat,,I am not religious,,5,5,3,5,5,2,attention,65,,
pid_1676,18-29,Female,,2000,Asian / Asian-American,,Bachelor's degree,No,Yes,Yes,"$168,000 or more",6 or more,Upper class,A suburb near a large city,99999,Somewhat disagree,Republican,,Catholic,,6,6,3,6,6,2,attention,65,No,45
pid_1677,60+,Female,,1965,White / Caucasian,,Less than high school,Yes,Yes,Not applicable,"$100,000 to $167,999",6 or more,Middle class,A suburb near a large city,99999,Somewhat disagree,Republican,,Protestant,,7 Strongly agree,7 Strongly agree,5,7 Strongly agree,7 Strongly agree,2,attention,85,Yes,85
pid_1678,18-29,Female,,2000,Asian / Asian-American,,Some college or Associate's degree,No,Yes,Yes,"$168,000 or more",4,Middle class,A suburb near a large city,99999,Somewhat disagree,Democrat,,I am not religious,,6,6,3,6,6,1 Strongly disagree,attention,65,,
pid_1679,60+,Male,,1965,White / Caucasian,,Less than high school,Yes,Yes,Not applicable,"$30,000 to $55,999",1,Working class,A small city or town,99999,Somewhat disagree,Independent,,I am not religious,,6,6,4,6,6,1 Strongly disagree,attention,,,
pid_1680,60+,Male,,1965,White / Caucasian,,Some college or Associate's degree,Yes,Yes,Yes,"$56,000 to $99,999",2,Middle class,A small city or town,99999,Somewhat disagree,Democrat,,Protestant,,6,6,3,6,6,2,attention,70,No,45
pid_1681,45-59,Female,,1980,Latino / Hispanic,,Bachelor's degree,No,Yes,Yes,"$30,000 to $55,999",2,Middle class,A suburb near a large city,99999,Somewhat disagree,Independent,,Other religion (please specify),Other,6,6,2,6,6,1 Strongly disagree,attention,,,15
pid_1682,30-44,Male,,1985,Latino / Hispanic,,Some college or Associate's degree,Yes,Yes,Yes,"$56,000 to $99,999",3,Middle class,A suburb near a large city,99999,Somewhat disagree,Independent,,I am not religious,,7 Strongly agree,7 Strongly agree,3,6,7 Strongly agree,1 Strongly disagree,attention,,,
pid_1683,60+,Female,,1965,Black / African-American,,Bachelor's degree,No,Yes,Yes,"$100,000 to $167,999",2,Middle class,A suburb near a large city,99999,Somewhat disagree,Independent,,I am not religious,,6,6,4,6,6,1 Strongly disagree,attention,,,
pid_1684,60+,Male,,1965,White / Caucasian,,Master's degree / Professional degree,No,Yes,Yes,"$30,000 to $55,999",2,Middle class,A small city or town,99999,Somewhat disagree,Republican,,Protestant,,6,6,3,6,6,2,attention,65,No,35
pid_1685,60+,Female,,1965,White / Caucasian,,Some college or Associate's degree,No,Yes,Yes,"$56,000 to $99,999",2,Middle class,A small city or town,99999,Somewhat disagree,Independent,,Catholic,,6,6,4,6,6,2,attention,,No,40
pid_1686,45-59,Female,,1980,White / Caucasian,,Some college or Associate's degree,No,Yes,Yes,"$56,000 to $99,999",2,Middle class,A small city or town,99999,Somewhat disagree,Republican,,Other religion (please specify),Non-denominational Christian,6,6,5,6,6,1 Strongly disagree,attention,75,,75
pid_1687,30-44,Female,,1985,Latino / Hispanic,,Bachelor's degree,Yes,Yes,Yes,"$56,000 to $99,999",4,Middle class,A suburb near a large city,99999,Somewhat disagree,Democrat,,Protestant,,6,6,2,6,6,1 Strongly disagree,attention,70,No,60
pid_1688,30-44,Female,,1985,Latino / Hispanic,,Bachelor's degree,Yes,Yes,Yes,"$100,000 to $167,999",4,Middle class,A suburb near a large city,99999,Somewhat disagree,Republican,,I am not religious,,4,4,2,4,5,2,attention,70,,
pid_1689,60+,Female,,1962,White / Caucasian,,Some college or Associate's degree,No,Yes,No,"$30,000 to $55,999",2,Working class,A small city or town,99999,Somewhat disagree,Independent,,Other religion (please specify),Spiritual but not religious,6,6,3,6,6,2,attention,,,20
pid_1690,60+,Male,,1965,White / Caucasian,,Some college or Associate's degree,Yes,Yes,Yes,"$56,000 to $99,999",2,Middle class,A small city or town,99999,Somewhat disagree,Republican,,I am not religious,,7 Strongly agree,7 Strongly agree,4,6,7 Strongly agree,1 Strongly disagree,attention,70,,
pid_1691,30-44,Female,,1985,White / Caucasian,,Some college or Associate's degree,Yes,Yes,Yes,"Less than $30,000",1,Working class,A small city or town,99999,Somewhat disagree,Democrat,,Catholic,,6,6,3,6,6,2,attention,70,No,35
pid_1692,18-29,Female,,2000,White / Caucasian,,High school diploma / GED,Yes,Yes,No,"$56,000 to $99,999",3,Working class,A small city or town,99999,Somewhat disagree,Democrat,,I am not religious,,6,6,3,6,6,1 Strongly disagree,attention,75,,
pid_1693,60+,Female,,1965,White / Caucasian,,Master's degree / Professional degree,Yes,Yes,Yes,"$56,000 to $99,999",6 or more,Middle class,A suburb near a large city,99999,Somewhat disagree,Independent,,Protestant,,6,6,2,6,6,2,attention,,No,30
pid_1694,18-29,Female,,2002,White / Caucasian,,Some college or Associate's degree,Yes,Yes,Yes,"$30,000 to $55,999",4,Middle class,A small city or town,99999,Somewhat disagree,Independent,,I am not religious,,6,6,4,6,6,2,attention,,,
pid_1695,60+,Male,,1965,White / Caucasian,,Master's degree / Professional degree,No,Yes,Yes,"$56,000 to $99,999",1,Upper class,A small city or town,99999,Somewhat disagree,Democrat,,Protestant,,6,6,4,6,6,2,attention,75,No,55
pid_1696,18-29,Female,,2002,Asian / Asian-American,,Some college or Associate's degree,Yes,Yes,Yes,"$56,000 to $99,999",3,Middle class,A suburb near a large city,99999,Somewhat disagree,Democrat,,I am not religious,,6,6,3,6,6,2,attention,75,,
pid_1697,45-59,Male,,1969,Black / African-American,,Bachelor's degree,Yes,Yes,Yes,"$100,000 to $167,999",1,Middle class,A small city or town,99999,Somewhat disagree,Democrat,,Protestant,,6,6,4,6,6,2,attention,75,No,55
pid_1698,18-29,Male,,2000,Latino / Hispanic,,High school diploma / GED,Yes,Yes,Not applicable,"Less than $30,000",4,Working class,A small city or town,99999,Somewhat disagree,Independent,,Protestant,,6,6,4,6,6,2,attention,,No,35
pid_1699,18-29,Male,,1998,Asian / Asian-American,,Bachelor's degree,Yes,Yes,Yes,"$56,000 to $99,999",2,Middle class,A large city,97201,Somewhat disagree,Democrat,,I am not religious,,6,6,3,6,6,1 Strongly disagree,attention,70,,
pid_1700,30-44,Male,,1985,Latino / Hispanic,,Bachelor's degree,No,Yes,Yes,"$56,000 to $99,999",2,Middle class,A suburb near a large city,99999,Somewhat disagree,Democrat,,Catholic,,6,6,3,6,6,2,attention,75,No,25
pid_1701,45-59,Female,,1969,White / Caucasian,,Bachelor's degree,Yes,Yes,Yes,"$30,000 to $55,999",6 or more,Middle class,A small city or town,99999,Somewhat disagree,Republican,,Catholic,,6,6,4,6,6,2,attention,75,No,75
pid_1702,45-59,Male,,1980,White / Caucasian,,Bachelor's degree,No,Yes,Yes,"$100,000 to $167,999",3,Middle class,A suburb near a large city,99999,Somewhat disagree,Independent,,I am not religious,,6,6,3,6,7 Strongly agree,1 Strongly disagree,attention,,,
pid_1703,60+,Female,,1965,White / Caucasian,,Bachelor's degree,Yes,Yes,Yes,"$30,000 to $55,999",2,Middle class,A small city or town,99999,Somewhat disagree,Independent,,Other religion (please specify),Spiritual but not religious,7 Strongly agree,7 Strongly agree,4,7 Strongly agree,7 Strongly agree,1 Strongly disagree,attention,,,10
pid_1704,30-44,Male,,1985,White / Caucasian,,Master's degree / Professional degree,Yes,Yes,Yes,"$30,000 to $55,999",1,Middle class,A large city,99999,Somewhat disagree,Other (please specify),Progressive,I am not religious,,6,6,3,6,6,1 Strongly disagree,attention,,,
pid_1705,18-29,Female,,1998,Asian / Asian-American,,Bachelor's degree,Yes,Yes,Yes,"$168,000 or more",4,Upper class,A large city,99999,Somewhat disagree,Independent,,I am not religious,,6,6,3,6,6,1 Strongly disagree,attention,,,
pid_1706,18-29,Male,,2000,Latino / Hispanic,,High school diploma / GED,No,Yes,Not applicable,"$56,000 to $99,999",4,Middle class,A suburb near a large city,99999,Somewhat disagree,Republican,,I am not religious,,6,6,4,6,6,2,attention,70,,
pid_1707,30-44,Male,,1985,White / Caucasian,,Doctorate degree / Ph.D.,Yes,Yes,Yes,"$30,000 to $55,999",6 or more,Middle class,A small city or town,99999,Somewhat disagree,Independent,,Catholic,,6,6,3,6,6,2,attention,,No,70
pid_1708,60+,Female,,1965,White / Caucasian,,Bachelor's degree,No,Yes,Yes,"$56,000 to $99,999",3,Middle class,A suburb near a large city,30309,Somewhat disagree,Republican,,Jewish,,6,6,3,6,6,1 Strongly disagree,attention,60,,35
pid_1709,30-44,Male,,1985,White / Caucasian,,Some college or Associate's degree,No,Yes,Yes,"Less than $30,000",2,Working class,A small city or town,99999,Somewhat disagree,Democrat,,Protestant,,6,6,3,6,6,1 Strongly disagree,attention,65,No,45
pid_1710,45-59,Female,,1968,White / Caucasian,,Master's degree / Professional degree,Yes,Yes,Yes,"$56,000 to $99,999",3,Middle class,A suburb near a large city,99999,Somewhat disagree,Republican,,Protestant,,6,6,3,6,6,2,attention,75,Yes,65
pid_1711,30-44,Male,,1985,Black / African-American,,Bachelor's degree,Yes,Yes,Yes,"$100,000 to $167,999",4,Middle class,A suburb near a large city,99999,Somewhat disagree,Democrat,,Catholic,,6,6,3,6,6,2,attention,70,No,75
pid_1712,30-44,Female,,1985,White / Caucasian,,Some college or Associate's degree,Yes,Yes,No,"$56,000 to $99,999",4,Middle class,A suburb near a large city,99999,Somewhat disagree,Independent,,I am not religious,,7 Strongly agree,7 Strongly agree,4,7 Strongly agree,7 Strongly agree,1 Strongly disagree,attention,,,
pid_1713,60+,Male,,1965,Asian / Asian-American,,Doctorate degree / Ph.D.,No,Yes,Yes,"$100,000 to $167,999",1,Upper class,A large city,94105,Somewhat disagree,Independent,,I am not religious,,6,6,3,6,6,2,attention,,,
pid_1714,60+,Female,,1962,White / Caucasian,,Some college or Associate's degree,Yes,Yes,Yes,"$30,000 to $55,999",2,Middle class,A small city or town,99999,Somewhat disagree,Republican,,Protestant,,6,6,3,6,6,2,attention,75,Yes,75
pid_1715,60+,Female,,1965,White / Caucasian,,Bachelor's degree,No,Yes,Yes,"$30,000 to $55,999",3,Middle class,A small city or town,99999,Somewhat disagree,Republican,,Protestant,,6,6,4,6,6,1 Strongly disagree,attention,40,No,45
pid_1716,60+,Female,,1965,Black / African-American,,Some college or Associate's degree,Yes,Yes,Yes,"$56,000 to $99,999",3,Middle class,A large city,99999,Somewhat disagree,Democrat,,Catholic,,6,6,3,6,6,2,attention,85,No,45
pid_1717,60+,Male,,1965,White / Caucasian,,Some college or Associate's degree,Yes,Yes,No,"$30,000 to $55,999",6 or more,Middle class,A small city or town,99999,Somewhat disagree,Republican,,Mormon,,6,6,2,6,6,2,attention,70,No,85
pid_1718,18-29,Male,,2000,White / Caucasian,,High school diploma / GED,Yes,Yes,Not applicable,"Less than $30,000",3,Working class,A small city or town,99999,Somewhat disagree,Republican,,Jewish,,6,6,4,6,6,2,attention,70,,35
pid_1719,30-44,Female,,1985,Asian / Asian-American,,Some college or Associate's degree,No,Yes,No,"Less than $30,000",3,Working class,A suburb near a large city,99999,Somewhat disagree,Independent,,Protestant,,6,6,3,6,6,2,attention,,No,40
pid_1720,18-29,Male,,2000,Black / African-American,,Some college or Associate's degree,Yes,Yes,Yes,"$30,000 to $55,999",4,Working class,A small city or town,99999,Somewhat disagree,Democrat,,Muslim,,7 Strongly agree,7 Strongly agree,2,7 Strongly agree,7 Strongly agree,1 Strongly disagree,attention,80,,55
pid_1721,45-59,Female,,1980,White / Caucasian,,Bachelor's degree,Yes,Yes,Yes,"$100,000 to $167,999",4,Middle class,A small city or town,99999,Somewhat disagree,Republican,,Protestant,,6,6,3,6,6,2,attention,75,Yes,85
pid_1722,45-59,Female,,1980,White / Caucasian,,Bachelor's degree,No,Yes,Yes,"$100,000 to $167,999",3,Middle class,A suburb near a large city,99999,Somewhat disagree,Democrat,,Catholic,,6,6,3,6,6,2,attention,80,No,25
pid_1723,30-44,Male,,1985,White / Caucasian,,Some college or Associate's degree,Yes,Yes,Yes,"$30,000 to $55,999",4,Working class,A small city or town,99999,Somewhat disagree,Independent,,Other religion (please specify),Spiritual but not religious,6,6,5,6,7 Strongly agree,1 Strongly disagree,attention,,,15
pid_1724,30-44,Female,,1985,Black / African-American,,Bachelor's degree,No,Yes,Yes,"$56,000 to $99,999",1,Middle class,A small city or town,99999,Somewhat disagree,Democrat,,Other religion (please specify),Spiritual,6,6,3,6,6,2,attention,70,,40
pid_1725,18-29,Female,,1997,White / Caucasian,,Bachelor's degree,Yes,Yes,Yes,"Less than $30,000",1,Working class,A large city,99999,Somewhat disagree,Independent,,I am not religious,,6,6,4,6,6,1 Strongly disagree,attention,,,
pid_1726,45-59,Female,,1968,Latino / Hispanic,,Bachelor's degree,Yes,Yes,Yes,"Less than $30,000",1,Working class,A small city or town,99999,Somewhat disagree,Other (please specify),Something else,Other religion (please specify),Other Christian denomination,6,6,3,6,6,2,attention,,,75
pid_1727,30-44,Male,,1985,Black / African-American,,Some college or Associate's degree,Yes,Yes,Yes,"Less than $30,000",2,Working class,A small city or town,99999,Somewhat disagree,Independent,,Protestant,,6,6,4,6,6,2,attention,,Yes,85
pid_1728,30-44,Female,,1985,White / Caucasian,,High school diploma / GED,Yes,Yes,Not applicable,"Less than $30,000",1,Working class,A small city or town,99999,Somewhat disagree,Democrat,,Other religion (please specify),Spiritual but not religious,7 Strongly agree,7 Strongly agree,2,6,7 Strongly agree,1 Strongly disagree,attention,65,,15
pid_1729,60+,Female,,1955,Black / African-American,,Doctorate degree / Ph.D.,Yes,Yes,Yes,"$100,000 to $167,999",2,Middle class,A large city,10001,Somewhat disagree,Independent,,I am not religious,,6,7 Strongly agree,2,6,7 Strongly agree,1 Strongly disagree,attention,,,
pid_1730,30-44,Female,,1985,White / Caucasian,,Bachelor's degree,Yes,Yes,Yes,"$56,000 to $99,999",3,Middle class,A small city or town,99999,Somewhat disagree,Democrat,,I am not religious,,6,6,4,6,6,2,attention,70,,
pid_1731,18-29,Male,,2001,White / Caucasian,,Some college or Associate's degree,Yes,Yes,Yes,"$30,000 to $55,999",2,Working class,A small city or town,99999,Somewhat disagree,Republican,,Other religion (please specify),Non-denominational Christian,6,6,5,6,6,2,attention,80,,45
pid_1732,45-59,Female,,1980,Other,Other,Some college or Associate's degree,Yes,Yes,Yes,"Less than $30,000",3,Working class,A small city or town,99999,Somewhat disagree,Independent,,I am not religious,,6,6,3,6,6,2,attention,,,
pid_1733,30-44,Male,,1985,White / Caucasian,,Some college or Associate's degree,No,Yes,Yes,"Less than $30,000",1,Working class,A small city or town,99999,Somewhat disagree,Republican,,I am not religious,,6,6,4,6,6,2,attention,70,,
pid_1734,60+,Female,,1952,White / Caucasian,,Some college or Associate's degree,No,Yes,No,"$100,000 to $167,999",2,Middle class,A small city or town,99999,Somewhat disagree,Democrat,,I am not religious,,6,6,4,6,6,1 Strongly disagree,attention,85,,
pid_1735,45-59,Female,,1980,Other,Other,Bachelor's degree,Yes,Yes,Yes,"$56,000 to $99,999",4,Middle class,A suburb near a large city,99999,Somewhat disagree,Democrat,,I am not religious,,6,6,3,6,6,1 Strongly disagree,attention,60,,
pid_1736,45-59,Male,,1980,White / Caucasian,,Bachelor's degree,Yes,Yes,Yes,"Less than $30,000",4,Working class,A small city or town,99999,Somewhat disagree,Independent,,Protestant,,6,6,3,6,6,2,attention,,Yes,55
pid_1737,60+,Female,,1965,White / Caucasian,,Bachelor's degree,Yes,Yes,Yes,"$100,000 to $167,999",2,Middle class,A suburb near a large city,99999,Somewhat disagree,Democrat,,Protestant,,6,6,3,6,6,2,attention,75,No,65
pid_1739,18-29,Female,,2000,White / Caucasian,,High school diploma / GED,Yes,Yes,Not applicable,"$30,000 to $55,999",2,Working class,A small city or town,99999,Somewhat disagree,Democrat,,I am not religious,,6,6,3,6,6,1 Strongly disagree,attention,75,,
pid_1740,45-59,Female,,1980,White / Caucasian,,Some college or Associate's degree,No,Yes,No,"$56,000 to $99,999",6 or more,Middle class,A small city or town,99999,Somewhat disagree,Independent,,I am not religious,,6,6,2,6,6,1 Strongly disagree,attention,,,
pid_1741,18-29,Male,,1998,Other,Multiracial,Bachelor's degree,Yes,Yes,Yes,"$56,000 to $99,999",2,Middle class,A suburb near a large city,99999,Somewhat disagree,Democrat,,Protestant,,6,6,3,6,6,2,attention,75,Yes,80
pid_1742,60+,Male,,1965,Black / African-American,,Less than high school,Yes,No,Not applicable,"$30,000 to $55,999",3,Working class,A small city or town,99999,Somewhat disagree,Independent,,I am not religious,,6,6,4,6,7 Strongly agree,1 Strongly disagree,attention,,,
pid_1743,30-44,Male,,1985,White / Caucasian,,Bachelor's degree,Yes,Yes,Yes,"$56,000 to $99,999",1,Middle class,A small city or town,99999,Somewhat disagree,Independent,,I am not religious,,6,6,4,6,6,2,attention,,,
pid_1744,45-59,Male,,1969,White / Caucasian,,High school diploma / GED,No,Yes,Not applicable,"Less than $30,000",2,Working class,A small city or town,99999,Somewhat disagree,Democrat,,I am not religious,,7 Strongly agree,7 Strongly agree,2,7 Strongly agree,7 Strongly agree,1 Strongly disagree,attention,75,,
pid_1745,60+,Female,,1945,White / Caucasian,,Doctorate degree / Ph.D.,No,Yes,Yes,"Less than $30,000",1,Middle class,A small city or town,99999,Somewhat disagree,Independent,,Catholic,,6,6,4,6,6,1 Strongly disagree,attention,,No,30
pid_1746,45-59,Female,,1980,White / Caucasian,,Some college or Associate's degree,No,Yes,Yes,"$100,000 to $167,999",6 or more,Middle class,A suburb near a large city,99999,Somewhat disagree,Democrat,,Other religion (please specify),Other Christian denomination,7 Strongly agree,7 Strongly agree,3,7 Strongly agree,7 Strongly agree,1 Strongly disagree,attention,85,,90
pid_1747,60+,Male,,1965,White / Caucasian,,Some college or Associate's degree,Yes,Yes,No,"$56,000 to $99,999",3,Middle class,A small city or town,99999,Somewhat disagree,Republican,,Protestant,,6,6,4,6,6,2,attention,70,Yes,55
pid_1748,45-59,Female,,1969,Other,Other,Doctorate degree / Ph.D.,No,Yes,Yes,"$100,000 to $167,999",3,Middle class,A suburb near a large city,99999,Somewhat disagree,Independent,,Catholic,,6,6,3,6,7 Strongly agree,2,attention,,No,35
pid_1749,30-44,Male,,1985,Black / African-American,,Some college or Associate's degree,No,Yes,Yes,"$30,000 to $55,999",3,Working class,A small city or town,99999,Somewhat disagree,Republican,,Muslim,,6,6,4,6,6,2,attention,75,,85
pid_1750,60+,Male,,1965,White / Caucasian,,Bachelor's degree,Yes,Yes,Yes,"$100,000 to $167,999",3,Middle class,A small city or town,99999,Somewhat disagree,Independent,,Protestant,,6,6,2,6,6,1 Strongly disagree,attention,,No,35
pid_1751,45-59,Female,,1980,White / Caucasian,,Bachelor's degree,No,Yes,Yes,"$100,000 to $167,999",6 or more,Middle class,A suburb near a large city,99999,Somewhat disagree,Republican,,Mormon,,6,6,3,6,6,2,attention,75,No,85
pid_1752,60+,Female,,1965,White / Caucasian,,Bachelor's degree,No,Yes,Yes,"$56,000 to $99,999",4,Middle class,A suburb near a large city,99999,Somewhat disagree,Republican,,Protestant,,6,6,4,6,6,2,attention,70,No,45
pid_1753,18-29,Male,,2000,Other,Other,High school diploma / GED,Yes,Yes,Not applicable,"Less than $30,000",3,Working class,A small city or town,99999,Somewhat disagree,Republican,,Other religion (please specify),Other,7 Strongly agree,7 Strongly agree,4,7 Strongly agree,7 Strongly agree,1 Strongly disagree,attention,75,,10
pid_1754,60+,Female,,1948,White / Caucasian,,Doctorate degree / Ph.D.,No,Yes,Yes,"$56,000 to $99,999",2,Middle class,A suburb near a large city,99999,Somewhat disagree,Republican,,Protestant,,6,6,3,6,6,2,attention,50,No,40
pid_1755,45-59,Female,,1968,White / Caucasian,,High school diploma / GED,No,Yes,Not applicable,"Less than $30,000",3,Working class,A small city or town,99999,Somewhat disagree,Republican,,I am not religious,,6,6,5,6,6,1 Strongly disagree,attention,70,,
pid_1756,60+,Male,,1955,White / Caucasian,,Doctorate degree / Ph.D.,No,Yes,Yes,"$30,000 to $55,999",2,Middle class,A small city or town,99999,Somewhat disagree,Independent,,Protestant,,6,6,4,6,6,1 Strongly disagree,attention,,Yes,75
pid_1757,60+,Female,,1965,White / Caucasian,,Some college or Associate's degree,Yes,Yes,Yes,"$56,000 to $99,999",2,Middle class,A suburb near a large city,99999,Somewhat disagree,Republican,,Protestant,,6,6,4,6,6,2,attention,65,No,35
pid_1758,30-44,Male,,1982,White / Caucasian,,Doctorate degree / Ph.D.,Yes,Yes,Yes,"$100,000 to $167,999",6 or more,Middle class,A suburb near a large city,99999,Somewhat disagree,Independent,,Catholic,,7 Strongly agree,7 Strongly agree,2,7 Strongly agree,7 Strongly agree,1 Strongly disagree,attention,,No,55
pid_1759,30-44,Male,,1985,Latino / Hispanic,,Bachelor's degree,No,Yes,Yes,"$30,000 to $55,999",3,Middle class,A small city or town,99999,Somewhat disagree,Democrat,,Protestant,,7 Strongly agree,7 Strongly agree,2,7 Strongly agree,7 Strongly agree,1 Strongly disagree,attention,70,No,40
pid_1760,45-59,Male,,1968,Black / African-American,,High school diploma / GED,Yes,Yes,No,"$56,000 to $99,999",3,Working class,A large city,99999,Somewhat disagree,Democrat,,I am not religious,,6,6,3,6,6,1 Strongly disagree,attention,70,,
pid_1761,18-29,Female,,1998,White / Caucasian,,Doctorate degree / Ph.D.,Yes,Yes,Yes,"$30,000 to $55,999",3,Middle class,A suburb near a large city,99999,Somewhat disagree,Independent,,Catholic,,6,6,4,6,6,1 Strongly disagree,attention,,No,40
pid_1762,60+,Female,,1965,Black / African-American,,Some college or Associate's degree,Yes,Yes,Yes,"$56,000 to $99,999",6 or more,Middle class,A small city or town,99999,Somewhat disagree,Other (please specify),,Protestant,,6,6,4,6,6,2,attention,,Yes,85
pid_1763,45-59,Female,,1980,Latino / Hispanic,,Bachelor's degree,No,Yes,Yes,"$56,000 to $99,999",6 or more,Middle class,A suburb near a large city,99999,Somewhat disagree,Republican,,Catholic,,6,6,4,6,6,2,attention,70,No,80
pid_1764,18-29,Male,,1998,Latino / Hispanic,,Doctorate degree / Ph.D.,Yes,Yes,Yes,"$56,000 to $99,999",4,Middle class,A large city,99999,Somewhat disagree,Democrat,,I am not religious,,7 Strongly agree,7 Strongly agree,3,6,7 Strongly agree,1 Strongly disagree,attention,85,,
pid_1765,45-59,Female,,1980,White / Caucasian,,Bachelor's degree,Yes,Yes,Yes,"Less than $30,000",1,Working class,A small city or town,99999,Somewhat disagree,Independent,,I am not religious,,6,6,3,6,6,2,attention,,,
pid_1766,45-59,Male,,1980,White / Caucasian,,Some college or Associate's degree,Yes,Yes,No,"$56,000 to $99,999",2,Working class,A small city or town,99999,Somewhat disagree,Independent,,I am not religious,,6,6,3,6,6,1 Strongly disagree,attention,,,
pid_1767,18-29,Female,,2000,Other,,Some college or Associate's degree,Yes,Yes,Yes,"$30,000 to $55,999",6 or more,Working class,A small city or town,99999,Somewhat disagree,Republican,,Protestant,,6,6,3,6,6,2,attention,55,Yes,45
pid_1768,30-44,Male,,1984,White / Caucasian,,Master's degree / Professional degree,No,Yes,Yes,"$100,000 to $167,999",4,Upper class,A suburb near a large city,99999,Somewhat disagree,Democrat,,Catholic,,6,6,3,6,6,2,attention,85,No,75
pid_1769,18-29,Female,,1998,White / Caucasian,,Bachelor's degree,Yes,Yes,Yes,"$56,000 to $99,999",4,Middle class,A large city,99999,Somewhat disagree,Democrat,,I am not religious,,6,6,3,6,6,1 Strongly disagree,attention,70,,
pid_1770,30-44,Female,,1985,White / Caucasian,,Doctorate degree / Ph.D.,No,Yes,Yes,"$100,000 to $167,999",2,Middle class,A suburb near a large city,53202,Somewhat disagree,Democrat,,I am not religious,,6,6,2,6,6,1 Strongly disagree,attention,70,,
pid_1771,18-29,Male,,1998,Black / African-American,,Some college or Associate's degree,No,Yes,Yes,"$100,000 to $167,999",4,Middle class,A large city,99999,Somewhat disagree,Independent,,I am not religious,,6,6,4,6,6,2,attention,,,
pid_1772,60+,Female,,1965,Asian / Asian-American,,Doctorate degree / Ph.D.,Yes,Yes,Yes,"$168,000 or more",4,Middle class,A suburb near a large city,99999,Somewhat disagree,Democrat,,Protestant,,5,5,2,5,6,2,attention,75,Yes,75
pid_1773,18-29,Male,,2000,Latino / Hispanic,,High school diploma / GED,Yes,Yes,Not applicable,"$56,000 to $99,999",3,Working class,A small city or town,99999,Somewhat disagree,Democrat,,I am not religious,,6,6,3,6,6,2,attention,70,,
pid_1774,45-59,Female,,1968,White / Caucasian,,Some college or Associate's degree,Yes,Yes,Yes,"$100,000 to $167,999",3,Middle class,A suburb near a large city,99999,Somewhat disagree,Democrat,,I am not religious,,6,6,2,6,6,2,attention,80,,
pid_1775,45-59,Male,,1974,White / Caucasian,,Bachelor's degree,No,Yes,Yes,"$56,000 to $99,999",4,Middle class,A small city or town,85001,Somewhat disagree,Independent,,I am not religious,,6,6,3,6,6,1 Strongly disagree,attention,,,
pid_1776,30-44,Female,,1985,White / Caucasian,,Some college or Associate's degree,No,Yes,Yes,"$56,000 to $99,999",2,Middle class,A suburb near a large city,99999,Somewhat disagree,Independent,,Other religion (please specify),Spiritual but not religious,6,6,3,6,6,2,attention,,,20
pid_1777,30-44,Male,,1982,White / Caucasian,,Some college or Associate's degree,No,Yes,No,"Less than $30,000",6 or more,Working class,A small city or town,99999,Somewhat disagree,Democrat,,I am not religious,,6,6,4,6,6,1 Strongly disagree,attention,65,,
pid_1778,60+,Male,,1965,White / Caucasian,,Bachelor's degree,No,Yes,Yes,"$100,000 to $167,999",4,Middle class,A suburb near a large city,99999,Somewhat disagree,Democrat,,Catholic,,6,6,3,6,6,2,attention,65,No,35
pid_1779,30-44,Male,,1985,Other,Other,Some college or Associate's degree,No,Yes,Yes,"$56,000 to $99,999",1,Middle class,A small city or town,99999,Somewhat disagree,Independent,,I am not religious,,6,6,3,6,6,2,attention,,,
pid_1780,30-44,Male,,1985,Latino / Hispanic,,Bachelor's degree,Yes,Yes,Yes,"$100,000 to $167,999",2,Middle class,A suburb near a large city,99999,Somewhat disagree,Democrat,,I am not religious,,6,6,3,6,6,1 Strongly disagree,attention,85,,
pid_1781,30-44,Male,,1985,White / Caucasian,,High school diploma / GED,No,Yes,Not applicable,"Less than $30,000",1,Working class,A small city or town,99999,Somewhat disagree,Independent,,Catholic,,6,6,5,6,6,2,attention,,No,45
pid_1782,30-44,Male,,1985,White / Caucasian,,Some college or Associate's degree,Yes,Yes,Yes,"$56,000 to $99,999",3,Middle class,A suburb near a large city,99999,Somewhat disagree,Independent,,I am not religious,,6,6,3,6,6,2,attention,,,
pid_1783,60+,Female,,1965,White / Caucasian,,High school diploma / GED,Yes,Yes,No,"$30,000 to $55,999",3,Middle class,A small city or town,99999,Somewhat disagree,Independent,,Other religion (please specify),Spiritual but not religious,6,6,4,6,6,2,attention,,,20
pid_1784,18-29,Male,,2000,Other,,Bachelor's degree,No,Yes,Yes,"Less than $30,000",2,Working class,A small city or town,99999,Somewhat disagree,Independent,,I am not religious,,6,6,3,6,6,1 Strongly disagree,attention,,,
pid_1785,60+,Female,,1965,White / Caucasian,,High school diploma / GED,Yes,Yes,Not applicable,"$30,000 to $55,999",2,Working class,A small city or town,99999,Somewhat disagree,Republican,,Protestant,,6,6,4,6,6,2,attention,75,Yes,45
pid_1786,60+,Male,,1965,White / Caucasian,,Some college or Associate's degree,No,Yes,Yes,"$56,000 to $99,999",2,Middle class,A suburb near a large city,99999,Somewhat disagree,Democrat,,Jewish,,7 Strongly agree,7 Strongly agree,4,6,7 Strongly agree,1 Strongly disagree,attention,65,,20
pid_1787,30-44,Female,,1985,Latino / Hispanic,,High school diploma / GED,Yes,Yes,No,"$30,000 to $55,999",3,Working class,A suburb near a large city,99999,Somewhat disagree,Democrat,,Protestant,,6,6,4,6,6,2,attention,85,Yes,60
pid_1788,60+,Female,,1945,White / Caucasian,,Master's degree / Professional degree,Yes,Yes,Yes,"$100,000 to $167,999",2,Middle class,A suburb near a large city,99999,Somewhat disagree,Democrat,,Jewish,,6,6,3,6,6,2,attention,70,,35
pid_1789,30-44,Male,,1985,White / Caucasian,,Some college or Associate's degree,No,Yes,Yes,"$168,000 or more",2,Middle class,A small city or town,99999,Somewhat disagree,Independent,,Protestant,,6,6,3,6,6,2,attention,,No,60
pid_1790,30-44,Female,,1985,Black / African-American,,Some college or Associate's degree,No,Yes,Yes,"Less than $30,000",1,Working class,A small city or town,99999,Somewhat disagree,Independent,,I am not religious,,6,6,3,6,6,2,attention,,,
pid_1791,60+,Female,,1962,Asian / Asian-American,,Bachelor's degree,Yes,Yes,Yes,"$100,000 to $167,999",6 or more,Middle class,A suburb near a large city,99999,Somewhat disagree,Independent,,Catholic,,6,6,3,6,6,2,attention,,No,60
pid_1792,60+,Female,,1950,White / Caucasian,,Doctorate degree / Ph.D.,Yes,Yes,Yes,"$56,000 to $99,999",2,Middle class,A suburb near a large city,99999,Somewhat disagree,Democrat,,I am not religious,,6,6,3,6,6,1 Strongly disagree,attention,65,,
pid_1793,60+,Female,,1966,Asian / Asian-American,,Some college or Associate's degree,Yes,Yes,Yes,"Less than $30,000",2,Working class,A small city or town,99999,Somewhat disagree,Independent,,Buddhist,,6,6,4,5,6,2,attention,,,25
pid_1794,60+,Male,,1965,White / Caucasian,,Bachelor's degree,Yes,Yes,Yes,"$100,000 to $167,999",2,Middle class,A suburb near a large city,99999,Somewhat disagree,Independent,,Catholic,,6,6,2,6,6,1 Strongly disagree,attention,,No,45
pid_1795,30-44,Female,,1985,White / Caucasian,,Bachelor's degree,No,Yes,Yes,"Less than $30,000",1,Working class,A small city or town,99999,Somewhat disagree,Democrat,,I am not religious,,7 Strongly agree,7 Strongly agree,3,6,7 Strongly agree,1 Strongly disagree,attention,85,,
pid_1797,30-44,Female,,1982,White / Caucasian,,Bachelor's degree,No,Yes,Yes,"$100,000 to $167,999",4,Middle class,A suburb near a large city,55401,Somewhat disagree,Independent,,I am not religious,,6,6,3,6,6,2,attention,,,
pid_1798,60+,Male,,1965,White / Caucasian,,Bachelor's degree,Yes,Yes,Yes,"$100,000 to $167,999",2,Middle class,A suburb near a large city,99999,Somewhat disagree,Republican,,I am not religious,,7 Strongly agree,7 Strongly agree,3,6,7 Strongly agree,1 Strongly disagree,attention,75,,
pid_1799,30-44,Male,,1985,Black / African-American,,Some college or Associate's degree,No,Yes,Yes,"$30,000 to $55,999",3,Middle class,A suburb near a large city,99999,Somewhat disagree,Democrat,,Muslim,,6,6,4,6,6,2,attention,65,,65
pid_1800,30-44,Female,,1985,White / Caucasian,,Some college or Associate's degree,No,Yes,Yes,"$30,000 to $55,999",6 or more,Middle class,A small city or town,99999,Somewhat disagree,Independent,,Other religion (please specify),Spiritual but not affiliated with a specific religion,6,6,4,6,6,2,attention,,,15
pid_1801,60+,Male,,1965,White / Caucasian,,Doctorate degree / Ph.D.,Yes,Yes,Yes,"$168,000 or more",2,Upper class,A suburb near a large city,99999,Somewhat disagree,Other (please specify),Something else,Catholic,,6,6,3,6,6,2,attention,,No,25
pid_1802,30-44,Male,,1985,Other,Other,Bachelor's degree,Yes,Yes,Yes,"Less than $30,000",1,Working class,A small city or town,99999,Somewhat disagree,Independent,,I am not religious,,6,6,2,6,6,1 Strongly disagree,attention,,,
pid_1803,60+,Female,,1965,White / Caucasian,,Some college or Associate's degree,No,Yes,Yes,"$100,000 to $167,999",3,Middle class,A small city or town,99999,Somewhat disagree,Democrat,,I am not religious,,7 Strongly agree,7 Strongly agree,2,7 Strongly agree,7 Strongly agree,1 Strongly disagree,attention,85,,
pid_1804,45-59,Female,,1968,Latino / Hispanic,,Bachelor's degree,No,Yes,Yes,"$30,000 to $55,999",4,Middle class,A small city or town,99999,Somewhat disagree,Republican,,Mormon,,7 Strongly agree,7 Strongly agree,2,7 Strongly agree,7 Strongly agree,1 Strongly disagree,attention,70,Yes,70
pid_1805,30-44,Male,,1985,Black / African-American,,Bachelor's degree,No,Yes,Yes,"$56,000 to $99,999",2,Middle class,A small city or town,99999,Somewhat disagree,Independent,,Protestant,,6,6,4,6,6,1 Strongly disagree,attention,,No,45
pid_1806,60+,Female,,1965,White / Caucasian,,Master's degree / Professional degree,Yes,Yes,Yes,"$56,000 to $99,999",3,Middle class,A suburb near a large city,99999,Somewhat disagree,Republican,,Catholic,,6,6,3,6,6,2,attention,80,No,75
pid_1807,18-29,Female,,2000,Latino / Hispanic,,Bachelor's degree,Yes,Yes,Yes,"Less than $30,000",1,Working class,A small city or town,99999,Somewhat disagree,Independent,,Catholic,,6,6,4,6,6,2,attention,,No,35
pid_1808,60+,Female,,1945,White / Caucasian,,Some college or Associate's degree,No,Yes,Yes,"$30,000 to $55,999",1,Middle class,A small city or town,99999,Somewhat disagree,Democrat,,I am not religious,,6,6,3,6,6,2,attention,70,,
pid_1809,18-29,Male,,2000,White / Caucasian,,High school diploma / GED,Yes,Yes,Not applicable,"$30,000 to $55,999",2,Working class,A small city or town,99999,Somewhat disagree,Independent,,I am not religious,,6,6,2,6,6,1 Strongly disagree,attention,,,
pid_1810,60+,Female,,1965,Black / African-American,,Bachelor's degree,Yes,Yes,Yes,"$56,000 to $99,999",4,Middle class,A suburb near a large city,99999,Somewhat disagree,Independent,,Protestant,,6,6,3,6,7 Strongly agree,2,attention,,Yes,85
pid_1811,45-59,Female,,1978,White / Caucasian,,High school diploma / GED,Yes,Yes,Not applicable,"Less than $30,000",2,Working class,A small city or town,99999,Somewhat disagree,Democrat,,I am not religious,,6,6,3,6,6,2,attention,70,,
pid_1812,30-44,Female,,1985,White / Caucasian,,Bachelor's degree,Yes,Yes,Yes,"$56,000 to $99,999",1,Middle class,A small city or town,99999,Somewhat disagree,Democrat,,Protestant,,6,6,3,6,6,2,attention,70,No,25
pid_1813,45-59,Male,,1980,White / Caucasian,,Master's degree / Professional degree,Yes,Yes,Yes,"$100,000 to $167,999",4,Upper class,A suburb near a large city,99999,Somewhat disagree,Democrat,,I am not religious,,6,6,4,6,6,1 Strongly disagree,attention,85,,
pid_1814,18-29,Female,,2000,White / Caucasian,,Some college or Associate's degree,Yes,Yes,Yes,"$168,000 or more",6 or more,Upper class,A small city or town,99999,Somewhat disagree,Republican,,Catholic,,6,6,5,6,6,2,attention,90,No,85
pid_1815,60+,Female,,1964,Black / African-American,,Bachelor's degree,No,Yes,Yes,"$56,000 to $99,999",2,Middle class,A small city or town,99999,Somewhat disagree,Democrat,,Other religion (please specify),Spiritual but not religious,7 Strongly agree,7 Strongly agree,4,6,7 Strongly agree,1 Strongly disagree,attention,85,,20
pid_1816,45-59,Female,,1969,White / Caucasian,,Bachelor's degree,Yes,Yes,Yes,"$100,000 to $167,999",4,Middle class,A suburb near a large city,99999,Somewhat disagree,Democrat,,Protestant,,6,6,3,6,6,2,attention,70,No,35
pid_1817,60+,Female,,1965,White / Caucasian,,Bachelor's degree,Yes,Yes,Yes,"$56,000 to $99,999",4,Middle class,A suburb near a large city,99999,Somewhat disagree,Democrat,,Catholic,,6,6,4,6,6,2,attention,75,No,45
pid_1818,30-44,Female,,1985,Asian / Asian-American,,Doctorate degree / Ph.D.,Yes,Yes,Yes,"$30,000 to $55,999",2,Middle class,A suburb near a large city,99999,Somewhat disagree,Democrat,,Catholic,,6,6,5,6,6,1 Strongly disagree,attention,70,No,35
pid_1819,30-44,Male,,1985,White / Caucasian,,Bachelor's degree,Yes,Yes,Yes,"$56,000 to $99,999",3,Middle class,A suburb near a large city,99999,Somewhat disagree,Independent,,Catholic,,7 Strongly agree,7 Strongly agree,5,7 Strongly agree,7 Strongly agree,1 Strongly disagree,attention,,No,55
pid_1820,30-44,Female,,1982,White / Caucasian,,Bachelor's degree,Yes,Yes,Yes,"$56,000 to $99,999",1,Middle class,A small city or town,99999,Somewhat disagree,Independent,,I am not religious,,6,6,3,6,6,1 Strongly disagree,attention,,,
pid_1821,30-44,Female,,1985,Latino / Hispanic,,Some college or Associate's degree,No,Yes,Yes,"$100,000 to $167,999",2,Middle class,A suburb near a large city,99999,Somewhat disagree,Democrat,,I am not religious,,6,6,4,6,7 Strongly agree,1 Strongly disagree,attention,75,,
pid_1822,60+,Female,,1965,White / Caucasian,,Bachelor's degree,No,Yes,Yes,"$168,000 or more",2,Upper class,A suburb near a large city,99999,Somewhat disagree,Democrat,,I am not religious,,6,6,3,6,6,1 Strongly disagree,attention,85,,
pid_1823,18-29,Male,,2000,White / Caucasian,,Some college or Associate's degree,No,Yes,Yes,"Less than $30,000",6 or more,Working class,A small city or town,99999,Somewhat disagree,Republican,,Mormon,,6,6,3,6,6,2,attention,60,Yes,80
pid_1824,18-29,Male,,2000,Latino / Hispanic,,Some college or Associate's degree,Yes,Yes,Yes,"$30,000 to $55,999",4,Working class,A suburb near a large city,99999,Somewhat disagree,Republican,,Catholic,,6,6,4,6,6,2,attention,60,No,45
pid_1825,18-29,Female,,2000,White / Caucasian,,High school diploma / GED,No,Yes,Not applicable,"Less than $30,000",2,Working class,A small city or town,99999,Somewhat disagree,Democrat,,I am not religious,,6,6,4,6,6,2,attention,75,,
pid_1826,30-44,Female,,1985,White / Caucasian,,Master's degree / Professional degree,Yes,Yes,Yes,"$56,000 to $99,999",1,Middle class,A large city,99999,Somewhat disagree,Independent,,I am not religious,,6,6,2,6,6,1 Strongly disagree,attention,,,
pid_1827,30-44,Male,,1982,White / Caucasian,,Doctorate degree / Ph.D.,Yes,Yes,Yes,"$100,000 to $167,999",3,Middle class,A suburb near a large city,99999,Somewhat disagree,Republican,,Protestant,,6,6,4,6,6,2,attention,80,Yes,80
pid_1828,30-44,Female,,1984,White / Caucasian,,Bachelor's degree,Yes,Yes,Yes,"$56,000 to $99,999",2,Middle class,A suburb near a large city,99999,Somewhat disagree,Independent,,I am not religious,,6,6,3,6,6,1 Strongly disagree,attention,,,
pid_1829,18-29,Female,,1998,White / Caucasian,,Bachelor's degree,Yes,Yes,Yes,"$30,000 to $55,999",2,Middle class,A small city or town,99999,Somewhat disagree,Democrat,,I am not religious,,6,6,3,6,7 Strongly agree,1 Strongly disagree,attention,75,,
pid_1830,60+,Male,,1965,White / Caucasian,,Some college or Associate's degree,No,Yes,Yes,"$56,000 to $99,999",4,Middle class,A small city or town,99999,Somewhat disagree,Independent,,I am not religious,,6,6,3,6,6,2,attention,,,
pid_1831,18-29,Female,,1999,White / Caucasian,,Bachelor's degree,Yes,Yes,Yes,"$56,000 to $99,999",2,Middle class,A suburb near a large city,99999,Somewhat disagree,Independent,,I am not religious,,6,6,4,6,6,2,attention,,,
pid_1832,60+,Male,,1965,White / Caucasian,,Master's degree / Professional degree,Yes,Yes,Yes,"$56,000 to $99,999",1,Middle class,A small city or town,99999,Somewhat disagree,Independent,,Catholic,,6,6,3,6,6,1 Strongly disagree,attention,,No,75
pid_1833,18-29,Female,,2000,Latino / Hispanic,,Some college or Associate's degree,Yes,Yes,Yes,"$100,000 to $167,999",6 or more,Middle class,A suburb near a large city,99999,Somewhat disagree,Democrat,,I am not religious,,6,6,3,6,6,2,attention,70,,
pid_1834,60+,Female,,1962,White / Caucasian,,Bachelor's degree,No,Yes,Yes,"$56,000 to $99,999",1,Middle class,A small city or town,99999,Somewhat disagree,Independent,,Catholic,,6,6,3,6,6,2,attention,,No,75
pid_1835,30-44,Female,,1985,White / Caucasian,,Bachelor's degree,No,Yes,Yes,"$30,000 to $55,999",1,Middle class,A small city or town,99999,Somewhat disagree,Republican,,I am not religious,,6,6,4,6,6,1 Strongly disagree,attention,65,,
pid_1836,45-59,Male,,1980,White / Caucasian,,Master's degree / Professional degree,Yes,Yes,Yes,"$168,000 or more",4,Middle class,A suburb near a large city,99999,Somewhat disagree,Republican,,Protestant,,6,6,4,6,6,2,attention,75,Yes,75
pid_1837,18-29,Male,,1998,Latino / Hispanic,,High school diploma / GED,Yes,Yes,Not applicable,"$56,000 to $99,999",6 or more,Working class,A small city or town,99999,Somewhat disagree,Democrat,,Other religion (please specify),Spiritual but not religious,7 Strongly agree,7 Strongly agree,2,6,7 Strongly agree,2,attention,65,,30
pid_1838,30-44,Male,,1985,White / Caucasian,,Bachelor's degree,No,Yes,Yes,"$56,000 to $99,999",2,Middle class,A suburb near a large city,99999,Somewhat disagree,Democrat,,I am not religious,,6,6,3,6,6,1 Strongly disagree,attention,70,,
pid_1839,18-29,Female,,1998,Asian / Asian-American,,Bachelor's degree,No,Yes,Yes,"$30,000 to $55,999",3,Middle class,A large city,10001,Somewhat disagree,Democrat,,I am not religious,,5,5,2,5,5,2,attention,75,,
pid_1840,30-44,Female,,1985,Latino / Hispanic,,Some college or Associate's degree,No,Yes,Yes,"$56,000 to $99,999",2,Middle class,A suburb near a large city,99999,Somewhat disagree,Democrat,,Protestant,,6,6,4,6,6,4,attention,65,No,20
pid_1841,30-44,Female,,1985,White / Caucasian,,Some college or Associate's degree,No,Yes,Yes,"Less than $30,000",1,Working class,A small city or town,99999,Somewhat disagree,Democrat,,Protestant,,6,6,2,6,6,1 Strongly disagree,attention,75,No,40
pid_1842,60+,Male,,1965,Black / African-American,,Some college or Associate's degree,Yes,Yes,Yes,"$56,000 to $99,999",6 or more,Middle class,A small city or town,99999,Somewhat disagree,Independent,,Other religion (please specify),African Methodist Episcopal,7 Strongly agree,7 Strongly agree,2,7 Strongly agree,7 Strongly agree,1 Strongly disagree,attention,,,90
pid_1843,30-44,Male,,1985,White / Caucasian,,Bachelor's degree,Yes,Yes,Yes,"Less than $30,000",6 or more,Working class,A small city or town,99999,Somewhat disagree,Republican,,Protestant,,6,7 Strongly agree,3,6,7 Strongly agree,2,attention,85,Yes,85
pid_1844,18-29,Male,,2000,White / Caucasian,,Some college or Associate's degree,Yes,Yes,Yes,"$30,000 to $55,999",6 or more,Working class,A small city or town,99999,Somewhat disagree,Independent,,I am not religious,,6,6,3,5,6,2,attention,,,
pid_1845,60+,Female,,1964,Asian / Asian-American,,Master's degree / Professional degree,Yes,Yes,Yes,"$56,000 to $99,999",2,Middle class,A suburb near a large city,99999,Somewhat disagree,Independent,,Catholic,,6,6,3,6,6,1 Strongly disagree,attention,,No,70
pid_1846,60+,Female,,1965,White / Caucasian,,Some college or Associate's degree,Yes,Yes,Yes,"Less than $30,000",3,Working class,A small city or town,99999,Somewhat disagree,Democrat,,I am not religious,,6,6,3,6,6,2,attention,75,,
pid_1847,45-59,Male,,1978,Asian / Asian-American,,Doctorate degree / Ph.D.,No,Yes,Yes,"$56,000 to $99,999",1,Middle class,A small city or town,99999,Somewhat disagree,Republican,,Protestant,,6,6,4,6,6,2,attention,70,No,35
pid_1848,60+,Male,,1965,Asian / Asian-American,,Bachelor's degree,No,Yes,Yes,"$56,000 to $99,999",4,Middle class,A small city or town,99999,Somewhat disagree,Republican,,Protestant,,6,6,4,6,6,2,attention,65,Yes,80
pid_1849,18-29,Male,,1998,Latino / Hispanic,,Bachelor's degree,Yes,Yes,Yes,"$56,000 to $99,999",2,Middle class,A suburb near a large city,99999,Somewhat disagree,Other (please specify),Something else,I am not religious,,6,6,3,6,6,2,attention,,,
pid_1850,18-29,Female,,2000,Asian / Asian-American,,Bachelor's degree,No,Yes,Yes,"$30,000 to $55,999",2,Middle class,A small city or town,99999,Somewhat disagree,Independent,,I am not religious,,6,6,3,6,6,2,attention,,,
pid_1851,45-59,Male,,1978,White / Caucasian,,Some college or Associate's degree,No,Yes,Yes,"$56,000 to $99,999",1,Middle class,A small city or town,99999,Somewhat disagree,Democrat,,I am not religious,,6,6,4,6,6,1 Strongly disagree,attention,70,,
pid_1852,45-59,Female,,1970,White / Caucasian,,Master's degree / Professional degree,No,Yes,Yes,"$168,000 or more",4,Middle class,A suburb near a large city,99999,Somewhat disagree,Republican,,Protestant,,6,6,3,6,6,2,attention,70,Yes,75
pid_1853,18-29,Male,,1998,Latino / Hispanic,,Some college or Associate's degree,No,Yes,Yes,"$30,000 to $55,999",4,Working class,A suburb near a large city,99999,Somewhat disagree,Republican,,I am not religious,,6,6,4,6,6,1 Strongly disagree,attention,70,,
pid_1854,60+,Male,,1965,White / Caucasian,,Bachelor's degree,No,Yes,Yes,"$30,000 to $55,999",4,Working class,A small city or town,99999,Somewhat disagree,Democrat,,Protestant,,6,6,5,6,6,2,attention,85,No,35
pid_1855,18-29,Female,,2000,White / Caucasian,,Some college or Associate's degree,Yes,Yes,Yes,"Less than $30,000",6 or more,Working class,A small city or town,99999,Somewhat disagree,Republican,,Other religion (please specify),Non-denominational Christian,6,6,3,6,6,2,attention,65,,80
pid_1856,18-29,Female,,2000,White / Caucasian,,Bachelor's degree,No,Yes,Yes,"Less than $30,000",1,Working class,A small city or town,99999,Somewhat disagree,Democrat,,Catholic,,5,5,4,5,5,4,attention,60,No,35
pid_1857,45-59,Male,,1978,White / Caucasian,,Doctorate degree / Ph.D.,Yes,Yes,Yes,"$100,000 to $167,999",6 or more,Middle class,A suburb near a large city,99999,Somewhat disagree,Republican,,Protestant,,6,6,3,6,6,2,attention,70,Yes,75
pid_1858,60+,Female,,1965,White / Caucasian,,Some college or Associate's degree,No,Yes,Yes,"$100,000 to $167,999",4,Middle class,A suburb near a large city,99999,Somewhat disagree,Republican,,Catholic,,6,6,2,6,6,2,attention,85,No,35
pid_1859,18-29,Male,,2000,White / Caucasian,,High school diploma / GED,Yes,Yes,Not applicable,"Less than $30,000",1,Working class,A small city or town,99999,Somewhat disagree,Republican,,I am not religious,,6,6,4,6,6,1 Strongly disagree,attention,70,,
pid_1860,45-59,Male,,1980,White / Caucasian,,Master's degree / Professional degree,No,Yes,Yes,"$56,000 to $99,999",1,Middle class,A large city,99999,Somewhat disagree,Democrat,,I am not religious,,6,6,4,6,6,1 Strongly disagree,attention,65,,
pid_1861,18-29,Male,,2000,Latino / Hispanic,,Bachelor's degree,No,Yes,Yes,"$56,000 to $99,999",6 or more,Middle class,A small city or town,99999,Somewhat disagree,Democrat,,I am not religious,,6,6,2,6,6,1 Strongly disagree,attention,70,,
pid_1862,30-44,Male,,1985,White / Caucasian,,Master's degree / Professional degree,Yes,Yes,Yes,"$100,000 to $167,999",3,Middle class,A suburb near a large city,99999,Somewhat disagree,Democrat,,I am not religious,,6,6,2,6,6,1 Strongly disagree,attention,85,,
pid_1863,30-44,Female,,1987,Other,Other,Bachelor's degree,Yes,Yes,Yes,"$56,000 to $99,999",2,Middle class,A suburb near a large city,99999,Somewhat disagree,Independent,,I am not religious,,6,6,3,6,6,2,attention,,,
pid_1864,60+,Male,,1955,White / Caucasian,,Bachelor's degree,Yes,Yes,Yes,"$100,000 to $167,999",3,Middle class,A suburb near a large city,99999,Somewhat disagree,Democrat,,Other religion (please specify),Other Christian denomination,6,6,3,6,6,2,attention,60,,70
pid_1865,18-29,Male,,2000,White / Caucasian,,Some college or Associate's degree,Yes,Yes,Yes,"$30,000 to $55,999",1,Working class,A small city or town,99999,Somewhat disagree,Independent,,Protestant,,6,6,4,6,6,2,attention,,Yes,85
pid_1866,45-59,Female,,1980,White / Caucasian,,Some college or Associate's degree,Yes,Yes,No,"$30,000 to $55,999",1,Working class,A small city or town,99999,Somewhat disagree,Independent,,Protestant,,6,6,3,6,6,2,attention,,Yes,35
pid_1867,60+,Female,,1945,White / Caucasian,,Bachelor's degree,No,Yes,Yes,"$56,000 to $99,999",6 or more,Middle class,A small city or town,99999,Somewhat disagree,Democrat,,Catholic,,6,6,3,6,6,2,attention,70,No,75
pid_1868,60+,Female,,1965,Asian / Asian-American,,Bachelor's degree,No,Yes,Yes,"$100,000 to $167,999",6 or more,Middle class,A suburb near a large city,99999,Somewhat disagree,Republican,,Catholic,,6,6,3,6,6,2,attention,70,No,60
pid_1869,18-29,Male,,2000,Latino / Hispanic,,High school diploma / GED,Yes,Yes,Not applicable,"$30,000 to $55,999",3,Working class,A small city or town,99999,Somewhat disagree,Democrat,,Catholic,,6,6,3,6,6,2,attention,70,No,40
pid_1870,45-59,Female,,1980,White / Caucasian,,Some college or Associate's degree,No,Yes,Yes,"$56,000 to $99,999",6 or more,Middle class,A small city or town,99999,Somewhat disagree,Republican,,I am not religious,,6,6,3,6,6,2,attention,60,,
pid_1871,30-44,Male,,1985,White / Caucasian,,Bachelor's degree,No,Yes,Yes,"$30,000 to $55,999",2,Middle class,A suburb near a large city,99999,Somewhat disagree,Independent,,I am not religious,,6,6,3,6,7 Strongly agree,1 Strongly disagree,attention,,,
pid_1872,45-59,Male,,1978,White / Caucasian,,Some college or Associate's degree,No,Yes,Yes,"$56,000 to $99,999",1,Middle class,A small city or town,99999,Somewhat disagree,Independent,,Orthodox Christian,,7 Strongly agree,7 Strongly agree,4,7 Strongly agree,7 Strongly agree,1 Strongly disagree,attention,,No,20
pid_1873,30-44,Female,,1985,Asian / Asian-American,,Bachelor's degree,No,Yes,Yes,"$56,000 to $99,999",2,Middle class,A large city,99999,Somewhat disagree,Democrat,,I am not religious,,6,6,3,6,6,2,attention,70,,
pid_1874,18-29,Female,,2000,White / Caucasian,,High school diploma / GED,Yes,Yes,Not applicable,"$56,000 to $99,999",3,Working class,A small city or town,99999,Somewhat disagree,Other (please specify),,Other religion (please specify),Non-denominational Christian,6,6,4,6,6,2,attention,,,85
pid_1875,18-29,Female,,1998,White / Caucasian,,Master's degree / Professional degree,Yes,Yes,Yes,"$56,000 to $99,999",1,Middle class,A large city,99999,Somewhat disagree,Democrat,,Other religion (please specify),Spiritual but not religious,6,6,4,6,6,2,attention,80,,25
pid_1876,60+,Male,,1965,White / Caucasian,,Doctorate degree / Ph.D.,Yes,Yes,Yes,"$168,000 or more",2,Upper class,A suburb near a large city,99999,Somewhat disagree,Democrat,,I am not religious,,7 Strongly agree,7 Strongly agree,2,7 Strongly agree,7 Strongly agree,1 Strongly disagree,attention,85,,
pid_1877,30-44,Female,,1985,White / Caucasian,,Bachelor's degree,Yes,Yes,Yes,"$56,000 to $99,999",6 or more,Middle class,A suburb near a large city,99999,Somewhat disagree,Democrat,,I am not religious,,6,6,2,6,6,2,attention,80,,
pid_1878,45-59,Male,,1980,White / Caucasian,,High school diploma / GED,Yes,Yes,No,"$56,000 to $99,999",6 or more,Working class,A small city or town,99999,Somewhat disagree,Republican,,Other religion (please specify),Other,6,6,4,6,6,2,attention,60,,85
pid_1879,60+,Female,,1965,White / Caucasian,,Some college or Associate's degree,No,Yes,Yes,"$30,000 to $55,999",2,Working class,A small city or town,99999,Somewhat disagree,Republican,,Protestant,,6,6,4,6,6,1 Strongly disagree,attention,90,No,15
pid_1880,60+,Male,,1965,White / Caucasian,,Master's degree / Professional degree,Yes,Yes,Yes,"$168,000 or more",4,Middle class,A suburb near a large city,99999,Somewhat disagree,Democrat,,Protestant,,7 Strongly agree,7 Strongly agree,3,7 Strongly agree,7 Strongly agree,1 Strongly disagree,attention,80,No,70
pid_1882,30-44,Male,,1985,White / Caucasian,,Some college or Associate's degree,Yes,Yes,No,"$30,000 to $55,999",2,Working class,A suburb near a large city,99999,Somewhat disagree,Republican,,I am not religious,,6,6,5,6,6,1 Strongly disagree,attention,55,,
pid_1883,45-59,Female,,1980,White / Caucasian,,Some college or Associate's degree,Yes,Yes,Yes,"$30,000 to $55,999",3,Middle class,A suburb near a large city,99999,Somewhat disagree,Republican,,I am not religious,,6,6,4,6,6,2,attention,55,,
pid_1884,60+,Male,,1965,White / Caucasian,,Bachelor's degree,No,Yes,Yes,"$100,000 to $167,999",3,Middle class,A small city or town,99999,Somewhat disagree,Republican,,Protestant,,6,6,3,6,6,2,attention,75,No,25
pid_1885,60+,Male,,1955,White / Caucasian,,Some college or Associate's degree,Yes,Yes,Yes,"$30,000 to $55,999",1,Working class,A small city or town,99999,Somewhat disagree,Democrat,,Catholic,,6,6,3,6,6,2,attention,75,No,35
pid_1886,18-29,Male,,2000,White / Caucasian,,Some college or Associate's degree,Yes,Yes,Yes,"$56,000 to $99,999",1,Middle class,A small city or town,99999,Somewhat disagree,Republican,,Protestant,,6,6,4,6,6,2,attention,75,Yes,85
pid_1887,18-29,Male,,2000,Latino / Hispanic,,Doctorate degree / Ph.D.,No,Yes,Yes,"$100,000 to $167,999",4,Middle class,A large city,99999,Somewhat disagree,Independent,,Catholic,,6,6,4,6,6,2,attention,,No,15
pid_1888,60+,Male,,1948,White / Caucasian,,Bachelor's degree,No,Yes,Yes,"$56,000 to $99,999",2,Middle class,A small city or town,99999,Somewhat disagree,Democrat,,Other religion (please specify),Other,7 Strongly agree,7 Strongly agree,3,7 Strongly agree,7 Strongly agree,1 Strongly disagree,attention,70,,25
pid_1889,30-44,Male,,1985,White / Caucasian,,Some college or Associate's degree,Yes,Yes,Yes,"$30,000 to $55,999",1,Working class,A small city or town,99999,Somewhat disagree,Independent,,I am not religious,,6,6,3,6,6,1 Strongly disagree,attention,,,
pid_1890,30-44,Male,,1985,White / Caucasian,,Some college or Associate's degree,Yes,Yes,No,"$56,000 to $99,999",2,Middle class,A small city or town,99999,Somewhat disagree,Republican,,Protestant,,6,6,4,6,6,2,attention,70,Yes,60
pid_1891,18-29,Female,,2000,Latino / Hispanic,,High school diploma / GED,Yes,Yes,Not applicable,"$56,000 to $99,999",4,Middle class,A suburb near a large city,99999,Somewhat disagree,Independent,,Catholic,,6,6,2,6,6,2,attention,,No,35
pid_1892,30-44,Male,,1985,White / Caucasian,,Some college or Associate's degree,Yes,Yes,Yes,"$56,000 to $99,999",2,Middle class,A small city or town,99999,Somewhat disagree,Independent,,Other religion (please specify),Spiritual but not religious,7 Strongly agree,7 Strongly agree,4,7 Strongly agree,7 Strongly agree,1 Strongly disagree,attention,,,35
pid_1893,18-29,Female,,2000,Latino / Hispanic,,Some college or Associate's degree,No,Yes,Yes,"$100,000 to $167,999",4,Middle class,A suburb near a large city,99999,Somewhat disagree,Democrat,,I am not religious,,6,6,3,6,6,2,attention,75,,
pid_1895,30-44,Male,,1985,Black / African-American,,Bachelor's degree,No,Yes,Yes,"$56,000 to $99,999",6 or more,Middle class,A suburb near a large city,99999,Somewhat disagree,Independent,,I am not religious,,6,6,2,6,7 Strongly agree,1 Strongly disagree,attention,,,
pid_1896,60+,Female,,1948,White / Caucasian,,Doctorate degree / Ph.D.,Yes,Yes,Yes,"$56,000 to $99,999",4,Middle class,A suburb near a large city,99999,Somewhat disagree,Republican,,Catholic,,6,6,3,6,6,2,attention,85,No,85
pid_1897,45-59,Male,,1980,White / Caucasian,,Bachelor's degree,Yes,Yes,Yes,"$56,000 to $99,999",2,Middle class,A suburb near a large city,99999,Somewhat disagree,Democrat,,Catholic,,6,6,4,6,6,2,attention,75,No,75
pid_1898,30-44,Male,,1985,Black / African-American,,High school diploma / GED,Yes,Yes,Not applicable,"Less than $30,000",6 or more,Working class,A small city or town,99999,Somewhat disagree,Other (please specify),Progressive,I am not religious,,6,6,3,6,6,2,attention,,,
pid_1899,30-44,Male,,1985,White / Caucasian,,Bachelor's degree,No,Yes,Yes,"Less than $30,000",6 or more,Working class,A suburb near a large city,99999,Somewhat disagree,Independent,,I am not religious,,6,6,3,6,6,1 Strongly disagree,attention,,,
pid_1900,60+,Male,,1964,White / Caucasian,,Some college or Associate's degree,Yes,Yes,Yes,"Less than $30,000",1,Working class,A small city or town,99999,Somewhat disagree,Independent,,I am not religious,,7 Strongly agree,7 Strongly agree,5,7 Strongly agree,7 Strongly agree,1 Strongly disagree,attention,,,
pid_1901,30-44,Female,,1982,White / Caucasian,,Bachelor's degree,No,Yes,Yes,"$168,000 or more",6 or more,Middle class,A suburb near a large city,99999,Somewhat disagree,Republican,,Protestant,,6,6,3,6,6,2,attention,90,Yes,90
pid_1902,60+,Male,,1965,Other,Other,Bachelor's degree,Yes,Yes,Yes,"$100,000 to $167,999",1,Middle class,A small city or town,99999,Somewhat disagree,Independent,,Other religion (please specify),Other,6,6,3,6,6,2,attention,,,35
pid_1903,45-59,Female,,1980,White / Caucasian,,Master's degree / Professional degree,No,Yes,Yes,"$100,000 to $167,999",4,Middle class,A suburb near a large city,99999,Somewhat disagree,Independent,,Other religion (please specify),Spiritual but not religious,6,6,3,6,6,2,attention,,,25
pid_1904,30-44,Male,,1985,White / Caucasian,,Bachelor's degree,No,Yes,Yes,"$56,000 to $99,999",1,Middle class,A large city,99999,Somewhat disagree,Democrat,,Jewish,,6,6,3,6,6,2,attention,55,,25
pid_1905,60+,Male,,1965,White / Caucasian,,Bachelor's degree,No,Yes,Yes,"$100,000 to $167,999",2,Upper class,A small city or town,99999,Somewhat disagree,Other (please specify),Something else,Protestant,,6,6,3,6,7 Strongly agree,1 Strongly disagree,attention,,Yes,35
pid_1906,18-29,Female,,2000,Asian / Asian-American,,Some college or Associate's degree,Yes,Yes,Yes,"$30,000 to $55,999",6 or more,Working class,A suburb near a large city,99999,Somewhat disagree,Democrat,,Other religion (please specify),Spiritual but not religious,6,6,3,6,6,2,attention,70,,20
pid_1907,30-44,Female,,1985,Asian / Asian-American,,Doctorate degree / Ph.D.,Yes,Yes,Yes,"$168,000 or more",3,Middle class,A suburb near a large city,99999,Somewhat disagree,Democrat,,I am not religious,,6,6,3,6,6,2,attention,70,,
pid_1908,45-59,Female,,1980,White / Caucasian,,Some college or Associate's degree,Yes,Yes,No,"$56,000 to $99,999",3,Middle class,A small city or town,99999,Somewhat disagree,Independent,,Protestant,,5,5,4,5,6,3,attention,,Yes,75
pid_1909,60+,Female,,1965,Latino / Hispanic,,Some college or Associate's degree,No,Yes,Yes,"$56,000 to $99,999",4,Middle class,A small city or town,99999,Somewhat disagree,Democrat,,I am not religious,,6,6,3,6,6,2,attention,65,,
pid_1910,18-29,Female,,2000,White / Caucasian,,Bachelor's degree,No,Yes,Yes,"$56,000 to $99,999",3,Middle class,A suburb near a large city,99999,Somewhat disagree,Republican,,Catholic,,6,6,4,6,6,2,attention,75,No,65
pid_1911,18-29,Female,,2000,White / Caucasian,,Doctorate degree / Ph.D.,Yes,Yes,Yes,"$30,000 to $55,999",3,Middle class,A suburb near a large city,99999,Somewhat disagree,Democrat,,Protestant,,6,6,3,6,6,2,attention,75,Yes,70
pid_1912,30-44,Male,,1985,Asian / Asian-American,,Bachelor's degree,No,Yes,Yes,"$56,000 to $99,999",4,Middle class,A large city,99999,Somewhat disagree,Democrat,,Buddhist,,6,6,2,6,6,1 Strongly disagree,attention,70,,35
pid_1913,30-44,Female,,1985,Other,Other,Bachelor's degree,No,Yes,Yes,"Less than $30,000",1,Working class,A small city or town,99999,Somewhat disagree,Independent,,I am not religious,,6,6,2,6,6,1 Strongly disagree,attention,,,
pid_1914,45-59,Female,,1980,White / Caucasian,,Some college or Associate's degree,Yes,Yes,Yes,"$56,000 to $99,999",1,Middle class,A small city or town,99999,Somewhat disagree,Democrat,,Protestant,,6,6,3,6,6,2,attention,70,No,30
pid_1915,18-29,Female,,2000,White / Caucasian,,Some college or Associate's degree,Yes,Yes,Yes,"$56,000 to $99,999",3,Middle class,A small city or town,99999,Somewhat disagree,Independent,,Catholic,,6,6,3,6,6,1 Strongly disagree,attention,,No,45
pid_1916,45-59,Female,,1979,White / Caucasian,,Some college or Associate's degree,No,Yes,Yes,"$100,000 to $167,999",2,Middle class,A small city or town,99999,Somewhat disagree,Republican,,Protestant,,6,6,3,6,6,4,attention,90,Yes,85
pid_1917,18-29,Female,,2000,White / Caucasian,,Some college or Associate's degree,No,Yes,Yes,"$56,000 to $99,999",3,Middle class,A small city or town,99999,Somewhat disagree,Democrat,,Protestant,,7 Strongly agree,7 Strongly agree,4,7 Strongly agree,7 Strongly agree,1 Strongly disagree,attention,70,No,55
pid_1918,60+,Male,,1965,White / Caucasian,,Bachelor's degree,No,Yes,Yes,"$56,000 to $99,999",2,Middle class,A small city or town,99999,Somewhat disagree,Other (please specify),Something else,I am not religious,,6,6,3,6,6,1 Strongly disagree,attention,,,
pid_1919,45-59,Male,,1980,White / Caucasian,,Some college or Associate's degree,Yes,Yes,No,"$56,000 to $99,999",6 or more,Middle class,A small city or town,99999,Somewhat disagree,Independent,,Protestant,,6,6,3,5,6,2,attention,,Yes,75
pid_1920,18-29,Male,,2000,Latino / Hispanic,,High school diploma / GED,No,Yes,Not applicable,"Less than $30,000",3,Working class,A small city or town,99999,Somewhat disagree,Republican,,I am not religious,,5,5,4,5,6,1 Strongly disagree,attention,65,,
pid_1921,18-29,Male,,2000,White / Caucasian,,High school diploma / GED,No,Yes,Not applicable,"$30,000 to $55,999",3,Working class,A small city or town,99999,Somewhat disagree,Republican,,Other religion (please specify),Spiritual but not religious,6,6,4,6,6,2,attention,70,,35
pid_1922,45-59,Female,,1978,White / Caucasian,,Bachelor's degree,No,Yes,Yes,"Less than $30,000",2,Working class,A small city or town,99999,Somewhat disagree,Independent,,I am not religious,,7 Strongly agree,7 Strongly agree,3,6,7 Strongly agree,1 Strongly disagree,attention,,,
pid_1924,18-29,Male,,1998,Black / African-American,,High school diploma / GED,Yes,Yes,Not applicable,"$30,000 to $55,999",4,Working class,A small city or town,99999,Somewhat disagree,Democrat,,I am not religious,,5,5,3,5,5,2,attention,70,,
pid_1925,60+,Female,,1965,Black / African-American,,Some college or Associate's degree,No,Yes,Yes,"Less than $30,000",2,Working class,A small city or town,99999,Somewhat disagree,Democrat,,Protestant,,6,6,4,6,6,2,attention,60,Yes,85
pid_1926,60+,Female,,1965,White / Caucasian,,Bachelor's degree,Yes,Yes,Yes,"$56,000 to $99,999",2,Middle class,A small city or town,99999,Somewhat disagree,Democrat,,Protestant,,6,6,4,6,6,2,attention,75,Yes,60
pid_1927,30-44,Male,,1985,White / Caucasian,,Bachelor's degree,No,Yes,Yes,"$30,000 to $55,999",1,Middle class,A small city or town,99999,Somewhat disagree,Independent,,I am not religious,,7 Strongly agree,7 Strongly agree,4,7 Strongly agree,7 Strongly agree,1 Strongly disagree,attention,,,
pid_1928,60+,Female,,1948,Latino / Hispanic,,Bachelor's degree,No,Yes,Yes,"$56,000 to $99,999",1,Middle class,A small city or town,99999,Somewhat disagree,Democrat,,Catholic,,6,6,3,6,6,2,attention,75,No,45
pid_1929,60+,Female,,1948,White / Caucasian,,Bachelor's degree,No,Yes,Yes,"$56,000 to $99,999",2,Middle class,A suburb near a large city,99999,Somewhat disagree,Independent,,Catholic,,6,6,4,6,6,2,attention,,No,75
pid_1930,18-29,Male,,2001,White / Caucasian,,Some college or Associate's degree,Yes,Yes,Yes,"$56,000 to $99,999",2,Middle class,A small city or town,99999,Somewhat disagree,Independent,,Catholic,,6,6,4,6,6,2,attention,,No,35
pid_1931,60+,Male,,1964,White / Caucasian,,High school diploma / GED,No,Yes,Not applicable,"$30,000 to $55,999",3,Working class,A small city or town,99999,Somewhat disagree,Republican,,Protestant,,6,6,4,6,6,2,attention,70,No,55
pid_1932,18-29,Female,,2003,White / Caucasian,,Some college or Associate's degree,Yes,Yes,Yes,"$100,000 to $167,999",4,Middle class,A suburb near a large city,99999,Somewhat disagree,Republican,,Other religion (please specify),Spiritual but not religious,6,6,3,6,6,2,attention,70,,30
pid_1933,18-29,Female,,2000,White / Caucasian,,High school diploma / GED,Yes,Yes,No,"$30,000 to $55,999",3,Working class,A suburb near a large city,99999,Somewhat disagree,Independent,,Other religion (please specify),Spiritual but not religious,6,6,3,6,6,2,attention,,,20
pid_1934,45-59,Female,,1978,White / Caucasian,,Some college or Associate's degree,Yes,Yes,Yes,"$56,000 to $99,999",6 or more,Middle class,A suburb near a large city,99999,Somewhat disagree,Democrat,,Protestant,,6,6,4,6,6,2,attention,75,Yes,75
pid_1935,18-29,Male,,2000,White / Caucasian,,Bachelor's degree,Yes,Yes,Yes,"$56,000 to $99,999",3,Middle class,A suburb near a large city,99999,Somewhat disagree,Independent,,Catholic,,6,6,2,6,6,2,attention,,No,40
pid_1936,60+,Female,,1965,Black / African-American,,High school diploma / GED,No,Yes,Not applicable,"$30,000 to $55,999",1,Working class,A small city or town,99999,Somewhat disagree,Republican,,Other religion (please specify),Spiritual,6,6,4,6,6,2,attention,75,,45
pid_1937,18-29,Female,,2000,Other,Other,Some college or Associate's degree,Yes,Yes,Yes,"$168,000 or more",6 or more,Middle class,A suburb near a large city,99999,Somewhat disagree,Democrat,,Protestant,,6,6,3,6,6,2,attention,65,Yes,70
pid_1938,45-59,Female,,1979,Black / African-American,,Some college or Associate's degree,Yes,Yes,No,"$56,000 to $99,999",2,Middle class,A small city or town,99999,Somewhat disagree,Democrat,,I am not religious,,6,6,3,6,6,2,attention,70,,
pid_1939,18-29,Male,,1998,White / Caucasian,,Bachelor's degree,Yes,Yes,Yes,"$56,000 to $99,999",2,Middle class,A suburb near a large city,99999,Somewhat disagree,Independent,,Catholic,,6,6,4,6,6,2,attention,,No,35
pid_1940,60+,Female,,1965,White / Caucasian,,Bachelor's degree,Yes,Yes,Yes,"$30,000 to $55,999",2,Middle class,A suburb near a large city,99999,Somewhat disagree,Republican,,Catholic,,6,6,3,6,6,2,attention,70,No,70
pid_1941,18-29,Female,,1998,White / Caucasian,,Bachelor's degree,No,Yes,Yes,"$56,000 to $99,999",3,Middle class,A suburb near a large city,99999,Somewhat disagree,Republican,,Protestant,,6,6,3,6,6,2,attention,70,No,30
pid_1942,30-44,Male,,1985,White / Caucasian,,Some college or Associate's degree,No,Yes,Yes,"$56,000 to $99,999",2,Middle class,A small city or town,99999,Somewhat disagree,Republican,,Protestant,,6,6,3,6,6,2,attention,75,Yes,40
pid_1943,18-29,Female,,2000,White / Caucasian,,High school diploma / GED,No,Yes,Not applicable,"$56,000 to $99,999",3,Middle class,A small city or town,99999,Somewhat disagree,Democrat,,I am not religious,,6,6,3,6,6,1 Strongly disagree,attention,80,,
pid_1944,18-29,Male,,2000,White / Caucasian,,Some college or Associate's degree,Yes,Yes,Yes,"$30,000 to $55,999",2,Working class,A small city or town,99999,Somewhat disagree,Democrat,,I am not religious,,6,6,3,6,6,2,attention,70,,
pid_1945,30-44,Female,,1985,White / Caucasian,,Some college or Associate's degree,No,Yes,Yes,"$30,000 to $55,999",6 or more,Working class,A small city or town,99999,Somewhat disagree,Independent,,Protestant,,7 Strongly agree,7 Strongly agree,3,6,7 Strongly agree,2,attention,,No,65
pid_1946,18-29,Female,,1998,White / Caucasian,,Bachelor's degree,Yes,Yes,Yes,"$56,000 to $99,999",6 or more,Middle class,A suburb near a large city,99999,Somewhat disagree,Democrat,,I am not religious,,7 Strongly agree,7 Strongly agree,3,7 Strongly agree,7 Strongly agree,1 Strongly disagree,attention,80,,
pid_1947,30-44,Male,,1985,White / Caucasian,,High school diploma / GED,No,Yes,Not applicable,"Less than $30,000",6 or more,Working class,A small city or town,99999,Somewhat disagree,Independent,,I am not religious,,6,6,4,6,7 Strongly agree,2,attention,,,
pid_1948,60+,Female,,1965,Other,Other,Bachelor's degree,No,Yes,Yes,"$100,000 to $167,999",4,Middle class,A suburb near a large city,99999,Somewhat disagree,Democrat,,I am not religious,,5,5,3,5,6,2,attention,70,,
pid_1949,18-29,Male,,2000,Latino / Hispanic,,Some college or Associate's degree,No,Yes,Yes,"$30,000 to $55,999",3,Working class,A small city or town,99999,Somewhat disagree,Democrat,,I am not religious,,6,6,3,6,6,2,attention,85,,
pid_1950,60+,Female,,1945,White / Caucasian,,Bachelor's degree,No,Yes,Yes,"$56,000 to $99,999",2,Middle class,A small city or town,99999,Somewhat disagree,Democrat,,I am not religious,,6,6,2,6,6,1 Strongly disagree,attention,85,,
pid_1951,30-44,Male,,1985,White / Caucasian,,Some college or Associate's degree,Yes,Yes,No,"Less than $30,000",1,Working class,A small city or town,99999,Somewhat disagree,Independent,,Protestant,,6,6,3,6,6,2,attention,,No,35
pid_1952,45-59,Male,,1980,White / Caucasian,,Bachelor's degree,Yes,Yes,Yes,"$100,000 to $167,999",6 or more,Middle class,A suburb near a large city,99999,Somewhat disagree,Independent,,I am not religious,,6,6,3,6,6,1 Strongly disagree,attention,,,
pid_1953,45-59,Male,,1970,White / Caucasian,,Bachelor's degree,Yes,Yes,Yes,"$100,000 to $167,999",4,Middle class,A suburb near a large city,99999,Somewhat disagree,Democrat,,I am not religious,,6,6,3,6,7 Strongly agree,1 Strongly disagree,attention,70,,
pid_1954,30-44,Female,,1984,White / Caucasian,,Some college or Associate's degree,Yes,Yes,No,"$56,000 to $99,999",6 or more,Middle class,A small city or town,99999,Somewhat disagree,Democrat,,I am not religious,,6,6,3,6,6,2,attention,65,,
pid_1955,30-44,Female,,1985,Latino / Hispanic,,Some college or Associate's degree,No,Yes,Yes,"$168,000 or more",4,Middle class,A suburb near a large city,99999,Somewhat disagree,Independent,,Catholic,,6,6,4,6,6,2,attention,,No,30
pid_1956,18-29,Female,,2000,White / Caucasian,,Bachelor's degree,Yes,Yes,Yes,"Less than $30,000",1,Working class,A small city or town,99999,Somewhat disagree,Democrat,,Jewish,,6,6,4,6,6,2,attention,80,,30
pid_1957,30-44,Female,,1985,White / Caucasian,,Some college or Associate's degree,No,Yes,No,"$56,000 to $99,999",3,Middle class,A small city or town,99999,Somewhat disagree,Independent,,I am not religious,,6,6,2,6,6,1 Strongly disagree,attention,,,
pid_1958,30-44,Female,,1985,White / Caucasian,,Master's degree / Professional degree,Yes,Yes,Yes,"$56,000 to $99,999",4,Middle class,A suburb near a large city,99999,Somewhat disagree,Republican,,Orthodox Christian,,6,6,2,6,6,2,attention,90,No,85
pid_1959,30-44,Male,,1985,Black / African-American,,Some college or Associate's degree,Yes,Yes,Yes,"$56,000 to $99,999",3,Middle class,A suburb near a large city,99999,Somewhat disagree,Republican,,I am not religious,,6,6,4,6,6,2,attention,45,,
pid_1960,60+,Male,,1965,Other,Other,Doctorate degree / Ph.D.,Yes,Yes,Yes,"$100,000 to $167,999",4,Middle class,A large city,10001,Somewhat disagree,Democrat,,I am not religious,,7 Strongly agree,7 Strongly agree,3,7 Strongly agree,7 Strongly agree,1 Strongly disagree,attention,70,,
pid_1961,60+,Female,,1945,Other,Other,Some college or Associate's degree,No,Yes,No,"$30,000 to $55,999",6 or more,Working class,A small city or town,99999,Somewhat disagree,Democrat,,Protestant,,6,6,3,6,6,1 Strongly disagree,attention,70,No,35
pid_1962,60+,Male,,1966,Asian / Asian-American,,Doctorate degree / Ph.D.,Yes,Yes,Yes,"$56,000 to $99,999",1,Middle class,A small city or town,99999,Somewhat disagree,Independent,,I am not religious,,6,6,4,6,7 Strongly agree,1 Strongly disagree,attention,,,
pid_1963,30-44,Male,,1985,White / Caucasian,,Some college or Associate's degree,No,Yes,Yes,"$30,000 to $55,999",1,Working class,A small city or town,99999,Somewhat disagree,Democrat,,I am not religious,,6,6,3,6,6,1 Strongly disagree,attention,85,,
pid_1964,18-29,Female,,1998,White / Caucasian,,Bachelor's degree,No,Yes,Yes,"Less than $30,000",2,Working class,A suburb near a large city,99999,Somewhat disagree,Democrat,,I am not religious,,6,6,3,6,6,2,attention,75,,
pid_1966,18-29,Female,,1999,Latino / Hispanic,,Bachelor's degree,No,Yes,Yes,"$100,000 to $167,999",2,Middle class,A suburb near a large city,99999,Somewhat disagree,Independent,,Catholic,,6,6,3,6,6,2,attention,,No,35
pid_1967,30-44,Female,,1985,Latino / Hispanic,,Bachelor's degree,No,Yes,Yes,"Less than $30,000",1,Working class,A large city,99999,Somewhat disagree,Democrat,,I am not religious,,6,6,4,6,6,2,attention,70,,
pid_1969,18-29,Female,,1999,White / Caucasian,,Bachelor's degree,No,Yes,Yes,"$56,000 to $99,999",2,Middle class,A suburb near a large city,99999,Somewhat disagree,Independent,,I am not religious,,6,6,3,6,6,2,attention,,,
pid_1970,60+,Female,,1965,Black / African-American,,Some college or Associate's degree,Yes,Yes,Yes,"Less than $30,000",6 or more,Working class,A large city,10001,Somewhat disagree,Democrat,,Protestant,,6,6,3,6,6,1 Strongly disagree,attention,75,No,35
pid_1971,60+,Female,,1965,White / Caucasian,,Bachelor's degree,No,Yes,Yes,"$56,000 to $99,999",3,Middle class,A suburb near a large city,99999,Somewhat disagree,Republican,,Protestant,,6,6,4,6,6,2,attention,70,Yes,45
pid_1972,18-29,Male,,1998,Black / African-American,,Bachelor's degree,Yes,Yes,Yes,"$30,000 to $55,999",6 or more,Working class,A small city or town,99999,Somewhat disagree,Democrat,,Other religion (please specify),Other,6,6,3,6,6,2,attention,70,,70
pid_1973,18-29,Female,,1998,Latino / Hispanic,,Bachelor's degree,No,Yes,Yes,"$30,000 to $55,999",6 or more,Middle class,A large city,99999,Somewhat disagree,Democrat,,Catholic,,6,6,3,6,6,2,attention,65,No,40
pid_1974,30-44,Male,,1985,Black / African-American,,Bachelor's degree,No,Yes,Yes,"$56,000 to $99,999",2,Middle class,A suburb near a large city,99999,Somewhat disagree,Independent,,I am not religious,,6,6,3,6,6,2,attention,,,
pid_1975,30-44,Male,,1985,White / Caucasian,,High school diploma / GED,No,Yes,Not applicable,"$56,000 to $99,999",2,Middle class,A small city or town,99999,Somewhat disagree,Democrat,,I am not religious,,6,6,3,6,6,2,attention,70,,
pid_1976,30-44,Female,,1985,White / Caucasian,,Some college or Associate's degree,Yes,Yes,Yes,"$56,000 to $99,999",3,Middle class,A small city or town,99999,Somewhat disagree,Republican,,Other religion (please specify),Spiritual but not religious,6,6,2,6,6,2,attention,65,,20
pid_1977,18-29,Female,,1998,Black / African-American,,Bachelor's degree,No,Yes,Yes,"Less than $30,000",3,Working class,A large city,99999,Somewhat disagree,Independent,,Protestant,,6,6,4,6,6,2,attention,,No,20
pid_1978,30-44,Male,,1985,White / Caucasian,,Bachelor's degree,No,Yes,Yes,"$56,000 to $99,999",2,Middle class,A suburb near a large city,99999,Somewhat disagree,Democrat,,I am not religious,,4,4,3,4,4,2,attention,80,,
pid_1979,60+,Female,,1948,White / Caucasian,,Doctorate degree / Ph.D.,Yes,Yes,Yes,"$30,000 to $55,999",1,Middle class,A small city or town,99999,Somewhat disagree,Democrat,,Other religion (please specify),Spiritual but not affiliated with an organized religion,7 Strongly agree,7 Strongly agree,4,7 Strongly agree,7 Strongly agree,1 Strongly disagree,attention,70,,30
pid_1980,45-59,Female,,1980,White / Caucasian,,Bachelor's degree,No,Yes,Yes,"$30,000 to $55,999",4,Middle class,A small city or town,99999,Somewhat disagree,Independent,,I am not religious,,6,6,3,6,6,1 Strongly disagree,attention,,,
pid_1981,18-29,Female,,1998,White / Caucasian,,Bachelor's degree,Yes,Yes,Yes,"$56,000 to $99,999",4,Middle class,A suburb near a large city,99999,Somewhat disagree,Democrat,,I am not religious,,6,6,4,6,6,2,attention,70,,
pid_1982,45-59,Male,,1980,White / Caucasian,,Some college or Associate's degree,Yes,Yes,No,"$56,000 to $99,999",1,Middle class,A small city or town,99999,Somewhat disagree,Independent,,I am not religious,,6,6,3,6,6,1 Strongly disagree,attention,,,
pid_1983,45-59,Male,,1980,White / Caucasian,,Some college or Associate's degree,Yes,Yes,No,"Less than $30,000",1,Working class,A small city or town,99999,Somewhat disagree,Republican,,Catholic,,6,6,4,6,6,2,attention,75,No,35
pid_1984,45-59,Female,,1978,White / Caucasian,,Bachelor's degree,Yes,Yes,Yes,"$100,000 to $167,999",6 or more,Middle class,A suburb near a large city,99999,Somewhat disagree,Republican,,Protestant,,6,6,2,6,6,2,attention,70,Yes,60
pid_1985,18-29,Male,,2000,Black / African-American,,Some college or Associate's degree,Yes,Yes,Yes,"$30,000 to $55,999",2,Working class,A suburb near a large city,99999,Somewhat disagree,Democrat,,Protestant,,6,6,2,6,6,2,attention,70,No,55
pid_1986,45-59,Male,,1980,White / Caucasian,,Some college or Associate's degree,No,Yes,Yes,"$56,000 to $99,999",3,Middle class,A small city or town,99999,Somewhat disagree,Republican,,I am not religious,,6,6,4,6,6,2,attention,65,,
pid_1987,18-29,Male,,2000,White / Caucasian,,Some college or Associate's degree,Yes,Yes,Yes,"$100,000 to $167,999",4,Middle class,A suburb near a large city,99999,Somewhat disagree,Republican,,I am not religious,,6,6,4,6,6,2,attention,60,,
pid_1988,30-44,Female,,1985,White / Caucasian,,High school diploma / GED,Yes,Yes,Not applicable,"Less than $30,000",2,Working class,A small city or town,99999,Somewhat disagree,Independent,,I am not religious,,6,6,4,6,6,2,attention,,,
pid_1989,30-44,Female,,1985,White / Caucasian,,Doctorate degree / Ph.D.,Yes,Yes,Yes,"$100,000 to $167,999",6 or more,Middle class,A suburb near a large city,99999,Somewhat disagree,Republican,,Mormon,,6,6,2,6,6,2,attention,60,Yes,80
pid_1990,45-59,Male,,1969,White / Caucasian,,Bachelor's degree,Yes,Yes,Yes,"Less than $30,000",2,Working class,A suburb near a large city,99999,Somewhat disagree,Democrat,,Protestant,,6,6,3,6,7 Strongly agree,1 Strongly disagree,attention,90,No,55
pid_1991,18-29,Female,,2000,Asian / Asian-American,,Bachelor's degree,No,Yes,Yes,"$30,000 to $55,999",2,Middle class,A suburb near a large city,99999,Somewhat disagree,Democrat,,I am not religious,,5,5,2,5,6,2,attention,75,,
pid_1992,60+,Female,,1965,White / Caucasian,,Some college or Associate's degree,No,Yes,Yes,"$56,000 to $99,999",4,Middle class,A small city or town,99999,Somewhat disagree,Republican,,Catholic,,6,6,3,6,6,2,attention,75,No,45
pid_1993,30-44,Female,,1985,Asian / Asian-American,,Bachelor's degree,Yes,Yes,Yes,"$100,000 to $167,999",4,Middle class,A suburb near a large city,99999,Somewhat disagree,Democrat,,I am not religious,,6,6,4,6,6,1 Strongly disagree,attention,70,,
pid_1994,18-29,Male,,2000,Asian / Asian-American,,Bachelor's degree,Yes,Yes,Yes,"$100,000 to $167,999",3,Middle class,A small city or town,99999,Somewhat disagree,Democrat,,I am not religious,,6,6,3,6,6,2,attention,65,,
pid_1995,30-44,Male,,1985,Black / African-American,,Some college or Associate's degree,No,Yes,Yes,"$56,000 to $99,999",6 or more,Middle class,A suburb near a large city,99999,Somewhat disagree,Republican,,Muslim,,6,6,4,6,6,2,attention,60,,85
pid_1996,45-59,Female,,1968,White / Caucasian,,Some college or Associate's degree,Yes,Yes,Yes,"$30,000 to $55,999",4,Middle class,A small city or town,99999,Somewhat disagree,Independent,,I am not religious,,6,6,4,6,7 Strongly agree,1 Strongly disagree,attention,,,
pid_1997,30-44,Female,,1985,White / Caucasian,,Doctorate degree / Ph.D.,No,Yes,Yes,"$56,000 to $99,999",3,Middle class,A suburb near a large city,99999,Somewhat disagree,Democrat,,I am not religious,,6,6,3,6,6,2,attention,75,,
pid_1998,60+,Female,,1965,White / Caucasian,,Bachelor's degree,Yes,Yes,Yes,"Less than $30,000",2,Working class,A small city or town,99999,Somewhat disagree,Democrat,,I am not religious,,6,6,3,6,6,2,attention,70,,
pid_1999,30-44,Female,,1982,White / Caucasian,,Some college or Associate's degree,Yes,Yes,No,"$30,000 to $55,999",4,Middle class,A suburb near a large city,99999,Somewhat disagree,Democrat,,I am not religious,,6,6,3,6,6,2,attention,75,,
pid_2000,60+,Male,,1965,White / Caucasian,,Doctorate degree / Ph.D.,Yes,Yes,Yes,"$56,000 to $99,999",6 or more,Middle class,A suburb near a large city,99999,Somewhat disagree,Republican,,Catholic,,6,6,2,6,6,2,attention,75,No,75
pid_2001,60+,Female,,1965,White / Caucasian,,Bachelor's degree,Yes,Yes,Yes,"$100,000 to $167,999",2,Middle class,A small city or town,99999,Somewhat disagree,Democrat,,I am not religious,,6,6,3,6,6,2,attention,70,,
pid_2002,18-29,Male,,2000,Asian / Asian-American,,Some college or Associate's degree,Yes,Yes,Yes,"Less than $30,000",1,Working class,A small city or town,99999,Somewhat disagree,Independent,,Catholic,,6,6,4,6,6,2,attention,,No,75
pid_2003,18-29,Male,,1998,White / Caucasian,,High school diploma / GED,No,Yes,Not applicable,"$168,000 or more",4,Middle class,A suburb near a large city,99999,Somewhat disagree,Republican,,I am not religious,,6,6,3,6,6,2,attention,70,,
pid_2004,30-44,Male,,1985,Asian / Asian-American,,Bachelor's degree,No,Yes,Yes,"$30,000 to $55,999",6 or more,Middle class,A small city or town,99999,Somewhat disagree,Republican,,Catholic,,6,6,3,6,6,2,attention,85,No,35
pid_2005,45-59,Male,,1968,White / Caucasian,,Doctorate degree / Ph.D.,Yes,Yes,Yes,"$168,000 or more",4,Middle class,A suburb near a large city,99999,Somewhat disagree,Independent,,Muslim,,6,6,3,6,6,2,attention,,,85
pid_2006,45-59,Male,,1978,White / Caucasian,,Some college or Associate's degree,No,Yes,No,"$100,000 to $167,999",2,Middle class,A suburb near a large city,99999,Somewhat disagree,Republican,,Protestant,,6,6,4,6,6,2,attention,70,No,40
pid_2007,18-29,Male,,1998,Black / African-American,,Bachelor's degree,No,Yes,Yes,"Less than $30,000",1,Working class,A large city,99999,Somewhat disagree,Democrat,,I am not religious,,5,5,3,5,5,2,attention,75,,
pid_2008,45-59,Female,,1968,Asian / Asian-American,,Bachelor's degree,No,Yes,Yes,"$30,000 to $55,999",6 or more,Middle class,A suburb near a large city,99999,Somewhat disagree,Other (please specify),,I am not religious,,6,6,2,6,6,2,attention,,,
pid_2009,45-59,Female,,1967,White / Caucasian,,High school diploma / GED,Yes,Yes,No,"$56,000 to $99,999",2,Middle class,A small city or town,99999,Somewhat disagree,Republican,,I am not religious,,5,5,3,5,5,2,attention,65,,
pid_2010,45-59,Female,,1980,White / Caucasian,,Bachelor's degree,Yes,Yes,Yes,"$100,000 to $167,999",1,Upper class,A large city,99999,Somewhat disagree,Democrat,,I am not religious,,6,6,4,6,6,1 Strongly disagree,attention,75,,
pid_2011,18-29,Male,,2000,Latino / Hispanic,,Some college or Associate's degree,No,Yes,Yes,"$30,000 to $55,999",2,Working class,A small city or town,99999,Somewhat disagree,Independent,,I am not religious,,6,6,3,6,7 Strongly agree,1 Strongly disagree,attention,,,
pid_2012,30-44,Male,,1985,Asian / Asian-American,,Bachelor's degree,No,Yes,Yes,"$100,000 to $167,999",2,Middle class,A suburb near a large city,99999,Somewhat disagree,Republican,,I am not religious,,6,6,3,6,6,2,attention,65,,
pid_2013,45-59,Female,,1980,White / Caucasian,,Bachelor's degree,No,Yes,Yes,"$100,000 to $167,999",2,Middle class,A suburb near a large city,99999,Somewhat disagree,Democrat,,I am not religious,,6,6,3,6,6,2,attention,70,,
pid_2014,30-44,Male,,1985,White / Caucasian,,High school diploma / GED,Yes,Yes,No,"$56,000 to $99,999",4,Working class,A small city or town,99999,Somewhat disagree,Independent,,I am not religious,,6,6,5,6,6,2,attention,,,
pid_2015,18-29,Female,,2000,White / Caucasian,,Bachelor's degree,No,Yes,Yes,"$30,000 to $55,999",4,Middle class,A small city or town,99999,Somewhat disagree,Independent,,Protestant,,6,6,2,6,6,2,attention,,Yes,65
pid_2016,18-29,Male,,2000,Black / African-American,,Some college or Associate's degree,No,Yes,Yes,"Less than $30,000",3,Working class,A small city or town,99999,Somewhat disagree,Republican,,I am not religious,,7 Strongly agree,7 Strongly agree,4,6,7 Strongly agree,1 Strongly disagree,attention,70,,
pid_2017,18-29,Male,,2000,White / Caucasian,,High school diploma / GED,Yes,Yes,Not applicable,"Less than $30,000",3,Working class,A small city or town,99999,Somewhat disagree,Democrat,,I am not religious,,6,6,4,6,6,2,attention,75,,
pid_2018,18-29,Male,,1998,Latino / Hispanic,,Bachelor's degree,No,Yes,Yes,"Less than $30,000",3,Working class,A small city or town,99999,Somewhat disagree,Independent,,I am not religious,,6,6,3,6,6,1 Strongly disagree,attention,,,
pid_2019,45-59,Female,,1968,White / Caucasian,,Some college or Associate's degree,No,Yes,No,"$100,000 to $167,999",3,Upper class,A suburb near a large city,99999,Somewhat disagree,Democrat,,I am not religious,,6,6,3,6,6,1 Strongly disagree,attention,85,,
pid_2020,60+,Female,,1950,White / Caucasian,,Bachelor's degree,No,Yes,Yes,"$56,000 to $99,999",2,Middle class,A small city or town,99999,Somewhat disagree,Republican,,Protestant,,6,6,4,6,6,2,attention,85,No,40
pid_2021,45-59,Female,,1980,White / Caucasian,,Bachelor's degree,No,Yes,Yes,"$56,000 to $99,999",2,Middle class,A small city or town,99999,Somewhat disagree,Republican,,Protestant,,6,6,3,6,6,4,attention,85,Yes,80
pid_2022,60+,Female,,1965,Black / African-American,,Bachelor's degree,Yes,Yes,Yes,"$56,000 to $99,999",2,Middle class,A suburb near a large city,99999,Somewhat disagree,Democrat,,Catholic,,7 Strongly agree,7 Strongly agree,3,6,7 Strongly agree,1 Strongly disagree,attention,70,No,75
pid_2023,45-59,Female,,1980,Black / African-American,,High school diploma / GED,No,Yes,Not applicable,"$30,000 to $55,999",3,Working class,A small city or town,99999,Somewhat disagree,Democrat,,Catholic,,5,6,4,5,6,2,attention,70,No,30
pid_2024,60+,Female,,1965,Black / African-American,,Bachelor's degree,No,Yes,Yes,"$100,000 to $167,999",3,Middle class,A suburb near a large city,99999,Somewhat disagree,Democrat,,I am not religious,,6,6,2,6,7 Strongly agree,1 Strongly disagree,attention,75,,
pid_2025,60+,Male,,1948,White / Caucasian,,High school diploma / GED,No,Yes,Not applicable,"Less than $30,000",2,Working class,A small city or town,02108,Somewhat disagree,Democrat,,Catholic,,6,6,4,6,6,2,attention,70,No,35
pid_2026,45-59,Male,,1980,White / Caucasian,,Some college or Associate's degree,No,Yes,Yes,"$56,000 to $99,999",3,Middle class,A suburb near a large city,99999,Somewhat disagree,Democrat,,I am not religious,,5,5,3,5,5,2,attention,85,,
pid_2027,30-44,Male,,1990,Asian / Asian-American,,Some college or Associate's degree,No,Yes,No,"Less than $30,000",2,Working class,A small city or town,99999,Somewhat disagree,Independent,,I am not religious,,6,6,5,6,6,2,attention,,,
pid_2028,18-29,Female,,2000,White / Caucasian,,Doctorate degree / Ph.D.,No,Yes,Yes,"$100,000 to $167,999",3,Middle class,A suburb near a large city,99999,Somewhat disagree,Democrat,,Protestant,,6,6,2,6,6,1 Strongly disagree,attention,70,Yes,70
pid_2029,30-44,Male,,1985,White / Caucasian,,Some college or Associate's degree,No,Yes,No,"Less than $30,000",3,Working class,A small city or town,99999,Somewhat disagree,Democrat,,I am not religious,,6,6,5,6,6,2,attention,80,,
pid_2030,60+,Female,,1948,White / Caucasian,,High school diploma / GED,Yes,Yes,Not applicable,"Less than $30,000",1,Working class,A small city or town,99999,Somewhat disagree,Democrat,,Other religion (please specify),Other Christian,6,6,4,6,6,2,attention,75,,75
pid_2031,45-59,Male,,1980,White / Caucasian,,Some college or Associate's degree,No,Yes,Yes,"$56,000 to $99,999",4,Middle class,A small city or town,99999,Somewhat disagree,Independent,,Protestant,,6,6,2,6,6,1 Strongly disagree,attention,,No,65
pid_2032,18-29,Female,,2000,White / Caucasian,,Bachelor's degree,No,Yes,Yes,"$56,000 to $99,999",1,Middle class,A large city,99999,Somewhat disagree,Democrat,,Protestant,,6,6,3,6,7 Strongly agree,1 Strongly disagree,attention,80,No,60
pid_2033,30-44,Female,,1985,White / Caucasian,,Some college or Associate's degree,No,Yes,Yes,"$56,000 to $99,999",3,Middle class,A small city or town,99999,Somewhat disagree,Democrat,,I am not religious,,6,6,3,6,6,1 Strongly disagree,attention,80,,
pid_2034,45-59,Male,,1980,White / Caucasian,,Bachelor's degree,Yes,Yes,Yes,"$100,000 to $167,999",2,Middle class,A small city or town,99999,Somewhat disagree,Democrat,,I am not religious,,6,6,3,6,6,2,attention,65,,
pid_2035,18-29,Female,,1999,Other,Multiracial,Some college or Associate's degree,Yes,Yes,Yes,"Less than $30,000",3,Working class,A small city or town,99999,Somewhat disagree,Independent,,Other religion (please specify),Spiritual but not religious,6,6,3,6,6,2,attention,,,35
pid_2037,60+,Female,,1965,White / Caucasian,,Bachelor's degree,No,Yes,Yes,"$168,000 or more",2,Middle class,A suburb near a large city,99999,Somewhat disagree,Republican,,Protestant,,6,6,3,6,6,2,attention,75,No,45
pid_2038,45-59,Female,,1980,White / Caucasian,,Some college or Associate's degree,No,Yes,Yes,"$100,000 to $167,999",6 or more,Upper class,A suburb near a large city,99999,Somewhat disagree,Republican,,Catholic,,6,6,4,6,6,2,attention,85,No,35
pid_2039,60+,Male,,1965,White / Caucasian,,High school diploma / GED,No,Yes,Not applicable,"$56,000 to $99,999",3,Middle class,A small city or town,99999,Somewhat disagree,Republican,,Protestant,,6,6,3,6,6,2,attention,70,No,45
pid_2040,30-44,Female,,1982,White / Caucasian,,Bachelor's degree,No,Yes,Yes,"$56,000 to $99,999",2,Middle class,A small city or town,99999,Somewhat disagree,Independent,,I am not religious,,7 Strongly agree,7 Strongly agree,3,7 Strongly agree,7 Strongly agree,1 Strongly disagree,attention,,,
pid_2041,60+,Male,,1965,White / Caucasian,,Doctorate degree / Ph.D.,Yes,Yes,Yes,"Less than $30,000",1,Working class,A large city,99999,Somewhat disagree,Democrat,,Other religion (please specify),Spiritual but not religious,7 Strongly agree,7 Strongly agree,3,7 Strongly agree,7 Strongly agree,1 Strongly disagree,attention,85,,20
pid_2042,45-59,Female,,1980,White / Caucasian,,Some college or Associate's degree,Yes,Yes,Yes,"$56,000 to $99,999",2,Middle class,A suburb near a large city,99999,Somewhat disagree,Democrat,,I am not religious,,6,6,2,6,6,1 Strongly disagree,attention,70,,
pid_2043,30-44,Female,,1985,White / Caucasian,,Some college or Associate's degree,Yes,Yes,Yes,"$168,000 or more",4,Middle class,A suburb near a large city,99999,Somewhat disagree,Democrat,,Catholic,,6,6,3,6,6,2,attention,85,No,75
pid_2044,18-29,Male,,1998,Black / African-American,,Some college or Associate's degree,No,Yes,Yes,"$30,000 to $55,999",6 or more,Working class,A small city or town,99999,Somewhat disagree,Republican,,Other religion (please specify),Other,6,6,4,6,6,2,attention,80,,30
pid_2045,18-29,Female,Other,1998,Other,Other,Some college or Associate's degree,Yes,Yes,No,"$30,000 to $55,999",4,Middle class,A small city or town,99999,Somewhat disagree,Democrat,,Muslim,,6,6,3,6,6,2,attention,65,,75
pid_2046,18-29,Male,,1998,Latino / Hispanic,,Bachelor's degree,No,Yes,Yes,"$30,000 to $55,999",3,Middle class,A suburb near a large city,99999,Somewhat disagree,Democrat,,I am not religious,,6,6,4,6,6,2,attention,80,,
pid_2047,30-44,Female,,1985,White / Caucasian,,Bachelor's degree,Yes,Yes,Yes,"$56,000 to $99,999",6 or more,Middle class,A suburb near a large city,99999,Somewhat disagree,Republican,,Protestant,,6,6,2,6,6,2,attention,90,Yes,95
pid_2048,30-44,Female,,1985,White / Caucasian,,Some college or Associate's degree,Yes,Yes,Yes,"$30,000 to $55,999",3,Middle class,A suburb near a large city,30303,Somewhat disagree,Democrat,,Protestant,,6,6,3,6,6,2,attention,70,No,20
pid_2049,18-29,Female,,2000,Black / African-American,,Some college or Associate's degree,No,Yes,Yes,"$56,000 to $99,999",2,Middle class,A large city,99999,Somewhat disagree,Democrat,,Catholic,,6,6,4,6,6,2,attention,75,No,45
pid_2050,60+,Male,,1965,White / Caucasian,,Doctorate degree / Ph.D.,Yes,Yes,Yes,"$100,000 to $167,999",6 or more,Working class,A suburb near a large city,99999,Somewhat disagree,Republican,,Catholic,,6,6,3,6,6,2,attention,85,No,75
pid_2051,60+,Female,,1965,White / Caucasian,,Doctorate degree / Ph.D.,No,Yes,Yes,"$100,000 to $167,999",6 or more,Working class,A small city or town,99999,Somewhat disagree,Republican,,Catholic,,6,6,3,6,6,1 Strongly disagree,attention,90,No,90
pid_2052,18-29,Male,,2000,White / Caucasian,,High school diploma / GED,No,Yes,Not applicable,"$168,000 or more",4,Middle class,A small city or town,99999,Somewhat disagree,Democrat,,Other religion (please specify),Other,7 Strongly agree,7 Strongly agree,4,7 Strongly agree,7 Strongly agree,1 Strongly disagree,attention,90,,5
pid_2053,60+,Male,,1948,White / Caucasian,,Bachelor's degree,Yes,Yes,Yes,"$168,000 or more",4,Upper class,A suburb near a large city,99999,Somewhat disagree,Republican,,Protestant,,6,6,3,6,6,2,attention,85,Yes,65
pid_2054,30-44,Female,,1985,Black / African-American,,Master's degree / Professional degree,Yes,Yes,Yes,"$168,000 or more",4,Upper class,A large city,99999,Somewhat disagree,Democrat,,Catholic,,6,6,3,6,6,1 Strongly disagree,attention,90,No,80
pid_2055,30-44,Male,,1984,White / Caucasian,,Some college or Associate's degree,Yes,Yes,No,"$56,000 to $99,999",4,Middle class,A small city or town,99999,Somewhat disagree,Other (please specify),Progressive,Buddhist,,7 Strongly agree,7 Strongly agree,4,6,7 Strongly agree,1 Strongly disagree,attention,,,20
pid_2056,18-29,Male,,1998,White / Caucasian,,Bachelor's degree,No,Yes,Yes,"$56,000 to $99,999",6 or more,Middle class,A suburb near a large city,99999,Somewhat disagree,Republican,,Muslim,,6,6,4,6,6,1 Strongly disagree,attention,60,,90
pid_2057,18-29,Female,,1999,Asian / Asian-American,,Bachelor's degree,No,Yes,Yes,"$30,000 to $55,999",3,Working class,A large city,99999,Somewhat disagree,Democrat,,Muslim,,6,6,3,6,6,2,attention,75,,20
pid_2058,45-59,Male,,1980,Asian / Asian-American,,Doctorate degree / Ph.D.,Yes,Yes,Yes,"$100,000 to $167,999",4,Upper class,A suburb near a large city,99999,Somewhat disagree,Democrat,,Protestant,,7 Strongly agree,7 Strongly agree,3,7 Strongly agree,7 Strongly agree,1 Strongly disagree,attention,75,Yes,75
