condition,base_pid,gender,age_band,race,selected_n,in_panel500
apple aardvark,pid_14,Female,45-59,White / Caucasian,500,yes
apple aardvark,pid_15,Male,60+,White / Caucasian,500,yes
apple aardvark,pid_23,Male,45-59,White / Caucasian,500,yes
apple aardvark,pid_29,Female,60+,White / Caucasian,500,yes
apple aardvark,pid_32,Male,30-44,Latino / Hispanic,500,yes
apple aardvark,pid_35,Female,30-44,White / Caucasian,500,yes
apple aardvark,pid_43,Male,18-29,Black / African-American,500,yes
apple aardvark,pid_57,Male,45-59,Black / African-American,500,yes
apple aardvark,pid_59,Male,45-59,White / Caucasian,500,yes
apple aardvark,pid_62,Male,45-59,White / Caucasian,500,yes
apple aardvark,pid_65,Female,45-59,Latino / Hispanic,500,yes
apple aardvark,pid_71,Male,60+,Latino / Hispanic,500,yes
apple aardvark,pid_72,Male,45-59,White / Caucasian,500,yes
apple aardvark,pid_75,Female,45-59,White / Caucasian,500,yes
apple aardvark,pid_76,Female,60+,White / Caucasian,500,yes
apple aardvark,pid_81,Male,60+,White / Caucasian,500,yes
apple aardvark,pid_83,Female,60+,White / Caucasian,500,yes
apple aardvark,pid_84,Female,60+,White / Caucasian,500,yes
apple aardvark,pid_91,Female,60+,White / Caucasian,500,yes
apple aardvark,pid_95,Female,60+,White / Caucasian,500,yes
apple aardvark,pid_99,Male,30-44,Other,500,yes
apple aardvark,pid_102,Male,45-59,Black / African-American,500,yes
apple aardvark,pid_104,Male,30-44,White / Caucasian,500,yes
apple aardvark,pid_107,Male,45-59,White / Caucasian,500,yes
apple aardvark,pid_115,Female,60+,Asian / Asian-American,500,yes
apple aardvark,pid_118,Male,60+,White / Caucasian,500,yes
apple aardvark,pid_122,Female,60+,White / Caucasian,500,yes
apple aardvark,pid_123,Male,60+,White / Caucasian,500,yes
apple aardvark,pid_129,Female,30-44,Asian / Asian-American,500,yes
apple aardvark,pid_133,Female,60+,Latino / Hispanic,500,yes
apple aardvark,pid_160,Male,60+,White / Caucasian,500,yes
apple aardvark,pid_163,Male,45-59,White / Caucasian,500,yes
apple aardvark,pid_165,Male,45-59,Latino / Hispanic,500,yes
apple aardvark,pid_167,Female,60+,White / Caucasian,500,yes
apple aardvark,pid_173,Female,30-44,White / Caucasian,500,yes
apple aardvark,pid_174,Female,60+,White / Caucasian,500,yes
apple aardvark,pid_180,Female,60+,Black / African-American,500,yes
apple aardvark,pid_182,Female,60+,White / Caucasian,500,yes
apple aardvark,pid_186,Female,18-29,Black / African-American,500,yes
apple aardvark,pid_189,Female,45-59,White / Caucasian,500,yes
apple aardvark,pid_198,Female,30-44,White / Caucasian,500,yes
apple aardvark,pid_204,Female,60+,White / Caucasian,500,yes
apple aardvark,pid_207,Female,45-59,Black / African-American,500,yes
apple aardvark,pid_217,Male,60+,White / Caucasian,500,yes
apple aardvark,pid_223,Male,60+,Black / African-American,500,yes
apple aardvark,pid_245,Female,30-44,White / Caucasian,500,yes
apple aardvark,pid_248,Male,45-59,White / Caucasian,500,yes
apple aardvark,pid_253,Female,60+,White / Caucasian,500,yes
apple aardvark,pid_258,Male,60+,White / Caucasian,500,yes
apple aardvark,pid_262,Male,60+,White / Caucasian,500,yes
apple aardvark,pid_263,Female,45-59,White / Caucasian,500,yes
apple aardvark,pid_265,Female,60+,Black / African-American,500,yes
apple aardvark,pid_268,Male,60+,White / Caucasian,500,yes
apple aardvark,pid_273,Male,60+,Latino / Hispanic,500,yes
apple aardvark,pid_276,Male,60+,White / Caucasian,500,yes
apple aardvark,pid_278,Male,60+,White / Caucasian,500,yes
apple aardvark,pid_282,Male,18-29,White / Caucasian,500,yes
apple aardvark,pid_283,Female,60+,White / Caucasian,500,yes
apple aardvark,pid_285,Male,45-59,White / Caucasian,500,yes
apple aardvark,pid_289,Male,30-44,White / Caucasian,500,yes
apple aardvark,pid_290,Male,30-44,Latino / Hispanic,500,yes
apple aardvark,pid_294,Male,60+,Black / African-American,500,yes
apple aardvark,pid_296,Female,30-44,Latino / Hispanic,500,yes
apple aardvark,pid_303,Female,60+,Black / African-American,500,yes
apple aardvark,pid_305,Male,18-29,Latino / Hispanic,500,yes
apple aardvark,pid_315,Male,18-29,White / Caucasian,500,yes
apple aardvark,pid_318,Female,45-59,White / Caucasian,500,yes
apple aardvark,pid_329,Male,60+,White / Caucasian,500,yes
apple aardvark,pid_333,Female,60+,White / Caucasian,500,yes
apple aardvark,pid_336,Female,30-44,Latino / Hispanic,500,yes
apple aardvark,pid_337,Male,60+,White / Caucasian,500,yes
apple aardvark,pid_339,Male,45-59,Black / African-American,500,yes
apple aardvark,pid_345,Male,45-59,White / Caucasian,500,yes
apple aardvark,pid_348,Female,45-59,Black / African-American,500,yes
apple aardvark,pid_350,Male,45-59,Latino / Hispanic,500,yes
apple aardvark,pid_353,Male,45-59,Latino / Hispanic,500,yes
apple aardvark,pid_363,Male,30-44,White / Caucasian,500,yes
apple aardvark,pid_366,Female,60+,White / Caucasian,500,yes
apple aardvark,pid_368,Female,60+,White / Caucasian,500,yes
apple aardvark,pid_369,Female,45-59,White / Caucasian,500,yes
apple aardvark,pid_371,Female,45-59,White / Caucasian,500,yes
apple aardvark,pid_373,Female,60+,White / Caucasian,500,yes
apple aardvark,pid_376,Male,60+,Black / African-American,500,yes
apple aardvark,pid_378,Female,30-44,Asian / Asian-American,500,yes
apple aardvark,pid_379,Male,60+,Other,500,yes
apple aardvark,pid_384,Female,60+,Black / African-American,500,yes
apple aardvark,pid_391,Male,60+,White / Caucasian,500,yes
apple aardvark,pid_393,Male,60+,Latino / Hispanic,500,yes
apple aardvark,pid_398,Female,60+,Latino / Hispanic,500,yes
apple aardvark,pid_402,Female,60+,Asian / Asian-American,500,yes
apple aardvark,pid_403,Male,30-44,Black / African-American,500,yes
apple aardvark,pid_406,Male,18-29,White / Caucasian,500,yes
apple aardvark,pid_407,Male,60+,Latino / Hispanic,500,yes
apple aardvark,pid_411,Male,45-59,White / Caucasian,500,yes
apple aardvark,pid_412,Male,45-59,White / Caucasian,500,yes
apple aardvark,pid_425,Male,45-59,White / Caucasian,500,yes
apple aardvark,pid_443,Male,30-44,Black / African-American,500,yes
apple aardvark,pid_445,Male,45-59,White / Caucasian,500,yes
apple aardvark,pid_447,Male,60+,Asian / Asian-American,500,yes
apple aardvark,pid_450,Female,45-59,White / Caucasian,500,yes
apple aardvark,pid_451,Female,60+,White / Caucasian,500,yes
apple aardvark,pid_453,Male,18-29,Black / African-American,500,yes
apple aardvark,pid_455,Female,45-59,Asian / Asian-American,500,yes
apple aardvark,pid_456,Female,45-59,White / Caucasian,500,yes
apple aardvark,pid_459,Female,60+,White / Caucasian,500,yes
apple aardvark,pid_460,Male,45-59,White / Caucasian,500,yes
apple aardvark,pid_461,Male,60+,White / Caucasian,500,yes
apple aardvark,pid_462,Female,60+,White / Caucasian,500,yes
apple aardvark,pid_463,Female,18-29,White / Caucasian,500,yes
apple aardvark,pid_464,Female,18-29,Latino / Hispanic,500,yes
apple aardvark,pid_467,Female,18-29,White / Caucasian,500,yes
apple aardvark,pid_469,Female,45-59,Black / African-American,500,yes
apple aardvark,pid_470,Male,18-29,Latino / Hispanic,500,yes
apple aardvark,pid_474,Female,45-59,Black / African-American,500,yes
apple aardvark,pid_475,Male,18-29,White / Caucasian,500,yes
apple aardvark,pid_478,Male,60+,White / Caucasian,500,yes
apple aardvark,pid_487,Female,18-29,Black / African-American,500,yes
apple aardvark,pid_491,Male,30-44,White / Caucasian,500,yes
apple aardvark,pid_492,Female,60+,White / Caucasian,500,yes
apple aardvark,pid_502,Female,60+,White / Caucasian,500,yes
apple aardvark,pid_507,Male,60+,Black / African-American,500,yes
apple aardvark,pid_509,Female,45-59,White / Caucasian,500,yes
apple aardvark,pid_511,Male,60+,White / Caucasian,500,yes
apple aardvark,pid_512,Female,18-29,White / Caucasian,500,yes
apple aardvark,pid_513,Male,60+,Asian / Asian-American,500,yes
apple aardvark,pid_517,Female,18-29,Latino / Hispanic,500,yes
apple aardvark,pid_520,Male,60+,White / Caucasian,500,yes
apple aardvark,pid_521,Female,60+,Black / African-American,500,yes
apple aardvark,pid_525,Male,30-44,Asian / Asian-American,500,yes
apple aardvark,pid_528,Female,30-44,White / Caucasian,500,yes
apple aardvark,pid_541,Male,30-44,Latino / Hispanic,500,yes
apple aardvark,pid_542,Female,45-59,White / Caucasian,500,yes
apple aardvark,pid_559,Female,30-44,White / Caucasian,500,yes
apple aardvark,pid_563,Male,30-44,White / Caucasian,500,yes
apple aardvark,pid_566,Female,18-29,Black / African-American,500,yes
apple aardvark,pid_569,Male,60+,Latino / Hispanic,500,yes
apple aardvark,pid_577,Female,18-29,Black / African-American,500,yes
apple aardvark,pid_578,Female,60+,White / Caucasian,500,yes
apple aardvark,pid_582,Male,30-44,Latino / Hispanic,500,yes
apple aardvark,pid_585,Male,60+,Asian / Asian-American,500,yes
apple aardvark,pid_586,Female,45-59,White / Caucasian,500,yes
apple aardvark,pid_607,Male,30-44,Black / African-American,500,yes
apple aardvark,pid_609,Female,60+,White / Caucasian,500,yes
apple aardvark,pid_610,Male,60+,White / Caucasian,500,yes
apple aardvark,pid_628,Male,18-29,Black / African-American,500,yes
apple aardvark,pid_629,Male,18-29,White / Caucasian,500,yes
apple aardvark,pid_636,Female,18-29,White / Caucasian,500,yes
apple aardvark,pid_653,Male,18-29,Latino / Hispanic,500,yes
apple aardvark,pid_654,Male,45-59,Black / African-American,500,yes
apple aardvark,pid_667,Male,45-59,White / Caucasian,500,yes
apple aardvark,pid_676,Female,45-59,Latino / Hispanic,500,yes
apple aardvark,pid_679,Male,18-29,White / Caucasian,500,yes
apple aardvark,pid_684,Female,18-29,White / Caucasian,500,yes
apple aardvark,pid_687,Female,18-29,White / Caucasian,500,yes
apple aardvark,pid_691,Female,60+,Black / African-American,500,yes
apple aardvark,pid_695,Female,18-29,White / Caucasian,500,yes
apple aardvark,pid_708,Female,60+,White / Caucasian,500,yes
apple aardvark,pid_714,Female,45-59,Asian / Asian-American,500,yes
apple aardvark,pid_715,Female,30-44,White / Caucasian,500,yes
apple aardvark,pid_716,Male,18-29,Black / African-American,500,yes
apple aardvark,pid_717,Female,60+,White / Caucasian,500,yes
apple aardvark,pid_718,Female,60+,White / Caucasian,500,yes
apple aardvark,pid_721,Male,45-59,Asian / Asian-American,500,yes
apple aardvark,pid_732,Male,60+,White / Caucasian,500,yes
apple aardvark,pid_736,Female,60+,White / Caucasian,500,yes
apple aardvark,pid_738,Female,30-44,White / Caucasian,500,yes
apple aardvark,pid_744,Male,60+,White / Caucasian,500,yes
apple aardvark,pid_753,Male,30-44,Latino / Hispanic,500,yes
apple aardvark,pid_757,Female,18-29,White / Caucasian,500,yes
apple aardvark,pid_758,Female,60+,Black / African-American,500,yes
apple aardvark,pid_761,Female,30-44,White / Caucasian,500,yes
apple aardvark,pid_764,Male,18-29,White / Caucasian,500,yes
apple aardvark,pid_767,Female,45-59,White / Caucasian,500,yes
apple aardvark,pid_773,Female,30-44,Latino / Hispanic,500,yes
apple aardvark,pid_774,Male,60+,White / Caucasian,500,yes
apple aardvark,pid_788,Male,45-59,White / Caucasian,500,yes
apple aardvark,pid_792,Female,45-59,White / Caucasian,500,yes
apple aardvark,pid_797,Female,30-44,Latino / Hispanic,500,yes
apple aardvark,pid_800,Female,60+,Latino / Hispanic,500,yes
apple aardvark,pid_804,Female,30-44,White / Caucasian,500,yes
apple aardvark,pid_805,Female,30-44,White / Caucasian,500,yes
apple aardvark,pid_808,Male,30-44,Asian / Asian-American,500,yes
apple aardvark,pid_814,Male,30-44,White / Caucasian,500,yes
apple aardvark,pid_822,Male,45-59,Latino / Hispanic,500,yes
apple aardvark,pid_824,Male,60+,White / Caucasian,500,yes
apple aardvark,pid_839,Male,45-59,Black / African-American,500,yes
apple aardvark,pid_845,Female,60+,White / Caucasian,500,yes
apple aardvark,pid_846,Female,18-29,White / Caucasian,500,yes
apple aardvark,pid_847,Male,60+,White / Caucasian,500,yes
apple aardvark,pid_857,Female,60+,White / Caucasian,500,yes
apple aardvark,pid_860,Female,60+,White / Caucasian,500,yes
apple aardvark,pid_861,Male,60+,White / Caucasian,500,yes
apple aardvark,pid_863,Male,60+,Latino / Hispanic,500,yes
apple aardvark,pid_869,Female,45-59,White / Caucasian,500,yes
apple aardvark,pid_871,Female,60+,Latino / Hispanic,500,yes
apple aardvark,pid_872,Male,45-59,Black / African-American,500,yes
apple aardvark,pid_881,Male,18-29,White / Caucasian,500,yes
apple aardvark,pid_882,Male,30-44,Latino / Hispanic,500,yes
apple aardvark,pid_883,Male,18-29,White / Caucasian,500,yes
apple aardvark,pid_895,Female,30-44,Asian / Asian-American,500,yes
apple aardvark,pid_897,Male,60+,White / Caucasian,500,yes
apple aardvark,pid_900,Female,60+,White / Caucasian,500,yes
apple aardvark,pid_903,Female,18-29,Latino / Hispanic,500,yes
apple aardvark,pid_904,Male,18-29,White / Caucasian,500,yes
apple aardvark,pid_910,Male,45-59,White / Caucasian,500,yes
apple aardvark,pid_913,Female,18-29,White / Caucasian,500,yes
apple aardvark,pid_914,Male,60+,Latino / Hispanic,500,yes
apple aardvark,pid_916,Male,60+,White / Caucasian,500,yes
apple aardvark,pid_917,Male,30-44,White / Caucasian,500,yes
apple aardvark,pid_920,Male,60+,Black / African-American,500,yes
apple aardvark,pid_921,Female,30-44,Latino / Hispanic,500,yes
apple aardvark,pid_924,Male,30-44,White / Caucasian,500,yes
apple aardvark,pid_926,Female,60+,White / Caucasian,500,yes
apple aardvark,pid_933,Female,60+,Other,500,yes
apple aardvark,pid_935,Male,30-44,White / Caucasian,500,yes
apple aardvark,pid_939,Female,60+,Latino / Hispanic,500,yes
apple aardvark,pid_940,Male,18-29,White / Caucasian,500,yes
apple aardvark,pid_945,Female,30-44,White / Caucasian,500,yes
apple aardvark,pid_946,Female,45-59,Asian / Asian-American,500,yes
apple aardvark,pid_949,Male,60+,White / Caucasian,500,yes
apple aardvark,pid_950,Male,30-44,Latino / Hispanic,500,yes
apple aardvark,pid_951,Female,45-59,Latino / Hispanic,500,yes
apple aardvark,pid_954,Female,18-29,Latino / Hispanic,500,yes
apple aardvark,pid_955,Female,60+,White / Caucasian,500,yes
apple aardvark,pid_957,Female,30-44,Latino / Hispanic,500,yes
apple aardvark,pid_958,Female,60+,White / Caucasian,500,yes
apple aardvark,pid_961,Female,30-44,Black / African-American,500,yes
apple aardvark,pid_969,Female,45-59,White / Caucasian,500,yes
apple aardvark,pid_970,Male,60+,Latino / Hispanic,500,yes
apple aardvark,pid_976,Female,45-59,White / Caucasian,500,yes
apple aardvark,pid_983,Male,45-59,White / Caucasian,500,yes
apple aardvark,pid_1001,Male,18-29,Latino / Hispanic,500,yes
apple aardvark,pid_1003,Female,60+,White / Caucasian,500,yes
apple aardvark,pid_1007,Male,30-44,Black / African-American,500,yes
apple aardvark,pid_1010,Female,60+,Latino / Hispanic,500,yes
apple aardvark,pid_1011,Female,30-44,Other,500,yes
apple aardvark,pid_1016,Female,18-29,White / Caucasian,500,yes
apple aardvark,pid_1018,Female,18-29,Other,500,yes
apple aardvark,pid_1019,Female,45-59,Latino / Hispanic,500,yes
apple aardvark,pid_1030,Female,45-59,Other,500,yes
apple aardvark,pid_1037,Female,18-29,White / Caucasian,500,yes
apple aardvark,pid_1041,Male,45-59,White / Caucasian,500,yes
apple aardvark,pid_1043,Female,30-44,White / Caucasian,500,yes
apple aardvark,pid_1044,Female,45-59,White / Caucasian,500,yes
apple aardvark,pid_1047,Female,60+,White / Caucasian,500,yes
apple aardvark,pid_1048,Male,30-44,White / Caucasian,500,yes
apple aardvark,pid_1051,Male,18-29,Latino / Hispanic,500,yes
apple aardvark,pid_1054,Male,60+,White / Caucasian,500,yes
apple aardvark,pid_1060,Male,30-44,Black / African-American,500,yes
apple aardvark,pid_1063,Female,18-29,Asian / Asian-American,500,yes
apple aardvark,pid_1064,Male,18-29,White / Caucasian,500,yes
apple aardvark,pid_1072,Male,18-29,Latino / Hispanic,500,yes
apple aardvark,pid_1082,Female,45-59,Black / African-American,500,yes
apple aardvark,pid_1089,Female,60+,White / Caucasian,500,yes
apple aardvark,pid_1094,Female,30-44,White / Caucasian,500,yes
apple aardvark,pid_1097,Female,60+,Latino / Hispanic,500,yes
apple aardvark,pid_1100,Male,30-44,White / Caucasian,500,yes
apple aardvark,pid_1109,Male,45-59,White / Caucasian,500,yes
apple aardvark,pid_1114,Male,45-59,Other,500,yes
apple aardvark,pid_1115,Female,45-59,White / Caucasian,500,yes
apple aardvark,pid_1116,Male,18-29,White / Caucasian,500,yes
apple aardvark,pid_1124,Female,30-44,Black / African-American,500,yes
apple aardvark,pid_1125,Male,30-44,Asian / Asian-American,500,yes
apple aardvark,pid_1131,Male,45-59,White / Caucasian,500,yes
apple aardvark,pid_1132,Female,45-59,Latino / Hispanic,500,yes
apple aardvark,pid_1135,Male,45-59,White / Caucasian,500,yes
apple aardvark,pid_1137,Male,60+,Asian / Asian-American,500,yes
apple aardvark,pid_1138,Male,30-44,White / Caucasian,500,yes
apple aardvark,pid_1144,Male,60+,White / Caucasian,500,yes
apple aardvark,pid_1145,Female,30-44,Asian / Asian-American,500,yes
apple aardvark,pid_1147,Male,30-44,White / Caucasian,500,yes
apple aardvark,pid_1148,Female,30-44,Latino / Hispanic,500,yes
apple aardvark,pid_1153,Female,30-44,White / Caucasian,500,yes
apple aardvark,pid_1157,Female,45-59,White / Caucasian,500,yes
apple aardvark,pid_1159,Female,60+,White / Caucasian,500,yes
apple aardvark,pid_1168,Male,45-59,White / Caucasian,500,yes
apple aardvark,pid_1174,Female,45-59,White / Caucasian,500,yes
apple aardvark,pid_1176,Male,30-44,White / Caucasian,500,yes
apple aardvark,pid_1178,Female,18-29,Latino / Hispanic,500,yes
apple aardvark,pid_1182,Male,60+,White / Caucasian,500,yes
apple aardvark,pid_1183,Female,60+,White / Caucasian,500,yes
apple aardvark,pid_1187,Male,18-29,White / Caucasian,500,yes
apple aardvark,pid_1188,Male,18-29,Asian / Asian-American,500,yes
apple aardvark,pid_1189,Female,30-44,Asian / Asian-American,500,yes
apple aardvark,pid_1193,Male,30-44,Latino / Hispanic,500,yes
apple aardvark,pid_1194,Male,30-44,White / Caucasian,500,yes
apple aardvark,pid_1197,Female,60+,White / Caucasian,500,yes
apple aardvark,pid_1199,Male,60+,Black / African-American,500,yes
apple aardvark,pid_1202,Male,60+,White / Caucasian,500,yes
apple aardvark,pid_1203,Male,18-29,Asian / Asian-American,500,yes
apple aardvark,pid_1212,Male,30-44,Latino / Hispanic,500,yes
apple aardvark,pid_1217,Female,45-59,Latino / Hispanic,500,yes
apple aardvark,pid_1219,Male,60+,White / Caucasian,500,yes
apple aardvark,pid_1221,Male,18-29,Latino / Hispanic,500,yes
apple aardvark,pid_1225,Male,60+,White / Caucasian,500,yes
apple aardvark,pid_1227,Female,30-44,Latino / Hispanic,500,yes
apple aardvark,pid_1238,Female,60+,White / Caucasian,500,yes
apple aardvark,pid_1240,Male,18-29,White / Caucasian,500,yes
apple aardvark,pid_1248,Male,45-59,White / Caucasian,500,yes
apple aardvark,pid_1249,Female,45-59,White / Caucasian,500,yes
apple aardvark,pid_1253,Female,45-59,Black / African-American,500,yes
apple aardvark,pid_1256,Female,30-44,Latino / Hispanic,500,yes
apple aardvark,pid_1262,Male,30-44,Latino / Hispanic,500,yes
apple aardvark,pid_1273,Male,60+,White / Caucasian,500,yes
apple aardvark,pid_1278,Male,30-44,White / Caucasian,500,yes
apple aardvark,pid_1286,Male,30-44,White / Caucasian,500,yes
apple aardvark,pid_1289,Male,30-44,White / Caucasian,500,yes
apple aardvark,pid_1290,Female,30-44,White / Caucasian,500,yes
apple aardvark,pid_1299,Female,30-44,White / Caucasian,500,yes
apple aardvark,pid_1301,Female,45-59,Black / African-American,500,yes
apple aardvark,pid_1302,Male,30-44,Black / African-American,500,yes
apple aardvark,pid_1311,Female,30-44,Latino / Hispanic,500,yes
apple aardvark,pid_1316,Female,60+,White / Caucasian,500,yes
apple aardvark,pid_1317,Female,30-44,Black / African-American,500,yes
apple aardvark,pid_1323,Male,60+,White / Caucasian,500,yes
apple aardvark,pid_1339,Female,60+,White / Caucasian,500,yes
apple aardvark,pid_1343,Male,45-59,White / Caucasian,500,yes
apple aardvark,pid_1345,Male,18-29,Asian / Asian-American,500,yes
apple aardvark,pid_1350,Male,30-44,Asian / Asian-American,500,yes
apple aardvark,pid_1353,Female,45-59,White / Caucasian,500,yes
apple aardvark,pid_1362,Male,18-29,White / Caucasian,500,yes
apple aardvark,pid_1367,Female,18-29,White / Caucasian,500,yes
apple aardvark,pid_1368,Male,30-44,White / Caucasian,500,yes
apple aardvark,pid_1369,Male,60+,White / Caucasian,500,yes
apple aardvark,pid_1379,Female,30-44,White / Caucasian,500,yes
apple aardvark,pid_1380,Female,30-44,White / Caucasian,500,yes
apple aardvark,pid_1382,Female,18-29,White / Caucasian,500,yes
apple aardvark,pid_1386,Male,30-44,Latino / Hispanic,500,yes
apple aardvark,pid_1387,Female,18-29,White / Caucasian,500,yes
apple aardvark,pid_1400,Female,18-29,White / Caucasian,500,yes
apple aardvark,pid_1403,Female,30-44,Black / African-American,500,yes
apple aardvark,pid_1411,Female,60+,White / Caucasian,500,yes
apple aardvark,pid_1412,Female,30-44,White / Caucasian,500,yes
apple aardvark,pid_1413,Male,30-44,White / Caucasian,500,yes
apple aardvark,pid_1416,Male,45-59,White / Caucasian,500,yes
apple aardvark,pid_1418,Female,45-59,White / Caucasian,500,yes
apple aardvark,pid_1420,Female,45-59,White / Caucasian,500,yes
apple aardvark,pid_1423,Male,60+,White / Caucasian,500,yes
apple aardvark,pid_1427,Female,60+,White / Caucasian,500,yes
apple aardvark,pid_1435,Female,30-44,Black / African-American,500,yes
apple aardvark,pid_1439,Male,30-44,Latino / Hispanic,500,yes
apple aardvark,pid_1445,Female,18-29,White / Caucasian,500,yes
apple aardvark,pid_1446,Female,30-44,White / Caucasian,500,yes
apple aardvark,pid_1448,Male,18-29,White / Caucasian,500,yes
apple aardvark,pid_1449,Female,18-29,Latino / Hispanic,500,yes
apple aardvark,pid_1451,Male,60+,Latino / Hispanic,500,yes
apple aardvark,pid_1452,Male,45-59,White / Caucasian,500,yes
apple aardvark,pid_1455,Female,18-29,Black / African-American,500,yes
apple aardvark,pid_1457,Female,60+,White / Caucasian,500,yes
apple aardvark,pid_1458,Male,60+,White / Caucasian,500,yes
apple aardvark,pid_1460,Male,18-29,White / Caucasian,500,yes
apple aardvark,pid_1463,Male,30-44,Black / African-American,500,yes
apple aardvark,pid_1465,Male,18-29,White / Caucasian,500,yes
apple aardvark,pid_1471,Male,30-44,White / Caucasian,500,yes
apple aardvark,pid_1473,Female,30-44,Black / African-American,500,yes
apple aardvark,pid_1474,Female,45-59,White / Caucasian,500,yes
apple aardvark,pid_1477,Male,18-29,Latino / Hispanic,500,yes
apple aardvark,pid_1487,Female,18-29,White / Caucasian,500,yes
apple aardvark,pid_1499,Male,60+,Black / African-American,500,yes
apple aardvark,pid_1502,Male,30-44,Latino / Hispanic,500,yes
apple aardvark,pid_1503,Male,45-59,White / Caucasian,500,yes
apple aardvark,pid_1512,Female,60+,White / Caucasian,500,yes
apple aardvark,pid_1516,Male,60+,White / Caucasian,500,yes
apple aardvark,pid_1522,Male,30-44,Latino / Hispanic,500,yes
apple aardvark,pid_1526,Male,18-29,Latino / Hispanic,500,yes
apple aardvark,pid_1531,Female,60+,White / Caucasian,500,yes
apple aardvark,pid_1534,Male,45-59,Black / African-American,500,yes
apple aardvark,pid_1539,Female,18-29,White / Caucasian,500,yes
apple aardvark,pid_1544,Female,30-44,Latino / Hispanic,500,yes
apple aardvark,pid_1546,Female,30-44,Latino / Hispanic,500,yes
apple aardvark,pid_1548,Female,18-29,Black / African-American,500,yes
apple aardvark,pid_1554,Male,60+,Latino / Hispanic,500,yes
apple aardvark,pid_1563,Female,45-59,Latino / Hispanic,500,yes
apple aardvark,pid_1566,Male,18-29,Latino / Hispanic,500,yes
apple aardvark,pid_1571,Male,30-44,White / Caucasian,500,yes
apple aardvark,pid_1581,Female,30-44,Black / African-American,500,yes
apple aardvark,pid_1583,Male,18-29,Other,500,yes
apple aardvark,pid_1584,Female,30-44,Asian / Asian-American,500,yes
apple aardvark,pid_1586,Male,30-44,White / Caucasian,500,yes
apple aardvark,pid_1588,Male,45-59,Asian / Asian-American,500,yes
apple aardvark,pid_1590,Male,30-44,Latino / Hispanic,500,yes
apple aardvark,pid_1596,Female,18-29,Latino / Hispanic,500,yes
apple aardvark,pid_1598,Male,18-29,White / Caucasian,500,yes
apple aardvark,pid_1604,Female,60+,Latino / Hispanic,500,yes
apple aardvark,pid_1605,Female,30-44,White / Caucasian,500,yes
apple aardvark,pid_1625,Male,30-44,Latino / Hispanic,500,yes
apple aardvark,pid_1643,Female,45-59,White / Caucasian,500,yes
apple aardvark,pid_1645,Male,45-59,Asian / Asian-American,500,yes
apple aardvark,pid_1649,Female,30-44,White / Caucasian,500,yes
apple aardvark,pid_1653,Male,18-29,White / Caucasian,500,yes
apple aardvark,pid_1656,Male,60+,White / Caucasian,500,yes
apple aardvark,pid_1657,Male,30-44,White / Caucasian,500,yes
apple aardvark,pid_1660,Female,18-29,Asian / Asian-American,500,yes
apple aardvark,pid_1663,Female,30-44,White / Caucasian,500,yes
apple aardvark,pid_1667,Female,18-29,White / Caucasian,500,yes
apple aardvark,pid_1670,Female,18-29,Latino / Hispanic,500,yes
apple aardvark,pid_1676,Female,18-29,Asian / Asian-American,500,yes
apple aardvark,pid_1680,Male,60+,White / Caucasian,500,yes
apple aardvark,pid_1681,Female,45-59,Latino / Hispanic,500,yes
apple aardvark,pid_1684,Male,60+,White / Caucasian,500,yes
apple aardvark,pid_1687,Female,30-44,Latino / Hispanic,500,yes
apple aardvark,pid_1689,Female,60+,White / Caucasian,500,yes
apple aardvark,pid_1697,Male,45-59,Black / African-American,500,yes
apple aardvark,pid_1704,Male,30-44,White / Caucasian,500,yes
apple aardvark,pid_1712,Female,30-44,White / Caucasian,500,yes
apple aardvark,pid_1717,Male,60+,White / Caucasian,500,yes
apple aardvark,pid_1721,Female,45-59,White / Caucasian,500,yes
apple aardvark,pid_1726,Female,45-59,Latino / Hispanic,500,yes
apple aardvark,pid_1728,Female,30-44,White / Caucasian,500,yes
apple aardvark,pid_1740,Female,45-59,White / Caucasian,500,yes
apple aardvark,pid_1741,Male,18-29,Other,500,yes
apple aardvark,pid_1743,Male,30-44,White / Caucasian,500,yes
apple aardvark,pid_1751,Female,45-59,White / Caucasian,500,yes
apple aardvark,pid_1757,Female,60+,White / Caucasian,500,yes
apple aardvark,pid_1763,Female,45-59,Latino / Hispanic,500,yes
apple aardvark,pid_1772,Female,60+,Asian / Asian-American,500,yes
apple aardvark,pid_1773,Male,18-29,Latino / Hispanic,500,yes
apple aardvark,pid_1775,Male,45-59,White / Caucasian,500,yes
apple aardvark,pid_1779,Male,30-44,Other,500,yes
apple aardvark,pid_1780,Male,30-44,Latino / Hispanic,500,yes
apple aardvark,pid_1782,Male,30-44,White / Caucasian,500,yes
apple aardvark,pid_1790,Female,30-44,Black / African-American,500,yes
apple aardvark,pid_1791,Female,60+,Asian / Asian-American,500,yes
apple aardvark,pid_1793,Female,60+,Asian / Asian-American,500,yes
apple aardvark,pid_1803,Female,60+,White / Caucasian,500,yes
apple aardvark,pid_1805,Male,30-44,Black / African-American,500,yes
apple aardvark,pid_1806,Female,60+,White / Caucasian,500,yes
apple aardvark,pid_1809,Male,18-29,White / Caucasian,500,yes
apple aardvark,pid_1811,Female,45-59,White / Caucasian,500,yes
apple aardvark,pid_1814,Female,18-29,White / Caucasian,500,yes
apple aardvark,pid_1815,Female,60+,Black / African-American,500,yes
apple aardvark,pid_1819,Male,30-44,White / Caucasian,500,yes
apple aardvark,pid_1820,Female,30-44,White / Caucasian,500,yes
apple aardvark,pid_1822,Female,60+,White / Caucasian,500,yes
apple aardvark,pid_1824,Male,18-29,Latino / Hispanic,500,yes
apple aardvark,pid_1829,Female,18-29,White / Caucasian,500,yes
apple aardvark,pid_1833,Female,18-29,Latino / Hispanic,500,yes
apple aardvark,pid_1837,Male,18-29,Latino / Hispanic,500,yes
apple aardvark,pid_1840,Female,30-44,Latino / Hispanic,500,yes
apple aardvark,pid_1843,Male,30-44,White / Caucasian,500,yes
apple aardvark,pid_1846,Female,60+,White / Caucasian,500,yes
apple aardvark,pid_1847,Male,45-59,Asian / Asian-American,500,yes
apple aardvark,pid_1853,Male,18-29,Latino / Hispanic,500,yes
apple aardvark,pid_1857,Male,45-59,White / Caucasian,500,yes
apple aardvark,pid_1866,Female,45-59,White / Caucasian,500,yes
apple aardvark,pid_1870,Female,45-59,White / Caucasian,500,yes
apple aardvark,pid_1872,Male,45-59,White / Caucasian,500,yes
apple aardvark,pid_1877,Female,30-44,White / Caucasian,500,yes
apple aardvark,pid_1878,Male,45-59,White / Caucasian,500,yes
apple aardvark,pid_1884,Male,60+,White / Caucasian,500,yes
apple aardvark,pid_1886,Male,18-29,White / Caucasian,500,yes
apple aardvark,pid_1889,Male,30-44,White / Caucasian,500,yes
apple aardvark,pid_1890,Male,30-44,White / Caucasian,500,yes
apple aardvark,pid_1893,Female,18-29,Latino / Hispanic,500,yes
apple aardvark,pid_1901,Female,30-44,White / Caucasian,500,yes
apple aardvark,pid_1904,Male,30-44,White / Caucasian,500,yes
apple aardvark,pid_1908,Female,45-59,White / Caucasian,500,yes
apple aardvark,pid_1909,Female,60+,Latino / Hispanic,500,yes
apple aardvark,pid_1912,Male,30-44,Asian / Asian-American,500,yes
apple aardvark,pid_1913,Female,30-44,Other,500,yes
apple aardvark,pid_1917,Female,18-29,White / Caucasian,500,yes
apple aardvark,pid_1919,Male,45-59,White / Caucasian,500,yes
apple aardvark,pid_1929,Female,60+,White / Caucasian,500,yes
apple aardvark,pid_1931,Male,60+,White / Caucasian,500,yes
apple aardvark,pid_1933,Female,18-29,White / Caucasian,500,yes
apple aardvark,pid_1937,Female,18-29,Other,500,yes
apple aardvark,pid_1945,Female,30-44,White / Caucasian,500,yes
apple aardvark,pid_1952,Male,45-59,White / Caucasian,500,yes
apple aardvark,pid_1953,Male,45-59,White / Caucasian,500,yes
apple aardvark,pid_1961,Female,60+,Other,500,yes
apple aardvark,pid_1963,Male,30-44,White / Caucasian,500,yes
apple aardvark,pid_1966,Female,18-29,Latino / Hispanic,500,yes
apple aardvark,pid_1972,Male,18-29,Black / African-American,500,yes
apple aardvark,pid_1973,Female,18-29,Latino / Hispanic,500,yes
apple aardvark,pid_1978,Male,30-44,White / Caucasian,500,yes
apple aardvark,pid_1981,Female,18-29,White / Caucasian,500,yes
apple aardvark,pid_1982,Male,45-59,White / Caucasian,500,yes
apple aardvark,pid_1985,Male,18-29,Black / African-American,500,yes
apple aardvark,pid_1988,Female,30-44,White / Caucasian,500,yes
apple aardvark,pid_1989,Female,30-44,White / Caucasian,500,yes
apple aardvark,pid_1997,Female,30-44,White / Caucasian,500,yes
apple aardvark,pid_1998,Female,60+,White / Caucasian,500,yes
apple aardvark,pid_1999,Female,30-44,White / Caucasian,500,yes
apple aardvark,pid_2000,Male,60+,White / Caucasian,500,yes
apple aardvark,pid_2003,Male,18-29,White / Caucasian,500,yes
apple aardvark,pid_2005,Male,45-59,White / Caucasian,500,yes
apple aardvark,pid_2006,Male,45-59,White / Caucasian,500,yes
apple aardvark,pid_2008,Female,45-59,Asian / Asian-American,500,yes
apple aardvark,pid_2010,Female,45-59,White / Caucasian,500,yes
apple aardvark,pid_2021,Female,45-59,White / Caucasian,500,yes
apple aardvark,pid_2022,Female,60+,Black / African-American,500,yes
apple aardvark,pid_2025,Male,60+,White / Caucasian,500,yes
apple aardvark,pid_2026,Male,45-59,White / Caucasian,500,yes
apple aardvark,pid_2030,Female,60+,White / Caucasian,500,yes
apple aardvark,pid_2034,Male,45-59,White / Caucasian,500,yes
apple aardvark,pid_2041,Male,60+,White / Caucasian,500,yes
apple aardvark,pid_2046,Male,18-29,Latino / Hispanic,500,yes
apple aardvark,pid_2049,Female,18-29,Black / African-American,500,yes
apple aardvark,pid_2052,Male,18-29,White / Caucasian,500,yes
apple aardvark,pid_2054,Female,30-44,Black / African-American,500,yes
complicated cockroach,pid_14,Female,45-59,White / Caucasian,500,yes
complicated cockroach,pid_15,Male,60+,White / Caucasian,500,yes
complicated cockroach,pid_23,Male,45-59,White / Caucasian,500,yes
complicated cockroach,pid_29,Female,60+,White / Caucasian,500,yes
complicated cockroach,pid_32,Male,30-44,Latino / Hispanic,500,yes
complicated cockroach,pid_35,Female,30-44,White / Caucasian,500,yes
complicated cockroach,pid_43,Male,18-29,Black / African-American,500,yes
complicated cockroach,pid_57,Male,45-59,Black / African-American,500,yes
complicated cockroach,pid_59,Male,45-59,White / Caucasian,500,yes
complicated cockroach,pid_62,Male,45-59,White / Caucasian,500,yes
complicated cockroach,pid_65,Female,45-59,Latino / Hispanic,500,yes
complicated cockroach,pid_71,Male,60+,Latino / Hispanic,500,yes
complicated cockroach,pid_72,Male,45-59,White / Caucasian,500,yes
complicated cockroach,pid_75,Female,45-59,White / Caucasian,500,yes
complicated cockroach,pid_76,Female,60+,White / Caucasian,500,yes
complicated cockroach,pid_81,Male,60+,White / Caucasian,500,yes
complicated cockroach,pid_83,Female,60+,White / Caucasian,500,yes
complicated cockroach,pid_84,Female,60+,White / Caucasian,500,yes
complicated cockroach,pid_91,Female,60+,White / Caucasian,500,yes
complicated cockroach,pid_95,Female,60+,White / Caucasian,500,yes
complicated cockroach,pid_99,Male,30-44,Other,500,yes
complicated cockroach,pid_102,Male,45-59,Black / African-American,500,yes
complicated cockroach,pid_104,Male,30-44,White / Caucasian,500,yes
complicated cockroach,pid_107,Male,45-59,White / Caucasian,500,yes
complicated cockroach,pid_115,Female,60+,Asian / Asian-American,500,yes
complicated cockroach,pid_118,Male,60+,White / Caucasian,500,yes
complicated cockroach,pid_122,Female,60+,White / Caucasian,500,yes
complicated cockroach,pid_123,Male,60+,White / Caucasian,500,yes
complicated cockroach,pid_129,Female,30-44,Asian / Asian-American,500,yes
complicated cockroach,pid_133,Female,60+,Latino / Hispanic,500,yes
complicated cockroach,pid_160,Male,60+,White / Caucasian,500,yes
complicated cockroach,pid_163,Male,45-59,White / Caucasian,500,yes
complicated cockroach,pid_165,Male,45-59,Latino / Hispanic,500,yes
complicated cockroach,pid_167,Female,60+,White / Caucasian,500,yes
complicated cockroach,pid_173,Female,30-44,White / Caucasian,500,yes
complicated cockroach,pid_174,Female,60+,White / Caucasian,500,yes
complicated cockroach,pid_180,Female,60+,Black / African-American,500,yes
complicated cockroach,pid_182,Female,60+,White / Caucasian,500,yes
complicated cockroach,pid_186,Female,18-29,Black / African-American,500,yes
complicated cockroach,pid_189,Female,45-59,White / Caucasian,500,yes
complicated cockroach,pid_198,Female,30-44,White / Caucasian,500,yes
complicated cockroach,pid_204,Female,60+,White / Caucasian,500,yes
complicated cockroach,pid_207,Female,45-59,Black / African-American,500,yes
complicated cockroach,pid_217,Male,60+,White / Caucasian,500,yes
complicated cockroach,pid_223,Male,60+,Black / African-American,500,yes
complicated cockroach,pid_245,Female,30-44,White / Caucasian,500,yes
complicated cockroach,pid_248,Male,45-59,White / Caucasian,500,yes
complicated cockroach,pid_253,Female,60+,White / Caucasian,500,yes
complicated cockroach,pid_258,Male,60+,White / Caucasian,500,yes
complicated cockroach,pid_262,Male,60+,White / Caucasian,500,yes
complicated cockroach,pid_263,Female,45-59,White / Caucasian,500,yes
complicated cockroach,pid_265,Female,60+,Black / African-American,500,yes
complicated cockroach,pid_268,Male,60+,White / Caucasian,500,yes
complicated cockroach,pid_273,Male,60+,Latino / Hispanic,500,yes
complicated cockroach,pid_276,Male,60+,White / Caucasian,500,yes
complicated cockroach,pid_278,Male,60+,White / Caucasian,500,yes
complicated cockroach,pid_282,Male,18-29,White / Caucasian,500,yes
complicated cockroach,pid_283,Female,60+,White / Caucasian,500,yes
complicated cockroach,pid_285,Male,45-59,White / Caucasian,500,yes
complicated cockroach,pid_289,Male,30-44,White / Caucasian,500,yes
complicated cockroach,pid_290,Male,30-44,Latino / Hispanic,500,yes
complicated cockroach,pid_294,Male,60+,Black / African-American,500,yes
complicated cockroach,pid_296,Female,30-44,Latino / Hispanic,500,yes
complicated cockroach,pid_303,Female,60+,Black / African-American,500,yes
complicated cockroach,pid_305,Male,18-29,Latino / Hispanic,500,yes
complicated cockroach,pid_315,Male,18-29,White / Caucasian,500,yes
complicated cockroach,pid_318,Female,45-59,White / Caucasian,500,yes
complicated cockroach,pid_329,Male,60+,White / Caucasian,500,yes
complicated cockroach,pid_333,Female,60+,White / Caucasian,500,yes
complicated cockroach,pid_336,Female,30-44,Latino / Hispanic,500,yes
complicated cockroach,pid_337,Male,60+,White / Caucasian,500,yes
complicated cockroach,pid_339,Male,45-59,Black / African-American,500,yes
complicated cockroach,pid_345,Male,45-59,White / Caucasian,500,yes
complicated cockroach,pid_348,Female,45-59,Black / African-American,500,yes
complicated cockroach,pid_350,Male,45-59,Latino / Hispanic,500,yes
complicated cockroach,pid_353,Male,45-59,Latino / Hispanic,500,yes
complicated cockroach,pid_363,Male,30-44,White / Caucasian,500,yes
complicated cockroach,pid_366,Female,60+,White / Caucasian,500,yes
complicated cockroach,pid_368,Female,60+,White / Caucasian,500,yes
complicated cockroach,pid_369,Female,45-59,White / Caucasian,500,yes
complicated cockroach,pid_371,Female,45-59,White / Caucasian,500,yes
complicated cockroach,pid_373,Female,60+,White / Caucasian,500,yes
complicated cockroach,pid_376,Male,60+,Black / African-American,500,yes
complicated cockroach,pid_378,Female,30-44,Asian / Asian-American,500,yes
complicated cockroach,pid_379,Male,60+,Other,500,yes
complicated cockroach,pid_384,Female,60+,Black / African-American,500,yes
complicated cockroach,pid_391,Male,60+,White / Caucasian,500,yes
complicated cockroach,pid_393,Male,60+,Latino / Hispanic,500,yes
complicated cockroach,pid_398,Female,60+,Latino / Hispanic,500,yes
complicated cockroach,pid_402,Female,60+,Asian / Asian-American,500,yes
complicated cockroach,pid_403,Male,30-44,Black / African-American,500,yes
complicated cockroach,pid_406,Male,18-29,White / Caucasian,500,yes
complicated cockroach,pid_407,Male,60+,Latino / Hispanic,500,yes
complicated cockroach,pid_411,Male,45-59,White / Caucasian,500,yes
complicated cockroach,pid_412,Male,45-59,White / Caucasian,500,yes
complicated cockroach,pid_425,Male,45-59,White / Caucasian,500,yes
complicated cockroach,pid_443,Male,30-44,Black / African-American,500,yes
complicated cockroach,pid_445,Male,45-59,White / Caucasian,500,yes
complicated cockroach,pid_447,Male,60+,Asian / Asian-American,500,yes
complicated cockroach,pid_450,Female,45-59,White / Caucasian,500,yes
complicated cockroach,pid_451,Female,60+,White / Caucasian,500,yes
complicated cockroach,pid_453,Male,18-29,Black / African-American,500,yes
complicated cockroach,pid_455,Female,45-59,Asian / Asian-American,500,yes
complicated cockroach,pid_456,Female,45-59,White / Caucasian,500,yes
complicated cockroach,pid_459,Female,60+,White / Caucasian,500,yes
complicated cockroach,pid_460,Male,45-59,White / Caucasian,500,yes
complicated cockroach,pid_461,Male,60+,White / Caucasian,500,yes
complicated cockroach,pid_462,Female,60+,White / Caucasian,500,yes
complicated cockroach,pid_463,Female,18-29,White / Caucasian,500,yes
complicated cockroach,pid_464,Female,18-29,Latino / Hispanic,500,yes
complicated cockroach,pid_467,Female,18-29,White / Caucasian,500,yes
complicated cockroach,pid_469,Female,45-59,Black / African-American,500,yes
complicated cockroach,pid_470,Male,18-29,Latino / Hispanic,500,yes
complicated cockroach,pid_474,Female,45-59,Black / African-American,500,yes
complicated cockroach,pid_475,Male,18-29,White / Caucasian,500,yes
complicated cockroach,pid_478,Male,60+,White / Caucasian,500,yes
complicated cockroach,pid_487,Female,18-29,Black / African-American,500,yes
complicated cockroach,pid_491,Male,30-44,White / Caucasian,500,yes
complicated cockroach,pid_492,Female,60+,White / Caucasian,500,yes
complicated cockroach,pid_502,Female,60+,White / Caucasian,500,yes
complicated cockroach,pid_507,Male,60+,Black / African-American,500,yes
complicated cockroach,pid_509,Female,45-59,White / Caucasian,500,yes
complicated cockroach,pid_511,Male,60+,White / Caucasian,500,yes
complicated cockroach,pid_512,Female,18-29,White / Caucasian,500,yes
complicated cockroach,pid_513,Male,60+,Asian / Asian-American,500,yes
complicated cockroach,pid_517,Female,18-29,Latino / Hispanic,500,yes
complicated cockroach,pid_520,Male,60+,White / Caucasian,500,yes
complicated cockroach,pid_521,Female,60+,Black / African-American,500,yes
complicated cockroach,pid_525,Male,30-44,Asian / Asian-American,500,yes
complicated cockroach,pid_528,Female,30-44,White / Caucasian,500,yes
complicated cockroach,pid_541,Male,30-44,Latino / Hispanic,500,yes
complicated cockroach,pid_542,Female,45-59,White / Caucasian,500,yes
complicated cockroach,pid_559,Female,30-44,White / Caucasian,500,yes
complicated cockroach,pid_563,Male,30-44,White / Caucasian,500,yes
complicated cockroach,pid_566,Female,18-29,Black / African-American,500,yes
complicated cockroach,pid_569,Male,60+,Latino / Hispanic,500,yes
complicated cockroach,pid_577,Female,18-29,Black / African-American,500,yes
complicated cockroach,pid_578,Female,60+,White / Caucasian,500,yes
complicated cockroach,pid_582,Male,30-44,Latino / Hispanic,500,yes
complicated cockroach,pid_585,Male,60+,Asian / Asian-American,500,yes
complicated cockroach,pid_586,Female,45-59,White / Caucasian,500,yes
complicated cockroach,pid_607,Male,30-44,Black / African-American,500,yes
complicated cockroach,pid_609,Female,60+,White / Caucasian,500,yes
complicated cockroach,pid_610,Male,60+,White / Caucasian,500,yes
complicated cockroach,pid_628,Male,18-29,Black / African-American,500,yes
complicated cockroach,pid_629,Male,18-29,White / Caucasian,500,yes
complicated cockroach,pid_636,Female,18-29,White / Caucasian,500,yes
complicated cockroach,pid_653,Male,18-29,Latino / Hispanic,500,yes
complicated cockroach,pid_654,Male,45-59,Black / African-American,500,yes
complicated cockroach,pid_667,Male,45-59,White / Caucasian,500,yes
complicated cockroach,pid_676,Female,45-59,Latino / Hispanic,500,yes
complicated cockroach,pid_679,Male,18-29,White / Caucasian,500,yes
complicated cockroach,pid_684,Female,18-29,White / Caucasian,500,yes
complicated cockroach,pid_687,Female,18-29,White / Caucasian,500,yes
complicated cockroach,pid_691,Female,60+,Black / African-American,500,yes
complicated cockroach,pid_695,Female,18-29,White / Caucasian,500,yes
complicated cockroach,pid_708,Female,60+,White / Caucasian,500,yes
complicated cockroach,pid_714,Female,45-59,Asian / Asian-American,500,yes
complicated cockroach,pid_715,Female,30-44,White / Caucasian,500,yes
complicated cockroach,pid_716,Male,18-29,Black / African-American,500,yes
complicated cockroach,pid_717,Female,60+,White / Caucasian,500,yes
complicated cockroach,pid_718,Female,60+,White / Caucasian,500,yes
complicated cockroach,pid_721,Male,45-59,Asian / Asian-American,500,yes
complicated cockroach,pid_732,Male,60+,White / Caucasian,500,yes
complicated cockroach,pid_736,Female,60+,White / Caucasian,500,yes
complicated cockroach,pid_738,Female,30-44,White / Caucasian,500,yes
complicated cockroach,pid_744,Male,60+,White / Caucasian,500,yes
complicated cockroach,pid_753,Male,30-44,Latino / Hispanic,500,yes
complicated cockroach,pid_757,Female,18-29,White / Caucasian,500,yes
complicated cockroach,pid_758,Female,60+,Black / African-American,500,yes
complicated cockroach,pid_761,Female,30-44,White / Caucasian,500,yes
complicated cockroach,pid_764,Male,18-29,White / Caucasian,500,yes
complicated cockroach,pid_767,Female,45-59,White / Caucasian,500,yes
complicated cockroach,pid_773,Female,30-44,Latino / Hispanic,500,yes
complicated cockroach,pid_774,Male,60+,White / Caucasian,500,yes
complicated cockroach,pid_788,Male,45-59,White / Caucasian,500,yes
complicated cockroach,pid_792,Female,45-59,White / Caucasian,500,yes
complicated cockroach,pid_797,Female,30-44,Latino / Hispanic,500,yes
complicated cockroach,pid_800,Female,60+,Latino / Hispanic,500,yes
complicated cockroach,pid_804,Female,30-44,White / Caucasian,500,yes
complicated cockroach,pid_805,Female,30-44,White / Caucasian,500,yes
complicated cockroach,pid_808,Male,30-44,Asian / Asian-American,500,yes
complicated cockroach,pid_814,Male,30-44,White / Caucasian,500,yes
complicated cockroach,pid_822,Male,45-59,Latino / Hispanic,500,yes
complicated cockroach,pid_824,Male,60+,White / Caucasian,500,yes
complicated cockroach,pid_839,Male,45-59,Black / African-American,500,yes
complicated cockroach,pid_845,Female,60+,White / Caucasian,500,yes
complicated cockroach,pid_846,Female,18-29,White / Caucasian,500,yes
complicated cockroach,pid_847,Male,60+,White / Caucasian,500,yes
complicated cockroach,pid_857,Female,60+,White / Caucasian,500,yes
complicated cockroach,pid_860,Female,60+,White / Caucasian,500,yes
complicated cockroach,pid_861,Male,60+,White / Caucasian,500,yes
complicated cockroach,pid_863,Male,60+,Latino / Hispanic,500,yes
complicated cockroach,pid_869,Female,45-59,White / Caucasian,500,yes
complicated cockroach,pid_871,Female,60+,Latino / Hispanic,500,yes
complicated cockroach,pid_872,Male,45-59,Black / African-American,500,yes
complicated cockroach,pid_881,Male,18-29,White / Caucasian,500,yes
complicated cockroach,pid_882,Male,30-44,Latino / Hispanic,500,yes
complicated cockroach,pid_883,Male,18-29,White / Caucasian,500,yes
complicated cockroach,pid_895,Female,30-44,Asian / Asian-American,500,yes
complicated cockroach,pid_897,Male,60+,White / Caucasian,500,yes
complicated cockroach,pid_900,Female,60+,White / Caucasian,500,yes
complicated cockroach,pid_903,Female,18-29,Latino / Hispanic,500,yes
complicated cockroach,pid_904,Male,18-29,White / Caucasian,500,yes
complicated cockroach,pid_910,Male,45-59,White / Caucasian,500,yes
complicated cockroach,pid_913,Female,18-29,White / Caucasian,500,yes
complicated cockroach,pid_914,Male,60+,Latino / Hispanic,500,yes
complicated cockroach,pid_916,Male,60+,White / Caucasian,500,yes
complicated cockroach,pid_917,Male,30-44,White / Caucasian,500,yes
complicated cockroach,pid_920,Male,60+,Black / African-American,500,yes
complicated cockroach,pid_921,Female,30-44,Latino / Hispanic,500,yes
complicated cockroach,pid_924,Male,30-44,White / Caucasian,500,yes
complicated cockroach,pid_926,Female,60+,White / Caucasian,500,yes
complicated cockroach,pid_933,Female,60+,Other,500,yes
complicated cockroach,pid_935,Male,30-44,White / Caucasian,500,yes
complicated cockroach,pid_939,Female,60+,Latino / Hispanic,500,yes
complicated cockroach,pid_940,Male,18-29,White / Caucasian,500,yes
complicated cockroach,pid_945,Female,30-44,White / Caucasian,500,yes
complicated cockroach,pid_946,Female,45-59,Asian / Asian-American,500,yes
complicated cockroach,pid_949,Male,60+,White / Caucasian,500,yes
complicated cockroach,pid_950,Male,30-44,Latino / Hispanic,500,yes
complicated cockroach,pid_951,Female,45-59,Latino / Hispanic,500,yes
complicated cockroach,pid_954,Female,18-29,Latino / Hispanic,500,yes
complicated cockroach,pid_955,Female,60+,White / Caucasian,500,yes
complicated cockroach,pid_957,Female,30-44,Latino / Hispanic,500,yes
complicated cockroach,pid_958,Female,60+,White / Caucasian,500,yes
complicated cockroach,pid_961,Female,30-44,Black / African-American,500,yes
complicated cockroach,pid_969,Female,45-59,White / Caucasian,500,yes
complicated cockroach,pid_970,Male,60+,Latino / Hispanic,500,yes
complicated cockroach,pid_976,Female,45-59,White / Caucasian,500,yes
complicated cockroach,pid_983,Male,45-59,White / Caucasian,500,yes
complicated cockroach,pid_1001,Male,18-29,Latino / Hispanic,500,yes
complicated cockroach,pid_1003,Female,60+,White / Caucasian,500,yes
complicated cockroach,pid_1007,Male,30-44,Black / African-American,500,yes
complicated cockroach,pid_1010,Female,60+,Latino / Hispanic,500,yes
complicated cockroach,pid_1011,Female,30-44,Other,500,yes
complicated cockroach,pid_1016,Female,18-29,White / Caucasian,500,yes
complicated cockroach,pid_1018,Female,18-29,Other,500,yes
complicated cockroach,pid_1019,Female,45-59,Latino / Hispanic,500,yes
complicated cockroach,pid_1030,Female,45-59,Other,500,yes
complicated cockroach,pid_1037,Female,18-29,White / Caucasian,500,yes
complicated cockroach,pid_1041,Male,45-59,White / Caucasian,500,yes
complicated cockroach,pid_1043,Female,30-44,White / Caucasian,500,yes
complicated cockroach,pid_1044,Female,45-59,White / Caucasian,500,yes
complicated cockroach,pid_1047,Female,60+,White / Caucasian,500,yes
complicated cockroach,pid_1048,Male,30-44,White / Caucasian,500,yes
complicated cockroach,pid_1051,Male,18-29,Latino / Hispanic,500,yes
complicated cockroach,pid_1054,Male,60+,White / Caucasian,500,yes
complicated cockroach,pid_1060,Male,30-44,Black / African-American,500,yes
complicated cockroach,pid_1063,Female,18-29,Asian / Asian-American,500,yes
complicated cockroach,pid_1064,Male,18-29,White / Caucasian,500,yes
complicated cockroach,pid_1072,Male,18-29,Latino / Hispanic,500,yes
complicated cockroach,pid_1082,Female,45-59,Black / African-American,500,yes
complicated cockroach,pid_1089,Female,60+,White / Caucasian,500,yes
complicated cockroach,pid_1094,Female,30-44,White / Caucasian,500,yes
complicated cockroach,pid_1097,Female,60+,Latino / Hispanic,500,yes
complicated cockroach,pid_1100,Male,30-44,White / Caucasian,500,yes
complicated cockroach,pid_1109,Male,45-59,White / Caucasian,500,yes
complicated cockroach,pid_1114,Male,45-59,Other,500,yes
complicated cockroach,pid_1115,Female,45-59,White / Caucasian,500,yes
complicated cockroach,pid_1116,Male,18-29,White / Caucasian,500,yes
complicated cockroach,pid_1124,Female,30-44,Black / African-American,500,yes
complicated cockroach,pid_1125,Male,30-44,Asian / Asian-American,500,yes
complicated cockroach,pid_1131,Male,45-59,White / Caucasian,500,yes
complicated cockroach,pid_1132,Female,45-59,Latino / Hispanic,500,yes
complicated cockroach,pid_1135,Male,45-59,White / Caucasian,500,yes
complicated cockroach,pid_1137,Male,60+,Asian / Asian-American,500,yes
complicated cockroach,pid_1138,Male,30-44,White / Caucasian,500,yes
complicated cockroach,pid_1144,Male,60+,White / Caucasian,500,yes
complicated cockroach,pid_1145,Female,30-44,Asian / Asian-American,500,yes
complicated cockroach,pid_1147,Male,30-44,White / Caucasian,500,yes
complicated cockroach,pid_1148,Female,30-44,Latino / Hispanic,500,yes
complicated cockroach,pid_1153,Female,30-44,White / Caucasian,500,yes
complicated cockroach,pid_1157,Female,45-59,White / Caucasian,500,yes
complicated cockroach,pid_1159,Female,60+,White / Caucasian,500,yes
complicated cockroach,pid_1168,Male,45-59,White / Caucasian,500,yes
complicated cockroach,pid_1174,Female,45-59,White / Caucasian,500,yes
complicated cockroach,pid_1176,Male,30-44,White / Caucasian,500,yes
complicated cockroach,pid_1178,Female,18-29,Latino / Hispanic,500,yes
complicated cockroach,pid_1182,Male,60+,White / Caucasian,500,yes
complicated cockroach,pid_1183,Female,60+,White / Caucasian,500,yes
complicated cockroach,pid_1187,Male,18-29,White / Caucasian,500,yes
complicated cockroach,pid_1188,Male,18-29,Asian / Asian-American,500,yes
complicated cockroach,pid_1189,Female,30-44,Asian / Asian-American,500,yes
complicated cockroach,pid_1193,Male,30-44,Latino / Hispanic,500,yes
complicated cockroach,pid_1194,Male,30-44,White / Caucasian,500,yes
complicated cockroach,pid_1197,Female,60+,White / Caucasian,500,yes
complicated cockroach,pid_1199,Male,60+,Black / African-American,500,yes
complicated cockroach,pid_1202,Male,60+,White / Caucasian,500,yes
complicated cockroach,pid_1203,Male,18-29,Asian / Asian-American,500,yes
complicated cockroach,pid_1212,Male,30-44,Latino / Hispanic,500,yes
complicated cockroach,pid_1217,Female,45-59,Latino / Hispanic,500,yes
complicated cockroach,pid_1219,Male,60+,White / Caucasian,500,yes
complicated cockroach,pid_1221,Male,18-29,Latino / Hispanic,500,yes
complicated cockroach,pid_1225,Male,60+,White / Caucasian,500,yes
complicated cockroach,pid_1227,Female,30-44,Latino / Hispanic,500,yes
complicated cockroach,pid_1238,Female,60+,White / Caucasian,500,yes
complicated cockroach,pid_1240,Male,18-29,White / Caucasian,500,yes
complicated cockroach,pid_1248,Male,45-59,White / Caucasian,500,yes
complicated cockroach,pid_1249,Female,45-59,White / Caucasian,500,yes
complicated cockroach,pid_1253,Female,45-59,Black / African-American,500,yes
complicated cockroach,pid_1256,Female,30-44,Latino / Hispanic,500,yes
complicated cockroach,pid_1262,Male,30-44,Latino / Hispanic,500,yes
complicated cockroach,pid_1273,Male,60+,White / Caucasian,500,yes
complicated cockroach,pid_1278,Male,30-44,White / Caucasian,500,yes
complicated cockroach,pid_1286,Male,30-44,White / Caucasian,500,yes
complicated cockroach,pid_1289,Male,30-44,White / Caucasian,500,yes
complicated cockroach,pid_1290,Female,30-44,White / Caucasian,500,yes
complicated cockroach,pid_1299,Female,30-44,White / Caucasian,500,yes
complicated cockroach,pid_1301,Female,45-59,Black / African-American,500,yes
complicated cockroach,pid_1302,Male,30-44,Black / African-American,500,yes
complicated cockroach,pid_1311,Female,30-44,Latino / Hispanic,500,yes
complicated cockroach,pid_1316,Female,60+,White / Caucasian,500,yes
complicated cockroach,pid_1317,Female,30-44,Black / African-American,500,yes
complicated cockroach,pid_1323,Male,60+,White / Caucasian,500,yes
complicated cockroach,pid_1339,Female,60+,White / Caucasian,500,yes
complicated cockroach,pid_1343,Male,45-59,White / Caucasian,500,yes
complicated cockroach,pid_1345,Male,18-29,Asian / Asian-American,500,yes
complicated cockroach,pid_1350,Male,30-44,Asian / Asian-American,500,yes
complicated cockroach,pid_1353,Female,45-59,White / Caucasian,500,yes
complicated cockroach,pid_1362,Male,18-29,White / Caucasian,500,yes
complicated cockroach,pid_1367,Female,18-29,White / Caucasian,500,yes
complicated cockroach,pid_1368,Male,30-44,White / Caucasian,500,yes
complicated cockroach,pid_1369,Male,60+,White / Caucasian,500,yes
complicated cockroach,pid_1379,Female,30-44,White / Caucasian,500,yes
complicated cockroach,pid_1380,Female,30-44,White / Caucasian,500,yes
complicated cockroach,pid_1382,Female,18-29,White / Caucasian,500,yes
complicated cockroach,pid_1386,Male,30-44,Latino / Hispanic,500,yes
complicated cockroach,pid_1387,Female,18-29,White / Caucasian,500,yes
complicated cockroach,pid_1400,Female,18-29,White / Caucasian,500,yes
complicated cockroach,pid_1403,Female,30-44,Black / African-American,500,yes
complicated cockroach,pid_1411,Female,60+,White / Caucasian,500,yes
complicated cockroach,pid_1412,Female,30-44,White / Caucasian,500,yes
complicated cockroach,pid_1413,Male,30-44,White / Caucasian,500,yes
complicated cockroach,pid_1416,Male,45-59,White / Caucasian,500,yes
complicated cockroach,pid_1418,Female,45-59,White / Caucasian,500,yes
complicated cockroach,pid_1420,Female,45-59,White / Caucasian,500,yes
complicated cockroach,pid_1423,Male,60+,White / Caucasian,500,yes
complicated cockroach,pid_1427,Female,60+,White / Caucasian,500,yes
complicated cockroach,pid_1435,Female,30-44,Black / African-American,500,yes
complicated cockroach,pid_1439,Male,30-44,Latino / Hispanic,500,yes
complicated cockroach,pid_1445,Female,18-29,White / Caucasian,500,yes
complicated cockroach,pid_1446,Female,30-44,White / Caucasian,500,yes
complicated cockroach,pid_1448,Male,18-29,White / Caucasian,500,yes
complicated cockroach,pid_1449,Female,18-29,Latino / Hispanic,500,yes
complicated cockroach,pid_1451,Male,60+,Latino / Hispanic,500,yes
complicated cockroach,pid_1452,Male,45-59,White / Caucasian,500,yes
complicated cockroach,pid_1455,Female,18-29,Black / African-American,500,yes
complicated cockroach,pid_1457,Female,60+,White / Caucasian,500,yes
complicated cockroach,pid_1458,Male,60+,White / Caucasian,500,yes
complicated cockroach,pid_1460,Male,18-29,White / Caucasian,500,yes
complicated cockroach,pid_1463,Male,30-44,Black / African-American,500,yes
complicated cockroach,pid_1465,Male,18-29,White / Caucasian,500,yes
complicated cockroach,pid_1471,Male,30-44,White / Caucasian,500,yes
complicated cockroach,pid_1473,Female,30-44,Black / African-American,500,yes
complicated cockroach,pid_1474,Female,45-59,White / Caucasian,500,yes
complicated cockroach,pid_1477,Male,18-29,Latino / Hispanic,500,yes
complicated cockroach,pid_1487,Female,18-29,White / Caucasian,500,yes
complicated cockroach,pid_1499,Male,60+,Black / African-American,500,yes
complicated cockroach,pid_1502,Male,30-44,Latino / Hispanic,500,yes
complicated cockroach,pid_1503,Male,45-59,White / Caucasian,500,yes
complicated cockroach,pid_1512,Female,60+,White / Caucasian,500,yes
complicated cockroach,pid_1516,Male,60+,White / Caucasian,500,yes
complicated cockroach,pid_1522,Male,30-44,Latino / Hispanic,500,yes
complicated cockroach,pid_1526,Male,18-29,Latino / Hispanic,500,yes
complicated cockroach,pid_1531,Female,60+,White / Caucasian,500,yes
complicated cockroach,pid_1534,Male,45-59,Black / African-American,500,yes
complicated cockroach,pid_1539,Female,18-29,White / Caucasian,500,yes
complicated cockroach,pid_1544,Female,30-44,Latino / Hispanic,500,yes
complicated cockroach,pid_1546,Female,30-44,Latino / Hispanic,500,yes
complicated cockroach,pid_1548,Female,18-29,Black / African-American,500,yes
complicated cockroach,pid_1554,Male,60+,Latino / Hispanic,500,yes
complicated cockroach,pid_1563,Female,45-59,Latino / Hispanic,500,yes
complicated cockroach,pid_1566,Male,18-29,Latino / Hispanic,500,yes
complicated cockroach,pid_1571,Male,30-44,White / Caucasian,500,yes
complicated cockroach,pid_1581,Female,30-44,Black / African-American,500,yes
complicated cockroach,pid_1583,Male,18-29,Other,500,yes
complicated cockroach,pid_1584,Female,30-44,Asian / Asian-American,500,yes
complicated cockroach,pid_1586,Male,30-44,White / Caucasian,500,yes
complicated cockroach,pid_1588,Male,45-59,Asian / Asian-American,500,yes
complicated cockroach,pid_1590,Male,30-44,Latino / Hispanic,500,yes
complicated cockroach,pid_1596,Female,18-29,Latino / Hispanic,500,yes
complicated cockroach,pid_1598,Male,18-29,White / Caucasian,500,yes
complicated cockroach,pid_1604,Female,60+,Latino / Hispanic,500,yes
complicated cockroach,pid_1605,Female,30-44,White / Caucasian,500,yes
complicated cockroach,pid_1625,Male,30-44,Latino / Hispanic,500,yes
complicated cockroach,pid_1643,Female,45-59,White / Caucasian,500,yes
complicated cockroach,pid_1645,Male,45-59,Asian / Asian-American,500,yes
complicated cockroach,pid_1649,Female,30-44,White / Caucasian,500,yes
complicated cockroach,pid_1653,Male,18-29,White / Caucasian,500,yes
complicated cockroach,pid_1656,Male,60+,White / Caucasian,500,yes
complicated cockroach,pid_1657,Male,30-44,White / Caucasian,500,yes
complicated cockroach,pid_1660,Female,18-29,Asian / Asian-American,500,yes
complicated cockroach,pid_1663,Female,30-44,White / Caucasian,500,yes
complicated cockroach,pid_1667,Female,18-29,White / Caucasian,500,yes
complicated cockroach,pid_1670,Female,18-29,Latino / Hispanic,500,yes
complicated cockroach,pid_1676,Female,18-29,Asian / Asian-American,500,yes
complicated cockroach,pid_1680,Male,60+,White / Caucasian,500,yes
complicated cockroach,pid_1681,Female,45-59,Latino / Hispanic,500,yes
complicated cockroach,pid_1684,Male,60+,White / Caucasian,500,yes
complicated cockroach,pid_1687,Female,30-44,Latino / Hispanic,500,yes
complicated cockroach,pid_1689,Female,60+,White / Caucasian,500,yes
complicated cockroach,pid_1697,Male,45-59,Black / African-American,500,yes
complicated cockroach,pid_1704,Male,30-44,White / Caucasian,500,yes
complicated cockroach,pid_1712,Female,30-44,White / Caucasian,500,yes
complicated cockroach,pid_1717,Male,60+,White / Caucasian,500,yes
complicated cockroach,pid_1721,Female,45-59,White / Caucasian,500,yes
complicated cockroach,pid_1726,Female,45-59,Latino / Hispanic,500,yes
complicated cockroach,pid_1728,Female,30-44,White / Caucasian,500,yes
complicated cockroach,pid_1740,Female,45-59,White / Caucasian,500,yes
complicated cockroach,pid_1741,Male,18-29,Other,500,yes
complicated cockroach,pid_1743,Male,30-44,White / Caucasian,500,yes
complicated cockroach,pid_1751,Female,45-59,White / Caucasian,500,yes
complicated cockroach,pid_1757,Female,60+,White / Caucasian,500,yes
complicated cockroach,pid_1763,Female,45-59,Latino / Hispanic,500,yes
complicated cockroach,pid_1772,Female,60+,Asian / Asian-American,500,yes
complicated cockroach,pid_1773,Male,18-29,Latino / Hispanic,500,yes
complicated cockroach,pid_1775,Male,45-59,White / Caucasian,500,yes
complicated cockroach,pid_1779,Male,30-44,Other,500,yes
complicated cockroach,pid_1780,Male,30-44,Latino / Hispanic,500,yes
complicated cockroach,pid_1782,Male,30-44,White / Caucasian,500,yes
complicated cockroach,pid_1790,Female,30-44,Black / African-American,500,yes
complicated cockroach,pid_1791,Female,60+,Asian / Asian-American,500,yes
complicated cockroach,pid_1793,Female,60+,Asian / Asian-American,500,yes
complicated cockroach,pid_1803,Female,60+,White / Caucasian,500,yes
complicated cockroach,pid_1805,Male,30-44,Black / African-American,500,yes
complicated cockroach,pid_1806,Female,60+,White / Caucasian,500,yes
complicated cockroach,pid_1809,Male,18-29,White / Caucasian,500,yes
complicated cockroach,pid_1811,Female,45-59,White / Caucasian,500,yes
complicated cockroach,pid_1814,Female,18-29,White / Caucasian,500,yes
complicated cockroach,pid_1815,Female,60+,Black / African-American,500,yes
complicated cockroach,pid_1819,Male,30-44,White / Caucasian,500,yes
complicated cockroach,pid_1820,Female,30-44,White / Caucasian,500,yes
complicated cockroach,pid_1822,Female,60+,White / Caucasian,500,yes
complicated cockroach,pid_1824,Male,18-29,Latino / Hispanic,500,yes
complicated cockroach,pid_1829,Female,18-29,White / Caucasian,500,yes
complicated cockroach,pid_1833,Female,18-29,Latino / Hispanic,500,yes
complicated cockroach,pid_1837,Male,18-29,Latino / Hispanic,500,yes
complicated cockroach,pid_1840,Female,30-44,Latino / Hispanic,500,yes
complicated cockroach,pid_1843,Male,30-44,White / Caucasian,500,yes
complicated cockroach,pid_1846,Female,60+,White / Caucasian,500,yes
complicated cockroach,pid_1847,Male,45-59,Asian / Asian-American,500,yes
complicated cockroach,pid_1853,Male,18-29,Latino / Hispanic,500,yes
complicated cockroach,pid_1857,Male,45-59,White / Caucasian,500,yes
complicated cockroach,pid_1866,Female,45-59,White / Caucasian,500,yes
complicated cockroach,pid_1870,Female,45-59,White / Caucasian,500,yes
complicated cockroach,pid_1872,Male,45-59,White / Caucasian,500,yes
complicated cockroach,pid_1877,Female,30-44,White / Caucasian,500,yes
complicated cockroach,pid_1878,Male,45-59,White / Caucasian,500,yes
complicated cockroach,pid_1884,Male,60+,White / Caucasian,500,yes
complicated cockroach,pid_1886,Male,18-29,White / Caucasian,500,yes
complicated cockroach,pid_1889,Male,30-44,White / Caucasian,500,yes
complicated cockroach,pid_1890,Male,30-44,White / Caucasian,500,yes
complicated cockroach,pid_1893,Female,18-29,Latino / Hispanic,500,yes
complicated cockroach,pid_1901,Female,30-44,White / Caucasian,500,yes
complicated cockroach,pid_1904,Male,30-44,White / Caucasian,500,yes
complicated cockroach,pid_1908,Female,45-59,White / Caucasian,500,yes
complicated cockroach,pid_1909,Female,60+,Latino / Hispanic,500,yes
complicated cockroach,pid_1912,Male,30-44,Asian / Asian-American,500,yes
complicated cockroach,pid_1913,Female,30-44,Other,500,yes
complicated cockroach,pid_1917,Female,18-29,White / Caucasian,500,yes
complicated cockroach,pid_1919,Male,45-59,White / Caucasian,500,yes
complicated cockroach,pid_1929,Female,60+,White / Caucasian,500,yes
complicated cockroach,pid_1931,Male,60+,White / Caucasian,500,yes
complicated cockroach,pid_1933,Female,18-29,White / Caucasian,500,yes
complicated cockroach,pid_1937,Female,18-29,Other,500,yes
complicated cockroach,pid_1945,Female,30-44,White / Caucasian,500,yes
complicated cockroach,pid_1952,Male,45-59,White / Caucasian,500,yes
complicated cockroach,pid_1953,Male,45-59,White / Caucasian,500,yes
complicated cockroach,pid_1961,Female,60+,Other,500,yes
complicated cockroach,pid_1963,Male,30-44,White / Caucasian,500,yes
complicated cockroach,pid_1966,Female,18-29,Latino / Hispanic,500,yes
complicated cockroach,pid_1972,Male,18-29,Black / African-American,500,yes
complicated cockroach,pid_1973,Female,18-29,Latino / Hispanic,500,yes
complicated cockroach,pid_1978,Male,30-44,White / Caucasian,500,yes
complicated cockroach,pid_1981,Female,18-29,White / Caucasian,500,yes
complicated cockroach,pid_1982,Male,45-59,White / Caucasian,500,yes
complicated cockroach,pid_1985,Male,18-29,Black / African-American,500,yes
complicated cockroach,pid_1988,Female,30-44,White / Caucasian,500,yes
complicated cockroach,pid_1989,Female,30-44,White / Caucasian,500,yes
complicated cockroach,pid_1997,Female,30-44,White / Caucasian,500,yes
complicated cockroach,pid_1998,Female,60+,White / Caucasian,500,yes
complicated cockroach,pid_1999,Female,30-44,White / Caucasian,500,yes
complicated cockroach,pid_2000,Male,60+,White / Caucasian,500,yes
complicated cockroach,pid_2003,Male,18-29,White / Caucasian,500,yes
complicated cockroach,pid_2005,Male,45-59,White / Caucasian,500,yes
complicated cockroach,pid_2006,Male,45-59,White / Caucasian,500,yes
complicated cockroach,pid_2008,Female,45-59,Asian / Asian-American,500,yes
complicated cockroach,pid_2010,Female,45-59,White / Caucasian,500,yes
complicated cockroach,pid_2021,Female,45-59,White / Caucasian,500,yes
complicated cockroach,pid_2022,Female,60+,Black / African-American,500,yes
complicated cockroach,pid_2025,Male,60+,White / Caucasian,500,yes
complicated cockroach,pid_2026,Male,45-59,White / Caucasian,500,yes
complicated cockroach,pid_2030,Female,60+,White / Caucasian,500,yes
complicated cockroach,pid_2034,Male,45-59,White / Caucasian,500,yes
complicated cockroach,pid_2041,Male,60+,White / Caucasian,500,yes
complicated cockroach,pid_2046,Male,18-29,Latino / Hispanic,500,yes
complicated cockroach,pid_2049,Female,18-29,Black / African-American,500,yes
complicated cockroach,pid_2052,Male,18-29,White / Caucasian,500,yes
complicated cockroach,pid_2054,Female,30-44,Black / African-American,500,yes
crushing chicken; gross grasshopper; homely halibut,pid_14,Female,45-59,White / Caucasian,500,yes
crushing chicken; gross grasshopper; homely halibut,pid_15,Male,60+,White / Caucasian,500,yes
crushing chicken; gross grasshopper; homely halibut,pid_23,Male,45-59,White / Caucasian,500,yes
crushing chicken; gross grasshopper; homely halibut,pid_29,Female,60+,White / Caucasian,500,yes
crushing chicken; gross grasshopper; homely halibut,pid_32,Male,30-44,Latino / Hispanic,500,yes
crushing chicken; gross grasshopper; homely halibut,pid_35,Female,30-44,White / Caucasian,500,yes
crushing chicken; gross grasshopper; homely halibut,pid_43,Male,18-29,Black / African-American,500,yes
crushing chicken; gross grasshopper; homely halibut,pid_57,Male,45-59,Black / African-American,500,yes
crushing chicken; gross grasshopper; homely halibut,pid_59,Male,45-59,White / Caucasian,500,yes
crushing chicken; gross grasshopper; homely halibut,pid_62,Male,45-59,White / Caucasian,500,yes
crushing chicken; gross grasshopper; homely halibut,pid_65,Female,45-59,Latino / Hispanic,500,yes
crushing chicken; gross grasshopper; homely halibut,pid_71,Male,60+,Latino / Hispanic,500,yes
crushing chicken; gross grasshopper; homely halibut,pid_72,Male,45-59,White / Caucasian,500,yes
crushing chicken; gross grasshopper; homely halibut,pid_75,Female,45-59,White / Caucasian,500,yes
crushing chicken; gross grasshopper; homely halibut,pid_76,Female,60+,White / Caucasian,500,yes
crushing chicken; gross grasshopper; homely halibut,pid_81,Male,60+,White / Caucasian,500,yes
crushing chicken; gross grasshopper; homely halibut,pid_83,Female,60+,White / Caucasian,500,yes
crushing chicken; gross grasshopper; homely halibut,pid_84,Female,60+,White / Caucasian,500,yes
crushing chicken; gross grasshopper; homely halibut,pid_91,Female,60+,White / Caucasian,500,yes
crushing chicken; gross grasshopper; homely halibut,pid_95,Female,60+,White / Caucasian,500,yes
crushing chicken; gross grasshopper; homely halibut,pid_99,Male,30-44,Other,500,yes
crushing chicken; gross grasshopper; homely halibut,pid_102,Male,45-59,Black / African-American,500,yes
crushing chicken; gross grasshopper; homely halibut,pid_104,Male,30-44,White / Caucasian,500,yes
crushing chicken; gross grasshopper; homely halibut,pid_107,Male,45-59,White / Caucasian,500,yes
crushing chicken; gross grasshopper; homely halibut,pid_115,Female,60+,Asian / Asian-American,500,yes
crushing chicken; gross grasshopper; homely halibut,pid_118,Male,60+,White / Caucasian,500,yes
crushing chicken; gross grasshopper; homely halibut,pid_122,Female,60+,White / Caucasian,500,yes
crushing chicken; gross grasshopper; homely halibut,pid_123,Male,60+,White / Caucasian,500,yes
crushing chicken; gross grasshopper; homely halibut,pid_129,Female,30-44,Asian / Asian-American,500,yes
crushing chicken; gross grasshopper; homely halibut,pid_133,Female,60+,Latino / Hispanic,500,yes
crushing chicken; gross grasshopper; homely halibut,pid_160,Male,60+,White / Caucasian,500,yes
crushing chicken; gross grasshopper; homely halibut,pid_163,Male,45-59,White / Caucasian,500,yes
crushing chicken; gross grasshopper; homely halibut,pid_165,Male,45-59,Latino / Hispanic,500,yes
crushing chicken; gross grasshopper; homely halibut,pid_167,Female,60+,White / Caucasian,500,yes
crushing chicken; gross grasshopper; homely halibut,pid_173,Female,30-44,White / Caucasian,500,yes
crushing chicken; gross grasshopper; homely halibut,pid_174,Female,60+,White / Caucasian,500,yes
crushing chicken; gross grasshopper; homely halibut,pid_180,Female,60+,Black / African-American,500,yes
crushing chicken; gross grasshopper; homely halibut,pid_182,Female,60+,White / Caucasian,500,yes
crushing chicken; gross grasshopper; homely halibut,pid_186,Female,18-29,Black / African-American,500,yes
crushing chicken; gross grasshopper; homely halibut,pid_189,Female,45-59,White / Caucasian,500,yes
crushing chicken; gross grasshopper; homely halibut,pid_198,Female,30-44,White / Caucasian,500,yes
crushing chicken; gross grasshopper; homely halibut,pid_204,Female,60+,White / Caucasian,500,yes
crushing chicken; gross grasshopper; homely halibut,pid_207,Female,45-59,Black / African-American,500,yes
crushing chicken; gross grasshopper; homely halibut,pid_217,Male,60+,White / Caucasian,500,yes
crushing chicken; gross grasshopper; homely halibut,pid_223,Male,60+,Black / African-American,500,yes
crushing chicken; gross grasshopper; homely halibut,pid_245,Female,30-44,White / Caucasian,500,yes
crushing chicken; gross grasshopper; homely halibut,pid_248,Male,45-59,White / Caucasian,500,yes
crushing chicken; gross grasshopper; homely halibut,pid_253,Female,60+,White / Caucasian,500,yes
crushing chicken; gross grasshopper; homely halibut,pid_258,Male,60+,White / Caucasian,500,yes
crushing chicken; gross grasshopper; homely halibut,pid_262,Male,60+,White / Caucasian,500,yes
crushing chicken; gross grasshopper; homely halibut,pid_263,Female,45-59,White / Caucasian,500,yes
crushing chicken; gross grasshopper; homely halibut,pid_265,Female,60+,Black / African-American,500,yes
crushing chicken; gross grasshopper; homely halibut,pid_268,Male,60+,White / Caucasian,500,yes
crushing chicken; gross grasshopper; homely halibut,pid_273,Male,60+,Latino / Hispanic,500,yes
crushing chicken; gross grasshopper; homely halibut,pid_276,Male,60+,White / Caucasian,500,yes
crushing chicken; gross grasshopper; homely halibut,pid_278,Male,60+,White / Caucasian,500,yes
crushing chicken; gross grasshopper; homely halibut,pid_282,Male,18-29,White / Caucasian,500,yes
crushing chicken; gross grasshopper; homely halibut,pid_283,Female,60+,White / Caucasian,500,yes
crushing chicken; gross grasshopper; homely halibut,pid_285,Male,45-59,White / Caucasian,500,yes
crushing chicken; gross grasshopper; homely halibut,pid_289,Male,30-44,White / Caucasian,500,yes
crushing chicken; gross grasshopper; homely halibut,pid_290,Male,30-44,Latino / Hispanic,500,yes
crushing chicken; gross grasshopper; homely halibut,pid_294,Male,60+,Black / African-American,500,yes
crushing chicken; gross grasshopper; homely halibut,pid_296,Female,30-44,Latino / Hispanic,500,yes
crushing chicken; gross grasshopper; homely halibut,pid_303,Female,60+,Black / African-American,500,yes
crushing chicken; gross grasshopper; homely halibut,pid_305,Male,18-29,Latino / Hispanic,500,yes
crushing chicken; gross grasshopper; homely halibut,pid_315,Male,18-29,White / Caucasian,500,yes
crushing chicken; gross grasshopper; homely halibut,pid_318,Female,45-59,White / Caucasian,500,yes
crushing chicken; gross grasshopper; homely halibut,pid_329,Male,60+,White / Caucasian,500,yes
crushing chicken; gross grasshopper; homely halibut,pid_333,Female,60+,White / Caucasian,500,yes
crushing chicken; gross grasshopper; homely halibut,pid_336,Female,30-44,Latino / Hispanic,500,yes
crushing chicken; gross grasshopper; homely halibut,pid_337,Male,60+,White / Caucasian,500,yes
crushing chicken; gross grasshopper; homely halibut,pid_339,Male,45-59,Black / African-American,500,yes
crushing chicken; gross grasshopper; homely halibut,pid_345,Male,45-59,White / Caucasian,500,yes
crushing chicken; gross grasshopper; homely halibut,pid_348,Female,45-59,Black / African-American,500,yes
crushing chicken; gross grasshopper; homely halibut,pid_350,Male,45-59,Latino / Hispanic,500,yes
crushing chicken; gross grasshopper; homely halibut,pid_353,Male,45-59,Latino / Hispanic,500,yes
crushing chicken; gross grasshopper; homely halibut,pid_363,Male,30-44,White / Caucasian,500,yes
crushing chicken; gross grasshopper; homely halibut,pid_366,Female,60+,White / Caucasian,500,yes
crushing chicken; gross grasshopper; homely halibut,pid_368,Female,60+,White / Caucasian,500,yes
crushing chicken; gross grasshopper; homely halibut,pid_369,Female,45-59,White / Caucasian,500,yes
crushing chicken; gross grasshopper; homely halibut,pid_371,Female,45-59,White / Caucasian,500,yes
crushing chicken; gross grasshopper; homely halibut,pid_373,Female,60+,White / Caucasian,500,yes
crushing chicken; gross grasshopper; homely halibut,pid_376,Male,60+,Black / African-American,500,yes
crushing chicken; gross grasshopper; homely halibut,pid_378,Female,30-44,Asian / Asian-American,500,yes
crushing chicken; gross grasshopper; homely halibut,pid_379,Male,60+,Other,500,yes
crushing chicken; gross grasshopper; homely halibut,pid_384,Female,60+,Black / African-American,500,yes
crushing chicken; gross grasshopper; homely halibut,pid_391,Male,60+,White / Caucasian,500,yes
crushing chicken; gross grasshopper; homely halibut,pid_393,Male,60+,Latino / Hispanic,500,yes
crushing chicken; gross grasshopper; homely halibut,pid_398,Female,60+,Latino / Hispanic,500,yes
crushing chicken; gross grasshopper; homely halibut,pid_402,Female,60+,Asian / Asian-American,500,yes
crushing chicken; gross grasshopper; homely halibut,pid_403,Male,30-44,Black / African-American,500,yes
crushing chicken; gross grasshopper; homely halibut,pid_406,Male,18-29,White / Caucasian,500,yes
crushing chicken; gross grasshopper; homely halibut,pid_407,Male,60+,Latino / Hispanic,500,yes
crushing chicken; gross grasshopper; homely halibut,pid_411,Male,45-59,White / Caucasian,500,yes
crushing chicken; gross grasshopper; homely halibut,pid_412,Male,45-59,White / Caucasian,500,yes
crushing chicken; gross grasshopper; homely halibut,pid_425,Male,45-59,White / Caucasian,500,yes
crushing chicken; gross grasshopper; homely halibut,pid_443,Male,30-44,Black / African-American,500,yes
crushing chicken; gross grasshopper; homely halibut,pid_445,Male,45-59,White / Caucasian,500,yes
crushing chicken; gross grasshopper; homely halibut,pid_447,Male,60+,Asian / Asian-American,500,yes
crushing chicken; gross grasshopper; homely halibut,pid_450,Female,45-59,White / Caucasian,500,yes
crushing chicken; gross grasshopper; homely halibut,pid_451,Female,60+,White / Caucasian,500,yes
crushing chicken; gross grasshopper; homely halibut,pid_453,Male,18-29,Black / African-American,500,yes
crushing chicken; gross grasshopper; homely halibut,pid_455,Female,45-59,Asian / Asian-American,500,yes
crushing chicken; gross grasshopper; homely halibut,pid_456,Female,45-59,White / Caucasian,500,yes
crushing chicken; gross grasshopper; homely halibut,pid_459,Female,60+,White / Caucasian,500,yes
crushing chicken; gross grasshopper; homely halibut,pid_460,Male,45-59,White / Caucasian,500,yes
crushing chicken; gross grasshopper; homely halibut,pid_461,Male,60+,White / Caucasian,500,yes
crushing chicken; gross grasshopper; homely halibut,pid_462,Female,60+,White / Caucasian,500,yes
crushing chicken; gross grasshopper; homely halibut,pid_463,Female,18-29,White / Caucasian,500,yes
crushing chicken; gross grasshopper; homely halibut,pid_464,Female,18-29,Latino / Hispanic,500,yes
crushing chicken; gross grasshopper; homely halibut,pid_467,Female,18-29,White / Caucasian,500,yes
crushing chicken; gross grasshopper; homely halibut,pid_469,Female,45-59,Black / African-American,500,yes
crushing chicken; gross grasshopper; homely halibut,pid_470,Male,18-29,Latino / Hispanic,500,yes
crushing chicken; gross grasshopper; homely halibut,pid_474,Female,45-59,Black / African-American,500,yes
crushing chicken; gross grasshopper; homely halibut,pid_475,Male,18-29,White / Caucasian,500,yes
crushing chicken; gross grasshopper; homely halibut,pid_478,Male,60+,White / Caucasian,500,yes
crushing chicken; gross grasshopper; homely halibut,pid_487,Female,18-29,Black / African-American,500,yes
crushing chicken; gross grasshopper; homely halibut,pid_491,Male,30-44,White / Caucasian,500,yes
crushing chicken; gross grasshopper; homely halibut,pid_492,Female,60+,White / Caucasian,500,yes
crushing chicken; gross grasshopper; homely halibut,pid_502,Female,60+,White / Caucasian,500,yes
crushing chicken; gross grasshopper; homely halibut,pid_507,Male,60+,Black / African-American,500,yes
crushing chicken; gross grasshopper; homely halibut,pid_509,Female,45-59,White / Caucasian,500,yes
crushing chicken; gross grasshopper; homely halibut,pid_511,Male,60+,White / Caucasian,500,yes
crushing chicken; gross grasshopper; homely halibut,pid_512,Female,18-29,White / Caucasian,500,yes
crushing chicken; gross grasshopper; homely halibut,pid_513,Male,60+,Asian / Asian-American,500,yes
crushing chicken; gross grasshopper; homely halibut,pid_517,Female,18-29,Latino / Hispanic,500,yes
crushing chicken; gross grasshopper; homely halibut,pid_520,Male,60+,White / Caucasian,500,yes
crushing chicken; gross grasshopper; homely halibut,pid_521,Female,60+,Black / African-American,500,yes
crushing chicken; gross grasshopper; homely halibut,pid_525,Male,30-44,Asian / Asian-American,500,yes
crushing chicken; gross grasshopper; homely halibut,pid_528,Female,30-44,White / Caucasian,500,yes
crushing chicken; gross grasshopper; homely halibut,pid_541,Male,30-44,Latino / Hispanic,500,yes
crushing chicken; gross grasshopper; homely halibut,pid_542,Female,45-59,White / Caucasian,500,yes
crushing chicken; gross grasshopper; homely halibut,pid_559,Female,30-44,White / Caucasian,500,yes
crushing chicken; gross grasshopper; homely halibut,pid_563,Male,30-44,White / Caucasian,500,yes
crushing chicken; gross grasshopper; homely halibut,pid_566,Female,18-29,Black / African-American,500,yes
crushing chicken; gross grasshopper; homely halibut,pid_569,Male,60+,Latino / Hispanic,500,yes
crushing chicken; gross grasshopper; homely halibut,pid_577,Female,18-29,Black / African-American,500,yes
crushing chicken; gross grasshopper; homely halibut,pid_578,Female,60+,White / Caucasian,500,yes
crushing chicken; gross grasshopper; homely halibut,pid_582,Male,30-44,Latino / Hispanic,500,yes
crushing chicken; gross grasshopper; homely halibut,pid_585,Male,60+,Asian / Asian-American,500,yes
crushing chicken; gross grasshopper; homely halibut,pid_586,Female,45-59,White / Caucasian,500,yes
crushing chicken; gross grasshopper; homely halibut,pid_607,Male,30-44,Black / African-American,500,yes
crushing chicken; gross grasshopper; homely halibut,pid_609,Female,60+,White / Caucasian,500,yes
crushing chicken; gross grasshopper; homely halibut,pid_610,Male,60+,White / Caucasian,500,yes
crushing chicken; gross grasshopper; homely halibut,pid_628,Male,18-29,Black / African-American,500,yes
crushing chicken; gross grasshopper; homely halibut,pid_629,Male,18-29,White / Caucasian,500,yes
crushing chicken; gross grasshopper; homely halibut,pid_636,Female,18-29,White / Caucasian,500,yes
crushing chicken; gross grasshopper; homely halibut,pid_653,Male,18-29,Latino / Hispanic,500,yes
crushing chicken; gross grasshopper; homely halibut,pid_654,Male,45-59,Black / African-American,500,yes
crushing chicken; gross grasshopper; homely halibut,pid_667,Male,45-59,White / Caucasian,500,yes
crushing chicken; gross grasshopper; homely halibut,pid_676,Female,45-59,Latino / Hispanic,500,yes
crushing chicken; gross grasshopper; homely halibut,pid_679,Male,18-29,White / Caucasian,500,yes
crushing chicken; gross grasshopper; homely halibut,pid_684,Female,18-29,White / Caucasian,500,yes
crushing chicken; gross grasshopper; homely halibut,pid_687,Female,18-29,White / Caucasian,500,yes
crushing chicken; gross grasshopper; homely halibut,pid_691,Female,60+,Black / African-American,500,yes
crushing chicken; gross grasshopper; homely halibut,pid_695,Female,18-29,White / Caucasian,500,yes
crushing chicken; gross grasshopper; homely halibut,pid_708,Female,60+,White / Caucasian,500,yes
crushing chicken; gross grasshopper; homely halibut,pid_714,Female,45-59,Asian / Asian-American,500,yes
crushing chicken; gross grasshopper; homely halibut,pid_715,Female,30-44,White / Caucasian,500,yes
crushing chicken; gross grasshopper; homely halibut,pid_716,Male,18-29,Black / African-American,500,yes
crushing chicken; gross grasshopper; homely halibut,pid_717,Female,60+,White / Caucasian,500,yes
crushing chicken; gross grasshopper; homely halibut,pid_718,Female,60+,White / Caucasian,500,yes
crushing chicken; gross grasshopper; homely halibut,pid_721,Male,45-59,Asian / Asian-American,500,yes
crushing chicken; gross grasshopper; homely halibut,pid_732,Male,60+,White / Caucasian,500,yes
crushing chicken; gross grasshopper; homely halibut,pid_736,Female,60+,White / Caucasian,500,yes
crushing chicken; gross grasshopper; homely halibut,pid_738,Female,30-44,White / Caucasian,500,yes
crushing chicken; gross grasshopper; homely halibut,pid_744,Male,60+,White / Caucasian,500,yes
crushing chicken; gross grasshopper; homely halibut,pid_753,Male,30-44,Latino / Hispanic,500,yes
crushing chicken; gross grasshopper; homely halibut,pid_757,Female,18-29,White / Caucasian,500,yes
crushing chicken; gross grasshopper; homely halibut,pid_758,Female,60+,Black / African-American,500,yes
crushing chicken; gross grasshopper; homely halibut,pid_761,Female,30-44,White / Caucasian,500,yes
crushing chicken; gross grasshopper; homely halibut,pid_764,Male,18-29,White / Caucasian,500,yes
crushing chicken; gross grasshopper; homely halibut,pid_767,Female,45-59,White / Caucasian,500,yes
crushing chicken; gross grasshopper; homely halibut,pid_773,Female,30-44,Latino / Hispanic,500,yes
crushing chicken; gross grasshopper; homely halibut,pid_774,Male,60+,White / Caucasian,500,yes
crushing chicken; gross grasshopper; homely halibut,pid_788,Male,45-59,White / Caucasian,500,yes
crushing chicken; gross grasshopper; homely halibut,pid_792,Female,45-59,White / Caucasian,500,yes
crushing chicken; gross grasshopper; homely halibut,pid_797,Female,30-44,Latino / Hispanic,500,yes
crushing chicken; gross grasshopper; homely halibut,pid_800,Female,60+,Latino / Hispanic,500,yes
crushing chicken; gross grasshopper; homely halibut,pid_804,Female,30-44,White / Caucasian,500,yes
crushing chicken; gross grasshopper; homely halibut,pid_805,Female,30-44,White / Caucasian,500,yes
crushing chicken; gross grasshopper; homely halibut,pid_808,Male,30-44,Asian / Asian-American,500,yes
crushing chicken; gross grasshopper; homely halibut,pid_814,Male,30-44,White / Caucasian,500,yes
crushing chicken; gross grasshopper; homely halibut,pid_822,Male,45-59,Latino / Hispanic,500,yes
crushing chicken; gross grasshopper; homely halibut,pid_824,Male,60+,White / Caucasian,500,yes
crushing chicken; gross grasshopper; homely halibut,pid_839,Male,45-59,Black / African-American,500,yes
crushing chicken; gross grasshopper; homely halibut,pid_845,Female,60+,White / Caucasian,500,yes
crushing chicken; gross grasshopper; homely halibut,pid_846,Female,18-29,White / Caucasian,500,yes
crushing chicken; gross grasshopper; homely halibut,pid_847,Male,60+,White / Caucasian,500,yes
crushing chicken; gross grasshopper; homely halibut,pid_857,Female,60+,White / Caucasian,500,yes
crushing chicken; gross grasshopper; homely halibut,pid_860,Female,60+,White / Caucasian,500,yes
crushing chicken; gross grasshopper; homely halibut,pid_861,Male,60+,White / Caucasian,500,yes
crushing chicken; gross grasshopper; homely halibut,pid_863,Male,60+,Latino / Hispanic,500,yes
crushing chicken; gross grasshopper; homely halibut,pid_869,Female,45-59,White / Caucasian,500,yes
crushing chicken; gross grasshopper; homely halibut,pid_871,Female,60+,Latino / Hispanic,500,yes
crushing chicken; gross grasshopper; homely halibut,pid_872,Male,45-59,Black / African-American,500,yes
crushing chicken; gross grasshopper; homely halibut,pid_881,Male,18-29,White / Caucasian,500,yes
crushing chicken; gross grasshopper; homely halibut,pid_882,Male,30-44,Latino / Hispanic,500,yes
crushing chicken; gross grasshopper; homely halibut,pid_883,Male,18-29,White / Caucasian,500,yes
crushing chicken; gross grasshopper; homely halibut,pid_895,Female,30-44,Asian / Asian-American,500,yes
crushing chicken; gross grasshopper; homely halibut,pid_897,Male,60+,White / Caucasian,500,yes
crushing chicken; gross grasshopper; homely halibut,pid_900,Female,60+,White / Caucasian,500,yes
crushing chicken; gross grasshopper; homely halibut,pid_903,Female,18-29,Latino / Hispanic,500,yes
crushing chicken; gross grasshopper; homely halibut,pid_904,Male,18-29,White / Caucasian,500,yes
crushing chicken; gross grasshopper; homely halibut,pid_910,Male,45-59,White / Caucasian,500,yes
crushing chicken; gross grasshopper; homely halibut,pid_913,Female,18-29,White / Caucasian,500,yes
crushing chicken; gross grasshopper; homely halibut,pid_914,Male,60+,Latino / Hispanic,500,yes
crushing chicken; gross grasshopper; homely halibut,pid_916,Male,60+,White / Caucasian,500,yes
crushing chicken; gross grasshopper; homely halibut,pid_917,Male,30-44,White / Caucasian,500,yes
crushing chicken; gross grasshopper; homely halibut,pid_920,Male,60+,Black / African-American,500,yes
crushing chicken; gross grasshopper; homely halibut,pid_921,Female,30-44,Latino / Hispanic,500,yes
crushing chicken; gross grasshopper; homely halibut,pid_924,Male,30-44,White / Caucasian,500,yes
crushing chicken; gross grasshopper; homely halibut,pid_926,Female,60+,White / Caucasian,500,yes
crushing chicken; gross grasshopper; homely halibut,pid_933,Female,60+,Other,500,yes
crushing chicken; gross grasshopper; homely halibut,pid_935,Male,30-44,White / Caucasian,500,yes
crushing chicken; gross grasshopper; homely halibut,pid_939,Female,60+,Latino / Hispanic,500,yes
crushing chicken; gross grasshopper; homely halibut,pid_940,Male,18-29,White / Caucasian,500,yes
crushing chicken; gross grasshopper; homely halibut,pid_945,Female,30-44,White / Caucasian,500,yes
crushing chicken; gross grasshopper; homely halibut,pid_946,Female,45-59,Asian / Asian-American,500,yes
crushing chicken; gross grasshopper; homely halibut,pid_949,Male,60+,White / Caucasian,500,yes
crushing chicken; gross grasshopper; homely halibut,pid_950,Male,30-44,Latino / Hispanic,500,yes
crushing chicken; gross grasshopper; homely halibut,pid_951,Female,45-59,Latino / Hispanic,500,yes
crushing chicken; gross grasshopper; homely halibut,pid_954,Female,18-29,Latino / Hispanic,500,yes
crushing chicken; gross grasshopper; homely halibut,pid_955,Female,60+,White / Caucasian,500,yes
crushing chicken; gross grasshopper; homely halibut,pid_957,Female,30-44,Latino / Hispanic,500,yes
crushing chicken; gross grasshopper; homely halibut,pid_958,Female,60+,White / Caucasian,500,yes
crushing chicken; gross grasshopper; homely halibut,pid_961,Female,30-44,Black / African-American,500,yes
crushing chicken; gross grasshopper; homely halibut,pid_969,Female,45-59,White / Caucasian,500,yes
crushing chicken; gross grasshopper; homely halibut,pid_970,Male,60+,Latino / Hispanic,500,yes
crushing chicken; gross grasshopper; homely halibut,pid_976,Female,45-59,White / Caucasian,500,yes
crushing chicken; gross grasshopper; homely halibut,pid_983,Male,45-59,White / Caucasian,500,yes
crushing chicken; gross grasshopper; homely halibut,pid_1001,Male,18-29,Latino / Hispanic,500,yes
crushing chicken; gross grasshopper; homely halibut,pid_1003,Female,60+,White / Caucasian,500,yes
crushing chicken; gross grasshopper; homely halibut,pid_1007,Male,30-44,Black / African-American,500,yes
crushing chicken; gross grasshopper; homely halibut,pid_1010,Female,60+,Latino / Hispanic,500,yes
crushing chicken; gross grasshopper; homely halibut,pid_1011,Female,30-44,Other,500,yes
crushing chicken; gross grasshopper; homely halibut,pid_1016,Female,18-29,White / Caucasian,500,yes
crushing chicken; gross grasshopper; homely halibut,pid_1018,Female,18-29,Other,500,yes
crushing chicken; gross grasshopper; homely halibut,pid_1019,Female,45-59,Latino / Hispanic,500,yes
crushing chicken; gross grasshopper; homely halibut,pid_1030,Female,45-59,Other,500,yes
crushing chicken; gross grasshopper; homely halibut,pid_1037,Female,18-29,White / Caucasian,500,yes
crushing chicken; gross grasshopper; homely halibut,pid_1041,Male,45-59,White / Caucasian,500,yes
crushing chicken; gross grasshopper; homely halibut,pid_1043,Female,30-44,White / Caucasian,500,yes
crushing chicken; gross grasshopper; homely halibut,pid_1044,Female,45-59,White / Caucasian,500,yes
crushing chicken; gross grasshopper; homely halibut,pid_1047,Female,60+,White / Caucasian,500,yes
crushing chicken; gross grasshopper; homely halibut,pid_1048,Male,30-44,White / Caucasian,500,yes
crushing chicken; gross grasshopper; homely halibut,pid_1051,Male,18-29,Latino / Hispanic,500,yes
crushing chicken; gross grasshopper; homely halibut,pid_1054,Male,60+,White / Caucasian,500,yes
crushing chicken; gross grasshopper; homely halibut,pid_1060,Male,30-44,Black / African-American,500,yes
crushing chicken; gross grasshopper; homely halibut,pid_1063,Female,18-29,Asian / Asian-American,500,yes
crushing chicken; gross grasshopper; homely halibut,pid_1064,Male,18-29,White / Caucasian,500,yes
crushing chicken; gross grasshopper; homely halibut,pid_1072,Male,18-29,Latino / Hispanic,500,yes
crushing chicken; gross grasshopper; homely halibut,pid_1082,Female,45-59,Black / African-American,500,yes
crushing chicken; gross grasshopper; homely halibut,pid_1089,Female,60+,White / Caucasian,500,yes
crushing chicken; gross grasshopper; homely halibut,pid_1094,Female,30-44,White / Caucasian,500,yes
crushing chicken; gross grasshopper; homely halibut,pid_1097,Female,60+,Latino / Hispanic,500,yes
crushing chicken; gross grasshopper; homely halibut,pid_1100,Male,30-44,White / Caucasian,500,yes
crushing chicken; gross grasshopper; homely halibut,pid_1109,Male,45-59,White / Caucasian,500,yes
crushing chicken; gross grasshopper; homely halibut,pid_1114,Male,45-59,Other,500,yes
crushing chicken; gross grasshopper; homely halibut,pid_1115,Female,45-59,White / Caucasian,500,yes
crushing chicken; gross grasshopper; homely halibut,pid_1116,Male,18-29,White / Caucasian,500,yes
crushing chicken; gross grasshopper; homely halibut,pid_1124,Female,30-44,Black / African-American,500,yes
crushing chicken; gross grasshopper; homely halibut,pid_1125,Male,30-44,Asian / Asian-American,500,yes
crushing chicken; gross grasshopper; homely halibut,pid_1131,Male,45-59,White / Caucasian,500,yes
crushing chicken; gross grasshopper; homely halibut,pid_1132,Female,45-59,Latino / Hispanic,500,yes
crushing chicken; gross grasshopper; homely halibut,pid_1135,Male,45-59,White / Caucasian,500,yes
crushing chicken; gross grasshopper; homely halibut,pid_1137,Male,60+,Asian / Asian-American,500,yes
crushing chicken; gross grasshopper; homely halibut,pid_1138,Male,30-44,White / Caucasian,500,yes
crushing chicken; gross grasshopper; homely halibut,pid_1144,Male,60+,White / Caucasian,500,yes
crushing chicken; gross grasshopper; homely halibut,pid_1145,Female,30-44,Asian / Asian-American,500,yes
crushing chicken; gross grasshopper; homely halibut,pid_1147,Male,30-44,White / Caucasian,500,yes
crushing chicken; gross grasshopper; homely halibut,pid_1148,Female,30-44,Latino / Hispanic,500,yes
crushing chicken; gross grasshopper; homely halibut,pid_1153,Female,30-44,White / Caucasian,500,yes
crushing chicken; gross grasshopper; homely halibut,pid_1157,Female,45-59,White / Caucasian,500,yes
crushing chicken; gross grasshopper; homely halibut,pid_1159,Female,60+,White / Caucasian,500,yes
crushing chicken; gross grasshopper; homely halibut,pid_1168,Male,45-59,White / Caucasian,500,yes
crushing chicken; gross grasshopper; homely halibut,pid_1174,Female,45-59,White / Caucasian,500,yes
crushing chicken; gross grasshopper; homely halibut,pid_1176,Male,30-44,White / Caucasian,500,yes
crushing chicken; gross grasshopper; homely halibut,pid_1178,Female,18-29,Latino / Hispanic,500,yes
crushing chicken; gross grasshopper; homely halibut,pid_1182,Male,60+,White / Caucasian,500,yes
crushing chicken; gross grasshopper; homely halibut,pid_1183,Female,60+,White / Caucasian,500,yes
crushing chicken; gross grasshopper; homely halibut,pid_1187,Male,18-29,White / Caucasian,500,yes
crushing chicken; gross grasshopper; homely halibut,pid_1188,Male,18-29,Asian / Asian-American,500,yes
crushing chicken; gross grasshopper; homely halibut,pid_1189,Female,30-44,Asian / Asian-American,500,yes
crushing chicken; gross grasshopper; homely halibut,pid_1193,Male,30-44,Latino / Hispanic,500,yes
crushing chicken; gross grasshopper; homely halibut,pid_1194,Male,30-44,White / Caucasian,500,yes
crushing chicken; gross grasshopper; homely halibut,pid_1197,Female,60+,White / Caucasian,500,yes
crushing chicken; gross grasshopper; homely halibut,pid_1199,Male,60+,Black / African-American,500,yes
crushing chicken; gross grasshopper; homely halibut,pid_1202,Male,60+,White / Caucasian,500,yes
crushing chicken; gross grasshopper; homely halibut,pid_1203,Male,18-29,Asian / Asian-American,500,yes
crushing chicken; gross grasshopper; homely halibut,pid_1212,Male,30-44,Latino / Hispanic,500,yes
crushing chicken; gross grasshopper; homely halibut,pid_1217,Female,45-59,Latino / Hispanic,500,yes
crushing chicken; gross grasshopper; homely halibut,pid_1219,Male,60+,White / Caucasian,500,yes
crushing chicken; gross grasshopper; homely halibut,pid_1221,Male,18-29,Latino / Hispanic,500,yes
crushing chicken; gross grasshopper; homely halibut,pid_1225,Male,60+,White / Caucasian,500,yes
crushing chicken; gross grasshopper; homely halibut,pid_1227,Female,30-44,Latino / Hispanic,500,yes
crushing chicken; gross grasshopper; homely halibut,pid_1238,Female,60+,White / Caucasian,500,yes
crushing chicken; gross grasshopper; homely halibut,pid_1240,Male,18-29,White / Caucasian,500,yes
crushing chicken; gross grasshopper; homely halibut,pid_1248,Male,45-59,White / Caucasian,500,yes
crushing chicken; gross grasshopper; homely halibut,pid_1249,Female,45-59,White / Caucasian,500,yes
crushing chicken; gross grasshopper; homely halibut,pid_1253,Female,45-59,Black / African-American,500,yes
crushing chicken; gross grasshopper; homely halibut,pid_1256,Female,30-44,Latino / Hispanic,500,yes
crushing chicken; gross grasshopper; homely halibut,pid_1262,Male,30-44,Latino / Hispanic,500,yes
crushing chicken; gross grasshopper; homely halibut,pid_1273,Male,60+,White / Caucasian,500,yes
crushing chicken; gross grasshopper; homely halibut,pid_1278,Male,30-44,White / Caucasian,500,yes
crushing chicken; gross grasshopper; homely halibut,pid_1286,Male,30-44,White / Caucasian,500,yes
crushing chicken; gross grasshopper; homely halibut,pid_1289,Male,30-44,White / Caucasian,500,yes
crushing chicken; gross grasshopper; homely halibut,pid_1290,Female,30-44,White / Caucasian,500,yes
crushing chicken; gross grasshopper; homely halibut,pid_1299,Female,30-44,White / Caucasian,500,yes
crushing chicken; gross grasshopper; homely halibut,pid_1301,Female,45-59,Black / African-American,500,yes
crushing chicken; gross grasshopper; homely halibut,pid_1302,Male,30-44,Black / African-American,500,yes
crushing chicken; gross grasshopper; homely halibut,pid_1311,Female,30-44,Latino / Hispanic,500,yes
crushing chicken; gross grasshopper; homely halibut,pid_1316,Female,60+,White / Caucasian,500,yes
crushing chicken; gross grasshopper; homely halibut,pid_1317,Female,30-44,Black / African-American,500,yes
crushing chicken; gross grasshopper; homely halibut,pid_1323,Male,60+,White / Caucasian,500,yes
crushing chicken; gross grasshopper; homely halibut,pid_1339,Female,60+,White / Caucasian,500,yes
crushing chicken; gross grasshopper; homely halibut,pid_1343,Male,45-59,White / Caucasian,500,yes
crushing chicken; gross grasshopper; homely halibut,pid_1345,Male,18-29,Asian / Asian-American,500,yes
crushing chicken; gross grasshopper; homely halibut,pid_1350,Male,30-44,Asian / Asian-American,500,yes
crushing chicken; gross grasshopper; homely halibut,pid_1353,Female,45-59,White / Caucasian,500,yes
crushing chicken; gross grasshopper; homely halibut,pid_1362,Male,18-29,White / Caucasian,500,yes
crushing chicken; gross grasshopper; homely halibut,pid_1367,Female,18-29,White / Caucasian,500,yes
crushing chicken; gross grasshopper; homely halibut,pid_1368,Male,30-44,White / Caucasian,500,yes
crushing chicken; gross grasshopper; homely halibut,pid_1369,Male,60+,White / Caucasian,500,yes
crushing chicken; gross grasshopper; homely halibut,pid_1379,Female,30-44,White / Caucasian,500,yes
crushing chicken; gross grasshopper; homely halibut,pid_1380,Female,30-44,White / Caucasian,500,yes
crushing chicken; gross grasshopper; homely halibut,pid_1382,Female,18-29,White / Caucasian,500,yes
crushing chicken; gross grasshopper; homely halibut,pid_1386,Male,30-44,Latino / Hispanic,500,yes
crushing chicken; gross grasshopper; homely halibut,pid_1387,Female,18-29,White / Caucasian,500,yes
crushing chicken; gross grasshopper; homely halibut,pid_1400,Female,18-29,White / Caucasian,500,yes
crushing chicken; gross grasshopper; homely halibut,pid_1403,Female,30-44,Black / African-American,500,yes
crushing chicken; gross grasshopper; homely halibut,pid_1411,Female,60+,White / Caucasian,500,yes
crushing chicken; gross grasshopper; homely halibut,pid_1412,Female,30-44,White / Caucasian,500,yes
crushing chicken; gross grasshopper; homely halibut,pid_1413,Male,30-44,White / Caucasian,500,yes
crushing chicken; gross grasshopper; homely halibut,pid_1416,Male,45-59,White / Caucasian,500,yes
crushing chicken; gross grasshopper; homely halibut,pid_1418,Female,45-59,White / Caucasian,500,yes
crushing chicken; gross grasshopper; homely halibut,pid_1420,Female,45-59,White / Caucasian,500,yes
crushing chicken; gross grasshopper; homely halibut,pid_1423,Male,60+,White / Caucasian,500,yes
crushing chicken; gross grasshopper; homely halibut,pid_1427,Female,60+,White / Caucasian,500,yes
crushing chicken; gross grasshopper; homely halibut,pid_1435,Female,30-44,Black / African-American,500,yes
crushing chicken; gross grasshopper; homely halibut,pid_1439,Male,30-44,Latino / Hispanic,500,yes
crushing chicken; gross grasshopper; homely halibut,pid_1445,Female,18-29,White / Caucasian,500,yes
crushing chicken; gross grasshopper; homely halibut,pid_1446,Female,30-44,White / Caucasian,500,yes
crushing chicken; gross grasshopper; homely halibut,pid_1448,Male,18-29,White / Caucasian,500,yes
crushing chicken; gross grasshopper; homely halibut,pid_1449,Female,18-29,Latino / Hispanic,500,yes
crushing chicken; gross grasshopper; homely halibut,pid_1451,Male,60+,Latino / Hispanic,500,yes
crushing chicken; gross grasshopper; homely halibut,pid_1452,Male,45-59,White / Caucasian,500,yes
crushing chicken; gross grasshopper; homely halibut,pid_1455,Female,18-29,Black / African-American,500,yes
crushing chicken; gross grasshopper; homely halibut,pid_1457,Female,60+,White / Caucasian,500,yes
crushing chicken; gross grasshopper; homely halibut,pid_1458,Male,60+,White / Caucasian,500,yes
crushing chicken; gross grasshopper; homely halibut,pid_1460,Male,18-29,White / Caucasian,500,yes
crushing chicken; gross grasshopper; homely halibut,pid_1463,Male,30-44,Black / African-American,500,yes
crushing chicken; gross grasshopper; homely halibut,pid_1465,Male,18-29,White / Caucasian,500,yes
crushing chicken; gross grasshopper; homely halibut,pid_1471,Male,30-44,White / Caucasian,500,yes
crushing chicken; gross grasshopper; homely halibut,pid_1473,Female,30-44,Black / African-American,500,yes
crushing chicken; gross grasshopper; homely halibut,pid_1474,Female,45-59,White / Caucasian,500,yes
crushing chicken; gross grasshopper; homely halibut,pid_1477,Male,18-29,Latino / Hispanic,500,yes
crushing chicken; gross grasshopper; homely halibut,pid_1487,Female,18-29,White / Caucasian,500,yes
crushing chicken; gross grasshopper; homely halibut,pid_1499,Male,60+,Black / African-American,500,yes
crushing chicken; gross grasshopper; homely halibut,pid_1502,Male,30-44,Latino / Hispanic,500,yes
crushing chicken; gross grasshopper; homely halibut,pid_1503,Male,45-59,White / Caucasian,500,yes
crushing chicken; gross grasshopper; homely halibut,pid_1512,Female,60+,White / Caucasian,500,yes
crushing chicken; gross grasshopper; homely halibut,pid_1516,Male,60+,White / Caucasian,500,yes
crushing chicken; gross grasshopper; homely halibut,pid_1522,Male,30-44,Latino / Hispanic,500,yes
crushing chicken; gross grasshopper; homely halibut,pid_1526,Male,18-29,Latino / Hispanic,500,yes
crushing chicken; gross grasshopper; homely halibut,pid_1531,Female,60+,White / Caucasian,500,yes
crushing chicken; gross grasshopper; homely halibut,pid_1534,Male,45-59,Black / African-American,500,yes
crushing chicken; gross grasshopper; homely halibut,pid_1539,Female,18-29,White / Caucasian,500,yes
crushing chicken; gross grasshopper; homely halibut,pid_1544,Female,30-44,Latino / Hispanic,500,yes
crushing chicken; gross grasshopper; homely halibut,pid_1546,Female,30-44,Latino / Hispanic,500,yes
crushing chicken; gross grasshopper; homely halibut,pid_1548,Female,18-29,Black / African-American,500,yes
crushing chicken; gross grasshopper; homely halibut,pid_1554,Male,60+,Latino / Hispanic,500,yes
crushing chicken; gross grasshopper; homely halibut,pid_1563,Female,45-59,Latino / Hispanic,500,yes
crushing chicken; gross grasshopper; homely halibut,pid_1566,Male,18-29,Latino / Hispanic,500,yes
crushing chicken; gross grasshopper; homely halibut,pid_1571,Male,30-44,White / Caucasian,500,yes
crushing chicken; gross grasshopper; homely halibut,pid_1581,Female,30-44,Black / African-American,500,yes
crushing chicken; gross grasshopper; homely halibut,pid_1583,Male,18-29,Other,500,yes
crushing chicken; gross grasshopper; homely halibut,pid_1584,Female,30-44,Asian / Asian-American,500,yes
crushing chicken; gross grasshopper; homely halibut,pid_1586,Male,30-44,White / Caucasian,500,yes
crushing chicken; gross grasshopper; homely halibut,pid_1588,Male,45-59,Asian / Asian-American,500,yes
crushing chicken; gross grasshopper; homely halibut,pid_1590,Male,30-44,Latino / Hispanic,500,yes
crushing chicken; gross grasshopper; homely halibut,pid_1596,Female,18-29,Latino / Hispanic,500,yes
crushing chicken; gross grasshopper; homely halibut,pid_1598,Male,18-29,White / Caucasian,500,yes
crushing chicken; gross grasshopper; homely halibut,pid_1604,Female,60+,Latino / Hispanic,500,yes
crushing chicken; gross grasshopper; homely halibut,pid_1605,Female,30-44,White / Caucasian,500,yes
crushing chicken; gross grasshopper; homely halibut,pid_1625,Male,30-44,Latino / Hispanic,500,yes
crushing chicken; gross grasshopper; homely halibut,pid_1643,Female,45-59,White / Caucasian,500,yes
crushing chicken; gross grasshopper; homely halibut,pid_1645,Male,45-59,Asian / Asian-American,500,yes
crushing chicken; gross grasshopper; homely halibut,pid_1649,Female,30-44,White / Caucasian,500,yes
crushing chicken; gross grasshopper; homely halibut,pid_1653,Male,18-29,White / Caucasian,500,yes
crushing chicken; gross grasshopper; homely halibut,pid_1656,Male,60+,White / Caucasian,500,yes
crushing chicken; gross grasshopper; homely halibut,pid_1657,Male,30-44,White / Caucasian,500,yes
crushing chicken; gross grasshopper; homely halibut,pid_1660,Female,18-29,Asian / Asian-American,500,yes
crushing chicken; gross grasshopper; homely halibut,pid_1663,Female,30-44,White / Caucasian,500,yes
crushing chicken; gross grasshopper; homely halibut,pid_1667,Female,18-29,White / Caucasian,500,yes
crushing chicken; gross grasshopper; homely halibut,pid_1670,Female,18-29,Latino / Hispanic,500,yes
crushing chicken; gross grasshopper; homely halibut,pid_1676,Female,18-29,Asian / Asian-American,500,yes
crushing chicken; gross grasshopper; homely halibut,pid_1680,Male,60+,White / Caucasian,500,yes
crushing chicken; gross grasshopper; homely halibut,pid_1681,Female,45-59,Latino / Hispanic,500,yes
crushing chicken; gross grasshopper; homely halibut,pid_1684,Male,60+,White / Caucasian,500,yes
crushing chicken; gross grasshopper; homely halibut,pid_1687,Female,30-44,Latino / Hispanic,500,yes
crushing chicken; gross grasshopper; homely halibut,pid_1689,Female,60+,White / Caucasian,500,yes
crushing chicken; gross grasshopper; homely halibut,pid_1697,Male,45-59,Black / African-American,500,yes
crushing chicken; gross grasshopper; homely halibut,pid_1704,Male,30-44,White / Caucasian,500,yes
crushing chicken; gross grasshopper; homely halibut,pid_1712,Female,30-44,White / Caucasian,500,yes
crushing chicken; gross grasshopper; homely halibut,pid_1717,Male,60+,White / Caucasian,500,yes
crushing chicken; gross grasshopper; homely halibut,pid_1721,Female,45-59,White / Caucasian,500,yes
crushing chicken; gross grasshopper; homely halibut,pid_1726,Female,45-59,Latino / Hispanic,500,yes
crushing chicken; gross grasshopper; homely halibut,pid_1728,Female,30-44,White / Caucasian,500,yes
crushing chicken; gross grasshopper; homely halibut,pid_1740,Female,45-59,White / Caucasian,500,yes
crushing chicken; gross grasshopper; homely halibut,pid_1741,Male,18-29,Other,500,yes
crushing chicken; gross grasshopper; homely halibut,pid_1743,Male,30-44,White / Caucasian,500,yes
crushing chicken; gross grasshopper; homely halibut,pid_1751,Female,45-59,White / Caucasian,500,yes
crushing chicken; gross grasshopper; homely halibut,pid_1757,Female,60+,White / Caucasian,500,yes
crushing chicken; gross grasshopper; homely halibut,pid_1763,Female,45-59,Latino / Hispanic,500,yes
crushing chicken; gross grasshopper; homely halibut,pid_1772,Female,60+,Asian / Asian-American,500,yes
crushing chicken; gross grasshopper; homely halibut,pid_1773,Male,18-29,Latino / Hispanic,500,yes
crushing chicken; gross grasshopper; homely halibut,pid_1775,Male,45-59,White / Caucasian,500,yes
crushing chicken; gross grasshopper; homely halibut,pid_1779,Male,30-44,Other,500,yes
crushing chicken; gross grasshopper; homely halibut,pid_1780,Male,30-44,Latino / Hispanic,500,yes
crushing chicken; gross grasshopper; homely halibut,pid_1782,Male,30-44,White / Caucasian,500,yes
crushing chicken; gross grasshopper; homely halibut,pid_1790,Female,30-44,Black / African-American,500,yes
crushing chicken; gross grasshopper; homely halibut,pid_1791,Female,60+,Asian / Asian-American,500,yes
crushing chicken; gross grasshopper; homely halibut,pid_1793,Female,60+,Asian / Asian-American,500,yes
crushing chicken; gross grasshopper; homely halibut,pid_1803,Female,60+,White / Caucasian,500,yes
crushing chicken; gross grasshopper; homely halibut,pid_1805,Male,30-44,Black / African-American,500,yes
crushing chicken; gross grasshopper; homely halibut,pid_1806,Female,60+,White / Caucasian,500,yes
crushing chicken; gross grasshopper; homely halibut,pid_1809,Male,18-29,White / Caucasian,500,yes
crushing chicken; gross grasshopper; homely halibut,pid_1811,Female,45-59,White / Caucasian,500,yes
crushing chicken; gross grasshopper; homely halibut,pid_1814,Female,18-29,White / Caucasian,500,yes
crushing chicken; gross grasshopper; homely halibut,pid_1815,Female,60+,Black / African-American,500,yes
crushing chicken; gross grasshopper; homely halibut,pid_1819,Male,30-44,White / Caucasian,500,yes
crushing chicken; gross grasshopper; homely halibut,pid_1820,Female,30-44,White / Caucasian,500,yes
crushing chicken; gross grasshopper; homely halibut,pid_1822,Female,60+,White / Caucasian,500,yes
crushing chicken; gross grasshopper; homely halibut,pid_1824,Male,18-29,Latino / Hispanic,500,yes
crushing chicken; gross grasshopper; homely halibut,pid_1829,Female,18-29,White / Caucasian,500,yes
crushing chicken; gross grasshopper; homely halibut,pid_1833,Female,18-29,Latino / Hispanic,500,yes
crushing chicken; gross grasshopper; homely halibut,pid_1837,Male,18-29,Latino / Hispanic,500,yes
crushing chicken; gross grasshopper; homely halibut,pid_1840,Female,30-44,Latino / Hispanic,500,yes
crushing chicken; gross grasshopper; homely halibut,pid_1843,Male,30-44,White / Caucasian,500,yes
crushing chicken; gross grasshopper; homely halibut,pid_1846,Female,60+,White / Caucasian,500,yes
crushing chicken; gross grasshopper; homely halibut,pid_1847,Male,45-59,Asian / Asian-American,500,yes
crushing chicken; gross grasshopper; homely halibut,pid_1853,Male,18-29,Latino / Hispanic,500,yes
crushing chicken; gross grasshopper; homely halibut,pid_1857,Male,45-59,White / Caucasian,500,yes
crushing chicken; gross grasshopper; homely halibut,pid_1866,Female,45-59,White / Caucasian,500,yes
crushing chicken; gross grasshopper; homely halibut,pid_1870,Female,45-59,White / Caucasian,500,yes
crushing chicken; gross grasshopper; homely halibut,pid_1872,Male,45-59,White / Caucasian,500,yes
crushing chicken; gross grasshopper; homely halibut,pid_1877,Female,30-44,White / Caucasian,500,yes
crushing chicken; gross grasshopper; homely halibut,pid_1878,Male,45-59,White / Caucasian,500,yes
crushing chicken; gross grasshopper; homely halibut,pid_1884,Male,60+,White / Caucasian,500,yes
crushing chicken; gross grasshopper; homely halibut,pid_1886,Male,18-29,White / Caucasian,500,yes
crushing chicken; gross grasshopper; homely halibut,pid_1889,Male,30-44,White / Caucasian,500,yes
crushing chicken; gross grasshopper; homely halibut,pid_1890,Male,30-44,White / Caucasian,500,yes
crushing chicken; gross grasshopper; homely halibut,pid_1893,Female,18-29,Latino / Hispanic,500,yes
crushing chicken; gross grasshopper; homely halibut,pid_1901,Female,30-44,White / Caucasian,500,yes
crushing chicken; gross grasshopper; homely halibut,pid_1904,Male,30-44,White / Caucasian,500,yes
crushing chicken; gross grasshopper; homely halibut,pid_1908,Female,45-59,White / Caucasian,500,yes
crushing chicken; gross grasshopper; homely halibut,pid_1909,Female,60+,Latino / Hispanic,500,yes
crushing chicken; gross grasshopper; homely halibut,pid_1912,Male,30-44,Asian / Asian-American,500,yes
crushing chicken; gross grasshopper; homely halibut,pid_1913,Female,30-44,Other,500,yes
crushing chicken; gross grasshopper; homely halibut,pid_1917,Female,18-29,White / Caucasian,500,yes
crushing chicken; gross grasshopper; homely halibut,pid_1919,Male,45-59,White / Caucasian,500,yes
crushing chicken; gross grasshopper; homely halibut,pid_1929,Female,60+,White / Caucasian,500,yes
crushing chicken; gross grasshopper; homely halibut,pid_1931,Male,60+,White / Caucasian,500,yes
crushing chicken; gross grasshopper; homely halibut,pid_1933,Female,18-29,White / Caucasian,500,yes
crushing chicken; gross grasshopper; homely halibut,pid_1937,Female,18-29,Other,500,yes
crushing chicken; gross grasshopper; homely halibut,pid_1945,Female,30-44,White / Caucasian,500,yes
crushing chicken; gross grasshopper; homely halibut,pid_1952,Male,45-59,White / Caucasian,500,yes
crushing chicken; gross grasshopper; homely halibut,pid_1953,Male,45-59,White / Caucasian,500,yes
crushing chicken; gross grasshopper; homely halibut,pid_1961,Female,60+,Other,500,yes
crushing chicken; gross grasshopper; homely halibut,pid_1963,Male,30-44,White / Caucasian,500,yes
crushing chicken; gross grasshopper; homely halibut,pid_1966,Female,18-29,Latino / Hispanic,500,yes
crushing chicken; gross grasshopper; homely halibut,pid_1972,Male,18-29,Black / African-American,500,yes
crushing chicken; gross grasshopper; homely halibut,pid_1973,Female,18-29,Latino / Hispanic,500,yes
crushing chicken; gross grasshopper; homely halibut,pid_1978,Male,30-44,White / Caucasian,500,yes
crushing chicken; gross grasshopper; homely halibut,pid_1981,Female,18-29,White / Caucasian,500,yes
crushing chicken; gross grasshopper; homely halibut,pid_1982,Male,45-59,White / Caucasian,500,yes
crushing chicken; gross grasshopper; homely halibut,pid_1985,Male,18-29,Black / African-American,500,yes
crushing chicken; gross grasshopper; homely halibut,pid_1988,Female,30-44,White / Caucasian,500,yes
crushing chicken; gross grasshopper; homely halibut,pid_1989,Female,30-44,White / Caucasian,500,yes
crushing chicken; gross grasshopper; homely halibut,pid_1997,Female,30-44,White / Caucasian,500,yes
crushing chicken; gross grasshopper; homely halibut,pid_1998,Female,60+,White / Caucasian,500,yes
crushing chicken; gross grasshopper; homely halibut,pid_1999,Female,30-44,White / Caucasian,500,yes
crushing chicken; gross grasshopper; homely halibut,pid_2000,Male,60+,White / Caucasian,500,yes
crushing chicken; gross grasshopper; homely halibut,pid_2003,Male,18-29,White / Caucasian,500,yes
crushing chicken; gross grasshopper; homely halibut,pid_2005,Male,45-59,White / Caucasian,500,yes
crushing chicken; gross grasshopper; homely halibut,pid_2006,Male,45-59,White / Caucasian,500,yes
crushing chicken; gross grasshopper; homely halibut,pid_2008,Female,45-59,Asian / Asian-American,500,yes
crushing chicken; gross grasshopper; homely halibut,pid_2010,Female,45-59,White / Caucasian,500,yes
crushing chicken; gross grasshopper; homely halibut,pid_2021,Female,45-59,White / Caucasian,500,yes
crushing chicken; gross grasshopper; homely halibut,pid_2022,Female,60+,Black / African-American,500,yes
crushing chicken; gross grasshopper; homely halibut,pid_2025,Male,60+,White / Caucasian,500,yes
crushing chicken; gross grasshopper; homely halibut,pid_2026,Male,45-59,White / Caucasian,500,yes
crushing chicken; gross grasshopper; homely halibut,pid_2030,Female,60+,White / Caucasian,500,yes
crushing chicken; gross grasshopper; homely halibut,pid_2034,Male,45-59,White / Caucasian,500,yes
crushing chicken; gross grasshopper; homely halibut,pid_2041,Male,60+,White / Caucasian,500,yes
crushing chicken; gross grasshopper; homely halibut,pid_2046,Male,18-29,Latino / Hispanic,500,yes
crushing chicken; gross grasshopper; homely halibut,pid_2049,Female,18-29,Black / African-American,500,yes
crushing chicken; gross grasshopper; homely halibut,pid_2052,Male,18-29,White / Caucasian,500,yes
crushing chicken; gross grasshopper; homely halibut,pid_2054,Female,30-44,Black / African-American,500,yes
difficult dog,pid_14,Female,45-59,White / Caucasian,500,yes
difficult dog,pid_15,Male,60+,White / Caucasian,500,yes
difficult dog,pid_23,Male,45-59,White / Caucasian,500,yes
difficult dog,pid_29,Female,60+,White / Caucasian,500,yes
difficult dog,pid_32,Male,30-44,Latino / Hispanic,500,yes
difficult dog,pid_35,Female,30-44,White / Caucasian,500,yes
difficult dog,pid_43,Male,18-29,Black / African-American,500,yes
difficult dog,pid_57,Male,45-59,Black / African-American,500,yes
difficult dog,pid_59,Male,45-59,White / Caucasian,500,yes
difficult dog,pid_62,Male,45-59,White / Caucasian,500,yes
difficult dog,pid_65,Female,45-59,Latino / Hispanic,500,yes
difficult dog,pid_71,Male,60+,Latino / Hispanic,500,yes
difficult dog,pid_72,Male,45-59,White / Caucasian,500,yes
difficult dog,pid_75,Female,45-59,White / Caucasian,500,yes
difficult dog,pid_76,Female,60+,White / Caucasian,500,yes
difficult dog,pid_81,Male,60+,White / Caucasian,500,yes
difficult dog,pid_83,Female,60+,White / Caucasian,500,yes
difficult dog,pid_84,Female,60+,White / Caucasian,500,yes
difficult dog,pid_91,Female,60+,White / Caucasian,500,yes
difficult dog,pid_95,Female,60+,White / Caucasian,500,yes
difficult dog,pid_99,Male,30-44,Other,500,yes
difficult dog,pid_102,Male,45-59,Black / African-American,500,yes
difficult dog,pid_104,Male,30-44,White / Caucasian,500,yes
difficult dog,pid_107,Male,45-59,White / Caucasian,500,yes
difficult dog,pid_115,Female,60+,Asian / Asian-American,500,yes
difficult dog,pid_118,Male,60+,White / Caucasian,500,yes
difficult dog,pid_122,Female,60+,White / Caucasian,500,yes
difficult dog,pid_123,Male,60+,White / Caucasian,500,yes
difficult dog,pid_129,Female,30-44,Asian / Asian-American,500,yes
difficult dog,pid_133,Female,60+,Latino / Hispanic,500,yes
difficult dog,pid_160,Male,60+,White / Caucasian,500,yes
difficult dog,pid_163,Male,45-59,White / Caucasian,500,yes
difficult dog,pid_165,Male,45-59,Latino / Hispanic,500,yes
difficult dog,pid_167,Female,60+,White / Caucasian,500,yes
difficult dog,pid_173,Female,30-44,White / Caucasian,500,yes
difficult dog,pid_174,Female,60+,White / Caucasian,500,yes
difficult dog,pid_180,Female,60+,Black / African-American,500,yes
difficult dog,pid_182,Female,60+,White / Caucasian,500,yes
difficult dog,pid_186,Female,18-29,Black / African-American,500,yes
difficult dog,pid_189,Female,45-59,White / Caucasian,500,yes
difficult dog,pid_198,Female,30-44,White / Caucasian,500,yes
difficult dog,pid_204,Female,60+,White / Caucasian,500,yes
difficult dog,pid_207,Female,45-59,Black / African-American,500,yes
difficult dog,pid_217,Male,60+,White / Caucasian,500,yes
difficult dog,pid_223,Male,60+,Black / African-American,500,yes
difficult dog,pid_245,Female,30-44,White / Caucasian,500,yes
difficult dog,pid_248,Male,45-59,White / Caucasian,500,yes
difficult dog,pid_253,Female,60+,White / Caucasian,500,yes
difficult dog,pid_258,Male,60+,White / Caucasian,500,yes
difficult dog,pid_262,Male,60+,White / Caucasian,500,yes
difficult dog,pid_263,Female,45-59,White / Caucasian,500,yes
difficult dog,pid_265,Female,60+,Black / African-American,500,yes
difficult dog,pid_268,Male,60+,White / Caucasian,500,yes
difficult dog,pid_273,Male,60+,Latino / Hispanic,500,yes
difficult dog,pid_276,Male,60+,White / Caucasian,500,yes
difficult dog,pid_278,Male,60+,White / Caucasian,500,yes
difficult dog,pid_282,Male,18-29,White / Caucasian,500,yes
difficult dog,pid_283,Female,60+,White / Caucasian,500,yes
difficult dog,pid_285,Male,45-59,White / Caucasian,500,yes
difficult dog,pid_289,Male,30-44,White / Caucasian,500,yes
difficult dog,pid_290,Male,30-44,Latino / Hispanic,500,yes
difficult dog,pid_294,Male,60+,Black / African-American,500,yes
difficult dog,pid_296,Female,30-44,Latino / Hispanic,500,yes
difficult dog,pid_303,Female,60+,Black / African-American,500,yes
difficult dog,pid_305,Male,18-29,Latino / Hispanic,500,yes
difficult dog,pid_315,Male,18-29,White / Caucasian,500,yes
difficult dog,pid_318,Female,45-59,White / Caucasian,500,yes
difficult dog,pid_329,Male,60+,White / Caucasian,500,yes
difficult dog,pid_333,Female,60+,White / Caucasian,500,yes
difficult dog,pid_336,Female,30-44,Latino / Hispanic,500,yes
difficult dog,pid_337,Male,60+,White / Caucasian,500,yes
difficult dog,pid_339,Male,45-59,Black / African-American,500,yes
difficult dog,pid_345,Male,45-59,White / Caucasian,500,yes
difficult dog,pid_348,Female,45-59,Black / African-American,500,yes
difficult dog,pid_350,Male,45-59,Latino / Hispanic,500,yes
difficult dog,pid_353,Male,45-59,Latino / Hispanic,500,yes
difficult dog,pid_363,Male,30-44,White / Caucasian,500,yes
difficult dog,pid_366,Female,60+,White / Caucasian,500,yes
difficult dog,pid_368,Female,60+,White / Caucasian,500,yes
difficult dog,pid_369,Female,45-59,White / Caucasian,500,yes
difficult dog,pid_371,Female,45-59,White / Caucasian,500,yes
difficult dog,pid_373,Female,60+,White / Caucasian,500,yes
difficult dog,pid_376,Male,60+,Black / African-American,500,yes
difficult dog,pid_378,Female,30-44,Asian / Asian-American,500,yes
difficult dog,pid_379,Male,60+,Other,500,yes
difficult dog,pid_384,Female,60+,Black / African-American,500,yes
difficult dog,pid_391,Male,60+,White / Caucasian,500,yes
difficult dog,pid_393,Male,60+,Latino / Hispanic,500,yes
difficult dog,pid_398,Female,60+,Latino / Hispanic,500,yes
difficult dog,pid_402,Female,60+,Asian / Asian-American,500,yes
difficult dog,pid_403,Male,30-44,Black / African-American,500,yes
difficult dog,pid_406,Male,18-29,White / Caucasian,500,yes
difficult dog,pid_407,Male,60+,Latino / Hispanic,500,yes
difficult dog,pid_411,Male,45-59,White / Caucasian,500,yes
difficult dog,pid_412,Male,45-59,White / Caucasian,500,yes
difficult dog,pid_425,Male,45-59,White / Caucasian,500,yes
difficult dog,pid_443,Male,30-44,Black / African-American,500,yes
difficult dog,pid_445,Male,45-59,White / Caucasian,500,yes
difficult dog,pid_447,Male,60+,Asian / Asian-American,500,yes
difficult dog,pid_450,Female,45-59,White / Caucasian,500,yes
difficult dog,pid_451,Female,60+,White / Caucasian,500,yes
difficult dog,pid_453,Male,18-29,Black / African-American,500,yes
difficult dog,pid_455,Female,45-59,Asian / Asian-American,500,yes
difficult dog,pid_456,Female,45-59,White / Caucasian,500,yes
difficult dog,pid_459,Female,60+,White / Caucasian,500,yes
difficult dog,pid_460,Male,45-59,White / Caucasian,500,yes
difficult dog,pid_461,Male,60+,White / Caucasian,500,yes
difficult dog,pid_462,Female,60+,White / Caucasian,500,yes
difficult dog,pid_463,Female,18-29,White / Caucasian,500,yes
difficult dog,pid_464,Female,18-29,Latino / Hispanic,500,yes
difficult dog,pid_467,Female,18-29,White / Caucasian,500,yes
difficult dog,pid_469,Female,45-59,Black / African-American,500,yes
difficult dog,pid_470,Male,18-29,Latino / Hispanic,500,yes
difficult dog,pid_474,Female,45-59,Black / African-American,500,yes
difficult dog,pid_475,Male,18-29,White / Caucasian,500,yes
difficult dog,pid_478,Male,60+,White / Caucasian,500,yes
difficult dog,pid_487,Female,18-29,Black / African-American,500,yes
difficult dog,pid_491,Male,30-44,White / Caucasian,500,yes
difficult dog,pid_492,Female,60+,White / Caucasian,500,yes
difficult dog,pid_502,Female,60+,White / Caucasian,500,yes
difficult dog,pid_507,Male,60+,Black / African-American,500,yes
difficult dog,pid_509,Female,45-59,White / Caucasian,500,yes
difficult dog,pid_511,Male,60+,White / Caucasian,500,yes
difficult dog,pid_512,Female,18-29,White / Caucasian,500,yes
difficult dog,pid_513,Male,60+,Asian / Asian-American,500,yes
difficult dog,pid_517,Female,18-29,Latino / Hispanic,500,yes
difficult dog,pid_520,Male,60+,White / Caucasian,500,yes
difficult dog,pid_521,Female,60+,Black / African-American,500,yes
difficult dog,pid_525,Male,30-44,Asian / Asian-American,500,yes
difficult dog,pid_528,Female,30-44,White / Caucasian,500,yes
difficult dog,pid_541,Male,30-44,Latino / Hispanic,500,yes
difficult dog,pid_542,Female,45-59,White / Caucasian,500,yes
difficult dog,pid_559,Female,30-44,White / Caucasian,500,yes
difficult dog,pid_563,Male,30-44,White / Caucasian,500,yes
difficult dog,pid_566,Female,18-29,Black / African-American,500,yes
difficult dog,pid_569,Male,60+,Latino / Hispanic,500,yes
difficult dog,pid_577,Female,18-29,Black / African-American,500,yes
difficult dog,pid_578,Female,60+,White / Caucasian,500,yes
difficult dog,pid_582,Male,30-44,Latino / Hispanic,500,yes
difficult dog,pid_585,Male,60+,Asian / Asian-American,500,yes
difficult dog,pid_586,Female,45-59,White / Caucasian,500,yes
difficult dog,pid_607,Male,30-44,Black / African-American,500,yes
difficult dog,pid_609,Female,60+,White / Caucasian,500,yes
difficult dog,pid_610,Male,60+,White / Caucasian,500,yes
difficult dog,pid_628,Male,18-29,Black / African-American,500,yes
difficult dog,pid_629,Male,18-29,White / Caucasian,500,yes
difficult dog,pid_636,Female,18-29,White / Caucasian,500,yes
difficult dog,pid_653,Male,18-29,Latino / Hispanic,500,yes
difficult dog,pid_654,Male,45-59,Black / African-American,500,yes
difficult dog,pid_667,Male,45-59,White / Caucasian,500,yes
difficult dog,pid_676,Female,45-59,Latino / Hispanic,500,yes
difficult dog,pid_679,Male,18-29,White / Caucasian,500,yes
difficult dog,pid_684,Female,18-29,White / Caucasian,500,yes
difficult dog,pid_687,Female,18-29,White / Caucasian,500,yes
difficult dog,pid_691,Female,60+,Black / African-American,500,yes
difficult dog,pid_695,Female,18-29,White / Caucasian,500,yes
difficult dog,pid_708,Female,60+,White / Caucasian,500,yes
difficult dog,pid_714,Female,45-59,Asian / Asian-American,500,yes
difficult dog,pid_715,Female,30-44,White / Caucasian,500,yes
difficult dog,pid_716,Male,18-29,Black / African-American,500,yes
difficult dog,pid_717,Female,60+,White / Caucasian,500,yes
difficult dog,pid_718,Female,60+,White / Caucasian,500,yes
difficult dog,pid_721,Male,45-59,Asian / Asian-American,500,yes
difficult dog,pid_732,Male,60+,White / Caucasian,500,yes
difficult dog,pid_736,Female,60+,White / Caucasian,500,yes
difficult dog,pid_738,Female,30-44,White / Caucasian,500,yes
difficult dog,pid_744,Male,60+,White / Caucasian,500,yes
difficult dog,pid_753,Male,30-44,Latino / Hispanic,500,yes
difficult dog,pid_757,Female,18-29,White / Caucasian,500,yes
difficult dog,pid_758,Female,60+,Black / African-American,500,yes
difficult dog,pid_761,Female,30-44,White / Caucasian,500,yes
difficult dog,pid_764,Male,18-29,White / Caucasian,500,yes
difficult dog,pid_767,Female,45-59,White / Caucasian,500,yes
difficult dog,pid_773,Female,30-44,Latino / Hispanic,500,yes
difficult dog,pid_774,Male,60+,White / Caucasian,500,yes
difficult dog,pid_788,Male,45-59,White / Caucasian,500,yes
difficult dog,pid_792,Female,45-59,White / Caucasian,500,yes
difficult dog,pid_797,Female,30-44,Latino / Hispanic,500,yes
difficult dog,pid_800,Female,60+,Latino / Hispanic,500,yes
difficult dog,pid_804,Female,30-44,White / Caucasian,500,yes
difficult dog,pid_805,Female,30-44,White / Caucasian,500,yes
difficult dog,pid_808,Male,30-44,Asian / Asian-American,500,yes
difficult dog,pid_814,Male,30-44,White / Caucasian,500,yes
difficult dog,pid_822,Male,45-59,Latino / Hispanic,500,yes
difficult dog,pid_824,Male,60+,White / Caucasian,500,yes
difficult dog,pid_839,Male,45-59,Black / African-American,500,yes
difficult dog,pid_845,Female,60+,White / Caucasian,500,yes
difficult dog,pid_846,Female,18-29,White / Caucasian,500,yes
difficult dog,pid_847,Male,60+,White / Caucasian,500,yes
difficult dog,pid_857,Female,60+,White / Caucasian,500,yes
difficult dog,pid_860,Female,60+,White / Caucasian,500,yes
difficult dog,pid_861,Male,60+,White / Caucasian,500,yes
difficult dog,pid_863,Male,60+,Latino / Hispanic,500,yes
difficult dog,pid_869,Female,45-59,White / Caucasian,500,yes
difficult dog,pid_871,Female,60+,Latino / Hispanic,500,yes
difficult dog,pid_872,Male,45-59,Black / African-American,500,yes
difficult dog,pid_881,Male,18-29,White / Caucasian,500,yes
difficult dog,pid_882,Male,30-44,Latino / Hispanic,500,yes
difficult dog,pid_883,Male,18-29,White / Caucasian,500,yes
difficult dog,pid_895,Female,30-44,Asian / Asian-American,500,yes
difficult dog,pid_897,Male,60+,White / Caucasian,500,yes
difficult dog,pid_900,Female,60+,White / Caucasian,500,yes
difficult dog,pid_903,Female,18-29,Latino / Hispanic,500,yes
difficult dog,pid_904,Male,18-29,White / Caucasian,500,yes
difficult dog,pid_910,Male,45-59,White / Caucasian,500,yes
difficult dog,pid_913,Female,18-29,White / Caucasian,500,yes
difficult dog,pid_914,Male,60+,Latino / Hispanic,500,yes
difficult dog,pid_916,Male,60+,White / Caucasian,500,yes
difficult dog,pid_917,Male,30-44,White / Caucasian,500,yes
difficult dog,pid_920,Male,60+,Black / African-American,500,yes
difficult dog,pid_921,Female,30-44,Latino / Hispanic,500,yes
difficult dog,pid_924,Male,30-44,White / Caucasian,500,yes
difficult dog,pid_926,Female,60+,White / Caucasian,500,yes
difficult dog,pid_933,Female,60+,Other,500,yes
difficult dog,pid_935,Male,30-44,White / Caucasian,500,yes
difficult dog,pid_939,Female,60+,Latino / Hispanic,500,yes
difficult dog,pid_940,Male,18-29,White / Caucasian,500,yes
difficult dog,pid_945,Female,30-44,White / Caucasian,500,yes
difficult dog,pid_946,Female,45-59,Asian / Asian-American,500,yes
difficult dog,pid_949,Male,60+,White / Caucasian,500,yes
difficult dog,pid_950,Male,30-44,Latino / Hispanic,500,yes
difficult dog,pid_951,Female,45-59,Latino / Hispanic,500,yes
difficult dog,pid_954,Female,18-29,Latino / Hispanic,500,yes
difficult dog,pid_955,Female,60+,White / Caucasian,500,yes
difficult dog,pid_957,Female,30-44,Latino / Hispanic,500,yes
difficult dog,pid_958,Female,60+,White / Caucasian,500,yes
difficult dog,pid_961,Female,30-44,Black / African-American,500,yes
difficult dog,pid_969,Female,45-59,White / Caucasian,500,yes
difficult dog,pid_970,Male,60+,Latino / Hispanic,500,yes
difficult dog,pid_976,Female,45-59,White / Caucasian,500,yes
difficult dog,pid_983,Male,45-59,White / Caucasian,500,yes
difficult dog,pid_1001,Male,18-29,Latino / Hispanic,500,yes
difficult dog,pid_1003,Female,60+,White / Caucasian,500,yes
difficult dog,pid_1007,Male,30-44,Black / African-American,500,yes
difficult dog,pid_1010,Female,60+,Latino / Hispanic,500,yes
difficult dog,pid_1011,Female,30-44,Other,500,yes
difficult dog,pid_1016,Female,18-29,White / Caucasian,500,yes
difficult dog,pid_1018,Female,18-29,Other,500,yes
difficult dog,pid_1019,Female,45-59,Latino / Hispanic,500,yes
difficult dog,pid_1030,Female,45-59,Other,500,yes
difficult dog,pid_1037,Female,18-29,White / Caucasian,500,yes
difficult dog,pid_1041,Male,45-59,White / Caucasian,500,yes
difficult dog,pid_1043,Female,30-44,White / Caucasian,500,yes
difficult dog,pid_1044,Female,45-59,White / Caucasian,500,yes
difficult dog,pid_1047,Female,60+,White / Caucasian,500,yes
difficult dog,pid_1048,Male,30-44,White / Caucasian,500,yes
difficult dog,pid_1051,Male,18-29,Latino / Hispanic,500,yes
difficult dog,pid_1054,Male,60+,White / Caucasian,500,yes
difficult dog,pid_1060,Male,30-44,Black / African-American,500,yes
difficult dog,pid_1063,Female,18-29,Asian / Asian-American,500,yes
difficult dog,pid_1064,Male,18-29,White / Caucasian,500,yes
difficult dog,pid_1072,Male,18-29,Latino / Hispanic,500,yes
difficult dog,pid_1082,Female,45-59,Black / African-American,500,yes
difficult dog,pid_1089,Female,60+,White / Caucasian,500,yes
difficult dog,pid_1094,Female,30-44,White / Caucasian,500,yes
difficult dog,pid_1097,Female,60+,Latino / Hispanic,500,yes
difficult dog,pid_1100,Male,30-44,White / Caucasian,500,yes
difficult dog,pid_1109,Male,45-59,White / Caucasian,500,yes
difficult dog,pid_1114,Male,45-59,Other,500,yes
difficult dog,pid_1115,Female,45-59,White / Caucasian,500,yes
difficult dog,pid_1116,Male,18-29,White / Caucasian,500,yes
difficult dog,pid_1124,Female,30-44,Black / African-American,500,yes
difficult dog,pid_1125,Male,30-44,Asian / Asian-American,500,yes
difficult dog,pid_1131,Male,45-59,White / Caucasian,500,yes
difficult dog,pid_1132,Female,45-59,Latino / Hispanic,500,yes
difficult dog,pid_1135,Male,45-59,White / Caucasian,500,yes
difficult dog,pid_1137,Male,60+,Asian / Asian-American,500,yes
difficult dog,pid_1138,Male,30-44,White / Caucasian,500,yes
difficult dog,pid_1144,Male,60+,White / Caucasian,500,yes
difficult dog,pid_1145,Female,30-44,Asian / Asian-American,500,yes
difficult dog,pid_1147,Male,30-44,White / Caucasian,500,yes
difficult dog,pid_1148,Female,30-44,Latino / Hispanic,500,yes
difficult dog,pid_1153,Female,30-44,White / Caucasian,500,yes
difficult dog,pid_1157,Female,45-59,White / Caucasian,500,yes
difficult dog,pid_1159,Female,60+,White / Caucasian,500,yes
difficult dog,pid_1168,Male,45-59,White / Caucasian,500,yes
difficult dog,pid_1174,Female,45-59,White / Caucasian,500,yes
difficult dog,pid_1176,Male,30-44,White / Caucasian,500,yes
difficult dog,pid_1178,Female,18-29,Latino / Hispanic,500,yes
difficult dog,pid_1182,Male,60+,White / Caucasian,500,yes
difficult dog,pid_1183,Female,60+,White / Caucasian,500,yes
difficult dog,pid_1187,Male,18-29,White / Caucasian,500,yes
difficult dog,pid_1188,Male,18-29,Asian / Asian-American,500,yes
difficult dog,pid_1189,Female,30-44,Asian / Asian-American,500,yes
difficult dog,pid_1193,Male,30-44,Latino / Hispanic,500,yes
difficult dog,pid_1194,Male,30-44,White / Caucasian,500,yes
difficult dog,pid_1197,Female,60+,White / Caucasian,500,yes
difficult dog,pid_1199,Male,60+,Black / African-American,500,yes
difficult dog,pid_1202,Male,60+,White / Caucasian,500,yes
difficult dog,pid_1203,Male,18-29,Asian / Asian-American,500,yes
difficult dog,pid_1212,Male,30-44,Latino / Hispanic,500,yes
difficult dog,pid_1217,Female,45-59,Latino / Hispanic,500,yes
difficult dog,pid_1219,Male,60+,White / Caucasian,500,yes
difficult dog,pid_1221,Male,18-29,Latino / Hispanic,500,yes
difficult dog,pid_1225,Male,60+,White / Caucasian,500,yes
difficult dog,pid_1227,Female,30-44,Latino / Hispanic,500,yes
difficult dog,pid_1238,Female,60+,White / Caucasian,500,yes
difficult dog,pid_1240,Male,18-29,White / Caucasian,500,yes
difficult dog,pid_1248,Male,45-59,White / Caucasian,500,yes
difficult dog,pid_1249,Female,45-59,White / Caucasian,500,yes
difficult dog,pid_1253,Female,45-59,Black / African-American,500,yes
difficult dog,pid_1256,Female,30-44,Latino / Hispanic,500,yes
difficult dog,pid_1262,Male,30-44,Latino / Hispanic,500,yes
difficult dog,pid_1273,Male,60+,White / Caucasian,500,yes
difficult dog,pid_1278,Male,30-44,White / Caucasian,500,yes
difficult dog,pid_1286,Male,30-44,White / Caucasian,500,yes
difficult dog,pid_1289,Male,30-44,White / Caucasian,500,yes
difficult dog,pid_1290,Female,30-44,White / Caucasian,500,yes
difficult dog,pid_1299,Female,30-44,White / Caucasian,500,yes
difficult dog,pid_1301,Female,45-59,Black / African-American,500,yes
difficult dog,pid_1302,Male,30-44,Black / African-American,500,yes
difficult dog,pid_1311,Female,30-44,Latino / Hispanic,500,yes
difficult dog,pid_1316,Female,60+,White / Caucasian,500,yes
difficult dog,pid_1317,Female,30-44,Black / African-American,500,yes
difficult dog,pid_1323,Male,60+,White / Caucasian,500,yes
difficult dog,pid_1339,Female,60+,White / Caucasian,500,yes
difficult dog,pid_1343,Male,45-59,White / Caucasian,500,yes
difficult dog,pid_1345,Male,18-29,Asian / Asian-American,500,yes
difficult dog,pid_1350,Male,30-44,Asian / Asian-American,500,yes
difficult dog,pid_1353,Female,45-59,White / Caucasian,500,yes
difficult dog,pid_1362,Male,18-29,White / Caucasian,500,yes
difficult dog,pid_1367,Female,18-29,White / Caucasian,500,yes
difficult dog,pid_1368,Male,30-44,White / Caucasian,500,yes
difficult dog,pid_1369,Male,60+,White / Caucasian,500,yes
difficult dog,pid_1379,Female,30-44,White / Caucasian,500,yes
difficult dog,pid_1380,Female,30-44,White / Caucasian,500,yes
difficult dog,pid_1382,Female,18-29,White / Caucasian,500,yes
difficult dog,pid_1386,Male,30-44,Latino / Hispanic,500,yes
difficult dog,pid_1387,Female,18-29,White / Caucasian,500,yes
difficult dog,pid_1400,Female,18-29,White / Caucasian,500,yes
difficult dog,pid_1403,Female,30-44,Black / African-American,500,yes
difficult dog,pid_1411,Female,60+,White / Caucasian,500,yes
difficult dog,pid_1412,Female,30-44,White / Caucasian,500,yes
difficult dog,pid_1413,Male,30-44,White / Caucasian,500,yes
difficult dog,pid_1416,Male,45-59,White / Caucasian,500,yes
difficult dog,pid_1418,Female,45-59,White / Caucasian,500,yes
difficult dog,pid_1420,Female,45-59,White / Caucasian,500,yes
difficult dog,pid_1423,Male,60+,White / Caucasian,500,yes
difficult dog,pid_1427,Female,60+,White / Caucasian,500,yes
difficult dog,pid_1435,Female,30-44,Black / African-American,500,yes
difficult dog,pid_1439,Male,30-44,Latino / Hispanic,500,yes
difficult dog,pid_1445,Female,18-29,White / Caucasian,500,yes
difficult dog,pid_1446,Female,30-44,White / Caucasian,500,yes
difficult dog,pid_1448,Male,18-29,White / Caucasian,500,yes
difficult dog,pid_1449,Female,18-29,Latino / Hispanic,500,yes
difficult dog,pid_1451,Male,60+,Latino / Hispanic,500,yes
difficult dog,pid_1452,Male,45-59,White / Caucasian,500,yes
difficult dog,pid_1455,Female,18-29,Black / African-American,500,yes
difficult dog,pid_1457,Female,60+,White / Caucasian,500,yes
difficult dog,pid_1458,Male,60+,White / Caucasian,500,yes
difficult dog,pid_1460,Male,18-29,White / Caucasian,500,yes
difficult dog,pid_1463,Male,30-44,Black / African-American,500,yes
difficult dog,pid_1465,Male,18-29,White / Caucasian,500,yes
difficult dog,pid_1471,Male,30-44,White / Caucasian,500,yes
difficult dog,pid_1473,Female,30-44,Black / African-American,500,yes
difficult dog,pid_1474,Female,45-59,White / Caucasian,500,yes
difficult dog,pid_1477,Male,18-29,Latino / Hispanic,500,yes
difficult dog,pid_1487,Female,18-29,White / Caucasian,500,yes
difficult dog,pid_1499,Male,60+,Black / African-American,500,yes
difficult dog,pid_1502,Male,30-44,Latino / Hispanic,500,yes
difficult dog,pid_1503,Male,45-59,White / Caucasian,500,yes
difficult dog,pid_1512,Female,60+,White / Caucasian,500,yes
difficult dog,pid_1516,Male,60+,White / Caucasian,500,yes
difficult dog,pid_1522,Male,30-44,Latino / Hispanic,500,yes
difficult dog,pid_1526,Male,18-29,Latino / Hispanic,500,yes
difficult dog,pid_1531,Female,60+,White / Caucasian,500,yes
difficult dog,pid_1534,Male,45-59,Black / African-American,500,yes
difficult dog,pid_1539,Female,18-29,White / Caucasian,500,yes
difficult dog,pid_1544,Female,30-44,Latino / Hispanic,500,yes
difficult dog,pid_1546,Female,30-44,Latino / Hispanic,500,yes
difficult dog,pid_1548,Female,18-29,Black / African-American,500,yes
difficult dog,pid_1554,Male,60+,Latino / Hispanic,500,yes
difficult dog,pid_1563,Female,45-59,Latino / Hispanic,500,yes
difficult dog,pid_1566,Male,18-29,Latino / Hispanic,500,yes
difficult dog,pid_1571,Male,30-44,White / Caucasian,500,yes
difficult dog,pid_1581,Female,30-44,Black / African-American,500,yes
difficult dog,pid_1583,Male,18-29,Other,500,yes
difficult dog,pid_1584,Female,30-44,Asian / Asian-American,500,yes
difficult dog,pid_1586,Male,30-44,White / Caucasian,500,yes
difficult dog,pid_1588,Male,45-59,Asian / Asian-American,500,yes
difficult dog,pid_1590,Male,30-44,Latino / Hispanic,500,yes
difficult dog,pid_1596,Female,18-29,Latino / Hispanic,500,yes
difficult dog,pid_1598,Male,18-29,White / Caucasian,500,yes
difficult dog,pid_1604,Female,60+,Latino / Hispanic,500,yes
difficult dog,pid_1605,Female,30-44,White / Caucasian,500,yes
difficult dog,pid_1625,Male,30-44,Latino / Hispanic,500,yes
difficult dog,pid_1643,Female,45-59,White / Caucasian,500,yes
difficult dog,pid_1645,Male,45-59,Asian / Asian-American,500,yes
difficult dog,pid_1649,Female,30-44,White / Caucasian,500,yes
difficult dog,pid_1653,Male,18-29,White / Caucasian,500,yes
difficult dog,pid_1656,Male,60+,White / Caucasian,500,yes
difficult dog,pid_1657,Male,30-44,White / Caucasian,500,yes
difficult dog,pid_1660,Female,18-29,Asian / Asian-American,500,yes
difficult dog,pid_1663,Female,30-44,White / Caucasian,500,yes
difficult dog,pid_1667,Female,18-29,White / Caucasian,500,yes
difficult dog,pid_1670,Female,18-29,Latino / Hispanic,500,yes
difficult dog,pid_1676,Female,18-29,Asian / Asian-American,500,yes
difficult dog,pid_1680,Male,60+,White / Caucasian,500,yes
difficult dog,pid_1681,Female,45-59,Latino / Hispanic,500,yes
difficult dog,pid_1684,Male,60+,White / Caucasian,500,yes
difficult dog,pid_1687,Female,30-44,Latino / Hispanic,500,yes
difficult dog,pid_1689,Female,60+,White / Caucasian,500,yes
difficult dog,pid_1697,Male,45-59,Black / African-American,500,yes
difficult dog,pid_1704,Male,30-44,White / Caucasian,500,yes
difficult dog,pid_1712,Female,30-44,White / Caucasian,500,yes
difficult dog,pid_1717,Male,60+,White / Caucasian,500,yes
difficult dog,pid_1721,Female,45-59,White / Caucasian,500,yes
difficult dog,pid_1726,Female,45-59,Latino / Hispanic,500,yes
difficult dog,pid_1728,Female,30-44,White / Caucasian,500,yes
difficult dog,pid_1740,Female,45-59,White / Caucasian,500,yes
difficult dog,pid_1741,Male,18-29,Other,500,yes
difficult dog,pid_1743,Male,30-44,White / Caucasian,500,yes
difficult dog,pid_1751,Female,45-59,White / Caucasian,500,yes
difficult dog,pid_1757,Female,60+,White / Caucasian,500,yes
difficult dog,pid_1763,Female,45-59,Latino / Hispanic,500,yes
difficult dog,pid_1772,Female,60+,Asian / Asian-American,500,yes
difficult dog,pid_1773,Male,18-29,Latino / Hispanic,500,yes
difficult dog,pid_1775,Male,45-59,White / Caucasian,500,yes
difficult dog,pid_1779,Male,30-44,Other,500,yes
difficult dog,pid_1780,Male,30-44,Latino / Hispanic,500,yes
difficult dog,pid_1782,Male,30-44,White / Caucasian,500,yes
difficult dog,pid_1790,Female,30-44,Black / African-American,500,yes
difficult dog,pid_1791,Female,60+,Asian / Asian-American,500,yes
difficult dog,pid_1793,Female,60+,Asian / Asian-American,500,yes
difficult dog,pid_1803,Female,60+,White / Caucasian,500,yes
difficult dog,pid_1805,Male,30-44,Black / African-American,500,yes
difficult dog,pid_1806,Female,60+,White / Caucasian,500,yes
difficult dog,pid_1809,Male,18-29,White / Caucasian,500,yes
difficult dog,pid_1811,Female,45-59,White / Caucasian,500,yes
difficult dog,pid_1814,Female,18-29,White / Caucasian,500,yes
difficult dog,pid_1815,Female,60+,Black / African-American,500,yes
difficult dog,pid_1819,Male,30-44,White / Caucasian,500,yes
difficult dog,pid_1820,Female,30-44,White / Caucasian,500,yes
difficult dog,pid_1822,Female,60+,White / Caucasian,500,yes
difficult dog,pid_1824,Male,18-29,Latino / Hispanic,500,yes
difficult dog,pid_1829,Female,18-29,White / Caucasian,500,yes
difficult dog,pid_1833,Female,18-29,Latino / Hispanic,500,yes
difficult dog,pid_1837,Male,18-29,Latino / Hispanic,500,yes
difficult dog,pid_1840,Female,30-44,Latino / Hispanic,500,yes
difficult dog,pid_1843,Male,30-44,White / Caucasian,500,yes
difficult dog,pid_1846,Female,60+,White / Caucasian,500,yes
difficult dog,pid_1847,Male,45-59,Asian / Asian-American,500,yes
difficult dog,pid_1853,Male,18-29,Latino / Hispanic,500,yes
difficult dog,pid_1857,Male,45-59,White / Caucasian,500,yes
difficult dog,pid_1866,Female,45-59,White / Caucasian,500,yes
difficult dog,pid_1870,Female,45-59,White / Caucasian,500,yes
difficult dog,pid_1872,Male,45-59,White / Caucasian,500,yes
difficult dog,pid_1877,Female,30-44,White / Caucasian,500,yes
difficult dog,pid_1878,Male,45-59,White / Caucasian,500,yes
difficult dog,pid_1884,Male,60+,White / Caucasian,500,yes
difficult dog,pid_1886,Male,18-29,White / Caucasian,500,yes
difficult dog,pid_1889,Male,30-44,White / Caucasian,500,yes
difficult dog,pid_1890,Male,30-44,White / Caucasian,500,yes
difficult dog,pid_1893,Female,18-29,Latino / Hispanic,500,yes
difficult dog,pid_1901,Female,30-44,White / Caucasian,500,yes
difficult dog,pid_1904,Male,30-44,White / Caucasian,500,yes
difficult dog,pid_1908,Female,45-59,White / Caucasian,500,yes
difficult dog,pid_1909,Female,60+,Latino / Hispanic,500,yes
difficult dog,pid_1912,Male,30-44,Asian / Asian-American,500,yes
difficult dog,pid_1913,Female,30-44,Other,500,yes
difficult dog,pid_1917,Female,18-29,White / Caucasian,500,yes
difficult dog,pid_1919,Male,45-59,White / Caucasian,500,yes
difficult dog,pid_1929,Female,60+,White / Caucasian,500,yes
difficult dog,pid_1931,Male,60+,White / Caucasian,500,yes
difficult dog,pid_1933,Female,18-29,White / Caucasian,500,yes
difficult dog,pid_1937,Female,18-29,Other,500,yes
difficult dog,pid_1945,Female,30-44,White / Caucasian,500,yes
difficult dog,pid_1952,Male,45-59,White / Caucasian,500,yes
difficult dog,pid_1953,Male,45-59,White / Caucasian,500,yes
difficult dog,pid_1961,Female,60+,Other,500,yes
difficult dog,pid_1963,Male,30-44,White / Caucasian,500,yes
difficult dog,pid_1966,Female,18-29,Latino / Hispanic,500,yes
difficult dog,pid_1972,Male,18-29,Black / African-American,500,yes
difficult dog,pid_1973,Female,18-29,Latino / Hispanic,500,yes
difficult dog,pid_1978,Male,30-44,White / Caucasian,500,yes
difficult dog,pid_1981,Female,18-29,White / Caucasian,500,yes
difficult dog,pid_1982,Male,45-59,White / Caucasian,500,yes
difficult dog,pid_1985,Male,18-29,Black / African-American,500,yes
difficult dog,pid_1988,Female,30-44,White / Caucasian,500,yes
difficult dog,pid_1989,Female,30-44,White / Caucasian,500,yes
difficult dog,pid_1997,Female,30-44,White / Caucasian,500,yes
difficult dog,pid_1998,Female,60+,White / Caucasian,500,yes
difficult dog,pid_1999,Female,30-44,White / Caucasian,500,yes
difficult dog,pid_2000,Male,60+,White / Caucasian,500,yes
difficult dog,pid_2003,Male,18-29,White / Caucasian,500,yes
difficult dog,pid_2005,Male,45-59,White / Caucasian,500,yes
difficult dog,pid_2006,Male,45-59,White / Caucasian,500,yes
difficult dog,pid_2008,Female,45-59,Asian / Asian-American,500,yes
difficult dog,pid_2010,Female,45-59,White / Caucasian,500,yes
difficult dog,pid_2021,Female,45-59,White / Caucasian,500,yes
difficult dog,pid_2022,Female,60+,Black / African-American,500,yes
difficult dog,pid_2025,Male,60+,White / Caucasian,500,yes
difficult dog,pid_2026,Male,45-59,White / Caucasian,500,yes
difficult dog,pid_2030,Female,60+,White / Caucasian,500,yes
difficult dog,pid_2034,Male,45-59,White / Caucasian,500,yes
difficult dog,pid_2041,Male,60+,White / Caucasian,500,yes
difficult dog,pid_2046,Male,18-29,Latino / Hispanic,500,yes
difficult dog,pid_2049,Female,18-29,Black / African-American,500,yes
difficult dog,pid_2052,Male,18-29,White / Caucasian,500,yes
difficult dog,pid_2054,Female,30-44,Black / African-American,500,yes
flimsy fish,pid_14,Female,45-59,White / Caucasian,500,yes
flimsy fish,pid_15,Male,60+,White / Caucasian,500,yes
flimsy fish,pid_23,Male,45-59,White / Caucasian,500,yes
flimsy fish,pid_29,Female,60+,White / Caucasian,500,yes
flimsy fish,pid_32,Male,30-44,Latino / Hispanic,500,yes
flimsy fish,pid_35,Female,30-44,White / Caucasian,500,yes
flimsy fish,pid_43,Male,18-29,Black / African-American,500,yes
flimsy fish,pid_57,Male,45-59,Black / African-American,500,yes
flimsy fish,pid_59,Male,45-59,White / Caucasian,500,yes
flimsy fish,pid_62,Male,45-59,White / Caucasian,500,yes
flimsy fish,pid_65,Female,45-59,Latino / Hispanic,500,yes
flimsy fish,pid_71,Male,60+,Latino / Hispanic,500,yes
flimsy fish,pid_72,Male,45-59,White / Caucasian,500,yes
flimsy fish,pid_75,Female,45-59,White / Caucasian,500,yes
flimsy fish,pid_76,Female,60+,White / Caucasian,500,yes
flimsy fish,pid_81,Male,60+,White / Caucasian,500,yes
flimsy fish,pid_83,Female,60+,White / Caucasian,500,yes
flimsy fish,pid_84,Female,60+,White / Caucasian,500,yes
flimsy fish,pid_91,Female,60+,White / Caucasian,500,yes
flimsy fish,pid_95,Female,60+,White / Caucasian,500,yes
flimsy fish,pid_99,Male,30-44,Other,500,yes
flimsy fish,pid_102,Male,45-59,Black / African-American,500,yes
flimsy fish,pid_104,Male,30-44,White / Caucasian,500,yes
flimsy fish,pid_107,Male,45-59,White / Caucasian,500,yes
flimsy fish,pid_115,Female,60+,Asian / Asian-American,500,yes
flimsy fish,pid_118,Male,60+,White / Caucasian,500,yes
flimsy fish,pid_122,Female,60+,White / Caucasian,500,yes
flimsy fish,pid_123,Male,60+,White / Caucasian,500,yes
flimsy fish,pid_129,Female,30-44,Asian / Asian-American,500,yes
flimsy fish,pid_133,Female,60+,Latino / Hispanic,500,yes
flimsy fish,pid_160,Male,60+,White / Caucasian,500,yes
flimsy fish,pid_163,Male,45-59,White / Caucasian,500,yes
flimsy fish,pid_165,Male,45-59,Latino / Hispanic,500,yes
flimsy fish,pid_167,Female,60+,White / Caucasian,500,yes
flimsy fish,pid_173,Female,30-44,White / Caucasian,500,yes
flimsy fish,pid_174,Female,60+,White / Caucasian,500,yes
flimsy fish,pid_180,Female,60+,Black / African-American,500,yes
flimsy fish,pid_182,Female,60+,White / Caucasian,500,yes
flimsy fish,pid_186,Female,18-29,Black / African-American,500,yes
flimsy fish,pid_189,Female,45-59,White / Caucasian,500,yes
flimsy fish,pid_198,Female,30-44,White / Caucasian,500,yes
flimsy fish,pid_204,Female,60+,White / Caucasian,500,yes
flimsy fish,pid_207,Female,45-59,Black / African-American,500,yes
flimsy fish,pid_217,Male,60+,White / Caucasian,500,yes
flimsy fish,pid_223,Male,60+,Black / African-American,500,yes
flimsy fish,pid_245,Female,30-44,White / Caucasian,500,yes
flimsy fish,pid_248,Male,45-59,White / Caucasian,500,yes
flimsy fish,pid_253,Female,60+,White / Caucasian,500,yes
flimsy fish,pid_258,Male,60+,White / Caucasian,500,yes
flimsy fish,pid_262,Male,60+,White / Caucasian,500,yes
flimsy fish,pid_263,Female,45-59,White / Caucasian,500,yes
flimsy fish,pid_265,Female,60+,Black / African-American,500,yes
flimsy fish,pid_268,Male,60+,White / Caucasian,500,yes
flimsy fish,pid_273,Male,60+,Latino / Hispanic,500,yes
flimsy fish,pid_276,Male,60+,White / Caucasian,500,yes
flimsy fish,pid_278,Male,60+,White / Caucasian,500,yes
flimsy fish,pid_282,Male,18-29,White / Caucasian,500,yes
flimsy fish,pid_283,Female,60+,White / Caucasian,500,yes
flimsy fish,pid_285,Male,45-59,White / Caucasian,500,yes
flimsy fish,pid_289,Male,30-44,White / Caucasian,500,yes
flimsy fish,pid_290,Male,30-44,Latino / Hispanic,500,yes
flimsy fish,pid_294,Male,60+,Black / African-American,500,yes
flimsy fish,pid_296,Female,30-44,Latino / Hispanic,500,yes
flimsy fish,pid_303,Female,60+,Black / African-American,500,yes
flimsy fish,pid_305,Male,18-29,Latino / Hispanic,500,yes
flimsy fish,pid_315,Male,18-29,White / Caucasian,500,yes
flimsy fish,pid_318,Female,45-59,White / Caucasian,500,yes
flimsy fish,pid_329,Male,60+,White / Caucasian,500,yes
flimsy fish,pid_333,Female,60+,White / Caucasian,500,yes
flimsy fish,pid_336,Female,30-44,Latino / Hispanic,500,yes
flimsy fish,pid_337,Male,60+,White / Caucasian,500,yes
flimsy fish,pid_339,Male,45-59,Black / African-American,500,yes
flimsy fish,pid_345,Male,45-59,White / Caucasian,500,yes
flimsy fish,pid_348,Female,45-59,Black / African-American,500,yes
flimsy fish,pid_350,Male,45-59,Latino / Hispanic,500,yes
flimsy fish,pid_353,Male,45-59,Latino / Hispanic,500,yes
flimsy fish,pid_363,Male,30-44,White / Caucasian,500,yes
flimsy fish,pid_366,Female,60+,White / Caucasian,500,yes
flimsy fish,pid_368,Female,60+,White / Caucasian,500,yes
flimsy fish,pid_369,Female,45-59,White / Caucasian,500,yes
flimsy fish,pid_371,Female,45-59,White / Caucasian,500,yes
flimsy fish,pid_373,Female,60+,White / Caucasian,500,yes
flimsy fish,pid_376,Male,60+,Black / African-American,500,yes
flimsy fish,pid_378,Female,30-44,Asian / Asian-American,500,yes
flimsy fish,pid_379,Male,60+,Other,500,yes
flimsy fish,pid_384,Female,60+,Black / African-American,500,yes
flimsy fish,pid_391,Male,60+,White / Caucasian,500,yes
flimsy fish,pid_393,Male,60+,Latino / Hispanic,500,yes
flimsy fish,pid_398,Female,60+,Latino / Hispanic,500,yes
flimsy fish,pid_402,Female,60+,Asian / Asian-American,500,yes
flimsy fish,pid_403,Male,30-44,Black / African-American,500,yes
flimsy fish,pid_406,Male,18-29,White / Caucasian,500,yes
flimsy fish,pid_407,Male,60+,Latino / Hispanic,500,yes
flimsy fish,pid_411,Male,45-59,White / Caucasian,500,yes
flimsy fish,pid_412,Male,45-59,White / Caucasian,500,yes
flimsy fish,pid_425,Male,45-59,White / Caucasian,500,yes
flimsy fish,pid_443,Male,30-44,Black / African-American,500,yes
flimsy fish,pid_445,Male,45-59,White / Caucasian,500,yes
flimsy fish,pid_447,Male,60+,Asian / Asian-American,500,yes
flimsy fish,pid_450,Female,45-59,White / Caucasian,500,yes
flimsy fish,pid_451,Female,60+,White / Caucasian,500,yes
flimsy fish,pid_453,Male,18-29,Black / African-American,500,yes
flimsy fish,pid_455,Female,45-59,Asian / Asian-American,500,yes
flimsy fish,pid_456,Female,45-59,White / Caucasian,500,yes
flimsy fish,pid_459,Female,60+,White / Caucasian,500,yes
flimsy fish,pid_460,Male,45-59,White / Caucasian,500,yes
flimsy fish,pid_461,Male,60+,White / Caucasian,500,yes
flimsy fish,pid_462,Female,60+,White / Caucasian,500,yes
flimsy fish,pid_463,Female,18-29,White / Caucasian,500,yes
flimsy fish,pid_464,Female,18-29,Latino / Hispanic,500,yes
flimsy fish,pid_467,Female,18-29,White / Caucasian,500,yes
flimsy fish,pid_469,Female,45-59,Black / African-American,500,yes
flimsy fish,pid_470,Male,18-29,Latino / Hispanic,500,yes
flimsy fish,pid_474,Female,45-59,Black / African-American,500,yes
flimsy fish,pid_475,Male,18-29,White / Caucasian,500,yes
flimsy fish,pid_478,Male,60+,White / Caucasian,500,yes
flimsy fish,pid_487,Female,18-29,Black / African-American,500,yes
flimsy fish,pid_491,Male,30-44,White / Caucasian,500,yes
flimsy fish,pid_492,Female,60+,White / Caucasian,500,yes
flimsy fish,pid_502,Female,60+,White / Caucasian,500,yes
flimsy fish,pid_507,Male,60+,Black / African-American,500,yes
flimsy fish,pid_509,Female,45-59,White / Caucasian,500,yes
flimsy fish,pid_511,Male,60+,White / Caucasian,500,yes
flimsy fish,pid_512,Female,18-29,White / Caucasian,500,yes
flimsy fish,pid_513,Male,60+,Asian / Asian-American,500,yes
flimsy fish,pid_517,Female,18-29,Latino / Hispanic,500,yes
flimsy fish,pid_520,Male,60+,White / Caucasian,500,yes
flimsy fish,pid_521,Female,60+,Black / African-American,500,yes
flimsy fish,pid_525,Male,30-44,Asian / Asian-American,500,yes
flimsy fish,pid_528,Female,30-44,White / Caucasian,500,yes
flimsy fish,pid_541,Male,30-44,Latino / Hispanic,500,yes
flimsy fish,pid_542,Female,45-59,White / Caucasian,500,yes
flimsy fish,pid_559,Female,30-44,White / Caucasian,500,yes
flimsy fish,pid_563,Male,30-44,White / Caucasian,500,yes
flimsy fish,pid_566,Female,18-29,Black / African-American,500,yes
flimsy fish,pid_569,Male,60+,Latino / Hispanic,500,yes
flimsy fish,pid_577,Female,18-29,Black / African-American,500,yes
flimsy fish,pid_578,Female,60+,White / Caucasian,500,yes
flimsy fish,pid_582,Male,30-44,Latino / Hispanic,500,yes
flimsy fish,pid_585,Male,60+,Asian / Asian-American,500,yes
flimsy fish,pid_586,Female,45-59,White / Caucasian,500,yes
flimsy fish,pid_607,Male,30-44,Black / African-American,500,yes
flimsy fish,pid_609,Female,60+,White / Caucasian,500,yes
flimsy fish,pid_610,Male,60+,White / Caucasian,500,yes
flimsy fish,pid_628,Male,18-29,Black / African-American,500,yes
flimsy fish,pid_629,Male,18-29,White / Caucasian,500,yes
flimsy fish,pid_636,Female,18-29,White / Caucasian,500,yes
flimsy fish,pid_653,Male,18-29,Latino / Hispanic,500,yes
flimsy fish,pid_654,Male,45-59,Black / African-American,500,yes
flimsy fish,pid_667,Male,45-59,White / Caucasian,500,yes
flimsy fish,pid_676,Female,45-59,Latino / Hispanic,500,yes
flimsy fish,pid_679,Male,18-29,White / Caucasian,500,yes
flimsy fish,pid_684,Female,18-29,White / Caucasian,500,yes
flimsy fish,pid_687,Female,18-29,White / Caucasian,500,yes
flimsy fish,pid_691,Female,60+,Black / African-American,500,yes
flimsy fish,pid_695,Female,18-29,White / Caucasian,500,yes
flimsy fish,pid_708,Female,60+,White / Caucasian,500,yes
flimsy fish,pid_714,Female,45-59,Asian / Asian-American,500,yes
flimsy fish,pid_715,Female,30-44,White / Caucasian,500,yes
flimsy fish,pid_716,Male,18-29,Black / African-American,500,yes
flimsy fish,pid_717,Female,60+,White / Caucasian,500,yes
flimsy fish,pid_718,Female,60+,White / Caucasian,500,yes
flimsy fish,pid_721,Male,45-59,Asian / Asian-American,500,yes
flimsy fish,pid_732,Male,60+,White / Caucasian,500,yes
flimsy fish,pid_736,Female,60+,White / Caucasian,500,yes
flimsy fish,pid_738,Female,30-44,White / Caucasian,500,yes
flimsy fish,pid_744,Male,60+,White / Caucasian,500,yes
flimsy fish,pid_753,Male,30-44,Latino / Hispanic,500,yes
flimsy fish,pid_757,Female,18-29,White / Caucasian,500,yes
flimsy fish,pid_758,Female,60+,Black / African-American,500,yes
flimsy fish,pid_761,Female,30-44,White / Caucasian,500,yes
flimsy fish,pid_764,Male,18-29,White / Caucasian,500,yes
flimsy fish,pid_767,Female,45-59,White / Caucasian,500,yes
flimsy fish,pid_773,Female,30-44,Latino / Hispanic,500,yes
flimsy fish,pid_774,Male,60+,White / Caucasian,500,yes
flimsy fish,pid_788,Male,45-59,White / Caucasian,500,yes
flimsy fish,pid_792,Female,45-59,White / Caucasian,500,yes
flimsy fish,pid_797,Female,30-44,Latino / Hispanic,500,yes
flimsy fish,pid_800,Female,60+,Latino / Hispanic,500,yes
flimsy fish,pid_804,Female,30-44,White / Caucasian,500,yes
flimsy fish,pid_805,Female,30-44,White / Caucasian,500,yes
flimsy fish,pid_808,Male,30-44,Asian / Asian-American,500,yes
flimsy fish,pid_814,Male,30-44,White / Caucasian,500,yes
flimsy fish,pid_822,Male,45-59,Latino / Hispanic,500,yes
flimsy fish,pid_824,Male,60+,White / Caucasian,500,yes
flimsy fish,pid_839,Male,45-59,Black / African-American,500,yes
flimsy fish,pid_845,Female,60+,White / Caucasian,500,yes
flimsy fish,pid_846,Female,18-29,White / Caucasian,500,yes
flimsy fish,pid_847,Male,60+,White / Caucasian,500,yes
flimsy fish,pid_857,Female,60+,White / Caucasian,500,yes
flimsy fish,pid_860,Female,60+,White / Caucasian,500,yes
flimsy fish,pid_861,Male,60+,White / Caucasian,500,yes
flimsy fish,pid_863,Male,60+,Latino / Hispanic,500,yes
flimsy fish,pid_869,Female,45-59,White / Caucasian,500,yes
flimsy fish,pid_871,Female,60+,Latino / Hispanic,500,yes
flimsy fish,pid_872,Male,45-59,Black / African-American,500,yes
flimsy fish,pid_881,Male,18-29,White / Caucasian,500,yes
flimsy fish,pid_882,Male,30-44,Latino / Hispanic,500,yes
flimsy fish,pid_883,Male,18-29,White / Caucasian,500,yes
flimsy fish,pid_895,Female,30-44,Asian / Asian-American,500,yes
flimsy fish,pid_897,Male,60+,White / Caucasian,500,yes
flimsy fish,pid_900,Female,60+,White / Caucasian,500,yes
flimsy fish,pid_903,Female,18-29,Latino / Hispanic,500,yes
flimsy fish,pid_904,Male,18-29,White / Caucasian,500,yes
flimsy fish,pid_910,Male,45-59,White / Caucasian,500,yes
flimsy fish,pid_913,Female,18-29,White / Caucasian,500,yes
flimsy fish,pid_914,Male,60+,Latino / Hispanic,500,yes
flimsy fish,pid_916,Male,60+,White / Caucasian,500,yes
flimsy fish,pid_917,Male,30-44,White / Caucasian,500,yes
flimsy fish,pid_920,Male,60+,Black / African-American,500,yes
flimsy fish,pid_921,Female,30-44,Latino / Hispanic,500,yes
flimsy fish,pid_924,Male,30-44,White / Caucasian,500,yes
flimsy fish,pid_926,Female,60+,White / Caucasian,500,yes
flimsy fish,pid_933,Female,60+,Other,500,yes
flimsy fish,pid_935,Male,30-44,White / Caucasian,500,yes
flimsy fish,pid_939,Female,60+,Latino / Hispanic,500,yes
flimsy fish,pid_940,Male,18-29,White / Caucasian,500,yes
flimsy fish,pid_945,Female,30-44,White / Caucasian,500,yes
flimsy fish,pid_946,Female,45-59,Asian / Asian-American,500,yes
flimsy fish,pid_949,Male,60+,White / Caucasian,500,yes
flimsy fish,pid_950,Male,30-44,Latino / Hispanic,500,yes
flimsy fish,pid_951,Female,45-59,Latino / Hispanic,500,yes
flimsy fish,pid_954,Female,18-29,Latino / Hispanic,500,yes
flimsy fish,pid_955,Female,60+,White / Caucasian,500,yes
flimsy fish,pid_957,Female,30-44,Latino / Hispanic,500,yes
flimsy fish,pid_958,Female,60+,White / Caucasian,500,yes
flimsy fish,pid_961,Female,30-44,Black / African-American,500,yes
flimsy fish,pid_969,Female,45-59,White / Caucasian,500,yes
flimsy fish,pid_970,Male,60+,Latino / Hispanic,500,yes
flimsy fish,pid_976,Female,45-59,White / Caucasian,500,yes
flimsy fish,pid_983,Male,45-59,White / Caucasian,500,yes
flimsy fish,pid_1001,Male,18-29,Latino / Hispanic,500,yes
flimsy fish,pid_1003,Female,60+,White / Caucasian,500,yes
flimsy fish,pid_1007,Male,30-44,Black / African-American,500,yes
flimsy fish,pid_1010,Female,60+,Latino / Hispanic,500,yes
flimsy fish,pid_1011,Female,30-44,Other,500,yes
flimsy fish,pid_1016,Female,18-29,White / Caucasian,500,yes
flimsy fish,pid_1018,Female,18-29,Other,500,yes
flimsy fish,pid_1019,Female,45-59,Latino / Hispanic,500,yes
flimsy fish,pid_1030,Female,45-59,Other,500,yes
flimsy fish,pid_1037,Female,18-29,White / Caucasian,500,yes
flimsy fish,pid_1041,Male,45-59,White / Caucasian,500,yes
flimsy fish,pid_1043,Female,30-44,White / Caucasian,500,yes
flimsy fish,pid_1044,Female,45-59,White / Caucasian,500,yes
flimsy fish,pid_1047,Female,60+,White / Caucasian,500,yes
flimsy fish,pid_1048,Male,30-44,White / Caucasian,500,yes
flimsy fish,pid_1051,Male,18-29,Latino / Hispanic,500,yes
flimsy fish,pid_1054,Male,60+,White / Caucasian,500,yes
flimsy fish,pid_1060,Male,30-44,Black / African-American,500,yes
flimsy fish,pid_1063,Female,18-29,Asian / Asian-American,500,yes
flimsy fish,pid_1064,Male,18-29,White / Caucasian,500,yes
flimsy fish,pid_1072,Male,18-29,Latino / Hispanic,500,yes
flimsy fish,pid_1082,Female,45-59,Black / African-American,500,yes
flimsy fish,pid_1089,Female,60+,White / Caucasian,500,yes
flimsy fish,pid_1094,Female,30-44,White / Caucasian,500,yes
flimsy fish,pid_1097,Female,60+,Latino / Hispanic,500,yes
flimsy fish,pid_1100,Male,30-44,White / Caucasian,500,yes
flimsy fish,pid_1109,Male,45-59,White / Caucasian,500,yes
flimsy fish,pid_1114,Male,45-59,Other,500,yes
flimsy fish,pid_1115,Female,45-59,White / Caucasian,500,yes
flimsy fish,pid_1116,Male,18-29,White / Caucasian,500,yes
flimsy fish,pid_1124,Female,30-44,Black / African-American,500,yes
flimsy fish,pid_1125,Male,30-44,Asian / Asian-American,500,yes
flimsy fish,pid_1131,Male,45-59,White / Caucasian,500,yes
flimsy fish,pid_1132,Female,45-59,Latino / Hispanic,500,yes
flimsy fish,pid_1135,Male,45-59,White / Caucasian,500,yes
flimsy fish,pid_1137,Male,60+,Asian / Asian-American,500,yes
flimsy fish,pid_1138,Male,30-44,White / Caucasian,500,yes
flimsy fish,pid_1144,Male,60+,White / Caucasian,500,yes
flimsy fish,pid_1145,Female,30-44,Asian / Asian-American,500,yes
flimsy fish,pid_1147,Male,30-44,White / Caucasian,500,yes
flimsy fish,pid_1148,Female,30-44,Latino / Hispanic,500,yes
flimsy fish,pid_1153,Female,30-44,White / Caucasian,500,yes
flimsy fish,pid_1157,Female,45-59,White / Caucasian,500,yes
flimsy fish,pid_1159,Female,60+,White / Caucasian,500,yes
flimsy fish,pid_1168,Male,45-59,White / Caucasian,500,yes
flimsy fish,pid_1174,Female,45-59,White / Caucasian,500,yes
flimsy fish,pid_1176,Male,30-44,White / Caucasian,500,yes
flimsy fish,pid_1178,Female,18-29,Latino / Hispanic,500,yes
flimsy fish,pid_1182,Male,60+,White / Caucasian,500,yes
flimsy fish,pid_1183,Female,60+,White / Caucasian,500,yes
flimsy fish,pid_1187,Male,18-29,White / Caucasian,500,yes
flimsy fish,pid_1188,Male,18-29,Asian / Asian-American,500,yes
flimsy fish,pid_1189,Female,30-44,Asian / Asian-American,500,yes
flimsy fish,pid_1193,Male,30-44,Latino / Hispanic,500,yes
flimsy fish,pid_1194,Male,30-44,White / Caucasian,500,yes
flimsy fish,pid_1197,Female,60+,White / Caucasian,500,yes
flimsy fish,pid_1199,Male,60+,Black / African-American,500,yes
flimsy fish,pid_1202,Male,60+,White / Caucasian,500,yes
flimsy fish,pid_1203,Male,18-29,Asian / Asian-American,500,yes
flimsy fish,pid_1212,Male,30-44,Latino / Hispanic,500,yes
flimsy fish,pid_1217,Female,45-59,Latino / Hispanic,500,yes
flimsy fish,pid_1219,Male,60+,White / Caucasian,500,yes
flimsy fish,pid_1221,Male,18-29,Latino / Hispanic,500,yes
flimsy fish,pid_1225,Male,60+,White / Caucasian,500,yes
flimsy fish,pid_1227,Female,30-44,Latino / Hispanic,500,yes
flimsy fish,pid_1238,Female,60+,White / Caucasian,500,yes
flimsy fish,pid_1240,Male,18-29,White / Caucasian,500,yes
flimsy fish,pid_1248,Male,45-59,White / Caucasian,500,yes
flimsy fish,pid_1249,Female,45-59,White / Caucasian,500,yes
flimsy fish,pid_1253,Female,45-59,Black / African-American,500,yes
flimsy fish,pid_1256,Female,30-44,Latino / Hispanic,500,yes
flimsy fish,pid_1262,Male,30-44,Latino / Hispanic,500,yes
flimsy fish,pid_1273,Male,60+,White / Caucasian,500,yes
flimsy fish,pid_1278,Male,30-44,White / Caucasian,500,yes
flimsy fish,pid_1286,Male,30-44,White / Caucasian,500,yes
flimsy fish,pid_1289,Male,30-44,White / Caucasian,500,yes
flimsy fish,pid_1290,Female,30-44,White / Caucasian,500,yes
flimsy fish,pid_1299,Female,30-44,White / Caucasian,500,yes
flimsy fish,pid_1301,Female,45-59,Black / African-American,500,yes
flimsy fish,pid_1302,Male,30-44,Black / African-American,500,yes
flimsy fish,pid_1311,Female,30-44,Latino / Hispanic,500,yes
flimsy fish,pid_1316,Female,60+,White / Caucasian,500,yes
flimsy fish,pid_1317,Female,30-44,Black / African-American,500,yes
flimsy fish,pid_1323,Male,60+,White / Caucasian,500,yes
flimsy fish,pid_1339,Female,60+,White / Caucasian,500,yes
flimsy fish,pid_1343,Male,45-59,White / Caucasian,500,yes
flimsy fish,pid_1345,Male,18-29,Asian / Asian-American,500,yes
flimsy fish,pid_1350,Male,30-44,Asian / Asian-American,500,yes
flimsy fish,pid_1353,Female,45-59,White / Caucasian,500,yes
flimsy fish,pid_1362,Male,18-29,White / Caucasian,500,yes
flimsy fish,pid_1367,Female,18-29,White / Caucasian,500,yes
flimsy fish,pid_1368,Male,30-44,White / Caucasian,500,yes
flimsy fish,pid_1369,Male,60+,White / Caucasian,500,yes
flimsy fish,pid_1379,Female,30-44,White / Caucasian,500,yes
flimsy fish,pid_1380,Female,30-44,White / Caucasian,500,yes
flimsy fish,pid_1382,Female,18-29,White / Caucasian,500,yes
flimsy fish,pid_1386,Male,30-44,Latino / Hispanic,500,yes
flimsy fish,pid_1387,Female,18-29,White / Caucasian,500,yes
flimsy fish,pid_1400,Female,18-29,White / Caucasian,500,yes
flimsy fish,pid_1403,Female,30-44,Black / African-American,500,yes
flimsy fish,pid_1411,Female,60+,White / Caucasian,500,yes
flimsy fish,pid_1412,Female,30-44,White / Caucasian,500,yes
flimsy fish,pid_1413,Male,30-44,White / Caucasian,500,yes
flimsy fish,pid_1416,Male,45-59,White / Caucasian,500,yes
flimsy fish,pid_1418,Female,45-59,White / Caucasian,500,yes
flimsy fish,pid_1420,Female,45-59,White / Caucasian,500,yes
flimsy fish,pid_1423,Male,60+,White / Caucasian,500,yes
flimsy fish,pid_1427,Female,60+,White / Caucasian,500,yes
flimsy fish,pid_1435,Female,30-44,Black / African-American,500,yes
flimsy fish,pid_1439,Male,30-44,Latino / Hispanic,500,yes
flimsy fish,pid_1445,Female,18-29,White / Caucasian,500,yes
flimsy fish,pid_1446,Female,30-44,White / Caucasian,500,yes
flimsy fish,pid_1448,Male,18-29,White / Caucasian,500,yes
flimsy fish,pid_1449,Female,18-29,Latino / Hispanic,500,yes
flimsy fish,pid_1451,Male,60+,Latino / Hispanic,500,yes
flimsy fish,pid_1452,Male,45-59,White / Caucasian,500,yes
flimsy fish,pid_1455,Female,18-29,Black / African-American,500,yes
flimsy fish,pid_1457,Female,60+,White / Caucasian,500,yes
flimsy fish,pid_1458,Male,60+,White / Caucasian,500,yes
flimsy fish,pid_1460,Male,18-29,White / Caucasian,500,yes
flimsy fish,pid_1463,Male,30-44,Black / African-American,500,yes
flimsy fish,pid_1465,Male,18-29,White / Caucasian,500,yes
flimsy fish,pid_1471,Male,30-44,White / Caucasian,500,yes
flimsy fish,pid_1473,Female,30-44,Black / African-American,500,yes
flimsy fish,pid_1474,Female,45-59,White / Caucasian,500,yes
flimsy fish,pid_1477,Male,18-29,Latino / Hispanic,500,yes
flimsy fish,pid_1487,Female,18-29,White / Caucasian,500,yes
flimsy fish,pid_1499,Male,60+,Black / African-American,500,yes
flimsy fish,pid_1502,Male,30-44,Latino / Hispanic,500,yes
flimsy fish,pid_1503,Male,45-59,White / Caucasian,500,yes
flimsy fish,pid_1512,Female,60+,White / Caucasian,500,yes
flimsy fish,pid_1516,Male,60+,White / Caucasian,500,yes
flimsy fish,pid_1522,Male,30-44,Latino / Hispanic,500,yes
flimsy fish,pid_1526,Male,18-29,Latino / Hispanic,500,yes
flimsy fish,pid_1531,Female,60+,White / Caucasian,500,yes
flimsy fish,pid_1534,Male,45-59,Black / African-American,500,yes
flimsy fish,pid_1539,Female,18-29,White / Caucasian,500,yes
flimsy fish,pid_1544,Female,30-44,Latino / Hispanic,500,yes
flimsy fish,pid_1546,Female,30-44,Latino / Hispanic,500,yes
flimsy fish,pid_1548,Female,18-29,Black / African-American,500,yes
flimsy fish,pid_1554,Male,60+,Latino / Hispanic,500,yes
flimsy fish,pid_1563,Female,45-59,Latino / Hispanic,500,yes
flimsy fish,pid_1566,Male,18-29,Latino / Hispanic,500,yes
flimsy fish,pid_1571,Male,30-44,White / Caucasian,500,yes
flimsy fish,pid_1581,Female,30-44,Black / African-American,500,yes
flimsy fish,pid_1583,Male,18-29,Other,500,yes
flimsy fish,pid_1584,Female,30-44,Asian / Asian-American,500,yes
flimsy fish,pid_1586,Male,30-44,White / Caucasian,500,yes
flimsy fish,pid_1588,Male,45-59,Asian / Asian-American,500,yes
flimsy fish,pid_1590,Male,30-44,Latino / Hispanic,500,yes
flimsy fish,pid_1596,Female,18-29,Latino / Hispanic,500,yes
flimsy fish,pid_1598,Male,18-29,White / Caucasian,500,yes
flimsy fish,pid_1604,Female,60+,Latino / Hispanic,500,yes
flimsy fish,pid_1605,Female,30-44,White / Caucasian,500,yes
flimsy fish,pid_1625,Male,30-44,Latino / Hispanic,500,yes
flimsy fish,pid_1643,Female,45-59,White / Caucasian,500,yes
flimsy fish,pid_1645,Male,45-59,Asian / Asian-American,500,yes
flimsy fish,pid_1649,Female,30-44,White / Caucasian,500,yes
flimsy fish,pid_1653,Male,18-29,White / Caucasian,500,yes
flimsy fish,pid_1656,Male,60+,White / Caucasian,500,yes
flimsy fish,pid_1657,Male,30-44,White / Caucasian,500,yes
flimsy fish,pid_1660,Female,18-29,Asian / Asian-American,500,yes
flimsy fish,pid_1663,Female,30-44,White / Caucasian,500,yes
flimsy fish,pid_1667,Female,18-29,White / Caucasian,500,yes
flimsy fish,pid_1670,Female,18-29,Latino / Hispanic,500,yes
flimsy fish,pid_1676,Female,18-29,Asian / Asian-American,500,yes
flimsy fish,pid_1680,Male,60+,White / Caucasian,500,yes
flimsy fish,pid_1681,Female,45-59,Latino / Hispanic,500,yes
flimsy fish,pid_1684,Male,60+,White / Caucasian,500,yes
flimsy fish,pid_1687,Female,30-44,Latino / Hispanic,500,yes
flimsy fish,pid_1689,Female,60+,White / Caucasian,500,yes
flimsy fish,pid_1697,Male,45-59,Black / African-American,500,yes
flimsy fish,pid_1704,Male,30-44,White / Caucasian,500,yes
flimsy fish,pid_1712,Female,30-44,White / Caucasian,500,yes
flimsy fish,pid_1717,Male,60+,White / Caucasian,500,yes
flimsy fish,pid_1721,Female,45-59,White / Caucasian,500,yes
flimsy fish,pid_1726,Female,45-59,Latino / Hispanic,500,yes
flimsy fish,pid_1728,Female,30-44,White / Caucasian,500,yes
flimsy fish,pid_1740,Female,45-59,White / Caucasian,500,yes
flimsy fish,pid_1741,Male,18-29,Other,500,yes
flimsy fish,pid_1743,Male,30-44,White / Caucasian,500,yes
flimsy fish,pid_1751,Female,45-59,White / Caucasian,500,yes
flimsy fish,pid_1757,Female,60+,White / Caucasian,500,yes
flimsy fish,pid_1763,Female,45-59,Latino / Hispanic,500,yes
flimsy fish,pid_1772,Female,60+,Asian / Asian-American,500,yes
flimsy fish,pid_1773,Male,18-29,Latino / Hispanic,500,yes
flimsy fish,pid_1775,Male,45-59,White / Caucasian,500,yes
flimsy fish,pid_1779,Male,30-44,Other,500,yes
flimsy fish,pid_1780,Male,30-44,Latino / Hispanic,500,yes
flimsy fish,pid_1782,Male,30-44,White / Caucasian,500,yes
flimsy fish,pid_1790,Female,30-44,Black / African-American,500,yes
flimsy fish,pid_1791,Female,60+,Asian / Asian-American,500,yes
flimsy fish,pid_1793,Female,60+,Asian / Asian-American,500,yes
flimsy fish,pid_1803,Female,60+,White / Caucasian,500,yes
flimsy fish,pid_1805,Male,30-44,Black / African-American,500,yes
flimsy fish,pid_1806,Female,60+,White / Caucasian,500,yes
flimsy fish,pid_1809,Male,18-29,White / Caucasian,500,yes
flimsy fish,pid_1811,Female,45-59,White / Caucasian,500,yes
flimsy fish,pid_1814,Female,18-29,White / Caucasian,500,yes
flimsy fish,pid_1815,Female,60+,Black / African-American,500,yes
flimsy fish,pid_1819,Male,30-44,White / Caucasian,500,yes
flimsy fish,pid_1820,Female,30-44,White / Caucasian,500,yes
flimsy fish,pid_1822,Female,60+,White / Caucasian,500,yes
flimsy fish,pid_1824,Male,18-29,Latino / Hispanic,500,yes
flimsy fish,pid_1829,Female,18-29,White / Caucasian,500,yes
flimsy fish,pid_1833,Female,18-29,Latino / Hispanic,500,yes
flimsy fish,pid_1837,Male,18-29,Latino / Hispanic,500,yes
flimsy fish,pid_1840,Female,30-44,Latino / Hispanic,500,yes
flimsy fish,pid_1843,Male,30-44,White / Caucasian,500,yes
flimsy fish,pid_1846,Female,60+,White / Caucasian,500,yes
flimsy fish,pid_1847,Male,45-59,Asian / Asian-American,500,yes
flimsy fish,pid_1853,Male,18-29,Latino / Hispanic,500,yes
flimsy fish,pid_1857,Male,45-59,White / Caucasian,500,yes
flimsy fish,pid_1866,Female,45-59,White / Caucasian,500,yes
flimsy fish,pid_1870,Female,45-59,White / Caucasian,500,yes
flimsy fish,pid_1872,Male,45-59,White / Caucasian,500,yes
flimsy fish,pid_1877,Female,30-44,White / Caucasian,500,yes
flimsy fish,pid_1878,Male,45-59,White / Caucasian,500,yes
flimsy fish,pid_1884,Male,60+,White / Caucasian,500,yes
flimsy fish,pid_1886,Male,18-29,White / Caucasian,500,yes
flimsy fish,pid_1889,Male,30-44,White / Caucasian,500,yes
flimsy fish,pid_1890,Male,30-44,White / Caucasian,500,yes
flimsy fish,pid_1893,Female,18-29,Latino / Hispanic,500,yes
flimsy fish,pid_1901,Female,30-44,White / Caucasian,500,yes
flimsy fish,pid_1904,Male,30-44,White / Caucasian,500,yes
flimsy fish,pid_1908,Female,45-59,White / Caucasian,500,yes
flimsy fish,pid_1909,Female,60+,Latino / Hispanic,500,yes
flimsy fish,pid_1912,Male,30-44,Asian / Asian-American,500,yes
flimsy fish,pid_1913,Female,30-44,Other,500,yes
flimsy fish,pid_1917,Female,18-29,White / Caucasian,500,yes
flimsy fish,pid_1919,Male,45-59,White / Caucasian,500,yes
flimsy fish,pid_1929,Female,60+,White / Caucasian,500,yes
flimsy fish,pid_1931,Male,60+,White / Caucasian,500,yes
flimsy fish,pid_1933,Female,18-29,White / Caucasian,500,yes
flimsy fish,pid_1937,Female,18-29,Other,500,yes
flimsy fish,pid_1945,Female,30-44,White / Caucasian,500,yes
flimsy fish,pid_1952,Male,45-59,White / Caucasian,500,yes
flimsy fish,pid_1953,Male,45-59,White / Caucasian,500,yes
flimsy fish,pid_1961,Female,60+,Other,500,yes
flimsy fish,pid_1963,Male,30-44,White / Caucasian,500,yes
flimsy fish,pid_1966,Female,18-29,Latino / Hispanic,500,yes
flimsy fish,pid_1972,Male,18-29,Black / African-American,500,yes
flimsy fish,pid_1973,Female,18-29,Latino / Hispanic,500,yes
flimsy fish,pid_1978,Male,30-44,White / Caucasian,500,yes
flimsy fish,pid_1981,Female,18-29,White / Caucasian,500,yes
flimsy fish,pid_1982,Male,45-59,White / Caucasian,500,yes
flimsy fish,pid_1985,Male,18-29,Black / African-American,500,yes
flimsy fish,pid_1988,Female,30-44,White / Caucasian,500,yes
flimsy fish,pid_1989,Female,30-44,White / Caucasian,500,yes
flimsy fish,pid_1997,Female,30-44,White / Caucasian,500,yes
flimsy fish,pid_1998,Female,60+,White / Caucasian,500,yes
flimsy fish,pid_1999,Female,30-44,White / Caucasian,500,yes
flimsy fish,pid_2000,Male,60+,White / Caucasian,500,yes
flimsy fish,pid_2003,Male,18-29,White / Caucasian,500,yes
flimsy fish,pid_2005,Male,45-59,White / Caucasian,500,yes
flimsy fish,pid_2006,Male,45-59,White / Caucasian,500,yes
flimsy fish,pid_2008,Female,45-59,Asian / Asian-American,500,yes
flimsy fish,pid_2010,Female,45-59,White / Caucasian,500,yes
flimsy fish,pid_2021,Female,45-59,White / Caucasian,500,yes
flimsy fish,pid_2022,Female,60+,Black / African-American,500,yes
flimsy fish,pid_2025,Male,60+,White / Caucasian,500,yes
flimsy fish,pid_2026,Male,45-59,White / Caucasian,500,yes
flimsy fish,pid_2030,Female,60+,White / Caucasian,500,yes
flimsy fish,pid_2034,Male,45-59,White / Caucasian,500,yes
flimsy fish,pid_2041,Male,60+,White / Caucasian,500,yes
flimsy fish,pid_2046,Male,18-29,Latino / Hispanic,500,yes
flimsy fish,pid_2049,Female,18-29,Black / African-American,500,yes
flimsy fish,pid_2052,Male,18-29,White / Caucasian,500,yes
flimsy fish,pid_2054,Female,30-44,Black / African-American,500,yes
giant gibbon; brick bobcat,pid_14,Female,45-59,White / Caucasian,500,yes
giant gibbon; brick bobcat,pid_15,Male,60+,White / Caucasian,500,yes
giant gibbon; brick bobcat,pid_23,Male,45-59,White / Caucasian,500,yes
giant gibbon; brick bobcat,pid_29,Female,60+,White / Caucasian,500,yes
giant gibbon; brick bobcat,pid_32,Male,30-44,Latino / Hispanic,500,yes
giant gibbon; brick bobcat,pid_35,Female,30-44,White / Caucasian,500,yes
giant gibbon; brick bobcat,pid_43,Male,18-29,Black / African-American,500,yes
giant gibbon; brick bobcat,pid_57,Male,45-59,Black / African-American,500,yes
giant gibbon; brick bobcat,pid_59,Male,45-59,White / Caucasian,500,yes
giant gibbon; brick bobcat,pid_62,Male,45-59,White / Caucasian,500,yes
giant gibbon; brick bobcat,pid_65,Female,45-59,Latino / Hispanic,500,yes
giant gibbon; brick bobcat,pid_71,Male,60+,Latino / Hispanic,500,yes
giant gibbon; brick bobcat,pid_72,Male,45-59,White / Caucasian,500,yes
giant gibbon; brick bobcat,pid_75,Female,45-59,White / Caucasian,500,yes
giant gibbon; brick bobcat,pid_76,Female,60+,White / Caucasian,500,yes
giant gibbon; brick bobcat,pid_81,Male,60+,White / Caucasian,500,yes
giant gibbon; brick bobcat,pid_83,Female,60+,White / Caucasian,500,yes
giant gibbon; brick bobcat,pid_84,Female,60+,White / Caucasian,500,yes
giant gibbon; brick bobcat,pid_91,Female,60+,White / Caucasian,500,yes
giant gibbon; brick bobcat,pid_95,Female,60+,White / Caucasian,500,yes
giant gibbon; brick bobcat,pid_99,Male,30-44,Other,500,yes
giant gibbon; brick bobcat,pid_102,Male,45-59,Black / African-American,500,yes
giant gibbon; brick bobcat,pid_104,Male,30-44,White / Caucasian,500,yes
giant gibbon; brick bobcat,pid_107,Male,45-59,White / Caucasian,500,yes
giant gibbon; brick bobcat,pid_115,Female,60+,Asian / Asian-American,500,yes
giant gibbon; brick bobcat,pid_118,Male,60+,White / Caucasian,500,yes
giant gibbon; brick bobcat,pid_122,Female,60+,White / Caucasian,500,yes
giant gibbon; brick bobcat,pid_123,Male,60+,White / Caucasian,500,yes
giant gibbon; brick bobcat,pid_129,Female,30-44,Asian / Asian-American,500,yes
giant gibbon; brick bobcat,pid_133,Female,60+,Latino / Hispanic,500,yes
giant gibbon; brick bobcat,pid_160,Male,60+,White / Caucasian,500,yes
giant gibbon; brick bobcat,pid_163,Male,45-59,White / Caucasian,500,yes
giant gibbon; brick bobcat,pid_165,Male,45-59,Latino / Hispanic,500,yes
giant gibbon; brick bobcat,pid_167,Female,60+,White / Caucasian,500,yes
giant gibbon; brick bobcat,pid_173,Female,30-44,White / Caucasian,500,yes
giant gibbon; brick bobcat,pid_174,Female,60+,White / Caucasian,500,yes
giant gibbon; brick bobcat,pid_180,Female,60+,Black / African-American,500,yes
giant gibbon; brick bobcat,pid_182,Female,60+,White / Caucasian,500,yes
giant gibbon; brick bobcat,pid_186,Female,18-29,Black / African-American,500,yes
giant gibbon; brick bobcat,pid_189,Female,45-59,White / Caucasian,500,yes
giant gibbon; brick bobcat,pid_198,Female,30-44,White / Caucasian,500,yes
giant gibbon; brick bobcat,pid_204,Female,60+,White / Caucasian,500,yes
giant gibbon; brick bobcat,pid_207,Female,45-59,Black / African-American,500,yes
giant gibbon; brick bobcat,pid_217,Male,60+,White / Caucasian,500,yes
giant gibbon; brick bobcat,pid_223,Male,60+,Black / African-American,500,yes
giant gibbon; brick bobcat,pid_245,Female,30-44,White / Caucasian,500,yes
giant gibbon; brick bobcat,pid_248,Male,45-59,White / Caucasian,500,yes
giant gibbon; brick bobcat,pid_253,Female,60+,White / Caucasian,500,yes
giant gibbon; brick bobcat,pid_258,Male,60+,White / Caucasian,500,yes
giant gibbon; brick bobcat,pid_262,Male,60+,White / Caucasian,500,yes
giant gibbon; brick bobcat,pid_263,Female,45-59,White / Caucasian,500,yes
giant gibbon; brick bobcat,pid_265,Female,60+,Black / African-American,500,yes
giant gibbon; brick bobcat,pid_268,Male,60+,White / Caucasian,500,yes
giant gibbon; brick bobcat,pid_273,Male,60+,Latino / Hispanic,500,yes
giant gibbon; brick bobcat,pid_276,Male,60+,White / Caucasian,500,yes
giant gibbon; brick bobcat,pid_278,Male,60+,White / Caucasian,500,yes
giant gibbon; brick bobcat,pid_282,Male,18-29,White / Caucasian,500,yes
giant gibbon; brick bobcat,pid_283,Female,60+,White / Caucasian,500,yes
giant gibbon; brick bobcat,pid_285,Male,45-59,White / Caucasian,500,yes
giant gibbon; brick bobcat,pid_289,Male,30-44,White / Caucasian,500,yes
giant gibbon; brick bobcat,pid_290,Male,30-44,Latino / Hispanic,500,yes
giant gibbon; brick bobcat,pid_294,Male,60+,Black / African-American,500,yes
giant gibbon; brick bobcat,pid_296,Female,30-44,Latino / Hispanic,500,yes
giant gibbon; brick bobcat,pid_303,Female,60+,Black / African-American,500,yes
giant gibbon; brick bobcat,pid_305,Male,18-29,Latino / Hispanic,500,yes
giant gibbon; brick bobcat,pid_315,Male,18-29,White / Caucasian,500,yes
giant gibbon; brick bobcat,pid_318,Female,45-59,White / Caucasian,500,yes
giant gibbon; brick bobcat,pid_329,Male,60+,White / Caucasian,500,yes
giant gibbon; brick bobcat,pid_333,Female,60+,White / Caucasian,500,yes
giant gibbon; brick bobcat,pid_336,Female,30-44,Latino / Hispanic,500,yes
giant gibbon; brick bobcat,pid_337,Male,60+,White / Caucasian,500,yes
giant gibbon; brick bobcat,pid_339,Male,45-59,Black / African-American,500,yes
giant gibbon; brick bobcat,pid_345,Male,45-59,White / Caucasian,500,yes
giant gibbon; brick bobcat,pid_348,Female,45-59,Black / African-American,500,yes
giant gibbon; brick bobcat,pid_350,Male,45-59,Latino / Hispanic,500,yes
giant gibbon; brick bobcat,pid_353,Male,45-59,Latino / Hispanic,500,yes
giant gibbon; brick bobcat,pid_363,Male,30-44,White / Caucasian,500,yes
giant gibbon; brick bobcat,pid_366,Female,60+,White / Caucasian,500,yes
giant gibbon; brick bobcat,pid_368,Female,60+,White / Caucasian,500,yes
giant gibbon; brick bobcat,pid_369,Female,45-59,White / Caucasian,500,yes
giant gibbon; brick bobcat,pid_371,Female,45-59,White / Caucasian,500,yes
giant gibbon; brick bobcat,pid_373,Female,60+,White / Caucasian,500,yes
giant gibbon; brick bobcat,pid_376,Male,60+,Black / African-American,500,yes
giant gibbon; brick bobcat,pid_378,Female,30-44,Asian / Asian-American,500,yes
giant gibbon; brick bobcat,pid_379,Male,60+,Other,500,yes
giant gibbon; brick bobcat,pid_384,Female,60+,Black / African-American,500,yes
giant gibbon; brick bobcat,pid_391,Male,60+,White / Caucasian,500,yes
giant gibbon; brick bobcat,pid_393,Male,60+,Latino / Hispanic,500,yes
giant gibbon; brick bobcat,pid_398,Female,60+,Latino / Hispanic,500,yes
giant gibbon; brick bobcat,pid_402,Female,60+,Asian / Asian-American,500,yes
giant gibbon; brick bobcat,pid_403,Male,30-44,Black / African-American,500,yes
giant gibbon; brick bobcat,pid_406,Male,18-29,White / Caucasian,500,yes
giant gibbon; brick bobcat,pid_407,Male,60+,Latino / Hispanic,500,yes
giant gibbon; brick bobcat,pid_411,Male,45-59,White / Caucasian,500,yes
giant gibbon; brick bobcat,pid_412,Male,45-59,White / Caucasian,500,yes
giant gibbon; brick bobcat,pid_425,Male,45-59,White / Caucasian,500,yes
giant gibbon; brick bobcat,pid_443,Male,30-44,Black / African-American,500,yes
giant gibbon; brick bobcat,pid_445,Male,45-59,White / Caucasian,500,yes
giant gibbon; brick bobcat,pid_447,Male,60+,Asian / Asian-American,500,yes
giant gibbon; brick bobcat,pid_450,Female,45-59,White / Caucasian,500,yes
giant gibbon; brick bobcat,pid_451,Female,60+,White / Caucasian,500,yes
giant gibbon; brick bobcat,pid_453,Male,18-29,Black / African-American,500,yes
giant gibbon; brick bobcat,pid_455,Female,45-59,Asian / Asian-American,500,yes
giant gibbon; brick bobcat,pid_456,Female,45-59,White / Caucasian,500,yes
giant gibbon; brick bobcat,pid_459,Female,60+,White / Caucasian,500,yes
giant gibbon; brick bobcat,pid_460,Male,45-59,White / Caucasian,500,yes
giant gibbon; brick bobcat,pid_461,Male,60+,White / Caucasian,500,yes
giant gibbon; brick bobcat,pid_462,Female,60+,White / Caucasian,500,yes
giant gibbon; brick bobcat,pid_463,Female,18-29,White / Caucasian,500,yes
giant gibbon; brick bobcat,pid_464,Female,18-29,Latino / Hispanic,500,yes
giant gibbon; brick bobcat,pid_467,Female,18-29,White / Caucasian,500,yes
giant gibbon; brick bobcat,pid_469,Female,45-59,Black / African-American,500,yes
giant gibbon; brick bobcat,pid_470,Male,18-29,Latino / Hispanic,500,yes
giant gibbon; brick bobcat,pid_474,Female,45-59,Black / African-American,500,yes
giant gibbon; brick bobcat,pid_475,Male,18-29,White / Caucasian,500,yes
giant gibbon; brick bobcat,pid_478,Male,60+,White / Caucasian,500,yes
giant gibbon; brick bobcat,pid_487,Female,18-29,Black / African-American,500,yes
giant gibbon; brick bobcat,pid_491,Male,30-44,White / Caucasian,500,yes
giant gibbon; brick bobcat,pid_492,Female,60+,White / Caucasian,500,yes
giant gibbon; brick bobcat,pid_502,Female,60+,White / Caucasian,500,yes
giant gibbon; brick bobcat,pid_507,Male,60+,Black / African-American,500,yes
giant gibbon; brick bobcat,pid_509,Female,45-59,White / Caucasian,500,yes
giant gibbon; brick bobcat,pid_511,Male,60+,White / Caucasian,500,yes
giant gibbon; brick bobcat,pid_512,Female,18-29,White / Caucasian,500,yes
giant gibbon; brick bobcat,pid_513,Male,60+,Asian / Asian-American,500,yes
giant gibbon; brick bobcat,pid_517,Female,18-29,Latino / Hispanic,500,yes
giant gibbon; brick bobcat,pid_520,Male,60+,White / Caucasian,500,yes
giant gibbon; brick bobcat,pid_521,Female,60+,Black / African-American,500,yes
giant gibbon; brick bobcat,pid_525,Male,30-44,Asian / Asian-American,500,yes
giant gibbon; brick bobcat,pid_528,Female,30-44,White / Caucasian,500,yes
giant gibbon; brick bobcat,pid_541,Male,30-44,Latino / Hispanic,500,yes
giant gibbon; brick bobcat,pid_542,Female,45-59,White / Caucasian,500,yes
giant gibbon; brick bobcat,pid_559,Female,30-44,White / Caucasian,500,yes
giant gibbon; brick bobcat,pid_563,Male,30-44,White / Caucasian,500,yes
giant gibbon; brick bobcat,pid_566,Female,18-29,Black / African-American,500,yes
giant gibbon; brick bobcat,pid_569,Male,60+,Latino / Hispanic,500,yes
giant gibbon; brick bobcat,pid_577,Female,18-29,Black / African-American,500,yes
giant gibbon; brick bobcat,pid_578,Female,60+,White / Caucasian,500,yes
giant gibbon; brick bobcat,pid_582,Male,30-44,Latino / Hispanic,500,yes
giant gibbon; brick bobcat,pid_585,Male,60+,Asian / Asian-American,500,yes
giant gibbon; brick bobcat,pid_586,Female,45-59,White / Caucasian,500,yes
giant gibbon; brick bobcat,pid_607,Male,30-44,Black / African-American,500,yes
giant gibbon; brick bobcat,pid_609,Female,60+,White / Caucasian,500,yes
giant gibbon; brick bobcat,pid_610,Male,60+,White / Caucasian,500,yes
giant gibbon; brick bobcat,pid_628,Male,18-29,Black / African-American,500,yes
giant gibbon; brick bobcat,pid_629,Male,18-29,White / Caucasian,500,yes
giant gibbon; brick bobcat,pid_636,Female,18-29,White / Caucasian,500,yes
giant gibbon; brick bobcat,pid_653,Male,18-29,Latino / Hispanic,500,yes
giant gibbon; brick bobcat,pid_654,Male,45-59,Black / African-American,500,yes
giant gibbon; brick bobcat,pid_667,Male,45-59,White / Caucasian,500,yes
giant gibbon; brick bobcat,pid_676,Female,45-59,Latino / Hispanic,500,yes
giant gibbon; brick bobcat,pid_679,Male,18-29,White / Caucasian,500,yes
giant gibbon; brick bobcat,pid_684,Female,18-29,White / Caucasian,500,yes
giant gibbon; brick bobcat,pid_687,Female,18-29,White / Caucasian,500,yes
giant gibbon; brick bobcat,pid_691,Female,60+,Black / African-American,500,yes
giant gibbon; brick bobcat,pid_695,Female,18-29,White / Caucasian,500,yes
giant gibbon; brick bobcat,pid_708,Female,60+,White / Caucasian,500,yes
giant gibbon; brick bobcat,pid_714,Female,45-59,Asian / Asian-American,500,yes
giant gibbon; brick bobcat,pid_715,Female,30-44,White / Caucasian,500,yes
giant gibbon; brick bobcat,pid_716,Male,18-29,Black / African-American,500,yes
giant gibbon; brick bobcat,pid_717,Female,60+,White / Caucasian,500,yes
giant gibbon; brick bobcat,pid_718,Female,60+,White / Caucasian,500,yes
giant gibbon; brick bobcat,pid_721,Male,45-59,Asian / Asian-American,500,yes
giant gibbon; brick bobcat,pid_732,Male,60+,White / Caucasian,500,yes
giant gibbon; brick bobcat,pid_736,Female,60+,White / Caucasian,500,yes
giant gibbon; brick bobcat,pid_738,Female,30-44,White / Caucasian,500,yes
giant gibbon; brick bobcat,pid_744,Male,60+,White / Caucasian,500,yes
giant gibbon; brick bobcat,pid_753,Male,30-44,Latino / Hispanic,500,yes
giant gibbon; brick bobcat,pid_757,Female,18-29,White / Caucasian,500,yes
giant gibbon; brick bobcat,pid_758,Female,60+,Black / African-American,500,yes
giant gibbon; brick bobcat,pid_761,Female,30-44,White / Caucasian,500,yes
giant gibbon; brick bobcat,pid_764,Male,18-29,White / Caucasian,500,yes
giant gibbon; brick bobcat,pid_767,Female,45-59,White / Caucasian,500,yes
giant gibbon; brick bobcat,pid_773,Female,30-44,Latino / Hispanic,500,yes
giant gibbon; brick bobcat,pid_774,Male,60+,White / Caucasian,500,yes
giant gibbon; brick bobcat,pid_788,Male,45-59,White / Caucasian,500,yes
giant gibbon; brick bobcat,pid_792,Female,45-59,White / Caucasian,500,yes
giant gibbon; brick bobcat,pid_797,Female,30-44,Latino / Hispanic,500,yes
giant gibbon; brick bobcat,pid_800,Female,60+,Latino / Hispanic,500,yes
giant gibbon; brick bobcat,pid_804,Female,30-44,White / Caucasian,500,yes
giant gibbon; brick bobcat,pid_805,Female,30-44,White / Caucasian,500,yes
giant gibbon; brick bobcat,pid_808,Male,30-44,Asian / Asian-American,500,yes
giant gibbon; brick bobcat,pid_814,Male,30-44,White / Caucasian,500,yes
giant gibbon; brick bobcat,pid_822,Male,45-59,Latino / Hispanic,500,yes
giant gibbon; brick bobcat,pid_824,Male,60+,White / Caucasian,500,yes
giant gibbon; brick bobcat,pid_839,Male,45-59,Black / African-American,500,yes
giant gibbon; brick bobcat,pid_845,Female,60+,White / Caucasian,500,yes
giant gibbon; brick bobcat,pid_846,Female,18-29,White / Caucasian,500,yes
giant gibbon; brick bobcat,pid_847,Male,60+,White / Caucasian,500,yes
giant gibbon; brick bobcat,pid_857,Female,60+,White / Caucasian,500,yes
giant gibbon; brick bobcat,pid_860,Female,60+,White / Caucasian,500,yes
giant gibbon; brick bobcat,pid_861,Male,60+,White / Caucasian,500,yes
giant gibbon; brick bobcat,pid_863,Male,60+,Latino / Hispanic,500,yes
giant gibbon; brick bobcat,pid_869,Female,45-59,White / Caucasian,500,yes
giant gibbon; brick bobcat,pid_871,Female,60+,Latino / Hispanic,500,yes
giant gibbon; brick bobcat,pid_872,Male,45-59,Black / African-American,500,yes
giant gibbon; brick bobcat,pid_881,Male,18-29,White / Caucasian,500,yes
giant gibbon; brick bobcat,pid_882,Male,30-44,Latino / Hispanic,500,yes
giant gibbon; brick bobcat,pid_883,Male,18-29,White / Caucasian,500,yes
giant gibbon; brick bobcat,pid_895,Female,30-44,Asian / Asian-American,500,yes
giant gibbon; brick bobcat,pid_897,Male,60+,White / Caucasian,500,yes
giant gibbon; brick bobcat,pid_900,Female,60+,White / Caucasian,500,yes
giant gibbon; brick bobcat,pid_903,Female,18-29,Latino / Hispanic,500,yes
giant gibbon; brick bobcat,pid_904,Male,18-29,White / Caucasian,500,yes
giant gibbon; brick bobcat,pid_910,Male,45-59,White / Caucasian,500,yes
giant gibbon; brick bobcat,pid_913,Female,18-29,White / Caucasian,500,yes
giant gibbon; brick bobcat,pid_914,Male,60+,Latino / Hispanic,500,yes
giant gibbon; brick bobcat,pid_916,Male,60+,White / Caucasian,500,yes
giant gibbon; brick bobcat,pid_917,Male,30-44,White / Caucasian,500,yes
giant gibbon; brick bobcat,pid_920,Male,60+,Black / African-American,500,yes
giant gibbon; brick bobcat,pid_921,Female,30-44,Latino / Hispanic,500,yes
giant gibbon; brick bobcat,pid_924,Male,30-44,White / Caucasian,500,yes
giant gibbon; brick bobcat,pid_926,Female,60+,White / Caucasian,500,yes
giant gibbon; brick bobcat,pid_933,Female,60+,Other,500,yes
giant gibbon; brick bobcat,pid_935,Male,30-44,White / Caucasian,500,yes
giant gibbon; brick bobcat,pid_939,Female,60+,Latino / Hispanic,500,yes
giant gibbon; brick bobcat,pid_940,Male,18-29,White / Caucasian,500,yes
giant gibbon; brick bobcat,pid_945,Female,30-44,White / Caucasian,500,yes
giant gibbon; brick bobcat,pid_946,Female,45-59,Asian / Asian-American,500,yes
giant gibbon; brick bobcat,pid_949,Male,60+,White / Caucasian,500,yes
giant gibbon; brick bobcat,pid_950,Male,30-44,Latino / Hispanic,500,yes
giant gibbon; brick bobcat,pid_951,Female,45-59,Latino / Hispanic,500,yes
giant gibbon; brick bobcat,pid_954,Female,18-29,Latino / Hispanic,500,yes
giant gibbon; brick bobcat,pid_955,Female,60+,White / Caucasian,500,yes
giant gibbon; brick bobcat,pid_957,Female,30-44,Latino / Hispanic,500,yes
giant gibbon; brick bobcat,pid_958,Female,60+,White / Caucasian,500,yes
giant gibbon; brick bobcat,pid_961,Female,30-44,Black / African-American,500,yes
giant gibbon; brick bobcat,pid_969,Female,45-59,White / Caucasian,500,yes
giant gibbon; brick bobcat,pid_970,Male,60+,Latino / Hispanic,500,yes
giant gibbon; brick bobcat,pid_976,Female,45-59,White / Caucasian,500,yes
giant gibbon; brick bobcat,pid_983,Male,45-59,White / Caucasian,500,yes
giant gibbon; brick bobcat,pid_1001,Male,18-29,Latino / Hispanic,500,yes
giant gibbon; brick bobcat,pid_1003,Female,60+,White / Caucasian,500,yes
giant gibbon; brick bobcat,pid_1007,Male,30-44,Black / African-American,500,yes
giant gibbon; brick bobcat,pid_1010,Female,60+,Latino / Hispanic,500,yes
giant gibbon; brick bobcat,pid_1011,Female,30-44,Other,500,yes
giant gibbon; brick bobcat,pid_1016,Female,18-29,White / Caucasian,500,yes
giant gibbon; brick bobcat,pid_1018,Female,18-29,Other,500,yes
giant gibbon; brick bobcat,pid_1019,Female,45-59,Latino / Hispanic,500,yes
giant gibbon; brick bobcat,pid_1030,Female,45-59,Other,500,yes
giant gibbon; brick bobcat,pid_1037,Female,18-29,White / Caucasian,500,yes
giant gibbon; brick bobcat,pid_1041,Male,45-59,White / Caucasian,500,yes
giant gibbon; brick bobcat,pid_1043,Female,30-44,White / Caucasian,500,yes
giant gibbon; brick bobcat,pid_1044,Female,45-59,White / Caucasian,500,yes
giant gibbon; brick bobcat,pid_1047,Female,60+,White / Caucasian,500,yes
giant gibbon; brick bobcat,pid_1048,Male,30-44,White / Caucasian,500,yes
giant gibbon; brick bobcat,pid_1051,Male,18-29,Latino / Hispanic,500,yes
giant gibbon; brick bobcat,pid_1054,Male,60+,White / Caucasian,500,yes
giant gibbon; brick bobcat,pid_1060,Male,30-44,Black / African-American,500,yes
giant gibbon; brick bobcat,pid_1063,Female,18-29,Asian / Asian-American,500,yes
giant gibbon; brick bobcat,pid_1064,Male,18-29,White / Caucasian,500,yes
giant gibbon; brick bobcat,pid_1072,Male,18-29,Latino / Hispanic,500,yes
giant gibbon; brick bobcat,pid_1082,Female,45-59,Black / African-American,500,yes
giant gibbon; brick bobcat,pid_1089,Female,60+,White / Caucasian,500,yes
giant gibbon; brick bobcat,pid_1094,Female,30-44,White / Caucasian,500,yes
giant gibbon; brick bobcat,pid_1097,Female,60+,Latino / Hispanic,500,yes
giant gibbon; brick bobcat,pid_1100,Male,30-44,White / Caucasian,500,yes
giant gibbon; brick bobcat,pid_1109,Male,45-59,White / Caucasian,500,yes
giant gibbon; brick bobcat,pid_1114,Male,45-59,Other,500,yes
giant gibbon; brick bobcat,pid_1115,Female,45-59,White / Caucasian,500,yes
giant gibbon; brick bobcat,pid_1116,Male,18-29,White / Caucasian,500,yes
giant gibbon; brick bobcat,pid_1124,Female,30-44,Black / African-American,500,yes
giant gibbon; brick bobcat,pid_1125,Male,30-44,Asian / Asian-American,500,yes
giant gibbon; brick bobcat,pid_1131,Male,45-59,White / Caucasian,500,yes
giant gibbon; brick bobcat,pid_1132,Female,45-59,Latino / Hispanic,500,yes
giant gibbon; brick bobcat,pid_1135,Male,45-59,White / Caucasian,500,yes
giant gibbon; brick bobcat,pid_1137,Male,60+,Asian / Asian-American,500,yes
giant gibbon; brick bobcat,pid_1138,Male,30-44,White / Caucasian,500,yes
giant gibbon; brick bobcat,pid_1144,Male,60+,White / Caucasian,500,yes
giant gibbon; brick bobcat,pid_1145,Female,30-44,Asian / Asian-American,500,yes
giant gibbon; brick bobcat,pid_1147,Male,30-44,White / Caucasian,500,yes
giant gibbon; brick bobcat,pid_1148,Female,30-44,Latino / Hispanic,500,yes
giant gibbon; brick bobcat,pid_1153,Female,30-44,White / Caucasian,500,yes
giant gibbon; brick bobcat,pid_1157,Female,45-59,White / Caucasian,500,yes
giant gibbon; brick bobcat,pid_1159,Female,60+,White / Caucasian,500,yes
giant gibbon; brick bobcat,pid_1168,Male,45-59,White / Caucasian,500,yes
giant gibbon; brick bobcat,pid_1174,Female,45-59,White / Caucasian,500,yes
giant gibbon; brick bobcat,pid_1176,Male,30-44,White / Caucasian,500,yes
giant gibbon; brick bobcat,pid_1178,Female,18-29,Latino / Hispanic,500,yes
giant gibbon; brick bobcat,pid_1182,Male,60+,White / Caucasian,500,yes
giant gibbon; brick bobcat,pid_1183,Female,60+,White / Caucasian,500,yes
giant gibbon; brick bobcat,pid_1187,Male,18-29,White / Caucasian,500,yes
giant gibbon; brick bobcat,pid_1188,Male,18-29,Asian / Asian-American,500,yes
giant gibbon; brick bobcat,pid_1189,Female,30-44,Asian / Asian-American,500,yes
giant gibbon; brick bobcat,pid_1193,Male,30-44,Latino / Hispanic,500,yes
giant gibbon; brick bobcat,pid_1194,Male,30-44,White / Caucasian,500,yes
giant gibbon; brick bobcat,pid_1197,Female,60+,White / Caucasian,500,yes
giant gibbon; brick bobcat,pid_1199,Male,60+,Black / African-American,500,yes
giant gibbon; brick bobcat,pid_1202,Male,60+,White / Caucasian,500,yes
giant gibbon; brick bobcat,pid_1203,Male,18-29,Asian / Asian-American,500,yes
giant gibbon; brick bobcat,pid_1212,Male,30-44,Latino / Hispanic,500,yes
giant gibbon; brick bobcat,pid_1217,Female,45-59,Latino / Hispanic,500,yes
giant gibbon; brick bobcat,pid_1219,Male,60+,White / Caucasian,500,yes
giant gibbon; brick bobcat,pid_1221,Male,18-29,Latino / Hispanic,500,yes
giant gibbon; brick bobcat,pid_1225,Male,60+,White / Caucasian,500,yes
giant gibbon; brick bobcat,pid_1227,Female,30-44,Latino / Hispanic,500,yes
giant gibbon; brick bobcat,pid_1238,Female,60+,White / Caucasian,500,yes
giant gibbon; brick bobcat,pid_1240,Male,18-29,White / Caucasian,500,yes
giant gibbon; brick bobcat,pid_1248,Male,45-59,White / Caucasian,500,yes
giant gibbon; brick bobcat,pid_1249,Female,45-59,White / Caucasian,500,yes
giant gibbon; brick bobcat,pid_1253,Female,45-59,Black / African-American,500,yes
giant gibbon; brick bobcat,pid_1256,Female,30-44,Latino / Hispanic,500,yes
giant gibbon; brick bobcat,pid_1262,Male,30-44,Latino / Hispanic,500,yes
giant gibbon; brick bobcat,pid_1273,Male,60+,White / Caucasian,500,yes
giant gibbon; brick bobcat,pid_1278,Male,30-44,White / Caucasian,500,yes
giant gibbon; brick bobcat,pid_1286,Male,30-44,White / Caucasian,500,yes
giant gibbon; brick bobcat,pid_1289,Male,30-44,White / Caucasian,500,yes
giant gibbon; brick bobcat,pid_1290,Female,30-44,White / Caucasian,500,yes
giant gibbon; brick bobcat,pid_1299,Female,30-44,White / Caucasian,500,yes
giant gibbon; brick bobcat,pid_1301,Female,45-59,Black / African-American,500,yes
giant gibbon; brick bobcat,pid_1302,Male,30-44,Black / African-American,500,yes
giant gibbon; brick bobcat,pid_1311,Female,30-44,Latino / Hispanic,500,yes
giant gibbon; brick bobcat,pid_1316,Female,60+,White / Caucasian,500,yes
giant gibbon; brick bobcat,pid_1317,Female,30-44,Black / African-American,500,yes
giant gibbon; brick bobcat,pid_1323,Male,60+,White / Caucasian,500,yes
giant gibbon; brick bobcat,pid_1339,Female,60+,White / Caucasian,500,yes
giant gibbon; brick bobcat,pid_1343,Male,45-59,White / Caucasian,500,yes
giant gibbon; brick bobcat,pid_1345,Male,18-29,Asian / Asian-American,500,yes
giant gibbon; brick bobcat,pid_1350,Male,30-44,Asian / Asian-American,500,yes
giant gibbon; brick bobcat,pid_1353,Female,45-59,White / Caucasian,500,yes
giant gibbon; brick bobcat,pid_1362,Male,18-29,White / Caucasian,500,yes
giant gibbon; brick bobcat,pid_1367,Female,18-29,White / Caucasian,500,yes
giant gibbon; brick bobcat,pid_1368,Male,30-44,White / Caucasian,500,yes
giant gibbon; brick bobcat,pid_1369,Male,60+,White / Caucasian,500,yes
giant gibbon; brick bobcat,pid_1379,Female,30-44,White / Caucasian,500,yes
giant gibbon; brick bobcat,pid_1380,Female,30-44,White / Caucasian,500,yes
giant gibbon; brick bobcat,pid_1382,Female,18-29,White / Caucasian,500,yes
giant gibbon; brick bobcat,pid_1386,Male,30-44,Latino / Hispanic,500,yes
giant gibbon; brick bobcat,pid_1387,Female,18-29,White / Caucasian,500,yes
giant gibbon; brick bobcat,pid_1400,Female,18-29,White / Caucasian,500,yes
giant gibbon; brick bobcat,pid_1403,Female,30-44,Black / African-American,500,yes
giant gibbon; brick bobcat,pid_1411,Female,60+,White / Caucasian,500,yes
giant gibbon; brick bobcat,pid_1412,Female,30-44,White / Caucasian,500,yes
giant gibbon; brick bobcat,pid_1413,Male,30-44,White / Caucasian,500,yes
giant gibbon; brick bobcat,pid_1416,Male,45-59,White / Caucasian,500,yes
giant gibbon; brick bobcat,pid_1418,Female,45-59,White / Caucasian,500,yes
giant gibbon; brick bobcat,pid_1420,Female,45-59,White / Caucasian,500,yes
giant gibbon; brick bobcat,pid_1423,Male,60+,White / Caucasian,500,yes
giant gibbon; brick bobcat,pid_1427,Female,60+,White / Caucasian,500,yes
giant gibbon; brick bobcat,pid_1435,Female,30-44,Black / African-American,500,yes
giant gibbon; brick bobcat,pid_1439,Male,30-44,Latino / Hispanic,500,yes
giant gibbon; brick bobcat,pid_1445,Female,18-29,White / Caucasian,500,yes
giant gibbon; brick bobcat,pid_1446,Female,30-44,White / Caucasian,500,yes
giant gibbon; brick bobcat,pid_1448,Male,18-29,White / Caucasian,500,yes
giant gibbon; brick bobcat,pid_1449,Female,18-29,Latino / Hispanic,500,yes
giant gibbon; brick bobcat,pid_1451,Male,60+,Latino / Hispanic,500,yes
giant gibbon; brick bobcat,pid_1452,Male,45-59,White / Caucasian,500,yes
giant gibbon; brick bobcat,pid_1455,Female,18-29,Black / African-American,500,yes
giant gibbon; brick bobcat,pid_1457,Female,60+,White / Caucasian,500,yes
giant gibbon; brick bobcat,pid_1458,Male,60+,White / Caucasian,500,yes
giant gibbon; brick bobcat,pid_1460,Male,18-29,White / Caucasian,500,yes
giant gibbon; brick bobcat,pid_1463,Male,30-44,Black / African-American,500,yes
giant gibbon; brick bobcat,pid_1465,Male,18-29,White / Caucasian,500,yes
giant gibbon; brick bobcat,pid_1471,Male,30-44,White / Caucasian,500,yes
giant gibbon; brick bobcat,pid_1473,Female,30-44,Black / African-American,500,yes
giant gibbon; brick bobcat,pid_1474,Female,45-59,White / Caucasian,500,yes
giant gibbon; brick bobcat,pid_1477,Male,18-29,Latino / Hispanic,500,yes
giant gibbon; brick bobcat,pid_1487,Female,18-29,White / Caucasian,500,yes
giant gibbon; brick bobcat,pid_1499,Male,60+,Black / African-American,500,yes
giant gibbon; brick bobcat,pid_1502,Male,30-44,Latino / Hispanic,500,yes
giant gibbon; brick bobcat,pid_1503,Male,45-59,White / Caucasian,500,yes
giant gibbon; brick bobcat,pid_1512,Female,60+,White / Caucasian,500,yes
giant gibbon; brick bobcat,pid_1516,Male,60+,White / Caucasian,500,yes
giant gibbon; brick bobcat,pid_1522,Male,30-44,Latino / Hispanic,500,yes
giant gibbon; brick bobcat,pid_1526,Male,18-29,Latino / Hispanic,500,yes
giant gibbon; brick bobcat,pid_1531,Female,60+,White / Caucasian,500,yes
giant gibbon; brick bobcat,pid_1534,Male,45-59,Black / African-American,500,yes
giant gibbon; brick bobcat,pid_1539,Female,18-29,White / Caucasian,500,yes
giant gibbon; brick bobcat,pid_1544,Female,30-44,Latino / Hispanic,500,yes
giant gibbon; brick bobcat,pid_1546,Female,30-44,Latino / Hispanic,500,yes
giant gibbon; brick bobcat,pid_1548,Female,18-29,Black / African-American,500,yes
giant gibbon; brick bobcat,pid_1554,Male,60+,Latino / Hispanic,500,yes
giant gibbon; brick bobcat,pid_1563,Female,45-59,Latino / Hispanic,500,yes
giant gibbon; brick bobcat,pid_1566,Male,18-29,Latino / Hispanic,500,yes
giant gibbon; brick bobcat,pid_1571,Male,30-44,White / Caucasian,500,yes
giant gibbon; brick bobcat,pid_1581,Female,30-44,Black / African-American,500,yes
giant gibbon; brick bobcat,pid_1583,Male,18-29,Other,500,yes
giant gibbon; brick bobcat,pid_1584,Female,30-44,Asian / Asian-American,500,yes
giant gibbon; brick bobcat,pid_1586,Male,30-44,White / Caucasian,500,yes
giant gibbon; brick bobcat,pid_1588,Male,45-59,Asian / Asian-American,500,yes
giant gibbon; brick bobcat,pid_1590,Male,30-44,Latino / Hispanic,500,yes
giant gibbon; brick bobcat,pid_1596,Female,18-29,Latino / Hispanic,500,yes
giant gibbon; brick bobcat,pid_1598,Male,18-29,White / Caucasian,500,yes
giant gibbon; brick bobcat,pid_1604,Female,60+,Latino / Hispanic,500,yes
giant gibbon; brick bobcat,pid_1605,Female,30-44,White / Caucasian,500,yes
giant gibbon; brick bobcat,pid_1625,Male,30-44,Latino / Hispanic,500,yes
giant gibbon; brick bobcat,pid_1643,Female,45-59,White / Caucasian,500,yes
giant gibbon; brick bobcat,pid_1645,Male,45-59,Asian / Asian-American,500,yes
giant gibbon; brick bobcat,pid_1649,Female,30-44,White / Caucasian,500,yes
giant gibbon; brick bobcat,pid_1653,Male,18-29,White / Caucasian,500,yes
giant gibbon; brick bobcat,pid_1656,Male,60+,White / Caucasian,500,yes
giant gibbon; brick bobcat,pid_1657,Male,30-44,White / Caucasian,500,yes
giant gibbon; brick bobcat,pid_1660,Female,18-29,Asian / Asian-American,500,yes
giant gibbon; brick bobcat,pid_1663,Female,30-44,White / Caucasian,500,yes
giant gibbon; brick bobcat,pid_1667,Female,18-29,White / Caucasian,500,yes
giant gibbon; brick bobcat,pid_1670,Female,18-29,Latino / Hispanic,500,yes
giant gibbon; brick bobcat,pid_1676,Female,18-29,Asian / Asian-American,500,yes
giant gibbon; brick bobcat,pid_1680,Male,60+,White / Caucasian,500,yes
giant gibbon; brick bobcat,pid_1681,Female,45-59,Latino / Hispanic,500,yes
giant gibbon; brick bobcat,pid_1684,Male,60+,White / Caucasian,500,yes
giant gibbon; brick bobcat,pid_1687,Female,30-44,Latino / Hispanic,500,yes
giant gibbon; brick bobcat,pid_1689,Female,60+,White / Caucasian,500,yes
giant gibbon; brick bobcat,pid_1697,Male,45-59,Black / African-American,500,yes
giant gibbon; brick bobcat,pid_1704,Male,30-44,White / Caucasian,500,yes
giant gibbon; brick bobcat,pid_1712,Female,30-44,White / Caucasian,500,yes
giant gibbon; brick bobcat,pid_1717,Male,60+,White / Caucasian,500,yes
giant gibbon; brick bobcat,pid_1721,Female,45-59,White / Caucasian,500,yes
giant gibbon; brick bobcat,pid_1726,Female,45-59,Latino / Hispanic,500,yes
giant gibbon; brick bobcat,pid_1728,Female,30-44,White / Caucasian,500,yes
giant gibbon; brick bobcat,pid_1740,Female,45-59,White / Caucasian,500,yes
giant gibbon; brick bobcat,pid_1741,Male,18-29,Other,500,yes
giant gibbon; brick bobcat,pid_1743,Male,30-44,White / Caucasian,500,yes
giant gibbon; brick bobcat,pid_1751,Female,45-59,White / Caucasian,500,yes
giant gibbon; brick bobcat,pid_1757,Female,60+,White / Caucasian,500,yes
giant gibbon; brick bobcat,pid_1763,Female,45-59,Latino / Hispanic,500,yes
giant gibbon; brick bobcat,pid_1772,Female,60+,Asian / Asian-American,500,yes
giant gibbon; brick bobcat,pid_1773,Male,18-29,Latino / Hispanic,500,yes
giant gibbon; brick bobcat,pid_1775,Male,45-59,White / Caucasian,500,yes
giant gibbon; brick bobcat,pid_1779,Male,30-44,Other,500,yes
giant gibbon; brick bobcat,pid_1780,Male,30-44,Latino / Hispanic,500,yes
giant gibbon; brick bobcat,pid_1782,Male,30-44,White / Caucasian,500,yes
giant gibbon; brick bobcat,pid_1790,Female,30-44,Black / African-American,500,yes
giant gibbon; brick bobcat,pid_1791,Female,60+,Asian / Asian-American,500,yes
giant gibbon; brick bobcat,pid_1793,Female,60+,Asian / Asian-American,500,yes
giant gibbon; brick bobcat,pid_1803,Female,60+,White / Caucasian,500,yes
giant gibbon; brick bobcat,pid_1805,Male,30-44,Black / African-American,500,yes
giant gibbon; brick bobcat,pid_1806,Female,60+,White / Caucasian,500,yes
giant gibbon; brick bobcat,pid_1809,Male,18-29,White / Caucasian,500,yes
giant gibbon; brick bobcat,pid_1811,Female,45-59,White / Caucasian,500,yes
giant gibbon; brick bobcat,pid_1814,Female,18-29,White / Caucasian,500,yes
giant gibbon; brick bobcat,pid_1815,Female,60+,Black / African-American,500,yes
giant gibbon; brick bobcat,pid_1819,Male,30-44,White / Caucasian,500,yes
giant gibbon; brick bobcat,pid_1820,Female,30-44,White / Caucasian,500,yes
giant gibbon; brick bobcat,pid_1822,Female,60+,White / Caucasian,500,yes
giant gibbon; brick bobcat,pid_1824,Male,18-29,Latino / Hispanic,500,yes
giant gibbon; brick bobcat,pid_1829,Female,18-29,White / Caucasian,500,yes
giant gibbon; brick bobcat,pid_1833,Female,18-29,Latino / Hispanic,500,yes
giant gibbon; brick bobcat,pid_1837,Male,18-29,Latino / Hispanic,500,yes
giant gibbon; brick bobcat,pid_1840,Female,30-44,Latino / Hispanic,500,yes
giant gibbon; brick bobcat,pid_1843,Male,30-44,White / Caucasian,500,yes
giant gibbon; brick bobcat,pid_1846,Female,60+,White / Caucasian,500,yes
giant gibbon; brick bobcat,pid_1847,Male,45-59,Asian / Asian-American,500,yes
giant gibbon; brick bobcat,pid_1853,Male,18-29,Latino / Hispanic,500,yes
giant gibbon; brick bobcat,pid_1857,Male,45-59,White / Caucasian,500,yes
giant gibbon; brick bobcat,pid_1866,Female,45-59,White / Caucasian,500,yes
giant gibbon; brick bobcat,pid_1870,Female,45-59,White / Caucasian,500,yes
giant gibbon; brick bobcat,pid_1872,Male,45-59,White / Caucasian,500,yes
giant gibbon; brick bobcat,pid_1877,Female,30-44,White / Caucasian,500,yes
giant gibbon; brick bobcat,pid_1878,Male,45-59,White / Caucasian,500,yes
giant gibbon; brick bobcat,pid_1884,Male,60+,White / Caucasian,500,yes
giant gibbon; brick bobcat,pid_1886,Male,18-29,White / Caucasian,500,yes
giant gibbon; brick bobcat,pid_1889,Male,30-44,White / Caucasian,500,yes
giant gibbon; brick bobcat,pid_1890,Male,30-44,White / Caucasian,500,yes
giant gibbon; brick bobcat,pid_1893,Female,18-29,Latino / Hispanic,500,yes
giant gibbon; brick bobcat,pid_1901,Female,30-44,White / Caucasian,500,yes
giant gibbon; brick bobcat,pid_1904,Male,30-44,White / Caucasian,500,yes
giant gibbon; brick bobcat,pid_1908,Female,45-59,White / Caucasian,500,yes
giant gibbon; brick bobcat,pid_1909,Female,60+,Latino / Hispanic,500,yes
giant gibbon; brick bobcat,pid_1912,Male,30-44,Asian / Asian-American,500,yes
giant gibbon; brick bobcat,pid_1913,Female,30-44,Other,500,yes
giant gibbon; brick bobcat,pid_1917,Female,18-29,White / Caucasian,500,yes
giant gibbon; brick bobcat,pid_1919,Male,45-59,White / Caucasian,500,yes
giant gibbon; brick bobcat,pid_1929,Female,60+,White / Caucasian,500,yes
giant gibbon; brick bobcat,pid_1931,Male,60+,White / Caucasian,500,yes
giant gibbon; brick bobcat,pid_1933,Female,18-29,White / Caucasian,500,yes
giant gibbon; brick bobcat,pid_1937,Female,18-29,Other,500,yes
giant gibbon; brick bobcat,pid_1945,Female,30-44,White / Caucasian,500,yes
giant gibbon; brick bobcat,pid_1952,Male,45-59,White / Caucasian,500,yes
giant gibbon; brick bobcat,pid_1953,Male,45-59,White / Caucasian,500,yes
giant gibbon; brick bobcat,pid_1961,Female,60+,Other,500,yes
giant gibbon; brick bobcat,pid_1963,Male,30-44,White / Caucasian,500,yes
giant gibbon; brick bobcat,pid_1966,Female,18-29,Latino / Hispanic,500,yes
giant gibbon; brick bobcat,pid_1972,Male,18-29,Black / African-American,500,yes
giant gibbon; brick bobcat,pid_1973,Female,18-29,Latino / Hispanic,500,yes
giant gibbon; brick bobcat,pid_1978,Male,30-44,White / Caucasian,500,yes
giant gibbon; brick bobcat,pid_1981,Female,18-29,White / Caucasian,500,yes
giant gibbon; brick bobcat,pid_1982,Male,45-59,White / Caucasian,500,yes
giant gibbon; brick bobcat,pid_1985,Male,18-29,Black / African-American,500,yes
giant gibbon; brick bobcat,pid_1988,Female,30-44,White / Caucasian,500,yes
giant gibbon; brick bobcat,pid_1989,Female,30-44,White / Caucasian,500,yes
giant gibbon; brick bobcat,pid_1997,Female,30-44,White / Caucasian,500,yes
giant gibbon; brick bobcat,pid_1998,Female,60+,White / Caucasian,500,yes
giant gibbon; brick bobcat,pid_1999,Female,30-44,White / Caucasian,500,yes
giant gibbon; brick bobcat,pid_2000,Male,60+,White / Caucasian,500,yes
giant gibbon; brick bobcat,pid_2003,Male,18-29,White / Caucasian,500,yes
giant gibbon; brick bobcat,pid_2005,Male,45-59,White / Caucasian,500,yes
giant gibbon; brick bobcat,pid_2006,Male,45-59,White / Caucasian,500,yes
giant gibbon; brick bobcat,pid_2008,Female,45-59,Asian / Asian-American,500,yes
giant gibbon; brick bobcat,pid_2010,Female,45-59,White / Caucasian,500,yes
giant gibbon; brick bobcat,pid_2021,Female,45-59,White / Caucasian,500,yes
giant gibbon; brick bobcat,pid_2022,Female,60+,Black / African-American,500,yes
giant gibbon; brick bobcat,pid_2025,Male,60+,White / Caucasian,500,yes
giant gibbon; brick bobcat,pid_2026,Male,45-59,White / Caucasian,500,yes
giant gibbon; brick bobcat,pid_2030,Female,60+,White / Caucasian,500,yes
giant gibbon; brick bobcat,pid_2034,Male,45-59,White / Caucasian,500,yes
giant gibbon; brick bobcat,pid_2041,Male,60+,White / Caucasian,500,yes
giant gibbon; brick bobcat,pid_2046,Male,18-29,Latino / Hispanic,500,yes
giant gibbon; brick bobcat,pid_2049,Female,18-29,Black / African-American,500,yes
giant gibbon; brick bobcat,pid_2052,Male,18-29,White / Caucasian,500,yes
giant gibbon; brick bobcat,pid_2054,Female,30-44,Black / African-American,500,yes
heartfelt hummingbird,pid_14,Female,45-59,White / Caucasian,500,yes
heartfelt hummingbird,pid_15,Male,60+,White / Caucasian,500,yes
heartfelt hummingbird,pid_23,Male,45-59,White / Caucasian,500,yes
heartfelt hummingbird,pid_29,Female,60+,White / Caucasian,500,yes
heartfelt hummingbird,pid_32,Male,30-44,Latino / Hispanic,500,yes
heartfelt hummingbird,pid_35,Female,30-44,White / Caucasian,500,yes
heartfelt hummingbird,pid_43,Male,18-29,Black / African-American,500,yes
heartfelt hummingbird,pid_57,Male,45-59,Black / African-American,500,yes
heartfelt hummingbird,pid_59,Male,45-59,White / Caucasian,500,yes
heartfelt hummingbird,pid_62,Male,45-59,White / Caucasian,500,yes
heartfelt hummingbird,pid_65,Female,45-59,Latino / Hispanic,500,yes
heartfelt hummingbird,pid_71,Male,60+,Latino / Hispanic,500,yes
heartfelt hummingbird,pid_72,Male,45-59,White / Caucasian,500,yes
heartfelt hummingbird,pid_75,Female,45-59,White / Caucasian,500,yes
heartfelt hummingbird,pid_76,Female,60+,White / Caucasian,500,yes
heartfelt hummingbird,pid_81,Male,60+,White / Caucasian,500,yes
heartfelt hummingbird,pid_83,Female,60+,White / Caucasian,500,yes
heartfelt hummingbird,pid_84,Female,60+,White / Caucasian,500,yes
heartfelt hummingbird,pid_91,Female,60+,White / Caucasian,500,yes
heartfelt hummingbird,pid_95,Female,60+,White / Caucasian,500,yes
heartfelt hummingbird,pid_99,Male,30-44,Other,500,yes
heartfelt hummingbird,pid_102,Male,45-59,Black / African-American,500,yes
heartfelt hummingbird,pid_104,Male,30-44,White / Caucasian,500,yes
heartfelt hummingbird,pid_107,Male,45-59,White / Caucasian,500,yes
heartfelt hummingbird,pid_115,Female,60+,Asian / Asian-American,500,yes
heartfelt hummingbird,pid_118,Male,60+,White / Caucasian,500,yes
heartfelt hummingbird,pid_122,Female,60+,White / Caucasian,500,yes
heartfelt hummingbird,pid_123,Male,60+,White / Caucasian,500,yes
heartfelt hummingbird,pid_129,Female,30-44,Asian / Asian-American,500,yes
heartfelt hummingbird,pid_133,Female,60+,Latino / Hispanic,500,yes
heartfelt hummingbird,pid_160,Male,60+,White / Caucasian,500,yes
heartfelt hummingbird,pid_163,Male,45-59,White / Caucasian,500,yes
heartfelt hummingbird,pid_165,Male,45-59,Latino / Hispanic,500,yes
heartfelt hummingbird,pid_167,Female,60+,White / Caucasian,500,yes
heartfelt hummingbird,pid_173,Female,30-44,White / Caucasian,500,yes
heartfelt hummingbird,pid_174,Female,60+,White / Caucasian,500,yes
heartfelt hummingbird,pid_180,Female,60+,Black / African-American,500,yes
heartfelt hummingbird,pid_182,Female,60+,White / Caucasian,500,yes
heartfelt hummingbird,pid_186,Female,18-29,Black / African-American,500,yes
heartfelt hummingbird,pid_189,Female,45-59,White / Caucasian,500,yes
heartfelt hummingbird,pid_198,Female,30-44,White / Caucasian,500,yes
heartfelt hummingbird,pid_204,Female,60+,White / Caucasian,500,yes
heartfelt hummingbird,pid_207,Female,45-59,Black / African-American,500,yes
heartfelt hummingbird,pid_217,Male,60+,White / Caucasian,500,yes
heartfelt hummingbird,pid_223,Male,60+,Black / African-American,500,yes
heartfelt hummingbird,pid_245,Female,30-44,White / Caucasian,500,yes
heartfelt hummingbird,pid_248,Male,45-59,White / Caucasian,500,yes
heartfelt hummingbird,pid_253,Female,60+,White / Caucasian,500,yes
heartfelt hummingbird,pid_258,Male,60+,White / Caucasian,500,yes
heartfelt hummingbird,pid_262,Male,60+,White / Caucasian,500,yes
heartfelt hummingbird,pid_263,Female,45-59,White / Caucasian,500,yes
heartfelt hummingbird,pid_265,Female,60+,Black / African-American,500,yes
heartfelt hummingbird,pid_268,Male,60+,White / Caucasian,500,yes
heartfelt hummingbird,pid_273,Male,60+,Latino / Hispanic,500,yes
heartfelt hummingbird,pid_276,Male,60+,White / Caucasian,500,yes
heartfelt hummingbird,pid_278,Male,60+,White / Caucasian,500,yes
heartfelt hummingbird,pid_282,Male,18-29,White / Caucasian,500,yes
heartfelt hummingbird,pid_283,Female,60+,White / Caucasian,500,yes
heartfelt hummingbird,pid_285,Male,45-59,White / Caucasian,500,yes
heartfelt hummingbird,pid_289,Male,30-44,White / Caucasian,500,yes
heartfelt hummingbird,pid_290,Male,30-44,Latino / Hispanic,500,yes
heartfelt hummingbird,pid_294,Male,60+,Black / African-American,500,yes
heartfelt hummingbird,pid_296,Female,30-44,Latino / Hispanic,500,yes
heartfelt hummingbird,pid_303,Female,60+,Black / African-American,500,yes
heartfelt hummingbird,pid_305,Male,18-29,Latino / Hispanic,500,yes
heartfelt hummingbird,pid_315,Male,18-29,White / Caucasian,500,yes
heartfelt hummingbird,pid_318,Female,45-59,White / Caucasian,500,yes
heartfelt hummingbird,pid_329,Male,60+,White / Caucasian,500,yes
heartfelt hummingbird,pid_333,Female,60+,White / Caucasian,500,yes
heartfelt hummingbird,pid_336,Female,30-44,Latino / Hispanic,500,yes
heartfelt hummingbird,pid_337,Male,60+,White / Caucasian,500,yes
heartfelt hummingbird,pid_339,Male,45-59,Black / African-American,500,yes
heartfelt hummingbird,pid_345,Male,45-59,White / Caucasian,500,yes
heartfelt hummingbird,pid_348,Female,45-59,Black / African-American,500,yes
heartfelt hummingbird,pid_350,Male,45-59,Latino / Hispanic,500,yes
heartfelt hummingbird,pid_353,Male,45-59,Latino / Hispanic,500,yes
heartfelt hummingbird,pid_363,Male,30-44,White / Caucasian,500,yes
heartfelt hummingbird,pid_366,Female,60+,White / Caucasian,500,yes
heartfelt hummingbird,pid_368,Female,60+,White / Caucasian,500,yes
heartfelt hummingbird,pid_369,Female,45-59,White / Caucasian,500,yes
heartfelt hummingbird,pid_371,Female,45-59,White / Caucasian,500,yes
heartfelt hummingbird,pid_373,Female,60+,White / Caucasian,500,yes
heartfelt hummingbird,pid_376,Male,60+,Black / African-American,500,yes
heartfelt hummingbird,pid_378,Female,30-44,Asian / Asian-American,500,yes
heartfelt hummingbird,pid_379,Male,60+,Other,500,yes
heartfelt hummingbird,pid_384,Female,60+,Black / African-American,500,yes
heartfelt hummingbird,pid_391,Male,60+,White / Caucasian,500,yes
heartfelt hummingbird,pid_393,Male,60+,Latino / Hispanic,500,yes
heartfelt hummingbird,pid_398,Female,60+,Latino / Hispanic,500,yes
heartfelt hummingbird,pid_402,Female,60+,Asian / Asian-American,500,yes
heartfelt hummingbird,pid_403,Male,30-44,Black / African-American,500,yes
heartfelt hummingbird,pid_406,Male,18-29,White / Caucasian,500,yes
heartfelt hummingbird,pid_407,Male,60+,Latino / Hispanic,500,yes
heartfelt hummingbird,pid_411,Male,45-59,White / Caucasian,500,yes
heartfelt hummingbird,pid_412,Male,45-59,White / Caucasian,500,yes
heartfelt hummingbird,pid_425,Male,45-59,White / Caucasian,500,yes
heartfelt hummingbird,pid_443,Male,30-44,Black / African-American,500,yes
heartfelt hummingbird,pid_445,Male,45-59,White / Caucasian,500,yes
heartfelt hummingbird,pid_447,Male,60+,Asian / Asian-American,500,yes
heartfelt hummingbird,pid_450,Female,45-59,White / Caucasian,500,yes
heartfelt hummingbird,pid_451,Female,60+,White / Caucasian,500,yes
heartfelt hummingbird,pid_453,Male,18-29,Black / African-American,500,yes
heartfelt hummingbird,pid_455,Female,45-59,Asian / Asian-American,500,yes
heartfelt hummingbird,pid_456,Female,45-59,White / Caucasian,500,yes
heartfelt hummingbird,pid_459,Female,60+,White / Caucasian,500,yes
heartfelt hummingbird,pid_460,Male,45-59,White / Caucasian,500,yes
heartfelt hummingbird,pid_461,Male,60+,White / Caucasian,500,yes
heartfelt hummingbird,pid_462,Female,60+,White / Caucasian,500,yes
heartfelt hummingbird,pid_463,Female,18-29,White / Caucasian,500,yes
heartfelt hummingbird,pid_464,Female,18-29,Latino / Hispanic,500,yes
heartfelt hummingbird,pid_467,Female,18-29,White / Caucasian,500,yes
heartfelt hummingbird,pid_469,Female,45-59,Black / African-American,500,yes
heartfelt hummingbird,pid_470,Male,18-29,Latino / Hispanic,500,yes
heartfelt hummingbird,pid_474,Female,45-59,Black / African-American,500,yes
heartfelt hummingbird,pid_475,Male,18-29,White / Caucasian,500,yes
heartfelt hummingbird,pid_478,Male,60+,White / Caucasian,500,yes
heartfelt hummingbird,pid_487,Female,18-29,Black / African-American,500,yes
heartfelt hummingbird,pid_491,Male,30-44,White / Caucasian,500,yes
heartfelt hummingbird,pid_492,Female,60+,White / Caucasian,500,yes
heartfelt hummingbird,pid_502,Female,60+,White / Caucasian,500,yes
heartfelt hummingbird,pid_507,Male,60+,Black / African-American,500,yes
heartfelt hummingbird,pid_509,Female,45-59,White / Caucasian,500,yes
heartfelt hummingbird,pid_511,Male,60+,White / Caucasian,500,yes
heartfelt hummingbird,pid_512,Female,18-29,White / Caucasian,500,yes
heartfelt hummingbird,pid_513,Male,60+,Asian / Asian-American,500,yes
heartfelt hummingbird,pid_517,Female,18-29,Latino / Hispanic,500,yes
heartfelt hummingbird,pid_520,Male,60+,White / Caucasian,500,yes
heartfelt hummingbird,pid_521,Female,60+,Black / African-American,500,yes
heartfelt hummingbird,pid_525,Male,30-44,Asian / Asian-American,500,yes
heartfelt hummingbird,pid_528,Female,30-44,White / Caucasian,500,yes
heartfelt hummingbird,pid_541,Male,30-44,Latino / Hispanic,500,yes
heartfelt hummingbird,pid_542,Female,45-59,White / Caucasian,500,yes
heartfelt hummingbird,pid_559,Female,30-44,White / Caucasian,500,yes
heartfelt hummingbird,pid_563,Male,30-44,White / Caucasian,500,yes
heartfelt hummingbird,pid_566,Female,18-29,Black / African-American,500,yes
heartfelt hummingbird,pid_569,Male,60+,Latino / Hispanic,500,yes
heartfelt hummingbird,pid_577,Female,18-29,Black / African-American,500,yes
heartfelt hummingbird,pid_578,Female,60+,White / Caucasian,500,yes
heartfelt hummingbird,pid_582,Male,30-44,Latino / Hispanic,500,yes
heartfelt hummingbird,pid_585,Male,60+,Asian / Asian-American,500,yes
heartfelt hummingbird,pid_586,Female,45-59,White / Caucasian,500,yes
heartfelt hummingbird,pid_607,Male,30-44,Black / African-American,500,yes
heartfelt hummingbird,pid_609,Female,60+,White / Caucasian,500,yes
heartfelt hummingbird,pid_610,Male,60+,White / Caucasian,500,yes
heartfelt hummingbird,pid_628,Male,18-29,Black / African-American,500,yes
heartfelt hummingbird,pid_629,Male,18-29,White / Caucasian,500,yes
heartfelt hummingbird,pid_636,Female,18-29,White / Caucasian,500,yes
heartfelt hummingbird,pid_653,Male,18-29,Latino / Hispanic,500,yes
heartfelt hummingbird,pid_654,Male,45-59,Black / African-American,500,yes
heartfelt hummingbird,pid_667,Male,45-59,White / Caucasian,500,yes
heartfelt hummingbird,pid_676,Female,45-59,Latino / Hispanic,500,yes
heartfelt hummingbird,pid_679,Male,18-29,White / Caucasian,500,yes
heartfelt hummingbird,pid_684,Female,18-29,White / Caucasian,500,yes
heartfelt hummingbird,pid_687,Female,18-29,White / Caucasian,500,yes
heartfelt hummingbird,pid_691,Female,60+,Black / African-American,500,yes
heartfelt hummingbird,pid_695,Female,18-29,White / Caucasian,500,yes
heartfelt hummingbird,pid_708,Female,60+,White / Caucasian,500,yes
heartfelt hummingbird,pid_714,Female,45-59,Asian / Asian-American,500,yes
heartfelt hummingbird,pid_715,Female,30-44,White / Caucasian,500,yes
heartfelt hummingbird,pid_716,Male,18-29,Black / African-American,500,yes
heartfelt hummingbird,pid_717,Female,60+,White / Caucasian,500,yes
heartfelt hummingbird,pid_718,Female,60+,White / Caucasian,500,yes
heartfelt hummingbird,pid_721,Male,45-59,Asian / Asian-American,500,yes
heartfelt hummingbird,pid_732,Male,60+,White / Caucasian,500,yes
heartfelt hummingbird,pid_736,Female,60+,White / Caucasian,500,yes
heartfelt hummingbird,pid_738,Female,30-44,White / Caucasian,500,yes
heartfelt hummingbird,pid_744,Male,60+,White / Caucasian,500,yes
heartfelt hummingbird,pid_753,Male,30-44,Latino / Hispanic,500,yes
heartfelt hummingbird,pid_757,Female,18-29,White / Caucasian,500,yes
heartfelt hummingbird,pid_758,Female,60+,Black / African-American,500,yes
heartfelt hummingbird,pid_761,Female,30-44,White / Caucasian,500,yes
heartfelt hummingbird,pid_764,Male,18-29,White / Caucasian,500,yes
heartfelt hummingbird,pid_767,Female,45-59,White / Caucasian,500,yes
heartfelt hummingbird,pid_773,Female,30-44,Latino / Hispanic,500,yes
heartfelt hummingbird,pid_774,Male,60+,White / Caucasian,500,yes
heartfelt hummingbird,pid_788,Male,45-59,White / Caucasian,500,yes
heartfelt hummingbird,pid_792,Female,45-59,White / Caucasian,500,yes
heartfelt hummingbird,pid_797,Female,30-44,Latino / Hispanic,500,yes
heartfelt hummingbird,pid_800,Female,60+,Latino / Hispanic,500,yes
heartfelt hummingbird,pid_804,Female,30-44,White / Caucasian,500,yes
heartfelt hummingbird,pid_805,Female,30-44,White / Caucasian,500,yes
heartfelt hummingbird,pid_808,Male,30-44,Asian / Asian-American,500,yes
heartfelt hummingbird,pid_814,Male,30-44,White / Caucasian,500,yes
heartfelt hummingbird,pid_822,Male,45-59,Latino / Hispanic,500,yes
heartfelt hummingbird,pid_824,Male,60+,White / Caucasian,500,yes
heartfelt hummingbird,pid_839,Male,45-59,Black / African-American,500,yes
heartfelt hummingbird,pid_845,Female,60+,White / Caucasian,500,yes
heartfelt hummingbird,pid_846,Female,18-29,White / Caucasian,500,yes
heartfelt hummingbird,pid_847,Male,60+,White / Caucasian,500,yes
heartfelt hummingbird,pid_857,Female,60+,White / Caucasian,500,yes
heartfelt hummingbird,pid_860,Female,60+,White / Caucasian,500,yes
heartfelt hummingbird,pid_861,Male,60+,White / Caucasian,500,yes
heartfelt hummingbird,pid_863,Male,60+,Latino / Hispanic,500,yes
heartfelt hummingbird,pid_869,Female,45-59,White / Caucasian,500,yes
heartfelt hummingbird,pid_871,Female,60+,Latino / Hispanic,500,yes
heartfelt hummingbird,pid_872,Male,45-59,Black / African-American,500,yes
heartfelt hummingbird,pid_881,Male,18-29,White / Caucasian,500,yes
heartfelt hummingbird,pid_882,Male,30-44,Latino / Hispanic,500,yes
heartfelt hummingbird,pid_883,Male,18-29,White / Caucasian,500,yes
heartfelt hummingbird,pid_895,Female,30-44,Asian / Asian-American,500,yes
heartfelt hummingbird,pid_897,Male,60+,White / Caucasian,500,yes
heartfelt hummingbird,pid_900,Female,60+,White / Caucasian,500,yes
heartfelt hummingbird,pid_903,Female,18-29,Latino / Hispanic,500,yes
heartfelt hummingbird,pid_904,Male,18-29,White / Caucasian,500,yes
heartfelt hummingbird,pid_910,Male,45-59,White / Caucasian,500,yes
heartfelt hummingbird,pid_913,Female,18-29,White / Caucasian,500,yes
heartfelt hummingbird,pid_914,Male,60+,Latino / Hispanic,500,yes
heartfelt hummingbird,pid_916,Male,60+,White / Caucasian,500,yes
heartfelt hummingbird,pid_917,Male,30-44,White / Caucasian,500,yes
heartfelt hummingbird,pid_920,Male,60+,Black / African-American,500,yes
heartfelt hummingbird,pid_921,Female,30-44,Latino / Hispanic,500,yes
heartfelt hummingbird,pid_924,Male,30-44,White / Caucasian,500,yes
heartfelt hummingbird,pid_926,Female,60+,White / Caucasian,500,yes
heartfelt hummingbird,pid_933,Female,60+,Other,500,yes
heartfelt hummingbird,pid_935,Male,30-44,White / Caucasian,500,yes
heartfelt hummingbird,pid_939,Female,60+,Latino / Hispanic,500,yes
heartfelt hummingbird,pid_940,Male,18-29,White / Caucasian,500,yes
heartfelt hummingbird,pid_945,Female,30-44,White / Caucasian,500,yes
heartfelt hummingbird,pid_946,Female,45-59,Asian / Asian-American,500,yes
heartfelt hummingbird,pid_949,Male,60+,White / Caucasian,500,yes
heartfelt hummingbird,pid_950,Male,30-44,Latino / Hispanic,500,yes
heartfelt hummingbird,pid_951,Female,45-59,Latino / Hispanic,500,yes
heartfelt hummingbird,pid_954,Female,18-29,Latino / Hispanic,500,yes
heartfelt hummingbird,pid_955,Female,60+,White / Caucasian,500,yes
heartfelt hummingbird,pid_957,Female,30-44,Latino / Hispanic,500,yes
heartfelt hummingbird,pid_958,Female,60+,White / Caucasian,500,yes
heartfelt hummingbird,pid_961,Female,30-44,Black / African-American,500,yes
heartfelt hummingbird,pid_969,Female,45-59,White / Caucasian,500,yes
heartfelt hummingbird,pid_970,Male,60+,Latino / Hispanic,500,yes
heartfelt hummingbird,pid_976,Female,45-59,White / Caucasian,500,yes
heartfelt hummingbird,pid_983,Male,45-59,White / Caucasian,500,yes
heartfelt hummingbird,pid_1001,Male,18-29,Latino / Hispanic,500,yes
heartfelt hummingbird,pid_1003,Female,60+,White / Caucasian,500,yes
heartfelt hummingbird,pid_1007,Male,30-44,Black / African-American,500,yes
heartfelt hummingbird,pid_1010,Female,60+,Latino / Hispanic,500,yes
heartfelt hummingbird,pid_1011,Female,30-44,Other,500,yes
heartfelt hummingbird,pid_1016,Female,18-29,White / Caucasian,500,yes
heartfelt hummingbird,pid_1018,Female,18-29,Other,500,yes
heartfelt hummingbird,pid_1019,Female,45-59,Latino / Hispanic,500,yes
heartfelt hummingbird,pid_1030,Female,45-59,Other,500,yes
heartfelt hummingbird,pid_1037,Female,18-29,White / Caucasian,500,yes
heartfelt hummingbird,pid_1041,Male,45-59,White / Caucasian,500,yes
heartfelt hummingbird,pid_1043,Female,30-44,White / Caucasian,500,yes
heartfelt hummingbird,pid_1044,Female,45-59,White / Caucasian,500,yes
heartfelt hummingbird,pid_1047,Female,60+,White / Caucasian,500,yes
heartfelt hummingbird,pid_1048,Male,30-44,White / Caucasian,500,yes
heartfelt hummingbird,pid_1051,Male,18-29,Latino / Hispanic,500,yes
heartfelt hummingbird,pid_1054,Male,60+,White / Caucasian,500,yes
heartfelt hummingbird,pid_1060,Male,30-44,Black / African-American,500,yes
heartfelt hummingbird,pid_1063,Female,18-29,Asian / Asian-American,500,yes
heartfelt hummingbird,pid_1064,Male,18-29,White / Caucasian,500,yes
heartfelt hummingbird,pid_1072,Male,18-29,Latino / Hispanic,500,yes
heartfelt hummingbird,pid_1082,Female,45-59,Black / African-American,500,yes
heartfelt hummingbird,pid_1089,Female,60+,White / Caucasian,500,yes
heartfelt hummingbird,pid_1094,Female,30-44,White / Caucasian,500,yes
heartfelt hummingbird,pid_1097,Female,60+,Latino / Hispanic,500,yes
heartfelt hummingbird,pid_1100,Male,30-44,White / Caucasian,500,yes
heartfelt hummingbird,pid_1109,Male,45-59,White / Caucasian,500,yes
heartfelt hummingbird,pid_1114,Male,45-59,Other,500,yes
heartfelt hummingbird,pid_1115,Female,45-59,White / Caucasian,500,yes
heartfelt hummingbird,pid_1116,Male,18-29,White / Caucasian,500,yes
heartfelt hummingbird,pid_1124,Female,30-44,Black / African-American,500,yes
heartfelt hummingbird,pid_1125,Male,30-44,Asian / Asian-American,500,yes
heartfelt hummingbird,pid_1131,Male,45-59,White / Caucasian,500,yes
heartfelt hummingbird,pid_1132,Female,45-59,Latino / Hispanic,500,yes
heartfelt hummingbird,pid_1135,Male,45-59,White / Caucasian,500,yes
heartfelt hummingbird,pid_1137,Male,60+,Asian / Asian-American,500,yes
heartfelt hummingbird,pid_1138,Male,30-44,White / Caucasian,500,yes
heartfelt hummingbird,pid_1144,Male,60+,White / Caucasian,500,yes
heartfelt hummingbird,pid_1145,Female,30-44,Asian / Asian-American,500,yes
heartfelt hummingbird,pid_1147,Male,30-44,White / Caucasian,500,yes
heartfelt hummingbird,pid_1148,Female,30-44,Latino / Hispanic,500,yes
heartfelt hummingbird,pid_1153,Female,30-44,White / Caucasian,500,yes
heartfelt hummingbird,pid_1157,Female,45-59,White / Caucasian,500,yes
heartfelt hummingbird,pid_1159,Female,60+,White / Caucasian,500,yes
heartfelt hummingbird,pid_1168,Male,45-59,White / Caucasian,500,yes
heartfelt hummingbird,pid_1174,Female,45-59,White / Caucasian,500,yes
heartfelt hummingbird,pid_1176,Male,30-44,White / Caucasian,500,yes
heartfelt hummingbird,pid_1178,Female,18-29,Latino / Hispanic,500,yes
heartfelt hummingbird,pid_1182,Male,60+,White / Caucasian,500,yes
heartfelt hummingbird,pid_1183,Female,60+,White / Caucasian,500,yes
heartfelt hummingbird,pid_1187,Male,18-29,White / Caucasian,500,yes
heartfelt hummingbird,pid_1188,Male,18-29,Asian / Asian-American,500,yes
heartfelt hummingbird,pid_1189,Female,30-44,Asian / Asian-American,500,yes
heartfelt hummingbird,pid_1193,Male,30-44,Latino / Hispanic,500,yes
heartfelt hummingbird,pid_1194,Male,30-44,White / Caucasian,500,yes
heartfelt hummingbird,pid_1197,Female,60+,White / Caucasian,500,yes
heartfelt hummingbird,pid_1199,Male,60+,Black / African-American,500,yes
heartfelt hummingbird,pid_1202,Male,60+,White / Caucasian,500,yes
heartfelt hummingbird,pid_1203,Male,18-29,Asian / Asian-American,500,yes
heartfelt hummingbird,pid_1212,Male,30-44,Latino / Hispanic,500,yes
heartfelt hummingbird,pid_1217,Female,45-59,Latino / Hispanic,500,yes
heartfelt hummingbird,pid_1219,Male,60+,White / Caucasian,500,yes
heartfelt hummingbird,pid_1221,Male,18-29,Latino / Hispanic,500,yes
heartfelt hummingbird,pid_1225,Male,60+,White / Caucasian,500,yes
heartfelt hummingbird,pid_1227,Female,30-44,Latino / Hispanic,500,yes
heartfelt hummingbird,pid_1238,Female,60+,White / Caucasian,500,yes
heartfelt hummingbird,pid_1240,Male,18-29,White / Caucasian,500,yes
heartfelt hummingbird,pid_1248,Male,45-59,White / Caucasian,500,yes
heartfelt hummingbird,pid_1249,Female,45-59,White / Caucasian,500,yes
heartfelt hummingbird,pid_1253,Female,45-59,Black / African-American,500,yes
heartfelt hummingbird,pid_1256,Female,30-44,Latino / Hispanic,500,yes
heartfelt hummingbird,pid_1262,Male,30-44,Latino / Hispanic,500,yes
heartfelt hummingbird,pid_1273,Male,60+,White / Caucasian,500,yes
heartfelt hummingbird,pid_1278,Male,30-44,White / Caucasian,500,yes
heartfelt hummingbird,pid_1286,Male,30-44,White / Caucasian,500,yes
heartfelt hummingbird,pid_1289,Male,30-44,White / Caucasian,500,yes
heartfelt hummingbird,pid_1290,Female,30-44,White / Caucasian,500,yes
heartfelt hummingbird,pid_1299,Female,30-44,White / Caucasian,500,yes
heartfelt hummingbird,pid_1301,Female,45-59,Black / African-American,500,yes
heartfelt hummingbird,pid_1302,Male,30-44,Black / African-American,500,yes
heartfelt hummingbird,pid_1311,Female,30-44,Latino / Hispanic,500,yes
heartfelt hummingbird,pid_1316,Female,60+,White / Caucasian,500,yes
heartfelt hummingbird,pid_1317,Female,30-44,Black / African-American,500,yes
heartfelt hummingbird,pid_1323,Male,60+,White / Caucasian,500,yes
heartfelt hummingbird,pid_1339,Female,60+,White / Caucasian,500,yes
heartfelt hummingbird,pid_1343,Male,45-59,White / Caucasian,500,yes
heartfelt hummingbird,pid_1345,Male,18-29,Asian / Asian-American,500,yes
heartfelt hummingbird,pid_1350,Male,30-44,Asian / Asian-American,500,yes
heartfelt hummingbird,pid_1353,Female,45-59,White / Caucasian,500,yes
heartfelt hummingbird,pid_1362,Male,18-29,White / Caucasian,500,yes
heartfelt hummingbird,pid_1367,Female,18-29,White / Caucasian,500,yes
heartfelt hummingbird,pid_1368,Male,30-44,White / Caucasian,500,yes
heartfelt hummingbird,pid_1369,Male,60+,White / Caucasian,500,yes
heartfelt hummingbird,pid_1379,Female,30-44,White / Caucasian,500,yes
heartfelt hummingbird,pid_1380,Female,30-44,White / Caucasian,500,yes
heartfelt hummingbird,pid_1382,Female,18-29,White / Caucasian,500,yes
heartfelt hummingbird,pid_1386,Male,30-44,Latino / Hispanic,500,yes
heartfelt hummingbird,pid_1387,Female,18-29,White / Caucasian,500,yes
heartfelt hummingbird,pid_1400,Female,18-29,White / Caucasian,500,yes
heartfelt hummingbird,pid_1403,Female,30-44,Black / African-American,500,yes
heartfelt hummingbird,pid_1411,Female,60+,White / Caucasian,500,yes
heartfelt hummingbird,pid_1412,Female,30-44,White / Caucasian,500,yes
heartfelt hummingbird,pid_1413,Male,30-44,White / Caucasian,500,yes
heartfelt hummingbird,pid_1416,Male,45-59,White / Caucasian,500,yes
heartfelt hummingbird,pid_1418,Female,45-59,White / Caucasian,500,yes
heartfelt hummingbird,pid_1420,Female,45-59,White / Caucasian,500,yes
heartfelt hummingbird,pid_1423,Male,60+,White / Caucasian,500,yes
heartfelt hummingbird,pid_1427,Female,60+,White / Caucasian,500,yes
heartfelt hummingbird,pid_1435,Female,30-44,Black / African-American,500,yes
heartfelt hummingbird,pid_1439,Male,30-44,Latino / Hispanic,500,yes
heartfelt hummingbird,pid_1445,Female,18-29,White / Caucasian,500,yes
heartfelt hummingbird,pid_1446,Female,30-44,White / Caucasian,500,yes
heartfelt hummingbird,pid_1448,Male,18-29,White / Caucasian,500,yes
heartfelt hummingbird,pid_1449,Female,18-29,Latino / Hispanic,500,yes
heartfelt hummingbird,pid_1451,Male,60+,Latino / Hispanic,500,yes
heartfelt hummingbird,pid_1452,Male,45-59,White / Caucasian,500,yes
heartfelt hummingbird,pid_1455,Female,18-29,Black / African-American,500,yes
heartfelt hummingbird,pid_1457,Female,60+,White / Caucasian,500,yes
heartfelt hummingbird,pid_1458,Male,60+,White / Caucasian,500,yes
heartfelt hummingbird,pid_1460,Male,18-29,White / Caucasian,500,yes
heartfelt hummingbird,pid_1463,Male,30-44,Black / African-American,500,yes
heartfelt hummingbird,pid_1465,Male,18-29,White / Caucasian,500,yes
heartfelt hummingbird,pid_1471,Male,30-44,White / Caucasian,500,yes
heartfelt hummingbird,pid_1473,Female,30-44,Black / African-American,500,yes
heartfelt hummingbird,pid_1474,Female,45-59,White / Caucasian,500,yes
heartfelt hummingbird,pid_1477,Male,18-29,Latino / Hispanic,500,yes
heartfelt hummingbird,pid_1487,Female,18-29,White / Caucasian,500,yes
heartfelt hummingbird,pid_1499,Male,60+,Black / African-American,500,yes
heartfelt hummingbird,pid_1502,Male,30-44,Latino / Hispanic,500,yes
heartfelt hummingbird,pid_1503,Male,45-59,White / Caucasian,500,yes
heartfelt hummingbird,pid_1512,Female,60+,White / Caucasian,500,yes
heartfelt hummingbird,pid_1516,Male,60+,White / Caucasian,500,yes
heartfelt hummingbird,pid_1522,Male,30-44,Latino / Hispanic,500,yes
heartfelt hummingbird,pid_1526,Male,18-29,Latino / Hispanic,500,yes
heartfelt hummingbird,pid_1531,Female,60+,White / Caucasian,500,yes
heartfelt hummingbird,pid_1534,Male,45-59,Black / African-American,500,yes
heartfelt hummingbird,pid_1539,Female,18-29,White / Caucasian,500,yes
heartfelt hummingbird,pid_1544,Female,30-44,Latino / Hispanic,500,yes
heartfelt hummingbird,pid_1546,Female,30-44,Latino / Hispanic,500,yes
heartfelt hummingbird,pid_1548,Female,18-29,Black / African-American,500,yes
heartfelt hummingbird,pid_1554,Male,60+,Latino / Hispanic,500,yes
heartfelt hummingbird,pid_1563,Female,45-59,Latino / Hispanic,500,yes
heartfelt hummingbird,pid_1566,Male,18-29,Latino / Hispanic,500,yes
heartfelt hummingbird,pid_1571,Male,30-44,White / Caucasian,500,yes
heartfelt hummingbird,pid_1581,Female,30-44,Black / African-American,500,yes
heartfelt hummingbird,pid_1583,Male,18-29,Other,500,yes
heartfelt hummingbird,pid_1584,Female,30-44,Asian / Asian-American,500,yes
heartfelt hummingbird,pid_1586,Male,30-44,White / Caucasian,500,yes
heartfelt hummingbird,pid_1588,Male,45-59,Asian / Asian-American,500,yes
heartfelt hummingbird,pid_1590,Male,30-44,Latino / Hispanic,500,yes
heartfelt hummingbird,pid_1596,Female,18-29,Latino / Hispanic,500,yes
heartfelt hummingbird,pid_1598,Male,18-29,White / Caucasian,500,yes
heartfelt hummingbird,pid_1604,Female,60+,Latino / Hispanic,500,yes
heartfelt hummingbird,pid_1605,Female,30-44,White / Caucasian,500,yes
heartfelt hummingbird,pid_1625,Male,30-44,Latino / Hispanic,500,yes
heartfelt hummingbird,pid_1643,Female,45-59,White / Caucasian,500,yes
heartfelt hummingbird,pid_1645,Male,45-59,Asian / Asian-American,500,yes
heartfelt hummingbird,pid_1649,Female,30-44,White / Caucasian,500,yes
heartfelt hummingbird,pid_1653,Male,18-29,White / Caucasian,500,yes
heartfelt hummingbird,pid_1656,Male,60+,White / Caucasian,500,yes
heartfelt hummingbird,pid_1657,Male,30-44,White / Caucasian,500,yes
heartfelt hummingbird,pid_1660,Female,18-29,Asian / Asian-American,500,yes
heartfelt hummingbird,pid_1663,Female,30-44,White / Caucasian,500,yes
heartfelt hummingbird,pid_1667,Female,18-29,White / Caucasian,500,yes
heartfelt hummingbird,pid_1670,Female,18-29,Latino / Hispanic,500,yes
heartfelt hummingbird,pid_1676,Female,18-29,Asian / Asian-American,500,yes
heartfelt hummingbird,pid_1680,Male,60+,White / Caucasian,500,yes
heartfelt hummingbird,pid_1681,Female,45-59,Latino / Hispanic,500,yes
heartfelt hummingbird,pid_1684,Male,60+,White / Caucasian,500,yes
heartfelt hummingbird,pid_1687,Female,30-44,Latino / Hispanic,500,yes
heartfelt hummingbird,pid_1689,Female,60+,White / Caucasian,500,yes
heartfelt hummingbird,pid_1697,Male,45-59,Black / African-American,500,yes
heartfelt hummingbird,pid_1704,Male,30-44,White / Caucasian,500,yes
heartfelt hummingbird,pid_1712,Female,30-44,White / Caucasian,500,yes
heartfelt hummingbird,pid_1717,Male,60+,White / Caucasian,500,yes
heartfelt hummingbird,pid_1721,Female,45-59,White / Caucasian,500,yes
heartfelt hummingbird,pid_1726,Female,45-59,Latino / Hispanic,500,yes
heartfelt hummingbird,pid_1728,Female,30-44,White / Caucasian,500,yes
heartfelt hummingbird,pid_1740,Female,45-59,White / Caucasian,500,yes
heartfelt hummingbird,pid_1741,Male,18-29,Other,500,yes
heartfelt hummingbird,pid_1743,Male,30-44,White / Caucasian,500,yes
heartfelt hummingbird,pid_1751,Female,45-59,White / Caucasian,500,yes
heartfelt hummingbird,pid_1757,Female,60+,White / Caucasian,500,yes
heartfelt hummingbird,pid_1763,Female,45-59,Latino / Hispanic,500,yes
heartfelt hummingbird,pid_1772,Female,60+,Asian / Asian-American,500,yes
heartfelt hummingbird,pid_1773,Male,18-29,Latino / Hispanic,500,yes
heartfelt hummingbird,pid_1775,Male,45-59,White / Caucasian,500,yes
heartfelt hummingbird,pid_1779,Male,30-44,Other,500,yes
heartfelt hummingbird,pid_1780,Male,30-44,Latino / Hispanic,500,yes
heartfelt hummingbird,pid_1782,Male,30-44,White / Caucasian,500,yes
heartfelt hummingbird,pid_1790,Female,30-44,Black / African-American,500,yes
heartfelt hummingbird,pid_1791,Female,60+,Asian / Asian-American,500,yes
heartfelt hummingbird,pid_1793,Female,60+,Asian / Asian-American,500,yes
heartfelt hummingbird,pid_1803,Female,60+,White / Caucasian,500,yes
heartfelt hummingbird,pid_1805,Male,30-44,Black / African-American,500,yes
heartfelt hummingbird,pid_1806,Female,60+,White / Caucasian,500,yes
heartfelt hummingbird,pid_1809,Male,18-29,White / Caucasian,500,yes
heartfelt hummingbird,pid_1811,Female,45-59,White / Caucasian,500,yes
heartfelt hummingbird,pid_1814,Female,18-29,White / Caucasian,500,yes
heartfelt hummingbird,pid_1815,Female,60+,Black / African-American,500,yes
heartfelt hummingbird,pid_1819,Male,30-44,White / Caucasian,500,yes
heartfelt hummingbird,pid_1820,Female,30-44,White / Caucasian,500,yes
heartfelt hummingbird,pid_1822,Female,60+,White / Caucasian,500,yes
heartfelt hummingbird,pid_1824,Male,18-29,Latino / Hispanic,500,yes
heartfelt hummingbird,pid_1829,Female,18-29,White / Caucasian,500,yes
heartfelt hummingbird,pid_1833,Female,18-29,Latino / Hispanic,500,yes
heartfelt hummingbird,pid_1837,Male,18-29,Latino / Hispanic,500,yes
heartfelt hummingbird,pid_1840,Female,30-44,Latino / Hispanic,500,yes
heartfelt hummingbird,pid_1843,Male,30-44,White / Caucasian,500,yes
heartfelt hummingbird,pid_1846,Female,60+,White / Caucasian,500,yes
heartfelt hummingbird,pid_1847,Male,45-59,Asian / Asian-American,500,yes
heartfelt hummingbird,pid_1853,Male,18-29,Latino / Hispanic,500,yes
heartfelt hummingbird,pid_1857,Male,45-59,White / Caucasian,500,yes
heartfelt hummingbird,pid_1866,Female,45-59,White / Caucasian,500,yes
heartfelt hummingbird,pid_1870,Female,45-59,White / Caucasian,500,yes
heartfelt hummingbird,pid_1872,Male,45-59,White / Caucasian,500,yes
heartfelt hummingbird,pid_1877,Female,30-44,White / Caucasian,500,yes
heartfelt hummingbird,pid_1878,Male,45-59,White / Caucasian,500,yes
heartfelt hummingbird,pid_1884,Male,60+,White / Caucasian,500,yes
heartfelt hummingbird,pid_1886,Male,18-29,White / Caucasian,500,yes
heartfelt hummingbird,pid_1889,Male,30-44,White / Caucasian,500,yes
heartfelt hummingbird,pid_1890,Male,30-44,White / Caucasian,500,yes
heartfelt hummingbird,pid_1893,Female,18-29,Latino / Hispanic,500,yes
heartfelt hummingbird,pid_1901,Female,30-44,White / Caucasian,500,yes
heartfelt hummingbird,pid_1904,Male,30-44,White / Caucasian,500,yes
heartfelt hummingbird,pid_1908,Female,45-59,White / Caucasian,500,yes
heartfelt hummingbird,pid_1909,Female,60+,Latino / Hispanic,500,yes
heartfelt hummingbird,pid_1912,Male,30-44,Asian / Asian-American,500,yes
heartfelt hummingbird,pid_1913,Female,30-44,Other,500,yes
heartfelt hummingbird,pid_1917,Female,18-29,White / Caucasian,500,yes
heartfelt hummingbird,pid_1919,Male,45-59,White / Caucasian,500,yes
heartfelt hummingbird,pid_1929,Female,60+,White / Caucasian,500,yes
heartfelt hummingbird,pid_1931,Male,60+,White / Caucasian,500,yes
heartfelt hummingbird,pid_1933,Female,18-29,White / Caucasian,500,yes
heartfelt hummingbird,pid_1937,Female,18-29,Other,500,yes
heartfelt hummingbird,pid_1945,Female,30-44,White / Caucasian,500,yes
heartfelt hummingbird,pid_1952,Male,45-59,White / Caucasian,500,yes
heartfelt hummingbird,pid_1953,Male,45-59,White / Caucasian,500,yes
heartfelt hummingbird,pid_1961,Female,60+,Other,500,yes
heartfelt hummingbird,pid_1963,Male,30-44,White / Caucasian,500,yes
heartfelt hummingbird,pid_1966,Female,18-29,Latino / Hispanic,500,yes
heartfelt hummingbird,pid_1972,Male,18-29,Black / African-American,500,yes
heartfelt hummingbird,pid_1973,Female,18-29,Latino / Hispanic,500,yes
heartfelt hummingbird,pid_1978,Male,30-44,White / Caucasian,500,yes
heartfelt hummingbird,pid_1981,Female,18-29,White / Caucasian,500,yes
heartfelt hummingbird,pid_1982,Male,45-59,White / Caucasian,500,yes
heartfelt hummingbird,pid_1985,Male,18-29,Black / African-American,500,yes
heartfelt hummingbird,pid_1988,Female,30-44,White / Caucasian,500,yes
heartfelt hummingbird,pid_1989,Female,30-44,White / Caucasian,500,yes
heartfelt hummingbird,pid_1997,Female,30-44,White / Caucasian,500,yes
heartfelt hummingbird,pid_1998,Female,60+,White / Caucasian,500,yes
heartfelt hummingbird,pid_1999,Female,30-44,White / Caucasian,500,yes
heartfelt hummingbird,pid_2000,Male,60+,White / Caucasian,500,yes
heartfelt hummingbird,pid_2003,Male,18-29,White / Caucasian,500,yes
heartfelt hummingbird,pid_2005,Male,45-59,White / Caucasian,500,yes
heartfelt hummingbird,pid_2006,Male,45-59,White / Caucasian,500,yes
heartfelt hummingbird,pid_2008,Female,45-59,Asian / Asian-American,500,yes
heartfelt hummingbird,pid_2010,Female,45-59,White / Caucasian,500,yes
heartfelt hummingbird,pid_2021,Female,45-59,White / Caucasian,500,yes
heartfelt hummingbird,pid_2022,Female,60+,Black / African-American,500,yes
heartfelt hummingbird,pid_2025,Male,60+,White / Caucasian,500,yes
heartfelt hummingbird,pid_2026,Male,45-59,White / Caucasian,500,yes
heartfelt hummingbird,pid_2030,Female,60+,White / Caucasian,500,yes
heartfelt hummingbird,pid_2034,Male,45-59,White / Caucasian,500,yes
heartfelt hummingbird,pid_2041,Male,60+,White / Caucasian,500,yes
heartfelt hummingbird,pid_2046,Male,18-29,Latino / Hispanic,500,yes
heartfelt hummingbird,pid_2049,Female,18-29,Black / African-American,500,yes
heartfelt hummingbird,pid_2052,Male,18-29,White / Caucasian,500,yes
heartfelt hummingbird,pid_2054,Female,30-44,Black / African-American,500,yes
honored haddock,pid_14,Female,45-59,White / Caucasian,500,yes
honored haddock,pid_15,Male,60+,White / Caucasian,500,yes
honored haddock,pid_23,Male,45-59,White / Caucasian,500,yes
honored haddock,pid_29,Female,60+,White / Caucasian,500,yes
honored haddock,pid_32,Male,30-44,Latino / Hispanic,500,yes
honored haddock,pid_35,Female,30-44,White / Caucasian,500,yes
honored haddock,pid_43,Male,18-29,Black / African-American,500,yes
honored haddock,pid_57,Male,45-59,Black / African-American,500,yes
honored haddock,pid_59,Male,45-59,White / Caucasian,500,yes
honored haddock,pid_62,Male,45-59,White / Caucasian,500,yes
honored haddock,pid_65,Female,45-59,Latino / Hispanic,500,yes
honored haddock,pid_71,Male,60+,Latino / Hispanic,500,yes
honored haddock,pid_72,Male,45-59,White / Caucasian,500,yes
honored haddock,pid_75,Female,45-59,White / Caucasian,500,yes
honored haddock,pid_76,Female,60+,White / Caucasian,500,yes
honored haddock,pid_81,Male,60+,White / Caucasian,500,yes
honored haddock,pid_83,Female,60+,White / Caucasian,500,yes
honored haddock,pid_84,Female,60+,White / Caucasian,500,yes
honored haddock,pid_91,Female,60+,White / Caucasian,500,yes
honored haddock,pid_95,Female,60+,White / Caucasian,500,yes
honored haddock,pid_99,Male,30-44,Other,500,yes
honored haddock,pid_102,Male,45-59,Black / African-American,500,yes
honored haddock,pid_104,Male,30-44,White / Caucasian,500,yes
honored haddock,pid_107,Male,45-59,White / Caucasian,500,yes
honored haddock,pid_115,Female,60+,Asian / Asian-American,500,yes
honored haddock,pid_118,Male,60+,White / Caucasian,500,yes
honored haddock,pid_122,Female,60+,White / Caucasian,500,yes
honored haddock,pid_123,Male,60+,White / Caucasian,500,yes
honored haddock,pid_129,Female,30-44,Asian / Asian-American,500,yes
honored haddock,pid_133,Female,60+,Latino / Hispanic,500,yes
honored haddock,pid_160,Male,60+,White / Caucasian,500,yes
honored haddock,pid_163,Male,45-59,White / Caucasian,500,yes
honored haddock,pid_165,Male,45-59,Latino / Hispanic,500,yes
honored haddock,pid_167,Female,60+,White / Caucasian,500,yes
honored haddock,pid_173,Female,30-44,White / Caucasian,500,yes
honored haddock,pid_174,Female,60+,White / Caucasian,500,yes
honored haddock,pid_180,Female,60+,Black / African-American,500,yes
honored haddock,pid_182,Female,60+,White / Caucasian,500,yes
honored haddock,pid_186,Female,18-29,Black / African-American,500,yes
honored haddock,pid_189,Female,45-59,White / Caucasian,500,yes
honored haddock,pid_198,Female,30-44,White / Caucasian,500,yes
honored haddock,pid_204,Female,60+,White / Caucasian,500,yes
honored haddock,pid_207,Female,45-59,Black / African-American,500,yes
honored haddock,pid_217,Male,60+,White / Caucasian,500,yes
honored haddock,pid_223,Male,60+,Black / African-American,500,yes
honored haddock,pid_245,Female,30-44,White / Caucasian,500,yes
honored haddock,pid_248,Male,45-59,White / Caucasian,500,yes
honored haddock,pid_253,Female,60+,White / Caucasian,500,yes
honored haddock,pid_258,Male,60+,White / Caucasian,500,yes
honored haddock,pid_262,Male,60+,White / Caucasian,500,yes
honored haddock,pid_263,Female,45-59,White / Caucasian,500,yes
honored haddock,pid_265,Female,60+,Black / African-American,500,yes
honored haddock,pid_268,Male,60+,White / Caucasian,500,yes
honored haddock,pid_273,Male,60+,Latino / Hispanic,500,yes
honored haddock,pid_276,Male,60+,White / Caucasian,500,yes
honored haddock,pid_278,Male,60+,White / Caucasian,500,yes
honored haddock,pid_282,Male,18-29,White / Caucasian,500,yes
honored haddock,pid_283,Female,60+,White / Caucasian,500,yes
honored haddock,pid_285,Male,45-59,White / Caucasian,500,yes
honored haddock,pid_289,Male,30-44,White / Caucasian,500,yes
honored haddock,pid_290,Male,30-44,Latino / Hispanic,500,yes
honored haddock,pid_294,Male,60+,Black / African-American,500,yes
honored haddock,pid_296,Female,30-44,Latino / Hispanic,500,yes
honored haddock,pid_303,Female,60+,Black / African-American,500,yes
honored haddock,pid_305,Male,18-29,Latino / Hispanic,500,yes
honored haddock,pid_315,Male,18-29,White / Caucasian,500,yes
honored haddock,pid_318,Female,45-59,White / Caucasian,500,yes
honored haddock,pid_329,Male,60+,White / Caucasian,500,yes
honored haddock,pid_333,Female,60+,White / Caucasian,500,yes
honored haddock,pid_336,Female,30-44,Latino / Hispanic,500,yes
honored haddock,pid_337,Male,60+,White / Caucasian,500,yes
honored haddock,pid_339,Male,45-59,Black / African-American,500,yes
honored haddock,pid_345,Male,45-59,White / Caucasian,500,yes
honored haddock,pid_348,Female,45-59,Black / African-American,500,yes
honored haddock,pid_350,Male,45-59,Latino / Hispanic,500,yes
honored haddock,pid_353,Male,45-59,Latino / Hispanic,500,yes
honored haddock,pid_363,Male,30-44,White / Caucasian,500,yes
honored haddock,pid_366,Female,60+,White / Caucasian,500,yes
honored haddock,pid_368,Female,60+,White / Caucasian,500,yes
honored haddock,pid_369,Female,45-59,White / Caucasian,500,yes
honored haddock,pid_371,Female,45-59,White / Caucasian,500,yes
honored haddock,pid_373,Female,60+,White / Caucasian,500,yes
honored haddock,pid_376,Male,60+,Black / African-American,500,yes
honored haddock,pid_378,Female,30-44,Asian / Asian-American,500,yes
honored haddock,pid_379,Male,60+,Other,500,yes
honored haddock,pid_384,Female,60+,Black / African-American,500,yes
honored haddock,pid_391,Male,60+,White / Caucasian,500,yes
honored haddock,pid_393,Male,60+,Latino / Hispanic,500,yes
honored haddock,pid_398,Female,60+,Latino / Hispanic,500,yes
honored haddock,pid_402,Female,60+,Asian / Asian-American,500,yes
honored haddock,pid_403,Male,30-44,Black / African-American,500,yes
honored haddock,pid_406,Male,18-29,White / Caucasian,500,yes
honored haddock,pid_407,Male,60+,Latino / Hispanic,500,yes
honored haddock,pid_411,Male,45-59,White / Caucasian,500,yes
honored haddock,pid_412,Male,45-59,White / Caucasian,500,yes
honored haddock,pid_425,Male,45-59,White / Caucasian,500,yes
honored haddock,pid_443,Male,30-44,Black / African-American,500,yes
honored haddock,pid_445,Male,45-59,White / Caucasian,500,yes
honored haddock,pid_447,Male,60+,Asian / Asian-American,500,yes
honored haddock,pid_450,Female,45-59,White / Caucasian,500,yes
honored haddock,pid_451,Female,60+,White / Caucasian,500,yes
honored haddock,pid_453,Male,18-29,Black / African-American,500,yes
honored haddock,pid_455,Female,45-59,Asian / Asian-American,500,yes
honored haddock,pid_456,Female,45-59,White / Caucasian,500,yes
honored haddock,pid_459,Female,60+,White / Caucasian,500,yes
honored haddock,pid_460,Male,45-59,White / Caucasian,500,yes
honored haddock,pid_461,Male,60+,White / Caucasian,500,yes
honored haddock,pid_462,Female,60+,White / Caucasian,500,yes
honored haddock,pid_463,Female,18-29,White / Caucasian,500,yes
honored haddock,pid_464,Female,18-29,Latino / Hispanic,500,yes
honored haddock,pid_467,Female,18-29,White / Caucasian,500,yes
honored haddock,pid_469,Female,45-59,Black / African-American,500,yes
honored haddock,pid_470,Male,18-29,Latino / Hispanic,500,yes
honored haddock,pid_474,Female,45-59,Black / African-American,500,yes
honored haddock,pid_475,Male,18-29,White / Caucasian,500,yes
honored haddock,pid_478,Male,60+,White / Caucasian,500,yes
honored haddock,pid_487,Female,18-29,Black / African-American,500,yes
honored haddock,pid_491,Male,30-44,White / Caucasian,500,yes
honored haddock,pid_492,Female,60+,White / Caucasian,500,yes
honored haddock,pid_502,Female,60+,White / Caucasian,500,yes
honored haddock,pid_507,Male,60+,Black / African-American,500,yes
honored haddock,pid_509,Female,45-59,White / Caucasian,500,yes
honored haddock,pid_511,Male,60+,White / Caucasian,500,yes
honored haddock,pid_512,Female,18-29,White / Caucasian,500,yes
honored haddock,pid_513,Male,60+,Asian / Asian-American,500,yes
honored haddock,pid_517,Female,18-29,Latino / Hispanic,500,yes
honored haddock,pid_520,Male,60+,White / Caucasian,500,yes
honored haddock,pid_521,Female,60+,Black / African-American,500,yes
honored haddock,pid_525,Male,30-44,Asian / Asian-American,500,yes
honored haddock,pid_528,Female,30-44,White / Caucasian,500,yes
honored haddock,pid_541,Male,30-44,Latino / Hispanic,500,yes
honored haddock,pid_542,Female,45-59,White / Caucasian,500,yes
honored haddock,pid_559,Female,30-44,White / Caucasian,500,yes
honored haddock,pid_563,Male,30-44,White / Caucasian,500,yes
honored haddock,pid_566,Female,18-29,Black / African-American,500,yes
honored haddock,pid_569,Male,60+,Latino / Hispanic,500,yes
honored haddock,pid_577,Female,18-29,Black / African-American,500,yes
honored haddock,pid_578,Female,60+,White / Caucasian,500,yes
honored haddock,pid_582,Male,30-44,Latino / Hispanic,500,yes
honored haddock,pid_585,Male,60+,Asian / Asian-American,500,yes
honored haddock,pid_586,Female,45-59,White / Caucasian,500,yes
honored haddock,pid_607,Male,30-44,Black / African-American,500,yes
honored haddock,pid_609,Female,60+,White / Caucasian,500,yes
honored haddock,pid_610,Male,60+,White / Caucasian,500,yes
honored haddock,pid_628,Male,18-29,Black / African-American,500,yes
honored haddock,pid_629,Male,18-29,White / Caucasian,500,yes
honored haddock,pid_636,Female,18-29,White / Caucasian,500,yes
honored haddock,pid_653,Male,18-29,Latino / Hispanic,500,yes
honored haddock,pid_654,Male,45-59,Black / African-American,500,yes
honored haddock,pid_667,Male,45-59,White / Caucasian,500,yes
honored haddock,pid_676,Female,45-59,Latino / Hispanic,500,yes
honored haddock,pid_679,Male,18-29,White / Caucasian,500,yes
honored haddock,pid_684,Female,18-29,White / Caucasian,500,yes
honored haddock,pid_687,Female,18-29,White / Caucasian,500,yes
honored haddock,pid_691,Female,60+,Black / African-American,500,yes
honored haddock,pid_695,Female,18-29,White / Caucasian,500,yes
honored haddock,pid_708,Female,60+,White / Caucasian,500,yes
honored haddock,pid_714,Female,45-59,Asian / Asian-American,500,yes
honored haddock,pid_715,Female,30-44,White / Caucasian,500,yes
honored haddock,pid_716,Male,18-29,Black / African-American,500,yes
honored haddock,pid_717,Female,60+,White / Caucasian,500,yes
honored haddock,pid_718,Female,60+,White / Caucasian,500,yes
honored haddock,pid_721,Male,45-59,Asian / Asian-American,500,yes
honored haddock,pid_732,Male,60+,White / Caucasian,500,yes
honored haddock,pid_736,Female,60+,White / Caucasian,500,yes
honored haddock,pid_738,Female,30-44,White / Caucasian,500,yes
honored haddock,pid_744,Male,60+,White / Caucasian,500,yes
honored haddock,pid_753,Male,30-44,Latino / Hispanic,500,yes
honored haddock,pid_757,Female,18-29,White / Caucasian,500,yes
honored haddock,pid_758,Female,60+,Black / African-American,500,yes
honored haddock,pid_761,Female,30-44,White / Caucasian,500,yes
honored haddock,pid_764,Male,18-29,White / Caucasian,500,yes
honored haddock,pid_767,Female,45-59,White / Caucasian,500,yes
honored haddock,pid_773,Female,30-44,Latino / Hispanic,500,yes
honored haddock,pid_774,Male,60+,White / Caucasian,500,yes
honored haddock,pid_788,Male,45-59,White / Caucasian,500,yes
honored haddock,pid_792,Female,45-59,White / Caucasian,500,yes
honored haddock,pid_797,Female,30-44,Latino / Hispanic,500,yes
honored haddock,pid_800,Female,60+,Latino / Hispanic,500,yes
honored haddock,pid_804,Female,30-44,White / Caucasian,500,yes
honored haddock,pid_805,Female,30-44,White / Caucasian,500,yes
honored haddock,pid_808,Male,30-44,Asian / Asian-American,500,yes
honored haddock,pid_814,Male,30-44,White / Caucasian,500,yes
honored haddock,pid_822,Male,45-59,Latino / Hispanic,500,yes
honored haddock,pid_824,Male,60+,White / Caucasian,500,yes
honored haddock,pid_839,Male,45-59,Black / African-American,500,yes
honored haddock,pid_845,Female,60+,White / Caucasian,500,yes
honored haddock,pid_846,Female,18-29,White / Caucasian,500,yes
honored haddock,pid_847,Male,60+,White / Caucasian,500,yes
honored haddock,pid_857,Female,60+,White / Caucasian,500,yes
honored haddock,pid_860,Female,60+,White / Caucasian,500,yes
honored haddock,pid_861,Male,60+,White / Caucasian,500,yes
honored haddock,pid_863,Male,60+,Latino / Hispanic,500,yes
honored haddock,pid_869,Female,45-59,White / Caucasian,500,yes
honored haddock,pid_871,Female,60+,Latino / Hispanic,500,yes
honored haddock,pid_872,Male,45-59,Black / African-American,500,yes
honored haddock,pid_881,Male,18-29,White / Caucasian,500,yes
honored haddock,pid_882,Male,30-44,Latino / Hispanic,500,yes
honored haddock,pid_883,Male,18-29,White / Caucasian,500,yes
honored haddock,pid_895,Female,30-44,Asian / Asian-American,500,yes
honored haddock,pid_897,Male,60+,White / Caucasian,500,yes
honored haddock,pid_900,Female,60+,White / Caucasian,500,yes
honored haddock,pid_903,Female,18-29,Latino / Hispanic,500,yes
honored haddock,pid_904,Male,18-29,White / Caucasian,500,yes
honored haddock,pid_910,Male,45-59,White / Caucasian,500,yes
honored haddock,pid_913,Female,18-29,White / Caucasian,500,yes
honored haddock,pid_914,Male,60+,Latino / Hispanic,500,yes
honored haddock,pid_916,Male,60+,White / Caucasian,500,yes
honored haddock,pid_917,Male,30-44,White / Caucasian,500,yes
honored haddock,pid_920,Male,60+,Black / African-American,500,yes
honored haddock,pid_921,Female,30-44,Latino / Hispanic,500,yes
honored haddock,pid_924,Male,30-44,White / Caucasian,500,yes
honored haddock,pid_926,Female,60+,White / Caucasian,500,yes
honored haddock,pid_933,Female,60+,Other,500,yes
honored haddock,pid_935,Male,30-44,White / Caucasian,500,yes
honored haddock,pid_939,Female,60+,Latino / Hispanic,500,yes
honored haddock,pid_940,Male,18-29,White / Caucasian,500,yes
honored haddock,pid_945,Female,30-44,White / Caucasian,500,yes
honored haddock,pid_946,Female,45-59,Asian / Asian-American,500,yes
honored haddock,pid_949,Male,60+,White / Caucasian,500,yes
honored haddock,pid_950,Male,30-44,Latino / Hispanic,500,yes
honored haddock,pid_951,Female,45-59,Latino / Hispanic,500,yes
honored haddock,pid_954,Female,18-29,Latino / Hispanic,500,yes
honored haddock,pid_955,Female,60+,White / Caucasian,500,yes
honored haddock,pid_957,Female,30-44,Latino / Hispanic,500,yes
honored haddock,pid_958,Female,60+,White / Caucasian,500,yes
honored haddock,pid_961,Female,30-44,Black / African-American,500,yes
honored haddock,pid_969,Female,45-59,White / Caucasian,500,yes
honored haddock,pid_970,Male,60+,Latino / Hispanic,500,yes
honored haddock,pid_976,Female,45-59,White / Caucasian,500,yes
honored haddock,pid_983,Male,45-59,White / Caucasian,500,yes
honored haddock,pid_1001,Male,18-29,Latino / Hispanic,500,yes
honored haddock,pid_1003,Female,60+,White / Caucasian,500,yes
honored haddock,pid_1007,Male,30-44,Black / African-American,500,yes
honored haddock,pid_1010,Female,60+,Latino / Hispanic,500,yes
honored haddock,pid_1011,Female,30-44,Other,500,yes
honored haddock,pid_1016,Female,18-29,White / Caucasian,500,yes
honored haddock,pid_1018,Female,18-29,Other,500,yes
honored haddock,pid_1019,Female,45-59,Latino / Hispanic,500,yes
honored haddock,pid_1030,Female,45-59,Other,500,yes
honored haddock,pid_1037,Female,18-29,White / Caucasian,500,yes
honored haddock,pid_1041,Male,45-59,White / Caucasian,500,yes
honored haddock,pid_1043,Female,30-44,White / Caucasian,500,yes
honored haddock,pid_1044,Female,45-59,White / Caucasian,500,yes
honored haddock,pid_1047,Female,60+,White / Caucasian,500,yes
honored haddock,pid_1048,Male,30-44,White / Caucasian,500,yes
honored haddock,pid_1051,Male,18-29,Latino / Hispanic,500,yes
honored haddock,pid_1054,Male,60+,White / Caucasian,500,yes
honored haddock,pid_1060,Male,30-44,Black / African-American,500,yes
honored haddock,pid_1063,Female,18-29,Asian / Asian-American,500,yes
honored haddock,pid_1064,Male,18-29,White / Caucasian,500,yes
honored haddock,pid_1072,Male,18-29,Latino / Hispanic,500,yes
honored haddock,pid_1082,Female,45-59,Black / African-American,500,yes
honored haddock,pid_1089,Female,60+,White / Caucasian,500,yes
honored haddock,pid_1094,Female,30-44,White / Caucasian,500,yes
honored haddock,pid_1097,Female,60+,Latino / Hispanic,500,yes
honored haddock,pid_1100,Male,30-44,White / Caucasian,500,yes
honored haddock,pid_1109,Male,45-59,White / Caucasian,500,yes
honored haddock,pid_1114,Male,45-59,Other,500,yes
honored haddock,pid_1115,Female,45-59,White / Caucasian,500,yes
honored haddock,pid_1116,Male,18-29,White / Caucasian,500,yes
honored haddock,pid_1124,Female,30-44,Black / African-American,500,yes
honored haddock,pid_1125,Male,30-44,Asian / Asian-American,500,yes
honored haddock,pid_1131,Male,45-59,White / Caucasian,500,yes
honored haddock,pid_1132,Female,45-59,Latino / Hispanic,500,yes
honored haddock,pid_1135,Male,45-59,White / Caucasian,500,yes
honored haddock,pid_1137,Male,60+,Asian / Asian-American,500,yes
honored haddock,pid_1138,Male,30-44,White / Caucasian,500,yes
honored haddock,pid_1144,Male,60+,White / Caucasian,500,yes
honored haddock,pid_1145,Female,30-44,Asian / Asian-American,500,yes
honored haddock,pid_1147,Male,30-44,White / Caucasian,500,yes
honored haddock,pid_1148,Female,30-44,Latino / Hispanic,500,yes
honored haddock,pid_1153,Female,30-44,White / Caucasian,500,yes
honored haddock,pid_1157,Female,45-59,White / Caucasian,500,yes
honored haddock,pid_1159,Female,60+,White / Caucasian,500,yes
honored haddock,pid_1168,Male,45-59,White / Caucasian,500,yes
honored haddock,pid_1174,Female,45-59,White / Caucasian,500,yes
honored haddock,pid_1176,Male,30-44,White / Caucasian,500,yes
honored haddock,pid_1178,Female,18-29,Latino / Hispanic,500,yes
honored haddock,pid_1182,Male,60+,White / Caucasian,500,yes
honored haddock,pid_1183,Female,60+,White / Caucasian,500,yes
honored haddock,pid_1187,Male,18-29,White / Caucasian,500,yes
honored haddock,pid_1188,Male,18-29,Asian / Asian-American,500,yes
honored haddock,pid_1189,Female,30-44,Asian / Asian-American,500,yes
honored haddock,pid_1193,Male,30-44,Latino / Hispanic,500,yes
honored haddock,pid_1194,Male,30-44,White / Caucasian,500,yes
honored haddock,pid_1197,Female,60+,White / Caucasian,500,yes
honored haddock,pid_1199,Male,60+,Black / African-American,500,yes
honored haddock,pid_1202,Male,60+,White / Caucasian,500,yes
honored haddock,pid_1203,Male,18-29,Asian / Asian-American,500,yes
honored haddock,pid_1212,Male,30-44,Latino / Hispanic,500,yes
honored haddock,pid_1217,Female,45-59,Latino / Hispanic,500,yes
honored haddock,pid_1219,Male,60+,White / Caucasian,500,yes
honored haddock,pid_1221,Male,18-29,Latino / Hispanic,500,yes
honored haddock,pid_1225,Male,60+,White / Caucasian,500,yes
honored haddock,pid_1227,Female,30-44,Latino / Hispanic,500,yes
honored haddock,pid_1238,Female,60+,White / Caucasian,500,yes
honored haddock,pid_1240,Male,18-29,White / Caucasian,500,yes
honored haddock,pid_1248,Male,45-59,White / Caucasian,500,yes
honored haddock,pid_1249,Female,45-59,White / Caucasian,500,yes
honored haddock,pid_1253,Female,45-59,Black / African-American,500,yes
honored haddock,pid_1256,Female,30-44,Latino / Hispanic,500,yes
honored haddock,pid_1262,Male,30-44,Latino / Hispanic,500,yes
honored haddock,pid_1273,Male,60+,White / Caucasian,500,yes
honored haddock,pid_1278,Male,30-44,White / Caucasian,500,yes
honored haddock,pid_1286,Male,30-44,White / Caucasian,500,yes
honored haddock,pid_1289,Male,30-44,White / Caucasian,500,yes
honored haddock,pid_1290,Female,30-44,White / Caucasian,500,yes
honored haddock,pid_1299,Female,30-44,White / Caucasian,500,yes
honored haddock,pid_1301,Female,45-59,Black / African-American,500,yes
honored haddock,pid_1302,Male,30-44,Black / African-American,500,yes
honored haddock,pid_1311,Female,30-44,Latino / Hispanic,500,yes
honored haddock,pid_1316,Female,60+,White / Caucasian,500,yes
honored haddock,pid_1317,Female,30-44,Black / African-American,500,yes
honored haddock,pid_1323,Male,60+,White / Caucasian,500,yes
honored haddock,pid_1339,Female,60+,White / Caucasian,500,yes
honored haddock,pid_1343,Male,45-59,White / Caucasian,500,yes
honored haddock,pid_1345,Male,18-29,Asian / Asian-American,500,yes
honored haddock,pid_1350,Male,30-44,Asian / Asian-American,500,yes
honored haddock,pid_1353,Female,45-59,White / Caucasian,500,yes
honored haddock,pid_1362,Male,18-29,White / Caucasian,500,yes
honored haddock,pid_1367,Female,18-29,White / Caucasian,500,yes
honored haddock,pid_1368,Male,30-44,White / Caucasian,500,yes
honored haddock,pid_1369,Male,60+,White / Caucasian,500,yes
honored haddock,pid_1379,Female,30-44,White / Caucasian,500,yes
honored haddock,pid_1380,Female,30-44,White / Caucasian,500,yes
honored haddock,pid_1382,Female,18-29,White / Caucasian,500,yes
honored haddock,pid_1386,Male,30-44,Latino / Hispanic,500,yes
honored haddock,pid_1387,Female,18-29,White / Caucasian,500,yes
honored haddock,pid_1400,Female,18-29,White / Caucasian,500,yes
honored haddock,pid_1403,Female,30-44,Black / African-American,500,yes
honored haddock,pid_1411,Female,60+,White / Caucasian,500,yes
honored haddock,pid_1412,Female,30-44,White / Caucasian,500,yes
honored haddock,pid_1413,Male,30-44,White / Caucasian,500,yes
honored haddock,pid_1416,Male,45-59,White / Caucasian,500,yes
honored haddock,pid_1418,Female,45-59,White / Caucasian,500,yes
honored haddock,pid_1420,Female,45-59,White / Caucasian,500,yes
honored haddock,pid_1423,Male,60+,White / Caucasian,500,yes
honored haddock,pid_1427,Female,60+,White / Caucasian,500,yes
honored haddock,pid_1435,Female,30-44,Black / African-American,500,yes
honored haddock,pid_1439,Male,30-44,Latino / Hispanic,500,yes
honored haddock,pid_1445,Female,18-29,White / Caucasian,500,yes
honored haddock,pid_1446,Female,30-44,White / Caucasian,500,yes
honored haddock,pid_1448,Male,18-29,White / Caucasian,500,yes
honored haddock,pid_1449,Female,18-29,Latino / Hispanic,500,yes
honored haddock,pid_1451,Male,60+,Latino / Hispanic,500,yes
honored haddock,pid_1452,Male,45-59,White / Caucasian,500,yes
honored haddock,pid_1455,Female,18-29,Black / African-American,500,yes
honored haddock,pid_1457,Female,60+,White / Caucasian,500,yes
honored haddock,pid_1458,Male,60+,White / Caucasian,500,yes
honored haddock,pid_1460,Male,18-29,White / Caucasian,500,yes
honored haddock,pid_1463,Male,30-44,Black / African-American,500,yes
honored haddock,pid_1465,Male,18-29,White / Caucasian,500,yes
honored haddock,pid_1471,Male,30-44,White / Caucasian,500,yes
honored haddock,pid_1473,Female,30-44,Black / African-American,500,yes
honored haddock,pid_1474,Female,45-59,White / Caucasian,500,yes
honored haddock,pid_1477,Male,18-29,Latino / Hispanic,500,yes
honored haddock,pid_1487,Female,18-29,White / Caucasian,500,yes
honored haddock,pid_1499,Male,60+,Black / African-American,500,yes
honored haddock,pid_1502,Male,30-44,Latino / Hispanic,500,yes
honored haddock,pid_1503,Male,45-59,White / Caucasian,500,yes
honored haddock,pid_1512,Female,60+,White / Caucasian,500,yes
honored haddock,pid_1516,Male,60+,White / Caucasian,500,yes
honored haddock,pid_1522,Male,30-44,Latino / Hispanic,500,yes
honored haddock,pid_1526,Male,18-29,Latino / Hispanic,500,yes
honored haddock,pid_1531,Female,60+,White / Caucasian,500,yes
honored haddock,pid_1534,Male,45-59,Black / African-American,500,yes
honored haddock,pid_1539,Female,18-29,White / Caucasian,500,yes
honored haddock,pid_1544,Female,30-44,Latino / Hispanic,500,yes
honored haddock,pid_1546,Female,30-44,Latino / Hispanic,500,yes
honored haddock,pid_1548,Female,18-29,Black / African-American,500,yes
honored haddock,pid_1554,Male,60+,Latino / Hispanic,500,yes
honored haddock,pid_1563,Female,45-59,Latino / Hispanic,500,yes
honored haddock,pid_1566,Male,18-29,Latino / Hispanic,500,yes
honored haddock,pid_1571,Male,30-44,White / Caucasian,500,yes
honored haddock,pid_1581,Female,30-44,Black / African-American,500,yes
honored haddock,pid_1583,Male,18-29,Other,500,yes
honored haddock,pid_1584,Female,30-44,Asian / Asian-American,500,yes
honored haddock,pid_1586,Male,30-44,White / Caucasian,500,yes
honored haddock,pid_1588,Male,45-59,Asian / Asian-American,500,yes
honored haddock,pid_1590,Male,30-44,Latino / Hispanic,500,yes
honored haddock,pid_1596,Female,18-29,Latino / Hispanic,500,yes
honored haddock,pid_1598,Male,18-29,White / Caucasian,500,yes
honored haddock,pid_1604,Female,60+,Latino / Hispanic,500,yes
honored haddock,pid_1605,Female,30-44,White / Caucasian,500,yes
honored haddock,pid_1625,Male,30-44,Latino / Hispanic,500,yes
honored haddock,pid_1643,Female,45-59,White / Caucasian,500,yes
honored haddock,pid_1645,Male,45-59,Asian / Asian-American,500,yes
honored haddock,pid_1649,Female,30-44,White / Caucasian,500,yes
honored haddock,pid_1653,Male,18-29,White / Caucasian,500,yes
honored haddock,pid_1656,Male,60+,White / Caucasian,500,yes
honored haddock,pid_1657,Male,30-44,White / Caucasian,500,yes
honored haddock,pid_1660,Female,18-29,Asian / Asian-American,500,yes
honored haddock,pid_1663,Female,30-44,White / Caucasian,500,yes
honored haddock,pid_1667,Female,18-29,White / Caucasian,500,yes
honored haddock,pid_1670,Female,18-29,Latino / Hispanic,500,yes
honored haddock,pid_1676,Female,18-29,Asian / Asian-American,500,yes
honored haddock,pid_1680,Male,60+,White / Caucasian,500,yes
honored haddock,pid_1681,Female,45-59,Latino / Hispanic,500,yes
honored haddock,pid_1684,Male,60+,White / Caucasian,500,yes
honored haddock,pid_1687,Female,30-44,Latino / Hispanic,500,yes
honored haddock,pid_1689,Female,60+,White / Caucasian,500,yes
honored haddock,pid_1697,Male,45-59,Black / African-American,500,yes
honored haddock,pid_1704,Male,30-44,White / Caucasian,500,yes
honored haddock,pid_1712,Female,30-44,White / Caucasian,500,yes
honored haddock,pid_1717,Male,60+,White / Caucasian,500,yes
honored haddock,pid_1721,Female,45-59,White / Caucasian,500,yes
honored haddock,pid_1726,Female,45-59,Latino / Hispanic,500,yes
honored haddock,pid_1728,Female,30-44,White / Caucasian,500,yes
honored haddock,pid_1740,Female,45-59,White / Caucasian,500,yes
honored haddock,pid_1741,Male,18-29,Other,500,yes
honored haddock,pid_1743,Male,30-44,White / Caucasian,500,yes
honored haddock,pid_1751,Female,45-59,White / Caucasian,500,yes
honored haddock,pid_1757,Female,60+,White / Caucasian,500,yes
honored haddock,pid_1763,Female,45-59,Latino / Hispanic,500,yes
honored haddock,pid_1772,Female,60+,Asian / Asian-American,500,yes
honored haddock,pid_1773,Male,18-29,Latino / Hispanic,500,yes
honored haddock,pid_1775,Male,45-59,White / Caucasian,500,yes
honored haddock,pid_1779,Male,30-44,Other,500,yes
honored haddock,pid_1780,Male,30-44,Latino / Hispanic,500,yes
honored haddock,pid_1782,Male,30-44,White / Caucasian,500,yes
honored haddock,pid_1790,Female,30-44,Black / African-American,500,yes
honored haddock,pid_1791,Female,60+,Asian / Asian-American,500,yes
honored haddock,pid_1793,Female,60+,Asian / Asian-American,500,yes
honored haddock,pid_1803,Female,60+,White / Caucasian,500,yes
honored haddock,pid_1805,Male,30-44,Black / African-American,500,yes
honored haddock,pid_1806,Female,60+,White / Caucasian,500,yes
honored haddock,pid_1809,Male,18-29,White / Caucasian,500,yes
honored haddock,pid_1811,Female,45-59,White / Caucasian,500,yes
honored haddock,pid_1814,Female,18-29,White / Caucasian,500,yes
honored haddock,pid_1815,Female,60+,Black / African-American,500,yes
honored haddock,pid_1819,Male,30-44,White / Caucasian,500,yes
honored haddock,pid_1820,Female,30-44,White / Caucasian,500,yes
honored haddock,pid_1822,Female,60+,White / Caucasian,500,yes
honored haddock,pid_1824,Male,18-29,Latino / Hispanic,500,yes
honored haddock,pid_1829,Female,18-29,White / Caucasian,500,yes
honored haddock,pid_1833,Female,18-29,Latino / Hispanic,500,yes
honored haddock,pid_1837,Male,18-29,Latino / Hispanic,500,yes
honored haddock,pid_1840,Female,30-44,Latino / Hispanic,500,yes
honored haddock,pid_1843,Male,30-44,White / Caucasian,500,yes
honored haddock,pid_1846,Female,60+,White / Caucasian,500,yes
honored haddock,pid_1847,Male,45-59,Asian / Asian-American,500,yes
honored haddock,pid_1853,Male,18-29,Latino / Hispanic,500,yes
honored haddock,pid_1857,Male,45-59,White / Caucasian,500,yes
honored haddock,pid_1866,Female,45-59,White / Caucasian,500,yes
honored haddock,pid_1870,Female,45-59,White / Caucasian,500,yes
honored haddock,pid_1872,Male,45-59,White / Caucasian,500,yes
honored haddock,pid_1877,Female,30-44,White / Caucasian,500,yes
honored haddock,pid_1878,Male,45-59,White / Caucasian,500,yes
honored haddock,pid_1884,Male,60+,White / Caucasian,500,yes
honored haddock,pid_1886,Male,18-29,White / Caucasian,500,yes
honored haddock,pid_1889,Male,30-44,White / Caucasian,500,yes
honored haddock,pid_1890,Male,30-44,White / Caucasian,500,yes
honored haddock,pid_1893,Female,18-29,Latino / Hispanic,500,yes
honored haddock,pid_1901,Female,30-44,White / Caucasian,500,yes
honored haddock,pid_1904,Male,30-44,White / Caucasian,500,yes
honored haddock,pid_1908,Female,45-59,White / Caucasian,500,yes
honored haddock,pid_1909,Female,60+,Latino / Hispanic,500,yes
honored haddock,pid_1912,Male,30-44,Asian / Asian-American,500,yes
honored haddock,pid_1913,Female,30-44,Other,500,yes
honored haddock,pid_1917,Female,18-29,White / Caucasian,500,yes
honored haddock,pid_1919,Male,45-59,White / Caucasian,500,yes
honored haddock,pid_1929,Female,60+,White / Caucasian,500,yes
honored haddock,pid_1931,Male,60+,White / Caucasian,500,yes
honored haddock,pid_1933,Female,18-29,White / Caucasian,500,yes
honored haddock,pid_1937,Female,18-29,Other,500,yes
honored haddock,pid_1945,Female,30-44,White / Caucasian,500,yes
honored haddock,pid_1952,Male,45-59,White / Caucasian,500,yes
honored haddock,pid_1953,Male,45-59,White / Caucasian,500,yes
honored haddock,pid_1961,Female,60+,Other,500,yes
honored haddock,pid_1963,Male,30-44,White / Caucasian,500,yes
honored haddock,pid_1966,Female,18-29,Latino / Hispanic,500,yes
honored haddock,pid_1972,Male,18-29,Black / African-American,500,yes
honored haddock,pid_1973,Female,18-29,Latino / Hispanic,500,yes
honored haddock,pid_1978,Male,30-44,White / Caucasian,500,yes
honored haddock,pid_1981,Female,18-29,White / Caucasian,500,yes
honored haddock,pid_1982,Male,45-59,White / Caucasian,500,yes
honored haddock,pid_1985,Male,18-29,Black / African-American,500,yes
honored haddock,pid_1988,Female,30-44,White / Caucasian,500,yes
honored haddock,pid_1989,Female,30-44,White / Caucasian,500,yes
honored haddock,pid_1997,Female,30-44,White / Caucasian,500,yes
honored haddock,pid_1998,Female,60+,White / Caucasian,500,yes
honored haddock,pid_1999,Female,30-44,White / Caucasian,500,yes
honored haddock,pid_2000,Male,60+,White / Caucasian,500,yes
honored haddock,pid_2003,Male,18-29,White / Caucasian,500,yes
honored haddock,pid_2005,Male,45-59,White / Caucasian,500,yes
honored haddock,pid_2006,Male,45-59,White / Caucasian,500,yes
honored haddock,pid_2008,Female,45-59,Asian / Asian-American,500,yes
honored haddock,pid_2010,Female,45-59,White / Caucasian,500,yes
honored haddock,pid_2021,Female,45-59,White / Caucasian,500,yes
honored haddock,pid_2022,Female,60+,Black / African-American,500,yes
honored haddock,pid_2025,Male,60+,White / Caucasian,500,yes
honored haddock,pid_2026,Male,45-59,White / Caucasian,500,yes
honored haddock,pid_2030,Female,60+,White / Caucasian,500,yes
honored haddock,pid_2034,Male,45-59,White / Caucasian,500,yes
honored haddock,pid_2041,Male,60+,White / Caucasian,500,yes
honored haddock,pid_2046,Male,18-29,Latino / Hispanic,500,yes
honored haddock,pid_2049,Female,18-29,Black / African-American,500,yes
honored haddock,pid_2052,Male,18-29,White / Caucasian,500,yes
honored haddock,pid_2054,Female,30-44,Black / African-American,500,yes
jealous jaguar,pid_14,Female,45-59,White / Caucasian,500,yes
jealous jaguar,pid_15,Male,60+,White / Caucasian,500,yes
jealous jaguar,pid_23,Male,45-59,White / Caucasian,500,yes
jealous jaguar,pid_29,Female,60+,White / Caucasian,500,yes
jealous jaguar,pid_32,Male,30-44,Latino / Hispanic,500,yes
jealous jaguar,pid_35,Female,30-44,White / Caucasian,500,yes
jealous jaguar,pid_43,Male,18-29,Black / African-American,500,yes
jealous jaguar,pid_57,Male,45-59,Black / African-American,500,yes
jealous jaguar,pid_59,Male,45-59,White / Caucasian,500,yes
jealous jaguar,pid_62,Male,45-59,White / Caucasian,500,yes
jealous jaguar,pid_65,Female,45-59,Latino / Hispanic,500,yes
jealous jaguar,pid_71,Male,60+,Latino / Hispanic,500,yes
jealous jaguar,pid_72,Male,45-59,White / Caucasian,500,yes
jealous jaguar,pid_75,Female,45-59,White / Caucasian,500,yes
jealous jaguar,pid_76,Female,60+,White / Caucasian,500,yes
jealous jaguar,pid_81,Male,60+,White / Caucasian,500,yes
jealous jaguar,pid_83,Female,60+,White / Caucasian,500,yes
jealous jaguar,pid_84,Female,60+,White / Caucasian,500,yes
jealous jaguar,pid_91,Female,60+,White / Caucasian,500,yes
jealous jaguar,pid_95,Female,60+,White / Caucasian,500,yes
jealous jaguar,pid_99,Male,30-44,Other,500,yes
jealous jaguar,pid_102,Male,45-59,Black / African-American,500,yes
jealous jaguar,pid_104,Male,30-44,White / Caucasian,500,yes
jealous jaguar,pid_107,Male,45-59,White / Caucasian,500,yes
jealous jaguar,pid_115,Female,60+,Asian / Asian-American,500,yes
jealous jaguar,pid_118,Male,60+,White / Caucasian,500,yes
jealous jaguar,pid_122,Female,60+,White / Caucasian,500,yes
jealous jaguar,pid_123,Male,60+,White / Caucasian,500,yes
jealous jaguar,pid_129,Female,30-44,Asian / Asian-American,500,yes
jealous jaguar,pid_133,Female,60+,Latino / Hispanic,500,yes
jealous jaguar,pid_160,Male,60+,White / Caucasian,500,yes
jealous jaguar,pid_163,Male,45-59,White / Caucasian,500,yes
jealous jaguar,pid_165,Male,45-59,Latino / Hispanic,500,yes
jealous jaguar,pid_167,Female,60+,White / Caucasian,500,yes
jealous jaguar,pid_173,Female,30-44,White / Caucasian,500,yes
jealous jaguar,pid_174,Female,60+,White / Caucasian,500,yes
jealous jaguar,pid_180,Female,60+,Black / African-American,500,yes
jealous jaguar,pid_182,Female,60+,White / Caucasian,500,yes
jealous jaguar,pid_186,Female,18-29,Black / African-American,500,yes
jealous jaguar,pid_189,Female,45-59,White / Caucasian,500,yes
jealous jaguar,pid_198,Female,30-44,White / Caucasian,500,yes
jealous jaguar,pid_204,Female,60+,White / Caucasian,500,yes
jealous jaguar,pid_207,Female,45-59,Black / African-American,500,yes
jealous jaguar,pid_217,Male,60+,White / Caucasian,500,yes
jealous jaguar,pid_223,Male,60+,Black / African-American,500,yes
jealous jaguar,pid_245,Female,30-44,White / Caucasian,500,yes
jealous jaguar,pid_248,Male,45-59,White / Caucasian,500,yes
jealous jaguar,pid_253,Female,60+,White / Caucasian,500,yes
jealous jaguar,pid_258,Male,60+,White / Caucasian,500,yes
jealous jaguar,pid_262,Male,60+,White / Caucasian,500,yes
jealous jaguar,pid_263,Female,45-59,White / Caucasian,500,yes
jealous jaguar,pid_265,Female,60+,Black / African-American,500,yes
jealous jaguar,pid_268,Male,60+,White / Caucasian,500,yes
jealous jaguar,pid_273,Male,60+,Latino / Hispanic,500,yes
jealous jaguar,pid_276,Male,60+,White / Caucasian,500,yes
jealous jaguar,pid_278,Male,60+,White / Caucasian,500,yes
jealous jaguar,pid_282,Male,18-29,White / Caucasian,500,yes
jealous jaguar,pid_283,Female,60+,White / Caucasian,500,yes
jealous jaguar,pid_285,Male,45-59,White / Caucasian,500,yes
jealous jaguar,pid_289,Male,30-44,White / Caucasian,500,yes
jealous jaguar,pid_290,Male,30-44,Latino / Hispanic,500,yes
jealous jaguar,pid_294,Male,60+,Black / African-American,500,yes
jealous jaguar,pid_296,Female,30-44,Latino / Hispanic,500,yes
jealous jaguar,pid_303,Female,60+,Black / African-American,500,yes
jealous jaguar,pid_305,Male,18-29,Latino / Hispanic,500,yes
jealous jaguar,pid_315,Male,18-29,White / Caucasian,500,yes
jealous jaguar,pid_318,Female,45-59,White / Caucasian,500,yes
jealous jaguar,pid_329,Male,60+,White / Caucasian,500,yes
jealous jaguar,pid_333,Female,60+,White / Caucasian,500,yes
jealous jaguar,pid_336,Female,30-44,Latino / Hispanic,500,yes
jealous jaguar,pid_337,Male,60+,White / Caucasian,500,yes
jealous jaguar,pid_339,Male,45-59,Black / African-American,500,yes
jealous jaguar,pid_345,Male,45-59,White / Caucasian,500,yes
jealous jaguar,pid_348,Female,45-59,Black / African-American,500,yes
jealous jaguar,pid_350,Male,45-59,Latino / Hispanic,500,yes
jealous jaguar,pid_353,Male,45-59,Latino / Hispanic,500,yes
jealous jaguar,pid_363,Male,30-44,White / Caucasian,500,yes
jealous jaguar,pid_366,Female,60+,White / Caucasian,500,yes
jealous jaguar,pid_368,Female,60+,White / Caucasian,500,yes
jealous jaguar,pid_369,Female,45-59,White / Caucasian,500,yes
jealous jaguar,pid_371,Female,45-59,White / Caucasian,500,yes
jealous jaguar,pid_373,Female,60+,White / Caucasian,500,yes
jealous jaguar,pid_376,Male,60+,Black / African-American,500,yes
jealous jaguar,pid_378,Female,30-44,Asian / Asian-American,500,yes
jealous jaguar,pid_379,Male,60+,Other,500,yes
jealous jaguar,pid_384,Female,60+,Black / African-American,500,yes
jealous jaguar,pid_391,Male,60+,White / Caucasian,500,yes
jealous jaguar,pid_393,Male,60+,Latino / Hispanic,500,yes
jealous jaguar,pid_398,Female,60+,Latino / Hispanic,500,yes
jealous jaguar,pid_402,Female,60+,Asian / Asian-American,500,yes
jealous jaguar,pid_403,Male,30-44,Black / African-American,500,yes
jealous jaguar,pid_406,Male,18-29,White / Caucasian,500,yes
jealous jaguar,pid_407,Male,60+,Latino / Hispanic,500,yes
jealous jaguar,pid_411,Male,45-59,White / Caucasian,500,yes
jealous jaguar,pid_412,Male,45-59,White / Caucasian,500,yes
jealous jaguar,pid_425,Male,45-59,White / Caucasian,500,yes
jealous jaguar,pid_443,Male,30-44,Black / African-American,500,yes
jealous jaguar,pid_445,Male,45-59,White / Caucasian,500,yes
jealous jaguar,pid_447,Male,60+,Asian / Asian-American,500,yes
jealous jaguar,pid_450,Female,45-59,White / Caucasian,500,yes
jealous jaguar,pid_451,Female,60+,White / Caucasian,500,yes
jealous jaguar,pid_453,Male,18-29,Black / African-American,500,yes
jealous jaguar,pid_455,Female,45-59,Asian / Asian-American,500,yes
jealous jaguar,pid_456,Female,45-59,White / Caucasian,500,yes
jealous jaguar,pid_459,Female,60+,White / Caucasian,500,yes
jealous jaguar,pid_460,Male,45-59,White / Caucasian,500,yes
jealous jaguar,pid_461,Male,60+,White / Caucasian,500,yes
jealous jaguar,pid_462,Female,60+,White / Caucasian,500,yes
jealous jaguar,pid_463,Female,18-29,White / Caucasian,500,yes
jealous jaguar,pid_464,Female,18-29,Latino / Hispanic,500,yes
jealous jaguar,pid_467,Female,18-29,White / Caucasian,500,yes
jealous jaguar,pid_469,Female,45-59,Black / African-American,500,yes
jealous jaguar,pid_470,Male,18-29,Latino / Hispanic,500,yes
jealous jaguar,pid_474,Female,45-59,Black / African-American,500,yes
jealous jaguar,pid_475,Male,18-29,White / Caucasian,500,yes
jealous jaguar,pid_478,Male,60+,White / Caucasian,500,yes
jealous jaguar,pid_487,Female,18-29,Black / African-American,500,yes
jealous jaguar,pid_491,Male,30-44,White / Caucasian,500,yes
jealous jaguar,pid_492,Female,60+,White / Caucasian,500,yes
jealous jaguar,pid_502,Female,60+,White / Caucasian,500,yes
jealous jaguar,pid_507,Male,60+,Black / African-American,500,yes
jealous jaguar,pid_509,Female,45-59,White / Caucasian,500,yes
jealous jaguar,pid_511,Male,60+,White / Caucasian,500,yes
jealous jaguar,pid_512,Female,18-29,White / Caucasian,500,yes
jealous jaguar,pid_513,Male,60+,Asian / Asian-American,500,yes
jealous jaguar,pid_517,Female,18-29,Latino / Hispanic,500,yes
jealous jaguar,pid_520,Male,60+,White / Caucasian,500,yes
jealous jaguar,pid_521,Female,60+,Black / African-American,500,yes
jealous jaguar,pid_525,Male,30-44,Asian / Asian-American,500,yes
jealous jaguar,pid_528,Female,30-44,White / Caucasian,500,yes
jealous jaguar,pid_541,Male,30-44,Latino / Hispanic,500,yes
jealous jaguar,pid_542,Female,45-59,White / Caucasian,500,yes
jealous jaguar,pid_559,Female,30-44,White / Caucasian,500,yes
jealous jaguar,pid_563,Male,30-44,White / Caucasian,500,yes
jealous jaguar,pid_566,Female,18-29,Black / African-American,500,yes
jealous jaguar,pid_569,Male,60+,Latino / Hispanic,500,yes
jealous jaguar,pid_577,Female,18-29,Black / African-American,500,yes
jealous jaguar,pid_578,Female,60+,White / Caucasian,500,yes
jealous jaguar,pid_582,Male,30-44,Latino / Hispanic,500,yes
jealous jaguar,pid_585,Male,60+,Asian / Asian-American,500,yes
jealous jaguar,pid_586,Female,45-59,White / Caucasian,500,yes
jealous jaguar,pid_607,Male,30-44,Black / African-American,500,yes
jealous jaguar,pid_609,Female,60+,White / Caucasian,500,yes
jealous jaguar,pid_610,Male,60+,White / Caucasian,500,yes
jealous jaguar,pid_628,Male,18-29,Black / African-American,500,yes
jealous jaguar,pid_629,Male,18-29,White / Caucasian,500,yes
jealous jaguar,pid_636,Female,18-29,White / Caucasian,500,yes
jealous jaguar,pid_653,Male,18-29,Latino / Hispanic,500,yes
jealous jaguar,pid_654,Male,45-59,Black / African-American,500,yes
jealous jaguar,pid_667,Male,45-59,White / Caucasian,500,yes
jealous jaguar,pid_676,Female,45-59,Latino / Hispanic,500,yes
jealous jaguar,pid_679,Male,18-29,White / Caucasian,500,yes
jealous jaguar,pid_684,Female,18-29,White / Caucasian,500,yes
jealous jaguar,pid_687,Female,18-29,White / Caucasian,500,yes
jealous jaguar,pid_691,Female,60+,Black / African-American,500,yes
jealous jaguar,pid_695,Female,18-29,White / Caucasian,500,yes
jealous jaguar,pid_708,Female,60+,White / Caucasian,500,yes
jealous jaguar,pid_714,Female,45-59,Asian / Asian-American,500,yes
jealous jaguar,pid_715,Female,30-44,White / Caucasian,500,yes
jealous jaguar,pid_716,Male,18-29,Black / African-American,500,yes
jealous jaguar,pid_717,Female,60+,White / Caucasian,500,yes
jealous jaguar,pid_718,Female,60+,White / Caucasian,500,yes
jealous jaguar,pid_721,Male,45-59,Asian / Asian-American,500,yes
jealous jaguar,pid_732,Male,60+,White / Caucasian,500,yes
jealous jaguar,pid_736,Female,60+,White / Caucasian,500,yes
jealous jaguar,pid_738,Female,30-44,White / Caucasian,500,yes
jealous jaguar,pid_744,Male,60+,White / Caucasian,500,yes
jealous jaguar,pid_753,Male,30-44,Latino / Hispanic,500,yes
jealous jaguar,pid_757,Female,18-29,White / Caucasian,500,yes
jealous jaguar,pid_758,Female,60+,Black / African-American,500,yes
jealous jaguar,pid_761,Female,30-44,White / Caucasian,500,yes
jealous jaguar,pid_764,Male,18-29,White / Caucasian,500,yes
jealous jaguar,pid_767,Female,45-59,White / Caucasian,500,yes
jealous jaguar,pid_773,Female,30-44,Latino / Hispanic,500,yes
jealous jaguar,pid_774,Male,60+,White / Caucasian,500,yes
jealous jaguar,pid_788,Male,45-59,White / Caucasian,500,yes
jealous jaguar,pid_792,Female,45-59,White / Caucasian,500,yes
jealous jaguar,pid_797,Female,30-44,Latino / Hispanic,500,yes
jealous jaguar,pid_800,Female,60+,Latino / Hispanic,500,yes
jealous jaguar,pid_804,Female,30-44,White / Caucasian,500,yes
jealous jaguar,pid_805,Female,30-44,White / Caucasian,500,yes
jealous jaguar,pid_808,Male,30-44,Asian / Asian-American,500,yes
jealous jaguar,pid_814,Male,30-44,White / Caucasian,500,yes
jealous jaguar,pid_822,Male,45-59,Latino / Hispanic,500,yes
jealous jaguar,pid_824,Male,60+,White / Caucasian,500,yes
jealous jaguar,pid_839,Male,45-59,Black / African-American,500,yes
jealous jaguar,pid_845,Female,60+,White / Caucasian,500,yes
jealous jaguar,pid_846,Female,18-29,White / Caucasian,500,yes
jealous jaguar,pid_847,Male,60+,White / Caucasian,500,yes
jealous jaguar,pid_857,Female,60+,White / Caucasian,500,yes
jealous jaguar,pid_860,Female,60+,White / Caucasian,500,yes
jealous jaguar,pid_861,Male,60+,White / Caucasian,500,yes
jealous jaguar,pid_863,Male,60+,Latino / Hispanic,500,yes
jealous jaguar,pid_869,Female,45-59,White / Caucasian,500,yes
jealous jaguar,pid_871,Female,60+,Latino / Hispanic,500,yes
jealous jaguar,pid_872,Male,45-59,Black / African-American,500,yes
jealous jaguar,pid_881,Male,18-29,White / Caucasian,500,yes
jealous jaguar,pid_882,Male,30-44,Latino / Hispanic,500,yes
jealous jaguar,pid_883,Male,18-29,White / Caucasian,500,yes
jealous jaguar,pid_895,Female,30-44,Asian / Asian-American,500,yes
jealous jaguar,pid_897,Male,60+,White / Caucasian,500,yes
jealous jaguar,pid_900,Female,60+,White / Caucasian,500,yes
jealous jaguar,pid_903,Female,18-29,Latino / Hispanic,500,yes
jealous jaguar,pid_904,Male,18-29,White / Caucasian,500,yes
jealous jaguar,pid_910,Male,45-59,White / Caucasian,500,yes
jealous jaguar,pid_913,Female,18-29,White / Caucasian,500,yes
jealous jaguar,pid_914,Male,60+,Latino / Hispanic,500,yes
jealous jaguar,pid_916,Male,60+,White / Caucasian,500,yes
jealous jaguar,pid_917,Male,30-44,White / Caucasian,500,yes
jealous jaguar,pid_920,Male,60+,Black / African-American,500,yes
jealous jaguar,pid_921,Female,30-44,Latino / Hispanic,500,yes
jealous jaguar,pid_924,Male,30-44,White / Caucasian,500,yes
jealous jaguar,pid_926,Female,60+,White / Caucasian,500,yes
jealous jaguar,pid_933,Female,60+,Other,500,yes
jealous jaguar,pid_935,Male,30-44,White / Caucasian,500,yes
jealous jaguar,pid_939,Female,60+,Latino / Hispanic,500,yes
jealous jaguar,pid_940,Male,18-29,White / Caucasian,500,yes
jealous jaguar,pid_945,Female,30-44,White / Caucasian,500,yes
jealous jaguar,pid_946,Female,45-59,Asian / Asian-American,500,yes
jealous jaguar,pid_949,Male,60+,White / Caucasian,500,yes
jealous jaguar,pid_950,Male,30-44,Latino / Hispanic,500,yes
jealous jaguar,pid_951,Female,45-59,Latino / Hispanic,500,yes
jealous jaguar,pid_954,Female,18-29,Latino / Hispanic,500,yes
jealous jaguar,pid_955,Female,60+,White / Caucasian,500,yes
jealous jaguar,pid_957,Female,30-44,Latino / Hispanic,500,yes
jealous jaguar,pid_958,Female,60+,White / Caucasian,500,yes
jealous jaguar,pid_961,Female,30-44,Black / African-American,500,yes
jealous jaguar,pid_969,Female,45-59,White / Caucasian,500,yes
jealous jaguar,pid_970,Male,60+,Latino / Hispanic,500,yes
jealous jaguar,pid_976,Female,45-59,White / Caucasian,500,yes
jealous jaguar,pid_983,Male,45-59,White / Caucasian,500,yes
jealous jaguar,pid_1001,Male,18-29,Latino / Hispanic,500,yes
jealous jaguar,pid_1003,Female,60+,White / Caucasian,500,yes
jealous jaguar,pid_1007,Male,30-44,Black / African-American,500,yes
jealous jaguar,pid_1010,Female,60+,Latino / Hispanic,500,yes
jealous jaguar,pid_1011,Female,30-44,Other,500,yes
jealous jaguar,pid_1016,Female,18-29,White / Caucasian,500,yes
jealous jaguar,pid_1018,Female,18-29,Other,500,yes
jealous jaguar,pid_1019,Female,45-59,Latino / Hispanic,500,yes
jealous jaguar,pid_1030,Female,45-59,Other,500,yes
jealous jaguar,pid_1037,Female,18-29,White / Caucasian,500,yes
jealous jaguar,pid_1041,Male,45-59,White / Caucasian,500,yes
jealous jaguar,pid_1043,Female,30-44,White / Caucasian,500,yes
jealous jaguar,pid_1044,Female,45-59,White / Caucasian,500,yes
jealous jaguar,pid_1047,Female,60+,White / Caucasian,500,yes
jealous jaguar,pid_1048,Male,30-44,White / Caucasian,500,yes
jealous jaguar,pid_1051,Male,18-29,Latino / Hispanic,500,yes
jealous jaguar,pid_1054,Male,60+,White / Caucasian,500,yes
jealous jaguar,pid_1060,Male,30-44,Black / African-American,500,yes
jealous jaguar,pid_1063,Female,18-29,Asian / Asian-American,500,yes
jealous jaguar,pid_1064,Male,18-29,White / Caucasian,500,yes
jealous jaguar,pid_1072,Male,18-29,Latino / Hispanic,500,yes
jealous jaguar,pid_1082,Female,45-59,Black / African-American,500,yes
jealous jaguar,pid_1089,Female,60+,White / Caucasian,500,yes
jealous jaguar,pid_1094,Female,30-44,White / Caucasian,500,yes
jealous jaguar,pid_1097,Female,60+,Latino / Hispanic,500,yes
jealous jaguar,pid_1100,Male,30-44,White / Caucasian,500,yes
jealous jaguar,pid_1109,Male,45-59,White / Caucasian,500,yes
jealous jaguar,pid_1114,Male,45-59,Other,500,yes
jealous jaguar,pid_1115,Female,45-59,White / Caucasian,500,yes
jealous jaguar,pid_1116,Male,18-29,White / Caucasian,500,yes
jealous jaguar,pid_1124,Female,30-44,Black / African-American,500,yes
jealous jaguar,pid_1125,Male,30-44,Asian / Asian-American,500,yes
jealous jaguar,pid_1131,Male,45-59,White / Caucasian,500,yes
jealous jaguar,pid_1132,Female,45-59,Latino / Hispanic,500,yes
jealous jaguar,pid_1135,Male,45-59,White / Caucasian,500,yes
jealous jaguar,pid_1137,Male,60+,Asian / Asian-American,500,yes
jealous jaguar,pid_1138,Male,30-44,White / Caucasian,500,yes
jealous jaguar,pid_1144,Male,60+,White / Caucasian,500,yes
jealous jaguar,pid_1145,Female,30-44,Asian / Asian-American,500,yes
jealous jaguar,pid_1147,Male,30-44,White / Caucasian,500,yes
jealous jaguar,pid_1148,Female,30-44,Latino / Hispanic,500,yes
jealous jaguar,pid_1153,Female,30-44,White / Caucasian,500,yes
jealous jaguar,pid_1157,Female,45-59,White / Caucasian,500,yes
jealous jaguar,pid_1159,Female,60+,White / Caucasian,500,yes
jealous jaguar,pid_1168,Male,45-59,White / Caucasian,500,yes
jealous jaguar,pid_1174,Female,45-59,White / Caucasian,500,yes
jealous jaguar,pid_1176,Male,30-44,White / Caucasian,500,yes
jealous jaguar,pid_1178,Female,18-29,Latino / Hispanic,500,yes
jealous jaguar,pid_1182,Male,60+,White / Caucasian,500,yes
jealous jaguar,pid_1183,Female,60+,White / Caucasian,500,yes
jealous jaguar,pid_1187,Male,18-29,White / Caucasian,500,yes
jealous jaguar,pid_1188,Male,18-29,Asian / Asian-American,500,yes
jealous jaguar,pid_1189,Female,30-44,Asian / Asian-American,500,yes
jealous jaguar,pid_1193,Male,30-44,Latino / Hispanic,500,yes
jealous jaguar,pid_1194,Male,30-44,White / Caucasian,500,yes
jealous jaguar,pid_1197,Female,60+,White / Caucasian,500,yes
jealous jaguar,pid_1199,Male,60+,Black / African-American,500,yes
jealous jaguar,pid_1202,Male,60+,White / Caucasian,500,yes
jealous jaguar,pid_1203,Male,18-29,Asian / Asian-American,500,yes
jealous jaguar,pid_1212,Male,30-44,Latino / Hispanic,500,yes
jealous jaguar,pid_1217,Female,45-59,Latino / Hispanic,500,yes
jealous jaguar,pid_1219,Male,60+,White / Caucasian,500,yes
jealous jaguar,pid_1221,Male,18-29,Latino / Hispanic,500,yes
jealous jaguar,pid_1225,Male,60+,White / Caucasian,500,yes
jealous jaguar,pid_1227,Female,30-44,Latino / Hispanic,500,yes
jealous jaguar,pid_1238,Female,60+,White / Caucasian,500,yes
jealous jaguar,pid_1240,Male,18-29,White / Caucasian,500,yes
jealous jaguar,pid_1248,Male,45-59,White / Caucasian,500,yes
jealous jaguar,pid_1249,Female,45-59,White / Caucasian,500,yes
jealous jaguar,pid_1253,Female,45-59,Black / African-American,500,yes
jealous jaguar,pid_1256,Female,30-44,Latino / Hispanic,500,yes
jealous jaguar,pid_1262,Male,30-44,Latino / Hispanic,500,yes
jealous jaguar,pid_1273,Male,60+,White / Caucasian,500,yes
jealous jaguar,pid_1278,Male,30-44,White / Caucasian,500,yes
jealous jaguar,pid_1286,Male,30-44,White / Caucasian,500,yes
jealous jaguar,pid_1289,Male,30-44,White / Caucasian,500,yes
jealous jaguar,pid_1290,Female,30-44,White / Caucasian,500,yes
jealous jaguar,pid_1299,Female,30-44,White / Caucasian,500,yes
jealous jaguar,pid_1301,Female,45-59,Black / African-American,500,yes
jealous jaguar,pid_1302,Male,30-44,Black / African-American,500,yes
jealous jaguar,pid_1311,Female,30-44,Latino / Hispanic,500,yes
jealous jaguar,pid_1316,Female,60+,White / Caucasian,500,yes
jealous jaguar,pid_1317,Female,30-44,Black / African-American,500,yes
jealous jaguar,pid_1323,Male,60+,White / Caucasian,500,yes
jealous jaguar,pid_1339,Female,60+,White / Caucasian,500,yes
jealous jaguar,pid_1343,Male,45-59,White / Caucasian,500,yes
jealous jaguar,pid_1345,Male,18-29,Asian / Asian-American,500,yes
jealous jaguar,pid_1350,Male,30-44,Asian / Asian-American,500,yes
jealous jaguar,pid_1353,Female,45-59,White / Caucasian,500,yes
jealous jaguar,pid_1362,Male,18-29,White / Caucasian,500,yes
jealous jaguar,pid_1367,Female,18-29,White / Caucasian,500,yes
jealous jaguar,pid_1368,Male,30-44,White / Caucasian,500,yes
jealous jaguar,pid_1369,Male,60+,White / Caucasian,500,yes
jealous jaguar,pid_1379,Female,30-44,White / Caucasian,500,yes
jealous jaguar,pid_1380,Female,30-44,White / Caucasian,500,yes
jealous jaguar,pid_1382,Female,18-29,White / Caucasian,500,yes
jealous jaguar,pid_1386,Male,30-44,Latino / Hispanic,500,yes
jealous jaguar,pid_1387,Female,18-29,White / Caucasian,500,yes
jealous jaguar,pid_1400,Female,18-29,White / Caucasian,500,yes
jealous jaguar,pid_1403,Female,30-44,Black / African-American,500,yes
jealous jaguar,pid_1411,Female,60+,White / Caucasian,500,yes
jealous jaguar,pid_1412,Female,30-44,White / Caucasian,500,yes
jealous jaguar,pid_1413,Male,30-44,White / Caucasian,500,yes
jealous jaguar,pid_1416,Male,45-59,White / Caucasian,500,yes
jealous jaguar,pid_1418,Female,45-59,White / Caucasian,500,yes
jealous jaguar,pid_1420,Female,45-59,White / Caucasian,500,yes
jealous jaguar,pid_1423,Male,60+,White / Caucasian,500,yes
jealous jaguar,pid_1427,Female,60+,White / Caucasian,500,yes
jealous jaguar,pid_1435,Female,30-44,Black / African-American,500,yes
jealous jaguar,pid_1439,Male,30-44,Latino / Hispanic,500,yes
jealous jaguar,pid_1445,Female,18-29,White / Caucasian,500,yes
jealous jaguar,pid_1446,Female,30-44,White / Caucasian,500,yes
jealous jaguar,pid_1448,Male,18-29,White / Caucasian,500,yes
jealous jaguar,pid_1449,Female,18-29,Latino / Hispanic,500,yes
jealous jaguar,pid_1451,Male,60+,Latino / Hispanic,500,yes
jealous jaguar,pid_1452,Male,45-59,White / Caucasian,500,yes
jealous jaguar,pid_1455,Female,18-29,Black / African-American,500,yes
jealous jaguar,pid_1457,Female,60+,White / Caucasian,500,yes
jealous jaguar,pid_1458,Male,60+,White / Caucasian,500,yes
jealous jaguar,pid_1460,Male,18-29,White / Caucasian,500,yes
jealous jaguar,pid_1463,Male,30-44,Black / African-American,500,yes
jealous jaguar,pid_1465,Male,18-29,White / Caucasian,500,yes
jealous jaguar,pid_1471,Male,30-44,White / Caucasian,500,yes
jealous jaguar,pid_1473,Female,30-44,Black / African-American,500,yes
jealous jaguar,pid_1474,Female,45-59,White / Caucasian,500,yes
jealous jaguar,pid_1477,Male,18-29,Latino / Hispanic,500,yes
jealous jaguar,pid_1487,Female,18-29,White / Caucasian,500,yes
jealous jaguar,pid_1499,Male,60+,Black / African-American,500,yes
jealous jaguar,pid_1502,Male,30-44,Latino / Hispanic,500,yes
jealous jaguar,pid_1503,Male,45-59,White / Caucasian,500,yes
jealous jaguar,pid_1512,Female,60+,White / Caucasian,500,yes
jealous jaguar,pid_1516,Male,60+,White / Caucasian,500,yes
jealous jaguar,pid_1522,Male,30-44,Latino / Hispanic,500,yes
jealous jaguar,pid_1526,Male,18-29,Latino / Hispanic,500,yes
jealous jaguar,pid_1531,Female,60+,White / Caucasian,500,yes
jealous jaguar,pid_1534,Male,45-59,Black / African-American,500,yes
jealous jaguar,pid_1539,Female,18-29,White / Caucasian,500,yes
jealous jaguar,pid_1544,Female,30-44,Latino / Hispanic,500,yes
jealous jaguar,pid_1546,Female,30-44,Latino / Hispanic,500,yes
jealous jaguar,pid_1548,Female,18-29,Black / African-American,500,yes
jealous jaguar,pid_1554,Male,60+,Latino / Hispanic,500,yes
jealous jaguar,pid_1563,Female,45-59,Latino / Hispanic,500,yes
jealous jaguar,pid_1566,Male,18-29,Latino / Hispanic,500,yes
jealous jaguar,pid_1571,Male,30-44,White / Caucasian,500,yes
jealous jaguar,pid_1581,Female,30-44,Black / African-American,500,yes
jealous jaguar,pid_1583,Male,18-29,Other,500,yes
jealous jaguar,pid_1584,Female,30-44,Asian / Asian-American,500,yes
jealous jaguar,pid_1586,Male,30-44,White / Caucasian,500,yes
jealous jaguar,pid_1588,Male,45-59,Asian / Asian-American,500,yes
jealous jaguar,pid_1590,Male,30-44,Latino / Hispanic,500,yes
jealous jaguar,pid_1596,Female,18-29,Latino / Hispanic,500,yes
jealous jaguar,pid_1598,Male,18-29,White / Caucasian,500,yes
jealous jaguar,pid_1604,Female,60+,Latino / Hispanic,500,yes
jealous jaguar,pid_1605,Female,30-44,White / Caucasian,500,yes
jealous jaguar,pid_1625,Male,30-44,Latino / Hispanic,500,yes
jealous jaguar,pid_1643,Female,45-59,White / Caucasian,500,yes
jealous jaguar,pid_1645,Male,45-59,Asian / Asian-American,500,yes
jealous jaguar,pid_1649,Female,30-44,White / Caucasian,500,yes
jealous jaguar,pid_1653,Male,18-29,White / Caucasian,500,yes
jealous jaguar,pid_1656,Male,60+,White / Caucasian,500,yes
jealous jaguar,pid_1657,Male,30-44,White / Caucasian,500,yes
jealous jaguar,pid_1660,Female,18-29,Asian / Asian-American,500,yes
jealous jaguar,pid_1663,Female,30-44,White / Caucasian,500,yes
jealous jaguar,pid_1667,Female,18-29,White / Caucasian,500,yes
jealous jaguar,pid_1670,Female,18-29,Latino / Hispanic,500,yes
jealous jaguar,pid_1676,Female,18-29,Asian / Asian-American,500,yes
jealous jaguar,pid_1680,Male,60+,White / Caucasian,500,yes
jealous jaguar,pid_1681,Female,45-59,Latino / Hispanic,500,yes
jealous jaguar,pid_1684,Male,60+,White / Caucasian,500,yes
jealous jaguar,pid_1687,Female,30-44,Latino / Hispanic,500,yes
jealous jaguar,pid_1689,Female,60+,White / Caucasian,500,yes
jealous jaguar,pid_1697,Male,45-59,Black / African-American,500,yes
jealous jaguar,pid_1704,Male,30-44,White / Caucasian,500,yes
jealous jaguar,pid_1712,Female,30-44,White / Caucasian,500,yes
jealous jaguar,pid_1717,Male,60+,White / Caucasian,500,yes
jealous jaguar,pid_1721,Female,45-59,White / Caucasian,500,yes
jealous jaguar,pid_1726,Female,45-59,Latino / Hispanic,500,yes
jealous jaguar,pid_1728,Female,30-44,White / Caucasian,500,yes
jealous jaguar,pid_1740,Female,45-59,White / Caucasian,500,yes
jealous jaguar,pid_1741,Male,18-29,Other,500,yes
jealous jaguar,pid_1743,Male,30-44,White / Caucasian,500,yes
jealous jaguar,pid_1751,Female,45-59,White / Caucasian,500,yes
jealous jaguar,pid_1757,Female,60+,White / Caucasian,500,yes
jealous jaguar,pid_1763,Female,45-59,Latino / Hispanic,500,yes
jealous jaguar,pid_1772,Female,60+,Asian / Asian-American,500,yes
jealous jaguar,pid_1773,Male,18-29,Latino / Hispanic,500,yes
jealous jaguar,pid_1775,Male,45-59,White / Caucasian,500,yes
jealous jaguar,pid_1779,Male,30-44,Other,500,yes
jealous jaguar,pid_1780,Male,30-44,Latino / Hispanic,500,yes
jealous jaguar,pid_1782,Male,30-44,White / Caucasian,500,yes
jealous jaguar,pid_1790,Female,30-44,Black / African-American,500,yes
jealous jaguar,pid_1791,Female,60+,Asian / Asian-American,500,yes
jealous jaguar,pid_1793,Female,60+,Asian / Asian-American,500,yes
jealous jaguar,pid_1803,Female,60+,White / Caucasian,500,yes
jealous jaguar,pid_1805,Male,30-44,Black / African-American,500,yes
jealous jaguar,pid_1806,Female,60+,White / Caucasian,500,yes
jealous jaguar,pid_1809,Male,18-29,White / Caucasian,500,yes
jealous jaguar,pid_1811,Female,45-59,White / Caucasian,500,yes
jealous jaguar,pid_1814,Female,18-29,White / Caucasian,500,yes
jealous jaguar,pid_1815,Female,60+,Black / African-American,500,yes
jealous jaguar,pid_1819,Male,30-44,White / Caucasian,500,yes
jealous jaguar,pid_1820,Female,30-44,White / Caucasian,500,yes
jealous jaguar,pid_1822,Female,60+,White / Caucasian,500,yes
jealous jaguar,pid_1824,Male,18-29,Latino / Hispanic,500,yes
jealous jaguar,pid_1829,Female,18-29,White / Caucasian,500,yes
jealous jaguar,pid_1833,Female,18-29,Latino / Hispanic,500,yes
jealous jaguar,pid_1837,Male,18-29,Latino / Hispanic,500,yes
jealous jaguar,pid_1840,Female,30-44,Latino / Hispanic,500,yes
jealous jaguar,pid_1843,Male,30-44,White / Caucasian,500,yes
jealous jaguar,pid_1846,Female,60+,White / Caucasian,500,yes
jealous jaguar,pid_1847,Male,45-59,Asian / Asian-American,500,yes
jealous jaguar,pid_1853,Male,18-29,Latino / Hispanic,500,yes
jealous jaguar,pid_1857,Male,45-59,White / Caucasian,500,yes
jealous jaguar,pid_1866,Female,45-59,White / Caucasian,500,yes
jealous jaguar,pid_1870,Female,45-59,White / Caucasian,500,yes
jealous jaguar,pid_1872,Male,45-59,White / Caucasian,500,yes
jealous jaguar,pid_1877,Female,30-44,White / Caucasian,500,yes
jealous jaguar,pid_1878,Male,45-59,White / Caucasian,500,yes
jealous jaguar,pid_1884,Male,60+,White / Caucasian,500,yes
jealous jaguar,pid_1886,Male,18-29,White / Caucasian,500,yes
jealous jaguar,pid_1889,Male,30-44,White / Caucasian,500,yes
jealous jaguar,pid_1890,Male,30-44,White / Caucasian,500,yes
jealous jaguar,pid_1893,Female,18-29,Latino / Hispanic,500,yes
jealous jaguar,pid_1901,Female,30-44,White / Caucasian,500,yes
jealous jaguar,pid_1904,Male,30-44,White / Caucasian,500,yes
jealous jaguar,pid_1908,Female,45-59,White / Caucasian,500,yes
jealous jaguar,pid_1909,Female,60+,Latino / Hispanic,500,yes
jealous jaguar,pid_1912,Male,30-44,Asian / Asian-American,500,yes
jealous jaguar,pid_1913,Female,30-44,Other,500,yes
jealous jaguar,pid_1917,Female,18-29,White / Caucasian,500,yes
jealous jaguar,pid_1919,Male,45-59,White / Caucasian,500,yes
jealous jaguar,pid_1929,Female,60+,White / Caucasian,500,yes
jealous jaguar,pid_1931,Male,60+,White / Caucasian,500,yes
jealous jaguar,pid_1933,Female,18-29,White / Caucasian,500,yes
jealous jaguar,pid_1937,Female,18-29,Other,500,yes
jealous jaguar,pid_1945,Female,30-44,White / Caucasian,500,yes
jealous jaguar,pid_1952,Male,45-59,White / Caucasian,500,yes
jealous jaguar,pid_1953,Male,45-59,White / Caucasian,500,yes
jealous jaguar,pid_1961,Female,60+,Other,500,yes
jealous jaguar,pid_1963,Male,30-44,White / Caucasian,500,yes
jealous jaguar,pid_1966,Female,18-29,Latino / Hispanic,500,yes
jealous jaguar,pid_1972,Male,18-29,Black / African-American,500,yes
jealous jaguar,pid_1973,Female,18-29,Latino / Hispanic,500,yes
jealous jaguar,pid_1978,Male,30-44,White / Caucasian,500,yes
jealous jaguar,pid_1981,Female,18-29,White / Caucasian,500,yes
jealous jaguar,pid_1982,Male,45-59,White / Caucasian,500,yes
jealous jaguar,pid_1985,Male,18-29,Black / African-American,500,yes
jealous jaguar,pid_1988,Female,30-44,White / Caucasian,500,yes
jealous jaguar,pid_1989,Female,30-44,White / Caucasian,500,yes
jealous jaguar,pid_1997,Female,30-44,White / Caucasian,500,yes
jealous jaguar,pid_1998,Female,60+,White / Caucasian,500,yes
jealous jaguar,pid_1999,Female,30-44,White / Caucasian,500,yes
jealous jaguar,pid_2000,Male,60+,White / Caucasian,500,yes
jealous jaguar,pid_2003,Male,18-29,White / Caucasian,500,yes
jealous jaguar,pid_2005,Male,45-59,White / Caucasian,500,yes
jealous jaguar,pid_2006,Male,45-59,White / Caucasian,500,yes
jealous jaguar,pid_2008,Female,45-59,Asian / Asian-American,500,yes
jealous jaguar,pid_2010,Female,45-59,White / Caucasian,500,yes
jealous jaguar,pid_2021,Female,45-59,White / Caucasian,500,yes
jealous jaguar,pid_2022,Female,60+,Black / African-American,500,yes
jealous jaguar,pid_2025,Male,60+,White / Caucasian,500,yes
jealous jaguar,pid_2026,Male,45-59,White / Caucasian,500,yes
jealous jaguar,pid_2030,Female,60+,White / Caucasian,500,yes
jealous jaguar,pid_2034,Male,45-59,White / Caucasian,500,yes
jealous jaguar,pid_2041,Male,60+,White / Caucasian,500,yes
jealous jaguar,pid_2046,Male,18-29,Latino / Hispanic,500,yes
jealous jaguar,pid_2049,Female,18-29,Black / African-American,500,yes
jealous jaguar,pid_2052,Male,18-29,White / Caucasian,500,yes
jealous jaguar,pid_2054,Female,30-44,Black / African-American,500,yes
limping llama; friendly frog,pid_14,Female,45-59,White / Caucasian,500,yes
limping llama; friendly frog,pid_15,Male,60+,White / Caucasian,500,yes
limping llama; friendly frog,pid_23,Male,45-59,White / Caucasian,500,yes
limping llama; friendly frog,pid_29,Female,60+,White / Caucasian,500,yes
limping llama; friendly frog,pid_32,Male,30-44,Latino / Hispanic,500,yes
limping llama; friendly frog,pid_35,Female,30-44,White / Caucasian,500,yes
limping llama; friendly frog,pid_43,Male,18-29,Black / African-American,500,yes
limping llama; friendly frog,pid_57,Male,45-59,Black / African-American,500,yes
limping llama; friendly frog,pid_59,Male,45-59,White / Caucasian,500,yes
limping llama; friendly frog,pid_62,Male,45-59,White / Caucasian,500,yes
limping llama; friendly frog,pid_65,Female,45-59,Latino / Hispanic,500,yes
limping llama; friendly frog,pid_71,Male,60+,Latino / Hispanic,500,yes
limping llama; friendly frog,pid_72,Male,45-59,White / Caucasian,500,yes
limping llama; friendly frog,pid_75,Female,45-59,White / Caucasian,500,yes
limping llama; friendly frog,pid_76,Female,60+,White / Caucasian,500,yes
limping llama; friendly frog,pid_81,Male,60+,White / Caucasian,500,yes
limping llama; friendly frog,pid_83,Female,60+,White / Caucasian,500,yes
limping llama; friendly frog,pid_84,Female,60+,White / Caucasian,500,yes
limping llama; friendly frog,pid_91,Female,60+,White / Caucasian,500,yes
limping llama; friendly frog,pid_95,Female,60+,White / Caucasian,500,yes
limping llama; friendly frog,pid_99,Male,30-44,Other,500,yes
limping llama; friendly frog,pid_102,Male,45-59,Black / African-American,500,yes
limping llama; friendly frog,pid_104,Male,30-44,White / Caucasian,500,yes
limping llama; friendly frog,pid_107,Male,45-59,White / Caucasian,500,yes
limping llama; friendly frog,pid_115,Female,60+,Asian / Asian-American,500,yes
limping llama; friendly frog,pid_118,Male,60+,White / Caucasian,500,yes
limping llama; friendly frog,pid_122,Female,60+,White / Caucasian,500,yes
limping llama; friendly frog,pid_123,Male,60+,White / Caucasian,500,yes
limping llama; friendly frog,pid_129,Female,30-44,Asian / Asian-American,500,yes
limping llama; friendly frog,pid_133,Female,60+,Latino / Hispanic,500,yes
limping llama; friendly frog,pid_160,Male,60+,White / Caucasian,500,yes
limping llama; friendly frog,pid_163,Male,45-59,White / Caucasian,500,yes
limping llama; friendly frog,pid_165,Male,45-59,Latino / Hispanic,500,yes
limping llama; friendly frog,pid_167,Female,60+,White / Caucasian,500,yes
limping llama; friendly frog,pid_173,Female,30-44,White / Caucasian,500,yes
limping llama; friendly frog,pid_174,Female,60+,White / Caucasian,500,yes
limping llama; friendly frog,pid_180,Female,60+,Black / African-American,500,yes
limping llama; friendly frog,pid_182,Female,60+,White / Caucasian,500,yes
limping llama; friendly frog,pid_186,Female,18-29,Black / African-American,500,yes
limping llama; friendly frog,pid_189,Female,45-59,White / Caucasian,500,yes
limping llama; friendly frog,pid_198,Female,30-44,White / Caucasian,500,yes
limping llama; friendly frog,pid_204,Female,60+,White / Caucasian,500,yes
limping llama; friendly frog,pid_207,Female,45-59,Black / African-American,500,yes
limping llama; friendly frog,pid_217,Male,60+,White / Caucasian,500,yes
limping llama; friendly frog,pid_223,Male,60+,Black / African-American,500,yes
limping llama; friendly frog,pid_245,Female,30-44,White / Caucasian,500,yes
limping llama; friendly frog,pid_248,Male,45-59,White / Caucasian,500,yes
limping llama; friendly frog,pid_253,Female,60+,White / Caucasian,500,yes
limping llama; friendly frog,pid_258,Male,60+,White / Caucasian,500,yes
limping llama; friendly frog,pid_262,Male,60+,White / Caucasian,500,yes
limping llama; friendly frog,pid_263,Female,45-59,White / Caucasian,500,yes
limping llama; friendly frog,pid_265,Female,60+,Black / African-American,500,yes
limping llama; friendly frog,pid_268,Male,60+,White / Caucasian,500,yes
limping llama; friendly frog,pid_273,Male,60+,Latino / Hispanic,500,yes
limping llama; friendly frog,pid_276,Male,60+,White / Caucasian,500,yes
limping llama; friendly frog,pid_278,Male,60+,White / Caucasian,500,yes
limping llama; friendly frog,pid_282,Male,18-29,White / Caucasian,500,yes
limping llama; friendly frog,pid_283,Female,60+,White / Caucasian,500,yes
limping llama; friendly frog,pid_285,Male,45-59,White / Caucasian,500,yes
limping llama; friendly frog,pid_289,Male,30-44,White / Caucasian,500,yes
limping llama; friendly frog,pid_290,Male,30-44,Latino / Hispanic,500,yes
limping llama; friendly frog,pid_294,Male,60+,Black / African-American,500,yes
limping llama; friendly frog,pid_296,Female,30-44,Latino / Hispanic,500,yes
limping llama; friendly frog,pid_303,Female,60+,Black / African-American,500,yes
limping llama; friendly frog,pid_305,Male,18-29,Latino / Hispanic,500,yes
limping llama; friendly frog,pid_315,Male,18-29,White / Caucasian,500,yes
limping llama; friendly frog,pid_318,Female,45-59,White / Caucasian,500,yes
limping llama; friendly frog,pid_329,Male,60+,White / Caucasian,500,yes
limping llama; friendly frog,pid_333,Female,60+,White / Caucasian,500,yes
limping llama; friendly frog,pid_336,Female,30-44,Latino / Hispanic,500,yes
limping llama; friendly frog,pid_337,Male,60+,White / Caucasian,500,yes
limping llama; friendly frog,pid_339,Male,45-59,Black / African-American,500,yes
limping llama; friendly frog,pid_345,Male,45-59,White / Caucasian,500,yes
limping llama; friendly frog,pid_348,Female,45-59,Black / African-American,500,yes
limping llama; friendly frog,pid_350,Male,45-59,Latino / Hispanic,500,yes
limping llama; friendly frog,pid_353,Male,45-59,Latino / Hispanic,500,yes
limping llama; friendly frog,pid_363,Male,30-44,White / Caucasian,500,yes
limping llama; friendly frog,pid_366,Female,60+,White / Caucasian,500,yes
limping llama; friendly frog,pid_368,Female,60+,White / Caucasian,500,yes
limping llama; friendly frog,pid_369,Female,45-59,White / Caucasian,500,yes
limping llama; friendly frog,pid_371,Female,45-59,White / Caucasian,500,yes
limping llama; friendly frog,pid_373,Female,60+,White / Caucasian,500,yes
limping llama; friendly frog,pid_376,Male,60+,Black / African-American,500,yes
limping llama; friendly frog,pid_378,Female,30-44,Asian / Asian-American,500,yes
limping llama; friendly frog,pid_379,Male,60+,Other,500,yes
limping llama; friendly frog,pid_384,Female,60+,Black / African-American,500,yes
limping llama; friendly frog,pid_391,Male,60+,White / Caucasian,500,yes
limping llama; friendly frog,pid_393,Male,60+,Latino / Hispanic,500,yes
limping llama; friendly frog,pid_398,Female,60+,Latino / Hispanic,500,yes
limping llama; friendly frog,pid_402,Female,60+,Asian / Asian-American,500,yes
limping llama; friendly frog,pid_403,Male,30-44,Black / African-American,500,yes
limping llama; friendly frog,pid_406,Male,18-29,White / Caucasian,500,yes
limping llama; friendly frog,pid_407,Male,60+,Latino / Hispanic,500,yes
limping llama; friendly frog,pid_411,Male,45-59,White / Caucasian,500,yes
limping llama; friendly frog,pid_412,Male,45-59,White / Caucasian,500,yes
limping llama; friendly frog,pid_425,Male,45-59,White / Caucasian,500,yes
limping llama; friendly frog,pid_443,Male,30-44,Black / African-American,500,yes
limping llama; friendly frog,pid_445,Male,45-59,White / Caucasian,500,yes
limping llama; friendly frog,pid_447,Male,60+,Asian / Asian-American,500,yes
limping llama; friendly frog,pid_450,Female,45-59,White / Caucasian,500,yes
limping llama; friendly frog,pid_451,Female,60+,White / Caucasian,500,yes
limping llama; friendly frog,pid_453,Male,18-29,Black / African-American,500,yes
limping llama; friendly frog,pid_455,Female,45-59,Asian / Asian-American,500,yes
limping llama; friendly frog,pid_456,Female,45-59,White / Caucasian,500,yes
limping llama; friendly frog,pid_459,Female,60+,White / Caucasian,500,yes
limping llama; friendly frog,pid_460,Male,45-59,White / Caucasian,500,yes
limping llama; friendly frog,pid_461,Male,60+,White / Caucasian,500,yes
limping llama; friendly frog,pid_462,Female,60+,White / Caucasian,500,yes
limping llama; friendly frog,pid_463,Female,18-29,White / Caucasian,500,yes
limping llama; friendly frog,pid_464,Female,18-29,Latino / Hispanic,500,yes
limping llama; friendly frog,pid_467,Female,18-29,White / Caucasian,500,yes
limping llama; friendly frog,pid_469,Female,45-59,Black / African-American,500,yes
limping llama; friendly frog,pid_470,Male,18-29,Latino / Hispanic,500,yes
limping llama; friendly frog,pid_474,Female,45-59,Black / African-American,500,yes
limping llama; friendly frog,pid_475,Male,18-29,White / Caucasian,500,yes
limping llama; friendly frog,pid_478,Male,60+,White / Caucasian,500,yes
limping llama; friendly frog,pid_487,Female,18-29,Black / African-American,500,yes
limping llama; friendly frog,pid_491,Male,30-44,White / Caucasian,500,yes
limping llama; friendly frog,pid_492,Female,60+,White / Caucasian,500,yes
limping llama; friendly frog,pid_502,Female,60+,White / Caucasian,500,yes
limping llama; friendly frog,pid_507,Male,60+,Black / African-American,500,yes
limping llama; friendly frog,pid_509,Female,45-59,White / Caucasian,500,yes
limping llama; friendly frog,pid_511,Male,60+,White / Caucasian,500,yes
limping llama; friendly frog,pid_512,Female,18-29,White / Caucasian,500,yes
limping llama; friendly frog,pid_513,Male,60+,Asian / Asian-American,500,yes
limping llama; friendly frog,pid_517,Female,18-29,Latino / Hispanic,500,yes
limping llama; friendly frog,pid_520,Male,60+,White / Caucasian,500,yes
limping llama; friendly frog,pid_521,Female,60+,Black / African-American,500,yes
limping llama; friendly frog,pid_525,Male,30-44,Asian / Asian-American,500,yes
limping llama; friendly frog,pid_528,Female,30-44,White / Caucasian,500,yes
limping llama; friendly frog,pid_541,Male,30-44,Latino / Hispanic,500,yes
limping llama; friendly frog,pid_542,Female,45-59,White / Caucasian,500,yes
limping llama; friendly frog,pid_559,Female,30-44,White / Caucasian,500,yes
limping llama; friendly frog,pid_563,Male,30-44,White / Caucasian,500,yes
limping llama; friendly frog,pid_566,Female,18-29,Black / African-American,500,yes
limping llama; friendly frog,pid_569,Male,60+,Latino / Hispanic,500,yes
limping llama; friendly frog,pid_577,Female,18-29,Black / African-American,500,yes
limping llama; friendly frog,pid_578,Female,60+,White / Caucasian,500,yes
limping llama; friendly frog,pid_582,Male,30-44,Latino / Hispanic,500,yes
limping llama; friendly frog,pid_585,Male,60+,Asian / Asian-American,500,yes
limping llama; friendly frog,pid_586,Female,45-59,White / Caucasian,500,yes
limping llama; friendly frog,pid_607,Male,30-44,Black / African-American,500,yes
limping llama; friendly frog,pid_609,Female,60+,White / Caucasian,500,yes
limping llama; friendly frog,pid_610,Male,60+,White / Caucasian,500,yes
limping llama; friendly frog,pid_628,Male,18-29,Black / African-American,500,yes
limping llama; friendly frog,pid_629,Male,18-29,White / Caucasian,500,yes
limping llama; friendly frog,pid_636,Female,18-29,White / Caucasian,500,yes
limping llama; friendly frog,pid_653,Male,18-29,Latino / Hispanic,500,yes
limping llama; friendly frog,pid_654,Male,45-59,Black / African-American,500,yes
limping llama; friendly frog,pid_667,Male,45-59,White / Caucasian,500,yes
limping llama; friendly frog,pid_676,Female,45-59,Latino / Hispanic,500,yes
limping llama; friendly frog,pid_679,Male,18-29,White / Caucasian,500,yes
limping llama; friendly frog,pid_684,Female,18-29,White / Caucasian,500,yes
limping llama; friendly frog,pid_687,Female,18-29,White / Caucasian,500,yes
limping llama; friendly frog,pid_691,Female,60+,Black / African-American,500,yes
limping llama; friendly frog,pid_695,Female,18-29,White / Caucasian,500,yes
limping llama; friendly frog,pid_708,Female,60+,White / Caucasian,500,yes
limping llama; friendly frog,pid_714,Female,45-59,Asian / Asian-American,500,yes
limping llama; friendly frog,pid_715,Female,30-44,White / Caucasian,500,yes
limping llama; friendly frog,pid_716,Male,18-29,Black / African-American,500,yes
limping llama; friendly frog,pid_717,Female,60+,White / Caucasian,500,yes
limping llama; friendly frog,pid_718,Female,60+,White / Caucasian,500,yes
limping llama; friendly frog,pid_721,Male,45-59,Asian / Asian-American,500,yes
limping llama; friendly frog,pid_732,Male,60+,White / Caucasian,500,yes
limping llama; friendly frog,pid_736,Female,60+,White / Caucasian,500,yes
limping llama; friendly frog,pid_738,Female,30-44,White / Caucasian,500,yes
limping llama; friendly frog,pid_744,Male,60+,White / Caucasian,500,yes
limping llama; friendly frog,pid_753,Male,30-44,Latino / Hispanic,500,yes
limping llama; friendly frog,pid_757,Female,18-29,White / Caucasian,500,yes
limping llama; friendly frog,pid_758,Female,60+,Black / African-American,500,yes
limping llama; friendly frog,pid_761,Female,30-44,White / Caucasian,500,yes
limping llama; friendly frog,pid_764,Male,18-29,White / Caucasian,500,yes
limping llama; friendly frog,pid_767,Female,45-59,White / Caucasian,500,yes
limping llama; friendly frog,pid_773,Female,30-44,Latino / Hispanic,500,yes
limping llama; friendly frog,pid_774,Male,60+,White / Caucasian,500,yes
limping llama; friendly frog,pid_788,Male,45-59,White / Caucasian,500,yes
limping llama; friendly frog,pid_792,Female,45-59,White / Caucasian,500,yes
limping llama; friendly frog,pid_797,Female,30-44,Latino / Hispanic,500,yes
limping llama; friendly frog,pid_800,Female,60+,Latino / Hispanic,500,yes
limping llama; friendly frog,pid_804,Female,30-44,White / Caucasian,500,yes
limping llama; friendly frog,pid_805,Female,30-44,White / Caucasian,500,yes
limping llama; friendly frog,pid_808,Male,30-44,Asian / Asian-American,500,yes
limping llama; friendly frog,pid_814,Male,30-44,White / Caucasian,500,yes
limping llama; friendly frog,pid_822,Male,45-59,Latino / Hispanic,500,yes
limping llama; friendly frog,pid_824,Male,60+,White / Caucasian,500,yes
limping llama; friendly frog,pid_839,Male,45-59,Black / African-American,500,yes
limping llama; friendly frog,pid_845,Female,60+,White / Caucasian,500,yes
limping llama; friendly frog,pid_846,Female,18-29,White / Caucasian,500,yes
limping llama; friendly frog,pid_847,Male,60+,White / Caucasian,500,yes
limping llama; friendly frog,pid_857,Female,60+,White / Caucasian,500,yes
limping llama; friendly frog,pid_860,Female,60+,White / Caucasian,500,yes
limping llama; friendly frog,pid_861,Male,60+,White / Caucasian,500,yes
limping llama; friendly frog,pid_863,Male,60+,Latino / Hispanic,500,yes
limping llama; friendly frog,pid_869,Female,45-59,White / Caucasian,500,yes
limping llama; friendly frog,pid_871,Female,60+,Latino / Hispanic,500,yes
limping llama; friendly frog,pid_872,Male,45-59,Black / African-American,500,yes
limping llama; friendly frog,pid_881,Male,18-29,White / Caucasian,500,yes
limping llama; friendly frog,pid_882,Male,30-44,Latino / Hispanic,500,yes
limping llama; friendly frog,pid_883,Male,18-29,White / Caucasian,500,yes
limping llama; friendly frog,pid_895,Female,30-44,Asian / Asian-American,500,yes
limping llama; friendly frog,pid_897,Male,60+,White / Caucasian,500,yes
limping llama; friendly frog,pid_900,Female,60+,White / Caucasian,500,yes
limping llama; friendly frog,pid_903,Female,18-29,Latino / Hispanic,500,yes
limping llama; friendly frog,pid_904,Male,18-29,White / Caucasian,500,yes
limping llama; friendly frog,pid_910,Male,45-59,White / Caucasian,500,yes
limping llama; friendly frog,pid_913,Female,18-29,White / Caucasian,500,yes
limping llama; friendly frog,pid_914,Male,60+,Latino / Hispanic,500,yes
limping llama; friendly frog,pid_916,Male,60+,White / Caucasian,500,yes
limping llama; friendly frog,pid_917,Male,30-44,White / Caucasian,500,yes
limping llama; friendly frog,pid_920,Male,60+,Black / African-American,500,yes
limping llama; friendly frog,pid_921,Female,30-44,Latino / Hispanic,500,yes
limping llama; friendly frog,pid_924,Male,30-44,White / Caucasian,500,yes
limping llama; friendly frog,pid_926,Female,60+,White / Caucasian,500,yes
limping llama; friendly frog,pid_933,Female,60+,Other,500,yes
limping llama; friendly frog,pid_935,Male,30-44,White / Caucasian,500,yes
limping llama; friendly frog,pid_939,Female,60+,Latino / Hispanic,500,yes
limping llama; friendly frog,pid_940,Male,18-29,White / Caucasian,500,yes
limping llama; friendly frog,pid_945,Female,30-44,White / Caucasian,500,yes
limping llama; friendly frog,pid_946,Female,45-59,Asian / Asian-American,500,yes
limping llama; friendly frog,pid_949,Male,60+,White / Caucasian,500,yes
limping llama; friendly frog,pid_950,Male,30-44,Latino / Hispanic,500,yes
limping llama; friendly frog,pid_951,Female,45-59,Latino / Hispanic,500,yes
limping llama; friendly frog,pid_954,Female,18-29,Latino / Hispanic,500,yes
limping llama; friendly frog,pid_955,Female,60+,White / Caucasian,500,yes
limping llama; friendly frog,pid_957,Female,30-44,Latino / Hispanic,500,yes
limping llama; friendly frog,pid_958,Female,60+,White / Caucasian,500,yes
limping llama; friendly frog,pid_961,Female,30-44,Black / African-American,500,yes
limping llama; friendly frog,pid_969,Female,45-59,White / Caucasian,500,yes
limping llama; friendly frog,pid_970,Male,60+,Latino / Hispanic,500,yes
limping llama; friendly frog,pid_976,Female,45-59,White / Caucasian,500,yes
limping llama; friendly frog,pid_983,Male,45-59,White / Caucasian,500,yes
limping llama; friendly frog,pid_1001,Male,18-29,Latino / Hispanic,500,yes
limping llama; friendly frog,pid_1003,Female,60+,White / Caucasian,500,yes
limping llama; friendly frog,pid_1007,Male,30-44,Black / African-American,500,yes
limping llama; friendly frog,pid_1010,Female,60+,Latino / Hispanic,500,yes
limping llama; friendly frog,pid_1011,Female,30-44,Other,500,yes
limping llama; friendly frog,pid_1016,Female,18-29,White / Caucasian,500,yes
limping llama; friendly frog,pid_1018,Female,18-29,Other,500,yes
limping llama; friendly frog,pid_1019,Female,45-59,Latino / Hispanic,500,yes
limping llama; friendly frog,pid_1030,Female,45-59,Other,500,yes
limping llama; friendly frog,pid_1037,Female,18-29,White / Caucasian,500,yes
limping llama; friendly frog,pid_1041,Male,45-59,White / Caucasian,500,yes
limping llama; friendly frog,pid_1043,Female,30-44,White / Caucasian,500,yes
limping llama; friendly frog,pid_1044,Female,45-59,White / Caucasian,500,yes
limping llama; friendly frog,pid_1047,Female,60+,White / Caucasian,500,yes
limping llama; friendly frog,pid_1048,Male,30-44,White / Caucasian,500,yes
limping llama; friendly frog,pid_1051,Male,18-29,Latino / Hispanic,500,yes
limping llama; friendly frog,pid_1054,Male,60+,White / Caucasian,500,yes
limping llama; friendly frog,pid_1060,Male,30-44,Black / African-American,500,yes
limping llama; friendly frog,pid_1063,Female,18-29,Asian / Asian-American,500,yes
limping llama; friendly frog,pid_1064,Male,18-29,White / Caucasian,500,yes
limping llama; friendly frog,pid_1072,Male,18-29,Latino / Hispanic,500,yes
limping llama; friendly frog,pid_1082,Female,45-59,Black / African-American,500,yes
limping llama; friendly frog,pid_1089,Female,60+,White / Caucasian,500,yes
limping llama; friendly frog,pid_1094,Female,30-44,White / Caucasian,500,yes
limping llama; friendly frog,pid_1097,Female,60+,Latino / Hispanic,500,yes
limping llama; friendly frog,pid_1100,Male,30-44,White / Caucasian,500,yes
limping llama; friendly frog,pid_1109,Male,45-59,White / Caucasian,500,yes
limping llama; friendly frog,pid_1114,Male,45-59,Other,500,yes
limping llama; friendly frog,pid_1115,Female,45-59,White / Caucasian,500,yes
limping llama; friendly frog,pid_1116,Male,18-29,White / Caucasian,500,yes
limping llama; friendly frog,pid_1124,Female,30-44,Black / African-American,500,yes
limping llama; friendly frog,pid_1125,Male,30-44,Asian / Asian-American,500,yes
limping llama; friendly frog,pid_1131,Male,45-59,White / Caucasian,500,yes
limping llama; friendly frog,pid_1132,Female,45-59,Latino / Hispanic,500,yes
limping llama; friendly frog,pid_1135,Male,45-59,White / Caucasian,500,yes
limping llama; friendly frog,pid_1137,Male,60+,Asian / Asian-American,500,yes
limping llama; friendly frog,pid_1138,Male,30-44,White / Caucasian,500,yes
limping llama; friendly frog,pid_1144,Male,60+,White / Caucasian,500,yes
limping llama; friendly frog,pid_1145,Female,30-44,Asian / Asian-American,500,yes
limping llama; friendly frog,pid_1147,Male,30-44,White / Caucasian,500,yes
limping llama; friendly frog,pid_1148,Female,30-44,Latino / Hispanic,500,yes
limping llama; friendly frog,pid_1153,Female,30-44,White / Caucasian,500,yes
limping llama; friendly frog,pid_1157,Female,45-59,White / Caucasian,500,yes
limping llama; friendly frog,pid_1159,Female,60+,White / Caucasian,500,yes
limping llama; friendly frog,pid_1168,Male,45-59,White / Caucasian,500,yes
limping llama; friendly frog,pid_1174,Female,45-59,White / Caucasian,500,yes
limping llama; friendly frog,pid_1176,Male,30-44,White / Caucasian,500,yes
limping llama; friendly frog,pid_1178,Female,18-29,Latino / Hispanic,500,yes
limping llama; friendly frog,pid_1182,Male,60+,White / Caucasian,500,yes
limping llama; friendly frog,pid_1183,Female,60+,White / Caucasian,500,yes
limping llama; friendly frog,pid_1187,Male,18-29,White / Caucasian,500,yes
limping llama; friendly frog,pid_1188,Male,18-29,Asian / Asian-American,500,yes
limping llama; friendly frog,pid_1189,Female,30-44,Asian / Asian-American,500,yes
limping llama; friendly frog,pid_1193,Male,30-44,Latino / Hispanic,500,yes
limping llama; friendly frog,pid_1194,Male,30-44,White / Caucasian,500,yes
limping llama; friendly frog,pid_1197,Female,60+,White / Caucasian,500,yes
limping llama; friendly frog,pid_1199,Male,60+,Black / African-American,500,yes
limping llama; friendly frog,pid_1202,Male,60+,White / Caucasian,500,yes
limping llama; friendly frog,pid_1203,Male,18-29,Asian / Asian-American,500,yes
limping llama; friendly frog,pid_1212,Male,30-44,Latino / Hispanic,500,yes
limping llama; friendly frog,pid_1217,Female,45-59,Latino / Hispanic,500,yes
limping llama; friendly frog,pid_1219,Male,60+,White / Caucasian,500,yes
limping llama; friendly frog,pid_1221,Male,18-29,Latino / Hispanic,500,yes
limping llama; friendly frog,pid_1225,Male,60+,White / Caucasian,500,yes
limping llama; friendly frog,pid_1227,Female,30-44,Latino / Hispanic,500,yes
limping llama; friendly frog,pid_1238,Female,60+,White / Caucasian,500,yes
limping llama; friendly frog,pid_1240,Male,18-29,White / Caucasian,500,yes
limping llama; friendly frog,pid_1248,Male,45-59,White / Caucasian,500,yes
limping llama; friendly frog,pid_1249,Female,45-59,White / Caucasian,500,yes
limping llama; friendly frog,pid_1253,Female,45-59,Black / African-American,500,yes
limping llama; friendly frog,pid_1256,Female,30-44,Latino / Hispanic,500,yes
limping llama; friendly frog,pid_1262,Male,30-44,Latino / Hispanic,500,yes
limping llama; friendly frog,pid_1273,Male,60+,White / Caucasian,500,yes
limping llama; friendly frog,pid_1278,Male,30-44,White / Caucasian,500,yes
limping llama; friendly frog,pid_1286,Male,30-44,White / Caucasian,500,yes
limping llama; friendly frog,pid_1289,Male,30-44,White / Caucasian,500,yes
limping llama; friendly frog,pid_1290,Female,30-44,White / Caucasian,500,yes
limping llama; friendly frog,pid_1299,Female,30-44,White / Caucasian,500,yes
limping llama; friendly frog,pid_1301,Female,45-59,Black / African-American,500,yes
limping llama; friendly frog,pid_1302,Male,30-44,Black / African-American,500,yes
limping llama; friendly frog,pid_1311,Female,30-44,Latino / Hispanic,500,yes
limping llama; friendly frog,pid_1316,Female,60+,White / Caucasian,500,yes
limping llama; friendly frog,pid_1317,Female,30-44,Black / African-American,500,yes
limping llama; friendly frog,pid_1323,Male,60+,White / Caucasian,500,yes
limping llama; friendly frog,pid_1339,Female,60+,White / Caucasian,500,yes
limping llama; friendly frog,pid_1343,Male,45-59,White / Caucasian,500,yes
limping llama; friendly frog,pid_1345,Male,18-29,Asian / Asian-American,500,yes
limping llama; friendly frog,pid_1350,Male,30-44,Asian / Asian-American,500,yes
limping llama; friendly frog,pid_1353,Female,45-59,White / Caucasian,500,yes
limping llama; friendly frog,pid_1362,Male,18-29,White / Caucasian,500,yes
limping llama; friendly frog,pid_1367,Female,18-29,White / Caucasian,500,yes
limping llama; friendly frog,pid_1368,Male,30-44,White / Caucasian,500,yes
limping llama; friendly frog,pid_1369,Male,60+,White / Caucasian,500,yes
limping llama; friendly frog,pid_1379,Female,30-44,White / Caucasian,500,yes
limping llama; friendly frog,pid_1380,Female,30-44,White / Caucasian,500,yes
limping llama; friendly frog,pid_1382,Female,18-29,White / Caucasian,500,yes
limping llama; friendly frog,pid_1386,Male,30-44,Latino / Hispanic,500,yes
limping llama; friendly frog,pid_1387,Female,18-29,White / Caucasian,500,yes
limping llama; friendly frog,pid_1400,Female,18-29,White / Caucasian,500,yes
limping llama; friendly frog,pid_1403,Female,30-44,Black / African-American,500,yes
limping llama; friendly frog,pid_1411,Female,60+,White / Caucasian,500,yes
limping llama; friendly frog,pid_1412,Female,30-44,White / Caucasian,500,yes
limping llama; friendly frog,pid_1413,Male,30-44,White / Caucasian,500,yes
limping llama; friendly frog,pid_1416,Male,45-59,White / Caucasian,500,yes
limping llama; friendly frog,pid_1418,Female,45-59,White / Caucasian,500,yes
limping llama; friendly frog,pid_1420,Female,45-59,White / Caucasian,500,yes
limping llama; friendly frog,pid_1423,Male,60+,White / Caucasian,500,yes
limping llama; friendly frog,pid_1427,Female,60+,White / Caucasian,500,yes
limping llama; friendly frog,pid_1435,Female,30-44,Black / African-American,500,yes
limping llama; friendly frog,pid_1439,Male,30-44,Latino / Hispanic,500,yes
limping llama; friendly frog,pid_1445,Female,18-29,White / Caucasian,500,yes
limping llama; friendly frog,pid_1446,Female,30-44,White / Caucasian,500,yes
limping llama; friendly frog,pid_1448,Male,18-29,White / Caucasian,500,yes
limping llama; friendly frog,pid_1449,Female,18-29,Latino / Hispanic,500,yes
limping llama; friendly frog,pid_1451,Male,60+,Latino / Hispanic,500,yes
limping llama; friendly frog,pid_1452,Male,45-59,White / Caucasian,500,yes
limping llama; friendly frog,pid_1455,Female,18-29,Black / African-American,500,yes
limping llama; friendly frog,pid_1457,Female,60+,White / Caucasian,500,yes
limping llama; friendly frog,pid_1458,Male,60+,White / Caucasian,500,yes
limping llama; friendly frog,pid_1460,Male,18-29,White / Caucasian,500,yes
limping llama; friendly frog,pid_1463,Male,30-44,Black / African-American,500,yes
limping llama; friendly frog,pid_1465,Male,18-29,White / Caucasian,500,yes
limping llama; friendly frog,pid_1471,Male,30-44,White / Caucasian,500,yes
limping llama; friendly frog,pid_1473,Female,30-44,Black / African-American,500,yes
limping llama; friendly frog,pid_1474,Female,45-59,White / Caucasian,500,yes
limping llama; friendly frog,pid_1477,Male,18-29,Latino / Hispanic,500,yes
limping llama; friendly frog,pid_1487,Female,18-29,White / Caucasian,500,yes
limping llama; friendly frog,pid_1499,Male,60+,Black / African-American,500,yes
limping llama; friendly frog,pid_1502,Male,30-44,Latino / Hispanic,500,yes
limping llama; friendly frog,pid_1503,Male,45-59,White / Caucasian,500,yes
limping llama; friendly frog,pid_1512,Female,60+,White / Caucasian,500,yes
limping llama; friendly frog,pid_1516,Male,60+,White / Caucasian,500,yes
limping llama; friendly frog,pid_1522,Male,30-44,Latino / Hispanic,500,yes
limping llama; friendly frog,pid_1526,Male,18-29,Latino / Hispanic,500,yes
limping llama; friendly frog,pid_1531,Female,60+,White / Caucasian,500,yes
limping llama; friendly frog,pid_1534,Male,45-59,Black / African-American,500,yes
limping llama; friendly frog,pid_1539,Female,18-29,White / Caucasian,500,yes
limping llama; friendly frog,pid_1544,Female,30-44,Latino / Hispanic,500,yes
limping llama; friendly frog,pid_1546,Female,30-44,Latino / Hispanic,500,yes
limping llama; friendly frog,pid_1548,Female,18-29,Black / African-American,500,yes
limping llama; friendly frog,pid_1554,Male,60+,Latino / Hispanic,500,yes
limping llama; friendly frog,pid_1563,Female,45-59,Latino / Hispanic,500,yes
limping llama; friendly frog,pid_1566,Male,18-29,Latino / Hispanic,500,yes
limping llama; friendly frog,pid_1571,Male,30-44,White / Caucasian,500,yes
limping llama; friendly frog,pid_1581,Female,30-44,Black / African-American,500,yes
limping llama; friendly frog,pid_1583,Male,18-29,Other,500,yes
limping llama; friendly frog,pid_1584,Female,30-44,Asian / Asian-American,500,yes
limping llama; friendly frog,pid_1586,Male,30-44,White / Caucasian,500,yes
limping llama; friendly frog,pid_1588,Male,45-59,Asian / Asian-American,500,yes
limping llama; friendly frog,pid_1590,Male,30-44,Latino / Hispanic,500,yes
limping llama; friendly frog,pid_1596,Female,18-29,Latino / Hispanic,500,yes
limping llama; friendly frog,pid_1598,Male,18-29,White / Caucasian,500,yes
limping llama; friendly frog,pid_1604,Female,60+,Latino / Hispanic,500,yes
limping llama; friendly frog,pid_1605,Female,30-44,White / Caucasian,500,yes
limping llama; friendly frog,pid_1625,Male,30-44,Latino / Hispanic,500,yes
limping llama; friendly frog,pid_1643,Female,45-59,White / Caucasian,500,yes
limping llama; friendly frog,pid_1645,Male,45-59,Asian / Asian-American,500,yes
limping llama; friendly frog,pid_1649,Female,30-44,White / Caucasian,500,yes
limping llama; friendly frog,pid_1653,Male,18-29,White / Caucasian,500,yes
limping llama; friendly frog,pid_1656,Male,60+,White / Caucasian,500,yes
limping llama; friendly frog,pid_1657,Male,30-44,White / Caucasian,500,yes
limping llama; friendly frog,pid_1660,Female,18-29,Asian / Asian-American,500,yes
limping llama; friendly frog,pid_1663,Female,30-44,White / Caucasian,500,yes
limping llama; friendly frog,pid_1667,Female,18-29,White / Caucasian,500,yes
limping llama; friendly frog,pid_1670,Female,18-29,Latino / Hispanic,500,yes
limping llama; friendly frog,pid_1676,Female,18-29,Asian / Asian-American,500,yes
limping llama; friendly frog,pid_1680,Male,60+,White / Caucasian,500,yes
limping llama; friendly frog,pid_1681,Female,45-59,Latino / Hispanic,500,yes
limping llama; friendly frog,pid_1684,Male,60+,White / Caucasian,500,yes
limping llama; friendly frog,pid_1687,Female,30-44,Latino / Hispanic,500,yes
limping llama; friendly frog,pid_1689,Female,60+,White / Caucasian,500,yes
limping llama; friendly frog,pid_1697,Male,45-59,Black / African-American,500,yes
limping llama; friendly frog,pid_1704,Male,30-44,White / Caucasian,500,yes
limping llama; friendly frog,pid_1712,Female,30-44,White / Caucasian,500,yes
limping llama; friendly frog,pid_1717,Male,60+,White / Caucasian,500,yes
limping llama; friendly frog,pid_1721,Female,45-59,White / Caucasian,500,yes
limping llama; friendly frog,pid_1726,Female,45-59,Latino / Hispanic,500,yes
limping llama; friendly frog,pid_1728,Female,30-44,White / Caucasian,500,yes
limping llama; friendly frog,pid_1740,Female,45-59,White / Caucasian,500,yes
limping llama; friendly frog,pid_1741,Male,18-29,Other,500,yes
limping llama; friendly frog,pid_1743,Male,30-44,White / Caucasian,500,yes
limping llama; friendly frog,pid_1751,Female,45-59,White / Caucasian,500,yes
limping llama; friendly frog,pid_1757,Female,60+,White / Caucasian,500,yes
limping llama; friendly frog,pid_1763,Female,45-59,Latino / Hispanic,500,yes
limping llama; friendly frog,pid_1772,Female,60+,Asian / Asian-American,500,yes
limping llama; friendly frog,pid_1773,Male,18-29,Latino / Hispanic,500,yes
limping llama; friendly frog,pid_1775,Male,45-59,White / Caucasian,500,yes
limping llama; friendly frog,pid_1779,Male,30-44,Other,500,yes
limping llama; friendly frog,pid_1780,Male,30-44,Latino / Hispanic,500,yes
limping llama; friendly frog,pid_1782,Male,30-44,White / Caucasian,500,yes
limping llama; friendly frog,pid_1790,Female,30-44,Black / African-American,500,yes
limping llama; friendly frog,pid_1791,Female,60+,Asian / Asian-American,500,yes
limping llama; friendly frog,pid_1793,Female,60+,Asian / Asian-American,500,yes
limping llama; friendly frog,pid_1803,Female,60+,White / Caucasian,500,yes
limping llama; friendly frog,pid_1805,Male,30-44,Black / African-American,500,yes
limping llama; friendly frog,pid_1806,Female,60+,White / Caucasian,500,yes
limping llama; friendly frog,pid_1809,Male,18-29,White / Caucasian,500,yes
limping llama; friendly frog,pid_1811,Female,45-59,White / Caucasian,500,yes
limping llama; friendly frog,pid_1814,Female,18-29,White / Caucasian,500,yes
limping llama; friendly frog,pid_1815,Female,60+,Black / African-American,500,yes
limping llama; friendly frog,pid_1819,Male,30-44,White / Caucasian,500,yes
limping llama; friendly frog,pid_1820,Female,30-44,White / Caucasian,500,yes
limping llama; friendly frog,pid_1822,Female,60+,White / Caucasian,500,yes
limping llama; friendly frog,pid_1824,Male,18-29,Latino / Hispanic,500,yes
limping llama; friendly frog,pid_1829,Female,18-29,White / Caucasian,500,yes
limping llama; friendly frog,pid_1833,Female,18-29,Latino / Hispanic,500,yes
limping llama; friendly frog,pid_1837,Male,18-29,Latino / Hispanic,500,yes
limping llama; friendly frog,pid_1840,Female,30-44,Latino / Hispanic,500,yes
limping llama; friendly frog,pid_1843,Male,30-44,White / Caucasian,500,yes
limping llama; friendly frog,pid_1846,Female,60+,White / Caucasian,500,yes
limping llama; friendly frog,pid_1847,Male,45-59,Asian / Asian-American,500,yes
limping llama; friendly frog,pid_1853,Male,18-29,Latino / Hispanic,500,yes
limping llama; friendly frog,pid_1857,Male,45-59,White / Caucasian,500,yes
limping llama; friendly frog,pid_1866,Female,45-59,White / Caucasian,500,yes
limping llama; friendly frog,pid_1870,Female,45-59,White / Caucasian,500,yes
limping llama; friendly frog,pid_1872,Male,45-59,White / Caucasian,500,yes
limping llama; friendly frog,pid_1877,Female,30-44,White / Caucasian,500,yes
limping llama; friendly frog,pid_1878,Male,45-59,White / Caucasian,500,yes
limping llama; friendly frog,pid_1884,Male,60+,White / Caucasian,500,yes
limping llama; friendly frog,pid_1886,Male,18-29,White / Caucasian,500,yes
limping llama; friendly frog,pid_1889,Male,30-44,White / Caucasian,500,yes
limping llama; friendly frog,pid_1890,Male,30-44,White / Caucasian,500,yes
limping llama; friendly frog,pid_1893,Female,18-29,Latino / Hispanic,500,yes
limping llama; friendly frog,pid_1901,Female,30-44,White / Caucasian,500,yes
limping llama; friendly frog,pid_1904,Male,30-44,White / Caucasian,500,yes
limping llama; friendly frog,pid_1908,Female,45-59,White / Caucasian,500,yes
limping llama; friendly frog,pid_1909,Female,60+,Latino / Hispanic,500,yes
limping llama; friendly frog,pid_1912,Male,30-44,Asian / Asian-American,500,yes
limping llama; friendly frog,pid_1913,Female,30-44,Other,500,yes
limping llama; friendly frog,pid_1917,Female,18-29,White / Caucasian,500,yes
limping llama; friendly frog,pid_1919,Male,45-59,White / Caucasian,500,yes
limping llama; friendly frog,pid_1929,Female,60+,White / Caucasian,500,yes
limping llama; friendly frog,pid_1931,Male,60+,White / Caucasian,500,yes
limping llama; friendly frog,pid_1933,Female,18-29,White / Caucasian,500,yes
limping llama; friendly frog,pid_1937,Female,18-29,Other,500,yes
limping llama; friendly frog,pid_1945,Female,30-44,White / Caucasian,500,yes
limping llama; friendly frog,pid_1952,Male,45-59,White / Caucasian,500,yes
limping llama; friendly frog,pid_1953,Male,45-59,White / Caucasian,500,yes
limping llama; friendly frog,pid_1961,Female,60+,Other,500,yes
limping llama; friendly frog,pid_1963,Male,30-44,White / Caucasian,500,yes
limping llama; friendly frog,pid_1966,Female,18-29,Latino / Hispanic,500,yes
limping llama; friendly frog,pid_1972,Male,18-29,Black / African-American,500,yes
limping llama; friendly frog,pid_1973,Female,18-29,Latino / Hispanic,500,yes
limping llama; friendly frog,pid_1978,Male,30-44,White / Caucasian,500,yes
limping llama; friendly frog,pid_1981,Female,18-29,White / Caucasian,500,yes
limping llama; friendly frog,pid_1982,Male,45-59,White / Caucasian,500,yes
limping llama; friendly frog,pid_1985,Male,18-29,Black / African-American,500,yes
limping llama; friendly frog,pid_1988,Female,30-44,White / Caucasian,500,yes
limping llama; friendly frog,pid_1989,Female,30-44,White / Caucasian,500,yes
limping llama; friendly frog,pid_1997,Female,30-44,White / Caucasian,500,yes
limping llama; friendly frog,pid_1998,Female,60+,White / Caucasian,500,yes
limping llama; friendly frog,pid_1999,Female,30-44,White / Caucasian,500,yes
limping llama; friendly frog,pid_2000,Male,60+,White / Caucasian,500,yes
limping llama; friendly frog,pid_2003,Male,18-29,White / Caucasian,500,yes
limping llama; friendly frog,pid_2005,Male,45-59,White / Caucasian,500,yes
limping llama; friendly frog,pid_2006,Male,45-59,White / Caucasian,500,yes
limping llama; friendly frog,pid_2008,Female,45-59,Asian / Asian-American,500,yes
limping llama; friendly frog,pid_2010,Female,45-59,White / Caucasian,500,yes
limping llama; friendly frog,pid_2021,Female,45-59,White / Caucasian,500,yes
limping llama; friendly frog,pid_2022,Female,60+,Black / African-American,500,yes
limping llama; friendly frog,pid_2025,Male,60+,White / Caucasian,500,yes
limping llama; friendly frog,pid_2026,Male,45-59,White / Caucasian,500,yes
limping llama; friendly frog,pid_2030,Female,60+,White / Caucasian,500,yes
limping llama; friendly frog,pid_2034,Male,45-59,White / Caucasian,500,yes
limping llama; friendly frog,pid_2041,Male,60+,White / Caucasian,500,yes
limping llama; friendly frog,pid_2046,Male,18-29,Latino / Hispanic,500,yes
limping llama; friendly frog,pid_2049,Female,18-29,Black / African-American,500,yes
limping llama; friendly frog,pid_2052,Male,18-29,White / Caucasian,500,yes
limping llama; friendly frog,pid_2054,Female,30-44,Black / African-American,500,yes
orchid orangutan; defiant dragonfly,pid_14,Female,45-59,White / Caucasian,500,yes
orchid orangutan; defiant dragonfly,pid_15,Male,60+,White / Caucasian,500,yes
orchid orangutan; defiant dragonfly,pid_23,Male,45-59,White / Caucasian,500,yes
orchid orangutan; defiant dragonfly,pid_29,Female,60+,White / Caucasian,500,yes
orchid orangutan; defiant dragonfly,pid_32,Male,30-44,Latino / Hispanic,500,yes
orchid orangutan; defiant dragonfly,pid_35,Female,30-44,White / Caucasian,500,yes
orchid orangutan; defiant dragonfly,pid_43,Male,18-29,Black / African-American,500,yes
orchid orangutan; defiant dragonfly,pid_57,Male,45-59,Black / African-American,500,yes
orchid orangutan; defiant dragonfly,pid_59,Male,45-59,White / Caucasian,500,yes
orchid orangutan; defiant dragonfly,pid_62,Male,45-59,White / Caucasian,500,yes
orchid orangutan; defiant dragonfly,pid_65,Female,45-59,Latino / Hispanic,500,yes
orchid orangutan; defiant dragonfly,pid_71,Male,60+,Latino / Hispanic,500,yes
orchid orangutan; defiant dragonfly,pid_72,Male,45-59,White / Caucasian,500,yes
orchid orangutan; defiant dragonfly,pid_75,Female,45-59,White / Caucasian,500,yes
orchid orangutan; defiant dragonfly,pid_76,Female,60+,White / Caucasian,500,yes
orchid orangutan; defiant dragonfly,pid_81,Male,60+,White / Caucasian,500,yes
orchid orangutan; defiant dragonfly,pid_83,Female,60+,White / Caucasian,500,yes
orchid orangutan; defiant dragonfly,pid_84,Female,60+,White / Caucasian,500,yes
orchid orangutan; defiant dragonfly,pid_91,Female,60+,White / Caucasian,500,yes
orchid orangutan; defiant dragonfly,pid_95,Female,60+,White / Caucasian,500,yes
orchid orangutan; defiant dragonfly,pid_99,Male,30-44,Other,500,yes
orchid orangutan; defiant dragonfly,pid_102,Male,45-59,Black / African-American,500,yes
orchid orangutan; defiant dragonfly,pid_104,Male,30-44,White / Caucasian,500,yes
orchid orangutan; defiant dragonfly,pid_107,Male,45-59,White / Caucasian,500,yes
orchid orangutan; defiant dragonfly,pid_115,Female,60+,Asian / Asian-American,500,yes
orchid orangutan; defiant dragonfly,pid_118,Male,60+,White / Caucasian,500,yes
orchid orangutan; defiant dragonfly,pid_122,Female,60+,White / Caucasian,500,yes
orchid orangutan; defiant dragonfly,pid_123,Male,60+,White / Caucasian,500,yes
orchid orangutan; defiant dragonfly,pid_129,Female,30-44,Asian / Asian-American,500,yes
orchid orangutan; defiant dragonfly,pid_133,Female,60+,Latino / Hispanic,500,yes
orchid orangutan; defiant dragonfly,pid_160,Male,60+,White / Caucasian,500,yes
orchid orangutan; defiant dragonfly,pid_163,Male,45-59,White / Caucasian,500,yes
orchid orangutan; defiant dragonfly,pid_165,Male,45-59,Latino / Hispanic,500,yes
orchid orangutan; defiant dragonfly,pid_167,Female,60+,White / Caucasian,500,yes
orchid orangutan; defiant dragonfly,pid_173,Female,30-44,White / Caucasian,500,yes
orchid orangutan; defiant dragonfly,pid_174,Female,60+,White / Caucasian,500,yes
orchid orangutan; defiant dragonfly,pid_180,Female,60+,Black / African-American,500,yes
orchid orangutan; defiant dragonfly,pid_182,Female,60+,White / Caucasian,500,yes
orchid orangutan; defiant dragonfly,pid_186,Female,18-29,Black / African-American,500,yes
orchid orangutan; defiant dragonfly,pid_189,Female,45-59,White / Caucasian,500,yes
orchid orangutan; defiant dragonfly,pid_198,Female,30-44,White / Caucasian,500,yes
orchid orangutan; defiant dragonfly,pid_204,Female,60+,White / Caucasian,500,yes
orchid orangutan; defiant dragonfly,pid_207,Female,45-59,Black / African-American,500,yes
orchid orangutan; defiant dragonfly,pid_217,Male,60+,White / Caucasian,500,yes
orchid orangutan; defiant dragonfly,pid_223,Male,60+,Black / African-American,500,yes
orchid orangutan; defiant dragonfly,pid_245,Female,30-44,White / Caucasian,500,yes
orchid orangutan; defiant dragonfly,pid_248,Male,45-59,White / Caucasian,500,yes
orchid orangutan; defiant dragonfly,pid_253,Female,60+,White / Caucasian,500,yes
orchid orangutan; defiant dragonfly,pid_258,Male,60+,White / Caucasian,500,yes
orchid orangutan; defiant dragonfly,pid_262,Male,60+,White / Caucasian,500,yes
orchid orangutan; defiant dragonfly,pid_263,Female,45-59,White / Caucasian,500,yes
orchid orangutan; defiant dragonfly,pid_265,Female,60+,Black / African-American,500,yes
orchid orangutan; defiant dragonfly,pid_268,Male,60+,White / Caucasian,500,yes
orchid orangutan; defiant dragonfly,pid_273,Male,60+,Latino / Hispanic,500,yes
orchid orangutan; defiant dragonfly,pid_276,Male,60+,White / Caucasian,500,yes
orchid orangutan; defiant dragonfly,pid_278,Male,60+,White / Caucasian,500,yes
orchid orangutan; defiant dragonfly,pid_282,Male,18-29,White / Caucasian,500,yes
orchid orangutan; defiant dragonfly,pid_283,Female,60+,White / Caucasian,500,yes
orchid orangutan; defiant dragonfly,pid_285,Male,45-59,White / Caucasian,500,yes
orchid orangutan; defiant dragonfly,pid_289,Male,30-44,White / Caucasian,500,yes
orchid orangutan; defiant dragonfly,pid_290,Male,30-44,Latino / Hispanic,500,yes
orchid orangutan; defiant dragonfly,pid_294,Male,60+,Black / African-American,500,yes
orchid orangutan; defiant dragonfly,pid_296,Female,30-44,Latino / Hispanic,500,yes
orchid orangutan; defiant dragonfly,pid_303,Female,60+,Black / African-American,500,yes
orchid orangutan; defiant dragonfly,pid_305,Male,18-29,Latino / Hispanic,500,yes
orchid orangutan; defiant dragonfly,pid_315,Male,18-29,White / Caucasian,500,yes
orchid orangutan; defiant dragonfly,pid_318,Female,45-59,White / Caucasian,500,yes
orchid orangutan; defiant dragonfly,pid_329,Male,60+,White / Caucasian,500,yes
orchid orangutan; defiant dragonfly,pid_333,Female,60+,White / Caucasian,500,yes
orchid orangutan; defiant dragonfly,pid_336,Female,30-44,Latino / Hispanic,500,yes
orchid orangutan; defiant dragonfly,pid_337,Male,60+,White / Caucasian,500,yes
orchid orangutan; defiant dragonfly,pid_339,Male,45-59,Black / African-American,500,yes
orchid orangutan; defiant dragonfly,pid_345,Male,45-59,White / Caucasian,500,yes
orchid orangutan; defiant dragonfly,pid_348,Female,45-59,Black / African-American,500,yes
orchid orangutan; defiant dragonfly,pid_350,Male,45-59,Latino / Hispanic,500,yes
orchid orangutan; defiant dragonfly,pid_353,Male,45-59,Latino / Hispanic,500,yes
orchid orangutan; defiant dragonfly,pid_363,Male,30-44,White / Caucasian,500,yes
orchid orangutan; defiant dragonfly,pid_366,Female,60+,White / Caucasian,500,yes
orchid orangutan; defiant dragonfly,pid_368,Female,60+,White / Caucasian,500,yes
orchid orangutan; defiant dragonfly,pid_369,Female,45-59,White / Caucasian,500,yes
orchid orangutan; defiant dragonfly,pid_371,Female,45-59,White / Caucasian,500,yes
orchid orangutan; defiant dragonfly,pid_373,Female,60+,White / Caucasian,500,yes
orchid orangutan; defiant dragonfly,pid_376,Male,60+,Black / African-American,500,yes
orchid orangutan; defiant dragonfly,pid_378,Female,30-44,Asian / Asian-American,500,yes
orchid orangutan; defiant dragonfly,pid_379,Male,60+,Other,500,yes
orchid orangutan; defiant dragonfly,pid_384,Female,60+,Black / African-American,500,yes
orchid orangutan; defiant dragonfly,pid_391,Male,60+,White / Caucasian,500,yes
orchid orangutan; defiant dragonfly,pid_393,Male,60+,Latino / Hispanic,500,yes
orchid orangutan; defiant dragonfly,pid_398,Female,60+,Latino / Hispanic,500,yes
orchid orangutan; defiant dragonfly,pid_402,Female,60+,Asian / Asian-American,500,yes
orchid orangutan; defiant dragonfly,pid_403,Male,30-44,Black / African-American,500,yes
orchid orangutan; defiant dragonfly,pid_406,Male,18-29,White / Caucasian,500,yes
orchid orangutan; defiant dragonfly,pid_407,Male,60+,Latino / Hispanic,500,yes
orchid orangutan; defiant dragonfly,pid_411,Male,45-59,White / Caucasian,500,yes
orchid orangutan; defiant dragonfly,pid_412,Male,45-59,White / Caucasian,500,yes
orchid orangutan; defiant dragonfly,pid_425,Male,45-59,White / Caucasian,500,yes
orchid orangutan; defiant dragonfly,pid_443,Male,30-44,Black / African-American,500,yes
orchid orangutan; defiant dragonfly,pid_445,Male,45-59,White / Caucasian,500,yes
orchid orangutan; defiant dragonfly,pid_447,Male,60+,Asian / Asian-American,500,yes
orchid orangutan; defiant dragonfly,pid_450,Female,45-59,White / Caucasian,500,yes
orchid orangutan; defiant dragonfly,pid_451,Female,60+,White / Caucasian,500,yes
orchid orangutan; defiant dragonfly,pid_453,Male,18-29,Black / African-American,500,yes
orchid orangutan; defiant dragonfly,pid_455,Female,45-59,Asian / Asian-American,500,yes
orchid orangutan; defiant dragonfly,pid_456,Female,45-59,White / Caucasian,500,yes
orchid orangutan; defiant dragonfly,pid_459,Female,60+,White / Caucasian,500,yes
orchid orangutan; defiant dragonfly,pid_460,Male,45-59,White / Caucasian,500,yes
orchid orangutan; defiant dragonfly,pid_461,Male,60+,White / Caucasian,500,yes
orchid orangutan; defiant dragonfly,pid_462,Female,60+,White / Caucasian,500,yes
orchid orangutan; defiant dragonfly,pid_463,Female,18-29,White / Caucasian,500,yes
orchid orangutan; defiant dragonfly,pid_464,Female,18-29,Latino / Hispanic,500,yes
orchid orangutan; defiant dragonfly,pid_467,Female,18-29,White / Caucasian,500,yes
orchid orangutan; defiant dragonfly,pid_469,Female,45-59,Black / African-American,500,yes
orchid orangutan; defiant dragonfly,pid_470,Male,18-29,Latino / Hispanic,500,yes
orchid orangutan; defiant dragonfly,pid_474,Female,45-59,Black / African-American,500,yes
orchid orangutan; defiant dragonfly,pid_475,Male,18-29,White / Caucasian,500,yes
orchid orangutan; defiant dragonfly,pid_478,Male,60+,White / Caucasian,500,yes
orchid orangutan; defiant dragonfly,pid_487,Female,18-29,Black / African-American,500,yes
orchid orangutan; defiant dragonfly,pid_491,Male,30-44,White / Caucasian,500,yes
orchid orangutan; defiant dragonfly,pid_492,Female,60+,White / Caucasian,500,yes
orchid orangutan; defiant dragonfly,pid_502,Female,60+,White / Caucasian,500,yes
orchid orangutan; defiant dragonfly,pid_507,Male,60+,Black / African-American,500,yes
orchid orangutan; defiant dragonfly,pid_509,Female,45-59,White / Caucasian,500,yes
orchid orangutan; defiant dragonfly,pid_511,Male,60+,White / Caucasian,500,yes
orchid orangutan; defiant dragonfly,pid_512,Female,18-29,White / Caucasian,500,yes
orchid orangutan; defiant dragonfly,pid_513,Male,60+,Asian / Asian-American,500,yes
orchid orangutan; defiant dragonfly,pid_517,Female,18-29,Latino / Hispanic,500,yes
orchid orangutan; defiant dragonfly,pid_520,Male,60+,White / Caucasian,500,yes
orchid orangutan; defiant dragonfly,pid_521,Female,60+,Black / African-American,500,yes
orchid orangutan; defiant dragonfly,pid_525,Male,30-44,Asian / Asian-American,500,yes
orchid orangutan; defiant dragonfly,pid_528,Female,30-44,White / Caucasian,500,yes
orchid orangutan; defiant dragonfly,pid_541,Male,30-44,Latino / Hispanic,500,yes
orchid orangutan; defiant dragonfly,pid_542,Female,45-59,White / Caucasian,500,yes
orchid orangutan; defiant dragonfly,pid_559,Female,30-44,White / Caucasian,500,yes
orchid orangutan; defiant dragonfly,pid_563,Male,30-44,White / Caucasian,500,yes
orchid orangutan; defiant dragonfly,pid_566,Female,18-29,Black / African-American,500,yes
orchid orangutan; defiant dragonfly,pid_569,Male,60+,Latino / Hispanic,500,yes
orchid orangutan; defiant dragonfly,pid_577,Female,18-29,Black / African-American,500,yes
orchid orangutan; defiant dragonfly,pid_578,Female,60+,White / Caucasian,500,yes
orchid orangutan; defiant dragonfly,pid_582,Male,30-44,Latino / Hispanic,500,yes
orchid orangutan; defiant dragonfly,pid_585,Male,60+,Asian / Asian-American,500,yes
orchid orangutan; defiant dragonfly,pid_586,Female,45-59,White / Caucasian,500,yes
orchid orangutan; defiant dragonfly,pid_607,Male,30-44,Black / African-American,500,yes
orchid orangutan; defiant dragonfly,pid_609,Female,60+,White / Caucasian,500,yes
orchid orangutan; defiant dragonfly,pid_610,Male,60+,White / Caucasian,500,yes
orchid orangutan; defiant dragonfly,pid_628,Male,18-29,Black / African-American,500,yes
orchid orangutan; defiant dragonfly,pid_629,Male,18-29,White / Caucasian,500,yes
orchid orangutan; defiant dragonfly,pid_636,Female,18-29,White / Caucasian,500,yes
orchid orangutan; defiant dragonfly,pid_653,Male,18-29,Latino / Hispanic,500,yes
orchid orangutan; defiant dragonfly,pid_654,Male,45-59,Black / African-American,500,yes
orchid orangutan; defiant dragonfly,pid_667,Male,45-59,White / Caucasian,500,yes
orchid orangutan; defiant dragonfly,pid_676,Female,45-59,Latino / Hispanic,500,yes
orchid orangutan; defiant dragonfly,pid_679,Male,18-29,White / Caucasian,500,yes
orchid orangutan; defiant dragonfly,pid_684,Female,18-29,White / Caucasian,500,yes
orchid orangutan; defiant dragonfly,pid_687,Female,18-29,White / Caucasian,500,yes
orchid orangutan; defiant dragonfly,pid_691,Female,60+,Black / African-American,500,yes
orchid orangutan; defiant dragonfly,pid_695,Female,18-29,White / Caucasian,500,yes
orchid orangutan; defiant dragonfly,pid_708,Female,60+,White / Caucasian,500,yes
orchid orangutan; defiant dragonfly,pid_714,Female,45-59,Asian / Asian-American,500,yes
orchid orangutan; defiant dragonfly,pid_715,Female,30-44,White / Caucasian,500,yes
orchid orangutan; defiant dragonfly,pid_716,Male,18-29,Black / African-American,500,yes
orchid orangutan; defiant dragonfly,pid_717,Female,60+,White / Caucasian,500,yes
orchid orangutan; defiant dragonfly,pid_718,Female,60+,White / Caucasian,500,yes
orchid orangutan; defiant dragonfly,pid_721,Male,45-59,Asian / Asian-American,500,yes
orchid orangutan; defiant dragonfly,pid_732,Male,60+,White / Caucasian,500,yes
orchid orangutan; defiant dragonfly,pid_736,Female,60+,White / Caucasian,500,yes
orchid orangutan; defiant dragonfly,pid_738,Female,30-44,White / Caucasian,500,yes
orchid orangutan; defiant dragonfly,pid_744,Male,60+,White / Caucasian,500,yes
orchid orangutan; defiant dragonfly,pid_753,Male,30-44,Latino / Hispanic,500,yes
orchid orangutan; defiant dragonfly,pid_757,Female,18-29,White / Caucasian,500,yes
orchid orangutan; defiant dragonfly,pid_758,Female,60+,Black / African-American,500,yes
orchid orangutan; defiant dragonfly,pid_761,Female,30-44,White / Caucasian,500,yes
orchid orangutan; defiant dragonfly,pid_764,Male,18-29,White / Caucasian,500,yes
orchid orangutan; defiant dragonfly,pid_767,Female,45-59,White / Caucasian,500,yes
orchid orangutan; defiant dragonfly,pid_773,Female,30-44,Latino / Hispanic,500,yes
orchid orangutan; defiant dragonfly,pid_774,Male,60+,White / Caucasian,500,yes
orchid orangutan; defiant dragonfly,pid_788,Male,45-59,White / Caucasian,500,yes
orchid orangutan; defiant dragonfly,pid_792,Female,45-59,White / Caucasian,500,yes
orchid orangutan; defiant dragonfly,pid_797,Female,30-44,Latino / Hispanic,500,yes
orchid orangutan; defiant dragonfly,pid_800,Female,60+,Latino / Hispanic,500,yes
orchid orangutan; defiant dragonfly,pid_804,Female,30-44,White / Caucasian,500,yes
orchid orangutan; defiant dragonfly,pid_805,Female,30-44,White / Caucasian,500,yes
orchid orangutan; defiant dragonfly,pid_808,Male,30-44,Asian / Asian-American,500,yes
orchid orangutan; defiant dragonfly,pid_814,Male,30-44,White / Caucasian,500,yes
orchid orangutan; defiant dragonfly,pid_822,Male,45-59,Latino / Hispanic,500,yes
orchid orangutan; defiant dragonfly,pid_824,Male,60+,White / Caucasian,500,yes
orchid orangutan; defiant dragonfly,pid_839,Male,45-59,Black / African-American,500,yes
orchid orangutan; defiant dragonfly,pid_845,Female,60+,White / Caucasian,500,yes
orchid orangutan; defiant dragonfly,pid_846,Female,18-29,White / Caucasian,500,yes
orchid orangutan; defiant dragonfly,pid_847,Male,60+,White / Caucasian,500,yes
orchid orangutan; defiant dragonfly,pid_857,Female,60+,White / Caucasian,500,yes
orchid orangutan; defiant dragonfly,pid_860,Female,60+,White / Caucasian,500,yes
orchid orangutan; defiant dragonfly,pid_861,Male,60+,White / Caucasian,500,yes
orchid orangutan; defiant dragonfly,pid_863,Male,60+,Latino / Hispanic,500,yes
orchid orangutan; defiant dragonfly,pid_869,Female,45-59,White / Caucasian,500,yes
orchid orangutan; defiant dragonfly,pid_871,Female,60+,Latino / Hispanic,500,yes
orchid orangutan; defiant dragonfly,pid_872,Male,45-59,Black / African-American,500,yes
orchid orangutan; defiant dragonfly,pid_881,Male,18-29,White / Caucasian,500,yes
orchid orangutan; defiant dragonfly,pid_882,Male,30-44,Latino / Hispanic,500,yes
orchid orangutan; defiant dragonfly,pid_883,Male,18-29,White / Caucasian,500,yes
orchid orangutan; defiant dragonfly,pid_895,Female,30-44,Asian / Asian-American,500,yes
orchid orangutan; defiant dragonfly,pid_897,Male,60+,White / Caucasian,500,yes
orchid orangutan; defiant dragonfly,pid_900,Female,60+,White / Caucasian,500,yes
orchid orangutan; defiant dragonfly,pid_903,Female,18-29,Latino / Hispanic,500,yes
orchid orangutan; defiant dragonfly,pid_904,Male,18-29,White / Caucasian,500,yes
orchid orangutan; defiant dragonfly,pid_910,Male,45-59,White / Caucasian,500,yes
orchid orangutan; defiant dragonfly,pid_913,Female,18-29,White / Caucasian,500,yes
orchid orangutan; defiant dragonfly,pid_914,Male,60+,Latino / Hispanic,500,yes
orchid orangutan; defiant dragonfly,pid_916,Male,60+,White / Caucasian,500,yes
orchid orangutan; defiant dragonfly,pid_917,Male,30-44,White / Caucasian,500,yes
orchid orangutan; defiant dragonfly,pid_920,Male,60+,Black / African-American,500,yes
orchid orangutan; defiant dragonfly,pid_921,Female,30-44,Latino / Hispanic,500,yes
orchid orangutan; defiant dragonfly,pid_924,Male,30-44,White / Caucasian,500,yes
orchid orangutan; defiant dragonfly,pid_926,Female,60+,White / Caucasian,500,yes
orchid orangutan; defiant dragonfly,pid_933,Female,60+,Other,500,yes
orchid orangutan; defiant dragonfly,pid_935,Male,30-44,White / Caucasian,500,yes
orchid orangutan; defiant dragonfly,pid_939,Female,60+,Latino / Hispanic,500,yes
orchid orangutan; defiant dragonfly,pid_940,Male,18-29,White / Caucasian,500,yes
orchid orangutan; defiant dragonfly,pid_945,Female,30-44,White / Caucasian,500,yes
orchid orangutan; defiant dragonfly,pid_946,Female,45-59,Asian / Asian-American,500,yes
orchid orangutan; defiant dragonfly,pid_949,Male,60+,White / Caucasian,500,yes
orchid orangutan; defiant dragonfly,pid_950,Male,30-44,Latino / Hispanic,500,yes
orchid orangutan; defiant dragonfly,pid_951,Female,45-59,Latino / Hispanic,500,yes
orchid orangutan; defiant dragonfly,pid_954,Female,18-29,Latino / Hispanic,500,yes
orchid orangutan; defiant dragonfly,pid_955,Female,60+,White / Caucasian,500,yes
orchid orangutan; defiant dragonfly,pid_957,Female,30-44,Latino / Hispanic,500,yes
orchid orangutan; defiant dragonfly,pid_958,Female,60+,White / Caucasian,500,yes
orchid orangutan; defiant dragonfly,pid_961,Female,30-44,Black / African-American,500,yes
orchid orangutan; defiant dragonfly,pid_969,Female,45-59,White / Caucasian,500,yes
orchid orangutan; defiant dragonfly,pid_970,Male,60+,Latino / Hispanic,500,yes
orchid orangutan; defiant dragonfly,pid_976,Female,45-59,White / Caucasian,500,yes
orchid orangutan; defiant dragonfly,pid_983,Male,45-59,White / Caucasian,500,yes
orchid orangutan; defiant dragonfly,pid_1001,Male,18-29,Latino / Hispanic,500,yes
orchid orangutan; defiant dragonfly,pid_1003,Female,60+,White / Caucasian,500,yes
orchid orangutan; defiant dragonfly,pid_1007,Male,30-44,Black / African-American,500,yes
orchid orangutan; defiant dragonfly,pid_1010,Female,60+,Latino / Hispanic,500,yes
orchid orangutan; defiant dragonfly,pid_1011,Female,30-44,Other,500,yes
orchid orangutan; defiant dragonfly,pid_1016,Female,18-29,White / Caucasian,500,yes
orchid orangutan; defiant dragonfly,pid_1018,Female,18-29,Other,500,yes
orchid orangutan; defiant dragonfly,pid_1019,Female,45-59,Latino / Hispanic,500,yes
orchid orangutan; defiant dragonfly,pid_1030,Female,45-59,Other,500,yes
orchid orangutan; defiant dragonfly,pid_1037,Female,18-29,White / Caucasian,500,yes
orchid orangutan; defiant dragonfly,pid_1041,Male,45-59,White / Caucasian,500,yes
orchid orangutan; defiant dragonfly,pid_1043,Female,30-44,White / Caucasian,500,yes
orchid orangutan; defiant dragonfly,pid_1044,Female,45-59,White / Caucasian,500,yes
orchid orangutan; defiant dragonfly,pid_1047,Female,60+,White / Caucasian,500,yes
orchid orangutan; defiant dragonfly,pid_1048,Male,30-44,White / Caucasian,500,yes
orchid orangutan; defiant dragonfly,pid_1051,Male,18-29,Latino / Hispanic,500,yes
orchid orangutan; defiant dragonfly,pid_1054,Male,60+,White / Caucasian,500,yes
orchid orangutan; defiant dragonfly,pid_1060,Male,30-44,Black / African-American,500,yes
orchid orangutan; defiant dragonfly,pid_1063,Female,18-29,Asian / Asian-American,500,yes
orchid orangutan; defiant dragonfly,pid_1064,Male,18-29,White / Caucasian,500,yes
orchid orangutan; defiant dragonfly,pid_1072,Male,18-29,Latino / Hispanic,500,yes
orchid orangutan; defiant dragonfly,pid_1082,Female,45-59,Black / African-American,500,yes
orchid orangutan; defiant dragonfly,pid_1089,Female,60+,White / Caucasian,500,yes
orchid orangutan; defiant dragonfly,pid_1094,Female,30-44,White / Caucasian,500,yes
orchid orangutan; defiant dragonfly,pid_1097,Female,60+,Latino / Hispanic,500,yes
orchid orangutan; defiant dragonfly,pid_1100,Male,30-44,White / Caucasian,500,yes
orchid orangutan; defiant dragonfly,pid_1109,Male,45-59,White / Caucasian,500,yes
orchid orangutan; defiant dragonfly,pid_1114,Male,45-59,Other,500,yes
orchid orangutan; defiant dragonfly,pid_1115,Female,45-59,White / Caucasian,500,yes
orchid orangutan; defiant dragonfly,pid_1116,Male,18-29,White / Caucasian,500,yes
orchid orangutan; defiant dragonfly,pid_1124,Female,30-44,Black / African-American,500,yes
orchid orangutan; defiant dragonfly,pid_1125,Male,30-44,Asian / Asian-American,500,yes
orchid orangutan; defiant dragonfly,pid_1131,Male,45-59,White / Caucasian,500,yes
orchid orangutan; defiant dragonfly,pid_1132,Female,45-59,Latino / Hispanic,500,yes
orchid orangutan; defiant dragonfly,pid_1135,Male,45-59,White / Caucasian,500,yes
orchid orangutan; defiant dragonfly,pid_1137,Male,60+,Asian / Asian-American,500,yes
orchid orangutan; defiant dragonfly,pid_1138,Male,30-44,White / Caucasian,500,yes
orchid orangutan; defiant dragonfly,pid_1144,Male,60+,White / Caucasian,500,yes
orchid orangutan; defiant dragonfly,pid_1145,Female,30-44,Asian / Asian-American,500,yes
orchid orangutan; defiant dragonfly,pid_1147,Male,30-44,White / Caucasian,500,yes
orchid orangutan; defiant dragonfly,pid_1148,Female,30-44,Latino / Hispanic,500,yes
orchid orangutan; defiant dragonfly,pid_1153,Female,30-44,White / Caucasian,500,yes
orchid orangutan; defiant dragonfly,pid_1157,Female,45-59,White / Caucasian,500,yes
orchid orangutan; defiant dragonfly,pid_1159,Female,60+,White / Caucasian,500,yes
orchid orangutan; defiant dragonfly,pid_1168,Male,45-59,White / Caucasian,500,yes
orchid orangutan; defiant dragonfly,pid_1174,Female,45-59,White / Caucasian,500,yes
orchid orangutan; defiant dragonfly,pid_1176,Male,30-44,White / Caucasian,500,yes
orchid orangutan; defiant dragonfly,pid_1178,Female,18-29,Latino / Hispanic,500,yes
orchid orangutan; defiant dragonfly,pid_1182,Male,60+,White / Caucasian,500,yes
orchid orangutan; defiant dragonfly,pid_1183,Female,60+,White / Caucasian,500,yes
orchid orangutan; defiant dragonfly,pid_1187,Male,18-29,White / Caucasian,500,yes
orchid orangutan; defiant dragonfly,pid_1188,Male,18-29,Asian / Asian-American,500,yes
orchid orangutan; defiant dragonfly,pid_1189,Female,30-44,Asian / Asian-American,500,yes
orchid orangutan; defiant dragonfly,pid_1193,Male,30-44,Latino / Hispanic,500,yes
orchid orangutan; defiant dragonfly,pid_1194,Male,30-44,White / Caucasian,500,yes
orchid orangutan; defiant dragonfly,pid_1197,Female,60+,White / Caucasian,500,yes
orchid orangutan; defiant dragonfly,pid_1199,Male,60+,Black / African-American,500,yes
orchid orangutan; defiant dragonfly,pid_1202,Male,60+,White / Caucasian,500,yes
orchid orangutan; defiant dragonfly,pid_1203,Male,18-29,Asian / Asian-American,500,yes
orchid orangutan; defiant dragonfly,pid_1212,Male,30-44,Latino / Hispanic,500,yes
orchid orangutan; defiant dragonfly,pid_1217,Female,45-59,Latino / Hispanic,500,yes
orchid orangutan; defiant dragonfly,pid_1219,Male,60+,White / Caucasian,500,yes
orchid orangutan; defiant dragonfly,pid_1221,Male,18-29,Latino / Hispanic,500,yes
orchid orangutan; defiant dragonfly,pid_1225,Male,60+,White / Caucasian,500,yes
orchid orangutan; defiant dragonfly,pid_1227,Female,30-44,Latino / Hispanic,500,yes
orchid orangutan; defiant dragonfly,pid_1238,Female,60+,White / Caucasian,500,yes
orchid orangutan; defiant dragonfly,pid_1240,Male,18-29,White / Caucasian,500,yes
orchid orangutan; defiant dragonfly,pid_1248,Male,45-59,White / Caucasian,500,yes
orchid orangutan; defiant dragonfly,pid_1249,Female,45-59,White / Caucasian,500,yes
orchid orangutan; defiant dragonfly,pid_1253,Female,45-59,Black / African-American,500,yes
orchid orangutan; defiant dragonfly,pid_1256,Female,30-44,Latino / Hispanic,500,yes
orchid orangutan; defiant dragonfly,pid_1262,Male,30-44,Latino / Hispanic,500,yes
orchid orangutan; defiant dragonfly,pid_1273,Male,60+,White / Caucasian,500,yes
orchid orangutan; defiant dragonfly,pid_1278,Male,30-44,White / Caucasian,500,yes
orchid orangutan; defiant dragonfly,pid_1286,Male,30-44,White / Caucasian,500,yes
orchid orangutan; defiant dragonfly,pid_1289,Male,30-44,White / Caucasian,500,yes
orchid orangutan; defiant dragonfly,pid_1290,Female,30-44,White / Caucasian,500,yes
orchid orangutan; defiant dragonfly,pid_1299,Female,30-44,White / Caucasian,500,yes
orchid orangutan; defiant dragonfly,pid_1301,Female,45-59,Black / African-American,500,yes
orchid orangutan; defiant dragonfly,pid_1302,Male,30-44,Black / African-American,500,yes
orchid orangutan; defiant dragonfly,pid_1311,Female,30-44,Latino / Hispanic,500,yes
orchid orangutan; defiant dragonfly,pid_1316,Female,60+,White / Caucasian,500,yes
orchid orangutan; defiant dragonfly,pid_1317,Female,30-44,Black / African-American,500,yes
orchid orangutan; defiant dragonfly,pid_1323,Male,60+,White / Caucasian,500,yes
orchid orangutan; defiant dragonfly,pid_1339,Female,60+,White / Caucasian,500,yes
orchid orangutan; defiant dragonfly,pid_1343,Male,45-59,White / Caucasian,500,yes
orchid orangutan; defiant dragonfly,pid_1345,Male,18-29,Asian / Asian-American,500,yes
orchid orangutan; defiant dragonfly,pid_1350,Male,30-44,Asian / Asian-American,500,yes
orchid orangutan; defiant dragonfly,pid_1353,Female,45-59,White / Caucasian,500,yes
orchid orangutan; defiant dragonfly,pid_1362,Male,18-29,White / Caucasian,500,yes
orchid orangutan; defiant dragonfly,pid_1367,Female,18-29,White / Caucasian,500,yes
orchid orangutan; defiant dragonfly,pid_1368,Male,30-44,White / Caucasian,500,yes
orchid orangutan; defiant dragonfly,pid_1369,Male,60+,White / Caucasian,500,yes
orchid orangutan; defiant dragonfly,pid_1379,Female,30-44,White / Caucasian,500,yes
orchid orangutan; defiant dragonfly,pid_1380,Female,30-44,White / Caucasian,500,yes
orchid orangutan; defiant dragonfly,pid_1382,Female,18-29,White / Caucasian,500,yes
orchid orangutan; defiant dragonfly,pid_1386,Male,30-44,Latino / Hispanic,500,yes
orchid orangutan; defiant dragonfly,pid_1387,Female,18-29,White / Caucasian,500,yes
orchid orangutan; defiant dragonfly,pid_1400,Female,18-29,White / Caucasian,500,yes
orchid orangutan; defiant dragonfly,pid_1403,Female,30-44,Black / African-American,500,yes
orchid orangutan; defiant dragonfly,pid_1411,Female,60+,White / Caucasian,500,yes
orchid orangutan; defiant dragonfly,pid_1412,Female,30-44,White / Caucasian,500,yes
orchid orangutan; defiant dragonfly,pid_1413,Male,30-44,White / Caucasian,500,yes
orchid orangutan; defiant dragonfly,pid_1416,Male,45-59,White / Caucasian,500,yes
orchid orangutan; defiant dragonfly,pid_1418,Female,45-59,White / Caucasian,500,yes
orchid orangutan; defiant dragonfly,pid_1420,Female,45-59,White / Caucasian,500,yes
orchid orangutan; defiant dragonfly,pid_1423,Male,60+,White / Caucasian,500,yes
orchid orangutan; defiant dragonfly,pid_1427,Female,60+,White / Caucasian,500,yes
orchid orangutan; defiant dragonfly,pid_1435,Female,30-44,Black / African-American,500,yes
orchid orangutan; defiant dragonfly,pid_1439,Male,30-44,Latino / Hispanic,500,yes
orchid orangutan; defiant dragonfly,pid_1445,Female,18-29,White / Caucasian,500,yes
orchid orangutan; defiant dragonfly,pid_1446,Female,30-44,White / Caucasian,500,yes
orchid orangutan; defiant dragonfly,pid_1448,Male,18-29,White / Caucasian,500,yes
orchid orangutan; defiant dragonfly,pid_1449,Female,18-29,Latino / Hispanic,500,yes
orchid orangutan; defiant dragonfly,pid_1451,Male,60+,Latino / Hispanic,500,yes
orchid orangutan; defiant dragonfly,pid_1452,Male,45-59,White / Caucasian,500,yes
orchid orangutan; defiant dragonfly,pid_1455,Female,18-29,Black / African-American,500,yes
orchid orangutan; defiant dragonfly,pid_1457,Female,60+,White / Caucasian,500,yes
orchid orangutan; defiant dragonfly,pid_1458,Male,60+,White / Caucasian,500,yes
orchid orangutan; defiant dragonfly,pid_1460,Male,18-29,White / Caucasian,500,yes
orchid orangutan; defiant dragonfly,pid_1463,Male,30-44,Black / African-American,500,yes
orchid orangutan; defiant dragonfly,pid_1465,Male,18-29,White / Caucasian,500,yes
orchid orangutan; defiant dragonfly,pid_1471,Male,30-44,White / Caucasian,500,yes
orchid orangutan; defiant dragonfly,pid_1473,Female,30-44,Black / African-American,500,yes
orchid orangutan; defiant dragonfly,pid_1474,Female,45-59,White / Caucasian,500,yes
orchid orangutan; defiant dragonfly,pid_1477,Male,18-29,Latino / Hispanic,500,yes
orchid orangutan; defiant dragonfly,pid_1487,Female,18-29,White / Caucasian,500,yes
orchid orangutan; defiant dragonfly,pid_1499,Male,60+,Black / African-American,500,yes
orchid orangutan; defiant dragonfly,pid_1502,Male,30-44,Latino / Hispanic,500,yes
orchid orangutan; defiant dragonfly,pid_1503,Male,45-59,White / Caucasian,500,yes
orchid orangutan; defiant dragonfly,pid_1512,Female,60+,White / Caucasian,500,yes
orchid orangutan; defiant dragonfly,pid_1516,Male,60+,White / Caucasian,500,yes
orchid orangutan; defiant dragonfly,pid_1522,Male,30-44,Latino / Hispanic,500,yes
orchid orangutan; defiant dragonfly,pid_1526,Male,18-29,Latino / Hispanic,500,yes
orchid orangutan; defiant dragonfly,pid_1531,Female,60+,White / Caucasian,500,yes
orchid orangutan; defiant dragonfly,pid_1534,Male,45-59,Black / African-American,500,yes
orchid orangutan; defiant dragonfly,pid_1539,Female,18-29,White / Caucasian,500,yes
orchid orangutan; defiant dragonfly,pid_1544,Female,30-44,Latino / Hispanic,500,yes
orchid orangutan; defiant dragonfly,pid_1546,Female,30-44,Latino / Hispanic,500,yes
orchid orangutan; defiant dragonfly,pid_1548,Female,18-29,Black / African-American,500,yes
orchid orangutan; defiant dragonfly,pid_1554,Male,60+,Latino / Hispanic,500,yes
orchid orangutan; defiant dragonfly,pid_1563,Female,45-59,Latino / Hispanic,500,yes
orchid orangutan; defiant dragonfly,pid_1566,Male,18-29,Latino / Hispanic,500,yes
orchid orangutan; defiant dragonfly,pid_1571,Male,30-44,White / Caucasian,500,yes
orchid orangutan; defiant dragonfly,pid_1581,Female,30-44,Black / African-American,500,yes
orchid orangutan; defiant dragonfly,pid_1583,Male,18-29,Other,500,yes
orchid orangutan; defiant dragonfly,pid_1584,Female,30-44,Asian / Asian-American,500,yes
orchid orangutan; defiant dragonfly,pid_1586,Male,30-44,White / Caucasian,500,yes
orchid orangutan; defiant dragonfly,pid_1588,Male,45-59,Asian / Asian-American,500,yes
orchid orangutan; defiant dragonfly,pid_1590,Male,30-44,Latino / Hispanic,500,yes
orchid orangutan; defiant dragonfly,pid_1596,Female,18-29,Latino / Hispanic,500,yes
orchid orangutan; defiant dragonfly,pid_1598,Male,18-29,White / Caucasian,500,yes
orchid orangutan; defiant dragonfly,pid_1604,Female,60+,Latino / Hispanic,500,yes
orchid orangutan; defiant dragonfly,pid_1605,Female,30-44,White / Caucasian,500,yes
orchid orangutan; defiant dragonfly,pid_1625,Male,30-44,Latino / Hispanic,500,yes
orchid orangutan; defiant dragonfly,pid_1643,Female,45-59,White / Caucasian,500,yes
orchid orangutan; defiant dragonfly,pid_1645,Male,45-59,Asian / Asian-American,500,yes
orchid orangutan; defiant dragonfly,pid_1649,Female,30-44,White / Caucasian,500,yes
orchid orangutan; defiant dragonfly,pid_1653,Male,18-29,White / Caucasian,500,yes
orchid orangutan; defiant dragonfly,pid_1656,Male,60+,White / Caucasian,500,yes
orchid orangutan; defiant dragonfly,pid_1657,Male,30-44,White / Caucasian,500,yes
orchid orangutan; defiant dragonfly,pid_1660,Female,18-29,Asian / Asian-American,500,yes
orchid orangutan; defiant dragonfly,pid_1663,Female,30-44,White / Caucasian,500,yes
orchid orangutan; defiant dragonfly,pid_1667,Female,18-29,White / Caucasian,500,yes
orchid orangutan; defiant dragonfly,pid_1670,Female,18-29,Latino / Hispanic,500,yes
orchid orangutan; defiant dragonfly,pid_1676,Female,18-29,Asian / Asian-American,500,yes
orchid orangutan; defiant dragonfly,pid_1680,Male,60+,White / Caucasian,500,yes
orchid orangutan; defiant dragonfly,pid_1681,Female,45-59,Latino / Hispanic,500,yes
orchid orangutan; defiant dragonfly,pid_1684,Male,60+,White / Caucasian,500,yes
orchid orangutan; defiant dragonfly,pid_1687,Female,30-44,Latino / Hispanic,500,yes
orchid orangutan; defiant dragonfly,pid_1689,Female,60+,White / Caucasian,500,yes
orchid orangutan; defiant dragonfly,pid_1697,Male,45-59,Black / African-American,500,yes
orchid orangutan; defiant dragonfly,pid_1704,Male,30-44,White / Caucasian,500,yes
orchid orangutan; defiant dragonfly,pid_1712,Female,30-44,White / Caucasian,500,yes
orchid orangutan; defiant dragonfly,pid_1717,Male,60+,White / Caucasian,500,yes
orchid orangutan; defiant dragonfly,pid_1721,Female,45-59,White / Caucasian,500,yes
orchid orangutan; defiant dragonfly,pid_1726,Female,45-59,Latino / Hispanic,500,yes
orchid orangutan; defiant dragonfly,pid_1728,Female,30-44,White / Caucasian,500,yes
orchid orangutan; defiant dragonfly,pid_1740,Female,45-59,White / Caucasian,500,yes
orchid orangutan; defiant dragonfly,pid_1741,Male,18-29,Other,500,yes
orchid orangutan; defiant dragonfly,pid_1743,Male,30-44,White / Caucasian,500,yes
orchid orangutan; defiant dragonfly,pid_1751,Female,45-59,White / Caucasian,500,yes
orchid orangutan; defiant dragonfly,pid_1757,Female,60+,White / Caucasian,500,yes
orchid orangutan; defiant dragonfly,pid_1763,Female,45-59,Latino / Hispanic,500,yes
orchid orangutan; defiant dragonfly,pid_1772,Female,60+,Asian / Asian-American,500,yes
orchid orangutan; defiant dragonfly,pid_1773,Male,18-29,Latino / Hispanic,500,yes
orchid orangutan; defiant dragonfly,pid_1775,Male,45-59,White / Caucasian,500,yes
orchid orangutan; defiant dragonfly,pid_1779,Male,30-44,Other,500,yes
orchid orangutan; defiant dragonfly,pid_1780,Male,30-44,Latino / Hispanic,500,yes
orchid orangutan; defiant dragonfly,pid_1782,Male,30-44,White / Caucasian,500,yes
orchid orangutan; defiant dragonfly,pid_1790,Female,30-44,Black / African-American,500,yes
orchid orangutan; defiant dragonfly,pid_1791,Female,60+,Asian / Asian-American,500,yes
orchid orangutan; defiant dragonfly,pid_1793,Female,60+,Asian / Asian-American,500,yes
orchid orangutan; defiant dragonfly,pid_1803,Female,60+,White / Caucasian,500,yes
orchid orangutan; defiant dragonfly,pid_1805,Male,30-44,Black / African-American,500,yes
orchid orangutan; defiant dragonfly,pid_1806,Female,60+,White / Caucasian,500,yes
orchid orangutan; defiant dragonfly,pid_1809,Male,18-29,White / Caucasian,500,yes
orchid orangutan; defiant dragonfly,pid_1811,Female,45-59,White / Caucasian,500,yes
orchid orangutan; defiant dragonfly,pid_1814,Female,18-29,White / Caucasian,500,yes
orchid orangutan; defiant dragonfly,pid_1815,Female,60+,Black / African-American,500,yes
orchid orangutan; defiant dragonfly,pid_1819,Male,30-44,White / Caucasian,500,yes
orchid orangutan; defiant dragonfly,pid_1820,Female,30-44,White / Caucasian,500,yes
orchid orangutan; defiant dragonfly,pid_1822,Female,60+,White / Caucasian,500,yes
orchid orangutan; defiant dragonfly,pid_1824,Male,18-29,Latino / Hispanic,500,yes
orchid orangutan; defiant dragonfly,pid_1829,Female,18-29,White / Caucasian,500,yes
orchid orangutan; defiant dragonfly,pid_1833,Female,18-29,Latino / Hispanic,500,yes
orchid orangutan; defiant dragonfly,pid_1837,Male,18-29,Latino / Hispanic,500,yes
orchid orangutan; defiant dragonfly,pid_1840,Female,30-44,Latino / Hispanic,500,yes
orchid orangutan; defiant dragonfly,pid_1843,Male,30-44,White / Caucasian,500,yes
orchid orangutan; defiant dragonfly,pid_1846,Female,60+,White / Caucasian,500,yes
orchid orangutan; defiant dragonfly,pid_1847,Male,45-59,Asian / Asian-American,500,yes
orchid orangutan; defiant dragonfly,pid_1853,Male,18-29,Latino / Hispanic,500,yes
orchid orangutan; defiant dragonfly,pid_1857,Male,45-59,White / Caucasian,500,yes
orchid orangutan; defiant dragonfly,pid_1866,Female,45-59,White / Caucasian,500,yes
orchid orangutan; defiant dragonfly,pid_1870,Female,45-59,White / Caucasian,500,yes
orchid orangutan; defiant dragonfly,pid_1872,Male,45-59,White / Caucasian,500,yes
orchid orangutan; defiant dragonfly,pid_1877,Female,30-44,White / Caucasian,500,yes
orchid orangutan; defiant dragonfly,pid_1878,Male,45-59,White / Caucasian,500,yes
orchid orangutan; defiant dragonfly,pid_1884,Male,60+,White / Caucasian,500,yes
orchid orangutan; defiant dragonfly,pid_1886,Male,18-29,White / Caucasian,500,yes
orchid orangutan; defiant dragonfly,pid_1889,Male,30-44,White / Caucasian,500,yes
orchid orangutan; defiant dragonfly,pid_1890,Male,30-44,White / Caucasian,500,yes
orchid orangutan; defiant dragonfly,pid_1893,Female,18-29,Latino / Hispanic,500,yes
orchid orangutan; defiant dragonfly,pid_1901,Female,30-44,White / Caucasian,500,yes
orchid orangutan; defiant dragonfly,pid_1904,Male,30-44,White / Caucasian,500,yes
orchid orangutan; defiant dragonfly,pid_1908,Female,45-59,White / Caucasian,500,yes
orchid orangutan; defiant dragonfly,pid_1909,Female,60+,Latino / Hispanic,500,yes
orchid orangutan; defiant dragonfly,pid_1912,Male,30-44,Asian / Asian-American,500,yes
orchid orangutan; defiant dragonfly,pid_1913,Female,30-44,Other,500,yes
orchid orangutan; defiant dragonfly,pid_1917,Female,18-29,White / Caucasian,500,yes
orchid orangutan; defiant dragonfly,pid_1919,Male,45-59,White / Caucasian,500,yes
orchid orangutan; defiant dragonfly,pid_1929,Female,60+,White / Caucasian,500,yes
orchid orangutan; defiant dragonfly,pid_1931,Male,60+,White / Caucasian,500,yes
orchid orangutan; defiant dragonfly,pid_1933,Female,18-29,White / Caucasian,500,yes
orchid orangutan; defiant dragonfly,pid_1937,Female,18-29,Other,500,yes
orchid orangutan; defiant dragonfly,pid_1945,Female,30-44,White / Caucasian,500,yes
orchid orangutan; defiant dragonfly,pid_1952,Male,45-59,White / Caucasian,500,yes
orchid orangutan; defiant dragonfly,pid_1953,Male,45-59,White / Caucasian,500,yes
orchid orangutan; defiant dragonfly,pid_1961,Female,60+,Other,500,yes
orchid orangutan; defiant dragonfly,pid_1963,Male,30-44,White / Caucasian,500,yes
orchid orangutan; defiant dragonfly,pid_1966,Female,18-29,Latino / Hispanic,500,yes
orchid orangutan; defiant dragonfly,pid_1972,Male,18-29,Black / African-American,500,yes
orchid orangutan; defiant dragonfly,pid_1973,Female,18-29,Latino / Hispanic,500,yes
orchid orangutan; defiant dragonfly,pid_1978,Male,30-44,White / Caucasian,500,yes
orchid orangutan; defiant dragonfly,pid_1981,Female,18-29,White / Caucasian,500,yes
orchid orangutan; defiant dragonfly,pid_1982,Male,45-59,White / Caucasian,500,yes
orchid orangutan; defiant dragonfly,pid_1985,Male,18-29,Black / African-American,500,yes
orchid orangutan; defiant dragonfly,pid_1988,Female,30-44,White / Caucasian,500,yes
orchid orangutan; defiant dragonfly,pid_1989,Female,30-44,White / Caucasian,500,yes
orchid orangutan; defiant dragonfly,pid_1997,Female,30-44,White / Caucasian,500,yes
orchid orangutan; defiant dragonfly,pid_1998,Female,60+,White / Caucasian,500,yes
orchid orangutan; defiant dragonfly,pid_1999,Female,30-44,White / Caucasian,500,yes
orchid orangutan; defiant dragonfly,pid_2000,Male,60+,White / Caucasian,500,yes
orchid orangutan; defiant dragonfly,pid_2003,Male,18-29,White / Caucasian,500,yes
orchid orangutan; defiant dragonfly,pid_2005,Male,45-59,White / Caucasian,500,yes
orchid orangutan; defiant dragonfly,pid_2006,Male,45-59,White / Caucasian,500,yes
orchid orangutan; defiant dragonfly,pid_2008,Female,45-59,Asian / Asian-American,500,yes
orchid orangutan; defiant dragonfly,pid_2010,Female,45-59,White / Caucasian,500,yes
orchid orangutan; defiant dragonfly,pid_2021,Female,45-59,White / Caucasian,500,yes
orchid orangutan; defiant dragonfly,pid_2022,Female,60+,Black / African-American,500,yes
orchid orangutan; defiant dragonfly,pid_2025,Male,60+,White / Caucasian,500,yes
orchid orangutan; defiant dragonfly,pid_2026,Male,45-59,White / Caucasian,500,yes
orchid orangutan; defiant dragonfly,pid_2030,Female,60+,White / Caucasian,500,yes
orchid orangutan; defiant dragonfly,pid_2034,Male,45-59,White / Caucasian,500,yes
orchid orangutan; defiant dragonfly,pid_2041,Male,60+,White / Caucasian,500,yes
orchid orangutan; defiant dragonfly,pid_2046,Male,18-29,Latino / Hispanic,500,yes
orchid orangutan; defiant dragonfly,pid_2049,Female,18-29,Black / African-American,500,yes
orchid orangutan; defiant dragonfly,pid_2052,Male,18-29,White / Caucasian,500,yes
orchid orangutan; defiant dragonfly,pid_2054,Female,30-44,Black / African-American,500,yes
perfect prawn,pid_14,Female,45-59,White / Caucasian,500,yes
perfect prawn,pid_15,Male,60+,White / Caucasian,500,yes
perfect prawn,pid_23,Male,45-59,White / Caucasian,500,yes
perfect prawn,pid_29,Female,60+,White / Caucasian,500,yes
perfect prawn,pid_32,Male,30-44,Latino / Hispanic,500,yes
perfect prawn,pid_35,Female,30-44,White / Caucasian,500,yes
perfect prawn,pid_43,Male,18-29,Black / African-American,500,yes
perfect prawn,pid_57,Male,45-59,Black / African-American,500,yes
perfect prawn,pid_59,Male,45-59,White / Caucasian,500,yes
perfect prawn,pid_62,Male,45-59,White / Caucasian,500,yes
perfect prawn,pid_65,Female,45-59,Latino / Hispanic,500,yes
perfect prawn,pid_71,Male,60+,Latino / Hispanic,500,yes
perfect prawn,pid_72,Male,45-59,White / Caucasian,500,yes
perfect prawn,pid_75,Female,45-59,White / Caucasian,500,yes
perfect prawn,pid_76,Female,60+,White / Caucasian,500,yes
perfect prawn,pid_81,Male,60+,White / Caucasian,500,yes
perfect prawn,pid_83,Female,60+,White / Caucasian,500,yes
perfect prawn,pid_84,Female,60+,White / Caucasian,500,yes
perfect prawn,pid_91,Female,60+,White / Caucasian,500,yes
perfect prawn,pid_95,Female,60+,White / Caucasian,500,yes
perfect prawn,pid_99,Male,30-44,Other,500,yes
perfect prawn,pid_102,Male,45-59,Black / African-American,500,yes
perfect prawn,pid_104,Male,30-44,White / Caucasian,500,yes
perfect prawn,pid_107,Male,45-59,White / Caucasian,500,yes
perfect prawn,pid_115,Female,60+,Asian / Asian-American,500,yes
perfect prawn,pid_118,Male,60+,White / Caucasian,500,yes
perfect prawn,pid_122,Female,60+,White / Caucasian,500,yes
perfect prawn,pid_123,Male,60+,White / Caucasian,500,yes
perfect prawn,pid_129,Female,30-44,Asian / Asian-American,500,yes
perfect prawn,pid_133,Female,60+,Latino / Hispanic,500,yes
perfect prawn,pid_160,Male,60+,White / Caucasian,500,yes
perfect prawn,pid_163,Male,45-59,White / Caucasian,500,yes
perfect prawn,pid_165,Male,45-59,Latino / Hispanic,500,yes
perfect prawn,pid_167,Female,60+,White / Caucasian,500,yes
perfect prawn,pid_173,Female,30-44,White / Caucasian,500,yes
perfect prawn,pid_174,Female,60+,White / Caucasian,500,yes
perfect prawn,pid_180,Female,60+,Black / African-American,500,yes
perfect prawn,pid_182,Female,60+,White / Caucasian,500,yes
perfect prawn,pid_186,Female,18-29,Black / African-American,500,yes
perfect prawn,pid_189,Female,45-59,White / Caucasian,500,yes
perfect prawn,pid_198,Female,30-44,White / Caucasian,500,yes
perfect prawn,pid_204,Female,60+,White / Caucasian,500,yes
perfect prawn,pid_207,Female,45-59,Black / African-American,500,yes
perfect prawn,pid_217,Male,60+,White / Caucasian,500,yes
perfect prawn,pid_223,Male,60+,Black / African-American,500,yes
perfect prawn,pid_245,Female,30-44,White / Caucasian,500,yes
perfect prawn,pid_248,Male,45-59,White / Caucasian,500,yes
perfect prawn,pid_253,Female,60+,White / Caucasian,500,yes
perfect prawn,pid_258,Male,60+,White / Caucasian,500,yes
perfect prawn,pid_262,Male,60+,White / Caucasian,500,yes
perfect prawn,pid_263,Female,45-59,White / Caucasian,500,yes
perfect prawn,pid_265,Female,60+,Black / African-American,500,yes
perfect prawn,pid_268,Male,60+,White / Caucasian,500,yes
perfect prawn,pid_273,Male,60+,Latino / Hispanic,500,yes
perfect prawn,pid_276,Male,60+,White / Caucasian,500,yes
perfect prawn,pid_278,Male,60+,White / Caucasian,500,yes
perfect prawn,pid_282,Male,18-29,White / Caucasian,500,yes
perfect prawn,pid_283,Female,60+,White / Caucasian,500,yes
perfect prawn,pid_285,Male,45-59,White / Caucasian,500,yes
perfect prawn,pid_289,Male,30-44,White / Caucasian,500,yes
perfect prawn,pid_290,Male,30-44,Latino / Hispanic,500,yes
perfect prawn,pid_294,Male,60+,Black / African-American,500,yes
perfect prawn,pid_296,Female,30-44,Latino / Hispanic,500,yes
perfect prawn,pid_303,Female,60+,Black / African-American,500,yes
perfect prawn,pid_305,Male,18-29,Latino / Hispanic,500,yes
perfect prawn,pid_315,Male,18-29,White / Caucasian,500,yes
perfect prawn,pid_318,Female,45-59,White / Caucasian,500,yes
perfect prawn,pid_329,Male,60+,White / Caucasian,500,yes
perfect prawn,pid_333,Female,60+,White / Caucasian,500,yes
perfect prawn,pid_336,Female,30-44,Latino / Hispanic,500,yes
perfect prawn,pid_337,Male,60+,White / Caucasian,500,yes
perfect prawn,pid_339,Male,45-59,Black / African-American,500,yes
perfect prawn,pid_345,Male,45-59,White / Caucasian,500,yes
perfect prawn,pid_348,Female,45-59,Black / African-American,500,yes
perfect prawn,pid_350,Male,45-59,Latino / Hispanic,500,yes
perfect prawn,pid_353,Male,45-59,Latino / Hispanic,500,yes
perfect prawn,pid_363,Male,30-44,White / Caucasian,500,yes
perfect prawn,pid_366,Female,60+,White / Caucasian,500,yes
perfect prawn,pid_368,Female,60+,White / Caucasian,500,yes
perfect prawn,pid_369,Female,45-59,White / Caucasian,500,yes
perfect prawn,pid_371,Female,45-59,White / Caucasian,500,yes
perfect prawn,pid_373,Female,60+,White / Caucasian,500,yes
perfect prawn,pid_376,Male,60+,Black / African-American,500,yes
perfect prawn,pid_378,Female,30-44,Asian / Asian-American,500,yes
perfect prawn,pid_379,Male,60+,Other,500,yes
perfect prawn,pid_384,Female,60+,Black / African-American,500,yes
perfect prawn,pid_391,Male,60+,White / Caucasian,500,yes
perfect prawn,pid_393,Male,60+,Latino / Hispanic,500,yes
perfect prawn,pid_398,Female,60+,Latino / Hispanic,500,yes
perfect prawn,pid_402,Female,60+,Asian / Asian-American,500,yes
perfect prawn,pid_403,Male,30-44,Black / African-American,500,yes
perfect prawn,pid_406,Male,18-29,White / Caucasian,500,yes
perfect prawn,pid_407,Male,60+,Latino / Hispanic,500,yes
perfect prawn,pid_411,Male,45-59,White / Caucasian,500,yes
perfect prawn,pid_412,Male,45-59,White / Caucasian,500,yes
perfect prawn,pid_425,Male,45-59,White / Caucasian,500,yes
perfect prawn,pid_443,Male,30-44,Black / African-American,500,yes
perfect prawn,pid_445,Male,45-59,White / Caucasian,500,yes
perfect prawn,pid_447,Male,60+,Asian / Asian-American,500,yes
perfect prawn,pid_450,Female,45-59,White / Caucasian,500,yes
perfect prawn,pid_451,Female,60+,White / Caucasian,500,yes
perfect prawn,pid_453,Male,18-29,Black / African-American,500,yes
perfect prawn,pid_455,Female,45-59,Asian / Asian-American,500,yes
perfect prawn,pid_456,Female,45-59,White / Caucasian,500,yes
perfect prawn,pid_459,Female,60+,White / Caucasian,500,yes
perfect prawn,pid_460,Male,45-59,White / Caucasian,500,yes
perfect prawn,pid_461,Male,60+,White / Caucasian,500,yes
perfect prawn,pid_462,Female,60+,White / Caucasian,500,yes
perfect prawn,pid_463,Female,18-29,White / Caucasian,500,yes
perfect prawn,pid_464,Female,18-29,Latino / Hispanic,500,yes
perfect prawn,pid_467,Female,18-29,White / Caucasian,500,yes
perfect prawn,pid_469,Female,45-59,Black / African-American,500,yes
perfect prawn,pid_470,Male,18-29,Latino / Hispanic,500,yes
perfect prawn,pid_474,Female,45-59,Black / African-American,500,yes
perfect prawn,pid_475,Male,18-29,White / Caucasian,500,yes
perfect prawn,pid_478,Male,60+,White / Caucasian,500,yes
perfect prawn,pid_487,Female,18-29,Black / African-American,500,yes
perfect prawn,pid_491,Male,30-44,White / Caucasian,500,yes
perfect prawn,pid_492,Female,60+,White / Caucasian,500,yes
perfect prawn,pid_502,Female,60+,White / Caucasian,500,yes
perfect prawn,pid_507,Male,60+,Black / African-American,500,yes
perfect prawn,pid_509,Female,45-59,White / Caucasian,500,yes
perfect prawn,pid_511,Male,60+,White / Caucasian,500,yes
perfect prawn,pid_512,Female,18-29,White / Caucasian,500,yes
perfect prawn,pid_513,Male,60+,Asian / Asian-American,500,yes
perfect prawn,pid_517,Female,18-29,Latino / Hispanic,500,yes
perfect prawn,pid_520,Male,60+,White / Caucasian,500,yes
perfect prawn,pid_521,Female,60+,Black / African-American,500,yes
perfect prawn,pid_525,Male,30-44,Asian / Asian-American,500,yes
perfect prawn,pid_528,Female,30-44,White / Caucasian,500,yes
perfect prawn,pid_541,Male,30-44,Latino / Hispanic,500,yes
perfect prawn,pid_542,Female,45-59,White / Caucasian,500,yes
perfect prawn,pid_559,Female,30-44,White / Caucasian,500,yes
perfect prawn,pid_563,Male,30-44,White / Caucasian,500,yes
perfect prawn,pid_566,Female,18-29,Black / African-American,500,yes
perfect prawn,pid_569,Male,60+,Latino / Hispanic,500,yes
perfect prawn,pid_577,Female,18-29,Black / African-American,500,yes
perfect prawn,pid_578,Female,60+,White / Caucasian,500,yes
perfect prawn,pid_582,Male,30-44,Latino / Hispanic,500,yes
perfect prawn,pid_585,Male,60+,Asian / Asian-American,500,yes
perfect prawn,pid_586,Female,45-59,White / Caucasian,500,yes
perfect prawn,pid_607,Male,30-44,Black / African-American,500,yes
perfect prawn,pid_609,Female,60+,White / Caucasian,500,yes
perfect prawn,pid_610,Male,60+,White / Caucasian,500,yes
perfect prawn,pid_628,Male,18-29,Black / African-American,500,yes
perfect prawn,pid_629,Male,18-29,White / Caucasian,500,yes
perfect prawn,pid_636,Female,18-29,White / Caucasian,500,yes
perfect prawn,pid_653,Male,18-29,Latino / Hispanic,500,yes
perfect prawn,pid_654,Male,45-59,Black / African-American,500,yes
perfect prawn,pid_667,Male,45-59,White / Caucasian,500,yes
perfect prawn,pid_676,Female,45-59,Latino / Hispanic,500,yes
perfect prawn,pid_679,Male,18-29,White / Caucasian,500,yes
perfect prawn,pid_684,Female,18-29,White / Caucasian,500,yes
perfect prawn,pid_687,Female,18-29,White / Caucasian,500,yes
perfect prawn,pid_691,Female,60+,Black / African-American,500,yes
perfect prawn,pid_695,Female,18-29,White / Caucasian,500,yes
perfect prawn,pid_708,Female,60+,White / Caucasian,500,yes
perfect prawn,pid_714,Female,45-59,Asian / Asian-American,500,yes
perfect prawn,pid_715,Female,30-44,White / Caucasian,500,yes
perfect prawn,pid_716,Male,18-29,Black / African-American,500,yes
perfect prawn,pid_717,Female,60+,White / Caucasian,500,yes
perfect prawn,pid_718,Female,60+,White / Caucasian,500,yes
perfect prawn,pid_721,Male,45-59,Asian / Asian-American,500,yes
perfect prawn,pid_732,Male,60+,White / Caucasian,500,yes
perfect prawn,pid_736,Female,60+,White / Caucasian,500,yes
perfect prawn,pid_738,Female,30-44,White / Caucasian,500,yes
perfect prawn,pid_744,Male,60+,White / Caucasian,500,yes
perfect prawn,pid_753,Male,30-44,Latino / Hispanic,500,yes
perfect prawn,pid_757,Female,18-29,White / Caucasian,500,yes
perfect prawn,pid_758,Female,60+,Black / African-American,500,yes
perfect prawn,pid_761,Female,30-44,White / Caucasian,500,yes
perfect prawn,pid_764,Male,18-29,White / Caucasian,500,yes
perfect prawn,pid_767,Female,45-59,White / Caucasian,500,yes
perfect prawn,pid_773,Female,30-44,Latino / Hispanic,500,yes
perfect prawn,pid_774,Male,60+,White / Caucasian,500,yes
perfect prawn,pid_788,Male,45-59,White / Caucasian,500,yes
perfect prawn,pid_792,Female,45-59,White / Caucasian,500,yes
perfect prawn,pid_797,Female,30-44,Latino / Hispanic,500,yes
perfect prawn,pid_800,Female,60+,Latino / Hispanic,500,yes
perfect prawn,pid_804,Female,30-44,White / Caucasian,500,yes
perfect prawn,pid_805,Female,30-44,White / Caucasian,500,yes
perfect prawn,pid_808,Male,30-44,Asian / Asian-American,500,yes
perfect prawn,pid_814,Male,30-44,White / Caucasian,500,yes
perfect prawn,pid_822,Male,45-59,Latino / Hispanic,500,yes
perfect prawn,pid_824,Male,60+,White / Caucasian,500,yes
perfect prawn,pid_839,Male,45-59,Black / African-American,500,yes
perfect prawn,pid_845,Female,60+,White / Caucasian,500,yes
perfect prawn,pid_846,Female,18-29,White / Caucasian,500,yes
perfect prawn,pid_847,Male,60+,White / Caucasian,500,yes
perfect prawn,pid_857,Female,60+,White / Caucasian,500,yes
perfect prawn,pid_860,Female,60+,White / Caucasian,500,yes
perfect prawn,pid_861,Male,60+,White / Caucasian,500,yes
perfect prawn,pid_863,Male,60+,Latino / Hispanic,500,yes
perfect prawn,pid_869,Female,45-59,White / Caucasian,500,yes
perfect prawn,pid_871,Female,60+,Latino / Hispanic,500,yes
perfect prawn,pid_872,Male,45-59,Black / African-American,500,yes
perfect prawn,pid_881,Male,18-29,White / Caucasian,500,yes
perfect prawn,pid_882,Male,30-44,Latino / Hispanic,500,yes
perfect prawn,pid_883,Male,18-29,White / Caucasian,500,yes
perfect prawn,pid_895,Female,30-44,Asian / Asian-American,500,yes
perfect prawn,pid_897,Male,60+,White / Caucasian,500,yes
perfect prawn,pid_900,Female,60+,White / Caucasian,500,yes
perfect prawn,pid_903,Female,18-29,Latino / Hispanic,500,yes
perfect prawn,pid_904,Male,18-29,White / Caucasian,500,yes
perfect prawn,pid_910,Male,45-59,White / Caucasian,500,yes
perfect prawn,pid_913,Female,18-29,White / Caucasian,500,yes
perfect prawn,pid_914,Male,60+,Latino / Hispanic,500,yes
perfect prawn,pid_916,Male,60+,White / Caucasian,500,yes
perfect prawn,pid_917,Male,30-44,White / Caucasian,500,yes
perfect prawn,pid_920,Male,60+,Black / African-American,500,yes
perfect prawn,pid_921,Female,30-44,Latino / Hispanic,500,yes
perfect prawn,pid_924,Male,30-44,White / Caucasian,500,yes
perfect prawn,pid_926,Female,60+,White / Caucasian,500,yes
perfect prawn,pid_933,Female,60+,Other,500,yes
perfect prawn,pid_935,Male,30-44,White / Caucasian,500,yes
perfect prawn,pid_939,Female,60+,Latino / Hispanic,500,yes
perfect prawn,pid_940,Male,18-29,White / Caucasian,500,yes
perfect prawn,pid_945,Female,30-44,White / Caucasian,500,yes
perfect prawn,pid_946,Female,45-59,Asian / Asian-American,500,yes
perfect prawn,pid_949,Male,60+,White / Caucasian,500,yes
perfect prawn,pid_950,Male,30-44,Latino / Hispanic,500,yes
perfect prawn,pid_951,Female,45-59,Latino / Hispanic,500,yes
perfect prawn,pid_954,Female,18-29,Latino / Hispanic,500,yes
perfect prawn,pid_955,Female,60+,White / Caucasian,500,yes
perfect prawn,pid_957,Female,30-44,Latino / Hispanic,500,yes
perfect prawn,pid_958,Female,60+,White / Caucasian,500,yes
perfect prawn,pid_961,Female,30-44,Black / African-American,500,yes
perfect prawn,pid_969,Female,45-59,White / Caucasian,500,yes
perfect prawn,pid_970,Male,60+,Latino / Hispanic,500,yes
perfect prawn,pid_976,Female,45-59,White / Caucasian,500,yes
perfect prawn,pid_983,Male,45-59,White / Caucasian,500,yes
perfect prawn,pid_1001,Male,18-29,Latino / Hispanic,500,yes
perfect prawn,pid_1003,Female,60+,White / Caucasian,500,yes
perfect prawn,pid_1007,Male,30-44,Black / African-American,500,yes
perfect prawn,pid_1010,Female,60+,Latino / Hispanic,500,yes
perfect prawn,pid_1011,Female,30-44,Other,500,yes
perfect prawn,pid_1016,Female,18-29,White / Caucasian,500,yes
perfect prawn,pid_1018,Female,18-29,Other,500,yes
perfect prawn,pid_1019,Female,45-59,Latino / Hispanic,500,yes
perfect prawn,pid_1030,Female,45-59,Other,500,yes
perfect prawn,pid_1037,Female,18-29,White / Caucasian,500,yes
perfect prawn,pid_1041,Male,45-59,White / Caucasian,500,yes
perfect prawn,pid_1043,Female,30-44,White / Caucasian,500,yes
perfect prawn,pid_1044,Female,45-59,White / Caucasian,500,yes
perfect prawn,pid_1047,Female,60+,White / Caucasian,500,yes
perfect prawn,pid_1048,Male,30-44,White / Caucasian,500,yes
perfect prawn,pid_1051,Male,18-29,Latino / Hispanic,500,yes
perfect prawn,pid_1054,Male,60+,White / Caucasian,500,yes
perfect prawn,pid_1060,Male,30-44,Black / African-American,500,yes
perfect prawn,pid_1063,Female,18-29,Asian / Asian-American,500,yes
perfect prawn,pid_1064,Male,18-29,White / Caucasian,500,yes
perfect prawn,pid_1072,Male,18-29,Latino / Hispanic,500,yes
perfect prawn,pid_1082,Female,45-59,Black / African-American,500,yes
perfect prawn,pid_1089,Female,60+,White / Caucasian,500,yes
perfect prawn,pid_1094,Female,30-44,White / Caucasian,500,yes
perfect prawn,pid_1097,Female,60+,Latino / Hispanic,500,yes
perfect prawn,pid_1100,Male,30-44,White / Caucasian,500,yes
perfect prawn,pid_1109,Male,45-59,White / Caucasian,500,yes
perfect prawn,pid_1114,Male,45-59,Other,500,yes
perfect prawn,pid_1115,Female,45-59,White / Caucasian,500,yes
perfect prawn,pid_1116,Male,18-29,White / Caucasian,500,yes
perfect prawn,pid_1124,Female,30-44,Black / African-American,500,yes
perfect prawn,pid_1125,Male,30-44,Asian / Asian-American,500,yes
perfect prawn,pid_1131,Male,45-59,White / Caucasian,500,yes
perfect prawn,pid_1132,Female,45-59,Latino / Hispanic,500,yes
perfect prawn,pid_1135,Male,45-59,White / Caucasian,500,yes
perfect prawn,pid_1137,Male,60+,Asian / Asian-American,500,yes
perfect prawn,pid_1138,Male,30-44,White / Caucasian,500,yes
perfect prawn,pid_1144,Male,60+,White / Caucasian,500,yes
perfect prawn,pid_1145,Female,30-44,Asian / Asian-American,500,yes
perfect prawn,pid_1147,Male,30-44,White / Caucasian,500,yes
perfect prawn,pid_1148,Female,30-44,Latino / Hispanic,500,yes
perfect prawn,pid_1153,Female,30-44,White / Caucasian,500,yes
perfect prawn,pid_1157,Female,45-59,White / Caucasian,500,yes
perfect prawn,pid_1159,Female,60+,White / Caucasian,500,yes
perfect prawn,pid_1168,Male,45-59,White / Caucasian,500,yes
perfect prawn,pid_1174,Female,45-59,White / Caucasian,500,yes
perfect prawn,pid_1176,Male,30-44,White / Caucasian,500,yes
perfect prawn,pid_1178,Female,18-29,Latino / Hispanic,500,yes
perfect prawn,pid_1182,Male,60+,White / Caucasian,500,yes
perfect prawn,pid_1183,Female,60+,White / Caucasian,500,yes
perfect prawn,pid_1187,Male,18-29,White / Caucasian,500,yes
perfect prawn,pid_1188,Male,18-29,Asian / Asian-American,500,yes
perfect prawn,pid_1189,Female,30-44,Asian / Asian-American,500,yes
perfect prawn,pid_1193,Male,30-44,Latino / Hispanic,500,yes
perfect prawn,pid_1194,Male,30-44,White / Caucasian,500,yes
perfect prawn,pid_1197,Female,60+,White / Caucasian,500,yes
perfect prawn,pid_1199,Male,60+,Black / African-American,500,yes
perfect prawn,pid_1202,Male,60+,White / Caucasian,500,yes
perfect prawn,pid_1203,Male,18-29,Asian / Asian-American,500,yes
perfect prawn,pid_1212,Male,30-44,Latino / Hispanic,500,yes
perfect prawn,pid_1217,Female,45-59,Latino / Hispanic,500,yes
perfect prawn,pid_1219,Male,60+,White / Caucasian,500,yes
perfect prawn,pid_1221,Male,18-29,Latino / Hispanic,500,yes
perfect prawn,pid_1225,Male,60+,White / Caucasian,500,yes
perfect prawn,pid_1227,Female,30-44,Latino / Hispanic,500,yes
perfect prawn,pid_1238,Female,60+,White / Caucasian,500,yes
perfect prawn,pid_1240,Male,18-29,White / Caucasian,500,yes
perfect prawn,pid_1248,Male,45-59,White / Caucasian,500,yes
perfect prawn,pid_1249,Female,45-59,White / Caucasian,500,yes
perfect prawn,pid_1253,Female,45-59,Black / African-American,500,yes
perfect prawn,pid_1256,Female,30-44,Latino / Hispanic,500,yes
perfect prawn,pid_1262,Male,30-44,Latino / Hispanic,500,yes
perfect prawn,pid_1273,Male,60+,White / Caucasian,500,yes
perfect prawn,pid_1278,Male,30-44,White / Caucasian,500,yes
perfect prawn,pid_1286,Male,30-44,White / Caucasian,500,yes
perfect prawn,pid_1289,Male,30-44,White / Caucasian,500,yes
perfect prawn,pid_1290,Female,30-44,White / Caucasian,500,yes
perfect prawn,pid_1299,Female,30-44,White / Caucasian,500,yes
perfect prawn,pid_1301,Female,45-59,Black / African-American,500,yes
perfect prawn,pid_1302,Male,30-44,Black / African-American,500,yes
perfect prawn,pid_1311,Female,30-44,Latino / Hispanic,500,yes
perfect prawn,pid_1316,Female,60+,White / Caucasian,500,yes
perfect prawn,pid_1317,Female,30-44,Black / African-American,500,yes
perfect prawn,pid_1323,Male,60+,White / Caucasian,500,yes
perfect prawn,pid_1339,Female,60+,White / Caucasian,500,yes
perfect prawn,pid_1343,Male,45-59,White / Caucasian,500,yes
perfect prawn,pid_1345,Male,18-29,Asian / Asian-American,500,yes
perfect prawn,pid_1350,Male,30-44,Asian / Asian-American,500,yes
perfect prawn,pid_1353,Female,45-59,White / Caucasian,500,yes
perfect prawn,pid_1362,Male,18-29,White / Caucasian,500,yes
perfect prawn,pid_1367,Female,18-29,White / Caucasian,500,yes
perfect prawn,pid_1368,Male,30-44,White / Caucasian,500,yes
perfect prawn,pid_1369,Male,60+,White / Caucasian,500,yes
perfect prawn,pid_1379,Female,30-44,White / Caucasian,500,yes
perfect prawn,pid_1380,Female,30-44,White / Caucasian,500,yes
perfect prawn,pid_1382,Female,18-29,White / Caucasian,500,yes
perfect prawn,pid_1386,Male,30-44,Latino / Hispanic,500,yes
perfect prawn,pid_1387,Female,18-29,White / Caucasian,500,yes
perfect prawn,pid_1400,Female,18-29,White / Caucasian,500,yes
perfect prawn,pid_1403,Female,30-44,Black / African-American,500,yes
perfect prawn,pid_1411,Female,60+,White / Caucasian,500,yes
perfect prawn,pid_1412,Female,30-44,White / Caucasian,500,yes
perfect prawn,pid_1413,Male,30-44,White / Caucasian,500,yes
perfect prawn,pid_1416,Male,45-59,White / Caucasian,500,yes
perfect prawn,pid_1418,Female,45-59,White / Caucasian,500,yes
perfect prawn,pid_1420,Female,45-59,White / Caucasian,500,yes
perfect prawn,pid_1423,Male,60+,White / Caucasian,500,yes
perfect prawn,pid_1427,Female,60+,White / Caucasian,500,yes
perfect prawn,pid_1435,Female,30-44,Black / African-American,500,yes
perfect prawn,pid_1439,Male,30-44,Latino / Hispanic,500,yes
perfect prawn,pid_1445,Female,18-29,White / Caucasian,500,yes
perfect prawn,pid_1446,Female,30-44,White / Caucasian,500,yes
perfect prawn,pid_1448,Male,18-29,White / Caucasian,500,yes
perfect prawn,pid_1449,Female,18-29,Latino / Hispanic,500,yes
perfect prawn,pid_1451,Male,60+,Latino / Hispanic,500,yes
perfect prawn,pid_1452,Male,45-59,White / Caucasian,500,yes
perfect prawn,pid_1455,Female,18-29,Black / African-American,500,yes
perfect prawn,pid_1457,Female,60+,White / Caucasian,500,yes
perfect prawn,pid_1458,Male,60+,White / Caucasian,500,yes
perfect prawn,pid_1460,Male,18-29,White / Caucasian,500,yes
perfect prawn,pid_1463,Male,30-44,Black / African-American,500,yes
perfect prawn,pid_1465,Male,18-29,White / Caucasian,500,yes
perfect prawn,pid_1471,Male,30-44,White / Caucasian,500,yes
perfect prawn,pid_1473,Female,30-44,Black / African-American,500,yes
perfect prawn,pid_1474,Female,45-59,White / Caucasian,500,yes
perfect prawn,pid_1477,Male,18-29,Latino / Hispanic,500,yes
perfect prawn,pid_1487,Female,18-29,White / Caucasian,500,yes
perfect prawn,pid_1499,Male,60+,Black / African-American,500,yes
perfect prawn,pid_1502,Male,30-44,Latino / Hispanic,500,yes
perfect prawn,pid_1503,Male,45-59,White / Caucasian,500,yes
perfect prawn,pid_1512,Female,60+,White / Caucasian,500,yes
perfect prawn,pid_1516,Male,60+,White / Caucasian,500,yes
perfect prawn,pid_1522,Male,30-44,Latino / Hispanic,500,yes
perfect prawn,pid_1526,Male,18-29,Latino / Hispanic,500,yes
perfect prawn,pid_1531,Female,60+,White / Caucasian,500,yes
perfect prawn,pid_1534,Male,45-59,Black / African-American,500,yes
perfect prawn,pid_1539,Female,18-29,White / Caucasian,500,yes
perfect prawn,pid_1544,Female,30-44,Latino / Hispanic,500,yes
perfect prawn,pid_1546,Female,30-44,Latino / Hispanic,500,yes
perfect prawn,pid_1548,Female,18-29,Black / African-American,500,yes
perfect prawn,pid_1554,Male,60+,Latino / Hispanic,500,yes
perfect prawn,pid_1563,Female,45-59,Latino / Hispanic,500,yes
perfect prawn,pid_1566,Male,18-29,Latino / Hispanic,500,yes
perfect prawn,pid_1571,Male,30-44,White / Caucasian,500,yes
perfect prawn,pid_1581,Female,30-44,Black / African-American,500,yes
perfect prawn,pid_1583,Male,18-29,Other,500,yes
perfect prawn,pid_1584,Female,30-44,Asian / Asian-American,500,yes
perfect prawn,pid_1586,Male,30-44,White / Caucasian,500,yes
perfect prawn,pid_1588,Male,45-59,Asian / Asian-American,500,yes
perfect prawn,pid_1590,Male,30-44,Latino / Hispanic,500,yes
perfect prawn,pid_1596,Female,18-29,Latino / Hispanic,500,yes
perfect prawn,pid_1598,Male,18-29,White / Caucasian,500,yes
perfect prawn,pid_1604,Female,60+,Latino / Hispanic,500,yes
perfect prawn,pid_1605,Female,30-44,White / Caucasian,500,yes
perfect prawn,pid_1625,Male,30-44,Latino / Hispanic,500,yes
perfect prawn,pid_1643,Female,45-59,White / Caucasian,500,yes
perfect prawn,pid_1645,Male,45-59,Asian / Asian-American,500,yes
perfect prawn,pid_1649,Female,30-44,White / Caucasian,500,yes
perfect prawn,pid_1653,Male,18-29,White / Caucasian,500,yes
perfect prawn,pid_1656,Male,60+,White / Caucasian,500,yes
perfect prawn,pid_1657,Male,30-44,White / Caucasian,500,yes
perfect prawn,pid_1660,Female,18-29,Asian / Asian-American,500,yes
perfect prawn,pid_1663,Female,30-44,White / Caucasian,500,yes
perfect prawn,pid_1667,Female,18-29,White / Caucasian,500,yes
perfect prawn,pid_1670,Female,18-29,Latino / Hispanic,500,yes
perfect prawn,pid_1676,Female,18-29,Asian / Asian-American,500,yes
perfect prawn,pid_1680,Male,60+,White / Caucasian,500,yes
perfect prawn,pid_1681,Female,45-59,Latino / Hispanic,500,yes
perfect prawn,pid_1684,Male,60+,White / Caucasian,500,yes
perfect prawn,pid_1687,Female,30-44,Latino / Hispanic,500,yes
perfect prawn,pid_1689,Female,60+,White / Caucasian,500,yes
perfect prawn,pid_1697,Male,45-59,Black / African-American,500,yes
perfect prawn,pid_1704,Male,30-44,White / Caucasian,500,yes
perfect prawn,pid_1712,Female,30-44,White / Caucasian,500,yes
perfect prawn,pid_1717,Male,60+,White / Caucasian,500,yes
perfect prawn,pid_1721,Female,45-59,White / Caucasian,500,yes
perfect prawn,pid_1726,Female,45-59,Latino / Hispanic,500,yes
perfect prawn,pid_1728,Female,30-44,White / Caucasian,500,yes
perfect prawn,pid_1740,Female,45-59,White / Caucasian,500,yes
perfect prawn,pid_1741,Male,18-29,Other,500,yes
perfect prawn,pid_1743,Male,30-44,White / Caucasian,500,yes
perfect prawn,pid_1751,Female,45-59,White / Caucasian,500,yes
perfect prawn,pid_1757,Female,60+,White / Caucasian,500,yes
perfect prawn,pid_1763,Female,45-59,Latino / Hispanic,500,yes
perfect prawn,pid_1772,Female,60+,Asian / Asian-American,500,yes
perfect prawn,pid_1773,Male,18-29,Latino / Hispanic,500,yes
perfect prawn,pid_1775,Male,45-59,White / Caucasian,500,yes
perfect prawn,pid_1779,Male,30-44,Other,500,yes
perfect prawn,pid_1780,Male,30-44,Latino / Hispanic,500,yes
perfect prawn,pid_1782,Male,30-44,White / Caucasian,500,yes
perfect prawn,pid_1790,Female,30-44,Black / African-American,500,yes
perfect prawn,pid_1791,Female,60+,Asian / Asian-American,500,yes
perfect prawn,pid_1793,Female,60+,Asian / Asian-American,500,yes
perfect prawn,pid_1803,Female,60+,White / Caucasian,500,yes
perfect prawn,pid_1805,Male,30-44,Black / African-American,500,yes
perfect prawn,pid_1806,Female,60+,White / Caucasian,500,yes
perfect prawn,pid_1809,Male,18-29,White / Caucasian,500,yes
perfect prawn,pid_1811,Female,45-59,White / Caucasian,500,yes
perfect prawn,pid_1814,Female,18-29,White / Caucasian,500,yes
perfect prawn,pid_1815,Female,60+,Black / African-American,500,yes
perfect prawn,pid_1819,Male,30-44,White / Caucasian,500,yes
perfect prawn,pid_1820,Female,30-44,White / Caucasian,500,yes
perfect prawn,pid_1822,Female,60+,White / Caucasian,500,yes
perfect prawn,pid_1824,Male,18-29,Latino / Hispanic,500,yes
perfect prawn,pid_1829,Female,18-29,White / Caucasian,500,yes
perfect prawn,pid_1833,Female,18-29,Latino / Hispanic,500,yes
perfect prawn,pid_1837,Male,18-29,Latino / Hispanic,500,yes
perfect prawn,pid_1840,Female,30-44,Latino / Hispanic,500,yes
perfect prawn,pid_1843,Male,30-44,White / Caucasian,500,yes
perfect prawn,pid_1846,Female,60+,White / Caucasian,500,yes
perfect prawn,pid_1847,Male,45-59,Asian / Asian-American,500,yes
perfect prawn,pid_1853,Male,18-29,Latino / Hispanic,500,yes
perfect prawn,pid_1857,Male,45-59,White / Caucasian,500,yes
perfect prawn,pid_1866,Female,45-59,White / Caucasian,500,yes
perfect prawn,pid_1870,Female,45-59,White / Caucasian,500,yes
perfect prawn,pid_1872,Male,45-59,White / Caucasian,500,yes
perfect prawn,pid_1877,Female,30-44,White / Caucasian,500,yes
perfect prawn,pid_1878,Male,45-59,White / Caucasian,500,yes
perfect prawn,pid_1884,Male,60+,White / Caucasian,500,yes
perfect prawn,pid_1886,Male,18-29,White / Caucasian,500,yes
perfect prawn,pid_1889,Male,30-44,White / Caucasian,500,yes
perfect prawn,pid_1890,Male,30-44,White / Caucasian,500,yes
perfect prawn,pid_1893,Female,18-29,Latino / Hispanic,500,yes
perfect prawn,pid_1901,Female,30-44,White / Caucasian,500,yes
perfect prawn,pid_1904,Male,30-44,White / Caucasian,500,yes
perfect prawn,pid_1908,Female,45-59,White / Caucasian,500,yes
perfect prawn,pid_1909,Female,60+,Latino / Hispanic,500,yes
perfect prawn,pid_1912,Male,30-44,Asian / Asian-American,500,yes
perfect prawn,pid_1913,Female,30-44,Other,500,yes
perfect prawn,pid_1917,Female,18-29,White / Caucasian,500,yes
perfect prawn,pid_1919,Male,45-59,White / Caucasian,500,yes
perfect prawn,pid_1929,Female,60+,White / Caucasian,500,yes
perfect prawn,pid_1931,Male,60+,White / Caucasian,500,yes
perfect prawn,pid_1933,Female,18-29,White / Caucasian,500,yes
perfect prawn,pid_1937,Female,18-29,Other,500,yes
perfect prawn,pid_1945,Female,30-44,White / Caucasian,500,yes
perfect prawn,pid_1952,Male,45-59,White / Caucasian,500,yes
perfect prawn,pid_1953,Male,45-59,White / Caucasian,500,yes
perfect prawn,pid_1961,Female,60+,Other,500,yes
perfect prawn,pid_1963,Male,30-44,White / Caucasian,500,yes
perfect prawn,pid_1966,Female,18-29,Latino / Hispanic,500,yes
perfect prawn,pid_1972,Male,18-29,Black / African-American,500,yes
perfect prawn,pid_1973,Female,18-29,Latino / Hispanic,500,yes
perfect prawn,pid_1978,Male,30-44,White / Caucasian,500,yes
perfect prawn,pid_1981,Female,18-29,White / Caucasian,500,yes
perfect prawn,pid_1982,Male,45-59,White / Caucasian,500,yes
perfect prawn,pid_1985,Male,18-29,Black / African-American,500,yes
perfect prawn,pid_1988,Female,30-44,White / Caucasian,500,yes
perfect prawn,pid_1989,Female,30-44,White / Caucasian,500,yes
perfect prawn,pid_1997,Female,30-44,White / Caucasian,500,yes
perfect prawn,pid_1998,Female,60+,White / Caucasian,500,yes
perfect prawn,pid_1999,Female,30-44,White / Caucasian,500,yes
perfect prawn,pid_2000,Male,60+,White / Caucasian,500,yes
perfect prawn,pid_2003,Male,18-29,White / Caucasian,500,yes
perfect prawn,pid_2005,Male,45-59,White / Caucasian,500,yes
perfect prawn,pid_2006,Male,45-59,White / Caucasian,500,yes
perfect prawn,pid_2008,Female,45-59,Asian / Asian-American,500,yes
perfect prawn,pid_2010,Female,45-59,White / Caucasian,500,yes
perfect prawn,pid_2021,Female,45-59,White / Caucasian,500,yes
perfect prawn,pid_2022,Female,60+,Black / African-American,500,yes
perfect prawn,pid_2025,Male,60+,White / Caucasian,500,yes
perfect prawn,pid_2026,Male,45-59,White / Caucasian,500,yes
perfect prawn,pid_2030,Female,60+,White / Caucasian,500,yes
perfect prawn,pid_2034,Male,45-59,White / Caucasian,500,yes
perfect prawn,pid_2041,Male,60+,White / Caucasian,500,yes
perfect prawn,pid_2046,Male,18-29,Latino / Hispanic,500,yes
perfect prawn,pid_2049,Female,18-29,Black / African-American,500,yes
perfect prawn,pid_2052,Male,18-29,White / Caucasian,500,yes
perfect prawn,pid_2054,Female,30-44,Black / African-American,500,yes
periwinkle partridge,pid_14,Female,45-59,White / Caucasian,500,yes
periwinkle partridge,pid_15,Male,60+,White / Caucasian,500,yes
periwinkle partridge,pid_23,Male,45-59,White / Caucasian,500,yes
periwinkle partridge,pid_29,Female,60+,White / Caucasian,500,yes
periwinkle partridge,pid_32,Male,30-44,Latino / Hispanic,500,yes
periwinkle partridge,pid_35,Female,30-44,White / Caucasian,500,yes
periwinkle partridge,pid_43,Male,18-29,Black / African-American,500,yes
periwinkle partridge,pid_57,Male,45-59,Black / African-American,500,yes
periwinkle partridge,pid_59,Male,45-59,White / Caucasian,500,yes
periwinkle partridge,pid_62,Male,45-59,White / Caucasian,500,yes
periwinkle partridge,pid_65,Female,45-59,Latino / Hispanic,500,yes
periwinkle partridge,pid_71,Male,60+,Latino / Hispanic,500,yes
periwinkle partridge,pid_72,Male,45-59,White / Caucasian,500,yes
periwinkle partridge,pid_75,Female,45-59,White / Caucasian,500,yes
periwinkle partridge,pid_76,Female,60+,White / Caucasian,500,yes
periwinkle partridge,pid_81,Male,60+,White / Caucasian,500,yes
periwinkle partridge,pid_83,Female,60+,White / Caucasian,500,yes
periwinkle partridge,pid_84,Female,60+,White / Caucasian,500,yes
periwinkle partridge,pid_91,Female,60+,White / Caucasian,500,yes
periwinkle partridge,pid_95,Female,60+,White / Caucasian,500,yes
periwinkle partridge,pid_99,Male,30-44,Other,500,yes
periwinkle partridge,pid_102,Male,45-59,Black / African-American,500,yes
periwinkle partridge,pid_104,Male,30-44,White / Caucasian,500,yes
periwinkle partridge,pid_107,Male,45-59,White / Caucasian,500,yes
periwinkle partridge,pid_115,Female,60+,Asian / Asian-American,500,yes
periwinkle partridge,pid_118,Male,60+,White / Caucasian,500,yes
periwinkle partridge,pid_122,Female,60+,White / Caucasian,500,yes
periwinkle partridge,pid_123,Male,60+,White / Caucasian,500,yes
periwinkle partridge,pid_129,Female,30-44,Asian / Asian-American,500,yes
periwinkle partridge,pid_133,Female,60+,Latino / Hispanic,500,yes
periwinkle partridge,pid_160,Male,60+,White / Caucasian,500,yes
periwinkle partridge,pid_163,Male,45-59,White / Caucasian,500,yes
periwinkle partridge,pid_165,Male,45-59,Latino / Hispanic,500,yes
periwinkle partridge,pid_167,Female,60+,White / Caucasian,500,yes
periwinkle partridge,pid_173,Female,30-44,White / Caucasian,500,yes
periwinkle partridge,pid_174,Female,60+,White / Caucasian,500,yes
periwinkle partridge,pid_180,Female,60+,Black / African-American,500,yes
periwinkle partridge,pid_182,Female,60+,White / Caucasian,500,yes
periwinkle partridge,pid_186,Female,18-29,Black / African-American,500,yes
periwinkle partridge,pid_189,Female,45-59,White / Caucasian,500,yes
periwinkle partridge,pid_198,Female,30-44,White / Caucasian,500,yes
periwinkle partridge,pid_204,Female,60+,White / Caucasian,500,yes
periwinkle partridge,pid_207,Female,45-59,Black / African-American,500,yes
periwinkle partridge,pid_217,Male,60+,White / Caucasian,500,yes
periwinkle partridge,pid_223,Male,60+,Black / African-American,500,yes
periwinkle partridge,pid_245,Female,30-44,White / Caucasian,500,yes
periwinkle partridge,pid_248,Male,45-59,White / Caucasian,500,yes
periwinkle partridge,pid_253,Female,60+,White / Caucasian,500,yes
periwinkle partridge,pid_258,Male,60+,White / Caucasian,500,yes
periwinkle partridge,pid_262,Male,60+,White / Caucasian,500,yes
periwinkle partridge,pid_263,Female,45-59,White / Caucasian,500,yes
periwinkle partridge,pid_265,Female,60+,Black / African-American,500,yes
periwinkle partridge,pid_268,Male,60+,White / Caucasian,500,yes
periwinkle partridge,pid_273,Male,60+,Latino / Hispanic,500,yes
periwinkle partridge,pid_276,Male,60+,White / Caucasian,500,yes
periwinkle partridge,pid_278,Male,60+,White / Caucasian,500,yes
periwinkle partridge,pid_282,Male,18-29,White / Caucasian,500,yes
periwinkle partridge,pid_283,Female,60+,White / Caucasian,500,yes
periwinkle partridge,pid_285,Male,45-59,White / Caucasian,500,yes
periwinkle partridge,pid_289,Male,30-44,White / Caucasian,500,yes
periwinkle partridge,pid_290,Male,30-44,Latino / Hispanic,500,yes
periwinkle partridge,pid_294,Male,60+,Black / African-American,500,yes
periwinkle partridge,pid_296,Female,30-44,Latino / Hispanic,500,yes
periwinkle partridge,pid_303,Female,60+,Black / African-American,500,yes
periwinkle partridge,pid_305,Male,18-29,Latino / Hispanic,500,yes
periwinkle partridge,pid_315,Male,18-29,White / Caucasian,500,yes
periwinkle partridge,pid_318,Female,45-59,White / Caucasian,500,yes
periwinkle partridge,pid_329,Male,60+,White / Caucasian,500,yes
periwinkle partridge,pid_333,Female,60+,White / Caucasian,500,yes
periwinkle partridge,pid_336,Female,30-44,Latino / Hispanic,500,yes
periwinkle partridge,pid_337,Male,60+,White / Caucasian,500,yes
periwinkle partridge,pid_339,Male,45-59,Black / African-American,500,yes
periwinkle partridge,pid_345,Male,45-59,White / Caucasian,500,yes
periwinkle partridge,pid_348,Female,45-59,Black / African-American,500,yes
periwinkle partridge,pid_350,Male,45-59,Latino / Hispanic,500,yes
periwinkle partridge,pid_353,Male,45-59,Latino / Hispanic,500,yes
periwinkle partridge,pid_363,Male,30-44,White / Caucasian,500,yes
periwinkle partridge,pid_366,Female,60+,White / Caucasian,500,yes
periwinkle partridge,pid_368,Female,60+,White / Caucasian,500,yes
periwinkle partridge,pid_369,Female,45-59,White / Caucasian,500,yes
periwinkle partridge,pid_371,Female,45-59,White / Caucasian,500,yes
periwinkle partridge,pid_373,Female,60+,White / Caucasian,500,yes
periwinkle partridge,pid_376,Male,60+,Black / African-American,500,yes
periwinkle partridge,pid_378,Female,30-44,Asian / Asian-American,500,yes
periwinkle partridge,pid_379,Male,60+,Other,500,yes
periwinkle partridge,pid_384,Female,60+,Black / African-American,500,yes
periwinkle partridge,pid_391,Male,60+,White / Caucasian,500,yes
periwinkle partridge,pid_393,Male,60+,Latino / Hispanic,500,yes
periwinkle partridge,pid_398,Female,60+,Latino / Hispanic,500,yes
periwinkle partridge,pid_402,Female,60+,Asian / Asian-American,500,yes
periwinkle partridge,pid_403,Male,30-44,Black / African-American,500,yes
periwinkle partridge,pid_406,Male,18-29,White / Caucasian,500,yes
periwinkle partridge,pid_407,Male,60+,Latino / Hispanic,500,yes
periwinkle partridge,pid_411,Male,45-59,White / Caucasian,500,yes
periwinkle partridge,pid_412,Male,45-59,White / Caucasian,500,yes
periwinkle partridge,pid_425,Male,45-59,White / Caucasian,500,yes
periwinkle partridge,pid_443,Male,30-44,Black / African-American,500,yes
periwinkle partridge,pid_445,Male,45-59,White / Caucasian,500,yes
periwinkle partridge,pid_447,Male,60+,Asian / Asian-American,500,yes
periwinkle partridge,pid_450,Female,45-59,White / Caucasian,500,yes
periwinkle partridge,pid_451,Female,60+,White / Caucasian,500,yes
periwinkle partridge,pid_453,Male,18-29,Black / African-American,500,yes
periwinkle partridge,pid_455,Female,45-59,Asian / Asian-American,500,yes
periwinkle partridge,pid_456,Female,45-59,White / Caucasian,500,yes
periwinkle partridge,pid_459,Female,60+,White / Caucasian,500,yes
periwinkle partridge,pid_460,Male,45-59,White / Caucasian,500,yes
periwinkle partridge,pid_461,Male,60+,White / Caucasian,500,yes
periwinkle partridge,pid_462,Female,60+,White / Caucasian,500,yes
periwinkle partridge,pid_463,Female,18-29,White / Caucasian,500,yes
periwinkle partridge,pid_464,Female,18-29,Latino / Hispanic,500,yes
periwinkle partridge,pid_467,Female,18-29,White / Caucasian,500,yes
periwinkle partridge,pid_469,Female,45-59,Black / African-American,500,yes
periwinkle partridge,pid_470,Male,18-29,Latino / Hispanic,500,yes
periwinkle partridge,pid_474,Female,45-59,Black / African-American,500,yes
periwinkle partridge,pid_475,Male,18-29,White / Caucasian,500,yes
periwinkle partridge,pid_478,Male,60+,White / Caucasian,500,yes
periwinkle partridge,pid_487,Female,18-29,Black / African-American,500,yes
periwinkle partridge,pid_491,Male,30-44,White / Caucasian,500,yes
periwinkle partridge,pid_492,Female,60+,White / Caucasian,500,yes
periwinkle partridge,pid_502,Female,60+,White / Caucasian,500,yes
periwinkle partridge,pid_507,Male,60+,Black / African-American,500,yes
periwinkle partridge,pid_509,Female,45-59,White / Caucasian,500,yes
periwinkle partridge,pid_511,Male,60+,White / Caucasian,500,yes
periwinkle partridge,pid_512,Female,18-29,White / Caucasian,500,yes
periwinkle partridge,pid_513,Male,60+,Asian / Asian-American,500,yes
periwinkle partridge,pid_517,Female,18-29,Latino / Hispanic,500,yes
periwinkle partridge,pid_520,Male,60+,White / Caucasian,500,yes
periwinkle partridge,pid_521,Female,60+,Black / African-American,500,yes
periwinkle partridge,pid_525,Male,30-44,Asian / Asian-American,500,yes
periwinkle partridge,pid_528,Female,30-44,White / Caucasian,500,yes
periwinkle partridge,pid_541,Male,30-44,Latino / Hispanic,500,yes
periwinkle partridge,pid_542,Female,45-59,White / Caucasian,500,yes
periwinkle partridge,pid_559,Female,30-44,White / Caucasian,500,yes
periwinkle partridge,pid_563,Male,30-44,White / Caucasian,500,yes
periwinkle partridge,pid_566,Female,18-29,Black / African-American,500,yes
periwinkle partridge,pid_569,Male,60+,Latino / Hispanic,500,yes
periwinkle partridge,pid_577,Female,18-29,Black / African-American,500,yes
periwinkle partridge,pid_578,Female,60+,White / Caucasian,500,yes
periwinkle partridge,pid_582,Male,30-44,Latino / Hispanic,500,yes
periwinkle partridge,pid_585,Male,60+,Asian / Asian-American,500,yes
periwinkle partridge,pid_586,Female,45-59,White / Caucasian,500,yes
periwinkle partridge,pid_607,Male,30-44,Black / African-American,500,yes
periwinkle partridge,pid_609,Female,60+,White / Caucasian,500,yes
periwinkle partridge,pid_610,Male,60+,White / Caucasian,500,yes
periwinkle partridge,pid_628,Male,18-29,Black / African-American,500,yes
periwinkle partridge,pid_629,Male,18-29,White / Caucasian,500,yes
periwinkle partridge,pid_636,Female,18-29,White / Caucasian,500,yes
periwinkle partridge,pid_653,Male,18-29,Latino / Hispanic,500,yes
periwinkle partridge,pid_654,Male,45-59,Black / African-American,500,yes
periwinkle partridge,pid_667,Male,45-59,White / Caucasian,500,yes
periwinkle partridge,pid_676,Female,45-59,Latino / Hispanic,500,yes
periwinkle partridge,pid_679,Male,18-29,White / Caucasian,500,yes
periwinkle partridge,pid_684,Female,18-29,White / Caucasian,500,yes
periwinkle partridge,pid_687,Female,18-29,White / Caucasian,500,yes
periwinkle partridge,pid_691,Female,60+,Black / African-American,500,yes
periwinkle partridge,pid_695,Female,18-29,White / Caucasian,500,yes
periwinkle partridge,pid_708,Female,60+,White / Caucasian,500,yes
periwinkle partridge,pid_714,Female,45-59,Asian / Asian-American,500,yes
periwinkle partridge,pid_715,Female,30-44,White / Caucasian,500,yes
periwinkle partridge,pid_716,Male,18-29,Black / African-American,500,yes
periwinkle partridge,pid_717,Female,60+,White / Caucasian,500,yes
periwinkle partridge,pid_718,Female,60+,White / Caucasian,500,yes
periwinkle partridge,pid_721,Male,45-59,Asian / Asian-American,500,yes
periwinkle partridge,pid_732,Male,60+,White / Caucasian,500,yes
periwinkle partridge,pid_736,Female,60+,White / Caucasian,500,yes
periwinkle partridge,pid_738,Female,30-44,White / Caucasian,500,yes
periwinkle partridge,pid_744,Male,60+,White / Caucasian,500,yes
periwinkle partridge,pid_753,Male,30-44,Latino / Hispanic,500,yes
periwinkle partridge,pid_757,Female,18-29,White / Caucasian,500,yes
periwinkle partridge,pid_758,Female,60+,Black / African-American,500,yes
periwinkle partridge,pid_761,Female,30-44,White / Caucasian,500,yes
periwinkle partridge,pid_764,Male,18-29,White / Caucasian,500,yes
periwinkle partridge,pid_767,Female,45-59,White / Caucasian,500,yes
periwinkle partridge,pid_773,Female,30-44,Latino / Hispanic,500,yes
periwinkle partridge,pid_774,Male,60+,White / Caucasian,500,yes
periwinkle partridge,pid_788,Male,45-59,White / Caucasian,500,yes
periwinkle partridge,pid_792,Female,45-59,White / Caucasian,500,yes
periwinkle partridge,pid_797,Female,30-44,Latino / Hispanic,500,yes
periwinkle partridge,pid_800,Female,60+,Latino / Hispanic,500,yes
periwinkle partridge,pid_804,Female,30-44,White / Caucasian,500,yes
periwinkle partridge,pid_805,Female,30-44,White / Caucasian,500,yes
periwinkle partridge,pid_808,Male,30-44,Asian / Asian-American,500,yes
periwinkle partridge,pid_814,Male,30-44,White / Caucasian,500,yes
periwinkle partridge,pid_822,Male,45-59,Latino / Hispanic,500,yes
periwinkle partridge,pid_824,Male,60+,White / Caucasian,500,yes
periwinkle partridge,pid_839,Male,45-59,Black / African-American,500,yes
periwinkle partridge,pid_845,Female,60+,White / Caucasian,500,yes
periwinkle partridge,pid_846,Female,18-29,White / Caucasian,500,yes
periwinkle partridge,pid_847,Male,60+,White / Caucasian,500,yes
periwinkle partridge,pid_857,Female,60+,White / Caucasian,500,yes
periwinkle partridge,pid_860,Female,60+,White / Caucasian,500,yes
periwinkle partridge,pid_861,Male,60+,White / Caucasian,500,yes
periwinkle partridge,pid_863,Male,60+,Latino / Hispanic,500,yes
periwinkle partridge,pid_869,Female,45-59,White / Caucasian,500,yes
periwinkle partridge,pid_871,Female,60+,Latino / Hispanic,500,yes
periwinkle partridge,pid_872,Male,45-59,Black / African-American,500,yes
periwinkle partridge,pid_881,Male,18-29,White / Caucasian,500,yes
periwinkle partridge,pid_882,Male,30-44,Latino / Hispanic,500,yes
periwinkle partridge,pid_883,Male,18-29,White / Caucasian,500,yes
periwinkle partridge,pid_895,Female,30-44,Asian / Asian-American,500,yes
periwinkle partridge,pid_897,Male,60+,White / Caucasian,500,yes
periwinkle partridge,pid_900,Female,60+,White / Caucasian,500,yes
periwinkle partridge,pid_903,Female,18-29,Latino / Hispanic,500,yes
periwinkle partridge,pid_904,Male,18-29,White / Caucasian,500,yes
periwinkle partridge,pid_910,Male,45-59,White / Caucasian,500,yes
periwinkle partridge,pid_913,Female,18-29,White / Caucasian,500,yes
periwinkle partridge,pid_914,Male,60+,Latino / Hispanic,500,yes
periwinkle partridge,pid_916,Male,60+,White / Caucasian,500,yes
periwinkle partridge,pid_917,Male,30-44,White / Caucasian,500,yes
periwinkle partridge,pid_920,Male,60+,Black / African-American,500,yes
periwinkle partridge,pid_921,Female,30-44,Latino / Hispanic,500,yes
periwinkle partridge,pid_924,Male,30-44,White / Caucasian,500,yes
periwinkle partridge,pid_926,Female,60+,White / Caucasian,500,yes
periwinkle partridge,pid_933,Female,60+,Other,500,yes
periwinkle partridge,pid_935,Male,30-44,White / Caucasian,500,yes
periwinkle partridge,pid_939,Female,60+,Latino / Hispanic,500,yes
periwinkle partridge,pid_940,Male,18-29,White / Caucasian,500,yes
periwinkle partridge,pid_945,Female,30-44,White / Caucasian,500,yes
periwinkle partridge,pid_946,Female,45-59,Asian / Asian-American,500,yes
periwinkle partridge,pid_949,Male,60+,White / Caucasian,500,yes
periwinkle partridge,pid_950,Male,30-44,Latino / Hispanic,500,yes
periwinkle partridge,pid_951,Female,45-59,Latino / Hispanic,500,yes
periwinkle partridge,pid_954,Female,18-29,Latino / Hispanic,500,yes
periwinkle partridge,pid_955,Female,60+,White / Caucasian,500,yes
periwinkle partridge,pid_957,Female,30-44,Latino / Hispanic,500,yes
periwinkle partridge,pid_958,Female,60+,White / Caucasian,500,yes
periwinkle partridge,pid_961,Female,30-44,Black / African-American,500,yes
periwinkle partridge,pid_969,Female,45-59,White / Caucasian,500,yes
periwinkle partridge,pid_970,Male,60+,Latino / Hispanic,500,yes
periwinkle partridge,pid_976,Female,45-59,White / Caucasian,500,yes
periwinkle partridge,pid_983,Male,45-59,White / Caucasian,500,yes
periwinkle partridge,pid_1001,Male,18-29,Latino / Hispanic,500,yes
periwinkle partridge,pid_1003,Female,60+,White / Caucasian,500,yes
periwinkle partridge,pid_1007,Male,30-44,Black / African-American,500,yes
periwinkle partridge,pid_1010,Female,60+,Latino / Hispanic,500,yes
periwinkle partridge,pid_1011,Female,30-44,Other,500,yes
periwinkle partridge,pid_1016,Female,18-29,White / Caucasian,500,yes
periwinkle partridge,pid_1018,Female,18-29,Other,500,yes
periwinkle partridge,pid_1019,Female,45-59,Latino / Hispanic,500,yes
periwinkle partridge,pid_1030,Female,45-59,Other,500,yes
periwinkle partridge,pid_1037,Female,18-29,White / Caucasian,500,yes
periwinkle partridge,pid_1041,Male,45-59,White / Caucasian,500,yes
periwinkle partridge,pid_1043,Female,30-44,White / Caucasian,500,yes
periwinkle partridge,pid_1044,Female,45-59,White / Caucasian,500,yes
periwinkle partridge,pid_1047,Female,60+,White / Caucasian,500,yes
periwinkle partridge,pid_1048,Male,30-44,White / Caucasian,500,yes
periwinkle partridge,pid_1051,Male,18-29,Latino / Hispanic,500,yes
periwinkle partridge,pid_1054,Male,60+,White / Caucasian,500,yes
periwinkle partridge,pid_1060,Male,30-44,Black / African-American,500,yes
periwinkle partridge,pid_1063,Female,18-29,Asian / Asian-American,500,yes
periwinkle partridge,pid_1064,Male,18-29,White / Caucasian,500,yes
periwinkle partridge,pid_1072,Male,18-29,Latino / Hispanic,500,yes
periwinkle partridge,pid_1082,Female,45-59,Black / African-American,500,yes
periwinkle partridge,pid_1089,Female,60+,White / Caucasian,500,yes
periwinkle partridge,pid_1094,Female,30-44,White / Caucasian,500,yes
periwinkle partridge,pid_1097,Female,60+,Latino / Hispanic,500,yes
periwinkle partridge,pid_1100,Male,30-44,White / Caucasian,500,yes
periwinkle partridge,pid_1109,Male,45-59,White / Caucasian,500,yes
periwinkle partridge,pid_1114,Male,45-59,Other,500,yes
periwinkle partridge,pid_1115,Female,45-59,White / Caucasian,500,yes
periwinkle partridge,pid_1116,Male,18-29,White / Caucasian,500,yes
periwinkle partridge,pid_1124,Female,30-44,Black / African-American,500,yes
periwinkle partridge,pid_1125,Male,30-44,Asian / Asian-American,500,yes
periwinkle partridge,pid_1131,Male,45-59,White / Caucasian,500,yes
periwinkle partridge,pid_1132,Female,45-59,Latino / Hispanic,500,yes
periwinkle partridge,pid_1135,Male,45-59,White / Caucasian,500,yes
periwinkle partridge,pid_1137,Male,60+,Asian / Asian-American,500,yes
periwinkle partridge,pid_1138,Male,30-44,White / Caucasian,500,yes
periwinkle partridge,pid_1144,Male,60+,White / Caucasian,500,yes
periwinkle partridge,pid_1145,Female,30-44,Asian / Asian-American,500,yes
periwinkle partridge,pid_1147,Male,30-44,White / Caucasian,500,yes
periwinkle partridge,pid_1148,Female,30-44,Latino / Hispanic,500,yes
periwinkle partridge,pid_1153,Female,30-44,White / Caucasian,500,yes
periwinkle partridge,pid_1157,Female,45-59,White / Caucasian,500,yes
periwinkle partridge,pid_1159,Female,60+,White / Caucasian,500,yes
periwinkle partridge,pid_1168,Male,45-59,White / Caucasian,500,yes
periwinkle partridge,pid_1174,Female,45-59,White / Caucasian,500,yes
periwinkle partridge,pid_1176,Male,30-44,White / Caucasian,500,yes
periwinkle partridge,pid_1178,Female,18-29,Latino / Hispanic,500,yes
periwinkle partridge,pid_1182,Male,60+,White / Caucasian,500,yes
periwinkle partridge,pid_1183,Female,60+,White / Caucasian,500,yes
periwinkle partridge,pid_1187,Male,18-29,White / Caucasian,500,yes
periwinkle partridge,pid_1188,Male,18-29,Asian / Asian-American,500,yes
periwinkle partridge,pid_1189,Female,30-44,Asian / Asian-American,500,yes
periwinkle partridge,pid_1193,Male,30-44,Latino / Hispanic,500,yes
periwinkle partridge,pid_1194,Male,30-44,White / Caucasian,500,yes
periwinkle partridge,pid_1197,Female,60+,White / Caucasian,500,yes
periwinkle partridge,pid_1199,Male,60+,Black / African-American,500,yes
periwinkle partridge,pid_1202,Male,60+,White / Caucasian,500,yes
periwinkle partridge,pid_1203,Male,18-29,Asian / Asian-American,500,yes
periwinkle partridge,pid_1212,Male,30-44,Latino / Hispanic,500,yes
periwinkle partridge,pid_1217,Female,45-59,Latino / Hispanic,500,yes
periwinkle partridge,pid_1219,Male,60+,White / Caucasian,500,yes
periwinkle partridge,pid_1221,Male,18-29,Latino / Hispanic,500,yes
periwinkle partridge,pid_1225,Male,60+,White / Caucasian,500,yes
periwinkle partridge,pid_1227,Female,30-44,Latino / Hispanic,500,yes
periwinkle partridge,pid_1238,Female,60+,White / Caucasian,500,yes
periwinkle partridge,pid_1240,Male,18-29,White / Caucasian,500,yes
periwinkle partridge,pid_1248,Male,45-59,White / Caucasian,500,yes
periwinkle partridge,pid_1249,Female,45-59,White / Caucasian,500,yes
periwinkle partridge,pid_1253,Female,45-59,Black / African-American,500,yes
periwinkle partridge,pid_1256,Female,30-44,Latino / Hispanic,500,yes
periwinkle partridge,pid_1262,Male,30-44,Latino / Hispanic,500,yes
periwinkle partridge,pid_1273,Male,60+,White / Caucasian,500,yes
periwinkle partridge,pid_1278,Male,30-44,White / Caucasian,500,yes
periwinkle partridge,pid_1286,Male,30-44,White / Caucasian,500,yes
periwinkle partridge,pid_1289,Male,30-44,White / Caucasian,500,yes
periwinkle partridge,pid_1290,Female,30-44,White / Caucasian,500,yes
periwinkle partridge,pid_1299,Female,30-44,White / Caucasian,500,yes
periwinkle partridge,pid_1301,Female,45-59,Black / African-American,500,yes
periwinkle partridge,pid_1302,Male,30-44,Black / African-American,500,yes
periwinkle partridge,pid_1311,Female,30-44,Latino / Hispanic,500,yes
periwinkle partridge,pid_1316,Female,60+,White / Caucasian,500,yes
periwinkle partridge,pid_1317,Female,30-44,Black / African-American,500,yes
periwinkle partridge,pid_1323,Male,60+,White / Caucasian,500,yes
periwinkle partridge,pid_1339,Female,60+,White / Caucasian,500,yes
periwinkle partridge,pid_1343,Male,45-59,White / Caucasian,500,yes
periwinkle partridge,pid_1345,Male,18-29,Asian / Asian-American,500,yes
periwinkle partridge,pid_1350,Male,30-44,Asian / Asian-American,500,yes
periwinkle partridge,pid_1353,Female,45-59,White / Caucasian,500,yes
periwinkle partridge,pid_1362,Male,18-29,White / Caucasian,500,yes
periwinkle partridge,pid_1367,Female,18-29,White / Caucasian,500,yes
periwinkle partridge,pid_1368,Male,30-44,White / Caucasian,500,yes
periwinkle partridge,pid_1369,Male,60+,White / Caucasian,500,yes
periwinkle partridge,pid_1379,Female,30-44,White / Caucasian,500,yes
periwinkle partridge,pid_1380,Female,30-44,White / Caucasian,500,yes
periwinkle partridge,pid_1382,Female,18-29,White / Caucasian,500,yes
periwinkle partridge,pid_1386,Male,30-44,Latino / Hispanic,500,yes
periwinkle partridge,pid_1387,Female,18-29,White / Caucasian,500,yes
periwinkle partridge,pid_1400,Female,18-29,White / Caucasian,500,yes
periwinkle partridge,pid_1403,Female,30-44,Black / African-American,500,yes
periwinkle partridge,pid_1411,Female,60+,White / Caucasian,500,yes
periwinkle partridge,pid_1412,Female,30-44,White / Caucasian,500,yes
periwinkle partridge,pid_1413,Male,30-44,White / Caucasian,500,yes
periwinkle partridge,pid_1416,Male,45-59,White / Caucasian,500,yes
periwinkle partridge,pid_1418,Female,45-59,White / Caucasian,500,yes
periwinkle partridge,pid_1420,Female,45-59,White / Caucasian,500,yes
periwinkle partridge,pid_1423,Male,60+,White / Caucasian,500,yes
periwinkle partridge,pid_1427,Female,60+,White / Caucasian,500,yes
periwinkle partridge,pid_1435,Female,30-44,Black / African-American,500,yes
periwinkle partridge,pid_1439,Male,30-44,Latino / Hispanic,500,yes
periwinkle partridge,pid_1445,Female,18-29,White / Caucasian,500,yes
periwinkle partridge,pid_1446,Female,30-44,White / Caucasian,500,yes
periwinkle partridge,pid_1448,Male,18-29,White / Caucasian,500,yes
periwinkle partridge,pid_1449,Female,18-29,Latino / Hispanic,500,yes
periwinkle partridge,pid_1451,Male,60+,Latino / Hispanic,500,yes
periwinkle partridge,pid_1452,Male,45-59,White / Caucasian,500,yes
periwinkle partridge,pid_1455,Female,18-29,Black / African-American,500,yes
periwinkle partridge,pid_1457,Female,60+,White / Caucasian,500,yes
periwinkle partridge,pid_1458,Male,60+,White / Caucasian,500,yes
periwinkle partridge,pid_1460,Male,18-29,White / Caucasian,500,yes
periwinkle partridge,pid_1463,Male,30-44,Black / African-American,500,yes
periwinkle partridge,pid_1465,Male,18-29,White / Caucasian,500,yes
periwinkle partridge,pid_1471,Male,30-44,White / Caucasian,500,yes
periwinkle partridge,pid_1473,Female,30-44,Black / African-American,500,yes
periwinkle partridge,pid_1474,Female,45-59,White / Caucasian,500,yes
periwinkle partridge,pid_1477,Male,18-29,Latino / Hispanic,500,yes
periwinkle partridge,pid_1487,Female,18-29,White / Caucasian,500,yes
periwinkle partridge,pid_1499,Male,60+,Black / African-American,500,yes
periwinkle partridge,pid_1502,Male,30-44,Latino / Hispanic,500,yes
periwinkle partridge,pid_1503,Male,45-59,White / Caucasian,500,yes
periwinkle partridge,pid_1512,Female,60+,White / Caucasian,500,yes
periwinkle partridge,pid_1516,Male,60+,White / Caucasian,500,yes
periwinkle partridge,pid_1522,Male,30-44,Latino / Hispanic,500,yes
periwinkle partridge,pid_1526,Male,18-29,Latino / Hispanic,500,yes
periwinkle partridge,pid_1531,Female,60+,White / Caucasian,500,yes
periwinkle partridge,pid_1534,Male,45-59,Black / African-American,500,yes
periwinkle partridge,pid_1539,Female,18-29,White / Caucasian,500,yes
periwinkle partridge,pid_1544,Female,30-44,Latino / Hispanic,500,yes
periwinkle partridge,pid_1546,Female,30-44,Latino / Hispanic,500,yes
periwinkle partridge,pid_1548,Female,18-29,Black / African-American,500,yes
periwinkle partridge,pid_1554,Male,60+,Latino / Hispanic,500,yes
periwinkle partridge,pid_1563,Female,45-59,Latino / Hispanic,500,yes
periwinkle partridge,pid_1566,Male,18-29,Latino / Hispanic,500,yes
periwinkle partridge,pid_1571,Male,30-44,White / Caucasian,500,yes
periwinkle partridge,pid_1581,Female,30-44,Black / African-American,500,yes
periwinkle partridge,pid_1583,Male,18-29,Other,500,yes
periwinkle partridge,pid_1584,Female,30-44,Asian / Asian-American,500,yes
periwinkle partridge,pid_1586,Male,30-44,White / Caucasian,500,yes
periwinkle partridge,pid_1588,Male,45-59,Asian / Asian-American,500,yes
periwinkle partridge,pid_1590,Male,30-44,Latino / Hispanic,500,yes
periwinkle partridge,pid_1596,Female,18-29,Latino / Hispanic,500,yes
periwinkle partridge,pid_1598,Male,18-29,White / Caucasian,500,yes
periwinkle partridge,pid_1604,Female,60+,Latino / Hispanic,500,yes
periwinkle partridge,pid_1605,Female,30-44,White / Caucasian,500,yes
periwinkle partridge,pid_1625,Male,30-44,Latino / Hispanic,500,yes
periwinkle partridge,pid_1643,Female,45-59,White / Caucasian,500,yes
periwinkle partridge,pid_1645,Male,45-59,Asian / Asian-American,500,yes
periwinkle partridge,pid_1649,Female,30-44,White / Caucasian,500,yes
periwinkle partridge,pid_1653,Male,18-29,White / Caucasian,500,yes
periwinkle partridge,pid_1656,Male,60+,White / Caucasian,500,yes
periwinkle partridge,pid_1657,Male,30-44,White / Caucasian,500,yes
periwinkle partridge,pid_1660,Female,18-29,Asian / Asian-American,500,yes
periwinkle partridge,pid_1663,Female,30-44,White / Caucasian,500,yes
periwinkle partridge,pid_1667,Female,18-29,White / Caucasian,500,yes
periwinkle partridge,pid_1670,Female,18-29,Latino / Hispanic,500,yes
periwinkle partridge,pid_1676,Female,18-29,Asian / Asian-American,500,yes
periwinkle partridge,pid_1680,Male,60+,White / Caucasian,500,yes
periwinkle partridge,pid_1681,Female,45-59,Latino / Hispanic,500,yes
periwinkle partridge,pid_1684,Male,60+,White / Caucasian,500,yes
periwinkle partridge,pid_1687,Female,30-44,Latino / Hispanic,500,yes
periwinkle partridge,pid_1689,Female,60+,White / Caucasian,500,yes
periwinkle partridge,pid_1697,Male,45-59,Black / African-American,500,yes
periwinkle partridge,pid_1704,Male,30-44,White / Caucasian,500,yes
periwinkle partridge,pid_1712,Female,30-44,White / Caucasian,500,yes
periwinkle partridge,pid_1717,Male,60+,White / Caucasian,500,yes
periwinkle partridge,pid_1721,Female,45-59,White / Caucasian,500,yes
periwinkle partridge,pid_1726,Female,45-59,Latino / Hispanic,500,yes
periwinkle partridge,pid_1728,Female,30-44,White / Caucasian,500,yes
periwinkle partridge,pid_1740,Female,45-59,White / Caucasian,500,yes
periwinkle partridge,pid_1741,Male,18-29,Other,500,yes
periwinkle partridge,pid_1743,Male,30-44,White / Caucasian,500,yes
periwinkle partridge,pid_1751,Female,45-59,White / Caucasian,500,yes
periwinkle partridge,pid_1757,Female,60+,White / Caucasian,500,yes
periwinkle partridge,pid_1763,Female,45-59,Latino / Hispanic,500,yes
periwinkle partridge,pid_1772,Female,60+,Asian / Asian-American,500,yes
periwinkle partridge,pid_1773,Male,18-29,Latino / Hispanic,500,yes
periwinkle partridge,pid_1775,Male,45-59,White / Caucasian,500,yes
periwinkle partridge,pid_1779,Male,30-44,Other,500,yes
periwinkle partridge,pid_1780,Male,30-44,Latino / Hispanic,500,yes
periwinkle partridge,pid_1782,Male,30-44,White / Caucasian,500,yes
periwinkle partridge,pid_1790,Female,30-44,Black / African-American,500,yes
periwinkle partridge,pid_1791,Female,60+,Asian / Asian-American,500,yes
periwinkle partridge,pid_1793,Female,60+,Asian / Asian-American,500,yes
periwinkle partridge,pid_1803,Female,60+,White / Caucasian,500,yes
periwinkle partridge,pid_1805,Male,30-44,Black / African-American,500,yes
periwinkle partridge,pid_1806,Female,60+,White / Caucasian,500,yes
periwinkle partridge,pid_1809,Male,18-29,White / Caucasian,500,yes
periwinkle partridge,pid_1811,Female,45-59,White / Caucasian,500,yes
periwinkle partridge,pid_1814,Female,18-29,White / Caucasian,500,yes
periwinkle partridge,pid_1815,Female,60+,Black / African-American,500,yes
periwinkle partridge,pid_1819,Male,30-44,White / Caucasian,500,yes
periwinkle partridge,pid_1820,Female,30-44,White / Caucasian,500,yes
periwinkle partridge,pid_1822,Female,60+,White / Caucasian,500,yes
periwinkle partridge,pid_1824,Male,18-29,Latino / Hispanic,500,yes
periwinkle partridge,pid_1829,Female,18-29,White / Caucasian,500,yes
periwinkle partridge,pid_1833,Female,18-29,Latino / Hispanic,500,yes
periwinkle partridge,pid_1837,Male,18-29,Latino / Hispanic,500,yes
periwinkle partridge,pid_1840,Female,30-44,Latino / Hispanic,500,yes
periwinkle partridge,pid_1843,Male,30-44,White / Caucasian,500,yes
periwinkle partridge,pid_1846,Female,60+,White / Caucasian,500,yes
periwinkle partridge,pid_1847,Male,45-59,Asian / Asian-American,500,yes
periwinkle partridge,pid_1853,Male,18-29,Latino / Hispanic,500,yes
periwinkle partridge,pid_1857,Male,45-59,White / Caucasian,500,yes
periwinkle partridge,pid_1866,Female,45-59,White / Caucasian,500,yes
periwinkle partridge,pid_1870,Female,45-59,White / Caucasian,500,yes
periwinkle partridge,pid_1872,Male,45-59,White / Caucasian,500,yes
periwinkle partridge,pid_1877,Female,30-44,White / Caucasian,500,yes
periwinkle partridge,pid_1878,Male,45-59,White / Caucasian,500,yes
periwinkle partridge,pid_1884,Male,60+,White / Caucasian,500,yes
periwinkle partridge,pid_1886,Male,18-29,White / Caucasian,500,yes
periwinkle partridge,pid_1889,Male,30-44,White / Caucasian,500,yes
periwinkle partridge,pid_1890,Male,30-44,White / Caucasian,500,yes
periwinkle partridge,pid_1893,Female,18-29,Latino / Hispanic,500,yes
periwinkle partridge,pid_1901,Female,30-44,White / Caucasian,500,yes
periwinkle partridge,pid_1904,Male,30-44,White / Caucasian,500,yes
periwinkle partridge,pid_1908,Female,45-59,White / Caucasian,500,yes
periwinkle partridge,pid_1909,Female,60+,Latino / Hispanic,500,yes
periwinkle partridge,pid_1912,Male,30-44,Asian / Asian-American,500,yes
periwinkle partridge,pid_1913,Female,30-44,Other,500,yes
periwinkle partridge,pid_1917,Female,18-29,White / Caucasian,500,yes
periwinkle partridge,pid_1919,Male,45-59,White / Caucasian,500,yes
periwinkle partridge,pid_1929,Female,60+,White / Caucasian,500,yes
periwinkle partridge,pid_1931,Male,60+,White / Caucasian,500,yes
periwinkle partridge,pid_1933,Female,18-29,White / Caucasian,500,yes
periwinkle partridge,pid_1937,Female,18-29,Other,500,yes
periwinkle partridge,pid_1945,Female,30-44,White / Caucasian,500,yes
periwinkle partridge,pid_1952,Male,45-59,White / Caucasian,500,yes
periwinkle partridge,pid_1953,Male,45-59,White / Caucasian,500,yes
periwinkle partridge,pid_1961,Female,60+,Other,500,yes
periwinkle partridge,pid_1963,Male,30-44,White / Caucasian,500,yes
periwinkle partridge,pid_1966,Female,18-29,Latino / Hispanic,500,yes
periwinkle partridge,pid_1972,Male,18-29,Black / African-American,500,yes
periwinkle partridge,pid_1973,Female,18-29,Latino / Hispanic,500,yes
periwinkle partridge,pid_1978,Male,30-44,White / Caucasian,500,yes
periwinkle partridge,pid_1981,Female,18-29,White / Caucasian,500,yes
periwinkle partridge,pid_1982,Male,45-59,White / Caucasian,500,yes
periwinkle partridge,pid_1985,Male,18-29,Black / African-American,500,yes
periwinkle partridge,pid_1988,Female,30-44,White / Caucasian,500,yes
periwinkle partridge,pid_1989,Female,30-44,White / Caucasian,500,yes
periwinkle partridge,pid_1997,Female,30-44,White / Caucasian,500,yes
periwinkle partridge,pid_1998,Female,60+,White / Caucasian,500,yes
periwinkle partridge,pid_1999,Female,30-44,White / Caucasian,500,yes
periwinkle partridge,pid_2000,Male,60+,White / Caucasian,500,yes
periwinkle partridge,pid_2003,Male,18-29,White / Caucasian,500,yes
periwinkle partridge,pid_2005,Male,45-59,White / Caucasian,500,yes
periwinkle partridge,pid_2006,Male,45-59,White / Caucasian,500,yes
periwinkle partridge,pid_2008,Female,45-59,Asian / Asian-American,500,yes
periwinkle partridge,pid_2010,Female,45-59,White / Caucasian,500,yes
periwinkle partridge,pid_2021,Female,45-59,White / Caucasian,500,yes
periwinkle partridge,pid_2022,Female,60+,Black / African-American,500,yes
periwinkle partridge,pid_2025,Male,60+,White / Caucasian,500,yes
periwinkle partridge,pid_2026,Male,45-59,White / Caucasian,500,yes
periwinkle partridge,pid_2030,Female,60+,White / Caucasian,500,yes
periwinkle partridge,pid_2034,Male,45-59,White / Caucasian,500,yes
periwinkle partridge,pid_2041,Male,60+,White / Caucasian,500,yes
periwinkle partridge,pid_2046,Male,18-29,Latino / Hispanic,500,yes
periwinkle partridge,pid_2049,Female,18-29,Black / African-American,500,yes
periwinkle partridge,pid_2052,Male,18-29,White / Caucasian,500,yes
periwinkle partridge,pid_2054,Female,30-44,Black / African-American,500,yes
phony parrotfish,pid_14,Female,45-59,White / Caucasian,500,yes
phony parrotfish,pid_15,Male,60+,White / Caucasian,500,yes
phony parrotfish,pid_23,Male,45-59,White / Caucasian,500,yes
phony parrotfish,pid_29,Female,60+,White / Caucasian,500,yes
phony parrotfish,pid_32,Male,30-44,Latino / Hispanic,500,yes
phony parrotfish,pid_35,Female,30-44,White / Caucasian,500,yes
phony parrotfish,pid_43,Male,18-29,Black / African-American,500,yes
phony parrotfish,pid_57,Male,45-59,Black / African-American,500,yes
phony parrotfish,pid_59,Male,45-59,White / Caucasian,500,yes
phony parrotfish,pid_62,Male,45-59,White / Caucasian,500,yes
phony parrotfish,pid_65,Female,45-59,Latino / Hispanic,500,yes
phony parrotfish,pid_71,Male,60+,Latino / Hispanic,500,yes
phony parrotfish,pid_72,Male,45-59,White / Caucasian,500,yes
phony parrotfish,pid_75,Female,45-59,White / Caucasian,500,yes
phony parrotfish,pid_76,Female,60+,White / Caucasian,500,yes
phony parrotfish,pid_81,Male,60+,White / Caucasian,500,yes
phony parrotfish,pid_83,Female,60+,White / Caucasian,500,yes
phony parrotfish,pid_84,Female,60+,White / Caucasian,500,yes
phony parrotfish,pid_91,Female,60+,White / Caucasian,500,yes
phony parrotfish,pid_95,Female,60+,White / Caucasian,500,yes
phony parrotfish,pid_99,Male,30-44,Other,500,yes
phony parrotfish,pid_102,Male,45-59,Black / African-American,500,yes
phony parrotfish,pid_104,Male,30-44,White / Caucasian,500,yes
phony parrotfish,pid_107,Male,45-59,White / Caucasian,500,yes
phony parrotfish,pid_115,Female,60+,Asian / Asian-American,500,yes
phony parrotfish,pid_118,Male,60+,White / Caucasian,500,yes
phony parrotfish,pid_122,Female,60+,White / Caucasian,500,yes
phony parrotfish,pid_123,Male,60+,White / Caucasian,500,yes
phony parrotfish,pid_129,Female,30-44,Asian / Asian-American,500,yes
phony parrotfish,pid_133,Female,60+,Latino / Hispanic,500,yes
phony parrotfish,pid_160,Male,60+,White / Caucasian,500,yes
phony parrotfish,pid_163,Male,45-59,White / Caucasian,500,yes
phony parrotfish,pid_165,Male,45-59,Latino / Hispanic,500,yes
phony parrotfish,pid_167,Female,60+,White / Caucasian,500,yes
phony parrotfish,pid_173,Female,30-44,White / Caucasian,500,yes
phony parrotfish,pid_174,Female,60+,White / Caucasian,500,yes
phony parrotfish,pid_180,Female,60+,Black / African-American,500,yes
phony parrotfish,pid_182,Female,60+,White / Caucasian,500,yes
phony parrotfish,pid_186,Female,18-29,Black / African-American,500,yes
phony parrotfish,pid_189,Female,45-59,White / Caucasian,500,yes
phony parrotfish,pid_198,Female,30-44,White / Caucasian,500,yes
phony parrotfish,pid_204,Female,60+,White / Caucasian,500,yes
phony parrotfish,pid_207,Female,45-59,Black / African-American,500,yes
phony parrotfish,pid_217,Male,60+,White / Caucasian,500,yes
phony parrotfish,pid_223,Male,60+,Black / African-American,500,yes
phony parrotfish,pid_245,Female,30-44,White / Caucasian,500,yes
phony parrotfish,pid_248,Male,45-59,White / Caucasian,500,yes
phony parrotfish,pid_253,Female,60+,White / Caucasian,500,yes
phony parrotfish,pid_258,Male,60+,White / Caucasian,500,yes
phony parrotfish,pid_262,Male,60+,White / Caucasian,500,yes
phony parrotfish,pid_263,Female,45-59,White / Caucasian,500,yes
phony parrotfish,pid_265,Female,60+,Black / African-American,500,yes
phony parrotfish,pid_268,Male,60+,White / Caucasian,500,yes
phony parrotfish,pid_273,Male,60+,Latino / Hispanic,500,yes
phony parrotfish,pid_276,Male,60+,White / Caucasian,500,yes
phony parrotfish,pid_278,Male,60+,White / Caucasian,500,yes
phony parrotfish,pid_282,Male,18-29,White / Caucasian,500,yes
phony parrotfish,pid_283,Female,60+,White / Caucasian,500,yes
phony parrotfish,pid_285,Male,45-59,White / Caucasian,500,yes
phony parrotfish,pid_289,Male,30-44,White / Caucasian,500,yes
phony parrotfish,pid_290,Male,30-44,Latino / Hispanic,500,yes
phony parrotfish,pid_294,Male,60+,Black / African-American,500,yes
phony parrotfish,pid_296,Female,30-44,Latino / Hispanic,500,yes
phony parrotfish,pid_303,Female,60+,Black / African-American,500,yes
phony parrotfish,pid_305,Male,18-29,Latino / Hispanic,500,yes
phony parrotfish,pid_315,Male,18-29,White / Caucasian,500,yes
phony parrotfish,pid_318,Female,45-59,White / Caucasian,500,yes
phony parrotfish,pid_329,Male,60+,White / Caucasian,500,yes
phony parrotfish,pid_333,Female,60+,White / Caucasian,500,yes
phony parrotfish,pid_336,Female,30-44,Latino / Hispanic,500,yes
phony parrotfish,pid_337,Male,60+,White / Caucasian,500,yes
phony parrotfish,pid_339,Male,45-59,Black / African-American,500,yes
phony parrotfish,pid_345,Male,45-59,White / Caucasian,500,yes
phony parrotfish,pid_348,Female,45-59,Black / African-American,500,yes
phony parrotfish,pid_350,Male,45-59,Latino / Hispanic,500,yes
phony parrotfish,pid_353,Male,45-59,Latino / Hispanic,500,yes
phony parrotfish,pid_363,Male,30-44,White / Caucasian,500,yes
phony parrotfish,pid_366,Female,60+,White / Caucasian,500,yes
phony parrotfish,pid_368,Female,60+,White / Caucasian,500,yes
phony parrotfish,pid_369,Female,45-59,White / Caucasian,500,yes
phony parrotfish,pid_371,Female,45-59,White / Caucasian,500,yes
phony parrotfish,pid_373,Female,60+,White / Caucasian,500,yes
phony parrotfish,pid_376,Male,60+,Black / African-American,500,yes
phony parrotfish,pid_378,Female,30-44,Asian / Asian-American,500,yes
phony parrotfish,pid_379,Male,60+,Other,500,yes
phony parrotfish,pid_384,Female,60+,Black / African-American,500,yes
phony parrotfish,pid_391,Male,60+,White / Caucasian,500,yes
phony parrotfish,pid_393,Male,60+,Latino / Hispanic,500,yes
phony parrotfish,pid_398,Female,60+,Latino / Hispanic,500,yes
phony parrotfish,pid_402,Female,60+,Asian / Asian-American,500,yes
phony parrotfish,pid_403,Male,30-44,Black / African-American,500,yes
phony parrotfish,pid_406,Male,18-29,White / Caucasian,500,yes
phony parrotfish,pid_407,Male,60+,Latino / Hispanic,500,yes
phony parrotfish,pid_411,Male,45-59,White / Caucasian,500,yes
phony parrotfish,pid_412,Male,45-59,White / Caucasian,500,yes
phony parrotfish,pid_425,Male,45-59,White / Caucasian,500,yes
phony parrotfish,pid_443,Male,30-44,Black / African-American,500,yes
phony parrotfish,pid_445,Male,45-59,White / Caucasian,500,yes
phony parrotfish,pid_447,Male,60+,Asian / Asian-American,500,yes
phony parrotfish,pid_450,Female,45-59,White / Caucasian,500,yes
phony parrotfish,pid_451,Female,60+,White / Caucasian,500,yes
phony parrotfish,pid_453,Male,18-29,Black / African-American,500,yes
phony parrotfish,pid_455,Female,45-59,Asian / Asian-American,500,yes
phony parrotfish,pid_456,Female,45-59,White / Caucasian,500,yes
phony parrotfish,pid_459,Female,60+,White / Caucasian,500,yes
phony parrotfish,pid_460,Male,45-59,White / Caucasian,500,yes
phony parrotfish,pid_461,Male,60+,White / Caucasian,500,yes
phony parrotfish,pid_462,Female,60+,White / Caucasian,500,yes
phony parrotfish,pid_463,Female,18-29,White / Caucasian,500,yes
phony parrotfish,pid_464,Female,18-29,Latino / Hispanic,500,yes
phony parrotfish,pid_467,Female,18-29,White / Caucasian,500,yes
phony parrotfish,pid_469,Female,45-59,Black / African-American,500,yes
phony parrotfish,pid_470,Male,18-29,Latino / Hispanic,500,yes
phony parrotfish,pid_474,Female,45-59,Black / African-American,500,yes
phony parrotfish,pid_475,Male,18-29,White / Caucasian,500,yes
phony parrotfish,pid_478,Male,60+,White / Caucasian,500,yes
phony parrotfish,pid_487,Female,18-29,Black / African-American,500,yes
phony parrotfish,pid_491,Male,30-44,White / Caucasian,500,yes
phony parrotfish,pid_492,Female,60+,White / Caucasian,500,yes
phony parrotfish,pid_502,Female,60+,White / Caucasian,500,yes
phony parrotfish,pid_507,Male,60+,Black / African-American,500,yes
phony parrotfish,pid_509,Female,45-59,White / Caucasian,500,yes
phony parrotfish,pid_511,Male,60+,White / Caucasian,500,yes
phony parrotfish,pid_512,Female,18-29,White / Caucasian,500,yes
phony parrotfish,pid_513,Male,60+,Asian / Asian-American,500,yes
phony parrotfish,pid_517,Female,18-29,Latino / Hispanic,500,yes
phony parrotfish,pid_520,Male,60+,White / Caucasian,500,yes
phony parrotfish,pid_521,Female,60+,Black / African-American,500,yes
phony parrotfish,pid_525,Male,30-44,Asian / Asian-American,500,yes
phony parrotfish,pid_528,Female,30-44,White / Caucasian,500,yes
phony parrotfish,pid_541,Male,30-44,Latino / Hispanic,500,yes
phony parrotfish,pid_542,Female,45-59,White / Caucasian,500,yes
phony parrotfish,pid_559,Female,30-44,White / Caucasian,500,yes
phony parrotfish,pid_563,Male,30-44,White / Caucasian,500,yes
phony parrotfish,pid_566,Female,18-29,Black / African-American,500,yes
phony parrotfish,pid_569,Male,60+,Latino / Hispanic,500,yes
phony parrotfish,pid_577,Female,18-29,Black / African-American,500,yes
phony parrotfish,pid_578,Female,60+,White / Caucasian,500,yes
phony parrotfish,pid_582,Male,30-44,Latino / Hispanic,500,yes
phony parrotfish,pid_585,Male,60+,Asian / Asian-American,500,yes
phony parrotfish,pid_586,Female,45-59,White / Caucasian,500,yes
phony parrotfish,pid_607,Male,30-44,Black / African-American,500,yes
phony parrotfish,pid_609,Female,60+,White / Caucasian,500,yes
phony parrotfish,pid_610,Male,60+,White / Caucasian,500,yes
phony parrotfish,pid_628,Male,18-29,Black / African-American,500,yes
phony parrotfish,pid_629,Male,18-29,White / Caucasian,500,yes
phony parrotfish,pid_636,Female,18-29,White / Caucasian,500,yes
phony parrotfish,pid_653,Male,18-29,Latino / Hispanic,500,yes
phony parrotfish,pid_654,Male,45-59,Black / African-American,500,yes
phony parrotfish,pid_667,Male,45-59,White / Caucasian,500,yes
phony parrotfish,pid_676,Female,45-59,Latino / Hispanic,500,yes
phony parrotfish,pid_679,Male,18-29,White / Caucasian,500,yes
phony parrotfish,pid_684,Female,18-29,White / Caucasian,500,yes
phony parrotfish,pid_687,Female,18-29,White / Caucasian,500,yes
phony parrotfish,pid_691,Female,60+,Black / African-American,500,yes
phony parrotfish,pid_695,Female,18-29,White / Caucasian,500,yes
phony parrotfish,pid_708,Female,60+,White / Caucasian,500,yes
phony parrotfish,pid_714,Female,45-59,Asian / Asian-American,500,yes
phony parrotfish,pid_715,Female,30-44,White / Caucasian,500,yes
phony parrotfish,pid_716,Male,18-29,Black / African-American,500,yes
phony parrotfish,pid_717,Female,60+,White / Caucasian,500,yes
phony parrotfish,pid_718,Female,60+,White / Caucasian,500,yes
phony parrotfish,pid_721,Male,45-59,Asian / Asian-American,500,yes
phony parrotfish,pid_732,Male,60+,White / Caucasian,500,yes
phony parrotfish,pid_736,Female,60+,White / Caucasian,500,yes
phony parrotfish,pid_738,Female,30-44,White / Caucasian,500,yes
phony parrotfish,pid_744,Male,60+,White / Caucasian,500,yes
phony parrotfish,pid_753,Male,30-44,Latino / Hispanic,500,yes
phony parrotfish,pid_757,Female,18-29,White / Caucasian,500,yes
phony parrotfish,pid_758,Female,60+,Black / African-American,500,yes
phony parrotfish,pid_761,Female,30-44,White / Caucasian,500,yes
phony parrotfish,pid_764,Male,18-29,White / Caucasian,500,yes
phony parrotfish,pid_767,Female,45-59,White / Caucasian,500,yes
phony parrotfish,pid_773,Female,30-44,Latino / Hispanic,500,yes
phony parrotfish,pid_774,Male,60+,White / Caucasian,500,yes
phony parrotfish,pid_788,Male,45-59,White / Caucasian,500,yes
phony parrotfish,pid_792,Female,45-59,White / Caucasian,500,yes
phony parrotfish,pid_797,Female,30-44,Latino / Hispanic,500,yes
phony parrotfish,pid_800,Female,60+,Latino / Hispanic,500,yes
phony parrotfish,pid_804,Female,30-44,White / Caucasian,500,yes
phony parrotfish,pid_805,Female,30-44,White / Caucasian,500,yes
phony parrotfish,pid_808,Male,30-44,Asian / Asian-American,500,yes
phony parrotfish,pid_814,Male,30-44,White / Caucasian,500,yes
phony parrotfish,pid_822,Male,45-59,Latino / Hispanic,500,yes
phony parrotfish,pid_824,Male,60+,White / Caucasian,500,yes
phony parrotfish,pid_839,Male,45-59,Black / African-American,500,yes
phony parrotfish,pid_845,Female,60+,White / Caucasian,500,yes
phony parrotfish,pid_846,Female,18-29,White / Caucasian,500,yes
phony parrotfish,pid_847,Male,60+,White / Caucasian,500,yes
phony parrotfish,pid_857,Female,60+,White / Caucasian,500,yes
phony parrotfish,pid_860,Female,60+,White / Caucasian,500,yes
phony parrotfish,pid_861,Male,60+,White / Caucasian,500,yes
phony parrotfish,pid_863,Male,60+,Latino / Hispanic,500,yes
phony parrotfish,pid_869,Female,45-59,White / Caucasian,500,yes
phony parrotfish,pid_871,Female,60+,Latino / Hispanic,500,yes
phony parrotfish,pid_872,Male,45-59,Black / African-American,500,yes
phony parrotfish,pid_881,Male,18-29,White / Caucasian,500,yes
phony parrotfish,pid_882,Male,30-44,Latino / Hispanic,500,yes
phony parrotfish,pid_883,Male,18-29,White / Caucasian,500,yes
phony parrotfish,pid_895,Female,30-44,Asian / Asian-American,500,yes
phony parrotfish,pid_897,Male,60+,White / Caucasian,500,yes
phony parrotfish,pid_900,Female,60+,White / Caucasian,500,yes
phony parrotfish,pid_903,Female,18-29,Latino / Hispanic,500,yes
phony parrotfish,pid_904,Male,18-29,White / Caucasian,500,yes
phony parrotfish,pid_910,Male,45-59,White / Caucasian,500,yes
phony parrotfish,pid_913,Female,18-29,White / Caucasian,500,yes
phony parrotfish,pid_914,Male,60+,Latino / Hispanic,500,yes
phony parrotfish,pid_916,Male,60+,White / Caucasian,500,yes
phony parrotfish,pid_917,Male,30-44,White / Caucasian,500,yes
phony parrotfish,pid_920,Male,60+,Black / African-American,500,yes
phony parrotfish,pid_921,Female,30-44,Latino / Hispanic,500,yes
phony parrotfish,pid_924,Male,30-44,White / Caucasian,500,yes
phony parrotfish,pid_926,Female,60+,White / Caucasian,500,yes
phony parrotfish,pid_933,Female,60+,Other,500,yes
phony parrotfish,pid_935,Male,30-44,White / Caucasian,500,yes
phony parrotfish,pid_939,Female,60+,Latino / Hispanic,500,yes
phony parrotfish,pid_940,Male,18-29,White / Caucasian,500,yes
phony parrotfish,pid_945,Female,30-44,White / Caucasian,500,yes
phony parrotfish,pid_946,Female,45-59,Asian / Asian-American,500,yes
phony parrotfish,pid_949,Male,60+,White / Caucasian,500,yes
phony parrotfish,pid_950,Male,30-44,Latino / Hispanic,500,yes
phony parrotfish,pid_951,Female,45-59,Latino / Hispanic,500,yes
phony parrotfish,pid_954,Female,18-29,Latino / Hispanic,500,yes
phony parrotfish,pid_955,Female,60+,White / Caucasian,500,yes
phony parrotfish,pid_957,Female,30-44,Latino / Hispanic,500,yes
phony parrotfish,pid_958,Female,60+,White / Caucasian,500,yes
phony parrotfish,pid_961,Female,30-44,Black / African-American,500,yes
phony parrotfish,pid_969,Female,45-59,White / Caucasian,500,yes
phony parrotfish,pid_970,Male,60+,Latino / Hispanic,500,yes
phony parrotfish,pid_976,Female,45-59,White / Caucasian,500,yes
phony parrotfish,pid_983,Male,45-59,White / Caucasian,500,yes
phony parrotfish,pid_1001,Male,18-29,Latino / Hispanic,500,yes
phony parrotfish,pid_1003,Female,60+,White / Caucasian,500,yes
phony parrotfish,pid_1007,Male,30-44,Black / African-American,500,yes
phony parrotfish,pid_1010,Female,60+,Latino / Hispanic,500,yes
phony parrotfish,pid_1011,Female,30-44,Other,500,yes
phony parrotfish,pid_1016,Female,18-29,White / Caucasian,500,yes
phony parrotfish,pid_1018,Female,18-29,Other,500,yes
phony parrotfish,pid_1019,Female,45-59,Latino / Hispanic,500,yes
phony parrotfish,pid_1030,Female,45-59,Other,500,yes
phony parrotfish,pid_1037,Female,18-29,White / Caucasian,500,yes
phony parrotfish,pid_1041,Male,45-59,White / Caucasian,500,yes
phony parrotfish,pid_1043,Female,30-44,White / Caucasian,500,yes
phony parrotfish,pid_1044,Female,45-59,White / Caucasian,500,yes
phony parrotfish,pid_1047,Female,60+,White / Caucasian,500,yes
phony parrotfish,pid_1048,Male,30-44,White / Caucasian,500,yes
phony parrotfish,pid_1051,Male,18-29,Latino / Hispanic,500,yes
phony parrotfish,pid_1054,Male,60+,White / Caucasian,500,yes
phony parrotfish,pid_1060,Male,30-44,Black / African-American,500,yes
phony parrotfish,pid_1063,Female,18-29,Asian / Asian-American,500,yes
phony parrotfish,pid_1064,Male,18-29,White / Caucasian,500,yes
phony parrotfish,pid_1072,Male,18-29,Latino / Hispanic,500,yes
phony parrotfish,pid_1082,Female,45-59,Black / African-American,500,yes
phony parrotfish,pid_1089,Female,60+,White / Caucasian,500,yes
phony parrotfish,pid_1094,Female,30-44,White / Caucasian,500,yes
phony parrotfish,pid_1097,Female,60+,Latino / Hispanic,500,yes
phony parrotfish,pid_1100,Male,30-44,White / Caucasian,500,yes
phony parrotfish,pid_1109,Male,45-59,White / Caucasian,500,yes
phony parrotfish,pid_1114,Male,45-59,Other,500,yes
phony parrotfish,pid_1115,Female,45-59,White / Caucasian,500,yes
phony parrotfish,pid_1116,Male,18-29,White / Caucasian,500,yes
phony parrotfish,pid_1124,Female,30-44,Black / African-American,500,yes
phony parrotfish,pid_1125,Male,30-44,Asian / Asian-American,500,yes
phony parrotfish,pid_1131,Male,45-59,White / Caucasian,500,yes
phony parrotfish,pid_1132,Female,45-59,Latino / Hispanic,500,yes
phony parrotfish,pid_1135,Male,45-59,White / Caucasian,500,yes
phony parrotfish,pid_1137,Male,60+,Asian / Asian-American,500,yes
phony parrotfish,pid_1138,Male,30-44,White / Caucasian,500,yes
phony parrotfish,pid_1144,Male,60+,White / Caucasian,500,yes
phony parrotfish,pid_1145,Female,30-44,Asian / Asian-American,500,yes
phony parrotfish,pid_1147,Male,30-44,White / Caucasian,500,yes
phony parrotfish,pid_1148,Female,30-44,Latino / Hispanic,500,yes
phony parrotfish,pid_1153,Female,30-44,White / Caucasian,500,yes
phony parrotfish,pid_1157,Female,45-59,White / Caucasian,500,yes
phony parrotfish,pid_1159,Female,60+,White / Caucasian,500,yes
phony parrotfish,pid_1168,Male,45-59,White / Caucasian,500,yes
phony parrotfish,pid_1174,Female,45-59,White / Caucasian,500,yes
phony parrotfish,pid_1176,Male,30-44,White / Caucasian,500,yes
phony parrotfish,pid_1178,Female,18-29,Latino / Hispanic,500,yes
phony parrotfish,pid_1182,Male,60+,White / Caucasian,500,yes
phony parrotfish,pid_1183,Female,60+,White / Caucasian,500,yes
phony parrotfish,pid_1187,Male,18-29,White / Caucasian,500,yes
phony parrotfish,pid_1188,Male,18-29,Asian / Asian-American,500,yes
phony parrotfish,pid_1189,Female,30-44,Asian / Asian-American,500,yes
phony parrotfish,pid_1193,Male,30-44,Latino / Hispanic,500,yes
phony parrotfish,pid_1194,Male,30-44,White / Caucasian,500,yes
phony parrotfish,pid_1197,Female,60+,White / Caucasian,500,yes
phony parrotfish,pid_1199,Male,60+,Black / African-American,500,yes
phony parrotfish,pid_1202,Male,60+,White / Caucasian,500,yes
phony parrotfish,pid_1203,Male,18-29,Asian / Asian-American,500,yes
phony parrotfish,pid_1212,Male,30-44,Latino / Hispanic,500,yes
phony parrotfish,pid_1217,Female,45-59,Latino / Hispanic,500,yes
phony parrotfish,pid_1219,Male,60+,White / Caucasian,500,yes
phony parrotfish,pid_1221,Male,18-29,Latino / Hispanic,500,yes
phony parrotfish,pid_1225,Male,60+,White / Caucasian,500,yes
phony parrotfish,pid_1227,Female,30-44,Latino / Hispanic,500,yes
phony parrotfish,pid_1238,Female,60+,White / Caucasian,500,yes
phony parrotfish,pid_1240,Male,18-29,White / Caucasian,500,yes
phony parrotfish,pid_1248,Male,45-59,White / Caucasian,500,yes
phony parrotfish,pid_1249,Female,45-59,White / Caucasian,500,yes
phony parrotfish,pid_1253,Female,45-59,Black / African-American,500,yes
phony parrotfish,pid_1256,Female,30-44,Latino / Hispanic,500,yes
phony parrotfish,pid_1262,Male,30-44,Latino / Hispanic,500,yes
phony parrotfish,pid_1273,Male,60+,White / Caucasian,500,yes
phony parrotfish,pid_1278,Male,30-44,White / Caucasian,500,yes
phony parrotfish,pid_1286,Male,30-44,White / Caucasian,500,yes
phony parrotfish,pid_1289,Male,30-44,White / Caucasian,500,yes
phony parrotfish,pid_1290,Female,30-44,White / Caucasian,500,yes
phony parrotfish,pid_1299,Female,30-44,White / Caucasian,500,yes
phony parrotfish,pid_1301,Female,45-59,Black / African-American,500,yes
phony parrotfish,pid_1302,Male,30-44,Black / African-American,500,yes
phony parrotfish,pid_1311,Female,30-44,Latino / Hispanic,500,yes
phony parrotfish,pid_1316,Female,60+,White / Caucasian,500,yes
phony parrotfish,pid_1317,Female,30-44,Black / African-American,500,yes
phony parrotfish,pid_1323,Male,60+,White / Caucasian,500,yes
phony parrotfish,pid_1339,Female,60+,White / Caucasian,500,yes
phony parrotfish,pid_1343,Male,45-59,White / Caucasian,500,yes
phony parrotfish,pid_1345,Male,18-29,Asian / Asian-American,500,yes
phony parrotfish,pid_1350,Male,30-44,Asian / Asian-American,500,yes
phony parrotfish,pid_1353,Female,45-59,White / Caucasian,500,yes
phony parrotfish,pid_1362,Male,18-29,White / Caucasian,500,yes
phony parrotfish,pid_1367,Female,18-29,White / Caucasian,500,yes
phony parrotfish,pid_1368,Male,30-44,White / Caucasian,500,yes
phony parrotfish,pid_1369,Male,60+,White / Caucasian,500,yes
phony parrotfish,pid_1379,Female,30-44,White / Caucasian,500,yes
phony parrotfish,pid_1380,Female,30-44,White / Caucasian,500,yes
phony parrotfish,pid_1382,Female,18-29,White / Caucasian,500,yes
phony parrotfish,pid_1386,Male,30-44,Latino / Hispanic,500,yes
phony parrotfish,pid_1387,Female,18-29,White / Caucasian,500,yes
phony parrotfish,pid_1400,Female,18-29,White / Caucasian,500,yes
phony parrotfish,pid_1403,Female,30-44,Black / African-American,500,yes
phony parrotfish,pid_1411,Female,60+,White / Caucasian,500,yes
phony parrotfish,pid_1412,Female,30-44,White / Caucasian,500,yes
phony parrotfish,pid_1413,Male,30-44,White / Caucasian,500,yes
phony parrotfish,pid_1416,Male,45-59,White / Caucasian,500,yes
phony parrotfish,pid_1418,Female,45-59,White / Caucasian,500,yes
phony parrotfish,pid_1420,Female,45-59,White / Caucasian,500,yes
phony parrotfish,pid_1423,Male,60+,White / Caucasian,500,yes
phony parrotfish,pid_1427,Female,60+,White / Caucasian,500,yes
phony parrotfish,pid_1435,Female,30-44,Black / African-American,500,yes
phony parrotfish,pid_1439,Male,30-44,Latino / Hispanic,500,yes
phony parrotfish,pid_1445,Female,18-29,White / Caucasian,500,yes
phony parrotfish,pid_1446,Female,30-44,White / Caucasian,500,yes
phony parrotfish,pid_1448,Male,18-29,White / Caucasian,500,yes
phony parrotfish,pid_1449,Female,18-29,Latino / Hispanic,500,yes
phony parrotfish,pid_1451,Male,60+,Latino / Hispanic,500,yes
phony parrotfish,pid_1452,Male,45-59,White / Caucasian,500,yes
phony parrotfish,pid_1455,Female,18-29,Black / African-American,500,yes
phony parrotfish,pid_1457,Female,60+,White / Caucasian,500,yes
phony parrotfish,pid_1458,Male,60+,White / Caucasian,500,yes
phony parrotfish,pid_1460,Male,18-29,White / Caucasian,500,yes
phony parrotfish,pid_1463,Male,30-44,Black / African-American,500,yes
phony parrotfish,pid_1465,Male,18-29,White / Caucasian,500,yes
phony parrotfish,pid_1471,Male,30-44,White / Caucasian,500,yes
phony parrotfish,pid_1473,Female,30-44,Black / African-American,500,yes
phony parrotfish,pid_1474,Female,45-59,White / Caucasian,500,yes
phony parrotfish,pid_1477,Male,18-29,Latino / Hispanic,500,yes
phony parrotfish,pid_1487,Female,18-29,White / Caucasian,500,yes
phony parrotfish,pid_1499,Male,60+,Black / African-American,500,yes
phony parrotfish,pid_1502,Male,30-44,Latino / Hispanic,500,yes
phony parrotfish,pid_1503,Male,45-59,White / Caucasian,500,yes
phony parrotfish,pid_1512,Female,60+,White / Caucasian,500,yes
phony parrotfish,pid_1516,Male,60+,White / Caucasian,500,yes
phony parrotfish,pid_1522,Male,30-44,Latino / Hispanic,500,yes
phony parrotfish,pid_1526,Male,18-29,Latino / Hispanic,500,yes
phony parrotfish,pid_1531,Female,60+,White / Caucasian,500,yes
phony parrotfish,pid_1534,Male,45-59,Black / African-American,500,yes
phony parrotfish,pid_1539,Female,18-29,White / Caucasian,500,yes
phony parrotfish,pid_1544,Female,30-44,Latino / Hispanic,500,yes
phony parrotfish,pid_1546,Female,30-44,Latino / Hispanic,500,yes
phony parrotfish,pid_1548,Female,18-29,Black / African-American,500,yes
phony parrotfish,pid_1554,Male,60+,Latino / Hispanic,500,yes
phony parrotfish,pid_1563,Female,45-59,Latino / Hispanic,500,yes
phony parrotfish,pid_1566,Male,18-29,Latino / Hispanic,500,yes
phony parrotfish,pid_1571,Male,30-44,White / Caucasian,500,yes
phony parrotfish,pid_1581,Female,30-44,Black / African-American,500,yes
phony parrotfish,pid_1583,Male,18-29,Other,500,yes
phony parrotfish,pid_1584,Female,30-44,Asian / Asian-American,500,yes
phony parrotfish,pid_1586,Male,30-44,White / Caucasian,500,yes
phony parrotfish,pid_1588,Male,45-59,Asian / Asian-American,500,yes
phony parrotfish,pid_1590,Male,30-44,Latino / Hispanic,500,yes
phony parrotfish,pid_1596,Female,18-29,Latino / Hispanic,500,yes
phony parrotfish,pid_1598,Male,18-29,White / Caucasian,500,yes
phony parrotfish,pid_1604,Female,60+,Latino / Hispanic,500,yes
phony parrotfish,pid_1605,Female,30-44,White / Caucasian,500,yes
phony parrotfish,pid_1625,Male,30-44,Latino / Hispanic,500,yes
phony parrotfish,pid_1643,Female,45-59,White / Caucasian,500,yes
phony parrotfish,pid_1645,Male,45-59,Asian / Asian-American,500,yes
phony parrotfish,pid_1649,Female,30-44,White / Caucasian,500,yes
phony parrotfish,pid_1653,Male,18-29,White / Caucasian,500,yes
phony parrotfish,pid_1656,Male,60+,White / Caucasian,500,yes
phony parrotfish,pid_1657,Male,30-44,White / Caucasian,500,yes
phony parrotfish,pid_1660,Female,18-29,Asian / Asian-American,500,yes
phony parrotfish,pid_1663,Female,30-44,White / Caucasian,500,yes
phony parrotfish,pid_1667,Female,18-29,White / Caucasian,500,yes
phony parrotfish,pid_1670,Female,18-29,Latino / Hispanic,500,yes
phony parrotfish,pid_1676,Female,18-29,Asian / Asian-American,500,yes
phony parrotfish,pid_1680,Male,60+,White / Caucasian,500,yes
phony parrotfish,pid_1681,Female,45-59,Latino / Hispanic,500,yes
phony parrotfish,pid_1684,Male,60+,White / Caucasian,500,yes
phony parrotfish,pid_1687,Female,30-44,Latino / Hispanic,500,yes
phony parrotfish,pid_1689,Female,60+,White / Caucasian,500,yes
phony parrotfish,pid_1697,Male,45-59,Black / African-American,500,yes
phony parrotfish,pid_1704,Male,30-44,White / Caucasian,500,yes
phony parrotfish,pid_1712,Female,30-44,White / Caucasian,500,yes
phony parrotfish,pid_1717,Male,60+,White / Caucasian,500,yes
phony parrotfish,pid_1721,Female,45-59,White / Caucasian,500,yes
phony parrotfish,pid_1726,Female,45-59,Latino / Hispanic,500,yes
phony parrotfish,pid_1728,Female,30-44,White / Caucasian,500,yes
phony parrotfish,pid_1740,Female,45-59,White / Caucasian,500,yes
phony parrotfish,pid_1741,Male,18-29,Other,500,yes
phony parrotfish,pid_1743,Male,30-44,White / Caucasian,500,yes
phony parrotfish,pid_1751,Female,45-59,White / Caucasian,500,yes
phony parrotfish,pid_1757,Female,60+,White / Caucasian,500,yes
phony parrotfish,pid_1763,Female,45-59,Latino / Hispanic,500,yes
phony parrotfish,pid_1772,Female,60+,Asian / Asian-American,500,yes
phony parrotfish,pid_1773,Male,18-29,Latino / Hispanic,500,yes
phony parrotfish,pid_1775,Male,45-59,White / Caucasian,500,yes
phony parrotfish,pid_1779,Male,30-44,Other,500,yes
phony parrotfish,pid_1780,Male,30-44,Latino / Hispanic,500,yes
phony parrotfish,pid_1782,Male,30-44,White / Caucasian,500,yes
phony parrotfish,pid_1790,Female,30-44,Black / African-American,500,yes
phony parrotfish,pid_1791,Female,60+,Asian / Asian-American,500,yes
phony parrotfish,pid_1793,Female,60+,Asian / Asian-American,500,yes
phony parrotfish,pid_1803,Female,60+,White / Caucasian,500,yes
phony parrotfish,pid_1805,Male,30-44,Black / African-American,500,yes
phony parrotfish,pid_1806,Female,60+,White / Caucasian,500,yes
phony parrotfish,pid_1809,Male,18-29,White / Caucasian,500,yes
phony parrotfish,pid_1811,Female,45-59,White / Caucasian,500,yes
phony parrotfish,pid_1814,Female,18-29,White / Caucasian,500,yes
phony parrotfish,pid_1815,Female,60+,Black / African-American,500,yes
phony parrotfish,pid_1819,Male,30-44,White / Caucasian,500,yes
phony parrotfish,pid_1820,Female,30-44,White / Caucasian,500,yes
phony parrotfish,pid_1822,Female,60+,White / Caucasian,500,yes
phony parrotfish,pid_1824,Male,18-29,Latino / Hispanic,500,yes
phony parrotfish,pid_1829,Female,18-29,White / Caucasian,500,yes
phony parrotfish,pid_1833,Female,18-29,Latino / Hispanic,500,yes
phony parrotfish,pid_1837,Male,18-29,Latino / Hispanic,500,yes
phony parrotfish,pid_1840,Female,30-44,Latino / Hispanic,500,yes
phony parrotfish,pid_1843,Male,30-44,White / Caucasian,500,yes
phony parrotfish,pid_1846,Female,60+,White / Caucasian,500,yes
phony parrotfish,pid_1847,Male,45-59,Asian / Asian-American,500,yes
phony parrotfish,pid_1853,Male,18-29,Latino / Hispanic,500,yes
phony parrotfish,pid_1857,Male,45-59,White / Caucasian,500,yes
phony parrotfish,pid_1866,Female,45-59,White / Caucasian,500,yes
phony parrotfish,pid_1870,Female,45-59,White / Caucasian,500,yes
phony parrotfish,pid_1872,Male,45-59,White / Caucasian,500,yes
phony parrotfish,pid_1877,Female,30-44,White / Caucasian,500,yes
phony parrotfish,pid_1878,Male,45-59,White / Caucasian,500,yes
phony parrotfish,pid_1884,Male,60+,White / Caucasian,500,yes
phony parrotfish,pid_1886,Male,18-29,White / Caucasian,500,yes
phony parrotfish,pid_1889,Male,30-44,White / Caucasian,500,yes
phony parrotfish,pid_1890,Male,30-44,White / Caucasian,500,yes
phony parrotfish,pid_1893,Female,18-29,Latino / Hispanic,500,yes
phony parrotfish,pid_1901,Female,30-44,White / Caucasian,500,yes
phony parrotfish,pid_1904,Male,30-44,White / Caucasian,500,yes
phony parrotfish,pid_1908,Female,45-59,White / Caucasian,500,yes
phony parrotfish,pid_1909,Female,60+,Latino / Hispanic,500,yes
phony parrotfish,pid_1912,Male,30-44,Asian / Asian-American,500,yes
phony parrotfish,pid_1913,Female,30-44,Other,500,yes
phony parrotfish,pid_1917,Female,18-29,White / Caucasian,500,yes
phony parrotfish,pid_1919,Male,45-59,White / Caucasian,500,yes
phony parrotfish,pid_1929,Female,60+,White / Caucasian,500,yes
phony parrotfish,pid_1931,Male,60+,White / Caucasian,500,yes
phony parrotfish,pid_1933,Female,18-29,White / Caucasian,500,yes
phony parrotfish,pid_1937,Female,18-29,Other,500,yes
phony parrotfish,pid_1945,Female,30-44,White / Caucasian,500,yes
phony parrotfish,pid_1952,Male,45-59,White / Caucasian,500,yes
phony parrotfish,pid_1953,Male,45-59,White / Caucasian,500,yes
phony parrotfish,pid_1961,Female,60+,Other,500,yes
phony parrotfish,pid_1963,Male,30-44,White / Caucasian,500,yes
phony parrotfish,pid_1966,Female,18-29,Latino / Hispanic,500,yes
phony parrotfish,pid_1972,Male,18-29,Black / African-American,500,yes
phony parrotfish,pid_1973,Female,18-29,Latino / Hispanic,500,yes
phony parrotfish,pid_1978,Male,30-44,White / Caucasian,500,yes
phony parrotfish,pid_1981,Female,18-29,White / Caucasian,500,yes
phony parrotfish,pid_1982,Male,45-59,White / Caucasian,500,yes
phony parrotfish,pid_1985,Male,18-29,Black / African-American,500,yes
phony parrotfish,pid_1988,Female,30-44,White / Caucasian,500,yes
phony parrotfish,pid_1989,Female,30-44,White / Caucasian,500,yes
phony parrotfish,pid_1997,Female,30-44,White / Caucasian,500,yes
phony parrotfish,pid_1998,Female,60+,White / Caucasian,500,yes
phony parrotfish,pid_1999,Female,30-44,White / Caucasian,500,yes
phony parrotfish,pid_2000,Male,60+,White / Caucasian,500,yes
phony parrotfish,pid_2003,Male,18-29,White / Caucasian,500,yes
phony parrotfish,pid_2005,Male,45-59,White / Caucasian,500,yes
phony parrotfish,pid_2006,Male,45-59,White / Caucasian,500,yes
phony parrotfish,pid_2008,Female,45-59,Asian / Asian-American,500,yes
phony parrotfish,pid_2010,Female,45-59,White / Caucasian,500,yes
phony parrotfish,pid_2021,Female,45-59,White / Caucasian,500,yes
phony parrotfish,pid_2022,Female,60+,Black / African-American,500,yes
phony parrotfish,pid_2025,Male,60+,White / Caucasian,500,yes
phony parrotfish,pid_2026,Male,45-59,White / Caucasian,500,yes
phony parrotfish,pid_2030,Female,60+,White / Caucasian,500,yes
phony parrotfish,pid_2034,Male,45-59,White / Caucasian,500,yes
phony parrotfish,pid_2041,Male,60+,White / Caucasian,500,yes
phony parrotfish,pid_2046,Male,18-29,Latino / Hispanic,500,yes
phony parrotfish,pid_2049,Female,18-29,Black / African-American,500,yes
phony parrotfish,pid_2052,Male,18-29,White / Caucasian,500,yes
phony parrotfish,pid_2054,Female,30-44,Black / African-American,500,yes
practical planarian,pid_14,Female,45-59,White / Caucasian,500,yes
practical planarian,pid_15,Male,60+,White / Caucasian,500,yes
practical planarian,pid_23,Male,45-59,White / Caucasian,500,yes
practical planarian,pid_29,Female,60+,White / Caucasian,500,yes
practical planarian,pid_32,Male,30-44,Latino / Hispanic,500,yes
practical planarian,pid_35,Female,30-44,White / Caucasian,500,yes
practical planarian,pid_43,Male,18-29,Black / African-American,500,yes
practical planarian,pid_57,Male,45-59,Black / African-American,500,yes
practical planarian,pid_59,Male,45-59,White / Caucasian,500,yes
practical planarian,pid_62,Male,45-59,White / Caucasian,500,yes
practical planarian,pid_65,Female,45-59,Latino / Hispanic,500,yes
practical planarian,pid_71,Male,60+,Latino / Hispanic,500,yes
practical planarian,pid_72,Male,45-59,White / Caucasian,500,yes
practical planarian,pid_75,Female,45-59,White / Caucasian,500,yes
practical planarian,pid_76,Female,60+,White / Caucasian,500,yes
practical planarian,pid_81,Male,60+,White / Caucasian,500,yes
practical planarian,pid_83,Female,60+,White / Caucasian,500,yes
practical planarian,pid_84,Female,60+,White / Caucasian,500,yes
practical planarian,pid_91,Female,60+,White / Caucasian,500,yes
practical planarian,pid_95,Female,60+,White / Caucasian,500,yes
practical planarian,pid_99,Male,30-44,Other,500,yes
practical planarian,pid_102,Male,45-59,Black / African-American,500,yes
practical planarian,pid_104,Male,30-44,White / Caucasian,500,yes
practical planarian,pid_107,Male,45-59,White / Caucasian,500,yes
practical planarian,pid_115,Female,60+,Asian / Asian-American,500,yes
practical planarian,pid_118,Male,60+,White / Caucasian,500,yes
practical planarian,pid_122,Female,60+,White / Caucasian,500,yes
practical planarian,pid_123,Male,60+,White / Caucasian,500,yes
practical planarian,pid_129,Female,30-44,Asian / Asian-American,500,yes
practical planarian,pid_133,Female,60+,Latino / Hispanic,500,yes
practical planarian,pid_160,Male,60+,White / Caucasian,500,yes
practical planarian,pid_163,Male,45-59,White / Caucasian,500,yes
practical planarian,pid_165,Male,45-59,Latino / Hispanic,500,yes
practical planarian,pid_167,Female,60+,White / Caucasian,500,yes
practical planarian,pid_173,Female,30-44,White / Caucasian,500,yes
practical planarian,pid_174,Female,60+,White / Caucasian,500,yes
practical planarian,pid_180,Female,60+,Black / African-American,500,yes
practical planarian,pid_182,Female,60+,White / Caucasian,500,yes
practical planarian,pid_186,Female,18-29,Black / African-American,500,yes
practical planarian,pid_189,Female,45-59,White / Caucasian,500,yes
practical planarian,pid_198,Female,30-44,White / Caucasian,500,yes
practical planarian,pid_204,Female,60+,White / Caucasian,500,yes
practical planarian,pid_207,Female,45-59,Black / African-American,500,yes
practical planarian,pid_217,Male,60+,White / Caucasian,500,yes
practical planarian,pid_223,Male,60+,Black / African-American,500,yes
practical planarian,pid_245,Female,30-44,White / Caucasian,500,yes
practical planarian,pid_248,Male,45-59,White / Caucasian,500,yes
practical planarian,pid_253,Female,60+,White / Caucasian,500,yes
practical planarian,pid_258,Male,60+,White / Caucasian,500,yes
practical planarian,pid_262,Male,60+,White / Caucasian,500,yes
practical planarian,pid_263,Female,45-59,White / Caucasian,500,yes
practical planarian,pid_265,Female,60+,Black / African-American,500,yes
practical planarian,pid_268,Male,60+,White / Caucasian,500,yes
practical planarian,pid_273,Male,60+,Latino / Hispanic,500,yes
practical planarian,pid_276,Male,60+,White / Caucasian,500,yes
practical planarian,pid_278,Male,60+,White / Caucasian,500,yes
practical planarian,pid_282,Male,18-29,White / Caucasian,500,yes
practical planarian,pid_283,Female,60+,White / Caucasian,500,yes
practical planarian,pid_285,Male,45-59,White / Caucasian,500,yes
practical planarian,pid_289,Male,30-44,White / Caucasian,500,yes
practical planarian,pid_290,Male,30-44,Latino / Hispanic,500,yes
practical planarian,pid_294,Male,60+,Black / African-American,500,yes
practical planarian,pid_296,Female,30-44,Latino / Hispanic,500,yes
practical planarian,pid_303,Female,60+,Black / African-American,500,yes
practical planarian,pid_305,Male,18-29,Latino / Hispanic,500,yes
practical planarian,pid_315,Male,18-29,White / Caucasian,500,yes
practical planarian,pid_318,Female,45-59,White / Caucasian,500,yes
practical planarian,pid_329,Male,60+,White / Caucasian,500,yes
practical planarian,pid_333,Female,60+,White / Caucasian,500,yes
practical planarian,pid_336,Female,30-44,Latino / Hispanic,500,yes
practical planarian,pid_337,Male,60+,White / Caucasian,500,yes
practical planarian,pid_339,Male,45-59,Black / African-American,500,yes
practical planarian,pid_345,Male,45-59,White / Caucasian,500,yes
practical planarian,pid_348,Female,45-59,Black / African-American,500,yes
practical planarian,pid_350,Male,45-59,Latino / Hispanic,500,yes
practical planarian,pid_353,Male,45-59,Latino / Hispanic,500,yes
practical planarian,pid_363,Male,30-44,White / Caucasian,500,yes
practical planarian,pid_366,Female,60+,White / Caucasian,500,yes
practical planarian,pid_368,Female,60+,White / Caucasian,500,yes
practical planarian,pid_369,Female,45-59,White / Caucasian,500,yes
practical planarian,pid_371,Female,45-59,White / Caucasian,500,yes
practical planarian,pid_373,Female,60+,White / Caucasian,500,yes
practical planarian,pid_376,Male,60+,Black / African-American,500,yes
practical planarian,pid_378,Female,30-44,Asian / Asian-American,500,yes
practical planarian,pid_379,Male,60+,Other,500,yes
practical planarian,pid_384,Female,60+,Black / African-American,500,yes
practical planarian,pid_391,Male,60+,White / Caucasian,500,yes
practical planarian,pid_393,Male,60+,Latino / Hispanic,500,yes
practical planarian,pid_398,Female,60+,Latino / Hispanic,500,yes
practical planarian,pid_402,Female,60+,Asian / Asian-American,500,yes
practical planarian,pid_403,Male,30-44,Black / African-American,500,yes
practical planarian,pid_406,Male,18-29,White / Caucasian,500,yes
practical planarian,pid_407,Male,60+,Latino / Hispanic,500,yes
practical planarian,pid_411,Male,45-59,White / Caucasian,500,yes
practical planarian,pid_412,Male,45-59,White / Caucasian,500,yes
practical planarian,pid_425,Male,45-59,White / Caucasian,500,yes
practical planarian,pid_443,Male,30-44,Black / African-American,500,yes
practical planarian,pid_445,Male,45-59,White / Caucasian,500,yes
practical planarian,pid_447,Male,60+,Asian / Asian-American,500,yes
practical planarian,pid_450,Female,45-59,White / Caucasian,500,yes
practical planarian,pid_451,Female,60+,White / Caucasian,500,yes
practical planarian,pid_453,Male,18-29,Black / African-American,500,yes
practical planarian,pid_455,Female,45-59,Asian / Asian-American,500,yes
practical planarian,pid_456,Female,45-59,White / Caucasian,500,yes
practical planarian,pid_459,Female,60+,White / Caucasian,500,yes
practical planarian,pid_460,Male,45-59,White / Caucasian,500,yes
practical planarian,pid_461,Male,60+,White / Caucasian,500,yes
practical planarian,pid_462,Female,60+,White / Caucasian,500,yes
practical planarian,pid_463,Female,18-29,White / Caucasian,500,yes
practical planarian,pid_464,Female,18-29,Latino / Hispanic,500,yes
practical planarian,pid_467,Female,18-29,White / Caucasian,500,yes
practical planarian,pid_469,Female,45-59,Black / African-American,500,yes
practical planarian,pid_470,Male,18-29,Latino / Hispanic,500,yes
practical planarian,pid_474,Female,45-59,Black / African-American,500,yes
practical planarian,pid_475,Male,18-29,White / Caucasian,500,yes
practical planarian,pid_478,Male,60+,White / Caucasian,500,yes
practical planarian,pid_487,Female,18-29,Black / African-American,500,yes
practical planarian,pid_491,Male,30-44,White / Caucasian,500,yes
practical planarian,pid_492,Female,60+,White / Caucasian,500,yes
practical planarian,pid_502,Female,60+,White / Caucasian,500,yes
practical planarian,pid_507,Male,60+,Black / African-American,500,yes
practical planarian,pid_509,Female,45-59,White / Caucasian,500,yes
practical planarian,pid_511,Male,60+,White / Caucasian,500,yes
practical planarian,pid_512,Female,18-29,White / Caucasian,500,yes
practical planarian,pid_513,Male,60+,Asian / Asian-American,500,yes
practical planarian,pid_517,Female,18-29,Latino / Hispanic,500,yes
practical planarian,pid_520,Male,60+,White / Caucasian,500,yes
practical planarian,pid_521,Female,60+,Black / African-American,500,yes
practical planarian,pid_525,Male,30-44,Asian / Asian-American,500,yes
practical planarian,pid_528,Female,30-44,White / Caucasian,500,yes
practical planarian,pid_541,Male,30-44,Latino / Hispanic,500,yes
practical planarian,pid_542,Female,45-59,White / Caucasian,500,yes
practical planarian,pid_559,Female,30-44,White / Caucasian,500,yes
practical planarian,pid_563,Male,30-44,White / Caucasian,500,yes
practical planarian,pid_566,Female,18-29,Black / African-American,500,yes
practical planarian,pid_569,Male,60+,Latino / Hispanic,500,yes
practical planarian,pid_577,Female,18-29,Black / African-American,500,yes
practical planarian,pid_578,Female,60+,White / Caucasian,500,yes
practical planarian,pid_582,Male,30-44,Latino / Hispanic,500,yes
practical planarian,pid_585,Male,60+,Asian / Asian-American,500,yes
practical planarian,pid_586,Female,45-59,White / Caucasian,500,yes
practical planarian,pid_607,Male,30-44,Black / African-American,500,yes
practical planarian,pid_609,Female,60+,White / Caucasian,500,yes
practical planarian,pid_610,Male,60+,White / Caucasian,500,yes
practical planarian,pid_628,Male,18-29,Black / African-American,500,yes
practical planarian,pid_629,Male,18-29,White / Caucasian,500,yes
practical planarian,pid_636,Female,18-29,White / Caucasian,500,yes
practical planarian,pid_653,Male,18-29,Latino / Hispanic,500,yes
practical planarian,pid_654,Male,45-59,Black / African-American,500,yes
practical planarian,pid_667,Male,45-59,White / Caucasian,500,yes
practical planarian,pid_676,Female,45-59,Latino / Hispanic,500,yes
practical planarian,pid_679,Male,18-29,White / Caucasian,500,yes
practical planarian,pid_684,Female,18-29,White / Caucasian,500,yes
practical planarian,pid_687,Female,18-29,White / Caucasian,500,yes
practical planarian,pid_691,Female,60+,Black / African-American,500,yes
practical planarian,pid_695,Female,18-29,White / Caucasian,500,yes
practical planarian,pid_708,Female,60+,White / Caucasian,500,yes
practical planarian,pid_714,Female,45-59,Asian / Asian-American,500,yes
practical planarian,pid_715,Female,30-44,White / Caucasian,500,yes
practical planarian,pid_716,Male,18-29,Black / African-American,500,yes
practical planarian,pid_717,Female,60+,White / Caucasian,500,yes
practical planarian,pid_718,Female,60+,White / Caucasian,500,yes
practical planarian,pid_721,Male,45-59,Asian / Asian-American,500,yes
practical planarian,pid_732,Male,60+,White / Caucasian,500,yes
practical planarian,pid_736,Female,60+,White / Caucasian,500,yes
practical planarian,pid_738,Female,30-44,White / Caucasian,500,yes
practical planarian,pid_744,Male,60+,White / Caucasian,500,yes
practical planarian,pid_753,Male,30-44,Latino / Hispanic,500,yes
practical planarian,pid_757,Female,18-29,White / Caucasian,500,yes
practical planarian,pid_758,Female,60+,Black / African-American,500,yes
practical planarian,pid_761,Female,30-44,White / Caucasian,500,yes
practical planarian,pid_764,Male,18-29,White / Caucasian,500,yes
practical planarian,pid_767,Female,45-59,White / Caucasian,500,yes
practical planarian,pid_773,Female,30-44,Latino / Hispanic,500,yes
practical planarian,pid_774,Male,60+,White / Caucasian,500,yes
practical planarian,pid_788,Male,45-59,White / Caucasian,500,yes
practical planarian,pid_792,Female,45-59,White / Caucasian,500,yes
practical planarian,pid_797,Female,30-44,Latino / Hispanic,500,yes
practical planarian,pid_800,Female,60+,Latino / Hispanic,500,yes
practical planarian,pid_804,Female,30-44,White / Caucasian,500,yes
practical planarian,pid_805,Female,30-44,White / Caucasian,500,yes
practical planarian,pid_808,Male,30-44,Asian / Asian-American,500,yes
practical planarian,pid_814,Male,30-44,White / Caucasian,500,yes
practical planarian,pid_822,Male,45-59,Latino / Hispanic,500,yes
practical planarian,pid_824,Male,60+,White / Caucasian,500,yes
practical planarian,pid_839,Male,45-59,Black / African-American,500,yes
practical planarian,pid_845,Female,60+,White / Caucasian,500,yes
practical planarian,pid_846,Female,18-29,White / Caucasian,500,yes
practical planarian,pid_847,Male,60+,White / Caucasian,500,yes
practical planarian,pid_857,Female,60+,White / Caucasian,500,yes
practical planarian,pid_860,Female,60+,White / Caucasian,500,yes
practical planarian,pid_861,Male,60+,White / Caucasian,500,yes
practical planarian,pid_863,Male,60+,Latino / Hispanic,500,yes
practical planarian,pid_869,Female,45-59,White / Caucasian,500,yes
practical planarian,pid_871,Female,60+,Latino / Hispanic,500,yes
practical planarian,pid_872,Male,45-59,Black / African-American,500,yes
practical planarian,pid_881,Male,18-29,White / Caucasian,500,yes
practical planarian,pid_882,Male,30-44,Latino / Hispanic,500,yes
practical planarian,pid_883,Male,18-29,White / Caucasian,500,yes
practical planarian,pid_895,Female,30-44,Asian / Asian-American,500,yes
practical planarian,pid_897,Male,60+,White / Caucasian,500,yes
practical planarian,pid_900,Female,60+,White / Caucasian,500,yes
practical planarian,pid_903,Female,18-29,Latino / Hispanic,500,yes
practical planarian,pid_904,Male,18-29,White / Caucasian,500,yes
practical planarian,pid_910,Male,45-59,White / Caucasian,500,yes
practical planarian,pid_913,Female,18-29,White / Caucasian,500,yes
practical planarian,pid_914,Male,60+,Latino / Hispanic,500,yes
practical planarian,pid_916,Male,60+,White / Caucasian,500,yes
practical planarian,pid_917,Male,30-44,White / Caucasian,500,yes
practical planarian,pid_920,Male,60+,Black / African-American,500,yes
practical planarian,pid_921,Female,30-44,Latino / Hispanic,500,yes
practical planarian,pid_924,Male,30-44,White / Caucasian,500,yes
practical planarian,pid_926,Female,60+,White / Caucasian,500,yes
practical planarian,pid_933,Female,60+,Other,500,yes
practical planarian,pid_935,Male,30-44,White / Caucasian,500,yes
practical planarian,pid_939,Female,60+,Latino / Hispanic,500,yes
practical planarian,pid_940,Male,18-29,White / Caucasian,500,yes
practical planarian,pid_945,Female,30-44,White / Caucasian,500,yes
practical planarian,pid_946,Female,45-59,Asian / Asian-American,500,yes
practical planarian,pid_949,Male,60+,White / Caucasian,500,yes
practical planarian,pid_950,Male,30-44,Latino / Hispanic,500,yes
practical planarian,pid_951,Female,45-59,Latino / Hispanic,500,yes
practical planarian,pid_954,Female,18-29,Latino / Hispanic,500,yes
practical planarian,pid_955,Female,60+,White / Caucasian,500,yes
practical planarian,pid_957,Female,30-44,Latino / Hispanic,500,yes
practical planarian,pid_958,Female,60+,White / Caucasian,500,yes
practical planarian,pid_961,Female,30-44,Black / African-American,500,yes
practical planarian,pid_969,Female,45-59,White / Caucasian,500,yes
practical planarian,pid_970,Male,60+,Latino / Hispanic,500,yes
practical planarian,pid_976,Female,45-59,White / Caucasian,500,yes
practical planarian,pid_983,Male,45-59,White / Caucasian,500,yes
practical planarian,pid_1001,Male,18-29,Latino / Hispanic,500,yes
practical planarian,pid_1003,Female,60+,White / Caucasian,500,yes
practical planarian,pid_1007,Male,30-44,Black / African-American,500,yes
practical planarian,pid_1010,Female,60+,Latino / Hispanic,500,yes
practical planarian,pid_1011,Female,30-44,Other,500,yes
practical planarian,pid_1016,Female,18-29,White / Caucasian,500,yes
practical planarian,pid_1018,Female,18-29,Other,500,yes
practical planarian,pid_1019,Female,45-59,Latino / Hispanic,500,yes
practical planarian,pid_1030,Female,45-59,Other,500,yes
practical planarian,pid_1037,Female,18-29,White / Caucasian,500,yes
practical planarian,pid_1041,Male,45-59,White / Caucasian,500,yes
practical planarian,pid_1043,Female,30-44,White / Caucasian,500,yes
practical planarian,pid_1044,Female,45-59,White / Caucasian,500,yes
practical planarian,pid_1047,Female,60+,White / Caucasian,500,yes
practical planarian,pid_1048,Male,30-44,White / Caucasian,500,yes
practical planarian,pid_1051,Male,18-29,Latino / Hispanic,500,yes
practical planarian,pid_1054,Male,60+,White / Caucasian,500,yes
practical planarian,pid_1060,Male,30-44,Black / African-American,500,yes
practical planarian,pid_1063,Female,18-29,Asian / Asian-American,500,yes
practical planarian,pid_1064,Male,18-29,White / Caucasian,500,yes
practical planarian,pid_1072,Male,18-29,Latino / Hispanic,500,yes
practical planarian,pid_1082,Female,45-59,Black / African-American,500,yes
practical planarian,pid_1089,Female,60+,White / Caucasian,500,yes
practical planarian,pid_1094,Female,30-44,White / Caucasian,500,yes
practical planarian,pid_1097,Female,60+,Latino / Hispanic,500,yes
practical planarian,pid_1100,Male,30-44,White / Caucasian,500,yes
practical planarian,pid_1109,Male,45-59,White / Caucasian,500,yes
practical planarian,pid_1114,Male,45-59,Other,500,yes
practical planarian,pid_1115,Female,45-59,White / Caucasian,500,yes
practical planarian,pid_1116,Male,18-29,White / Caucasian,500,yes
practical planarian,pid_1124,Female,30-44,Black / African-American,500,yes
practical planarian,pid_1125,Male,30-44,Asian / Asian-American,500,yes
practical planarian,pid_1131,Male,45-59,White / Caucasian,500,yes
practical planarian,pid_1132,Female,45-59,Latino / Hispanic,500,yes
practical planarian,pid_1135,Male,45-59,White / Caucasian,500,yes
practical planarian,pid_1137,Male,60+,Asian / Asian-American,500,yes
practical planarian,pid_1138,Male,30-44,White / Caucasian,500,yes
practical planarian,pid_1144,Male,60+,White / Caucasian,500,yes
practical planarian,pid_1145,Female,30-44,Asian / Asian-American,500,yes
practical planarian,pid_1147,Male,30-44,White / Caucasian,500,yes
practical planarian,pid_1148,Female,30-44,Latino / Hispanic,500,yes
practical planarian,pid_1153,Female,30-44,White / Caucasian,500,yes
practical planarian,pid_1157,Female,45-59,White / Caucasian,500,yes
practical planarian,pid_1159,Female,60+,White / Caucasian,500,yes
practical planarian,pid_1168,Male,45-59,White / Caucasian,500,yes
practical planarian,pid_1174,Female,45-59,White / Caucasian,500,yes
practical planarian,pid_1176,Male,30-44,White / Caucasian,500,yes
practical planarian,pid_1178,Female,18-29,Latino / Hispanic,500,yes
practical planarian,pid_1182,Male,60+,White / Caucasian,500,yes
practical planarian,pid_1183,Female,60+,White / Caucasian,500,yes
practical planarian,pid_1187,Male,18-29,White / Caucasian,500,yes
practical planarian,pid_1188,Male,18-29,Asian / Asian-American,500,yes
practical planarian,pid_1189,Female,30-44,Asian / Asian-American,500,yes
practical planarian,pid_1193,Male,30-44,Latino / Hispanic,500,yes
practical planarian,pid_1194,Male,30-44,White / Caucasian,500,yes
practical planarian,pid_1197,Female,60+,White / Caucasian,500,yes
practical planarian,pid_1199,Male,60+,Black / African-American,500,yes
practical planarian,pid_1202,Male,60+,White / Caucasian,500,yes
practical planarian,pid_1203,Male,18-29,Asian / Asian-American,500,yes
practical planarian,pid_1212,Male,30-44,Latino / Hispanic,500,yes
practical planarian,pid_1217,Female,45-59,Latino / Hispanic,500,yes
practical planarian,pid_1219,Male,60+,White / Caucasian,500,yes
practical planarian,pid_1221,Male,18-29,Latino / Hispanic,500,yes
practical planarian,pid_1225,Male,60+,White / Caucasian,500,yes
practical planarian,pid_1227,Female,30-44,Latino / Hispanic,500,yes
practical planarian,pid_1238,Female,60+,White / Caucasian,500,yes
practical planarian,pid_1240,Male,18-29,White / Caucasian,500,yes
practical planarian,pid_1248,Male,45-59,White / Caucasian,500,yes
practical planarian,pid_1249,Female,45-59,White / Caucasian,500,yes
practical planarian,pid_1253,Female,45-59,Black / African-American,500,yes
practical planarian,pid_1256,Female,30-44,Latino / Hispanic,500,yes
practical planarian,pid_1262,Male,30-44,Latino / Hispanic,500,yes
practical planarian,pid_1273,Male,60+,White / Caucasian,500,yes
practical planarian,pid_1278,Male,30-44,White / Caucasian,500,yes
practical planarian,pid_1286,Male,30-44,White / Caucasian,500,yes
practical planarian,pid_1289,Male,30-44,White / Caucasian,500,yes
practical planarian,pid_1290,Female,30-44,White / Caucasian,500,yes
practical planarian,pid_1299,Female,30-44,White / Caucasian,500,yes
practical planarian,pid_1301,Female,45-59,Black / African-American,500,yes
practical planarian,pid_1302,Male,30-44,Black / African-American,500,yes
practical planarian,pid_1311,Female,30-44,Latino / Hispanic,500,yes
practical planarian,pid_1316,Female,60+,White / Caucasian,500,yes
practical planarian,pid_1317,Female,30-44,Black / African-American,500,yes
practical planarian,pid_1323,Male,60+,White / Caucasian,500,yes
practical planarian,pid_1339,Female,60+,White / Caucasian,500,yes
practical planarian,pid_1343,Male,45-59,White / Caucasian,500,yes
practical planarian,pid_1345,Male,18-29,Asian / Asian-American,500,yes
practical planarian,pid_1350,Male,30-44,Asian / Asian-American,500,yes
practical planarian,pid_1353,Female,45-59,White / Caucasian,500,yes
practical planarian,pid_1362,Male,18-29,White / Caucasian,500,yes
practical planarian,pid_1367,Female,18-29,White / Caucasian,500,yes
practical planarian,pid_1368,Male,30-44,White / Caucasian,500,yes
practical planarian,pid_1369,Male,60+,White / Caucasian,500,yes
practical planarian,pid_1379,Female,30-44,White / Caucasian,500,yes
practical planarian,pid_1380,Female,30-44,White / Caucasian,500,yes
practical planarian,pid_1382,Female,18-29,White / Caucasian,500,yes
practical planarian,pid_1386,Male,30-44,Latino / Hispanic,500,yes
practical planarian,pid_1387,Female,18-29,White / Caucasian,500,yes
practical planarian,pid_1400,Female,18-29,White / Caucasian,500,yes
practical planarian,pid_1403,Female,30-44,Black / African-American,500,yes
practical planarian,pid_1411,Female,60+,White / Caucasian,500,yes
practical planarian,pid_1412,Female,30-44,White / Caucasian,500,yes
practical planarian,pid_1413,Male,30-44,White / Caucasian,500,yes
practical planarian,pid_1416,Male,45-59,White / Caucasian,500,yes
practical planarian,pid_1418,Female,45-59,White / Caucasian,500,yes
practical planarian,pid_1420,Female,45-59,White / Caucasian,500,yes
practical planarian,pid_1423,Male,60+,White / Caucasian,500,yes
practical planarian,pid_1427,Female,60+,White / Caucasian,500,yes
practical planarian,pid_1435,Female,30-44,Black / African-American,500,yes
practical planarian,pid_1439,Male,30-44,Latino / Hispanic,500,yes
practical planarian,pid_1445,Female,18-29,White / Caucasian,500,yes
practical planarian,pid_1446,Female,30-44,White / Caucasian,500,yes
practical planarian,pid_1448,Male,18-29,White / Caucasian,500,yes
practical planarian,pid_1449,Female,18-29,Latino / Hispanic,500,yes
practical planarian,pid_1451,Male,60+,Latino / Hispanic,500,yes
practical planarian,pid_1452,Male,45-59,White / Caucasian,500,yes
practical planarian,pid_1455,Female,18-29,Black / African-American,500,yes
practical planarian,pid_1457,Female,60+,White / Caucasian,500,yes
practical planarian,pid_1458,Male,60+,White / Caucasian,500,yes
practical planarian,pid_1460,Male,18-29,White / Caucasian,500,yes
practical planarian,pid_1463,Male,30-44,Black / African-American,500,yes
practical planarian,pid_1465,Male,18-29,White / Caucasian,500,yes
practical planarian,pid_1471,Male,30-44,White / Caucasian,500,yes
practical planarian,pid_1473,Female,30-44,Black / African-American,500,yes
practical planarian,pid_1474,Female,45-59,White / Caucasian,500,yes
practical planarian,pid_1477,Male,18-29,Latino / Hispanic,500,yes
practical planarian,pid_1487,Female,18-29,White / Caucasian,500,yes
practical planarian,pid_1499,Male,60+,Black / African-American,500,yes
practical planarian,pid_1502,Male,30-44,Latino / Hispanic,500,yes
practical planarian,pid_1503,Male,45-59,White / Caucasian,500,yes
practical planarian,pid_1512,Female,60+,White / Caucasian,500,yes
practical planarian,pid_1516,Male,60+,White / Caucasian,500,yes
practical planarian,pid_1522,Male,30-44,Latino / Hispanic,500,yes
practical planarian,pid_1526,Male,18-29,Latino / Hispanic,500,yes
practical planarian,pid_1531,Female,60+,White / Caucasian,500,yes
practical planarian,pid_1534,Male,45-59,Black / African-American,500,yes
practical planarian,pid_1539,Female,18-29,White / Caucasian,500,yes
practical planarian,pid_1544,Female,30-44,Latino / Hispanic,500,yes
practical planarian,pid_1546,Female,30-44,Latino / Hispanic,500,yes
practical planarian,pid_1548,Female,18-29,Black / African-American,500,yes
practical planarian,pid_1554,Male,60+,Latino / Hispanic,500,yes
practical planarian,pid_1563,Female,45-59,Latino / Hispanic,500,yes
practical planarian,pid_1566,Male,18-29,Latino / Hispanic,500,yes
practical planarian,pid_1571,Male,30-44,White / Caucasian,500,yes
practical planarian,pid_1581,Female,30-44,Black / African-American,500,yes
practical planarian,pid_1583,Male,18-29,Other,500,yes
practical planarian,pid_1584,Female,30-44,Asian / Asian-American,500,yes
practical planarian,pid_1586,Male,30-44,White / Caucasian,500,yes
practical planarian,pid_1588,Male,45-59,Asian / Asian-American,500,yes
practical planarian,pid_1590,Male,30-44,Latino / Hispanic,500,yes
practical planarian,pid_1596,Female,18-29,Latino / Hispanic,500,yes
practical planarian,pid_1598,Male,18-29,White / Caucasian,500,yes
practical planarian,pid_1604,Female,60+,Latino / Hispanic,500,yes
practical planarian,pid_1605,Female,30-44,White / Caucasian,500,yes
practical planarian,pid_1625,Male,30-44,Latino / Hispanic,500,yes
practical planarian,pid_1643,Female,45-59,White / Caucasian,500,yes
practical planarian,pid_1645,Male,45-59,Asian / Asian-American,500,yes
practical planarian,pid_1649,Female,30-44,White / Caucasian,500,yes
practical planarian,pid_1653,Male,18-29,White / Caucasian,500,yes
practical planarian,pid_1656,Male,60+,White / Caucasian,500,yes
practical planarian,pid_1657,Male,30-44,White / Caucasian,500,yes
practical planarian,pid_1660,Female,18-29,Asian / Asian-American,500,yes
practical planarian,pid_1663,Female,30-44,White / Caucasian,500,yes
practical planarian,pid_1667,Female,18-29,White / Caucasian,500,yes
practical planarian,pid_1670,Female,18-29,Latino / Hispanic,500,yes
practical planarian,pid_1676,Female,18-29,Asian / Asian-American,500,yes
practical planarian,pid_1680,Male,60+,White / Caucasian,500,yes
practical planarian,pid_1681,Female,45-59,Latino / Hispanic,500,yes
practical planarian,pid_1684,Male,60+,White / Caucasian,500,yes
practical planarian,pid_1687,Female,30-44,Latino / Hispanic,500,yes
practical planarian,pid_1689,Female,60+,White / Caucasian,500,yes
practical planarian,pid_1697,Male,45-59,Black / African-American,500,yes
practical planarian,pid_1704,Male,30-44,White / Caucasian,500,yes
practical planarian,pid_1712,Female,30-44,White / Caucasian,500,yes
practical planarian,pid_1717,Male,60+,White / Caucasian,500,yes
practical planarian,pid_1721,Female,45-59,White / Caucasian,500,yes
practical planarian,pid_1726,Female,45-59,Latino / Hispanic,500,yes
practical planarian,pid_1728,Female,30-44,White / Caucasian,500,yes
practical planarian,pid_1740,Female,45-59,White / Caucasian,500,yes
practical planarian,pid_1741,Male,18-29,Other,500,yes
practical planarian,pid_1743,Male,30-44,White / Caucasian,500,yes
practical planarian,pid_1751,Female,45-59,White / Caucasian,500,yes
practical planarian,pid_1757,Female,60+,White / Caucasian,500,yes
practical planarian,pid_1763,Female,45-59,Latino / Hispanic,500,yes
practical planarian,pid_1772,Female,60+,Asian / Asian-American,500,yes
practical planarian,pid_1773,Male,18-29,Latino / Hispanic,500,yes
practical planarian,pid_1775,Male,45-59,White / Caucasian,500,yes
practical planarian,pid_1779,Male,30-44,Other,500,yes
practical planarian,pid_1780,Male,30-44,Latino / Hispanic,500,yes
practical planarian,pid_1782,Male,30-44,White / Caucasian,500,yes
practical planarian,pid_1790,Female,30-44,Black / African-American,500,yes
practical planarian,pid_1791,Female,60+,Asian / Asian-American,500,yes
practical planarian,pid_1793,Female,60+,Asian / Asian-American,500,yes
practical planarian,pid_1803,Female,60+,White / Caucasian,500,yes
practical planarian,pid_1805,Male,30-44,Black / African-American,500,yes
practical planarian,pid_1806,Female,60+,White / Caucasian,500,yes
practical planarian,pid_1809,Male,18-29,White / Caucasian,500,yes
practical planarian,pid_1811,Female,45-59,White / Caucasian,500,yes
practical planarian,pid_1814,Female,18-29,White / Caucasian,500,yes
practical planarian,pid_1815,Female,60+,Black / African-American,500,yes
practical planarian,pid_1819,Male,30-44,White / Caucasian,500,yes
practical planarian,pid_1820,Female,30-44,White / Caucasian,500,yes
practical planarian,pid_1822,Female,60+,White / Caucasian,500,yes
practical planarian,pid_1824,Male,18-29,Latino / Hispanic,500,yes
practical planarian,pid_1829,Female,18-29,White / Caucasian,500,yes
practical planarian,pid_1833,Female,18-29,Latino / Hispanic,500,yes
practical planarian,pid_1837,Male,18-29,Latino / Hispanic,500,yes
practical planarian,pid_1840,Female,30-44,Latino / Hispanic,500,yes
practical planarian,pid_1843,Male,30-44,White / Caucasian,500,yes
practical planarian,pid_1846,Female,60+,White / Caucasian,500,yes
practical planarian,pid_1847,Male,45-59,Asian / Asian-American,500,yes
practical planarian,pid_1853,Male,18-29,Latino / Hispanic,500,yes
practical planarian,pid_1857,Male,45-59,White / Caucasian,500,yes
practical planarian,pid_1866,Female,45-59,White / Caucasian,500,yes
practical planarian,pid_1870,Female,45-59,White / Caucasian,500,yes
practical planarian,pid_1872,Male,45-59,White / Caucasian,500,yes
practical planarian,pid_1877,Female,30-44,White / Caucasian,500,yes
practical planarian,pid_1878,Male,45-59,White / Caucasian,500,yes
practical planarian,pid_1884,Male,60+,White / Caucasian,500,yes
practical planarian,pid_1886,Male,18-29,White / Caucasian,500,yes
practical planarian,pid_1889,Male,30-44,White / Caucasian,500,yes
practical planarian,pid_1890,Male,30-44,White / Caucasian,500,yes
practical planarian,pid_1893,Female,18-29,Latino / Hispanic,500,yes
practical planarian,pid_1901,Female,30-44,White / Caucasian,500,yes
practical planarian,pid_1904,Male,30-44,White / Caucasian,500,yes
practical planarian,pid_1908,Female,45-59,White / Caucasian,500,yes
practical planarian,pid_1909,Female,60+,Latino / Hispanic,500,yes
practical planarian,pid_1912,Male,30-44,Asian / Asian-American,500,yes
practical planarian,pid_1913,Female,30-44,Other,500,yes
practical planarian,pid_1917,Female,18-29,White / Caucasian,500,yes
practical planarian,pid_1919,Male,45-59,White / Caucasian,500,yes
practical planarian,pid_1929,Female,60+,White / Caucasian,500,yes
practical planarian,pid_1931,Male,60+,White / Caucasian,500,yes
practical planarian,pid_1933,Female,18-29,White / Caucasian,500,yes
practical planarian,pid_1937,Female,18-29,Other,500,yes
practical planarian,pid_1945,Female,30-44,White / Caucasian,500,yes
practical planarian,pid_1952,Male,45-59,White / Caucasian,500,yes
practical planarian,pid_1953,Male,45-59,White / Caucasian,500,yes
practical planarian,pid_1961,Female,60+,Other,500,yes
practical planarian,pid_1963,Male,30-44,White / Caucasian,500,yes
practical planarian,pid_1966,Female,18-29,Latino / Hispanic,500,yes
practical planarian,pid_1972,Male,18-29,Black / African-American,500,yes
practical planarian,pid_1973,Female,18-29,Latino / Hispanic,500,yes
practical planarian,pid_1978,Male,30-44,White / Caucasian,500,yes
practical planarian,pid_1981,Female,18-29,White / Caucasian,500,yes
practical planarian,pid_1982,Male,45-59,White / Caucasian,500,yes
practical planarian,pid_1985,Male,18-29,Black / African-American,500,yes
practical planarian,pid_1988,Female,30-44,White / Caucasian,500,yes
practical planarian,pid_1989,Female,30-44,White / Caucasian,500,yes
practical planarian,pid_1997,Female,30-44,White / Caucasian,500,yes
practical planarian,pid_1998,Female,60+,White / Caucasian,500,yes
practical planarian,pid_1999,Female,30-44,White / Caucasian,500,yes
practical planarian,pid_2000,Male,60+,White / Caucasian,500,yes
practical planarian,pid_2003,Male,18-29,White / Caucasian,500,yes
practical planarian,pid_2005,Male,45-59,White / Caucasian,500,yes
practical planarian,pid_2006,Male,45-59,White / Caucasian,500,yes
practical planarian,pid_2008,Female,45-59,Asian / Asian-American,500,yes
practical planarian,pid_2010,Female,45-59,White / Caucasian,500,yes
practical planarian,pid_2021,Female,45-59,White / Caucasian,500,yes
practical planarian,pid_2022,Female,60+,Black / African-American,500,yes
practical planarian,pid_2025,Male,60+,White / Caucasian,500,yes
practical planarian,pid_2026,Male,45-59,White / Caucasian,500,yes
practical planarian,pid_2030,Female,60+,White / Caucasian,500,yes
practical planarian,pid_2034,Male,45-59,White / Caucasian,500,yes
practical planarian,pid_2041,Male,60+,White / Caucasian,500,yes
practical planarian,pid_2046,Male,18-29,Latino / Hispanic,500,yes
practical planarian,pid_2049,Female,18-29,Black / African-American,500,yes
practical planarian,pid_2052,Male,18-29,White / Caucasian,500,yes
practical planarian,pid_2054,Female,30-44,Black / African-American,500,yes
worse wildfowl,pid_14,Female,45-59,White / Caucasian,500,yes
worse wildfowl,pid_15,Male,60+,White / Caucasian,500,yes
worse wildfowl,pid_23,Male,45-59,White / Caucasian,500,yes
worse wildfowl,pid_29,Female,60+,White / Caucasian,500,yes
worse wildfowl,pid_32,Male,30-44,Latino / Hispanic,500,yes
worse wildfowl,pid_35,Female,30-44,White / Caucasian,500,yes
worse wildfowl,pid_43,Male,18-29,Black / African-American,500,yes
worse wildfowl,pid_57,Male,45-59,Black / African-American,500,yes
worse wildfowl,pid_59,Male,45-59,White / Caucasian,500,yes
worse wildfowl,pid_62,Male,45-59,White / Caucasian,500,yes
worse wildfowl,pid_65,Female,45-59,Latino / Hispanic,500,yes
worse wildfowl,pid_71,Male,60+,Latino / Hispanic,500,yes
worse wildfowl,pid_72,Male,45-59,White / Caucasian,500,yes
worse wildfowl,pid_75,Female,45-59,White / Caucasian,500,yes
worse wildfowl,pid_76,Female,60+,White / Caucasian,500,yes
worse wildfowl,pid_81,Male,60+,White / Caucasian,500,yes
worse wildfowl,pid_83,Female,60+,White / Caucasian,500,yes
worse wildfowl,pid_84,Female,60+,White / Caucasian,500,yes
worse wildfowl,pid_91,Female,60+,White / Caucasian,500,yes
worse wildfowl,pid_95,Female,60+,White / Caucasian,500,yes
worse wildfowl,pid_99,Male,30-44,Other,500,yes
worse wildfowl,pid_102,Male,45-59,Black / African-American,500,yes
worse wildfowl,pid_104,Male,30-44,White / Caucasian,500,yes
worse wildfowl,pid_107,Male,45-59,White / Caucasian,500,yes
worse wildfowl,pid_115,Female,60+,Asian / Asian-American,500,yes
worse wildfowl,pid_118,Male,60+,White / Caucasian,500,yes
worse wildfowl,pid_122,Female,60+,White / Caucasian,500,yes
worse wildfowl,pid_123,Male,60+,White / Caucasian,500,yes
worse wildfowl,pid_129,Female,30-44,Asian / Asian-American,500,yes
worse wildfowl,pid_133,Female,60+,Latino / Hispanic,500,yes
worse wildfowl,pid_160,Male,60+,White / Caucasian,500,yes
worse wildfowl,pid_163,Male,45-59,White / Caucasian,500,yes
worse wildfowl,pid_165,Male,45-59,Latino / Hispanic,500,yes
worse wildfowl,pid_167,Female,60+,White / Caucasian,500,yes
worse wildfowl,pid_173,Female,30-44,White / Caucasian,500,yes
worse wildfowl,pid_174,Female,60+,White / Caucasian,500,yes
worse wildfowl,pid_180,Female,60+,Black / African-American,500,yes
worse wildfowl,pid_182,Female,60+,White / Caucasian,500,yes
worse wildfowl,pid_186,Female,18-29,Black / African-American,500,yes
worse wildfowl,pid_189,Female,45-59,White / Caucasian,500,yes
worse wildfowl,pid_198,Female,30-44,White / Caucasian,500,yes
worse wildfowl,pid_204,Female,60+,White / Caucasian,500,yes
worse wildfowl,pid_207,Female,45-59,Black / African-American,500,yes
worse wildfowl,pid_217,Male,60+,White / Caucasian,500,yes
worse wildfowl,pid_223,Male,60+,Black / African-American,500,yes
worse wildfowl,pid_245,Female,30-44,White / Caucasian,500,yes
worse wildfowl,pid_248,Male,45-59,White / Caucasian,500,yes
worse wildfowl,pid_253,Female,60+,White / Caucasian,500,yes
worse wildfowl,pid_258,Male,60+,White / Caucasian,500,yes
worse wildfowl,pid_262,Male,60+,White / Caucasian,500,yes
worse wildfowl,pid_263,Female,45-59,White / Caucasian,500,yes
worse wildfowl,pid_265,Female,60+,Black / African-American,500,yes
worse wildfowl,pid_268,Male,60+,White / Caucasian,500,yes
worse wildfowl,pid_273,Male,60+,Latino / Hispanic,500,yes
worse wildfowl,pid_276,Male,60+,White / Caucasian,500,yes
worse wildfowl,pid_278,Male,60+,White / Caucasian,500,yes
worse wildfowl,pid_282,Male,18-29,White / Caucasian,500,yes
worse wildfowl,pid_283,Female,60+,White / Caucasian,500,yes
worse wildfowl,pid_285,Male,45-59,White / Caucasian,500,yes
worse wildfowl,pid_289,Male,30-44,White / Caucasian,500,yes
worse wildfowl,pid_290,Male,30-44,Latino / Hispanic,500,yes
worse wildfowl,pid_294,Male,60+,Black / African-American,500,yes
worse wildfowl,pid_296,Female,30-44,Latino / Hispanic,500,yes
worse wildfowl,pid_303,Female,60+,Black / African-American,500,yes
worse wildfowl,pid_305,Male,18-29,Latino / Hispanic,500,yes
worse wildfowl,pid_315,Male,18-29,White / Caucasian,500,yes
worse wildfowl,pid_318,Female,45-59,White / Caucasian,500,yes
worse wildfowl,pid_329,Male,60+,White / Caucasian,500,yes
worse wildfowl,pid_333,Female,60+,White / Caucasian,500,yes
worse wildfowl,pid_336,Female,30-44,Latino / Hispanic,500,yes
worse wildfowl,pid_337,Male,60+,White / Caucasian,500,yes
worse wildfowl,pid_339,Male,45-59,Black / African-American,500,yes
worse wildfowl,pid_345,Male,45-59,White / Caucasian,500,yes
worse wildfowl,pid_348,Female,45-59,Black / African-American,500,yes
worse wildfowl,pid_350,Male,45-59,Latino / Hispanic,500,yes
worse wildfowl,pid_353,Male,45-59,Latino / Hispanic,500,yes
worse wildfowl,pid_363,Male,30-44,White / Caucasian,500,yes
worse wildfowl,pid_366,Female,60+,White / Caucasian,500,yes
worse wildfowl,pid_368,Female,60+,White / Caucasian,500,yes
worse wildfowl,pid_369,Female,45-59,White / Caucasian,500,yes
worse wildfowl,pid_371,Female,45-59,White / Caucasian,500,yes
worse wildfowl,pid_373,Female,60+,White / Caucasian,500,yes
worse wildfowl,pid_376,Male,60+,Black / African-American,500,yes
worse wildfowl,pid_378,Female,30-44,Asian / Asian-American,500,yes
worse wildfowl,pid_379,Male,60+,Other,500,yes
worse wildfowl,pid_384,Female,60+,Black / African-American,500,yes
worse wildfowl,pid_391,Male,60+,White / Caucasian,500,yes
worse wildfowl,pid_393,Male,60+,Latino / Hispanic,500,yes
worse wildfowl,pid_398,Female,60+,Latino / Hispanic,500,yes
worse wildfowl,pid_402,Female,60+,Asian / Asian-American,500,yes
worse wildfowl,pid_403,Male,30-44,Black / African-American,500,yes
worse wildfowl,pid_406,Male,18-29,White / Caucasian,500,yes
worse wildfowl,pid_407,Male,60+,Latino / Hispanic,500,yes
worse wildfowl,pid_411,Male,45-59,White / Caucasian,500,yes
worse wildfowl,pid_412,Male,45-59,White / Caucasian,500,yes
worse wildfowl,pid_425,Male,45-59,White / Caucasian,500,yes
worse wildfowl,pid_443,Male,30-44,Black / African-American,500,yes
worse wildfowl,pid_445,Male,45-59,White / Caucasian,500,yes
worse wildfowl,pid_447,Male,60+,Asian / Asian-American,500,yes
worse wildfowl,pid_450,Female,45-59,White / Caucasian,500,yes
worse wildfowl,pid_451,Female,60+,White / Caucasian,500,yes
worse wildfowl,pid_453,Male,18-29,Black / African-American,500,yes
worse wildfowl,pid_455,Female,45-59,Asian / Asian-American,500,yes
worse wildfowl,pid_456,Female,45-59,White / Caucasian,500,yes
worse wildfowl,pid_459,Female,60+,White / Caucasian,500,yes
worse wildfowl,pid_460,Male,45-59,White / Caucasian,500,yes
worse wildfowl,pid_461,Male,60+,White / Caucasian,500,yes
worse wildfowl,pid_462,Female,60+,White / Caucasian,500,yes
worse wildfowl,pid_463,Female,18-29,White / Caucasian,500,yes
worse wildfowl,pid_464,Female,18-29,Latino / Hispanic,500,yes
worse wildfowl,pid_467,Female,18-29,White / Caucasian,500,yes
worse wildfowl,pid_469,Female,45-59,Black / African-American,500,yes
worse wildfowl,pid_470,Male,18-29,Latino / Hispanic,500,yes
worse wildfowl,pid_474,Female,45-59,Black / African-American,500,yes
worse wildfowl,pid_475,Male,18-29,White / Caucasian,500,yes
worse wildfowl,pid_478,Male,60+,White / Caucasian,500,yes
worse wildfowl,pid_487,Female,18-29,Black / African-American,500,yes
worse wildfowl,pid_491,Male,30-44,White / Caucasian,500,yes
worse wildfowl,pid_492,Female,60+,White / Caucasian,500,yes
worse wildfowl,pid_502,Female,60+,White / Caucasian,500,yes
worse wildfowl,pid_507,Male,60+,Black / African-American,500,yes
worse wildfowl,pid_509,Female,45-59,White / Caucasian,500,yes
worse wildfowl,pid_511,Male,60+,White / Caucasian,500,yes
worse wildfowl,pid_512,Female,18-29,White / Caucasian,500,yes
worse wildfowl,pid_513,Male,60+,Asian / Asian-American,500,yes
worse wildfowl,pid_517,Female,18-29,Latino / Hispanic,500,yes
worse wildfowl,pid_520,Male,60+,White / Caucasian,500,yes
worse wildfowl,pid_521,Female,60+,Black / African-American,500,yes
worse wildfowl,pid_525,Male,30-44,Asian / Asian-American,500,yes
worse wildfowl,pid_528,Female,30-44,White / Caucasian,500,yes
worse wildfowl,pid_541,Male,30-44,Latino / Hispanic,500,yes
worse wildfowl,pid_542,Female,45-59,White / Caucasian,500,yes
worse wildfowl,pid_559,Female,30-44,White / Caucasian,500,yes
worse wildfowl,pid_563,Male,30-44,White / Caucasian,500,yes
worse wildfowl,pid_566,Female,18-29,Black / African-American,500,yes
worse wildfowl,pid_569,Male,60+,Latino / Hispanic,500,yes
worse wildfowl,pid_577,Female,18-29,Black / African-American,500,yes
worse wildfowl,pid_578,Female,60+,White / Caucasian,500,yes
worse wildfowl,pid_582,Male,30-44,Latino / Hispanic,500,yes
worse wildfowl,pid_585,Male,60+,Asian / Asian-American,500,yes
worse wildfowl,pid_586,Female,45-59,White / Caucasian,500,yes
worse wildfowl,pid_607,Male,30-44,Black / African-American,500,yes
worse wildfowl,pid_609,Female,60+,White / Caucasian,500,yes
worse wildfowl,pid_610,Male,60+,White / Caucasian,500,yes
worse wildfowl,pid_628,Male,18-29,Black / African-American,500,yes
worse wildfowl,pid_629,Male,18-29,White / Caucasian,500,yes
worse wildfowl,pid_636,Female,18-29,White / Caucasian,500,yes
worse wildfowl,pid_653,Male,18-29,Latino / Hispanic,500,yes
worse wildfowl,pid_654,Male,45-59,Black / African-American,500,yes
worse wildfowl,pid_667,Male,45-59,White / Caucasian,500,yes
worse wildfowl,pid_676,Female,45-59,Latino / Hispanic,500,yes
worse wildfowl,pid_679,Male,18-29,White / Caucasian,500,yes
worse wildfowl,pid_684,Female,18-29,White / Caucasian,500,yes
worse wildfowl,pid_687,Female,18-29,White / Caucasian,500,yes
worse wildfowl,pid_691,Female,60+,Black / African-American,500,yes
worse wildfowl,pid_695,Female,18-29,White / Caucasian,500,yes
worse wildfowl,pid_708,Female,60+,White / Caucasian,500,yes
worse wildfowl,pid_714,Female,45-59,Asian / Asian-American,500,yes
worse wildfowl,pid_715,Female,30-44,White / Caucasian,500,yes
worse wildfowl,pid_716,Male,18-29,Black / African-American,500,yes
worse wildfowl,pid_717,Female,60+,White / Caucasian,500,yes
worse wildfowl,pid_718,Female,60+,White / Caucasian,500,yes
worse wildfowl,pid_721,Male,45-59,Asian / Asian-American,500,yes
worse wildfowl,pid_732,Male,60+,White / Caucasian,500,yes
worse wildfowl,pid_736,Female,60+,White / Caucasian,500,yes
worse wildfowl,pid_738,Female,30-44,White / Caucasian,500,yes
worse wildfowl,pid_744,Male,60+,White / Caucasian,500,yes
worse wildfowl,pid_753,Male,30-44,Latino / Hispanic,500,yes
worse wildfowl,pid_757,Female,18-29,White / Caucasian,500,yes
worse wildfowl,pid_758,Female,60+,Black / African-American,500,yes
worse wildfowl,pid_761,Female,30-44,White / Caucasian,500,yes
worse wildfowl,pid_764,Male,18-29,White / Caucasian,500,yes
worse wildfowl,pid_767,Female,45-59,White / Caucasian,500,yes
worse wildfowl,pid_773,Female,30-44,Latino / Hispanic,500,yes
worse wildfowl,pid_774,Male,60+,White / Caucasian,500,yes
worse wildfowl,pid_788,Male,45-59,White / Caucasian,500,yes
worse wildfowl,pid_792,Female,45-59,White / Caucasian,500,yes
worse wildfowl,pid_797,Female,30-44,Latino / Hispanic,500,yes
worse wildfowl,pid_800,Female,60+,Latino / Hispanic,500,yes
worse wildfowl,pid_804,Female,30-44,White / Caucasian,500,yes
worse wildfowl,pid_805,Female,30-44,White / Caucasian,500,yes
worse wildfowl,pid_808,Male,30-44,Asian / Asian-American,500,yes
worse wildfowl,pid_814,Male,30-44,White / Caucasian,500,yes
worse wildfowl,pid_822,Male,45-59,Latino / Hispanic,500,yes
worse wildfowl,pid_824,Male,60+,White / Caucasian,500,yes
worse wildfowl,pid_839,Male,45-59,Black / African-American,500,yes
worse wildfowl,pid_845,Female,60+,White / Caucasian,500,yes
worse wildfowl,pid_846,Female,18-29,White / Caucasian,500,yes
worse wildfowl,pid_847,Male,60+,White / Caucasian,500,yes
worse wildfowl,pid_857,Female,60+,White / Caucasian,500,yes
worse wildfowl,pid_860,Female,60+,White / Caucasian,500,yes
worse wildfowl,pid_861,Male,60+,White / Caucasian,500,yes
worse wildfowl,pid_863,Male,60+,Latino / Hispanic,500,yes
worse wildfowl,pid_869,Female,45-59,White / Caucasian,500,yes
worse wildfowl,pid_871,Female,60+,Latino / Hispanic,500,yes
worse wildfowl,pid_872,Male,45-59,Black / African-American,500,yes
worse wildfowl,pid_881,Male,18-29,White / Caucasian,500,yes
worse wildfowl,pid_882,Male,30-44,Latino / Hispanic,500,yes
worse wildfowl,pid_883,Male,18-29,White / Caucasian,500,yes
worse wildfowl,pid_895,Female,30-44,Asian / Asian-American,500,yes
worse wildfowl,pid_897,Male,60+,White / Caucasian,500,yes
worse wildfowl,pid_900,Female,60+,White / Caucasian,500,yes
worse wildfowl,pid_903,Female,18-29,Latino / Hispanic,500,yes
worse wildfowl,pid_904,Male,18-29,White / Caucasian,500,yes
worse wildfowl,pid_910,Male,45-59,White / Caucasian,500,yes
worse wildfowl,pid_913,Female,18-29,White / Caucasian,500,yes
worse wildfowl,pid_914,Male,60+,Latino / Hispanic,500,yes
worse wildfowl,pid_916,Male,60+,White / Caucasian,500,yes
worse wildfowl,pid_917,Male,30-44,White / Caucasian,500,yes
worse wildfowl,pid_920,Male,60+,Black / African-American,500,yes
worse wildfowl,pid_921,Female,30-44,Latino / Hispanic,500,yes
worse wildfowl,pid_924,Male,30-44,White / Caucasian,500,yes
worse wildfowl,pid_926,Female,60+,White / Caucasian,500,yes
worse wildfowl,pid_933,Female,60+,Other,500,yes
worse wildfowl,pid_935,Male,30-44,White / Caucasian,500,yes
worse wildfowl,pid_939,Female,60+,Latino / Hispanic,500,yes
worse wildfowl,pid_940,Male,18-29,White / Caucasian,500,yes
worse wildfowl,pid_945,Female,30-44,White / Caucasian,500,yes
worse wildfowl,pid_946,Female,45-59,Asian / Asian-American,500,yes
worse wildfowl,pid_949,Male,60+,White / Caucasian,500,yes
worse wildfowl,pid_950,Male,30-44,Latino / Hispanic,500,yes
worse wildfowl,pid_951,Female,45-59,Latino / Hispanic,500,yes
worse wildfowl,pid_954,Female,18-29,Latino / Hispanic,500,yes
worse wildfowl,pid_955,Female,60+,White / Caucasian,500,yes
worse wildfowl,pid_957,Female,30-44,Latino / Hispanic,500,yes
worse wildfowl,pid_958,Female,60+,White / Caucasian,500,yes
worse wildfowl,pid_961,Female,30-44,Black / African-American,500,yes
worse wildfowl,pid_969,Female,45-59,White / Caucasian,500,yes
worse wildfowl,pid_970,Male,60+,Latino / Hispanic,500,yes
worse wildfowl,pid_976,Female,45-59,White / Caucasian,500,yes
worse wildfowl,pid_983,Male,45-59,White / Caucasian,500,yes
worse wildfowl,pid_1001,Male,18-29,Latino / Hispanic,500,yes
worse wildfowl,pid_1003,Female,60+,White / Caucasian,500,yes
worse wildfowl,pid_1007,Male,30-44,Black / African-American,500,yes
worse wildfowl,pid_1010,Female,60+,Latino / Hispanic,500,yes
worse wildfowl,pid_1011,Female,30-44,Other,500,yes
worse wildfowl,pid_1016,Female,18-29,White / Caucasian,500,yes
worse wildfowl,pid_1018,Female,18-29,Other,500,yes
worse wildfowl,pid_1019,Female,45-59,Latino / Hispanic,500,yes
worse wildfowl,pid_1030,Female,45-59,Other,500,yes
worse wildfowl,pid_1037,Female,18-29,White / Caucasian,500,yes
worse wildfowl,pid_1041,Male,45-59,White / Caucasian,500,yes
worse wildfowl,pid_1043,Female,30-44,White / Caucasian,500,yes
worse wildfowl,pid_1044,Female,45-59,White / Caucasian,500,yes
worse wildfowl,pid_1047,Female,60+,White / Caucasian,500,yes
worse wildfowl,pid_1048,Male,30-44,White / Caucasian,500,yes
worse wildfowl,pid_1051,Male,18-29,Latino / Hispanic,500,yes
worse wildfowl,pid_1054,Male,60+,White / Caucasian,500,yes
worse wildfowl,pid_1060,Male,30-44,Black / African-American,500,yes
worse wildfowl,pid_1063,Female,18-29,Asian / Asian-American,500,yes
worse wildfowl,pid_1064,Male,18-29,White / Caucasian,500,yes
worse wildfowl,pid_1072,Male,18-29,Latino / Hispanic,500,yes
worse wildfowl,pid_1082,Female,45-59,Black / African-American,500,yes
worse wildfowl,pid_1089,Female,60+,White / Caucasian,500,yes
worse wildfowl,pid_1094,Female,30-44,White / Caucasian,500,yes
worse wildfowl,pid_1097,Female,60+,Latino / Hispanic,500,yes
worse wildfowl,pid_1100,Male,30-44,White / Caucasian,500,yes
worse wildfowl,pid_1109,Male,45-59,White / Caucasian,500,yes
worse wildfowl,pid_1114,Male,45-59,Other,500,yes
worse wildfowl,pid_1115,Female,45-59,White / Caucasian,500,yes
worse wildfowl,pid_1116,Male,18-29,White / Caucasian,500,yes
worse wildfowl,pid_1124,Female,30-44,Black / African-American,500,yes
worse wildfowl,pid_1125,Male,30-44,Asian / Asian-American,500,yes
worse wildfowl,pid_1131,Male,45-59,White / Caucasian,500,yes
worse wildfowl,pid_1132,Female,45-59,Latino / Hispanic,500,yes
worse wildfowl,pid_1135,Male,45-59,White / Caucasian,500,yes
worse wildfowl,pid_1137,Male,60+,Asian / Asian-American,500,yes
worse wildfowl,pid_1138,Male,30-44,White / Caucasian,500,yes
worse wildfowl,pid_1144,Male,60+,White / Caucasian,500,yes
worse wildfowl,pid_1145,Female,30-44,Asian / Asian-American,500,yes
worse wildfowl,pid_1147,Male,30-44,White / Caucasian,500,yes
worse wildfowl,pid_1148,Female,30-44,Latino / Hispanic,500,yes
worse wildfowl,pid_1153,Female,30-44,White / Caucasian,500,yes
worse wildfowl,pid_1157,Female,45-59,White / Caucasian,500,yes
worse wildfowl,pid_1159,Female,60+,White / Caucasian,500,yes
worse wildfowl,pid_1168,Male,45-59,White / Caucasian,500,yes
worse wildfowl,pid_1174,Female,45-59,White / Caucasian,500,yes
worse wildfowl,pid_1176,Male,30-44,White / Caucasian,500,yes
worse wildfowl,pid_1178,Female,18-29,Latino / Hispanic,500,yes
worse wildfowl,pid_1182,Male,60+,White / Caucasian,500,yes
worse wildfowl,pid_1183,Female,60+,White / Caucasian,500,yes
worse wildfowl,pid_1187,Male,18-29,White / Caucasian,500,yes
worse wildfowl,pid_1188,Male,18-29,Asian / Asian-American,500,yes
worse wildfowl,pid_1189,Female,30-44,Asian / Asian-American,500,yes
worse wildfowl,pid_1193,Male,30-44,Latino / Hispanic,500,yes
worse wildfowl,pid_1194,Male,30-44,White / Caucasian,500,yes
worse wildfowl,pid_1197,Female,60+,White / Caucasian,500,yes
worse wildfowl,pid_1199,Male,60+,Black / African-American,500,yes
worse wildfowl,pid_1202,Male,60+,White / Caucasian,500,yes
worse wildfowl,pid_1203,Male,18-29,Asian / Asian-American,500,yes
worse wildfowl,pid_1212,Male,30-44,Latino / Hispanic,500,yes
worse wildfowl,pid_1217,Female,45-59,Latino / Hispanic,500,yes
worse wildfowl,pid_1219,Male,60+,White / Caucasian,500,yes
worse wildfowl,pid_1221,Male,18-29,Latino / Hispanic,500,yes
worse wildfowl,pid_1225,Male,60+,White / Caucasian,500,yes
worse wildfowl,pid_1227,Female,30-44,Latino / Hispanic,500,yes
worse wildfowl,pid_1238,Female,60+,White / Caucasian,500,yes
worse wildfowl,pid_1240,Male,18-29,White / Caucasian,500,yes
worse wildfowl,pid_1248,Male,45-59,White / Caucasian,500,yes
worse wildfowl,pid_1249,Female,45-59,White / Caucasian,500,yes
worse wildfowl,pid_1253,Female,45-59,Black / African-American,500,yes
worse wildfowl,pid_1256,Female,30-44,Latino / Hispanic,500,yes
worse wildfowl,pid_1262,Male,30-44,Latino / Hispanic,500,yes
worse wildfowl,pid_1273,Male,60+,White / Caucasian,500,yes
worse wildfowl,pid_1278,Male,30-44,White / Caucasian,500,yes
worse wildfowl,pid_1286,Male,30-44,White / Caucasian,500,yes
worse wildfowl,pid_1289,Male,30-44,White / Caucasian,500,yes
worse wildfowl,pid_1290,Female,30-44,White / Caucasian,500,yes
worse wildfowl,pid_1299,Female,30-44,White / Caucasian,500,yes
worse wildfowl,pid_1301,Female,45-59,Black / African-American,500,yes
worse wildfowl,pid_1302,Male,30-44,Black / African-American,500,yes
worse wildfowl,pid_1311,Female,30-44,Latino / Hispanic,500,yes
worse wildfowl,pid_1316,Female,60+,White / Caucasian,500,yes
worse wildfowl,pid_1317,Female,30-44,Black / African-American,500,yes
worse wildfowl,pid_1323,Male,60+,White / Caucasian,500,yes
worse wildfowl,pid_1339,Female,60+,White / Caucasian,500,yes
worse wildfowl,pid_1343,Male,45-59,White / Caucasian,500,yes
worse wildfowl,pid_1345,Male,18-29,Asian / Asian-American,500,yes
worse wildfowl,pid_1350,Male,30-44,Asian / Asian-American,500,yes
worse wildfowl,pid_1353,Female,45-59,White / Caucasian,500,yes
worse wildfowl,pid_1362,Male,18-29,White / Caucasian,500,yes
worse wildfowl,pid_1367,Female,18-29,White / Caucasian,500,yes
worse wildfowl,pid_1368,Male,30-44,White / Caucasian,500,yes
worse wildfowl,pid_1369,Male,60+,White / Caucasian,500,yes
worse wildfowl,pid_1379,Female,30-44,White / Caucasian,500,yes
worse wildfowl,pid_1380,Female,30-44,White / Caucasian,500,yes
worse wildfowl,pid_1382,Female,18-29,White / Caucasian,500,yes
worse wildfowl,pid_1386,Male,30-44,Latino / Hispanic,500,yes
worse wildfowl,pid_1387,Female,18-29,White / Caucasian,500,yes
worse wildfowl,pid_1400,Female,18-29,White / Caucasian,500,yes
worse wildfowl,pid_1403,Female,30-44,Black / African-American,500,yes
worse wildfowl,pid_1411,Female,60+,White / Caucasian,500,yes
worse wildfowl,pid_1412,Female,30-44,White / Caucasian,500,yes
worse wildfowl,pid_1413,Male,30-44,White / Caucasian,500,yes
worse wildfowl,pid_1416,Male,45-59,White / Caucasian,500,yes
worse wildfowl,pid_1418,Female,45-59,White / Caucasian,500,yes
worse wildfowl,pid_1420,Female,45-59,White / Caucasian,500,yes
worse wildfowl,pid_1423,Male,60+,White / Caucasian,500,yes
worse wildfowl,pid_1427,Female,60+,White / Caucasian,500,yes
worse wildfowl,pid_1435,Female,30-44,Black / African-American,500,yes
worse wildfowl,pid_1439,Male,30-44,Latino / Hispanic,500,yes
worse wildfowl,pid_1445,Female,18-29,White / Caucasian,500,yes
worse wildfowl,pid_1446,Female,30-44,White / Caucasian,500,yes
worse wildfowl,pid_1448,Male,18-29,White / Caucasian,500,yes
worse wildfowl,pid_1449,Female,18-29,Latino / Hispanic,500,yes
worse wildfowl,pid_1451,Male,60+,Latino / Hispanic,500,yes
worse wildfowl,pid_1452,Male,45-59,White / Caucasian,500,yes
worse wildfowl,pid_1455,Female,18-29,Black / African-American,500,yes
worse wildfowl,pid_1457,Female,60+,White / Caucasian,500,yes
worse wildfowl,pid_1458,Male,60+,White / Caucasian,500,yes
worse wildfowl,pid_1460,Male,18-29,White / Caucasian,500,yes
worse wildfowl,pid_1463,Male,30-44,Black / African-American,500,yes
worse wildfowl,pid_1465,Male,18-29,White / Caucasian,500,yes
worse wildfowl,pid_1471,Male,30-44,White / Caucasian,500,yes
worse wildfowl,pid_1473,Female,30-44,Black / African-American,500,yes
worse wildfowl,pid_1474,Female,45-59,White / Caucasian,500,yes
worse wildfowl,pid_1477,Male,18-29,Latino / Hispanic,500,yes
worse wildfowl,pid_1487,Female,18-29,White / Caucasian,500,yes
worse wildfowl,pid_1499,Male,60+,Black / African-American,500,yes
worse wildfowl,pid_1502,Male,30-44,Latino / Hispanic,500,yes
worse wildfowl,pid_1503,Male,45-59,White / Caucasian,500,yes
worse wildfowl,pid_1512,Female,60+,White / Caucasian,500,yes
worse wildfowl,pid_1516,Male,60+,White / Caucasian,500,yes
worse wildfowl,pid_1522,Male,30-44,Latino / Hispanic,500,yes
worse wildfowl,pid_1526,Male,18-29,Latino / Hispanic,500,yes
worse wildfowl,pid_1531,Female,60+,White / Caucasian,500,yes
worse wildfowl,pid_1534,Male,45-59,Black / African-American,500,yes
worse wildfowl,pid_1539,Female,18-29,White / Caucasian,500,yes
worse wildfowl,pid_1544,Female,30-44,Latino / Hispanic,500,yes
worse wildfowl,pid_1546,Female,30-44,Latino / Hispanic,500,yes
worse wildfowl,pid_1548,Female,18-29,Black / African-American,500,yes
worse wildfowl,pid_1554,Male,60+,Latino / Hispanic,500,yes
worse wildfowl,pid_1563,Female,45-59,Latino / Hispanic,500,yes
worse wildfowl,pid_1566,Male,18-29,Latino / Hispanic,500,yes
worse wildfowl,pid_1571,Male,30-44,White / Caucasian,500,yes
worse wildfowl,pid_1581,Female,30-44,Black / African-American,500,yes
worse wildfowl,pid_1583,Male,18-29,Other,500,yes
worse wildfowl,pid_1584,Female,30-44,Asian / Asian-American,500,yes
worse wildfowl,pid_1586,Male,30-44,White / Caucasian,500,yes
worse wildfowl,pid_1588,Male,45-59,Asian / Asian-American,500,yes
worse wildfowl,pid_1590,Male,30-44,Latino / Hispanic,500,yes
worse wildfowl,pid_1596,Female,18-29,Latino / Hispanic,500,yes
worse wildfowl,pid_1598,Male,18-29,White / Caucasian,500,yes
worse wildfowl,pid_1604,Female,60+,Latino / Hispanic,500,yes
worse wildfowl,pid_1605,Female,30-44,White / Caucasian,500,yes
worse wildfowl,pid_1625,Male,30-44,Latino / Hispanic,500,yes
worse wildfowl,pid_1643,Female,45-59,White / Caucasian,500,yes
worse wildfowl,pid_1645,Male,45-59,Asian / Asian-American,500,yes
worse wildfowl,pid_1649,Female,30-44,White / Caucasian,500,yes
worse wildfowl,pid_1653,Male,18-29,White / Caucasian,500,yes
worse wildfowl,pid_1656,Male,60+,White / Caucasian,500,yes
worse wildfowl,pid_1657,Male,30-44,White / Caucasian,500,yes
worse wildfowl,pid_1660,Female,18-29,Asian / Asian-American,500,yes
worse wildfowl,pid_1663,Female,30-44,White / Caucasian,500,yes
worse wildfowl,pid_1667,Female,18-29,White / Caucasian,500,yes
worse wildfowl,pid_1670,Female,18-29,Latino / Hispanic,500,yes
worse wildfowl,pid_1676,Female,18-29,Asian / Asian-American,500,yes
worse wildfowl,pid_1680,Male,60+,White / Caucasian,500,yes
worse wildfowl,pid_1681,Female,45-59,Latino / Hispanic,500,yes
worse wildfowl,pid_1684,Male,60+,White / Caucasian,500,yes
worse wildfowl,pid_1687,Female,30-44,Latino / Hispanic,500,yes
worse wildfowl,pid_1689,Female,60+,White / Caucasian,500,yes
worse wildfowl,pid_1697,Male,45-59,Black / African-American,500,yes
worse wildfowl,pid_1704,Male,30-44,White / Caucasian,500,yes
worse wildfowl,pid_1712,Female,30-44,White / Caucasian,500,yes
worse wildfowl,pid_1717,Male,60+,White / Caucasian,500,yes
worse wildfowl,pid_1721,Female,45-59,White / Caucasian,500,yes
worse wildfowl,pid_1726,Female,45-59,Latino / Hispanic,500,yes
worse wildfowl,pid_1728,Female,30-44,White / Caucasian,500,yes
worse wildfowl,pid_1740,Female,45-59,White / Caucasian,500,yes
worse wildfowl,pid_1741,Male,18-29,Other,500,yes
worse wildfowl,pid_1743,Male,30-44,White / Caucasian,500,yes
worse wildfowl,pid_1751,Female,45-59,White / Caucasian,500,yes
worse wildfowl,pid_1757,Female,60+,White / Caucasian,500,yes
worse wildfowl,pid_1763,Female,45-59,Latino / Hispanic,500,yes
worse wildfowl,pid_1772,Female,60+,Asian / Asian-American,500,yes
worse wildfowl,pid_1773,Male,18-29,Latino / Hispanic,500,yes
worse wildfowl,pid_1775,Male,45-59,White / Caucasian,500,yes
worse wildfowl,pid_1779,Male,30-44,Other,500,yes
worse wildfowl,pid_1780,Male,30-44,Latino / Hispanic,500,yes
worse wildfowl,pid_1782,Male,30-44,White / Caucasian,500,yes
worse wildfowl,pid_1790,Female,30-44,Black / African-American,500,yes
worse wildfowl,pid_1791,Female,60+,Asian / Asian-American,500,yes
worse wildfowl,pid_1793,Female,60+,Asian / Asian-American,500,yes
worse wildfowl,pid_1803,Female,60+,White / Caucasian,500,yes
worse wildfowl,pid_1805,Male,30-44,Black / African-American,500,yes
worse wildfowl,pid_1806,Female,60+,White / Caucasian,500,yes
worse wildfowl,pid_1809,Male,18-29,White / Caucasian,500,yes
worse wildfowl,pid_1811,Female,45-59,White / Caucasian,500,yes
worse wildfowl,pid_1814,Female,18-29,White / Caucasian,500,yes
worse wildfowl,pid_1815,Female,60+,Black / African-American,500,yes
worse wildfowl,pid_1819,Male,30-44,White / Caucasian,500,yes
worse wildfowl,pid_1820,Female,30-44,White / Caucasian,500,yes
worse wildfowl,pid_1822,Female,60+,White / Caucasian,500,yes
worse wildfowl,pid_1824,Male,18-29,Latino / Hispanic,500,yes
worse wildfowl,pid_1829,Female,18-29,White / Caucasian,500,yes
worse wildfowl,pid_1833,Female,18-29,Latino / Hispanic,500,yes
worse wildfowl,pid_1837,Male,18-29,Latino / Hispanic,500,yes
worse wildfowl,pid_1840,Female,30-44,Latino / Hispanic,500,yes
worse wildfowl,pid_1843,Male,30-44,White / Caucasian,500,yes
worse wildfowl,pid_1846,Female,60+,White / Caucasian,500,yes
worse wildfowl,pid_1847,Male,45-59,Asian / Asian-American,500,yes
worse wildfowl,pid_1853,Male,18-29,Latino / Hispanic,500,yes
worse wildfowl,pid_1857,Male,45-59,White / Caucasian,500,yes
worse wildfowl,pid_1866,Female,45-59,White / Caucasian,500,yes
worse wildfowl,pid_1870,Female,45-59,White / Caucasian,500,yes
worse wildfowl,pid_1872,Male,45-59,White / Caucasian,500,yes
worse wildfowl,pid_1877,Female,30-44,White / Caucasian,500,yes
worse wildfowl,pid_1878,Male,45-59,White / Caucasian,500,yes
worse wildfowl,pid_1884,Male,60+,White / Caucasian,500,yes
worse wildfowl,pid_1886,Male,18-29,White / Caucasian,500,yes
worse wildfowl,pid_1889,Male,30-44,White / Caucasian,500,yes
worse wildfowl,pid_1890,Male,30-44,White / Caucasian,500,yes
worse wildfowl,pid_1893,Female,18-29,Latino / Hispanic,500,yes
worse wildfowl,pid_1901,Female,30-44,White / Caucasian,500,yes
worse wildfowl,pid_1904,Male,30-44,White / Caucasian,500,yes
worse wildfowl,pid_1908,Female,45-59,White / Caucasian,500,yes
worse wildfowl,pid_1909,Female,60+,Latino / Hispanic,500,yes
worse wildfowl,pid_1912,Male,30-44,Asian / Asian-American,500,yes
worse wildfowl,pid_1913,Female,30-44,Other,500,yes
worse wildfowl,pid_1917,Female,18-29,White / Caucasian,500,yes
worse wildfowl,pid_1919,Male,45-59,White / Caucasian,500,yes
worse wildfowl,pid_1929,Female,60+,White / Caucasian,500,yes
worse wildfowl,pid_1931,Male,60+,White / Caucasian,500,yes
worse wildfowl,pid_1933,Female,18-29,White / Caucasian,500,yes
worse wildfowl,pid_1937,Female,18-29,Other,500,yes
worse wildfowl,pid_1945,Female,30-44,White / Caucasian,500,yes
worse wildfowl,pid_1952,Male,45-59,White / Caucasian,500,yes
worse wildfowl,pid_1953,Male,45-59,White / Caucasian,500,yes
worse wildfowl,pid_1961,Female,60+,Other,500,yes
worse wildfowl,pid_1963,Male,30-44,White / Caucasian,500,yes
worse wildfowl,pid_1966,Female,18-29,Latino / Hispanic,500,yes
worse wildfowl,pid_1972,Male,18-29,Black / African-American,500,yes
worse wildfowl,pid_1973,Female,18-29,Latino / Hispanic,500,yes
worse wildfowl,pid_1978,Male,30-44,White / Caucasian,500,yes
worse wildfowl,pid_1981,Female,18-29,White / Caucasian,500,yes
worse wildfowl,pid_1982,Male,45-59,White / Caucasian,500,yes
worse wildfowl,pid_1985,Male,18-29,Black / African-American,500,yes
worse wildfowl,pid_1988,Female,30-44,White / Caucasian,500,yes
worse wildfowl,pid_1989,Female,30-44,White / Caucasian,500,yes
worse wildfowl,pid_1997,Female,30-44,White / Caucasian,500,yes
worse wildfowl,pid_1998,Female,60+,White / Caucasian,500,yes
worse wildfowl,pid_1999,Female,30-44,White / Caucasian,500,yes
worse wildfowl,pid_2000,Male,60+,White / Caucasian,500,yes
worse wildfowl,pid_2003,Male,18-29,White / Caucasian,500,yes
worse wildfowl,pid_2005,Male,45-59,White / Caucasian,500,yes
worse wildfowl,pid_2006,Male,45-59,White / Caucasian,500,yes
worse wildfowl,pid_2008,Female,45-59,Asian / Asian-American,500,yes
worse wildfowl,pid_2010,Female,45-59,White / Caucasian,500,yes
worse wildfowl,pid_2021,Female,45-59,White / Caucasian,500,yes
worse wildfowl,pid_2022,Female,60+,Black / African-American,500,yes
worse wildfowl,pid_2025,Male,60+,White / Caucasian,500,yes
worse wildfowl,pid_2026,Male,45-59,White / Caucasian,500,yes
worse wildfowl,pid_2030,Female,60+,White / Caucasian,500,yes
worse wildfowl,pid_2034,Male,45-59,White / Caucasian,500,yes
worse wildfowl,pid_2041,Male,60+,White / Caucasian,500,yes
worse wildfowl,pid_2046,Male,18-29,Latino / Hispanic,500,yes
worse wildfowl,pid_2049,Female,18-29,Black / African-American,500,yes
worse wildfowl,pid_2052,Male,18-29,White / Caucasian,500,yes
worse wildfowl,pid_2054,Female,30-44,Black / African-American,500,yes
control,pid_1,Female,45-59,Black / African-American,1000,no
control,pid_5,Female,30-44,White / Caucasian,1000,no
control,pid_7,Female,18-29,White / Caucasian,1000,no
control,pid_8,Female,18-29,Black / African-American,1000,no
control,pid_9,Male,45-59,White / Caucasian,1000,no
control,pid_14,Female,45-59,White / Caucasian,1000,yes
control,pid_15,Male,60+,White / Caucasian,1000,yes
control,pid_20,Male,45-59,White / Caucasian,1000,no
control,pid_22,Female,30-44,Other,1000,no
control,pid_23,Male,45-59,White / Caucasian,1000,yes
control,pid_25,Female,60+,White / Caucasian,1000,no
control,pid_29,Female,60+,White / Caucasian,1000,yes
control,pid_32,Male,30-44,Latino / Hispanic,1000,yes
control,pid_35,Female,30-44,White / Caucasian,1000,yes
control,pid_40,Male,30-44,White / Caucasian,1000,no
control,pid_43,Male,18-29,Black / African-American,1000,yes
control,pid_44,Male,30-44,Latino / Hispanic,1000,no
control,pid_45,Male,60+,White / Caucasian,1000,no
control,pid_48,Male,60+,Black / African-American,1000,no
control,pid_49,Female,30-44,White / Caucasian,1000,no
control,pid_52,Female,30-44,White / Caucasian,1000,no
control,pid_57,Male,45-59,Black / African-American,1000,yes
control,pid_59,Male,45-59,White / Caucasian,1000,yes
control,pid_62,Male,45-59,White / Caucasian,1000,yes
control,pid_65,Female,45-59,Latino / Hispanic,1000,yes
control,pid_70,Male,60+,White / Caucasian,1000,no
control,pid_71,Male,60+,Latino / Hispanic,1000,yes
control,pid_72,Male,45-59,White / Caucasian,1000,yes
control,pid_75,Female,45-59,White / Caucasian,1000,yes
control,pid_76,Female,60+,White / Caucasian,1000,yes
control,pid_80,Male,60+,White / Caucasian,1000,no
control,pid_81,Male,60+,White / Caucasian,1000,yes
control,pid_83,Female,60+,White / Caucasian,1000,yes
control,pid_84,Female,60+,White / Caucasian,1000,yes
control,pid_87,Female,60+,White / Caucasian,1000,no
control,pid_91,Female,60+,White / Caucasian,1000,yes
control,pid_92,Female,30-44,White / Caucasian,1000,no
control,pid_93,Male,45-59,Asian / Asian-American,1000,no
control,pid_94,Male,45-59,Asian / Asian-American,1000,no
control,pid_95,Female,60+,White / Caucasian,1000,yes
control,pid_96,Female,18-29,Other,1000,no
control,pid_99,Male,30-44,Other,1000,yes
control,pid_100,Male,45-59,White / Caucasian,1000,no
control,pid_102,Male,45-59,Black / African-American,1000,yes
control,pid_104,Male,30-44,White / Caucasian,1000,yes
control,pid_107,Male,45-59,White / Caucasian,1000,yes
control,pid_110,Female,45-59,White / Caucasian,1000,no
control,pid_112,Female,60+,Asian / Asian-American,1000,no
control,pid_115,Female,60+,Asian / Asian-American,1000,yes
control,pid_117,Male,30-44,White / Caucasian,1000,no
control,pid_118,Male,60+,White / Caucasian,1000,yes
control,pid_119,Female,60+,White / Caucasian,1000,no
control,pid_121,Male,60+,White / Caucasian,1000,no
control,pid_122,Female,60+,White / Caucasian,1000,yes
control,pid_123,Male,60+,White / Caucasian,1000,yes
control,pid_128,Female,60+,White / Caucasian,1000,no
control,pid_129,Female,30-44,Asian / Asian-American,1000,yes
control,pid_132,Male,30-44,White / Caucasian,1000,no
control,pid_133,Female,60+,Latino / Hispanic,1000,yes
control,pid_136,Male,30-44,White / Caucasian,1000,no
control,pid_138,Female,30-44,White / Caucasian,1000,no
control,pid_145,Female,18-29,Latino / Hispanic,1000,no
control,pid_155,Female,18-29,Black / African-American,1000,no
control,pid_160,Male,60+,White / Caucasian,1000,yes
control,pid_162,Female,18-29,White / Caucasian,1000,no
control,pid_163,Male,45-59,White / Caucasian,1000,yes
control,pid_164,Female,45-59,White / Caucasian,1000,no
control,pid_165,Male,45-59,Latino / Hispanic,1000,yes
control,pid_167,Female,60+,White / Caucasian,1000,yes
control,pid_171,Male,60+,White / Caucasian,1000,no
control,pid_173,Female,30-44,White / Caucasian,1000,yes
control,pid_174,Female,60+,White / Caucasian,1000,yes
control,pid_175,Male,45-59,White / Caucasian,1000,no
control,pid_180,Female,60+,Black / African-American,1000,yes
control,pid_182,Female,60+,White / Caucasian,1000,yes
control,pid_184,Female,60+,White / Caucasian,1000,no
control,pid_186,Female,18-29,Black / African-American,1000,yes
control,pid_187,Male,60+,White / Caucasian,1000,no
control,pid_189,Female,45-59,White / Caucasian,1000,yes
control,pid_195,Male,45-59,White / Caucasian,1000,no
control,pid_198,Female,30-44,White / Caucasian,1000,yes
control,pid_199,Female,60+,White / Caucasian,1000,no
control,pid_201,Female,60+,White / Caucasian,1000,no
control,pid_203,Male,60+,White / Caucasian,1000,no
control,pid_204,Female,60+,White / Caucasian,1000,yes
control,pid_205,Female,30-44,Latino / Hispanic,1000,no
control,pid_207,Female,45-59,Black / African-American,1000,yes
control,pid_210,Male,60+,Black / African-American,1000,no
control,pid_211,Female,45-59,White / Caucasian,1000,no
control,pid_212,Male,60+,Other,1000,no
control,pid_216,Male,18-29,Black / African-American,1000,no
control,pid_217,Male,60+,White / Caucasian,1000,yes
control,pid_218,Male,60+,White / Caucasian,1000,no
control,pid_221,Male,60+,White / Caucasian,1000,no
control,pid_222,Female,60+,White / Caucasian,1000,no
control,pid_223,Male,60+,Black / African-American,1000,yes
control,pid_224,Male,45-59,Black / African-American,1000,no
control,pid_226,Female,45-59,Black / African-American,1000,no
control,pid_233,Male,30-44,Latino / Hispanic,1000,no
control,pid_235,Male,18-29,White / Caucasian,1000,no
control,pid_236,Female,30-44,Latino / Hispanic,1000,no
control,pid_238,Female,45-59,White / Caucasian,1000,no
control,pid_239,Male,60+,White / Caucasian,1000,no
control,pid_240,Male,30-44,Other,1000,no
control,pid_242,Female,18-29,White / Caucasian,1000,no
control,pid_244,Female,45-59,White / Caucasian,1000,no
control,pid_245,Female,30-44,White / Caucasian,1000,yes
control,pid_246,Male,45-59,White / Caucasian,1000,no
control,pid_247,Male,45-59,Black / African-American,1000,no
control,pid_248,Male,45-59,White / Caucasian,1000,yes
control,pid_249,Male,60+,White / Caucasian,1000,no
control,pid_251,Male,60+,White / Caucasian,1000,no
control,pid_253,Female,60+,White / Caucasian,1000,yes
control,pid_255,Male,30-44,White / Caucasian,1000,no
control,pid_256,Female,30-44,Black / African-American,1000,no
control,pid_257,Male,45-59,Asian / Asian-American,1000,no
control,pid_258,Male,60+,White / Caucasian,1000,yes
control,pid_262,Male,60+,White / Caucasian,1000,yes
control,pid_263,Female,45-59,White / Caucasian,1000,yes
control,pid_264,Female,60+,White / Caucasian,1000,no
control,pid_265,Female,60+,Black / African-American,1000,yes
control,pid_267,Male,30-44,Latino / Hispanic,1000,no
control,pid_268,Male,60+,White / Caucasian,1000,yes
control,pid_269,Male,18-29,Asian / Asian-American,1000,no
control,pid_273,Male,60+,Latino / Hispanic,1000,yes
control,pid_275,Male,60+,White / Caucasian,1000,no
control,pid_276,Male,60+,White / Caucasian,1000,yes
control,pid_278,Male,60+,White / Caucasian,1000,yes
control,pid_281,Female,45-59,Black / African-American,1000,no
control,pid_282,Male,18-29,White / Caucasian,1000,yes
control,pid_283,Female,60+,White / Caucasian,1000,yes
control,pid_285,Male,45-59,White / Caucasian,1000,yes
control,pid_288,Female,18-29,Black / African-American,1000,no
control,pid_289,Male,30-44,White / Caucasian,1000,yes
control,pid_290,Male,30-44,Latino / Hispanic,1000,yes
control,pid_291,Male,45-59,White / Caucasian,1000,no
control,pid_292,Male,30-44,White / Caucasian,1000,no
control,pid_294,Male,60+,Black / African-American,1000,yes
control,pid_296,Female,30-44,Latino / Hispanic,1000,yes
control,pid_303,Female,60+,Black / African-American,1000,yes
control,pid_305,Male,18-29,Latino / Hispanic,1000,yes
control,pid_307,Male,60+,White / Caucasian,1000,no
control,pid_311,Female,45-59,White / Caucasian,1000,no
control,pid_312,Female,60+,Latino / Hispanic,1000,no
control,pid_315,Male,18-29,White / Caucasian,1000,yes
control,pid_316,Female,45-59,White / Caucasian,1000,no
control,pid_317,Female,45-59,Other,1000,no
control,pid_318,Female,45-59,White / Caucasian,1000,yes
control,pid_329,Male,60+,White / Caucasian,1000,yes
control,pid_331,Male,45-59,White / Caucasian,1000,no
control,pid_332,Male,60+,Latino / Hispanic,1000,no
control,pid_333,Female,60+,White / Caucasian,1000,yes
control,pid_336,Female,30-44,Latino / Hispanic,1000,yes
control,pid_337,Male,60+,White / Caucasian,1000,yes
control,pid_339,Male,45-59,Black / African-American,1000,yes
control,pid_345,Male,45-59,White / Caucasian,1000,yes
control,pid_347,Female,60+,White / Caucasian,1000,no
control,pid_348,Female,45-59,Black / African-American,1000,yes
control,pid_350,Male,45-59,Latino / Hispanic,1000,yes
control,pid_352,Female,60+,White / Caucasian,1000,no
control,pid_353,Male,45-59,Latino / Hispanic,1000,yes
control,pid_355,Male,18-29,Latino / Hispanic,1000,no
control,pid_361,Female,60+,White / Caucasian,1000,no
control,pid_362,Female,60+,White / Caucasian,1000,no
control,pid_363,Male,30-44,White / Caucasian,1000,yes
control,pid_366,Female,60+,White / Caucasian,1000,yes
control,pid_367,Male,30-44,White / Caucasian,1000,no
control,pid_368,Female,60+,White / Caucasian,1000,yes
control,pid_369,Female,45-59,White / Caucasian,1000,yes
control,pid_371,Female,45-59,White / Caucasian,1000,yes
control,pid_372,Male,30-44,White / Caucasian,1000,no
control,pid_373,Female,60+,White / Caucasian,1000,yes
control,pid_374,Male,60+,White / Caucasian,1000,no
control,pid_376,Male,60+,Black / African-American,1000,yes
control,pid_378,Female,30-44,Asian / Asian-American,1000,yes
control,pid_379,Male,60+,Other,1000,yes
control,pid_381,Male,45-59,White / Caucasian,1000,no
control,pid_384,Female,60+,Black / African-American,1000,yes
control,pid_388,Female,60+,White / Caucasian,1000,no
control,pid_389,Female,60+,White / Caucasian,1000,no
control,pid_391,Male,60+,White / Caucasian,1000,yes
control,pid_393,Male,60+,Latino / Hispanic,1000,yes
control,pid_396,Male,30-44,Latino / Hispanic,1000,no
control,pid_398,Female,60+,Latino / Hispanic,1000,yes
control,pid_401,Male,18-29,Latino / Hispanic,1000,no
control,pid_402,Female,60+,Asian / Asian-American,1000,yes
control,pid_403,Male,30-44,Black / African-American,1000,yes
control,pid_404,Male,45-59,White / Caucasian,1000,no
control,pid_406,Male,18-29,White / Caucasian,1000,yes
control,pid_407,Male,60+,Latino / Hispanic,1000,yes
control,pid_409,Male,45-59,White / Caucasian,1000,no
control,pid_411,Male,45-59,White / Caucasian,1000,yes
control,pid_412,Male,45-59,White / Caucasian,1000,yes
control,pid_416,Male,45-59,White / Caucasian,1000,no
control,pid_417,Male,60+,White / Caucasian,1000,no
control,pid_420,Male,45-59,White / Caucasian,1000,no
control,pid_421,Female,60+,White / Caucasian,1000,no
control,pid_425,Male,45-59,White / Caucasian,1000,yes
control,pid_431,Male,45-59,White / Caucasian,1000,no
control,pid_441,Male,60+,Black / African-American,1000,no
control,pid_443,Male,30-44,Black / African-American,1000,yes
control,pid_445,Male,45-59,White / Caucasian,1000,yes
control,pid_446,Female,30-44,White / Caucasian,1000,no
control,pid_447,Male,60+,Asian / Asian-American,1000,yes
control,pid_448,Male,30-44,White / Caucasian,1000,no
control,pid_450,Female,45-59,White / Caucasian,1000,yes
control,pid_451,Female,60+,White / Caucasian,1000,yes
control,pid_453,Male,18-29,Black / African-American,1000,yes
control,pid_454,Male,45-59,White / Caucasian,1000,no
control,pid_455,Female,45-59,Asian / Asian-American,1000,yes
control,pid_456,Female,45-59,White / Caucasian,1000,yes
control,pid_458,Female,30-44,Black / African-American,1000,no
control,pid_459,Female,60+,White / Caucasian,1000,yes
control,pid_460,Male,45-59,White / Caucasian,1000,yes
control,pid_461,Male,60+,White / Caucasian,1000,yes
control,pid_462,Female,60+,White / Caucasian,1000,yes
control,pid_463,Female,18-29,White / Caucasian,1000,yes
control,pid_464,Female,18-29,Latino / Hispanic,1000,yes
control,pid_467,Female,18-29,White / Caucasian,1000,yes
control,pid_469,Female,45-59,Black / African-American,1000,yes
control,pid_470,Male,18-29,Latino / Hispanic,1000,yes
control,pid_474,Female,45-59,Black / African-American,1000,yes
control,pid_475,Male,18-29,White / Caucasian,1000,yes
control,pid_478,Male,60+,White / Caucasian,1000,yes
control,pid_481,Female,18-29,White / Caucasian,1000,no
control,pid_482,Male,60+,White / Caucasian,1000,no
control,pid_483,Female,45-59,White / Caucasian,1000,no
control,pid_485,Female,60+,White / Caucasian,1000,no
control,pid_487,Female,18-29,Black / African-American,1000,yes
control,pid_490,Female,30-44,White / Caucasian,1000,no
control,pid_491,Male,30-44,White / Caucasian,1000,yes
control,pid_492,Female,60+,White / Caucasian,1000,yes
control,pid_495,Female,60+,Black / African-American,1000,no
control,pid_496,Female,60+,White / Caucasian,1000,no
control,pid_498,Male,60+,White / Caucasian,1000,no
control,pid_502,Female,60+,White / Caucasian,1000,yes
control,pid_503,Female,60+,White / Caucasian,1000,no
control,pid_507,Male,60+,Black / African-American,1000,yes
control,pid_508,Male,30-44,Latino / Hispanic,1000,no
control,pid_509,Female,45-59,White / Caucasian,1000,yes
control,pid_510,Male,45-59,White / Caucasian,1000,no
control,pid_511,Male,60+,White / Caucasian,1000,yes
control,pid_512,Female,18-29,White / Caucasian,1000,yes
control,pid_513,Male,60+,Asian / Asian-American,1000,yes
control,pid_515,Male,60+,Asian / Asian-American,1000,no
control,pid_517,Female,18-29,Latino / Hispanic,1000,yes
control,pid_520,Male,60+,White / Caucasian,1000,yes
control,pid_521,Female,60+,Black / African-American,1000,yes
control,pid_523,Female,45-59,White / Caucasian,1000,no
control,pid_525,Male,30-44,Asian / Asian-American,1000,yes
control,pid_528,Female,30-44,White / Caucasian,1000,yes
control,pid_529,Male,45-59,White / Caucasian,1000,no
control,pid_534,Male,60+,White / Caucasian,1000,no
control,pid_537,Male,30-44,Latino / Hispanic,1000,no
control,pid_541,Male,30-44,Latino / Hispanic,1000,yes
control,pid_542,Female,45-59,White / Caucasian,1000,yes
control,pid_544,Male,30-44,Latino / Hispanic,1000,no
control,pid_547,Female,45-59,White / Caucasian,1000,no
control,pid_548,Male,60+,Other,1000,no
control,pid_555,Female,60+,White / Caucasian,1000,no
control,pid_556,Female,45-59,Latino / Hispanic,1000,no
control,pid_557,Male,30-44,Asian / Asian-American,1000,no
control,pid_559,Female,30-44,White / Caucasian,1000,yes
control,pid_561,Female,30-44,Other,1000,no
control,pid_563,Male,30-44,White / Caucasian,1000,yes
control,pid_564,Female,45-59,Latino / Hispanic,1000,no
control,pid_565,Female,60+,Latino / Hispanic,1000,no
control,pid_566,Female,18-29,Black / African-American,1000,yes
control,pid_567,Female,30-44,White / Caucasian,1000,no
control,pid_569,Male,60+,Latino / Hispanic,1000,yes
control,pid_577,Female,18-29,Black / African-American,1000,yes
control,pid_578,Female,60+,White / Caucasian,1000,yes
control,pid_579,Female,18-29,White / Caucasian,1000,no
control,pid_580,Female,45-59,White / Caucasian,1000,no
control,pid_582,Male,30-44,Latino / Hispanic,1000,yes
control,pid_584,Female,30-44,Black / African-American,1000,no
control,pid_585,Male,60+,Asian / Asian-American,1000,yes
control,pid_586,Female,45-59,White / Caucasian,1000,yes
control,pid_587,Male,18-29,White / Caucasian,1000,no
control,pid_589,Female,18-29,White / Caucasian,1000,no
control,pid_595,Female,60+,Black / African-American,1000,no
control,pid_604,Male,60+,Asian / Asian-American,1000,no
control,pid_606,Male,45-59,White / Caucasian,1000,no
control,pid_607,Male,30-44,Black / African-American,1000,yes
control,pid_609,Female,60+,White / Caucasian,1000,yes
control,pid_610,Male,60+,White / Caucasian,1000,yes
control,pid_613,Female,45-59,White / Caucasian,1000,no
control,pid_614,Female,30-44,Latino / Hispanic,1000,no
control,pid_619,Male,60+,White / Caucasian,1000,no
control,pid_628,Male,18-29,Black / African-American,1000,yes
control,pid_629,Male,18-29,White / Caucasian,1000,yes
control,pid_636,Female,18-29,White / Caucasian,1000,yes
control,pid_640,Male,60+,White / Caucasian,1000,no
control,pid_651,Male,60+,White / Caucasian,1000,no
control,pid_653,Male,18-29,Latino / Hispanic,1000,yes
control,pid_654,Male,45-59,Black / African-American,1000,yes
control,pid_658,Male,30-44,White / Caucasian,1000,no
control,pid_661,Female,60+,White / Caucasian,1000,no
control,pid_664,Female,60+,Other,1000,no
control,pid_666,Male,18-29,Black / African-American,1000,no
control,pid_667,Male,45-59,White / Caucasian,1000,yes
control,pid_669,Male,18-29,White / Caucasian,1000,no
control,pid_670,Male,60+,White / Caucasian,1000,no
control,pid_673,Male,45-59,White / Caucasian,1000,no
control,pid_675,Female,60+,White / Caucasian,1000,no
control,pid_676,Female,45-59,Latino / Hispanic,1000,yes
control,pid_679,Male,18-29,White / Caucasian,1000,yes
control,pid_684,Female,18-29,White / Caucasian,1000,yes
control,pid_687,Female,18-29,White / Caucasian,1000,yes
control,pid_688,Male,18-29,Latino / Hispanic,1000,no
control,pid_691,Female,60+,Black / African-American,1000,yes
control,pid_695,Female,18-29,White / Caucasian,1000,yes
control,pid_697,Male,45-59,White / Caucasian,1000,no
control,pid_700,Male,60+,White / Caucasian,1000,no
control,pid_702,Male,60+,Latino / Hispanic,1000,no
control,pid_704,Male,18-29,Latino / Hispanic,1000,no
control,pid_705,Male,45-59,White / Caucasian,1000,no
control,pid_708,Female,60+,White / Caucasian,1000,yes
control,pid_710,Female,60+,Other,1000,no
control,pid_714,Female,45-59,Asian / Asian-American,1000,yes
control,pid_715,Female,30-44,White / Caucasian,1000,yes
control,pid_716,Male,18-29,Black / African-American,1000,yes
control,pid_717,Female,60+,White / Caucasian,1000,yes
control,pid_718,Female,60+,White / Caucasian,1000,yes
control,pid_719,Female,60+,White / Caucasian,1000,no
control,pid_721,Male,45-59,Asian / Asian-American,1000,yes
control,pid_722,Female,60+,White / Caucasian,1000,no
control,pid_724,Male,45-59,White / Caucasian,1000,no
control,pid_728,Female,60+,White / Caucasian,1000,no
control,pid_730,Female,30-44,White / Caucasian,1000,no
control,pid_731,Male,60+,Black / African-American,1000,no
control,pid_732,Male,60+,White / Caucasian,1000,yes
control,pid_736,Female,60+,White / Caucasian,1000,yes
control,pid_738,Female,30-44,White / Caucasian,1000,yes
control,pid_744,Male,60+,White / Caucasian,1000,yes
control,pid_745,Female,45-59,White / Caucasian,1000,no
control,pid_747,Female,18-29,Latino / Hispanic,1000,no
control,pid_750,Male,30-44,White / Caucasian,1000,no
control,pid_751,Male,45-59,White / Caucasian,1000,no
control,pid_753,Male,30-44,Latino / Hispanic,1000,yes
control,pid_754,Female,30-44,White / Caucasian,1000,no
control,pid_757,Female,18-29,White / Caucasian,1000,yes
control,pid_758,Female,60+,Black / African-American,1000,yes
control,pid_760,Male,30-44,White / Caucasian,1000,no
control,pid_761,Female,30-44,White / Caucasian,1000,yes
control,pid_762,Male,45-59,Black / African-American,1000,no
control,pid_763,Male,30-44,Latino / Hispanic,1000,no
control,pid_764,Male,18-29,White / Caucasian,1000,yes
control,pid_765,Male,45-59,White / Caucasian,1000,no
control,pid_767,Female,45-59,White / Caucasian,1000,yes
control,pid_770,Female,30-44,White / Caucasian,1000,no
control,pid_772,Male,18-29,White / Caucasian,1000,no
control,pid_773,Female,30-44,Latino / Hispanic,1000,yes
control,pid_774,Male,60+,White / Caucasian,1000,yes
control,pid_778,Female,30-44,White / Caucasian,1000,no
control,pid_782,Female,30-44,White / Caucasian,1000,no
control,pid_784,Female,18-29,Asian / Asian-American,1000,no
control,pid_788,Male,45-59,White / Caucasian,1000,yes
control,pid_789,Female,60+,Black / African-American,1000,no
control,pid_792,Female,45-59,White / Caucasian,1000,yes
control,pid_793,Female,60+,White / Caucasian,1000,no
control,pid_797,Female,30-44,Latino / Hispanic,1000,yes
control,pid_799,Male,18-29,Latino / Hispanic,1000,no
control,pid_800,Female,60+,Latino / Hispanic,1000,yes
control,pid_801,Male,45-59,Black / African-American,1000,no
control,pid_804,Female,30-44,White / Caucasian,1000,yes
control,pid_805,Female,30-44,White / Caucasian,1000,yes
control,pid_808,Male,30-44,Asian / Asian-American,1000,yes
control,pid_809,Female,18-29,White / Caucasian,1000,no
control,pid_810,Female,60+,Latino / Hispanic,1000,no
control,pid_812,Male,18-29,White / Caucasian,1000,no
control,pid_814,Male,30-44,White / Caucasian,1000,yes
control,pid_815,Female,60+,White / Caucasian,1000,no
control,pid_817,Male,18-29,White / Caucasian,1000,no
control,pid_818,Female,60+,White / Caucasian,1000,no
control,pid_822,Male,45-59,Latino / Hispanic,1000,yes
control,pid_824,Male,60+,White / Caucasian,1000,yes
control,pid_827,Male,30-44,White / Caucasian,1000,no
control,pid_829,Male,60+,White / Caucasian,1000,no
control,pid_830,Male,45-59,White / Caucasian,1000,no
control,pid_835,Female,60+,White / Caucasian,1000,no
control,pid_839,Male,45-59,Black / African-American,1000,yes
control,pid_841,Female,60+,Black / African-American,1000,no
control,pid_842,Female,45-59,Asian / Asian-American,1000,no
control,pid_844,Male,30-44,Asian / Asian-American,1000,no
control,pid_845,Female,60+,White / Caucasian,1000,yes
control,pid_846,Female,18-29,White / Caucasian,1000,yes
control,pid_847,Male,60+,White / Caucasian,1000,yes
control,pid_853,Male,18-29,Asian / Asian-American,1000,no
control,pid_855,Male,60+,White / Caucasian,1000,no
control,pid_856,Female,60+,Black / African-American,1000,no
control,pid_857,Female,60+,White / Caucasian,1000,yes
control,pid_858,Female,45-59,Black / African-American,1000,no
control,pid_860,Female,60+,White / Caucasian,1000,yes
control,pid_861,Male,60+,White / Caucasian,1000,yes
control,pid_862,Female,18-29,Latino / Hispanic,1000,no
control,pid_863,Male,60+,Latino / Hispanic,1000,yes
control,pid_868,Female,45-59,White / Caucasian,1000,no
control,pid_869,Female,45-59,White / Caucasian,1000,yes
control,pid_870,Female,60+,Asian / Asian-American,1000,no
control,pid_871,Female,60+,Latino / Hispanic,1000,yes
control,pid_872,Male,45-59,Black / African-American,1000,yes
control,pid_875,Male,18-29,Black / African-American,1000,no
control,pid_877,Female,30-44,White / Caucasian,1000,no
control,pid_879,Female,60+,White / Caucasian,1000,no
control,pid_881,Male,18-29,White / Caucasian,1000,yes
control,pid_882,Male,30-44,Latino / Hispanic,1000,yes
control,pid_883,Male,18-29,White / Caucasian,1000,yes
control,pid_889,Male,18-29,White / Caucasian,1000,no
control,pid_890,Male,60+,White / Caucasian,1000,no
control,pid_895,Female,30-44,Asian / Asian-American,1000,yes
control,pid_897,Male,60+,White / Caucasian,1000,yes
control,pid_898,Female,45-59,White / Caucasian,1000,no
control,pid_900,Female,60+,White / Caucasian,1000,yes
control,pid_903,Female,18-29,Latino / Hispanic,1000,yes
control,pid_904,Male,18-29,White / Caucasian,1000,yes
control,pid_906,Male,18-29,White / Caucasian,1000,no
control,pid_909,Female,45-59,White / Caucasian,1000,no
control,pid_910,Male,45-59,White / Caucasian,1000,yes
control,pid_912,Male,45-59,White / Caucasian,1000,no
control,pid_913,Female,18-29,White / Caucasian,1000,yes
control,pid_914,Male,60+,Latino / Hispanic,1000,yes
control,pid_916,Male,60+,White / Caucasian,1000,yes
control,pid_917,Male,30-44,White / Caucasian,1000,yes
control,pid_918,Male,60+,White / Caucasian,1000,no
control,pid_920,Male,60+,Black / African-American,1000,yes
control,pid_921,Female,30-44,Latino / Hispanic,1000,yes
control,pid_924,Male,30-44,White / Caucasian,1000,yes
control,pid_926,Female,60+,White / Caucasian,1000,yes
control,pid_927,Male,60+,White / Caucasian,1000,no
control,pid_932,Female,18-29,Latino / Hispanic,1000,no
control,pid_933,Female,60+,Other,1000,yes
control,pid_935,Male,30-44,White / Caucasian,1000,yes
control,pid_938,Male,30-44,White / Caucasian,1000,no
control,pid_939,Female,60+,Latino / Hispanic,1000,yes
control,pid_940,Male,18-29,White / Caucasian,1000,yes
control,pid_945,Female,30-44,White / Caucasian,1000,yes
control,pid_946,Female,45-59,Asian / Asian-American,1000,yes
control,pid_949,Male,60+,White / Caucasian,1000,yes
control,pid_950,Male,30-44,Latino / Hispanic,1000,yes
control,pid_951,Female,45-59,Latino / Hispanic,1000,yes
control,pid_954,Female,18-29,Latino / Hispanic,1000,yes
control,pid_955,Female,60+,White / Caucasian,1000,yes
control,pid_956,Male,30-44,Latino / Hispanic,1000,no
control,pid_957,Female,30-44,Latino / Hispanic,1000,yes
control,pid_958,Female,60+,White / Caucasian,1000,yes
control,pid_959,Female,18-29,Black / African-American,1000,no
control,pid_961,Female,30-44,Black / African-American,1000,yes
control,pid_964,Female,45-59,White / Caucasian,1000,no
control,pid_965,Male,30-44,Black / African-American,1000,no
control,pid_966,Male,18-29,White / Caucasian,1000,no
control,pid_968,Male,30-44,Black / African-American,1000,no
control,pid_969,Female,45-59,White / Caucasian,1000,yes
control,pid_970,Male,60+,Latino / Hispanic,1000,yes
control,pid_973,Male,30-44,Black / African-American,1000,no
control,pid_975,Male,60+,White / Caucasian,1000,no
control,pid_976,Female,45-59,White / Caucasian,1000,yes
control,pid_977,Male,60+,Black / African-American,1000,no
control,pid_980,Female,30-44,White / Caucasian,1000,no
control,pid_982,Female,45-59,White / Caucasian,1000,no
control,pid_983,Male,45-59,White / Caucasian,1000,yes
control,pid_984,Male,60+,White / Caucasian,1000,no
control,pid_985,Male,60+,White / Caucasian,1000,no
control,pid_991,Male,30-44,White / Caucasian,1000,no
control,pid_992,Male,60+,Black / African-American,1000,no
control,pid_996,Male,45-59,White / Caucasian,1000,no
control,pid_1001,Male,18-29,Latino / Hispanic,1000,yes
control,pid_1003,Female,60+,White / Caucasian,1000,yes
control,pid_1005,Female,30-44,White / Caucasian,1000,no
control,pid_1006,Female,60+,White / Caucasian,1000,no
control,pid_1007,Male,30-44,Black / African-American,1000,yes
control,pid_1008,Male,60+,White / Caucasian,1000,no
control,pid_1010,Female,60+,Latino / Hispanic,1000,yes
control,pid_1011,Female,30-44,Other,1000,yes
control,pid_1016,Female,18-29,White / Caucasian,1000,yes
control,pid_1017,Female,30-44,White / Caucasian,1000,no
control,pid_1018,Female,18-29,Other,1000,yes
control,pid_1019,Female,45-59,Latino / Hispanic,1000,yes
control,pid_1021,Male,45-59,White / Caucasian,1000,no
control,pid_1022,Female,18-29,White / Caucasian,1000,no
control,pid_1023,Male,18-29,Black / African-American,1000,no
control,pid_1027,Female,45-59,White / Caucasian,1000,no
control,pid_1029,Female,45-59,Black / African-American,1000,no
control,pid_1030,Female,45-59,Other,1000,yes
control,pid_1031,Male,45-59,Asian / Asian-American,1000,no
control,pid_1034,Male,60+,Black / African-American,1000,no
control,pid_1037,Female,18-29,White / Caucasian,1000,yes
control,pid_1038,Male,45-59,White / Caucasian,1000,no
control,pid_1041,Male,45-59,White / Caucasian,1000,yes
control,pid_1043,Female,30-44,White / Caucasian,1000,yes
control,pid_1044,Female,45-59,White / Caucasian,1000,yes
control,pid_1045,Female,60+,Black / African-American,1000,no
control,pid_1046,Female,60+,White / Caucasian,1000,no
control,pid_1047,Female,60+,White / Caucasian,1000,yes
control,pid_1048,Male,30-44,White / Caucasian,1000,yes
control,pid_1050,Male,60+,White / Caucasian,1000,no
control,pid_1051,Male,18-29,Latino / Hispanic,1000,yes
control,pid_1053,Female,18-29,White / Caucasian,1000,no
control,pid_1054,Male,60+,White / Caucasian,1000,yes
control,pid_1060,Male,30-44,Black / African-American,1000,yes
control,pid_1062,Female,60+,White / Caucasian,1000,no
control,pid_1063,Female,18-29,Asian / Asian-American,1000,yes
control,pid_1064,Male,18-29,White / Caucasian,1000,yes
control,pid_1065,Male,30-44,Latino / Hispanic,1000,no
control,pid_1067,Male,60+,White / Caucasian,1000,no
control,pid_1072,Male,18-29,Latino / Hispanic,1000,yes
control,pid_1073,Male,60+,White / Caucasian,1000,no
control,pid_1081,Female,60+,White / Caucasian,1000,no
control,pid_1082,Female,45-59,Black / African-American,1000,yes
control,pid_1086,Female,30-44,Black / African-American,1000,no
control,pid_1089,Female,60+,White / Caucasian,1000,yes
control,pid_1090,Female,60+,White / Caucasian,1000,no
control,pid_1091,Male,60+,White / Caucasian,1000,no
control,pid_1092,Female,45-59,White / Caucasian,1000,no
control,pid_1094,Female,30-44,White / Caucasian,1000,yes
control,pid_1096,Female,30-44,White / Caucasian,1000,no
control,pid_1097,Female,60+,Latino / Hispanic,1000,yes
control,pid_1100,Male,30-44,White / Caucasian,1000,yes
control,pid_1101,Male,18-29,Other,1000,no
control,pid_1103,Female,18-29,Asian / Asian-American,1000,no
control,pid_1108,Female,60+,White / Caucasian,1000,no
control,pid_1109,Male,45-59,White / Caucasian,1000,yes
control,pid_1111,Male,60+,White / Caucasian,1000,no
control,pid_1114,Male,45-59,Other,1000,yes
control,pid_1115,Female,45-59,White / Caucasian,1000,yes
control,pid_1116,Male,18-29,White / Caucasian,1000,yes
control,pid_1118,Male,18-29,White / Caucasian,1000,no
control,pid_1120,Male,30-44,White / Caucasian,1000,no
control,pid_1122,Male,18-29,Latino / Hispanic,1000,no
control,pid_1124,Female,30-44,Black / African-American,1000,yes
control,pid_1125,Male,30-44,Asian / Asian-American,1000,yes
control,pid_1128,Female,18-29,White / Caucasian,1000,no
control,pid_1129,Female,45-59,White / Caucasian,1000,no
control,pid_1130,Female,18-29,White / Caucasian,1000,no
control,pid_1131,Male,45-59,White / Caucasian,1000,yes
control,pid_1132,Female,45-59,Latino / Hispanic,1000,yes
control,pid_1133,Female,60+,White / Caucasian,1000,no
control,pid_1135,Male,45-59,White / Caucasian,1000,yes
control,pid_1137,Male,60+,Asian / Asian-American,1000,yes
control,pid_1138,Male,30-44,White / Caucasian,1000,yes
control,pid_1139,Female,60+,White / Caucasian,1000,no
control,pid_1144,Male,60+,White / Caucasian,1000,yes
control,pid_1145,Female,30-44,Asian / Asian-American,1000,yes
control,pid_1147,Male,30-44,White / Caucasian,1000,yes
control,pid_1148,Female,30-44,Latino / Hispanic,1000,yes
control,pid_1153,Female,30-44,White / Caucasian,1000,yes
control,pid_1154,Female,30-44,White / Caucasian,1000,no
control,pid_1156,Male,45-59,White / Caucasian,1000,no
control,pid_1157,Female,45-59,White / Caucasian,1000,yes
control,pid_1159,Female,60+,White / Caucasian,1000,yes
control,pid_1168,Male,45-59,White / Caucasian,1000,yes
control,pid_1174,Female,45-59,White / Caucasian,1000,yes
control,pid_1175,Female,30-44,Latino / Hispanic,1000,no
control,pid_1176,Male,30-44,White / Caucasian,1000,yes
control,pid_1178,Female,18-29,Latino / Hispanic,1000,yes
control,pid_1179,Male,60+,White / Caucasian,1000,no
control,pid_1181,Female,18-29,Asian / Asian-American,1000,no
control,pid_1182,Male,60+,White / Caucasian,1000,yes
control,pid_1183,Female,60+,White / Caucasian,1000,yes
control,pid_1185,Female,30-44,White / Caucasian,1000,no
control,pid_1186,Female,30-44,White / Caucasian,1000,no
control,pid_1187,Male,18-29,White / Caucasian,1000,yes
control,pid_1188,Male,18-29,Asian / Asian-American,1000,yes
control,pid_1189,Female,30-44,Asian / Asian-American,1000,yes
control,pid_1190,Female,30-44,White / Caucasian,1000,no
control,pid_1193,Male,30-44,Latino / Hispanic,1000,yes
control,pid_1194,Male,30-44,White / Caucasian,1000,yes
control,pid_1197,Female,60+,White / Caucasian,1000,yes
control,pid_1199,Male,60+,Black / African-American,1000,yes
control,pid_1201,Male,30-44,Latino / Hispanic,1000,no
control,pid_1202,Male,60+,White / Caucasian,1000,yes
control,pid_1203,Male,18-29,Asian / Asian-American,1000,yes
control,pid_1204,Female,18-29,Latino / Hispanic,1000,no
control,pid_1205,Male,60+,White / Caucasian,1000,no
control,pid_1207,Female,45-59,Asian / Asian-American,1000,no
control,pid_1208,Female,30-44,Asian / Asian-American,1000,no
control,pid_1210,Female,45-59,White / Caucasian,1000,no
control,pid_1211,Male,30-44,White / Caucasian,1000,no
control,pid_1212,Male,30-44,Latino / Hispanic,1000,yes
control,pid_1214,Male,30-44,Latino / Hispanic,1000,no
control,pid_1217,Female,45-59,Latino / Hispanic,1000,yes
control,pid_1218,Male,30-44,Latino / Hispanic,1000,no
control,pid_1219,Male,60+,White / Caucasian,1000,yes
control,pid_1221,Male,18-29,Latino / Hispanic,1000,yes
control,pid_1223,Female,30-44,White / Caucasian,1000,no
control,pid_1225,Male,60+,White / Caucasian,1000,yes
control,pid_1226,Female,60+,White / Caucasian,1000,no
control,pid_1227,Female,30-44,Latino / Hispanic,1000,yes
control,pid_1228,Male,30-44,Latino / Hispanic,1000,no
control,pid_1229,Female,30-44,Other,1000,no
control,pid_1230,Male,30-44,Latino / Hispanic,1000,no
control,pid_1232,Male,18-29,Latino / Hispanic,1000,no
control,pid_1236,Male,45-59,White / Caucasian,1000,no
control,pid_1237,Female,18-29,Other,1000,no
control,pid_1238,Female,60+,White / Caucasian,1000,yes
control,pid_1240,Male,18-29,White / Caucasian,1000,yes
control,pid_1241,Female,60+,Asian / Asian-American,1000,no
control,pid_1242,Male,45-59,White / Caucasian,1000,no
control,pid_1243,Female,60+,White / Caucasian,1000,no
control,pid_1244,Male,30-44,Latino / Hispanic,1000,no
control,pid_1246,Female,30-44,Black / African-American,1000,no
control,pid_1248,Male,45-59,White / Caucasian,1000,yes
control,pid_1249,Female,45-59,White / Caucasian,1000,yes
control,pid_1253,Female,45-59,Black / African-American,1000,yes
control,pid_1254,Male,18-29,White / Caucasian,1000,no
control,pid_1256,Female,30-44,Latino / Hispanic,1000,yes
control,pid_1257,Male,18-29,Latino / Hispanic,1000,no
control,pid_1258,Male,18-29,Latino / Hispanic,1000,no
control,pid_1262,Male,30-44,Latino / Hispanic,1000,yes
control,pid_1266,Male,30-44,Asian / Asian-American,1000,no
control,pid_1273,Male,60+,White / Caucasian,1000,yes
control,pid_1275,Male,18-29,Asian / Asian-American,1000,no
control,pid_1276,Female,30-44,Black / African-American,1000,no
control,pid_1277,Female,30-44,White / Caucasian,1000,no
control,pid_1278,Male,30-44,White / Caucasian,1000,yes
control,pid_1279,Male,30-44,Latino / Hispanic,1000,no
control,pid_1280,Female,60+,White / Caucasian,1000,no
control,pid_1283,Male,18-29,White / Caucasian,1000,no
control,pid_1284,Female,60+,Asian / Asian-American,1000,no
control,pid_1286,Male,30-44,White / Caucasian,1000,yes
control,pid_1289,Male,30-44,White / Caucasian,1000,yes
control,pid_1290,Female,30-44,White / Caucasian,1000,yes
control,pid_1291,Male,18-29,White / Caucasian,1000,no
control,pid_1292,Female,18-29,Black / African-American,1000,no
control,pid_1295,Female,60+,Asian / Asian-American,1000,no
control,pid_1298,Female,30-44,Black / African-American,1000,no
control,pid_1299,Female,30-44,White / Caucasian,1000,yes
control,pid_1300,Male,60+,White / Caucasian,1000,no
control,pid_1301,Female,45-59,Black / African-American,1000,yes
control,pid_1302,Male,30-44,Black / African-American,1000,yes
control,pid_1303,Female,60+,White / Caucasian,1000,no
control,pid_1305,Female,30-44,White / Caucasian,1000,no
control,pid_1307,Male,60+,White / Caucasian,1000,no
control,pid_1309,Male,45-59,White / Caucasian,1000,no
control,pid_1310,Female,18-29,White / Caucasian,1000,no
control,pid_1311,Female,30-44,Latino / Hispanic,1000,yes
control,pid_1316,Female,60+,White / Caucasian,1000,yes
control,pid_1317,Female,30-44,Black / African-American,1000,yes
control,pid_1320,Male,45-59,Black / African-American,1000,no
control,pid_1322,Male,30-44,Latino / Hispanic,1000,no
control,pid_1323,Male,60+,White / Caucasian,1000,yes
control,pid_1330,Female,45-59,White / Caucasian,1000,no
control,pid_1332,Male,30-44,Latino / Hispanic,1000,no
control,pid_1333,Female,30-44,Latino / Hispanic,1000,no
control,pid_1339,Female,60+,White / Caucasian,1000,yes
control,pid_1343,Male,45-59,White / Caucasian,1000,yes
control,pid_1344,Female,30-44,White / Caucasian,1000,no
control,pid_1345,Male,18-29,Asian / Asian-American,1000,yes
control,pid_1350,Male,30-44,Asian / Asian-American,1000,yes
control,pid_1351,Male,18-29,White / Caucasian,1000,no
control,pid_1353,Female,45-59,White / Caucasian,1000,yes
control,pid_1359,Male,60+,White / Caucasian,1000,no
control,pid_1362,Male,18-29,White / Caucasian,1000,yes
control,pid_1365,Female,18-29,White / Caucasian,1000,no
control,pid_1367,Female,18-29,White / Caucasian,1000,yes
control,pid_1368,Male,30-44,White / Caucasian,1000,yes
control,pid_1369,Male,60+,White / Caucasian,1000,yes
control,pid_1372,Female,45-59,White / Caucasian,1000,no
control,pid_1378,Male,60+,White / Caucasian,1000,no
control,pid_1379,Female,30-44,White / Caucasian,1000,yes
control,pid_1380,Female,30-44,White / Caucasian,1000,yes
control,pid_1382,Female,18-29,White / Caucasian,1000,yes
control,pid_1386,Male,30-44,Latino / Hispanic,1000,yes
control,pid_1387,Female,18-29,White / Caucasian,1000,yes
control,pid_1390,Female,45-59,White / Caucasian,1000,no
control,pid_1392,Female,60+,White / Caucasian,1000,no
control,pid_1393,Male,45-59,Other,1000,no
control,pid_1394,Male,30-44,White / Caucasian,1000,no
control,pid_1399,Male,60+,Black / African-American,1000,no
control,pid_1400,Female,18-29,White / Caucasian,1000,yes
control,pid_1403,Female,30-44,Black / African-American,1000,yes
control,pid_1407,Male,30-44,White / Caucasian,1000,no
control,pid_1408,Male,45-59,White / Caucasian,1000,no
control,pid_1411,Female,60+,White / Caucasian,1000,yes
control,pid_1412,Female,30-44,White / Caucasian,1000,yes
control,pid_1413,Male,30-44,White / Caucasian,1000,yes
control,pid_1414,Female,60+,Asian / Asian-American,1000,no
control,pid_1415,Male,18-29,Black / African-American,1000,no
control,pid_1416,Male,45-59,White / Caucasian,1000,yes
control,pid_1418,Female,45-59,White / Caucasian,1000,yes
control,pid_1419,Female,18-29,White / Caucasian,1000,no
control,pid_1420,Female,45-59,White / Caucasian,1000,yes
control,pid_1421,Male,60+,White / Caucasian,1000,no
control,pid_1423,Male,60+,White / Caucasian,1000,yes
control,pid_1425,Female,45-59,White / Caucasian,1000,no
control,pid_1427,Female,60+,White / Caucasian,1000,yes
control,pid_1430,Female,45-59,White / Caucasian,1000,no
control,pid_1433,Male,18-29,Latino / Hispanic,1000,no
control,pid_1435,Female,30-44,Black / African-American,1000,yes
control,pid_1439,Male,30-44,Latino / Hispanic,1000,yes
control,pid_1440,Female,60+,White / Caucasian,1000,no
control,pid_1443,Female,30-44,White / Caucasian,1000,no
control,pid_1445,Female,18-29,White / Caucasian,1000,yes
control,pid_1446,Female,30-44,White / Caucasian,1000,yes
control,pid_1447,Female,18-29,Black / African-American,1000,no
control,pid_1448,Male,18-29,White / Caucasian,1000,yes
control,pid_1449,Female,18-29,Latino / Hispanic,1000,yes
control,pid_1451,Male,60+,Latino / Hispanic,1000,yes
control,pid_1452,Male,45-59,White / Caucasian,1000,yes
control,pid_1454,Female,18-29,White / Caucasian,1000,no
control,pid_1455,Female,18-29,Black / African-American,1000,yes
control,pid_1456,Male,30-44,Black / African-American,1000,no
control,pid_1457,Female,60+,White / Caucasian,1000,yes
control,pid_1458,Male,60+,White / Caucasian,1000,yes
control,pid_1460,Male,18-29,White / Caucasian,1000,yes
control,pid_1463,Male,30-44,Black / African-American,1000,yes
control,pid_1465,Male,18-29,White / Caucasian,1000,yes
control,pid_1467,Male,60+,White / Caucasian,1000,no
control,pid_1468,Male,30-44,Latino / Hispanic,1000,no
control,pid_1469,Male,45-59,Black / African-American,1000,no
control,pid_1470,Female,45-59,White / Caucasian,1000,no
control,pid_1471,Male,30-44,White / Caucasian,1000,yes
control,pid_1473,Female,30-44,Black / African-American,1000,yes
control,pid_1474,Female,45-59,White / Caucasian,1000,yes
control,pid_1477,Male,18-29,Latino / Hispanic,1000,yes
control,pid_1478,Male,60+,White / Caucasian,1000,no
control,pid_1479,Female,30-44,Black / African-American,1000,no
control,pid_1481,Male,45-59,White / Caucasian,1000,no
control,pid_1485,Female,45-59,White / Caucasian,1000,no
control,pid_1487,Female,18-29,White / Caucasian,1000,yes
control,pid_1488,Male,60+,Asian / Asian-American,1000,no
control,pid_1489,Male,30-44,White / Caucasian,1000,no
control,pid_1491,Male,18-29,White / Caucasian,1000,no
control,pid_1493,Female,45-59,Black / African-American,1000,no
control,pid_1499,Male,60+,Black / African-American,1000,yes
control,pid_1502,Male,30-44,Latino / Hispanic,1000,yes
control,pid_1503,Male,45-59,White / Caucasian,1000,yes
control,pid_1506,Male,30-44,White / Caucasian,1000,no
control,pid_1510,Female,18-29,White / Caucasian,1000,no
control,pid_1512,Female,60+,White / Caucasian,1000,yes
control,pid_1515,Female,30-44,Asian / Asian-American,1000,no
control,pid_1516,Male,60+,White / Caucasian,1000,yes
control,pid_1517,Male,30-44,White / Caucasian,1000,no
control,pid_1519,Male,30-44,Other,1000,no
control,pid_1522,Male,30-44,Latino / Hispanic,1000,yes
control,pid_1525,Female,45-59,White / Caucasian,1000,no
control,pid_1526,Male,18-29,Latino / Hispanic,1000,yes
control,pid_1528,Male,30-44,Black / African-American,1000,no
control,pid_1531,Female,60+,White / Caucasian,1000,yes
control,pid_1534,Male,45-59,Black / African-American,1000,yes
control,pid_1535,Female,45-59,White / Caucasian,1000,no
control,pid_1536,Female,60+,Black / African-American,1000,no
control,pid_1539,Female,18-29,White / Caucasian,1000,yes
control,pid_1541,Female,18-29,White / Caucasian,1000,no
control,pid_1543,Female,45-59,White / Caucasian,1000,no
control,pid_1544,Female,30-44,Latino / Hispanic,1000,yes
control,pid_1546,Female,30-44,Latino / Hispanic,1000,yes
control,pid_1548,Female,18-29,Black / African-American,1000,yes
control,pid_1554,Male,60+,Latino / Hispanic,1000,yes
control,pid_1555,Female,18-29,Asian / Asian-American,1000,no
control,pid_1556,Female,30-44,Black / African-American,1000,no
control,pid_1559,Male,60+,White / Caucasian,1000,no
control,pid_1561,Female,30-44,Asian / Asian-American,1000,no
control,pid_1562,Male,60+,White / Caucasian,1000,no
control,pid_1563,Female,45-59,Latino / Hispanic,1000,yes
control,pid_1565,Female,60+,White / Caucasian,1000,no
control,pid_1566,Male,18-29,Latino / Hispanic,1000,yes
control,pid_1567,Male,30-44,White / Caucasian,1000,no
control,pid_1568,Female,30-44,Black / African-American,1000,no
control,pid_1570,Male,18-29,White / Caucasian,1000,no
control,pid_1571,Male,30-44,White / Caucasian,1000,yes
control,pid_1573,Female,18-29,Latino / Hispanic,1000,no
control,pid_1574,Male,18-29,White / Caucasian,1000,no
control,pid_1577,Female,45-59,Asian / Asian-American,1000,no
control,pid_1578,Female,60+,White / Caucasian,1000,no
control,pid_1581,Female,30-44,Black / African-American,1000,yes
control,pid_1582,Male,30-44,White / Caucasian,1000,no
control,pid_1583,Male,18-29,Other,1000,yes
control,pid_1584,Female,30-44,Asian / Asian-American,1000,yes
control,pid_1586,Male,30-44,White / Caucasian,1000,yes
control,pid_1588,Male,45-59,Asian / Asian-American,1000,yes
control,pid_1590,Male,30-44,Latino / Hispanic,1000,yes
control,pid_1596,Female,18-29,Latino / Hispanic,1000,yes
control,pid_1598,Male,18-29,White / Caucasian,1000,yes
control,pid_1602,Female,18-29,White / Caucasian,1000,no
control,pid_1604,Female,60+,Latino / Hispanic,1000,yes
control,pid_1605,Female,30-44,White / Caucasian,1000,yes
control,pid_1606,Female,18-29,Asian / Asian-American,1000,no
control,pid_1608,Female,30-44,White / Caucasian,1000,no
control,pid_1609,Male,60+,White / Caucasian,1000,no
control,pid_1611,Female,30-44,Asian / Asian-American,1000,no
control,pid_1616,Female,60+,White / Caucasian,1000,no
control,pid_1619,Male,18-29,Latino / Hispanic,1000,no
control,pid_1621,Female,30-44,Latino / Hispanic,1000,no
control,pid_1622,Female,60+,Black / African-American,1000,no
control,pid_1624,Female,30-44,White / Caucasian,1000,no
control,pid_1625,Male,30-44,Latino / Hispanic,1000,yes
control,pid_1626,Female,60+,Black / African-American,1000,no
control,pid_1628,Female,60+,White / Caucasian,1000,no
control,pid_1633,Female,45-59,Latino / Hispanic,1000,no
control,pid_1637,Female,18-29,Black / African-American,1000,no
control,pid_1641,Female,60+,White / Caucasian,1000,no
control,pid_1643,Female,45-59,White / Caucasian,1000,yes
control,pid_1645,Male,45-59,Asian / Asian-American,1000,yes
control,pid_1646,Male,30-44,Black / African-American,1000,no
control,pid_1649,Female,30-44,White / Caucasian,1000,yes
control,pid_1651,Female,18-29,Latino / Hispanic,1000,no
control,pid_1653,Male,18-29,White / Caucasian,1000,yes
control,pid_1654,Male,18-29,Latino / Hispanic,1000,no
control,pid_1656,Male,60+,White / Caucasian,1000,yes
control,pid_1657,Male,30-44,White / Caucasian,1000,yes
control,pid_1660,Female,18-29,Asian / Asian-American,1000,yes
control,pid_1663,Female,30-44,White / Caucasian,1000,yes
control,pid_1665,Male,60+,White / Caucasian,1000,no
control,pid_1666,Female,18-29,Other,1000,no
control,pid_1667,Female,18-29,White / Caucasian,1000,yes
control,pid_1668,Male,45-59,Other,1000,no
control,pid_1670,Female,18-29,Latino / Hispanic,1000,yes
control,pid_1675,Female,45-59,Black / African-American,1000,no
control,pid_1676,Female,18-29,Asian / Asian-American,1000,yes
control,pid_1679,Male,60+,White / Caucasian,1000,no
control,pid_1680,Male,60+,White / Caucasian,1000,yes
control,pid_1681,Female,45-59,Latino / Hispanic,1000,yes
control,pid_1682,Male,30-44,Latino / Hispanic,1000,no
control,pid_1684,Male,60+,White / Caucasian,1000,yes
control,pid_1685,Female,60+,White / Caucasian,1000,no
control,pid_1687,Female,30-44,Latino / Hispanic,1000,yes
control,pid_1688,Female,30-44,Latino / Hispanic,1000,no
control,pid_1689,Female,60+,White / Caucasian,1000,yes
control,pid_1691,Female,30-44,White / Caucasian,1000,no
control,pid_1692,Female,18-29,White / Caucasian,1000,no
control,pid_1693,Female,60+,White / Caucasian,1000,no
control,pid_1697,Male,45-59,Black / African-American,1000,yes
control,pid_1698,Male,18-29,Latino / Hispanic,1000,no
control,pid_1700,Male,30-44,Latino / Hispanic,1000,no
control,pid_1704,Male,30-44,White / Caucasian,1000,yes
control,pid_1707,Male,30-44,White / Caucasian,1000,no
control,pid_1708,Female,60+,White / Caucasian,1000,no
control,pid_1712,Female,30-44,White / Caucasian,1000,yes
control,pid_1715,Female,60+,White / Caucasian,1000,no
control,pid_1717,Male,60+,White / Caucasian,1000,yes
control,pid_1718,Male,18-29,White / Caucasian,1000,no
control,pid_1719,Female,30-44,Asian / Asian-American,1000,no
control,pid_1721,Female,45-59,White / Caucasian,1000,yes
control,pid_1726,Female,45-59,Latino / Hispanic,1000,yes
control,pid_1727,Male,30-44,Black / African-American,1000,no
control,pid_1728,Female,30-44,White / Caucasian,1000,yes
control,pid_1731,Male,18-29,White / Caucasian,1000,no
control,pid_1732,Female,45-59,Other,1000,no
control,pid_1737,Female,60+,White / Caucasian,1000,no
control,pid_1740,Female,45-59,White / Caucasian,1000,yes
control,pid_1741,Male,18-29,Other,1000,yes
control,pid_1743,Male,30-44,White / Caucasian,1000,yes
control,pid_1745,Female,60+,White / Caucasian,1000,no
control,pid_1748,Female,45-59,Other,1000,no
control,pid_1751,Female,45-59,White / Caucasian,1000,yes
control,pid_1754,Female,60+,White / Caucasian,1000,no
control,pid_1757,Female,60+,White / Caucasian,1000,yes
control,pid_1759,Male,30-44,Latino / Hispanic,1000,no
control,pid_1760,Male,45-59,Black / African-American,1000,no
control,pid_1763,Female,45-59,Latino / Hispanic,1000,yes
control,pid_1766,Male,45-59,White / Caucasian,1000,no
control,pid_1772,Female,60+,Asian / Asian-American,1000,yes
control,pid_1773,Male,18-29,Latino / Hispanic,1000,yes
control,pid_1775,Male,45-59,White / Caucasian,1000,yes
control,pid_1779,Male,30-44,Other,1000,yes
control,pid_1780,Male,30-44,Latino / Hispanic,1000,yes
control,pid_1782,Male,30-44,White / Caucasian,1000,yes
control,pid_1786,Male,60+,White / Caucasian,1000,no
control,pid_1790,Female,30-44,Black / African-American,1000,yes
control,pid_1791,Female,60+,Asian / Asian-American,1000,yes
control,pid_1793,Female,60+,Asian / Asian-American,1000,yes
control,pid_1803,Female,60+,White / Caucasian,1000,yes
control,pid_1804,Female,45-59,Latino / Hispanic,1000,no
control,pid_1805,Male,30-44,Black / African-American,1000,yes
control,pid_1806,Female,60+,White / Caucasian,1000,yes
control,pid_1807,Female,18-29,Latino / Hispanic,1000,no
control,pid_1809,Male,18-29,White / Caucasian,1000,yes
control,pid_1811,Female,45-59,White / Caucasian,1000,yes
control,pid_1812,Female,30-44,White / Caucasian,1000,no
control,pid_1814,Female,18-29,White / Caucasian,1000,yes
control,pid_1815,Female,60+,Black / African-American,1000,yes
control,pid_1816,Female,45-59,White / Caucasian,1000,no
control,pid_1819,Male,30-44,White / Caucasian,1000,yes
control,pid_1820,Female,30-44,White / Caucasian,1000,yes
control,pid_1821,Female,30-44,Latino / Hispanic,1000,no
control,pid_1822,Female,60+,White / Caucasian,1000,yes
control,pid_1824,Male,18-29,Latino / Hispanic,1000,yes
control,pid_1825,Female,18-29,White / Caucasian,1000,no
control,pid_1827,Male,30-44,White / Caucasian,1000,no
control,pid_1829,Female,18-29,White / Caucasian,1000,yes
control,pid_1833,Female,18-29,Latino / Hispanic,1000,yes
control,pid_1835,Female,30-44,White / Caucasian,1000,no
control,pid_1836,Male,45-59,White / Caucasian,1000,no
control,pid_1837,Male,18-29,Latino / Hispanic,1000,yes
control,pid_1840,Female,30-44,Latino / Hispanic,1000,yes
control,pid_1843,Male,30-44,White / Caucasian,1000,yes
control,pid_1846,Female,60+,White / Caucasian,1000,yes
control,pid_1847,Male,45-59,Asian / Asian-American,1000,yes
control,pid_1849,Male,18-29,Latino / Hispanic,1000,no
control,pid_1850,Female,18-29,Asian / Asian-American,1000,no
control,pid_1851,Male,45-59,White / Caucasian,1000,no
control,pid_1853,Male,18-29,Latino / Hispanic,1000,yes
control,pid_1857,Male,45-59,White / Caucasian,1000,yes
control,pid_1860,Male,45-59,White / Caucasian,1000,no
control,pid_1861,Male,18-29,Latino / Hispanic,1000,no
control,pid_1865,Male,18-29,White / Caucasian,1000,no
control,pid_1866,Female,45-59,White / Caucasian,1000,yes
control,pid_1867,Female,60+,White / Caucasian,1000,no
control,pid_1869,Male,18-29,Latino / Hispanic,1000,no
control,pid_1870,Female,45-59,White / Caucasian,1000,yes
control,pid_1871,Male,30-44,White / Caucasian,1000,no
control,pid_1872,Male,45-59,White / Caucasian,1000,yes
control,pid_1873,Female,30-44,Asian / Asian-American,1000,no
control,pid_1876,Male,60+,White / Caucasian,1000,no
control,pid_1877,Female,30-44,White / Caucasian,1000,yes
control,pid_1878,Male,45-59,White / Caucasian,1000,yes
control,pid_1879,Female,60+,White / Caucasian,1000,no
control,pid_1882,Male,30-44,White / Caucasian,1000,no
control,pid_1884,Male,60+,White / Caucasian,1000,yes
control,pid_1886,Male,18-29,White / Caucasian,1000,yes
control,pid_1887,Male,18-29,Latino / Hispanic,1000,no
control,pid_1888,Male,60+,White / Caucasian,1000,no
control,pid_1889,Male,30-44,White / Caucasian,1000,yes
control,pid_1890,Male,30-44,White / Caucasian,1000,yes
control,pid_1893,Female,18-29,Latino / Hispanic,1000,yes
control,pid_1897,Male,45-59,White / Caucasian,1000,no
control,pid_1901,Female,30-44,White / Caucasian,1000,yes
control,pid_1904,Male,30-44,White / Caucasian,1000,yes
control,pid_1908,Female,45-59,White / Caucasian,1000,yes
control,pid_1909,Female,60+,Latino / Hispanic,1000,yes
control,pid_1912,Male,30-44,Asian / Asian-American,1000,yes
control,pid_1913,Female,30-44,Other,1000,yes
control,pid_1916,Female,45-59,White / Caucasian,1000,no
control,pid_1917,Female,18-29,White / Caucasian,1000,yes
control,pid_1919,Male,45-59,White / Caucasian,1000,yes
control,pid_1920,Male,18-29,Latino / Hispanic,1000,no
control,pid_1926,Female,60+,White / Caucasian,1000,no
control,pid_1928,Female,60+,Latino / Hispanic,1000,no
control,pid_1929,Female,60+,White / Caucasian,1000,yes
control,pid_1931,Male,60+,White / Caucasian,1000,yes
control,pid_1933,Female,18-29,White / Caucasian,1000,yes
control,pid_1934,Female,45-59,White / Caucasian,1000,no
control,pid_1937,Female,18-29,Other,1000,yes
control,pid_1938,Female,45-59,Black / African-American,1000,no
control,pid_1941,Female,18-29,White / Caucasian,1000,no
control,pid_1943,Female,18-29,White / Caucasian,1000,no
control,pid_1945,Female,30-44,White / Caucasian,1000,yes
control,pid_1952,Male,45-59,White / Caucasian,1000,yes
control,pid_1953,Male,45-59,White / Caucasian,1000,yes
control,pid_1955,Female,30-44,Latino / Hispanic,1000,no
control,pid_1958,Female,30-44,White / Caucasian,1000,no
control,pid_1961,Female,60+,Other,1000,yes
control,pid_1962,Male,60+,Asian / Asian-American,1000,no
control,pid_1963,Male,30-44,White / Caucasian,1000,yes
control,pid_1964,Female,18-29,White / Caucasian,1000,no
control,pid_1966,Female,18-29,Latino / Hispanic,1000,yes
control,pid_1967,Female,30-44,Latino / Hispanic,1000,no
control,pid_1969,Female,18-29,White / Caucasian,1000,no
control,pid_1970,Female,60+,Black / African-American,1000,no
control,pid_1971,Female,60+,White / Caucasian,1000,no
control,pid_1972,Male,18-29,Black / African-American,1000,yes
control,pid_1973,Female,18-29,Latino / Hispanic,1000,yes
control,pid_1975,Male,30-44,White / Caucasian,1000,no
control,pid_1977,Female,18-29,Black / African-American,1000,no
control,pid_1978,Male,30-44,White / Caucasian,1000,yes
control,pid_1981,Female,18-29,White / Caucasian,1000,yes
control,pid_1982,Male,45-59,White / Caucasian,1000,yes
control,pid_1983,Male,45-59,White / Caucasian,1000,no
control,pid_1985,Male,18-29,Black / African-American,1000,yes
control,pid_1988,Female,30-44,White / Caucasian,1000,yes
control,pid_1989,Female,30-44,White / Caucasian,1000,yes
control,pid_1990,Male,45-59,White / Caucasian,1000,no
control,pid_1993,Female,30-44,Asian / Asian-American,1000,no
control,pid_1997,Female,30-44,White / Caucasian,1000,yes
control,pid_1998,Female,60+,White / Caucasian,1000,yes
control,pid_1999,Female,30-44,White / Caucasian,1000,yes
control,pid_2000,Male,60+,White / Caucasian,1000,yes
control,pid_2001,Female,60+,White / Caucasian,1000,no
control,pid_2003,Male,18-29,White / Caucasian,1000,yes
control,pid_2004,Male,30-44,Asian / Asian-American,1000,no
control,pid_2005,Male,45-59,White / Caucasian,1000,yes
control,pid_2006,Male,45-59,White / Caucasian,1000,yes
control,pid_2007,Male,18-29,Black / African-American,1000,no
control,pid_2008,Female,45-59,Asian / Asian-American,1000,yes
control,pid_2010,Female,45-59,White / Caucasian,1000,yes
control,pid_2011,Male,18-29,Latino / Hispanic,1000,no
control,pid_2013,Female,45-59,White / Caucasian,1000,no
control,pid_2018,Male,18-29,Latino / Hispanic,1000,no
control,pid_2021,Female,45-59,White / Caucasian,1000,yes
control,pid_2022,Female,60+,Black / African-American,1000,yes
control,pid_2023,Female,45-59,Black / African-American,1000,no
control,pid_2024,Female,60+,Black / African-American,1000,no
control,pid_2025,Male,60+,White / Caucasian,1000,yes
control,pid_2026,Male,45-59,White / Caucasian,1000,yes
control,pid_2030,Female,60+,White / Caucasian,1000,yes
control,pid_2031,Male,45-59,White / Caucasian,1000,no
control,pid_2032,Female,18-29,White / Caucasian,1000,no
control,pid_2034,Male,45-59,White / Caucasian,1000,yes
control,pid_2038,Female,45-59,White / Caucasian,1000,no
control,pid_2040,Female,30-44,White / Caucasian,1000,no
control,pid_2041,Male,60+,White / Caucasian,1000,yes
control,pid_2042,Female,45-59,White / Caucasian,1000,no
control,pid_2044,Male,18-29,Black / African-American,1000,no
control,pid_2046,Male,18-29,Latino / Hispanic,1000,yes
control,pid_2049,Female,18-29,Black / African-American,1000,yes
control,pid_2052,Male,18-29,White / Caucasian,1000,yes
control,pid_2054,Female,30-44,Black / African-American,1000,yes
control,pid_2056,Male,18-29,White / Caucasian,1000,no
control,pid_2058,Male,45-59,Asian / Asian-American,1000,no
