base_pid,QID183,QID184,QID192,QID193,QID165,QID166,QID163,QID164,QID169,QID170,QID167,QID168,QID154,QID156,QID157,QID158,QID287_1,QID287_10,QID287_11,QID287_12,QID287_2,QID287_3,QID287_4,QID287_5,QID287_6,QID287_7,QID171,QID172,QID173,QID159_1,QID159_2,QID159_3,QID160_1,QID160_2,QID160_3,QID194,QID195,QID196,QID288_1,QID288_2,QID288_3,QID288_4,QID289_1,QID289_2,QID289_3,QID289_4,QID290_1,QID290_10,QID290_11,QID290_12,QID290_2,QID290_3,QID290_4,QID290_5,QID290_6,QID290_7,QID291,QID162,QID161,QID198_1,QID198_10,QID198_2,QID198_3,QID198_4,QID198_5,QID198_6,QID198_7,QID198_8,QID198_9,QID203_1,QID203_2,QID203_3,QID203_4,QID203_5,QID203_6,QID9_1,QID9_10,QID9_11,QID9_12,QID9_13,QID9_14,QID9_15,QID9_16,QID9_17,QID9_18,QID9_19,QID9_2,QID9_20,QID9_21,QID9_22,QID9_23,QID9_24,QID9_25,QID9_26,QID9_27,QID9_28,QID9_29,QID9_3,QID9_30,QID9_31,QID9_32,QID9_33,QID9_34,QID9_35,QID9_36,QID9_37,QID9_38,QID9_39,QID9_4,QID9_40,QID9_5,QID9_6,QID9_7,QID9_8,QID9_9,QID174,QID175,QID176,QID177,QID178,QID179,QID181,QID182,QID191,QID190,QID189
pid_1,,1.0,1.0,,2.0,54.0,,,2.0,380.0,,,30.0,,,2.0,4.0,5.0,2.0,2.0,5.0,4.0,4.0,5.0,5.0,5.0,2.0,,,,,,4.0,5.0,5.0,,4.0,1.0,7.0,5.0,5.0,6.0,5.0,5.0,6.0,6.0,55.0,58.0,48.0,42.0,60.0,62.0,48.0,68.0,65.0,75.0,4.0,,7.0,,,,,,,,,,,1.0,1.0,1.0,1.0,1.0,1.0,2.0,1.0,2.0,2.0,2.0,1.0,2.0,2.0,1.0,2.0,1.0,1.0,2.0,1.0,1.0,2.0,1.0,2.0,2.0,2.0,2.0,2.0,2.0,2.0,2.0,2.0,2.0,1.0,2.0,2.0,1.0,2.0,1.0,1.0,1.0,2.0,2.0,2.0,2.0,1.0,4.0,,,6.0,,,15.0,,2.0,,
pid_2,,1.0,1.0,,,,1.0,54.0,,,1.0,379.0,30.0,,,1.0,4.0,5.0,1.0,1.0,5.0,5.0,5.0,5.0,5.0,5.0,2.0,,,,,,4.0,4.0,5.0,6.0,,1.0,6.0,5.0,5.0,5.0,5.0,6.0,6.0,6.0,55.0,65.0,45.0,35.0,60.0,65.0,50.0,75.0,70.0,80.0,4.0,6.0,,1.0,1.0,1.0,1.0,1.0,1.0,1.0,1.0,1.0,1.0,,,,,,,1.0,2.0,1.0,2.0,1.0,2.0,2.0,2.0,2.0,2.0,2.0,2.0,1.0,1.0,1.0,1.0,1.0,1.0,1.0,2.0,1.0,1.0,2.0,1.0,2.0,2.0,1.0,2.0,1.0,1.0,2.0,1.0,2.0,1.0,1.0,1.0,2.0,1.0,2.0,1.0,5.0,,,6.0,,,,20.0,,10.0,
pid_3,1.0,,,2.0,,,1.0,20.0,,,1.0,200.0,,70.0,2.0,,4.0,4.0,4.0,2.0,4.0,4.0,2.0,5.0,4.0,4.0,,5.0,,,,,4.0,5.0,2.0,,4.0,1.0,6.0,5.0,5.0,5.0,3.0,5.0,6.0,6.0,55.0,65.0,55.0,45.0,60.0,62.0,48.0,68.0,62.0,72.0,4.0,,6.0,,,,,,,,,,,1.0,1.0,1.0,1.0,1.0,1.0,1.0,1.0,1.0,1.0,2.0,1.0,2.0,1.0,1.0,2.0,2.0,2.0,2.0,2.0,2.0,2.0,2.0,2.0,1.0,2.0,2.0,2.0,1.0,2.0,2.0,1.0,1.0,2.0,1.0,2.0,2.0,2.0,2.0,1.0,1.0,2.0,1.0,2.0,2.0,2.0,,4.0,,,6.0,,18.0,,,6.0,
pid_4,,1.0,2.0,,2.0,54.0,,,2.0,380.0,,,40.0,,2.0,,5.0,5.0,1.0,1.0,5.0,5.0,5.0,5.0,5.0,5.0,,5.0,,5.0,5.0,2.0,,,,6.0,,2.0,7.0,5.0,5.0,5.0,5.0,5.0,6.0,6.0,65.0,65.0,45.0,40.0,60.0,65.0,55.0,75.0,70.0,80.0,4.0,,7.0,1.0,1.0,1.0,1.0,1.0,1.0,1.0,1.0,1.0,1.0,,,,,,,2.0,2.0,1.0,2.0,2.0,2.0,2.0,2.0,2.0,2.0,1.0,2.0,1.0,2.0,2.0,1.0,2.0,2.0,1.0,2.0,1.0,2.0,1.0,2.0,2.0,1.0,1.0,2.0,2.0,2.0,2.0,2.0,1.0,1.0,1.0,1.0,1.0,2.0,1.0,2.0,,5.0,,,6.0,,,20.0,2.0,,
pid_5,1.0,,1.0,,,,1.0,45.0,,,1.0,300.0,40.0,,,3.0,4.0,4.0,2.0,2.0,4.0,4.0,2.0,4.0,4.0,5.0,,4.0,,4.0,5.0,3.0,,,,,4.0,1.0,6.0,3.0,5.0,5.0,5.0,5.0,6.0,6.0,55.0,55.0,50.0,40.0,60.0,60.0,52.0,70.0,65.0,80.0,4.0,6.0,,,,,,,,,,,,1.0,1.0,1.0,1.0,1.0,1.0,1.0,1.0,1.0,1.0,1.0,2.0,1.0,1.0,2.0,1.0,1.0,2.0,2.0,2.0,1.0,1.0,2.0,1.0,2.0,1.0,1.0,1.0,2.0,2.0,1.0,1.0,1.0,1.0,2.0,2.0,1.0,2.0,1.0,2.0,2.0,1.0,1.0,1.0,1.0,2.0,,4.0,,,6.0,,,20.0,,6.0,
pid_7,1.0,,1.0,,2.0,54.0,,,2.0,379.0,,,30.0,,3.0,,5.0,5.0,1.0,1.0,5.0,5.0,5.0,5.0,5.0,5.0,,5.0,,,,,4.0,5.0,5.0,6.0,,1.0,7.0,5.0,5.0,3.0,5.0,5.0,6.0,6.0,60.0,60.0,45.0,40.0,65.0,68.0,55.0,75.0,70.0,80.0,4.0,6.0,,,,,,,,,,,,1.0,1.0,1.0,1.0,1.0,1.0,1.0,2.0,2.0,2.0,1.0,1.0,1.0,1.0,2.0,1.0,2.0,1.0,2.0,1.0,1.0,2.0,2.0,1.0,1.0,1.0,2.0,1.0,2.0,2.0,1.0,2.0,1.0,2.0,1.0,1.0,1.0,2.0,2.0,1.0,1.0,2.0,1.0,1.0,1.0,2.0,,5.0,,,6.0,,18.0,,3.0,,
pid_8,1.0,,,2.0,,,1.0,50.0,,,1.0,300.0,,70.0,,1.0,4.0,5.0,1.0,1.0,5.0,5.0,4.0,5.0,5.0,5.0,2.0,,,5.0,5.0,3.0,,,,4.0,,1.0,7.0,3.0,5.0,5.0,3.0,5.0,6.0,6.0,60.0,55.0,45.0,35.0,65.0,65.0,55.0,70.0,65.0,75.0,4.0,6.0,,,,,,,,,,,,1.0,1.0,1.0,1.0,1.0,1.0,2.0,2.0,2.0,2.0,2.0,2.0,1.0,2.0,1.0,2.0,2.0,1.0,1.0,2.0,1.0,2.0,1.0,1.0,2.0,1.0,2.0,1.0,1.0,2.0,2.0,2.0,1.0,2.0,2.0,1.0,1.0,2.0,1.0,1.0,2.0,1.0,2.0,2.0,1.0,1.0,5.0,,,6.0,,,,0.0,2.0,,
pid_9,,1.0,,2.0,,,1.0,54.0,,,1.0,380.0,30.0,,,2.0,4.0,5.0,1.0,1.0,5.0,5.0,4.0,5.0,5.0,5.0,,5.0,,,,,4.0,5.0,5.0,6.0,,1.0,7.0,5.0,5.0,3.0,5.0,5.0,6.0,6.0,60.0,65.0,45.0,35.0,65.0,65.0,55.0,75.0,70.0,80.0,4.0,6.0,,1.0,1.0,1.0,1.0,1.0,1.0,1.0,1.0,1.0,1.0,,,,,,,2.0,1.0,1.0,1.0,2.0,1.0,2.0,2.0,1.0,1.0,1.0,2.0,1.0,2.0,2.0,2.0,2.0,1.0,1.0,1.0,1.0,1.0,2.0,1.0,2.0,2.0,2.0,2.0,2.0,1.0,2.0,2.0,1.0,2.0,1.0,2.0,2.0,1.0,1.0,1.0,,5.0,,,6.0,,,20.0,,,3.0
pid_10,1.0,,1.0,,2.0,54.0,,,,,1.0,379.0,,70.0,2.0,,5.0,5.0,1.0,1.0,5.0,5.0,4.0,5.0,5.0,5.0,,4.0,,,,,4.0,4.0,3.0,,4.0,1.0,7.0,5.0,5.0,5.0,5.0,6.0,6.0,6.0,60.0,65.0,45.0,35.0,55.0,65.0,55.0,75.0,70.0,80.0,4.0,,6.0,,,,,,,,,,,1.0,1.0,1.0,1.0,1.0,1.0,1.0,2.0,2.0,2.0,2.0,2.0,1.0,2.0,1.0,2.0,1.0,2.0,1.0,1.0,2.0,2.0,2.0,1.0,2.0,2.0,1.0,1.0,1.0,1.0,2.0,1.0,2.0,2.0,1.0,1.0,2.0,2.0,2.0,2.0,1.0,2.0,2.0,2.0,1.0,2.0,,5.0,,,6.0,,18.0,,,,6.0
pid_11,,2.0,,1.0,2.0,54.0,,,,,1.0,379.0,,70.0,,2.0,2.0,1.0,5.0,4.0,4.0,2.0,1.0,4.0,2.0,4.0,1.0,,,,,,3.0,5.0,5.0,6.0,,1.0,6.0,5.0,5.0,5.0,5.0,5.0,6.0,6.0,45.0,50.0,60.0,55.0,55.0,50.0,45.0,60.0,60.0,75.0,4.0,,6.0,,,,,,,,,,,1.0,1.0,1.0,1.0,1.0,1.0,1.0,2.0,1.0,2.0,2.0,1.0,2.0,1.0,2.0,2.0,2.0,2.0,2.0,2.0,2.0,2.0,2.0,1.0,1.0,2.0,1.0,1.0,1.0,2.0,2.0,1.0,1.0,1.0,2.0,2.0,2.0,2.0,2.0,2.0,2.0,1.0,2.0,1.0,1.0,2.0,4.0,,,5.0,,,18.0,,,9.0,
pid_13,1.0,,,2.0,,,1.0,54.0,,,1.0,100.0,,80.0,2.0,,4.0,5.0,4.0,2.0,5.0,5.0,2.0,4.0,4.0,5.0,,5.0,,4.0,5.0,3.0,,,,6.0,,2.0,7.0,5.0,5.0,6.0,5.0,5.0,6.0,6.0,55.0,55.0,65.0,45.0,48.0,60.0,45.0,65.0,60.0,75.0,4.0,,6.0,1.0,1.0,1.0,1.0,1.0,1.0,1.0,1.0,1.0,1.0,,,,,,,1.0,1.0,2.0,1.0,1.0,2.0,1.0,2.0,2.0,1.0,2.0,2.0,2.0,1.0,1.0,2.0,1.0,2.0,2.0,1.0,2.0,2.0,2.0,2.0,1.0,2.0,1.0,2.0,2.0,2.0,1.0,2.0,2.0,1.0,2.0,2.0,2.0,2.0,1.0,2.0,,5.0,,,6.0,,18.0,,,,4.0
pid_14,,1.0,1.0,,2.0,54.0,,,,,1.0,379.0,,70.0,,3.0,5.0,5.0,1.0,1.0,5.0,5.0,4.0,5.0,5.0,5.0,2.0,,,4.0,5.0,,,,,,4.0,2.0,7.0,5.0,5.0,5.0,5.0,6.0,6.0,6.0,55.0,60.0,35.0,40.0,60.0,65.0,55.0,70.0,65.0,75.0,4.0,,6.0,1.0,1.0,1.0,1.0,1.0,1.0,1.0,1.0,1.0,1.0,,,,,,,1.0,1.0,2.0,2.0,1.0,2.0,2.0,1.0,1.0,2.0,2.0,1.0,2.0,1.0,2.0,2.0,2.0,2.0,2.0,1.0,2.0,2.0,2.0,2.0,2.0,1.0,2.0,2.0,2.0,2.0,2.0,2.0,2.0,2.0,1.0,2.0,1.0,1.0,2.0,2.0,5.0,,,6.0,,,16.0,,,,4.0
pid_15,,1.0,,2.0,2.0,54.0,,,2.0,380.0,,,,80.0,,2.0,4.0,4.0,2.0,2.0,5.0,5.0,2.0,5.0,4.0,4.0,,,5.0,,,,4.0,5.0,5.0,,4.0,2.0,6.0,5.0,5.0,6.0,3.0,5.0,6.0,6.0,55.0,55.0,60.0,45.0,60.0,65.0,50.0,75.0,65.0,80.0,4.0,6.0,,1.0,1.0,1.0,1.0,1.0,1.0,1.0,1.0,1.0,1.0,,,,,,,2.0,1.0,2.0,1.0,2.0,2.0,1.0,2.0,2.0,2.0,2.0,1.0,2.0,1.0,2.0,2.0,2.0,1.0,2.0,2.0,1.0,1.0,2.0,2.0,2.0,2.0,2.0,1.0,2.0,1.0,2.0,2.0,2.0,2.0,1.0,1.0,1.0,2.0,2.0,2.0,,,5.0,,,6.0,,20.0,,,3.0
pid_16,1.0,,1.0,,,,1.0,30.0,2.0,380.0,,,,70.0,,3.0,2.0,2.0,4.0,4.0,4.0,4.0,1.0,4.0,2.0,4.0,,,5.0,,,,3.0,4.0,3.0,,4.0,1.0,6.0,5.0,5.0,5.0,3.0,5.0,6.0,5.0,60.0,60.0,50.0,45.0,55.0,65.0,45.0,70.0,65.0,75.0,4.0,,6.0,1.0,1.0,1.0,1.0,1.0,1.0,1.0,1.0,1.0,1.0,,,,,,,1.0,1.0,1.0,2.0,2.0,2.0,1.0,1.0,2.0,2.0,2.0,1.0,2.0,2.0,2.0,1.0,1.0,1.0,2.0,2.0,1.0,1.0,2.0,2.0,2.0,2.0,2.0,1.0,2.0,1.0,1.0,1.0,2.0,2.0,2.0,1.0,2.0,2.0,1.0,2.0,,,5.0,,,6.0,15.0,,2.0,,
pid_17,1.0,,1.0,,,,1.0,54.0,,,1.0,380.0,30.0,,2.0,,5.0,5.0,1.0,1.0,5.0,5.0,5.0,5.0,5.0,5.0,2.0,,,5.0,4.0,3.0,,,,6.0,,2.0,7.0,5.0,5.0,5.0,5.0,5.0,6.0,6.0,60.0,65.0,40.0,35.0,55.0,60.0,55.0,75.0,70.0,80.0,4.0,,7.0,,,,,,,,,,,1.0,1.0,1.0,1.0,1.0,1.0,2.0,2.0,2.0,2.0,1.0,2.0,1.0,2.0,2.0,1.0,2.0,1.0,1.0,1.0,2.0,1.0,2.0,2.0,2.0,2.0,1.0,2.0,2.0,2.0,2.0,1.0,2.0,2.0,2.0,2.0,2.0,1.0,2.0,2.0,2.0,1.0,1.0,2.0,2.0,2.0,5.0,,,6.0,,,18.0,,,,2.0
pid_18,,1.0,1.0,,2.0,54.0,,,2.0,380.0,,,30.0,,2.0,,5.0,5.0,1.0,1.0,5.0,5.0,4.0,5.0,5.0,5.0,,5.0,,,,,4.0,5.0,5.0,,4.0,1.0,7.0,3.0,5.0,5.0,5.0,5.0,6.0,6.0,65.0,65.0,40.0,35.0,60.0,65.0,55.0,75.0,70.0,80.0,4.0,6.0,,,,,,,,,,,,1.0,1.0,1.0,1.0,1.0,1.0,1.0,2.0,2.0,2.0,2.0,1.0,2.0,1.0,2.0,1.0,2.0,2.0,2.0,2.0,2.0,1.0,1.0,2.0,2.0,1.0,2.0,1.0,1.0,2.0,2.0,1.0,2.0,2.0,1.0,2.0,1.0,2.0,2.0,2.0,2.0,1.0,1.0,2.0,2.0,2.0,,5.0,,,6.0,,,20.0,,,4.0
pid_19,1.0,,,2.0,2.0,54.0,,,2.0,380.0,,,30.0,,2.0,,4.0,5.0,1.0,1.0,5.0,5.0,4.0,5.0,5.0,5.0,,5.0,,5.0,5.0,2.0,,,,,4.0,2.0,7.0,5.0,5.0,5.0,3.0,6.0,6.0,6.0,55.0,60.0,38.0,35.0,60.0,58.0,52.0,72.0,68.0,77.0,4.0,,6.0,1.0,1.0,1.0,1.0,1.0,1.0,1.0,1.0,1.0,1.0,,,,,,,2.0,2.0,1.0,1.0,1.0,2.0,1.0,2.0,1.0,2.0,1.0,2.0,2.0,1.0,2.0,2.0,1.0,2.0,2.0,1.0,1.0,1.0,1.0,2.0,1.0,2.0,2.0,2.0,2.0,1.0,2.0,1.0,1.0,2.0,2.0,1.0,2.0,1.0,1.0,1.0,,5.0,,,6.0,,18.0,,2.0,,
pid_20,1.0,,,2.0,2.0,54.0,,,2.0,380.0,,,30.0,,,2.0,2.0,1.0,5.0,4.0,4.0,2.0,1.0,4.0,2.0,4.0,,,4.0,5.0,4.0,3.0,,,,,4.0,1.0,7.0,5.0,5.0,6.0,3.0,5.0,6.0,5.0,55.0,48.0,58.0,45.0,60.0,58.0,48.0,65.0,62.0,75.0,4.0,,7.0,,,,,,,,,,,1.0,1.0,1.0,1.0,1.0,1.0,1.0,1.0,1.0,2.0,1.0,1.0,2.0,1.0,1.0,1.0,1.0,1.0,1.0,2.0,1.0,1.0,1.0,2.0,1.0,2.0,1.0,1.0,1.0,1.0,1.0,2.0,2.0,2.0,2.0,2.0,2.0,2.0,1.0,1.0,1.0,2.0,1.0,1.0,1.0,2.0,,,4.0,,,5.0,18.0,,,,3.0
pid_21,1.0,,1.0,,,,1.0,54.0,,,1.0,380.0,,80.0,3.0,,2.0,2.0,4.0,4.0,4.0,4.0,1.0,4.0,2.0,4.0,,,5.0,,,,4.0,5.0,3.0,,4.0,2.0,7.0,5.0,5.0,6.0,5.0,5.0,6.0,6.0,55.0,58.0,54.0,45.0,62.0,58.0,52.0,72.0,65.0,78.0,4.0,6.0,,,,,,,,,,,,1.0,1.0,1.0,1.0,1.0,1.0,1.0,1.0,1.0,2.0,2.0,2.0,1.0,1.0,2.0,1.0,1.0,1.0,2.0,2.0,1.0,2.0,2.0,2.0,1.0,2.0,2.0,2.0,2.0,1.0,2.0,2.0,2.0,2.0,1.0,2.0,1.0,2.0,2.0,1.0,2.0,2.0,2.0,2.0,2.0,2.0,,,5.0,,,6.0,,12.0,,6.0,
pid_22,,1.0,1.0,,,,1.0,40.0,,,1.0,380.0,30.0,,1.0,,5.0,5.0,1.0,1.0,5.0,5.0,4.0,5.0,5.0,5.0,,,5.0,,,,4.0,5.0,5.0,6.0,,1.0,6.0,5.0,5.0,5.0,5.0,5.0,6.0,6.0,55.0,60.0,40.0,35.0,60.0,58.0,52.0,70.0,65.0,75.0,4.0,6.0,,1.0,1.0,1.0,1.0,1.0,1.0,1.0,1.0,1.0,1.0,,,,,,,2.0,1.0,2.0,1.0,2.0,1.0,2.0,2.0,2.0,1.0,2.0,1.0,2.0,2.0,1.0,2.0,2.0,2.0,2.0,1.0,1.0,1.0,2.0,2.0,2.0,1.0,1.0,1.0,1.0,1.0,1.0,2.0,2.0,1.0,2.0,1.0,1.0,2.0,2.0,2.0,,,5.0,,,6.0,18.0,,,,3.0
pid_23,1.0,,,2.0,,,1.0,54.0,2.0,379.0,,,,70.0,,2.0,4.0,5.0,1.0,2.0,5.0,5.0,4.0,5.0,5.0,5.0,,5.0,,4.0,5.0,3.0,,,,4.0,,2.0,7.0,3.0,5.0,5.0,3.0,5.0,6.0,6.0,55.0,65.0,45.0,40.0,60.0,65.0,50.0,75.0,70.0,80.0,4.0,6.0,,,,,,,,,,,,1.0,1.0,1.0,1.0,1.0,1.0,2.0,2.0,2.0,1.0,2.0,2.0,1.0,1.0,2.0,2.0,2.0,2.0,1.0,1.0,1.0,1.0,2.0,1.0,2.0,2.0,2.0,2.0,2.0,1.0,1.0,2.0,2.0,2.0,1.0,1.0,2.0,1.0,2.0,1.0,1.0,1.0,2.0,2.0,1.0,1.0,,5.0,,,6.0,,18.0,,,,3.0
pid_24,1.0,,1.0,,2.0,54.0,,,2.0,380.0,,,,85.0,1.0,,2.0,1.0,5.0,4.0,2.0,1.0,1.0,2.0,1.0,2.0,,4.0,,,,,3.0,4.0,5.0,4.0,,1.0,7.0,5.0,5.0,5.0,3.0,5.0,6.0,6.0,45.0,60.0,60.0,45.0,50.0,55.0,45.0,65.0,65.0,70.0,4.0,6.0,,,,,,,,,,,,1.0,1.0,1.0,1.0,1.0,1.0,2.0,2.0,1.0,1.0,2.0,2.0,2.0,2.0,2.0,1.0,1.0,1.0,1.0,1.0,2.0,1.0,2.0,1.0,2.0,2.0,1.0,2.0,1.0,1.0,2.0,1.0,2.0,1.0,2.0,1.0,2.0,1.0,1.0,2.0,2.0,1.0,2.0,2.0,1.0,2.0,,4.0,,,6.0,,15.0,,3.0,,
pid_25,,2.0,1.0,,,,1.0,20.0,2.0,400.0,,,,70.0,,3.0,2.0,4.0,4.0,2.0,4.0,4.0,2.0,4.0,2.0,5.0,,5.0,,4.0,5.0,3.0,,,,6.0,,2.0,6.0,5.0,5.0,6.0,5.0,5.0,6.0,6.0,65.0,65.0,55.0,45.0,55.0,60.0,50.0,70.0,65.0,75.0,4.0,6.0,,,,,,,,,,,,1.0,1.0,1.0,1.0,1.0,1.0,2.0,2.0,2.0,1.0,2.0,1.0,1.0,2.0,1.0,2.0,2.0,2.0,1.0,2.0,1.0,2.0,1.0,2.0,2.0,2.0,2.0,2.0,1.0,1.0,2.0,2.0,2.0,2.0,1.0,2.0,2.0,1.0,1.0,2.0,2.0,2.0,1.0,2.0,2.0,1.0,,5.0,,,6.0,,18.0,,,,3.0
pid_26,,1.0,,2.0,,,1.0,54.0,2.0,380.0,,,30.0,,4.0,,5.0,5.0,1.0,1.0,5.0,5.0,4.0,5.0,5.0,5.0,,,5.0,,,,4.0,4.0,5.0,4.0,,2.0,7.0,3.0,5.0,5.0,5.0,5.0,6.0,6.0,70.0,65.0,45.0,35.0,65.0,68.0,55.0,75.0,68.0,82.0,4.0,6.0,,,,,,,,,,,,1.0,1.0,1.0,1.0,1.0,1.0,2.0,2.0,2.0,2.0,2.0,2.0,1.0,2.0,1.0,1.0,2.0,2.0,2.0,1.0,1.0,2.0,2.0,1.0,1.0,1.0,2.0,1.0,2.0,1.0,2.0,2.0,2.0,1.0,2.0,2.0,1.0,2.0,2.0,1.0,1.0,2.0,2.0,2.0,2.0,2.0,,,5.0,,,6.0,,20.0,2.0,,
pid_27,,2.0,1.0,,,,1.0,20.0,2.0,380.0,,,30.0,,,2.0,4.0,5.0,1.0,1.0,5.0,5.0,4.0,5.0,5.0,5.0,,5.0,,,,,4.0,3.0,5.0,,4.0,1.0,6.0,3.0,5.0,5.0,5.0,6.0,6.0,6.0,60.0,60.0,45.0,40.0,55.0,60.0,55.0,70.0,65.0,75.0,4.0,,6.0,1.0,1.0,1.0,1.0,1.0,1.0,1.0,1.0,1.0,1.0,,,,,,,1.0,2.0,2.0,2.0,1.0,2.0,2.0,1.0,2.0,1.0,1.0,2.0,1.0,2.0,2.0,1.0,2.0,2.0,1.0,2.0,2.0,2.0,1.0,2.0,2.0,1.0,2.0,2.0,2.0,1.0,1.0,2.0,2.0,2.0,1.0,2.0,2.0,2.0,1.0,2.0,,5.0,,,6.0,,18.0,,,9.0,
pid_28,1.0,,,2.0,2.0,54.0,,,,,1.0,379.0,40.0,,,1.0,5.0,5.0,1.0,1.0,5.0,5.0,4.0,5.0,5.0,5.0,2.0,,,4.0,5.0,3.0,,,,,4.0,1.0,7.0,5.0,5.0,3.0,5.0,5.0,6.0,6.0,55.0,62.0,35.0,38.0,62.0,60.0,55.0,70.0,68.0,80.0,4.0,6.0,,1.0,1.0,1.0,1.0,1.0,1.0,1.0,1.0,1.0,1.0,,,,,,,2.0,2.0,1.0,2.0,2.0,1.0,2.0,2.0,1.0,2.0,1.0,2.0,2.0,2.0,1.0,2.0,2.0,2.0,2.0,2.0,1.0,1.0,2.0,2.0,2.0,2.0,2.0,2.0,1.0,2.0,2.0,1.0,2.0,2.0,1.0,2.0,2.0,1.0,1.0,2.0,5.0,,,6.0,,,,20.0,,8.0,
pid_29,1.0,,,2.0,2.0,54.0,,,,,1.0,380.0,,70.0,2.0,,4.0,5.0,1.0,1.0,5.0,5.0,4.0,5.0,5.0,5.0,,,4.0,5.0,5.0,,,,,6.0,,2.0,7.0,3.0,5.0,5.0,3.0,5.0,6.0,6.0,60.0,65.0,45.0,35.0,65.0,70.0,55.0,75.0,70.0,80.0,4.0,6.0,,1.0,1.0,1.0,1.0,1.0,1.0,1.0,1.0,1.0,1.0,,,,,,,2.0,2.0,2.0,1.0,2.0,2.0,1.0,1.0,2.0,2.0,2.0,1.0,2.0,2.0,2.0,2.0,2.0,2.0,2.0,2.0,1.0,2.0,2.0,2.0,1.0,2.0,2.0,2.0,1.0,2.0,1.0,2.0,2.0,2.0,2.0,2.0,1.0,1.0,2.0,1.0,,,5.0,,,6.0,18.0,,,,3.0
pid_30,,1.0,,2.0,,,1.0,20.0,2.0,350.0,,,30.0,,3.0,,4.0,4.0,2.0,2.0,4.0,5.0,2.0,5.0,4.0,5.0,,,5.0,4.0,3.0,2.0,,,,,4.0,1.0,7.0,5.0,5.0,6.0,5.0,5.0,6.0,6.0,55.0,60.0,45.0,40.0,60.0,60.0,50.0,70.0,65.0,75.0,4.0,6.0,,,,,,,,,,,,1.0,1.0,1.0,1.0,1.0,1.0,2.0,2.0,1.0,2.0,1.0,2.0,2.0,1.0,2.0,2.0,2.0,2.0,2.0,1.0,2.0,1.0,2.0,2.0,2.0,1.0,1.0,2.0,2.0,1.0,2.0,2.0,1.0,2.0,1.0,2.0,2.0,1.0,2.0,2.0,2.0,1.0,2.0,2.0,2.0,1.0,,,4.0,,,6.0,15.0,,,,3.0
pid_31,1.0,,2.0,,2.0,30.0,,,,,1.0,380.0,,70.0,2.0,,4.0,5.0,1.0,1.0,5.0,5.0,4.0,5.0,5.0,5.0,,,5.0,5.0,5.0,2.0,,,,,4.0,2.0,7.0,5.0,5.0,5.0,3.0,5.0,6.0,6.0,60.0,65.0,45.0,40.0,58.0,60.0,55.0,72.0,65.0,75.0,4.0,5.0,,,,,,,,,,,,1.0,1.0,1.0,1.0,1.0,1.0,2.0,2.0,1.0,1.0,2.0,1.0,1.0,1.0,2.0,1.0,2.0,1.0,2.0,2.0,2.0,1.0,1.0,2.0,2.0,1.0,2.0,1.0,1.0,1.0,2.0,1.0,2.0,2.0,1.0,2.0,1.0,2.0,2.0,1.0,1.0,2.0,1.0,2.0,2.0,2.0,,,4.0,,,6.0,,0.0,,,4.0
pid_32,1.0,,1.0,,2.0,54.0,,,,,1.0,379.0,30.0,,,1.0,5.0,5.0,1.0,1.0,5.0,5.0,5.0,5.0,5.0,5.0,1.0,,,,,,4.0,5.0,5.0,,6.0,2.0,7.0,5.0,5.0,5.0,5.0,6.0,6.0,6.0,55.0,55.0,45.0,35.0,60.0,60.0,50.0,70.0,65.0,75.0,4.0,,7.0,1.0,1.0,1.0,1.0,1.0,1.0,1.0,1.0,1.0,1.0,,,,,,,2.0,2.0,1.0,2.0,2.0,2.0,1.0,2.0,2.0,2.0,2.0,2.0,1.0,2.0,1.0,1.0,1.0,1.0,2.0,1.0,2.0,2.0,2.0,2.0,2.0,1.0,2.0,2.0,2.0,1.0,1.0,1.0,1.0,1.0,1.0,2.0,2.0,2.0,2.0,2.0,5.0,,,6.0,,,,10.0,,,3.0
pid_33,1.0,,1.0,,2.0,54.0,,,2.0,380.0,,,,70.0,2.0,,4.0,5.0,1.0,1.0,5.0,5.0,4.0,5.0,5.0,5.0,,5.0,,5.0,5.0,3.0,,,,4.0,,2.0,7.0,5.0,6.0,5.0,3.0,6.0,6.0,6.0,55.0,65.0,55.0,40.0,60.0,60.0,50.0,70.0,65.0,75.0,4.0,6.0,,,,,,,,,,,,1.0,1.0,1.0,1.0,1.0,1.0,1.0,2.0,1.0,1.0,2.0,2.0,2.0,1.0,2.0,1.0,2.0,1.0,2.0,1.0,2.0,2.0,1.0,1.0,1.0,2.0,2.0,2.0,1.0,2.0,1.0,1.0,2.0,1.0,1.0,1.0,2.0,2.0,1.0,2.0,2.0,1.0,2.0,2.0,2.0,2.0,,5.0,,,6.0,,,20.0,2.0,,
pid_34,1.0,,1.0,,,,1.0,54.0,2.0,380.0,,,30.0,,2.0,,4.0,5.0,2.0,1.0,5.0,4.0,4.0,5.0,5.0,5.0,2.0,,,,,,4.0,5.0,5.0,4.0,,2.0,7.0,5.0,5.0,6.0,5.0,6.0,6.0,6.0,55.0,68.0,44.0,52.0,63.0,60.0,45.0,72.0,65.0,77.0,4.0,6.0,,1.0,1.0,1.0,1.0,1.0,1.0,1.0,1.0,1.0,1.0,,,,,,,1.0,1.0,2.0,2.0,1.0,2.0,2.0,2.0,1.0,1.0,1.0,1.0,2.0,2.0,1.0,1.0,2.0,1.0,1.0,1.0,1.0,1.0,1.0,2.0,1.0,2.0,2.0,1.0,1.0,1.0,1.0,1.0,2.0,2.0,1.0,2.0,1.0,2.0,2.0,1.0,4.0,,,6.0,,,16.0,,,,3.0
pid_35,1.0,,1.0,,2.0,54.0,,,,,1.0,379.0,50.0,,1.0,,2.0,1.0,5.0,4.0,4.0,2.0,1.0,3.0,1.0,4.0,,5.0,,,,,4.0,5.0,3.0,4.0,,2.0,6.0,5.0,5.0,5.0,5.0,5.0,6.0,6.0,55.0,60.0,55.0,45.0,60.0,65.0,45.0,65.0,65.0,75.0,4.0,,6.0,1.0,1.0,1.0,1.0,1.0,1.0,1.0,1.0,1.0,1.0,,,,,,,1.0,2.0,1.0,2.0,1.0,2.0,1.0,1.0,2.0,1.0,2.0,1.0,1.0,1.0,2.0,1.0,1.0,2.0,2.0,1.0,2.0,1.0,1.0,1.0,1.0,2.0,1.0,2.0,2.0,2.0,2.0,2.0,1.0,1.0,2.0,1.0,1.0,2.0,2.0,1.0,,5.0,,,6.0,,,20.0,,6.0,
pid_36,1.0,,2.0,,2.0,54.0,,,2.0,380.0,,,,70.0,,6.0,5.0,5.0,1.0,1.0,5.0,5.0,5.0,5.0,5.0,5.0,1.0,,,,,,5.0,4.0,3.0,6.0,,2.0,7.0,5.0,5.0,6.0,5.0,5.0,6.0,6.0,65.0,65.0,45.0,35.0,70.0,65.0,55.0,75.0,70.0,80.0,4.0,,6.0,1.0,1.0,1.0,1.0,1.0,1.0,1.0,1.0,1.0,1.0,,,,,,,1.0,1.0,1.0,2.0,1.0,1.0,2.0,1.0,1.0,2.0,2.0,2.0,1.0,1.0,1.0,1.0,2.0,2.0,2.0,2.0,1.0,2.0,2.0,2.0,1.0,1.0,2.0,1.0,2.0,2.0,1.0,2.0,2.0,1.0,2.0,2.0,2.0,2.0,1.0,1.0,5.0,,,6.0,,,,0.0,,9.0,
pid_37,,1.0,1.0,,,,1.0,54.0,,,1.0,380.0,30.0,,,3.0,5.0,5.0,1.0,1.0,5.0,5.0,5.0,5.0,5.0,5.0,2.0,,,4.0,5.0,3.0,,,,,4.0,1.0,7.0,3.0,5.0,5.0,5.0,6.0,6.0,6.0,60.0,65.0,45.0,40.0,55.0,60.0,55.0,75.0,65.0,75.0,4.0,,6.0,1.0,1.0,1.0,1.0,1.0,1.0,1.0,1.0,1.0,1.0,,,,,,,1.0,2.0,1.0,1.0,2.0,2.0,2.0,1.0,1.0,1.0,2.0,2.0,2.0,1.0,2.0,2.0,1.0,2.0,2.0,1.0,1.0,2.0,2.0,2.0,1.0,2.0,1.0,2.0,2.0,1.0,2.0,1.0,2.0,2.0,1.0,2.0,2.0,1.0,2.0,2.0,5.0,,,6.0,,,18.0,,,9.0,
pid_38,,2.0,1.0,,2.0,54.0,,,2.0,379.0,,,30.0,,,1.0,2.0,1.0,5.0,5.0,3.0,2.0,1.0,4.0,2.0,4.0,,5.0,,,,,4.0,3.0,5.0,,4.0,2.0,6.0,5.0,5.0,6.0,5.0,5.0,6.0,6.0,45.0,65.0,60.0,55.0,60.0,58.0,48.0,72.0,65.0,82.0,4.0,6.0,,,,,,,,,,,,1.0,1.0,1.0,1.0,1.0,1.0,1.0,2.0,1.0,1.0,2.0,2.0,1.0,2.0,2.0,1.0,1.0,2.0,1.0,2.0,1.0,2.0,1.0,2.0,2.0,1.0,1.0,2.0,2.0,1.0,2.0,1.0,2.0,1.0,1.0,1.0,2.0,1.0,2.0,2.0,1.0,1.0,1.0,1.0,2.0,2.0,,4.0,,,6.0,,,18.0,,,3.0
pid_39,1.0,,1.0,,2.0,54.0,,,,,1.0,380.0,30.0,,2.0,,1.0,1.0,5.0,4.0,2.0,2.0,1.0,2.0,1.0,4.0,,,5.0,4.0,5.0,2.0,,,,4.0,,2.0,6.0,5.0,3.0,5.0,5.0,6.0,6.0,6.0,45.0,40.0,60.0,55.0,55.0,50.0,45.0,65.0,60.0,75.0,4.0,6.0,,,,,,,,,,,,1.0,1.0,1.0,1.0,1.0,1.0,2.0,1.0,2.0,2.0,2.0,2.0,2.0,2.0,1.0,2.0,2.0,1.0,2.0,1.0,1.0,2.0,1.0,2.0,1.0,1.0,1.0,1.0,2.0,2.0,1.0,2.0,2.0,1.0,2.0,2.0,2.0,2.0,1.0,2.0,1.0,2.0,1.0,2.0,1.0,2.0,,,5.0,,,6.0,18.0,,3.0,,
pid_40,,1.0,,2.0,2.0,54.0,,,2.0,380.0,,,60.0,,,2.0,2.0,1.0,5.0,4.0,4.0,2.0,1.0,2.0,2.0,4.0,,,5.0,4.0,5.0,2.0,,,,,4.0,2.0,6.0,5.0,5.0,5.0,5.0,5.0,6.0,6.0,50.0,62.0,58.0,48.0,58.0,55.0,48.0,65.0,60.0,72.0,4.0,6.0,,,,,,,,,,,,1.0,1.0,1.0,1.0,1.0,1.0,1.0,1.0,2.0,1.0,2.0,1.0,1.0,2.0,1.0,1.0,1.0,2.0,1.0,1.0,2.0,1.0,2.0,2.0,2.0,1.0,1.0,1.0,1.0,1.0,1.0,1.0,1.0,1.0,1.0,2.0,2.0,2.0,1.0,1.0,1.0,1.0,1.0,1.0,1.0,1.0,,,5.0,,,6.0,18.0,,,,4.0
pid_41,,1.0,,1.0,,,1.0,54.0,,,1.0,300.0,,75.0,2.0,,2.0,1.0,5.0,4.0,4.0,2.0,1.0,4.0,2.0,4.0,,,5.0,4.0,5.0,3.0,,,,4.0,,2.0,7.0,5.0,5.0,5.0,5.0,6.0,6.0,6.0,55.0,60.0,60.0,55.0,60.0,60.0,45.0,65.0,65.0,75.0,4.0,,7.0,,,,,,,,,,,1.0,1.0,1.0,1.0,1.0,1.0,2.0,2.0,2.0,1.0,2.0,1.0,2.0,1.0,2.0,2.0,1.0,2.0,1.0,2.0,2.0,2.0,2.0,2.0,1.0,1.0,1.0,2.0,1.0,1.0,2.0,1.0,1.0,2.0,2.0,1.0,2.0,2.0,1.0,2.0,2.0,1.0,1.0,2.0,2.0,2.0,,,4.0,,,6.0,,20.0,,,3.0
pid_42,1.0,,,2.0,,,1.0,54.0,,,1.0,300.0,30.0,,2.0,,4.0,4.0,2.0,1.0,5.0,5.0,4.0,5.0,4.0,5.0,1.0,,,4.0,5.0,2.0,,,,4.0,,2.0,7.0,3.0,5.0,5.0,5.0,5.0,6.0,6.0,60.0,60.0,50.0,45.0,55.0,60.0,50.0,70.0,65.0,80.0,4.0,6.0,,,,,,,,,,,,1.0,1.0,1.0,1.0,1.0,1.0,2.0,2.0,1.0,1.0,2.0,2.0,2.0,1.0,2.0,2.0,2.0,1.0,1.0,2.0,1.0,2.0,1.0,1.0,2.0,2.0,2.0,2.0,1.0,2.0,2.0,2.0,2.0,2.0,2.0,2.0,2.0,1.0,2.0,1.0,1.0,2.0,1.0,1.0,2.0,1.0,5.0,,,6.0,,,18.0,,,,4.0
pid_43,,1.0,,1.0,,,1.0,30.0,2.0,380.0,,,30.0,,3.0,,4.0,4.0,2.0,2.0,4.0,4.0,4.0,5.0,4.0,4.0,,,5.0,4.0,5.0,2.0,,,,,6.0,2.0,7.0,5.0,6.0,5.0,5.0,6.0,6.0,6.0,55.0,60.0,50.0,40.0,52.0,58.0,48.0,67.0,64.0,75.0,4.0,,6.0,,,,,,,,,,,1.0,1.0,1.0,1.0,1.0,1.0,2.0,2.0,1.0,1.0,2.0,2.0,2.0,1.0,1.0,1.0,2.0,1.0,1.0,1.0,2.0,1.0,2.0,2.0,2.0,1.0,2.0,1.0,1.0,2.0,1.0,2.0,1.0,1.0,2.0,1.0,1.0,2.0,1.0,2.0,2.0,1.0,2.0,1.0,1.0,2.0,,,5.0,,,6.0,,20.0,,,4.0
pid_44,1.0,,1.0,,,,1.0,54.0,2.0,380.0,,,30.0,,2.0,,5.0,5.0,1.0,1.0,5.0,5.0,5.0,5.0,5.0,5.0,,,5.0,4.0,5.0,3.0,,,,6.0,,1.0,7.0,5.0,5.0,5.0,3.0,5.0,6.0,6.0,65.0,60.0,40.0,45.0,60.0,65.0,55.0,75.0,65.0,80.0,4.0,6.0,,1.0,1.0,1.0,1.0,1.0,1.0,1.0,1.0,1.0,1.0,,,,,,,2.0,1.0,2.0,2.0,1.0,2.0,2.0,2.0,1.0,2.0,2.0,2.0,2.0,2.0,2.0,1.0,1.0,2.0,1.0,2.0,2.0,2.0,1.0,2.0,1.0,2.0,1.0,1.0,1.0,2.0,2.0,2.0,1.0,1.0,2.0,1.0,1.0,2.0,1.0,2.0,,,5.0,,,6.0,18.0,,1.0,,
pid_45,,1.0,1.0,,2.0,54.0,,,2.0,379.0,,,,75.0,2.0,,2.0,1.0,5.0,4.0,4.0,4.0,1.0,4.0,2.0,4.0,,5.0,,,,,3.0,4.0,5.0,4.0,,2.0,7.0,5.0,5.0,5.0,5.0,6.0,6.0,6.0,55.0,65.0,55.0,45.0,60.0,60.0,45.0,70.0,65.0,80.0,4.0,6.0,,1.0,1.0,1.0,1.0,1.0,1.0,1.0,1.0,1.0,1.0,,,,,,,1.0,1.0,2.0,1.0,1.0,2.0,1.0,1.0,2.0,1.0,1.0,2.0,1.0,1.0,1.0,1.0,1.0,1.0,1.0,2.0,1.0,1.0,1.0,1.0,2.0,1.0,1.0,2.0,1.0,1.0,2.0,2.0,1.0,1.0,2.0,1.0,1.0,2.0,2.0,1.0,,5.0,,,6.0,,18.0,,,9.0,
pid_46,,2.0,,2.0,,,1.0,54.0,2.0,379.0,,,,70.0,,1.0,2.0,4.0,4.0,2.0,3.0,2.0,2.0,4.0,4.0,4.0,2.0,,,4.0,5.0,3.0,,,,6.0,,1.0,6.0,5.0,3.0,5.0,5.0,6.0,6.0,6.0,55.0,55.0,45.0,42.0,52.0,58.0,48.0,65.0,62.0,70.0,4.0,6.0,,1.0,1.0,1.0,1.0,1.0,1.0,1.0,1.0,1.0,1.0,,,,,,,2.0,2.0,2.0,2.0,1.0,1.0,2.0,1.0,2.0,2.0,2.0,1.0,1.0,1.0,2.0,2.0,1.0,1.0,1.0,2.0,2.0,1.0,1.0,1.0,2.0,2.0,1.0,1.0,2.0,1.0,2.0,1.0,2.0,2.0,2.0,2.0,1.0,1.0,2.0,2.0,4.0,,,5.0,,,,0.0,,9.0,
pid_47,1.0,,,2.0,2.0,54.0,,,2.0,380.0,,,,70.0,,2.0,2.0,1.0,5.0,4.0,2.0,2.0,1.0,2.0,1.0,2.0,,5.0,,,,,4.0,5.0,5.0,4.0,,2.0,6.0,5.0,5.0,5.0,5.0,5.0,6.0,6.0,45.0,55.0,60.0,50.0,50.0,55.0,45.0,65.0,60.0,75.0,4.0,,6.0,1.0,1.0,1.0,1.0,1.0,1.0,1.0,1.0,1.0,1.0,,,,,,,2.0,1.0,1.0,2.0,1.0,2.0,2.0,2.0,1.0,1.0,1.0,2.0,1.0,1.0,2.0,1.0,1.0,2.0,1.0,1.0,1.0,2.0,1.0,1.0,1.0,2.0,1.0,1.0,1.0,2.0,1.0,2.0,1.0,1.0,2.0,2.0,1.0,2.0,1.0,2.0,,5.0,,,6.0,,,20.0,,,3.0
pid_48,1.0,,,2.0,2.0,50.0,,,,,1.0,200.0,,80.0,2.0,,2.0,2.0,4.0,4.0,4.0,4.0,1.0,4.0,2.0,4.0,,5.0,,4.0,5.0,3.0,,,,,4.0,1.0,7.0,5.0,5.0,6.0,5.0,5.0,6.0,6.0,55.0,55.0,60.0,50.0,60.0,60.0,45.0,65.0,65.0,75.0,4.0,,7.0,,,,,,,,,,,1.0,1.0,1.0,1.0,1.0,1.0,2.0,2.0,1.0,2.0,1.0,2.0,2.0,1.0,2.0,2.0,2.0,1.0,2.0,1.0,1.0,2.0,2.0,2.0,2.0,2.0,2.0,1.0,2.0,2.0,1.0,1.0,2.0,2.0,1.0,1.0,1.0,2.0,1.0,1.0,1.0,1.0,2.0,1.0,2.0,2.0,,5.0,,,6.0,,,3.0,,9.0,
pid_49,,1.0,1.0,,,,1.0,54.0,,,1.0,380.0,30.0,,3.0,,4.0,5.0,2.0,2.0,5.0,5.0,2.0,5.0,5.0,5.0,2.0,,,,,,3.0,5.0,4.0,4.0,,2.0,7.0,5.0,5.0,6.0,5.0,5.0,6.0,6.0,60.0,55.0,55.0,35.0,55.0,65.0,50.0,70.0,65.0,80.0,4.0,,7.0,,,,,,,,,,,1.0,1.0,1.0,1.0,1.0,1.0,2.0,2.0,1.0,1.0,2.0,1.0,1.0,2.0,2.0,2.0,2.0,2.0,1.0,1.0,2.0,2.0,1.0,2.0,2.0,1.0,1.0,1.0,2.0,2.0,1.0,1.0,1.0,2.0,2.0,1.0,2.0,2.0,2.0,1.0,1.0,1.0,2.0,1.0,1.0,2.0,4.0,,,6.0,,,17.0,,,,3.0
pid_50,1.0,,1.0,,2.0,54.0,,,,,1.0,300.0,,80.0,,1.0,4.0,5.0,1.0,1.0,5.0,5.0,4.0,5.0,5.0,5.0,,5.0,,,,,4.0,5.0,5.0,,4.0,2.0,6.0,3.0,5.0,5.0,3.0,5.0,6.0,6.0,60.0,65.0,45.0,40.0,65.0,60.0,55.0,75.0,70.0,80.0,4.0,,6.0,1.0,1.0,1.0,1.0,1.0,1.0,1.0,1.0,1.0,1.0,,,,,,,1.0,2.0,1.0,2.0,2.0,1.0,2.0,1.0,2.0,1.0,2.0,1.0,2.0,1.0,2.0,2.0,1.0,2.0,2.0,2.0,2.0,2.0,2.0,2.0,2.0,2.0,1.0,2.0,2.0,2.0,2.0,2.0,2.0,1.0,2.0,2.0,2.0,2.0,2.0,2.0,,5.0,,,6.0,,,20.0,,,4.0
pid_51,,1.0,,2.0,,,1.0,20.0,2.0,600.0,,,,70.0,2.0,,4.0,4.0,2.0,2.0,5.0,5.0,2.0,5.0,4.0,4.0,,,5.0,,,,4.0,3.0,5.0,4.0,,2.0,6.0,5.0,5.0,5.0,5.0,5.0,6.0,6.0,55.0,60.0,55.0,35.0,60.0,65.0,45.0,70.0,65.0,75.0,4.0,,7.0,1.0,1.0,1.0,1.0,1.0,1.0,1.0,1.0,1.0,1.0,,,,,,,2.0,1.0,2.0,1.0,1.0,2.0,1.0,1.0,1.0,1.0,2.0,1.0,1.0,2.0,1.0,2.0,1.0,2.0,1.0,1.0,1.0,1.0,1.0,2.0,1.0,2.0,1.0,1.0,1.0,1.0,2.0,1.0,2.0,2.0,2.0,1.0,1.0,1.0,1.0,1.0,,,5.0,,,6.0,16.0,,3.0,,
pid_52,,2.0,,2.0,2.0,54.0,,,2.0,380.0,,,30.0,,,3.0,5.0,5.0,1.0,1.0,5.0,5.0,4.0,5.0,5.0,5.0,,5.0,,4.0,5.0,,,,,6.0,,2.0,7.0,5.0,5.0,6.0,3.0,5.0,6.0,6.0,55.0,55.0,35.0,40.0,60.0,65.0,50.0,70.0,65.0,75.0,4.0,,6.0,1.0,1.0,1.0,1.0,1.0,1.0,1.0,1.0,1.0,1.0,,,,,,,1.0,2.0,1.0,1.0,2.0,2.0,2.0,1.0,2.0,2.0,1.0,2.0,2.0,2.0,1.0,1.0,2.0,2.0,1.0,2.0,2.0,2.0,2.0,1.0,2.0,1.0,1.0,1.0,1.0,2.0,2.0,2.0,2.0,1.0,2.0,2.0,2.0,2.0,2.0,1.0,,5.0,,,6.0,,,20.0,,9.0,
pid_53,1.0,,1.0,,,,1.0,54.0,,,1.0,380.0,,70.0,,2.0,4.0,5.0,2.0,1.0,5.0,5.0,4.0,5.0,5.0,5.0,1.0,,,,,,4.0,5.0,5.0,,4.0,2.0,6.0,5.0,5.0,5.0,5.0,6.0,6.0,6.0,55.0,60.0,50.0,35.0,60.0,60.0,55.0,70.0,65.0,75.0,4.0,6.0,,,,,,,,,,,,1.0,1.0,1.0,1.0,1.0,1.0,1.0,2.0,2.0,1.0,1.0,1.0,2.0,2.0,2.0,1.0,1.0,2.0,2.0,2.0,1.0,1.0,1.0,2.0,2.0,2.0,1.0,1.0,2.0,2.0,1.0,2.0,2.0,2.0,2.0,1.0,2.0,2.0,1.0,2.0,2.0,2.0,1.0,2.0,2.0,2.0,4.0,,,6.0,,,,20.0,,8.0,
pid_54,,1.0,1.0,,2.0,54.0,,,2.0,380.0,,,40.0,,2.0,,2.0,5.0,5.0,4.0,4.0,2.0,1.0,4.0,2.0,4.0,,5.0,,,,,4.0,5.0,5.0,,4.0,2.0,6.0,5.0,5.0,5.0,5.0,5.0,6.0,6.0,45.0,65.0,60.0,45.0,55.0,50.0,45.0,65.0,55.0,75.0,1.0,,7.0,,,,,,,,,,,1.0,1.0,1.0,1.0,1.0,1.0,2.0,2.0,1.0,1.0,1.0,1.0,1.0,2.0,1.0,2.0,2.0,2.0,1.0,2.0,1.0,2.0,1.0,2.0,1.0,2.0,1.0,2.0,2.0,2.0,2.0,2.0,2.0,1.0,2.0,2.0,1.0,1.0,1.0,1.0,1.0,2.0,2.0,2.0,1.0,1.0,,4.0,,,6.0,,18.0,,,9.0,
pid_55,,1.0,1.0,,,,1.0,54.0,,,1.0,380.0,30.0,,,3.0,4.0,5.0,1.0,1.0,5.0,5.0,4.0,5.0,5.0,5.0,,5.0,,,,,4.0,5.0,3.0,,4.0,1.0,7.0,5.0,5.0,5.0,5.0,5.0,6.0,6.0,55.0,60.0,40.0,45.0,60.0,65.0,55.0,75.0,65.0,80.0,4.0,,7.0,,,,,,,,,,,1.0,1.0,1.0,1.0,1.0,1.0,2.0,1.0,2.0,1.0,2.0,1.0,2.0,2.0,2.0,2.0,2.0,2.0,2.0,1.0,2.0,1.0,2.0,2.0,2.0,2.0,2.0,2.0,1.0,2.0,2.0,2.0,1.0,1.0,2.0,1.0,1.0,2.0,2.0,2.0,2.0,2.0,2.0,1.0,2.0,1.0,,4.0,,,6.0,,,20.0,,9.0,
pid_56,,1.0,1.0,,,,1.0,54.0,,,1.0,380.0,50.0,,2.0,,2.0,2.0,5.0,4.0,4.0,2.0,1.0,2.0,1.0,4.0,4.0,,,,,,4.0,3.0,5.0,6.0,,1.0,6.0,5.0,5.0,5.0,3.0,5.0,6.0,6.0,45.0,55.0,55.0,45.0,55.0,55.0,45.0,65.0,60.0,70.0,4.0,6.0,,1.0,1.0,1.0,1.0,1.0,1.0,1.0,1.0,1.0,1.0,,,,,,,2.0,2.0,1.0,2.0,2.0,2.0,1.0,2.0,1.0,2.0,1.0,2.0,2.0,1.0,1.0,1.0,1.0,2.0,2.0,1.0,1.0,2.0,1.0,1.0,2.0,1.0,2.0,1.0,2.0,2.0,2.0,2.0,1.0,1.0,2.0,2.0,2.0,1.0,2.0,1.0,4.0,,,6.0,,,,0.0,2.0,,
pid_57,1.0,,,2.0,,,1.0,54.0,2.0,380.0,,,,70.0,3.0,,4.0,5.0,1.0,1.0,5.0,5.0,4.0,5.0,5.0,5.0,,,5.0,4.0,5.0,3.0,,,,6.0,,2.0,6.0,3.0,5.0,5.0,5.0,5.0,6.0,6.0,55.0,62.0,45.0,38.0,58.0,60.0,50.0,68.0,66.0,78.0,4.0,6.0,,1.0,1.0,1.0,1.0,1.0,1.0,1.0,1.0,1.0,1.0,,,,,,,1.0,1.0,1.0,2.0,2.0,1.0,1.0,1.0,1.0,1.0,2.0,2.0,1.0,1.0,1.0,1.0,1.0,2.0,1.0,1.0,1.0,2.0,1.0,2.0,2.0,2.0,2.0,2.0,1.0,2.0,2.0,1.0,1.0,2.0,1.0,2.0,2.0,2.0,1.0,2.0,,,5.0,,,6.0,,15.0,,,4.0
pid_58,1.0,,1.0,,,,1.0,20.0,,,1.0,380.0,30.0,,,2.0,4.0,5.0,1.0,1.0,5.0,5.0,4.0,5.0,5.0,5.0,,2.0,,,,,3.0,4.0,5.0,4.0,,2.0,6.0,5.0,5.0,5.0,5.0,5.0,6.0,6.0,50.0,65.0,45.0,35.0,55.0,60.0,50.0,65.0,65.0,80.0,4.0,6.0,,1.0,1.0,1.0,1.0,1.0,1.0,1.0,1.0,1.0,1.0,,,,,,,1.0,2.0,2.0,2.0,2.0,2.0,1.0,1.0,1.0,1.0,1.0,1.0,2.0,2.0,2.0,1.0,1.0,2.0,2.0,2.0,2.0,1.0,2.0,2.0,2.0,1.0,1.0,1.0,2.0,2.0,2.0,2.0,2.0,2.0,2.0,2.0,1.0,2.0,2.0,2.0,,5.0,,,5.0,,,20.0,,,3.0
pid_59,1.0,,,2.0,2.0,60.0,,,2.0,600.0,,,,80.0,4.0,,2.0,2.0,5.0,4.0,4.0,2.0,1.0,4.0,2.0,4.0,,5.0,,4.0,5.0,3.0,,,,,4.0,2.0,7.0,5.0,5.0,5.0,5.0,5.0,6.0,6.0,55.0,58.0,63.0,48.0,60.0,58.0,48.0,68.0,62.0,75.0,4.0,,6.0,,,,,,,,,,,1.0,1.0,1.0,1.0,1.0,1.0,1.0,1.0,2.0,2.0,2.0,1.0,2.0,1.0,2.0,1.0,2.0,2.0,2.0,1.0,2.0,2.0,1.0,2.0,1.0,2.0,2.0,1.0,1.0,2.0,2.0,1.0,1.0,1.0,1.0,1.0,1.0,2.0,2.0,1.0,1.0,2.0,1.0,2.0,2.0,2.0,,5.0,,,6.0,,17.0,,,,4.0
pid_60,1.0,,2.0,,1.0,70.0,,,2.0,350.0,,,40.0,,5.0,,2.0,1.0,5.0,4.0,2.0,2.0,1.0,2.0,2.0,2.0,,5.0,,,,,4.0,5.0,5.0,,4.0,1.0,7.0,5.0,5.0,5.0,5.0,6.0,6.0,6.0,60.0,55.0,58.0,48.0,55.0,58.0,48.0,65.0,62.0,70.0,4.0,6.0,,,,,,,,,,,,1.0,1.0,1.0,1.0,1.0,1.0,2.0,2.0,2.0,1.0,2.0,1.0,2.0,1.0,1.0,1.0,1.0,2.0,1.0,1.0,2.0,2.0,1.0,1.0,1.0,2.0,1.0,2.0,1.0,1.0,2.0,1.0,1.0,1.0,2.0,1.0,1.0,1.0,1.0,2.0,2.0,1.0,1.0,1.0,1.0,2.0,,5.0,,,5.0,,,20.0,1.0,,
pid_61,,1.0,1.0,,,,1.0,54.0,,,1.0,380.0,30.0,,2.0,,4.0,4.0,5.0,4.0,4.0,4.0,1.0,4.0,2.0,4.0,,,5.0,4.0,5.0,3.0,,,,,6.0,2.0,6.0,5.0,5.0,6.0,3.0,6.0,6.0,6.0,55.0,65.0,60.0,55.0,60.0,60.0,45.0,70.0,65.0,75.0,4.0,6.0,,1.0,1.0,1.0,1.0,1.0,1.0,1.0,1.0,1.0,1.0,,,,,,,1.0,1.0,2.0,2.0,1.0,1.0,1.0,1.0,2.0,2.0,1.0,2.0,2.0,2.0,2.0,1.0,1.0,2.0,2.0,1.0,1.0,2.0,2.0,1.0,2.0,1.0,2.0,1.0,1.0,2.0,2.0,2.0,1.0,2.0,1.0,2.0,1.0,2.0,2.0,2.0,,,5.0,,,6.0,,20.0,2.0,,
pid_62,,1.0,1.0,,2.0,54.0,,,2.0,600.0,,,,70.0,,2.0,4.0,5.0,2.0,2.0,5.0,5.0,2.0,5.0,4.0,5.0,,5.0,,,,,4.0,4.0,5.0,,4.0,2.0,7.0,5.0,5.0,5.0,5.0,5.0,6.0,6.0,55.0,60.0,45.0,40.0,62.0,65.0,52.0,70.0,65.0,80.0,4.0,6.0,,,,,,,,,,,,1.0,1.0,1.0,1.0,1.0,1.0,1.0,1.0,2.0,2.0,2.0,1.0,2.0,1.0,2.0,1.0,2.0,2.0,2.0,1.0,2.0,2.0,1.0,1.0,2.0,2.0,1.0,1.0,1.0,2.0,1.0,2.0,2.0,1.0,1.0,1.0,2.0,2.0,1.0,2.0,2.0,1.0,1.0,2.0,2.0,1.0,,5.0,,,6.0,,,20.0,,9.0,
pid_63,1.0,,,2.0,2.0,54.0,,,2.0,380.0,,,,75.0,,2.0,1.0,1.0,5.0,4.0,2.0,2.0,1.0,2.0,1.0,2.0,,5.0,,,,,4.0,5.0,4.0,,5.0,2.0,6.0,5.0,5.0,3.0,3.0,5.0,6.0,6.0,45.0,60.0,60.0,45.0,55.0,50.0,45.0,65.0,55.0,70.0,4.0,6.0,,1.0,1.0,1.0,1.0,1.0,1.0,1.0,1.0,1.0,1.0,,,,,,,2.0,1.0,2.0,1.0,1.0,2.0,1.0,2.0,2.0,1.0,2.0,1.0,2.0,1.0,2.0,1.0,1.0,2.0,1.0,2.0,1.0,1.0,1.0,2.0,1.0,2.0,2.0,2.0,2.0,1.0,2.0,1.0,1.0,1.0,1.0,2.0,2.0,2.0,1.0,2.0,,4.0,,,6.0,,,0.0,2.0,,
pid_64,1.0,,,1.0,,,1.0,54.0,,,1.0,200.0,,70.0,1.0,,4.0,5.0,4.0,2.0,5.0,4.0,2.0,5.0,4.0,5.0,1.0,,,,,,4.0,4.0,5.0,4.0,,1.0,6.0,5.0,5.0,5.0,3.0,5.0,6.0,6.0,55.0,60.0,55.0,45.0,60.0,60.0,50.0,70.0,65.0,75.0,4.0,6.0,,,,,,,,,,,,1.0,1.0,1.0,1.0,1.0,1.0,2.0,2.0,2.0,2.0,1.0,1.0,2.0,1.0,1.0,2.0,1.0,2.0,1.0,2.0,2.0,1.0,1.0,1.0,2.0,1.0,2.0,1.0,2.0,1.0,1.0,2.0,2.0,1.0,2.0,1.0,2.0,2.0,1.0,2.0,1.0,1.0,1.0,1.0,2.0,2.0,4.0,,,6.0,,,18.0,,,10.0,
pid_65,,1.0,1.0,,,,1.0,54.0,2.0,379.0,,,,70.0,,2.0,4.0,5.0,1.0,1.0,5.0,5.0,4.0,5.0,5.0,5.0,1.0,,,,,,4.0,5.0,5.0,6.0,,1.0,7.0,3.0,5.0,5.0,3.0,5.0,6.0,6.0,65.0,65.0,45.0,35.0,60.0,65.0,55.0,75.0,70.0,80.0,4.0,7.0,,,,,,,,,,,,1.0,1.0,1.0,1.0,1.0,1.0,1.0,2.0,2.0,2.0,2.0,2.0,1.0,1.0,1.0,1.0,2.0,1.0,1.0,1.0,2.0,2.0,2.0,1.0,1.0,2.0,2.0,1.0,2.0,2.0,2.0,1.0,2.0,1.0,2.0,2.0,2.0,1.0,1.0,2.0,2.0,1.0,2.0,2.0,2.0,1.0,5.0,,,6.0,,,,20.0,2.0,,
pid_67,1.0,,,2.0,2.0,54.0,,,,,1.0,380.0,,70.0,2.0,,5.0,5.0,1.0,1.0,5.0,5.0,5.0,5.0,5.0,5.0,,5.0,,4.0,5.0,3.0,,,,,6.0,2.0,7.0,5.0,5.0,5.0,2.0,5.0,6.0,6.0,60.0,60.0,35.0,40.0,55.0,60.0,55.0,65.0,65.0,75.0,4.0,,7.0,,,,,,,,,,,1.0,1.0,1.0,1.0,1.0,1.0,2.0,1.0,1.0,1.0,2.0,2.0,1.0,1.0,2.0,1.0,1.0,2.0,1.0,1.0,2.0,1.0,2.0,1.0,2.0,2.0,2.0,2.0,2.0,1.0,2.0,2.0,1.0,2.0,2.0,1.0,2.0,2.0,1.0,2.0,2.0,1.0,1.0,2.0,1.0,1.0,,4.0,,,5.0,,18.0,,,,4.0
pid_68,,1.0,2.0,,,,1.0,30.0,2.0,200.0,,,30.0,,3.0,,4.0,5.0,1.0,1.0,5.0,5.0,4.0,5.0,5.0,5.0,,5.0,,,,,4.0,5.0,5.0,6.0,,1.0,6.0,5.0,5.0,5.0,3.0,5.0,6.0,6.0,50.0,60.0,45.0,35.0,55.0,55.0,55.0,70.0,65.0,75.0,4.0,6.0,,,,,,,,,,,,1.0,1.0,1.0,1.0,1.0,1.0,2.0,2.0,2.0,1.0,2.0,1.0,2.0,1.0,2.0,2.0,2.0,1.0,2.0,1.0,2.0,2.0,2.0,1.0,2.0,2.0,2.0,2.0,1.0,1.0,2.0,1.0,1.0,1.0,2.0,1.0,2.0,1.0,2.0,1.0,2.0,2.0,2.0,1.0,1.0,2.0,,5.0,,,6.0,,,20.0,3.0,,
pid_69,1.0,,1.0,,,,1.0,30.0,2.0,350.0,,,60.0,,3.0,,2.0,1.0,5.0,4.0,2.0,1.0,1.0,3.0,2.0,2.0,,5.0,,,,,4.0,5.0,5.0,,4.0,2.0,6.0,5.0,5.0,5.0,3.0,6.0,6.0,5.0,55.0,60.0,55.0,45.0,50.0,52.0,48.0,65.0,65.0,75.0,4.0,,6.0,1.0,1.0,1.0,1.0,1.0,1.0,1.0,1.0,1.0,1.0,,,,,,,1.0,1.0,2.0,1.0,1.0,2.0,1.0,2.0,1.0,1.0,2.0,2.0,2.0,1.0,2.0,2.0,1.0,1.0,1.0,1.0,2.0,1.0,1.0,1.0,2.0,1.0,1.0,1.0,2.0,2.0,1.0,2.0,2.0,1.0,2.0,1.0,2.0,2.0,2.0,2.0,,5.0,,,5.0,,,0.0,,,3.0
pid_70,1.0,,,2.0,2.0,54.0,,,,,1.0,379.0,30.0,,2.0,,5.0,5.0,1.0,1.0,5.0,5.0,4.0,5.0,5.0,5.0,4.0,,,4.0,5.0,2.0,,,,6.0,,2.0,7.0,5.0,5.0,6.0,5.0,6.0,6.0,6.0,55.0,58.0,45.0,38.0,62.0,60.0,50.0,72.0,68.0,75.0,4.0,7.0,,,,,,,,,,,,1.0,1.0,1.0,1.0,1.0,1.0,1.0,1.0,1.0,2.0,2.0,2.0,1.0,2.0,2.0,2.0,2.0,2.0,2.0,2.0,2.0,2.0,1.0,1.0,1.0,1.0,2.0,2.0,1.0,2.0,1.0,2.0,2.0,2.0,2.0,2.0,2.0,2.0,1.0,1.0,2.0,1.0,1.0,2.0,1.0,2.0,5.0,,,6.0,,,,0.0,4.0,,
pid_71,,1.0,1.0,,2.0,55.0,,,,,1.0,120.0,,70.0,2.0,,4.0,5.0,2.0,1.0,5.0,5.0,4.0,5.0,5.0,5.0,2.0,,,,,,4.0,5.0,5.0,,4.0,1.0,7.0,3.0,5.0,5.0,5.0,5.0,6.0,6.0,55.0,60.0,45.0,40.0,60.0,60.0,50.0,70.0,65.0,75.0,4.0,6.0,,1.0,1.0,1.0,1.0,1.0,1.0,1.0,1.0,1.0,1.0,,,,,,,1.0,1.0,2.0,2.0,2.0,1.0,2.0,1.0,1.0,2.0,2.0,2.0,2.0,2.0,1.0,1.0,1.0,1.0,1.0,1.0,2.0,2.0,1.0,1.0,2.0,2.0,2.0,2.0,2.0,1.0,2.0,2.0,1.0,2.0,1.0,1.0,1.0,2.0,2.0,2.0,5.0,,,6.0,,,17.0,,,9.0,
pid_72,1.0,,1.0,,,,2.0,20.0,,,1.0,250.0,,70.0,3.0,,4.0,4.0,2.0,2.0,4.0,5.0,2.0,5.0,4.0,5.0,,,5.0,,,,4.0,5.0,5.0,4.0,,2.0,7.0,5.0,5.0,6.0,3.0,5.0,6.0,5.0,55.0,60.0,50.0,45.0,60.0,65.0,50.0,70.0,65.0,75.0,4.0,7.0,,1.0,1.0,1.0,1.0,1.0,1.0,1.0,1.0,1.0,1.0,,,,,,,2.0,2.0,1.0,2.0,1.0,1.0,2.0,1.0,2.0,1.0,1.0,1.0,2.0,1.0,2.0,2.0,1.0,1.0,2.0,1.0,2.0,2.0,1.0,1.0,2.0,2.0,1.0,2.0,2.0,2.0,1.0,2.0,1.0,2.0,2.0,1.0,2.0,1.0,2.0,1.0,,,4.0,,,6.0,18.0,,4.0,,
pid_73,1.0,,,2.0,,,1.0,54.0,2.0,379.0,,,,70.0,3.0,,4.0,5.0,1.0,1.0,5.0,5.0,4.0,5.0,5.0,5.0,4.0,,,,,,4.0,3.0,5.0,,4.0,1.0,7.0,3.0,5.0,5.0,5.0,5.0,6.0,6.0,60.0,55.0,45.0,35.0,55.0,60.0,50.0,70.0,65.0,75.0,4.0,6.0,,1.0,1.0,1.0,1.0,1.0,1.0,1.0,1.0,1.0,1.0,,,,,,,2.0,1.0,1.0,2.0,2.0,1.0,2.0,2.0,1.0,2.0,1.0,2.0,2.0,1.0,2.0,1.0,2.0,2.0,1.0,2.0,2.0,1.0,1.0,2.0,2.0,1.0,1.0,2.0,2.0,2.0,2.0,1.0,1.0,1.0,2.0,1.0,1.0,2.0,1.0,1.0,5.0,,,5.0,,,,5.0,,,3.0
pid_74,1.0,,1.0,,,,1.0,40.0,2.0,500.0,,,30.0,,2.0,,4.0,5.0,2.0,1.0,5.0,5.0,4.0,5.0,5.0,5.0,2.0,,,4.0,5.0,3.0,,,,4.0,,2.0,7.0,3.0,5.0,5.0,5.0,5.0,6.0,6.0,55.0,60.0,45.0,35.0,60.0,65.0,55.0,70.0,65.0,75.0,4.0,6.0,,,,,,,,,,,,1.0,1.0,1.0,1.0,1.0,1.0,1.0,1.0,2.0,2.0,2.0,2.0,1.0,2.0,1.0,2.0,2.0,2.0,2.0,1.0,1.0,2.0,2.0,1.0,1.0,2.0,2.0,2.0,1.0,1.0,1.0,1.0,2.0,1.0,1.0,1.0,2.0,2.0,1.0,1.0,1.0,2.0,2.0,1.0,1.0,1.0,4.0,,,6.0,,,18.0,,,6.0,
pid_75,1.0,,,2.0,,,1.0,20.0,2.0,350.0,,,,80.0,4.0,,4.0,5.0,2.0,1.0,5.0,5.0,4.0,5.0,5.0,5.0,,5.0,,,,,4.0,5.0,5.0,,4.0,2.0,7.0,5.0,5.0,5.0,5.0,5.0,6.0,6.0,60.0,65.0,45.0,35.0,65.0,65.0,50.0,70.0,65.0,75.0,4.0,6.0,,,,,,,,,,,,1.0,1.0,1.0,1.0,1.0,1.0,2.0,1.0,2.0,1.0,2.0,2.0,2.0,2.0,1.0,2.0,1.0,1.0,1.0,2.0,2.0,1.0,1.0,2.0,2.0,1.0,2.0,1.0,2.0,2.0,1.0,2.0,1.0,2.0,1.0,2.0,2.0,2.0,2.0,2.0,1.0,1.0,2.0,2.0,2.0,2.0,,,,,6.0,,,20.0,,,3.0
pid_76,,2.0,1.0,,2.0,54.0,,,,,1.0,380.0,30.0,,,1.0,2.0,1.0,5.0,4.0,2.0,2.0,1.0,2.0,1.0,2.0,,,5.0,4.0,5.0,3.0,,,,4.0,,2.0,6.0,3.0,5.0,5.0,5.0,6.0,6.0,6.0,55.0,60.0,65.0,55.0,50.0,55.0,45.0,65.0,65.0,75.0,4.0,6.0,,1.0,1.0,1.0,1.0,1.0,1.0,1.0,1.0,1.0,1.0,,,,,,,2.0,2.0,2.0,2.0,2.0,1.0,1.0,1.0,1.0,2.0,1.0,1.0,1.0,2.0,2.0,1.0,2.0,1.0,1.0,1.0,2.0,1.0,1.0,2.0,1.0,2.0,2.0,1.0,2.0,1.0,2.0,2.0,2.0,1.0,2.0,1.0,2.0,1.0,1.0,1.0,,,5.0,,,6.0,,20.0,,9.0,
pid_77,1.0,,,2.0,,,1.0,54.0,,,1.0,300.0,20.0,,2.0,,4.0,4.0,2.0,2.0,4.0,4.0,3.0,4.0,4.0,4.0,,,5.0,4.0,5.0,,,,,,4.0,2.0,6.0,3.0,5.0,5.0,3.0,5.0,6.0,6.0,55.0,60.0,45.0,40.0,60.0,58.0,50.0,65.0,62.0,75.0,4.0,6.0,,,,,,,,,,,,1.0,1.0,1.0,1.0,1.0,1.0,1.0,1.0,2.0,2.0,1.0,2.0,2.0,1.0,1.0,2.0,2.0,1.0,2.0,1.0,1.0,1.0,2.0,1.0,2.0,1.0,2.0,2.0,2.0,1.0,2.0,2.0,2.0,1.0,2.0,1.0,2.0,2.0,2.0,1.0,2.0,2.0,1.0,2.0,1.0,2.0,,,4.0,,,4.0,,10.0,1.0,,
pid_78,,1.0,,2.0,2.0,54.0,,,2.0,380.0,,,35.0,,3.0,,1.0,1.0,5.0,4.0,2.0,1.0,1.0,2.0,1.0,2.0,,,5.0,,,,4.0,5.0,5.0,5.0,,2.0,5.0,3.0,5.0,5.0,5.0,5.0,6.0,6.0,45.0,55.0,65.0,50.0,55.0,50.0,48.0,65.0,60.0,70.0,4.0,,7.0,1.0,1.0,1.0,1.0,1.0,1.0,1.0,1.0,1.0,1.0,,,,,,,1.0,2.0,2.0,2.0,1.0,1.0,1.0,2.0,2.0,1.0,2.0,2.0,2.0,2.0,1.0,2.0,1.0,2.0,2.0,1.0,1.0,1.0,2.0,1.0,1.0,2.0,2.0,2.0,1.0,2.0,2.0,2.0,1.0,2.0,1.0,1.0,1.0,2.0,1.0,2.0,,,4.0,,,6.0,,20.0,2.0,,
pid_79,1.0,,1.0,,,,1.0,54.0,,,1.0,379.0,,80.0,6.0,,4.0,4.0,4.0,2.0,4.0,4.0,2.0,5.0,4.0,4.0,,,5.0,,,,4.0,3.0,5.0,,4.0,1.0,6.0,5.0,5.0,5.0,5.0,5.0,6.0,6.0,55.0,60.0,55.0,45.0,60.0,65.0,50.0,70.0,65.0,75.0,4.0,6.0,,,,,,,,,,,,1.0,1.0,1.0,1.0,1.0,1.0,2.0,2.0,1.0,1.0,1.0,2.0,1.0,2.0,1.0,1.0,1.0,2.0,1.0,2.0,1.0,2.0,1.0,2.0,1.0,1.0,2.0,2.0,2.0,1.0,2.0,2.0,1.0,2.0,1.0,2.0,2.0,1.0,1.0,1.0,2.0,1.0,2.0,1.0,1.0,2.0,,,4.0,,,6.0,18.0,,,9.0,
pid_80,1.0,,,2.0,2.0,54.0,,,,,1.0,380.0,30.0,,2.0,,2.0,1.0,5.0,4.0,2.0,1.0,1.0,2.0,1.0,2.0,2.0,,,,,,3.0,4.0,5.0,,4.0,1.0,6.0,5.0,5.0,5.0,3.0,5.0,6.0,6.0,50.0,45.0,65.0,50.0,45.0,55.0,40.0,65.0,60.0,70.0,4.0,7.0,,,,,,,,,,,,1.0,1.0,1.0,1.0,1.0,1.0,2.0,2.0,2.0,1.0,1.0,1.0,2.0,1.0,1.0,1.0,1.0,2.0,2.0,2.0,2.0,1.0,2.0,2.0,1.0,2.0,1.0,2.0,2.0,2.0,1.0,1.0,2.0,2.0,2.0,2.0,2.0,2.0,1.0,1.0,1.0,2.0,1.0,1.0,2.0,1.0,4.0,,,6.0,,,15.0,,,,3.0
pid_81,,1.0,,2.0,2.0,54.0,,,,,1.0,380.0,30.0,,3.0,,5.0,5.0,1.0,1.0,5.0,5.0,5.0,5.0,5.0,5.0,,,5.0,4.0,5.0,2.0,,,,,6.0,1.0,7.0,5.0,5.0,5.0,6.0,5.0,6.0,6.0,60.0,60.0,45.0,35.0,55.0,65.0,45.0,70.0,70.0,75.0,4.0,6.0,,1.0,1.0,1.0,1.0,1.0,1.0,1.0,1.0,1.0,1.0,,,,,,,2.0,2.0,2.0,2.0,1.0,2.0,2.0,2.0,1.0,2.0,2.0,2.0,2.0,2.0,2.0,1.0,1.0,2.0,2.0,1.0,2.0,1.0,2.0,2.0,2.0,2.0,1.0,2.0,1.0,2.0,1.0,2.0,1.0,1.0,2.0,2.0,2.0,2.0,1.0,2.0,,,5.0,,,6.0,18.0,,,,3.0
pid_82,1.0,,2.0,,2.0,54.0,,,,,1.0,379.0,,70.0,3.0,,4.0,5.0,1.0,1.0,5.0,5.0,4.0,5.0,5.0,5.0,2.0,,,,,,4.0,5.0,6.0,4.0,,2.0,7.0,5.0,5.0,5.0,5.0,5.0,6.0,6.0,65.0,60.0,45.0,35.0,60.0,65.0,55.0,75.0,70.0,80.0,4.0,,7.0,,,,,,,,,,,1.0,1.0,1.0,1.0,1.0,1.0,1.0,1.0,1.0,1.0,1.0,2.0,1.0,1.0,1.0,1.0,1.0,1.0,1.0,1.0,1.0,1.0,1.0,2.0,2.0,1.0,1.0,2.0,2.0,2.0,1.0,2.0,2.0,2.0,2.0,2.0,1.0,2.0,1.0,2.0,1.0,2.0,1.0,1.0,2.0,1.0,5.0,,,6.0,,,15.0,,4.0,,
pid_83,1.0,,2.0,,2.0,54.0,,,2.0,500.0,,,30.0,,2.0,,2.0,4.0,4.0,4.0,4.0,4.0,2.0,4.0,2.0,4.0,,,5.0,,,,4.0,3.0,5.0,4.0,,2.0,7.0,3.0,5.0,5.0,5.0,5.0,6.0,6.0,55.0,55.0,65.0,55.0,65.0,60.0,50.0,65.0,65.0,75.0,4.0,7.0,,,,,,,,,,,,1.0,1.0,1.0,1.0,1.0,1.0,1.0,2.0,1.0,1.0,1.0,2.0,1.0,2.0,2.0,2.0,1.0,2.0,1.0,1.0,2.0,1.0,1.0,1.0,1.0,1.0,1.0,1.0,2.0,1.0,2.0,1.0,1.0,1.0,1.0,2.0,2.0,1.0,2.0,1.0,2.0,1.0,1.0,2.0,1.0,2.0,,,5.0,,,6.0,18.0,,,9.0,
pid_84,,2.0,,2.0,2.0,54.0,,,2.0,380.0,,,,70.0,,1.0,4.0,5.0,1.0,1.0,5.0,5.0,4.0,5.0,5.0,5.0,,5.0,,,,,4.0,4.0,5.0,6.0,,1.0,7.0,3.0,5.0,5.0,5.0,6.0,6.0,6.0,55.0,65.0,45.0,38.0,62.0,60.0,50.0,75.0,70.0,80.0,4.0,,7.0,,,,,,,,,,,1.0,1.0,1.0,1.0,1.0,1.0,1.0,2.0,1.0,2.0,2.0,1.0,2.0,1.0,1.0,1.0,1.0,2.0,1.0,1.0,2.0,1.0,2.0,2.0,1.0,2.0,2.0,2.0,2.0,1.0,1.0,1.0,2.0,1.0,2.0,2.0,1.0,1.0,2.0,2.0,2.0,2.0,1.0,2.0,2.0,1.0,,5.0,,,6.0,,,20.0,3.0,,
pid_85,,2.0,1.0,,,,1.0,54.0,,,1.0,380.0,50.0,,2.0,,2.0,1.0,5.0,4.0,2.0,2.0,1.0,4.0,2.0,4.0,,,5.0,,,,3.0,4.0,3.0,,4.0,1.0,6.0,5.0,5.0,5.0,5.0,5.0,6.0,6.0,55.0,60.0,55.0,45.0,50.0,60.0,50.0,70.0,65.0,75.0,4.0,6.0,,1.0,1.0,1.0,1.0,1.0,1.0,1.0,1.0,1.0,1.0,,,,,,,2.0,2.0,2.0,2.0,1.0,1.0,1.0,2.0,1.0,1.0,1.0,1.0,2.0,2.0,1.0,2.0,2.0,1.0,1.0,1.0,2.0,2.0,1.0,1.0,1.0,1.0,2.0,2.0,1.0,1.0,1.0,1.0,1.0,2.0,2.0,1.0,2.0,2.0,1.0,2.0,,,5.0,,,6.0,16.0,,2.0,,
pid_86,1.0,,1.0,,2.0,54.0,,,,,1.0,200.0,30.0,,,2.0,2.0,4.0,5.0,4.0,2.0,2.0,1.0,4.0,2.0,4.0,1.0,,,,,,4.0,5.0,5.0,,4.0,2.0,6.0,3.0,5.0,5.0,5.0,6.0,6.0,6.0,45.0,55.0,65.0,45.0,55.0,58.0,50.0,65.0,60.0,75.0,4.0,,6.0,1.0,1.0,1.0,1.0,1.0,1.0,1.0,1.0,1.0,1.0,,,,,,,2.0,2.0,1.0,2.0,2.0,2.0,2.0,1.0,2.0,2.0,2.0,1.0,2.0,1.0,2.0,2.0,2.0,1.0,1.0,2.0,2.0,1.0,2.0,1.0,2.0,2.0,2.0,1.0,2.0,1.0,1.0,1.0,2.0,1.0,1.0,2.0,2.0,1.0,1.0,1.0,4.0,,,5.0,,,18.0,,,6.0,
pid_87,,1.0,1.0,,2.0,54.0,,,,,1.0,380.0,30.0,,2.0,,4.0,5.0,1.0,1.0,5.0,5.0,4.0,5.0,5.0,5.0,1.0,,,,,,4.0,5.0,5.0,,6.0,1.0,6.0,5.0,5.0,5.0,3.0,5.0,6.0,6.0,55.0,65.0,45.0,35.0,60.0,60.0,55.0,70.0,65.0,80.0,4.0,,7.0,1.0,1.0,1.0,1.0,1.0,1.0,1.0,1.0,1.0,1.0,,,,,,,2.0,2.0,2.0,2.0,2.0,2.0,1.0,2.0,2.0,2.0,2.0,2.0,2.0,1.0,1.0,1.0,1.0,1.0,1.0,1.0,1.0,2.0,2.0,1.0,1.0,2.0,2.0,2.0,2.0,2.0,2.0,2.0,2.0,1.0,2.0,1.0,1.0,1.0,2.0,2.0,5.0,,,6.0,,,,20.0,,,3.0
pid_88,1.0,,,2.0,,,1.0,30.0,,,1.0,300.0,30.0,,3.0,,2.0,2.0,5.0,4.0,3.0,2.0,1.0,4.0,2.0,4.0,,5.0,,4.0,5.0,3.0,,,,4.0,,1.0,7.0,5.0,3.0,5.0,5.0,5.0,6.0,6.0,50.0,55.0,55.0,45.0,55.0,60.0,45.0,65.0,60.0,75.0,4.0,,6.0,,,,,,,,,,,1.0,1.0,1.0,1.0,1.0,1.0,1.0,1.0,2.0,1.0,2.0,1.0,1.0,1.0,1.0,1.0,2.0,1.0,2.0,1.0,1.0,2.0,1.0,1.0,1.0,2.0,2.0,1.0,2.0,2.0,1.0,2.0,1.0,1.0,1.0,1.0,2.0,1.0,1.0,1.0,2.0,1.0,1.0,2.0,2.0,1.0,,4.0,,,6.0,,,0.0,1.0,,
pid_89,,1.0,,2.0,2.0,54.0,,,2.0,380.0,,,,85.0,,4.0,4.0,5.0,1.0,1.0,5.0,5.0,4.0,5.0,5.0,5.0,1.0,,,5.0,5.0,3.0,,,,,4.0,2.0,6.0,3.0,5.0,5.0,5.0,6.0,6.0,6.0,65.0,60.0,40.0,35.0,60.0,60.0,55.0,70.0,65.0,75.0,4.0,,7.0,1.0,1.0,1.0,1.0,1.0,1.0,1.0,1.0,1.0,1.0,,,,,,,1.0,2.0,2.0,1.0,1.0,2.0,2.0,2.0,1.0,1.0,2.0,2.0,2.0,1.0,1.0,2.0,1.0,1.0,2.0,2.0,2.0,1.0,1.0,2.0,2.0,2.0,2.0,2.0,1.0,2.0,1.0,1.0,2.0,2.0,2.0,1.0,2.0,2.0,2.0,2.0,5.0,,,6.0,,,,10.0,,6.0,
pid_90,,1.0,2.0,,2.0,54.0,,,2.0,380.0,,,30.0,,,3.0,5.0,5.0,1.0,1.0,5.0,5.0,4.0,5.0,5.0,5.0,4.0,,,,,,4.0,5.0,3.0,,4.0,2.0,7.0,5.0,6.0,5.0,5.0,5.0,6.0,6.0,55.0,55.0,45.0,40.0,60.0,60.0,55.0,75.0,70.0,80.0,4.0,6.0,,,,,,,,,,,,1.0,1.0,1.0,1.0,1.0,1.0,2.0,1.0,2.0,1.0,1.0,2.0,2.0,1.0,2.0,2.0,2.0,2.0,2.0,2.0,2.0,2.0,2.0,1.0,1.0,1.0,2.0,1.0,2.0,2.0,1.0,2.0,2.0,2.0,2.0,1.0,2.0,1.0,2.0,1.0,2.0,1.0,2.0,2.0,2.0,2.0,5.0,,,6.0,,,,15.0,,6.0,
pid_91,,2.0,,2.0,2.0,55.0,,,,,1.0,380.0,,70.0,,2.0,4.0,5.0,1.0,1.0,5.0,5.0,4.0,5.0,5.0,5.0,,,5.0,,,,4.0,5.0,5.0,6.0,,2.0,7.0,5.0,5.0,5.0,3.0,6.0,6.0,6.0,55.0,60.0,35.0,40.0,60.0,60.0,55.0,70.0,65.0,75.0,4.0,,7.0,1.0,1.0,1.0,1.0,1.0,1.0,1.0,1.0,1.0,1.0,,,,,,,1.0,1.0,2.0,2.0,2.0,2.0,2.0,2.0,2.0,2.0,2.0,2.0,1.0,1.0,2.0,1.0,2.0,2.0,1.0,1.0,1.0,2.0,2.0,1.0,2.0,2.0,2.0,2.0,1.0,1.0,2.0,1.0,2.0,1.0,1.0,2.0,2.0,1.0,2.0,2.0,,,5.0,,,6.0,,8.0,,9.0,
pid_92,1.0,,,2.0,2.0,54.0,,,,,1.0,379.0,,75.0,,3.0,2.0,2.0,4.0,4.0,4.0,2.0,1.0,4.0,4.0,4.0,2.0,,,4.0,5.0,3.0,,,,,4.0,1.0,6.0,5.0,5.0,5.0,3.0,5.0,6.0,6.0,55.0,65.0,55.0,40.0,60.0,65.0,55.0,75.0,70.0,80.0,4.0,,6.0,,,,,,,,,,,1.0,1.0,1.0,1.0,1.0,1.0,1.0,2.0,2.0,2.0,2.0,2.0,1.0,1.0,2.0,1.0,1.0,1.0,1.0,2.0,2.0,1.0,2.0,1.0,2.0,1.0,1.0,2.0,1.0,1.0,2.0,2.0,2.0,2.0,1.0,1.0,1.0,2.0,1.0,1.0,2.0,1.0,1.0,2.0,1.0,1.0,4.0,,,5.0,,,,0.0,3.0,,
pid_93,1.0,,2.0,,,,1.0,54.0,,,1.0,379.0,30.0,,2.0,,4.0,5.0,1.0,1.0,5.0,5.0,4.0,5.0,5.0,5.0,2.0,,,,,,4.0,5.0,5.0,,4.0,2.0,7.0,5.0,5.0,5.0,3.0,5.0,6.0,6.0,65.0,58.0,42.0,38.0,60.0,62.0,55.0,70.0,68.0,80.0,4.0,6.0,,1.0,1.0,1.0,1.0,1.0,1.0,1.0,1.0,1.0,1.0,,,,,,,2.0,1.0,2.0,1.0,2.0,1.0,1.0,1.0,2.0,2.0,1.0,2.0,2.0,1.0,2.0,2.0,1.0,2.0,1.0,1.0,1.0,2.0,1.0,2.0,1.0,1.0,2.0,2.0,2.0,2.0,2.0,2.0,2.0,1.0,1.0,1.0,1.0,1.0,1.0,2.0,5.0,,,6.0,,,18.0,,,6.0,
pid_94,1.0,,,2.0,2.0,54.0,,,,,1.0,379.0,,70.0,3.0,,4.0,5.0,2.0,1.0,5.0,5.0,4.0,5.0,5.0,5.0,2.0,,,4.0,5.0,3.0,,,,,4.0,1.0,6.0,5.0,3.0,5.0,5.0,5.0,6.0,6.0,55.0,65.0,40.0,35.0,60.0,65.0,55.0,75.0,65.0,80.0,4.0,7.0,,1.0,1.0,1.0,1.0,1.0,1.0,1.0,1.0,1.0,1.0,,,,,,,2.0,1.0,1.0,1.0,2.0,1.0,2.0,1.0,1.0,2.0,1.0,1.0,1.0,2.0,2.0,1.0,1.0,1.0,2.0,1.0,2.0,1.0,1.0,2.0,1.0,2.0,1.0,2.0,1.0,2.0,1.0,1.0,2.0,1.0,1.0,1.0,1.0,1.0,2.0,2.0,5.0,,,6.0,,,,10.0,,,4.0
pid_95,,2.0,1.0,,,,1.0,50.0,2.0,380.0,,,30.0,,,1.0,4.0,2.0,5.0,4.0,4.0,5.0,1.0,4.0,2.0,4.0,2.0,,,,,,4.0,4.0,5.0,,4.0,1.0,6.0,5.0,5.0,5.0,5.0,5.0,6.0,6.0,55.0,55.0,65.0,50.0,60.0,55.0,45.0,70.0,60.0,75.0,4.0,6.0,,,,,,,,,,,,1.0,1.0,1.0,1.0,1.0,1.0,1.0,2.0,1.0,2.0,2.0,1.0,1.0,2.0,1.0,1.0,1.0,2.0,2.0,1.0,2.0,1.0,2.0,1.0,2.0,2.0,2.0,2.0,2.0,1.0,2.0,1.0,2.0,1.0,2.0,2.0,1.0,1.0,1.0,2.0,2.0,1.0,1.0,1.0,1.0,1.0,5.0,,,6.0,,,17.0,,3.0,,
pid_96,,1.0,2.0,,2.0,54.0,,,,,1.0,380.0,30.0,,,2.0,4.0,4.0,2.0,2.0,5.0,5.0,4.0,5.0,5.0,5.0,,5.0,,,,,4.0,4.0,5.0,4.0,,1.0,7.0,3.0,5.0,5.0,5.0,6.0,6.0,5.0,55.0,55.0,45.0,35.0,60.0,58.0,50.0,65.0,62.0,75.0,4.0,,6.0,,,,,,,,,,,1.0,1.0,1.0,1.0,1.0,1.0,1.0,1.0,2.0,1.0,2.0,1.0,1.0,1.0,2.0,2.0,2.0,2.0,2.0,1.0,2.0,2.0,1.0,1.0,1.0,1.0,2.0,2.0,1.0,2.0,2.0,2.0,2.0,2.0,2.0,1.0,1.0,2.0,1.0,1.0,1.0,1.0,1.0,2.0,2.0,1.0,,5.0,,,6.0,,,20.0,,,3.0
pid_97,,1.0,2.0,,2.0,54.0,,,2.0,380.0,,,40.0,,2.0,,4.0,5.0,1.0,2.0,5.0,5.0,4.0,5.0,5.0,5.0,,,5.0,4.0,5.0,3.0,,,,,4.0,1.0,7.0,5.0,5.0,5.0,3.0,5.0,6.0,6.0,65.0,65.0,45.0,40.0,60.0,65.0,55.0,75.0,65.0,80.0,4.0,,6.0,,,,,,,,,,,1.0,1.0,1.0,1.0,1.0,1.0,2.0,2.0,2.0,1.0,1.0,2.0,2.0,2.0,1.0,2.0,2.0,1.0,1.0,1.0,2.0,1.0,1.0,2.0,1.0,2.0,2.0,1.0,1.0,2.0,1.0,2.0,1.0,2.0,1.0,1.0,1.0,2.0,2.0,2.0,2.0,1.0,1.0,2.0,2.0,1.0,,,5.0,,,6.0,,18.0,,10.0,
pid_98,1.0,,,2.0,2.0,54.0,,,,,1.0,380.0,30.0,,2.0,,4.0,5.0,1.0,1.0,5.0,5.0,4.0,5.0,5.0,5.0,2.0,,,,,,4.0,5.0,5.0,,4.0,1.0,7.0,5.0,5.0,5.0,3.0,5.0,6.0,5.0,55.0,60.0,45.0,40.0,60.0,60.0,50.0,70.0,65.0,75.0,4.0,6.0,,1.0,1.0,1.0,1.0,1.0,1.0,1.0,1.0,1.0,1.0,,,,,,,1.0,2.0,2.0,2.0,1.0,1.0,2.0,2.0,2.0,1.0,2.0,1.0,2.0,2.0,2.0,2.0,1.0,1.0,2.0,2.0,2.0,2.0,2.0,1.0,2.0,2.0,2.0,2.0,2.0,2.0,1.0,2.0,1.0,1.0,2.0,2.0,2.0,1.0,1.0,2.0,4.0,,,6.0,,,,10.0,,6.0,
pid_99,,1.0,1.0,,2.0,54.0,,,,,1.0,379.0,,70.0,,2.0,4.0,4.0,2.0,2.0,4.0,4.0,2.0,5.0,4.0,4.0,,,4.0,,,,3.0,5.0,3.0,4.0,,1.0,7.0,5.0,5.0,5.0,5.0,6.0,6.0,6.0,55.0,58.0,48.0,42.0,52.0,58.0,48.0,68.0,62.0,78.0,4.0,,7.0,1.0,1.0,1.0,1.0,1.0,1.0,1.0,1.0,1.0,1.0,,,,,,,1.0,2.0,2.0,1.0,2.0,1.0,2.0,1.0,2.0,2.0,1.0,2.0,1.0,2.0,2.0,2.0,1.0,1.0,2.0,1.0,1.0,1.0,1.0,2.0,1.0,1.0,2.0,2.0,1.0,2.0,1.0,1.0,1.0,1.0,1.0,2.0,1.0,2.0,2.0,1.0,,,4.0,,,5.0,,18.0,,,3.0
pid_100,,1.0,1.0,,2.0,54.0,,,2.0,380.0,,,30.0,,,3.0,5.0,5.0,1.0,1.0,5.0,5.0,4.0,5.0,5.0,5.0,,5.0,,,,,4.0,5.0,5.0,6.0,,1.0,7.0,5.0,5.0,5.0,2.0,6.0,6.0,6.0,60.0,65.0,40.0,45.0,65.0,65.0,50.0,75.0,70.0,80.0,4.0,6.0,,,,,,,,,,,,1.0,1.0,1.0,1.0,1.0,1.0,2.0,2.0,2.0,2.0,2.0,2.0,1.0,2.0,1.0,2.0,1.0,1.0,1.0,2.0,2.0,2.0,1.0,2.0,1.0,1.0,2.0,1.0,1.0,2.0,2.0,1.0,2.0,2.0,2.0,2.0,1.0,2.0,2.0,1.0,2.0,1.0,2.0,2.0,1.0,2.0,,5.0,,,6.0,,,20.0,2.0,,
pid_101,,1.0,,2.0,,,1.0,54.0,2.0,350.0,,,,75.0,,2.0,4.0,5.0,2.0,1.0,5.0,5.0,4.0,5.0,5.0,5.0,4.0,,,,,,4.0,3.0,5.0,4.0,,2.0,6.0,5.0,5.0,5.0,3.0,5.0,6.0,6.0,60.0,65.0,45.0,35.0,65.0,65.0,55.0,70.0,65.0,75.0,4.0,6.0,,,,,,,,,,,,1.0,1.0,1.0,1.0,1.0,1.0,1.0,2.0,1.0,2.0,1.0,2.0,2.0,1.0,1.0,2.0,2.0,2.0,1.0,1.0,1.0,1.0,2.0,2.0,1.0,2.0,2.0,1.0,2.0,2.0,2.0,2.0,1.0,2.0,2.0,2.0,2.0,1.0,2.0,1.0,1.0,2.0,2.0,2.0,2.0,2.0,5.0,,,5.0,,,,5.0,,,3.0
pid_102,1.0,,1.0,,2.0,54.0,,,,,1.0,300.0,,70.0,,1.0,4.0,1.0,5.0,4.0,5.0,5.0,1.0,4.0,2.0,4.0,1.0,,,,,,3.0,5.0,4.0,,4.0,1.0,7.0,5.0,5.0,5.0,5.0,6.0,6.0,6.0,55.0,60.0,65.0,55.0,60.0,60.0,55.0,70.0,65.0,75.0,4.0,6.0,,,,,,,,,,,,1.0,1.0,1.0,1.0,1.0,1.0,2.0,2.0,2.0,1.0,1.0,2.0,2.0,2.0,1.0,2.0,1.0,1.0,2.0,1.0,1.0,1.0,2.0,1.0,1.0,2.0,2.0,1.0,1.0,1.0,2.0,1.0,1.0,1.0,2.0,2.0,1.0,2.0,1.0,2.0,1.0,2.0,1.0,2.0,1.0,2.0,4.0,,,5.0,,,,0.0,,6.0,
pid_103,,1.0,1.0,,2.0,54.0,,,,,1.0,300.0,50.0,,,1.0,4.0,1.0,5.0,4.0,5.0,5.0,1.0,4.0,1.0,4.0,,5.0,,5.0,5.0,3.0,,,,4.0,,1.0,7.0,3.0,5.0,5.0,5.0,6.0,6.0,6.0,60.0,60.0,55.0,48.0,62.0,65.0,55.0,75.0,65.0,75.0,4.0,6.0,,,,,,,,,,,,1.0,1.0,1.0,1.0,1.0,1.0,1.0,1.0,1.0,1.0,1.0,1.0,2.0,2.0,1.0,1.0,2.0,2.0,1.0,1.0,1.0,2.0,1.0,1.0,1.0,1.0,1.0,2.0,1.0,1.0,1.0,1.0,2.0,1.0,2.0,1.0,2.0,2.0,1.0,1.0,2.0,1.0,2.0,2.0,2.0,1.0,,5.0,,,6.0,,,18.0,,9.0,
pid_104,1.0,,,2.0,2.0,54.0,,,2.0,400.0,,,30.0,,,2.0,2.0,4.0,5.0,4.0,4.0,4.0,1.0,4.0,2.0,4.0,,,5.0,4.0,5.0,2.0,,,,4.0,,2.0,6.0,5.0,5.0,5.0,5.0,5.0,6.0,6.0,50.0,55.0,60.0,50.0,55.0,55.0,45.0,65.0,60.0,70.0,4.0,6.0,,1.0,1.0,1.0,1.0,1.0,1.0,1.0,1.0,1.0,1.0,,,,,,,1.0,2.0,2.0,2.0,1.0,1.0,2.0,1.0,2.0,1.0,1.0,2.0,2.0,1.0,1.0,2.0,1.0,2.0,2.0,1.0,2.0,2.0,1.0,2.0,1.0,2.0,2.0,2.0,1.0,2.0,1.0,2.0,1.0,2.0,1.0,2.0,1.0,2.0,2.0,2.0,,,4.0,,,6.0,18.0,,,,3.0
pid_105,,1.0,1.0,,2.0,54.0,,,2.0,380.0,,,30.0,,2.0,,4.0,5.0,2.0,2.0,5.0,4.0,2.0,5.0,4.0,4.0,1.0,,,4.0,5.0,3.0,,,,4.0,,2.0,6.0,5.0,5.0,5.0,5.0,6.0,6.0,5.0,55.0,55.0,45.0,40.0,60.0,65.0,50.0,70.0,65.0,75.0,4.0,6.0,,1.0,1.0,1.0,1.0,1.0,1.0,1.0,1.0,1.0,1.0,,,,,,,1.0,1.0,2.0,2.0,1.0,1.0,1.0,2.0,2.0,1.0,1.0,1.0,2.0,2.0,1.0,2.0,2.0,1.0,1.0,1.0,1.0,2.0,2.0,2.0,2.0,2.0,1.0,1.0,1.0,1.0,2.0,2.0,2.0,1.0,1.0,2.0,1.0,1.0,2.0,2.0,4.0,,,5.0,,,,0.0,,,4.0
pid_106,,1.0,2.0,,2.0,54.0,,,,,1.0,379.0,,70.0,,2.0,4.0,5.0,1.0,1.0,5.0,5.0,4.0,5.0,5.0,5.0,4.0,,,,,,4.0,5.0,5.0,6.0,,1.0,7.0,5.0,3.0,6.0,3.0,5.0,6.0,6.0,55.0,54.0,42.0,38.0,58.0,60.0,52.0,68.0,65.0,72.0,4.0,6.0,,,,,,,,,,,,1.0,1.0,1.0,1.0,1.0,1.0,2.0,2.0,2.0,2.0,2.0,1.0,1.0,2.0,1.0,2.0,2.0,2.0,2.0,2.0,1.0,2.0,2.0,2.0,2.0,2.0,2.0,2.0,2.0,2.0,2.0,1.0,2.0,2.0,2.0,2.0,2.0,2.0,1.0,2.0,2.0,2.0,2.0,2.0,2.0,2.0,5.0,,,6.0,,,16.0,,,,3.0
pid_107,1.0,,,2.0,,,1.0,54.0,,,1.0,379.0,30.0,,,3.0,1.0,1.0,5.0,4.0,2.0,2.0,1.0,2.0,1.0,2.0,,5.0,,5.0,5.0,2.0,,,,4.0,,1.0,6.0,5.0,5.0,5.0,5.0,6.0,6.0,6.0,55.0,55.0,65.0,45.0,60.0,57.0,45.0,65.0,60.0,75.0,4.0,6.0,,,,,,,,,,,,1.0,1.0,1.0,1.0,1.0,1.0,2.0,2.0,2.0,1.0,2.0,1.0,2.0,2.0,2.0,2.0,2.0,2.0,1.0,2.0,1.0,1.0,1.0,2.0,2.0,1.0,2.0,2.0,2.0,2.0,2.0,1.0,2.0,2.0,1.0,1.0,2.0,2.0,2.0,2.0,2.0,2.0,2.0,1.0,1.0,2.0,,5.0,,,6.0,,,20.0,,,3.0
pid_108,1.0,,,2.0,,,1.0,54.0,2.0,350.0,,,,70.0,2.0,,4.0,4.0,2.0,2.0,4.0,4.0,2.0,5.0,4.0,5.0,,5.0,,4.0,5.0,3.0,,,,4.0,,2.0,6.0,5.0,5.0,5.0,5.0,5.0,6.0,6.0,60.0,63.0,44.0,42.0,58.0,62.0,48.0,72.0,65.0,78.0,4.0,,6.0,1.0,1.0,1.0,1.0,1.0,1.0,1.0,1.0,1.0,1.0,,,,,,,1.0,1.0,2.0,2.0,1.0,2.0,2.0,2.0,2.0,1.0,2.0,2.0,1.0,2.0,1.0,2.0,2.0,2.0,2.0,2.0,1.0,1.0,1.0,2.0,2.0,1.0,2.0,2.0,1.0,1.0,1.0,1.0,1.0,1.0,1.0,2.0,1.0,1.0,2.0,2.0,,5.0,,,6.0,,18.0,,3.0,,
pid_109,1.0,,,2.0,,,1.0,54.0,2.0,380.0,,,,80.0,5.0,,4.0,2.0,5.0,5.0,4.0,4.0,1.0,4.0,2.0,4.0,,5.0,,,,,4.0,5.0,5.0,4.0,,2.0,6.0,5.0,5.0,6.0,5.0,5.0,6.0,6.0,55.0,55.0,60.0,45.0,60.0,65.0,55.0,70.0,65.0,75.0,4.0,6.0,,,,,,,,,,,,1.0,1.0,1.0,1.0,1.0,1.0,2.0,1.0,1.0,2.0,1.0,2.0,1.0,1.0,2.0,1.0,2.0,1.0,2.0,2.0,1.0,1.0,2.0,2.0,1.0,1.0,2.0,1.0,1.0,1.0,2.0,2.0,2.0,1.0,2.0,1.0,2.0,1.0,1.0,2.0,2.0,2.0,1.0,1.0,1.0,1.0,,5.0,,,6.0,,,20.0,2.0,,
pid_110,,2.0,2.0,,,,1.0,54.0,2.0,380.0,,,30.0,,,2.0,2.0,1.0,5.0,4.0,3.0,2.0,1.0,2.0,2.0,2.0,,5.0,,,,,3.0,5.0,3.0,,4.0,2.0,6.0,5.0,5.0,6.0,5.0,5.0,6.0,5.0,45.0,55.0,55.0,45.0,40.0,50.0,50.0,65.0,65.0,75.0,4.0,,6.0,1.0,1.0,1.0,1.0,1.0,1.0,1.0,1.0,1.0,1.0,,,,,,,1.0,1.0,1.0,2.0,2.0,2.0,2.0,1.0,2.0,2.0,1.0,2.0,2.0,1.0,1.0,1.0,2.0,1.0,2.0,1.0,2.0,2.0,1.0,2.0,2.0,1.0,2.0,2.0,1.0,2.0,2.0,1.0,1.0,2.0,2.0,2.0,1.0,2.0,1.0,2.0,,5.0,,,6.0,,,0.0,,9.0,
pid_111,,2.0,1.0,,2.0,54.0,,,2.0,380.0,,,,70.0,,1.0,2.0,1.0,5.0,4.0,4.0,2.0,1.0,4.0,2.0,4.0,,5.0,,4.0,5.0,2.0,,,,4.0,,2.0,6.0,5.0,5.0,5.0,3.0,6.0,6.0,5.0,55.0,58.0,65.0,45.0,60.0,58.0,50.0,68.0,65.0,75.0,4.0,6.0,,1.0,1.0,1.0,1.0,1.0,1.0,1.0,1.0,1.0,1.0,,,,,,,2.0,1.0,2.0,2.0,1.0,2.0,2.0,2.0,2.0,1.0,2.0,1.0,2.0,1.0,2.0,2.0,2.0,2.0,1.0,2.0,2.0,1.0,1.0,1.0,2.0,1.0,1.0,1.0,2.0,2.0,1.0,2.0,2.0,2.0,2.0,2.0,1.0,1.0,2.0,1.0,,5.0,,,6.0,,,20.0,,9.0,
pid_112,1.0,,,2.0,,,1.0,54.0,2.0,380.0,,,50.0,,,1.0,4.0,5.0,1.0,1.0,5.0,5.0,4.0,5.0,5.0,5.0,,5.0,,,,,4.0,3.0,5.0,,4.0,2.0,7.0,5.0,5.0,5.0,3.0,5.0,6.0,6.0,65.0,60.0,40.0,35.0,60.0,65.0,55.0,75.0,65.0,80.0,4.0,,7.0,,,,,,,,,,,1.0,1.0,1.0,1.0,1.0,1.0,2.0,2.0,2.0,2.0,2.0,1.0,1.0,2.0,2.0,1.0,2.0,2.0,2.0,2.0,2.0,2.0,1.0,2.0,2.0,1.0,2.0,1.0,2.0,2.0,2.0,2.0,2.0,2.0,1.0,1.0,1.0,1.0,2.0,1.0,2.0,1.0,2.0,2.0,2.0,2.0,,5.0,,,6.0,,,20.0,3.0,,
pid_113,1.0,,,2.0,2.0,54.0,,,2.0,380.0,,,30.0,,,2.0,5.0,5.0,1.0,1.0,5.0,5.0,4.0,5.0,5.0,5.0,,,5.0,,,,4.0,5.0,5.0,4.0,,2.0,7.0,3.0,5.0,5.0,3.0,5.0,6.0,6.0,65.0,60.0,45.0,40.0,60.0,,55.0,70.0,65.0,,4.0,,6.0,,,,,,,,,,,1.0,1.0,1.0,1.0,1.0,1.0,1.0,1.0,1.0,2.0,2.0,2.0,1.0,2.0,2.0,2.0,2.0,1.0,1.0,2.0,2.0,2.0,2.0,2.0,2.0,2.0,2.0,2.0,2.0,1.0,1.0,1.0,1.0,1.0,2.0,2.0,2.0,1.0,1.0,2.0,1.0,2.0,2.0,2.0,2.0,2.0,,,5.0,,,6.0,,18.0,,,4.0
pid_114,,2.0,,2.0,,,1.0,54.0,,,1.0,379.0,30.0,,,3.0,5.0,5.0,1.0,1.0,5.0,5.0,4.0,5.0,5.0,5.0,4.0,,,,,,4.0,5.0,5.0,4.0,,1.0,6.0,3.0,5.0,5.0,5.0,5.0,6.0,6.0,55.0,60.0,45.0,40.0,55.0,65.0,45.0,70.0,65.0,75.0,4.0,,6.0,,,,,,,,,,,1.0,1.0,1.0,1.0,1.0,1.0,2.0,1.0,2.0,1.0,2.0,2.0,1.0,1.0,2.0,1.0,1.0,2.0,2.0,1.0,1.0,2.0,1.0,1.0,1.0,2.0,2.0,1.0,1.0,1.0,2.0,2.0,1.0,2.0,2.0,1.0,1.0,2.0,1.0,1.0,1.0,2.0,1.0,1.0,1.0,1.0,5.0,,,6.0,,,,5.0,,9.0,
pid_115,,1.0,,2.0,,,1.0,54.0,,,1.0,200.0,,70.0,,1.0,5.0,5.0,1.0,1.0,5.0,5.0,4.0,5.0,5.0,5.0,,5.0,,4.0,5.0,2.0,,,,,4.0,1.0,6.0,5.0,3.0,5.0,5.0,6.0,6.0,6.0,55.0,60.0,45.0,35.0,58.0,60.0,45.0,75.0,65.0,75.0,4.0,5.0,,1.0,1.0,1.0,1.0,1.0,1.0,1.0,1.0,1.0,1.0,,,,,,,2.0,2.0,2.0,1.0,1.0,1.0,2.0,2.0,1.0,2.0,2.0,1.0,2.0,1.0,2.0,1.0,1.0,1.0,2.0,2.0,2.0,2.0,1.0,2.0,1.0,2.0,1.0,1.0,2.0,2.0,1.0,1.0,1.0,1.0,2.0,2.0,1.0,2.0,2.0,2.0,,5.0,,,6.0,,,5.0,3.0,,
pid_116,1.0,,,2.0,2.0,54.0,,,,,1.0,380.0,,80.0,,2.0,4.0,5.0,1.0,1.0,5.0,5.0,4.0,5.0,5.0,5.0,,,5.0,,,,3.0,4.0,5.0,4.0,,1.0,7.0,3.0,5.0,5.0,5.0,5.0,6.0,6.0,55.0,55.0,45.0,40.0,58.0,62.0,51.0,70.0,68.0,78.0,4.0,6.0,,,,,,,,,,,,1.0,1.0,1.0,1.0,1.0,1.0,1.0,2.0,2.0,2.0,1.0,2.0,1.0,1.0,1.0,2.0,2.0,1.0,1.0,1.0,2.0,1.0,1.0,2.0,2.0,1.0,1.0,1.0,1.0,1.0,2.0,1.0,1.0,1.0,1.0,1.0,2.0,2.0,1.0,2.0,2.0,1.0,2.0,1.0,1.0,2.0,,,5.0,,,6.0,16.0,,,6.0,
pid_117,1.0,,2.0,,,,1.0,54.0,,,1.0,380.0,30.0,,,2.0,4.0,5.0,1.0,1.0,5.0,5.0,4.0,5.0,5.0,5.0,,,5.0,4.0,5.0,2.0,,,,4.0,,2.0,6.0,5.0,5.0,6.0,5.0,6.0,6.0,6.0,55.0,65.0,45.0,35.0,60.0,58.0,55.0,75.0,65.0,80.0,4.0,,6.0,1.0,1.0,1.0,1.0,1.0,1.0,1.0,1.0,1.0,1.0,,,,,,,2.0,1.0,2.0,2.0,2.0,2.0,1.0,2.0,2.0,2.0,2.0,1.0,1.0,1.0,1.0,1.0,2.0,2.0,2.0,1.0,2.0,2.0,2.0,2.0,2.0,2.0,2.0,1.0,2.0,2.0,2.0,1.0,1.0,1.0,2.0,2.0,1.0,2.0,2.0,2.0,,,5.0,,,6.0,,20.0,,,3.0
pid_118,,1.0,1.0,,2.0,54.0,,,,,1.0,380.0,,70.0,,1.0,2.0,4.0,5.0,4.0,4.0,2.0,1.0,4.0,2.0,4.0,,5.0,,,,,4.0,5.0,5.0,4.0,,2.0,6.0,5.0,5.0,5.0,5.0,5.0,6.0,6.0,45.0,60.0,55.0,45.0,60.0,55.0,55.0,75.0,65.0,80.0,4.0,6.0,,,,,,,,,,,,1.0,1.0,1.0,1.0,1.0,1.0,2.0,1.0,2.0,1.0,2.0,1.0,1.0,1.0,1.0,1.0,2.0,1.0,1.0,2.0,1.0,1.0,2.0,2.0,2.0,1.0,1.0,1.0,2.0,1.0,1.0,2.0,2.0,1.0,1.0,1.0,1.0,1.0,2.0,2.0,1.0,1.0,1.0,1.0,2.0,1.0,,5.0,,,6.0,,,0.0,2.0,,
pid_119,,1.0,1.0,,,,1.0,54.0,,,1.0,380.0,50.0,,2.0,,4.0,4.0,5.0,4.0,4.0,4.0,1.0,4.0,2.0,4.0,,5.0,,4.0,5.0,3.0,,,,6.0,,2.0,7.0,5.0,5.0,5.0,3.0,5.0,6.0,6.0,60.0,55.0,55.0,45.0,55.0,58.0,50.0,65.0,65.0,70.0,4.0,,7.0,,,,,,,,,,,1.0,1.0,1.0,1.0,1.0,1.0,1.0,1.0,2.0,1.0,1.0,2.0,1.0,2.0,1.0,2.0,1.0,1.0,1.0,1.0,2.0,2.0,2.0,1.0,1.0,2.0,2.0,2.0,1.0,2.0,1.0,2.0,1.0,2.0,1.0,2.0,2.0,1.0,1.0,1.0,1.0,1.0,2.0,2.0,1.0,1.0,,5.0,,,6.0,,18.0,,,,4.0
pid_120,1.0,,,2.0,2.0,54.0,,,2.0,379.0,,,,85.0,2.0,,1.0,1.0,5.0,4.0,2.0,1.0,1.0,2.0,1.0,2.0,1.0,,,3.0,5.0,2.0,,,,,4.0,2.0,6.0,5.0,5.0,5.0,5.0,6.0,6.0,5.0,55.0,60.0,55.0,40.0,60.0,65.0,45.0,75.0,65.0,80.0,4.0,,6.0,1.0,1.0,1.0,1.0,1.0,1.0,1.0,1.0,1.0,1.0,,,,,,,1.0,2.0,1.0,2.0,1.0,1.0,1.0,2.0,1.0,1.0,2.0,2.0,2.0,1.0,1.0,1.0,1.0,2.0,1.0,2.0,1.0,2.0,1.0,2.0,1.0,2.0,2.0,2.0,2.0,1.0,1.0,1.0,2.0,2.0,2.0,1.0,2.0,1.0,1.0,1.0,5.0,,,6.0,,,18.0,,,,3.0
pid_121,1.0,,1.0,,,,1.0,54.0,2.0,380.0,,,30.0,,6.0,,2.0,1.0,5.0,4.0,2.0,2.0,1.0,4.0,2.0,4.0,,,5.0,,,,4.0,3.0,5.0,4.0,,2.0,7.0,5.0,5.0,5.0,5.0,5.0,6.0,6.0,55.0,55.0,60.0,45.0,50.0,55.0,40.0,70.0,60.0,75.0,4.0,,7.0,,,,,,,,,,,1.0,1.0,1.0,1.0,1.0,1.0,2.0,1.0,1.0,1.0,1.0,2.0,2.0,2.0,1.0,1.0,2.0,2.0,1.0,2.0,1.0,2.0,2.0,2.0,1.0,2.0,2.0,1.0,1.0,1.0,1.0,1.0,2.0,1.0,2.0,1.0,2.0,1.0,2.0,1.0,1.0,2.0,2.0,2.0,1.0,2.0,,,5.0,,,6.0,,0.0,,,3.0
pid_122,,2.0,1.0,,,,1.0,54.0,,,1.0,380.0,,75.0,,1.0,4.0,5.0,2.0,2.0,5.0,5.0,4.0,5.0,4.0,5.0,,5.0,,4.0,5.0,3.0,,,,,4.0,1.0,7.0,5.0,5.0,3.0,5.0,5.0,6.0,6.0,55.0,65.0,45.0,40.0,60.0,60.0,50.0,70.0,65.0,75.0,4.0,6.0,,,,,,,,,,,,1.0,1.0,1.0,1.0,1.0,1.0,1.0,1.0,1.0,2.0,2.0,1.0,2.0,1.0,2.0,2.0,1.0,2.0,2.0,1.0,2.0,2.0,1.0,2.0,2.0,2.0,2.0,1.0,1.0,2.0,1.0,2.0,2.0,2.0,1.0,1.0,2.0,1.0,1.0,2.0,1.0,2.0,2.0,1.0,2.0,2.0,,5.0,,,6.0,,,15.0,2.0,,
pid_123,1.0,,1.0,,,,1.0,54.0,2.0,380.0,,,,70.0,,3.0,4.0,2.0,5.0,4.0,4.0,4.0,1.0,4.0,2.0,4.0,2.0,,,,,,4.0,5.0,5.0,,6.0,1.0,7.0,3.0,5.0,5.0,5.0,6.0,7.0,6.0,55.0,60.0,55.0,45.0,60.0,65.0,55.0,70.0,65.0,80.0,4.0,,7.0,1.0,1.0,1.0,1.0,1.0,1.0,1.0,1.0,1.0,1.0,,,,,,,2.0,2.0,2.0,2.0,2.0,1.0,1.0,2.0,2.0,1.0,1.0,1.0,2.0,2.0,1.0,2.0,2.0,1.0,1.0,1.0,2.0,1.0,2.0,1.0,1.0,1.0,1.0,1.0,1.0,2.0,2.0,2.0,2.0,1.0,1.0,1.0,2.0,2.0,1.0,2.0,4.0,,,5.0,,,,0.0,,6.0,
pid_124,1.0,,,2.0,2.0,54.0,,,2.0,380.0,,,,70.0,,2.0,4.0,5.0,1.0,1.0,5.0,5.0,4.0,5.0,5.0,5.0,2.0,,,,,,4.0,5.0,5.0,,4.0,2.0,6.0,5.0,5.0,5.0,3.0,6.0,6.0,6.0,55.0,60.0,45.0,42.0,62.0,65.0,53.0,70.0,65.0,75.0,4.0,,7.0,,,,,,,,,,,1.0,1.0,1.0,1.0,1.0,1.0,1.0,1.0,1.0,1.0,1.0,2.0,2.0,1.0,2.0,1.0,1.0,2.0,2.0,2.0,1.0,2.0,2.0,2.0,2.0,2.0,1.0,2.0,1.0,1.0,2.0,1.0,2.0,1.0,2.0,1.0,1.0,1.0,1.0,1.0,2.0,2.0,2.0,2.0,2.0,2.0,4.0,,,5.0,,,17.0,,,,3.0
pid_125,,1.0,1.0,,,,1.0,54.0,,,1.0,379.0,,75.0,5.0,,2.0,1.0,5.0,4.0,4.0,2.0,1.0,3.0,2.0,4.0,,5.0,,5.0,5.0,3.0,,,,,4.0,1.0,7.0,5.0,5.0,5.0,5.0,5.0,6.0,6.0,60.0,60.0,55.0,45.0,65.0,65.0,55.0,70.0,65.0,80.0,4.0,,7.0,,,,,,,,,,,1.0,1.0,1.0,1.0,1.0,1.0,1.0,1.0,1.0,1.0,1.0,1.0,1.0,1.0,1.0,2.0,1.0,1.0,2.0,1.0,1.0,2.0,1.0,2.0,2.0,1.0,1.0,1.0,2.0,1.0,2.0,1.0,1.0,2.0,2.0,2.0,1.0,1.0,2.0,1.0,1.0,1.0,1.0,1.0,2.0,2.0,,5.0,,,6.0,,15.0,,,6.0,
pid_126,,1.0,,2.0,2.0,54.0,,,,,1.0,300.0,30.0,,,3.0,4.0,5.0,1.0,1.0,5.0,5.0,4.0,5.0,5.0,5.0,,,5.0,,,,4.0,5.0,5.0,,4.0,1.0,7.0,5.0,5.0,5.0,3.0,5.0,6.0,6.0,60.0,65.0,40.0,35.0,65.0,65.0,55.0,80.0,70.0,85.0,4.0,,6.0,,,,,,,,,,,1.0,1.0,1.0,1.0,1.0,1.0,1.0,2.0,2.0,2.0,2.0,2.0,2.0,1.0,2.0,2.0,2.0,1.0,2.0,1.0,2.0,2.0,2.0,2.0,2.0,2.0,1.0,2.0,1.0,1.0,2.0,1.0,2.0,1.0,1.0,1.0,1.0,2.0,2.0,2.0,1.0,2.0,2.0,1.0,2.0,1.0,,,5.0,,,6.0,,0.0,,9.0,
pid_127,1.0,,2.0,,,,1.0,54.0,2.0,380.0,,,,70.0,,2.0,4.0,2.0,5.0,4.0,4.0,5.0,1.0,4.0,2.0,4.0,,5.0,,,,,4.0,5.0,5.0,4.0,,2.0,6.0,5.0,5.0,5.0,5.0,5.0,6.0,6.0,60.0,55.0,58.0,52.0,58.0,62.0,50.0,68.0,65.0,70.0,4.0,6.0,,1.0,1.0,1.0,1.0,1.0,1.0,1.0,1.0,1.0,1.0,,,,,,,1.0,1.0,1.0,2.0,2.0,2.0,2.0,1.0,1.0,2.0,2.0,2.0,2.0,1.0,2.0,1.0,1.0,2.0,2.0,2.0,1.0,2.0,2.0,2.0,2.0,2.0,2.0,2.0,2.0,2.0,2.0,1.0,1.0,2.0,2.0,1.0,2.0,2.0,2.0,2.0,,5.0,,,6.0,,16.0,,,,4.0
pid_128,1.0,,1.0,,2.0,54.0,,,2.0,350.0,,,,80.0,,3.0,3.0,1.0,5.0,4.0,4.0,4.0,1.0,4.0,2.0,4.0,2.0,,,,,,3.0,4.0,5.0,,4.0,1.0,6.0,3.0,5.0,5.0,5.0,6.0,6.0,6.0,55.0,54.0,59.0,48.0,58.0,60.0,48.0,68.0,63.0,75.0,4.0,6.0,,1.0,1.0,1.0,1.0,1.0,1.0,1.0,1.0,1.0,1.0,,,,,,,2.0,2.0,2.0,2.0,1.0,2.0,2.0,1.0,1.0,1.0,1.0,1.0,2.0,1.0,2.0,2.0,1.0,2.0,2.0,1.0,2.0,1.0,2.0,2.0,2.0,1.0,2.0,2.0,2.0,1.0,2.0,1.0,2.0,2.0,1.0,2.0,1.0,2.0,1.0,1.0,5.0,,,6.0,,,18.0,,,10.0,
pid_129,1.0,,1.0,,,,1.0,40.0,2.0,400.0,,,30.0,,,1.0,5.0,5.0,1.0,1.0,5.0,5.0,4.0,5.0,5.0,5.0,,5.0,,4.0,5.0,3.0,,,,,5.0,1.0,7.0,5.0,5.0,5.0,3.0,5.0,6.0,6.0,65.0,65.0,45.0,35.0,60.0,65.0,55.0,75.0,70.0,80.0,4.0,,6.0,,,,,,,,,,,1.0,1.0,1.0,1.0,1.0,1.0,1.0,1.0,1.0,2.0,2.0,2.0,2.0,1.0,2.0,1.0,2.0,1.0,2.0,1.0,1.0,1.0,2.0,2.0,1.0,1.0,2.0,2.0,2.0,1.0,2.0,2.0,1.0,2.0,2.0,2.0,2.0,2.0,1.0,2.0,2.0,1.0,2.0,1.0,1.0,2.0,,5.0,,,6.0,,,2.0,1.0,,
pid_130,,2.0,1.0,,2.0,54.0,,,,,1.0,380.0,,85.0,,1.0,4.0,4.0,2.0,2.0,4.0,5.0,2.0,4.0,4.0,4.0,,,4.0,3.0,5.0,,,,,,4.0,1.0,6.0,5.0,5.0,3.0,5.0,5.0,6.0,6.0,55.0,60.0,55.0,45.0,65.0,65.0,50.0,75.0,65.0,80.0,4.0,,6.0,1.0,1.0,1.0,1.0,1.0,1.0,1.0,1.0,1.0,1.0,,,,,,,2.0,1.0,2.0,2.0,2.0,2.0,2.0,2.0,1.0,2.0,2.0,1.0,2.0,1.0,2.0,2.0,2.0,1.0,2.0,1.0,2.0,2.0,2.0,1.0,2.0,1.0,2.0,2.0,2.0,2.0,1.0,1.0,1.0,2.0,2.0,2.0,2.0,1.0,2.0,2.0,,,4.0,,,6.0,,20.0,,9.0,
pid_132,,1.0,1.0,,,,1.0,50.0,,,1.0,300.0,,85.0,2.0,,2.0,1.0,5.0,4.0,2.0,2.0,1.0,2.0,2.0,2.0,,,5.0,4.0,5.0,2.0,,,,,6.0,1.0,6.0,3.0,5.0,5.0,5.0,6.0,6.0,6.0,55.0,60.0,55.0,45.0,60.0,60.0,45.0,65.0,65.0,75.0,4.0,,6.0,1.0,1.0,1.0,1.0,1.0,1.0,1.0,1.0,1.0,1.0,,,,,,,1.0,1.0,1.0,2.0,2.0,1.0,2.0,2.0,1.0,2.0,2.0,1.0,1.0,1.0,1.0,2.0,2.0,2.0,2.0,2.0,2.0,2.0,1.0,1.0,1.0,2.0,2.0,2.0,1.0,1.0,1.0,2.0,2.0,2.0,2.0,2.0,2.0,2.0,2.0,2.0,,,5.0,,,6.0,,20.0,,,3.0
pid_133,,1.0,2.0,,,,1.0,54.0,2.0,380.0,,,,70.0,3.0,,4.0,5.0,2.0,1.0,5.0,5.0,4.0,5.0,5.0,5.0,4.0,,,,,,3.0,4.0,5.0,4.0,,2.0,6.0,5.0,5.0,6.0,5.0,5.0,6.0,6.0,65.0,67.0,48.0,36.0,62.0,68.0,55.0,78.0,70.0,82.0,4.0,6.0,,,,,,,,,,,,1.0,1.0,1.0,1.0,1.0,1.0,1.0,2.0,2.0,1.0,2.0,1.0,2.0,2.0,1.0,2.0,1.0,2.0,2.0,2.0,1.0,2.0,2.0,1.0,2.0,2.0,2.0,1.0,2.0,2.0,2.0,2.0,2.0,2.0,2.0,1.0,2.0,1.0,2.0,2.0,2.0,2.0,2.0,2.0,1.0,2.0,4.0,,,6.0,,,16.0,,,,3.0
pid_134,,2.0,,2.0,,,1.0,30.0,,,1.0,250.0,,80.0,,2.0,4.0,5.0,1.0,1.0,5.0,5.0,4.0,5.0,5.0,5.0,,5.0,,,,,4.0,4.0,5.0,,6.0,1.0,7.0,5.0,5.0,3.0,5.0,5.0,6.0,6.0,65.0,65.0,45.0,35.0,70.0,65.0,55.0,75.0,65.0,80.0,4.0,,7.0,,,,,,,,,,,1.0,1.0,1.0,1.0,1.0,1.0,1.0,2.0,1.0,1.0,2.0,2.0,2.0,1.0,2.0,1.0,1.0,2.0,2.0,2.0,1.0,1.0,1.0,2.0,1.0,2.0,1.0,2.0,1.0,2.0,1.0,2.0,2.0,2.0,2.0,2.0,1.0,2.0,1.0,1.0,2.0,2.0,2.0,2.0,1.0,2.0,,5.0,,,6.0,,,12.0,,,4.0
pid_135,1.0,,,2.0,2.0,54.0,,,,,1.0,380.0,30.0,,,1.0,5.0,5.0,1.0,1.0,5.0,5.0,4.0,5.0,5.0,5.0,4.0,,,,,,3.0,4.0,5.0,,4.0,2.0,7.0,5.0,5.0,6.0,5.0,5.0,6.0,6.0,55.0,60.0,40.0,45.0,60.0,65.0,55.0,75.0,70.0,80.0,4.0,6.0,,,,,,,,,,,,1.0,1.0,1.0,1.0,1.0,1.0,1.0,2.0,1.0,2.0,1.0,2.0,1.0,2.0,2.0,2.0,2.0,2.0,1.0,2.0,1.0,2.0,2.0,2.0,2.0,1.0,2.0,2.0,2.0,1.0,2.0,2.0,2.0,2.0,1.0,2.0,2.0,1.0,2.0,1.0,1.0,1.0,2.0,2.0,2.0,2.0,5.0,,,6.0,,,,10.0,,,3.0
pid_136,1.0,,1.0,,,,1.0,54.0,2.0,379.0,,,,85.0,,1.0,2.0,4.0,4.0,4.0,4.0,2.0,1.0,4.0,2.0,4.0,,,5.0,4.0,5.0,3.0,,,,,4.0,1.0,6.0,5.0,3.0,5.0,3.0,5.0,6.0,6.0,55.0,60.0,60.0,50.0,60.0,55.0,45.0,70.0,65.0,75.0,4.0,7.0,,1.0,1.0,1.0,1.0,1.0,1.0,1.0,1.0,1.0,1.0,,,,,,,2.0,2.0,1.0,2.0,1.0,2.0,1.0,2.0,1.0,2.0,2.0,2.0,2.0,1.0,1.0,1.0,1.0,2.0,1.0,1.0,2.0,1.0,2.0,1.0,2.0,1.0,1.0,2.0,2.0,2.0,1.0,1.0,2.0,1.0,2.0,2.0,1.0,2.0,1.0,1.0,,,5.0,,,6.0,18.0,,,9.0,
pid_137,1.0,,,2.0,,,1.0,54.0,2.0,379.0,,,,75.0,,2.0,5.0,5.0,1.0,1.0,5.0,5.0,4.0,5.0,5.0,5.0,2.0,,,,,,3.0,4.0,5.0,6.0,,1.0,7.0,3.0,5.0,5.0,5.0,6.0,6.0,6.0,60.0,60.0,35.0,35.0,65.0,65.0,55.0,70.0,65.0,75.0,4.0,,7.0,1.0,1.0,1.0,1.0,1.0,1.0,1.0,1.0,1.0,1.0,,,,,,,1.0,2.0,1.0,2.0,1.0,2.0,2.0,2.0,2.0,2.0,2.0,2.0,2.0,2.0,2.0,2.0,1.0,2.0,2.0,2.0,2.0,1.0,2.0,2.0,2.0,1.0,1.0,2.0,2.0,2.0,2.0,2.0,1.0,2.0,2.0,2.0,1.0,1.0,2.0,2.0,5.0,,,6.0,,,18.0,,1.0,,
pid_138,,2.0,,2.0,2.0,55.0,,,2.0,300.0,,,30.0,,,3.0,4.0,5.0,1.0,1.0,5.0,5.0,4.0,5.0,5.0,5.0,,,5.0,4.0,5.0,3.0,,,,4.0,,1.0,6.0,5.0,5.0,5.0,5.0,5.0,6.0,6.0,50.0,62.0,35.0,30.0,55.0,60.0,48.0,65.0,68.0,75.0,4.0,6.0,,1.0,1.0,1.0,1.0,1.0,1.0,1.0,1.0,1.0,1.0,,,,,,,2.0,2.0,1.0,2.0,2.0,2.0,2.0,1.0,2.0,2.0,2.0,1.0,1.0,2.0,2.0,2.0,2.0,1.0,1.0,2.0,2.0,2.0,1.0,1.0,1.0,1.0,1.0,2.0,2.0,2.0,1.0,2.0,2.0,2.0,1.0,2.0,1.0,2.0,1.0,2.0,,,4.0,,,6.0,16.0,,2.0,,
pid_139,,1.0,2.0,,,,1.0,54.0,2.0,380.0,,,30.0,,3.0,,2.0,1.0,5.0,4.0,4.0,2.0,1.0,4.0,2.0,4.0,4.0,,,,,,4.0,4.0,5.0,,4.0,1.0,6.0,5.0,5.0,3.0,5.0,6.0,6.0,6.0,50.0,55.0,55.0,45.0,55.0,60.0,45.0,65.0,65.0,80.0,4.0,,6.0,1.0,1.0,1.0,1.0,1.0,1.0,1.0,1.0,1.0,1.0,,,,,,,1.0,2.0,1.0,2.0,1.0,1.0,2.0,1.0,1.0,1.0,2.0,1.0,1.0,2.0,1.0,2.0,2.0,1.0,1.0,1.0,1.0,2.0,1.0,1.0,2.0,1.0,2.0,1.0,1.0,1.0,1.0,1.0,1.0,1.0,2.0,1.0,2.0,2.0,1.0,1.0,4.0,,,6.0,,,,5.0,4.0,,
pid_140,1.0,,2.0,,,,1.0,54.0,,,1.0,379.0,30.0,,4.0,,4.0,2.0,5.0,4.0,4.0,4.0,1.0,4.0,2.0,4.0,,,4.0,,,,4.0,5.0,4.0,,6.0,2.0,7.0,3.0,5.0,5.0,5.0,6.0,6.0,6.0,55.0,55.0,55.0,45.0,55.0,60.0,45.0,70.0,65.0,75.0,4.0,,7.0,1.0,1.0,1.0,1.0,1.0,1.0,1.0,1.0,1.0,1.0,,,,,,,1.0,1.0,2.0,1.0,2.0,2.0,1.0,1.0,1.0,1.0,1.0,2.0,1.0,1.0,1.0,2.0,1.0,1.0,2.0,1.0,1.0,2.0,1.0,2.0,2.0,1.0,1.0,1.0,1.0,1.0,1.0,1.0,2.0,1.0,2.0,2.0,1.0,1.0,2.0,2.0,,,5.0,,,6.0,,15.0,3.0,,
pid_141,,1.0,2.0,,,,1.0,54.0,,,1.0,380.0,,70.0,,2.0,4.0,5.0,1.0,2.0,5.0,5.0,4.0,5.0,5.0,5.0,,5.0,,5.0,5.0,3.0,,,,4.0,,2.0,7.0,5.0,5.0,5.0,5.0,5.0,6.0,6.0,65.0,65.0,45.0,40.0,60.0,65.0,55.0,75.0,70.0,80.0,4.0,6.0,,,,,,,,,,,,1.0,1.0,1.0,1.0,1.0,1.0,2.0,2.0,2.0,1.0,2.0,2.0,2.0,2.0,2.0,2.0,2.0,1.0,1.0,2.0,1.0,2.0,1.0,2.0,2.0,2.0,1.0,2.0,1.0,2.0,1.0,2.0,1.0,2.0,1.0,1.0,1.0,1.0,1.0,2.0,2.0,1.0,1.0,1.0,2.0,1.0,,5.0,,,6.0,,,20.0,,6.0,
pid_142,1.0,,2.0,,2.0,54.0,,,,,1.0,380.0,,70.0,2.0,,4.0,4.0,2.0,2.0,4.0,4.0,3.0,5.0,4.0,4.0,,5.0,,4.0,5.0,2.0,,,,4.0,,1.0,7.0,5.0,5.0,6.0,5.0,5.0,6.0,6.0,55.0,62.0,52.0,45.0,60.0,58.0,48.0,70.0,65.0,75.0,4.0,6.0,,,,,,,,,,,,1.0,1.0,1.0,1.0,1.0,1.0,1.0,2.0,1.0,1.0,2.0,1.0,1.0,2.0,2.0,1.0,2.0,2.0,1.0,1.0,2.0,1.0,1.0,2.0,2.0,1.0,2.0,1.0,1.0,1.0,1.0,2.0,2.0,1.0,1.0,1.0,1.0,2.0,2.0,2.0,1.0,1.0,1.0,2.0,1.0,1.0,,4.0,,,6.0,,15.0,,,,4.0
pid_143,1.0,,,1.0,,,1.0,54.0,,,1.0,380.0,,75.0,,1.0,5.0,5.0,1.0,1.0,5.0,5.0,5.0,5.0,5.0,5.0,4.0,,,,,,4.0,5.0,4.0,,5.0,1.0,7.0,3.0,5.0,5.0,5.0,5.0,6.0,6.0,55.0,65.0,35.0,38.0,58.0,65.0,55.0,75.0,68.0,80.0,4.0,,7.0,1.0,1.0,1.0,1.0,1.0,1.0,1.0,1.0,1.0,1.0,,,,,,,1.0,1.0,1.0,2.0,1.0,1.0,1.0,2.0,1.0,1.0,2.0,2.0,1.0,2.0,1.0,1.0,2.0,1.0,1.0,2.0,2.0,2.0,1.0,1.0,1.0,2.0,2.0,1.0,2.0,2.0,1.0,1.0,1.0,2.0,1.0,1.0,1.0,2.0,1.0,2.0,5.0,,,5.0,,,,20.0,,9.0,
pid_144,,1.0,,2.0,2.0,54.0,,,,,1.0,300.0,30.0,,,2.0,4.0,2.0,5.0,4.0,4.0,4.0,1.0,4.0,2.0,4.0,,,5.0,4.0,5.0,3.0,,,,4.0,,1.0,7.0,5.0,5.0,5.0,5.0,5.0,6.0,6.0,60.0,55.0,60.0,50.0,55.0,65.0,50.0,65.0,60.0,75.0,4.0,,6.0,1.0,1.0,1.0,1.0,1.0,1.0,1.0,1.0,1.0,1.0,,,,,,,2.0,1.0,1.0,2.0,1.0,1.0,2.0,1.0,2.0,2.0,1.0,1.0,1.0,1.0,1.0,1.0,2.0,1.0,2.0,1.0,1.0,2.0,2.0,2.0,2.0,2.0,2.0,2.0,1.0,1.0,1.0,2.0,1.0,1.0,1.0,2.0,2.0,1.0,2.0,2.0,,,5.0,,,6.0,16.0,,,6.0,
pid_145,,1.0,1.0,,,,1.0,54.0,2.0,380.0,,,30.0,,2.0,,4.0,5.0,1.0,1.0,5.0,5.0,4.0,5.0,5.0,5.0,2.0,,,4.0,5.0,3.0,,,,,4.0,2.0,7.0,5.0,5.0,5.0,5.0,6.0,6.0,6.0,65.0,60.0,45.0,40.0,60.0,65.0,55.0,70.0,65.0,75.0,4.0,,6.0,,,,,,,,,,,1.0,1.0,1.0,1.0,1.0,1.0,1.0,1.0,1.0,2.0,1.0,2.0,2.0,2.0,1.0,2.0,2.0,1.0,1.0,1.0,1.0,1.0,1.0,2.0,1.0,1.0,2.0,1.0,2.0,1.0,2.0,2.0,1.0,2.0,2.0,2.0,1.0,2.0,2.0,2.0,2.0,1.0,2.0,2.0,1.0,1.0,4.0,,,6.0,,,18.0,,2.0,,
pid_146,,2.0,1.0,,,,1.0,54.0,2.0,380.0,,,,70.0,3.0,,4.0,5.0,2.0,1.0,5.0,5.0,4.0,5.0,4.0,5.0,,,4.0,4.0,5.0,3.0,,,,4.0,,1.0,7.0,5.0,5.0,5.0,3.0,5.0,6.0,6.0,55.0,55.0,45.0,40.0,60.0,58.0,50.0,70.0,65.0,80.0,4.0,6.0,,,,,,,,,,,,1.0,1.0,1.0,1.0,1.0,1.0,2.0,2.0,2.0,1.0,1.0,2.0,1.0,2.0,2.0,2.0,1.0,1.0,2.0,1.0,2.0,2.0,2.0,2.0,1.0,1.0,2.0,1.0,2.0,2.0,2.0,2.0,1.0,1.0,2.0,1.0,2.0,2.0,1.0,2.0,2.0,1.0,2.0,1.0,1.0,1.0,,,5.0,,,6.0,,0.0,3.0,,
pid_147,,1.0,1.0,,2.0,54.0,,,2.0,380.0,,,,75.0,,3.0,4.0,2.0,4.0,4.0,5.0,5.0,1.0,4.0,4.0,4.0,,5.0,,4.0,5.0,3.0,,,,4.0,,1.0,7.0,5.0,6.0,6.0,3.0,5.0,6.0,6.0,55.0,55.0,55.0,45.0,65.0,60.0,45.0,65.0,60.0,75.0,4.0,,6.0,,,,,,,,,,,1.0,1.0,1.0,1.0,1.0,1.0,1.0,1.0,2.0,1.0,1.0,2.0,1.0,2.0,2.0,1.0,1.0,2.0,2.0,1.0,1.0,1.0,2.0,2.0,1.0,2.0,1.0,2.0,1.0,1.0,1.0,1.0,2.0,1.0,2.0,1.0,1.0,1.0,2.0,2.0,1.0,2.0,1.0,1.0,2.0,2.0,,5.0,,,6.0,,,18.0,3.0,,
pid_148,1.0,,1.0,,,,1.0,54.0,2.0,380.0,,,,70.0,,2.0,2.0,1.0,5.0,4.0,2.0,2.0,1.0,4.0,2.0,4.0,4.0,,,4.0,5.0,2.0,,,,6.0,,1.0,6.0,5.0,5.0,5.0,5.0,5.0,6.0,6.0,55.0,55.0,58.0,45.0,50.0,52.0,48.0,65.0,65.0,72.0,4.0,,6.0,,,,,,,,,,,1.0,1.0,1.0,1.0,1.0,1.0,1.0,2.0,1.0,1.0,1.0,2.0,2.0,1.0,1.0,2.0,1.0,1.0,2.0,1.0,1.0,1.0,2.0,1.0,1.0,2.0,1.0,1.0,2.0,1.0,2.0,1.0,2.0,2.0,2.0,2.0,1.0,1.0,1.0,1.0,1.0,2.0,2.0,2.0,2.0,1.0,5.0,,,5.0,,,18.0,,,9.0,
pid_149,,1.0,2.0,,,,1.0,54.0,2.0,350.0,,,,70.0,,2.0,4.0,5.0,1.0,1.0,5.0,5.0,4.0,5.0,5.0,5.0,1.0,,,4.0,5.0,3.0,,,,4.0,,1.0,7.0,5.0,5.0,5.0,5.0,6.0,6.0,6.0,65.0,65.0,45.0,35.0,60.0,70.0,55.0,75.0,70.0,80.0,4.0,6.0,,,,,,,,,,,,1.0,1.0,1.0,1.0,1.0,1.0,1.0,2.0,2.0,1.0,1.0,2.0,2.0,1.0,2.0,1.0,2.0,2.0,2.0,1.0,1.0,1.0,2.0,2.0,2.0,2.0,1.0,1.0,1.0,2.0,1.0,2.0,2.0,2.0,2.0,1.0,2.0,1.0,1.0,1.0,1.0,1.0,2.0,2.0,1.0,2.0,5.0,,,5.0,,,18.0,,2.0,,
pid_150,1.0,,1.0,,2.0,54.0,,,2.0,380.0,,,30.0,,2.0,,5.0,5.0,1.0,1.0,5.0,5.0,5.0,5.0,5.0,5.0,,5.0,,4.0,5.0,2.0,,,,,4.0,2.0,6.0,3.0,5.0,5.0,3.0,5.0,6.0,6.0,60.0,65.0,35.0,40.0,65.0,60.0,55.0,75.0,70.0,80.0,4.0,,6.0,1.0,1.0,1.0,1.0,1.0,1.0,1.0,1.0,1.0,1.0,,,,,,,1.0,2.0,2.0,2.0,1.0,2.0,1.0,2.0,2.0,2.0,1.0,2.0,2.0,2.0,1.0,2.0,2.0,1.0,1.0,1.0,2.0,1.0,2.0,1.0,2.0,1.0,1.0,2.0,1.0,2.0,2.0,2.0,1.0,1.0,2.0,1.0,1.0,2.0,2.0,2.0,,5.0,,,6.0,,,5.0,,,4.0
pid_151,1.0,,,2.0,,,1.0,54.0,,,1.0,380.0,40.0,,3.0,,2.0,2.0,5.0,4.0,4.0,2.0,1.0,4.0,4.0,4.0,2.0,,,4.0,5.0,,,,,,4.0,1.0,7.0,5.0,3.0,5.0,5.0,6.0,5.0,6.0,55.0,65.0,55.0,45.0,60.0,65.0,55.0,75.0,65.0,80.0,4.0,6.0,,1.0,1.0,1.0,1.0,1.0,1.0,1.0,1.0,1.0,1.0,,,,,,,1.0,2.0,2.0,2.0,2.0,1.0,1.0,1.0,2.0,1.0,1.0,1.0,1.0,2.0,1.0,2.0,1.0,1.0,2.0,1.0,1.0,2.0,1.0,1.0,2.0,1.0,1.0,1.0,2.0,1.0,2.0,1.0,1.0,2.0,2.0,1.0,1.0,1.0,1.0,2.0,4.0,,,5.0,,,,15.0,,,3.0
pid_152,1.0,,1.0,,2.0,54.0,,,2.0,300.0,,,40.0,,1.0,,1.0,1.0,5.0,4.0,2.0,1.0,1.0,2.0,1.0,4.0,,5.0,,,,,4.0,5.0,5.0,,4.0,2.0,7.0,3.0,5.0,5.0,5.0,5.0,6.0,6.0,45.0,55.0,65.0,50.0,55.0,60.0,50.0,65.0,60.0,75.0,4.0,6.0,,,,,,,,,,,,1.0,1.0,1.0,1.0,1.0,1.0,2.0,1.0,1.0,1.0,2.0,2.0,1.0,2.0,2.0,2.0,2.0,2.0,2.0,2.0,2.0,1.0,1.0,2.0,1.0,2.0,1.0,1.0,2.0,2.0,1.0,2.0,2.0,2.0,2.0,2.0,2.0,2.0,1.0,1.0,1.0,2.0,1.0,1.0,2.0,2.0,,4.0,,,6.0,,,20.0,,,3.0
pid_153,1.0,,,2.0,,,1.0,54.0,2.0,380.0,,,30.0,,2.0,,4.0,5.0,1.0,1.0,5.0,5.0,4.0,5.0,5.0,5.0,,,5.0,4.0,5.0,3.0,,,,,4.0,2.0,7.0,5.0,5.0,5.0,5.0,5.0,6.0,6.0,55.0,65.0,45.0,40.0,60.0,58.0,50.0,70.0,65.0,75.0,4.0,,7.0,,,,,,,,,,,1.0,1.0,1.0,1.0,1.0,1.0,1.0,2.0,2.0,2.0,2.0,1.0,1.0,2.0,2.0,1.0,2.0,2.0,1.0,2.0,1.0,2.0,1.0,1.0,2.0,1.0,2.0,2.0,1.0,1.0,1.0,1.0,2.0,2.0,1.0,1.0,1.0,2.0,1.0,1.0,2.0,1.0,1.0,2.0,2.0,2.0,,,5.0,,,6.0,,0.0,,6.0,
pid_154,,2.0,1.0,,,,1.0,40.0,,,1.0,250.0,,85.0,,1.0,2.0,1.0,5.0,4.0,4.0,2.0,1.0,2.0,2.0,4.0,1.0,,,4.0,5.0,2.0,,,,,4.0,2.0,6.0,5.0,5.0,5.0,5.0,5.0,6.0,6.0,60.0,60.0,65.0,45.0,62.0,58.0,55.0,70.0,65.0,80.0,4.0,6.0,,,,,,,,,,,,1.0,1.0,1.0,1.0,1.0,1.0,1.0,1.0,2.0,1.0,2.0,1.0,1.0,2.0,1.0,2.0,1.0,2.0,2.0,1.0,1.0,2.0,1.0,1.0,1.0,2.0,1.0,1.0,1.0,2.0,2.0,2.0,1.0,1.0,2.0,1.0,1.0,2.0,1.0,1.0,1.0,1.0,1.0,2.0,2.0,1.0,5.0,,,6.0,,,,5.0,,,4.0
pid_155,,2.0,1.0,,2.0,54.0,,,,,1.0,379.0,30.0,,1.0,,4.0,2.0,5.0,4.0,5.0,4.0,1.0,4.0,2.0,4.0,1.0,,,,,,4.0,3.0,5.0,6.0,,2.0,7.0,3.0,5.0,5.0,5.0,5.0,6.0,6.0,60.0,55.0,58.0,52.0,58.0,62.0,48.0,68.0,64.0,75.0,4.0,7.0,,,,,,,,,,,,1.0,1.0,1.0,1.0,1.0,1.0,1.0,2.0,2.0,2.0,1.0,1.0,2.0,1.0,2.0,2.0,2.0,2.0,1.0,1.0,2.0,1.0,2.0,2.0,1.0,1.0,2.0,1.0,1.0,1.0,2.0,1.0,2.0,2.0,2.0,1.0,2.0,2.0,1.0,2.0,2.0,2.0,1.0,2.0,1.0,2.0,5.0,,,6.0,,,18.0,,,9.0,
pid_156,,1.0,,1.0,2.0,54.0,,,,,1.0,380.0,30.0,,,2.0,4.0,5.0,1.0,1.0,5.0,5.0,5.0,5.0,5.0,5.0,,5.0,,,,,4.0,3.0,5.0,,4.0,2.0,6.0,5.0,5.0,5.0,5.0,6.0,6.0,6.0,55.0,62.0,40.0,35.0,58.0,60.0,55.0,70.0,65.0,75.0,4.0,,7.0,,,,,,,,,,,1.0,1.0,1.0,1.0,1.0,1.0,1.0,2.0,1.0,2.0,2.0,2.0,1.0,2.0,2.0,2.0,1.0,1.0,1.0,2.0,2.0,2.0,1.0,2.0,2.0,1.0,1.0,1.0,2.0,2.0,1.0,2.0,2.0,2.0,1.0,2.0,1.0,1.0,1.0,2.0,1.0,2.0,1.0,2.0,1.0,2.0,,4.0,,,6.0,,16.0,,,9.0,
pid_157,,1.0,2.0,,2.0,54.0,,,2.0,380.0,,,,75.0,,5.0,4.0,5.0,1.0,1.0,5.0,5.0,4.0,5.0,5.0,5.0,1.0,,,4.0,5.0,3.0,,,,4.0,,2.0,6.0,5.0,5.0,5.0,5.0,5.0,6.0,6.0,55.0,65.0,40.0,35.0,60.0,58.0,55.0,70.0,65.0,75.0,4.0,6.0,,1.0,1.0,1.0,1.0,1.0,1.0,1.0,1.0,1.0,1.0,,,,,,,2.0,2.0,2.0,2.0,2.0,2.0,2.0,1.0,2.0,1.0,2.0,2.0,2.0,2.0,2.0,2.0,2.0,2.0,2.0,2.0,1.0,2.0,2.0,1.0,2.0,2.0,2.0,2.0,2.0,2.0,2.0,2.0,2.0,2.0,1.0,1.0,2.0,2.0,2.0,2.0,4.0,,,5.0,,,16.0,,,,3.0
pid_158,1.0,,1.0,,,,1.0,30.0,,,1.0,380.0,,80.0,,2.0,4.0,5.0,1.0,1.0,5.0,5.0,4.0,5.0,5.0,5.0,1.0,,,4.0,5.0,3.0,,,,6.0,,2.0,7.0,3.0,5.0,5.0,3.0,5.0,6.0,6.0,55.0,60.0,45.0,35.0,60.0,65.0,55.0,75.0,65.0,80.0,4.0,,6.0,1.0,1.0,1.0,1.0,1.0,1.0,1.0,1.0,1.0,1.0,,,,,,,2.0,1.0,1.0,2.0,2.0,1.0,2.0,2.0,1.0,2.0,2.0,2.0,2.0,1.0,2.0,2.0,2.0,2.0,2.0,1.0,1.0,2.0,2.0,2.0,1.0,2.0,1.0,1.0,2.0,2.0,1.0,2.0,1.0,1.0,2.0,2.0,2.0,1.0,2.0,2.0,5.0,,,6.0,,,,18.0,,9.0,
pid_159,,1.0,,2.0,2.0,54.0,,,2.0,380.0,,,50.0,,,1.0,2.0,2.0,5.0,4.0,2.0,2.0,1.0,4.0,2.0,4.0,1.0,,,5.0,5.0,,,,,,4.0,2.0,7.0,3.0,5.0,5.0,5.0,5.0,6.0,6.0,60.0,55.0,60.0,50.0,55.0,60.0,50.0,70.0,65.0,75.0,4.0,,6.0,1.0,1.0,1.0,1.0,1.0,1.0,1.0,1.0,1.0,1.0,,,,,,,2.0,1.0,2.0,1.0,2.0,2.0,1.0,1.0,2.0,1.0,1.0,2.0,2.0,2.0,2.0,1.0,2.0,2.0,2.0,1.0,1.0,2.0,1.0,2.0,1.0,2.0,2.0,1.0,2.0,1.0,1.0,2.0,1.0,1.0,1.0,2.0,2.0,1.0,1.0,2.0,5.0,,,6.0,,,18.0,,3.0,,
pid_160,1.0,,1.0,,,,1.0,54.0,2.0,380.0,,,,70.0,,2.0,4.0,4.0,2.0,2.0,4.0,4.0,2.0,5.0,4.0,4.0,1.0,,,4.0,5.0,,,,,4.0,,2.0,6.0,5.0,5.0,5.0,5.0,5.0,6.0,6.0,55.0,65.0,50.0,40.0,60.0,60.0,50.0,65.0,65.0,75.0,4.0,,6.0,1.0,1.0,1.0,1.0,1.0,1.0,1.0,1.0,1.0,1.0,,,,,,,2.0,2.0,2.0,1.0,2.0,2.0,2.0,1.0,1.0,2.0,1.0,1.0,1.0,2.0,2.0,1.0,1.0,2.0,2.0,2.0,2.0,1.0,2.0,2.0,2.0,1.0,2.0,2.0,1.0,2.0,2.0,2.0,2.0,2.0,1.0,1.0,1.0,2.0,2.0,2.0,4.0,,,6.0,,,,20.0,,,4.0
pid_161,1.0,,1.0,,2.0,54.0,,,2.0,380.0,,,,75.0,2.0,,2.0,1.0,5.0,4.0,4.0,2.0,1.0,4.0,2.0,4.0,1.0,,,,,,4.0,3.0,2.0,4.0,,1.0,7.0,5.0,5.0,5.0,5.0,5.0,6.0,6.0,55.0,60.0,60.0,50.0,60.0,55.0,50.0,70.0,65.0,75.0,4.0,,6.0,,,,,,,,,,,1.0,1.0,1.0,1.0,1.0,1.0,2.0,2.0,1.0,2.0,1.0,2.0,1.0,2.0,1.0,2.0,2.0,1.0,1.0,2.0,1.0,1.0,2.0,1.0,1.0,1.0,2.0,1.0,2.0,1.0,2.0,1.0,2.0,1.0,1.0,2.0,2.0,1.0,2.0,1.0,1.0,2.0,2.0,2.0,2.0,2.0,4.0,,,6.0,,,,5.0,,,3.0
pid_162,,1.0,,2.0,,,1.0,54.0,2.0,350.0,,,,85.0,2.0,,4.0,1.0,5.0,4.0,4.0,4.0,1.0,4.0,2.0,4.0,,,5.0,4.0,5.0,,,,,4.0,,2.0,7.0,3.0,5.0,5.0,3.0,5.0,6.0,6.0,55.0,65.0,55.0,45.0,60.0,65.0,50.0,65.0,65.0,75.0,4.0,,6.0,,,,,,,,,,,1.0,1.0,1.0,1.0,1.0,1.0,1.0,2.0,1.0,1.0,1.0,1.0,2.0,2.0,2.0,1.0,2.0,2.0,2.0,1.0,1.0,2.0,2.0,1.0,1.0,2.0,2.0,2.0,2.0,1.0,2.0,1.0,1.0,1.0,2.0,1.0,1.0,1.0,2.0,1.0,1.0,1.0,1.0,2.0,1.0,2.0,,,5.0,,,6.0,15.0,,,6.0,
pid_163,1.0,,2.0,,2.0,54.0,,,,,1.0,380.0,30.0,,,2.0,4.0,4.0,2.0,2.0,4.0,4.0,2.0,5.0,4.0,4.0,4.0,,,4.0,5.0,3.0,,,,4.0,,1.0,6.0,5.0,5.0,5.0,5.0,5.0,6.0,6.0,65.0,65.0,55.0,40.0,60.0,65.0,55.0,75.0,65.0,80.0,4.0,,6.0,1.0,1.0,1.0,1.0,1.0,1.0,1.0,1.0,1.0,1.0,,,,,,,1.0,1.0,2.0,2.0,1.0,2.0,1.0,1.0,2.0,1.0,1.0,1.0,2.0,1.0,2.0,2.0,1.0,1.0,1.0,1.0,1.0,2.0,2.0,1.0,2.0,1.0,1.0,1.0,2.0,2.0,1.0,2.0,1.0,1.0,1.0,2.0,2.0,1.0,2.0,1.0,5.0,,,5.0,,,16.0,,,,4.0
pid_164,1.0,,1.0,,2.0,54.0,,,2.0,380.0,,,,70.0,2.0,,2.0,5.0,2.0,2.0,4.0,4.0,2.0,4.0,4.0,5.0,,5.0,,4.0,5.0,,,,,,4.0,2.0,6.0,5.0,5.0,5.0,5.0,5.0,6.0,6.0,50.0,65.0,55.0,40.0,55.0,60.0,45.0,70.0,65.0,75.0,4.0,,6.0,,,,,,,,,,,1.0,1.0,1.0,1.0,1.0,1.0,2.0,2.0,1.0,2.0,2.0,1.0,1.0,2.0,2.0,2.0,1.0,1.0,1.0,1.0,1.0,2.0,1.0,1.0,2.0,2.0,2.0,2.0,1.0,2.0,1.0,1.0,1.0,2.0,2.0,1.0,2.0,1.0,1.0,2.0,2.0,1.0,2.0,2.0,2.0,1.0,,4.0,,,6.0,,,20.0,,,3.0
pid_165,1.0,,,2.0,2.0,54.0,,,2.0,350.0,,,30.0,,,2.0,2.0,1.0,5.0,4.0,2.0,2.0,1.0,2.0,1.0,4.0,,5.0,,,,,3.0,4.0,2.0,,6.0,2.0,6.0,3.0,5.0,5.0,5.0,6.0,6.0,6.0,55.0,65.0,60.0,55.0,58.0,60.0,52.0,68.0,65.0,75.0,4.0,,6.0,,,,,,,,,,,1.0,1.0,1.0,1.0,1.0,1.0,1.0,2.0,1.0,1.0,2.0,2.0,1.0,2.0,2.0,1.0,2.0,2.0,1.0,1.0,1.0,2.0,2.0,1.0,1.0,1.0,2.0,2.0,1.0,1.0,2.0,1.0,1.0,1.0,1.0,2.0,1.0,1.0,2.0,2.0,2.0,2.0,1.0,2.0,2.0,2.0,,5.0,,,6.0,,,20.0,,9.0,
pid_166,,1.0,1.0,,2.0,54.0,,,2.0,380.0,,,30.0,,,2.0,2.0,5.0,5.0,4.0,3.0,2.0,1.0,4.0,2.0,2.0,,4.0,,,,,3.0,4.0,5.0,4.0,,2.0,6.0,5.0,5.0,5.0,5.0,5.0,6.0,6.0,55.0,70.0,65.0,55.0,60.0,58.0,45.0,65.0,60.0,75.0,4.0,6.0,,1.0,1.0,1.0,1.0,1.0,1.0,1.0,1.0,1.0,1.0,,,,,,,2.0,1.0,1.0,2.0,1.0,1.0,2.0,2.0,1.0,2.0,2.0,2.0,2.0,1.0,1.0,2.0,2.0,2.0,2.0,1.0,2.0,2.0,1.0,1.0,1.0,2.0,1.0,2.0,2.0,2.0,2.0,1.0,1.0,2.0,1.0,1.0,2.0,2.0,2.0,1.0,,4.0,,,6.0,,18.0,,,9.0,
pid_167,1.0,,1.0,,2.0,54.0,,,2.0,380.0,,,,70.0,,2.0,5.0,5.0,2.0,2.0,5.0,5.0,4.0,5.0,4.0,5.0,2.0,,,,,,4.0,5.0,4.0,4.0,,2.0,7.0,5.0,3.0,6.0,5.0,5.0,6.0,6.0,60.0,55.0,50.0,40.0,65.0,70.0,55.0,75.0,65.0,75.0,4.0,6.0,,1.0,1.0,1.0,1.0,1.0,1.0,1.0,1.0,1.0,1.0,,,,,,,2.0,2.0,1.0,1.0,1.0,1.0,2.0,1.0,1.0,2.0,1.0,1.0,2.0,1.0,1.0,2.0,2.0,2.0,2.0,2.0,1.0,2.0,2.0,2.0,2.0,1.0,2.0,1.0,2.0,2.0,1.0,2.0,2.0,2.0,1.0,1.0,1.0,2.0,2.0,2.0,5.0,,,6.0,,,18.0,,,,5.0
pid_168,1.0,,1.0,,2.0,54.0,,,,,1.0,350.0,60.0,,,1.0,2.0,1.0,5.0,4.0,2.0,2.0,1.0,2.0,1.0,4.0,,,4.0,3.0,5.0,2.0,,,,,4.0,2.0,6.0,5.0,5.0,6.0,3.0,5.0,6.0,6.0,60.0,65.0,55.0,45.0,60.0,65.0,55.0,75.0,65.0,80.0,4.0,6.0,,,,,,,,,,,,1.0,1.0,1.0,1.0,1.0,1.0,2.0,1.0,1.0,2.0,2.0,2.0,1.0,1.0,1.0,2.0,2.0,2.0,1.0,2.0,2.0,2.0,1.0,2.0,2.0,2.0,1.0,1.0,1.0,2.0,2.0,1.0,2.0,1.0,2.0,2.0,1.0,1.0,2.0,1.0,2.0,1.0,1.0,1.0,1.0,1.0,,,4.0,,,6.0,18.0,,,9.0,
pid_169,,1.0,2.0,,,,1.0,54.0,2.0,380.0,,,30.0,,,2.0,5.0,4.0,2.0,2.0,5.0,5.0,2.0,4.0,4.0,4.0,2.0,,,4.0,5.0,3.0,,,,,4.0,1.0,7.0,5.0,5.0,6.0,5.0,6.0,6.0,6.0,65.0,60.0,48.0,35.0,60.0,62.0,48.0,70.0,65.0,75.0,4.0,6.0,,,,,,,,,,,,1.0,1.0,1.0,1.0,1.0,1.0,1.0,2.0,2.0,1.0,1.0,1.0,2.0,1.0,1.0,2.0,1.0,2.0,1.0,2.0,1.0,2.0,1.0,1.0,1.0,2.0,2.0,1.0,2.0,1.0,2.0,2.0,2.0,2.0,1.0,2.0,1.0,1.0,2.0,2.0,2.0,2.0,2.0,1.0,2.0,1.0,5.0,,,6.0,,,15.0,,,6.0,
pid_170,,1.0,1.0,,,,1.0,54.0,2.0,380.0,,,40.0,,,1.0,4.0,1.0,5.0,4.0,4.0,4.0,1.0,4.0,2.0,4.0,1.0,,,4.0,5.0,3.0,,,,4.0,,1.0,6.0,5.0,5.0,5.0,5.0,6.0,6.0,6.0,55.0,55.0,62.0,48.0,58.0,60.0,45.0,65.0,60.0,75.0,4.0,,6.0,1.0,1.0,1.0,1.0,1.0,1.0,1.0,1.0,1.0,1.0,,,,,,,1.0,1.0,2.0,1.0,1.0,1.0,2.0,2.0,1.0,2.0,2.0,2.0,1.0,2.0,2.0,1.0,1.0,2.0,1.0,2.0,1.0,1.0,1.0,1.0,1.0,2.0,1.0,1.0,2.0,1.0,1.0,1.0,2.0,2.0,2.0,1.0,1.0,1.0,2.0,2.0,4.0,,,5.0,,,,5.0,1.0,,
pid_171,1.0,,2.0,,2.0,54.0,,,2.0,350.0,,,,75.0,,5.0,4.0,4.0,2.0,2.0,4.0,4.0,2.0,4.0,4.0,4.0,2.0,,,,,,4.0,4.0,5.0,4.0,,2.0,6.0,5.0,5.0,5.0,3.0,5.0,6.0,5.0,55.0,55.0,45.0,42.0,60.0,58.0,48.0,68.0,62.0,75.0,4.0,,6.0,1.0,1.0,1.0,1.0,1.0,1.0,1.0,1.0,1.0,1.0,,,,,,,2.0,2.0,2.0,2.0,1.0,2.0,1.0,2.0,2.0,1.0,1.0,2.0,1.0,2.0,2.0,1.0,2.0,1.0,2.0,2.0,1.0,2.0,2.0,2.0,2.0,1.0,2.0,2.0,2.0,1.0,2.0,1.0,1.0,1.0,2.0,2.0,2.0,2.0,2.0,1.0,4.0,,,5.0,,,,20.0,2.0,,
pid_172,1.0,,1.0,,2.0,54.0,,,,,1.0,379.0,50.0,,,2.0,4.0,4.0,2.0,2.0,4.0,4.0,3.0,4.0,4.0,4.0,,,5.0,,,,4.0,3.0,5.0,,4.0,2.0,6.0,5.0,5.0,3.0,5.0,5.0,6.0,6.0,55.0,65.0,45.0,40.0,50.0,60.0,48.0,65.0,60.0,75.0,4.0,7.0,,1.0,1.0,1.0,1.0,1.0,1.0,1.0,1.0,1.0,1.0,,,,,,,1.0,1.0,2.0,1.0,1.0,2.0,1.0,2.0,2.0,2.0,2.0,1.0,2.0,2.0,2.0,2.0,2.0,2.0,1.0,2.0,2.0,1.0,1.0,2.0,2.0,1.0,1.0,2.0,1.0,2.0,2.0,2.0,2.0,2.0,1.0,2.0,2.0,2.0,2.0,1.0,,,5.0,,,6.0,,2.0,3.0,,
pid_173,,2.0,1.0,,2.0,54.0,,,2.0,379.0,,,30.0,,2.0,,5.0,5.0,1.0,1.0,5.0,5.0,4.0,5.0,5.0,5.0,,5.0,,4.0,5.0,3.0,,,,6.0,,1.0,6.0,5.0,5.0,5.0,3.0,5.0,6.0,6.0,55.0,58.0,45.0,35.0,62.0,65.0,52.0,70.0,68.0,75.0,4.0,,6.0,,,,,,,,,,,1.0,1.0,1.0,1.0,1.0,1.0,1.0,1.0,1.0,2.0,2.0,1.0,2.0,1.0,2.0,1.0,1.0,2.0,2.0,2.0,2.0,1.0,2.0,2.0,2.0,2.0,1.0,2.0,1.0,1.0,2.0,1.0,2.0,2.0,2.0,2.0,2.0,2.0,2.0,2.0,1.0,1.0,2.0,1.0,2.0,1.0,,5.0,,,6.0,,20.0,,,,3.0
pid_174,,1.0,,2.0,2.0,55.0,,,,,1.0,200.0,,85.0,1.0,,2.0,1.0,4.0,4.0,4.0,2.0,1.0,4.0,2.0,4.0,,,5.0,,,,4.0,4.0,5.0,6.0,,2.0,6.0,5.0,5.0,5.0,5.0,5.0,6.0,6.0,55.0,55.0,55.0,45.0,60.0,58.0,48.0,65.0,60.0,70.0,4.0,,7.0,,,,,,,,,,,1.0,1.0,1.0,1.0,1.0,1.0,1.0,1.0,2.0,1.0,1.0,2.0,2.0,2.0,2.0,1.0,2.0,1.0,1.0,2.0,1.0,1.0,2.0,2.0,2.0,1.0,1.0,2.0,2.0,1.0,2.0,2.0,2.0,2.0,2.0,1.0,1.0,1.0,2.0,1.0,1.0,2.0,2.0,2.0,2.0,2.0,,,5.0,,,6.0,,20.0,,,3.0
pid_175,1.0,,,2.0,2.0,60.0,,,,,1.0,380.0,,70.0,,3.0,4.0,5.0,2.0,2.0,4.0,5.0,4.0,5.0,4.0,4.0,,,5.0,4.0,3.0,2.0,,,,,4.0,2.0,6.0,5.0,5.0,5.0,5.0,6.0,6.0,6.0,65.0,65.0,55.0,35.0,60.0,65.0,55.0,70.0,65.0,80.0,4.0,5.0,,1.0,1.0,1.0,1.0,1.0,1.0,1.0,1.0,1.0,1.0,,,,,,,1.0,1.0,1.0,2.0,2.0,1.0,1.0,2.0,2.0,1.0,1.0,1.0,2.0,1.0,2.0,1.0,1.0,1.0,2.0,1.0,1.0,1.0,2.0,1.0,2.0,2.0,2.0,1.0,1.0,2.0,1.0,2.0,2.0,1.0,1.0,2.0,1.0,1.0,1.0,2.0,,,5.0,,,5.0,18.0,,,,3.0
pid_176,,2.0,1.0,,,,1.0,20.0,2.0,700.0,,,,90.0,,3.0,4.0,5.0,1.0,1.0,5.0,5.0,4.0,5.0,5.0,5.0,2.0,,,4.0,5.0,2.0,,,,4.0,,2.0,7.0,5.0,5.0,5.0,3.0,5.0,6.0,6.0,65.0,60.0,45.0,40.0,60.0,65.0,55.0,75.0,70.0,80.0,4.0,6.0,,1.0,1.0,1.0,1.0,1.0,1.0,1.0,1.0,1.0,1.0,,,,,,,2.0,2.0,2.0,2.0,2.0,2.0,1.0,2.0,2.0,2.0,2.0,1.0,1.0,2.0,2.0,1.0,2.0,2.0,2.0,2.0,2.0,1.0,2.0,2.0,1.0,2.0,2.0,2.0,1.0,2.0,2.0,2.0,2.0,2.0,2.0,2.0,1.0,2.0,2.0,1.0,4.0,,,6.0,,,16.0,,,9.0,
pid_177,,1.0,,2.0,2.0,54.0,,,,,1.0,379.0,30.0,,,2.0,4.0,4.0,4.0,2.0,4.0,4.0,2.0,4.0,4.0,4.0,,,4.0,4.0,5.0,2.0,,,,,4.0,2.0,6.0,5.0,5.0,5.0,5.0,6.0,6.0,6.0,55.0,55.0,50.0,40.0,60.0,65.0,50.0,65.0,60.0,75.0,4.0,6.0,,1.0,1.0,1.0,1.0,1.0,1.0,1.0,1.0,1.0,1.0,,,,,,,2.0,2.0,1.0,1.0,1.0,2.0,1.0,1.0,1.0,1.0,1.0,1.0,1.0,2.0,1.0,2.0,2.0,1.0,2.0,1.0,2.0,2.0,1.0,2.0,2.0,1.0,1.0,2.0,1.0,1.0,1.0,1.0,1.0,2.0,1.0,2.0,2.0,2.0,2.0,1.0,,,2.0,,,5.0,15.0,,,,3.0
pid_178,1.0,,2.0,,,,1.0,30.0,2.0,380.0,,,,70.0,4.0,,4.0,4.0,2.0,2.0,5.0,4.0,4.0,5.0,4.0,5.0,2.0,,,,,,4.0,4.0,5.0,4.0,,2.0,7.0,5.0,5.0,5.0,3.0,5.0,6.0,6.0,60.0,58.0,48.0,42.0,58.0,60.0,52.0,70.0,65.0,75.0,4.0,,6.0,,,,,,,,,,,1.0,1.0,1.0,1.0,1.0,1.0,1.0,1.0,1.0,2.0,1.0,1.0,1.0,2.0,1.0,2.0,1.0,2.0,2.0,2.0,2.0,2.0,2.0,1.0,1.0,2.0,2.0,2.0,1.0,2.0,1.0,1.0,2.0,1.0,1.0,1.0,1.0,1.0,1.0,1.0,1.0,2.0,2.0,1.0,1.0,2.0,4.0,,,5.0,,,18.0,,,,3.0
pid_179,,2.0,,2.0,,,1.0,54.0,2.0,500.0,,,,70.0,,1.0,5.0,5.0,1.0,1.0,5.0,5.0,5.0,5.0,5.0,5.0,,5.0,,4.0,5.0,3.0,,,,6.0,,1.0,7.0,5.0,5.0,3.0,5.0,6.0,6.0,6.0,55.0,58.0,48.0,42.0,62.0,58.0,48.0,72.0,70.0,82.0,4.0,,7.0,,,,,,,,,,,1.0,1.0,1.0,1.0,1.0,1.0,2.0,2.0,2.0,1.0,1.0,1.0,2.0,1.0,1.0,1.0,2.0,2.0,2.0,2.0,1.0,2.0,1.0,2.0,2.0,2.0,1.0,2.0,1.0,2.0,1.0,2.0,2.0,2.0,2.0,1.0,1.0,2.0,2.0,2.0,2.0,2.0,2.0,1.0,2.0,1.0,,5.0,,,6.0,,,12.0,1.0,,
pid_180,,1.0,1.0,,2.0,54.0,,,2.0,380.0,,,30.0,,2.0,,4.0,5.0,2.0,1.0,5.0,5.0,4.0,5.0,5.0,5.0,2.0,,,4.0,5.0,3.0,,,,6.0,,2.0,6.0,5.0,5.0,5.0,3.0,5.0,6.0,6.0,55.0,60.0,45.0,35.0,60.0,65.0,55.0,70.0,65.0,75.0,4.0,,7.0,1.0,1.0,1.0,1.0,1.0,1.0,1.0,1.0,1.0,1.0,,,,,,,2.0,1.0,2.0,2.0,1.0,2.0,1.0,2.0,1.0,1.0,2.0,1.0,2.0,1.0,1.0,2.0,1.0,2.0,2.0,1.0,2.0,2.0,1.0,2.0,1.0,2.0,1.0,2.0,1.0,1.0,2.0,2.0,2.0,1.0,1.0,2.0,1.0,2.0,2.0,2.0,5.0,,,5.0,,,,20.0,,,3.0
pid_181,1.0,,1.0,,2.0,54.0,,,,,1.0,380.0,30.0,,2.0,,4.0,5.0,1.0,1.0,5.0,5.0,4.0,5.0,5.0,5.0,,,5.0,,,,5.0,4.0,3.0,4.0,,2.0,6.0,5.0,5.0,5.0,3.0,5.0,6.0,6.0,60.0,65.0,55.0,40.0,55.0,65.0,48.0,75.0,68.0,80.0,4.0,,7.0,,,,,,,,,,,1.0,1.0,1.0,1.0,1.0,1.0,2.0,2.0,2.0,2.0,1.0,2.0,1.0,1.0,2.0,2.0,2.0,1.0,2.0,1.0,1.0,2.0,1.0,2.0,1.0,2.0,2.0,1.0,1.0,2.0,1.0,1.0,2.0,2.0,1.0,1.0,1.0,2.0,2.0,1.0,1.0,2.0,2.0,2.0,1.0,2.0,,,5.0,,,6.0,18.0,,2.0,,
pid_182,1.0,,1.0,,2.0,54.0,,,,,1.0,380.0,50.0,,,1.0,4.0,1.0,5.0,4.0,4.0,5.0,1.0,4.0,2.0,2.0,,,5.0,,,,4.0,4.0,3.0,,4.0,1.0,7.0,3.0,5.0,5.0,5.0,6.0,6.0,6.0,60.0,60.0,55.0,50.0,60.0,65.0,55.0,75.0,65.0,75.0,4.0,,7.0,1.0,1.0,1.0,1.0,1.0,1.0,1.0,1.0,1.0,1.0,,,,,,,2.0,2.0,1.0,1.0,2.0,1.0,1.0,2.0,2.0,2.0,2.0,1.0,1.0,2.0,1.0,1.0,1.0,1.0,2.0,2.0,2.0,1.0,2.0,1.0,1.0,1.0,1.0,1.0,2.0,2.0,2.0,2.0,1.0,1.0,2.0,2.0,2.0,1.0,2.0,2.0,,,5.0,,,6.0,20.0,,,9.0,
pid_183,,2.0,,1.0,,,1.0,54.0,2.0,380.0,,,30.0,,2.0,,2.0,2.0,5.0,4.0,4.0,2.0,1.0,4.0,2.0,4.0,,5.0,,4.0,5.0,3.0,,,,,6.0,2.0,7.0,5.0,5.0,5.0,3.0,6.0,6.0,6.0,45.0,62.0,57.0,48.0,55.0,58.0,48.0,65.0,58.0,76.0,4.0,,7.0,,,,,,,,,,,1.0,1.0,1.0,1.0,1.0,1.0,2.0,2.0,1.0,2.0,1.0,2.0,1.0,2.0,1.0,2.0,2.0,1.0,1.0,2.0,1.0,2.0,2.0,2.0,1.0,2.0,1.0,2.0,1.0,1.0,2.0,1.0,2.0,1.0,2.0,2.0,2.0,1.0,1.0,1.0,1.0,2.0,2.0,2.0,1.0,2.0,,4.0,,,6.0,,,20.0,,6.0,
pid_184,,1.0,2.0,,,,1.0,54.0,,,1.0,380.0,,70.0,,2.0,2.0,1.0,5.0,4.0,4.0,2.0,1.0,4.0,2.0,4.0,,5.0,,4.0,5.0,3.0,,,,,4.0,2.0,7.0,5.0,5.0,6.0,3.0,5.0,6.0,6.0,60.0,65.0,55.0,45.0,60.0,65.0,45.0,75.0,65.0,80.0,4.0,6.0,,1.0,1.0,1.0,1.0,1.0,1.0,1.0,1.0,1.0,1.0,,,,,,,1.0,1.0,2.0,1.0,1.0,1.0,1.0,2.0,1.0,2.0,2.0,2.0,1.0,1.0,1.0,2.0,1.0,1.0,2.0,1.0,2.0,2.0,2.0,1.0,1.0,1.0,1.0,2.0,1.0,2.0,1.0,2.0,1.0,2.0,1.0,1.0,1.0,2.0,2.0,2.0,,5.0,,,6.0,,17.0,,,,4.0
pid_185,,1.0,,2.0,,,1.0,54.0,2.0,380.0,,,30.0,,3.0,,4.0,5.0,1.0,1.0,5.0,5.0,4.0,5.0,5.0,5.0,1.0,,,4.0,5.0,2.0,,,,,4.0,2.0,6.0,5.0,5.0,5.0,3.0,5.0,6.0,6.0,55.0,60.0,45.0,35.0,60.0,65.0,55.0,75.0,65.0,80.0,4.0,,6.0,1.0,1.0,1.0,1.0,1.0,1.0,1.0,1.0,1.0,1.0,,,,,,,2.0,2.0,1.0,1.0,1.0,1.0,1.0,1.0,2.0,2.0,2.0,2.0,1.0,1.0,1.0,2.0,1.0,1.0,2.0,1.0,2.0,1.0,1.0,1.0,2.0,1.0,2.0,2.0,1.0,1.0,1.0,2.0,2.0,1.0,1.0,1.0,2.0,2.0,1.0,2.0,5.0,,,6.0,,,,20.0,,,4.0
pid_186,1.0,,,2.0,2.0,54.0,,,2.0,350.0,,,,70.0,2.0,,4.0,5.0,1.0,1.0,5.0,5.0,4.0,5.0,5.0,5.0,1.0,,,4.0,5.0,3.0,,,,,4.0,2.0,7.0,5.0,5.0,3.0,3.0,5.0,6.0,5.0,60.0,60.0,55.0,45.0,65.0,65.0,55.0,75.0,70.0,80.0,4.0,,6.0,1.0,1.0,1.0,1.0,1.0,1.0,1.0,1.0,1.0,1.0,,,,,,,2.0,2.0,1.0,2.0,1.0,2.0,2.0,2.0,2.0,2.0,2.0,2.0,2.0,1.0,2.0,2.0,2.0,1.0,2.0,2.0,1.0,2.0,2.0,1.0,2.0,2.0,2.0,2.0,2.0,2.0,1.0,1.0,2.0,2.0,1.0,2.0,1.0,1.0,1.0,2.0,4.0,,,5.0,,,,20.0,,9.0,
pid_187,,1.0,,2.0,2.0,54.0,,,,,1.0,200.0,,70.0,,3.0,5.0,5.0,1.0,1.0,5.0,5.0,4.0,5.0,5.0,5.0,2.0,,,,,,4.0,5.0,5.0,4.0,,1.0,7.0,5.0,5.0,5.0,6.0,5.0,6.0,6.0,65.0,60.0,40.0,45.0,60.0,65.0,55.0,75.0,70.0,80.0,4.0,,6.0,,,,,,,,,,,1.0,1.0,1.0,1.0,1.0,1.0,2.0,2.0,1.0,1.0,2.0,2.0,2.0,1.0,1.0,1.0,2.0,1.0,2.0,2.0,1.0,1.0,2.0,1.0,1.0,2.0,1.0,1.0,1.0,1.0,2.0,1.0,1.0,1.0,2.0,1.0,1.0,1.0,1.0,1.0,2.0,2.0,1.0,1.0,2.0,1.0,4.0,,,5.0,,,,15.0,2.0,,
pid_188,1.0,,,2.0,2.0,54.0,,,,,1.0,379.0,,70.0,,3.0,4.0,4.0,2.0,2.0,4.0,4.0,2.0,5.0,4.0,5.0,,,5.0,4.0,5.0,2.0,,,,6.0,,2.0,6.0,5.0,5.0,5.0,5.0,5.0,6.0,6.0,60.0,55.0,50.0,40.0,55.0,60.0,50.0,70.0,65.0,75.0,4.0,,6.0,,,,,,,,,,,1.0,1.0,1.0,1.0,1.0,1.0,2.0,2.0,2.0,2.0,2.0,2.0,1.0,2.0,2.0,2.0,2.0,2.0,1.0,1.0,1.0,2.0,2.0,2.0,2.0,1.0,2.0,1.0,2.0,1.0,1.0,1.0,2.0,2.0,2.0,2.0,2.0,1.0,2.0,2.0,2.0,1.0,2.0,2.0,2.0,2.0,,,5.0,,,6.0,,20.0,,5.0,
pid_189,,2.0,1.0,,,,1.0,54.0,,,1.0,379.0,,70.0,2.0,,4.0,5.0,1.0,1.0,5.0,5.0,4.0,5.0,5.0,5.0,1.0,,,,,,4.0,5.0,5.0,,4.0,2.0,7.0,5.0,5.0,3.0,5.0,5.0,6.0,6.0,55.0,65.0,45.0,40.0,60.0,65.0,55.0,75.0,70.0,80.0,4.0,6.0,,1.0,1.0,1.0,1.0,1.0,1.0,1.0,1.0,1.0,1.0,,,,,,,2.0,2.0,2.0,2.0,2.0,2.0,2.0,1.0,2.0,2.0,1.0,1.0,2.0,2.0,1.0,2.0,2.0,1.0,2.0,1.0,2.0,1.0,2.0,2.0,1.0,2.0,2.0,1.0,2.0,2.0,2.0,2.0,2.0,2.0,1.0,1.0,2.0,2.0,1.0,2.0,4.0,,,6.0,,,,18.0,,,3.0
pid_190,1.0,,,2.0,,,1.0,54.0,,,1.0,380.0,,70.0,2.0,,2.0,1.0,5.0,4.0,3.0,2.0,1.0,4.0,2.0,4.0,,5.0,,4.0,5.0,3.0,,,,6.0,,1.0,7.0,5.0,5.0,5.0,5.0,5.0,6.0,6.0,50.0,55.0,45.0,50.0,55.0,60.0,45.0,65.0,60.0,75.0,4.0,,6.0,,,,,,,,,,,1.0,1.0,1.0,1.0,1.0,1.0,2.0,2.0,1.0,2.0,1.0,1.0,2.0,1.0,1.0,2.0,2.0,2.0,2.0,1.0,1.0,1.0,2.0,2.0,1.0,2.0,2.0,1.0,1.0,2.0,1.0,2.0,1.0,1.0,2.0,1.0,1.0,2.0,1.0,2.0,2.0,2.0,2.0,2.0,1.0,2.0,,4.0,,,6.0,,,18.0,,,4.0
pid_191,,1.0,1.0,,2.0,54.0,,,2.0,380.0,,,,80.0,2.0,,4.0,4.0,2.0,2.0,4.0,5.0,2.0,5.0,4.0,5.0,,,5.0,,,,4.0,3.0,5.0,4.0,,2.0,6.0,5.0,5.0,5.0,5.0,6.0,6.0,6.0,60.0,65.0,45.0,35.0,65.0,65.0,55.0,75.0,65.0,80.0,4.0,6.0,,1.0,1.0,1.0,1.0,1.0,1.0,1.0,1.0,1.0,1.0,,,,,,,1.0,2.0,2.0,1.0,2.0,1.0,1.0,2.0,1.0,2.0,2.0,1.0,1.0,1.0,2.0,1.0,2.0,1.0,2.0,2.0,1.0,2.0,2.0,2.0,2.0,2.0,1.0,2.0,1.0,2.0,1.0,2.0,1.0,2.0,1.0,1.0,1.0,1.0,2.0,2.0,,,5.0,,,6.0,,18.0,,9.0,
pid_192,1.0,,,2.0,,,1.0,54.0,2.0,380.0,,,,70.0,,1.0,5.0,5.0,1.0,1.0,5.0,5.0,5.0,5.0,5.0,5.0,,,5.0,,,,4.0,5.0,5.0,,5.0,1.0,7.0,5.0,5.0,6.0,5.0,5.0,6.0,6.0,55.0,60.0,55.0,35.0,60.0,58.0,48.0,72.0,65.0,78.0,4.0,,6.0,1.0,1.0,1.0,1.0,1.0,1.0,1.0,1.0,1.0,1.0,,,,,,,1.0,2.0,2.0,1.0,2.0,2.0,2.0,1.0,2.0,1.0,2.0,1.0,2.0,2.0,2.0,2.0,2.0,1.0,1.0,2.0,1.0,1.0,1.0,2.0,1.0,2.0,2.0,2.0,1.0,1.0,2.0,2.0,2.0,2.0,2.0,2.0,1.0,1.0,2.0,2.0,,,5.0,,,6.0,18.0,,3.0,,
pid_193,,1.0,1.0,,2.0,54.0,,,,,1.0,380.0,,70.0,2.0,,2.0,1.0,5.0,4.0,2.0,2.0,1.0,2.0,1.0,4.0,1.0,,,,,,4.0,3.0,5.0,,4.0,2.0,6.0,3.0,5.0,5.0,5.0,5.0,6.0,6.0,50.0,65.0,60.0,50.0,45.0,50.0,45.0,60.0,55.0,70.0,4.0,6.0,,1.0,1.0,1.0,1.0,1.0,1.0,1.0,1.0,1.0,1.0,,,,,,,2.0,1.0,2.0,1.0,1.0,2.0,1.0,2.0,1.0,2.0,1.0,1.0,1.0,1.0,2.0,1.0,2.0,1.0,2.0,2.0,2.0,2.0,2.0,2.0,2.0,2.0,1.0,1.0,2.0,1.0,1.0,2.0,1.0,1.0,2.0,2.0,1.0,1.0,2.0,1.0,4.0,,,6.0,,,18.0,,,,3.0
pid_194,,1.0,1.0,,2.0,54.0,,,2.0,380.0,,,30.0,,2.0,,4.0,5.0,2.0,1.0,5.0,4.0,2.0,5.0,4.0,5.0,,,4.0,,,,4.0,5.0,5.0,,4.0,1.0,6.0,5.0,5.0,6.0,3.0,5.0,6.0,6.0,55.0,60.0,45.0,40.0,65.0,60.0,50.0,70.0,65.0,75.0,4.0,,6.0,,,,,,,,,,,1.0,1.0,1.0,1.0,1.0,1.0,2.0,2.0,1.0,2.0,2.0,2.0,2.0,1.0,2.0,2.0,2.0,2.0,1.0,2.0,2.0,1.0,1.0,2.0,2.0,2.0,1.0,2.0,1.0,2.0,1.0,1.0,2.0,1.0,1.0,2.0,2.0,1.0,2.0,2.0,1.0,2.0,1.0,2.0,1.0,2.0,,,5.0,,,6.0,,10.0,,6.0,
pid_195,1.0,,,2.0,2.0,54.0,,,,,1.0,380.0,,70.0,3.0,,5.0,5.0,1.0,1.0,5.0,5.0,5.0,5.0,5.0,5.0,,4.0,,,,,4.0,4.0,3.0,,4.0,1.0,7.0,3.0,5.0,6.0,5.0,5.0,6.0,6.0,65.0,60.0,55.0,45.0,60.0,65.0,55.0,75.0,65.0,80.0,4.0,,7.0,,,,,,,,,,,1.0,1.0,1.0,1.0,1.0,1.0,1.0,2.0,1.0,1.0,2.0,2.0,1.0,1.0,2.0,1.0,1.0,2.0,2.0,2.0,1.0,2.0,1.0,1.0,2.0,2.0,2.0,2.0,2.0,1.0,1.0,1.0,1.0,1.0,2.0,2.0,2.0,1.0,1.0,2.0,2.0,1.0,1.0,1.0,2.0,2.0,,5.0,,,6.0,,,5.0,,,3.0
pid_196,1.0,,,2.0,2.0,54.0,,,,,1.0,380.0,,70.0,3.0,,5.0,5.0,1.0,1.0,5.0,5.0,5.0,5.0,5.0,5.0,,5.0,,,,,4.0,3.0,5.0,,4.0,2.0,7.0,3.0,5.0,3.0,5.0,5.0,6.0,6.0,60.0,60.0,35.0,35.0,65.0,70.0,55.0,65.0,70.0,75.0,4.0,7.0,,1.0,1.0,1.0,1.0,1.0,1.0,1.0,1.0,1.0,1.0,,,,,,,2.0,1.0,1.0,2.0,2.0,2.0,2.0,2.0,2.0,2.0,1.0,2.0,2.0,2.0,1.0,2.0,2.0,2.0,2.0,2.0,1.0,1.0,2.0,2.0,1.0,2.0,2.0,2.0,2.0,1.0,2.0,2.0,2.0,2.0,2.0,2.0,1.0,1.0,1.0,2.0,,5.0,,,6.0,,18.0,,3.0,,
pid_197,,1.0,1.0,,,,1.0,54.0,,,1.0,380.0,30.0,,2.0,,4.0,5.0,1.0,1.0,5.0,5.0,4.0,5.0,5.0,5.0,,,5.0,4.0,5.0,2.0,,,,6.0,,1.0,7.0,3.0,5.0,5.0,5.0,5.0,6.0,6.0,65.0,65.0,45.0,35.0,62.0,65.0,55.0,75.0,70.0,80.0,4.0,7.0,,1.0,1.0,1.0,1.0,1.0,1.0,1.0,1.0,1.0,1.0,,,,,,,1.0,2.0,1.0,2.0,1.0,1.0,1.0,2.0,1.0,2.0,2.0,2.0,1.0,1.0,1.0,2.0,1.0,2.0,1.0,2.0,2.0,2.0,1.0,1.0,2.0,2.0,2.0,2.0,2.0,1.0,2.0,1.0,2.0,2.0,1.0,2.0,2.0,1.0,2.0,1.0,,,,,,6.0,18.0,,,,4.0
pid_198,1.0,,,2.0,2.0,54.0,,,,,1.0,120.0,,70.0,,2.0,4.0,5.0,1.0,1.0,5.0,5.0,4.0,5.0,5.0,5.0,,,5.0,4.0,5.0,3.0,,,,6.0,,1.0,7.0,5.0,5.0,5.0,5.0,6.0,6.0,6.0,60.0,65.0,35.0,45.0,65.0,65.0,55.0,75.0,65.0,80.0,4.0,7.0,,1.0,1.0,1.0,1.0,1.0,1.0,1.0,1.0,1.0,1.0,,,,,,,2.0,2.0,1.0,2.0,1.0,2.0,1.0,2.0,2.0,1.0,2.0,2.0,2.0,2.0,2.0,2.0,2.0,1.0,1.0,1.0,2.0,1.0,1.0,1.0,2.0,1.0,2.0,1.0,1.0,2.0,1.0,2.0,2.0,2.0,1.0,1.0,2.0,2.0,1.0,1.0,,,5.0,,,6.0,15.0,,4.0,,
pid_199,,1.0,1.0,,,,1.0,54.0,2.0,380.0,,,,70.0,2.0,,4.0,4.0,2.0,1.0,5.0,4.0,2.0,5.0,4.0,5.0,,5.0,,3.0,5.0,2.0,,,,,4.0,2.0,6.0,5.0,5.0,5.0,5.0,5.0,6.0,6.0,60.0,55.0,52.0,38.0,58.0,62.0,48.0,68.0,64.0,76.0,4.0,,7.0,,,,,,,,,,,1.0,1.0,1.0,1.0,1.0,1.0,1.0,2.0,2.0,1.0,2.0,2.0,2.0,2.0,2.0,2.0,1.0,2.0,1.0,1.0,1.0,2.0,2.0,1.0,1.0,1.0,1.0,2.0,2.0,1.0,1.0,2.0,2.0,2.0,1.0,1.0,2.0,2.0,1.0,2.0,1.0,1.0,2.0,2.0,2.0,2.0,,5.0,,,6.0,,18.0,,,8.0,
pid_200,1.0,,,1.0,,,1.0,20.0,,,1.0,100.0,,80.0,,2.0,2.0,1.0,5.0,4.0,3.0,2.0,1.0,2.0,1.0,4.0,1.0,,,,,,4.0,4.0,5.0,,6.0,2.0,7.0,5.0,5.0,6.0,5.0,5.0,6.0,6.0,60.0,65.0,65.0,55.0,55.0,60.0,45.0,70.0,60.0,75.0,,6.0,,,,,,,,,,,,1.0,1.0,1.0,1.0,1.0,1.0,2.0,2.0,1.0,1.0,1.0,1.0,2.0,1.0,2.0,2.0,2.0,1.0,1.0,2.0,2.0,2.0,1.0,2.0,1.0,1.0,1.0,2.0,2.0,2.0,1.0,2.0,1.0,2.0,1.0,2.0,1.0,2.0,2.0,2.0,1.0,1.0,2.0,2.0,1.0,2.0,4.0,,,6.0,,,,20.0,3.0,,
pid_201,,1.0,,2.0,2.0,54.0,,,2.0,380.0,,,30.0,,1.0,,5.0,5.0,1.0,1.0,5.0,5.0,4.0,5.0,5.0,5.0,,5.0,,4.0,5.0,3.0,,,,,4.0,1.0,6.0,5.0,5.0,3.0,3.0,5.0,6.0,6.0,60.0,55.0,45.0,45.0,55.0,60.0,50.0,75.0,65.0,80.0,4.0,,7.0,1.0,1.0,1.0,1.0,1.0,1.0,1.0,1.0,1.0,1.0,,,,,,,2.0,1.0,1.0,2.0,2.0,2.0,2.0,2.0,2.0,1.0,2.0,2.0,2.0,1.0,1.0,1.0,2.0,2.0,1.0,2.0,2.0,2.0,2.0,2.0,2.0,1.0,1.0,1.0,2.0,2.0,2.0,2.0,1.0,2.0,2.0,1.0,2.0,1.0,1.0,1.0,,5.0,,,6.0,,,0.0,,9.0,
pid_202,1.0,,1.0,,,,1.0,54.0,2.0,350.0,,,,70.0,,2.0,4.0,5.0,2.0,2.0,5.0,4.0,2.0,5.0,4.0,5.0,,,5.0,4.0,5.0,3.0,,,,4.0,,1.0,7.0,3.0,5.0,5.0,5.0,5.0,6.0,6.0,60.0,55.0,55.0,45.0,55.0,60.0,50.0,70.0,65.0,80.0,4.0,6.0,,,,,,,,,,,,1.0,1.0,1.0,1.0,1.0,1.0,2.0,1.0,2.0,2.0,1.0,2.0,1.0,2.0,1.0,2.0,2.0,1.0,2.0,1.0,2.0,1.0,2.0,2.0,1.0,2.0,1.0,1.0,2.0,1.0,2.0,1.0,2.0,1.0,2.0,2.0,2.0,2.0,1.0,1.0,1.0,1.0,2.0,1.0,2.0,1.0,,,5.0,,,6.0,18.0,,1.0,,
pid_203,,1.0,1.0,,2.0,54.0,,,2.0,380.0,,,30.0,,,1.0,1.0,1.0,5.0,4.0,2.0,2.0,1.0,2.0,1.0,2.0,,4.0,,,,,4.0,3.0,5.0,4.0,,2.0,6.0,3.0,5.0,5.0,5.0,5.0,6.0,6.0,45.0,65.0,65.0,45.0,55.0,55.0,50.0,65.0,60.0,75.0,4.0,6.0,,,,,,,,,,,,1.0,1.0,1.0,1.0,1.0,1.0,1.0,2.0,2.0,2.0,2.0,1.0,2.0,2.0,2.0,2.0,1.0,1.0,1.0,2.0,1.0,2.0,1.0,2.0,1.0,2.0,2.0,1.0,2.0,1.0,1.0,1.0,2.0,1.0,2.0,2.0,2.0,2.0,2.0,2.0,2.0,2.0,1.0,1.0,2.0,2.0,,5.0,,,6.0,,,5.0,,,4.0
pid_204,1.0,,1.0,,2.0,54.0,,,,,1.0,380.0,,70.0,,1.0,5.0,5.0,1.0,1.0,5.0,5.0,4.0,5.0,5.0,5.0,,,4.0,4.0,3.0,5.0,,,,,4.0,2.0,7.0,5.0,5.0,6.0,5.0,6.0,6.0,6.0,65.0,65.0,45.0,35.0,55.0,68.0,55.0,75.0,70.0,80.0,4.0,6.0,,1.0,1.0,1.0,1.0,1.0,1.0,1.0,1.0,1.0,1.0,,,,,,,1.0,2.0,2.0,2.0,1.0,1.0,1.0,2.0,2.0,1.0,2.0,2.0,1.0,2.0,2.0,2.0,2.0,2.0,2.0,1.0,1.0,2.0,2.0,1.0,2.0,1.0,2.0,1.0,2.0,1.0,2.0,1.0,2.0,1.0,2.0,2.0,2.0,1.0,1.0,1.0,,,5.0,,,6.0,18.0,,,6.0,
pid_205,1.0,,,2.0,,,1.0,54.0,2.0,380.0,,,30.0,,2.0,,4.0,4.0,2.0,2.0,4.0,4.0,2.0,5.0,5.0,5.0,1.0,,,4.0,5.0,3.0,,,,,4.0,2.0,7.0,5.0,5.0,5.0,5.0,5.0,6.0,6.0,60.0,60.0,55.0,40.0,58.0,65.0,52.0,70.0,65.0,75.0,4.0,6.0,,,,,,,,,,,,1.0,1.0,1.0,1.0,1.0,1.0,2.0,1.0,2.0,1.0,2.0,1.0,1.0,1.0,2.0,2.0,2.0,2.0,2.0,1.0,1.0,2.0,2.0,1.0,1.0,2.0,2.0,2.0,1.0,1.0,1.0,2.0,1.0,2.0,1.0,1.0,2.0,2.0,2.0,1.0,2.0,1.0,1.0,2.0,1.0,1.0,4.0,,,6.0,,,18.0,,2.0,,
pid_206,1.0,,1.0,,2.0,54.0,,,,,1.0,300.0,40.0,,,1.0,1.0,1.0,5.0,5.0,1.0,1.0,1.0,2.0,1.0,2.0,1.0,,,,,,4.0,5.0,3.0,,6.0,1.0,7.0,5.0,5.0,5.0,5.0,6.0,6.0,6.0,45.0,40.0,55.0,60.0,40.0,45.0,35.0,55.0,60.0,75.0,4.0,6.0,,,,,,,,,,,,1.0,1.0,1.0,1.0,1.0,1.0,2.0,1.0,1.0,2.0,2.0,1.0,2.0,2.0,2.0,1.0,2.0,1.0,2.0,2.0,1.0,2.0,1.0,1.0,1.0,1.0,2.0,1.0,1.0,2.0,2.0,2.0,1.0,2.0,2.0,1.0,2.0,2.0,1.0,1.0,2.0,2.0,1.0,2.0,2.0,2.0,4.0,,,5.0,,,,0.0,,,4.0
pid_207,,1.0,,2.0,2.0,54.0,,,,,1.0,380.0,,70.0,,3.0,2.0,2.0,5.0,4.0,4.0,2.0,1.0,4.0,2.0,4.0,2.0,,,,,,4.0,3.0,5.0,,4.0,2.0,6.0,5.0,5.0,6.0,5.0,5.0,6.0,6.0,55.0,50.0,55.0,55.0,60.0,58.0,45.0,65.0,60.0,75.0,4.0,6.0,,,,,,,,,,,,1.0,1.0,1.0,1.0,1.0,1.0,2.0,1.0,2.0,2.0,1.0,1.0,1.0,1.0,1.0,2.0,1.0,1.0,1.0,2.0,1.0,2.0,2.0,2.0,1.0,2.0,2.0,1.0,1.0,1.0,1.0,2.0,1.0,1.0,2.0,2.0,1.0,1.0,2.0,1.0,2.0,1.0,2.0,1.0,1.0,1.0,4.0,,,6.0,,,18.0,,2.0,,
pid_208,,2.0,,2.0,2.0,54.0,,,2.0,380.0,,,,70.0,,1.0,2.0,1.0,5.0,4.0,2.0,2.0,1.0,2.0,2.0,2.0,,5.0,,4.0,5.0,3.0,,,,,4.0,1.0,6.0,5.0,5.0,5.0,5.0,5.0,6.0,6.0,60.0,60.0,50.0,55.0,65.0,65.0,55.0,75.0,65.0,80.0,4.0,6.0,,1.0,1.0,1.0,1.0,1.0,1.0,1.0,1.0,1.0,1.0,,,,,,,2.0,2.0,2.0,1.0,1.0,2.0,2.0,2.0,2.0,1.0,1.0,1.0,2.0,1.0,1.0,2.0,1.0,1.0,2.0,2.0,2.0,2.0,1.0,1.0,1.0,1.0,2.0,2.0,2.0,2.0,2.0,1.0,2.0,2.0,1.0,1.0,2.0,2.0,1.0,1.0,,5.0,,,6.0,,18.0,,,10.0,
pid_209,1.0,,,2.0,2.0,54.0,,,2.0,380.0,,,30.0,,,2.0,4.0,1.0,5.0,4.0,4.0,4.0,1.0,4.0,2.0,4.0,,5.0,,,,,4.0,5.0,3.0,,4.0,1.0,6.0,2.0,5.0,5.0,3.0,5.0,6.0,6.0,45.0,55.0,55.0,45.0,55.0,60.0,50.0,70.0,65.0,75.0,4.0,6.0,,,,,,,,,,,,1.0,1.0,1.0,1.0,1.0,1.0,2.0,2.0,1.0,2.0,1.0,2.0,1.0,2.0,2.0,1.0,1.0,2.0,2.0,1.0,1.0,2.0,2.0,2.0,1.0,1.0,2.0,2.0,2.0,1.0,2.0,1.0,2.0,1.0,1.0,1.0,2.0,1.0,1.0,1.0,1.0,2.0,2.0,1.0,2.0,2.0,,5.0,,,6.0,,18.0,,,9.0,
pid_210,1.0,,,2.0,2.0,54.0,,,2.0,380.0,,,30.0,,2.0,,4.0,5.0,2.0,2.0,5.0,5.0,4.0,5.0,5.0,5.0,2.0,,,,,,4.0,4.0,3.0,6.0,,2.0,6.0,5.0,5.0,5.0,5.0,5.0,6.0,6.0,55.0,60.0,45.0,40.0,60.0,65.0,45.0,70.0,65.0,75.0,4.0,,7.0,1.0,1.0,1.0,1.0,1.0,1.0,1.0,1.0,1.0,1.0,,,,,,,1.0,1.0,2.0,2.0,1.0,1.0,1.0,2.0,1.0,1.0,1.0,1.0,2.0,2.0,2.0,2.0,2.0,1.0,1.0,2.0,1.0,2.0,2.0,1.0,2.0,2.0,2.0,2.0,2.0,1.0,1.0,1.0,2.0,1.0,2.0,1.0,1.0,2.0,2.0,1.0,5.0,,,6.0,,,,18.0,3.0,,
pid_211,1.0,,1.0,,2.0,54.0,,,,,1.0,379.0,30.0,,2.0,,2.0,4.0,5.0,4.0,3.0,2.0,1.0,4.0,2.0,4.0,1.0,,,4.0,5.0,3.0,,,,,6.0,2.0,6.0,3.0,5.0,5.0,5.0,5.0,6.0,6.0,55.0,60.0,55.0,45.0,60.0,60.0,45.0,65.0,65.0,75.0,4.0,,7.0,1.0,1.0,1.0,1.0,1.0,1.0,1.0,1.0,1.0,1.0,,,,,,,1.0,1.0,1.0,1.0,2.0,2.0,1.0,1.0,2.0,1.0,2.0,1.0,1.0,1.0,1.0,2.0,1.0,2.0,1.0,1.0,2.0,1.0,2.0,2.0,2.0,1.0,2.0,1.0,2.0,1.0,1.0,2.0,1.0,1.0,1.0,2.0,2.0,2.0,2.0,2.0,4.0,,,6.0,,,,3.0,2.0,,
pid_212,1.0,,1.0,,2.0,50.0,,,2.0,379.0,,,30.0,,2.0,,2.0,1.0,5.0,4.0,2.0,2.0,1.0,4.0,2.0,2.0,,,5.0,4.0,5.0,3.0,,,,,3.0,2.0,7.0,5.0,5.0,5.0,3.0,5.0,6.0,6.0,55.0,55.0,65.0,50.0,60.0,60.0,50.0,70.0,65.0,75.0,4.0,6.0,,,,,,,,,,,,1.0,1.0,1.0,1.0,1.0,1.0,1.0,1.0,2.0,1.0,1.0,2.0,1.0,2.0,1.0,1.0,1.0,1.0,1.0,2.0,1.0,1.0,2.0,2.0,1.0,1.0,1.0,2.0,1.0,1.0,2.0,2.0,1.0,1.0,2.0,2.0,2.0,2.0,1.0,2.0,2.0,2.0,1.0,1.0,2.0,2.0,,,4.0,,,6.0,,18.0,,6.0,
pid_213,1.0,,,2.0,2.0,54.0,,,,,1.0,380.0,30.0,,2.0,,4.0,5.0,1.0,1.0,5.0,5.0,4.0,5.0,5.0,5.0,,,5.0,,,,4.0,3.0,5.0,6.0,,1.0,6.0,5.0,5.0,5.0,3.0,5.0,6.0,6.0,55.0,60.0,45.0,35.0,60.0,65.0,55.0,75.0,65.0,80.0,4.0,,7.0,1.0,1.0,1.0,1.0,1.0,1.0,1.0,1.0,1.0,1.0,,,,,,,2.0,2.0,2.0,1.0,2.0,2.0,2.0,2.0,1.0,1.0,1.0,1.0,2.0,1.0,2.0,2.0,2.0,2.0,1.0,2.0,2.0,2.0,1.0,2.0,2.0,2.0,2.0,2.0,1.0,2.0,2.0,1.0,2.0,2.0,2.0,2.0,2.0,2.0,2.0,1.0,,,5.0,,,6.0,18.0,,,8.0,
pid_214,,1.0,,2.0,2.0,54.0,,,2.0,380.0,,,,85.0,,3.0,4.0,4.0,5.0,4.0,4.0,4.0,1.0,4.0,2.0,4.0,2.0,,,,,,4.0,5.0,3.0,,4.0,1.0,6.0,5.0,5.0,5.0,3.0,6.0,6.0,6.0,60.0,68.0,58.0,48.0,55.0,62.0,50.0,70.0,65.0,75.0,4.0,,6.0,,,,,,,,,,,1.0,1.0,1.0,1.0,1.0,1.0,2.0,1.0,2.0,1.0,2.0,2.0,2.0,1.0,2.0,1.0,1.0,1.0,2.0,1.0,2.0,1.0,1.0,1.0,1.0,2.0,1.0,2.0,1.0,1.0,2.0,1.0,1.0,2.0,2.0,1.0,2.0,2.0,1.0,2.0,2.0,1.0,1.0,1.0,1.0,1.0,4.0,,,5.0,,,,20.0,,,4.0
pid_215,,2.0,1.0,,,,1.0,50.0,,,1.0,379.0,30.0,,,1.0,4.0,5.0,1.0,1.0,5.0,5.0,4.0,5.0,5.0,5.0,,5.0,,5.0,5.0,2.0,,,,,4.0,2.0,7.0,5.0,5.0,6.0,3.0,6.0,6.0,6.0,55.0,55.0,40.0,35.0,60.0,65.0,52.0,70.0,65.0,80.0,4.0,6.0,,,,,,,,,,,,1.0,1.0,1.0,1.0,1.0,1.0,1.0,1.0,2.0,2.0,2.0,1.0,2.0,1.0,1.0,1.0,2.0,1.0,1.0,2.0,1.0,2.0,1.0,2.0,2.0,2.0,1.0,2.0,2.0,2.0,2.0,2.0,1.0,2.0,1.0,1.0,1.0,1.0,2.0,1.0,1.0,2.0,2.0,1.0,1.0,1.0,,5.0,,,6.0,,18.0,,,,3.0
pid_216,,1.0,1.0,,2.0,54.0,,,2.0,379.0,,,,65.0,2.0,,2.0,1.0,5.0,4.0,4.0,2.0,1.0,4.0,2.0,4.0,,5.0,,3.0,5.0,2.0,,,,,4.0,2.0,6.0,3.0,5.0,5.0,5.0,6.0,6.0,5.0,55.0,54.0,58.0,45.0,60.0,58.0,48.0,65.0,62.0,72.0,4.0,6.0,,1.0,1.0,1.0,1.0,1.0,1.0,1.0,1.0,1.0,1.0,,,,,,,1.0,1.0,1.0,1.0,1.0,2.0,2.0,1.0,2.0,1.0,2.0,2.0,2.0,1.0,2.0,2.0,2.0,2.0,2.0,1.0,1.0,1.0,1.0,2.0,1.0,2.0,2.0,2.0,1.0,2.0,1.0,2.0,1.0,2.0,1.0,2.0,2.0,2.0,1.0,2.0,,4.0,,,6.0,,18.0,,,,3.0
pid_217,1.0,,2.0,,2.0,50.0,,,,,1.0,200.0,,85.0,,4.0,2.0,1.0,5.0,4.0,2.0,2.0,1.0,2.0,1.0,4.0,,,5.0,,,,3.0,4.0,5.0,4.0,,2.0,6.0,5.0,5.0,5.0,5.0,5.0,6.0,6.0,45.0,55.0,65.0,50.0,55.0,60.0,50.0,65.0,60.0,70.0,4.0,7.0,,1.0,1.0,1.0,1.0,1.0,1.0,1.0,1.0,1.0,1.0,,,,,,,2.0,1.0,2.0,2.0,2.0,1.0,2.0,1.0,2.0,2.0,2.0,1.0,2.0,1.0,1.0,2.0,2.0,1.0,1.0,2.0,2.0,1.0,2.0,1.0,2.0,1.0,1.0,2.0,1.0,2.0,2.0,1.0,2.0,2.0,1.0,1.0,2.0,1.0,2.0,2.0,,,4.0,,,6.0,18.0,,,,3.0
pid_218,,2.0,2.0,,2.0,54.0,,,2.0,379.0,,,30.0,,,5.0,2.0,1.0,5.0,4.0,4.0,2.0,1.0,2.0,2.0,4.0,2.0,,,4.0,5.0,3.0,,,,,4.0,1.0,6.0,5.0,5.0,5.0,3.0,5.0,6.0,6.0,55.0,50.0,63.0,52.0,60.0,58.0,48.0,68.0,62.0,75.0,4.0,,7.0,1.0,1.0,1.0,1.0,1.0,1.0,1.0,1.0,1.0,1.0,,,,,,,1.0,2.0,2.0,1.0,1.0,2.0,1.0,2.0,2.0,1.0,1.0,2.0,1.0,2.0,2.0,2.0,2.0,1.0,2.0,1.0,1.0,2.0,2.0,2.0,1.0,2.0,2.0,2.0,2.0,2.0,2.0,1.0,2.0,2.0,1.0,2.0,2.0,1.0,2.0,1.0,4.0,,,5.0,,,17.0,,,9.0,
pid_219,1.0,,2.0,,,,1.0,54.0,2.0,380.0,,,,70.0,,3.0,4.0,5.0,1.0,1.0,5.0,5.0,4.0,5.0,5.0,5.0,3.0,,,,,,4.0,4.0,5.0,4.0,,1.0,7.0,5.0,5.0,5.0,5.0,5.0,6.0,6.0,60.0,65.0,35.0,35.0,65.0,60.0,55.0,70.0,65.0,75.0,4.0,6.0,,,,,,,,,,,,1.0,1.0,1.0,1.0,1.0,1.0,2.0,2.0,2.0,2.0,2.0,2.0,1.0,2.0,2.0,2.0,2.0,2.0,1.0,2.0,2.0,2.0,1.0,2.0,2.0,2.0,2.0,1.0,1.0,1.0,1.0,2.0,2.0,1.0,2.0,2.0,1.0,2.0,2.0,2.0,2.0,2.0,2.0,1.0,2.0,2.0,4.0,,,6.0,,,,20.0,,9.0,
pid_220,,1.0,2.0,,2.0,50.0,,,,,1.0,380.0,,70.0,4.0,,2.0,1.0,5.0,4.0,4.0,2.0,1.0,2.0,1.0,2.0,,,5.0,,,,3.0,4.0,5.0,4.0,,2.0,6.0,5.0,5.0,5.0,5.0,5.0,6.0,6.0,55.0,55.0,65.0,55.0,60.0,60.0,45.0,65.0,65.0,75.0,4.0,,7.0,1.0,1.0,1.0,1.0,1.0,1.0,1.0,1.0,1.0,1.0,,,,,,,1.0,1.0,2.0,1.0,1.0,2.0,2.0,2.0,2.0,1.0,2.0,1.0,1.0,1.0,1.0,2.0,2.0,2.0,2.0,2.0,2.0,1.0,2.0,2.0,2.0,2.0,1.0,2.0,1.0,2.0,2.0,1.0,2.0,2.0,2.0,1.0,2.0,1.0,2.0,2.0,,,4.0,,,6.0,,18.0,2.0,,
pid_221,,1.0,,1.0,,,1.0,54.0,,,1.0,380.0,,70.0,3.0,,2.0,1.0,5.0,4.0,3.0,2.0,1.0,2.0,1.0,2.0,1.0,,,4.0,5.0,2.0,,,,,4.0,2.0,6.0,5.0,5.0,6.0,5.0,6.0,6.0,6.0,55.0,60.0,65.0,45.0,60.0,58.0,48.0,65.0,60.0,75.0,4.0,6.0,,,,,,,,,,,,1.0,1.0,1.0,1.0,1.0,1.0,2.0,1.0,2.0,2.0,1.0,2.0,1.0,1.0,2.0,1.0,1.0,2.0,2.0,2.0,1.0,1.0,2.0,1.0,1.0,2.0,2.0,2.0,1.0,2.0,1.0,1.0,2.0,2.0,1.0,2.0,2.0,1.0,2.0,1.0,1.0,1.0,2.0,2.0,1.0,2.0,4.0,,,6.0,,,18.0,,,,4.0
pid_222,1.0,,1.0,,,,1.0,54.0,2.0,379.0,,,,80.0,,2.0,2.0,1.0,5.0,4.0,4.0,2.0,1.0,4.0,2.0,4.0,1.0,,,,,,4.0,4.0,2.0,,4.0,1.0,6.0,5.0,5.0,5.0,5.0,6.0,6.0,6.0,55.0,65.0,60.0,50.0,60.0,60.0,50.0,70.0,65.0,75.0,4.0,,7.0,1.0,1.0,1.0,1.0,1.0,1.0,1.0,1.0,1.0,1.0,,,,,,,2.0,1.0,2.0,2.0,1.0,2.0,1.0,1.0,1.0,1.0,1.0,1.0,1.0,1.0,1.0,2.0,1.0,2.0,2.0,1.0,1.0,2.0,2.0,2.0,1.0,2.0,2.0,2.0,2.0,1.0,2.0,1.0,2.0,1.0,1.0,1.0,2.0,2.0,2.0,2.0,4.0,,,6.0,,,18.0,,,,4.0
pid_223,1.0,,1.0,,,,1.0,54.0,2.0,380.0,,,35.0,,2.0,,4.0,2.0,5.0,4.0,5.0,4.0,1.0,2.0,1.0,4.0,,5.0,,,,,4.0,5.0,3.0,4.0,,2.0,6.0,3.0,5.0,5.0,3.0,5.0,6.0,6.0,55.0,65.0,55.0,45.0,65.0,65.0,45.0,70.0,65.0,80.0,4.0,,6.0,1.0,1.0,1.0,1.0,1.0,1.0,1.0,1.0,1.0,1.0,,,,,,,2.0,1.0,2.0,2.0,2.0,2.0,2.0,2.0,1.0,2.0,1.0,2.0,2.0,2.0,1.0,2.0,2.0,1.0,1.0,1.0,2.0,1.0,1.0,1.0,2.0,1.0,1.0,1.0,1.0,1.0,1.0,2.0,1.0,2.0,1.0,1.0,2.0,1.0,2.0,2.0,,5.0,,,6.0,,18.0,,2.0,,
pid_224,,1.0,,1.0,,,1.0,54.0,2.0,380.0,,,,70.0,3.0,,4.0,5.0,1.0,1.0,5.0,5.0,4.0,5.0,5.0,5.0,,5.0,,5.0,4.0,2.0,,,,6.0,,2.0,7.0,3.0,5.0,5.0,5.0,6.0,6.0,6.0,55.0,65.0,45.0,35.0,60.0,60.0,55.0,75.0,70.0,80.0,4.0,,7.0,,,,,,,,,,,1.0,1.0,1.0,1.0,1.0,1.0,2.0,2.0,2.0,2.0,2.0,2.0,2.0,1.0,2.0,2.0,2.0,1.0,1.0,2.0,1.0,1.0,1.0,2.0,1.0,1.0,1.0,2.0,1.0,2.0,2.0,1.0,1.0,1.0,1.0,1.0,2.0,1.0,2.0,1.0,1.0,1.0,2.0,2.0,1.0,2.0,,5.0,,,6.0,,18.0,,,,4.0
pid_225,1.0,,1.0,,2.0,54.0,,,,,1.0,379.0,30.0,,3.0,,5.0,5.0,1.0,1.0,5.0,5.0,4.0,5.0,5.0,5.0,,5.0,,4.0,5.0,2.0,,,,6.0,,1.0,7.0,2.0,5.0,3.0,3.0,5.0,6.0,6.0,65.0,65.0,45.0,35.0,60.0,65.0,55.0,75.0,70.0,80.0,4.0,,7.0,1.0,1.0,1.0,1.0,1.0,1.0,1.0,1.0,1.0,1.0,,,,,,,1.0,2.0,2.0,1.0,2.0,1.0,1.0,2.0,1.0,1.0,2.0,1.0,1.0,1.0,2.0,1.0,1.0,2.0,1.0,2.0,2.0,1.0,2.0,2.0,1.0,1.0,1.0,2.0,1.0,2.0,1.0,1.0,2.0,2.0,1.0,1.0,2.0,2.0,1.0,1.0,,5.0,,,6.0,,,0.0,,9.0,
pid_226,1.0,,,2.0,2.0,54.0,,,,,1.0,380.0,,80.0,3.0,,4.0,4.0,4.0,4.0,5.0,4.0,2.0,4.0,4.0,5.0,4.0,,,4.0,5.0,3.0,,,,,4.0,2.0,7.0,3.0,5.0,6.0,5.0,5.0,6.0,6.0,60.0,65.0,55.0,45.0,65.0,60.0,45.0,65.0,65.0,80.0,4.0,,6.0,,,,,,,,,,,1.0,1.0,1.0,1.0,1.0,1.0,2.0,1.0,2.0,2.0,2.0,2.0,1.0,2.0,1.0,2.0,2.0,1.0,1.0,2.0,2.0,1.0,2.0,1.0,2.0,2.0,2.0,1.0,1.0,2.0,1.0,1.0,1.0,2.0,1.0,2.0,1.0,1.0,1.0,2.0,2.0,2.0,1.0,2.0,2.0,2.0,5.0,,,5.0,,,18.0,,,9.0,
pid_227,,1.0,,2.0,,,1.0,20.0,,,1.0,100.0,,70.0,2.0,,4.0,5.0,1.0,1.0,5.0,5.0,4.0,5.0,5.0,5.0,1.0,,,4.0,5.0,3.0,,,,,6.0,2.0,7.0,3.0,5.0,5.0,5.0,6.0,6.0,6.0,55.0,55.0,45.0,40.0,60.0,58.0,52.0,68.0,70.0,75.0,4.0,6.0,,1.0,1.0,1.0,1.0,1.0,1.0,1.0,1.0,1.0,1.0,,,,,,,2.0,2.0,1.0,1.0,1.0,1.0,1.0,1.0,1.0,2.0,2.0,1.0,1.0,1.0,2.0,1.0,2.0,1.0,2.0,2.0,1.0,1.0,1.0,1.0,2.0,1.0,1.0,1.0,2.0,1.0,2.0,1.0,1.0,1.0,1.0,2.0,2.0,2.0,1.0,2.0,5.0,,,6.0,,,18.0,,,,4.0
pid_228,1.0,,,2.0,2.0,54.0,,,2.0,380.0,,,,75.0,,2.0,2.0,4.0,5.0,4.0,4.0,2.0,1.0,4.0,2.0,4.0,,5.0,,5.0,5.0,2.0,,,,6.0,,1.0,7.0,5.0,5.0,2.0,5.0,5.0,6.0,6.0,55.0,60.0,55.0,45.0,60.0,65.0,50.0,65.0,65.0,75.0,4.0,,6.0,1.0,1.0,1.0,1.0,1.0,1.0,1.0,1.0,1.0,1.0,,,,,,,1.0,1.0,1.0,2.0,2.0,1.0,1.0,1.0,1.0,1.0,2.0,2.0,2.0,1.0,1.0,1.0,1.0,2.0,1.0,2.0,2.0,1.0,1.0,2.0,2.0,2.0,1.0,1.0,1.0,1.0,2.0,1.0,2.0,1.0,1.0,2.0,2.0,2.0,2.0,1.0,,5.0,,,6.0,,18.0,,,9.0,
pid_229,,1.0,,2.0,2.0,54.0,,,2.0,380.0,,,,70.0,5.0,,5.0,5.0,1.0,1.0,5.0,5.0,5.0,5.0,5.0,5.0,4.0,,,4.0,5.0,2.0,,,,5.0,,2.0,7.0,5.0,5.0,5.0,3.0,5.0,6.0,6.0,55.0,65.0,40.0,35.0,60.0,65.0,55.0,70.0,65.0,75.0,4.0,5.0,,1.0,1.0,1.0,1.0,1.0,1.0,1.0,1.0,1.0,1.0,,,,,,,1.0,1.0,2.0,1.0,2.0,1.0,1.0,1.0,1.0,2.0,2.0,1.0,1.0,1.0,2.0,1.0,1.0,2.0,1.0,1.0,2.0,2.0,2.0,2.0,1.0,1.0,1.0,1.0,1.0,2.0,2.0,2.0,1.0,1.0,2.0,2.0,2.0,2.0,1.0,2.0,4.0,,,5.0,,,,0.0,,,4.0
pid_230,,1.0,,2.0,2.0,54.0,,,,,1.0,379.0,,80.0,,2.0,4.0,5.0,2.0,2.0,4.0,5.0,4.0,5.0,5.0,5.0,,5.0,,,,,4.0,3.0,5.0,,5.0,2.0,7.0,5.0,5.0,5.0,3.0,5.0,6.0,6.0,65.0,65.0,45.0,35.0,60.0,65.0,55.0,75.0,70.0,80.0,4.0,,6.0,1.0,1.0,1.0,1.0,1.0,1.0,1.0,1.0,1.0,1.0,,,,,,,2.0,2.0,2.0,1.0,2.0,1.0,1.0,2.0,2.0,2.0,2.0,1.0,1.0,1.0,1.0,1.0,2.0,1.0,2.0,2.0,1.0,2.0,1.0,1.0,2.0,1.0,1.0,1.0,2.0,1.0,2.0,1.0,1.0,1.0,1.0,2.0,2.0,2.0,2.0,1.0,,5.0,,,6.0,,18.0,,,,6.0
pid_231,1.0,,,2.0,,,1.0,20.0,2.0,300.0,,,35.0,,,2.0,1.0,1.0,5.0,4.0,2.0,1.0,1.0,2.0,1.0,2.0,,5.0,,4.0,5.0,3.0,,,,4.0,,2.0,6.0,5.0,5.0,5.0,5.0,5.0,6.0,6.0,45.0,40.0,65.0,45.0,50.0,45.0,40.0,60.0,45.0,70.0,4.0,6.0,,1.0,1.0,1.0,1.0,1.0,1.0,1.0,1.0,1.0,1.0,,,,,,,1.0,1.0,1.0,1.0,2.0,2.0,2.0,1.0,2.0,2.0,1.0,1.0,2.0,1.0,1.0,2.0,2.0,1.0,1.0,2.0,2.0,2.0,2.0,1.0,2.0,2.0,2.0,2.0,1.0,1.0,1.0,1.0,1.0,2.0,1.0,2.0,2.0,1.0,1.0,1.0,,5.0,,,6.0,,,10.0,2.0,,
pid_232,,2.0,,2.0,2.0,54.0,,,,,1.0,380.0,,70.0,,2.0,2.0,4.0,5.0,4.0,3.0,2.0,1.0,4.0,1.0,2.0,1.0,,,,,,4.0,5.0,5.0,4.0,,2.0,6.0,3.0,5.0,5.0,3.0,5.0,6.0,6.0,45.0,60.0,60.0,55.0,55.0,50.0,40.0,65.0,55.0,75.0,4.0,6.0,,,,,,,,,,,,1.0,1.0,1.0,1.0,1.0,1.0,2.0,2.0,2.0,2.0,1.0,1.0,2.0,1.0,2.0,1.0,2.0,2.0,1.0,1.0,2.0,1.0,2.0,2.0,2.0,2.0,2.0,1.0,2.0,2.0,2.0,2.0,1.0,1.0,2.0,2.0,1.0,2.0,2.0,2.0,1.0,1.0,2.0,2.0,2.0,1.0,4.0,,,6.0,,,,20.0,,,3.0
pid_233,,1.0,1.0,,2.0,54.0,,,2.0,380.0,,,30.0,,,3.0,5.0,5.0,1.0,1.0,5.0,5.0,4.0,5.0,5.0,5.0,,5.0,,4.0,5.0,3.0,,,,,4.0,1.0,7.0,3.0,5.0,5.0,5.0,6.0,6.0,6.0,55.0,54.0,43.0,45.0,60.0,58.0,48.0,65.0,67.0,76.0,4.0,,7.0,,,,,,,,,,,1.0,1.0,1.0,1.0,1.0,1.0,2.0,2.0,1.0,2.0,2.0,2.0,2.0,2.0,2.0,2.0,1.0,1.0,2.0,1.0,1.0,2.0,1.0,2.0,2.0,2.0,1.0,2.0,1.0,2.0,1.0,1.0,2.0,2.0,2.0,2.0,1.0,1.0,1.0,2.0,2.0,1.0,2.0,2.0,2.0,1.0,,5.0,,,6.0,,,0.0,,9.0,
pid_234,1.0,,1.0,,,,1.0,54.0,2.0,380.0,,,30.0,,,3.0,4.0,4.0,2.0,1.0,4.0,4.0,2.0,5.0,4.0,5.0,2.0,,,4.0,5.0,3.0,,,,,4.0,1.0,6.0,5.0,5.0,5.0,5.0,5.0,6.0,6.0,55.0,60.0,55.0,45.0,60.0,60.0,50.0,70.0,65.0,75.0,4.0,,6.0,1.0,1.0,1.0,1.0,1.0,1.0,1.0,1.0,1.0,1.0,,,,,,,1.0,2.0,2.0,2.0,2.0,1.0,2.0,1.0,2.0,2.0,2.0,2.0,2.0,2.0,2.0,1.0,1.0,2.0,2.0,2.0,1.0,1.0,2.0,1.0,2.0,1.0,2.0,1.0,2.0,1.0,2.0,1.0,2.0,2.0,2.0,2.0,2.0,2.0,2.0,1.0,4.0,,,5.0,,,16.0,,,,3.0
pid_235,,1.0,,1.0,2.0,54.0,,,,,1.0,379.0,,70.0,3.0,,4.0,4.0,2.0,2.0,4.0,4.0,2.0,4.0,4.0,4.0,,,5.0,5.0,4.0,3.0,,,,,4.0,1.0,6.0,5.0,3.0,5.0,5.0,6.0,6.0,5.0,60.0,55.0,52.0,45.0,58.0,62.0,48.0,68.0,65.0,72.0,4.0,,7.0,,,,,,,,,,,1.0,1.0,1.0,1.0,1.0,1.0,1.0,2.0,2.0,1.0,1.0,2.0,2.0,2.0,2.0,1.0,1.0,2.0,2.0,1.0,1.0,2.0,2.0,1.0,2.0,2.0,2.0,1.0,2.0,1.0,1.0,1.0,2.0,2.0,1.0,2.0,2.0,1.0,1.0,1.0,1.0,1.0,2.0,1.0,2.0,1.0,,,4.0,,,6.0,18.0,,,9.0,
pid_236,1.0,,2.0,,2.0,54.0,,,,,1.0,150.0,40.0,,3.0,,4.0,4.0,2.0,2.0,5.0,4.0,4.0,5.0,5.0,5.0,2.0,,,,,,4.0,5.0,5.0,,4.0,2.0,7.0,5.0,5.0,6.0,3.0,5.0,6.0,5.0,55.0,50.0,45.0,42.0,60.0,58.0,48.0,65.0,68.0,75.0,4.0,5.0,,,,,,,,,,,,1.0,1.0,1.0,1.0,1.0,1.0,2.0,1.0,2.0,2.0,2.0,2.0,1.0,2.0,1.0,2.0,1.0,2.0,1.0,2.0,1.0,1.0,2.0,2.0,1.0,2.0,1.0,2.0,1.0,2.0,2.0,1.0,1.0,2.0,2.0,2.0,1.0,1.0,2.0,1.0,1.0,1.0,2.0,1.0,2.0,2.0,4.0,,,5.0,,,,20.0,,6.0,
pid_237,1.0,,1.0,,2.0,54.0,,,2.0,380.0,,,30.0,,2.0,,5.0,5.0,1.0,1.0,5.0,5.0,5.0,5.0,5.0,5.0,2.0,,,,,,3.0,5.0,5.0,4.0,,1.0,7.0,5.0,5.0,5.0,5.0,6.0,6.0,6.0,60.0,65.0,45.0,35.0,60.0,65.0,55.0,75.0,70.0,80.0,4.0,,6.0,,,,,,,,,,,1.0,1.0,1.0,1.0,1.0,1.0,2.0,2.0,2.0,2.0,1.0,2.0,1.0,2.0,1.0,1.0,2.0,1.0,2.0,1.0,1.0,1.0,2.0,1.0,1.0,2.0,2.0,2.0,1.0,1.0,2.0,1.0,1.0,1.0,2.0,2.0,1.0,1.0,2.0,2.0,2.0,2.0,2.0,1.0,1.0,2.0,5.0,,,6.0,,,15.0,,1.0,,
pid_238,,2.0,1.0,,,,1.0,54.0,2.0,380.0,,,30.0,,2.0,,5.0,5.0,1.0,1.0,5.0,5.0,4.0,5.0,5.0,5.0,4.0,,,,,,4.0,3.0,5.0,,4.0,1.0,7.0,3.0,5.0,5.0,5.0,6.0,6.0,6.0,65.0,65.0,45.0,40.0,60.0,65.0,55.0,75.0,65.0,75.0,4.0,,6.0,,,,,,,,,,,1.0,1.0,1.0,1.0,1.0,1.0,2.0,2.0,2.0,1.0,2.0,1.0,1.0,1.0,1.0,1.0,1.0,2.0,1.0,2.0,1.0,2.0,1.0,1.0,1.0,1.0,1.0,1.0,1.0,2.0,2.0,2.0,2.0,1.0,2.0,2.0,1.0,1.0,1.0,1.0,1.0,1.0,1.0,2.0,2.0,2.0,5.0,,,6.0,,,,5.0,,,3.0
pid_239,,1.0,,2.0,,,1.0,50.0,2.0,380.0,,,,75.0,,2.0,4.0,4.0,2.0,1.0,4.0,4.0,2.0,4.0,4.0,4.0,,,5.0,4.0,5.0,3.0,,,,,4.0,2.0,7.0,5.0,5.0,5.0,6.0,5.0,6.0,6.0,60.0,65.0,50.0,35.0,65.0,65.0,50.0,70.0,65.0,75.0,4.0,,6.0,,,,,,,,,,,1.0,1.0,1.0,1.0,1.0,1.0,2.0,2.0,2.0,2.0,2.0,2.0,1.0,2.0,2.0,1.0,2.0,2.0,2.0,2.0,1.0,1.0,1.0,1.0,2.0,1.0,1.0,2.0,1.0,2.0,2.0,1.0,2.0,1.0,2.0,2.0,2.0,2.0,2.0,2.0,1.0,2.0,1.0,1.0,2.0,2.0,,,5.0,,,6.0,16.0,,3.0,,
pid_240,1.0,,1.0,,2.0,54.0,,,,,1.0,379.0,40.0,,,2.0,4.0,4.0,2.0,2.0,4.0,4.0,3.0,4.0,4.0,4.0,,,5.0,4.0,5.0,3.0,,,,,4.0,1.0,6.0,5.0,5.0,5.0,2.0,5.0,6.0,6.0,55.0,59.0,48.0,42.0,62.0,58.0,48.0,67.0,64.0,75.0,4.0,,7.0,1.0,1.0,1.0,1.0,1.0,1.0,1.0,1.0,1.0,1.0,,,,,,,1.0,2.0,1.0,1.0,2.0,1.0,2.0,2.0,2.0,1.0,1.0,2.0,1.0,1.0,1.0,2.0,1.0,2.0,1.0,1.0,1.0,2.0,1.0,1.0,2.0,1.0,1.0,1.0,2.0,1.0,1.0,2.0,1.0,2.0,1.0,1.0,1.0,1.0,1.0,2.0,,,5.0,,,6.0,,18.0,,8.0,
pid_241,1.0,,2.0,,2.0,54.0,,,2.0,380.0,,,30.0,,3.0,,4.0,5.0,2.0,1.0,4.0,5.0,2.0,5.0,4.0,4.0,,,4.0,,,,3.0,4.0,5.0,4.0,,2.0,6.0,3.0,5.0,5.0,5.0,6.0,6.0,6.0,55.0,65.0,45.0,40.0,60.0,65.0,48.0,72.0,68.0,78.0,4.0,,7.0,1.0,1.0,1.0,1.0,1.0,1.0,1.0,1.0,1.0,1.0,,,,,,,2.0,2.0,1.0,2.0,1.0,2.0,2.0,2.0,2.0,2.0,1.0,1.0,2.0,2.0,2.0,2.0,2.0,2.0,2.0,1.0,1.0,2.0,1.0,1.0,2.0,2.0,1.0,1.0,2.0,2.0,1.0,2.0,2.0,1.0,1.0,2.0,2.0,2.0,1.0,2.0,,,4.0,,,6.0,18.0,,,,3.0
pid_242,1.0,,2.0,,2.0,50.0,,,2.0,350.0,,,,70.0,2.0,,4.0,1.0,5.0,4.0,4.0,4.0,1.0,4.0,1.0,4.0,,,5.0,4.0,5.0,,,,,,4.0,2.0,6.0,5.0,5.0,5.0,5.0,6.0,6.0,6.0,55.0,65.0,60.0,50.0,60.0,,55.0,70.0,65.0,75.0,4.0,6.0,,1.0,1.0,1.0,1.0,1.0,1.0,1.0,1.0,1.0,1.0,,,,,,,1.0,2.0,2.0,2.0,1.0,1.0,2.0,1.0,2.0,1.0,2.0,2.0,2.0,1.0,1.0,2.0,1.0,2.0,2.0,1.0,1.0,1.0,1.0,2.0,1.0,1.0,1.0,1.0,1.0,1.0,2.0,2.0,1.0,2.0,1.0,2.0,1.0,1.0,1.0,2.0,,,5.0,,,6.0,,0.0,,5.0,
pid_243,1.0,,,1.0,2.0,55.0,,,2.0,350.0,,,,65.0,,2.0,2.0,2.0,5.0,4.0,2.0,2.0,1.0,2.0,2.0,4.0,,,4.0,4.0,5.0,,,,,4.0,,2.0,6.0,5.0,3.0,5.0,3.0,5.0,6.0,6.0,45.0,55.0,65.0,50.0,55.0,50.0,45.0,65.0,60.0,75.0,4.0,6.0,,,,,,,,,,,,1.0,1.0,1.0,1.0,1.0,1.0,1.0,1.0,2.0,2.0,1.0,2.0,2.0,1.0,2.0,1.0,1.0,2.0,2.0,2.0,1.0,2.0,2.0,2.0,2.0,2.0,1.0,1.0,2.0,1.0,2.0,1.0,2.0,1.0,2.0,1.0,1.0,2.0,2.0,1.0,1.0,1.0,2.0,1.0,2.0,1.0,,,4.0,,,5.0,15.0,,,6.0,
pid_244,,2.0,2.0,,2.0,60.0,,,2.0,350.0,,,,80.0,,5.0,4.0,4.0,5.0,4.0,4.0,4.0,1.0,4.0,2.0,4.0,,,5.0,4.0,5.0,3.0,,,,6.0,,1.0,7.0,5.0,5.0,6.0,5.0,5.0,6.0,6.0,55.0,50.0,65.0,55.0,60.0,55.0,45.0,65.0,55.0,75.0,4.0,6.0,,,,,,,,,,,,1.0,1.0,1.0,1.0,1.0,1.0,1.0,2.0,2.0,1.0,2.0,1.0,1.0,1.0,1.0,2.0,2.0,1.0,1.0,1.0,2.0,2.0,2.0,1.0,1.0,1.0,2.0,1.0,1.0,2.0,2.0,1.0,2.0,1.0,1.0,2.0,2.0,2.0,1.0,1.0,1.0,1.0,1.0,2.0,1.0,1.0,,,5.0,,,6.0,,15.0,,,3.0
pid_245,1.0,,,2.0,2.0,54.0,,,,,1.0,300.0,,80.0,1.0,,4.0,5.0,4.0,4.0,4.0,4.0,2.0,5.0,4.0,4.0,,,5.0,,,,5.0,4.0,5.0,,4.0,1.0,7.0,5.0,5.0,5.0,5.0,5.0,6.0,6.0,60.0,65.0,55.0,45.0,65.0,62.0,48.0,70.0,60.0,78.0,4.0,,6.0,,,,,,,,,,,1.0,1.0,1.0,1.0,1.0,1.0,1.0,2.0,2.0,1.0,2.0,1.0,2.0,2.0,1.0,2.0,2.0,1.0,2.0,2.0,1.0,2.0,1.0,1.0,1.0,1.0,2.0,1.0,2.0,2.0,1.0,2.0,1.0,2.0,2.0,1.0,1.0,2.0,1.0,2.0,1.0,2.0,1.0,2.0,2.0,2.0,,,4.0,,,6.0,18.0,,2.0,,
pid_246,,1.0,1.0,,2.0,54.0,,,,,1.0,200.0,30.0,,5.0,,2.0,1.0,5.0,4.0,2.0,2.0,1.0,2.0,2.0,2.0,2.0,,,,,,4.0,4.0,5.0,,4.0,2.0,6.0,3.0,5.0,5.0,5.0,6.0,6.0,6.0,55.0,65.0,55.0,45.0,60.0,60.0,50.0,75.0,65.0,80.0,4.0,,6.0,,,,,,,,,,,1.0,1.0,1.0,1.0,1.0,1.0,1.0,2.0,1.0,1.0,1.0,1.0,2.0,2.0,1.0,1.0,2.0,1.0,1.0,2.0,2.0,1.0,1.0,1.0,1.0,1.0,2.0,1.0,1.0,1.0,1.0,1.0,1.0,2.0,1.0,2.0,1.0,1.0,1.0,2.0,2.0,1.0,1.0,2.0,2.0,2.0,4.0,,,5.0,,,,20.0,,,4.0
pid_247,1.0,,,2.0,2.0,60.0,,,2.0,400.0,,,70.0,,,4.0,4.0,5.0,4.0,2.0,5.0,4.0,2.0,5.0,4.0,5.0,1.0,,,,,,4.0,3.0,5.0,,4.0,1.0,6.0,5.0,5.0,6.0,3.0,5.0,6.0,6.0,55.0,65.0,55.0,45.0,60.0,60.0,50.0,70.0,65.0,75.0,4.0,6.0,,1.0,1.0,1.0,1.0,1.0,1.0,1.0,1.0,1.0,1.0,,,,,,,1.0,2.0,2.0,1.0,1.0,1.0,2.0,2.0,1.0,1.0,1.0,2.0,1.0,2.0,2.0,2.0,1.0,1.0,1.0,1.0,2.0,1.0,1.0,2.0,1.0,1.0,2.0,1.0,1.0,1.0,1.0,1.0,2.0,2.0,1.0,2.0,1.0,2.0,2.0,1.0,4.0,,,6.0,,,18.0,,2.0,,
pid_248,1.0,,,2.0,2.0,54.0,,,2.0,380.0,,,,70.0,2.0,,2.0,1.0,5.0,4.0,4.0,2.0,1.0,2.0,1.0,4.0,,5.0,,5.0,4.0,2.0,,,,4.0,,2.0,6.0,5.0,5.0,6.0,5.0,5.0,6.0,6.0,55.0,60.0,55.0,45.0,60.0,60.0,45.0,70.0,65.0,75.0,4.0,6.0,,,,,,,,,,,,1.0,1.0,1.0,1.0,1.0,1.0,1.0,2.0,2.0,1.0,2.0,1.0,1.0,2.0,1.0,2.0,1.0,1.0,1.0,1.0,1.0,2.0,1.0,1.0,1.0,2.0,1.0,1.0,1.0,1.0,1.0,2.0,1.0,1.0,1.0,1.0,2.0,1.0,2.0,1.0,1.0,2.0,1.0,2.0,1.0,1.0,,5.0,,,6.0,,18.0,,,,4.0
pid_249,1.0,,2.0,,,,1.0,54.0,2.0,380.0,,,,80.0,,2.0,2.0,2.0,5.0,4.0,4.0,4.0,1.0,4.0,2.0,4.0,2.0,,,,,,4.0,5.0,5.0,4.0,,1.0,7.0,5.0,5.0,5.0,5.0,6.0,6.0,6.0,60.0,60.0,55.0,45.0,55.0,65.0,45.0,75.0,65.0,75.0,4.0,6.0,,1.0,1.0,1.0,1.0,1.0,1.0,1.0,1.0,1.0,1.0,,,,,,,1.0,1.0,1.0,1.0,1.0,1.0,1.0,1.0,1.0,1.0,1.0,1.0,1.0,1.0,1.0,1.0,1.0,1.0,2.0,2.0,1.0,2.0,1.0,1.0,1.0,1.0,1.0,1.0,1.0,1.0,2.0,1.0,2.0,1.0,1.0,1.0,2.0,1.0,2.0,1.0,5.0,,,6.0,,,,0.0,2.0,,
pid_250,1.0,,,2.0,,,1.0,54.0,,,1.0,380.0,30.0,,,1.0,2.0,1.0,5.0,4.0,2.0,2.0,1.0,3.0,2.0,2.0,,,5.0,,,,3.0,5.0,5.0,4.0,,2.0,6.0,5.0,5.0,5.0,5.0,6.0,6.0,6.0,45.0,65.0,60.0,55.0,55.0,60.0,48.0,65.0,60.0,75.0,4.0,,7.0,,,,,,,,,,,1.0,1.0,1.0,1.0,1.0,1.0,1.0,1.0,2.0,1.0,2.0,2.0,2.0,1.0,1.0,1.0,2.0,1.0,2.0,2.0,2.0,1.0,1.0,2.0,1.0,2.0,2.0,1.0,1.0,2.0,2.0,1.0,2.0,2.0,2.0,2.0,1.0,2.0,1.0,2.0,2.0,1.0,1.0,1.0,1.0,1.0,,,5.0,,,6.0,,18.0,4.0,,
pid_251,1.0,,1.0,,,,1.0,54.0,2.0,379.0,,,60.0,,,2.0,4.0,5.0,1.0,1.0,5.0,5.0,4.0,5.0,5.0,5.0,,,5.0,5.0,5.0,3.0,,,,,6.0,2.0,7.0,5.0,5.0,5.0,5.0,5.0,6.0,6.0,55.0,58.0,42.0,48.0,58.0,63.0,50.0,68.0,65.0,75.0,4.0,6.0,,1.0,1.0,1.0,1.0,1.0,1.0,1.0,1.0,1.0,1.0,,,,,,,2.0,1.0,1.0,1.0,2.0,1.0,2.0,2.0,1.0,2.0,1.0,1.0,2.0,2.0,2.0,2.0,2.0,1.0,2.0,1.0,1.0,1.0,2.0,2.0,2.0,2.0,2.0,1.0,2.0,2.0,1.0,1.0,2.0,2.0,2.0,2.0,2.0,2.0,2.0,2.0,,,5.0,,,6.0,,18.0,1.0,,
pid_252,1.0,,1.0,,,,1.0,30.0,,,1.0,350.0,,70.0,,1.0,4.0,5.0,1.0,1.0,5.0,5.0,4.0,5.0,5.0,5.0,,,5.0,,,,4.0,5.0,5.0,,4.0,1.0,6.0,3.0,5.0,5.0,5.0,5.0,6.0,6.0,55.0,55.0,45.0,50.0,60.0,58.0,50.0,70.0,65.0,75.0,4.0,,6.0,1.0,1.0,1.0,1.0,1.0,1.0,1.0,1.0,1.0,1.0,,,,,,,2.0,1.0,2.0,1.0,1.0,2.0,1.0,2.0,1.0,1.0,1.0,2.0,2.0,2.0,2.0,2.0,2.0,1.0,1.0,1.0,1.0,2.0,2.0,1.0,2.0,2.0,1.0,2.0,2.0,2.0,2.0,2.0,2.0,2.0,2.0,2.0,1.0,2.0,2.0,1.0,,,5.0,,,6.0,15.0,,,,4.0
pid_253,,1.0,2.0,,,,1.0,40.0,2.0,600.0,,,,85.0,,4.0,5.0,5.0,1.0,1.0,5.0,5.0,5.0,5.0,5.0,5.0,,,5.0,4.0,5.0,3.0,,,,6.0,,2.0,7.0,5.0,5.0,5.0,5.0,5.0,6.0,6.0,55.0,55.0,45.0,35.0,60.0,60.0,55.0,70.0,65.0,75.0,4.0,6.0,,,,,,,,,,,,1.0,1.0,1.0,1.0,1.0,1.0,1.0,2.0,1.0,2.0,1.0,1.0,1.0,2.0,2.0,1.0,1.0,2.0,2.0,1.0,2.0,2.0,1.0,1.0,2.0,2.0,2.0,2.0,2.0,1.0,1.0,1.0,2.0,2.0,2.0,1.0,2.0,1.0,1.0,2.0,2.0,2.0,2.0,2.0,1.0,2.0,,,4.0,,,6.0,18.0,,,,3.0
pid_254,,1.0,2.0,,2.0,54.0,,,,,1.0,300.0,30.0,,,4.0,2.0,1.0,5.0,4.0,3.0,2.0,1.0,2.0,1.0,2.0,1.0,,,,,,4.0,5.0,5.0,4.0,,1.0,7.0,5.0,5.0,5.0,5.0,5.0,6.0,6.0,40.0,65.0,55.0,45.0,45.0,45.0,40.0,65.0,55.0,70.0,4.0,6.0,,1.0,1.0,1.0,1.0,1.0,1.0,1.0,1.0,1.0,1.0,,,,,,,2.0,1.0,2.0,1.0,1.0,2.0,2.0,1.0,2.0,1.0,2.0,1.0,1.0,1.0,2.0,2.0,1.0,2.0,1.0,1.0,1.0,2.0,1.0,2.0,2.0,2.0,1.0,2.0,2.0,1.0,1.0,2.0,1.0,2.0,2.0,1.0,1.0,2.0,1.0,2.0,4.0,,,6.0,,,,10.0,,,3.0
pid_255,,1.0,1.0,,2.0,54.0,,,,,1.0,379.0,30.0,,2.0,,5.0,5.0,1.0,1.0,5.0,5.0,4.0,5.0,5.0,5.0,1.0,,,,,,4.0,4.0,3.0,,6.0,2.0,7.0,3.0,5.0,5.0,5.0,5.0,6.0,6.0,55.0,60.0,40.0,35.0,60.0,65.0,55.0,70.0,65.0,75.0,4.0,6.0,,1.0,1.0,1.0,1.0,1.0,1.0,1.0,1.0,1.0,1.0,,,,,,,2.0,2.0,2.0,1.0,2.0,2.0,2.0,1.0,1.0,2.0,2.0,2.0,1.0,2.0,2.0,2.0,2.0,2.0,2.0,2.0,2.0,2.0,2.0,2.0,2.0,2.0,1.0,2.0,2.0,2.0,2.0,1.0,1.0,1.0,2.0,1.0,2.0,1.0,2.0,1.0,5.0,,,6.0,,,,20.0,2.0,,
pid_256,1.0,,,2.0,,,1.0,30.0,,,1.0,120.0,,85.0,,2.0,2.0,2.0,5.0,4.0,4.0,2.0,1.0,4.0,2.0,4.0,,5.0,,4.0,5.0,3.0,,,,6.0,,2.0,6.0,5.0,5.0,3.0,3.0,5.0,6.0,6.0,55.0,52.0,60.0,55.0,60.0,58.0,50.0,65.0,62.0,78.0,4.0,7.0,,1.0,1.0,1.0,1.0,1.0,1.0,1.0,1.0,1.0,1.0,,,,,,,2.0,1.0,2.0,1.0,2.0,2.0,1.0,2.0,1.0,2.0,1.0,1.0,1.0,2.0,1.0,2.0,1.0,1.0,2.0,2.0,1.0,1.0,2.0,1.0,2.0,1.0,1.0,2.0,2.0,2.0,2.0,2.0,1.0,1.0,2.0,1.0,1.0,1.0,2.0,1.0,,4.0,,,6.0,,,2.0,,6.0,
pid_257,1.0,,,2.0,2.0,54.0,,,2.0,380.0,,,40.0,,2.0,,2.0,1.0,5.0,4.0,2.0,2.0,1.0,2.0,2.0,3.0,,5.0,,,,,4.0,5.0,3.0,,4.0,2.0,6.0,5.0,5.0,5.0,5.0,5.0,6.0,6.0,55.0,48.0,58.0,52.0,60.0,58.0,48.0,68.0,62.0,75.0,4.0,,6.0,1.0,1.0,1.0,1.0,1.0,1.0,1.0,1.0,1.0,1.0,,,,,,,1.0,1.0,1.0,2.0,1.0,2.0,1.0,2.0,2.0,2.0,2.0,2.0,1.0,2.0,1.0,1.0,1.0,1.0,1.0,1.0,2.0,2.0,2.0,2.0,2.0,2.0,2.0,1.0,2.0,2.0,2.0,2.0,1.0,1.0,1.0,1.0,1.0,2.0,2.0,1.0,,4.0,,,6.0,,17.0,,,,3.0
pid_258,1.0,,,2.0,2.0,54.0,,,,,1.0,380.0,,70.0,,2.0,1.0,1.0,5.0,5.0,1.0,2.0,1.0,2.0,1.0,2.0,,5.0,,,,,2.0,3.0,5.0,,4.0,1.0,6.0,3.0,5.0,5.0,3.0,5.0,6.0,5.0,50.0,55.0,65.0,45.0,55.0,55.0,45.0,65.0,60.0,70.0,4.0,,6.0,1.0,1.0,1.0,1.0,1.0,1.0,1.0,1.0,1.0,1.0,,,,,,,2.0,2.0,2.0,1.0,1.0,1.0,2.0,2.0,1.0,2.0,2.0,2.0,2.0,2.0,2.0,2.0,1.0,2.0,2.0,1.0,2.0,2.0,1.0,2.0,2.0,2.0,2.0,2.0,1.0,2.0,2.0,1.0,1.0,1.0,2.0,2.0,1.0,2.0,2.0,2.0,,4.0,,,5.0,,15.0,,,,2.0
pid_259,,2.0,2.0,,,,1.0,54.0,,,1.0,379.0,30.0,,,2.0,4.0,5.0,2.0,1.0,5.0,5.0,2.0,5.0,4.0,5.0,4.0,,,5.0,5.0,3.0,,,,6.0,,1.0,7.0,5.0,5.0,5.0,3.0,5.0,6.0,6.0,60.0,65.0,55.0,40.0,65.0,65.0,55.0,70.0,65.0,75.0,4.0,6.0,,1.0,1.0,1.0,1.0,1.0,1.0,1.0,1.0,1.0,1.0,,,,,,,2.0,1.0,1.0,1.0,2.0,1.0,1.0,2.0,2.0,1.0,1.0,2.0,2.0,2.0,2.0,2.0,1.0,2.0,1.0,1.0,2.0,2.0,2.0,2.0,1.0,2.0,2.0,2.0,1.0,2.0,1.0,1.0,1.0,2.0,1.0,2.0,1.0,2.0,1.0,1.0,5.0,,,6.0,,,,5.0,,9.0,
pid_260,1.0,,,2.0,,,1.0,54.0,,,1.0,379.0,,85.0,1.0,,2.0,1.0,5.0,5.0,3.0,2.0,1.0,2.0,2.0,2.0,2.0,,,,,,4.0,5.0,3.0,4.0,,2.0,6.0,5.0,5.0,6.0,5.0,6.0,6.0,6.0,45.0,65.0,65.0,55.0,55.0,50.0,45.0,60.0,60.0,70.0,4.0,6.0,,1.0,1.0,1.0,1.0,1.0,1.0,1.0,1.0,1.0,1.0,,,,,,,2.0,2.0,2.0,1.0,1.0,2.0,2.0,2.0,2.0,1.0,2.0,1.0,2.0,1.0,1.0,2.0,1.0,1.0,1.0,2.0,2.0,1.0,2.0,1.0,1.0,2.0,1.0,2.0,1.0,2.0,1.0,2.0,1.0,1.0,2.0,1.0,1.0,2.0,2.0,1.0,5.0,,,6.0,,,18.0,,,9.0,
pid_261,,1.0,1.0,,,,1.0,54.0,2.0,380.0,,,,70.0,2.0,,2.0,1.0,5.0,4.0,3.0,2.0,1.0,4.0,2.0,4.0,2.0,,,,,,4.0,3.0,5.0,,4.0,2.0,6.0,5.0,5.0,5.0,5.0,5.0,6.0,6.0,55.0,60.0,65.0,55.0,60.0,58.0,50.0,70.0,65.0,75.0,4.0,,7.0,,,,,,,,,,,1.0,1.0,1.0,1.0,1.0,1.0,1.0,1.0,2.0,2.0,1.0,2.0,1.0,1.0,2.0,1.0,1.0,1.0,2.0,2.0,1.0,2.0,1.0,2.0,1.0,2.0,1.0,1.0,2.0,2.0,1.0,2.0,1.0,2.0,2.0,1.0,1.0,1.0,1.0,1.0,1.0,2.0,2.0,2.0,1.0,1.0,4.0,,,6.0,,,18.0,,,,4.0
pid_262,1.0,,1.0,,,,1.0,54.0,2.0,379.0,,,30.0,,,1.0,2.0,1.0,5.0,4.0,2.0,2.0,1.0,3.0,1.0,2.0,,5.0,,,,,4.0,5.0,5.0,,4.0,1.0,6.0,5.0,5.0,5.0,5.0,5.0,6.0,6.0,45.0,65.0,55.0,50.0,50.0,45.0,45.0,65.0,60.0,75.0,4.0,7.0,,1.0,1.0,1.0,1.0,1.0,1.0,1.0,1.0,1.0,1.0,,,,,,,1.0,2.0,1.0,2.0,1.0,2.0,2.0,1.0,1.0,1.0,1.0,1.0,1.0,2.0,1.0,2.0,1.0,2.0,2.0,1.0,2.0,1.0,1.0,1.0,1.0,2.0,1.0,1.0,2.0,2.0,1.0,2.0,2.0,2.0,1.0,1.0,2.0,2.0,1.0,2.0,,4.0,,,5.0,,,0.0,,,3.0
pid_263,1.0,,,1.0,2.0,54.0,,,,,1.0,380.0,,70.0,,1.0,2.0,1.0,5.0,4.0,4.0,4.0,1.0,2.0,1.0,4.0,,5.0,,,,,4.0,5.0,5.0,6.0,,1.0,6.0,5.0,5.0,6.0,3.0,6.0,6.0,5.0,45.0,62.0,68.0,48.0,55.0,58.0,48.0,65.0,60.0,72.0,4.0,,7.0,1.0,1.0,1.0,1.0,1.0,1.0,1.0,1.0,1.0,1.0,,,,,,,1.0,2.0,2.0,2.0,1.0,2.0,1.0,2.0,1.0,1.0,2.0,2.0,1.0,1.0,2.0,2.0,1.0,1.0,1.0,2.0,2.0,1.0,1.0,1.0,2.0,2.0,2.0,2.0,1.0,1.0,2.0,1.0,1.0,1.0,2.0,1.0,1.0,2.0,1.0,1.0,,5.0,,,6.0,,18.0,,,9.0,
pid_264,1.0,,1.0,,,,1.0,54.0,,,1.0,380.0,,70.0,2.0,,5.0,5.0,1.0,1.0,5.0,5.0,4.0,5.0,5.0,5.0,,5.0,,4.0,5.0,3.0,,,,4.0,,1.0,7.0,3.0,5.0,5.0,3.0,5.0,6.0,6.0,55.0,60.0,43.0,42.0,52.0,58.0,48.0,68.0,65.0,78.0,4.0,,7.0,,,,,,,,,,,1.0,1.0,1.0,1.0,1.0,1.0,1.0,2.0,1.0,1.0,1.0,2.0,2.0,2.0,2.0,2.0,1.0,2.0,1.0,2.0,2.0,2.0,1.0,1.0,2.0,2.0,2.0,2.0,2.0,2.0,1.0,2.0,2.0,2.0,2.0,2.0,1.0,1.0,1.0,2.0,1.0,2.0,1.0,1.0,2.0,2.0,,5.0,,,6.0,,,18.0,,9.0,
pid_265,,1.0,1.0,,2.0,54.0,,,2.0,379.0,,,,75.0,,2.0,4.0,5.0,2.0,1.0,5.0,5.0,4.0,5.0,5.0,5.0,,5.0,,4.0,5.0,2.0,,,,,4.0,1.0,6.0,5.0,5.0,5.0,3.0,5.0,6.0,6.0,55.0,65.0,45.0,40.0,60.0,65.0,50.0,70.0,65.0,80.0,4.0,,6.0,1.0,1.0,1.0,1.0,1.0,1.0,1.0,1.0,1.0,1.0,,,,,,,1.0,1.0,1.0,1.0,2.0,2.0,1.0,2.0,2.0,2.0,2.0,2.0,2.0,2.0,1.0,1.0,2.0,1.0,1.0,1.0,1.0,2.0,1.0,2.0,2.0,1.0,2.0,2.0,2.0,2.0,2.0,1.0,1.0,2.0,2.0,2.0,2.0,2.0,2.0,2.0,,5.0,,,6.0,,17.0,,,,3.0
pid_266,1.0,,,2.0,2.0,54.0,,,,,1.0,379.0,,85.0,4.0,,4.0,4.0,3.0,2.0,4.0,4.0,2.0,4.0,4.0,4.0,,5.0,,,,,4.0,5.0,4.0,4.0,,2.0,7.0,5.0,5.0,5.0,5.0,5.0,6.0,6.0,60.0,60.0,45.0,40.0,58.0,57.0,55.0,70.0,65.0,75.0,4.0,6.0,,1.0,1.0,1.0,1.0,1.0,1.0,1.0,1.0,1.0,1.0,,,,,,,1.0,2.0,1.0,2.0,2.0,1.0,2.0,1.0,2.0,1.0,1.0,2.0,1.0,2.0,1.0,1.0,1.0,2.0,1.0,1.0,2.0,1.0,1.0,1.0,2.0,2.0,1.0,1.0,2.0,2.0,1.0,1.0,1.0,2.0,1.0,2.0,1.0,2.0,2.0,1.0,,4.0,,,6.0,,18.0,,,6.0,
pid_267,1.0,,1.0,,,,1.0,54.0,2.0,350.0,,,30.0,,,1.0,5.0,5.0,2.0,2.0,5.0,5.0,4.0,5.0,5.0,5.0,,,5.0,,,,4.0,5.0,5.0,,4.0,1.0,7.0,5.0,5.0,6.0,5.0,5.0,6.0,6.0,60.0,65.0,45.0,40.0,65.0,65.0,55.0,75.0,70.0,80.0,4.0,7.0,,1.0,1.0,1.0,1.0,1.0,1.0,1.0,1.0,1.0,1.0,,,,,,,1.0,1.0,1.0,1.0,2.0,2.0,2.0,1.0,1.0,2.0,1.0,1.0,2.0,1.0,1.0,2.0,2.0,1.0,2.0,2.0,2.0,2.0,1.0,1.0,2.0,2.0,1.0,1.0,2.0,2.0,1.0,1.0,1.0,2.0,1.0,2.0,1.0,1.0,1.0,1.0,,,5.0,,,6.0,18.0,,,,3.0
pid_268,,1.0,1.0,,,,1.0,54.0,,,1.0,380.0,30.0,,3.0,,5.0,5.0,1.0,1.0,5.0,5.0,4.0,5.0,5.0,5.0,,5.0,,,,,4.0,4.0,5.0,6.0,,2.0,7.0,5.0,5.0,3.0,3.0,5.0,6.0,6.0,55.0,65.0,40.0,35.0,60.0,65.0,50.0,75.0,65.0,80.0,4.0,6.0,,,,,,,,,,,,1.0,1.0,1.0,1.0,1.0,1.0,2.0,2.0,2.0,1.0,1.0,1.0,2.0,2.0,1.0,2.0,1.0,2.0,2.0,2.0,2.0,2.0,2.0,2.0,2.0,2.0,2.0,1.0,1.0,2.0,1.0,1.0,1.0,1.0,2.0,2.0,2.0,1.0,2.0,2.0,2.0,1.0,2.0,1.0,2.0,2.0,,5.0,,,6.0,,,20.0,1.0,,
pid_269,1.0,,2.0,,,,1.0,20.0,,,1.0,120.0,,70.0,,3.0,4.0,5.0,1.0,2.0,5.0,5.0,4.0,5.0,5.0,5.0,2.0,,,,,,4.0,5.0,5.0,6.0,,2.0,6.0,5.0,5.0,3.0,5.0,6.0,6.0,6.0,65.0,60.0,40.0,35.0,60.0,65.0,55.0,75.0,70.0,80.0,4.0,6.0,,,,,,,,,,,,1.0,1.0,1.0,1.0,1.0,1.0,1.0,2.0,2.0,1.0,1.0,2.0,2.0,2.0,1.0,2.0,1.0,1.0,2.0,2.0,2.0,2.0,1.0,2.0,2.0,2.0,1.0,1.0,2.0,1.0,2.0,1.0,2.0,2.0,2.0,1.0,1.0,1.0,2.0,1.0,1.0,2.0,2.0,1.0,1.0,1.0,5.0,,,6.0,,,,10.0,,9.0,
pid_270,,2.0,,2.0,2.0,54.0,,,2.0,380.0,,,,80.0,2.0,,4.0,5.0,1.0,1.0,5.0,5.0,4.0,5.0,5.0,5.0,,,5.0,4.0,5.0,3.0,,,,,4.0,2.0,7.0,5.0,6.0,5.0,5.0,5.0,6.0,6.0,55.0,55.0,42.0,35.0,60.0,58.0,48.0,70.0,65.0,75.0,4.0,7.0,,,,,,,,,,,,1.0,1.0,1.0,1.0,1.0,1.0,2.0,2.0,2.0,2.0,2.0,2.0,1.0,2.0,2.0,2.0,2.0,2.0,2.0,2.0,1.0,2.0,1.0,2.0,1.0,1.0,1.0,1.0,1.0,2.0,1.0,2.0,2.0,1.0,2.0,2.0,2.0,2.0,1.0,1.0,1.0,1.0,2.0,2.0,1.0,2.0,,,5.0,,,6.0,18.0,,,,6.0
pid_271,1.0,,,2.0,2.0,54.0,,,,,1.0,380.0,,70.0,1.0,,4.0,5.0,1.0,1.0,5.0,5.0,4.0,5.0,5.0,5.0,,5.0,,,,,4.0,5.0,5.0,,4.0,2.0,7.0,5.0,6.0,5.0,5.0,6.0,6.0,6.0,55.0,55.0,35.0,40.0,60.0,60.0,55.0,70.0,65.0,75.0,4.0,,6.0,1.0,1.0,1.0,1.0,1.0,1.0,1.0,1.0,1.0,1.0,,,,,,,1.0,1.0,1.0,1.0,2.0,2.0,1.0,2.0,1.0,1.0,2.0,1.0,2.0,2.0,2.0,1.0,1.0,2.0,2.0,1.0,2.0,1.0,2.0,1.0,2.0,2.0,2.0,1.0,1.0,2.0,2.0,1.0,1.0,1.0,1.0,1.0,2.0,1.0,2.0,1.0,,5.0,,,6.0,,18.0,,,,3.0
pid_272,,2.0,,2.0,,,1.0,54.0,2.0,380.0,,,,75.0,,3.0,4.0,5.0,1.0,1.0,5.0,5.0,4.0,5.0,5.0,5.0,1.0,,,4.0,5.0,3.0,,,,,4.0,2.0,7.0,5.0,5.0,5.0,3.0,5.0,6.0,6.0,65.0,65.0,40.0,35.0,60.0,65.0,50.0,75.0,65.0,75.0,4.0,,7.0,1.0,1.0,1.0,1.0,1.0,1.0,1.0,1.0,1.0,1.0,,,,,,,2.0,2.0,1.0,2.0,1.0,2.0,2.0,2.0,2.0,1.0,1.0,1.0,2.0,1.0,2.0,2.0,1.0,1.0,1.0,1.0,2.0,1.0,1.0,1.0,1.0,2.0,2.0,2.0,2.0,1.0,1.0,1.0,2.0,1.0,2.0,1.0,2.0,1.0,2.0,2.0,4.0,,,6.0,,,18.0,,3.0,,
pid_273,,1.0,1.0,,,,1.0,20.0,2.0,400.0,,,30.0,,2.0,,2.0,1.0,5.0,4.0,2.0,2.0,1.0,4.0,2.0,4.0,2.0,,,4.0,5.0,3.0,,,,4.0,,2.0,6.0,5.0,5.0,5.0,5.0,5.0,6.0,6.0,55.0,55.0,55.0,50.0,60.0,60.0,45.0,65.0,65.0,75.0,4.0,6.0,,1.0,1.0,1.0,1.0,1.0,1.0,1.0,1.0,1.0,1.0,,,,,,,2.0,1.0,1.0,2.0,1.0,2.0,1.0,2.0,2.0,2.0,2.0,1.0,2.0,2.0,1.0,2.0,1.0,2.0,1.0,2.0,2.0,2.0,2.0,1.0,2.0,2.0,2.0,1.0,2.0,1.0,2.0,1.0,1.0,1.0,1.0,2.0,1.0,1.0,2.0,2.0,5.0,,,6.0,,,18.0,,1.0,,
pid_274,,1.0,,1.0,,,1.0,30.0,2.0,500.0,,,70.0,,,1.0,2.0,1.0,5.0,4.0,4.0,2.0,1.0,4.0,1.0,4.0,,,4.0,,,,4.0,5.0,5.0,4.0,,1.0,7.0,5.0,5.0,6.0,5.0,6.0,6.0,6.0,50.0,65.0,60.0,45.0,55.0,60.0,55.0,70.0,65.0,75.0,4.0,6.0,,1.0,1.0,1.0,1.0,1.0,1.0,1.0,1.0,1.0,1.0,,,,,,,2.0,2.0,1.0,1.0,2.0,2.0,1.0,1.0,1.0,1.0,2.0,1.0,2.0,2.0,1.0,1.0,2.0,1.0,1.0,1.0,1.0,2.0,1.0,2.0,2.0,2.0,2.0,1.0,1.0,2.0,1.0,2.0,2.0,1.0,1.0,1.0,2.0,2.0,1.0,1.0,,,5.0,,,6.0,,12.0,,6.0,
pid_275,,1.0,,2.0,,,1.0,54.0,,,1.0,379.0,,70.0,2.0,,4.0,5.0,1.0,1.0,5.0,5.0,4.0,5.0,5.0,5.0,2.0,,,,,,4.0,3.0,2.0,,4.0,2.0,6.0,3.0,5.0,5.0,5.0,5.0,6.0,6.0,55.0,60.0,45.0,35.0,60.0,65.0,50.0,75.0,65.0,80.0,4.0,,6.0,1.0,1.0,1.0,1.0,1.0,1.0,1.0,1.0,1.0,1.0,,,,,,,1.0,2.0,2.0,2.0,2.0,2.0,2.0,1.0,2.0,1.0,2.0,1.0,2.0,2.0,2.0,1.0,2.0,2.0,2.0,1.0,2.0,2.0,1.0,2.0,1.0,2.0,1.0,2.0,2.0,2.0,2.0,1.0,1.0,1.0,1.0,2.0,2.0,2.0,1.0,1.0,5.0,,,6.0,,,,20.0,,6.0,
pid_276,1.0,,1.0,,,,1.0,30.0,2.0,300.0,,,30.0,,,2.0,4.0,4.0,4.0,2.0,4.0,4.0,2.0,4.0,4.0,4.0,,,5.0,5.0,5.0,,,,,4.0,,2.0,7.0,3.0,5.0,5.0,5.0,5.0,6.0,6.0,55.0,60.0,55.0,40.0,65.0,60.0,50.0,70.0,65.0,75.0,4.0,6.0,,,,,,,,,,,,1.0,1.0,1.0,1.0,1.0,1.0,1.0,2.0,1.0,1.0,2.0,2.0,2.0,1.0,1.0,2.0,1.0,2.0,2.0,1.0,1.0,1.0,2.0,1.0,2.0,2.0,1.0,1.0,2.0,1.0,2.0,2.0,2.0,1.0,1.0,2.0,1.0,2.0,1.0,2.0,1.0,2.0,1.0,1.0,2.0,1.0,,,5.0,,,6.0,,0.0,,6.0,
pid_277,,1.0,,2.0,2.0,54.0,,,2.0,379.0,,,,80.0,4.0,,2.0,2.0,5.0,4.0,4.0,2.0,1.0,4.0,2.0,4.0,,5.0,,4.0,5.0,3.0,,,,6.0,,2.0,6.0,5.0,5.0,5.0,3.0,5.0,6.0,6.0,55.0,65.0,55.0,45.0,60.0,60.0,45.0,70.0,65.0,75.0,4.0,,6.0,1.0,1.0,1.0,1.0,1.0,1.0,1.0,1.0,1.0,1.0,,,,,,,1.0,2.0,2.0,1.0,1.0,1.0,1.0,1.0,1.0,2.0,1.0,2.0,1.0,1.0,1.0,2.0,1.0,2.0,1.0,1.0,1.0,2.0,1.0,1.0,2.0,1.0,2.0,2.0,1.0,2.0,2.0,2.0,2.0,1.0,1.0,1.0,1.0,1.0,1.0,2.0,,4.0,,,6.0,,,20.0,3.0,,
pid_278,1.0,,,2.0,,,1.0,54.0,,,1.0,380.0,,85.0,1.0,,5.0,5.0,1.0,1.0,5.0,5.0,4.0,5.0,5.0,5.0,,5.0,,,,,4.0,5.0,4.0,,4.0,2.0,7.0,5.0,5.0,5.0,3.0,5.0,6.0,6.0,65.0,60.0,45.0,35.0,60.0,62.0,55.0,72.0,68.0,80.0,4.0,,6.0,,,,,,,,,,,1.0,1.0,1.0,1.0,1.0,1.0,2.0,1.0,2.0,2.0,2.0,2.0,2.0,2.0,1.0,1.0,1.0,2.0,2.0,1.0,1.0,2.0,2.0,2.0,2.0,2.0,2.0,1.0,1.0,1.0,2.0,1.0,1.0,1.0,2.0,2.0,2.0,2.0,1.0,1.0,2.0,1.0,2.0,1.0,1.0,2.0,,5.0,,,6.0,,,20.0,3.0,,
pid_279,,1.0,1.0,,,,1.0,54.0,2.0,400.0,,,,65.0,,3.0,4.0,5.0,1.0,1.0,5.0,5.0,4.0,5.0,5.0,5.0,4.0,,,,,,3.0,4.0,5.0,,4.0,1.0,7.0,3.0,5.0,5.0,5.0,6.0,6.0,6.0,55.0,60.0,45.0,35.0,60.0,65.0,55.0,70.0,65.0,75.0,4.0,,6.0,1.0,1.0,1.0,1.0,1.0,1.0,1.0,1.0,1.0,1.0,,,,,,,2.0,2.0,2.0,1.0,2.0,1.0,2.0,2.0,2.0,1.0,2.0,2.0,2.0,2.0,1.0,2.0,1.0,1.0,1.0,1.0,2.0,1.0,2.0,2.0,2.0,1.0,2.0,2.0,2.0,1.0,2.0,1.0,2.0,2.0,2.0,2.0,2.0,1.0,1.0,1.0,,,,6.0,,,18.0,,,,3.0
pid_280,1.0,,,2.0,2.0,54.0,,,2.0,380.0,,,,70.0,3.0,,5.0,5.0,1.0,1.0,5.0,5.0,4.0,5.0,5.0,5.0,1.0,,,,,,4.0,5.0,5.0,,6.0,1.0,6.0,3.0,5.0,5.0,3.0,5.0,6.0,6.0,65.0,65.0,45.0,35.0,60.0,65.0,55.0,75.0,70.0,80.0,4.0,,7.0,1.0,1.0,1.0,1.0,1.0,1.0,1.0,1.0,1.0,1.0,,,,,,,1.0,1.0,1.0,1.0,2.0,2.0,2.0,2.0,1.0,2.0,1.0,2.0,1.0,2.0,2.0,1.0,2.0,2.0,1.0,1.0,1.0,2.0,1.0,2.0,2.0,1.0,2.0,1.0,2.0,2.0,2.0,2.0,2.0,2.0,1.0,2.0,2.0,1.0,2.0,2.0,5.0,,,6.0,,,18.0,,,,4.0
pid_281,,1.0,1.0,,,,1.0,54.0,2.0,380.0,,,40.0,,,3.0,4.0,4.0,2.0,1.0,5.0,4.0,2.0,5.0,5.0,5.0,,,5.0,4.0,5.0,3.0,,,,,4.0,2.0,7.0,3.0,5.0,5.0,3.0,5.0,6.0,6.0,55.0,62.0,42.0,38.0,60.0,58.0,48.0,72.0,68.0,76.0,4.0,6.0,,,,,,,,,,,,1.0,1.0,1.0,1.0,1.0,1.0,2.0,2.0,1.0,1.0,1.0,1.0,2.0,2.0,2.0,1.0,2.0,1.0,2.0,2.0,2.0,2.0,1.0,2.0,2.0,1.0,2.0,1.0,1.0,2.0,1.0,2.0,2.0,2.0,2.0,2.0,1.0,1.0,2.0,1.0,1.0,2.0,1.0,1.0,1.0,1.0,,,4.0,,,5.0,16.0,,,,3.0
pid_282,,1.0,,2.0,,,1.0,54.0,2.0,380.0,,,,70.0,,1.0,5.0,5.0,1.0,1.0,5.0,5.0,5.0,5.0,5.0,5.0,4.0,,,,,,4.0,5.0,5.0,,4.0,1.0,7.0,5.0,5.0,5.0,3.0,5.0,6.0,6.0,60.0,60.0,45.0,40.0,65.0,65.0,55.0,75.0,70.0,80.0,4.0,6.0,,1.0,1.0,1.0,1.0,1.0,1.0,1.0,1.0,1.0,1.0,,,,,,,2.0,1.0,1.0,1.0,1.0,2.0,2.0,1.0,2.0,1.0,1.0,1.0,1.0,1.0,2.0,1.0,2.0,1.0,2.0,1.0,1.0,2.0,2.0,1.0,1.0,1.0,1.0,2.0,2.0,2.0,1.0,2.0,2.0,1.0,1.0,1.0,1.0,1.0,1.0,1.0,5.0,,,6.0,,,,0.0,3.0,,
pid_283,,1.0,1.0,,2.0,54.0,,,2.0,380.0,,,70.0,,,2.0,4.0,1.0,5.0,4.0,4.0,4.0,1.0,3.0,2.0,4.0,,,5.0,,,,4.0,5.0,5.0,4.0,,2.0,6.0,5.0,5.0,3.0,3.0,5.0,6.0,6.0,55.0,55.0,60.0,50.0,65.0,60.0,45.0,65.0,65.0,75.0,4.0,,7.0,1.0,1.0,1.0,1.0,1.0,1.0,1.0,1.0,1.0,1.0,,,,,,,1.0,2.0,1.0,1.0,2.0,2.0,2.0,2.0,2.0,2.0,1.0,2.0,2.0,1.0,1.0,2.0,2.0,2.0,2.0,1.0,1.0,1.0,1.0,2.0,1.0,1.0,1.0,2.0,1.0,2.0,1.0,1.0,2.0,1.0,2.0,2.0,1.0,2.0,1.0,1.0,,,5.0,,,6.0,,20.0,,,4.0
pid_284,,1.0,,2.0,2.0,54.0,,,2.0,379.0,,,30.0,,,3.0,4.0,5.0,2.0,2.0,5.0,4.0,2.0,5.0,4.0,4.0,,,5.0,,,,3.0,5.0,4.0,4.0,,1.0,7.0,5.0,5.0,5.0,3.0,5.0,6.0,6.0,55.0,65.0,45.0,40.0,60.0,65.0,55.0,70.0,65.0,75.0,4.0,7.0,,,,,,,,,,,,1.0,1.0,1.0,1.0,1.0,1.0,1.0,2.0,1.0,2.0,2.0,2.0,2.0,2.0,1.0,1.0,2.0,2.0,2.0,2.0,2.0,1.0,1.0,2.0,2.0,1.0,1.0,2.0,2.0,1.0,2.0,1.0,2.0,2.0,2.0,2.0,1.0,2.0,1.0,1.0,1.0,2.0,1.0,2.0,2.0,1.0,,,4.0,,,6.0,,20.0,,6.0,
pid_285,,1.0,1.0,,,,1.0,54.0,2.0,380.0,,,,80.0,,1.0,4.0,2.0,5.0,4.0,4.0,4.0,1.0,4.0,2.0,4.0,,,5.0,4.0,5.0,3.0,,,,,4.0,1.0,7.0,5.0,5.0,5.0,5.0,6.0,6.0,6.0,60.0,55.0,55.0,45.0,55.0,60.0,45.0,70.0,65.0,75.0,4.0,6.0,,,,,,,,,,,,1.0,1.0,1.0,1.0,1.0,1.0,2.0,1.0,1.0,1.0,1.0,2.0,1.0,2.0,1.0,1.0,1.0,2.0,2.0,1.0,2.0,1.0,2.0,2.0,1.0,2.0,2.0,1.0,2.0,1.0,1.0,2.0,1.0,1.0,1.0,1.0,1.0,1.0,1.0,2.0,1.0,1.0,2.0,1.0,2.0,1.0,,,5.0,,,6.0,15.0,,,,4.0
pid_286,,2.0,1.0,,2.0,54.0,,,2.0,380.0,,,,85.0,,2.0,2.0,1.0,5.0,4.0,4.0,2.0,1.0,4.0,1.0,4.0,,5.0,,,,,4.0,5.0,5.0,,6.0,2.0,6.0,3.0,5.0,5.0,5.0,6.0,6.0,5.0,55.0,55.0,65.0,58.0,60.0,58.0,48.0,68.0,65.0,75.0,4.0,6.0,,1.0,1.0,1.0,1.0,1.0,1.0,1.0,1.0,1.0,1.0,,,,,,,1.0,1.0,1.0,1.0,1.0,1.0,2.0,1.0,2.0,2.0,1.0,2.0,1.0,1.0,2.0,1.0,2.0,2.0,2.0,2.0,2.0,1.0,2.0,1.0,1.0,1.0,2.0,1.0,1.0,2.0,1.0,2.0,1.0,2.0,1.0,1.0,1.0,2.0,2.0,2.0,,5.0,,,6.0,,,20.0,,,4.0
pid_287,1.0,,,2.0,2.0,54.0,,,,,1.0,250.0,,70.0,,1.0,4.0,1.0,5.0,4.0,4.0,4.0,1.0,4.0,2.0,4.0,,,5.0,4.0,5.0,3.0,,,,,4.0,2.0,6.0,5.0,5.0,5.0,3.0,6.0,6.0,5.0,55.0,55.0,60.0,45.0,60.0,58.0,48.0,70.0,65.0,75.0,4.0,,7.0,1.0,1.0,1.0,1.0,1.0,1.0,1.0,1.0,1.0,1.0,,,,,,,2.0,2.0,2.0,1.0,2.0,2.0,1.0,1.0,1.0,2.0,2.0,2.0,1.0,1.0,2.0,2.0,1.0,1.0,2.0,1.0,2.0,1.0,2.0,2.0,1.0,1.0,2.0,1.0,2.0,1.0,2.0,1.0,2.0,1.0,2.0,1.0,2.0,1.0,1.0,1.0,,,5.0,,,6.0,,20.0,,,6.0
pid_288,,2.0,,1.0,,,1.0,54.0,2.0,380.0,,,,80.0,1.0,,4.0,5.0,1.0,1.0,5.0,5.0,5.0,5.0,5.0,5.0,2.0,,,5.0,5.0,2.0,,,,6.0,,1.0,6.0,5.0,5.0,3.0,5.0,6.0,6.0,6.0,55.0,60.0,45.0,40.0,60.0,65.0,55.0,75.0,70.0,80.0,4.0,,7.0,1.0,1.0,1.0,1.0,1.0,1.0,1.0,1.0,1.0,1.0,,,,,,,1.0,1.0,2.0,1.0,2.0,1.0,2.0,2.0,2.0,2.0,2.0,2.0,2.0,2.0,1.0,2.0,1.0,1.0,2.0,1.0,2.0,1.0,1.0,1.0,2.0,2.0,1.0,1.0,1.0,2.0,2.0,1.0,1.0,2.0,1.0,1.0,2.0,1.0,2.0,2.0,4.0,,,6.0,,,18.0,,,9.0,
pid_289,1.0,,,2.0,2.0,54.0,,,2.0,380.0,,,,70.0,3.0,,4.0,5.0,2.0,1.0,4.0,4.0,2.0,5.0,4.0,5.0,,5.0,,,,,4.0,5.0,3.0,,4.0,2.0,6.0,5.0,5.0,5.0,5.0,6.0,6.0,6.0,60.0,65.0,52.0,35.0,55.0,62.0,50.0,70.0,65.0,78.0,4.0,,6.0,,,,,,,,,,,1.0,1.0,1.0,1.0,1.0,1.0,2.0,2.0,2.0,2.0,2.0,1.0,2.0,1.0,2.0,1.0,2.0,2.0,1.0,1.0,1.0,2.0,1.0,1.0,1.0,1.0,1.0,1.0,1.0,1.0,2.0,2.0,1.0,2.0,2.0,1.0,1.0,2.0,1.0,2.0,1.0,1.0,1.0,1.0,2.0,2.0,,4.0,,,5.0,,,18.0,,,3.0
pid_290,,1.0,,2.0,,,1.0,54.0,2.0,380.0,,,40.0,,,3.0,5.0,5.0,1.0,1.0,5.0,5.0,5.0,5.0,5.0,5.0,,5.0,,4.0,5.0,3.0,,,,,4.0,2.0,7.0,5.0,5.0,3.0,5.0,6.0,6.0,6.0,55.0,65.0,40.0,35.0,60.0,58.0,55.0,75.0,65.0,80.0,4.0,,6.0,,,,,,,,,,,1.0,1.0,1.0,1.0,1.0,1.0,1.0,1.0,1.0,2.0,1.0,1.0,2.0,2.0,1.0,1.0,2.0,2.0,1.0,2.0,1.0,2.0,1.0,1.0,1.0,2.0,2.0,1.0,2.0,2.0,2.0,1.0,2.0,1.0,1.0,1.0,2.0,1.0,1.0,2.0,1.0,1.0,1.0,1.0,2.0,2.0,,4.0,,,5.0,,18.0,,,6.0,
pid_291,1.0,,,2.0,2.0,54.0,,,,,1.0,380.0,30.0,,,2.0,2.0,4.0,5.0,4.0,3.0,2.0,1.0,4.0,2.0,4.0,4.0,,,4.0,5.0,3.0,,,,,4.0,1.0,7.0,5.0,5.0,6.0,5.0,5.0,6.0,6.0,50.0,65.0,60.0,45.0,55.0,60.0,45.0,65.0,65.0,75.0,4.0,6.0,,,,,,,,,,,,1.0,1.0,1.0,1.0,1.0,1.0,1.0,1.0,1.0,2.0,2.0,1.0,2.0,1.0,2.0,2.0,1.0,1.0,1.0,2.0,1.0,2.0,2.0,1.0,1.0,2.0,1.0,1.0,1.0,2.0,1.0,2.0,1.0,2.0,1.0,1.0,1.0,2.0,1.0,1.0,1.0,1.0,1.0,2.0,1.0,2.0,4.0,,,6.0,,,,5.0,,,4.0
pid_292,1.0,,1.0,,2.0,54.0,,,,,1.0,380.0,,80.0,,2.0,4.0,5.0,2.0,1.0,5.0,5.0,4.0,5.0,5.0,5.0,,,5.0,5.0,4.0,3.0,,,,4.0,,2.0,7.0,5.0,5.0,5.0,5.0,5.0,6.0,6.0,55.0,60.0,45.0,35.0,60.0,65.0,50.0,70.0,65.0,75.0,4.0,,6.0,1.0,1.0,1.0,1.0,1.0,1.0,1.0,1.0,1.0,1.0,,,,,,,2.0,2.0,2.0,1.0,2.0,2.0,1.0,1.0,1.0,2.0,2.0,2.0,2.0,2.0,1.0,2.0,1.0,2.0,2.0,1.0,1.0,1.0,2.0,2.0,1.0,2.0,1.0,1.0,1.0,2.0,1.0,2.0,2.0,1.0,2.0,2.0,2.0,1.0,1.0,2.0,,,4.0,,,6.0,18.0,,2.0,,
pid_293,,2.0,2.0,,,,1.0,54.0,2.0,380.0,,,,70.0,,2.0,5.0,5.0,1.0,1.0,5.0,5.0,5.0,5.0,5.0,5.0,,5.0,,4.0,5.0,3.0,,,,4.0,,2.0,7.0,5.0,5.0,5.0,5.0,5.0,6.0,6.0,55.0,60.0,40.0,35.0,60.0,65.0,55.0,70.0,65.0,75.0,4.0,,7.0,1.0,1.0,1.0,1.0,1.0,1.0,1.0,1.0,1.0,1.0,,,,,,,1.0,2.0,2.0,2.0,1.0,1.0,1.0,1.0,1.0,1.0,1.0,2.0,2.0,1.0,2.0,2.0,1.0,2.0,1.0,2.0,1.0,2.0,1.0,2.0,1.0,2.0,2.0,2.0,1.0,2.0,1.0,1.0,2.0,1.0,1.0,2.0,1.0,2.0,2.0,2.0,,5.0,,,6.0,,,20.0,,9.0,
pid_294,,1.0,,2.0,,,1.0,54.0,2.0,380.0,,,60.0,,,3.0,4.0,5.0,1.0,1.0,5.0,5.0,4.0,5.0,5.0,5.0,,5.0,,4.0,5.0,3.0,,,,6.0,,1.0,6.0,3.0,5.0,5.0,5.0,6.0,6.0,6.0,55.0,60.0,45.0,40.0,60.0,65.0,55.0,75.0,70.0,75.0,4.0,,6.0,1.0,1.0,1.0,1.0,1.0,1.0,1.0,1.0,1.0,1.0,,,,,,,2.0,1.0,1.0,2.0,1.0,1.0,1.0,2.0,1.0,2.0,2.0,1.0,2.0,1.0,2.0,2.0,2.0,1.0,1.0,2.0,1.0,1.0,1.0,1.0,1.0,2.0,1.0,1.0,1.0,2.0,1.0,2.0,2.0,2.0,1.0,2.0,1.0,1.0,2.0,2.0,,5.0,,,6.0,,,18.0,3.0,,
pid_295,1.0,,2.0,,,,1.0,30.0,2.0,500.0,,,,70.0,,3.0,5.0,5.0,1.0,1.0,5.0,5.0,5.0,5.0,5.0,5.0,,,4.0,4.0,5.0,3.0,,,,,4.0,2.0,6.0,5.0,3.0,5.0,5.0,6.0,6.0,6.0,55.0,65.0,40.0,35.0,60.0,60.0,55.0,75.0,70.0,75.0,4.0,,6.0,1.0,1.0,1.0,1.0,1.0,1.0,1.0,1.0,1.0,1.0,,,,,,,1.0,2.0,1.0,2.0,1.0,1.0,1.0,2.0,1.0,2.0,1.0,2.0,1.0,2.0,2.0,2.0,2.0,2.0,1.0,2.0,2.0,2.0,2.0,1.0,2.0,2.0,2.0,2.0,2.0,1.0,1.0,1.0,2.0,2.0,1.0,2.0,2.0,1.0,1.0,2.0,,,5.0,,,6.0,,3.0,3.0,,
pid_296,1.0,,2.0,,2.0,54.0,,,2.0,380.0,,,40.0,,,5.0,2.0,4.0,5.0,4.0,4.0,2.0,1.0,4.0,2.0,4.0,,,5.0,,,,4.0,4.0,5.0,,4.0,2.0,6.0,5.0,5.0,5.0,5.0,5.0,6.0,6.0,45.0,65.0,55.0,52.0,58.0,60.0,48.0,72.0,70.0,78.0,4.0,6.0,,,,,,,,,,,,1.0,1.0,1.0,1.0,1.0,1.0,1.0,1.0,2.0,1.0,1.0,1.0,1.0,2.0,1.0,1.0,2.0,2.0,2.0,2.0,1.0,1.0,2.0,1.0,2.0,1.0,2.0,2.0,1.0,2.0,2.0,2.0,1.0,1.0,2.0,1.0,2.0,2.0,1.0,2.0,2.0,1.0,2.0,2.0,2.0,1.0,,,5.0,,,6.0,15.0,,,,3.0
pid_297,,2.0,,2.0,2.0,55.0,,,,,1.0,379.0,40.0,,,2.0,2.0,1.0,5.0,4.0,4.0,2.0,1.0,2.0,2.0,4.0,1.0,,,,,,3.0,4.0,5.0,,4.0,1.0,6.0,5.0,5.0,5.0,5.0,5.0,6.0,6.0,45.0,55.0,65.0,50.0,55.0,60.0,45.0,65.0,60.0,75.0,4.0,,6.0,1.0,1.0,1.0,1.0,1.0,1.0,1.0,1.0,1.0,1.0,,,,,,,1.0,1.0,2.0,2.0,2.0,2.0,1.0,1.0,1.0,2.0,2.0,2.0,1.0,2.0,2.0,2.0,2.0,1.0,2.0,1.0,1.0,1.0,2.0,2.0,1.0,1.0,2.0,2.0,2.0,2.0,1.0,2.0,2.0,2.0,2.0,1.0,1.0,1.0,2.0,1.0,4.0,,,6.0,,,18.0,,3.0,,
pid_298,,1.0,,2.0,2.0,54.0,,,,,1.0,380.0,30.0,,,3.0,4.0,1.0,5.0,4.0,4.0,4.0,1.0,4.0,2.0,4.0,4.0,,,,,,4.0,3.0,5.0,,4.0,1.0,7.0,5.0,5.0,6.0,5.0,6.0,6.0,6.0,55.0,70.0,60.0,50.0,60.0,65.0,55.0,75.0,65.0,80.0,4.0,,6.0,,,,,,,,,,,1.0,1.0,1.0,1.0,1.0,1.0,1.0,2.0,1.0,2.0,1.0,1.0,1.0,2.0,1.0,2.0,2.0,1.0,1.0,2.0,2.0,1.0,1.0,2.0,1.0,2.0,1.0,2.0,2.0,2.0,2.0,2.0,2.0,1.0,2.0,2.0,2.0,2.0,2.0,2.0,1.0,2.0,1.0,1.0,1.0,2.0,4.0,,,6.0,,,,0.0,,,3.0
pid_299,1.0,,1.0,,,,1.0,54.0,2.0,380.0,,,,70.0,,2.0,4.0,5.0,1.0,1.0,5.0,5.0,5.0,5.0,5.0,5.0,,,5.0,4.0,5.0,3.0,,,,5.0,,2.0,7.0,3.0,5.0,5.0,3.0,5.0,6.0,6.0,60.0,65.0,45.0,35.0,55.0,60.0,45.0,70.0,65.0,75.0,4.0,,6.0,,,,,,,,,,,1.0,1.0,1.0,1.0,1.0,1.0,1.0,1.0,1.0,2.0,2.0,1.0,1.0,1.0,2.0,2.0,1.0,2.0,1.0,1.0,1.0,2.0,2.0,2.0,2.0,1.0,1.0,1.0,1.0,2.0,2.0,2.0,1.0,2.0,2.0,2.0,2.0,2.0,2.0,2.0,1.0,2.0,1.0,1.0,2.0,2.0,,,5.0,,,6.0,20.0,,1.0,,
pid_300,1.0,,2.0,,2.0,54.0,,,2.0,380.0,,,30.0,,,4.0,4.0,4.0,2.0,2.0,5.0,4.0,2.0,5.0,4.0,5.0,4.0,,,4.0,5.0,3.0,,,,4.0,,2.0,7.0,5.0,5.0,5.0,5.0,5.0,6.0,6.0,55.0,58.0,50.0,42.0,60.0,62.0,48.0,70.0,65.0,75.0,4.0,6.0,,,,,,,,,,,,1.0,1.0,1.0,1.0,1.0,1.0,1.0,2.0,1.0,2.0,2.0,1.0,2.0,2.0,1.0,1.0,1.0,1.0,2.0,1.0,2.0,1.0,1.0,1.0,1.0,1.0,2.0,1.0,1.0,2.0,1.0,2.0,2.0,1.0,1.0,2.0,1.0,1.0,2.0,2.0,1.0,1.0,2.0,2.0,2.0,2.0,5.0,,,6.0,,,18.0,,,,3.0
pid_301,,2.0,,2.0,,,1.0,54.0,2.0,380.0,,,30.0,,3.0,,4.0,5.0,1.0,1.0,5.0,5.0,4.0,5.0,5.0,5.0,,,4.0,,,,4.0,3.0,5.0,,4.0,2.0,7.0,5.0,5.0,5.0,5.0,5.0,6.0,6.0,55.0,60.0,45.0,35.0,60.0,58.0,50.0,70.0,65.0,75.0,4.0,6.0,,,,,,,,,,,,1.0,1.0,1.0,1.0,1.0,1.0,1.0,2.0,2.0,2.0,2.0,1.0,1.0,1.0,2.0,2.0,1.0,2.0,1.0,2.0,1.0,1.0,1.0,1.0,2.0,2.0,2.0,1.0,2.0,2.0,1.0,2.0,2.0,1.0,1.0,2.0,1.0,1.0,2.0,2.0,2.0,1.0,1.0,1.0,2.0,2.0,,,5.0,,,6.0,15.0,,,9.0,
pid_302,,1.0,1.0,,2.0,54.0,,,2.0,380.0,,,30.0,,1.0,,4.0,5.0,5.0,4.0,5.0,5.0,2.0,4.0,2.0,4.0,,,5.0,,,,4.0,5.0,3.0,,4.0,2.0,7.0,5.0,5.0,6.0,5.0,5.0,6.0,6.0,55.0,65.0,55.0,45.0,60.0,65.0,50.0,70.0,65.0,75.0,4.0,,6.0,1.0,1.0,1.0,1.0,1.0,1.0,1.0,1.0,1.0,1.0,,,,,,,2.0,2.0,2.0,1.0,1.0,2.0,2.0,2.0,1.0,1.0,2.0,1.0,2.0,1.0,1.0,2.0,2.0,2.0,1.0,2.0,1.0,2.0,1.0,2.0,2.0,2.0,2.0,1.0,2.0,2.0,2.0,2.0,2.0,1.0,1.0,1.0,2.0,1.0,2.0,2.0,,,5.0,,,6.0,,20.0,2.0,,
pid_303,1.0,,1.0,,2.0,54.0,,,,,1.0,379.0,,70.0,,2.0,4.0,5.0,1.0,1.0,5.0,5.0,4.0,5.0,5.0,5.0,1.0,,,5.0,5.0,2.0,,,,,4.0,1.0,7.0,3.0,5.0,5.0,5.0,6.0,6.0,6.0,55.0,55.0,48.0,35.0,52.0,58.0,48.0,72.0,64.0,82.0,4.0,6.0,,,,,,,,,,,,1.0,1.0,1.0,1.0,1.0,1.0,2.0,2.0,2.0,2.0,2.0,1.0,1.0,2.0,1.0,1.0,2.0,1.0,2.0,1.0,2.0,1.0,1.0,2.0,2.0,2.0,2.0,2.0,1.0,2.0,1.0,1.0,1.0,2.0,2.0,1.0,1.0,2.0,2.0,2.0,2.0,1.0,1.0,2.0,1.0,2.0,5.0,,,6.0,,,18.0,,,9.0,
pid_304,,1.0,2.0,,,,1.0,54.0,,,1.0,380.0,,85.0,,3.0,4.0,5.0,1.0,1.0,5.0,5.0,4.0,5.0,5.0,5.0,1.0,,,,,,4.0,5.0,5.0,5.0,,2.0,7.0,5.0,5.0,3.0,5.0,5.0,6.0,6.0,55.0,55.0,45.0,40.0,60.0,65.0,55.0,70.0,65.0,75.0,4.0,,6.0,,,,,,,,,,,1.0,1.0,1.0,1.0,1.0,1.0,2.0,2.0,2.0,2.0,2.0,1.0,2.0,1.0,1.0,2.0,1.0,2.0,1.0,2.0,1.0,2.0,2.0,2.0,2.0,1.0,1.0,1.0,2.0,1.0,1.0,2.0,2.0,2.0,1.0,2.0,1.0,2.0,2.0,1.0,2.0,2.0,2.0,2.0,1.0,2.0,5.0,,,5.0,,,,20.0,,10.0,
pid_305,1.0,,,2.0,,,1.0,54.0,,,1.0,379.0,,70.0,,3.0,4.0,5.0,2.0,2.0,5.0,4.0,2.0,5.0,5.0,4.0,2.0,,,,,,3.0,4.0,5.0,,4.0,2.0,7.0,5.0,5.0,5.0,5.0,6.0,6.0,5.0,55.0,60.0,40.0,35.0,60.0,65.0,50.0,70.0,65.0,75.0,4.0,,6.0,,,,,,,,,,,1.0,1.0,1.0,1.0,1.0,1.0,2.0,1.0,1.0,1.0,1.0,2.0,1.0,2.0,1.0,1.0,2.0,2.0,1.0,1.0,1.0,1.0,1.0,1.0,1.0,2.0,1.0,1.0,1.0,1.0,1.0,1.0,2.0,2.0,1.0,1.0,1.0,1.0,1.0,1.0,2.0,1.0,1.0,2.0,1.0,1.0,4.0,,,5.0,,,,20.0,1.0,,
pid_306,,1.0,,2.0,2.0,54.0,,,2.0,380.0,,,60.0,,,3.0,4.0,5.0,1.0,1.0,5.0,5.0,4.0,5.0,5.0,5.0,4.0,,,,,,4.0,5.0,5.0,,4.0,2.0,7.0,3.0,6.0,5.0,5.0,5.0,6.0,6.0,55.0,60.0,40.0,45.0,60.0,65.0,55.0,70.0,65.0,75.0,4.0,,6.0,1.0,1.0,1.0,1.0,1.0,1.0,1.0,1.0,1.0,1.0,,,,,,,2.0,2.0,2.0,2.0,2.0,1.0,2.0,2.0,2.0,1.0,2.0,2.0,2.0,2.0,1.0,2.0,2.0,2.0,2.0,2.0,2.0,1.0,2.0,1.0,2.0,2.0,2.0,2.0,2.0,1.0,2.0,1.0,2.0,1.0,2.0,2.0,2.0,2.0,2.0,1.0,4.0,,,5.0,,,18.0,,1.0,,
pid_307,1.0,,,2.0,,,1.0,54.0,,,1.0,200.0,50.0,,2.0,,1.0,1.0,5.0,4.0,2.0,2.0,1.0,2.0,1.0,2.0,,5.0,,4.0,5.0,2.0,,,,,4.0,2.0,6.0,3.0,5.0,5.0,5.0,5.0,6.0,6.0,45.0,55.0,65.0,50.0,55.0,50.0,45.0,65.0,60.0,75.0,4.0,,6.0,1.0,1.0,1.0,1.0,1.0,1.0,1.0,1.0,1.0,1.0,,,,,,,1.0,1.0,2.0,2.0,2.0,1.0,2.0,1.0,2.0,2.0,1.0,1.0,1.0,1.0,1.0,1.0,1.0,1.0,2.0,1.0,1.0,2.0,2.0,2.0,2.0,1.0,1.0,1.0,2.0,2.0,2.0,2.0,1.0,1.0,1.0,1.0,1.0,2.0,2.0,1.0,,4.0,,,6.0,,15.0,,2.0,,
pid_308,1.0,,2.0,,,,1.0,54.0,,,1.0,380.0,,75.0,,5.0,5.0,5.0,1.0,1.0,5.0,5.0,4.0,5.0,5.0,5.0,,5.0,,,,,4.0,4.0,5.0,,4.0,1.0,6.0,3.0,5.0,5.0,5.0,6.0,6.0,6.0,55.0,55.0,45.0,40.0,52.0,60.0,50.0,70.0,65.0,75.0,4.0,,6.0,1.0,1.0,1.0,1.0,1.0,1.0,1.0,1.0,1.0,1.0,,,,,,,2.0,2.0,2.0,2.0,2.0,1.0,1.0,1.0,2.0,2.0,1.0,2.0,1.0,1.0,2.0,2.0,1.0,2.0,1.0,2.0,1.0,2.0,1.0,1.0,2.0,2.0,2.0,2.0,1.0,2.0,1.0,1.0,1.0,2.0,2.0,2.0,1.0,2.0,2.0,2.0,,5.0,,,6.0,,18.0,,,,3.0
pid_310,1.0,,1.0,,2.0,54.0,,,,,1.0,379.0,30.0,,,3.0,4.0,5.0,1.0,1.0,5.0,5.0,4.0,5.0,5.0,5.0,,5.0,,,,,3.0,5.0,3.0,,4.0,1.0,6.0,5.0,5.0,5.0,5.0,5.0,6.0,6.0,60.0,62.0,38.0,45.0,62.0,65.0,55.0,72.0,68.0,80.0,4.0,7.0,,1.0,1.0,1.0,1.0,1.0,1.0,1.0,1.0,1.0,1.0,,,,,,,1.0,2.0,1.0,1.0,1.0,2.0,1.0,1.0,2.0,2.0,2.0,2.0,2.0,2.0,1.0,2.0,1.0,1.0,1.0,2.0,2.0,2.0,1.0,1.0,2.0,2.0,2.0,1.0,1.0,2.0,1.0,2.0,2.0,2.0,2.0,2.0,2.0,1.0,1.0,2.0,,5.0,,,6.0,,,20.0,3.0,,
pid_311,1.0,,1.0,,,,1.0,54.0,2.0,380.0,,,,70.0,,2.0,4.0,5.0,2.0,2.0,5.0,5.0,4.0,5.0,5.0,5.0,2.0,,,4.0,5.0,3.0,,,,,4.0,2.0,6.0,3.0,5.0,5.0,5.0,6.0,6.0,6.0,60.0,65.0,45.0,35.0,65.0,65.0,55.0,75.0,70.0,80.0,4.0,,7.0,1.0,1.0,1.0,1.0,1.0,1.0,1.0,1.0,1.0,1.0,,,,,,,2.0,1.0,1.0,1.0,1.0,1.0,2.0,2.0,1.0,2.0,1.0,2.0,2.0,2.0,1.0,2.0,1.0,2.0,2.0,2.0,2.0,1.0,1.0,1.0,2.0,1.0,2.0,1.0,2.0,2.0,2.0,2.0,1.0,1.0,1.0,2.0,1.0,2.0,2.0,1.0,5.0,,,6.0,,,,5.0,3.0,,
pid_312,,1.0,,2.0,,,1.0,30.0,2.0,380.0,,,40.0,,1.0,,2.0,1.0,5.0,4.0,4.0,4.0,1.0,4.0,2.0,4.0,,5.0,,,,,4.0,5.0,3.0,6.0,,1.0,6.0,5.0,5.0,5.0,5.0,5.0,6.0,6.0,55.0,65.0,55.0,45.0,60.0,65.0,50.0,70.0,65.0,75.0,4.0,6.0,,,,,,,,,,,,1.0,1.0,1.0,1.0,1.0,1.0,2.0,1.0,1.0,1.0,1.0,1.0,2.0,1.0,1.0,1.0,2.0,2.0,1.0,1.0,1.0,2.0,1.0,1.0,2.0,2.0,2.0,2.0,1.0,2.0,2.0,2.0,1.0,1.0,2.0,2.0,2.0,2.0,1.0,2.0,2.0,1.0,2.0,2.0,2.0,1.0,,5.0,,,6.0,,15.0,,2.0,,
pid_313,1.0,,1.0,,,,1.0,54.0,2.0,380.0,,,,70.0,3.0,,5.0,5.0,1.0,1.0,5.0,5.0,5.0,5.0,5.0,5.0,,5.0,,,,,4.0,4.0,2.0,6.0,,1.0,7.0,3.0,5.0,5.0,3.0,5.0,6.0,6.0,55.0,60.0,35.0,45.0,60.0,62.0,48.0,70.0,65.0,75.0,4.0,,6.0,,,,,,,,,,,1.0,1.0,1.0,1.0,1.0,1.0,2.0,1.0,1.0,2.0,1.0,2.0,2.0,1.0,2.0,2.0,2.0,2.0,1.0,2.0,1.0,1.0,1.0,1.0,2.0,1.0,2.0,1.0,2.0,2.0,1.0,1.0,2.0,1.0,1.0,2.0,1.0,1.0,2.0,2.0,2.0,2.0,2.0,2.0,1.0,1.0,,5.0,,,6.0,,18.0,,,9.0,
pid_314,1.0,,2.0,,,,1.0,20.0,2.0,500.0,,,,65.0,6.0,,2.0,1.0,5.0,4.0,4.0,2.0,1.0,2.0,1.0,4.0,,,5.0,,,,4.0,5.0,5.0,,4.0,1.0,7.0,5.0,5.0,5.0,3.0,6.0,6.0,6.0,55.0,65.0,60.0,45.0,65.0,60.0,50.0,75.0,65.0,80.0,4.0,,6.0,,,,,,,,,,,1.0,1.0,1.0,1.0,1.0,1.0,2.0,2.0,1.0,2.0,2.0,1.0,1.0,2.0,2.0,2.0,1.0,1.0,2.0,1.0,2.0,2.0,1.0,2.0,1.0,2.0,2.0,1.0,2.0,1.0,2.0,2.0,1.0,2.0,1.0,2.0,2.0,1.0,2.0,2.0,1.0,2.0,2.0,2.0,1.0,2.0,,,4.0,,,5.0,,5.0,,,4.0
pid_315,,1.0,1.0,,2.0,54.0,,,,,1.0,380.0,,70.0,2.0,,5.0,5.0,1.0,1.0,5.0,5.0,5.0,5.0,5.0,5.0,1.0,,,,,,4.0,5.0,5.0,6.0,,2.0,7.0,3.0,5.0,5.0,5.0,6.0,6.0,6.0,60.0,65.0,45.0,40.0,55.0,58.0,55.0,72.0,70.0,78.0,4.0,6.0,,1.0,1.0,1.0,1.0,1.0,1.0,1.0,1.0,1.0,1.0,,,,,,,2.0,2.0,2.0,1.0,1.0,1.0,2.0,2.0,1.0,1.0,2.0,2.0,2.0,1.0,2.0,2.0,2.0,1.0,2.0,2.0,2.0,2.0,2.0,1.0,1.0,1.0,2.0,1.0,2.0,2.0,1.0,2.0,2.0,2.0,2.0,2.0,1.0,2.0,1.0,1.0,4.0,,,6.0,,,,20.0,3.0,,
pid_316,1.0,,,2.0,,,1.0,35.0,,,1.0,200.0,50.0,,,3.0,5.0,1.0,5.0,4.0,4.0,5.0,1.0,4.0,2.0,4.0,,,5.0,4.0,5.0,3.0,,,,,4.0,1.0,7.0,5.0,5.0,6.0,5.0,6.0,6.0,6.0,60.0,55.0,60.0,55.0,55.0,60.0,45.0,65.0,65.0,75.0,4.0,6.0,,,,,,,,,,,,1.0,1.0,1.0,1.0,1.0,1.0,2.0,2.0,1.0,1.0,1.0,2.0,2.0,2.0,2.0,2.0,1.0,1.0,2.0,2.0,1.0,1.0,1.0,1.0,1.0,2.0,1.0,1.0,1.0,1.0,1.0,2.0,1.0,2.0,1.0,2.0,2.0,2.0,1.0,1.0,2.0,2.0,1.0,1.0,1.0,1.0,,,5.0,,,6.0,,15.0,3.0,,
pid_317,1.0,,1.0,,,,1.0,54.0,,,1.0,380.0,,70.0,2.0,,5.0,5.0,1.0,1.0,5.0,5.0,4.0,5.0,5.0,5.0,,,5.0,4.0,5.0,3.0,,,,,4.0,2.0,7.0,5.0,5.0,5.0,5.0,6.0,6.0,6.0,60.0,60.0,45.0,40.0,65.0,65.0,55.0,70.0,65.0,75.0,4.0,6.0,,1.0,1.0,1.0,1.0,1.0,1.0,1.0,1.0,1.0,1.0,,,,,,,1.0,2.0,1.0,2.0,1.0,2.0,2.0,2.0,1.0,1.0,2.0,1.0,2.0,2.0,1.0,2.0,2.0,1.0,2.0,2.0,2.0,1.0,2.0,2.0,1.0,1.0,2.0,2.0,1.0,2.0,2.0,1.0,2.0,2.0,2.0,1.0,2.0,2.0,1.0,1.0,,,5.0,,,6.0,,18.0,3.0,,
pid_318,,1.0,2.0,,,,1.0,54.0,2.0,380.0,,,30.0,,1.0,,2.0,2.0,5.0,4.0,2.0,2.0,1.0,4.0,2.0,4.0,1.0,,,,,,3.0,4.0,5.0,4.0,,2.0,6.0,5.0,5.0,5.0,5.0,5.0,6.0,6.0,50.0,65.0,55.0,45.0,55.0,60.0,45.0,65.0,65.0,70.0,4.0,,6.0,1.0,1.0,1.0,1.0,1.0,1.0,1.0,1.0,1.0,1.0,,,,,,,1.0,1.0,1.0,2.0,2.0,2.0,1.0,2.0,2.0,2.0,1.0,1.0,1.0,1.0,1.0,2.0,1.0,1.0,1.0,1.0,1.0,2.0,1.0,1.0,2.0,2.0,1.0,1.0,2.0,1.0,1.0,2.0,1.0,1.0,2.0,1.0,2.0,2.0,1.0,1.0,4.0,,,6.0,,,,20.0,,9.0,
pid_319,,1.0,,2.0,2.0,54.0,,,,,1.0,379.0,,75.0,,3.0,4.0,4.0,2.0,2.0,4.0,4.0,4.0,5.0,4.0,4.0,2.0,,,,,,4.0,5.0,3.0,4.0,,2.0,6.0,2.0,5.0,5.0,3.0,5.0,6.0,6.0,55.0,55.0,50.0,40.0,60.0,65.0,50.0,70.0,65.0,75.0,4.0,,7.0,,,,,,,,,,,1.0,1.0,1.0,1.0,1.0,1.0,1.0,2.0,2.0,1.0,1.0,1.0,1.0,2.0,1.0,1.0,2.0,1.0,2.0,2.0,1.0,2.0,2.0,2.0,1.0,2.0,2.0,1.0,1.0,1.0,2.0,2.0,2.0,1.0,1.0,1.0,2.0,1.0,1.0,2.0,2.0,1.0,1.0,2.0,1.0,1.0,5.0,,,5.0,,,,0.0,,6.0,
pid_320,,1.0,,2.0,,,1.0,54.0,2.0,380.0,,,30.0,,2.0,,5.0,5.0,1.0,1.0,5.0,5.0,4.0,5.0,5.0,5.0,,,5.0,4.0,5.0,3.0,,,,,4.0,2.0,7.0,5.0,5.0,5.0,5.0,5.0,6.0,6.0,55.0,65.0,45.0,40.0,60.0,60.0,55.0,70.0,65.0,75.0,4.0,,7.0,,,,,,,,,,,1.0,1.0,1.0,1.0,1.0,1.0,1.0,1.0,1.0,2.0,1.0,1.0,2.0,1.0,2.0,2.0,2.0,2.0,2.0,1.0,1.0,2.0,2.0,2.0,2.0,1.0,2.0,2.0,2.0,2.0,2.0,2.0,2.0,2.0,2.0,1.0,2.0,2.0,1.0,1.0,2.0,2.0,2.0,2.0,2.0,1.0,,,4.0,,,6.0,18.0,,3.0,,
pid_321,,1.0,1.0,,2.0,54.0,,,2.0,380.0,,,,85.0,2.0,,4.0,4.0,4.0,2.0,4.0,4.0,2.0,4.0,2.0,4.0,1.0,,,,,,4.0,5.0,5.0,4.0,,2.0,7.0,5.0,5.0,5.0,5.0,5.0,6.0,6.0,55.0,60.0,65.0,45.0,60.0,65.0,50.0,70.0,65.0,75.0,4.0,,6.0,,,,,,,,,,,1.0,1.0,1.0,1.0,1.0,1.0,1.0,2.0,1.0,1.0,2.0,2.0,1.0,2.0,1.0,1.0,2.0,2.0,2.0,1.0,2.0,2.0,2.0,2.0,1.0,1.0,2.0,1.0,2.0,2.0,2.0,2.0,1.0,2.0,1.0,2.0,2.0,1.0,1.0,2.0,2.0,2.0,2.0,1.0,2.0,1.0,4.0,,,6.0,,,,18.0,,,3.0
pid_322,1.0,,,2.0,,,1.0,54.0,,,1.0,380.0,,70.0,,3.0,4.0,5.0,1.0,1.0,5.0,5.0,4.0,5.0,5.0,5.0,,,5.0,4.0,5.0,3.0,,,,,4.0,2.0,6.0,5.0,5.0,5.0,5.0,6.0,6.0,6.0,55.0,60.0,45.0,40.0,60.0,65.0,55.0,75.0,65.0,75.0,4.0,,6.0,1.0,1.0,1.0,1.0,1.0,1.0,1.0,1.0,1.0,1.0,,,,,,,2.0,2.0,1.0,2.0,2.0,1.0,1.0,1.0,1.0,1.0,2.0,1.0,1.0,1.0,1.0,2.0,2.0,1.0,1.0,1.0,1.0,1.0,1.0,1.0,2.0,1.0,1.0,2.0,1.0,2.0,1.0,2.0,1.0,2.0,1.0,1.0,1.0,1.0,2.0,2.0,,,5.0,,,6.0,,20.0,,6.0,
pid_323,,2.0,1.0,,,,1.0,20.0,,,1.0,100.0,,70.0,,2.0,4.0,5.0,1.0,1.0,5.0,5.0,4.0,5.0,5.0,5.0,1.0,,,,,,4.0,5.0,5.0,,4.0,1.0,6.0,5.0,3.0,5.0,5.0,5.0,6.0,6.0,50.0,60.0,40.0,35.0,55.0,55.0,55.0,70.0,65.0,75.0,4.0,6.0,,1.0,1.0,1.0,1.0,1.0,1.0,1.0,1.0,1.0,1.0,,,,,,,2.0,1.0,2.0,2.0,1.0,2.0,2.0,2.0,1.0,1.0,1.0,2.0,2.0,1.0,2.0,1.0,2.0,2.0,2.0,2.0,2.0,1.0,1.0,1.0,2.0,2.0,2.0,2.0,2.0,1.0,1.0,1.0,2.0,1.0,2.0,2.0,2.0,2.0,2.0,2.0,4.0,,,6.0,,,,20.0,,,3.0
pid_324,1.0,,1.0,,2.0,54.0,,,,,1.0,379.0,,75.0,,2.0,4.0,5.0,1.0,1.0,5.0,5.0,4.0,5.0,5.0,5.0,1.0,,,4.0,5.0,3.0,,,,,4.0,2.0,7.0,5.0,5.0,5.0,5.0,5.0,6.0,6.0,55.0,65.0,40.0,35.0,60.0,60.0,55.0,75.0,65.0,80.0,4.0,,7.0,1.0,1.0,1.0,1.0,1.0,1.0,1.0,1.0,1.0,1.0,,,,,,,1.0,1.0,2.0,1.0,2.0,1.0,2.0,2.0,2.0,2.0,1.0,2.0,2.0,1.0,1.0,2.0,1.0,2.0,2.0,2.0,1.0,1.0,1.0,2.0,2.0,2.0,2.0,1.0,2.0,1.0,2.0,2.0,1.0,2.0,2.0,2.0,2.0,2.0,1.0,2.0,4.0,,,6.0,,,18.0,,,,4.0
pid_325,1.0,,1.0,,,,1.0,20.0,,,1.0,150.0,,75.0,,2.0,2.0,2.0,5.0,4.0,2.0,2.0,1.0,4.0,1.0,4.0,,5.0,,3.0,5.0,2.0,,,,,4.0,1.0,6.0,2.0,5.0,5.0,3.0,5.0,6.0,6.0,45.0,,,,55.0,,48.0,,,,4.0,,6.0,,,,,,,,,,,1.0,1.0,1.0,1.0,1.0,1.0,1.0,2.0,1.0,1.0,1.0,2.0,1.0,2.0,2.0,1.0,1.0,1.0,2.0,1.0,2.0,1.0,1.0,2.0,1.0,1.0,1.0,1.0,1.0,2.0,2.0,1.0,1.0,1.0,2.0,1.0,1.0,1.0,1.0,2.0,1.0,1.0,2.0,1.0,2.0,2.0,,5.0,,,5.0,,16.0,,,,4.0
pid_326,,1.0,,1.0,,,1.0,54.0,,,1.0,379.0,70.0,,2.0,,2.0,2.0,5.0,4.0,4.0,4.0,1.0,4.0,2.0,4.0,,5.0,,4.0,5.0,3.0,,,,6.0,,2.0,6.0,5.0,5.0,5.0,5.0,5.0,6.0,6.0,55.0,65.0,60.0,45.0,65.0,60.0,50.0,70.0,65.0,80.0,4.0,,6.0,1.0,1.0,1.0,1.0,1.0,1.0,1.0,1.0,1.0,1.0,,,,,,,1.0,2.0,2.0,1.0,1.0,1.0,2.0,2.0,2.0,2.0,2.0,2.0,1.0,2.0,1.0,1.0,1.0,1.0,1.0,1.0,2.0,2.0,1.0,1.0,2.0,1.0,2.0,2.0,2.0,1.0,1.0,1.0,2.0,1.0,1.0,2.0,2.0,1.0,2.0,1.0,,5.0,,,6.0,,,20.0,,,3.0
pid_327,,1.0,1.0,,,,1.0,54.0,,,1.0,380.0,,75.0,2.0,,2.0,1.0,5.0,4.0,2.0,2.0,1.0,2.0,1.0,2.0,2.0,,,,,,4.0,5.0,3.0,4.0,,1.0,6.0,5.0,6.0,5.0,2.0,5.0,6.0,6.0,55.0,65.0,55.0,45.0,60.0,65.0,50.0,75.0,65.0,80.0,4.0,6.0,,,,,,,,,,,,1.0,1.0,1.0,1.0,1.0,1.0,2.0,1.0,2.0,1.0,1.0,1.0,2.0,2.0,2.0,2.0,2.0,1.0,2.0,2.0,1.0,2.0,1.0,2.0,2.0,2.0,2.0,2.0,1.0,1.0,2.0,2.0,2.0,2.0,2.0,1.0,2.0,2.0,2.0,1.0,1.0,2.0,2.0,1.0,1.0,2.0,4.0,,,5.0,,,15.0,,,6.0,
pid_328,,2.0,1.0,,,,1.0,54.0,2.0,380.0,,,,70.0,,2.0,4.0,4.0,2.0,1.0,5.0,5.0,2.0,5.0,4.0,5.0,,5.0,,,,,4.0,5.0,3.0,,4.0,2.0,6.0,5.0,5.0,3.0,5.0,5.0,6.0,6.0,55.0,60.0,45.0,35.0,60.0,65.0,50.0,70.0,65.0,75.0,4.0,6.0,,1.0,1.0,1.0,1.0,1.0,1.0,1.0,1.0,1.0,1.0,,,,,,,2.0,2.0,1.0,2.0,1.0,1.0,2.0,2.0,1.0,1.0,2.0,2.0,1.0,2.0,2.0,1.0,2.0,1.0,2.0,2.0,2.0,2.0,1.0,2.0,2.0,2.0,1.0,2.0,2.0,2.0,1.0,2.0,1.0,2.0,2.0,2.0,2.0,2.0,1.0,2.0,,5.0,,,6.0,,18.0,,,,3.0
pid_329,,2.0,2.0,,,,1.0,24.0,,,1.0,120.0,30.0,,,5.0,5.0,5.0,1.0,1.0,5.0,5.0,4.0,5.0,5.0,5.0,4.0,,,4.0,5.0,3.0,,,,5.0,,1.0,7.0,3.0,5.0,5.0,2.0,5.0,6.0,6.0,65.0,68.0,45.0,38.0,60.0,62.0,55.0,72.0,68.0,80.0,4.0,7.0,,1.0,1.0,1.0,1.0,1.0,1.0,1.0,1.0,1.0,1.0,,,,,,,2.0,1.0,1.0,1.0,2.0,1.0,2.0,1.0,2.0,1.0,1.0,2.0,2.0,2.0,2.0,1.0,1.0,2.0,1.0,1.0,2.0,2.0,2.0,1.0,2.0,2.0,1.0,2.0,1.0,1.0,2.0,2.0,2.0,2.0,1.0,1.0,2.0,1.0,2.0,1.0,5.0,,,6.0,,,18.0,,,,3.0
pid_330,1.0,,,2.0,2.0,54.0,,,,,1.0,379.0,,70.0,4.0,,5.0,5.0,1.0,1.0,5.0,5.0,4.0,5.0,5.0,5.0,,,5.0,,,,4.0,5.0,5.0,6.0,,2.0,6.0,5.0,5.0,5.0,5.0,5.0,6.0,6.0,60.0,65.0,45.0,40.0,65.0,68.0,55.0,75.0,70.0,78.0,4.0,,6.0,1.0,1.0,1.0,1.0,1.0,1.0,1.0,1.0,1.0,1.0,,,,,,,1.0,2.0,2.0,2.0,1.0,2.0,1.0,1.0,1.0,2.0,2.0,2.0,1.0,2.0,1.0,2.0,2.0,1.0,1.0,1.0,2.0,2.0,1.0,1.0,2.0,2.0,2.0,2.0,2.0,2.0,1.0,1.0,2.0,1.0,2.0,1.0,2.0,1.0,1.0,2.0,,,5.0,,,6.0,18.0,,,,3.0
pid_331,1.0,,,2.0,,,1.0,54.0,2.0,380.0,,,,75.0,3.0,,2.0,1.0,5.0,4.0,3.0,2.0,1.0,2.0,2.0,4.0,,,5.0,4.0,5.0,2.0,,,,4.0,,1.0,6.0,3.0,5.0,5.0,3.0,5.0,6.0,6.0,55.0,60.0,55.0,52.0,58.0,60.0,48.0,65.0,62.0,75.0,4.0,,6.0,,,,,,,,,,,1.0,1.0,1.0,1.0,1.0,1.0,2.0,1.0,2.0,1.0,2.0,2.0,2.0,1.0,2.0,2.0,2.0,2.0,1.0,2.0,1.0,1.0,1.0,2.0,1.0,2.0,2.0,1.0,2.0,2.0,2.0,1.0,2.0,1.0,2.0,2.0,1.0,2.0,1.0,1.0,2.0,1.0,2.0,1.0,2.0,1.0,,,5.0,,,6.0,,18.0,,6.0,
pid_332,1.0,,1.0,,2.0,54.0,,,,,1.0,380.0,30.0,,4.0,,2.0,1.0,5.0,4.0,4.0,4.0,1.0,4.0,2.0,4.0,2.0,,,,,,4.0,4.0,5.0,6.0,,1.0,6.0,5.0,5.0,6.0,5.0,5.0,6.0,6.0,55.0,58.0,62.0,45.0,52.0,58.0,47.0,68.0,64.0,72.0,4.0,,6.0,1.0,1.0,1.0,1.0,1.0,1.0,1.0,1.0,1.0,1.0,,,,,,,1.0,1.0,1.0,2.0,1.0,1.0,1.0,1.0,1.0,1.0,1.0,2.0,1.0,1.0,1.0,2.0,1.0,1.0,2.0,1.0,2.0,1.0,1.0,1.0,2.0,1.0,2.0,1.0,1.0,2.0,1.0,1.0,1.0,1.0,1.0,2.0,1.0,1.0,1.0,2.0,4.0,,,6.0,,,,2.0,2.0,,
pid_333,,2.0,2.0,,2.0,65.0,,,2.0,380.0,,,,85.0,,2.0,4.0,5.0,4.0,2.0,5.0,5.0,4.0,5.0,4.0,5.0,4.0,,,4.0,5.0,3.0,,,,,4.0,1.0,7.0,5.0,5.0,5.0,2.0,5.0,6.0,6.0,60.0,65.0,55.0,45.0,65.0,70.0,55.0,75.0,65.0,80.0,4.0,6.0,,,,,,,,,,,,1.0,1.0,1.0,1.0,1.0,1.0,1.0,2.0,2.0,1.0,2.0,2.0,2.0,2.0,2.0,1.0,2.0,2.0,1.0,2.0,2.0,2.0,2.0,1.0,1.0,1.0,2.0,1.0,2.0,2.0,1.0,1.0,2.0,1.0,2.0,1.0,2.0,2.0,2.0,2.0,1.0,1.0,2.0,2.0,2.0,1.0,5.0,,,6.0,,,15.0,,3.0,,
pid_334,,2.0,,2.0,,,1.0,54.0,,,1.0,380.0,,80.0,,2.0,4.0,5.0,2.0,2.0,5.0,5.0,4.0,5.0,5.0,5.0,,5.0,,,,,4.0,5.0,5.0,4.0,,1.0,6.0,5.0,5.0,5.0,5.0,6.0,6.0,6.0,55.0,62.0,48.0,38.0,62.0,61.0,52.0,72.0,68.0,80.0,4.0,,6.0,,,,,,,,,,,1.0,1.0,1.0,1.0,1.0,1.0,2.0,2.0,2.0,1.0,1.0,1.0,1.0,1.0,1.0,2.0,2.0,1.0,1.0,1.0,2.0,2.0,1.0,2.0,1.0,1.0,2.0,2.0,1.0,1.0,2.0,1.0,1.0,1.0,2.0,1.0,1.0,1.0,2.0,2.0,1.0,1.0,1.0,1.0,1.0,1.0,,5.0,,,6.0,,18.0,,2.0,,
pid_335,,2.0,1.0,,,,1.0,54.0,,,1.0,200.0,,70.0,,2.0,2.0,2.0,5.0,2.0,3.0,4.0,1.0,4.0,2.0,4.0,,,4.0,,,,4.0,5.0,2.0,,4.0,2.0,6.0,5.0,5.0,5.0,5.0,6.0,6.0,6.0,65.0,65.0,50.0,45.0,55.0,65.0,55.0,75.0,70.0,80.0,4.0,6.0,,,,,,,,,,,,1.0,1.0,1.0,1.0,1.0,1.0,2.0,2.0,2.0,1.0,1.0,2.0,2.0,2.0,2.0,2.0,1.0,1.0,2.0,2.0,2.0,1.0,2.0,2.0,2.0,1.0,2.0,2.0,1.0,2.0,2.0,1.0,2.0,1.0,1.0,1.0,1.0,2.0,1.0,1.0,2.0,1.0,2.0,1.0,2.0,2.0,,,5.0,,,6.0,18.0,,,9.0,
pid_336,1.0,,1.0,,,,1.0,54.0,2.0,380.0,,,50.0,,2.0,,2.0,1.0,5.0,4.0,3.0,2.0,1.0,4.0,2.0,2.0,1.0,,,4.0,5.0,3.0,,,,6.0,,2.0,6.0,5.0,5.0,3.0,5.0,6.0,6.0,6.0,55.0,60.0,55.0,48.0,60.0,58.0,48.0,65.0,62.0,75.0,4.0,6.0,,1.0,1.0,1.0,1.0,1.0,1.0,1.0,1.0,1.0,1.0,,,,,,,2.0,2.0,1.0,2.0,2.0,2.0,1.0,2.0,2.0,2.0,2.0,2.0,2.0,2.0,1.0,1.0,2.0,1.0,1.0,1.0,1.0,1.0,2.0,1.0,1.0,2.0,2.0,2.0,2.0,2.0,2.0,1.0,2.0,1.0,2.0,2.0,2.0,1.0,1.0,1.0,4.0,,,6.0,,,18.0,,2.0,,
pid_337,,1.0,1.0,,,,1.0,45.0,,,1.0,360.0,,80.0,,2.0,2.0,1.0,5.0,4.0,3.0,2.0,1.0,4.0,2.0,4.0,,,5.0,,,,4.0,5.0,3.0,,4.0,2.0,6.0,5.0,5.0,5.0,5.0,5.0,6.0,6.0,55.0,60.0,65.0,55.0,50.0,55.0,45.0,70.0,65.0,75.0,4.0,6.0,,1.0,1.0,1.0,1.0,1.0,1.0,1.0,1.0,1.0,1.0,,,,,,,1.0,1.0,1.0,2.0,1.0,2.0,2.0,1.0,1.0,1.0,1.0,1.0,1.0,1.0,2.0,1.0,1.0,2.0,1.0,2.0,2.0,1.0,1.0,2.0,1.0,2.0,1.0,2.0,1.0,1.0,2.0,2.0,1.0,1.0,1.0,2.0,1.0,2.0,1.0,1.0,,,5.0,,,6.0,16.0,,2.0,,
pid_338,1.0,,,2.0,,,1.0,30.0,2.0,380.0,,,,70.0,1.0,,2.0,4.0,4.0,4.0,4.0,4.0,2.0,4.0,4.0,5.0,,5.0,,4.0,5.0,3.0,,,,6.0,,1.0,6.0,5.0,5.0,6.0,3.0,6.0,6.0,6.0,55.0,60.0,55.0,50.0,60.0,65.0,55.0,70.0,65.0,75.0,4.0,6.0,,,,,,,,,,,,1.0,1.0,1.0,1.0,1.0,1.0,2.0,2.0,2.0,2.0,1.0,2.0,1.0,2.0,2.0,2.0,2.0,1.0,2.0,1.0,2.0,1.0,2.0,2.0,2.0,1.0,1.0,2.0,2.0,1.0,2.0,1.0,1.0,2.0,1.0,1.0,2.0,1.0,2.0,2.0,2.0,2.0,1.0,2.0,1.0,2.0,,5.0,,,6.0,,18.0,,2.0,,
pid_339,,2.0,1.0,,2.0,54.0,,,2.0,380.0,,,,70.0,,2.0,4.0,5.0,1.0,1.0,5.0,5.0,4.0,5.0,5.0,5.0,,4.0,,5.0,5.0,3.0,,,,,4.0,1.0,7.0,5.0,5.0,6.0,5.0,6.0,6.0,6.0,55.0,65.0,45.0,35.0,60.0,60.0,50.0,70.0,65.0,75.0,4.0,,7.0,,,,,,,,,,,1.0,1.0,1.0,1.0,1.0,1.0,1.0,1.0,2.0,1.0,2.0,1.0,1.0,2.0,2.0,2.0,2.0,2.0,2.0,1.0,2.0,2.0,2.0,1.0,1.0,1.0,1.0,2.0,1.0,1.0,2.0,1.0,1.0,2.0,2.0,2.0,1.0,2.0,1.0,2.0,1.0,1.0,1.0,1.0,2.0,1.0,,5.0,,,6.0,,,20.0,,9.0,
pid_340,,1.0,1.0,,,,1.0,54.0,2.0,380.0,,,,70.0,,2.0,2.0,2.0,5.0,4.0,4.0,4.0,1.0,4.0,2.0,4.0,,,5.0,,,,3.0,5.0,5.0,,4.0,1.0,7.0,5.0,6.0,6.0,3.0,5.0,6.0,6.0,55.0,60.0,55.0,40.0,60.0,65.0,45.0,70.0,65.0,80.0,4.0,,7.0,,,,,,,,,,,1.0,1.0,1.0,1.0,1.0,1.0,1.0,2.0,2.0,2.0,2.0,2.0,2.0,1.0,1.0,2.0,1.0,2.0,1.0,1.0,1.0,2.0,1.0,2.0,1.0,1.0,2.0,1.0,1.0,1.0,1.0,1.0,2.0,1.0,1.0,2.0,2.0,1.0,1.0,2.0,1.0,1.0,2.0,2.0,2.0,2.0,,,5.0,,,6.0,,8.0,3.0,,
pid_341,,2.0,,2.0,2.0,54.0,,,,,1.0,380.0,,80.0,,3.0,4.0,5.0,1.0,1.0,5.0,5.0,4.0,5.0,5.0,5.0,2.0,,,,,,4.0,5.0,5.0,,4.0,1.0,6.0,5.0,5.0,5.0,5.0,5.0,6.0,6.0,60.0,55.0,48.0,42.0,58.0,63.0,52.0,70.0,68.0,76.0,4.0,6.0,,1.0,1.0,1.0,1.0,1.0,1.0,1.0,1.0,1.0,1.0,,,,,,,2.0,1.0,1.0,2.0,1.0,2.0,2.0,1.0,2.0,1.0,2.0,2.0,1.0,1.0,1.0,1.0,2.0,1.0,1.0,1.0,2.0,2.0,1.0,1.0,2.0,2.0,2.0,1.0,1.0,2.0,1.0,1.0,1.0,1.0,2.0,2.0,2.0,2.0,2.0,1.0,4.0,,,5.0,,,18.0,,3.0,,
pid_342,1.0,,,1.0,,,1.0,54.0,,,1.0,200.0,,75.0,2.0,,4.0,5.0,1.0,1.0,5.0,5.0,4.0,5.0,5.0,5.0,1.0,,,,,,4.0,3.0,3.0,6.0,,2.0,7.0,5.0,5.0,6.0,5.0,5.0,6.0,6.0,55.0,65.0,45.0,40.0,60.0,60.0,55.0,75.0,70.0,80.0,4.0,7.0,,,,,,,,,,,,1.0,1.0,1.0,1.0,1.0,1.0,1.0,2.0,2.0,1.0,1.0,2.0,2.0,1.0,1.0,2.0,1.0,2.0,2.0,2.0,1.0,2.0,1.0,2.0,2.0,1.0,1.0,2.0,1.0,1.0,2.0,1.0,2.0,1.0,2.0,2.0,1.0,2.0,1.0,2.0,1.0,2.0,1.0,1.0,2.0,2.0,4.0,,,6.0,,,18.0,,,6.0,
pid_343,1.0,,,2.0,2.0,54.0,,,,,1.0,379.0,40.0,,3.0,,5.0,5.0,1.0,1.0,5.0,5.0,4.0,5.0,5.0,5.0,,5.0,,,,,4.0,5.0,5.0,4.0,,1.0,6.0,5.0,5.0,5.0,3.0,5.0,6.0,6.0,55.0,55.0,45.0,40.0,52.0,58.0,50.0,70.0,65.0,75.0,4.0,6.0,,,,,,,,,,,,1.0,1.0,1.0,1.0,1.0,1.0,1.0,1.0,1.0,2.0,2.0,2.0,2.0,1.0,2.0,1.0,1.0,2.0,2.0,1.0,1.0,2.0,2.0,1.0,2.0,1.0,2.0,1.0,1.0,2.0,2.0,1.0,2.0,2.0,2.0,2.0,1.0,2.0,2.0,2.0,2.0,2.0,2.0,1.0,2.0,2.0,,4.0,,,6.0,,18.0,,2.0,,
pid_344,,2.0,2.0,,,,1.0,54.0,,,1.0,379.0,,70.0,,3.0,4.0,5.0,1.0,2.0,5.0,5.0,4.0,5.0,5.0,5.0,,,5.0,4.0,5.0,3.0,,,,6.0,,1.0,7.0,5.0,5.0,5.0,5.0,6.0,6.0,6.0,55.0,60.0,35.0,40.0,60.0,60.0,55.0,70.0,70.0,80.0,4.0,6.0,,1.0,1.0,1.0,1.0,1.0,1.0,1.0,1.0,1.0,1.0,,,,,,,1.0,1.0,1.0,1.0,1.0,2.0,2.0,2.0,1.0,1.0,1.0,2.0,2.0,1.0,1.0,2.0,2.0,1.0,1.0,2.0,1.0,1.0,1.0,2.0,1.0,1.0,2.0,1.0,1.0,1.0,2.0,1.0,2.0,1.0,1.0,1.0,1.0,2.0,2.0,1.0,,,4.0,,,6.0,,20.0,3.0,,
pid_345,,2.0,,2.0,2.0,54.0,,,2.0,380.0,,,,85.0,,3.0,2.0,2.0,5.0,4.0,2.0,2.0,1.0,4.0,2.0,4.0,,,5.0,4.0,5.0,3.0,,,,6.0,,2.0,6.0,5.0,5.0,6.0,5.0,6.0,6.0,5.0,60.0,55.0,60.0,50.0,55.0,60.0,45.0,65.0,65.0,75.0,4.0,,6.0,,,,,,,,,,,1.0,1.0,1.0,1.0,1.0,1.0,1.0,2.0,2.0,2.0,1.0,1.0,1.0,2.0,1.0,2.0,1.0,1.0,1.0,1.0,2.0,1.0,1.0,2.0,1.0,2.0,2.0,1.0,1.0,2.0,2.0,1.0,2.0,1.0,2.0,1.0,1.0,2.0,2.0,1.0,2.0,1.0,2.0,1.0,1.0,2.0,,,4.0,,,5.0,,20.0,1.0,,
pid_346,,2.0,,2.0,,,1.0,30.0,,,1.0,200.0,30.0,,,5.0,4.0,5.0,2.0,2.0,5.0,5.0,4.0,5.0,5.0,5.0,1.0,,,,,,3.0,5.0,5.0,,4.0,2.0,7.0,3.0,5.0,5.0,5.0,5.0,6.0,6.0,55.0,60.0,45.0,35.0,65.0,60.0,50.0,70.0,65.0,75.0,4.0,7.0,,,,,,,,,,,,1.0,1.0,1.0,1.0,1.0,1.0,2.0,1.0,2.0,2.0,1.0,1.0,2.0,2.0,1.0,1.0,2.0,1.0,1.0,2.0,1.0,2.0,2.0,1.0,2.0,1.0,2.0,2.0,1.0,1.0,1.0,2.0,2.0,2.0,2.0,1.0,2.0,2.0,1.0,2.0,2.0,1.0,1.0,2.0,2.0,1.0,4.0,,,6.0,,,18.0,,,,3.0
pid_347,1.0,,,2.0,,,1.0,54.0,,,1.0,379.0,,80.0,3.0,,4.0,4.0,2.0,1.0,4.0,5.0,2.0,4.0,4.0,4.0,1.0,,,,,,4.0,3.0,5.0,4.0,,1.0,6.0,5.0,5.0,5.0,5.0,5.0,6.0,6.0,55.0,55.0,40.0,35.0,60.0,60.0,45.0,70.0,65.0,75.0,4.0,6.0,,,,,,,,,,,,1.0,1.0,1.0,1.0,1.0,1.0,2.0,2.0,1.0,2.0,1.0,1.0,2.0,2.0,2.0,2.0,1.0,2.0,2.0,2.0,1.0,1.0,2.0,2.0,2.0,1.0,2.0,2.0,2.0,2.0,2.0,1.0,2.0,2.0,1.0,2.0,2.0,2.0,2.0,1.0,2.0,1.0,2.0,2.0,2.0,2.0,4.0,,,5.0,,,,20.0,,,3.0
pid_348,1.0,,1.0,,2.0,54.0,,,2.0,380.0,,,30.0,,1.0,,2.0,1.0,5.0,4.0,2.0,1.0,1.0,2.0,1.0,4.0,,,5.0,,,,4.0,5.0,3.0,,4.0,1.0,7.0,3.0,5.0,5.0,5.0,6.0,6.0,6.0,55.0,55.0,60.0,45.0,60.0,60.0,45.0,65.0,65.0,75.0,3.0,6.0,,,,,,,,,,,,1.0,1.0,1.0,1.0,1.0,1.0,2.0,1.0,1.0,1.0,1.0,1.0,2.0,1.0,2.0,1.0,1.0,1.0,1.0,1.0,2.0,1.0,1.0,1.0,2.0,2.0,1.0,2.0,2.0,1.0,1.0,1.0,1.0,1.0,1.0,2.0,2.0,1.0,2.0,1.0,2.0,1.0,2.0,1.0,2.0,1.0,,,5.0,,,6.0,18.0,,,9.0,
pid_350,1.0,,1.0,,2.0,54.0,,,,,1.0,300.0,30.0,,,2.0,4.0,1.0,5.0,4.0,4.0,4.0,1.0,4.0,2.0,4.0,,,5.0,4.0,5.0,3.0,,,,,4.0,2.0,6.0,5.0,5.0,5.0,5.0,6.0,6.0,6.0,60.0,55.0,60.0,45.0,55.0,60.0,45.0,70.0,65.0,75.0,4.0,,7.0,,,,,,,,,,,1.0,1.0,1.0,1.0,1.0,1.0,2.0,1.0,1.0,2.0,1.0,2.0,2.0,1.0,2.0,2.0,1.0,1.0,1.0,2.0,1.0,2.0,1.0,1.0,1.0,2.0,1.0,2.0,1.0,2.0,1.0,1.0,2.0,1.0,2.0,1.0,2.0,2.0,1.0,2.0,1.0,1.0,2.0,2.0,1.0,1.0,,,5.0,,,6.0,15.0,,,9.0,
pid_351,,1.0,1.0,,2.0,54.0,,,,,1.0,380.0,30.0,,2.0,,4.0,5.0,1.0,1.0,5.0,5.0,4.0,5.0,5.0,5.0,,,5.0,,,,4.0,3.0,5.0,5.0,,2.0,7.0,5.0,5.0,5.0,5.0,5.0,6.0,6.0,60.0,55.0,40.0,35.0,55.0,58.0,50.0,70.0,65.0,75.0,4.0,6.0,,,,,,,,,,,,1.0,1.0,1.0,1.0,1.0,1.0,2.0,2.0,2.0,1.0,1.0,1.0,2.0,2.0,1.0,1.0,1.0,1.0,2.0,1.0,2.0,1.0,1.0,2.0,2.0,2.0,1.0,1.0,2.0,1.0,1.0,2.0,1.0,2.0,1.0,2.0,1.0,2.0,1.0,2.0,1.0,1.0,1.0,2.0,2.0,2.0,,,5.0,,,5.0,,2.0,3.0,,
pid_352,,1.0,,2.0,2.0,35.0,,,2.0,380.0,,,,70.0,2.0,,4.0,4.0,2.0,2.0,5.0,5.0,4.0,5.0,4.0,5.0,4.0,,,4.0,5.0,,,,,4.0,,1.0,7.0,5.0,5.0,5.0,5.0,6.0,6.0,6.0,60.0,65.0,45.0,40.0,65.0,65.0,55.0,70.0,65.0,75.0,4.0,,6.0,,,,,,,,,,,1.0,1.0,1.0,1.0,1.0,1.0,2.0,2.0,1.0,1.0,2.0,1.0,2.0,2.0,2.0,2.0,2.0,2.0,2.0,1.0,1.0,2.0,1.0,2.0,1.0,1.0,1.0,2.0,1.0,2.0,1.0,2.0,2.0,1.0,2.0,2.0,2.0,2.0,1.0,2.0,2.0,1.0,2.0,1.0,2.0,2.0,4.0,,,5.0,,,16.0,,,4.0,
pid_353,1.0,,1.0,,,,1.0,54.0,,,1.0,379.0,30.0,,2.0,,2.0,1.0,5.0,4.0,3.0,2.0,1.0,4.0,2.0,4.0,,5.0,,,,,4.0,5.0,5.0,,4.0,1.0,7.0,5.0,6.0,6.0,3.0,5.0,6.0,5.0,55.0,55.0,65.0,50.0,60.0,65.0,50.0,70.0,65.0,80.0,4.0,,7.0,,,,,,,,,,,1.0,1.0,1.0,1.0,1.0,1.0,2.0,1.0,2.0,1.0,1.0,1.0,2.0,2.0,1.0,2.0,2.0,2.0,1.0,2.0,1.0,1.0,1.0,2.0,1.0,2.0,1.0,1.0,1.0,1.0,1.0,2.0,1.0,2.0,1.0,2.0,1.0,1.0,1.0,2.0,2.0,2.0,1.0,1.0,1.0,2.0,,4.0,,,6.0,,,6.0,2.0,,
pid_354,1.0,,1.0,,,,1.0,54.0,2.0,380.0,,,,70.0,,1.0,5.0,5.0,1.0,1.0,5.0,5.0,4.0,5.0,5.0,5.0,,5.0,,,,,4.0,5.0,5.0,4.0,,2.0,7.0,3.0,5.0,5.0,5.0,6.0,6.0,6.0,55.0,60.0,45.0,35.0,60.0,58.0,55.0,70.0,65.0,75.0,4.0,,6.0,1.0,1.0,1.0,1.0,1.0,1.0,1.0,1.0,1.0,1.0,,,,,,,2.0,1.0,2.0,2.0,1.0,2.0,1.0,1.0,1.0,1.0,1.0,1.0,1.0,2.0,2.0,1.0,1.0,2.0,2.0,1.0,2.0,1.0,1.0,2.0,2.0,2.0,2.0,2.0,1.0,2.0,2.0,2.0,1.0,1.0,2.0,2.0,1.0,2.0,1.0,2.0,,5.0,,,6.0,,,0.0,2.0,,
pid_355,1.0,,1.0,,,,1.0,54.0,,,1.0,379.0,40.0,,,3.0,4.0,4.0,2.0,2.0,5.0,4.0,2.0,5.0,4.0,5.0,,5.0,,4.0,5.0,3.0,,,,4.0,,2.0,6.0,5.0,5.0,5.0,3.0,5.0,6.0,6.0,55.0,62.0,45.0,35.0,60.0,58.0,48.0,70.0,65.0,78.0,4.0,,6.0,1.0,1.0,1.0,1.0,1.0,1.0,1.0,1.0,1.0,1.0,,,,,,,1.0,2.0,2.0,2.0,2.0,1.0,1.0,2.0,2.0,2.0,2.0,2.0,2.0,1.0,1.0,1.0,2.0,2.0,2.0,2.0,2.0,1.0,2.0,2.0,2.0,1.0,2.0,2.0,2.0,2.0,1.0,2.0,2.0,2.0,2.0,1.0,2.0,2.0,1.0,1.0,,4.0,,,6.0,,18.0,,2.0,,
pid_356,1.0,,,2.0,2.0,54.0,,,,,1.0,380.0,,80.0,,3.0,2.0,5.0,1.0,2.0,4.0,4.0,4.0,5.0,5.0,5.0,2.0,,,4.0,5.0,2.0,,,,4.0,,1.0,6.0,5.0,5.0,3.0,5.0,6.0,6.0,6.0,50.0,65.0,45.0,35.0,55.0,60.0,45.0,65.0,60.0,70.0,4.0,6.0,,1.0,1.0,1.0,1.0,1.0,1.0,1.0,1.0,1.0,1.0,,,,,,,2.0,1.0,2.0,1.0,2.0,2.0,1.0,2.0,2.0,2.0,2.0,1.0,1.0,1.0,2.0,2.0,1.0,1.0,2.0,2.0,2.0,2.0,1.0,2.0,1.0,2.0,1.0,2.0,2.0,1.0,2.0,1.0,2.0,1.0,2.0,2.0,2.0,1.0,2.0,2.0,4.0,,,5.0,,,15.0,,,,4.0
pid_357,1.0,,1.0,,2.0,54.0,,,2.0,380.0,,,,70.0,1.0,,2.0,1.0,5.0,4.0,3.0,2.0,1.0,4.0,2.0,4.0,,,5.0,4.0,5.0,3.0,,,,4.0,,1.0,6.0,5.0,5.0,6.0,5.0,6.0,6.0,6.0,55.0,55.0,60.0,45.0,60.0,60.0,50.0,70.0,65.0,75.0,4.0,6.0,,1.0,1.0,1.0,1.0,1.0,1.0,1.0,1.0,1.0,1.0,,,,,,,1.0,1.0,2.0,2.0,1.0,1.0,1.0,2.0,2.0,2.0,1.0,1.0,1.0,1.0,1.0,2.0,2.0,1.0,2.0,2.0,2.0,2.0,2.0,2.0,2.0,1.0,1.0,1.0,1.0,2.0,2.0,2.0,2.0,1.0,1.0,1.0,1.0,1.0,2.0,2.0,,,5.0,,,4.0,,12.0,,,3.0
pid_358,,2.0,,1.0,,,1.0,50.0,2.0,380.0,,,30.0,,,1.0,5.0,5.0,1.0,1.0,5.0,5.0,4.0,5.0,5.0,5.0,,,5.0,4.0,5.0,2.0,,,,4.0,,2.0,6.0,5.0,5.0,3.0,5.0,6.0,6.0,6.0,60.0,65.0,40.0,35.0,65.0,70.0,55.0,75.0,70.0,75.0,4.0,,6.0,,,,,,,,,,,1.0,1.0,1.0,1.0,1.0,1.0,2.0,1.0,1.0,1.0,1.0,1.0,1.0,1.0,2.0,1.0,1.0,1.0,1.0,2.0,1.0,1.0,2.0,2.0,1.0,1.0,2.0,1.0,1.0,1.0,1.0,1.0,1.0,1.0,1.0,1.0,1.0,1.0,1.0,1.0,1.0,1.0,2.0,1.0,1.0,1.0,,,5.0,,,6.0,,0.0,1.0,,
pid_359,1.0,,2.0,,2.0,54.0,,,,,1.0,379.0,60.0,,,1.0,2.0,4.0,4.0,4.0,4.0,4.0,2.0,4.0,4.0,4.0,,,5.0,4.0,5.0,3.0,,,,4.0,,1.0,7.0,5.0,5.0,5.0,5.0,6.0,6.0,6.0,45.0,55.0,65.0,50.0,55.0,55.0,45.0,65.0,60.0,70.0,4.0,7.0,,1.0,1.0,1.0,1.0,1.0,1.0,1.0,1.0,1.0,1.0,,,,,,,1.0,2.0,2.0,1.0,2.0,2.0,1.0,2.0,2.0,2.0,2.0,2.0,2.0,1.0,1.0,1.0,2.0,1.0,2.0,1.0,2.0,1.0,2.0,2.0,1.0,2.0,1.0,2.0,2.0,2.0,1.0,2.0,1.0,1.0,2.0,1.0,2.0,2.0,1.0,1.0,,,4.0,,,6.0,18.0,,2.0,,
pid_360,1.0,,,2.0,2.0,54.0,,,2.0,380.0,,,35.0,,2.0,,2.0,1.0,5.0,4.0,4.0,4.0,1.0,4.0,2.0,4.0,,5.0,,,,,4.0,3.0,5.0,6.0,,2.0,6.0,5.0,5.0,5.0,3.0,5.0,6.0,6.0,50.0,45.0,60.0,55.0,62.0,65.0,55.0,75.0,65.0,78.0,4.0,6.0,,,,,,,,,,,,1.0,1.0,1.0,1.0,1.0,1.0,1.0,1.0,1.0,1.0,2.0,1.0,1.0,1.0,1.0,1.0,1.0,2.0,1.0,2.0,2.0,2.0,2.0,1.0,1.0,2.0,2.0,1.0,1.0,1.0,1.0,2.0,2.0,2.0,2.0,2.0,2.0,2.0,1.0,2.0,1.0,2.0,1.0,2.0,2.0,2.0,,4.0,,,6.0,,16.0,,,,3.0
pid_361,,1.0,2.0,,2.0,54.0,,,2.0,380.0,,,,70.0,3.0,,5.0,5.0,1.0,1.0,5.0,5.0,4.0,5.0,5.0,5.0,1.0,,,4.0,5.0,3.0,,,,,4.0,1.0,7.0,5.0,5.0,5.0,6.0,6.0,6.0,6.0,55.0,55.0,42.0,40.0,60.0,62.0,48.0,70.0,65.0,77.0,4.0,,6.0,,,,,,,,,,,1.0,1.0,1.0,1.0,1.0,1.0,1.0,2.0,1.0,1.0,1.0,2.0,1.0,1.0,1.0,2.0,2.0,2.0,2.0,1.0,1.0,1.0,2.0,2.0,1.0,2.0,2.0,2.0,2.0,1.0,2.0,1.0,1.0,1.0,2.0,1.0,2.0,2.0,2.0,2.0,2.0,2.0,2.0,2.0,2.0,2.0,5.0,,,6.0,,,,3.0,,,3.0
pid_362,1.0,,1.0,,2.0,54.0,,,,,1.0,380.0,30.0,,,3.0,5.0,5.0,1.0,1.0,5.0,5.0,4.0,5.0,5.0,5.0,,5.0,,4.0,5.0,2.0,,,,,4.0,1.0,7.0,5.0,5.0,5.0,3.0,5.0,6.0,6.0,65.0,65.0,40.0,35.0,60.0,65.0,55.0,75.0,70.0,80.0,4.0,6.0,,1.0,1.0,1.0,1.0,1.0,1.0,1.0,1.0,1.0,1.0,,,,,,,1.0,1.0,2.0,2.0,2.0,2.0,1.0,2.0,2.0,2.0,1.0,2.0,2.0,1.0,2.0,1.0,2.0,1.0,2.0,2.0,2.0,2.0,1.0,2.0,2.0,2.0,2.0,1.0,2.0,1.0,1.0,2.0,2.0,2.0,2.0,1.0,2.0,1.0,2.0,1.0,,5.0,,,6.0,,,1.0,,,3.0
pid_363,1.0,,,2.0,2.0,54.0,,,2.0,380.0,,,,70.0,,3.0,5.0,5.0,1.0,1.0,5.0,5.0,5.0,5.0,5.0,5.0,2.0,,,5.0,5.0,3.0,,,,4.0,,1.0,6.0,5.0,5.0,5.0,5.0,6.0,6.0,6.0,60.0,55.0,45.0,50.0,55.0,60.0,55.0,70.0,65.0,75.0,4.0,6.0,,1.0,1.0,1.0,1.0,1.0,1.0,1.0,1.0,1.0,1.0,,,,,,,1.0,1.0,2.0,1.0,1.0,2.0,1.0,2.0,1.0,2.0,1.0,1.0,2.0,2.0,2.0,1.0,2.0,2.0,2.0,2.0,2.0,1.0,1.0,2.0,2.0,2.0,2.0,2.0,2.0,2.0,1.0,1.0,2.0,2.0,1.0,1.0,1.0,1.0,2.0,1.0,5.0,,,6.0,,,18.0,,,,3.0
pid_364,1.0,,,2.0,1.0,70.0,,,,,1.0,200.0,,70.0,,3.0,4.0,5.0,2.0,1.0,5.0,5.0,4.0,5.0,5.0,5.0,,,5.0,,,,3.0,4.0,5.0,,4.0,2.0,7.0,3.0,6.0,5.0,5.0,5.0,6.0,6.0,60.0,65.0,45.0,40.0,55.0,65.0,50.0,75.0,70.0,80.0,4.0,6.0,,,,,,,,,,,,1.0,1.0,1.0,1.0,1.0,1.0,2.0,1.0,2.0,2.0,1.0,2.0,1.0,2.0,2.0,2.0,2.0,2.0,1.0,2.0,1.0,1.0,2.0,2.0,2.0,2.0,2.0,1.0,1.0,2.0,2.0,2.0,2.0,1.0,2.0,2.0,2.0,1.0,2.0,1.0,2.0,1.0,2.0,1.0,2.0,2.0,,,5.0,,,6.0,,20.0,,,3.0
pid_365,,2.0,1.0,,2.0,54.0,,,,,1.0,380.0,30.0,,,2.0,4.0,4.0,4.0,4.0,5.0,5.0,2.0,4.0,4.0,5.0,,,5.0,,,,4.0,4.0,5.0,4.0,,2.0,7.0,5.0,5.0,6.0,5.0,6.0,6.0,6.0,65.0,58.0,55.0,48.0,62.0,68.0,52.0,70.0,67.0,80.0,4.0,,7.0,,,,,,,,,,,1.0,1.0,1.0,1.0,1.0,1.0,1.0,2.0,1.0,2.0,1.0,1.0,2.0,2.0,1.0,1.0,1.0,1.0,1.0,1.0,2.0,2.0,2.0,1.0,2.0,1.0,1.0,2.0,2.0,1.0,1.0,1.0,1.0,1.0,1.0,1.0,2.0,1.0,1.0,2.0,1.0,1.0,1.0,1.0,1.0,2.0,,,5.0,,,6.0,16.0,,,,6.0
pid_366,,1.0,1.0,,,,1.0,54.0,,,1.0,380.0,30.0,,2.0,,4.0,4.0,4.0,2.0,4.0,4.0,2.0,4.0,4.0,4.0,1.0,,,,,,4.0,5.0,3.0,4.0,,1.0,6.0,5.0,5.0,5.0,3.0,5.0,6.0,6.0,65.0,60.0,55.0,45.0,62.0,60.0,50.0,70.0,65.0,75.0,4.0,,7.0,,,,,,,,,,,1.0,1.0,1.0,1.0,1.0,1.0,1.0,2.0,2.0,2.0,1.0,1.0,1.0,1.0,1.0,2.0,2.0,1.0,2.0,2.0,2.0,1.0,1.0,2.0,2.0,1.0,1.0,1.0,2.0,1.0,2.0,1.0,1.0,1.0,2.0,1.0,1.0,1.0,1.0,1.0,1.0,2.0,1.0,1.0,2.0,1.0,4.0,,,5.0,,,15.0,,,,3.0
pid_367,,1.0,1.0,,2.0,54.0,,,2.0,380.0,,,40.0,,,3.0,4.0,5.0,2.0,2.0,4.0,5.0,2.0,5.0,4.0,4.0,1.0,,,,,,4.0,3.0,5.0,4.0,,2.0,6.0,5.0,5.0,5.0,5.0,5.0,6.0,6.0,60.0,65.0,55.0,45.0,55.0,60.0,50.0,75.0,65.0,80.0,4.0,7.0,,1.0,1.0,1.0,1.0,1.0,1.0,1.0,1.0,1.0,1.0,,,,,,,1.0,1.0,1.0,2.0,1.0,2.0,2.0,1.0,1.0,1.0,2.0,1.0,2.0,1.0,2.0,2.0,2.0,1.0,2.0,2.0,2.0,1.0,2.0,2.0,1.0,2.0,1.0,2.0,1.0,1.0,2.0,2.0,2.0,2.0,2.0,1.0,2.0,1.0,1.0,1.0,4.0,,,5.0,,,,20.0,,9.0,
pid_368,1.0,,,2.0,2.0,55.0,,,2.0,350.0,,,,85.0,1.0,,5.0,5.0,1.0,1.0,5.0,5.0,4.0,5.0,5.0,5.0,,5.0,,4.0,5.0,2.0,,,,,4.0,2.0,7.0,3.0,5.0,5.0,3.0,5.0,6.0,6.0,65.0,60.0,45.0,40.0,60.0,62.0,55.0,75.0,65.0,80.0,4.0,6.0,,1.0,1.0,1.0,1.0,1.0,1.0,1.0,1.0,1.0,1.0,,,,,,,1.0,1.0,1.0,1.0,2.0,1.0,2.0,2.0,2.0,2.0,2.0,2.0,2.0,2.0,1.0,2.0,1.0,1.0,1.0,2.0,2.0,1.0,1.0,2.0,2.0,2.0,1.0,1.0,1.0,1.0,2.0,1.0,1.0,1.0,2.0,2.0,2.0,2.0,1.0,1.0,,5.0,,,6.0,,17.0,,,9.0,
pid_369,1.0,,,2.0,,,1.0,54.0,,,1.0,379.0,30.0,,,3.0,2.0,2.0,4.0,4.0,3.0,2.0,1.0,4.0,2.0,4.0,,,5.0,4.0,5.0,3.0,,,,,4.0,1.0,6.0,5.0,5.0,5.0,5.0,6.0,6.0,6.0,50.0,55.0,60.0,55.0,55.0,60.0,45.0,65.0,60.0,75.0,4.0,5.0,,,,,,,,,,,,1.0,1.0,1.0,1.0,1.0,1.0,1.0,2.0,1.0,2.0,1.0,1.0,2.0,1.0,2.0,1.0,1.0,1.0,1.0,2.0,1.0,1.0,1.0,1.0,2.0,2.0,1.0,2.0,1.0,1.0,1.0,1.0,1.0,2.0,1.0,2.0,1.0,2.0,1.0,2.0,1.0,1.0,1.0,2.0,1.0,1.0,,,4.0,,,6.0,,12.0,3.0,,
pid_370,,1.0,1.0,,2.0,50.0,,,,,1.0,350.0,,80.0,,1.0,2.0,2.0,5.0,4.0,4.0,2.0,1.0,4.0,2.0,4.0,1.0,,,,,,4.0,5.0,4.0,6.0,,2.0,6.0,5.0,5.0,5.0,5.0,5.0,6.0,5.0,60.0,55.0,60.0,55.0,55.0,60.0,50.0,70.0,65.0,75.0,4.0,,6.0,1.0,1.0,1.0,1.0,1.0,1.0,1.0,1.0,1.0,1.0,,,,,,,1.0,1.0,1.0,2.0,1.0,2.0,1.0,1.0,1.0,2.0,1.0,1.0,1.0,1.0,1.0,1.0,2.0,1.0,2.0,2.0,1.0,1.0,2.0,1.0,2.0,1.0,1.0,2.0,2.0,2.0,1.0,2.0,2.0,1.0,2.0,1.0,2.0,2.0,2.0,2.0,5.0,,,6.0,,,,20.0,2.0,,
pid_371,,2.0,1.0,,,,1.0,54.0,,,1.0,380.0,30.0,,1.0,,2.0,1.0,5.0,5.0,4.0,2.0,1.0,2.0,2.0,4.0,1.0,,,4.0,5.0,3.0,,,,,4.0,1.0,6.0,5.0,5.0,5.0,5.0,5.0,6.0,6.0,45.0,55.0,50.0,45.0,50.0,55.0,45.0,65.0,55.0,70.0,4.0,,7.0,1.0,1.0,1.0,1.0,1.0,1.0,1.0,1.0,1.0,1.0,,,,,,,1.0,2.0,2.0,2.0,1.0,2.0,2.0,1.0,1.0,1.0,1.0,1.0,2.0,1.0,1.0,2.0,1.0,1.0,2.0,2.0,1.0,2.0,1.0,2.0,1.0,2.0,1.0,2.0,1.0,1.0,2.0,2.0,1.0,1.0,2.0,1.0,1.0,2.0,2.0,1.0,5.0,,,6.0,,,18.0,,,,4.0
pid_372,1.0,,,2.0,,,1.0,54.0,2.0,380.0,,,,75.0,,3.0,2.0,4.0,5.0,4.0,4.0,4.0,1.0,4.0,2.0,4.0,,,5.0,,,,4.0,5.0,3.0,4.0,,2.0,6.0,5.0,5.0,6.0,5.0,6.0,6.0,6.0,50.0,55.0,60.0,45.0,60.0,55.0,45.0,65.0,55.0,70.0,4.0,6.0,,,,,,,,,,,,1.0,1.0,1.0,1.0,1.0,1.0,1.0,2.0,1.0,1.0,2.0,1.0,2.0,1.0,2.0,2.0,2.0,1.0,2.0,1.0,1.0,1.0,1.0,1.0,2.0,1.0,1.0,2.0,1.0,1.0,2.0,1.0,2.0,1.0,1.0,2.0,1.0,1.0,2.0,2.0,1.0,1.0,1.0,1.0,2.0,1.0,,,4.0,,,5.0,,20.0,1.0,,
pid_373,1.0,,2.0,,2.0,54.0,,,,,1.0,370.0,,70.0,2.0,,5.0,5.0,1.0,1.0,5.0,5.0,5.0,5.0,5.0,5.0,,5.0,,4.0,5.0,3.0,,,,,4.0,2.0,7.0,5.0,5.0,5.0,3.0,6.0,6.0,6.0,55.0,60.0,35.0,35.0,50.0,60.0,55.0,70.0,65.0,80.0,4.0,6.0,,1.0,1.0,1.0,1.0,1.0,1.0,1.0,1.0,1.0,1.0,,,,,,,1.0,1.0,1.0,2.0,2.0,1.0,1.0,2.0,2.0,1.0,2.0,1.0,1.0,2.0,2.0,2.0,2.0,1.0,2.0,1.0,1.0,2.0,2.0,1.0,2.0,1.0,2.0,2.0,1.0,2.0,2.0,2.0,1.0,2.0,2.0,2.0,2.0,2.0,1.0,1.0,,5.0,,,6.0,,,10.0,,9.0,
pid_374,,2.0,,2.0,,,1.0,54.0,2.0,380.0,,,30.0,,,3.0,4.0,5.0,1.0,1.0,5.0,5.0,4.0,5.0,5.0,5.0,,,5.0,4.0,5.0,3.0,,,,,4.0,2.0,7.0,5.0,5.0,5.0,3.0,5.0,6.0,6.0,55.0,60.0,50.0,35.0,60.0,58.0,55.0,70.0,65.0,75.0,4.0,,6.0,1.0,1.0,1.0,1.0,1.0,1.0,1.0,1.0,1.0,1.0,,,,,,,1.0,2.0,2.0,2.0,2.0,1.0,2.0,1.0,2.0,2.0,1.0,1.0,2.0,2.0,2.0,1.0,1.0,1.0,1.0,2.0,1.0,2.0,2.0,2.0,1.0,1.0,2.0,1.0,1.0,2.0,2.0,2.0,1.0,2.0,2.0,2.0,2.0,2.0,1.0,2.0,,,5.0,,,6.0,,0.0,3.0,,
pid_375,1.0,,,2.0,,,1.0,20.0,,,1.0,200.0,,70.0,,3.0,4.0,5.0,1.0,1.0,5.0,5.0,4.0,5.0,5.0,5.0,,,4.0,,,,4.0,5.0,5.0,,4.0,1.0,6.0,5.0,5.0,5.0,3.0,5.0,6.0,6.0,55.0,60.0,45.0,35.0,65.0,60.0,50.0,70.0,65.0,80.0,4.0,,6.0,1.0,1.0,1.0,1.0,1.0,1.0,1.0,1.0,1.0,1.0,,,,,,,1.0,2.0,2.0,1.0,2.0,1.0,1.0,2.0,1.0,1.0,2.0,2.0,2.0,1.0,1.0,2.0,2.0,2.0,2.0,2.0,2.0,1.0,1.0,1.0,2.0,2.0,1.0,2.0,1.0,2.0,1.0,2.0,1.0,1.0,1.0,1.0,1.0,2.0,2.0,2.0,,,5.0,,,6.0,,18.0,,6.0,
pid_376,1.0,,2.0,,2.0,54.0,,,2.0,380.0,,,,70.0,,3.0,4.0,5.0,1.0,1.0,5.0,5.0,4.0,5.0,5.0,5.0,4.0,,,4.0,5.0,2.0,,,,4.0,,2.0,7.0,5.0,5.0,6.0,5.0,6.0,6.0,6.0,55.0,60.0,35.0,35.0,65.0,60.0,50.0,70.0,65.0,75.0,4.0,7.0,,,,,,,,,,,,1.0,1.0,1.0,1.0,1.0,1.0,2.0,2.0,2.0,1.0,1.0,1.0,2.0,2.0,2.0,1.0,1.0,2.0,2.0,2.0,2.0,2.0,2.0,2.0,2.0,1.0,2.0,1.0,2.0,1.0,1.0,1.0,2.0,2.0,2.0,2.0,1.0,2.0,1.0,1.0,2.0,1.0,1.0,1.0,2.0,2.0,5.0,,,6.0,,,,20.0,3.0,,
pid_377,,2.0,,2.0,2.0,54.0,,,2.0,380.0,,,60.0,,2.0,,2.0,1.0,5.0,4.0,2.0,2.0,1.0,2.0,2.0,4.0,2.0,,,4.0,5.0,,,,,4.0,,2.0,6.0,3.0,5.0,5.0,5.0,5.0,6.0,6.0,55.0,60.0,55.0,48.0,52.0,58.0,48.0,65.0,62.0,75.0,4.0,6.0,,,,,,,,,,,,1.0,1.0,1.0,1.0,1.0,1.0,2.0,2.0,2.0,1.0,1.0,2.0,1.0,1.0,1.0,1.0,1.0,2.0,2.0,2.0,2.0,2.0,1.0,1.0,1.0,2.0,2.0,2.0,2.0,1.0,1.0,2.0,2.0,1.0,1.0,2.0,1.0,2.0,1.0,1.0,1.0,1.0,2.0,2.0,2.0,1.0,4.0,,,5.0,,,18.0,,,9.0,
pid_378,,2.0,2.0,,2.0,54.0,,,2.0,380.0,,,,75.0,5.0,,5.0,5.0,1.0,1.0,5.0,5.0,4.0,5.0,5.0,5.0,,5.0,,4.0,5.0,2.0,,,,4.0,,1.0,7.0,5.0,5.0,5.0,5.0,5.0,6.0,6.0,60.0,65.0,40.0,35.0,55.0,65.0,50.0,75.0,70.0,75.0,4.0,,6.0,1.0,1.0,1.0,1.0,1.0,1.0,1.0,1.0,1.0,1.0,,,,,,,2.0,1.0,2.0,1.0,1.0,2.0,1.0,1.0,1.0,2.0,2.0,1.0,1.0,1.0,1.0,1.0,1.0,2.0,1.0,2.0,1.0,1.0,1.0,2.0,1.0,1.0,1.0,1.0,2.0,2.0,1.0,1.0,1.0,1.0,1.0,1.0,2.0,2.0,1.0,2.0,,5.0,,,6.0,,,18.0,,6.0,
pid_379,,2.0,2.0,,2.0,54.0,,,,,1.0,379.0,30.0,,2.0,,4.0,5.0,2.0,1.0,5.0,5.0,4.0,5.0,5.0,5.0,4.0,,,5.0,5.0,3.0,,,,6.0,,2.0,7.0,5.0,5.0,6.0,3.0,5.0,6.0,5.0,60.0,60.0,45.0,45.0,65.0,65.0,55.0,70.0,65.0,75.0,4.0,6.0,,1.0,1.0,1.0,1.0,1.0,1.0,1.0,1.0,1.0,1.0,,,,,,,1.0,2.0,1.0,2.0,1.0,1.0,1.0,1.0,2.0,2.0,1.0,2.0,1.0,2.0,2.0,2.0,2.0,1.0,1.0,1.0,1.0,1.0,1.0,1.0,2.0,1.0,1.0,2.0,1.0,2.0,1.0,1.0,1.0,1.0,1.0,1.0,2.0,2.0,1.0,1.0,5.0,,,6.0,,,15.0,,,,3.0
pid_380,1.0,,1.0,,,,1.0,30.0,2.0,500.0,,,,75.0,,1.0,2.0,2.0,5.0,4.0,4.0,4.0,1.0,4.0,2.0,4.0,4.0,,,,,,4.0,5.0,5.0,,4.0,1.0,7.0,5.0,5.0,5.0,5.0,5.0,6.0,6.0,55.0,55.0,65.0,50.0,60.0,60.0,45.0,65.0,60.0,75.0,4.0,,7.0,,,,,,,,,,,1.0,1.0,1.0,1.0,1.0,1.0,2.0,1.0,1.0,1.0,2.0,1.0,1.0,1.0,1.0,2.0,2.0,2.0,1.0,2.0,1.0,1.0,1.0,1.0,2.0,1.0,1.0,1.0,1.0,2.0,1.0,1.0,1.0,1.0,2.0,1.0,1.0,1.0,1.0,1.0,1.0,1.0,1.0,1.0,1.0,1.0,5.0,,,6.0,,,,18.0,2.0,,
pid_381,1.0,,2.0,,2.0,54.0,,,2.0,370.0,,,30.0,,,2.0,4.0,4.0,2.0,2.0,4.0,4.0,3.0,4.0,4.0,4.0,,,5.0,4.0,5.0,3.0,,,,,4.0,2.0,7.0,5.0,5.0,5.0,3.0,5.0,6.0,5.0,65.0,65.0,55.0,45.0,60.0,60.0,50.0,70.0,65.0,75.0,4.0,,6.0,,,,,,,,,,,1.0,1.0,1.0,1.0,1.0,1.0,1.0,2.0,2.0,2.0,2.0,2.0,2.0,1.0,2.0,1.0,2.0,2.0,2.0,2.0,2.0,2.0,2.0,1.0,2.0,1.0,1.0,1.0,1.0,2.0,2.0,2.0,1.0,1.0,2.0,2.0,1.0,1.0,1.0,1.0,1.0,2.0,2.0,2.0,1.0,2.0,,,5.0,,,6.0,,20.0,3.0,,
pid_382,,2.0,2.0,,2.0,54.0,,,,,1.0,380.0,,70.0,3.0,,4.0,4.0,4.0,2.0,4.0,4.0,2.0,5.0,4.0,4.0,1.0,,,,,,4.0,3.0,2.0,,4.0,1.0,6.0,5.0,5.0,5.0,5.0,5.0,6.0,6.0,55.0,55.0,50.0,45.0,60.0,58.0,48.0,65.0,62.0,75.0,4.0,,7.0,,,,,,,,,,,1.0,1.0,1.0,1.0,1.0,1.0,2.0,1.0,1.0,2.0,2.0,2.0,1.0,1.0,2.0,2.0,2.0,2.0,2.0,1.0,1.0,2.0,2.0,1.0,2.0,2.0,2.0,1.0,2.0,2.0,1.0,2.0,2.0,2.0,1.0,2.0,1.0,1.0,2.0,1.0,2.0,1.0,2.0,2.0,1.0,2.0,4.0,,,6.0,,,,20.0,,,4.0
pid_383,1.0,,,2.0,2.0,54.0,,,2.0,380.0,,,40.0,,,3.0,2.0,2.0,5.0,2.0,4.0,4.0,1.0,4.0,2.0,4.0,,,5.0,4.0,5.0,3.0,,,,,4.0,1.0,6.0,5.0,5.0,5.0,5.0,5.0,6.0,6.0,55.0,70.0,60.0,45.0,60.0,65.0,50.0,75.0,65.0,80.0,4.0,6.0,,1.0,1.0,1.0,1.0,1.0,1.0,1.0,1.0,1.0,1.0,,,,,,,1.0,2.0,1.0,2.0,1.0,1.0,2.0,1.0,2.0,1.0,2.0,1.0,2.0,2.0,1.0,2.0,2.0,2.0,1.0,1.0,2.0,2.0,2.0,1.0,1.0,2.0,2.0,1.0,1.0,2.0,1.0,1.0,1.0,1.0,2.0,2.0,2.0,1.0,2.0,2.0,,,5.0,,,6.0,,15.0,3.0,,
pid_384,1.0,,1.0,,,,1.0,54.0,2.0,380.0,,,,80.0,,2.0,4.0,5.0,1.0,1.0,5.0,5.0,4.0,5.0,5.0,5.0,1.0,,,,,,4.0,3.0,3.0,5.0,,2.0,6.0,3.0,5.0,5.0,5.0,5.0,6.0,6.0,55.0,65.0,45.0,35.0,65.0,60.0,55.0,75.0,70.0,80.0,4.0,,6.0,,,,,,,,,,,1.0,1.0,1.0,1.0,1.0,1.0,2.0,2.0,1.0,1.0,1.0,1.0,2.0,1.0,2.0,2.0,1.0,1.0,2.0,1.0,1.0,1.0,2.0,2.0,2.0,2.0,1.0,2.0,2.0,2.0,2.0,1.0,2.0,2.0,2.0,1.0,1.0,2.0,2.0,2.0,1.0,1.0,2.0,2.0,2.0,1.0,5.0,,,6.0,,,18.0,,2.0,,
pid_385,,1.0,1.0,,,,1.0,54.0,,,1.0,380.0,30.0,,,3.0,4.0,5.0,2.0,1.0,4.0,4.0,2.0,5.0,4.0,4.0,,4.0,,,,,4.0,3.0,3.0,,4.0,2.0,7.0,5.0,5.0,5.0,5.0,5.0,6.0,6.0,55.0,60.0,55.0,45.0,60.0,65.0,50.0,70.0,65.0,75.0,4.0,,6.0,,,,,,,,,,,1.0,1.0,1.0,1.0,1.0,1.0,2.0,1.0,1.0,1.0,2.0,1.0,2.0,2.0,1.0,2.0,1.0,2.0,1.0,1.0,2.0,1.0,1.0,2.0,2.0,1.0,2.0,2.0,2.0,2.0,2.0,2.0,2.0,2.0,2.0,2.0,1.0,1.0,1.0,1.0,2.0,1.0,1.0,2.0,2.0,2.0,,4.0,,,6.0,,16.0,,,9.0,
pid_386,2.0,,,2.0,2.0,54.0,,,,,1.0,380.0,30.0,,2.0,,4.0,4.0,2.0,2.0,4.0,5.0,2.0,4.0,4.0,4.0,,5.0,,,,,3.0,4.0,3.0,5.0,,1.0,7.0,5.0,5.0,5.0,5.0,5.0,6.0,6.0,60.0,60.0,50.0,40.0,55.0,65.0,50.0,70.0,65.0,75.0,4.0,7.0,,1.0,1.0,1.0,1.0,1.0,1.0,1.0,1.0,1.0,1.0,,,,,,,1.0,2.0,1.0,2.0,1.0,2.0,2.0,2.0,2.0,1.0,1.0,2.0,1.0,1.0,2.0,1.0,2.0,2.0,2.0,1.0,2.0,1.0,2.0,2.0,1.0,2.0,1.0,2.0,1.0,2.0,2.0,1.0,1.0,1.0,2.0,1.0,1.0,1.0,1.0,2.0,,5.0,,,6.0,,15.0,,2.0,,
pid_387,,2.0,1.0,,,,1.0,54.0,2.0,380.0,,,30.0,,3.0,,4.0,4.0,2.0,2.0,4.0,4.0,2.0,5.0,4.0,5.0,1.0,,,,,,4.0,3.0,5.0,,4.0,2.0,6.0,5.0,5.0,5.0,3.0,5.0,6.0,6.0,55.0,58.0,48.0,38.0,58.0,62.0,50.0,70.0,65.0,78.0,4.0,,6.0,1.0,1.0,1.0,1.0,1.0,1.0,1.0,1.0,1.0,1.0,,,,,,,2.0,1.0,2.0,1.0,2.0,1.0,2.0,2.0,2.0,1.0,1.0,2.0,2.0,2.0,1.0,2.0,2.0,2.0,1.0,2.0,2.0,2.0,2.0,1.0,2.0,1.0,2.0,2.0,1.0,1.0,2.0,1.0,2.0,2.0,1.0,2.0,2.0,2.0,1.0,2.0,5.0,,,6.0,,,16.0,,,9.0,
pid_388,2.0,,1.0,,2.0,54.0,,,2.0,379.0,,,,70.0,1.0,,5.0,5.0,1.0,1.0,5.0,5.0,4.0,5.0,5.0,5.0,1.0,,,4.0,3.0,2.0,,,,,4.0,2.0,6.0,3.0,5.0,5.0,5.0,6.0,6.0,6.0,55.0,58.0,42.0,35.0,62.0,60.0,52.0,68.0,65.0,72.0,4.0,,6.0,1.0,1.0,1.0,1.0,1.0,1.0,1.0,1.0,1.0,1.0,,,,,,,1.0,2.0,2.0,2.0,2.0,2.0,1.0,1.0,1.0,2.0,2.0,2.0,2.0,2.0,2.0,2.0,2.0,2.0,1.0,2.0,1.0,2.0,1.0,1.0,1.0,1.0,2.0,2.0,2.0,2.0,1.0,1.0,2.0,1.0,2.0,2.0,1.0,1.0,2.0,2.0,5.0,,,6.0,,,18.0,,2.0,,
pid_389,,2.0,,2.0,2.0,54.0,,,,,1.0,380.0,30.0,,3.0,,4.0,5.0,2.0,1.0,5.0,5.0,4.0,5.0,5.0,5.0,,,5.0,4.0,5.0,3.0,,,,6.0,,1.0,7.0,5.0,5.0,5.0,5.0,6.0,6.0,6.0,65.0,61.0,42.0,35.0,62.0,68.0,55.0,72.0,70.0,78.0,4.0,6.0,,1.0,1.0,1.0,1.0,1.0,1.0,1.0,1.0,1.0,1.0,,,,,,,1.0,2.0,2.0,2.0,2.0,2.0,2.0,1.0,2.0,2.0,2.0,2.0,2.0,2.0,2.0,1.0,2.0,1.0,2.0,2.0,2.0,2.0,2.0,2.0,1.0,1.0,1.0,2.0,1.0,2.0,1.0,1.0,2.0,2.0,1.0,1.0,2.0,2.0,2.0,1.0,,,5.0,,,6.0,,20.0,3.0,,
pid_390,1.0,,1.0,,,,1.0,54.0,2.0,350.0,,,50.0,,1.0,,2.0,1.0,5.0,4.0,3.0,2.0,1.0,2.0,2.0,3.0,,,4.0,4.0,5.0,2.0,,,,6.0,,1.0,6.0,5.0,5.0,3.0,5.0,5.0,6.0,6.0,50.0,55.0,55.0,45.0,55.0,55.0,50.0,70.0,65.0,75.0,4.0,6.0,,1.0,1.0,1.0,1.0,1.0,1.0,1.0,1.0,1.0,1.0,,,,,,,1.0,1.0,2.0,2.0,1.0,1.0,1.0,1.0,1.0,1.0,1.0,1.0,2.0,2.0,1.0,1.0,2.0,2.0,2.0,1.0,2.0,2.0,1.0,1.0,2.0,1.0,2.0,1.0,2.0,2.0,1.0,1.0,1.0,1.0,2.0,2.0,2.0,1.0,1.0,1.0,,,4.0,,,6.0,,5.0,,,4.0
pid_391,1.0,,,2.0,,,1.0,54.0,2.0,380.0,,,,75.0,,1.0,4.0,4.0,2.0,2.0,4.0,4.0,2.0,4.0,4.0,4.0,,5.0,,,,,4.0,3.0,5.0,,4.0,2.0,7.0,5.0,5.0,5.0,5.0,5.0,6.0,6.0,55.0,65.0,45.0,40.0,60.0,55.0,45.0,65.0,65.0,75.0,4.0,,6.0,1.0,1.0,1.0,1.0,1.0,1.0,1.0,1.0,1.0,1.0,,,,,,,2.0,2.0,2.0,2.0,1.0,2.0,1.0,2.0,2.0,2.0,1.0,2.0,2.0,1.0,1.0,2.0,1.0,2.0,1.0,2.0,2.0,1.0,1.0,1.0,2.0,2.0,2.0,1.0,1.0,2.0,1.0,1.0,2.0,2.0,2.0,2.0,2.0,2.0,2.0,2.0,,5.0,,,6.0,,,20.0,4.0,,
pid_392,,1.0,1.0,,2.0,54.0,,,,,1.0,100.0,,80.0,1.0,,5.0,5.0,1.0,1.0,5.0,5.0,5.0,5.0,5.0,5.0,,5.0,,,,,3.0,4.0,5.0,,6.0,1.0,6.0,3.0,5.0,5.0,5.0,6.0,6.0,6.0,65.0,62.0,52.0,39.0,63.0,68.0,55.0,75.0,68.0,83.0,4.0,,7.0,1.0,1.0,1.0,1.0,1.0,1.0,1.0,1.0,1.0,1.0,,,,,,,2.0,2.0,2.0,2.0,2.0,1.0,1.0,2.0,1.0,1.0,2.0,1.0,2.0,1.0,2.0,1.0,2.0,2.0,1.0,1.0,1.0,2.0,2.0,2.0,1.0,2.0,2.0,1.0,1.0,2.0,2.0,2.0,2.0,2.0,2.0,2.0,1.0,1.0,1.0,1.0,,5.0,,,6.0,,,8.0,,9.0,
pid_393,,1.0,,2.0,,,1.0,54.0,2.0,379.0,,,30.0,,,3.0,4.0,5.0,2.0,1.0,5.0,5.0,4.0,5.0,5.0,5.0,,,5.0,4.0,5.0,3.0,,,,,4.0,2.0,7.0,5.0,5.0,5.0,3.0,5.0,6.0,6.0,60.0,65.0,45.0,35.0,65.0,65.0,55.0,75.0,70.0,75.0,4.0,,6.0,,,,,,,,,,,1.0,1.0,1.0,1.0,1.0,1.0,1.0,1.0,1.0,2.0,1.0,1.0,1.0,1.0,1.0,1.0,2.0,1.0,1.0,1.0,1.0,1.0,2.0,1.0,1.0,1.0,1.0,1.0,2.0,2.0,1.0,2.0,1.0,2.0,1.0,2.0,2.0,1.0,1.0,1.0,2.0,1.0,2.0,1.0,1.0,1.0,,,5.0,,,6.0,15.0,,3.0,,
pid_394,,1.0,1.0,,2.0,54.0,,,,,1.0,379.0,,70.0,3.0,,5.0,5.0,1.0,1.0,5.0,5.0,5.0,5.0,5.0,5.0,2.0,,,4.0,5.0,3.0,,,,4.0,,1.0,7.0,2.0,5.0,3.0,2.0,5.0,6.0,6.0,65.0,60.0,45.0,35.0,60.0,68.0,55.0,75.0,68.0,80.0,4.0,,7.0,,,,,,,,,,,1.0,1.0,1.0,1.0,1.0,1.0,2.0,2.0,2.0,2.0,2.0,2.0,2.0,2.0,2.0,2.0,2.0,1.0,1.0,1.0,1.0,2.0,1.0,1.0,1.0,2.0,2.0,2.0,2.0,2.0,1.0,2.0,1.0,2.0,2.0,2.0,2.0,2.0,2.0,1.0,2.0,2.0,1.0,2.0,2.0,2.0,5.0,,,6.0,,,18.0,,,9.0,
pid_395,1.0,,,1.0,,,1.0,54.0,,,1.0,380.0,,70.0,,1.0,5.0,1.0,5.0,4.0,5.0,5.0,1.0,4.0,1.0,4.0,,,5.0,,,,4.0,5.0,5.0,,6.0,2.0,7.0,3.0,5.0,6.0,3.0,5.0,6.0,6.0,55.0,55.0,60.0,45.0,60.0,58.0,45.0,70.0,65.0,75.0,4.0,7.0,,1.0,1.0,1.0,1.0,1.0,1.0,1.0,1.0,1.0,1.0,,,,,,,1.0,1.0,2.0,2.0,1.0,2.0,2.0,1.0,2.0,1.0,2.0,1.0,1.0,1.0,1.0,1.0,2.0,2.0,1.0,2.0,2.0,1.0,2.0,1.0,2.0,2.0,1.0,1.0,2.0,1.0,2.0,2.0,1.0,2.0,2.0,1.0,1.0,1.0,1.0,2.0,,,5.0,,,6.0,18.0,,,9.0,
pid_396,,1.0,,2.0,2.0,54.0,,,2.0,379.0,,,30.0,,3.0,,5.0,5.0,1.0,1.0,5.0,5.0,4.0,5.0,5.0,5.0,,5.0,,,,,5.0,4.0,3.0,,4.0,2.0,7.0,3.0,5.0,5.0,5.0,6.0,6.0,6.0,55.0,58.0,42.0,35.0,62.0,60.0,48.0,72.0,66.0,78.0,4.0,,7.0,1.0,1.0,1.0,1.0,1.0,1.0,1.0,1.0,1.0,1.0,,,,,,,1.0,2.0,1.0,2.0,2.0,2.0,2.0,2.0,2.0,1.0,2.0,2.0,2.0,2.0,2.0,1.0,1.0,1.0,2.0,2.0,1.0,2.0,1.0,2.0,1.0,1.0,2.0,2.0,2.0,2.0,2.0,2.0,1.0,2.0,1.0,1.0,2.0,2.0,2.0,1.0,,5.0,,,6.0,,,12.0,,,3.0
pid_397,,1.0,1.0,,2.0,54.0,,,2.0,380.0,,,30.0,,,1.0,4.0,5.0,1.0,1.0,5.0,5.0,4.0,5.0,5.0,5.0,2.0,,,,,,4.0,5.0,5.0,4.0,,2.0,7.0,3.0,5.0,5.0,3.0,5.0,6.0,6.0,60.0,65.0,45.0,35.0,65.0,60.0,55.0,75.0,70.0,80.0,4.0,,6.0,,,,,,,,,,,1.0,1.0,1.0,1.0,1.0,1.0,1.0,2.0,2.0,1.0,1.0,2.0,1.0,1.0,2.0,2.0,1.0,1.0,2.0,2.0,2.0,2.0,2.0,2.0,2.0,1.0,1.0,2.0,2.0,2.0,2.0,2.0,2.0,2.0,2.0,2.0,2.0,1.0,2.0,1.0,2.0,1.0,2.0,2.0,1.0,2.0,5.0,,,6.0,,,,20.0,,9.0,
pid_398,1.0,,,2.0,2.0,54.0,,,2.0,350.0,,,,85.0,,2.0,4.0,5.0,2.0,1.0,5.0,4.0,4.0,5.0,5.0,5.0,,,4.0,,,,4.0,4.0,5.0,4.0,,1.0,6.0,3.0,5.0,5.0,3.0,5.0,6.0,6.0,55.0,65.0,45.0,42.0,62.0,60.0,52.0,75.0,68.0,78.0,4.0,,6.0,1.0,1.0,1.0,1.0,1.0,1.0,1.0,1.0,1.0,1.0,,,,,,,2.0,1.0,1.0,2.0,2.0,2.0,2.0,2.0,2.0,2.0,2.0,1.0,1.0,1.0,2.0,1.0,2.0,2.0,2.0,1.0,2.0,2.0,2.0,2.0,2.0,1.0,2.0,2.0,2.0,1.0,2.0,1.0,2.0,2.0,2.0,2.0,2.0,1.0,1.0,2.0,,,5.0,,,6.0,,15.0,,,3.0
pid_399,,1.0,1.0,,,,1.0,54.0,2.0,380.0,,,,70.0,3.0,,4.0,5.0,1.0,1.0,5.0,5.0,4.0,5.0,5.0,5.0,2.0,,,4.0,5.0,3.0,,,,,4.0,1.0,7.0,3.0,5.0,5.0,5.0,5.0,6.0,6.0,55.0,55.0,45.0,40.0,60.0,58.0,50.0,70.0,65.0,75.0,4.0,6.0,,,,,,,,,,,,1.0,1.0,1.0,1.0,1.0,1.0,1.0,2.0,1.0,1.0,2.0,2.0,1.0,2.0,2.0,2.0,1.0,2.0,2.0,2.0,1.0,2.0,2.0,1.0,1.0,2.0,1.0,1.0,1.0,2.0,2.0,2.0,2.0,2.0,1.0,2.0,1.0,1.0,1.0,2.0,2.0,2.0,2.0,2.0,1.0,2.0,5.0,,,6.0,,,18.0,,3.0,,
pid_400,,1.0,,1.0,,,1.0,30.0,2.0,500.0,,,30.0,,1.0,,5.0,5.0,1.0,1.0,5.0,5.0,4.0,5.0,5.0,5.0,,4.0,,4.0,5.0,3.0,,,,6.0,,1.0,7.0,3.0,5.0,5.0,5.0,5.0,6.0,6.0,60.0,65.0,45.0,35.0,65.0,65.0,55.0,75.0,70.0,80.0,4.0,6.0,,1.0,1.0,1.0,1.0,1.0,1.0,1.0,1.0,1.0,1.0,,,,,,,2.0,2.0,2.0,2.0,2.0,2.0,2.0,1.0,2.0,1.0,2.0,2.0,2.0,2.0,1.0,2.0,2.0,2.0,1.0,2.0,1.0,2.0,2.0,2.0,2.0,2.0,2.0,1.0,2.0,2.0,1.0,1.0,1.0,2.0,2.0,2.0,2.0,1.0,2.0,2.0,,5.0,,,6.0,,,5.0,,,4.0
pid_401,1.0,,,2.0,,,1.0,40.0,,,1.0,380.0,30.0,,,3.0,4.0,5.0,2.0,2.0,5.0,4.0,4.0,5.0,5.0,5.0,1.0,,,4.0,5.0,3.0,,,,4.0,,2.0,7.0,5.0,5.0,6.0,5.0,6.0,6.0,6.0,50.0,55.0,45.0,50.0,55.0,60.0,45.0,65.0,65.0,70.0,4.0,6.0,,,,,,,,,,,,1.0,1.0,1.0,1.0,1.0,1.0,1.0,2.0,2.0,1.0,2.0,1.0,2.0,2.0,2.0,1.0,2.0,1.0,1.0,1.0,2.0,1.0,2.0,1.0,2.0,1.0,2.0,2.0,2.0,2.0,2.0,2.0,2.0,2.0,1.0,1.0,1.0,2.0,2.0,2.0,1.0,1.0,1.0,2.0,2.0,1.0,4.0,,,4.0,,,,18.0,,9.0,
pid_402,1.0,,1.0,,2.0,54.0,,,,,1.0,200.0,40.0,,,2.0,4.0,1.0,5.0,4.0,4.0,4.0,1.0,4.0,2.0,4.0,,5.0,,5.0,5.0,3.0,,,,,4.0,1.0,7.0,3.0,5.0,5.0,3.0,5.0,6.0,6.0,55.0,60.0,55.0,42.0,52.0,58.0,45.0,65.0,64.0,75.0,4.0,,6.0,,,,,,,,,,,1.0,1.0,1.0,1.0,1.0,1.0,2.0,1.0,2.0,1.0,1.0,2.0,1.0,1.0,2.0,2.0,1.0,1.0,2.0,1.0,2.0,2.0,1.0,2.0,1.0,2.0,1.0,1.0,2.0,2.0,2.0,2.0,1.0,1.0,1.0,1.0,1.0,2.0,1.0,2.0,2.0,2.0,2.0,1.0,2.0,2.0,,5.0,,,6.0,,,10.0,,9.0,
pid_403,1.0,,1.0,,,,1.0,54.0,,,1.0,380.0,30.0,,2.0,,5.0,5.0,1.0,1.0,5.0,5.0,4.0,5.0,5.0,5.0,4.0,,,,,,4.0,5.0,5.0,,6.0,2.0,7.0,5.0,5.0,5.0,3.0,5.0,6.0,6.0,55.0,55.0,45.0,40.0,60.0,65.0,50.0,70.0,65.0,75.0,4.0,6.0,,,,,,,,,,,,1.0,1.0,1.0,1.0,1.0,1.0,1.0,1.0,1.0,2.0,1.0,1.0,2.0,2.0,1.0,2.0,2.0,1.0,1.0,2.0,2.0,2.0,2.0,2.0,2.0,1.0,1.0,1.0,1.0,2.0,1.0,1.0,1.0,1.0,1.0,1.0,1.0,2.0,1.0,1.0,2.0,1.0,1.0,2.0,2.0,2.0,5.0,,,5.0,,,18.0,,2.0,,
pid_404,,1.0,,1.0,2.0,54.0,,,2.0,380.0,,,,70.0,2.0,,4.0,1.0,5.0,4.0,4.0,4.0,1.0,2.0,2.0,2.0,,5.0,,4.0,5.0,3.0,,,,,3.0,2.0,6.0,5.0,5.0,5.0,5.0,5.0,6.0,6.0,65.0,55.0,60.0,55.0,60.0,63.0,50.0,70.0,65.0,75.0,4.0,,7.0,,,,,,,,,,,1.0,1.0,1.0,1.0,1.0,1.0,1.0,2.0,1.0,2.0,2.0,1.0,1.0,1.0,2.0,1.0,1.0,1.0,1.0,1.0,2.0,1.0,1.0,2.0,1.0,1.0,2.0,1.0,2.0,1.0,1.0,1.0,1.0,2.0,2.0,1.0,2.0,2.0,1.0,2.0,1.0,2.0,1.0,1.0,1.0,1.0,,4.0,,,6.0,,,2.0,,9.0,
pid_405,,1.0,1.0,,2.0,54.0,,,2.0,380.0,,,30.0,,,3.0,4.0,5.0,1.0,1.0,5.0,5.0,4.0,5.0,5.0,5.0,,5.0,,,,,3.0,4.0,3.0,6.0,,1.0,7.0,3.0,5.0,5.0,5.0,5.0,6.0,6.0,60.0,65.0,35.0,40.0,65.0,65.0,55.0,75.0,70.0,80.0,4.0,,7.0,1.0,1.0,1.0,1.0,1.0,1.0,1.0,1.0,1.0,1.0,,,,,,,2.0,2.0,2.0,2.0,2.0,1.0,2.0,2.0,1.0,1.0,2.0,1.0,2.0,1.0,1.0,1.0,1.0,2.0,2.0,1.0,1.0,2.0,1.0,1.0,1.0,1.0,2.0,2.0,2.0,2.0,1.0,2.0,1.0,1.0,1.0,1.0,2.0,1.0,1.0,1.0,,5.0,,,6.0,,18.0,,,9.0,
pid_406,1.0,,,2.0,,,1.0,30.0,2.0,500.0,,,,70.0,,3.0,4.0,4.0,2.0,2.0,4.0,4.0,4.0,5.0,4.0,4.0,,,5.0,4.0,5.0,2.0,,,,,4.0,1.0,6.0,3.0,5.0,5.0,5.0,5.0,6.0,6.0,55.0,60.0,50.0,40.0,60.0,60.0,55.0,70.0,65.0,75.0,4.0,6.0,,1.0,1.0,1.0,1.0,1.0,1.0,1.0,1.0,1.0,1.0,,,,,,,1.0,1.0,1.0,2.0,2.0,2.0,2.0,1.0,1.0,2.0,2.0,2.0,2.0,1.0,2.0,2.0,1.0,1.0,2.0,1.0,2.0,1.0,2.0,2.0,2.0,2.0,2.0,1.0,1.0,2.0,1.0,2.0,1.0,1.0,2.0,1.0,2.0,1.0,2.0,2.0,,,5.0,,,5.0,18.0,,,9.0,
pid_407,,1.0,1.0,,2.0,54.0,,,2.0,379.0,,,,80.0,3.0,,4.0,5.0,2.0,1.0,5.0,5.0,4.0,5.0,5.0,5.0,1.0,,,4.0,5.0,3.0,,,,4.0,,2.0,6.0,5.0,3.0,5.0,5.0,5.0,6.0,6.0,60.0,65.0,50.0,45.0,65.0,65.0,55.0,75.0,70.0,80.0,4.0,6.0,,1.0,1.0,1.0,1.0,1.0,1.0,1.0,1.0,1.0,1.0,,,,,,,2.0,2.0,1.0,2.0,2.0,1.0,2.0,2.0,2.0,1.0,2.0,2.0,2.0,2.0,1.0,2.0,2.0,1.0,2.0,1.0,2.0,1.0,1.0,1.0,2.0,2.0,2.0,2.0,1.0,2.0,1.0,2.0,1.0,2.0,2.0,2.0,2.0,1.0,1.0,1.0,5.0,,,6.0,,,,20.0,,9.0,
pid_408,1.0,,1.0,,,,1.0,54.0,2.0,380.0,,,30.0,,,2.0,5.0,5.0,1.0,1.0,5.0,5.0,5.0,5.0,5.0,5.0,1.0,,,,,,4.0,5.0,5.0,6.0,,2.0,7.0,3.0,5.0,5.0,5.0,5.0,6.0,6.0,65.0,65.0,45.0,40.0,60.0,65.0,55.0,75.0,65.0,80.0,4.0,,6.0,,,,,,,,,,,1.0,1.0,1.0,1.0,1.0,1.0,2.0,2.0,2.0,2.0,2.0,2.0,2.0,1.0,1.0,1.0,1.0,2.0,2.0,1.0,1.0,1.0,2.0,2.0,1.0,2.0,2.0,2.0,2.0,2.0,2.0,1.0,1.0,2.0,2.0,1.0,1.0,2.0,2.0,2.0,1.0,2.0,2.0,1.0,2.0,1.0,5.0,,,6.0,,,18.0,,,,3.0
pid_409,,2.0,1.0,,,,1.0,54.0,2.0,380.0,,,,70.0,,1.0,2.0,1.0,5.0,5.0,4.0,4.0,1.0,2.0,1.0,4.0,,5.0,,4.0,5.0,3.0,,,,6.0,,2.0,7.0,5.0,5.0,6.0,5.0,6.0,6.0,6.0,55.0,60.0,55.0,45.0,65.0,60.0,55.0,70.0,65.0,75.0,4.0,,6.0,1.0,1.0,1.0,1.0,1.0,1.0,1.0,1.0,1.0,1.0,,,,,,,2.0,1.0,1.0,1.0,2.0,2.0,1.0,1.0,2.0,1.0,1.0,1.0,1.0,1.0,1.0,1.0,1.0,1.0,2.0,2.0,1.0,1.0,1.0,2.0,1.0,2.0,1.0,1.0,1.0,1.0,2.0,1.0,2.0,2.0,2.0,1.0,1.0,2.0,1.0,1.0,,5.0,,,6.0,,15.0,,3.0,,
pid_410,,1.0,1.0,,,,1.0,54.0,,,1.0,379.0,30.0,,3.0,,5.0,5.0,1.0,1.0,5.0,5.0,4.0,5.0,5.0,5.0,,5.0,,,,,4.0,5.0,5.0,4.0,,1.0,7.0,5.0,5.0,5.0,5.0,5.0,6.0,6.0,60.0,65.0,35.0,40.0,55.0,58.0,50.0,70.0,65.0,75.0,4.0,,6.0,,,,,,,,,,,1.0,1.0,1.0,1.0,1.0,1.0,1.0,1.0,1.0,2.0,2.0,1.0,1.0,1.0,1.0,2.0,2.0,2.0,2.0,2.0,1.0,2.0,2.0,2.0,2.0,1.0,2.0,1.0,1.0,2.0,1.0,2.0,2.0,1.0,2.0,1.0,1.0,2.0,1.0,2.0,1.0,1.0,1.0,2.0,1.0,2.0,,5.0,,,6.0,,,12.0,,9.0,
pid_411,1.0,,1.0,,,,1.0,54.0,,,1.0,379.0,40.0,,,2.0,4.0,1.0,5.0,4.0,4.0,5.0,1.0,4.0,2.0,4.0,1.0,,,,,,4.0,5.0,3.0,,4.0,2.0,6.0,5.0,5.0,5.0,3.0,6.0,6.0,6.0,55.0,58.0,63.0,48.0,62.0,60.0,48.0,72.0,68.0,82.0,4.0,6.0,,,,,,,,,,,,1.0,1.0,1.0,1.0,1.0,1.0,1.0,1.0,2.0,1.0,1.0,1.0,2.0,2.0,2.0,1.0,2.0,1.0,2.0,2.0,2.0,1.0,2.0,1.0,2.0,2.0,1.0,2.0,1.0,1.0,1.0,2.0,1.0,1.0,2.0,1.0,2.0,1.0,1.0,1.0,2.0,1.0,1.0,2.0,1.0,2.0,4.0,,,6.0,,,18.0,,,9.0,
pid_412,,1.0,,2.0,,,1.0,40.0,2.0,380.0,,,,70.0,,3.0,2.0,1.0,5.0,4.0,2.0,2.0,1.0,2.0,1.0,4.0,,,5.0,,,,4.0,5.0,5.0,4.0,,2.0,6.0,5.0,5.0,5.0,3.0,5.0,6.0,6.0,60.0,55.0,60.0,55.0,55.0,60.0,50.0,65.0,65.0,75.0,4.0,6.0,,1.0,1.0,1.0,1.0,1.0,1.0,1.0,1.0,1.0,1.0,,,,,,,2.0,1.0,1.0,2.0,1.0,2.0,2.0,1.0,1.0,1.0,1.0,2.0,1.0,2.0,1.0,2.0,2.0,1.0,2.0,1.0,1.0,2.0,2.0,2.0,2.0,2.0,1.0,1.0,1.0,2.0,1.0,1.0,1.0,1.0,1.0,2.0,2.0,1.0,2.0,1.0,,,5.0,,,6.0,18.0,,,6.0,
pid_413,,1.0,2.0,,,,1.0,54.0,2.0,380.0,,,30.0,,,2.0,4.0,4.0,2.0,2.0,4.0,4.0,3.0,5.0,4.0,5.0,,5.0,,,,,3.0,4.0,5.0,,4.0,2.0,6.0,5.0,3.0,5.0,5.0,6.0,6.0,6.0,55.0,60.0,45.0,40.0,60.0,65.0,50.0,70.0,65.0,75.0,4.0,6.0,,1.0,1.0,1.0,1.0,1.0,1.0,1.0,1.0,1.0,1.0,,,,,,,1.0,2.0,1.0,2.0,1.0,1.0,1.0,2.0,1.0,1.0,2.0,2.0,2.0,2.0,2.0,1.0,2.0,1.0,2.0,1.0,1.0,1.0,1.0,1.0,1.0,2.0,1.0,1.0,1.0,1.0,1.0,1.0,1.0,1.0,2.0,2.0,1.0,1.0,1.0,1.0,,5.0,,,6.0,,18.0,,,6.0,
pid_414,1.0,,2.0,,2.0,54.0,,,2.0,380.0,,,,80.0,3.0,,2.0,1.0,5.0,4.0,2.0,2.0,1.0,4.0,2.0,4.0,4.0,,,,,,3.0,4.0,5.0,,4.0,2.0,6.0,5.0,5.0,5.0,5.0,5.0,6.0,6.0,55.0,65.0,70.0,55.0,60.0,58.0,52.0,65.0,62.0,78.0,4.0,7.0,,1.0,1.0,1.0,1.0,1.0,1.0,1.0,1.0,1.0,1.0,,,,,,,2.0,2.0,1.0,1.0,2.0,1.0,2.0,2.0,1.0,2.0,2.0,1.0,2.0,2.0,1.0,2.0,1.0,1.0,1.0,1.0,2.0,1.0,2.0,2.0,1.0,1.0,2.0,2.0,2.0,1.0,1.0,2.0,1.0,1.0,2.0,2.0,1.0,1.0,2.0,1.0,4.0,,,5.0,,,18.0,,2.0,,
pid_415,1.0,,,2.0,,,1.0,54.0,2.0,380.0,,,30.0,,,3.0,5.0,5.0,1.0,1.0,4.0,5.0,4.0,5.0,5.0,5.0,,,5.0,,,,4.0,4.0,3.0,,4.0,2.0,6.0,5.0,5.0,5.0,5.0,6.0,6.0,6.0,60.0,60.0,45.0,35.0,55.0,65.0,55.0,70.0,65.0,75.0,4.0,7.0,,1.0,1.0,1.0,1.0,1.0,1.0,1.0,1.0,1.0,1.0,,,,,,,1.0,1.0,2.0,2.0,1.0,2.0,1.0,1.0,2.0,2.0,2.0,2.0,1.0,2.0,2.0,1.0,1.0,1.0,1.0,2.0,2.0,2.0,1.0,1.0,2.0,2.0,2.0,2.0,1.0,2.0,1.0,1.0,2.0,2.0,1.0,2.0,1.0,2.0,2.0,1.0,,,5.0,,,6.0,,0.0,3.0,,
pid_416,1.0,,,2.0,,,1.0,54.0,2.0,379.0,,,35.0,,3.0,,2.0,1.0,5.0,4.0,4.0,4.0,1.0,4.0,2.0,4.0,,5.0,,,,,4.0,4.0,5.0,,4.0,1.0,6.0,5.0,5.0,5.0,3.0,5.0,6.0,6.0,55.0,54.0,58.0,48.0,62.0,58.0,52.0,68.0,65.0,75.0,4.0,6.0,,1.0,1.0,1.0,1.0,1.0,1.0,1.0,1.0,1.0,1.0,,,,,,,2.0,2.0,2.0,1.0,1.0,1.0,1.0,2.0,2.0,1.0,2.0,1.0,1.0,1.0,2.0,1.0,1.0,2.0,2.0,1.0,1.0,2.0,2.0,2.0,2.0,1.0,1.0,2.0,1.0,2.0,1.0,1.0,2.0,2.0,1.0,2.0,1.0,1.0,2.0,2.0,,5.0,,,6.0,,18.0,,,,3.0
pid_417,1.0,,,2.0,2.0,54.0,,,2.0,380.0,,,30.0,,3.0,,4.0,5.0,1.0,1.0,5.0,5.0,4.0,5.0,5.0,5.0,,,5.0,,,,4.0,5.0,5.0,,4.0,2.0,7.0,5.0,5.0,5.0,5.0,5.0,6.0,6.0,65.0,65.0,40.0,35.0,60.0,65.0,55.0,70.0,70.0,80.0,4.0,,6.0,1.0,1.0,1.0,1.0,1.0,1.0,1.0,1.0,1.0,1.0,,,,,,,2.0,2.0,2.0,1.0,2.0,2.0,2.0,2.0,2.0,1.0,2.0,2.0,2.0,1.0,1.0,2.0,2.0,1.0,2.0,2.0,2.0,2.0,1.0,2.0,1.0,2.0,2.0,1.0,2.0,2.0,1.0,2.0,2.0,2.0,2.0,2.0,2.0,2.0,2.0,2.0,,,5.0,,,6.0,15.0,,,6.0,
pid_418,1.0,,1.0,,2.0,54.0,,,,,1.0,380.0,,85.0,1.0,,2.0,2.0,5.0,4.0,4.0,4.0,1.0,4.0,3.0,4.0,1.0,,,4.0,5.0,2.0,,,,,4.0,1.0,6.0,5.0,5.0,5.0,5.0,5.0,6.0,6.0,55.0,55.0,60.0,55.0,60.0,58.0,50.0,70.0,60.0,75.0,4.0,,6.0,1.0,1.0,1.0,1.0,1.0,1.0,1.0,1.0,1.0,1.0,,,,,,,2.0,2.0,2.0,2.0,2.0,2.0,1.0,1.0,1.0,2.0,1.0,1.0,2.0,1.0,2.0,2.0,1.0,2.0,2.0,2.0,2.0,2.0,1.0,1.0,1.0,1.0,2.0,2.0,2.0,2.0,2.0,2.0,2.0,1.0,2.0,1.0,2.0,2.0,2.0,1.0,4.0,,,6.0,,,18.0,,,9.0,
pid_419,,1.0,2.0,,2.0,54.0,,,2.0,379.0,,,,75.0,,2.0,4.0,5.0,1.0,1.0,5.0,5.0,4.0,5.0,5.0,5.0,,,5.0,4.0,5.0,3.0,,,,4.0,,1.0,7.0,5.0,5.0,5.0,3.0,5.0,6.0,6.0,60.0,65.0,40.0,35.0,55.0,58.0,48.0,70.0,65.0,75.0,4.0,6.0,,,,,,,,,,,,1.0,1.0,1.0,1.0,1.0,1.0,1.0,2.0,2.0,1.0,2.0,2.0,1.0,2.0,1.0,2.0,2.0,1.0,1.0,1.0,2.0,2.0,2.0,1.0,2.0,2.0,1.0,2.0,2.0,2.0,1.0,2.0,1.0,1.0,1.0,1.0,2.0,1.0,1.0,2.0,2.0,1.0,2.0,1.0,2.0,2.0,,,5.0,,,6.0,,15.0,,,4.0
pid_420,1.0,,,2.0,2.0,54.0,,,2.0,380.0,,,,70.0,4.0,,4.0,4.0,2.0,2.0,4.0,4.0,2.0,5.0,4.0,4.0,,,5.0,4.0,5.0,,,,,,4.0,2.0,6.0,5.0,5.0,6.0,5.0,6.0,6.0,6.0,50.0,60.0,50.0,40.0,55.0,60.0,45.0,65.0,65.0,75.0,4.0,6.0,,1.0,1.0,1.0,1.0,1.0,1.0,1.0,1.0,1.0,1.0,,,,,,,2.0,2.0,1.0,2.0,2.0,1.0,1.0,2.0,2.0,2.0,2.0,2.0,2.0,2.0,2.0,1.0,2.0,1.0,2.0,2.0,2.0,1.0,2.0,2.0,2.0,1.0,1.0,1.0,2.0,1.0,1.0,2.0,1.0,2.0,2.0,1.0,1.0,2.0,1.0,2.0,,,5.0,,,6.0,,20.0,,,3.0
pid_421,1.0,,,2.0,2.0,30.0,,,2.0,380.0,,,70.0,,,5.0,2.0,1.0,5.0,4.0,2.0,2.0,1.0,2.0,1.0,2.0,4.0,,,,,,4.0,5.0,5.0,6.0,,2.0,6.0,5.0,5.0,5.0,5.0,6.0,6.0,6.0,60.0,65.0,55.0,45.0,65.0,65.0,55.0,75.0,70.0,80.0,4.0,7.0,,1.0,1.0,1.0,1.0,1.0,1.0,1.0,1.0,1.0,1.0,,,,,,,1.0,2.0,2.0,2.0,2.0,1.0,2.0,1.0,2.0,2.0,1.0,1.0,2.0,2.0,1.0,2.0,2.0,1.0,2.0,1.0,2.0,2.0,2.0,2.0,2.0,2.0,1.0,2.0,2.0,1.0,2.0,2.0,2.0,1.0,1.0,1.0,2.0,1.0,2.0,1.0,4.0,,,6.0,,,,0.0,,6.0,
pid_422,1.0,,,2.0,,,1.0,54.0,,,1.0,379.0,,70.0,3.0,,2.0,4.0,5.0,4.0,4.0,2.0,1.0,4.0,2.0,4.0,,,5.0,5.0,3.0,2.0,,,,6.0,,2.0,6.0,5.0,5.0,5.0,5.0,6.0,6.0,6.0,55.0,60.0,55.0,58.0,60.0,58.0,48.0,68.0,65.0,75.0,4.0,,6.0,1.0,1.0,1.0,1.0,1.0,1.0,1.0,1.0,1.0,1.0,,,,,,,2.0,2.0,2.0,2.0,2.0,2.0,2.0,2.0,2.0,1.0,2.0,1.0,2.0,2.0,1.0,1.0,2.0,1.0,1.0,2.0,2.0,1.0,2.0,1.0,2.0,2.0,2.0,2.0,1.0,2.0,1.0,1.0,2.0,1.0,2.0,2.0,2.0,1.0,1.0,1.0,,,4.0,,,6.0,,20.0,1.0,,
pid_423,1.0,,,2.0,2.0,54.0,,,2.0,380.0,,,,85.0,,3.0,4.0,2.0,5.0,2.0,5.0,5.0,1.0,4.0,2.0,4.0,2.0,,,,,,4.0,5.0,5.0,,4.0,2.0,7.0,5.0,5.0,6.0,5.0,5.0,6.0,6.0,55.0,55.0,52.0,49.0,62.0,58.0,48.0,69.0,63.0,72.0,4.0,6.0,,,,,,,,,,,,1.0,1.0,1.0,1.0,1.0,1.0,1.0,2.0,1.0,2.0,1.0,1.0,2.0,1.0,2.0,1.0,2.0,2.0,2.0,2.0,1.0,1.0,1.0,2.0,2.0,1.0,2.0,2.0,2.0,2.0,2.0,2.0,2.0,2.0,1.0,2.0,2.0,1.0,1.0,2.0,1.0,1.0,2.0,2.0,2.0,2.0,4.0,,,6.0,,,16.0,,3.0,,
pid_424,1.0,,,2.0,2.0,60.0,,,,,1.0,300.0,,80.0,,3.0,4.0,4.0,2.0,1.0,5.0,5.0,2.0,5.0,4.0,5.0,,,5.0,4.0,5.0,3.0,,,,,4.0,1.0,7.0,5.0,5.0,5.0,5.0,5.0,6.0,6.0,60.0,60.0,45.0,40.0,65.0,65.0,55.0,70.0,65.0,75.0,4.0,,7.0,1.0,1.0,1.0,1.0,1.0,1.0,1.0,1.0,1.0,1.0,,,,,,,2.0,1.0,1.0,1.0,2.0,2.0,1.0,1.0,1.0,1.0,2.0,2.0,1.0,1.0,1.0,2.0,1.0,1.0,2.0,1.0,2.0,2.0,1.0,2.0,2.0,2.0,2.0,1.0,2.0,2.0,2.0,2.0,1.0,2.0,1.0,2.0,2.0,1.0,2.0,1.0,,,5.0,,,6.0,15.0,,3.0,,
pid_425,,2.0,,2.0,2.0,54.0,,,,,1.0,380.0,,70.0,3.0,,2.0,1.0,4.0,4.0,4.0,2.0,1.0,4.0,2.0,4.0,1.0,,,4.0,5.0,,,,,4.0,,1.0,6.0,5.0,5.0,5.0,5.0,6.0,6.0,6.0,55.0,55.0,55.0,45.0,55.0,60.0,45.0,65.0,60.0,75.0,4.0,,6.0,,,,,,,,,,,1.0,1.0,1.0,1.0,1.0,1.0,2.0,1.0,2.0,2.0,2.0,1.0,2.0,1.0,1.0,1.0,1.0,1.0,1.0,1.0,2.0,2.0,2.0,2.0,2.0,2.0,1.0,2.0,2.0,1.0,1.0,1.0,1.0,1.0,2.0,1.0,1.0,2.0,2.0,1.0,2.0,2.0,2.0,1.0,1.0,2.0,4.0,,,5.0,,,,5.0,,,3.0
pid_426,,1.0,,2.0,2.0,54.0,,,,,1.0,379.0,,80.0,,3.0,4.0,4.0,4.0,4.0,4.0,4.0,2.0,4.0,4.0,4.0,,,5.0,4.0,5.0,3.0,,,,6.0,,2.0,7.0,5.0,5.0,5.0,5.0,5.0,6.0,6.0,60.0,55.0,60.0,45.0,65.0,65.0,45.0,70.0,65.0,75.0,4.0,6.0,,,,,,,,,,,,1.0,1.0,1.0,1.0,1.0,1.0,1.0,2.0,2.0,1.0,1.0,2.0,2.0,1.0,1.0,2.0,1.0,1.0,2.0,1.0,1.0,1.0,2.0,2.0,2.0,2.0,1.0,2.0,2.0,1.0,1.0,1.0,1.0,2.0,2.0,2.0,2.0,1.0,1.0,2.0,1.0,2.0,2.0,2.0,2.0,2.0,,,5.0,,,6.0,15.0,,3.0,,
pid_427,,2.0,,2.0,2.0,54.0,,,2.0,380.0,,,50.0,,3.0,,4.0,5.0,1.0,1.0,5.0,5.0,4.0,5.0,5.0,5.0,,,5.0,5.0,5.0,3.0,,,,4.0,,1.0,7.0,5.0,5.0,5.0,5.0,5.0,6.0,6.0,55.0,65.0,48.0,38.0,58.0,60.0,52.0,65.0,68.0,78.0,4.0,,6.0,,,,,,,,,,,1.0,1.0,1.0,1.0,1.0,1.0,2.0,2.0,1.0,1.0,2.0,2.0,2.0,2.0,1.0,2.0,2.0,2.0,2.0,2.0,1.0,2.0,2.0,2.0,2.0,1.0,2.0,1.0,2.0,1.0,2.0,1.0,2.0,1.0,2.0,2.0,1.0,2.0,1.0,1.0,1.0,2.0,2.0,1.0,2.0,2.0,,,5.0,,,6.0,,20.0,3.0,,
pid_428,1.0,,1.0,,,,1.0,54.0,,,1.0,200.0,30.0,,3.0,,4.0,5.0,4.0,2.0,5.0,5.0,2.0,5.0,4.0,5.0,,5.0,,4.0,5.0,3.0,,,,,4.0,1.0,7.0,5.0,5.0,6.0,5.0,6.0,6.0,6.0,55.0,65.0,55.0,45.0,60.0,65.0,50.0,70.0,65.0,75.0,4.0,,7.0,,,,,,,,,,,1.0,1.0,1.0,1.0,1.0,1.0,1.0,2.0,1.0,2.0,1.0,1.0,1.0,1.0,1.0,2.0,1.0,1.0,1.0,1.0,2.0,2.0,1.0,1.0,1.0,2.0,1.0,2.0,1.0,1.0,1.0,2.0,1.0,1.0,1.0,1.0,1.0,2.0,1.0,1.0,2.0,1.0,2.0,2.0,1.0,1.0,,5.0,,,6.0,,18.0,,2.0,,
pid_429,,2.0,2.0,,2.0,54.0,,,2.0,380.0,,,,80.0,,3.0,5.0,5.0,1.0,1.0,5.0,5.0,4.0,5.0,5.0,5.0,2.0,,,4.0,5.0,3.0,,,,6.0,,1.0,7.0,5.0,5.0,5.0,3.0,5.0,6.0,6.0,55.0,60.0,40.0,35.0,60.0,62.0,55.0,72.0,68.0,78.0,4.0,6.0,,,,,,,,,,,,1.0,1.0,1.0,1.0,1.0,1.0,2.0,1.0,2.0,1.0,1.0,1.0,2.0,1.0,2.0,1.0,1.0,1.0,2.0,2.0,2.0,1.0,1.0,2.0,1.0,2.0,2.0,2.0,2.0,2.0,1.0,1.0,1.0,2.0,2.0,2.0,2.0,2.0,1.0,2.0,2.0,1.0,2.0,1.0,1.0,2.0,5.0,,,6.0,,,18.0,,,,3.0
pid_430,1.0,,1.0,,2.0,54.0,,,2.0,380.0,,,40.0,,,2.0,2.0,1.0,5.0,4.0,4.0,4.0,1.0,4.0,2.0,4.0,,,5.0,,,,4.0,5.0,5.0,5.0,,1.0,6.0,5.0,3.0,5.0,3.0,5.0,6.0,6.0,55.0,55.0,58.0,52.0,58.0,60.0,50.0,68.0,65.0,75.0,4.0,,6.0,1.0,1.0,1.0,1.0,1.0,1.0,1.0,1.0,1.0,1.0,,,,,,,2.0,2.0,2.0,2.0,2.0,1.0,1.0,2.0,1.0,2.0,2.0,2.0,1.0,1.0,2.0,1.0,2.0,1.0,2.0,1.0,2.0,1.0,2.0,1.0,2.0,1.0,1.0,1.0,1.0,1.0,1.0,2.0,1.0,2.0,1.0,1.0,2.0,1.0,2.0,1.0,,,5.0,,,6.0,18.0,,,9.0,
pid_431,,2.0,1.0,,2.0,54.0,,,,,1.0,380.0,,65.0,3.0,,4.0,2.0,4.0,4.0,4.0,4.0,1.0,4.0,2.0,4.0,,5.0,,4.0,5.0,3.0,,,,4.0,,2.0,7.0,5.0,5.0,5.0,5.0,5.0,6.0,6.0,55.0,58.0,52.0,45.0,60.0,62.0,48.0,68.0,65.0,78.0,4.0,,7.0,,,,,,,,,,,1.0,1.0,1.0,1.0,1.0,1.0,2.0,2.0,2.0,1.0,2.0,1.0,2.0,2.0,2.0,1.0,1.0,1.0,2.0,2.0,1.0,2.0,1.0,1.0,1.0,2.0,1.0,1.0,1.0,1.0,2.0,2.0,1.0,1.0,2.0,2.0,1.0,1.0,1.0,2.0,2.0,2.0,2.0,2.0,2.0,2.0,,5.0,,,6.0,,18.0,,,6.0,
pid_432,,2.0,,2.0,2.0,54.0,,,2.0,380.0,,,30.0,,,1.0,4.0,4.0,2.0,2.0,4.0,4.0,3.0,4.0,4.0,4.0,,,5.0,,,,4.0,5.0,3.0,,4.0,1.0,6.0,5.0,5.0,6.0,5.0,5.0,6.0,6.0,55.0,60.0,55.0,40.0,60.0,58.0,48.0,65.0,65.0,75.0,4.0,,6.0,,,,,,,,,,,1.0,1.0,1.0,1.0,1.0,1.0,1.0,1.0,2.0,1.0,2.0,1.0,1.0,1.0,2.0,1.0,2.0,1.0,2.0,1.0,1.0,2.0,1.0,2.0,2.0,1.0,1.0,1.0,1.0,2.0,2.0,2.0,1.0,1.0,2.0,2.0,1.0,1.0,2.0,2.0,2.0,1.0,2.0,1.0,2.0,2.0,,,4.0,,,5.0,,0.0,2.0,,
pid_433,1.0,,,2.0,,,1.0,54.0,,,1.0,380.0,,70.0,4.0,,4.0,5.0,2.0,2.0,4.0,4.0,4.0,5.0,4.0,5.0,,5.0,,4.0,5.0,,,,,4.0,,2.0,6.0,3.0,5.0,3.0,5.0,5.0,6.0,6.0,55.0,60.0,45.0,40.0,60.0,60.0,55.0,70.0,65.0,75.0,4.0,,6.0,1.0,1.0,1.0,1.0,1.0,1.0,1.0,1.0,1.0,1.0,,,,,,,1.0,1.0,1.0,1.0,1.0,2.0,2.0,2.0,1.0,1.0,2.0,1.0,1.0,1.0,2.0,1.0,2.0,1.0,1.0,1.0,1.0,1.0,1.0,1.0,1.0,1.0,2.0,1.0,2.0,1.0,2.0,1.0,2.0,1.0,1.0,1.0,2.0,1.0,1.0,2.0,,5.0,,,6.0,,,15.0,,9.0,
pid_434,1.0,,1.0,,,,1.0,54.0,,,1.0,379.0,,85.0,2.0,,5.0,5.0,1.0,2.0,5.0,5.0,4.0,5.0,5.0,5.0,,5.0,,,,,4.0,5.0,3.0,6.0,,2.0,7.0,5.0,5.0,5.0,3.0,5.0,6.0,6.0,55.0,60.0,45.0,40.0,65.0,60.0,55.0,75.0,70.0,80.0,4.0,6.0,,1.0,1.0,1.0,1.0,1.0,1.0,1.0,1.0,1.0,1.0,,,,,,,2.0,1.0,2.0,1.0,2.0,2.0,2.0,2.0,2.0,1.0,1.0,1.0,2.0,1.0,1.0,2.0,2.0,2.0,2.0,2.0,2.0,2.0,2.0,2.0,2.0,1.0,2.0,2.0,2.0,1.0,1.0,2.0,2.0,2.0,2.0,2.0,2.0,1.0,2.0,2.0,,5.0,,,6.0,,18.0,,2.0,,
pid_435,,1.0,,2.0,,,1.0,54.0,,,1.0,379.0,30.0,,,3.0,2.0,1.0,5.0,4.0,2.0,2.0,1.0,4.0,2.0,2.0,2.0,,,,,,4.0,3.0,2.0,,4.0,2.0,5.0,3.0,5.0,5.0,2.0,5.0,6.0,6.0,45.0,65.0,60.0,45.0,55.0,52.0,48.0,65.0,60.0,70.0,4.0,,7.0,1.0,1.0,1.0,1.0,1.0,1.0,1.0,1.0,1.0,1.0,,,,,,,2.0,1.0,2.0,1.0,2.0,1.0,1.0,2.0,1.0,1.0,1.0,1.0,2.0,2.0,1.0,1.0,2.0,2.0,1.0,2.0,2.0,1.0,2.0,2.0,1.0,1.0,2.0,2.0,2.0,1.0,1.0,2.0,1.0,2.0,1.0,1.0,2.0,2.0,2.0,2.0,5.0,,,6.0,,,18.0,,,,3.0
pid_436,1.0,,,2.0,,,1.0,20.0,,,1.0,200.0,,70.0,3.0,,4.0,5.0,1.0,1.0,5.0,5.0,4.0,5.0,5.0,5.0,1.0,,,5.0,5.0,,,,,,6.0,2.0,6.0,3.0,5.0,5.0,5.0,6.0,6.0,6.0,60.0,55.0,40.0,35.0,55.0,60.0,55.0,70.0,65.0,75.0,4.0,,6.0,1.0,1.0,1.0,1.0,1.0,1.0,1.0,1.0,1.0,1.0,,,,,,,2.0,2.0,2.0,2.0,2.0,2.0,2.0,1.0,2.0,2.0,2.0,2.0,1.0,2.0,2.0,1.0,2.0,1.0,2.0,2.0,2.0,1.0,1.0,2.0,1.0,2.0,1.0,1.0,2.0,1.0,2.0,2.0,2.0,1.0,1.0,1.0,2.0,2.0,2.0,1.0,5.0,,,6.0,,,,15.0,,,4.0
pid_437,,1.0,2.0,,2.0,54.0,,,,,1.0,380.0,30.0,,2.0,,4.0,5.0,1.0,1.0,5.0,5.0,4.0,5.0,5.0,5.0,,,5.0,,,,4.0,5.0,3.0,4.0,,2.0,7.0,5.0,5.0,5.0,5.0,5.0,6.0,6.0,60.0,65.0,40.0,35.0,55.0,65.0,55.0,75.0,65.0,80.0,4.0,6.0,,,,,,,,,,,,1.0,1.0,1.0,1.0,1.0,1.0,2.0,1.0,1.0,2.0,2.0,1.0,2.0,2.0,2.0,2.0,1.0,2.0,2.0,2.0,2.0,2.0,2.0,1.0,2.0,2.0,1.0,2.0,2.0,2.0,2.0,2.0,2.0,2.0,2.0,2.0,1.0,2.0,1.0,1.0,1.0,2.0,1.0,2.0,2.0,1.0,,,5.0,,,6.0,,20.0,2.0,,
pid_438,1.0,,,2.0,,,1.0,54.0,2.0,379.0,,,,80.0,,2.0,4.0,5.0,1.0,1.0,5.0,5.0,4.0,5.0,5.0,5.0,4.0,,,,,,3.0,4.0,3.0,,4.0,2.0,7.0,5.0,5.0,3.0,5.0,6.0,6.0,6.0,55.0,65.0,35.0,40.0,60.0,58.0,55.0,70.0,68.0,75.0,4.0,,6.0,1.0,1.0,1.0,1.0,1.0,1.0,1.0,1.0,1.0,1.0,,,,,,,1.0,2.0,2.0,1.0,1.0,1.0,2.0,2.0,2.0,2.0,1.0,1.0,1.0,2.0,1.0,1.0,2.0,2.0,2.0,1.0,2.0,2.0,1.0,1.0,1.0,2.0,2.0,1.0,2.0,2.0,2.0,1.0,1.0,2.0,1.0,2.0,2.0,2.0,1.0,2.0,4.0,,,5.0,,,18.0,,3.0,,
pid_439,1.0,,,2.0,,,1.0,50.0,2.0,379.0,,,35.0,,5.0,,2.0,1.0,5.0,4.0,2.0,2.0,1.0,3.0,2.0,3.0,,5.0,,,,,4.0,5.0,4.0,4.0,,1.0,7.0,2.0,5.0,5.0,5.0,5.0,6.0,6.0,45.0,65.0,55.0,50.0,45.0,50.0,45.0,65.0,60.0,75.0,4.0,7.0,,1.0,1.0,1.0,1.0,1.0,1.0,1.0,1.0,1.0,1.0,,,,,,,1.0,2.0,1.0,1.0,2.0,1.0,1.0,2.0,1.0,2.0,2.0,2.0,1.0,2.0,1.0,2.0,2.0,2.0,2.0,2.0,2.0,1.0,2.0,1.0,2.0,2.0,1.0,2.0,2.0,1.0,2.0,2.0,1.0,1.0,2.0,2.0,1.0,1.0,1.0,1.0,,5.0,,,6.0,,18.0,,,,4.0
pid_440,,1.0,,2.0,,,1.0,50.0,2.0,600.0,,,,75.0,6.0,,4.0,5.0,2.0,2.0,4.0,5.0,4.0,5.0,4.0,5.0,4.0,,,4.0,5.0,2.0,,,,,4.0,2.0,6.0,5.0,5.0,3.0,2.0,5.0,6.0,6.0,62.0,60.0,35.0,38.0,60.0,58.0,45.0,68.0,65.0,80.0,4.0,6.0,,1.0,1.0,1.0,1.0,1.0,1.0,1.0,1.0,1.0,1.0,,,,,,,1.0,2.0,2.0,2.0,2.0,1.0,1.0,2.0,2.0,1.0,2.0,1.0,2.0,2.0,1.0,2.0,1.0,1.0,2.0,1.0,1.0,2.0,2.0,1.0,2.0,2.0,2.0,1.0,2.0,1.0,2.0,2.0,2.0,1.0,2.0,2.0,1.0,1.0,2.0,1.0,4.0,,,6.0,,,18.0,,4.0,,
pid_441,1.0,,,2.0,2.0,54.0,,,2.0,380.0,,,70.0,,3.0,,2.0,1.0,5.0,4.0,4.0,2.0,1.0,4.0,2.0,4.0,4.0,,,,,,4.0,4.0,5.0,4.0,,1.0,6.0,5.0,5.0,5.0,5.0,6.0,6.0,6.0,55.0,62.0,58.0,52.0,60.0,58.0,48.0,68.0,60.0,73.0,4.0,5.0,,,,,,,,,,,,1.0,1.0,1.0,1.0,1.0,1.0,1.0,1.0,2.0,2.0,1.0,2.0,2.0,2.0,2.0,1.0,2.0,1.0,2.0,1.0,1.0,1.0,2.0,2.0,1.0,1.0,1.0,1.0,1.0,1.0,2.0,1.0,2.0,1.0,2.0,1.0,2.0,1.0,2.0,1.0,2.0,2.0,2.0,2.0,2.0,2.0,5.0,,,5.0,,,18.0,,,9.0,
pid_442,,1.0,1.0,,,,1.0,54.0,,,1.0,380.0,,70.0,2.0,,4.0,4.0,2.0,1.0,5.0,4.0,2.0,5.0,4.0,5.0,4.0,,,4.0,5.0,2.0,,,,4.0,,2.0,6.0,5.0,5.0,5.0,3.0,5.0,6.0,6.0,55.0,55.0,45.0,40.0,65.0,60.0,55.0,70.0,65.0,75.0,4.0,,6.0,,,,,,,,,,,1.0,1.0,1.0,1.0,1.0,1.0,2.0,1.0,2.0,2.0,1.0,2.0,1.0,2.0,2.0,2.0,2.0,2.0,1.0,2.0,1.0,2.0,1.0,2.0,1.0,2.0,2.0,1.0,1.0,1.0,2.0,1.0,1.0,2.0,2.0,2.0,2.0,2.0,2.0,1.0,1.0,1.0,1.0,2.0,1.0,1.0,4.0,,,5.0,,,16.0,,3.0,,
pid_443,1.0,,2.0,,2.0,54.0,,,2.0,379.0,,,30.0,,,3.0,5.0,5.0,1.0,1.0,5.0,5.0,5.0,5.0,5.0,5.0,,5.0,,4.0,3.0,4.0,,,,,6.0,1.0,7.0,5.0,5.0,5.0,5.0,6.0,6.0,6.0,55.0,60.0,45.0,35.0,60.0,65.0,55.0,75.0,65.0,80.0,4.0,6.0,,,,,,,,,,,,1.0,1.0,1.0,1.0,1.0,1.0,1.0,2.0,2.0,1.0,2.0,2.0,2.0,1.0,2.0,1.0,1.0,1.0,2.0,2.0,2.0,2.0,2.0,2.0,1.0,1.0,1.0,1.0,2.0,2.0,1.0,2.0,1.0,2.0,1.0,2.0,2.0,2.0,2.0,1.0,2.0,1.0,2.0,2.0,1.0,2.0,,5.0,,,6.0,,,0.0,,8.0,
pid_444,2.0,,1.0,,,,1.0,54.0,,,1.0,120.0,30.0,,,1.0,2.0,1.0,5.0,4.0,2.0,2.0,1.0,2.0,1.0,2.0,,5.0,,,,,3.0,4.0,5.0,6.0,,1.0,6.0,5.0,5.0,5.0,5.0,6.0,6.0,6.0,60.0,65.0,55.0,45.0,55.0,65.0,45.0,70.0,70.0,80.0,4.0,6.0,,,,,,,,,,,,1.0,1.0,1.0,1.0,1.0,1.0,2.0,2.0,2.0,1.0,1.0,1.0,2.0,2.0,1.0,1.0,1.0,2.0,2.0,1.0,2.0,1.0,1.0,1.0,1.0,1.0,1.0,1.0,1.0,2.0,1.0,1.0,2.0,2.0,1.0,1.0,2.0,1.0,2.0,1.0,2.0,2.0,1.0,2.0,1.0,1.0,,4.0,,,6.0,,,15.0,3.0,,
pid_445,1.0,,,2.0,2.0,54.0,,,,,1.0,380.0,50.0,,3.0,,4.0,2.0,4.0,4.0,4.0,4.0,2.0,4.0,4.0,4.0,2.0,,,,,,4.0,5.0,5.0,4.0,,2.0,6.0,5.0,5.0,5.0,5.0,5.0,6.0,6.0,50.0,65.0,55.0,45.0,60.0,60.0,45.0,65.0,65.0,75.0,4.0,7.0,,,,,,,,,,,,1.0,1.0,1.0,1.0,1.0,1.0,1.0,2.0,1.0,1.0,2.0,1.0,1.0,2.0,1.0,2.0,2.0,2.0,2.0,1.0,2.0,1.0,1.0,1.0,1.0,1.0,2.0,2.0,1.0,1.0,1.0,1.0,2.0,1.0,2.0,2.0,1.0,1.0,2.0,2.0,2.0,2.0,2.0,2.0,2.0,2.0,4.0,,,6.0,,,,18.0,,,3.0
pid_446,1.0,,1.0,,2.0,54.0,,,2.0,380.0,,,30.0,,3.0,,4.0,5.0,1.0,1.0,5.0,5.0,4.0,5.0,5.0,5.0,,5.0,,,,,4.0,3.0,5.0,,4.0,2.0,6.0,5.0,5.0,3.0,5.0,5.0,6.0,6.0,55.0,62.0,42.0,38.0,60.0,58.0,52.0,68.0,65.0,75.0,4.0,6.0,,1.0,1.0,1.0,1.0,1.0,1.0,1.0,1.0,1.0,1.0,,,,,,,1.0,2.0,1.0,2.0,2.0,1.0,2.0,2.0,2.0,2.0,2.0,2.0,2.0,1.0,2.0,1.0,1.0,1.0,1.0,2.0,1.0,2.0,2.0,1.0,2.0,1.0,1.0,2.0,1.0,2.0,2.0,1.0,1.0,2.0,2.0,1.0,1.0,1.0,1.0,1.0,,5.0,,,6.0,,18.0,,,9.0,
pid_447,,2.0,,2.0,,,1.0,30.0,,,1.0,200.0,,80.0,3.0,,2.0,1.0,5.0,5.0,2.0,2.0,1.0,2.0,1.0,2.0,2.0,,,,,,3.0,4.0,5.0,,3.0,1.0,6.0,2.0,5.0,3.0,5.0,5.0,6.0,6.0,55.0,50.0,65.0,55.0,50.0,52.0,48.0,65.0,60.0,70.0,4.0,,6.0,,,,,,,,,,,1.0,1.0,1.0,1.0,1.0,1.0,2.0,1.0,1.0,2.0,2.0,2.0,2.0,2.0,1.0,2.0,1.0,1.0,1.0,1.0,2.0,2.0,1.0,1.0,2.0,1.0,2.0,2.0,1.0,1.0,2.0,2.0,2.0,2.0,1.0,2.0,1.0,1.0,2.0,2.0,2.0,2.0,1.0,2.0,2.0,2.0,4.0,,,5.0,,,,20.0,,7.0,
pid_448,,2.0,2.0,,2.0,54.0,,,2.0,380.0,,,30.0,,2.0,,2.0,2.0,4.0,4.0,4.0,2.0,1.0,4.0,2.0,4.0,,,5.0,4.0,5.0,3.0,,,,,4.0,1.0,6.0,5.0,5.0,5.0,3.0,5.0,6.0,6.0,55.0,58.0,60.0,48.0,60.0,58.0,50.0,68.0,64.0,75.0,4.0,6.0,,1.0,1.0,1.0,1.0,1.0,1.0,1.0,1.0,1.0,1.0,,,,,,,1.0,2.0,1.0,1.0,2.0,1.0,2.0,1.0,2.0,1.0,2.0,1.0,1.0,1.0,2.0,1.0,1.0,2.0,1.0,1.0,1.0,2.0,2.0,2.0,1.0,2.0,2.0,1.0,2.0,2.0,1.0,2.0,1.0,1.0,2.0,1.0,1.0,1.0,1.0,1.0,,,4.0,,,5.0,16.0,,,,3.0
pid_449,1.0,,1.0,,2.0,54.0,,,,,1.0,379.0,,70.0,2.0,,4.0,5.0,2.0,2.0,5.0,5.0,2.0,5.0,4.0,5.0,2.0,,,5.0,4.0,3.0,,,,4.0,,2.0,7.0,5.0,5.0,5.0,5.0,5.0,6.0,6.0,55.0,65.0,55.0,40.0,60.0,60.0,48.0,70.0,65.0,75.0,4.0,,6.0,,,,,,,,,,,1.0,1.0,1.0,1.0,1.0,1.0,1.0,2.0,1.0,2.0,2.0,2.0,2.0,1.0,1.0,2.0,1.0,2.0,1.0,2.0,2.0,2.0,2.0,2.0,2.0,2.0,2.0,2.0,1.0,2.0,1.0,2.0,2.0,1.0,2.0,2.0,2.0,2.0,1.0,2.0,2.0,2.0,1.0,2.0,2.0,1.0,5.0,,,6.0,,,18.0,,,,4.0
pid_450,1.0,,1.0,,2.0,54.0,,,,,1.0,379.0,30.0,,,2.0,4.0,5.0,1.0,1.0,5.0,5.0,4.0,5.0,5.0,5.0,,,5.0,4.0,5.0,,,,,,4.0,2.0,6.0,5.0,5.0,5.0,5.0,5.0,6.0,6.0,55.0,60.0,35.0,35.0,60.0,60.0,55.0,70.0,65.0,75.0,4.0,6.0,,1.0,1.0,1.0,1.0,1.0,1.0,1.0,1.0,1.0,1.0,,,,,,,1.0,1.0,1.0,2.0,2.0,2.0,1.0,1.0,2.0,1.0,2.0,1.0,2.0,2.0,1.0,2.0,1.0,1.0,2.0,2.0,2.0,2.0,2.0,1.0,1.0,1.0,2.0,2.0,1.0,2.0,2.0,2.0,1.0,2.0,2.0,1.0,1.0,2.0,2.0,2.0,,,5.0,,,6.0,,10.0,,,3.0
pid_451,1.0,,1.0,,,,1.0,54.0,,,1.0,380.0,,75.0,,1.0,5.0,5.0,1.0,1.0,5.0,5.0,4.0,5.0,5.0,5.0,,5.0,,4.0,3.0,3.0,,,,,6.0,2.0,6.0,3.0,5.0,5.0,3.0,6.0,6.0,6.0,55.0,65.0,40.0,45.0,60.0,65.0,55.0,75.0,70.0,80.0,4.0,,7.0,1.0,1.0,1.0,1.0,1.0,1.0,1.0,1.0,1.0,1.0,,,,,,,2.0,1.0,2.0,2.0,1.0,2.0,2.0,2.0,2.0,1.0,2.0,2.0,1.0,2.0,1.0,2.0,1.0,1.0,2.0,1.0,2.0,1.0,1.0,2.0,2.0,1.0,2.0,1.0,1.0,2.0,1.0,2.0,1.0,1.0,2.0,2.0,2.0,2.0,1.0,2.0,,5.0,,,6.0,,15.0,,,9.0,
pid_452,,1.0,,1.0,,,1.0,54.0,,,1.0,380.0,,70.0,2.0,,4.0,2.0,5.0,4.0,5.0,4.0,1.0,4.0,2.0,4.0,,5.0,,,,,4.0,5.0,5.0,6.0,,2.0,7.0,5.0,5.0,6.0,5.0,5.0,6.0,6.0,60.0,65.0,55.0,50.0,65.0,60.0,45.0,70.0,65.0,80.0,4.0,,6.0,1.0,1.0,1.0,1.0,1.0,1.0,1.0,1.0,1.0,1.0,,,,,,,2.0,1.0,2.0,1.0,1.0,2.0,2.0,2.0,1.0,2.0,1.0,1.0,1.0,2.0,2.0,2.0,2.0,2.0,1.0,2.0,1.0,2.0,2.0,2.0,2.0,1.0,1.0,1.0,2.0,1.0,2.0,2.0,1.0,1.0,1.0,2.0,2.0,1.0,1.0,1.0,,5.0,,,6.0,,18.0,,,9.0,
pid_453,1.0,,,2.0,,,1.0,40.0,,,1.0,300.0,30.0,,,1.0,2.0,2.0,4.0,4.0,4.0,4.0,1.0,4.0,3.0,4.0,2.0,,,4.0,5.0,3.0,,,,,4.0,1.0,6.0,5.0,5.0,5.0,3.0,6.0,6.0,6.0,50.0,55.0,55.0,60.0,55.0,60.0,45.0,65.0,65.0,75.0,4.0,,7.0,,,,,,,,,,,1.0,1.0,1.0,1.0,1.0,1.0,1.0,2.0,1.0,2.0,1.0,2.0,2.0,1.0,2.0,2.0,1.0,1.0,1.0,2.0,2.0,1.0,1.0,2.0,2.0,1.0,2.0,1.0,1.0,2.0,1.0,2.0,2.0,1.0,1.0,2.0,1.0,1.0,2.0,1.0,1.0,2.0,1.0,1.0,2.0,2.0,4.0,,,6.0,,,,18.0,2.0,,
pid_454,1.0,,1.0,,2.0,54.0,,,,,1.0,300.0,,75.0,2.0,,4.0,4.0,2.0,2.0,4.0,4.0,2.0,4.0,4.0,4.0,2.0,,,,,,3.0,4.0,5.0,4.0,,1.0,7.0,5.0,5.0,5.0,3.0,5.0,6.0,6.0,55.0,55.0,55.0,45.0,60.0,65.0,50.0,70.0,65.0,75.0,4.0,,6.0,,,,,,,,,,,1.0,1.0,1.0,1.0,1.0,1.0,1.0,1.0,1.0,1.0,1.0,1.0,2.0,1.0,1.0,1.0,2.0,2.0,2.0,1.0,1.0,1.0,1.0,1.0,2.0,2.0,1.0,2.0,2.0,2.0,2.0,1.0,2.0,1.0,2.0,2.0,1.0,1.0,1.0,1.0,1.0,1.0,2.0,2.0,1.0,1.0,5.0,,,5.0,,,,5.0,2.0,,
pid_455,,1.0,1.0,,,,1.0,54.0,,,1.0,379.0,,70.0,2.0,,2.0,1.0,5.0,4.0,4.0,4.0,1.0,4.0,2.0,4.0,,5.0,,,,,4.0,5.0,3.0,,6.0,2.0,6.0,5.0,5.0,5.0,5.0,5.0,6.0,6.0,55.0,55.0,65.0,50.0,60.0,58.0,50.0,65.0,62.0,75.0,4.0,,6.0,1.0,1.0,1.0,1.0,1.0,1.0,1.0,1.0,1.0,1.0,,,,,,,1.0,1.0,2.0,2.0,2.0,2.0,1.0,1.0,2.0,2.0,2.0,2.0,1.0,1.0,1.0,2.0,1.0,2.0,2.0,2.0,1.0,1.0,1.0,1.0,2.0,1.0,2.0,1.0,2.0,2.0,1.0,2.0,1.0,2.0,2.0,2.0,1.0,2.0,1.0,1.0,,5.0,,,6.0,,16.0,,2.0,,
pid_456,,1.0,,2.0,,,1.0,54.0,2.0,380.0,,,40.0,,,4.0,4.0,5.0,1.0,1.0,5.0,5.0,4.0,5.0,5.0,5.0,4.0,,,,,,4.0,5.0,5.0,6.0,,2.0,7.0,3.0,5.0,5.0,3.0,5.0,6.0,6.0,55.0,60.0,45.0,35.0,60.0,58.0,55.0,70.0,65.0,78.0,4.0,,6.0,,,,,,,,,,,1.0,1.0,1.0,1.0,1.0,1.0,2.0,1.0,2.0,1.0,1.0,2.0,2.0,1.0,2.0,2.0,2.0,2.0,1.0,2.0,2.0,1.0,2.0,2.0,1.0,1.0,2.0,1.0,1.0,1.0,2.0,2.0,1.0,2.0,1.0,1.0,2.0,1.0,1.0,2.0,1.0,1.0,1.0,1.0,1.0,1.0,5.0,,,6.0,,,18.0,,2.0,,
pid_458,1.0,,1.0,,2.0,54.0,,,,,1.0,380.0,60.0,,2.0,,4.0,5.0,2.0,2.0,5.0,5.0,4.0,5.0,5.0,5.0,,4.0,,,,,4.0,5.0,5.0,4.0,,1.0,6.0,5.0,5.0,5.0,5.0,5.0,6.0,6.0,60.0,65.0,45.0,40.0,65.0,65.0,55.0,75.0,65.0,80.0,4.0,,6.0,1.0,1.0,1.0,1.0,1.0,1.0,1.0,1.0,1.0,1.0,,,,,,,2.0,2.0,1.0,1.0,1.0,1.0,2.0,1.0,2.0,2.0,2.0,1.0,1.0,2.0,1.0,1.0,1.0,1.0,2.0,1.0,2.0,1.0,1.0,2.0,2.0,2.0,1.0,1.0,2.0,1.0,1.0,1.0,2.0,2.0,1.0,2.0,1.0,1.0,2.0,1.0,,4.0,,,6.0,,18.0,,,,3.0
pid_459,1.0,,,2.0,,,1.0,54.0,,,1.0,379.0,30.0,,3.0,,5.0,5.0,1.0,1.0,5.0,5.0,5.0,5.0,5.0,5.0,,5.0,,4.0,5.0,2.0,,,,,4.0,2.0,7.0,3.0,5.0,3.0,5.0,6.0,6.0,5.0,60.0,65.0,45.0,40.0,55.0,65.0,55.0,75.0,70.0,80.0,4.0,6.0,,1.0,1.0,1.0,1.0,1.0,1.0,1.0,1.0,1.0,1.0,,,,,,,2.0,1.0,2.0,2.0,2.0,1.0,1.0,1.0,1.0,2.0,1.0,2.0,1.0,2.0,2.0,2.0,1.0,1.0,2.0,1.0,1.0,1.0,2.0,2.0,1.0,1.0,1.0,1.0,1.0,2.0,2.0,1.0,2.0,1.0,1.0,2.0,2.0,2.0,1.0,1.0,,5.0,,,6.0,,18.0,,,9.0,
pid_460,1.0,,,1.0,2.0,54.0,,,,,1.0,380.0,,70.0,3.0,,4.0,5.0,1.0,1.0,5.0,5.0,4.0,5.0,5.0,5.0,,,4.0,4.0,5.0,3.0,,,,4.0,,1.0,6.0,5.0,5.0,5.0,5.0,6.0,6.0,6.0,60.0,60.0,40.0,35.0,58.0,62.0,55.0,70.0,65.0,75.0,4.0,7.0,,1.0,1.0,1.0,1.0,1.0,1.0,1.0,1.0,1.0,1.0,,,,,,,1.0,2.0,1.0,1.0,1.0,1.0,2.0,1.0,1.0,2.0,1.0,2.0,1.0,2.0,2.0,2.0,1.0,2.0,1.0,2.0,2.0,1.0,2.0,2.0,1.0,2.0,2.0,1.0,2.0,2.0,2.0,1.0,2.0,2.0,1.0,2.0,1.0,2.0,2.0,1.0,,,4.0,,,6.0,,20.0,,,3.0
pid_461,1.0,,2.0,,,,1.0,54.0,2.0,380.0,,,,70.0,2.0,,5.0,5.0,1.0,1.0,5.0,5.0,4.0,5.0,5.0,5.0,1.0,,,4.0,5.0,2.0,,,,6.0,,2.0,7.0,5.0,6.0,5.0,5.0,5.0,6.0,6.0,60.0,65.0,45.0,35.0,55.0,65.0,55.0,75.0,70.0,80.0,4.0,,6.0,,,,,,,,,,,1.0,1.0,1.0,1.0,1.0,1.0,1.0,1.0,2.0,2.0,2.0,2.0,1.0,2.0,2.0,2.0,2.0,2.0,2.0,2.0,2.0,1.0,2.0,2.0,2.0,1.0,1.0,1.0,2.0,1.0,2.0,2.0,2.0,1.0,2.0,1.0,1.0,1.0,1.0,1.0,1.0,1.0,2.0,2.0,2.0,2.0,5.0,,,6.0,,,,20.0,3.0,,
pid_462,,1.0,2.0,,,,1.0,30.0,,,1.0,380.0,,75.0,3.0,,2.0,1.0,5.0,4.0,2.0,2.0,1.0,3.0,1.0,2.0,,,4.0,,,,3.0,4.0,5.0,4.0,,2.0,6.0,5.0,5.0,6.0,3.0,5.0,6.0,5.0,55.0,60.0,65.0,50.0,60.0,60.0,45.0,70.0,65.0,80.0,4.0,,6.0,1.0,1.0,1.0,1.0,1.0,1.0,1.0,1.0,1.0,1.0,,,,,,,2.0,2.0,1.0,1.0,1.0,2.0,1.0,2.0,1.0,2.0,1.0,1.0,1.0,1.0,2.0,1.0,2.0,2.0,2.0,2.0,1.0,2.0,2.0,1.0,2.0,2.0,2.0,2.0,1.0,2.0,1.0,2.0,2.0,1.0,1.0,2.0,2.0,2.0,2.0,1.0,,,4.0,,,6.0,,20.0,,,3.0
pid_463,1.0,,,2.0,2.0,54.0,,,,,1.0,379.0,30.0,,3.0,,5.0,5.0,1.0,1.0,5.0,5.0,4.0,5.0,5.0,5.0,,,5.0,,,,4.0,5.0,5.0,,4.0,2.0,6.0,3.0,5.0,5.0,5.0,5.0,6.0,6.0,60.0,60.0,45.0,40.0,55.0,65.0,55.0,70.0,65.0,75.0,4.0,,6.0,,,,,,,,,,,1.0,1.0,1.0,1.0,1.0,1.0,2.0,2.0,1.0,1.0,1.0,2.0,2.0,1.0,2.0,2.0,2.0,2.0,1.0,1.0,1.0,2.0,2.0,2.0,1.0,2.0,1.0,1.0,2.0,2.0,1.0,2.0,2.0,1.0,2.0,1.0,1.0,2.0,2.0,2.0,1.0,1.0,2.0,1.0,1.0,2.0,,,5.0,,,6.0,,20.0,,6.0,
pid_464,1.0,,,2.0,,,1.0,54.0,2.0,380.0,,,,70.0,2.0,,4.0,5.0,1.0,1.0,5.0,5.0,4.0,5.0,5.0,5.0,,,4.0,,,,4.0,3.0,5.0,6.0,,2.0,7.0,5.0,5.0,5.0,5.0,6.0,6.0,6.0,55.0,65.0,35.0,40.0,60.0,58.0,50.0,65.0,70.0,75.0,4.0,,7.0,,,,,,,,,,,1.0,1.0,1.0,1.0,1.0,1.0,1.0,2.0,2.0,2.0,1.0,2.0,1.0,1.0,2.0,2.0,2.0,2.0,2.0,1.0,1.0,1.0,2.0,2.0,2.0,1.0,2.0,2.0,1.0,2.0,1.0,1.0,1.0,1.0,2.0,2.0,2.0,2.0,1.0,2.0,1.0,1.0,2.0,2.0,1.0,2.0,,,4.0,,,6.0,,18.0,,6.0,
pid_465,1.0,,,1.0,,,1.0,54.0,2.0,379.0,,,30.0,,1.0,,5.0,5.0,1.0,1.0,5.0,5.0,4.0,5.0,5.0,5.0,2.0,,,4.0,5.0,2.0,,,,,4.0,1.0,7.0,5.0,5.0,5.0,5.0,6.0,6.0,6.0,60.0,65.0,45.0,40.0,65.0,65.0,55.0,75.0,70.0,80.0,4.0,,7.0,,,,,,,,,,,1.0,1.0,1.0,1.0,1.0,1.0,2.0,2.0,2.0,2.0,2.0,1.0,2.0,1.0,2.0,2.0,2.0,2.0,1.0,2.0,2.0,1.0,2.0,2.0,2.0,2.0,2.0,1.0,1.0,2.0,2.0,2.0,2.0,1.0,2.0,1.0,1.0,1.0,1.0,1.0,1.0,1.0,2.0,1.0,2.0,1.0,5.0,,,6.0,,,18.0,,,,6.0
pid_466,,1.0,2.0,,,,1.0,20.0,,,1.0,300.0,,75.0,2.0,,4.0,5.0,1.0,1.0,5.0,5.0,4.0,5.0,5.0,5.0,,5.0,,4.0,3.0,2.0,,,,4.0,,2.0,6.0,5.0,5.0,5.0,5.0,5.0,6.0,6.0,55.0,65.0,45.0,40.0,60.0,65.0,55.0,70.0,65.0,75.0,4.0,6.0,,1.0,1.0,1.0,1.0,1.0,1.0,1.0,1.0,1.0,1.0,,,,,,,1.0,2.0,2.0,1.0,1.0,2.0,1.0,1.0,2.0,1.0,2.0,2.0,2.0,2.0,1.0,2.0,2.0,1.0,2.0,1.0,2.0,1.0,2.0,2.0,1.0,2.0,2.0,2.0,1.0,1.0,2.0,2.0,2.0,1.0,1.0,2.0,1.0,2.0,2.0,1.0,,5.0,,,6.0,,18.0,,,10.0,
pid_467,,1.0,,2.0,2.0,54.0,,,2.0,380.0,,,,70.0,2.0,,4.0,5.0,1.0,1.0,5.0,5.0,4.0,5.0,5.0,5.0,,5.0,,4.0,5.0,3.0,,,,,4.0,2.0,7.0,5.0,5.0,5.0,5.0,6.0,6.0,6.0,55.0,55.0,45.0,40.0,60.0,58.0,52.0,70.0,65.0,75.0,4.0,6.0,,,,,,,,,,,,1.0,1.0,1.0,1.0,1.0,1.0,2.0,2.0,2.0,2.0,1.0,2.0,1.0,2.0,1.0,1.0,1.0,1.0,1.0,1.0,2.0,2.0,2.0,2.0,2.0,2.0,1.0,1.0,1.0,1.0,2.0,2.0,1.0,2.0,2.0,2.0,2.0,2.0,1.0,2.0,2.0,2.0,2.0,2.0,1.0,2.0,,4.0,,,6.0,,,20.0,,,3.0
pid_468,,2.0,1.0,,,,1.0,54.0,,,1.0,380.0,,70.0,,1.0,2.0,1.0,5.0,4.0,2.0,1.0,1.0,4.0,2.0,4.0,,,4.0,4.0,5.0,2.0,,,,4.0,,2.0,6.0,5.0,5.0,5.0,3.0,5.0,6.0,6.0,45.0,55.0,50.0,45.0,55.0,50.0,45.0,65.0,60.0,75.0,4.0,,6.0,1.0,1.0,1.0,1.0,1.0,1.0,1.0,1.0,1.0,1.0,,,,,,,2.0,1.0,1.0,1.0,1.0,2.0,1.0,1.0,1.0,1.0,1.0,2.0,2.0,1.0,1.0,2.0,1.0,2.0,1.0,1.0,2.0,1.0,1.0,1.0,1.0,1.0,1.0,2.0,1.0,2.0,1.0,2.0,1.0,1.0,1.0,1.0,2.0,1.0,1.0,1.0,,,5.0,,,6.0,18.0,,,,4.0
pid_469,1.0,,2.0,,2.0,55.0,,,,,1.0,200.0,,75.0,5.0,,4.0,1.0,5.0,4.0,5.0,5.0,1.0,4.0,2.0,4.0,4.0,,,4.0,5.0,2.0,,,,4.0,,1.0,6.0,5.0,5.0,6.0,5.0,5.0,6.0,6.0,55.0,65.0,55.0,50.0,60.0,65.0,55.0,70.0,65.0,75.0,4.0,,7.0,1.0,1.0,1.0,1.0,1.0,1.0,1.0,1.0,1.0,1.0,,,,,,,1.0,1.0,1.0,1.0,1.0,1.0,1.0,1.0,2.0,2.0,1.0,1.0,1.0,2.0,2.0,1.0,2.0,2.0,1.0,1.0,1.0,1.0,2.0,1.0,2.0,1.0,2.0,1.0,2.0,1.0,1.0,2.0,1.0,1.0,2.0,2.0,1.0,2.0,1.0,1.0,5.0,,,6.0,,,18.0,,,6.0,
pid_470,,1.0,2.0,,,,1.0,54.0,2.0,380.0,,,30.0,,,5.0,4.0,5.0,1.0,1.0,5.0,5.0,4.0,5.0,5.0,5.0,2.0,,,,,,4.0,5.0,5.0,4.0,,1.0,7.0,5.0,5.0,5.0,2.0,5.0,6.0,6.0,55.0,60.0,45.0,35.0,60.0,65.0,50.0,75.0,65.0,80.0,4.0,6.0,,1.0,1.0,1.0,1.0,1.0,1.0,1.0,1.0,1.0,1.0,,,,,,,1.0,2.0,1.0,2.0,1.0,2.0,1.0,2.0,1.0,1.0,2.0,1.0,2.0,2.0,1.0,1.0,2.0,1.0,2.0,2.0,1.0,2.0,1.0,2.0,2.0,1.0,1.0,2.0,1.0,2.0,2.0,2.0,2.0,2.0,1.0,1.0,1.0,2.0,2.0,1.0,4.0,,,5.0,,,16.0,,2.0,,
pid_471,,1.0,1.0,,,,1.0,54.0,,,1.0,380.0,,80.0,3.0,,4.0,5.0,2.0,1.0,5.0,5.0,4.0,5.0,5.0,5.0,4.0,,,5.0,5.0,4.0,,,,4.0,,2.0,6.0,3.0,5.0,5.0,5.0,6.0,6.0,6.0,60.0,65.0,50.0,35.0,65.0,60.0,50.0,70.0,70.0,80.0,4.0,6.0,,1.0,1.0,1.0,1.0,1.0,1.0,1.0,1.0,1.0,1.0,,,,,,,2.0,2.0,1.0,2.0,2.0,2.0,2.0,1.0,1.0,2.0,1.0,2.0,2.0,2.0,1.0,2.0,2.0,1.0,1.0,2.0,2.0,1.0,2.0,2.0,1.0,2.0,1.0,2.0,2.0,1.0,2.0,2.0,2.0,1.0,1.0,2.0,2.0,1.0,1.0,2.0,4.0,,,6.0,,,,20.0,2.0,,
pid_472,1.0,,,2.0,,,1.0,54.0,2.0,380.0,,,30.0,,6.0,,2.0,4.0,5.0,4.0,2.0,2.0,1.0,4.0,2.0,4.0,,5.0,,,,,4.0,5.0,5.0,4.0,,2.0,6.0,5.0,5.0,5.0,5.0,5.0,6.0,6.0,55.0,65.0,55.0,45.0,60.0,58.0,45.0,65.0,65.0,75.0,1.0,6.0,,,,,,,,,,,,1.0,1.0,1.0,1.0,1.0,1.0,1.0,1.0,1.0,2.0,2.0,2.0,1.0,2.0,1.0,2.0,2.0,2.0,1.0,2.0,1.0,2.0,1.0,2.0,1.0,2.0,2.0,1.0,2.0,2.0,1.0,1.0,2.0,2.0,2.0,2.0,1.0,2.0,2.0,1.0,1.0,2.0,1.0,1.0,2.0,1.0,,5.0,,,6.0,,15.0,,,9.0,
pid_473,,2.0,,2.0,,,1.0,30.0,,,1.0,150.0,40.0,,,2.0,5.0,5.0,1.0,1.0,5.0,5.0,4.0,5.0,5.0,5.0,,,5.0,,,,4.0,4.0,5.0,,4.0,2.0,7.0,5.0,3.0,5.0,3.0,5.0,6.0,6.0,60.0,65.0,45.0,40.0,55.0,60.0,55.0,75.0,65.0,80.0,4.0,7.0,,1.0,1.0,1.0,1.0,1.0,1.0,1.0,1.0,1.0,1.0,,,,,,,2.0,1.0,2.0,1.0,2.0,1.0,2.0,1.0,2.0,2.0,2.0,2.0,1.0,2.0,1.0,2.0,1.0,1.0,2.0,1.0,2.0,1.0,1.0,1.0,1.0,1.0,1.0,1.0,2.0,1.0,2.0,1.0,2.0,1.0,1.0,1.0,2.0,2.0,2.0,2.0,,,5.0,,,6.0,,20.0,,,3.0
pid_474,,1.0,1.0,,,,1.0,50.0,2.0,400.0,,,30.0,,3.0,,4.0,5.0,1.0,2.0,5.0,5.0,4.0,5.0,5.0,5.0,,5.0,,4.0,5.0,,,,,,4.0,2.0,7.0,5.0,5.0,5.0,3.0,5.0,6.0,6.0,55.0,65.0,50.0,40.0,65.0,65.0,55.0,75.0,70.0,80.0,4.0,,6.0,,,,,,,,,,,1.0,1.0,1.0,1.0,1.0,1.0,2.0,2.0,1.0,2.0,1.0,2.0,1.0,1.0,1.0,1.0,2.0,1.0,1.0,2.0,1.0,2.0,1.0,2.0,2.0,2.0,1.0,1.0,2.0,1.0,1.0,2.0,1.0,1.0,1.0,1.0,2.0,2.0,2.0,1.0,1.0,2.0,1.0,2.0,1.0,1.0,,5.0,,,6.0,,,20.0,,,6.0
pid_475,1.0,,,2.0,2.0,54.0,,,2.0,380.0,,,30.0,,3.0,,5.0,5.0,2.0,2.0,5.0,5.0,2.0,5.0,4.0,5.0,4.0,,,4.0,5.0,3.0,,,,,4.0,2.0,7.0,3.0,5.0,5.0,5.0,6.0,6.0,6.0,55.0,65.0,50.0,35.0,60.0,65.0,50.0,70.0,65.0,75.0,4.0,,6.0,,,,,,,,,,,1.0,1.0,1.0,1.0,1.0,1.0,2.0,2.0,2.0,2.0,1.0,2.0,1.0,2.0,1.0,2.0,2.0,2.0,1.0,1.0,2.0,1.0,2.0,2.0,1.0,2.0,1.0,1.0,1.0,1.0,1.0,2.0,2.0,2.0,1.0,1.0,1.0,1.0,2.0,2.0,2.0,2.0,2.0,1.0,2.0,2.0,5.0,,,5.0,,,,10.0,,,3.0
pid_476,1.0,,2.0,,2.0,54.0,,,2.0,380.0,,,,70.0,,2.0,2.0,5.0,2.0,2.0,3.0,2.0,2.0,4.0,4.0,4.0,,5.0,,4.0,3.0,2.0,,,,4.0,,2.0,7.0,5.0,5.0,5.0,5.0,5.0,6.0,6.0,45.0,60.0,45.0,40.0,55.0,55.0,45.0,65.0,65.0,75.0,4.0,6.0,,,,,,,,,,,,1.0,1.0,1.0,1.0,1.0,1.0,2.0,2.0,2.0,1.0,1.0,2.0,1.0,1.0,2.0,1.0,1.0,2.0,2.0,1.0,2.0,1.0,2.0,2.0,2.0,2.0,2.0,2.0,2.0,2.0,2.0,2.0,2.0,1.0,1.0,2.0,1.0,2.0,1.0,1.0,1.0,1.0,2.0,1.0,2.0,1.0,,5.0,,,6.0,,18.0,,,,4.0
pid_477,,2.0,2.0,,2.0,54.0,,,2.0,380.0,,,30.0,,,2.0,2.0,1.0,5.0,4.0,4.0,2.0,1.0,2.0,2.0,4.0,,5.0,,4.0,5.0,,,,,5.0,,1.0,7.0,5.0,5.0,5.0,5.0,6.0,6.0,6.0,45.0,55.0,55.0,45.0,40.0,45.0,45.0,65.0,55.0,70.0,4.0,6.0,,,,,,,,,,,,1.0,1.0,1.0,1.0,1.0,1.0,1.0,1.0,1.0,1.0,1.0,2.0,1.0,2.0,2.0,1.0,1.0,1.0,1.0,2.0,1.0,2.0,2.0,2.0,2.0,1.0,1.0,1.0,1.0,1.0,1.0,1.0,1.0,2.0,2.0,2.0,2.0,1.0,2.0,1.0,2.0,1.0,2.0,2.0,2.0,2.0,,4.0,,,6.0,,,20.0,,,3.0
pid_478,1.0,,,2.0,,,1.0,30.0,,,1.0,150.0,30.0,,,1.0,4.0,5.0,2.0,1.0,5.0,5.0,4.0,5.0,5.0,5.0,,,5.0,,,,4.0,5.0,5.0,4.0,,1.0,7.0,5.0,5.0,3.0,3.0,5.0,6.0,6.0,55.0,60.0,50.0,40.0,60.0,65.0,55.0,70.0,65.0,80.0,4.0,6.0,,1.0,1.0,1.0,1.0,1.0,1.0,1.0,1.0,1.0,1.0,,,,,,,1.0,2.0,2.0,1.0,1.0,2.0,2.0,1.0,1.0,2.0,1.0,2.0,2.0,2.0,1.0,1.0,2.0,2.0,2.0,1.0,1.0,2.0,2.0,1.0,1.0,2.0,2.0,1.0,2.0,1.0,2.0,2.0,1.0,2.0,1.0,2.0,1.0,1.0,1.0,2.0,,,5.0,,,6.0,,0.0,,6.0,
pid_479,,2.0,,2.0,2.0,54.0,,,,,1.0,379.0,,85.0,,3.0,4.0,1.0,5.0,4.0,4.0,4.0,1.0,4.0,2.0,4.0,,,5.0,4.0,5.0,3.0,,,,4.0,,1.0,7.0,5.0,5.0,5.0,5.0,5.0,6.0,6.0,55.0,65.0,60.0,55.0,60.0,58.0,48.0,72.0,65.0,78.0,4.0,,6.0,1.0,1.0,1.0,1.0,1.0,1.0,1.0,1.0,1.0,1.0,,,,,,,1.0,1.0,1.0,2.0,1.0,1.0,2.0,1.0,2.0,1.0,1.0,1.0,1.0,1.0,2.0,2.0,1.0,2.0,2.0,1.0,1.0,2.0,2.0,2.0,2.0,1.0,1.0,1.0,1.0,1.0,1.0,2.0,1.0,1.0,2.0,2.0,2.0,2.0,1.0,2.0,,,5.0,,,6.0,,20.0,,6.0,
pid_480,1.0,,,1.0,,,1.0,54.0,,,1.0,380.0,,85.0,2.0,,2.0,2.0,5.0,4.0,4.0,2.0,1.0,4.0,2.0,4.0,1.0,,,,,,4.0,5.0,5.0,,6.0,2.0,7.0,5.0,5.0,5.0,5.0,5.0,6.0,6.0,55.0,65.0,55.0,50.0,60.0,58.0,48.0,68.0,62.0,75.0,4.0,,6.0,,,,,,,,,,,1.0,1.0,1.0,1.0,1.0,1.0,2.0,1.0,2.0,2.0,1.0,2.0,2.0,1.0,1.0,2.0,2.0,2.0,1.0,2.0,2.0,2.0,1.0,2.0,1.0,2.0,2.0,1.0,2.0,1.0,1.0,1.0,1.0,1.0,1.0,1.0,2.0,1.0,2.0,1.0,2.0,2.0,2.0,1.0,1.0,1.0,4.0,,,5.0,,,,18.0,2.0,,
pid_481,1.0,,,2.0,2.0,54.0,,,2.0,380.0,,,,85.0,3.0,,2.0,1.0,5.0,4.0,3.0,2.0,1.0,2.0,1.0,4.0,4.0,,,4.0,5.0,3.0,,,,6.0,,2.0,7.0,5.0,5.0,5.0,3.0,5.0,6.0,6.0,52.0,58.0,60.0,43.0,58.0,55.0,48.0,65.0,59.0,75.0,4.0,7.0,,,,,,,,,,,,1.0,1.0,1.0,1.0,1.0,1.0,1.0,2.0,1.0,2.0,2.0,1.0,1.0,2.0,1.0,1.0,1.0,2.0,2.0,2.0,2.0,2.0,1.0,1.0,1.0,1.0,2.0,1.0,1.0,1.0,1.0,1.0,2.0,1.0,1.0,1.0,1.0,2.0,1.0,1.0,1.0,1.0,1.0,2.0,1.0,2.0,4.0,,,5.0,,,18.0,,2.0,,
pid_482,,2.0,1.0,,2.0,54.0,,,,,1.0,300.0,30.0,,3.0,,4.0,5.0,2.0,1.0,5.0,5.0,4.0,5.0,5.0,5.0,,5.0,,,,,4.0,3.0,5.0,4.0,,1.0,6.0,5.0,5.0,5.0,5.0,5.0,6.0,6.0,50.0,55.0,45.0,40.0,60.0,55.0,55.0,70.0,65.0,75.0,4.0,,6.0,1.0,1.0,1.0,1.0,1.0,1.0,1.0,1.0,1.0,1.0,,,,,,,2.0,2.0,2.0,1.0,2.0,1.0,2.0,1.0,2.0,2.0,2.0,1.0,2.0,1.0,2.0,2.0,1.0,2.0,1.0,2.0,2.0,2.0,1.0,2.0,1.0,2.0,1.0,2.0,2.0,2.0,2.0,1.0,2.0,1.0,2.0,2.0,2.0,2.0,2.0,2.0,,5.0,,,6.0,,,20.0,,,4.0
pid_483,,2.0,,2.0,2.0,54.0,,,,,1.0,380.0,50.0,,,5.0,2.0,1.0,5.0,4.0,4.0,2.0,1.0,4.0,2.0,4.0,,5.0,,,,,4.0,5.0,5.0,,4.0,1.0,6.0,5.0,5.0,5.0,5.0,6.0,6.0,6.0,45.0,45.0,65.0,45.0,50.0,50.0,40.0,65.0,60.0,75.0,4.0,6.0,,,,,,,,,,,,1.0,1.0,1.0,1.0,1.0,1.0,1.0,1.0,1.0,1.0,1.0,1.0,1.0,2.0,1.0,2.0,1.0,1.0,2.0,1.0,2.0,2.0,1.0,1.0,2.0,2.0,1.0,2.0,1.0,1.0,2.0,1.0,1.0,1.0,1.0,1.0,2.0,2.0,1.0,1.0,2.0,1.0,1.0,1.0,1.0,1.0,,5.0,,,6.0,,,18.0,,,3.0
pid_484,,2.0,,1.0,2.0,54.0,,,,,1.0,380.0,30.0,,3.0,,4.0,5.0,1.0,1.0,5.0,5.0,4.0,5.0,5.0,5.0,,5.0,,,,,4.0,5.0,4.0,,4.0,2.0,7.0,5.0,5.0,6.0,5.0,5.0,6.0,6.0,60.0,60.0,45.0,40.0,58.0,65.0,55.0,75.0,70.0,80.0,4.0,,7.0,,,,,,,,,,,1.0,1.0,1.0,1.0,1.0,1.0,1.0,2.0,2.0,1.0,1.0,2.0,1.0,1.0,1.0,1.0,2.0,1.0,2.0,1.0,2.0,2.0,1.0,2.0,1.0,2.0,2.0,1.0,1.0,1.0,1.0,1.0,1.0,2.0,1.0,2.0,2.0,2.0,2.0,2.0,1.0,1.0,1.0,2.0,1.0,2.0,,5.0,,,6.0,,18.0,,,6.0,
pid_485,1.0,,1.0,,2.0,54.0,,,2.0,380.0,,,,70.0,2.0,,5.0,5.0,1.0,1.0,5.0,5.0,5.0,5.0,5.0,5.0,2.0,,,,,,4.0,5.0,2.0,,4.0,2.0,7.0,5.0,5.0,3.0,5.0,6.0,6.0,6.0,65.0,65.0,35.0,40.0,60.0,68.0,55.0,75.0,68.0,80.0,4.0,6.0,,1.0,1.0,1.0,1.0,1.0,1.0,1.0,1.0,1.0,1.0,,,,,,,2.0,1.0,2.0,2.0,1.0,1.0,2.0,2.0,1.0,1.0,2.0,1.0,2.0,2.0,2.0,2.0,1.0,1.0,2.0,1.0,2.0,2.0,1.0,1.0,2.0,2.0,1.0,2.0,2.0,2.0,2.0,2.0,2.0,2.0,1.0,2.0,2.0,2.0,2.0,2.0,4.0,,,6.0,,,16.0,,,9.0,
pid_486,1.0,,1.0,,,,1.0,54.0,2.0,380.0,,,,80.0,,2.0,4.0,5.0,1.0,1.0,5.0,5.0,4.0,5.0,5.0,5.0,1.0,,,,,,4.0,5.0,3.0,,4.0,1.0,7.0,5.0,5.0,6.0,3.0,5.0,6.0,6.0,50.0,55.0,42.0,38.0,58.0,60.0,52.0,72.0,68.0,80.0,4.0,,6.0,,,,,,,,,,,1.0,1.0,1.0,1.0,1.0,1.0,2.0,1.0,1.0,1.0,1.0,2.0,2.0,1.0,2.0,1.0,1.0,2.0,2.0,2.0,1.0,1.0,2.0,2.0,2.0,2.0,2.0,2.0,1.0,1.0,2.0,1.0,2.0,2.0,2.0,2.0,2.0,2.0,2.0,1.0,2.0,2.0,2.0,2.0,1.0,2.0,4.0,,,6.0,,,,20.0,2.0,,
pid_487,,2.0,,2.0,2.0,50.0,,,2.0,380.0,,,40.0,,3.0,,2.0,5.0,4.0,4.0,4.0,4.0,2.0,4.0,2.0,4.0,,,5.0,4.0,5.0,3.0,,,,,4.0,2.0,7.0,3.0,5.0,5.0,5.0,5.0,6.0,6.0,45.0,55.0,55.0,50.0,60.0,55.0,50.0,65.0,55.0,70.0,4.0,6.0,,,,,,,,,,,,1.0,1.0,1.0,1.0,1.0,1.0,1.0,1.0,2.0,1.0,2.0,2.0,1.0,2.0,2.0,1.0,2.0,1.0,2.0,1.0,2.0,2.0,1.0,2.0,1.0,1.0,1.0,1.0,2.0,1.0,1.0,2.0,2.0,2.0,2.0,1.0,2.0,2.0,1.0,1.0,2.0,2.0,1.0,1.0,2.0,2.0,,,4.0,,,5.0,,20.0,,,2.0
pid_488,2.0,,,2.0,2.0,54.0,,,,,1.0,380.0,,70.0,2.0,,4.0,2.0,5.0,4.0,4.0,4.0,1.0,4.0,2.0,4.0,,,5.0,3.0,5.0,,,,,4.0,,1.0,7.0,5.0,5.0,3.0,3.0,5.0,6.0,6.0,50.0,60.0,60.0,45.0,55.0,60.0,45.0,65.0,65.0,75.0,4.0,6.0,,,,,,,,,,,,1.0,1.0,1.0,1.0,1.0,1.0,2.0,2.0,1.0,2.0,2.0,2.0,1.0,1.0,1.0,1.0,1.0,1.0,2.0,1.0,1.0,1.0,2.0,2.0,1.0,1.0,1.0,1.0,2.0,1.0,1.0,2.0,1.0,2.0,2.0,1.0,2.0,2.0,1.0,1.0,2.0,1.0,2.0,2.0,2.0,1.0,,,5.0,,,6.0,,3.0,,,3.0
pid_490,,1.0,1.0,,2.0,54.0,,,2.0,380.0,,,,80.0,2.0,,4.0,5.0,2.0,2.0,4.0,4.0,2.0,5.0,4.0,5.0,1.0,,,4.0,5.0,,,,,4.0,,2.0,7.0,5.0,5.0,5.0,3.0,5.0,6.0,6.0,55.0,60.0,45.0,40.0,60.0,60.0,50.0,70.0,65.0,75.0,4.0,,6.0,1.0,1.0,1.0,1.0,1.0,1.0,1.0,1.0,1.0,1.0,,,,,,,2.0,2.0,1.0,2.0,2.0,1.0,2.0,2.0,2.0,1.0,2.0,1.0,2.0,1.0,2.0,1.0,2.0,1.0,1.0,2.0,2.0,1.0,1.0,2.0,1.0,2.0,2.0,2.0,2.0,2.0,1.0,2.0,1.0,2.0,2.0,2.0,2.0,2.0,2.0,2.0,5.0,,,6.0,,,16.0,,,9.0,
pid_491,,1.0,,2.0,2.0,54.0,,,,,1.0,380.0,,70.0,,4.0,4.0,5.0,1.0,1.0,5.0,5.0,4.0,5.0,5.0,5.0,2.0,,,4.0,5.0,3.0,,,,4.0,,1.0,7.0,5.0,5.0,5.0,5.0,5.0,6.0,6.0,55.0,60.0,45.0,48.0,62.0,58.0,52.0,70.0,65.0,75.0,4.0,,6.0,,,,,,,,,,,1.0,1.0,1.0,1.0,1.0,1.0,1.0,1.0,1.0,2.0,2.0,2.0,1.0,2.0,2.0,1.0,2.0,1.0,2.0,2.0,1.0,1.0,2.0,1.0,2.0,1.0,2.0,1.0,2.0,1.0,2.0,2.0,2.0,2.0,1.0,1.0,2.0,1.0,1.0,2.0,1.0,2.0,1.0,2.0,1.0,1.0,5.0,,,6.0,,,18.0,,,6.0,
pid_492,1.0,,1.0,,2.0,30.0,,,,,1.0,100.0,,75.0,,1.0,2.0,1.0,5.0,4.0,4.0,4.0,1.0,3.0,2.0,4.0,2.0,,,5.0,5.0,,,,,,4.0,2.0,7.0,5.0,5.0,5.0,5.0,5.0,6.0,6.0,50.0,55.0,60.0,45.0,60.0,55.0,45.0,65.0,65.0,75.0,4.0,,6.0,,,,,,,,,,,1.0,1.0,1.0,1.0,1.0,1.0,2.0,1.0,2.0,2.0,1.0,2.0,1.0,2.0,1.0,2.0,1.0,2.0,2.0,1.0,2.0,1.0,1.0,1.0,1.0,2.0,1.0,1.0,1.0,1.0,2.0,2.0,1.0,1.0,2.0,1.0,1.0,1.0,2.0,1.0,1.0,1.0,1.0,2.0,2.0,2.0,5.0,,,6.0,,,,20.0,,,3.0
pid_493,,1.0,,2.0,2.0,54.0,,,,,1.0,380.0,,70.0,3.0,,4.0,5.0,1.0,1.0,5.0,5.0,4.0,5.0,5.0,5.0,,5.0,,,,,4.0,5.0,3.0,,6.0,2.0,7.0,5.0,6.0,6.0,3.0,5.0,6.0,6.0,62.0,58.0,45.0,38.0,65.0,68.0,55.0,72.0,67.0,78.0,4.0,6.0,,,,,,,,,,,,1.0,1.0,1.0,1.0,1.0,1.0,2.0,2.0,1.0,2.0,1.0,2.0,2.0,2.0,1.0,1.0,2.0,1.0,2.0,2.0,2.0,2.0,2.0,1.0,1.0,2.0,1.0,2.0,2.0,2.0,2.0,2.0,2.0,2.0,1.0,2.0,2.0,2.0,2.0,2.0,2.0,1.0,2.0,2.0,2.0,2.0,,5.0,,,6.0,,18.0,,3.0,,
pid_494,,1.0,1.0,,,,1.0,40.0,2.0,380.0,,,40.0,,,2.0,4.0,5.0,1.0,1.0,5.0,5.0,4.0,5.0,5.0,5.0,,5.0,,4.0,5.0,2.0,,,,,6.0,1.0,6.0,3.0,5.0,3.0,5.0,5.0,6.0,6.0,55.0,65.0,40.0,35.0,55.0,60.0,50.0,70.0,65.0,75.0,4.0,,6.0,1.0,1.0,1.0,1.0,1.0,1.0,1.0,1.0,1.0,1.0,,,,,,,2.0,2.0,2.0,2.0,1.0,1.0,2.0,2.0,2.0,1.0,2.0,1.0,1.0,1.0,1.0,2.0,1.0,1.0,2.0,2.0,1.0,2.0,2.0,2.0,2.0,2.0,2.0,1.0,2.0,2.0,2.0,1.0,2.0,1.0,2.0,2.0,1.0,2.0,2.0,2.0,,5.0,,,6.0,,,0.0,3.0,,
pid_495,,1.0,,2.0,2.0,54.0,,,,,1.0,380.0,,70.0,2.0,,4.0,5.0,1.0,1.0,5.0,5.0,4.0,5.0,5.0,5.0,,,5.0,,,,4.0,5.0,4.0,4.0,,2.0,6.0,5.0,5.0,5.0,5.0,5.0,6.0,6.0,55.0,65.0,48.0,36.0,62.0,60.0,52.0,68.0,70.0,78.0,4.0,,6.0,,,,,,,,,,,1.0,1.0,1.0,1.0,1.0,1.0,1.0,2.0,2.0,2.0,1.0,1.0,2.0,2.0,2.0,1.0,2.0,2.0,1.0,1.0,1.0,2.0,1.0,1.0,2.0,2.0,1.0,2.0,1.0,1.0,1.0,1.0,1.0,1.0,1.0,1.0,2.0,1.0,1.0,1.0,2.0,2.0,2.0,2.0,2.0,1.0,,,4.0,,,6.0,17.0,,,,4.0
pid_496,,2.0,1.0,,,,1.0,20.0,,,1.0,200.0,50.0,,,2.0,4.0,4.0,2.0,2.0,5.0,5.0,2.0,5.0,4.0,5.0,1.0,,,4.0,5.0,2.0,,,,4.0,,2.0,7.0,3.0,5.0,5.0,3.0,5.0,6.0,6.0,60.0,65.0,45.0,40.0,55.0,65.0,50.0,70.0,65.0,75.0,4.0,,6.0,,,,,,,,,,,1.0,1.0,1.0,1.0,1.0,1.0,2.0,2.0,2.0,1.0,1.0,2.0,2.0,1.0,2.0,2.0,2.0,2.0,1.0,2.0,1.0,2.0,1.0,1.0,2.0,1.0,1.0,1.0,1.0,1.0,1.0,1.0,1.0,2.0,2.0,2.0,1.0,2.0,2.0,1.0,2.0,2.0,1.0,1.0,1.0,2.0,5.0,,,5.0,,,18.0,,,8.0,
pid_497,1.0,,,2.0,,,1.0,54.0,2.0,380.0,,,30.0,,,3.0,5.0,5.0,1.0,1.0,5.0,5.0,5.0,5.0,5.0,5.0,,5.0,,,,,4.0,5.0,4.0,,6.0,1.0,7.0,3.0,5.0,5.0,5.0,5.0,6.0,6.0,55.0,60.0,40.0,35.0,60.0,60.0,55.0,70.0,65.0,75.0,4.0,,7.0,,,,,,,,,,,1.0,1.0,1.0,1.0,1.0,1.0,1.0,1.0,2.0,2.0,2.0,2.0,1.0,2.0,2.0,2.0,2.0,1.0,2.0,2.0,2.0,1.0,1.0,1.0,2.0,2.0,1.0,2.0,2.0,1.0,2.0,2.0,2.0,1.0,1.0,1.0,1.0,1.0,1.0,2.0,1.0,1.0,2.0,2.0,1.0,1.0,,5.0,,,6.0,,,0.0,3.0,,
pid_498,1.0,,1.0,,,,1.0,54.0,2.0,380.0,,,50.0,,3.0,,4.0,4.0,4.0,2.0,4.0,4.0,2.0,4.0,4.0,4.0,,5.0,,4.0,5.0,2.0,,,,,4.0,2.0,6.0,5.0,5.0,5.0,5.0,5.0,6.0,6.0,55.0,55.0,55.0,45.0,60.0,60.0,50.0,70.0,65.0,75.0,4.0,,7.0,1.0,1.0,1.0,1.0,1.0,1.0,1.0,1.0,1.0,1.0,,,,,,,2.0,1.0,1.0,1.0,1.0,2.0,1.0,1.0,1.0,2.0,2.0,2.0,2.0,1.0,2.0,2.0,1.0,1.0,2.0,2.0,2.0,1.0,1.0,2.0,1.0,2.0,2.0,2.0,2.0,2.0,2.0,1.0,2.0,2.0,1.0,2.0,2.0,2.0,2.0,2.0,,5.0,,,6.0,,,20.0,,9.0,
pid_499,1.0,,1.0,,,,1.0,54.0,,,1.0,380.0,,75.0,,3.0,4.0,5.0,1.0,1.0,5.0,5.0,4.0,5.0,5.0,5.0,1.0,,,4.0,5.0,3.0,,,,,6.0,2.0,7.0,5.0,5.0,6.0,3.0,6.0,6.0,6.0,65.0,65.0,45.0,35.0,60.0,65.0,55.0,75.0,65.0,80.0,4.0,6.0,,,,,,,,,,,,1.0,1.0,1.0,1.0,1.0,1.0,2.0,2.0,2.0,1.0,1.0,1.0,2.0,2.0,1.0,2.0,2.0,2.0,1.0,2.0,2.0,1.0,1.0,2.0,1.0,2.0,2.0,1.0,2.0,2.0,2.0,2.0,2.0,1.0,2.0,1.0,1.0,1.0,2.0,2.0,2.0,1.0,2.0,1.0,1.0,2.0,4.0,,,6.0,,,,20.0,,,4.0
pid_500,,1.0,,2.0,2.0,54.0,,,,,1.0,379.0,,70.0,4.0,,5.0,5.0,1.0,1.0,5.0,5.0,5.0,5.0,5.0,5.0,,5.0,,5.0,5.0,,,,,6.0,,2.0,7.0,3.0,5.0,5.0,5.0,5.0,6.0,6.0,60.0,65.0,40.0,35.0,65.0,65.0,55.0,75.0,70.0,80.0,4.0,6.0,,,,,,,,,,,,1.0,1.0,1.0,1.0,1.0,1.0,1.0,2.0,2.0,2.0,2.0,2.0,2.0,2.0,1.0,2.0,1.0,2.0,2.0,2.0,1.0,2.0,2.0,2.0,1.0,1.0,2.0,2.0,2.0,1.0,2.0,2.0,2.0,2.0,2.0,2.0,1.0,2.0,1.0,1.0,2.0,2.0,1.0,2.0,1.0,1.0,,5.0,,,6.0,,18.0,,,,3.0
pid_502,1.0,,1.0,,,,1.0,20.0,,,1.0,100.0,,70.0,,3.0,4.0,5.0,1.0,1.0,5.0,4.0,4.0,5.0,5.0,5.0,,,4.0,,,,3.0,5.0,5.0,,4.0,1.0,6.0,2.0,5.0,3.0,5.0,5.0,6.0,6.0,55.0,55.0,40.0,35.0,60.0,58.0,50.0,70.0,65.0,75.0,4.0,6.0,,1.0,1.0,1.0,1.0,1.0,1.0,1.0,1.0,1.0,1.0,,,,,,,2.0,1.0,1.0,2.0,2.0,2.0,2.0,2.0,2.0,1.0,1.0,1.0,1.0,1.0,1.0,2.0,1.0,2.0,1.0,1.0,2.0,2.0,2.0,1.0,2.0,1.0,2.0,2.0,2.0,2.0,1.0,2.0,1.0,1.0,1.0,1.0,1.0,1.0,2.0,2.0,,,,,,6.0,18.0,,,6.0,
pid_503,,1.0,,1.0,,,1.0,54.0,,,1.0,380.0,30.0,,,2.0,4.0,5.0,1.0,1.0,5.0,5.0,4.0,5.0,5.0,5.0,,4.0,,,,,4.0,5.0,3.0,4.0,,1.0,6.0,3.0,5.0,5.0,5.0,5.0,6.0,6.0,55.0,60.0,45.0,40.0,60.0,60.0,55.0,70.0,65.0,75.0,4.0,6.0,,,,,,,,,,,,1.0,1.0,1.0,1.0,1.0,1.0,2.0,1.0,2.0,2.0,1.0,2.0,1.0,2.0,2.0,2.0,2.0,1.0,2.0,2.0,2.0,2.0,2.0,1.0,2.0,1.0,2.0,2.0,2.0,2.0,2.0,2.0,1.0,1.0,2.0,1.0,2.0,2.0,2.0,2.0,1.0,2.0,2.0,2.0,1.0,1.0,,5.0,,,6.0,,18.0,,2.0,,
pid_504,1.0,,1.0,,2.0,54.0,,,,,1.0,379.0,30.0,,,2.0,4.0,5.0,2.0,1.0,4.0,5.0,4.0,5.0,4.0,4.0,,,4.0,5.0,5.0,3.0,,,,,4.0,2.0,7.0,5.0,5.0,5.0,5.0,6.0,6.0,6.0,65.0,65.0,45.0,45.0,65.0,68.0,55.0,75.0,70.0,80.0,4.0,6.0,,1.0,1.0,1.0,1.0,1.0,1.0,1.0,1.0,1.0,1.0,,,,,,,2.0,2.0,2.0,2.0,2.0,1.0,1.0,2.0,1.0,1.0,2.0,1.0,2.0,2.0,2.0,2.0,1.0,2.0,1.0,2.0,2.0,1.0,2.0,1.0,2.0,2.0,2.0,2.0,2.0,1.0,2.0,1.0,2.0,2.0,2.0,1.0,1.0,1.0,1.0,2.0,,,5.0,,,6.0,,2.0,,,3.0
pid_506,,1.0,1.0,,2.0,54.0,,,2.0,379.0,,,,70.0,2.0,,2.0,1.0,5.0,4.0,2.0,1.0,1.0,2.0,1.0,2.0,,5.0,,4.0,5.0,2.0,,,,,4.0,2.0,6.0,5.0,5.0,5.0,5.0,5.0,6.0,6.0,60.0,65.0,60.0,45.0,65.0,60.0,55.0,70.0,65.0,75.0,4.0,,7.0,,,,,,,,,,,1.0,1.0,1.0,1.0,1.0,1.0,1.0,2.0,2.0,2.0,1.0,2.0,2.0,1.0,1.0,1.0,2.0,2.0,2.0,2.0,1.0,1.0,2.0,2.0,1.0,1.0,2.0,2.0,1.0,2.0,1.0,2.0,1.0,1.0,1.0,1.0,1.0,2.0,2.0,2.0,1.0,2.0,1.0,1.0,1.0,2.0,,4.0,,,6.0,,,20.0,2.0,,
pid_507,,1.0,1.0,,,,1.0,20.0,2.0,400.0,,,,70.0,,1.0,4.0,4.0,5.0,4.0,5.0,5.0,1.0,4.0,2.0,4.0,,,5.0,,,,4.0,5.0,5.0,,4.0,2.0,6.0,5.0,5.0,5.0,3.0,5.0,6.0,6.0,55.0,65.0,60.0,45.0,60.0,65.0,50.0,70.0,60.0,75.0,4.0,6.0,,,,,,,,,,,,1.0,1.0,1.0,1.0,1.0,1.0,1.0,1.0,2.0,1.0,1.0,2.0,2.0,2.0,1.0,2.0,2.0,1.0,2.0,2.0,2.0,2.0,1.0,2.0,2.0,1.0,2.0,2.0,2.0,2.0,2.0,1.0,1.0,1.0,1.0,2.0,2.0,1.0,2.0,2.0,2.0,2.0,1.0,1.0,2.0,1.0,,,5.0,,,6.0,15.0,,,6.0,
pid_508,,1.0,2.0,,,,1.0,54.0,,,1.0,380.0,,70.0,3.0,,4.0,5.0,1.0,1.0,5.0,4.0,4.0,5.0,5.0,5.0,,,5.0,4.0,5.0,3.0,,,,4.0,,1.0,6.0,5.0,5.0,5.0,5.0,6.0,6.0,6.0,55.0,57.0,43.0,48.0,58.0,62.0,55.0,68.0,69.0,80.0,4.0,,7.0,,,,,,,,,,,1.0,1.0,1.0,1.0,1.0,1.0,1.0,2.0,2.0,2.0,1.0,2.0,2.0,2.0,2.0,1.0,1.0,2.0,2.0,2.0,1.0,1.0,1.0,2.0,2.0,2.0,2.0,2.0,1.0,1.0,1.0,1.0,1.0,1.0,1.0,2.0,1.0,1.0,2.0,1.0,1.0,1.0,1.0,1.0,2.0,1.0,,,4.0,,,6.0,,19.0,,,4.0
pid_509,1.0,,2.0,,,,1.0,30.0,2.0,380.0,,,,70.0,,2.0,2.0,2.0,5.0,4.0,4.0,2.0,1.0,4.0,2.0,4.0,4.0,,,4.0,5.0,,,,,,4.0,2.0,7.0,2.0,5.0,5.0,3.0,6.0,6.0,6.0,45.0,55.0,60.0,45.0,60.0,55.0,50.0,70.0,65.0,75.0,4.0,6.0,,1.0,1.0,1.0,1.0,1.0,1.0,1.0,1.0,1.0,1.0,,,,,,,1.0,2.0,1.0,2.0,2.0,1.0,2.0,2.0,2.0,2.0,2.0,2.0,1.0,2.0,2.0,1.0,1.0,2.0,2.0,2.0,1.0,2.0,2.0,1.0,2.0,1.0,2.0,1.0,2.0,2.0,1.0,2.0,1.0,2.0,1.0,1.0,2.0,1.0,1.0,2.0,4.0,,,5.0,,,18.0,,,,4.0
pid_510,,2.0,,2.0,,,1.0,54.0,,,1.0,80.0,30.0,,,2.0,4.0,1.0,5.0,4.0,3.0,4.0,1.0,4.0,2.0,4.0,,5.0,,,,,4.0,5.0,5.0,,4.0,2.0,6.0,5.0,5.0,5.0,5.0,5.0,6.0,6.0,55.0,55.0,58.0,50.0,60.0,58.0,48.0,65.0,62.0,80.0,4.0,,7.0,1.0,1.0,1.0,1.0,1.0,1.0,1.0,1.0,1.0,1.0,,,,,,,2.0,1.0,2.0,2.0,2.0,1.0,2.0,2.0,1.0,2.0,2.0,1.0,1.0,2.0,1.0,1.0,2.0,1.0,2.0,1.0,1.0,1.0,2.0,1.0,1.0,2.0,1.0,2.0,2.0,1.0,1.0,2.0,1.0,1.0,1.0,2.0,2.0,2.0,1.0,2.0,,5.0,,,6.0,,16.0,,,,3.0
pid_511,,1.0,1.0,,,,1.0,54.0,2.0,350.0,,,,70.0,,2.0,4.0,5.0,2.0,1.0,5.0,5.0,4.0,5.0,5.0,5.0,,4.0,,4.0,5.0,3.0,,,,4.0,,2.0,7.0,5.0,5.0,6.0,5.0,5.0,6.0,6.0,55.0,60.0,45.0,38.0,62.0,65.0,53.0,75.0,65.0,78.0,4.0,6.0,,,,,,,,,,,,1.0,1.0,1.0,1.0,1.0,1.0,1.0,1.0,2.0,2.0,2.0,1.0,2.0,1.0,2.0,2.0,2.0,2.0,1.0,1.0,1.0,1.0,2.0,1.0,2.0,2.0,1.0,2.0,1.0,1.0,2.0,2.0,2.0,2.0,1.0,1.0,1.0,1.0,2.0,1.0,2.0,2.0,2.0,1.0,1.0,1.0,,,,,6.0,,,0.0,3.0,,
pid_512,1.0,,,2.0,,,1.0,30.0,,,1.0,380.0,30.0,,,2.0,2.0,1.0,5.0,4.0,4.0,4.0,1.0,4.0,2.0,4.0,,,5.0,,,,4.0,4.0,5.0,,4.0,1.0,7.0,5.0,5.0,5.0,5.0,5.0,6.0,6.0,45.0,50.0,65.0,40.0,60.0,55.0,45.0,65.0,55.0,75.0,4.0,,7.0,,,,,,,,,,,1.0,1.0,1.0,1.0,1.0,1.0,1.0,1.0,2.0,2.0,1.0,2.0,1.0,2.0,2.0,2.0,1.0,1.0,1.0,2.0,1.0,2.0,1.0,2.0,1.0,2.0,1.0,1.0,2.0,1.0,2.0,2.0,2.0,2.0,2.0,2.0,2.0,1.0,1.0,2.0,2.0,2.0,2.0,2.0,2.0,1.0,,,5.0,,,6.0,16.0,,4.0,,
pid_513,1.0,,,2.0,,,1.0,54.0,,,1.0,380.0,30.0,,,5.0,5.0,5.0,1.0,1.0,5.0,5.0,4.0,5.0,5.0,5.0,,,5.0,,,,3.0,4.0,5.0,,4.0,2.0,7.0,5.0,3.0,5.0,5.0,5.0,6.0,6.0,55.0,60.0,45.0,35.0,60.0,65.0,50.0,75.0,70.0,80.0,4.0,6.0,,,,,,,,,,,,1.0,1.0,1.0,1.0,1.0,1.0,1.0,1.0,1.0,1.0,2.0,2.0,1.0,2.0,2.0,2.0,2.0,2.0,1.0,2.0,2.0,1.0,1.0,2.0,2.0,2.0,2.0,1.0,1.0,1.0,2.0,2.0,1.0,1.0,2.0,2.0,1.0,1.0,1.0,2.0,1.0,2.0,2.0,1.0,2.0,2.0,,,5.0,,,6.0,15.0,,,,4.0
pid_514,,2.0,,2.0,,,1.0,54.0,2.0,380.0,,,40.0,,,3.0,4.0,5.0,2.0,1.0,5.0,4.0,4.0,5.0,5.0,5.0,,5.0,,,,,4.0,4.0,5.0,,4.0,1.0,6.0,3.0,5.0,5.0,5.0,6.0,6.0,6.0,60.0,65.0,50.0,35.0,65.0,65.0,55.0,75.0,70.0,80.0,4.0,6.0,,1.0,1.0,1.0,1.0,1.0,1.0,1.0,1.0,1.0,1.0,,,,,,,2.0,2.0,2.0,2.0,2.0,2.0,2.0,1.0,1.0,1.0,2.0,1.0,1.0,1.0,1.0,2.0,1.0,2.0,2.0,2.0,1.0,2.0,1.0,2.0,2.0,2.0,2.0,1.0,1.0,2.0,2.0,1.0,2.0,1.0,1.0,1.0,2.0,2.0,1.0,2.0,,5.0,,,6.0,,,20.0,,,4.0
pid_515,,1.0,2.0,,2.0,54.0,,,,,1.0,300.0,30.0,,,3.0,4.0,5.0,2.0,1.0,5.0,5.0,4.0,5.0,5.0,5.0,,,5.0,4.0,5.0,3.0,,,,5.0,,1.0,7.0,5.0,5.0,5.0,3.0,5.0,6.0,5.0,65.0,62.0,45.0,38.0,60.0,62.0,55.0,75.0,68.0,78.0,4.0,6.0,,1.0,1.0,1.0,1.0,1.0,1.0,1.0,1.0,1.0,1.0,,,,,,,1.0,1.0,2.0,1.0,2.0,1.0,2.0,1.0,2.0,2.0,2.0,2.0,1.0,2.0,2.0,2.0,2.0,2.0,1.0,2.0,2.0,1.0,2.0,2.0,1.0,1.0,1.0,2.0,1.0,1.0,1.0,2.0,2.0,2.0,2.0,2.0,2.0,2.0,2.0,1.0,,,5.0,,,6.0,18.0,,,,3.0
pid_516,,1.0,,1.0,,,1.0,54.0,2.0,380.0,,,30.0,,2.0,,4.0,5.0,1.0,1.0,5.0,5.0,4.0,5.0,5.0,5.0,,,5.0,4.0,5.0,2.0,,,,,4.0,1.0,7.0,5.0,6.0,6.0,5.0,5.0,6.0,6.0,65.0,62.0,48.0,38.0,60.0,67.0,55.0,70.0,66.0,81.0,4.0,,6.0,,,,,,,,,,,1.0,1.0,1.0,1.0,1.0,1.0,1.0,1.0,2.0,2.0,2.0,1.0,2.0,2.0,2.0,1.0,2.0,2.0,2.0,1.0,2.0,1.0,1.0,1.0,2.0,2.0,2.0,1.0,2.0,2.0,2.0,1.0,1.0,2.0,2.0,2.0,1.0,2.0,2.0,1.0,1.0,2.0,1.0,2.0,2.0,2.0,,,5.0,,,6.0,18.0,,,9.0,
pid_517,1.0,,,2.0,,,1.0,54.0,2.0,400.0,,,,80.0,3.0,,5.0,5.0,1.0,2.0,5.0,5.0,4.0,5.0,5.0,5.0,,,5.0,4.0,5.0,3.0,,,,4.0,,1.0,7.0,5.0,5.0,5.0,5.0,6.0,6.0,6.0,65.0,65.0,35.0,40.0,60.0,65.0,55.0,75.0,70.0,80.0,4.0,,6.0,,,,,,,,,,,1.0,1.0,1.0,1.0,1.0,1.0,1.0,2.0,1.0,2.0,2.0,2.0,2.0,1.0,1.0,1.0,2.0,1.0,2.0,2.0,1.0,2.0,1.0,1.0,2.0,2.0,2.0,1.0,1.0,1.0,1.0,1.0,2.0,1.0,2.0,1.0,2.0,1.0,1.0,1.0,2.0,2.0,1.0,2.0,1.0,2.0,,,5.0,,,6.0,18.0,,,6.0,
pid_518,,1.0,,2.0,,,1.0,54.0,,,1.0,300.0,30.0,,2.0,,4.0,5.0,2.0,1.0,5.0,5.0,4.0,5.0,5.0,5.0,,,5.0,4.0,5.0,3.0,,,,,4.0,1.0,6.0,5.0,5.0,5.0,5.0,5.0,6.0,6.0,60.0,55.0,45.0,35.0,55.0,60.0,45.0,70.0,65.0,75.0,4.0,,6.0,1.0,1.0,1.0,1.0,1.0,1.0,1.0,1.0,1.0,1.0,,,,,,,1.0,2.0,2.0,2.0,1.0,2.0,2.0,1.0,2.0,2.0,2.0,2.0,1.0,1.0,2.0,1.0,2.0,2.0,1.0,1.0,2.0,2.0,2.0,2.0,1.0,2.0,1.0,1.0,2.0,1.0,1.0,1.0,2.0,2.0,2.0,1.0,1.0,1.0,2.0,2.0,,,5.0,,,6.0,,20.0,,9.0,
pid_519,,2.0,,2.0,2.0,54.0,,,,,1.0,380.0,,80.0,,1.0,2.0,1.0,5.0,4.0,2.0,2.0,1.0,3.0,2.0,2.0,,4.0,,4.0,5.0,3.0,,,,6.0,,2.0,6.0,5.0,5.0,5.0,3.0,5.0,6.0,6.0,45.0,60.0,65.0,45.0,55.0,60.0,50.0,65.0,65.0,75.0,4.0,7.0,,1.0,1.0,1.0,1.0,1.0,1.0,1.0,1.0,1.0,1.0,,,,,,,2.0,1.0,1.0,2.0,1.0,2.0,2.0,1.0,1.0,1.0,1.0,2.0,2.0,1.0,2.0,2.0,1.0,1.0,1.0,2.0,2.0,2.0,1.0,1.0,2.0,1.0,1.0,1.0,1.0,2.0,1.0,1.0,2.0,2.0,1.0,1.0,1.0,1.0,1.0,2.0,,4.0,,,6.0,,,3.0,3.0,,
pid_520,,1.0,,2.0,,,1.0,30.0,,,1.0,200.0,,75.0,1.0,,2.0,1.0,5.0,4.0,3.0,2.0,1.0,3.0,1.0,2.0,,,5.0,,,,4.0,3.0,5.0,4.0,,1.0,6.0,5.0,5.0,5.0,3.0,5.0,6.0,5.0,55.0,60.0,65.0,55.0,60.0,58.0,45.0,70.0,65.0,75.0,4.0,6.0,,1.0,1.0,1.0,1.0,1.0,1.0,1.0,1.0,1.0,1.0,,,,,,,2.0,2.0,2.0,1.0,2.0,2.0,2.0,1.0,2.0,2.0,2.0,1.0,2.0,2.0,1.0,2.0,2.0,2.0,2.0,1.0,2.0,1.0,2.0,2.0,2.0,1.0,2.0,1.0,1.0,1.0,1.0,1.0,2.0,2.0,2.0,1.0,1.0,2.0,2.0,2.0,,,5.0,,,6.0,16.0,,,,4.0
pid_521,,1.0,,2.0,,,1.0,54.0,2.0,370.0,,,,70.0,2.0,,5.0,5.0,1.0,1.0,5.0,5.0,4.0,5.0,5.0,5.0,,5.0,,,,,4.0,5.0,5.0,6.0,,1.0,6.0,5.0,5.0,5.0,3.0,5.0,6.0,6.0,55.0,58.0,42.0,38.0,62.0,58.0,50.0,72.0,68.0,80.0,4.0,6.0,,,,,,,,,,,,1.0,1.0,1.0,1.0,1.0,1.0,2.0,2.0,2.0,2.0,2.0,1.0,1.0,1.0,1.0,2.0,2.0,2.0,1.0,2.0,1.0,2.0,2.0,2.0,1.0,1.0,1.0,2.0,1.0,2.0,2.0,2.0,2.0,2.0,1.0,2.0,1.0,2.0,1.0,2.0,1.0,2.0,2.0,2.0,2.0,2.0,,5.0,,,6.0,,,18.0,3.0,,
pid_522,1.0,,,2.0,2.0,54.0,,,,,1.0,379.0,30.0,,2.0,,5.0,5.0,1.0,1.0,5.0,5.0,5.0,5.0,5.0,5.0,,5.0,,,,,4.0,3.0,4.0,,4.0,2.0,7.0,3.0,5.0,5.0,5.0,5.0,6.0,6.0,55.0,65.0,35.0,40.0,60.0,58.0,55.0,70.0,68.0,80.0,4.0,6.0,,,,,,,,,,,,1.0,1.0,1.0,1.0,1.0,1.0,2.0,1.0,2.0,1.0,2.0,2.0,1.0,1.0,1.0,2.0,2.0,2.0,2.0,2.0,2.0,2.0,2.0,1.0,1.0,2.0,2.0,2.0,2.0,2.0,2.0,2.0,1.0,2.0,2.0,2.0,2.0,1.0,2.0,2.0,2.0,2.0,1.0,1.0,2.0,2.0,,5.0,,,6.0,,20.0,,,,3.0
pid_523,1.0,,,1.0,,,1.0,30.0,,,1.0,200.0,30.0,,,1.0,4.0,5.0,4.0,2.0,5.0,5.0,2.0,5.0,4.0,5.0,,4.0,,,,,4.0,5.0,3.0,4.0,,2.0,7.0,5.0,5.0,5.0,5.0,5.0,6.0,6.0,65.0,65.0,60.0,45.0,60.0,65.0,55.0,75.0,70.0,80.0,4.0,6.0,,,,,,,,,,,,1.0,1.0,1.0,1.0,1.0,1.0,1.0,2.0,2.0,1.0,1.0,2.0,1.0,2.0,1.0,1.0,2.0,2.0,2.0,1.0,1.0,1.0,2.0,1.0,2.0,2.0,1.0,2.0,1.0,2.0,1.0,1.0,1.0,1.0,2.0,2.0,1.0,1.0,2.0,1.0,1.0,1.0,1.0,1.0,1.0,1.0,,5.0,,,6.0,,16.0,,2.0,,
pid_524,,1.0,1.0,,2.0,54.0,,,,,1.0,380.0,30.0,,3.0,,5.0,5.0,1.0,1.0,5.0,5.0,5.0,5.0,5.0,5.0,1.0,,,4.0,5.0,3.0,,,,4.0,,1.0,7.0,2.0,5.0,5.0,5.0,5.0,6.0,6.0,60.0,65.0,45.0,35.0,65.0,70.0,55.0,75.0,70.0,80.0,4.0,7.0,,1.0,1.0,1.0,1.0,1.0,1.0,1.0,1.0,1.0,1.0,,,,,,,2.0,2.0,1.0,2.0,1.0,2.0,2.0,2.0,1.0,2.0,2.0,2.0,2.0,1.0,2.0,1.0,1.0,1.0,1.0,2.0,2.0,1.0,2.0,1.0,2.0,2.0,1.0,1.0,1.0,1.0,2.0,2.0,2.0,2.0,2.0,2.0,2.0,2.0,2.0,1.0,5.0,,,6.0,,,,10.0,,9.0,
pid_525,,1.0,,2.0,,,1.0,54.0,2.0,380.0,,,30.0,,,2.0,4.0,4.0,4.0,2.0,4.0,4.0,2.0,4.0,4.0,4.0,2.0,,,4.0,5.0,3.0,,,,4.0,,2.0,6.0,5.0,6.0,5.0,3.0,5.0,6.0,6.0,55.0,61.0,54.0,47.0,58.0,60.0,48.0,68.0,64.0,76.0,4.0,,7.0,1.0,1.0,1.0,1.0,1.0,1.0,1.0,1.0,1.0,1.0,,,,,,,1.0,1.0,1.0,2.0,1.0,2.0,2.0,2.0,2.0,1.0,2.0,1.0,1.0,1.0,2.0,1.0,2.0,1.0,1.0,2.0,1.0,2.0,2.0,2.0,1.0,1.0,1.0,2.0,1.0,2.0,1.0,2.0,2.0,1.0,1.0,1.0,1.0,1.0,2.0,1.0,5.0,,,6.0,,,,20.0,2.0,,
pid_526,1.0,,,1.0,,,1.0,40.0,,,1.0,300.0,,70.0,2.0,,2.0,4.0,5.0,4.0,2.0,2.0,1.0,2.0,1.0,4.0,,5.0,,4.0,5.0,3.0,,,,,6.0,2.0,7.0,2.0,5.0,6.0,3.0,5.0,6.0,5.0,45.0,65.0,60.0,55.0,55.0,50.0,55.0,70.0,45.0,75.0,4.0,,7.0,,,,,,,,,,,1.0,1.0,1.0,1.0,1.0,1.0,1.0,1.0,2.0,2.0,1.0,2.0,2.0,1.0,2.0,1.0,2.0,2.0,1.0,2.0,1.0,1.0,2.0,2.0,1.0,1.0,2.0,1.0,2.0,1.0,2.0,2.0,1.0,2.0,1.0,2.0,1.0,2.0,2.0,1.0,1.0,2.0,1.0,2.0,2.0,1.0,,2.0,,,6.0,,,18.0,,9.0,
pid_527,,1.0,,2.0,,,1.0,54.0,2.0,380.0,,,30.0,,5.0,,4.0,4.0,2.0,2.0,4.0,4.0,3.0,5.0,4.0,4.0,,5.0,,,,,4.0,4.0,5.0,,4.0,2.0,7.0,3.0,5.0,5.0,3.0,5.0,6.0,6.0,55.0,61.0,42.0,39.0,52.0,58.0,48.0,72.0,64.0,77.0,4.0,,6.0,1.0,1.0,1.0,1.0,1.0,1.0,1.0,1.0,1.0,1.0,,,,,,,2.0,1.0,1.0,2.0,1.0,2.0,1.0,2.0,1.0,2.0,1.0,1.0,2.0,2.0,2.0,2.0,1.0,2.0,1.0,2.0,1.0,2.0,2.0,2.0,1.0,1.0,1.0,1.0,1.0,1.0,2.0,1.0,1.0,2.0,1.0,1.0,2.0,2.0,1.0,1.0,,5.0,,,6.0,,18.0,,,9.0,
pid_528,,1.0,1.0,,,,1.0,30.0,,,1.0,380.0,30.0,,3.0,,4.0,5.0,1.0,1.0,5.0,5.0,4.0,5.0,5.0,5.0,,4.0,,,,,4.0,5.0,5.0,,4.0,1.0,6.0,5.0,5.0,5.0,3.0,5.0,6.0,6.0,60.0,65.0,35.0,40.0,55.0,65.0,55.0,75.0,70.0,80.0,4.0,6.0,,1.0,1.0,1.0,1.0,1.0,1.0,1.0,1.0,1.0,1.0,,,,,,,2.0,1.0,1.0,2.0,1.0,2.0,1.0,2.0,2.0,1.0,2.0,2.0,1.0,1.0,1.0,1.0,1.0,2.0,1.0,2.0,2.0,2.0,1.0,1.0,2.0,1.0,1.0,2.0,2.0,2.0,2.0,2.0,2.0,2.0,1.0,2.0,2.0,2.0,1.0,2.0,,5.0,,,6.0,,,20.0,3.0,,
pid_529,1.0,,,2.0,2.0,54.0,,,2.0,380.0,,,,70.0,,3.0,4.0,5.0,1.0,1.0,5.0,5.0,4.0,5.0,5.0,5.0,2.0,,,,,,4.0,5.0,5.0,,4.0,2.0,6.0,5.0,5.0,5.0,5.0,5.0,6.0,6.0,55.0,60.0,45.0,40.0,60.0,60.0,55.0,70.0,65.0,75.0,4.0,,7.0,1.0,1.0,1.0,1.0,1.0,1.0,1.0,1.0,1.0,1.0,,,,,,,1.0,1.0,2.0,1.0,1.0,2.0,2.0,1.0,2.0,2.0,2.0,2.0,1.0,2.0,2.0,2.0,2.0,2.0,2.0,1.0,2.0,1.0,2.0,1.0,1.0,2.0,1.0,1.0,2.0,1.0,2.0,2.0,2.0,1.0,1.0,1.0,2.0,1.0,2.0,2.0,4.0,,,6.0,,,18.0,,2.0,,
pid_530,,2.0,,2.0,2.0,54.0,,,,,1.0,380.0,35.0,,,3.0,4.0,4.0,4.0,1.0,4.0,4.0,2.0,4.0,4.0,4.0,,,5.0,5.0,5.0,2.0,,,,,4.0,1.0,6.0,5.0,5.0,5.0,5.0,6.0,6.0,6.0,55.0,60.0,55.0,45.0,60.0,65.0,50.0,75.0,65.0,75.0,4.0,6.0,,,,,,,,,,,,1.0,1.0,1.0,1.0,1.0,1.0,2.0,1.0,2.0,1.0,2.0,2.0,1.0,2.0,1.0,2.0,2.0,1.0,1.0,1.0,2.0,2.0,1.0,2.0,1.0,2.0,1.0,2.0,2.0,2.0,2.0,1.0,1.0,1.0,1.0,1.0,2.0,1.0,2.0,1.0,2.0,2.0,2.0,1.0,1.0,1.0,,,5.0,,,6.0,,0.0,,,3.0
pid_531,,2.0,1.0,,,,1.0,24.0,2.0,380.0,,,,70.0,,2.0,4.0,5.0,1.0,1.0,5.0,5.0,4.0,5.0,5.0,5.0,1.0,,,,,,4.0,3.0,5.0,,6.0,2.0,7.0,5.0,5.0,5.0,3.0,5.0,6.0,6.0,65.0,65.0,45.0,35.0,60.0,65.0,50.0,70.0,65.0,75.0,4.0,,7.0,,,,,,,,,,,1.0,1.0,1.0,1.0,1.0,1.0,1.0,2.0,1.0,2.0,2.0,1.0,2.0,1.0,2.0,2.0,1.0,2.0,1.0,1.0,1.0,2.0,2.0,1.0,2.0,1.0,1.0,1.0,2.0,2.0,1.0,2.0,2.0,2.0,2.0,2.0,1.0,2.0,1.0,1.0,1.0,1.0,2.0,2.0,2.0,2.0,5.0,,,6.0,,,18.0,,,,4.0
pid_532,,1.0,,2.0,2.0,55.0,,,,,1.0,380.0,,80.0,,6.0,4.0,5.0,1.0,1.0,5.0,5.0,4.0,5.0,5.0,5.0,,,5.0,,,,4.0,4.0,5.0,6.0,,2.0,6.0,5.0,5.0,5.0,3.0,5.0,6.0,6.0,60.0,65.0,40.0,35.0,65.0,65.0,55.0,70.0,70.0,75.0,4.0,,7.0,1.0,1.0,1.0,1.0,1.0,1.0,1.0,1.0,1.0,1.0,,,,,,,1.0,2.0,2.0,2.0,1.0,2.0,1.0,2.0,2.0,2.0,2.0,1.0,2.0,1.0,2.0,1.0,2.0,1.0,2.0,2.0,2.0,1.0,2.0,2.0,1.0,1.0,2.0,1.0,2.0,2.0,1.0,1.0,1.0,2.0,2.0,2.0,1.0,2.0,2.0,1.0,,,5.0,,,6.0,16.0,,2.0,,
pid_533,,1.0,,2.0,2.0,54.0,,,,,1.0,379.0,,65.0,2.0,,4.0,5.0,1.0,1.0,5.0,5.0,4.0,5.0,5.0,5.0,,5.0,,,,,3.0,4.0,5.0,6.0,,2.0,6.0,5.0,5.0,5.0,3.0,5.0,6.0,6.0,60.0,55.0,45.0,35.0,55.0,58.0,50.0,70.0,65.0,75.0,4.0,,7.0,1.0,1.0,1.0,1.0,1.0,1.0,1.0,1.0,1.0,1.0,,,,,,,2.0,2.0,2.0,1.0,2.0,1.0,1.0,1.0,2.0,1.0,2.0,1.0,1.0,1.0,2.0,1.0,2.0,2.0,1.0,1.0,2.0,2.0,2.0,2.0,2.0,2.0,2.0,2.0,1.0,2.0,2.0,2.0,2.0,2.0,2.0,2.0,2.0,2.0,2.0,2.0,,4.0,,,6.0,,,18.0,2.0,,
pid_534,1.0,,,1.0,,,1.0,54.0,,,1.0,379.0,,70.0,,3.0,4.0,4.0,2.0,1.0,5.0,5.0,2.0,4.0,4.0,4.0,,,5.0,4.0,5.0,,,,,4.0,,2.0,6.0,3.0,5.0,5.0,3.0,5.0,6.0,6.0,55.0,60.0,45.0,35.0,65.0,65.0,45.0,65.0,65.0,70.0,4.0,,6.0,1.0,1.0,1.0,1.0,1.0,1.0,1.0,1.0,1.0,1.0,,,,,,,2.0,2.0,1.0,2.0,2.0,2.0,2.0,1.0,2.0,2.0,2.0,2.0,2.0,2.0,1.0,2.0,1.0,1.0,2.0,1.0,1.0,1.0,1.0,2.0,2.0,2.0,2.0,2.0,2.0,1.0,2.0,2.0,2.0,2.0,2.0,2.0,1.0,2.0,2.0,2.0,,,5.0,,,6.0,,0.0,2.0,,
pid_536,1.0,,1.0,,,,1.0,54.0,,,1.0,380.0,,70.0,1.0,,1.0,1.0,5.0,5.0,1.0,1.0,1.0,2.0,1.0,2.0,2.0,,,3.0,5.0,2.0,,,,3.0,,2.0,5.0,3.0,5.0,5.0,5.0,6.0,6.0,6.0,45.0,45.0,70.0,45.0,50.0,55.0,40.0,55.0,45.0,65.0,4.0,,6.0,1.0,1.0,1.0,1.0,1.0,1.0,1.0,1.0,1.0,1.0,,,,,,,2.0,2.0,1.0,1.0,1.0,1.0,1.0,1.0,2.0,2.0,1.0,1.0,2.0,2.0,1.0,2.0,2.0,1.0,1.0,1.0,2.0,1.0,1.0,1.0,2.0,2.0,2.0,2.0,2.0,2.0,1.0,1.0,2.0,1.0,2.0,1.0,1.0,2.0,1.0,1.0,4.0,,,6.0,,,18.0,,,,3.0
pid_537,1.0,,,2.0,2.0,54.0,,,,,1.0,380.0,,70.0,,3.0,5.0,5.0,1.0,1.0,5.0,5.0,5.0,5.0,5.0,5.0,2.0,,,,,,4.0,4.0,5.0,,4.0,1.0,6.0,5.0,5.0,5.0,5.0,6.0,6.0,6.0,65.0,65.0,45.0,35.0,60.0,65.0,55.0,70.0,70.0,80.0,4.0,6.0,,1.0,1.0,1.0,1.0,1.0,1.0,1.0,1.0,1.0,1.0,,,,,,,2.0,2.0,1.0,2.0,2.0,2.0,1.0,2.0,1.0,1.0,2.0,1.0,2.0,2.0,1.0,1.0,2.0,2.0,2.0,2.0,1.0,1.0,2.0,2.0,1.0,1.0,1.0,2.0,1.0,2.0,1.0,2.0,1.0,1.0,1.0,1.0,2.0,1.0,2.0,2.0,5.0,,,6.0,,,,20.0,2.0,,
pid_538,,2.0,2.0,,2.0,54.0,,,,,1.0,379.0,,85.0,,2.0,2.0,1.0,5.0,5.0,2.0,2.0,1.0,2.0,1.0,2.0,1.0,,,,,,4.0,4.0,5.0,,4.0,1.0,6.0,5.0,5.0,5.0,2.0,5.0,6.0,6.0,60.0,65.0,60.0,45.0,55.0,55.0,45.0,65.0,65.0,80.0,4.0,,7.0,1.0,1.0,1.0,1.0,1.0,1.0,1.0,1.0,1.0,1.0,,,,,,,2.0,2.0,1.0,2.0,2.0,2.0,2.0,2.0,1.0,1.0,1.0,2.0,2.0,2.0,2.0,1.0,1.0,2.0,1.0,2.0,2.0,1.0,1.0,1.0,1.0,2.0,1.0,2.0,2.0,2.0,1.0,2.0,2.0,2.0,2.0,2.0,2.0,1.0,2.0,1.0,5.0,,,6.0,,,,0.0,1.0,,
pid_539,1.0,,1.0,,2.0,54.0,,,2.0,400.0,,,,60.0,2.0,,4.0,5.0,1.0,1.0,5.0,5.0,5.0,5.0,5.0,5.0,,5.0,,,,,4.0,5.0,5.0,4.0,,1.0,7.0,3.0,5.0,5.0,5.0,6.0,6.0,6.0,55.0,62.0,48.0,40.0,60.0,58.0,52.0,68.0,65.0,75.0,4.0,6.0,,,,,,,,,,,,1.0,1.0,1.0,1.0,1.0,1.0,2.0,2.0,2.0,2.0,1.0,2.0,2.0,1.0,1.0,2.0,1.0,1.0,2.0,2.0,2.0,1.0,1.0,2.0,2.0,2.0,2.0,2.0,2.0,1.0,1.0,2.0,1.0,2.0,1.0,1.0,1.0,2.0,1.0,2.0,2.0,1.0,2.0,1.0,1.0,2.0,,5.0,,,5.0,,18.0,,,9.0,
pid_541,,1.0,1.0,,2.0,54.0,,,2.0,380.0,,,30.0,,3.0,,4.0,5.0,2.0,1.0,5.0,5.0,4.0,5.0,5.0,5.0,4.0,,,,,,4.0,4.0,5.0,,4.0,2.0,7.0,5.0,5.0,5.0,3.0,5.0,6.0,6.0,55.0,65.0,45.0,35.0,60.0,65.0,50.0,70.0,65.0,75.0,4.0,6.0,,1.0,1.0,1.0,1.0,1.0,1.0,1.0,1.0,1.0,1.0,,,,,,,2.0,2.0,1.0,2.0,2.0,1.0,2.0,1.0,2.0,2.0,1.0,1.0,1.0,2.0,2.0,1.0,1.0,2.0,1.0,2.0,2.0,1.0,1.0,1.0,1.0,2.0,1.0,2.0,2.0,1.0,2.0,2.0,1.0,1.0,2.0,1.0,1.0,2.0,1.0,2.0,4.0,,,5.0,,,16.0,,3.0,,
pid_542,,1.0,1.0,,,,1.0,54.0,,,1.0,100.0,30.0,,2.0,,4.0,4.0,2.0,2.0,5.0,5.0,2.0,5.0,4.0,5.0,,4.0,,,,,4.0,5.0,3.0,,4.0,2.0,7.0,5.0,5.0,5.0,5.0,5.0,6.0,6.0,65.0,65.0,45.0,40.0,60.0,65.0,45.0,75.0,70.0,80.0,4.0,6.0,,,,,,,,,,,,1.0,1.0,1.0,1.0,1.0,1.0,1.0,2.0,1.0,2.0,2.0,1.0,2.0,2.0,2.0,1.0,2.0,2.0,2.0,1.0,1.0,1.0,2.0,1.0,2.0,1.0,1.0,1.0,1.0,2.0,2.0,2.0,1.0,1.0,2.0,2.0,1.0,1.0,2.0,2.0,1.0,1.0,1.0,2.0,2.0,2.0,,5.0,,,6.0,,,20.0,,9.0,
pid_543,1.0,,2.0,,2.0,54.0,,,2.0,380.0,,,30.0,,2.0,,4.0,4.0,2.0,2.0,5.0,5.0,4.0,5.0,4.0,5.0,,,5.0,4.0,5.0,3.0,,,,4.0,,2.0,6.0,5.0,5.0,5.0,3.0,5.0,6.0,6.0,55.0,54.0,58.0,42.0,62.0,65.0,48.0,72.0,67.0,78.0,4.0,,7.0,1.0,1.0,1.0,1.0,1.0,1.0,1.0,1.0,1.0,1.0,,,,,,,2.0,2.0,1.0,2.0,1.0,2.0,1.0,2.0,2.0,1.0,2.0,1.0,1.0,2.0,1.0,1.0,2.0,1.0,1.0,1.0,1.0,2.0,2.0,2.0,2.0,1.0,2.0,2.0,2.0,1.0,2.0,2.0,2.0,2.0,2.0,2.0,1.0,1.0,1.0,2.0,,,5.0,,,6.0,18.0,,,6.0,
pid_544,,1.0,,2.0,,,1.0,30.0,2.0,380.0,,,30.0,,,2.0,4.0,5.0,1.0,1.0,5.0,5.0,4.0,5.0,5.0,5.0,,,5.0,4.0,5.0,3.0,,,,,4.0,2.0,7.0,5.0,6.0,5.0,5.0,6.0,6.0,6.0,55.0,60.0,40.0,35.0,60.0,65.0,55.0,70.0,65.0,75.0,4.0,6.0,,,,,,,,,,,,1.0,1.0,1.0,1.0,1.0,1.0,2.0,2.0,2.0,2.0,1.0,1.0,2.0,1.0,1.0,1.0,2.0,2.0,1.0,2.0,2.0,1.0,2.0,2.0,1.0,2.0,1.0,1.0,1.0,2.0,2.0,1.0,1.0,1.0,1.0,2.0,2.0,1.0,1.0,2.0,2.0,2.0,1.0,1.0,2.0,1.0,,,5.0,,,6.0,18.0,,,,3.0
pid_546,1.0,,1.0,,2.0,40.0,,,,,1.0,150.0,50.0,,1.0,,2.0,1.0,5.0,4.0,4.0,2.0,1.0,4.0,2.0,2.0,,4.0,,,,,4.0,5.0,5.0,,4.0,2.0,7.0,5.0,6.0,6.0,5.0,5.0,6.0,6.0,55.0,55.0,65.0,45.0,60.0,58.0,50.0,65.0,60.0,70.0,4.0,6.0,,,,,,,,,,,,1.0,1.0,1.0,1.0,1.0,1.0,2.0,2.0,1.0,1.0,1.0,1.0,1.0,1.0,2.0,1.0,2.0,1.0,1.0,1.0,1.0,1.0,1.0,2.0,1.0,1.0,1.0,1.0,1.0,1.0,1.0,2.0,2.0,1.0,2.0,2.0,1.0,2.0,2.0,2.0,1.0,1.0,2.0,2.0,2.0,1.0,,4.0,,,5.0,,,20.0,,,3.0
pid_547,,2.0,,2.0,,,1.0,20.0,,,1.0,380.0,70.0,,,3.0,4.0,4.0,4.0,2.0,5.0,4.0,2.0,4.0,2.0,4.0,,5.0,,,,,3.0,4.0,5.0,,4.0,1.0,7.0,5.0,5.0,6.0,3.0,5.0,6.0,6.0,55.0,58.0,55.0,45.0,52.0,54.0,48.0,62.0,60.0,72.0,4.0,,6.0,,,,,,,,,,,1.0,1.0,1.0,1.0,1.0,1.0,2.0,2.0,1.0,2.0,2.0,2.0,1.0,2.0,2.0,2.0,1.0,2.0,2.0,2.0,2.0,2.0,1.0,1.0,2.0,1.0,1.0,1.0,2.0,1.0,2.0,1.0,2.0,1.0,1.0,1.0,2.0,1.0,1.0,1.0,1.0,2.0,1.0,1.0,2.0,2.0,,4.0,,,6.0,,18.0,,,,4.0
pid_548,,1.0,1.0,,,,1.0,54.0,,,1.0,380.0,30.0,,2.0,,2.0,2.0,5.0,4.0,4.0,2.0,1.0,4.0,2.0,4.0,,,5.0,,,,4.0,3.0,5.0,4.0,,1.0,6.0,5.0,5.0,5.0,5.0,5.0,6.0,6.0,50.0,55.0,55.0,50.0,60.0,55.0,45.0,65.0,60.0,70.0,4.0,,7.0,1.0,1.0,1.0,1.0,1.0,1.0,1.0,1.0,1.0,1.0,,,,,,,1.0,2.0,1.0,1.0,2.0,2.0,1.0,1.0,2.0,2.0,1.0,2.0,2.0,2.0,2.0,2.0,2.0,1.0,1.0,1.0,1.0,2.0,1.0,2.0,2.0,1.0,2.0,1.0,2.0,1.0,2.0,1.0,1.0,2.0,1.0,2.0,2.0,1.0,2.0,1.0,,,5.0,,,6.0,18.0,,,9.0,
pid_549,,2.0,,2.0,2.0,54.0,,,2.0,380.0,,,,70.0,,4.0,4.0,5.0,1.0,1.0,5.0,5.0,4.0,5.0,5.0,5.0,2.0,,,,,,4.0,5.0,5.0,6.0,,2.0,7.0,5.0,5.0,5.0,3.0,5.0,6.0,6.0,60.0,65.0,48.0,42.0,55.0,58.0,55.0,72.0,68.0,78.0,4.0,7.0,,1.0,1.0,1.0,1.0,1.0,1.0,1.0,1.0,1.0,1.0,,,,,,,2.0,1.0,2.0,1.0,1.0,1.0,2.0,1.0,2.0,2.0,2.0,1.0,2.0,1.0,1.0,1.0,1.0,2.0,1.0,2.0,1.0,1.0,1.0,2.0,2.0,1.0,1.0,1.0,2.0,2.0,1.0,2.0,2.0,1.0,1.0,2.0,2.0,1.0,1.0,2.0,5.0,,,6.0,,,15.0,,3.0,,
pid_550,1.0,,,2.0,,,1.0,54.0,,,1.0,380.0,30.0,,,4.0,4.0,4.0,2.0,2.0,4.0,5.0,3.0,5.0,4.0,4.0,2.0,,,,,,4.0,5.0,5.0,4.0,,1.0,7.0,5.0,5.0,5.0,5.0,5.0,6.0,6.0,55.0,55.0,45.0,35.0,60.0,65.0,50.0,70.0,65.0,75.0,4.0,6.0,,1.0,1.0,1.0,1.0,1.0,1.0,1.0,1.0,1.0,1.0,,,,,,,2.0,1.0,1.0,1.0,1.0,2.0,2.0,2.0,2.0,2.0,2.0,1.0,2.0,1.0,1.0,2.0,1.0,1.0,1.0,1.0,1.0,2.0,2.0,1.0,1.0,1.0,2.0,2.0,2.0,1.0,2.0,2.0,2.0,1.0,1.0,2.0,1.0,1.0,2.0,1.0,4.0,,,6.0,,,,0.0,,6.0,
pid_551,1.0,,,2.0,2.0,55.0,,,2.0,380.0,,,,70.0,,3.0,4.0,5.0,2.0,2.0,5.0,5.0,2.0,5.0,4.0,5.0,2.0,,,4.0,5.0,3.0,,,,,4.0,2.0,6.0,5.0,3.0,5.0,5.0,5.0,6.0,6.0,55.0,65.0,45.0,40.0,60.0,65.0,55.0,70.0,65.0,75.0,4.0,5.0,,1.0,1.0,1.0,1.0,1.0,1.0,1.0,1.0,1.0,1.0,,,,,,,1.0,2.0,1.0,1.0,1.0,1.0,2.0,2.0,2.0,1.0,1.0,2.0,2.0,2.0,2.0,1.0,1.0,1.0,1.0,1.0,2.0,1.0,1.0,1.0,2.0,2.0,2.0,2.0,1.0,1.0,2.0,1.0,1.0,2.0,1.0,1.0,1.0,1.0,2.0,1.0,4.0,,,5.0,,,,18.0,,,3.0
pid_552,1.0,,,2.0,2.0,54.0,,,2.0,380.0,,,30.0,,,6.0,5.0,5.0,1.0,1.0,5.0,5.0,5.0,5.0,5.0,5.0,,,5.0,,,,3.0,4.0,5.0,6.0,,2.0,7.0,3.0,5.0,5.0,3.0,5.0,6.0,6.0,65.0,55.0,40.0,35.0,60.0,65.0,55.0,70.0,65.0,75.0,4.0,6.0,,1.0,1.0,1.0,1.0,1.0,1.0,1.0,1.0,1.0,1.0,,,,,,,2.0,1.0,2.0,2.0,1.0,2.0,1.0,1.0,2.0,1.0,1.0,2.0,1.0,2.0,2.0,2.0,1.0,2.0,2.0,2.0,2.0,1.0,2.0,2.0,2.0,1.0,1.0,2.0,1.0,2.0,2.0,2.0,1.0,1.0,2.0,1.0,2.0,2.0,2.0,2.0,,,5.0,,,6.0,,20.0,,9.0,
pid_553,,1.0,2.0,,2.0,54.0,,,2.0,350.0,,,,85.0,,5.0,4.0,1.0,4.0,4.0,4.0,4.0,1.0,4.0,2.0,4.0,,5.0,,,,,4.0,5.0,5.0,,4.0,2.0,6.0,5.0,5.0,6.0,5.0,5.0,6.0,6.0,60.0,55.0,55.0,60.0,65.0,65.0,48.0,70.0,65.0,80.0,4.0,6.0,,,,,,,,,,,,1.0,1.0,1.0,1.0,1.0,1.0,2.0,1.0,2.0,2.0,2.0,1.0,2.0,2.0,1.0,2.0,2.0,1.0,1.0,1.0,1.0,1.0,1.0,1.0,1.0,1.0,1.0,1.0,2.0,1.0,1.0,2.0,1.0,2.0,1.0,1.0,2.0,1.0,2.0,1.0,1.0,1.0,2.0,1.0,1.0,1.0,,5.0,,,6.0,,16.0,,,6.0,
pid_554,,2.0,1.0,,2.0,54.0,,,2.0,380.0,,,30.0,,,1.0,4.0,5.0,2.0,1.0,5.0,5.0,4.0,5.0,5.0,5.0,1.0,,,,,,4.0,5.0,5.0,6.0,,2.0,6.0,3.0,5.0,5.0,3.0,5.0,6.0,6.0,55.0,65.0,55.0,42.0,60.0,58.0,48.0,68.0,64.0,80.0,4.0,,7.0,,,,,,,,,,,1.0,1.0,1.0,1.0,1.0,1.0,2.0,2.0,1.0,2.0,1.0,2.0,2.0,1.0,1.0,2.0,2.0,1.0,2.0,2.0,1.0,1.0,2.0,2.0,1.0,1.0,1.0,2.0,1.0,1.0,2.0,1.0,2.0,2.0,1.0,2.0,1.0,2.0,2.0,1.0,1.0,2.0,2.0,2.0,1.0,2.0,5.0,,,6.0,,,18.0,,,,4.0
pid_555,1.0,,1.0,,,,1.0,54.0,2.0,380.0,,,,75.0,2.0,,4.0,5.0,1.0,1.0,5.0,5.0,4.0,5.0,5.0,5.0,,5.0,,5.0,5.0,3.0,,,,,4.0,1.0,6.0,5.0,5.0,3.0,3.0,5.0,6.0,6.0,55.0,65.0,45.0,35.0,60.0,65.0,50.0,70.0,65.0,75.0,4.0,6.0,,1.0,1.0,1.0,1.0,1.0,1.0,1.0,1.0,1.0,1.0,,,,,,,2.0,1.0,2.0,1.0,1.0,2.0,1.0,2.0,1.0,2.0,2.0,1.0,1.0,1.0,2.0,1.0,2.0,2.0,2.0,1.0,2.0,2.0,2.0,2.0,2.0,2.0,2.0,2.0,2.0,1.0,1.0,2.0,1.0,1.0,2.0,2.0,2.0,2.0,2.0,2.0,,5.0,,,6.0,,,15.0,,9.0,
pid_556,,2.0,,2.0,,,1.0,54.0,,,1.0,380.0,30.0,,2.0,,4.0,5.0,2.0,2.0,5.0,4.0,4.0,5.0,5.0,5.0,,4.0,,,,,4.0,5.0,5.0,,4.0,1.0,6.0,5.0,5.0,5.0,5.0,6.0,6.0,6.0,55.0,65.0,50.0,35.0,60.0,58.0,48.0,70.0,65.0,75.0,4.0,6.0,,1.0,1.0,1.0,1.0,1.0,1.0,1.0,1.0,1.0,1.0,,,,,,,1.0,1.0,1.0,1.0,1.0,2.0,2.0,2.0,1.0,1.0,2.0,2.0,1.0,2.0,2.0,1.0,2.0,1.0,2.0,1.0,1.0,2.0,1.0,1.0,1.0,2.0,2.0,1.0,2.0,1.0,2.0,2.0,1.0,1.0,2.0,1.0,2.0,1.0,2.0,2.0,,4.0,,,6.0,,,20.0,1.0,,
pid_557,1.0,,,2.0,,,1.0,54.0,,,1.0,379.0,40.0,,2.0,,4.0,4.0,2.0,2.0,4.0,4.0,2.0,5.0,4.0,5.0,,5.0,,4.0,5.0,3.0,,,,,4.0,1.0,7.0,5.0,5.0,5.0,5.0,5.0,6.0,6.0,55.0,55.0,45.0,38.0,58.0,60.0,48.0,68.0,65.0,80.0,4.0,,6.0,,,,,,,,,,,1.0,1.0,1.0,1.0,1.0,1.0,2.0,1.0,2.0,2.0,1.0,1.0,1.0,2.0,2.0,2.0,2.0,1.0,2.0,2.0,2.0,2.0,2.0,2.0,2.0,1.0,2.0,2.0,1.0,2.0,1.0,1.0,1.0,2.0,1.0,1.0,2.0,2.0,1.0,1.0,2.0,1.0,1.0,1.0,2.0,2.0,,5.0,,,6.0,,,16.0,,6.0,
pid_558,,2.0,,1.0,,,1.0,54.0,2.0,380.0,,,30.0,,2.0,,4.0,5.0,1.0,2.0,5.0,5.0,4.0,5.0,4.0,5.0,,,5.0,4.0,5.0,3.0,,,,,4.0,2.0,6.0,5.0,5.0,5.0,5.0,6.0,6.0,6.0,55.0,65.0,55.0,45.0,60.0,65.0,50.0,70.0,65.0,75.0,4.0,,6.0,1.0,1.0,1.0,1.0,1.0,1.0,1.0,1.0,1.0,1.0,,,,,,,1.0,2.0,2.0,2.0,2.0,2.0,1.0,1.0,2.0,2.0,2.0,2.0,1.0,2.0,2.0,2.0,2.0,2.0,2.0,2.0,1.0,2.0,1.0,1.0,1.0,2.0,1.0,2.0,2.0,1.0,1.0,1.0,1.0,1.0,1.0,1.0,2.0,1.0,2.0,1.0,,,5.0,,,6.0,,18.0,3.0,,
pid_559,,1.0,1.0,,,,1.0,54.0,2.0,379.0,,,,70.0,,3.0,5.0,5.0,1.0,1.0,5.0,5.0,5.0,5.0,5.0,5.0,,,5.0,,,,4.0,5.0,3.0,,4.0,1.0,7.0,5.0,5.0,5.0,5.0,6.0,6.0,6.0,55.0,60.0,55.0,45.0,60.0,58.0,55.0,70.0,65.0,75.0,4.0,,7.0,,,,,,,,,,,1.0,1.0,1.0,1.0,1.0,1.0,2.0,1.0,1.0,1.0,2.0,2.0,2.0,2.0,1.0,1.0,2.0,1.0,1.0,2.0,1.0,1.0,1.0,1.0,1.0,2.0,2.0,1.0,1.0,1.0,2.0,1.0,2.0,1.0,1.0,2.0,1.0,2.0,1.0,1.0,1.0,2.0,2.0,2.0,1.0,2.0,,,5.0,,,6.0,,2.0,3.0,,
pid_560,1.0,,,2.0,,,1.0,54.0,,,1.0,380.0,,75.0,3.0,,4.0,4.0,3.0,2.0,4.0,4.0,2.0,4.0,4.0,4.0,4.0,,,4.0,5.0,,,,,,4.0,2.0,6.0,5.0,5.0,5.0,3.0,5.0,6.0,6.0,55.0,60.0,55.0,40.0,60.0,65.0,50.0,70.0,65.0,75.0,4.0,6.0,,1.0,1.0,1.0,1.0,1.0,1.0,1.0,1.0,1.0,1.0,,,,,,,2.0,2.0,1.0,2.0,2.0,1.0,1.0,1.0,1.0,2.0,1.0,1.0,2.0,1.0,1.0,1.0,1.0,2.0,2.0,1.0,1.0,1.0,1.0,2.0,2.0,1.0,2.0,1.0,2.0,1.0,1.0,2.0,1.0,1.0,1.0,1.0,2.0,1.0,2.0,1.0,4.0,,,5.0,,,,20.0,,,3.0
pid_561,1.0,,,1.0,2.0,54.0,,,,,1.0,380.0,30.0,,,3.0,4.0,5.0,1.0,1.0,5.0,5.0,4.0,5.0,5.0,5.0,,,5.0,,,,4.0,5.0,5.0,6.0,,1.0,6.0,5.0,5.0,5.0,3.0,5.0,6.0,6.0,60.0,65.0,35.0,30.0,65.0,60.0,55.0,70.0,65.0,75.0,4.0,,7.0,1.0,1.0,1.0,1.0,1.0,1.0,1.0,1.0,1.0,1.0,,,,,,,2.0,2.0,2.0,1.0,1.0,2.0,1.0,1.0,1.0,1.0,2.0,1.0,2.0,1.0,2.0,1.0,1.0,1.0,2.0,1.0,1.0,1.0,1.0,2.0,1.0,1.0,2.0,2.0,1.0,2.0,2.0,1.0,2.0,2.0,2.0,1.0,2.0,2.0,1.0,2.0,,,5.0,,,6.0,,20.0,,9.0,
pid_562,1.0,,1.0,,2.0,54.0,,,2.0,379.0,,,30.0,,,1.0,4.0,5.0,1.0,1.0,5.0,5.0,4.0,5.0,5.0,5.0,1.0,,,,,,4.0,5.0,5.0,6.0,,1.0,7.0,5.0,5.0,5.0,5.0,5.0,6.0,6.0,60.0,65.0,40.0,35.0,65.0,65.0,55.0,75.0,65.0,80.0,4.0,,7.0,,,,,,,,,,,1.0,1.0,1.0,1.0,1.0,1.0,2.0,1.0,1.0,2.0,1.0,2.0,2.0,1.0,2.0,1.0,2.0,2.0,2.0,1.0,1.0,1.0,1.0,1.0,1.0,2.0,2.0,2.0,1.0,1.0,2.0,1.0,1.0,2.0,1.0,1.0,2.0,1.0,2.0,2.0,1.0,1.0,1.0,1.0,2.0,2.0,5.0,,,6.0,,,18.0,,3.0,,
pid_563,,2.0,1.0,,2.0,30.0,,,2.0,380.0,,,30.0,,,2.0,4.0,5.0,1.0,1.0,5.0,5.0,4.0,5.0,5.0,5.0,,5.0,,4.0,5.0,3.0,,,,,4.0,2.0,7.0,5.0,5.0,5.0,5.0,6.0,6.0,6.0,65.0,65.0,45.0,40.0,60.0,60.0,55.0,75.0,70.0,80.0,4.0,6.0,,,,,,,,,,,,1.0,1.0,1.0,1.0,1.0,1.0,1.0,2.0,2.0,2.0,2.0,1.0,1.0,1.0,2.0,1.0,2.0,1.0,2.0,2.0,2.0,1.0,1.0,1.0,2.0,2.0,1.0,2.0,2.0,2.0,2.0,1.0,2.0,1.0,1.0,2.0,1.0,2.0,2.0,2.0,1.0,2.0,1.0,1.0,2.0,1.0,,5.0,,,6.0,,18.0,,2.0,,
pid_564,1.0,,,2.0,2.0,54.0,,,,,1.0,379.0,30.0,,3.0,,4.0,5.0,2.0,1.0,5.0,5.0,4.0,5.0,5.0,5.0,2.0,,,,,,4.0,5.0,5.0,,4.0,2.0,7.0,5.0,5.0,5.0,3.0,5.0,6.0,6.0,60.0,65.0,55.0,35.0,65.0,65.0,55.0,75.0,70.0,80.0,4.0,,7.0,1.0,1.0,1.0,1.0,1.0,1.0,1.0,1.0,1.0,1.0,,,,,,,1.0,2.0,2.0,2.0,2.0,1.0,1.0,2.0,1.0,2.0,2.0,2.0,2.0,1.0,2.0,1.0,1.0,1.0,2.0,2.0,2.0,1.0,1.0,1.0,1.0,2.0,2.0,2.0,1.0,2.0,1.0,2.0,2.0,2.0,1.0,2.0,1.0,2.0,1.0,1.0,5.0,,,6.0,,,,15.0,,,3.0
pid_565,,1.0,,2.0,2.0,54.0,,,2.0,380.0,,,30.0,,2.0,,4.0,5.0,1.0,1.0,5.0,5.0,4.0,5.0,5.0,5.0,,5.0,,,,,4.0,5.0,5.0,4.0,,2.0,7.0,5.0,5.0,5.0,5.0,5.0,6.0,6.0,55.0,65.0,40.0,45.0,60.0,58.0,55.0,70.0,65.0,75.0,4.0,,7.0,,,,,,,,,,,1.0,1.0,1.0,1.0,1.0,1.0,2.0,2.0,2.0,2.0,1.0,2.0,2.0,1.0,2.0,2.0,2.0,1.0,2.0,1.0,1.0,2.0,1.0,2.0,2.0,2.0,2.0,2.0,2.0,2.0,2.0,2.0,2.0,1.0,1.0,2.0,2.0,2.0,1.0,1.0,2.0,1.0,2.0,1.0,1.0,2.0,,5.0,,,6.0,,15.0,,,9.0,
pid_566,,1.0,1.0,,2.0,50.0,,,2.0,300.0,,,50.0,,2.0,,2.0,1.0,5.0,4.0,3.0,2.0,1.0,4.0,2.0,4.0,,5.0,,4.0,5.0,3.0,,,,,4.0,2.0,7.0,3.0,5.0,5.0,3.0,5.0,6.0,6.0,45.0,50.0,55.0,45.0,55.0,55.0,45.0,65.0,65.0,75.0,4.0,6.0,,,,,,,,,,,,1.0,1.0,1.0,1.0,1.0,1.0,1.0,2.0,2.0,1.0,1.0,2.0,1.0,1.0,2.0,1.0,2.0,1.0,2.0,2.0,2.0,1.0,2.0,2.0,2.0,1.0,2.0,2.0,2.0,2.0,2.0,1.0,2.0,2.0,1.0,2.0,2.0,2.0,2.0,2.0,1.0,2.0,2.0,2.0,1.0,1.0,,5.0,,,4.0,,,18.0,,,3.0
pid_567,,1.0,1.0,,2.0,54.0,,,2.0,350.0,,,,80.0,1.0,,5.0,5.0,1.0,1.0,5.0,5.0,5.0,5.0,5.0,5.0,,5.0,,,,,4.0,3.0,5.0,4.0,,2.0,7.0,3.0,5.0,5.0,5.0,6.0,6.0,6.0,55.0,55.0,45.0,35.0,60.0,65.0,50.0,70.0,65.0,75.0,4.0,,6.0,,,,,,,,,,,1.0,1.0,1.0,1.0,1.0,1.0,1.0,2.0,2.0,1.0,1.0,2.0,2.0,2.0,2.0,2.0,2.0,2.0,2.0,2.0,2.0,1.0,2.0,2.0,1.0,1.0,2.0,1.0,2.0,1.0,2.0,2.0,1.0,2.0,1.0,1.0,1.0,2.0,2.0,1.0,1.0,2.0,1.0,2.0,1.0,2.0,,4.0,,,6.0,,,15.0,3.0,,
pid_568,,1.0,1.0,,,,1.0,54.0,,,1.0,379.0,30.0,,,2.0,5.0,5.0,1.0,1.0,5.0,5.0,4.0,5.0,5.0,5.0,,,5.0,4.0,5.0,2.0,,,,4.0,,2.0,7.0,5.0,5.0,3.0,3.0,5.0,6.0,6.0,55.0,55.0,40.0,35.0,60.0,65.0,48.0,70.0,65.0,75.0,4.0,,6.0,1.0,1.0,1.0,1.0,1.0,1.0,1.0,1.0,1.0,1.0,,,,,,,2.0,2.0,2.0,1.0,2.0,2.0,2.0,2.0,2.0,2.0,2.0,2.0,1.0,1.0,2.0,1.0,2.0,1.0,2.0,1.0,2.0,2.0,1.0,2.0,2.0,1.0,2.0,1.0,2.0,2.0,2.0,1.0,2.0,2.0,2.0,2.0,2.0,1.0,1.0,2.0,,,5.0,,,6.0,18.0,,,8.0,
pid_569,1.0,,1.0,,2.0,54.0,,,2.0,350.0,,,,85.0,2.0,,2.0,2.0,5.0,4.0,4.0,4.0,1.0,4.0,2.0,4.0,,5.0,,5.0,5.0,2.0,,,,4.0,,1.0,6.0,5.0,6.0,6.0,3.0,6.0,6.0,6.0,55.0,55.0,60.0,45.0,60.0,60.0,50.0,65.0,65.0,75.0,4.0,6.0,,,,,,,,,,,,1.0,1.0,1.0,1.0,1.0,1.0,1.0,2.0,2.0,2.0,2.0,2.0,2.0,2.0,1.0,2.0,1.0,2.0,1.0,1.0,2.0,1.0,1.0,2.0,1.0,1.0,2.0,2.0,1.0,2.0,2.0,2.0,1.0,2.0,2.0,1.0,2.0,1.0,2.0,2.0,2.0,1.0,2.0,2.0,1.0,1.0,,5.0,,,6.0,,15.0,,,9.0,
pid_570,1.0,,,2.0,,,1.0,20.0,2.0,300.0,,,30.0,,,5.0,5.0,5.0,1.0,1.0,5.0,5.0,5.0,5.0,5.0,5.0,,5.0,,4.0,5.0,3.0,,,,6.0,,2.0,7.0,3.0,5.0,5.0,5.0,5.0,6.0,6.0,55.0,60.0,45.0,35.0,60.0,58.0,50.0,65.0,65.0,75.0,4.0,,7.0,1.0,1.0,1.0,1.0,1.0,1.0,1.0,1.0,1.0,1.0,,,,,,,2.0,2.0,2.0,2.0,2.0,1.0,2.0,2.0,1.0,2.0,2.0,2.0,1.0,2.0,2.0,2.0,2.0,2.0,2.0,2.0,2.0,1.0,1.0,2.0,2.0,1.0,2.0,2.0,2.0,2.0,1.0,2.0,2.0,2.0,2.0,1.0,1.0,2.0,2.0,2.0,,5.0,,,6.0,,,5.0,,,4.0
pid_571,1.0,,,2.0,,,1.0,54.0,,,1.0,380.0,,70.0,,2.0,4.0,5.0,2.0,2.0,4.0,4.0,4.0,5.0,4.0,4.0,2.0,,,,,,4.0,5.0,5.0,,4.0,1.0,7.0,5.0,5.0,5.0,5.0,5.0,6.0,6.0,65.0,65.0,40.0,35.0,60.0,65.0,55.0,75.0,65.0,75.0,4.0,7.0,,,,,,,,,,,,1.0,1.0,1.0,1.0,1.0,1.0,2.0,2.0,1.0,1.0,2.0,2.0,2.0,2.0,1.0,1.0,2.0,2.0,2.0,1.0,2.0,2.0,1.0,2.0,2.0,2.0,1.0,2.0,2.0,1.0,2.0,2.0,2.0,1.0,2.0,1.0,2.0,1.0,1.0,2.0,2.0,2.0,2.0,1.0,2.0,1.0,5.0,,,6.0,,,,20.0,,9.0,
pid_572,,1.0,,2.0,,,1.0,50.0,,,1.0,379.0,70.0,,3.0,,4.0,2.0,5.0,4.0,4.0,5.0,1.0,4.0,2.0,4.0,,,4.0,4.0,5.0,3.0,,,,,4.0,1.0,7.0,5.0,5.0,5.0,3.0,5.0,6.0,6.0,60.0,55.0,60.0,45.0,55.0,65.0,50.0,70.0,65.0,80.0,4.0,,6.0,1.0,1.0,1.0,1.0,1.0,1.0,1.0,1.0,1.0,1.0,,,,,,,2.0,2.0,2.0,1.0,2.0,1.0,2.0,1.0,2.0,1.0,2.0,1.0,1.0,2.0,1.0,1.0,1.0,1.0,1.0,2.0,1.0,1.0,2.0,2.0,2.0,2.0,1.0,2.0,1.0,1.0,1.0,2.0,1.0,1.0,1.0,1.0,1.0,2.0,2.0,1.0,,,5.0,,,6.0,18.0,,4.0,,
pid_573,,1.0,2.0,,,,1.0,54.0,2.0,380.0,,,,60.0,,2.0,5.0,5.0,1.0,1.0,5.0,5.0,4.0,5.0,5.0,5.0,4.0,,,,,,4.0,3.0,5.0,,4.0,2.0,7.0,3.0,5.0,5.0,5.0,5.0,6.0,6.0,60.0,65.0,45.0,40.0,55.0,60.0,55.0,75.0,65.0,80.0,4.0,,6.0,1.0,1.0,1.0,1.0,1.0,1.0,1.0,1.0,1.0,1.0,,,,,,,2.0,2.0,2.0,2.0,2.0,1.0,2.0,2.0,2.0,1.0,2.0,2.0,2.0,2.0,1.0,1.0,2.0,1.0,1.0,1.0,2.0,2.0,2.0,2.0,1.0,1.0,1.0,1.0,1.0,2.0,1.0,1.0,1.0,1.0,2.0,2.0,1.0,2.0,1.0,2.0,5.0,,,6.0,,,,20.0,2.0,,
pid_574,,1.0,2.0,,,,1.0,50.0,,,1.0,250.0,,70.0,,2.0,2.0,1.0,5.0,4.0,4.0,2.0,1.0,4.0,2.0,4.0,,,5.0,,,,3.0,5.0,4.0,,4.0,2.0,6.0,5.0,5.0,6.0,5.0,6.0,6.0,6.0,50.0,65.0,60.0,55.0,55.0,60.0,45.0,70.0,60.0,75.0,4.0,,6.0,1.0,1.0,1.0,1.0,1.0,1.0,1.0,1.0,1.0,1.0,,,,,,,1.0,1.0,2.0,1.0,2.0,1.0,1.0,1.0,1.0,2.0,1.0,1.0,2.0,1.0,2.0,1.0,1.0,1.0,1.0,2.0,1.0,2.0,2.0,1.0,2.0,1.0,1.0,2.0,1.0,2.0,1.0,2.0,2.0,1.0,1.0,1.0,1.0,2.0,2.0,1.0,,,5.0,,,6.0,,20.0,,6.0,
pid_575,,1.0,1.0,,2.0,54.0,,,,,1.0,380.0,,70.0,,2.0,2.0,1.0,5.0,4.0,4.0,4.0,1.0,4.0,1.0,4.0,,4.0,,4.0,5.0,3.0,,,,,4.0,1.0,7.0,5.0,5.0,5.0,3.0,5.0,6.0,6.0,55.0,55.0,55.0,50.0,58.0,65.0,45.0,65.0,60.0,75.0,4.0,,6.0,,,,,,,,,,,1.0,1.0,1.0,1.0,1.0,1.0,2.0,2.0,1.0,1.0,1.0,1.0,1.0,1.0,2.0,1.0,2.0,2.0,2.0,1.0,2.0,1.0,1.0,2.0,2.0,2.0,2.0,1.0,1.0,2.0,2.0,2.0,1.0,1.0,1.0,1.0,2.0,1.0,2.0,2.0,1.0,2.0,2.0,1.0,1.0,2.0,,5.0,,,6.0,,,20.0,2.0,,
pid_576,,2.0,,2.0,2.0,54.0,,,,,1.0,380.0,30.0,,1.0,,5.0,5.0,1.0,1.0,5.0,5.0,5.0,5.0,5.0,5.0,1.0,,,,,,3.0,4.0,5.0,,6.0,1.0,7.0,3.0,5.0,5.0,5.0,6.0,6.0,6.0,65.0,65.0,42.0,38.0,58.0,62.0,55.0,72.0,68.0,78.0,4.0,7.0,,1.0,1.0,1.0,1.0,1.0,1.0,1.0,1.0,1.0,1.0,,,,,,,2.0,2.0,2.0,2.0,2.0,1.0,1.0,1.0,2.0,2.0,2.0,1.0,2.0,2.0,1.0,2.0,1.0,2.0,1.0,2.0,1.0,2.0,2.0,2.0,2.0,1.0,2.0,1.0,1.0,2.0,2.0,1.0,2.0,2.0,2.0,2.0,2.0,1.0,1.0,1.0,5.0,,,6.0,,,18.0,,,,3.0
pid_577,,2.0,1.0,,2.0,54.0,,,,,1.0,380.0,30.0,,,1.0,4.0,5.0,2.0,2.0,5.0,4.0,4.0,5.0,4.0,5.0,,4.0,,,,,4.0,3.0,5.0,4.0,,2.0,6.0,5.0,5.0,5.0,3.0,5.0,6.0,6.0,55.0,65.0,40.0,45.0,60.0,62.0,55.0,70.0,65.0,75.0,4.0,6.0,,1.0,1.0,1.0,1.0,1.0,1.0,1.0,1.0,1.0,1.0,,,,,,,2.0,2.0,1.0,2.0,2.0,1.0,1.0,2.0,2.0,2.0,2.0,2.0,2.0,2.0,2.0,2.0,2.0,1.0,2.0,1.0,2.0,1.0,1.0,2.0,2.0,1.0,2.0,1.0,1.0,2.0,2.0,1.0,2.0,1.0,2.0,2.0,1.0,2.0,2.0,2.0,,4.0,,,5.0,,18.0,,,,3.0
pid_578,,1.0,,2.0,2.0,54.0,,,,,1.0,200.0,30.0,,1.0,,5.0,5.0,1.0,1.0,5.0,5.0,5.0,5.0,5.0,5.0,,5.0,,,,,4.0,5.0,3.0,,4.0,2.0,7.0,3.0,5.0,6.0,5.0,5.0,6.0,6.0,65.0,60.0,40.0,35.0,60.0,60.0,55.0,75.0,65.0,80.0,4.0,,6.0,,,,,,,,,,,1.0,1.0,1.0,1.0,1.0,1.0,1.0,2.0,2.0,1.0,1.0,2.0,2.0,2.0,2.0,2.0,1.0,2.0,2.0,2.0,1.0,2.0,2.0,2.0,1.0,2.0,1.0,2.0,2.0,1.0,1.0,2.0,2.0,1.0,1.0,2.0,2.0,2.0,2.0,2.0,1.0,2.0,2.0,2.0,2.0,1.0,,5.0,,,6.0,,15.0,,2.0,,
pid_579,1.0,,,2.0,2.0,54.0,,,2.0,379.0,,,30.0,,,3.0,4.0,5.0,1.0,1.0,5.0,5.0,5.0,5.0,5.0,5.0,4.0,,,4.0,5.0,3.0,,,,,6.0,2.0,7.0,3.0,5.0,5.0,5.0,6.0,6.0,6.0,60.0,58.0,42.0,45.0,58.0,62.0,55.0,72.0,68.0,77.0,4.0,,6.0,,,,,,,,,,,1.0,1.0,1.0,1.0,1.0,1.0,2.0,2.0,2.0,2.0,2.0,2.0,2.0,1.0,2.0,1.0,1.0,1.0,1.0,1.0,2.0,1.0,1.0,1.0,1.0,2.0,2.0,1.0,2.0,1.0,2.0,1.0,1.0,1.0,2.0,2.0,2.0,2.0,2.0,2.0,1.0,1.0,2.0,1.0,2.0,2.0,4.0,,,6.0,,,,18.0,2.0,,
pid_580,,1.0,1.0,,,,1.0,54.0,2.0,380.0,,,60.0,,3.0,,2.0,1.0,5.0,4.0,4.0,2.0,1.0,4.0,2.0,4.0,2.0,,,,,,4.0,5.0,5.0,6.0,,1.0,7.0,5.0,3.0,5.0,5.0,6.0,6.0,6.0,55.0,64.0,58.0,57.0,62.0,63.0,52.0,68.0,67.0,81.0,4.0,6.0,,,,,,,,,,,,1.0,1.0,1.0,1.0,1.0,1.0,1.0,1.0,1.0,1.0,2.0,1.0,2.0,1.0,1.0,1.0,2.0,2.0,1.0,1.0,1.0,2.0,2.0,1.0,1.0,1.0,2.0,2.0,1.0,2.0,2.0,1.0,2.0,1.0,1.0,2.0,2.0,1.0,2.0,1.0,2.0,2.0,2.0,1.0,1.0,1.0,4.0,,,6.0,,,,0.0,,,3.0
pid_581,,2.0,1.0,,,,1.0,54.0,,,1.0,379.0,,70.0,,3.0,4.0,1.0,5.0,4.0,4.0,4.0,1.0,4.0,2.0,4.0,,,4.0,4.0,5.0,4.0,,,,,4.0,2.0,6.0,3.0,5.0,5.0,5.0,5.0,6.0,6.0,55.0,57.0,56.0,58.0,60.0,58.0,48.0,68.0,65.0,78.0,4.0,5.0,,1.0,1.0,1.0,1.0,1.0,1.0,1.0,1.0,1.0,1.0,,,,,,,2.0,1.0,2.0,2.0,1.0,1.0,1.0,1.0,2.0,2.0,1.0,2.0,2.0,1.0,1.0,2.0,2.0,2.0,1.0,1.0,1.0,2.0,2.0,1.0,2.0,1.0,2.0,1.0,2.0,1.0,2.0,2.0,1.0,2.0,2.0,1.0,1.0,2.0,1.0,2.0,,,5.0,,,6.0,18.0,,,9.0,
pid_582,,1.0,,2.0,2.0,54.0,,,2.0,380.0,,,40.0,,,3.0,4.0,5.0,2.0,2.0,5.0,4.0,4.0,5.0,4.0,5.0,2.0,,,,,,4.0,3.0,3.0,4.0,,2.0,6.0,5.0,3.0,5.0,5.0,6.0,6.0,6.0,55.0,55.0,45.0,40.0,60.0,65.0,50.0,70.0,65.0,75.0,4.0,,6.0,1.0,1.0,1.0,1.0,1.0,1.0,1.0,1.0,1.0,1.0,,,,,,,1.0,1.0,1.0,2.0,2.0,1.0,1.0,2.0,2.0,2.0,2.0,1.0,1.0,2.0,1.0,1.0,1.0,2.0,1.0,1.0,1.0,1.0,2.0,1.0,2.0,2.0,2.0,2.0,2.0,2.0,1.0,1.0,1.0,1.0,1.0,2.0,1.0,2.0,1.0,2.0,4.0,,,5.0,,,,15.0,2.0,,
pid_583,2.0,,,2.0,2.0,54.0,,,2.0,380.0,,,30.0,,4.0,,4.0,5.0,4.0,2.0,4.0,4.0,2.0,5.0,4.0,4.0,,,5.0,4.0,5.0,3.0,,,,4.0,,2.0,7.0,5.0,5.0,6.0,3.0,5.0,6.0,6.0,55.0,65.0,55.0,45.0,65.0,60.0,55.0,70.0,65.0,75.0,4.0,,5.0,,,,,,,,,,,1.0,1.0,1.0,1.0,1.0,1.0,1.0,1.0,2.0,2.0,2.0,2.0,1.0,2.0,1.0,1.0,1.0,2.0,2.0,2.0,2.0,1.0,1.0,2.0,2.0,1.0,1.0,1.0,2.0,2.0,1.0,2.0,2.0,2.0,2.0,2.0,1.0,1.0,2.0,1.0,2.0,2.0,2.0,2.0,1.0,2.0,,,5.0,,,6.0,,20.0,,9.0,
pid_584,1.0,,,2.0,,,1.0,54.0,2.0,380.0,,,,70.0,3.0,,4.0,5.0,4.0,2.0,5.0,4.0,2.0,4.0,4.0,5.0,,5.0,,4.0,5.0,3.0,,,,,4.0,1.0,6.0,5.0,5.0,5.0,5.0,5.0,6.0,6.0,50.0,60.0,55.0,45.0,55.0,55.0,48.0,65.0,65.0,75.0,4.0,6.0,,1.0,1.0,1.0,1.0,1.0,1.0,1.0,1.0,1.0,1.0,,,,,,,2.0,2.0,2.0,1.0,1.0,2.0,1.0,1.0,1.0,2.0,2.0,1.0,1.0,2.0,1.0,2.0,1.0,2.0,2.0,1.0,2.0,1.0,1.0,2.0,1.0,2.0,1.0,2.0,1.0,2.0,1.0,1.0,2.0,2.0,1.0,2.0,2.0,1.0,2.0,1.0,,4.0,,,6.0,,16.0,,1.0,,
pid_585,1.0,,,2.0,,,1.0,54.0,,,1.0,380.0,30.0,,1.0,,2.0,1.0,5.0,4.0,2.0,2.0,1.0,2.0,1.0,2.0,1.0,,,,,,4.0,3.0,2.0,4.0,,2.0,6.0,5.0,5.0,5.0,5.0,5.0,6.0,6.0,55.0,55.0,55.0,60.0,60.0,65.0,45.0,65.0,65.0,80.0,4.0,,7.0,,,,,,,,,,,1.0,1.0,1.0,1.0,1.0,1.0,1.0,2.0,2.0,1.0,1.0,2.0,1.0,1.0,2.0,1.0,2.0,2.0,1.0,1.0,1.0,2.0,2.0,1.0,1.0,1.0,1.0,2.0,1.0,1.0,2.0,2.0,1.0,1.0,2.0,2.0,2.0,1.0,2.0,2.0,1.0,2.0,2.0,2.0,2.0,2.0,5.0,,,6.0,,,20.0,,,9.0,
pid_586,1.0,,,2.0,,,1.0,20.0,2.0,600.0,,,30.0,,4.0,,4.0,5.0,2.0,2.0,5.0,5.0,4.0,5.0,4.0,5.0,2.0,,,,,,4.0,5.0,5.0,6.0,,2.0,7.0,5.0,5.0,5.0,5.0,5.0,6.0,6.0,65.0,68.0,48.0,42.0,62.0,65.0,55.0,72.0,64.0,79.0,4.0,6.0,,,,,,,,,,,,1.0,1.0,1.0,1.0,1.0,1.0,2.0,2.0,2.0,2.0,2.0,1.0,1.0,1.0,1.0,2.0,2.0,1.0,1.0,2.0,2.0,2.0,1.0,1.0,1.0,1.0,1.0,2.0,2.0,1.0,2.0,2.0,2.0,2.0,2.0,1.0,1.0,2.0,1.0,2.0,2.0,2.0,1.0,1.0,2.0,1.0,4.0,,,6.0,,,18.0,,3.0,,
pid_587,,1.0,,2.0,,,1.0,54.0,,,1.0,380.0,30.0,,,2.0,2.0,4.0,4.0,2.0,3.0,4.0,2.0,4.0,4.0,4.0,,5.0,,,,,4.0,3.0,5.0,,4.0,2.0,6.0,5.0,5.0,5.0,3.0,6.0,6.0,6.0,45.0,60.0,55.0,45.0,55.0,60.0,50.0,70.0,65.0,75.0,4.0,,6.0,1.0,1.0,1.0,1.0,1.0,1.0,1.0,1.0,1.0,1.0,,,,,,,2.0,1.0,1.0,1.0,1.0,1.0,2.0,2.0,2.0,1.0,1.0,2.0,2.0,2.0,2.0,2.0,1.0,1.0,2.0,2.0,2.0,1.0,1.0,2.0,1.0,2.0,1.0,2.0,1.0,2.0,1.0,1.0,2.0,1.0,1.0,2.0,1.0,2.0,2.0,1.0,,4.0,,,6.0,,,20.0,,,3.0
pid_588,,1.0,1.0,,2.0,54.0,,,2.0,380.0,,,30.0,,,2.0,5.0,5.0,1.0,1.0,5.0,5.0,4.0,5.0,5.0,5.0,4.0,,,,,,4.0,5.0,5.0,,4.0,2.0,7.0,5.0,5.0,6.0,5.0,6.0,6.0,6.0,65.0,65.0,45.0,35.0,55.0,65.0,55.0,75.0,70.0,80.0,4.0,,6.0,,,,,,,,,,,1.0,1.0,1.0,1.0,1.0,1.0,1.0,1.0,1.0,2.0,1.0,1.0,1.0,1.0,2.0,2.0,1.0,2.0,2.0,1.0,2.0,1.0,1.0,1.0,1.0,2.0,1.0,1.0,2.0,2.0,1.0,1.0,2.0,2.0,1.0,2.0,2.0,1.0,1.0,1.0,2.0,2.0,2.0,2.0,1.0,1.0,5.0,,,6.0,,,,20.0,,9.0,
pid_589,1.0,,,2.0,,,1.0,54.0,2.0,380.0,,,,70.0,1.0,,4.0,5.0,1.0,1.0,5.0,5.0,4.0,5.0,5.0,5.0,,,5.0,4.0,3.0,2.0,,,,4.0,,2.0,6.0,5.0,5.0,5.0,5.0,6.0,6.0,6.0,60.0,65.0,35.0,35.0,55.0,60.0,55.0,70.0,65.0,75.0,4.0,,7.0,1.0,1.0,1.0,1.0,1.0,1.0,1.0,1.0,1.0,1.0,,,,,,,1.0,1.0,1.0,2.0,1.0,1.0,2.0,2.0,2.0,1.0,1.0,2.0,1.0,1.0,2.0,1.0,2.0,1.0,1.0,2.0,2.0,2.0,2.0,2.0,1.0,1.0,2.0,2.0,2.0,2.0,1.0,2.0,2.0,2.0,2.0,1.0,2.0,2.0,2.0,2.0,,,5.0,,,6.0,18.0,,3.0,,
pid_590,1.0,,1.0,,2.0,54.0,,,2.0,380.0,,,30.0,,,2.0,5.0,5.0,1.0,1.0,5.0,5.0,4.0,5.0,5.0,5.0,,,5.0,5.0,5.0,3.0,,,,,4.0,2.0,7.0,5.0,5.0,5.0,5.0,5.0,6.0,6.0,60.0,65.0,45.0,40.0,55.0,62.0,55.0,75.0,70.0,80.0,4.0,,6.0,,,,,,,,,,,1.0,1.0,1.0,1.0,1.0,1.0,1.0,2.0,2.0,2.0,2.0,2.0,1.0,1.0,2.0,1.0,2.0,2.0,2.0,2.0,2.0,2.0,1.0,2.0,2.0,2.0,2.0,2.0,2.0,2.0,1.0,1.0,1.0,1.0,1.0,2.0,1.0,2.0,2.0,2.0,1.0,1.0,1.0,2.0,2.0,2.0,,,5.0,,,6.0,16.0,,3.0,,
pid_591,,2.0,,1.0,,,1.0,54.0,2.0,379.0,,,,70.0,,3.0,4.0,5.0,2.0,2.0,4.0,4.0,2.0,5.0,4.0,5.0,,5.0,,4.0,5.0,3.0,,,,,4.0,1.0,6.0,5.0,5.0,5.0,3.0,5.0,6.0,6.0,55.0,65.0,45.0,40.0,60.0,60.0,55.0,70.0,65.0,75.0,4.0,,7.0,,,,,,,,,,,1.0,1.0,1.0,1.0,1.0,1.0,2.0,2.0,1.0,1.0,2.0,1.0,1.0,1.0,1.0,1.0,2.0,2.0,1.0,2.0,1.0,1.0,2.0,2.0,2.0,2.0,1.0,1.0,1.0,1.0,1.0,1.0,2.0,1.0,1.0,1.0,1.0,2.0,2.0,2.0,2.0,2.0,2.0,1.0,1.0,2.0,,4.0,,,6.0,,16.0,,,,3.0
pid_592,1.0,,,2.0,,,1.0,54.0,,,1.0,379.0,50.0,,2.0,,4.0,5.0,2.0,1.0,5.0,5.0,4.0,5.0,4.0,5.0,,5.0,,,,,4.0,5.0,5.0,4.0,,2.0,7.0,5.0,5.0,6.0,5.0,5.0,6.0,6.0,55.0,65.0,50.0,35.0,60.0,65.0,50.0,70.0,65.0,75.0,4.0,,7.0,,,,,,,,,,,1.0,1.0,1.0,1.0,1.0,1.0,1.0,2.0,1.0,1.0,2.0,2.0,1.0,1.0,1.0,1.0,2.0,1.0,1.0,1.0,2.0,1.0,1.0,2.0,1.0,2.0,2.0,1.0,2.0,2.0,1.0,2.0,2.0,2.0,1.0,1.0,1.0,2.0,2.0,2.0,2.0,1.0,2.0,1.0,1.0,1.0,,4.0,,,6.0,,18.0,,2.0,,
pid_593,1.0,,,2.0,2.0,45.0,,,,,1.0,380.0,30.0,,,3.0,4.0,5.0,2.0,1.0,5.0,5.0,4.0,5.0,5.0,5.0,,5.0,,4.0,5.0,2.0,,,,,4.0,2.0,6.0,5.0,5.0,5.0,3.0,5.0,6.0,6.0,55.0,60.0,45.0,40.0,50.0,60.0,50.0,70.0,65.0,75.0,4.0,6.0,,1.0,1.0,1.0,1.0,1.0,1.0,1.0,1.0,1.0,1.0,,,,,,,2.0,2.0,1.0,1.0,2.0,1.0,2.0,2.0,2.0,2.0,2.0,1.0,1.0,1.0,1.0,1.0,1.0,2.0,2.0,1.0,2.0,1.0,1.0,1.0,1.0,2.0,2.0,1.0,1.0,2.0,2.0,1.0,2.0,1.0,1.0,1.0,2.0,1.0,1.0,2.0,,5.0,,,6.0,,18.0,,,,4.0
pid_594,,1.0,1.0,,2.0,54.0,,,2.0,350.0,,,30.0,,,3.0,4.0,5.0,1.0,1.0,5.0,5.0,4.0,5.0,5.0,5.0,1.0,,,,,,4.0,5.0,5.0,4.0,,1.0,7.0,5.0,5.0,5.0,5.0,5.0,6.0,6.0,55.0,55.0,40.0,35.0,65.0,62.0,52.0,70.0,65.0,80.0,4.0,5.0,,,,,,,,,,,,1.0,1.0,1.0,1.0,1.0,1.0,1.0,2.0,1.0,1.0,1.0,2.0,1.0,1.0,1.0,1.0,2.0,1.0,2.0,1.0,1.0,2.0,2.0,1.0,1.0,1.0,2.0,1.0,1.0,2.0,1.0,2.0,2.0,2.0,1.0,1.0,2.0,2.0,1.0,1.0,2.0,2.0,2.0,2.0,1.0,1.0,4.0,,,6.0,,,,20.0,,,4.0
pid_595,1.0,,1.0,,2.0,54.0,,,2.0,380.0,,,,70.0,3.0,,5.0,5.0,1.0,1.0,5.0,5.0,4.0,5.0,5.0,5.0,4.0,,,,,,4.0,5.0,5.0,4.0,,1.0,7.0,5.0,5.0,5.0,3.0,5.0,6.0,6.0,55.0,65.0,45.0,35.0,60.0,60.0,55.0,75.0,70.0,80.0,4.0,5.0,,,,,,,,,,,,1.0,1.0,1.0,1.0,1.0,1.0,1.0,1.0,1.0,2.0,2.0,1.0,1.0,2.0,1.0,2.0,2.0,2.0,1.0,2.0,1.0,2.0,1.0,1.0,2.0,1.0,2.0,1.0,1.0,1.0,1.0,2.0,2.0,2.0,2.0,2.0,1.0,2.0,1.0,2.0,2.0,1.0,2.0,1.0,1.0,1.0,5.0,,,5.0,,,,20.0,2.0,,
pid_596,,1.0,1.0,,2.0,54.0,,,2.0,380.0,,,30.0,,,2.0,4.0,5.0,2.0,1.0,4.0,5.0,2.0,5.0,4.0,4.0,,,4.0,4.0,5.0,,,,,4.0,,2.0,6.0,5.0,5.0,5.0,5.0,5.0,6.0,6.0,60.0,65.0,45.0,35.0,55.0,60.0,48.0,70.0,65.0,75.0,4.0,,7.0,1.0,1.0,1.0,1.0,1.0,1.0,1.0,1.0,1.0,1.0,,,,,,,2.0,2.0,1.0,2.0,1.0,2.0,2.0,2.0,1.0,2.0,2.0,2.0,2.0,2.0,1.0,2.0,2.0,2.0,1.0,2.0,1.0,2.0,1.0,2.0,1.0,1.0,1.0,2.0,2.0,2.0,1.0,2.0,1.0,2.0,1.0,2.0,1.0,2.0,2.0,2.0,,,5.0,,,5.0,18.0,,,,4.0
pid_597,1.0,,1.0,,,,1.0,20.0,,,1.0,100.0,30.0,,,3.0,5.0,5.0,1.0,1.0,5.0,5.0,5.0,5.0,5.0,5.0,1.0,,,4.0,5.0,2.0,,,,,4.0,1.0,7.0,3.0,5.0,5.0,5.0,6.0,6.0,6.0,55.0,65.0,35.0,35.0,60.0,58.0,52.0,65.0,65.0,80.0,4.0,,6.0,,,,,,,,,,,1.0,1.0,1.0,1.0,1.0,1.0,2.0,2.0,2.0,2.0,1.0,2.0,1.0,1.0,2.0,2.0,2.0,1.0,1.0,1.0,2.0,1.0,1.0,2.0,1.0,2.0,2.0,1.0,1.0,2.0,1.0,1.0,2.0,2.0,1.0,1.0,2.0,2.0,2.0,1.0,1.0,2.0,1.0,2.0,1.0,2.0,5.0,,,5.0,,,,5.0,2.0,,
pid_598,,1.0,,2.0,,,1.0,30.0,,,1.0,200.0,30.0,,3.0,,5.0,5.0,1.0,1.0,5.0,5.0,5.0,5.0,5.0,5.0,,4.0,,,,,4.0,3.0,5.0,6.0,,2.0,7.0,3.0,5.0,5.0,3.0,5.0,6.0,6.0,55.0,55.0,45.0,35.0,60.0,65.0,55.0,70.0,65.0,75.0,4.0,,7.0,1.0,1.0,1.0,1.0,1.0,1.0,1.0,1.0,1.0,1.0,,,,,,,2.0,1.0,2.0,2.0,2.0,2.0,1.0,1.0,1.0,2.0,2.0,1.0,2.0,1.0,2.0,2.0,1.0,2.0,1.0,1.0,1.0,2.0,2.0,2.0,2.0,2.0,2.0,1.0,1.0,2.0,2.0,2.0,2.0,2.0,2.0,1.0,2.0,2.0,2.0,2.0,,5.0,,,6.0,,18.0,,,9.0,
pid_599,,1.0,,2.0,2.0,54.0,,,2.0,380.0,,,45.0,,3.0,,4.0,4.0,2.0,1.0,4.0,4.0,2.0,5.0,4.0,4.0,,,4.0,,,,4.0,3.0,5.0,4.0,,2.0,6.0,5.0,5.0,5.0,5.0,5.0,6.0,6.0,65.0,55.0,50.0,45.0,60.0,65.0,50.0,70.0,65.0,75.0,4.0,,7.0,,,,,,,,,,,1.0,1.0,1.0,1.0,1.0,1.0,1.0,1.0,1.0,1.0,1.0,2.0,2.0,1.0,2.0,2.0,2.0,2.0,2.0,1.0,2.0,2.0,1.0,2.0,1.0,2.0,2.0,2.0,2.0,1.0,2.0,1.0,1.0,1.0,2.0,2.0,2.0,2.0,1.0,2.0,1.0,2.0,1.0,1.0,2.0,2.0,,,5.0,,,6.0,15.0,,2.0,,
pid_600,,1.0,1.0,,,,1.0,54.0,2.0,380.0,,,,70.0,,2.0,4.0,5.0,1.0,1.0,5.0,5.0,5.0,5.0,5.0,5.0,,,5.0,,,,4.0,5.0,3.0,4.0,,1.0,6.0,5.0,5.0,5.0,5.0,5.0,6.0,6.0,60.0,55.0,40.0,35.0,65.0,65.0,55.0,75.0,70.0,80.0,4.0,,6.0,,,,,,,,,,,1.0,1.0,1.0,1.0,1.0,1.0,1.0,2.0,2.0,1.0,2.0,2.0,2.0,2.0,2.0,1.0,2.0,2.0,2.0,2.0,1.0,2.0,1.0,2.0,1.0,2.0,2.0,2.0,2.0,2.0,1.0,2.0,1.0,1.0,1.0,1.0,2.0,1.0,2.0,2.0,1.0,2.0,2.0,2.0,2.0,2.0,,,5.0,,,6.0,18.0,,,9.0,
pid_601,1.0,,,2.0,,,1.0,54.0,2.0,380.0,,,30.0,,2.0,,4.0,5.0,1.0,1.0,5.0,5.0,4.0,5.0,5.0,5.0,,5.0,,,,,4.0,5.0,3.0,6.0,,2.0,7.0,5.0,5.0,5.0,5.0,5.0,6.0,6.0,60.0,65.0,45.0,40.0,65.0,65.0,55.0,70.0,65.0,80.0,4.0,,7.0,1.0,1.0,1.0,1.0,1.0,1.0,1.0,1.0,1.0,1.0,,,,,,,2.0,1.0,2.0,1.0,2.0,2.0,1.0,1.0,2.0,1.0,1.0,2.0,2.0,1.0,1.0,1.0,1.0,1.0,1.0,1.0,2.0,1.0,1.0,1.0,1.0,2.0,1.0,1.0,1.0,2.0,2.0,2.0,1.0,1.0,1.0,2.0,1.0,2.0,2.0,2.0,,5.0,,,6.0,,16.0,,,,6.0
pid_602,1.0,,,2.0,2.0,54.0,,,,,1.0,379.0,30.0,,,3.0,5.0,5.0,1.0,1.0,5.0,5.0,4.0,5.0,5.0,5.0,,5.0,,4.0,5.0,3.0,,,,4.0,,1.0,7.0,5.0,5.0,5.0,5.0,5.0,6.0,6.0,60.0,65.0,40.0,38.0,55.0,58.0,52.0,68.0,72.0,78.0,4.0,,6.0,1.0,1.0,1.0,1.0,1.0,1.0,1.0,1.0,1.0,1.0,,,,,,,2.0,1.0,2.0,1.0,2.0,1.0,1.0,1.0,2.0,2.0,1.0,1.0,2.0,2.0,2.0,1.0,1.0,2.0,2.0,2.0,2.0,2.0,2.0,1.0,1.0,2.0,2.0,2.0,1.0,1.0,2.0,2.0,2.0,1.0,1.0,1.0,2.0,1.0,1.0,1.0,,4.0,,,6.0,,15.0,,2.0,,
pid_603,1.0,,2.0,,2.0,54.0,,,,,1.0,380.0,,70.0,2.0,,4.0,5.0,1.0,1.0,5.0,5.0,4.0,5.0,5.0,5.0,1.0,,,4.0,5.0,3.0,,,,6.0,,1.0,7.0,5.0,5.0,3.0,3.0,6.0,6.0,6.0,60.0,65.0,35.0,45.0,65.0,60.0,55.0,75.0,70.0,80.0,4.0,6.0,,1.0,1.0,1.0,1.0,1.0,1.0,1.0,1.0,1.0,1.0,,,,,,,2.0,2.0,2.0,2.0,2.0,1.0,2.0,1.0,2.0,2.0,2.0,1.0,1.0,2.0,2.0,2.0,1.0,2.0,2.0,2.0,2.0,1.0,2.0,2.0,2.0,2.0,1.0,1.0,1.0,2.0,2.0,2.0,1.0,1.0,1.0,1.0,1.0,2.0,2.0,2.0,5.0,,,6.0,,,,15.0,,,4.0
pid_604,,2.0,,2.0,2.0,54.0,,,2.0,380.0,,,30.0,,,3.0,2.0,1.0,5.0,4.0,3.0,4.0,1.0,4.0,2.0,4.0,2.0,,,4.0,5.0,3.0,,,,,4.0,2.0,6.0,5.0,5.0,5.0,5.0,6.0,6.0,6.0,55.0,50.0,65.0,55.0,60.0,58.0,48.0,68.0,65.0,75.0,4.0,6.0,,1.0,1.0,1.0,1.0,1.0,1.0,1.0,1.0,1.0,1.0,,,,,,,1.0,2.0,2.0,1.0,2.0,2.0,1.0,2.0,2.0,2.0,2.0,2.0,2.0,2.0,2.0,2.0,2.0,2.0,1.0,2.0,2.0,1.0,1.0,1.0,2.0,1.0,2.0,2.0,1.0,1.0,2.0,2.0,2.0,1.0,2.0,2.0,1.0,1.0,1.0,1.0,4.0,,,5.0,,,,20.0,,,4.0
pid_605,,1.0,1.0,,2.0,54.0,,,,,1.0,379.0,,70.0,,2.0,4.0,5.0,1.0,1.0,5.0,5.0,5.0,5.0,5.0,5.0,1.0,,,,,,4.0,3.0,5.0,,6.0,2.0,6.0,5.0,5.0,5.0,5.0,6.0,6.0,6.0,65.0,65.0,40.0,40.0,60.0,65.0,55.0,75.0,70.0,80.0,4.0,7.0,,,,,,,,,,,,1.0,1.0,1.0,1.0,1.0,1.0,1.0,2.0,1.0,1.0,1.0,1.0,2.0,2.0,1.0,2.0,2.0,2.0,2.0,1.0,2.0,1.0,1.0,2.0,2.0,2.0,2.0,2.0,1.0,1.0,1.0,2.0,1.0,2.0,2.0,2.0,1.0,1.0,2.0,2.0,2.0,1.0,2.0,1.0,1.0,2.0,4.0,,,6.0,,,,20.0,,,3.0
pid_606,1.0,,2.0,,2.0,50.0,,,,,1.0,120.0,,65.0,,2.0,4.0,4.0,2.0,2.0,4.0,4.0,2.0,5.0,4.0,4.0,,,4.0,4.0,5.0,3.0,,,,4.0,,1.0,6.0,5.0,5.0,5.0,5.0,6.0,6.0,6.0,55.0,60.0,50.0,45.0,60.0,65.0,55.0,70.0,65.0,75.0,4.0,,6.0,1.0,1.0,1.0,1.0,1.0,1.0,1.0,1.0,1.0,1.0,,,,,,,1.0,2.0,1.0,1.0,2.0,2.0,1.0,1.0,2.0,1.0,2.0,2.0,2.0,1.0,1.0,1.0,2.0,1.0,1.0,2.0,2.0,1.0,1.0,2.0,2.0,2.0,1.0,2.0,1.0,1.0,1.0,2.0,1.0,1.0,1.0,2.0,1.0,1.0,2.0,1.0,,,5.0,,,6.0,15.0,,,6.0,
pid_607,,1.0,1.0,,2.0,54.0,,,2.0,400.0,,,40.0,,1.0,,5.0,5.0,1.0,1.0,5.0,5.0,4.0,5.0,5.0,5.0,2.0,,,,,,3.0,5.0,5.0,,4.0,1.0,7.0,3.0,5.0,5.0,3.0,6.0,6.0,6.0,60.0,60.0,35.0,40.0,65.0,65.0,55.0,70.0,65.0,75.0,4.0,5.0,,1.0,1.0,1.0,1.0,1.0,1.0,1.0,1.0,1.0,1.0,,,,,,,1.0,2.0,2.0,1.0,2.0,2.0,2.0,2.0,1.0,1.0,1.0,1.0,1.0,1.0,1.0,1.0,2.0,2.0,1.0,1.0,1.0,1.0,2.0,2.0,2.0,1.0,2.0,2.0,2.0,2.0,1.0,2.0,1.0,2.0,1.0,1.0,2.0,2.0,1.0,2.0,5.0,,,6.0,,,,0.0,,,3.0
pid_608,,2.0,1.0,,,,1.0,54.0,2.0,380.0,,,35.0,,3.0,,4.0,5.0,1.0,2.0,5.0,5.0,2.0,5.0,5.0,5.0,,,4.0,,,,4.0,3.0,5.0,,4.0,2.0,7.0,5.0,5.0,5.0,5.0,5.0,6.0,6.0,55.0,62.0,48.0,38.0,62.0,60.0,48.0,72.0,66.0,78.0,4.0,,6.0,1.0,1.0,1.0,1.0,1.0,1.0,1.0,1.0,1.0,1.0,,,,,,,1.0,2.0,2.0,1.0,2.0,1.0,2.0,2.0,1.0,2.0,2.0,2.0,2.0,2.0,1.0,2.0,2.0,2.0,2.0,1.0,2.0,1.0,1.0,1.0,2.0,1.0,1.0,2.0,1.0,2.0,2.0,2.0,2.0,2.0,1.0,2.0,2.0,2.0,2.0,1.0,,,5.0,,,5.0,15.0,,3.0,,
pid_609,,1.0,2.0,,,,1.0,54.0,,,1.0,379.0,,70.0,2.0,,4.0,4.0,2.0,2.0,5.0,4.0,2.0,5.0,4.0,5.0,,5.0,,5.0,5.0,3.0,,,,4.0,,1.0,7.0,5.0,5.0,6.0,5.0,6.0,6.0,6.0,60.0,55.0,45.0,40.0,65.0,,50.0,72.0,65.0,80.0,4.0,6.0,,,,,,,,,,,,1.0,1.0,1.0,1.0,1.0,1.0,2.0,2.0,2.0,2.0,1.0,1.0,1.0,2.0,1.0,1.0,2.0,2.0,2.0,1.0,1.0,1.0,2.0,1.0,1.0,2.0,1.0,2.0,2.0,1.0,2.0,1.0,2.0,2.0,2.0,1.0,2.0,2.0,2.0,1.0,1.0,2.0,2.0,2.0,1.0,1.0,,5.0,,,6.0,,,20.0,,,3.0
pid_610,,1.0,,2.0,2.0,60.0,,,2.0,500.0,,,,80.0,,1.0,4.0,5.0,1.0,1.0,5.0,5.0,4.0,5.0,5.0,5.0,,5.0,,4.0,5.0,2.0,,,,,4.0,2.0,6.0,5.0,5.0,5.0,5.0,5.0,6.0,6.0,60.0,65.0,45.0,35.0,65.0,68.0,55.0,75.0,68.0,80.0,4.0,6.0,,,,,,,,,,,,1.0,1.0,1.0,1.0,1.0,1.0,2.0,1.0,1.0,2.0,1.0,2.0,2.0,1.0,2.0,2.0,2.0,2.0,1.0,1.0,2.0,2.0,1.0,1.0,1.0,1.0,1.0,2.0,1.0,2.0,1.0,2.0,2.0,2.0,2.0,2.0,2.0,2.0,2.0,1.0,2.0,1.0,1.0,1.0,2.0,2.0,,4.0,,,6.0,,16.0,,3.0,,
pid_611,1.0,,1.0,,,,1.0,54.0,,,1.0,380.0,,70.0,2.0,,4.0,5.0,1.0,1.0,5.0,5.0,4.0,5.0,5.0,5.0,,5.0,,,,,4.0,3.0,5.0,4.0,,2.0,7.0,3.0,5.0,5.0,5.0,5.0,6.0,6.0,60.0,65.0,35.0,40.0,65.0,65.0,55.0,75.0,70.0,80.0,4.0,,6.0,,,,,,,,,,,1.0,1.0,1.0,1.0,1.0,1.0,2.0,2.0,1.0,2.0,1.0,1.0,1.0,1.0,1.0,1.0,2.0,1.0,2.0,1.0,1.0,1.0,1.0,1.0,2.0,1.0,2.0,1.0,1.0,1.0,1.0,1.0,1.0,2.0,1.0,2.0,1.0,1.0,2.0,1.0,2.0,1.0,2.0,2.0,1.0,2.0,,5.0,,,6.0,,17.0,,,6.0,
pid_612,,2.0,2.0,,2.0,54.0,,,2.0,380.0,,,40.0,,,3.0,4.0,4.0,4.0,2.0,4.0,4.0,2.0,5.0,4.0,4.0,4.0,,,4.0,5.0,3.0,,,,6.0,,2.0,7.0,5.0,5.0,5.0,5.0,5.0,6.0,6.0,60.0,65.0,50.0,45.0,65.0,65.0,50.0,70.0,65.0,75.0,4.0,,6.0,1.0,1.0,1.0,1.0,1.0,1.0,1.0,1.0,1.0,1.0,,,,,,,2.0,2.0,1.0,1.0,2.0,1.0,2.0,2.0,2.0,2.0,2.0,2.0,2.0,2.0,2.0,2.0,2.0,1.0,2.0,2.0,1.0,2.0,1.0,1.0,2.0,2.0,1.0,1.0,1.0,2.0,2.0,1.0,1.0,1.0,2.0,1.0,1.0,1.0,2.0,2.0,5.0,,,6.0,,,,2.0,,,4.0
pid_613,,2.0,,2.0,2.0,54.0,,,2.0,350.0,,,30.0,,,2.0,5.0,5.0,1.0,1.0,5.0,5.0,5.0,5.0,5.0,5.0,,,4.0,,,,4.0,4.0,3.0,,4.0,2.0,7.0,5.0,5.0,5.0,3.0,5.0,6.0,6.0,55.0,52.0,42.0,35.0,60.0,58.0,48.0,70.0,65.0,75.0,4.0,,7.0,1.0,1.0,1.0,1.0,1.0,1.0,1.0,1.0,1.0,1.0,,,,,,,1.0,2.0,1.0,1.0,1.0,2.0,2.0,1.0,1.0,1.0,2.0,1.0,1.0,1.0,1.0,1.0,1.0,1.0,1.0,1.0,1.0,2.0,1.0,2.0,1.0,2.0,1.0,1.0,2.0,2.0,2.0,2.0,2.0,2.0,1.0,2.0,2.0,1.0,2.0,1.0,,,5.0,,,6.0,18.0,,,6.0,
pid_614,,1.0,,2.0,2.0,54.0,,,,,1.0,380.0,35.0,,,1.0,5.0,5.0,1.0,1.0,5.0,5.0,4.0,5.0,5.0,5.0,,5.0,,4.0,5.0,2.0,,,,,4.0,1.0,7.0,3.0,5.0,3.0,5.0,5.0,6.0,6.0,55.0,65.0,45.0,40.0,60.0,68.0,55.0,70.0,70.0,80.0,4.0,,6.0,1.0,1.0,1.0,1.0,1.0,1.0,1.0,1.0,1.0,1.0,,,,,,,1.0,2.0,2.0,1.0,2.0,2.0,1.0,2.0,1.0,2.0,2.0,2.0,1.0,2.0,1.0,1.0,2.0,1.0,2.0,2.0,2.0,2.0,2.0,1.0,1.0,2.0,2.0,2.0,1.0,2.0,2.0,1.0,1.0,1.0,2.0,1.0,2.0,2.0,1.0,1.0,,5.0,,,6.0,,18.0,,2.0,,
pid_615,1.0,,,2.0,,,1.0,30.0,,,1.0,350.0,30.0,,3.0,,5.0,5.0,1.0,1.0,5.0,5.0,4.0,5.0,5.0,5.0,,,5.0,,,,4.0,3.0,2.0,5.0,,1.0,7.0,3.0,5.0,5.0,3.0,6.0,6.0,6.0,60.0,65.0,45.0,35.0,65.0,65.0,55.0,75.0,70.0,80.0,4.0,,7.0,1.0,1.0,1.0,1.0,1.0,1.0,1.0,1.0,1.0,1.0,,,,,,,2.0,1.0,2.0,2.0,2.0,2.0,2.0,1.0,1.0,1.0,2.0,2.0,2.0,1.0,1.0,2.0,2.0,2.0,2.0,2.0,2.0,1.0,2.0,2.0,1.0,1.0,1.0,2.0,2.0,1.0,1.0,2.0,2.0,1.0,1.0,2.0,1.0,1.0,1.0,2.0,,,5.0,,,6.0,,2.0,,,4.0
pid_616,1.0,,2.0,,2.0,54.0,,,,,1.0,380.0,,70.0,3.0,,4.0,5.0,1.0,1.0,5.0,5.0,4.0,5.0,5.0,5.0,,,5.0,4.0,3.0,3.0,,,,,4.0,1.0,6.0,5.0,5.0,5.0,3.0,5.0,6.0,6.0,55.0,65.0,45.0,35.0,60.0,65.0,55.0,70.0,70.0,80.0,4.0,6.0,,1.0,1.0,1.0,1.0,1.0,1.0,1.0,1.0,1.0,1.0,,,,,,,2.0,2.0,1.0,1.0,1.0,1.0,2.0,2.0,1.0,2.0,1.0,2.0,2.0,1.0,2.0,2.0,2.0,2.0,2.0,1.0,2.0,1.0,1.0,1.0,2.0,2.0,1.0,1.0,2.0,2.0,2.0,1.0,2.0,2.0,1.0,1.0,1.0,1.0,1.0,1.0,,,5.0,,,6.0,,0.0,,,4.0
pid_617,1.0,,2.0,,,,1.0,20.0,,,1.0,380.0,,70.0,,2.0,4.0,5.0,1.0,1.0,5.0,5.0,4.0,5.0,5.0,5.0,,5.0,,4.0,5.0,2.0,,,,4.0,,1.0,7.0,5.0,3.0,5.0,5.0,6.0,6.0,6.0,60.0,65.0,45.0,40.0,65.0,65.0,50.0,75.0,70.0,80.0,4.0,6.0,,1.0,1.0,1.0,1.0,1.0,1.0,1.0,1.0,1.0,1.0,,,,,,,1.0,2.0,2.0,2.0,2.0,2.0,2.0,2.0,1.0,1.0,2.0,2.0,1.0,2.0,2.0,2.0,2.0,1.0,2.0,2.0,1.0,2.0,1.0,1.0,1.0,2.0,1.0,1.0,2.0,1.0,2.0,1.0,1.0,1.0,1.0,1.0,2.0,2.0,1.0,1.0,,5.0,,,6.0,,,20.0,,9.0,
pid_618,1.0,,1.0,,,,1.0,54.0,2.0,380.0,,,40.0,,3.0,,4.0,5.0,1.0,1.0,5.0,5.0,4.0,5.0,5.0,5.0,,4.0,,,,,4.0,5.0,5.0,6.0,,2.0,6.0,5.0,5.0,5.0,5.0,5.0,6.0,6.0,55.0,52.0,40.0,35.0,60.0,58.0,48.0,70.0,65.0,75.0,4.0,6.0,,1.0,1.0,1.0,1.0,1.0,1.0,1.0,1.0,1.0,1.0,,,,,,,1.0,2.0,1.0,1.0,1.0,2.0,2.0,1.0,2.0,2.0,1.0,1.0,1.0,2.0,2.0,1.0,1.0,2.0,2.0,1.0,2.0,2.0,2.0,1.0,1.0,2.0,1.0,1.0,2.0,2.0,1.0,2.0,1.0,2.0,2.0,1.0,1.0,2.0,1.0,2.0,,5.0,,,6.0,,18.0,,,6.0,
pid_619,,1.0,,2.0,,,1.0,30.0,,,1.0,300.0,,70.0,3.0,,2.0,1.0,5.0,4.0,4.0,2.0,1.0,4.0,2.0,4.0,,,4.0,,,,4.0,5.0,2.0,6.0,,1.0,7.0,3.0,5.0,5.0,3.0,5.0,6.0,6.0,60.0,65.0,55.0,45.0,65.0,68.0,55.0,70.0,65.0,80.0,4.0,6.0,,1.0,1.0,1.0,1.0,1.0,1.0,1.0,1.0,1.0,1.0,,,,,,,1.0,1.0,1.0,2.0,1.0,1.0,1.0,1.0,2.0,1.0,1.0,1.0,1.0,1.0,1.0,2.0,2.0,1.0,1.0,1.0,2.0,2.0,1.0,1.0,1.0,2.0,1.0,2.0,2.0,2.0,1.0,2.0,1.0,2.0,1.0,2.0,2.0,1.0,1.0,2.0,,,5.0,,,6.0,,20.0,,9.0,
pid_620,,1.0,,2.0,2.0,54.0,,,,,1.0,100.0,55.0,,1.0,,2.0,1.0,5.0,4.0,2.0,2.0,1.0,2.0,1.0,2.0,,,5.0,4.0,5.0,,,,,4.0,,2.0,7.0,5.0,5.0,5.0,3.0,5.0,6.0,6.0,45.0,55.0,60.0,45.0,55.0,60.0,50.0,65.0,60.0,70.0,4.0,,7.0,1.0,1.0,1.0,1.0,1.0,1.0,1.0,1.0,1.0,1.0,,,,,,,2.0,2.0,1.0,2.0,2.0,1.0,2.0,1.0,1.0,1.0,1.0,1.0,1.0,2.0,1.0,2.0,1.0,2.0,2.0,2.0,1.0,2.0,1.0,1.0,2.0,1.0,1.0,2.0,1.0,1.0,2.0,1.0,2.0,2.0,2.0,1.0,1.0,2.0,2.0,1.0,,,5.0,,,6.0,15.0,,2.0,,
pid_621,1.0,,2.0,,,,1.0,54.0,2.0,300.0,,,,70.0,,2.0,5.0,5.0,1.0,1.0,5.0,5.0,4.0,5.0,5.0,5.0,,,5.0,,,,4.0,5.0,5.0,6.0,,2.0,7.0,3.0,5.0,5.0,3.0,5.0,6.0,6.0,65.0,65.0,40.0,35.0,60.0,65.0,55.0,70.0,65.0,80.0,4.0,,6.0,,,,,,,,,,,1.0,1.0,1.0,1.0,1.0,1.0,1.0,2.0,1.0,2.0,2.0,1.0,2.0,2.0,2.0,2.0,2.0,1.0,2.0,2.0,2.0,1.0,2.0,1.0,1.0,1.0,2.0,2.0,1.0,1.0,1.0,2.0,1.0,2.0,2.0,2.0,2.0,2.0,2.0,2.0,2.0,1.0,1.0,1.0,2.0,2.0,,,5.0,,,6.0,18.0,,3.0,,
pid_622,,2.0,1.0,,2.0,54.0,,,2.0,380.0,,,,70.0,,2.0,4.0,4.0,2.0,1.0,5.0,5.0,2.0,5.0,4.0,5.0,,,5.0,4.0,5.0,,,,,6.0,,1.0,6.0,5.0,5.0,5.0,5.0,5.0,6.0,6.0,55.0,60.0,50.0,35.0,60.0,65.0,50.0,70.0,65.0,75.0,4.0,,6.0,,,,,,,,,,,1.0,1.0,1.0,1.0,1.0,1.0,2.0,2.0,2.0,2.0,2.0,2.0,2.0,2.0,1.0,1.0,1.0,2.0,2.0,2.0,1.0,1.0,2.0,1.0,2.0,1.0,2.0,1.0,2.0,2.0,2.0,1.0,2.0,2.0,2.0,2.0,1.0,1.0,2.0,2.0,2.0,1.0,2.0,1.0,1.0,2.0,,,5.0,,,5.0,,20.0,,,4.0
pid_623,1.0,,1.0,,2.0,55.0,,,2.0,350.0,,,,75.0,3.0,,2.0,1.0,5.0,4.0,4.0,2.0,1.0,2.0,1.0,2.0,,4.0,,,,,3.0,4.0,5.0,4.0,,2.0,6.0,3.0,5.0,5.0,3.0,5.0,6.0,5.0,50.0,55.0,65.0,45.0,60.0,55.0,45.0,65.0,60.0,75.0,4.0,6.0,,,,,,,,,,,,1.0,1.0,1.0,1.0,1.0,1.0,2.0,1.0,2.0,2.0,2.0,1.0,1.0,1.0,1.0,2.0,1.0,1.0,2.0,1.0,2.0,1.0,2.0,1.0,2.0,1.0,2.0,2.0,2.0,2.0,2.0,1.0,2.0,1.0,1.0,1.0,2.0,1.0,2.0,2.0,1.0,2.0,1.0,2.0,1.0,2.0,,4.0,,,6.0,,,10.0,2.0,,
pid_624,1.0,,1.0,,2.0,54.0,,,,,1.0,380.0,30.0,,1.0,,5.0,5.0,1.0,1.0,5.0,5.0,4.0,5.0,5.0,5.0,,5.0,,,,,4.0,5.0,5.0,6.0,,2.0,7.0,5.0,5.0,5.0,5.0,5.0,6.0,6.0,65.0,65.0,55.0,45.0,60.0,62.0,55.0,72.0,70.0,80.0,4.0,,7.0,,,,,,,,,,,1.0,1.0,1.0,1.0,1.0,1.0,1.0,2.0,2.0,2.0,2.0,2.0,1.0,2.0,2.0,1.0,2.0,1.0,2.0,2.0,1.0,2.0,2.0,2.0,2.0,1.0,2.0,1.0,2.0,2.0,2.0,2.0,1.0,2.0,1.0,2.0,2.0,2.0,2.0,1.0,1.0,2.0,1.0,2.0,2.0,1.0,,5.0,,,6.0,,,20.0,2.0,,
pid_625,,1.0,,2.0,,,1.0,54.0,,,1.0,380.0,,70.0,,4.0,4.0,5.0,1.0,2.0,5.0,5.0,4.0,5.0,5.0,5.0,4.0,,,,,,4.0,3.0,5.0,4.0,,2.0,7.0,5.0,5.0,6.0,3.0,5.0,6.0,6.0,60.0,65.0,45.0,40.0,65.0,60.0,55.0,70.0,70.0,75.0,4.0,,7.0,,,,,,,,,,,1.0,1.0,1.0,1.0,1.0,1.0,1.0,2.0,1.0,1.0,2.0,2.0,2.0,1.0,1.0,2.0,1.0,1.0,2.0,2.0,2.0,2.0,2.0,1.0,2.0,1.0,2.0,2.0,1.0,2.0,2.0,1.0,2.0,2.0,1.0,1.0,1.0,1.0,1.0,2.0,1.0,1.0,2.0,1.0,1.0,2.0,4.0,,,5.0,,,,20.0,3.0,,
pid_626,,2.0,,2.0,,,1.0,54.0,2.0,380.0,,,,70.0,,3.0,4.0,5.0,1.0,1.0,5.0,5.0,4.0,5.0,5.0,5.0,,,5.0,4.0,2.0,3.0,,,,,4.0,2.0,7.0,5.0,5.0,3.0,5.0,6.0,6.0,6.0,55.0,65.0,35.0,45.0,60.0,60.0,55.0,70.0,65.0,80.0,4.0,,6.0,1.0,1.0,1.0,1.0,1.0,1.0,1.0,1.0,1.0,1.0,,,,,,,2.0,1.0,1.0,1.0,1.0,1.0,1.0,1.0,1.0,2.0,2.0,1.0,1.0,1.0,1.0,2.0,1.0,1.0,1.0,1.0,2.0,1.0,1.0,2.0,1.0,1.0,2.0,1.0,1.0,1.0,2.0,2.0,2.0,2.0,2.0,1.0,2.0,1.0,2.0,2.0,,,5.0,,,5.0,,20.0,3.0,,
pid_627,,2.0,,2.0,2.0,65.0,,,2.0,1000.0,,,30.0,,1.0,,2.0,1.0,5.0,5.0,1.0,2.0,1.0,2.0,1.0,2.0,1.0,,,,,,4.0,5.0,5.0,,4.0,2.0,7.0,3.0,5.0,5.0,5.0,6.0,6.0,6.0,45.0,55.0,65.0,50.0,55.0,55.0,50.0,65.0,55.0,70.0,4.0,,6.0,,,,,,,,,,,1.0,1.0,1.0,1.0,1.0,1.0,2.0,2.0,2.0,1.0,2.0,1.0,2.0,2.0,1.0,1.0,2.0,2.0,2.0,1.0,2.0,2.0,1.0,2.0,1.0,2.0,1.0,2.0,1.0,1.0,1.0,2.0,2.0,1.0,2.0,2.0,2.0,2.0,2.0,1.0,1.0,2.0,1.0,2.0,2.0,2.0,2.0,,,6.0,,,,20.0,1.0,,
pid_628,1.0,,,2.0,,,1.0,54.0,,,1.0,100.0,,70.0,3.0,,4.0,5.0,2.0,2.0,5.0,4.0,2.0,5.0,4.0,5.0,,5.0,,,,,4.0,5.0,5.0,4.0,,2.0,7.0,5.0,5.0,5.0,3.0,5.0,6.0,6.0,60.0,55.0,45.0,35.0,65.0,65.0,55.0,75.0,65.0,75.0,4.0,6.0,,,,,,,,,,,,1.0,1.0,1.0,1.0,1.0,1.0,2.0,1.0,2.0,2.0,2.0,2.0,2.0,2.0,2.0,1.0,2.0,2.0,2.0,1.0,2.0,1.0,2.0,1.0,2.0,2.0,1.0,2.0,2.0,2.0,1.0,2.0,2.0,1.0,2.0,1.0,2.0,1.0,1.0,1.0,2.0,2.0,2.0,2.0,1.0,2.0,,4.0,,,6.0,,,20.0,,,3.0
pid_629,1.0,,1.0,,,,1.0,54.0,2.0,380.0,,,,70.0,,3.0,4.0,5.0,1.0,2.0,5.0,5.0,4.0,5.0,5.0,5.0,,,5.0,4.0,5.0,3.0,,,,4.0,,1.0,7.0,3.0,5.0,5.0,5.0,5.0,6.0,6.0,60.0,60.0,45.0,45.0,65.0,60.0,55.0,75.0,70.0,80.0,4.0,,7.0,1.0,1.0,1.0,1.0,1.0,1.0,1.0,1.0,1.0,1.0,,,,,,,1.0,2.0,2.0,2.0,2.0,1.0,2.0,2.0,1.0,1.0,2.0,1.0,1.0,2.0,1.0,2.0,2.0,2.0,2.0,1.0,2.0,1.0,1.0,1.0,2.0,2.0,1.0,2.0,1.0,1.0,1.0,2.0,1.0,1.0,2.0,1.0,2.0,1.0,2.0,2.0,,,5.0,,,6.0,18.0,,,,4.0
pid_630,1.0,,1.0,,2.0,54.0,,,2.0,380.0,,,50.0,,,2.0,4.0,5.0,1.0,1.0,5.0,5.0,5.0,5.0,5.0,5.0,2.0,,,,,,4.0,5.0,5.0,4.0,,2.0,6.0,5.0,5.0,5.0,3.0,5.0,6.0,6.0,60.0,65.0,45.0,35.0,55.0,60.0,55.0,75.0,70.0,80.0,4.0,,6.0,,,,,,,,,,,1.0,1.0,1.0,1.0,1.0,1.0,2.0,2.0,2.0,1.0,1.0,2.0,2.0,2.0,1.0,1.0,2.0,2.0,2.0,1.0,1.0,2.0,1.0,2.0,1.0,1.0,2.0,2.0,1.0,2.0,1.0,1.0,2.0,2.0,2.0,1.0,2.0,1.0,1.0,1.0,1.0,2.0,2.0,2.0,2.0,2.0,5.0,,,6.0,,,,0.0,,9.0,
pid_631,,2.0,2.0,,,,1.0,30.0,,,1.0,100.0,,70.0,1.0,,4.0,5.0,1.0,1.0,5.0,5.0,4.0,5.0,5.0,5.0,,4.0,,,,,4.0,5.0,5.0,4.0,,2.0,7.0,5.0,5.0,3.0,5.0,5.0,6.0,6.0,60.0,60.0,40.0,35.0,55.0,65.0,55.0,75.0,65.0,80.0,4.0,,6.0,1.0,1.0,1.0,1.0,1.0,1.0,1.0,1.0,1.0,1.0,,,,,,,1.0,1.0,2.0,1.0,1.0,2.0,1.0,1.0,1.0,1.0,2.0,1.0,1.0,2.0,2.0,1.0,1.0,2.0,1.0,2.0,2.0,2.0,2.0,1.0,2.0,2.0,2.0,2.0,2.0,2.0,1.0,2.0,1.0,2.0,1.0,1.0,2.0,2.0,1.0,2.0,,5.0,,,6.0,,,15.0,,10.0,
pid_632,1.0,,,2.0,,,1.0,50.0,2.0,380.0,,,,75.0,1.0,,4.0,2.0,4.0,4.0,4.0,4.0,1.0,4.0,4.0,4.0,4.0,,,4.0,5.0,,,,,,4.0,1.0,7.0,5.0,5.0,5.0,5.0,5.0,6.0,6.0,55.0,65.0,55.0,48.0,52.0,58.0,48.0,65.0,65.0,80.0,4.0,,6.0,,,,,,,,,,,1.0,1.0,1.0,1.0,1.0,1.0,1.0,2.0,1.0,2.0,2.0,2.0,1.0,2.0,1.0,2.0,1.0,2.0,2.0,1.0,1.0,1.0,2.0,1.0,1.0,2.0,1.0,2.0,2.0,1.0,2.0,1.0,2.0,2.0,2.0,2.0,2.0,2.0,1.0,2.0,2.0,1.0,2.0,1.0,1.0,1.0,5.0,,,6.0,,,,20.0,,5.0,
pid_633,,2.0,,2.0,,,1.0,30.0,,,1.0,200.0,,70.0,,3.0,4.0,5.0,2.0,2.0,5.0,5.0,2.0,5.0,4.0,5.0,2.0,,,4.0,5.0,,,,,,4.0,1.0,7.0,5.0,5.0,6.0,5.0,6.0,6.0,5.0,55.0,62.0,48.0,43.0,60.0,58.0,48.0,70.0,65.0,78.0,4.0,,6.0,,,,,,,,,,,1.0,1.0,1.0,1.0,1.0,1.0,2.0,1.0,1.0,2.0,1.0,2.0,1.0,2.0,2.0,1.0,2.0,1.0,2.0,1.0,1.0,2.0,2.0,1.0,1.0,2.0,2.0,1.0,1.0,2.0,2.0,2.0,1.0,2.0,1.0,1.0,1.0,1.0,2.0,1.0,1.0,2.0,2.0,2.0,1.0,1.0,5.0,,,5.0,,,,20.0,,,3.0
pid_634,,1.0,1.0,,,,1.0,54.0,2.0,380.0,,,30.0,,,1.0,5.0,5.0,1.0,1.0,5.0,5.0,5.0,5.0,5.0,5.0,,,5.0,4.0,5.0,3.0,,,,6.0,,1.0,7.0,3.0,5.0,5.0,5.0,5.0,6.0,6.0,55.0,70.0,40.0,35.0,65.0,65.0,55.0,75.0,65.0,80.0,4.0,,7.0,,,,,,,,,,,1.0,1.0,1.0,1.0,1.0,1.0,1.0,2.0,2.0,2.0,1.0,1.0,1.0,2.0,2.0,1.0,1.0,2.0,2.0,2.0,1.0,2.0,2.0,1.0,1.0,1.0,2.0,1.0,1.0,2.0,2.0,2.0,1.0,1.0,2.0,1.0,2.0,1.0,2.0,2.0,2.0,1.0,2.0,1.0,1.0,2.0,,,5.0,,,6.0,18.0,,,9.0,
pid_635,,1.0,1.0,,,,1.0,54.0,2.0,380.0,,,,70.0,3.0,,2.0,4.0,5.0,4.0,4.0,4.0,1.0,4.0,1.0,2.0,1.0,,,4.0,5.0,4.0,,,,,4.0,2.0,6.0,5.0,5.0,6.0,3.0,5.0,6.0,5.0,45.0,55.0,60.0,45.0,60.0,65.0,50.0,65.0,65.0,75.0,4.0,7.0,,1.0,1.0,1.0,1.0,1.0,1.0,1.0,1.0,1.0,1.0,,,,,,,2.0,1.0,2.0,1.0,1.0,1.0,1.0,2.0,1.0,1.0,2.0,1.0,2.0,2.0,2.0,1.0,1.0,2.0,2.0,1.0,1.0,1.0,2.0,1.0,2.0,1.0,1.0,1.0,1.0,1.0,1.0,1.0,1.0,1.0,2.0,2.0,1.0,2.0,2.0,2.0,5.0,,,6.0,,,,20.0,,,3.0
pid_636,1.0,,1.0,,2.0,54.0,,,,,1.0,380.0,,70.0,,2.0,4.0,4.0,2.0,2.0,4.0,4.0,4.0,5.0,4.0,5.0,,5.0,,4.0,5.0,3.0,,,,,4.0,2.0,6.0,5.0,5.0,5.0,5.0,5.0,6.0,6.0,60.0,55.0,45.0,40.0,55.0,65.0,50.0,70.0,65.0,80.0,4.0,,6.0,,,,,,,,,,,1.0,1.0,1.0,1.0,1.0,1.0,2.0,2.0,2.0,1.0,2.0,1.0,2.0,2.0,1.0,1.0,1.0,1.0,1.0,2.0,2.0,2.0,2.0,1.0,2.0,1.0,2.0,2.0,2.0,2.0,2.0,2.0,2.0,1.0,2.0,1.0,1.0,2.0,1.0,2.0,1.0,1.0,2.0,1.0,2.0,1.0,,5.0,,,6.0,,18.0,,3.0,,
pid_637,1.0,,,2.0,,,1.0,54.0,,,1.0,100.0,30.0,,2.0,,4.0,5.0,1.0,1.0,5.0,5.0,4.0,5.0,5.0,5.0,,,5.0,4.0,5.0,,,,,,4.0,2.0,7.0,5.0,5.0,6.0,3.0,5.0,6.0,6.0,55.0,60.0,45.0,35.0,50.0,55.0,48.0,70.0,65.0,75.0,4.0,6.0,,,,,,,,,,,,1.0,1.0,1.0,1.0,1.0,1.0,2.0,2.0,1.0,1.0,1.0,1.0,1.0,1.0,2.0,2.0,2.0,2.0,2.0,2.0,1.0,1.0,1.0,1.0,1.0,1.0,1.0,2.0,1.0,2.0,2.0,1.0,1.0,2.0,1.0,2.0,1.0,1.0,1.0,2.0,1.0,1.0,2.0,1.0,1.0,1.0,,,5.0,,,6.0,,8.0,3.0,,
pid_638,,1.0,,2.0,,,1.0,54.0,,,1.0,379.0,35.0,,,2.0,2.0,5.0,5.0,2.0,5.0,4.0,1.0,4.0,2.0,4.0,1.0,,,,,,4.0,3.0,5.0,6.0,,2.0,6.0,3.0,5.0,5.0,5.0,5.0,6.0,5.0,55.0,60.0,55.0,45.0,65.0,60.0,55.0,70.0,65.0,80.0,4.0,7.0,,1.0,1.0,1.0,1.0,1.0,1.0,1.0,1.0,1.0,1.0,,,,,,,1.0,1.0,2.0,1.0,2.0,1.0,1.0,2.0,1.0,2.0,2.0,2.0,2.0,2.0,2.0,2.0,2.0,2.0,2.0,2.0,2.0,1.0,2.0,2.0,2.0,2.0,1.0,2.0,2.0,1.0,1.0,2.0,1.0,2.0,1.0,2.0,2.0,2.0,2.0,2.0,5.0,,,6.0,,,,20.0,,,3.0
pid_639,1.0,,,2.0,2.0,54.0,,,2.0,380.0,,,30.0,,,1.0,5.0,5.0,1.0,1.0,5.0,5.0,5.0,5.0,5.0,5.0,,5.0,,,,,4.0,5.0,5.0,6.0,,1.0,6.0,3.0,5.0,5.0,5.0,5.0,6.0,6.0,60.0,65.0,45.0,35.0,65.0,65.0,55.0,70.0,70.0,75.0,4.0,,7.0,1.0,1.0,1.0,1.0,1.0,1.0,1.0,1.0,1.0,1.0,,,,,,,1.0,2.0,2.0,2.0,1.0,2.0,1.0,2.0,2.0,2.0,2.0,2.0,1.0,2.0,2.0,2.0,2.0,1.0,1.0,1.0,2.0,2.0,1.0,2.0,2.0,2.0,2.0,2.0,1.0,1.0,2.0,2.0,2.0,1.0,2.0,1.0,2.0,2.0,2.0,2.0,,5.0,,,6.0,,,20.0,,9.0,
pid_640,,1.0,1.0,,2.0,30.0,,,,,1.0,379.0,30.0,,,3.0,4.0,5.0,4.0,2.0,4.0,4.0,2.0,4.0,4.0,4.0,,,4.0,,,,4.0,5.0,5.0,,4.0,2.0,6.0,5.0,5.0,5.0,3.0,5.0,6.0,6.0,55.0,65.0,55.0,40.0,60.0,58.0,50.0,65.0,65.0,75.0,4.0,6.0,,1.0,1.0,1.0,1.0,1.0,1.0,1.0,1.0,1.0,1.0,,,,,,,1.0,1.0,2.0,1.0,2.0,2.0,1.0,1.0,2.0,1.0,2.0,1.0,2.0,2.0,2.0,1.0,1.0,2.0,2.0,2.0,1.0,2.0,2.0,2.0,1.0,2.0,1.0,2.0,2.0,1.0,2.0,2.0,1.0,2.0,1.0,1.0,2.0,2.0,2.0,1.0,,,4.0,,,5.0,,20.0,,,3.0
pid_641,,2.0,,2.0,,,1.0,54.0,,,1.0,379.0,30.0,,,2.0,4.0,5.0,2.0,2.0,5.0,4.0,4.0,5.0,4.0,4.0,1.0,,,,,,4.0,5.0,3.0,,4.0,2.0,6.0,5.0,5.0,5.0,5.0,5.0,6.0,6.0,60.0,60.0,55.0,45.0,55.0,58.0,50.0,70.0,65.0,75.0,4.0,6.0,,1.0,1.0,1.0,1.0,1.0,1.0,1.0,1.0,1.0,1.0,,,,,,,1.0,1.0,1.0,2.0,2.0,2.0,2.0,2.0,2.0,1.0,2.0,1.0,1.0,1.0,2.0,1.0,1.0,2.0,1.0,2.0,2.0,1.0,1.0,2.0,2.0,1.0,2.0,2.0,2.0,2.0,1.0,2.0,2.0,2.0,2.0,2.0,1.0,1.0,2.0,2.0,4.0,,,5.0,,,18.0,,,,3.0
pid_642,1.0,,,2.0,2.0,55.0,,,,,1.0,300.0,30.0,,,2.0,2.0,2.0,5.0,4.0,4.0,2.0,1.0,4.0,2.0,4.0,2.0,,,,,,4.0,5.0,5.0,6.0,,2.0,6.0,5.0,5.0,5.0,5.0,6.0,6.0,6.0,55.0,65.0,55.0,50.0,60.0,60.0,55.0,70.0,60.0,75.0,4.0,6.0,,,,,,,,,,,,1.0,1.0,1.0,1.0,1.0,1.0,1.0,2.0,2.0,2.0,1.0,2.0,2.0,1.0,2.0,2.0,1.0,1.0,2.0,2.0,1.0,1.0,2.0,2.0,1.0,1.0,1.0,1.0,1.0,1.0,1.0,2.0,2.0,1.0,2.0,1.0,2.0,1.0,1.0,1.0,2.0,1.0,2.0,2.0,1.0,1.0,5.0,,,6.0,,,18.0,,,6.0,
pid_643,1.0,,,2.0,2.0,54.0,,,2.0,380.0,,,,70.0,2.0,,5.0,5.0,1.0,1.0,5.0,5.0,5.0,5.0,5.0,5.0,1.0,,,,,,4.0,3.0,2.0,6.0,,2.0,7.0,5.0,6.0,5.0,5.0,5.0,6.0,6.0,65.0,62.0,35.0,38.0,60.0,68.0,55.0,,72.0,80.0,4.0,7.0,,1.0,1.0,1.0,1.0,1.0,1.0,1.0,1.0,1.0,1.0,,,,,,,1.0,1.0,1.0,2.0,1.0,2.0,1.0,1.0,2.0,1.0,2.0,1.0,2.0,2.0,1.0,2.0,2.0,2.0,2.0,2.0,1.0,2.0,2.0,2.0,2.0,2.0,2.0,2.0,2.0,1.0,2.0,2.0,2.0,1.0,2.0,1.0,2.0,2.0,2.0,2.0,5.0,,,6.0,,,,20.0,,,3.0
pid_644,,2.0,1.0,,,,1.0,54.0,2.0,380.0,,,70.0,,,1.0,2.0,1.0,5.0,5.0,4.0,2.0,1.0,3.0,1.0,4.0,,5.0,,4.0,5.0,3.0,,,,4.0,,2.0,6.0,5.0,5.0,6.0,5.0,6.0,6.0,6.0,55.0,55.0,50.0,55.0,58.0,60.0,45.0,65.0,60.0,75.0,4.0,6.0,,,,,,,,,,,,1.0,1.0,1.0,1.0,1.0,1.0,1.0,2.0,1.0,2.0,1.0,1.0,2.0,2.0,1.0,1.0,2.0,2.0,2.0,1.0,1.0,2.0,1.0,2.0,1.0,1.0,1.0,2.0,2.0,2.0,2.0,1.0,2.0,2.0,1.0,2.0,2.0,2.0,1.0,2.0,1.0,1.0,2.0,1.0,1.0,1.0,,5.0,,,6.0,,18.0,,,,4.0
pid_645,,1.0,,2.0,,,1.0,50.0,2.0,380.0,,,,85.0,2.0,,2.0,1.0,5.0,4.0,2.0,2.0,1.0,4.0,2.0,2.0,,,5.0,,,,4.0,5.0,5.0,,3.0,1.0,6.0,5.0,5.0,5.0,5.0,5.0,6.0,5.0,45.0,55.0,55.0,45.0,55.0,55.0,45.0,65.0,60.0,70.0,4.0,,7.0,1.0,1.0,1.0,1.0,1.0,1.0,1.0,1.0,1.0,1.0,,,,,,,1.0,1.0,1.0,1.0,1.0,2.0,2.0,2.0,1.0,2.0,2.0,2.0,2.0,2.0,2.0,2.0,1.0,2.0,2.0,1.0,1.0,2.0,1.0,2.0,2.0,2.0,1.0,2.0,2.0,2.0,1.0,2.0,1.0,1.0,1.0,1.0,2.0,1.0,1.0,2.0,,,5.0,,,6.0,18.0,,,6.0,
pid_646,,1.0,,1.0,2.0,54.0,,,,,1.0,380.0,,70.0,2.0,,5.0,5.0,1.0,1.0,5.0,5.0,5.0,5.0,5.0,5.0,1.0,,,,,,4.0,5.0,5.0,6.0,,2.0,6.0,5.0,5.0,3.0,5.0,6.0,6.0,6.0,55.0,60.0,55.0,35.0,58.0,63.0,55.0,70.0,65.0,75.0,4.0,6.0,,1.0,1.0,1.0,1.0,1.0,1.0,1.0,1.0,1.0,1.0,,,,,,,1.0,1.0,2.0,1.0,1.0,2.0,2.0,2.0,1.0,1.0,2.0,1.0,2.0,1.0,2.0,1.0,1.0,1.0,2.0,1.0,2.0,2.0,2.0,1.0,1.0,1.0,2.0,1.0,1.0,1.0,2.0,2.0,2.0,1.0,1.0,1.0,2.0,2.0,2.0,1.0,4.0,,,6.0,,,18.0,,,9.0,
pid_647,,2.0,1.0,,,,1.0,54.0,2.0,380.0,,,,70.0,,2.0,4.0,5.0,2.0,2.0,5.0,5.0,2.0,5.0,4.0,5.0,,,4.0,,,,4.0,5.0,5.0,4.0,,1.0,7.0,5.0,5.0,6.0,5.0,5.0,6.0,6.0,60.0,60.0,50.0,45.0,65.0,65.0,50.0,75.0,65.0,80.0,4.0,7.0,,,,,,,,,,,,1.0,1.0,1.0,1.0,1.0,1.0,1.0,2.0,2.0,2.0,1.0,2.0,2.0,2.0,2.0,1.0,2.0,2.0,2.0,2.0,2.0,1.0,2.0,1.0,2.0,1.0,1.0,1.0,1.0,2.0,1.0,1.0,1.0,2.0,2.0,2.0,1.0,1.0,1.0,2.0,1.0,1.0,1.0,2.0,2.0,2.0,,,5.0,,,6.0,18.0,,2.0,,
pid_650,,1.0,,2.0,2.0,54.0,,,2.0,379.0,,,30.0,,,2.0,2.0,5.0,2.0,2.0,4.0,4.0,4.0,5.0,4.0,4.0,1.0,,,5.0,3.0,2.0,,,,4.0,,1.0,6.0,3.0,5.0,5.0,3.0,6.0,6.0,6.0,55.0,65.0,45.0,35.0,50.0,55.0,50.0,65.0,65.0,75.0,4.0,,6.0,,,,,,,,,,,1.0,1.0,1.0,1.0,1.0,1.0,2.0,2.0,2.0,1.0,2.0,1.0,1.0,1.0,2.0,2.0,1.0,1.0,2.0,2.0,2.0,1.0,2.0,1.0,2.0,2.0,2.0,1.0,1.0,2.0,2.0,1.0,1.0,2.0,2.0,2.0,2.0,2.0,1.0,2.0,2.0,2.0,2.0,2.0,2.0,2.0,5.0,,,4.0,,,,20.0,,,4.0
pid_651,1.0,,,2.0,,,1.0,54.0,,,1.0,380.0,,70.0,,2.0,4.0,4.0,2.0,2.0,4.0,4.0,2.0,5.0,4.0,4.0,3.0,,,4.0,3.0,2.0,,,,4.0,,2.0,6.0,5.0,5.0,5.0,5.0,5.0,6.0,6.0,55.0,65.0,55.0,40.0,60.0,60.0,50.0,70.0,65.0,75.0,4.0,6.0,,,,,,,,,,,,1.0,1.0,1.0,1.0,1.0,1.0,1.0,2.0,2.0,1.0,2.0,2.0,2.0,2.0,2.0,2.0,1.0,2.0,1.0,1.0,2.0,2.0,2.0,2.0,2.0,1.0,1.0,2.0,1.0,2.0,1.0,2.0,2.0,2.0,1.0,2.0,1.0,1.0,2.0,1.0,1.0,1.0,1.0,1.0,2.0,2.0,5.0,,,6.0,,,20.0,,,9.0,
pid_652,1.0,,,2.0,,,1.0,30.0,2.0,380.0,,,,70.0,,3.0,4.0,5.0,1.0,1.0,5.0,5.0,4.0,5.0,5.0,5.0,,5.0,,,,,4.0,3.0,5.0,,4.0,2.0,6.0,3.0,5.0,5.0,5.0,5.0,6.0,6.0,55.0,60.0,45.0,40.0,60.0,65.0,55.0,75.0,65.0,80.0,4.0,6.0,,1.0,1.0,1.0,1.0,1.0,1.0,1.0,1.0,1.0,1.0,,,,,,,2.0,2.0,2.0,2.0,1.0,1.0,2.0,2.0,2.0,2.0,2.0,1.0,1.0,2.0,2.0,2.0,2.0,2.0,2.0,1.0,1.0,2.0,2.0,1.0,2.0,2.0,1.0,2.0,2.0,2.0,1.0,2.0,1.0,1.0,2.0,2.0,1.0,2.0,2.0,2.0,,5.0,,,6.0,,,20.0,,6.0,
pid_653,1.0,,,2.0,,,1.0,54.0,,,1.0,200.0,,70.0,2.0,,2.0,1.0,5.0,4.0,4.0,2.0,1.0,4.0,1.0,2.0,,5.0,,,,,4.0,3.0,5.0,,4.0,1.0,6.0,5.0,5.0,5.0,5.0,6.0,6.0,6.0,60.0,55.0,65.0,45.0,65.0,60.0,50.0,70.0,65.0,75.0,4.0,,7.0,1.0,1.0,1.0,1.0,1.0,1.0,1.0,1.0,1.0,1.0,,,,,,,2.0,1.0,1.0,2.0,2.0,2.0,1.0,2.0,2.0,2.0,1.0,1.0,1.0,2.0,2.0,1.0,2.0,1.0,2.0,2.0,2.0,2.0,1.0,2.0,1.0,1.0,2.0,2.0,2.0,2.0,2.0,2.0,2.0,1.0,2.0,2.0,1.0,1.0,1.0,2.0,,4.0,,,4.0,,18.0,,,,3.0
pid_654,1.0,,1.0,,,,1.0,54.0,,,1.0,380.0,,70.0,,2.0,5.0,5.0,1.0,1.0,5.0,5.0,4.0,5.0,5.0,5.0,1.0,,,,,,4.0,3.0,2.0,,4.0,2.0,7.0,5.0,5.0,3.0,5.0,6.0,6.0,6.0,55.0,60.0,35.0,35.0,65.0,65.0,55.0,70.0,70.0,75.0,4.0,6.0,,1.0,1.0,1.0,1.0,1.0,1.0,1.0,1.0,1.0,1.0,,,,,,,2.0,1.0,2.0,2.0,2.0,2.0,2.0,2.0,2.0,2.0,2.0,2.0,2.0,1.0,2.0,2.0,1.0,1.0,1.0,2.0,2.0,2.0,2.0,2.0,2.0,1.0,2.0,2.0,1.0,2.0,2.0,2.0,2.0,2.0,1.0,1.0,1.0,2.0,2.0,2.0,5.0,,,6.0,,,,20.0,,9.0,
pid_655,1.0,,,2.0,,,1.0,54.0,2.0,380.0,,,30.0,,2.0,,4.0,5.0,1.0,1.0,5.0,5.0,4.0,5.0,5.0,5.0,2.0,,,,,,4.0,3.0,5.0,,4.0,1.0,7.0,5.0,5.0,5.0,5.0,5.0,6.0,6.0,55.0,58.0,35.0,38.0,62.0,60.0,48.0,70.0,65.0,78.0,4.0,6.0,,,,,,,,,,,,1.0,1.0,1.0,1.0,1.0,1.0,1.0,1.0,1.0,2.0,1.0,1.0,1.0,2.0,1.0,1.0,1.0,1.0,2.0,2.0,1.0,1.0,1.0,1.0,2.0,1.0,2.0,1.0,2.0,2.0,2.0,2.0,2.0,1.0,1.0,2.0,2.0,2.0,2.0,1.0,1.0,2.0,1.0,1.0,2.0,2.0,5.0,,,6.0,,,10.0,,3.0,,
pid_656,1.0,,1.0,,2.0,60.0,,,,,1.0,380.0,30.0,,4.0,,4.0,5.0,1.0,2.0,5.0,5.0,4.0,5.0,5.0,5.0,1.0,,,,,,4.0,5.0,5.0,,4.0,2.0,7.0,5.0,5.0,6.0,3.0,5.0,6.0,6.0,55.0,65.0,45.0,40.0,60.0,58.0,50.0,70.0,65.0,75.0,4.0,6.0,,1.0,1.0,1.0,1.0,1.0,1.0,1.0,1.0,1.0,1.0,,,,,,,2.0,2.0,2.0,2.0,1.0,2.0,2.0,1.0,1.0,1.0,2.0,1.0,2.0,2.0,2.0,1.0,2.0,1.0,2.0,1.0,2.0,1.0,1.0,1.0,2.0,1.0,2.0,2.0,2.0,2.0,1.0,2.0,1.0,2.0,1.0,1.0,2.0,1.0,2.0,1.0,4.0,,,6.0,,,18.0,,,9.0,
pid_657,,1.0,1.0,,,,1.0,54.0,,,1.0,380.0,,80.0,2.0,,2.0,2.0,5.0,4.0,4.0,4.0,1.0,4.0,4.0,4.0,,,5.0,,,,4.0,5.0,5.0,4.0,,2.0,7.0,5.0,5.0,5.0,5.0,6.0,6.0,6.0,50.0,55.0,55.0,45.0,55.0,60.0,50.0,70.0,65.0,75.0,4.0,6.0,,1.0,1.0,1.0,1.0,1.0,1.0,1.0,1.0,1.0,1.0,,,,,,,1.0,2.0,2.0,2.0,2.0,1.0,1.0,2.0,2.0,2.0,1.0,1.0,2.0,2.0,2.0,1.0,2.0,2.0,1.0,2.0,2.0,1.0,2.0,1.0,2.0,1.0,2.0,2.0,1.0,2.0,2.0,2.0,1.0,2.0,1.0,1.0,2.0,2.0,2.0,2.0,,,4.0,,,5.0,,20.0,,10.0,
pid_658,1.0,,2.0,,2.0,54.0,,,,,1.0,380.0,30.0,,3.0,,4.0,5.0,1.0,1.0,5.0,5.0,4.0,5.0,5.0,5.0,1.0,,,,,,4.0,4.0,5.0,4.0,,1.0,6.0,5.0,5.0,5.0,5.0,5.0,6.0,6.0,55.0,60.0,45.0,40.0,58.0,60.0,50.0,70.0,65.0,75.0,4.0,,6.0,1.0,1.0,1.0,1.0,1.0,1.0,1.0,1.0,1.0,1.0,,,,,,,1.0,2.0,2.0,2.0,2.0,2.0,1.0,1.0,1.0,2.0,2.0,2.0,2.0,2.0,1.0,2.0,2.0,1.0,1.0,2.0,2.0,1.0,2.0,1.0,2.0,2.0,1.0,1.0,1.0,1.0,1.0,1.0,2.0,2.0,1.0,2.0,2.0,2.0,1.0,2.0,5.0,,,5.0,,,18.0,,3.0,,
pid_659,1.0,,1.0,,2.0,54.0,,,2.0,380.0,,,40.0,,2.0,,4.0,4.0,2.0,2.0,4.0,4.0,2.0,5.0,4.0,5.0,,,5.0,,,,4.0,5.0,3.0,4.0,,2.0,6.0,3.0,5.0,5.0,5.0,6.0,6.0,6.0,55.0,55.0,50.0,42.0,60.0,62.0,48.0,68.0,65.0,75.0,4.0,,6.0,,,,,,,,,,,1.0,1.0,1.0,1.0,1.0,1.0,1.0,2.0,1.0,2.0,1.0,1.0,2.0,2.0,2.0,1.0,2.0,2.0,2.0,2.0,2.0,2.0,2.0,1.0,2.0,1.0,2.0,2.0,1.0,1.0,2.0,1.0,1.0,1.0,2.0,2.0,1.0,2.0,1.0,1.0,1.0,2.0,2.0,2.0,2.0,2.0,,,5.0,,,6.0,15.0,,,9.0,
pid_660,,2.0,,2.0,,,1.0,54.0,2.0,380.0,,,30.0,,1.0,,5.0,5.0,1.0,1.0,5.0,5.0,4.0,5.0,5.0,5.0,1.0,,,,,,4.0,5.0,3.0,4.0,,2.0,7.0,3.0,5.0,5.0,5.0,5.0,6.0,6.0,65.0,70.0,40.0,35.0,60.0,65.0,55.0,75.0,65.0,80.0,4.0,6.0,,,,,,,,,,,,1.0,1.0,1.0,1.0,1.0,1.0,2.0,2.0,1.0,1.0,1.0,1.0,2.0,2.0,1.0,2.0,1.0,2.0,2.0,2.0,2.0,2.0,1.0,1.0,2.0,2.0,2.0,2.0,2.0,1.0,2.0,2.0,2.0,2.0,2.0,2.0,1.0,2.0,2.0,2.0,1.0,1.0,2.0,2.0,2.0,2.0,5.0,,,6.0,,,,20.0,,9.0,
pid_661,,1.0,,2.0,,,1.0,54.0,,,1.0,379.0,,70.0,2.0,,5.0,5.0,1.0,1.0,5.0,5.0,4.0,5.0,5.0,5.0,2.0,,,4.0,5.0,2.0,,,,,5.0,2.0,6.0,3.0,5.0,5.0,3.0,5.0,6.0,6.0,55.0,60.0,40.0,35.0,60.0,65.0,55.0,70.0,65.0,75.0,4.0,,7.0,,,,,,,,,,,1.0,1.0,1.0,1.0,1.0,1.0,1.0,2.0,2.0,1.0,1.0,2.0,1.0,1.0,2.0,2.0,2.0,2.0,1.0,2.0,2.0,2.0,1.0,2.0,1.0,2.0,1.0,2.0,2.0,2.0,2.0,2.0,2.0,2.0,2.0,1.0,2.0,1.0,1.0,2.0,1.0,1.0,2.0,2.0,1.0,1.0,5.0,,,6.0,,,15.0,,,,4.0
pid_662,1.0,,1.0,,,,1.0,54.0,,,1.0,380.0,30.0,,2.0,,2.0,2.0,5.0,4.0,4.0,2.0,1.0,3.0,2.0,4.0,,4.0,,4.0,5.0,3.0,,,,6.0,,1.0,6.0,5.0,5.0,5.0,3.0,5.0,6.0,6.0,50.0,55.0,60.0,50.0,55.0,60.0,45.0,65.0,65.0,75.0,4.0,5.0,,,,,,,,,,,,1.0,1.0,1.0,1.0,1.0,1.0,1.0,2.0,2.0,2.0,1.0,1.0,2.0,1.0,2.0,2.0,2.0,1.0,1.0,1.0,1.0,1.0,2.0,1.0,1.0,2.0,1.0,1.0,2.0,1.0,2.0,1.0,1.0,1.0,2.0,1.0,2.0,2.0,1.0,2.0,2.0,2.0,2.0,2.0,2.0,1.0,,4.0,,,5.0,,18.0,,,,3.0
pid_663,1.0,,,1.0,2.0,54.0,,,,,1.0,380.0,,70.0,,1.0,2.0,1.0,5.0,4.0,4.0,2.0,1.0,2.0,1.0,2.0,,5.0,,,,,4.0,5.0,5.0,,6.0,2.0,7.0,5.0,5.0,6.0,5.0,6.0,6.0,6.0,55.0,50.0,65.0,48.0,58.0,60.0,48.0,65.0,62.0,75.0,4.0,,7.0,,,,,,,,,,,1.0,1.0,1.0,1.0,1.0,1.0,1.0,2.0,2.0,1.0,2.0,2.0,2.0,1.0,2.0,2.0,2.0,2.0,2.0,2.0,2.0,2.0,2.0,1.0,2.0,1.0,2.0,2.0,1.0,1.0,2.0,2.0,1.0,2.0,2.0,1.0,1.0,1.0,1.0,1.0,2.0,2.0,1.0,2.0,1.0,2.0,,5.0,,,6.0,,18.0,,,,3.0
pid_664,1.0,,1.0,,,,1.0,30.0,,,1.0,100.0,,70.0,,3.0,3.0,5.0,2.0,2.0,4.0,4.0,4.0,5.0,4.0,4.0,,5.0,,,,,3.0,4.0,5.0,,4.0,2.0,6.0,5.0,5.0,5.0,5.0,5.0,6.0,6.0,55.0,65.0,45.0,40.0,60.0,55.0,50.0,70.0,65.0,75.0,4.0,,6.0,1.0,1.0,1.0,1.0,1.0,1.0,1.0,1.0,1.0,1.0,,,,,,,2.0,1.0,1.0,1.0,2.0,2.0,2.0,1.0,2.0,2.0,2.0,2.0,1.0,1.0,2.0,2.0,1.0,2.0,2.0,1.0,2.0,2.0,2.0,2.0,1.0,1.0,2.0,1.0,2.0,2.0,2.0,1.0,2.0,1.0,1.0,1.0,2.0,1.0,1.0,2.0,,5.0,,,6.0,,,15.0,1.0,,
pid_665,1.0,,,2.0,2.0,54.0,,,2.0,380.0,,,,70.0,2.0,,4.0,5.0,1.0,2.0,5.0,5.0,4.0,5.0,5.0,5.0,,,5.0,,,,4.0,3.0,5.0,4.0,,1.0,7.0,2.0,6.0,5.0,3.0,6.0,6.0,6.0,60.0,60.0,45.0,50.0,65.0,65.0,55.0,75.0,70.0,80.0,4.0,6.0,,,,,,,,,,,,1.0,1.0,1.0,1.0,1.0,1.0,1.0,2.0,1.0,2.0,2.0,1.0,2.0,2.0,2.0,2.0,1.0,2.0,2.0,2.0,2.0,2.0,1.0,1.0,1.0,2.0,1.0,2.0,2.0,2.0,1.0,1.0,2.0,2.0,2.0,1.0,1.0,2.0,1.0,2.0,2.0,2.0,2.0,2.0,2.0,2.0,,,5.0,,,6.0,,20.0,2.0,,
pid_666,1.0,,1.0,,,,1.0,54.0,2.0,400.0,,,30.0,,2.0,,5.0,5.0,1.0,1.0,5.0,5.0,5.0,5.0,5.0,5.0,,5.0,,4.0,5.0,2.0,,,,,6.0,2.0,7.0,3.0,5.0,3.0,3.0,5.0,6.0,6.0,55.0,60.0,35.0,40.0,60.0,65.0,55.0,70.0,70.0,80.0,4.0,,6.0,1.0,1.0,1.0,1.0,1.0,1.0,1.0,1.0,1.0,1.0,,,,,,,1.0,1.0,2.0,1.0,2.0,2.0,1.0,1.0,1.0,1.0,1.0,1.0,1.0,1.0,2.0,1.0,2.0,2.0,1.0,2.0,1.0,2.0,1.0,2.0,2.0,2.0,1.0,2.0,1.0,2.0,2.0,2.0,1.0,1.0,2.0,1.0,1.0,1.0,2.0,1.0,,5.0,,,6.0,,,15.0,3.0,,
pid_667,,2.0,,2.0,,,1.0,54.0,,,1.0,380.0,,70.0,2.0,,2.0,1.0,5.0,4.0,4.0,2.0,1.0,2.0,2.0,4.0,2.0,,,4.0,3.0,4.0,,,,,4.0,2.0,6.0,5.0,5.0,6.0,5.0,5.0,6.0,6.0,45.0,45.0,55.0,50.0,40.0,50.0,45.0,65.0,55.0,70.0,4.0,,6.0,,,,,,,,,,,1.0,1.0,1.0,1.0,1.0,1.0,2.0,2.0,2.0,1.0,1.0,2.0,2.0,2.0,2.0,1.0,2.0,1.0,1.0,2.0,1.0,1.0,1.0,1.0,2.0,1.0,1.0,1.0,2.0,1.0,1.0,1.0,2.0,2.0,1.0,2.0,2.0,1.0,1.0,1.0,2.0,1.0,2.0,2.0,1.0,2.0,4.0,,,5.0,,,18.0,,,,4.0
pid_668,,2.0,2.0,,2.0,54.0,,,2.0,380.0,,,40.0,,1.0,,1.0,1.0,5.0,5.0,2.0,1.0,1.0,2.0,1.0,2.0,1.0,,,,,,3.0,4.0,5.0,4.0,,1.0,7.0,2.0,5.0,5.0,5.0,5.0,6.0,6.0,45.0,55.0,65.0,55.0,50.0,50.0,45.0,65.0,55.0,75.0,4.0,,6.0,,,,,,,,,,,1.0,1.0,1.0,1.0,1.0,1.0,1.0,1.0,2.0,1.0,2.0,1.0,2.0,1.0,1.0,1.0,2.0,1.0,1.0,2.0,1.0,2.0,1.0,1.0,1.0,2.0,2.0,1.0,2.0,2.0,1.0,2.0,1.0,1.0,2.0,1.0,2.0,1.0,1.0,2.0,2.0,2.0,1.0,1.0,2.0,1.0,4.0,,,5.0,,,,20.0,3.0,,
pid_669,,1.0,2.0,,,,1.0,54.0,2.0,350.0,,,30.0,,3.0,,2.0,1.0,5.0,4.0,3.0,2.0,1.0,2.0,2.0,2.0,,5.0,,,,,4.0,5.0,3.0,4.0,,2.0,6.0,5.0,5.0,5.0,5.0,6.0,6.0,6.0,55.0,55.0,60.0,45.0,60.0,60.0,50.0,65.0,65.0,75.0,4.0,,7.0,,,,,,,,,,,1.0,1.0,1.0,1.0,1.0,1.0,1.0,1.0,2.0,1.0,1.0,2.0,1.0,2.0,2.0,2.0,1.0,1.0,2.0,2.0,2.0,1.0,2.0,1.0,2.0,2.0,1.0,2.0,1.0,1.0,1.0,1.0,2.0,2.0,2.0,1.0,1.0,2.0,1.0,2.0,2.0,2.0,1.0,2.0,1.0,2.0,,5.0,,,5.0,,,20.0,,6.0,
pid_670,1.0,,,2.0,2.0,54.0,,,,,1.0,380.0,30.0,,2.0,,4.0,5.0,1.0,1.0,5.0,5.0,4.0,5.0,5.0,5.0,4.0,,,5.0,5.0,2.0,,,,,4.0,2.0,7.0,5.0,5.0,5.0,3.0,6.0,6.0,6.0,55.0,65.0,42.0,38.0,60.0,58.0,55.0,72.0,68.0,78.0,4.0,6.0,,,,,,,,,,,,1.0,1.0,1.0,1.0,1.0,1.0,2.0,1.0,2.0,2.0,1.0,2.0,2.0,1.0,1.0,2.0,1.0,1.0,2.0,2.0,2.0,1.0,1.0,2.0,2.0,1.0,2.0,1.0,2.0,1.0,1.0,1.0,1.0,1.0,1.0,2.0,2.0,2.0,1.0,1.0,2.0,1.0,1.0,2.0,1.0,1.0,4.0,,,5.0,,,,0.0,,6.0,
pid_671,2.0,,2.0,,2.0,54.0,,,,,1.0,379.0,,70.0,,4.0,2.0,1.0,5.0,4.0,2.0,2.0,1.0,4.0,2.0,4.0,,,5.0,,,,4.0,5.0,5.0,4.0,,2.0,6.0,5.0,5.0,5.0,3.0,5.0,6.0,6.0,45.0,55.0,55.0,45.0,55.0,58.0,48.0,70.0,62.0,75.0,4.0,,6.0,,,,,,,,,,,1.0,1.0,1.0,1.0,1.0,1.0,2.0,2.0,1.0,1.0,1.0,1.0,1.0,2.0,1.0,2.0,2.0,1.0,2.0,2.0,1.0,1.0,2.0,1.0,2.0,1.0,1.0,2.0,1.0,2.0,1.0,1.0,1.0,2.0,2.0,2.0,1.0,2.0,2.0,2.0,2.0,2.0,1.0,2.0,2.0,2.0,,,4.0,,,4.0,,0.0,1.0,,
pid_672,1.0,,1.0,,2.0,54.0,,,2.0,380.0,,,30.0,,3.0,,2.0,1.0,5.0,4.0,2.0,2.0,1.0,3.0,2.0,2.0,,5.0,,4.0,5.0,3.0,,,,4.0,,2.0,6.0,5.0,5.0,5.0,3.0,5.0,6.0,5.0,45.0,55.0,60.0,50.0,50.0,50.0,55.0,65.0,60.0,70.0,4.0,6.0,,1.0,1.0,1.0,1.0,1.0,1.0,1.0,1.0,1.0,1.0,,,,,,,2.0,2.0,1.0,2.0,1.0,1.0,1.0,2.0,1.0,1.0,2.0,1.0,1.0,2.0,2.0,1.0,1.0,2.0,2.0,1.0,2.0,2.0,1.0,1.0,1.0,2.0,2.0,2.0,2.0,2.0,1.0,1.0,1.0,1.0,1.0,1.0,2.0,2.0,1.0,2.0,,5.0,,,5.0,,18.0,,,8.0,
pid_673,,1.0,,2.0,,,1.0,54.0,,,1.0,379.0,40.0,,3.0,,2.0,1.0,5.0,4.0,4.0,2.0,1.0,2.0,1.0,4.0,4.0,,,,,,4.0,5.0,5.0,,4.0,1.0,6.0,5.0,5.0,6.0,5.0,5.0,6.0,6.0,55.0,55.0,60.0,50.0,60.0,58.0,45.0,70.0,65.0,75.0,4.0,6.0,,,,,,,,,,,,1.0,1.0,1.0,1.0,1.0,1.0,2.0,2.0,2.0,2.0,2.0,2.0,1.0,2.0,2.0,1.0,1.0,1.0,1.0,2.0,2.0,2.0,1.0,2.0,1.0,2.0,1.0,1.0,2.0,2.0,1.0,2.0,2.0,1.0,1.0,2.0,2.0,1.0,2.0,2.0,2.0,2.0,1.0,1.0,1.0,1.0,5.0,,,6.0,,,,20.0,3.0,,
pid_674,,1.0,,2.0,2.0,54.0,,,2.0,380.0,,,,70.0,,2.0,2.0,2.0,5.0,4.0,4.0,2.0,1.0,4.0,2.0,4.0,,5.0,,4.0,5.0,3.0,,,,4.0,,2.0,6.0,5.0,5.0,5.0,5.0,5.0,6.0,6.0,55.0,62.0,65.0,52.0,60.0,58.0,48.0,70.0,65.0,75.0,4.0,,6.0,,,,,,,,,,,1.0,1.0,1.0,1.0,1.0,1.0,2.0,2.0,2.0,2.0,2.0,2.0,2.0,2.0,1.0,1.0,2.0,2.0,1.0,2.0,1.0,1.0,2.0,2.0,2.0,1.0,1.0,2.0,2.0,1.0,1.0,1.0,1.0,1.0,2.0,2.0,1.0,2.0,2.0,2.0,2.0,1.0,1.0,1.0,1.0,2.0,,4.0,,,5.0,,18.0,,,,3.0
pid_675,1.0,,,2.0,,,1.0,20.0,,,1.0,120.0,,70.0,6.0,,4.0,5.0,1.0,1.0,5.0,5.0,5.0,5.0,5.0,5.0,4.0,,,4.0,5.0,3.0,,,,,4.0,2.0,6.0,5.0,5.0,5.0,5.0,6.0,6.0,6.0,55.0,60.0,35.0,40.0,60.0,58.0,55.0,75.0,70.0,80.0,4.0,6.0,,1.0,1.0,1.0,1.0,1.0,1.0,1.0,1.0,1.0,1.0,,,,,,,2.0,2.0,2.0,1.0,2.0,1.0,2.0,2.0,1.0,2.0,1.0,2.0,1.0,2.0,2.0,2.0,1.0,2.0,1.0,1.0,2.0,1.0,1.0,2.0,1.0,1.0,2.0,1.0,2.0,1.0,1.0,2.0,2.0,2.0,1.0,1.0,2.0,2.0,2.0,2.0,5.0,,,6.0,,,18.0,,,,3.0
pid_676,,1.0,1.0,,2.0,54.0,,,,,1.0,379.0,50.0,,3.0,,4.0,5.0,2.0,2.0,5.0,5.0,4.0,5.0,5.0,5.0,1.0,,,,,,4.0,5.0,5.0,,4.0,2.0,6.0,5.0,5.0,5.0,5.0,5.0,6.0,6.0,55.0,55.0,45.0,40.0,65.0,60.0,50.0,70.0,65.0,75.0,4.0,6.0,,1.0,1.0,1.0,1.0,1.0,1.0,1.0,1.0,1.0,1.0,,,,,,,2.0,1.0,2.0,1.0,1.0,2.0,1.0,2.0,2.0,2.0,2.0,1.0,1.0,2.0,2.0,1.0,1.0,1.0,1.0,1.0,2.0,1.0,2.0,1.0,1.0,1.0,1.0,1.0,2.0,1.0,1.0,1.0,1.0,1.0,2.0,1.0,1.0,1.0,1.0,1.0,4.0,,,6.0,,,18.0,,,,4.0
pid_677,,2.0,,2.0,2.0,54.0,,,,,1.0,379.0,,70.0,,3.0,4.0,5.0,1.0,2.0,5.0,5.0,4.0,5.0,5.0,5.0,,5.0,,,,,4.0,4.0,5.0,,4.0,1.0,7.0,3.0,5.0,5.0,5.0,6.0,7.0,6.0,65.0,55.0,45.0,40.0,55.0,60.0,55.0,70.0,65.0,70.0,4.0,6.0,,1.0,1.0,1.0,1.0,1.0,1.0,1.0,1.0,1.0,1.0,,,,,,,1.0,1.0,2.0,2.0,1.0,2.0,1.0,2.0,2.0,2.0,1.0,1.0,2.0,2.0,2.0,1.0,2.0,1.0,1.0,1.0,2.0,2.0,1.0,1.0,2.0,2.0,2.0,1.0,2.0,2.0,1.0,2.0,1.0,2.0,2.0,2.0,2.0,2.0,1.0,2.0,,4.0,,,6.0,,,18.0,,6.0,
pid_678,,1.0,1.0,,2.0,54.0,,,2.0,380.0,,,30.0,,3.0,,4.0,5.0,1.0,1.0,5.0,5.0,4.0,5.0,5.0,5.0,,,5.0,,,,4.0,3.0,5.0,4.0,,2.0,6.0,3.0,5.0,5.0,5.0,5.0,6.0,6.0,55.0,65.0,40.0,35.0,60.0,58.0,55.0,75.0,68.0,75.0,4.0,,6.0,1.0,1.0,1.0,1.0,1.0,1.0,1.0,1.0,1.0,1.0,,,,,,,2.0,1.0,2.0,2.0,2.0,2.0,2.0,2.0,2.0,2.0,2.0,2.0,1.0,2.0,1.0,1.0,2.0,2.0,1.0,1.0,2.0,2.0,2.0,1.0,2.0,2.0,2.0,2.0,2.0,1.0,2.0,2.0,1.0,1.0,2.0,2.0,2.0,1.0,2.0,2.0,,,5.0,,,6.0,,20.0,2.0,,
pid_679,1.0,,,2.0,,,1.0,54.0,,,1.0,380.0,,75.0,,3.0,4.0,4.0,2.0,2.0,4.0,4.0,2.0,4.0,4.0,4.0,,,5.0,,,,3.0,4.0,3.0,6.0,,2.0,7.0,3.0,5.0,5.0,5.0,5.0,6.0,6.0,55.0,65.0,45.0,35.0,50.0,60.0,45.0,65.0,65.0,75.0,4.0,6.0,,1.0,1.0,1.0,1.0,1.0,1.0,1.0,1.0,1.0,1.0,,,,,,,1.0,1.0,1.0,2.0,1.0,1.0,2.0,1.0,1.0,2.0,2.0,2.0,1.0,2.0,2.0,2.0,1.0,2.0,2.0,2.0,1.0,1.0,2.0,1.0,1.0,2.0,1.0,2.0,2.0,1.0,2.0,2.0,1.0,2.0,2.0,1.0,2.0,1.0,1.0,1.0,,,5.0,,,6.0,,2.0,3.0,,
pid_680,,1.0,2.0,,2.0,54.0,,,,,1.0,250.0,30.0,,3.0,,5.0,5.0,1.0,1.0,5.0,5.0,5.0,5.0,5.0,5.0,,,5.0,,,,5.0,4.0,4.0,,4.0,1.0,7.0,5.0,5.0,5.0,3.0,5.0,6.0,6.0,65.0,60.0,45.0,40.0,60.0,65.0,55.0,75.0,70.0,80.0,4.0,7.0,,1.0,1.0,1.0,1.0,1.0,1.0,1.0,1.0,1.0,1.0,,,,,,,2.0,2.0,1.0,2.0,2.0,1.0,1.0,2.0,1.0,2.0,1.0,1.0,2.0,2.0,2.0,1.0,1.0,1.0,2.0,1.0,1.0,2.0,1.0,1.0,1.0,2.0,2.0,1.0,2.0,1.0,1.0,2.0,2.0,1.0,1.0,2.0,1.0,2.0,2.0,1.0,,,5.0,,,6.0,,5.0,,,3.0
pid_681,1.0,,1.0,,2.0,54.0,,,2.0,400.0,,,,70.0,,2.0,4.0,4.0,2.0,2.0,4.0,4.0,4.0,5.0,4.0,5.0,1.0,,,,,,4.0,5.0,5.0,,4.0,1.0,7.0,5.0,5.0,6.0,5.0,6.0,6.0,6.0,55.0,60.0,55.0,40.0,60.0,65.0,50.0,70.0,65.0,75.0,4.0,6.0,,,,,,,,,,,,1.0,1.0,1.0,1.0,1.0,1.0,1.0,1.0,2.0,2.0,2.0,1.0,2.0,2.0,2.0,2.0,1.0,2.0,2.0,1.0,1.0,2.0,1.0,2.0,1.0,2.0,1.0,1.0,2.0,1.0,2.0,2.0,1.0,2.0,1.0,2.0,1.0,1.0,1.0,1.0,1.0,1.0,1.0,1.0,1.0,1.0,5.0,,,6.0,,,18.0,,2.0,,
pid_682,,1.0,,2.0,,,1.0,54.0,2.0,379.0,,,30.0,,,1.0,4.0,5.0,1.0,1.0,5.0,5.0,5.0,5.0,5.0,5.0,,,5.0,4.0,5.0,3.0,,,,,6.0,1.0,7.0,3.0,5.0,5.0,5.0,5.0,6.0,6.0,55.0,54.0,38.0,34.0,58.0,61.0,48.0,68.0,64.0,78.0,4.0,6.0,,,,,,,,,,,,1.0,1.0,1.0,1.0,1.0,1.0,1.0,2.0,1.0,2.0,2.0,2.0,2.0,2.0,2.0,1.0,2.0,2.0,1.0,2.0,2.0,2.0,1.0,2.0,1.0,1.0,2.0,2.0,1.0,2.0,2.0,2.0,2.0,2.0,2.0,1.0,1.0,2.0,2.0,2.0,2.0,2.0,2.0,2.0,1.0,1.0,,,5.0,,,6.0,,0.0,3.0,,
pid_683,1.0,,,2.0,2.0,54.0,,,2.0,380.0,,,,70.0,2.0,,4.0,4.0,5.0,1.0,4.0,4.0,1.0,4.0,3.0,4.0,,,5.0,,,,3.0,5.0,3.0,,4.0,1.0,6.0,3.0,5.0,5.0,5.0,6.0,6.0,6.0,55.0,55.0,60.0,45.0,55.0,60.0,45.0,65.0,65.0,75.0,4.0,6.0,,1.0,1.0,1.0,1.0,1.0,1.0,1.0,1.0,1.0,1.0,,,,,,,2.0,1.0,2.0,2.0,2.0,2.0,2.0,2.0,2.0,2.0,2.0,2.0,1.0,1.0,2.0,1.0,2.0,2.0,2.0,1.0,2.0,1.0,2.0,1.0,2.0,1.0,1.0,2.0,2.0,1.0,2.0,1.0,2.0,2.0,2.0,1.0,1.0,2.0,1.0,1.0,,,5.0,,,6.0,,20.0,2.0,,
pid_684,1.0,,,1.0,2.0,55.0,,,,,1.0,200.0,,70.0,,3.0,4.0,5.0,1.0,1.0,5.0,5.0,4.0,5.0,5.0,5.0,,,5.0,4.0,5.0,3.0,,,,6.0,,2.0,6.0,3.0,5.0,3.0,5.0,6.0,6.0,6.0,65.0,60.0,45.0,40.0,60.0,65.0,55.0,75.0,70.0,80.0,4.0,,7.0,1.0,1.0,1.0,1.0,1.0,1.0,1.0,1.0,1.0,1.0,,,,,,,1.0,1.0,2.0,2.0,2.0,1.0,2.0,2.0,2.0,2.0,2.0,2.0,2.0,1.0,2.0,2.0,2.0,2.0,1.0,2.0,1.0,2.0,2.0,2.0,1.0,1.0,1.0,2.0,2.0,2.0,1.0,2.0,1.0,2.0,2.0,2.0,2.0,1.0,1.0,1.0,,,5.0,,,6.0,18.0,,2.0,,
pid_685,1.0,,,2.0,,,1.0,30.0,,,1.0,250.0,,75.0,,2.0,4.0,5.0,1.0,1.0,5.0,5.0,4.0,5.0,5.0,5.0,,5.0,,,,,4.0,5.0,5.0,6.0,,2.0,7.0,5.0,5.0,3.0,5.0,6.0,6.0,6.0,55.0,55.0,45.0,40.0,60.0,65.0,50.0,70.0,65.0,75.0,4.0,6.0,,,,,,,,,,,,1.0,1.0,1.0,1.0,1.0,1.0,1.0,1.0,2.0,2.0,2.0,1.0,1.0,2.0,2.0,2.0,1.0,1.0,2.0,2.0,1.0,2.0,2.0,1.0,2.0,1.0,1.0,2.0,2.0,1.0,2.0,1.0,2.0,1.0,1.0,1.0,2.0,2.0,2.0,2.0,1.0,1.0,2.0,1.0,1.0,1.0,,5.0,,,6.0,,,18.0,3.0,,
pid_686,1.0,,1.0,,,,1.0,54.0,,,1.0,380.0,,70.0,3.0,,2.0,1.0,5.0,4.0,2.0,2.0,1.0,4.0,2.0,2.0,,,5.0,,,,4.0,5.0,5.0,6.0,,1.0,6.0,5.0,5.0,3.0,3.0,5.0,6.0,6.0,50.0,55.0,60.0,45.0,55.0,60.0,48.0,65.0,60.0,75.0,4.0,,7.0,1.0,1.0,1.0,1.0,1.0,1.0,1.0,1.0,1.0,1.0,,,,,,,1.0,1.0,1.0,1.0,2.0,2.0,2.0,2.0,1.0,1.0,1.0,2.0,2.0,2.0,2.0,2.0,1.0,2.0,2.0,2.0,2.0,2.0,2.0,1.0,1.0,2.0,1.0,2.0,1.0,1.0,1.0,2.0,2.0,1.0,2.0,2.0,1.0,1.0,2.0,2.0,,,5.0,,,6.0,,5.0,,6.0,
pid_687,1.0,,2.0,,2.0,54.0,,,,,1.0,380.0,35.0,,3.0,,2.0,4.0,5.0,4.0,4.0,2.0,1.0,4.0,2.0,4.0,,,5.0,4.0,5.0,3.0,,,,,4.0,2.0,6.0,5.0,5.0,5.0,5.0,6.0,6.0,6.0,45.0,,,,58.0,55.0,49.0,67.0,,,4.0,6.0,,,,,,,,,,,,1.0,1.0,1.0,1.0,1.0,1.0,2.0,1.0,2.0,2.0,1.0,2.0,1.0,2.0,1.0,1.0,1.0,2.0,1.0,1.0,2.0,2.0,1.0,2.0,2.0,2.0,1.0,1.0,1.0,1.0,2.0,1.0,1.0,2.0,2.0,1.0,1.0,1.0,2.0,2.0,1.0,1.0,1.0,1.0,1.0,1.0,,,4.0,,,5.0,17.0,,2.0,,
pid_688,1.0,,,2.0,,,1.0,54.0,,,1.0,379.0,30.0,,1.0,,2.0,1.0,5.0,4.0,3.0,2.0,1.0,2.0,1.0,2.0,,,5.0,,,,4.0,5.0,3.0,,4.0,1.0,6.0,5.0,5.0,5.0,5.0,6.0,6.0,6.0,60.0,65.0,55.0,45.0,65.0,65.0,50.0,75.0,65.0,80.0,4.0,6.0,,1.0,1.0,1.0,1.0,1.0,1.0,1.0,1.0,1.0,1.0,,,,,,,2.0,2.0,1.0,1.0,2.0,1.0,1.0,1.0,1.0,2.0,1.0,1.0,1.0,2.0,1.0,1.0,2.0,2.0,2.0,2.0,1.0,1.0,1.0,1.0,2.0,1.0,2.0,2.0,1.0,2.0,1.0,2.0,2.0,2.0,2.0,1.0,2.0,2.0,1.0,2.0,,,5.0,,,5.0,,5.0,2.0,,
pid_689,,2.0,,2.0,,,1.0,30.0,2.0,380.0,,,,70.0,,2.0,2.0,1.0,5.0,4.0,2.0,2.0,1.0,4.0,1.0,4.0,,5.0,,4.0,5.0,,,,,,4.0,2.0,6.0,5.0,3.0,5.0,5.0,6.0,6.0,6.0,45.0,55.0,65.0,45.0,55.0,50.0,40.0,65.0,55.0,70.0,4.0,6.0,,,,,,,,,,,,1.0,1.0,1.0,1.0,1.0,1.0,1.0,2.0,1.0,1.0,1.0,2.0,1.0,1.0,1.0,2.0,1.0,2.0,2.0,2.0,1.0,1.0,2.0,2.0,2.0,1.0,2.0,1.0,1.0,1.0,2.0,2.0,1.0,2.0,1.0,1.0,1.0,2.0,1.0,1.0,1.0,1.0,1.0,2.0,2.0,1.0,,5.0,,,6.0,,18.0,,,9.0,
pid_690,1.0,,2.0,,,,1.0,54.0,2.0,380.0,,,30.0,,2.0,,5.0,5.0,1.0,1.0,5.0,5.0,4.0,5.0,5.0,5.0,,,5.0,4.0,5.0,3.0,,,,6.0,,2.0,7.0,5.0,5.0,5.0,3.0,5.0,6.0,6.0,55.0,55.0,45.0,35.0,58.0,60.0,50.0,70.0,65.0,75.0,4.0,,6.0,,,,,,,,,,,1.0,1.0,1.0,1.0,1.0,1.0,1.0,2.0,1.0,2.0,1.0,2.0,2.0,1.0,2.0,1.0,2.0,2.0,1.0,2.0,2.0,2.0,1.0,1.0,1.0,1.0,2.0,2.0,1.0,1.0,2.0,1.0,1.0,2.0,1.0,1.0,2.0,2.0,1.0,2.0,2.0,2.0,2.0,2.0,2.0,2.0,,,5.0,,,6.0,17.0,,,,6.0
pid_691,,1.0,1.0,,2.0,54.0,,,,,1.0,380.0,30.0,,,3.0,4.0,5.0,1.0,1.0,5.0,5.0,4.0,5.0,5.0,5.0,4.0,,,4.0,5.0,2.0,,,,6.0,,1.0,7.0,3.0,5.0,6.0,3.0,5.0,6.0,6.0,55.0,60.0,45.0,40.0,60.0,58.0,50.0,70.0,65.0,75.0,4.0,,6.0,,,,,,,,,,,1.0,1.0,1.0,1.0,1.0,1.0,1.0,2.0,2.0,2.0,1.0,1.0,1.0,2.0,1.0,2.0,1.0,1.0,2.0,2.0,2.0,1.0,2.0,2.0,1.0,1.0,1.0,1.0,2.0,1.0,2.0,1.0,2.0,1.0,1.0,2.0,2.0,2.0,2.0,2.0,1.0,2.0,1.0,1.0,2.0,2.0,5.0,,,6.0,,,15.0,,,,3.0
pid_692,1.0,,,2.0,2.0,54.0,,,2.0,380.0,,,35.0,,,2.0,2.0,2.0,5.0,4.0,4.0,2.0,1.0,4.0,2.0,4.0,2.0,,,4.0,5.0,,,,,4.0,,2.0,6.0,5.0,5.0,5.0,5.0,5.0,6.0,6.0,50.0,60.0,55.0,45.0,55.0,60.0,45.0,65.0,60.0,75.0,4.0,6.0,,1.0,1.0,1.0,1.0,1.0,1.0,1.0,1.0,1.0,1.0,,,,,,,1.0,1.0,2.0,1.0,2.0,1.0,1.0,1.0,1.0,1.0,2.0,2.0,2.0,2.0,2.0,2.0,2.0,1.0,1.0,1.0,2.0,1.0,2.0,2.0,2.0,2.0,2.0,1.0,2.0,2.0,2.0,1.0,2.0,1.0,2.0,2.0,1.0,2.0,1.0,1.0,4.0,,,5.0,,,15.0,,,,3.0
pid_693,1.0,,,2.0,,,1.0,54.0,,,1.0,380.0,,70.0,1.0,,5.0,5.0,1.0,1.0,5.0,5.0,4.0,5.0,5.0,5.0,3.0,,,,,,4.0,5.0,5.0,4.0,,1.0,7.0,3.0,5.0,5.0,5.0,5.0,6.0,6.0,55.0,55.0,45.0,35.0,62.0,60.0,50.0,70.0,65.0,75.0,4.0,,6.0,,,,,,,,,,,1.0,1.0,1.0,1.0,1.0,1.0,2.0,1.0,2.0,2.0,2.0,2.0,2.0,1.0,2.0,1.0,1.0,2.0,2.0,2.0,1.0,2.0,2.0,1.0,2.0,1.0,1.0,2.0,1.0,2.0,1.0,2.0,2.0,2.0,2.0,2.0,2.0,1.0,1.0,1.0,1.0,1.0,2.0,2.0,1.0,2.0,4.0,,,6.0,,,,15.0,,,3.0
pid_694,1.0,,2.0,,,,1.0,54.0,2.0,380.0,,,30.0,,,4.0,5.0,5.0,1.0,1.0,5.0,5.0,4.0,5.0,5.0,5.0,,5.0,,,,,4.0,5.0,5.0,6.0,,2.0,7.0,5.0,5.0,6.0,5.0,5.0,6.0,6.0,55.0,60.0,40.0,35.0,60.0,60.0,55.0,70.0,65.0,75.0,4.0,,6.0,1.0,1.0,1.0,1.0,1.0,1.0,1.0,1.0,1.0,1.0,,,,,,,2.0,2.0,2.0,2.0,1.0,2.0,2.0,2.0,2.0,2.0,2.0,1.0,2.0,1.0,1.0,2.0,2.0,2.0,1.0,1.0,1.0,2.0,2.0,1.0,2.0,1.0,2.0,1.0,1.0,2.0,2.0,2.0,1.0,2.0,1.0,2.0,1.0,1.0,1.0,1.0,,5.0,,,6.0,,18.0,,,,4.0
pid_695,,1.0,1.0,,,,1.0,54.0,,,1.0,380.0,30.0,,,1.0,5.0,5.0,1.0,1.0,5.0,5.0,5.0,5.0,5.0,5.0,1.0,,,4.0,5.0,3.0,,,,,4.0,2.0,7.0,3.0,5.0,5.0,5.0,6.0,6.0,6.0,60.0,55.0,40.0,35.0,55.0,65.0,48.0,70.0,65.0,80.0,4.0,,7.0,,,,,,,,,,,1.0,1.0,1.0,1.0,1.0,1.0,1.0,2.0,2.0,1.0,2.0,2.0,2.0,1.0,2.0,1.0,2.0,2.0,2.0,2.0,1.0,2.0,1.0,1.0,2.0,2.0,2.0,1.0,2.0,1.0,2.0,1.0,1.0,2.0,2.0,2.0,1.0,1.0,1.0,1.0,2.0,2.0,2.0,1.0,2.0,2.0,5.0,,,6.0,,,,0.0,,9.0,
pid_696,1.0,,1.0,,2.0,54.0,,,2.0,380.0,,,,75.0,1.0,,2.0,1.0,5.0,4.0,2.0,2.0,1.0,2.0,1.0,2.0,2.0,,,3.0,4.0,2.0,,,,6.0,,2.0,6.0,3.0,5.0,5.0,5.0,5.0,6.0,6.0,60.0,65.0,55.0,45.0,65.0,65.0,55.0,75.0,70.0,80.0,4.0,7.0,,1.0,1.0,1.0,1.0,1.0,1.0,1.0,1.0,1.0,1.0,,,,,,,1.0,2.0,1.0,2.0,2.0,1.0,1.0,2.0,2.0,2.0,1.0,2.0,1.0,1.0,2.0,2.0,1.0,2.0,2.0,2.0,2.0,1.0,1.0,2.0,2.0,2.0,1.0,2.0,2.0,1.0,1.0,2.0,1.0,1.0,1.0,2.0,2.0,1.0,1.0,2.0,4.0,,,5.0,,,18.0,,,9.0,
pid_697,1.0,,1.0,,2.0,54.0,,,,,1.0,250.0,30.0,,,2.0,4.0,5.0,1.0,1.0,5.0,5.0,4.0,5.0,5.0,5.0,,,5.0,,,,4.0,5.0,5.0,4.0,,2.0,7.0,3.0,5.0,5.0,3.0,5.0,6.0,5.0,55.0,55.0,40.0,35.0,60.0,58.0,55.0,70.0,65.0,75.0,4.0,6.0,,,,,,,,,,,,1.0,1.0,1.0,1.0,1.0,1.0,1.0,1.0,2.0,2.0,1.0,1.0,1.0,2.0,1.0,1.0,1.0,2.0,1.0,1.0,1.0,2.0,1.0,1.0,1.0,1.0,2.0,2.0,1.0,1.0,2.0,1.0,1.0,2.0,2.0,1.0,2.0,1.0,2.0,1.0,1.0,1.0,2.0,2.0,1.0,2.0,,,5.0,,,6.0,18.0,,,9.0,
pid_698,1.0,,,2.0,2.0,65.0,,,,,1.0,100.0,30.0,,,2.0,4.0,5.0,1.0,1.0,5.0,5.0,4.0,5.0,5.0,5.0,,5.0,,4.0,5.0,2.0,,,,,4.0,2.0,6.0,5.0,5.0,3.0,5.0,6.0,6.0,6.0,55.0,55.0,45.0,40.0,60.0,58.0,50.0,65.0,65.0,75.0,4.0,6.0,,1.0,1.0,1.0,1.0,1.0,1.0,1.0,1.0,1.0,1.0,,,,,,,2.0,2.0,2.0,1.0,2.0,1.0,1.0,2.0,1.0,2.0,1.0,2.0,2.0,1.0,2.0,2.0,1.0,1.0,2.0,2.0,2.0,2.0,2.0,1.0,2.0,1.0,2.0,1.0,2.0,1.0,1.0,1.0,1.0,1.0,2.0,2.0,1.0,2.0,2.0,2.0,,5.0,,,6.0,,,15.0,,8.0,
pid_699,1.0,,1.0,,2.0,54.0,,,2.0,380.0,,,30.0,,,3.0,5.0,5.0,1.0,1.0,5.0,5.0,4.0,5.0,5.0,5.0,1.0,,,4.0,5.0,3.0,,,,,6.0,1.0,7.0,5.0,5.0,3.0,5.0,6.0,6.0,6.0,55.0,52.0,43.0,38.0,58.0,62.0,51.0,70.0,68.0,75.0,4.0,6.0,,,,,,,,,,,,1.0,1.0,1.0,1.0,1.0,1.0,1.0,2.0,2.0,1.0,2.0,2.0,1.0,1.0,2.0,1.0,1.0,1.0,1.0,2.0,2.0,2.0,1.0,2.0,2.0,1.0,2.0,2.0,2.0,1.0,2.0,2.0,2.0,2.0,1.0,2.0,1.0,2.0,2.0,2.0,2.0,1.0,2.0,1.0,1.0,1.0,5.0,,,6.0,,,18.0,,2.0,,
pid_700,1.0,,2.0,,2.0,54.0,,,2.0,380.0,,,,70.0,,3.0,4.0,4.0,2.0,2.0,5.0,5.0,4.0,5.0,4.0,5.0,2.0,,,,,,4.0,3.0,5.0,4.0,,1.0,6.0,3.0,5.0,3.0,5.0,5.0,6.0,6.0,60.0,65.0,55.0,35.0,62.0,65.0,55.0,75.0,65.0,80.0,4.0,,7.0,1.0,1.0,1.0,1.0,1.0,1.0,1.0,1.0,1.0,1.0,,,,,,,1.0,1.0,1.0,1.0,1.0,1.0,1.0,1.0,2.0,1.0,1.0,2.0,1.0,1.0,1.0,2.0,1.0,2.0,2.0,2.0,1.0,2.0,2.0,2.0,2.0,2.0,2.0,2.0,2.0,1.0,1.0,1.0,2.0,2.0,1.0,2.0,1.0,1.0,1.0,2.0,4.0,,,5.0,,,,20.0,,,3.0
pid_701,,1.0,,2.0,,,1.0,30.0,2.0,500.0,,,30.0,,2.0,,2.0,4.0,5.0,4.0,4.0,2.0,1.0,4.0,2.0,4.0,,,5.0,,,,4.0,3.0,5.0,4.0,,2.0,6.0,5.0,5.0,5.0,5.0,5.0,6.0,6.0,55.0,60.0,65.0,55.0,60.0,60.0,45.0,70.0,65.0,75.0,4.0,6.0,,1.0,1.0,1.0,1.0,1.0,1.0,1.0,1.0,1.0,1.0,,,,,,,2.0,1.0,2.0,2.0,2.0,2.0,2.0,2.0,2.0,2.0,1.0,1.0,2.0,2.0,2.0,2.0,2.0,2.0,2.0,2.0,2.0,1.0,2.0,2.0,1.0,2.0,2.0,2.0,2.0,2.0,2.0,2.0,1.0,1.0,2.0,1.0,1.0,1.0,2.0,1.0,,,5.0,,,6.0,,20.0,,,3.0
pid_702,1.0,,,1.0,,,1.0,54.0,2.0,380.0,,,,70.0,,2.0,4.0,4.0,2.0,1.0,5.0,5.0,2.0,5.0,5.0,5.0,2.0,,,4.0,5.0,3.0,,,,,4.0,1.0,7.0,5.0,5.0,5.0,3.0,5.0,6.0,6.0,60.0,65.0,50.0,40.0,60.0,65.0,55.0,75.0,65.0,80.0,4.0,,6.0,,,,,,,,,,,1.0,1.0,1.0,1.0,1.0,1.0,1.0,1.0,1.0,1.0,1.0,2.0,1.0,2.0,1.0,1.0,2.0,1.0,2.0,2.0,2.0,2.0,1.0,1.0,2.0,2.0,2.0,1.0,2.0,1.0,2.0,1.0,1.0,1.0,2.0,2.0,1.0,1.0,1.0,1.0,1.0,2.0,2.0,1.0,2.0,1.0,4.0,,,6.0,,,,18.0,,,4.0
pid_703,1.0,,1.0,,2.0,54.0,,,,,1.0,379.0,,70.0,,2.0,4.0,5.0,2.0,2.0,5.0,4.0,2.0,5.0,4.0,5.0,,,4.0,4.0,5.0,3.0,,,,,4.0,2.0,6.0,5.0,5.0,5.0,5.0,5.0,6.0,6.0,55.0,60.0,55.0,45.0,65.0,65.0,50.0,70.0,65.0,75.0,4.0,6.0,,1.0,1.0,1.0,1.0,1.0,1.0,1.0,1.0,1.0,1.0,,,,,,,2.0,2.0,1.0,1.0,2.0,1.0,1.0,1.0,1.0,2.0,1.0,1.0,1.0,2.0,2.0,1.0,2.0,2.0,1.0,2.0,2.0,2.0,1.0,1.0,1.0,1.0,1.0,1.0,2.0,2.0,2.0,1.0,2.0,2.0,1.0,1.0,2.0,2.0,2.0,1.0,,,5.0,,,6.0,,20.0,,,3.0
pid_704,,1.0,,2.0,,,1.0,54.0,2.0,380.0,,,35.0,,,2.0,4.0,5.0,2.0,1.0,5.0,5.0,2.0,5.0,5.0,5.0,4.0,,,,,,4.0,5.0,3.0,4.0,,1.0,7.0,5.0,5.0,3.0,5.0,6.0,6.0,6.0,55.0,62.0,45.0,42.0,58.0,60.0,48.0,70.0,65.0,78.0,4.0,7.0,,1.0,1.0,1.0,1.0,1.0,1.0,1.0,1.0,1.0,1.0,,,,,,,1.0,2.0,1.0,2.0,2.0,1.0,1.0,2.0,1.0,2.0,2.0,2.0,1.0,1.0,2.0,1.0,1.0,1.0,2.0,2.0,1.0,1.0,1.0,1.0,1.0,2.0,2.0,1.0,1.0,1.0,1.0,1.0,2.0,2.0,1.0,2.0,2.0,1.0,2.0,1.0,5.0,,,6.0,,,15.0,,,,4.0
pid_705,1.0,,2.0,,,,1.0,54.0,2.0,379.0,,,,70.0,,1.0,4.0,5.0,1.0,1.0,5.0,5.0,4.0,5.0,5.0,5.0,,5.0,,4.0,5.0,3.0,,,,6.0,,2.0,7.0,5.0,5.0,5.0,3.0,5.0,6.0,5.0,60.0,60.0,45.0,35.0,65.0,63.0,55.0,70.0,65.0,75.0,4.0,,7.0,1.0,1.0,1.0,1.0,1.0,1.0,1.0,1.0,1.0,1.0,,,,,,,2.0,1.0,2.0,1.0,2.0,1.0,1.0,2.0,1.0,1.0,2.0,1.0,2.0,1.0,2.0,1.0,2.0,1.0,2.0,1.0,2.0,1.0,2.0,2.0,2.0,1.0,1.0,2.0,1.0,1.0,2.0,2.0,1.0,1.0,2.0,2.0,2.0,2.0,2.0,2.0,,5.0,,,6.0,,,5.0,2.0,,
pid_707,1.0,,1.0,,2.0,54.0,,,,,1.0,150.0,30.0,,1.0,,5.0,5.0,1.0,1.0,5.0,5.0,5.0,5.0,5.0,5.0,1.0,,,4.0,5.0,3.0,,,,6.0,,2.0,6.0,5.0,5.0,5.0,5.0,6.0,6.0,6.0,55.0,55.0,40.0,35.0,60.0,65.0,55.0,70.0,65.0,75.0,4.0,7.0,,,,,,,,,,,,1.0,1.0,1.0,1.0,1.0,1.0,1.0,1.0,1.0,2.0,2.0,2.0,2.0,2.0,1.0,1.0,1.0,2.0,1.0,1.0,2.0,1.0,2.0,2.0,2.0,1.0,2.0,2.0,2.0,1.0,2.0,1.0,2.0,2.0,1.0,2.0,2.0,2.0,1.0,1.0,1.0,2.0,1.0,2.0,1.0,1.0,5.0,,,6.0,,,,20.0,3.0,,
pid_708,,2.0,,2.0,,,1.0,20.0,2.0,600.0,,,,70.0,,6.0,4.0,1.0,5.0,4.0,4.0,4.0,1.0,2.0,1.0,4.0,4.0,,,5.0,5.0,2.0,,,,6.0,,1.0,6.0,5.0,5.0,5.0,3.0,6.0,6.0,6.0,55.0,50.0,55.0,55.0,60.0,60.0,45.0,60.0,65.0,70.0,4.0,,7.0,1.0,1.0,1.0,1.0,1.0,1.0,1.0,1.0,1.0,1.0,,,,,,,1.0,2.0,1.0,2.0,2.0,2.0,2.0,1.0,2.0,2.0,2.0,2.0,2.0,2.0,2.0,2.0,1.0,2.0,1.0,2.0,2.0,2.0,1.0,1.0,1.0,1.0,2.0,1.0,2.0,2.0,2.0,2.0,2.0,1.0,2.0,2.0,1.0,1.0,2.0,2.0,5.0,,,6.0,,,18.0,,3.0,,
pid_709,,2.0,,2.0,2.0,54.0,,,,,1.0,379.0,30.0,,4.0,,5.0,5.0,1.0,1.0,5.0,5.0,4.0,5.0,5.0,5.0,,5.0,,,,,4.0,5.0,5.0,6.0,,1.0,7.0,5.0,5.0,5.0,3.0,5.0,6.0,6.0,65.0,64.0,48.0,42.0,60.0,64.0,55.0,72.0,68.0,75.0,4.0,6.0,,1.0,1.0,1.0,1.0,1.0,1.0,1.0,1.0,1.0,1.0,,,,,,,2.0,1.0,1.0,2.0,2.0,1.0,2.0,2.0,1.0,1.0,2.0,1.0,2.0,1.0,2.0,2.0,1.0,2.0,1.0,1.0,2.0,2.0,1.0,1.0,1.0,2.0,1.0,2.0,2.0,1.0,2.0,2.0,1.0,2.0,2.0,1.0,2.0,2.0,2.0,2.0,,5.0,,,6.0,,16.0,,,,4.0
pid_710,1.0,,,2.0,2.0,54.0,,,2.0,379.0,,,30.0,,,3.0,4.0,5.0,2.0,1.0,5.0,5.0,4.0,5.0,5.0,5.0,2.0,,,,,,4.0,5.0,4.0,6.0,,2.0,7.0,3.0,5.0,5.0,5.0,5.0,6.0,6.0,65.0,65.0,35.0,45.0,60.0,65.0,55.0,75.0,70.0,75.0,4.0,,6.0,1.0,1.0,1.0,1.0,1.0,1.0,1.0,1.0,1.0,1.0,,,,,,,2.0,1.0,1.0,1.0,2.0,1.0,2.0,2.0,2.0,1.0,2.0,2.0,2.0,1.0,2.0,1.0,2.0,1.0,1.0,2.0,1.0,1.0,2.0,1.0,2.0,2.0,2.0,1.0,1.0,2.0,2.0,1.0,2.0,1.0,1.0,1.0,2.0,1.0,2.0,2.0,5.0,,,6.0,,,15.0,,,6.0,
pid_711,,1.0,1.0,,2.0,54.0,,,2.0,380.0,,,30.0,,1.0,,1.0,1.0,5.0,4.0,2.0,1.0,1.0,2.0,1.0,2.0,,,5.0,4.0,5.0,,,,,,4.0,1.0,6.0,5.0,5.0,5.0,5.0,6.0,6.0,6.0,45.0,45.0,60.0,55.0,35.0,40.0,45.0,65.0,35.0,75.0,4.0,,6.0,,,,,,,,,,,1.0,1.0,1.0,1.0,1.0,1.0,1.0,2.0,1.0,2.0,2.0,2.0,2.0,2.0,2.0,1.0,1.0,2.0,2.0,1.0,2.0,2.0,2.0,2.0,2.0,2.0,1.0,2.0,2.0,1.0,2.0,2.0,2.0,2.0,1.0,2.0,1.0,2.0,2.0,1.0,1.0,2.0,2.0,1.0,1.0,2.0,,,4.0,,,6.0,15.0,,,10.0,
pid_712,1.0,,,2.0,,,1.0,30.0,,,1.0,350.0,20.0,,2.0,,2.0,1.0,5.0,4.0,3.0,2.0,1.0,4.0,2.0,2.0,,,5.0,,,,4.0,4.0,5.0,,4.0,1.0,6.0,5.0,5.0,5.0,5.0,6.0,6.0,6.0,45.0,55.0,65.0,45.0,50.0,55.0,45.0,65.0,60.0,70.0,4.0,6.0,,,,,,,,,,,,1.0,1.0,1.0,1.0,1.0,1.0,2.0,1.0,1.0,2.0,1.0,2.0,1.0,1.0,2.0,1.0,2.0,1.0,1.0,2.0,1.0,2.0,1.0,1.0,1.0,2.0,2.0,2.0,2.0,2.0,2.0,1.0,2.0,1.0,2.0,2.0,2.0,1.0,1.0,1.0,1.0,1.0,2.0,1.0,2.0,2.0,,,4.0,,,5.0,,15.0,,,2.0
pid_713,,2.0,1.0,,,,1.0,20.0,2.0,380.0,,,,80.0,2.0,,5.0,5.0,1.0,1.0,5.0,5.0,4.0,5.0,5.0,5.0,,5.0,,4.0,5.0,3.0,,,,,4.0,2.0,6.0,5.0,5.0,5.0,5.0,6.0,6.0,6.0,55.0,65.0,45.0,40.0,60.0,60.0,55.0,75.0,65.0,75.0,4.0,6.0,,1.0,1.0,1.0,1.0,1.0,1.0,1.0,1.0,1.0,1.0,,,,,,,1.0,1.0,1.0,2.0,2.0,2.0,1.0,2.0,2.0,1.0,2.0,2.0,1.0,2.0,1.0,2.0,2.0,2.0,2.0,2.0,1.0,2.0,2.0,1.0,2.0,2.0,2.0,2.0,1.0,1.0,1.0,2.0,1.0,1.0,2.0,2.0,2.0,2.0,2.0,2.0,,5.0,,,6.0,,,20.0,,,3.0
pid_714,,1.0,2.0,,,,1.0,54.0,,,1.0,379.0,,70.0,2.0,,4.0,5.0,1.0,1.0,5.0,5.0,4.0,5.0,5.0,5.0,2.0,,,,,,4.0,3.0,5.0,,4.0,1.0,7.0,3.0,5.0,5.0,3.0,5.0,6.0,6.0,60.0,58.0,38.0,42.0,65.0,68.0,55.0,72.0,68.0,82.0,4.0,7.0,,1.0,1.0,1.0,1.0,1.0,1.0,1.0,1.0,1.0,1.0,,,,,,,1.0,2.0,2.0,2.0,2.0,2.0,1.0,1.0,2.0,2.0,1.0,2.0,2.0,1.0,2.0,2.0,1.0,1.0,2.0,2.0,2.0,1.0,2.0,2.0,2.0,2.0,2.0,2.0,2.0,1.0,2.0,2.0,2.0,2.0,2.0,2.0,2.0,1.0,2.0,1.0,5.0,,,6.0,,,18.0,,,,3.0
pid_715,1.0,,1.0,,,,1.0,54.0,2.0,379.0,,,30.0,,2.0,,4.0,5.0,1.0,1.0,5.0,5.0,4.0,5.0,5.0,5.0,2.0,,,4.0,5.0,2.0,,,,6.0,,2.0,7.0,5.0,5.0,5.0,3.0,6.0,6.0,6.0,65.0,65.0,35.0,30.0,60.0,65.0,55.0,75.0,70.0,80.0,4.0,6.0,,,,,,,,,,,,1.0,1.0,1.0,1.0,1.0,1.0,1.0,1.0,1.0,2.0,2.0,2.0,2.0,2.0,2.0,2.0,2.0,2.0,2.0,2.0,1.0,2.0,1.0,2.0,1.0,1.0,1.0,2.0,1.0,2.0,2.0,2.0,1.0,1.0,1.0,1.0,2.0,2.0,2.0,1.0,1.0,1.0,1.0,2.0,1.0,2.0,5.0,,,6.0,,,18.0,,2.0,,
pid_716,1.0,,2.0,,,,1.0,54.0,,,1.0,380.0,,80.0,5.0,,4.0,4.0,2.0,2.0,5.0,4.0,4.0,5.0,5.0,5.0,,5.0,,5.0,4.0,3.0,,,,4.0,,1.0,6.0,5.0,5.0,5.0,3.0,6.0,6.0,6.0,65.0,55.0,45.0,40.0,60.0,60.0,50.0,70.0,65.0,75.0,4.0,6.0,,1.0,1.0,1.0,1.0,1.0,1.0,1.0,1.0,1.0,1.0,,,,,,,1.0,2.0,2.0,2.0,1.0,1.0,1.0,2.0,2.0,2.0,1.0,2.0,1.0,1.0,2.0,2.0,1.0,2.0,2.0,2.0,1.0,2.0,2.0,1.0,2.0,1.0,2.0,2.0,1.0,1.0,2.0,2.0,1.0,2.0,1.0,1.0,1.0,2.0,1.0,1.0,,5.0,,,6.0,,,8.0,3.0,,
pid_717,1.0,,1.0,,2.0,54.0,,,,,1.0,379.0,,75.0,,2.0,4.0,4.0,5.0,2.0,5.0,4.0,1.0,4.0,2.0,4.0,,5.0,,,,,4.0,5.0,5.0,6.0,,2.0,7.0,3.0,5.0,5.0,3.0,5.0,6.0,6.0,55.0,60.0,59.0,48.0,62.0,59.0,53.0,70.0,65.0,78.0,4.0,6.0,,1.0,1.0,1.0,1.0,1.0,1.0,1.0,1.0,1.0,1.0,,,,,,,2.0,2.0,1.0,2.0,2.0,2.0,2.0,2.0,2.0,2.0,1.0,2.0,2.0,2.0,2.0,1.0,1.0,2.0,2.0,2.0,2.0,2.0,1.0,1.0,2.0,1.0,2.0,1.0,1.0,1.0,1.0,2.0,1.0,2.0,1.0,1.0,1.0,2.0,2.0,2.0,,5.0,,,6.0,,18.0,,,9.0,
pid_718,,1.0,1.0,,2.0,54.0,,,,,1.0,380.0,40.0,,,2.0,4.0,5.0,2.0,1.0,5.0,5.0,4.0,5.0,5.0,5.0,1.0,,,4.0,5.0,3.0,,,,,4.0,1.0,6.0,3.0,5.0,3.0,5.0,6.0,6.0,6.0,55.0,55.0,45.0,38.0,60.0,58.0,52.0,68.0,64.0,75.0,4.0,,6.0,1.0,1.0,1.0,1.0,1.0,1.0,1.0,1.0,1.0,1.0,,,,,,,1.0,1.0,1.0,2.0,2.0,2.0,2.0,1.0,2.0,1.0,1.0,1.0,1.0,2.0,1.0,2.0,1.0,1.0,2.0,2.0,2.0,1.0,1.0,1.0,2.0,1.0,1.0,2.0,2.0,1.0,1.0,2.0,2.0,2.0,1.0,2.0,1.0,1.0,1.0,2.0,5.0,,,6.0,,,16.0,,,,4.0
pid_719,1.0,,1.0,,2.0,54.0,,,,,1.0,380.0,30.0,,,2.0,5.0,5.0,1.0,1.0,5.0,5.0,4.0,5.0,5.0,5.0,,5.0,,4.0,5.0,3.0,,,,,6.0,1.0,7.0,5.0,5.0,3.0,5.0,6.0,6.0,6.0,60.0,65.0,45.0,35.0,65.0,65.0,55.0,75.0,70.0,80.0,4.0,,7.0,,,,,,,,,,,1.0,1.0,1.0,1.0,1.0,1.0,2.0,1.0,2.0,2.0,1.0,2.0,2.0,2.0,2.0,2.0,2.0,2.0,2.0,2.0,2.0,1.0,1.0,1.0,2.0,2.0,2.0,2.0,2.0,1.0,2.0,2.0,2.0,2.0,1.0,2.0,2.0,2.0,2.0,2.0,2.0,1.0,2.0,2.0,2.0,1.0,,5.0,,,6.0,,18.0,,,9.0,
pid_720,,1.0,,2.0,2.0,54.0,,,2.0,380.0,,,40.0,,,2.0,1.0,1.0,5.0,4.0,1.0,1.0,1.0,2.0,1.0,2.0,,,5.0,5.0,5.0,3.0,,,,,3.0,2.0,7.0,3.0,2.0,2.0,5.0,5.0,6.0,6.0,55.0,65.0,60.0,45.0,45.0,50.0,45.0,65.0,60.0,75.0,4.0,,7.0,1.0,1.0,1.0,1.0,1.0,1.0,1.0,1.0,1.0,1.0,,,,,,,2.0,1.0,2.0,2.0,2.0,1.0,1.0,1.0,1.0,2.0,1.0,1.0,2.0,2.0,1.0,2.0,1.0,1.0,1.0,1.0,2.0,2.0,2.0,2.0,1.0,1.0,1.0,2.0,2.0,2.0,2.0,2.0,2.0,1.0,1.0,1.0,2.0,1.0,1.0,2.0,,,5.0,,,6.0,,20.0,1.0,,
pid_721,1.0,,2.0,,2.0,54.0,,,2.0,350.0,,,30.0,,3.0,,5.0,5.0,1.0,1.0,5.0,5.0,4.0,5.0,5.0,5.0,,,5.0,4.0,5.0,3.0,,,,6.0,,2.0,7.0,5.0,5.0,5.0,3.0,5.0,6.0,6.0,65.0,55.0,45.0,40.0,55.0,60.0,50.0,70.0,65.0,75.0,4.0,,6.0,,,,,,,,,,,1.0,1.0,1.0,1.0,1.0,1.0,2.0,1.0,2.0,2.0,2.0,2.0,1.0,2.0,2.0,1.0,1.0,2.0,1.0,2.0,2.0,2.0,2.0,2.0,1.0,2.0,2.0,2.0,2.0,1.0,2.0,2.0,2.0,2.0,1.0,2.0,2.0,1.0,2.0,2.0,2.0,2.0,2.0,1.0,2.0,2.0,,,5.0,,,6.0,,5.0,,,4.0
pid_722,,2.0,1.0,,,,1.0,54.0,,,1.0,379.0,30.0,,3.0,,4.0,5.0,2.0,1.0,5.0,5.0,4.0,5.0,5.0,5.0,2.0,,,,,,4.0,5.0,5.0,6.0,,1.0,7.0,5.0,5.0,5.0,5.0,5.0,6.0,6.0,65.0,70.0,45.0,35.0,68.0,72.0,52.0,70.0,68.0,82.0,4.0,6.0,,,,,,,,,,,,1.0,1.0,1.0,1.0,1.0,1.0,2.0,1.0,2.0,2.0,2.0,2.0,2.0,2.0,1.0,2.0,2.0,2.0,1.0,2.0,2.0,1.0,1.0,2.0,1.0,1.0,2.0,2.0,1.0,1.0,2.0,2.0,1.0,2.0,2.0,2.0,1.0,2.0,2.0,2.0,1.0,2.0,1.0,2.0,1.0,1.0,5.0,,,6.0,,,18.0,,,9.0,
pid_723,1.0,,2.0,,2.0,54.0,,,,,1.0,380.0,,70.0,2.0,,4.0,4.0,3.0,2.0,4.0,4.0,2.0,5.0,4.0,4.0,2.0,,,,,,3.0,4.0,5.0,,4.0,2.0,7.0,5.0,5.0,6.0,5.0,5.0,6.0,6.0,55.0,55.0,50.0,40.0,60.0,58.0,50.0,70.0,65.0,75.0,4.0,6.0,,,,,,,,,,,,1.0,1.0,1.0,1.0,1.0,1.0,2.0,2.0,2.0,1.0,1.0,1.0,1.0,2.0,2.0,2.0,1.0,2.0,2.0,1.0,2.0,2.0,2.0,2.0,2.0,2.0,2.0,2.0,1.0,1.0,2.0,1.0,2.0,1.0,2.0,1.0,2.0,1.0,2.0,1.0,2.0,2.0,2.0,1.0,1.0,1.0,4.0,,,5.0,,,,0.0,1.0,,
pid_724,1.0,,1.0,,2.0,54.0,,,2.0,380.0,,,30.0,,2.0,,4.0,4.0,4.0,2.0,4.0,4.0,2.0,4.0,4.0,4.0,,,5.0,4.0,5.0,3.0,,,,,4.0,2.0,7.0,5.0,5.0,5.0,5.0,5.0,6.0,6.0,55.0,58.0,54.0,42.0,58.0,60.0,48.0,66.0,64.0,73.0,4.0,,6.0,,,,,,,,,,,1.0,1.0,1.0,1.0,1.0,1.0,1.0,2.0,1.0,2.0,2.0,2.0,1.0,1.0,1.0,1.0,1.0,1.0,2.0,1.0,2.0,1.0,1.0,1.0,2.0,1.0,2.0,1.0,2.0,1.0,1.0,2.0,2.0,1.0,2.0,1.0,2.0,1.0,2.0,1.0,1.0,1.0,2.0,1.0,2.0,1.0,,,4.0,,,5.0,18.0,,,,3.0
pid_725,,1.0,1.0,,,,1.0,54.0,2.0,380.0,,,,70.0,3.0,,4.0,5.0,2.0,2.0,5.0,4.0,4.0,5.0,5.0,5.0,4.0,,,4.0,5.0,3.0,,,,,4.0,2.0,6.0,5.0,5.0,5.0,5.0,5.0,6.0,6.0,60.0,65.0,45.0,40.0,58.0,60.0,55.0,70.0,65.0,80.0,4.0,,7.0,1.0,1.0,1.0,1.0,1.0,1.0,1.0,1.0,1.0,1.0,,,,,,,2.0,1.0,2.0,2.0,1.0,2.0,2.0,2.0,1.0,1.0,2.0,2.0,2.0,2.0,2.0,2.0,1.0,2.0,1.0,2.0,2.0,2.0,1.0,2.0,2.0,1.0,1.0,2.0,1.0,1.0,1.0,2.0,2.0,1.0,1.0,2.0,2.0,1.0,2.0,1.0,4.0,,,6.0,,,16.0,,1.0,,
pid_726,1.0,,,2.0,2.0,45.0,,,,,1.0,379.0,30.0,,2.0,,2.0,5.0,5.0,2.0,4.0,2.0,1.0,4.0,2.0,4.0,,5.0,,5.0,3.0,2.0,,,,4.0,,1.0,6.0,5.0,5.0,5.0,5.0,6.0,6.0,6.0,55.0,60.0,55.0,45.0,65.0,60.0,45.0,65.0,65.0,75.0,4.0,6.0,,1.0,1.0,1.0,1.0,1.0,1.0,1.0,1.0,1.0,1.0,,,,,,,1.0,2.0,1.0,2.0,1.0,1.0,1.0,2.0,2.0,2.0,1.0,1.0,2.0,2.0,2.0,1.0,2.0,1.0,1.0,2.0,2.0,2.0,1.0,1.0,1.0,2.0,1.0,2.0,1.0,1.0,1.0,2.0,2.0,1.0,1.0,1.0,1.0,2.0,1.0,2.0,,5.0,,,6.0,,,5.0,3.0,,
pid_727,,1.0,1.0,,,,1.0,54.0,2.0,379.0,,,,70.0,,2.0,4.0,5.0,1.0,1.0,5.0,5.0,5.0,5.0,5.0,5.0,,5.0,,,,,4.0,4.0,3.0,,6.0,1.0,7.0,5.0,5.0,5.0,5.0,6.0,6.0,6.0,55.0,60.0,42.0,38.0,60.0,58.0,52.0,68.0,65.0,80.0,4.0,,6.0,,,,,,,,,,,1.0,1.0,1.0,1.0,1.0,1.0,1.0,1.0,2.0,1.0,2.0,2.0,1.0,1.0,2.0,1.0,2.0,2.0,1.0,1.0,1.0,2.0,1.0,1.0,2.0,2.0,2.0,1.0,2.0,2.0,2.0,1.0,2.0,2.0,2.0,2.0,1.0,2.0,2.0,2.0,2.0,2.0,1.0,1.0,2.0,2.0,,5.0,,,6.0,,,20.0,,9.0,
pid_728,1.0,,,2.0,,,1.0,54.0,2.0,380.0,,,30.0,,1.0,,4.0,5.0,2.0,2.0,4.0,4.0,2.0,5.0,4.0,4.0,,,5.0,4.0,5.0,,,,,6.0,,2.0,7.0,5.0,5.0,3.0,5.0,5.0,6.0,6.0,55.0,62.0,45.0,48.0,58.0,60.0,52.0,70.0,65.0,75.0,4.0,,6.0,,,,,,,,,,,1.0,1.0,1.0,1.0,1.0,1.0,2.0,1.0,1.0,2.0,2.0,2.0,2.0,2.0,2.0,2.0,2.0,2.0,2.0,2.0,1.0,2.0,2.0,1.0,2.0,1.0,2.0,1.0,1.0,1.0,2.0,2.0,2.0,2.0,1.0,2.0,2.0,1.0,1.0,2.0,1.0,2.0,2.0,2.0,2.0,1.0,,,5.0,,,6.0,18.0,,,9.0,
pid_729,1.0,,,2.0,,,1.0,54.0,2.0,380.0,,,30.0,,,4.0,4.0,5.0,1.0,1.0,5.0,5.0,4.0,5.0,5.0,5.0,,5.0,,4.0,3.0,2.0,,,,4.0,,1.0,6.0,5.0,5.0,5.0,3.0,6.0,6.0,6.0,55.0,60.0,45.0,35.0,60.0,65.0,50.0,70.0,65.0,75.0,4.0,,6.0,1.0,1.0,1.0,1.0,1.0,1.0,1.0,1.0,1.0,1.0,,,,,,,1.0,1.0,2.0,1.0,1.0,1.0,2.0,2.0,1.0,1.0,2.0,1.0,2.0,1.0,2.0,1.0,2.0,2.0,1.0,1.0,2.0,2.0,1.0,1.0,2.0,1.0,1.0,2.0,2.0,1.0,1.0,1.0,2.0,2.0,1.0,2.0,1.0,1.0,2.0,2.0,,5.0,,,6.0,,,20.0,,9.0,
pid_730,1.0,,,2.0,2.0,54.0,,,,,1.0,380.0,30.0,,3.0,,4.0,5.0,1.0,1.0,5.0,5.0,4.0,5.0,5.0,5.0,,,5.0,,,,4.0,3.0,5.0,6.0,,2.0,7.0,5.0,6.0,5.0,5.0,6.0,6.0,6.0,65.0,55.0,45.0,40.0,60.0,65.0,55.0,70.0,65.0,75.0,4.0,6.0,,1.0,1.0,1.0,1.0,1.0,1.0,1.0,1.0,1.0,1.0,,,,,,,1.0,1.0,1.0,1.0,2.0,1.0,1.0,1.0,2.0,2.0,2.0,2.0,2.0,1.0,1.0,1.0,2.0,1.0,1.0,2.0,1.0,1.0,1.0,2.0,2.0,2.0,1.0,1.0,2.0,2.0,2.0,2.0,1.0,2.0,2.0,1.0,2.0,2.0,2.0,2.0,,,5.0,,,6.0,18.0,,,,4.0
pid_731,,1.0,,2.0,,,1.0,54.0,2.0,380.0,,,30.0,,,1.0,5.0,5.0,1.0,1.0,5.0,5.0,4.0,5.0,5.0,5.0,1.0,,,4.0,5.0,,,,,,4.0,2.0,7.0,3.0,5.0,5.0,6.0,6.0,6.0,6.0,60.0,60.0,35.0,40.0,65.0,60.0,55.0,70.0,65.0,75.0,4.0,,7.0,,,,,,,,,,,1.0,1.0,1.0,1.0,1.0,1.0,1.0,1.0,1.0,2.0,1.0,1.0,2.0,1.0,1.0,2.0,1.0,2.0,1.0,2.0,2.0,2.0,1.0,2.0,2.0,2.0,2.0,1.0,1.0,1.0,1.0,2.0,2.0,2.0,2.0,2.0,1.0,2.0,1.0,1.0,1.0,1.0,1.0,2.0,2.0,1.0,5.0,,,6.0,,,18.0,,,,4.0
pid_732,,1.0,,2.0,2.0,54.0,,,,,1.0,380.0,30.0,,2.0,,5.0,5.0,1.0,1.0,5.0,5.0,4.0,5.0,5.0,5.0,,5.0,,4.0,3.0,4.0,,,,,4.0,1.0,6.0,3.0,5.0,5.0,5.0,5.0,6.0,6.0,60.0,60.0,45.0,35.0,55.0,65.0,50.0,75.0,70.0,80.0,4.0,,6.0,1.0,1.0,1.0,1.0,1.0,1.0,1.0,1.0,1.0,1.0,,,,,,,2.0,2.0,2.0,2.0,2.0,2.0,2.0,2.0,1.0,1.0,1.0,1.0,2.0,1.0,1.0,2.0,2.0,1.0,2.0,1.0,2.0,2.0,1.0,2.0,2.0,2.0,2.0,1.0,2.0,2.0,2.0,2.0,2.0,2.0,1.0,1.0,1.0,2.0,2.0,1.0,,5.0,,,6.0,,,20.0,,9.0,
pid_733,1.0,,1.0,,,,1.0,54.0,2.0,380.0,,,,70.0,2.0,,4.0,5.0,1.0,1.0,5.0,5.0,4.0,5.0,5.0,5.0,,,5.0,,,,3.0,5.0,5.0,,4.0,2.0,7.0,5.0,5.0,5.0,5.0,5.0,6.0,6.0,60.0,60.0,45.0,35.0,55.0,60.0,55.0,75.0,65.0,75.0,4.0,6.0,,,,,,,,,,,,1.0,1.0,1.0,1.0,1.0,1.0,1.0,2.0,2.0,2.0,2.0,1.0,1.0,2.0,2.0,1.0,2.0,1.0,2.0,1.0,2.0,2.0,2.0,2.0,2.0,2.0,2.0,2.0,2.0,2.0,1.0,2.0,2.0,2.0,2.0,1.0,1.0,1.0,1.0,2.0,2.0,2.0,2.0,2.0,1.0,2.0,,,5.0,,,6.0,18.0,,2.0,,
pid_734,1.0,,,2.0,2.0,54.0,,,2.0,379.0,,,30.0,,,2.0,4.0,5.0,1.0,1.0,5.0,5.0,4.0,5.0,5.0,5.0,,,4.0,,,,4.0,3.0,3.0,,4.0,1.0,6.0,5.0,5.0,5.0,5.0,5.0,6.0,6.0,55.0,60.0,45.0,35.0,62.0,61.0,55.0,70.0,65.0,75.0,4.0,,6.0,,,,,,,,,,,1.0,1.0,1.0,1.0,1.0,1.0,2.0,1.0,1.0,2.0,2.0,2.0,2.0,2.0,2.0,2.0,2.0,2.0,1.0,1.0,2.0,2.0,2.0,2.0,2.0,2.0,2.0,2.0,2.0,1.0,2.0,2.0,2.0,1.0,2.0,1.0,2.0,1.0,1.0,2.0,2.0,2.0,2.0,2.0,2.0,2.0,,,5.0,,,6.0,,4.0,,9.0,
pid_735,,1.0,,2.0,2.0,54.0,,,2.0,380.0,,,,85.0,,3.0,5.0,5.0,1.0,1.0,5.0,5.0,5.0,5.0,5.0,5.0,,5.0,,4.0,5.0,3.0,,,,,4.0,2.0,7.0,5.0,5.0,3.0,3.0,5.0,6.0,6.0,55.0,60.0,45.0,35.0,60.0,65.0,55.0,75.0,70.0,80.0,4.0,6.0,,1.0,1.0,1.0,1.0,1.0,1.0,1.0,1.0,1.0,1.0,,,,,,,2.0,1.0,2.0,2.0,1.0,1.0,2.0,2.0,1.0,2.0,1.0,2.0,2.0,2.0,2.0,1.0,2.0,2.0,2.0,1.0,2.0,2.0,2.0,1.0,2.0,2.0,2.0,2.0,2.0,2.0,2.0,2.0,1.0,1.0,2.0,1.0,1.0,2.0,2.0,2.0,,5.0,,,6.0,,,20.0,2.0,,
pid_736,,1.0,,2.0,2.0,54.0,,,2.0,380.0,,,,70.0,,2.0,4.0,5.0,1.0,1.0,5.0,5.0,4.0,5.0,5.0,5.0,,,4.0,,,,4.0,5.0,5.0,,4.0,1.0,6.0,5.0,5.0,6.0,5.0,5.0,6.0,6.0,65.0,60.0,45.0,35.0,60.0,65.0,55.0,75.0,70.0,80.0,4.0,,6.0,1.0,1.0,1.0,1.0,1.0,1.0,1.0,1.0,1.0,1.0,,,,,,,1.0,2.0,2.0,1.0,2.0,1.0,2.0,1.0,1.0,1.0,2.0,2.0,1.0,2.0,2.0,2.0,1.0,2.0,2.0,2.0,1.0,2.0,1.0,2.0,2.0,1.0,2.0,1.0,1.0,1.0,2.0,1.0,1.0,2.0,2.0,2.0,1.0,1.0,2.0,2.0,,,5.0,,,6.0,20.0,,,,3.0
pid_737,1.0,,,2.0,,,1.0,54.0,2.0,380.0,,,,70.0,3.0,,4.0,5.0,1.0,1.0,5.0,5.0,4.0,5.0,5.0,5.0,1.0,,,4.0,5.0,3.0,,,,,4.0,2.0,7.0,3.0,5.0,5.0,5.0,5.0,6.0,6.0,52.0,63.0,38.0,35.0,55.0,58.0,54.0,67.0,65.0,75.0,4.0,,7.0,1.0,1.0,1.0,1.0,1.0,1.0,1.0,1.0,1.0,1.0,,,,,,,2.0,1.0,2.0,2.0,1.0,2.0,1.0,2.0,2.0,2.0,1.0,2.0,2.0,2.0,2.0,2.0,2.0,1.0,1.0,2.0,2.0,2.0,2.0,2.0,2.0,1.0,1.0,1.0,1.0,2.0,2.0,1.0,2.0,1.0,2.0,1.0,2.0,1.0,2.0,2.0,4.0,,,5.0,,,,6.0,1.0,,
pid_738,1.0,,2.0,,2.0,54.0,,,2.0,350.0,,,30.0,,2.0,,5.0,5.0,1.0,1.0,5.0,5.0,5.0,5.0,5.0,5.0,,,5.0,4.0,5.0,2.0,,,,6.0,,2.0,7.0,5.0,5.0,5.0,5.0,6.0,6.0,5.0,55.0,60.0,40.0,45.0,60.0,65.0,55.0,70.0,65.0,75.0,4.0,6.0,,1.0,1.0,1.0,1.0,1.0,1.0,1.0,1.0,1.0,1.0,,,,,,,1.0,1.0,2.0,1.0,2.0,2.0,2.0,1.0,2.0,1.0,2.0,2.0,1.0,1.0,1.0,2.0,2.0,2.0,2.0,2.0,2.0,1.0,2.0,1.0,2.0,1.0,1.0,2.0,1.0,2.0,2.0,2.0,2.0,2.0,2.0,2.0,2.0,1.0,1.0,2.0,,,5.0,,,6.0,18.0,,,,4.0
pid_739,,1.0,1.0,,2.0,54.0,,,,,1.0,380.0,,70.0,2.0,,5.0,5.0,1.0,1.0,5.0,5.0,4.0,5.0,5.0,5.0,,,5.0,4.0,5.0,3.0,,,,6.0,,2.0,6.0,5.0,5.0,5.0,5.0,5.0,6.0,6.0,60.0,60.0,45.0,40.0,58.0,60.0,55.0,70.0,65.0,75.0,4.0,6.0,,1.0,1.0,1.0,1.0,1.0,1.0,1.0,1.0,1.0,1.0,,,,,,,1.0,2.0,2.0,2.0,1.0,2.0,2.0,2.0,2.0,2.0,1.0,1.0,2.0,1.0,1.0,2.0,2.0,1.0,2.0,2.0,2.0,1.0,2.0,2.0,1.0,2.0,2.0,2.0,1.0,2.0,1.0,2.0,2.0,2.0,2.0,1.0,1.0,2.0,2.0,2.0,,,5.0,,,6.0,,0.0,,9.0,
pid_740,,2.0,1.0,,,,1.0,54.0,,,1.0,380.0,,70.0,,1.0,5.0,5.0,1.0,1.0,5.0,5.0,4.0,5.0,5.0,5.0,,,5.0,3.0,5.0,2.0,,,,6.0,,1.0,7.0,3.0,5.0,5.0,5.0,6.0,6.0,6.0,55.0,60.0,35.0,40.0,60.0,65.0,55.0,75.0,65.0,80.0,4.0,,7.0,1.0,1.0,1.0,1.0,1.0,1.0,1.0,1.0,1.0,1.0,,,,,,,1.0,2.0,2.0,1.0,2.0,1.0,2.0,1.0,2.0,1.0,2.0,1.0,1.0,2.0,1.0,2.0,1.0,1.0,1.0,2.0,2.0,1.0,2.0,2.0,2.0,2.0,1.0,2.0,2.0,1.0,2.0,2.0,2.0,2.0,2.0,2.0,2.0,2.0,1.0,2.0,,,5.0,,,6.0,,20.0,,10.0,
pid_741,1.0,,2.0,,,,1.0,54.0,,,1.0,380.0,,75.0,3.0,,4.0,4.0,4.0,3.0,4.0,4.0,2.0,4.0,4.0,4.0,4.0,,,4.0,5.0,3.0,,,,6.0,,1.0,6.0,5.0,5.0,5.0,2.0,5.0,6.0,6.0,60.0,60.0,55.0,45.0,65.0,60.0,45.0,65.0,65.0,75.0,4.0,,6.0,1.0,1.0,1.0,1.0,1.0,1.0,1.0,1.0,1.0,1.0,,,,,,,1.0,1.0,1.0,1.0,2.0,2.0,2.0,1.0,1.0,1.0,2.0,2.0,1.0,2.0,2.0,2.0,2.0,1.0,1.0,1.0,1.0,1.0,1.0,2.0,1.0,2.0,1.0,1.0,2.0,1.0,2.0,1.0,1.0,2.0,2.0,2.0,1.0,2.0,2.0,2.0,4.0,,,6.0,,,,8.0,,6.0,
pid_742,,1.0,1.0,,2.0,54.0,,,2.0,380.0,,,30.0,,,3.0,4.0,5.0,1.0,1.0,5.0,5.0,4.0,5.0,5.0,5.0,,,5.0,,,,4.0,4.0,5.0,6.0,,2.0,7.0,5.0,5.0,5.0,5.0,5.0,6.0,6.0,65.0,58.0,42.0,43.0,61.0,64.0,55.0,74.0,67.0,79.0,4.0,,7.0,,,,,,,,,,,1.0,1.0,1.0,1.0,1.0,1.0,2.0,2.0,2.0,1.0,2.0,2.0,2.0,2.0,2.0,2.0,2.0,2.0,2.0,1.0,2.0,1.0,2.0,1.0,1.0,2.0,1.0,2.0,1.0,2.0,2.0,1.0,1.0,2.0,1.0,2.0,2.0,1.0,1.0,2.0,1.0,2.0,2.0,2.0,1.0,1.0,,,5.0,,,6.0,16.0,,2.0,,
pid_743,,1.0,,2.0,,,1.0,54.0,2.0,379.0,,,30.0,,,3.0,2.0,1.0,5.0,4.0,4.0,4.0,1.0,3.0,2.0,4.0,,5.0,,4.0,3.0,2.0,,,,4.0,,1.0,6.0,3.0,5.0,5.0,5.0,5.0,6.0,6.0,55.0,65.0,55.0,45.0,60.0,65.0,55.0,70.0,65.0,75.0,4.0,,7.0,,,,,,,,,,,1.0,1.0,1.0,1.0,1.0,1.0,2.0,1.0,2.0,1.0,2.0,2.0,1.0,1.0,2.0,2.0,1.0,2.0,2.0,2.0,2.0,1.0,1.0,2.0,2.0,1.0,1.0,1.0,1.0,2.0,2.0,1.0,2.0,2.0,2.0,2.0,2.0,2.0,1.0,2.0,1.0,1.0,1.0,1.0,1.0,1.0,,5.0,,,6.0,,16.0,,,9.0,
pid_744,1.0,,,2.0,,,1.0,54.0,2.0,370.0,,,,85.0,,6.0,2.0,1.0,5.0,5.0,2.0,1.0,1.0,2.0,1.0,2.0,,5.0,,4.0,5.0,,,,,6.0,,1.0,6.0,5.0,5.0,5.0,3.0,5.0,6.0,6.0,55.0,60.0,65.0,55.0,60.0,55.0,50.0,70.0,65.0,75.0,4.0,6.0,,1.0,1.0,1.0,1.0,1.0,1.0,1.0,1.0,1.0,1.0,,,,,,,1.0,1.0,1.0,1.0,1.0,2.0,1.0,1.0,2.0,2.0,2.0,1.0,2.0,1.0,1.0,2.0,2.0,1.0,1.0,2.0,2.0,1.0,1.0,1.0,2.0,2.0,1.0,2.0,1.0,1.0,1.0,2.0,2.0,1.0,2.0,1.0,2.0,2.0,2.0,2.0,,5.0,,,6.0,,16.0,,,9.0,
pid_745,,1.0,2.0,,2.0,54.0,,,,,1.0,379.0,40.0,,,2.0,2.0,1.0,5.0,4.0,4.0,2.0,1.0,4.0,2.0,4.0,2.0,,,4.0,5.0,3.0,,,,4.0,,2.0,7.0,5.0,5.0,5.0,5.0,6.0,6.0,6.0,60.0,60.0,55.0,52.0,63.0,58.0,45.0,70.0,65.0,78.0,4.0,,7.0,1.0,1.0,1.0,1.0,1.0,1.0,1.0,1.0,1.0,1.0,,,,,,,2.0,1.0,2.0,2.0,1.0,1.0,2.0,1.0,2.0,2.0,1.0,1.0,1.0,2.0,1.0,1.0,1.0,1.0,2.0,2.0,1.0,2.0,1.0,1.0,1.0,2.0,2.0,1.0,1.0,1.0,2.0,1.0,1.0,2.0,2.0,2.0,1.0,1.0,2.0,1.0,4.0,,,6.0,,,18.0,,,,4.0
pid_746,1.0,,,2.0,2.0,54.0,,,,,1.0,379.0,40.0,,3.0,,4.0,5.0,1.0,1.0,5.0,5.0,4.0,5.0,5.0,5.0,,5.0,,,,,4.0,5.0,5.0,6.0,,2.0,6.0,5.0,5.0,5.0,3.0,5.0,6.0,6.0,60.0,65.0,40.0,35.0,55.0,58.0,55.0,75.0,70.0,80.0,4.0,6.0,,,,,,,,,,,,1.0,1.0,1.0,1.0,1.0,1.0,2.0,1.0,1.0,1.0,2.0,2.0,1.0,1.0,2.0,2.0,1.0,1.0,2.0,1.0,2.0,2.0,1.0,1.0,1.0,1.0,1.0,2.0,2.0,2.0,2.0,2.0,1.0,1.0,2.0,2.0,1.0,2.0,1.0,2.0,2.0,2.0,1.0,2.0,1.0,1.0,,5.0,,,6.0,,,4.0,,9.0,
pid_747,1.0,,1.0,,2.0,54.0,,,,,1.0,380.0,,85.0,3.0,,4.0,5.0,1.0,1.0,5.0,5.0,4.0,5.0,5.0,5.0,2.0,,,4.0,5.0,3.0,,,,,4.0,2.0,6.0,5.0,3.0,3.0,3.0,5.0,6.0,6.0,55.0,60.0,40.0,35.0,60.0,65.0,50.0,70.0,65.0,75.0,4.0,7.0,,1.0,1.0,1.0,1.0,1.0,1.0,1.0,1.0,1.0,1.0,,,,,,,2.0,2.0,2.0,1.0,1.0,1.0,2.0,1.0,1.0,2.0,2.0,1.0,1.0,1.0,1.0,1.0,2.0,1.0,1.0,1.0,1.0,1.0,1.0,1.0,1.0,1.0,1.0,1.0,2.0,2.0,1.0,1.0,2.0,2.0,1.0,1.0,1.0,2.0,2.0,1.0,5.0,,,6.0,,,18.0,,,9.0,
pid_748,1.0,,,2.0,,,1.0,54.0,2.0,350.0,,,30.0,,1.0,,4.0,5.0,1.0,1.0,5.0,5.0,4.0,5.0,5.0,5.0,,,5.0,,,,4.0,3.0,5.0,,4.0,1.0,6.0,5.0,5.0,5.0,5.0,6.0,7.0,6.0,55.0,60.0,45.0,40.0,60.0,65.0,55.0,70.0,65.0,75.0,4.0,6.0,,,,,,,,,,,,1.0,1.0,1.0,1.0,1.0,1.0,1.0,1.0,2.0,2.0,2.0,1.0,2.0,2.0,1.0,2.0,2.0,2.0,2.0,1.0,1.0,2.0,2.0,2.0,1.0,2.0,1.0,2.0,2.0,2.0,2.0,2.0,1.0,2.0,1.0,1.0,2.0,2.0,2.0,1.0,1.0,2.0,2.0,2.0,2.0,2.0,,,5.0,,,6.0,,20.0,,9.0,
pid_749,,1.0,,1.0,2.0,60.0,,,2.0,500.0,,,35.0,,2.0,,4.0,1.0,5.0,4.0,4.0,4.0,1.0,2.0,2.0,4.0,1.0,,,,,,4.0,5.0,5.0,,4.0,1.0,6.0,3.0,5.0,5.0,5.0,6.0,6.0,6.0,55.0,55.0,65.0,50.0,60.0,60.0,45.0,65.0,55.0,75.0,4.0,,7.0,1.0,1.0,1.0,1.0,1.0,1.0,1.0,1.0,1.0,1.0,,,,,,,1.0,2.0,2.0,2.0,2.0,2.0,2.0,2.0,2.0,1.0,1.0,2.0,1.0,2.0,1.0,1.0,1.0,2.0,2.0,2.0,1.0,1.0,1.0,1.0,2.0,1.0,2.0,1.0,2.0,2.0,1.0,1.0,1.0,2.0,2.0,1.0,1.0,1.0,1.0,2.0,5.0,,,6.0,,,,0.0,,9.0,
pid_750,,1.0,,2.0,,,1.0,25.0,2.0,380.0,,,30.0,,,3.0,4.0,5.0,1.0,1.0,5.0,5.0,4.0,5.0,5.0,5.0,,,5.0,,,,4.0,5.0,5.0,,4.0,2.0,7.0,5.0,5.0,5.0,5.0,6.0,6.0,6.0,55.0,55.0,40.0,35.0,60.0,65.0,55.0,70.0,65.0,75.0,4.0,,6.0,1.0,1.0,1.0,1.0,1.0,1.0,1.0,1.0,1.0,1.0,,,,,,,1.0,1.0,2.0,1.0,1.0,2.0,2.0,2.0,1.0,2.0,2.0,2.0,1.0,2.0,1.0,1.0,1.0,1.0,1.0,1.0,2.0,2.0,1.0,2.0,2.0,2.0,2.0,2.0,2.0,2.0,1.0,1.0,2.0,2.0,2.0,2.0,1.0,1.0,2.0,1.0,,,5.0,,,6.0,,10.0,,,6.0
pid_751,,1.0,1.0,,2.0,54.0,,,,,1.0,380.0,30.0,,3.0,,4.0,5.0,1.0,1.0,5.0,5.0,4.0,5.0,5.0,5.0,,5.0,,5.0,5.0,3.0,,,,6.0,,1.0,7.0,5.0,5.0,5.0,3.0,5.0,6.0,6.0,55.0,65.0,45.0,40.0,60.0,65.0,55.0,75.0,70.0,80.0,4.0,6.0,,,,,,,,,,,,1.0,1.0,1.0,1.0,1.0,1.0,1.0,1.0,1.0,1.0,2.0,1.0,2.0,2.0,1.0,1.0,2.0,2.0,1.0,2.0,2.0,1.0,1.0,2.0,2.0,2.0,1.0,2.0,2.0,2.0,2.0,2.0,1.0,1.0,1.0,2.0,1.0,2.0,2.0,2.0,2.0,1.0,2.0,1.0,2.0,2.0,,5.0,,,6.0,,,20.0,,,4.0
pid_752,,1.0,1.0,,2.0,54.0,,,,,1.0,380.0,35.0,,,3.0,5.0,5.0,1.0,1.0,5.0,5.0,5.0,5.0,5.0,5.0,2.0,,,5.0,5.0,3.0,,,,,4.0,2.0,6.0,3.0,3.0,5.0,5.0,6.0,6.0,6.0,55.0,60.0,40.0,35.0,60.0,55.0,50.0,70.0,65.0,75.0,4.0,6.0,,,,,,,,,,,,1.0,1.0,1.0,1.0,1.0,1.0,2.0,2.0,1.0,2.0,2.0,2.0,2.0,2.0,2.0,2.0,2.0,2.0,1.0,2.0,2.0,2.0,2.0,1.0,2.0,2.0,1.0,2.0,1.0,2.0,2.0,1.0,2.0,1.0,1.0,1.0,2.0,2.0,2.0,2.0,1.0,1.0,2.0,2.0,1.0,1.0,4.0,,,5.0,,,15.0,,,,3.0
pid_753,1.0,,1.0,,2.0,54.0,,,,,1.0,379.0,,70.0,,2.0,4.0,4.0,2.0,2.0,4.0,4.0,2.0,5.0,4.0,5.0,,5.0,,,,,4.0,3.0,5.0,4.0,,2.0,6.0,5.0,5.0,3.0,5.0,5.0,6.0,6.0,55.0,63.0,48.0,39.0,58.0,60.0,52.0,67.0,64.0,76.0,4.0,6.0,,1.0,1.0,1.0,1.0,1.0,1.0,1.0,1.0,1.0,1.0,,,,,,,1.0,1.0,1.0,1.0,2.0,1.0,1.0,1.0,1.0,2.0,1.0,2.0,2.0,1.0,1.0,1.0,1.0,1.0,1.0,1.0,2.0,2.0,1.0,2.0,1.0,2.0,1.0,1.0,1.0,1.0,2.0,2.0,2.0,2.0,1.0,2.0,2.0,1.0,2.0,1.0,,4.0,,,6.0,,17.0,,,,3.0
pid_754,,1.0,,2.0,2.0,54.0,,,2.0,380.0,,,30.0,,,2.0,5.0,5.0,1.0,1.0,5.0,5.0,4.0,5.0,5.0,5.0,,5.0,,4.0,5.0,3.0,,,,6.0,,2.0,7.0,3.0,5.0,5.0,3.0,5.0,6.0,6.0,60.0,55.0,45.0,35.0,65.0,65.0,55.0,75.0,70.0,80.0,4.0,6.0,,1.0,1.0,1.0,1.0,1.0,1.0,1.0,1.0,1.0,1.0,,,,,,,2.0,2.0,1.0,2.0,1.0,1.0,2.0,2.0,2.0,2.0,1.0,1.0,2.0,1.0,2.0,2.0,2.0,1.0,1.0,1.0,2.0,2.0,2.0,1.0,2.0,2.0,1.0,1.0,2.0,2.0,1.0,1.0,1.0,2.0,2.0,1.0,2.0,2.0,1.0,2.0,,5.0,,,6.0,,16.0,,,,4.0
pid_755,,1.0,,2.0,,,1.0,54.0,,,1.0,380.0,30.0,,1.0,,4.0,5.0,1.0,1.0,5.0,5.0,4.0,5.0,5.0,5.0,,5.0,,,,,4.0,5.0,5.0,4.0,,1.0,6.0,3.0,5.0,5.0,5.0,5.0,6.0,6.0,60.0,65.0,35.0,35.0,65.0,65.0,55.0,75.0,70.0,80.0,4.0,6.0,,,,,,,,,,,,1.0,1.0,1.0,1.0,1.0,1.0,2.0,1.0,2.0,1.0,2.0,2.0,1.0,2.0,2.0,1.0,1.0,2.0,1.0,2.0,1.0,2.0,2.0,2.0,2.0,1.0,2.0,1.0,2.0,2.0,2.0,1.0,1.0,1.0,2.0,2.0,1.0,1.0,2.0,1.0,1.0,1.0,2.0,2.0,2.0,2.0,,5.0,,,6.0,,18.0,,3.0,,
pid_756,,2.0,1.0,,2.0,54.0,,,2.0,350.0,,,40.0,,,2.0,2.0,4.0,5.0,4.0,3.0,2.0,1.0,2.0,1.0,4.0,,5.0,,,,,3.0,4.0,5.0,,5.0,1.0,6.0,5.0,5.0,5.0,5.0,6.0,6.0,6.0,45.0,60.0,55.0,45.0,50.0,55.0,45.0,65.0,65.0,75.0,4.0,,7.0,,,,,,,,,,,1.0,1.0,1.0,1.0,1.0,1.0,1.0,1.0,1.0,1.0,2.0,1.0,2.0,2.0,2.0,1.0,1.0,1.0,1.0,1.0,1.0,2.0,2.0,1.0,2.0,1.0,2.0,1.0,2.0,2.0,2.0,2.0,2.0,2.0,2.0,2.0,2.0,2.0,2.0,1.0,2.0,2.0,1.0,1.0,2.0,1.0,,5.0,,,5.0,,16.0,,,8.0,
pid_757,1.0,,,2.0,,,1.0,54.0,2.0,380.0,,,30.0,,2.0,,5.0,5.0,1.0,1.0,5.0,5.0,4.0,5.0,5.0,5.0,,,5.0,4.0,5.0,3.0,,,,6.0,,2.0,7.0,3.0,5.0,5.0,3.0,5.0,6.0,6.0,55.0,55.0,50.0,40.0,60.0,65.0,50.0,70.0,65.0,75.0,4.0,6.0,,1.0,1.0,1.0,1.0,1.0,1.0,1.0,1.0,1.0,1.0,,,,,,,2.0,2.0,2.0,2.0,2.0,2.0,1.0,2.0,1.0,1.0,2.0,2.0,2.0,1.0,2.0,1.0,2.0,1.0,2.0,2.0,2.0,2.0,2.0,2.0,1.0,2.0,1.0,1.0,1.0,1.0,1.0,2.0,1.0,2.0,2.0,1.0,2.0,2.0,2.0,2.0,,,4.0,,,6.0,18.0,,,6.0,
pid_758,1.0,,1.0,,2.0,54.0,,,,,1.0,380.0,,80.0,2.0,,4.0,5.0,2.0,2.0,5.0,5.0,4.0,5.0,4.0,5.0,,4.0,,3.0,5.0,,,,,,4.0,2.0,7.0,5.0,5.0,5.0,3.0,6.0,6.0,6.0,55.0,65.0,45.0,35.0,60.0,60.0,45.0,65.0,65.0,80.0,4.0,6.0,,1.0,1.0,1.0,1.0,1.0,1.0,1.0,1.0,1.0,1.0,,,,,,,2.0,2.0,1.0,2.0,1.0,1.0,2.0,1.0,2.0,1.0,1.0,1.0,1.0,2.0,2.0,2.0,2.0,1.0,2.0,1.0,1.0,2.0,2.0,2.0,2.0,1.0,2.0,2.0,1.0,2.0,2.0,1.0,2.0,2.0,2.0,1.0,2.0,2.0,2.0,2.0,,5.0,,,5.0,,,18.0,,,3.0
pid_759,,2.0,,2.0,2.0,54.0,,,,,1.0,120.0,,85.0,,4.0,5.0,5.0,1.0,1.0,5.0,5.0,5.0,5.0,5.0,5.0,,5.0,,,,,4.0,5.0,5.0,,6.0,1.0,7.0,3.0,5.0,5.0,5.0,6.0,6.0,6.0,55.0,65.0,35.0,40.0,60.0,65.0,55.0,75.0,70.0,80.0,4.0,,7.0,,,,,,,,,,,1.0,1.0,1.0,1.0,1.0,1.0,1.0,1.0,1.0,1.0,2.0,1.0,2.0,1.0,1.0,1.0,1.0,2.0,2.0,1.0,2.0,2.0,1.0,2.0,2.0,2.0,1.0,2.0,1.0,1.0,2.0,2.0,1.0,2.0,2.0,1.0,1.0,1.0,1.0,1.0,2.0,1.0,2.0,2.0,1.0,2.0,,5.0,,,6.0,,18.0,,2.0,,
pid_760,1.0,,1.0,,2.0,54.0,,,,,1.0,350.0,45.0,,2.0,,4.0,4.0,4.0,2.0,4.0,4.0,2.0,5.0,4.0,4.0,,5.0,,,,,4.0,3.0,2.0,4.0,,1.0,7.0,5.0,4.0,5.0,5.0,5.0,6.0,6.0,55.0,65.0,55.0,45.0,60.0,65.0,50.0,70.0,65.0,75.0,4.0,6.0,,1.0,1.0,1.0,1.0,1.0,1.0,1.0,1.0,1.0,1.0,,,,,,,2.0,1.0,1.0,1.0,1.0,1.0,1.0,1.0,1.0,2.0,1.0,1.0,2.0,2.0,1.0,2.0,1.0,1.0,2.0,1.0,2.0,1.0,2.0,2.0,2.0,1.0,1.0,2.0,1.0,2.0,1.0,1.0,1.0,2.0,2.0,2.0,1.0,2.0,1.0,1.0,,5.0,,,6.0,,,15.0,2.0,,
pid_761,1.0,,,2.0,2.0,54.0,,,2.0,380.0,,,,70.0,1.0,,5.0,5.0,1.0,1.0,5.0,5.0,4.0,5.0,5.0,5.0,,,5.0,,,,4.0,4.0,5.0,,4.0,1.0,6.0,5.0,5.0,5.0,5.0,6.0,6.0,6.0,60.0,65.0,45.0,40.0,55.0,65.0,55.0,75.0,70.0,80.0,4.0,,7.0,,,,,,,,,,,1.0,1.0,1.0,1.0,1.0,1.0,1.0,2.0,1.0,2.0,1.0,1.0,1.0,2.0,1.0,1.0,1.0,1.0,2.0,1.0,2.0,2.0,2.0,1.0,1.0,2.0,2.0,2.0,1.0,2.0,1.0,2.0,1.0,1.0,2.0,1.0,1.0,2.0,1.0,2.0,1.0,2.0,1.0,2.0,2.0,1.0,,,5.0,,,6.0,,0.0,2.0,,
pid_762,,2.0,,2.0,,,1.0,54.0,,,1.0,300.0,,70.0,2.0,,4.0,5.0,2.0,1.0,5.0,5.0,4.0,5.0,5.0,5.0,,,5.0,,,,4.0,4.0,5.0,6.0,,1.0,6.0,5.0,5.0,5.0,5.0,6.0,6.0,6.0,55.0,60.0,45.0,40.0,60.0,60.0,55.0,75.0,65.0,75.0,4.0,6.0,,1.0,1.0,1.0,1.0,1.0,1.0,1.0,1.0,1.0,1.0,,,,,,,1.0,2.0,1.0,1.0,1.0,1.0,2.0,1.0,1.0,2.0,1.0,1.0,1.0,1.0,2.0,2.0,1.0,2.0,2.0,1.0,2.0,2.0,1.0,1.0,2.0,1.0,2.0,2.0,1.0,1.0,1.0,1.0,2.0,1.0,1.0,1.0,1.0,2.0,1.0,2.0,,,5.0,,,6.0,,4.0,,,4.0
pid_763,,2.0,,2.0,,,1.0,54.0,,,1.0,380.0,,70.0,1.0,,4.0,5.0,1.0,1.0,5.0,5.0,4.0,5.0,5.0,5.0,,,5.0,5.0,5.0,2.0,,,,,4.0,1.0,7.0,5.0,5.0,5.0,3.0,5.0,6.0,6.0,60.0,60.0,45.0,40.0,65.0,65.0,55.0,75.0,70.0,75.0,4.0,,6.0,,,,,,,,,,,1.0,1.0,1.0,1.0,1.0,1.0,2.0,1.0,2.0,1.0,1.0,2.0,2.0,1.0,1.0,2.0,1.0,2.0,1.0,2.0,2.0,2.0,2.0,2.0,1.0,1.0,1.0,2.0,2.0,1.0,1.0,1.0,2.0,1.0,2.0,1.0,1.0,2.0,1.0,1.0,1.0,1.0,1.0,1.0,2.0,1.0,,,5.0,,,6.0,18.0,,,,3.0
pid_764,1.0,,,2.0,2.0,54.0,,,,,1.0,380.0,30.0,,,2.0,2.0,1.0,5.0,4.0,2.0,2.0,1.0,2.0,2.0,2.0,2.0,,,4.0,5.0,3.0,,,,,4.0,2.0,7.0,5.0,5.0,5.0,5.0,6.0,6.0,6.0,55.0,60.0,55.0,45.0,50.0,55.0,45.0,65.0,60.0,75.0,4.0,6.0,,,,,,,,,,,,1.0,1.0,1.0,1.0,1.0,1.0,2.0,1.0,2.0,1.0,1.0,1.0,2.0,2.0,1.0,2.0,2.0,1.0,2.0,2.0,1.0,2.0,1.0,2.0,2.0,2.0,1.0,1.0,2.0,2.0,1.0,1.0,2.0,1.0,1.0,1.0,1.0,2.0,1.0,2.0,2.0,2.0,2.0,1.0,1.0,2.0,4.0,,,5.0,,,16.0,,2.0,,
pid_765,1.0,,,2.0,2.0,54.0,,,,,1.0,380.0,30.0,,,2.0,5.0,5.0,1.0,1.0,4.0,5.0,4.0,5.0,5.0,5.0,2.0,,,4.0,5.0,3.0,,,,6.0,,1.0,7.0,5.0,5.0,6.0,5.0,6.0,6.0,6.0,60.0,65.0,55.0,40.0,65.0,70.0,55.0,75.0,70.0,80.0,4.0,,7.0,,,,,,,,,,,1.0,1.0,1.0,1.0,1.0,1.0,1.0,1.0,2.0,2.0,1.0,2.0,2.0,2.0,2.0,1.0,1.0,1.0,1.0,1.0,1.0,1.0,1.0,1.0,2.0,1.0,1.0,2.0,2.0,1.0,1.0,1.0,2.0,1.0,1.0,1.0,2.0,1.0,2.0,1.0,1.0,2.0,1.0,1.0,2.0,1.0,4.0,,,6.0,,,16.0,,,,4.0
pid_766,,2.0,1.0,,,,1.0,30.0,,,1.0,200.0,,80.0,,1.0,4.0,2.0,4.0,2.0,4.0,4.0,1.0,4.0,2.0,4.0,1.0,,,,,,3.0,4.0,3.0,,4.0,1.0,7.0,5.0,5.0,5.0,5.0,5.0,6.0,6.0,55.0,65.0,55.0,45.0,60.0,65.0,45.0,75.0,65.0,80.0,4.0,6.0,,,,,,,,,,,,1.0,1.0,1.0,1.0,1.0,1.0,1.0,2.0,2.0,2.0,1.0,2.0,1.0,2.0,2.0,1.0,1.0,2.0,2.0,1.0,1.0,1.0,1.0,2.0,1.0,1.0,1.0,1.0,1.0,1.0,1.0,1.0,2.0,2.0,2.0,2.0,2.0,2.0,1.0,2.0,2.0,2.0,1.0,2.0,1.0,1.0,5.0,,,6.0,,,,15.0,,,5.0
pid_767,1.0,,1.0,,2.0,54.0,,,,,1.0,380.0,30.0,,3.0,,2.0,1.0,5.0,4.0,4.0,2.0,1.0,2.0,2.0,4.0,,5.0,,,,,3.0,4.0,5.0,,4.0,1.0,6.0,5.0,5.0,5.0,5.0,6.0,6.0,6.0,60.0,65.0,60.0,45.0,65.0,60.0,55.0,70.0,65.0,80.0,4.0,,6.0,1.0,1.0,1.0,1.0,1.0,1.0,1.0,1.0,1.0,1.0,,,,,,,1.0,1.0,1.0,2.0,1.0,2.0,1.0,1.0,1.0,2.0,1.0,2.0,1.0,2.0,2.0,1.0,2.0,1.0,1.0,2.0,1.0,1.0,2.0,1.0,1.0,1.0,1.0,1.0,1.0,2.0,1.0,1.0,2.0,1.0,2.0,2.0,1.0,1.0,1.0,1.0,,4.0,,,6.0,,17.0,,,8.0,
pid_768,1.0,,,2.0,,,1.0,54.0,,,1.0,380.0,50.0,,,2.0,4.0,1.0,5.0,4.0,4.0,4.0,1.0,2.0,1.0,4.0,,,5.0,,,,4.0,5.0,5.0,,4.0,1.0,6.0,3.0,5.0,5.0,5.0,5.0,6.0,6.0,50.0,55.0,62.0,48.0,55.0,52.0,48.0,68.0,65.0,76.0,4.0,,6.0,1.0,1.0,1.0,1.0,1.0,1.0,1.0,1.0,1.0,1.0,,,,,,,2.0,1.0,2.0,1.0,1.0,1.0,1.0,1.0,2.0,2.0,2.0,1.0,1.0,2.0,1.0,1.0,2.0,1.0,1.0,2.0,1.0,2.0,2.0,1.0,1.0,2.0,1.0,2.0,2.0,1.0,2.0,1.0,2.0,2.0,1.0,1.0,2.0,1.0,2.0,2.0,,,5.0,,,6.0,20.0,,,6.0,
pid_769,1.0,,2.0,,,,1.0,54.0,,,1.0,379.0,,85.0,,3.0,4.0,5.0,1.0,1.0,5.0,5.0,4.0,5.0,5.0,5.0,4.0,,,4.0,5.0,2.0,,,,4.0,,2.0,7.0,5.0,5.0,5.0,5.0,5.0,6.0,6.0,65.0,60.0,35.0,35.0,60.0,65.0,55.0,75.0,65.0,80.0,4.0,,7.0,1.0,1.0,1.0,1.0,1.0,1.0,1.0,1.0,1.0,1.0,,,,,,,1.0,2.0,2.0,1.0,2.0,1.0,2.0,2.0,2.0,2.0,2.0,2.0,2.0,1.0,2.0,1.0,2.0,1.0,1.0,2.0,1.0,2.0,1.0,1.0,1.0,2.0,2.0,1.0,2.0,2.0,1.0,1.0,2.0,1.0,2.0,2.0,2.0,1.0,2.0,2.0,4.0,,,6.0,,,,20.0,2.0,,
pid_770,1.0,,,2.0,2.0,54.0,,,,,1.0,380.0,,80.0,,1.0,2.0,1.0,5.0,4.0,2.0,1.0,1.0,2.0,1.0,2.0,,5.0,,,,,3.0,4.0,5.0,,4.0,2.0,6.0,5.0,5.0,5.0,3.0,6.0,6.0,6.0,55.0,55.0,65.0,48.0,60.0,58.0,52.0,68.0,65.0,80.0,4.0,6.0,,,,,,,,,,,,1.0,1.0,1.0,1.0,1.0,1.0,2.0,1.0,2.0,2.0,2.0,1.0,2.0,1.0,1.0,1.0,2.0,1.0,2.0,1.0,2.0,1.0,2.0,2.0,1.0,2.0,1.0,1.0,1.0,2.0,1.0,1.0,2.0,2.0,1.0,2.0,2.0,2.0,2.0,1.0,1.0,1.0,1.0,1.0,1.0,2.0,,4.0,,,5.0,,,10.0,,,4.0
pid_771,1.0,,,2.0,,,1.0,54.0,,,1.0,380.0,,70.0,2.0,,5.0,5.0,1.0,1.0,5.0,5.0,5.0,5.0,5.0,5.0,2.0,,,4.0,5.0,3.0,,,,,4.0,1.0,7.0,3.0,5.0,3.0,3.0,5.0,6.0,6.0,55.0,58.0,42.0,38.0,60.0,58.0,55.0,72.0,68.0,78.0,4.0,,7.0,,,,,,,,,,,1.0,1.0,1.0,1.0,1.0,1.0,2.0,2.0,2.0,2.0,1.0,1.0,2.0,2.0,2.0,1.0,1.0,2.0,2.0,2.0,2.0,2.0,2.0,1.0,1.0,2.0,1.0,2.0,2.0,2.0,2.0,2.0,2.0,2.0,2.0,2.0,2.0,2.0,1.0,1.0,2.0,1.0,2.0,2.0,2.0,2.0,5.0,,,6.0,,,,20.0,,,3.0
pid_772,1.0,,1.0,,,,1.0,54.0,2.0,380.0,,,30.0,,3.0,,2.0,2.0,5.0,4.0,4.0,2.0,1.0,4.0,2.0,4.0,1.0,,,5.0,5.0,,,,,,4.0,2.0,6.0,5.0,5.0,5.0,3.0,5.0,6.0,6.0,45.0,55.0,60.0,50.0,60.0,55.0,45.0,70.0,65.0,75.0,4.0,6.0,,1.0,1.0,1.0,1.0,1.0,1.0,1.0,1.0,1.0,1.0,,,,,,,2.0,2.0,2.0,1.0,2.0,2.0,1.0,2.0,1.0,1.0,1.0,2.0,1.0,2.0,2.0,2.0,1.0,1.0,1.0,1.0,1.0,1.0,2.0,2.0,1.0,2.0,1.0,1.0,1.0,2.0,2.0,1.0,1.0,1.0,2.0,1.0,1.0,2.0,1.0,1.0,4.0,,,6.0,,,,8.0,1.0,,
pid_773,1.0,,,2.0,,,1.0,54.0,2.0,380.0,,,,70.0,,3.0,4.0,5.0,1.0,1.0,5.0,5.0,5.0,5.0,5.0,5.0,4.0,,,5.0,5.0,3.0,,,,4.0,,1.0,6.0,5.0,5.0,6.0,3.0,6.0,6.0,5.0,55.0,65.0,45.0,35.0,60.0,58.0,55.0,70.0,65.0,75.0,4.0,6.0,,1.0,1.0,1.0,1.0,1.0,1.0,1.0,1.0,1.0,1.0,,,,,,,1.0,1.0,2.0,1.0,2.0,2.0,1.0,2.0,2.0,2.0,2.0,1.0,1.0,1.0,1.0,2.0,1.0,1.0,2.0,1.0,2.0,2.0,2.0,2.0,2.0,1.0,2.0,2.0,2.0,2.0,1.0,2.0,1.0,2.0,1.0,1.0,2.0,1.0,1.0,2.0,5.0,,,5.0,,,,5.0,,9.0,
pid_774,,1.0,,2.0,,,1.0,54.0,,,1.0,379.0,30.0,,,5.0,4.0,5.0,1.0,1.0,5.0,5.0,4.0,5.0,5.0,5.0,5.0,,,4.0,5.0,2.0,,,,,4.0,1.0,7.0,3.0,5.0,5.0,5.0,5.0,6.0,6.0,60.0,65.0,50.0,40.0,55.0,58.0,52.0,75.0,65.0,80.0,4.0,,7.0,,,,,,,,,,,1.0,1.0,1.0,1.0,1.0,1.0,1.0,2.0,1.0,2.0,1.0,2.0,1.0,1.0,1.0,2.0,1.0,2.0,2.0,2.0,1.0,1.0,2.0,1.0,1.0,1.0,2.0,1.0,2.0,1.0,1.0,1.0,1.0,2.0,1.0,1.0,2.0,2.0,2.0,1.0,2.0,2.0,1.0,1.0,1.0,2.0,5.0,,,6.0,,,,5.0,3.0,,
pid_775,,2.0,1.0,,,,1.0,54.0,2.0,380.0,,,,70.0,2.0,,5.0,5.0,1.0,1.0,5.0,5.0,4.0,5.0,5.0,5.0,,,5.0,4.0,5.0,3.0,,,,6.0,,2.0,7.0,3.0,5.0,5.0,3.0,5.0,6.0,6.0,55.0,60.0,45.0,35.0,60.0,65.0,55.0,70.0,65.0,75.0,4.0,6.0,,1.0,1.0,1.0,1.0,1.0,1.0,1.0,1.0,1.0,1.0,,,,,,,2.0,2.0,2.0,1.0,1.0,2.0,1.0,2.0,2.0,2.0,2.0,2.0,2.0,2.0,2.0,2.0,2.0,2.0,1.0,1.0,2.0,2.0,2.0,2.0,2.0,2.0,1.0,1.0,1.0,1.0,1.0,2.0,1.0,2.0,2.0,2.0,1.0,1.0,2.0,1.0,,,5.0,,,6.0,,20.0,,,3.0
pid_776,1.0,,,2.0,,,1.0,54.0,,,1.0,300.0,25.0,,,3.0,5.0,5.0,1.0,1.0,5.0,5.0,4.0,5.0,5.0,5.0,,5.0,,,,,4.0,3.0,5.0,,6.0,2.0,6.0,5.0,5.0,5.0,5.0,5.0,6.0,6.0,55.0,60.0,45.0,35.0,50.0,58.0,52.0,70.0,65.0,75.0,4.0,,6.0,1.0,1.0,1.0,1.0,1.0,1.0,1.0,1.0,1.0,1.0,,,,,,,1.0,2.0,2.0,1.0,2.0,2.0,2.0,2.0,2.0,1.0,2.0,2.0,1.0,2.0,1.0,2.0,2.0,1.0,1.0,2.0,2.0,2.0,2.0,2.0,2.0,2.0,1.0,1.0,2.0,2.0,2.0,2.0,1.0,2.0,2.0,2.0,2.0,2.0,2.0,2.0,,4.0,,,6.0,,,20.0,2.0,,
pid_777,1.0,,1.0,,,,1.0,30.0,,,1.0,200.0,50.0,,,3.0,4.0,5.0,1.0,1.0,5.0,5.0,4.0,5.0,5.0,5.0,1.0,,,5.0,5.0,3.0,,,,,4.0,1.0,7.0,3.0,5.0,5.0,5.0,5.0,6.0,6.0,60.0,60.0,40.0,35.0,65.0,65.0,55.0,75.0,70.0,80.0,4.0,6.0,,1.0,1.0,1.0,1.0,1.0,1.0,1.0,1.0,1.0,1.0,,,,,,,1.0,2.0,2.0,2.0,1.0,1.0,1.0,2.0,2.0,1.0,2.0,2.0,2.0,2.0,2.0,2.0,2.0,2.0,1.0,1.0,2.0,2.0,2.0,2.0,2.0,2.0,1.0,1.0,1.0,1.0,1.0,2.0,2.0,1.0,2.0,1.0,1.0,2.0,2.0,2.0,5.0,,,6.0,,,,20.0,2.0,,
pid_778,,1.0,,2.0,,,1.0,50.0,2.0,500.0,,,,75.0,,3.0,4.0,5.0,2.0,1.0,5.0,5.0,4.0,5.0,5.0,5.0,,5.0,,,,,4.0,4.0,5.0,5.0,,2.0,7.0,5.0,5.0,5.0,2.0,6.0,6.0,6.0,55.0,60.0,50.0,45.0,60.0,60.0,55.0,70.0,65.0,75.0,4.0,6.0,,1.0,1.0,1.0,1.0,1.0,1.0,1.0,1.0,1.0,1.0,,,,,,,1.0,1.0,1.0,2.0,1.0,2.0,2.0,2.0,2.0,1.0,1.0,2.0,1.0,2.0,2.0,1.0,1.0,2.0,2.0,1.0,1.0,2.0,1.0,1.0,1.0,2.0,1.0,1.0,2.0,2.0,2.0,1.0,1.0,2.0,2.0,2.0,2.0,1.0,2.0,2.0,,5.0,,,5.0,,,18.0,3.0,,
pid_779,1.0,,2.0,,2.0,54.0,,,2.0,380.0,,,40.0,,,3.0,4.0,5.0,1.0,1.0,5.0,5.0,4.0,5.0,5.0,5.0,1.0,,,4.0,5.0,3.0,,,,4.0,,1.0,7.0,3.0,5.0,5.0,5.0,5.0,6.0,6.0,60.0,60.0,45.0,35.0,55.0,60.0,55.0,75.0,70.0,80.0,4.0,,6.0,,,,,,,,,,,1.0,1.0,1.0,1.0,1.0,1.0,2.0,2.0,1.0,2.0,2.0,2.0,2.0,2.0,1.0,2.0,2.0,1.0,2.0,1.0,1.0,2.0,2.0,1.0,2.0,2.0,2.0,1.0,1.0,2.0,2.0,2.0,2.0,2.0,1.0,2.0,1.0,2.0,2.0,1.0,1.0,2.0,2.0,1.0,1.0,1.0,5.0,,,5.0,,,15.0,,,9.0,
pid_780,,1.0,1.0,,2.0,54.0,,,,,1.0,380.0,50.0,,,2.0,2.0,1.0,5.0,4.0,2.0,2.0,1.0,4.0,2.0,4.0,,5.0,,4.0,5.0,3.0,,,,,4.0,2.0,6.0,5.0,5.0,5.0,5.0,5.0,6.0,6.0,55.0,60.0,55.0,45.0,60.0,60.0,50.0,70.0,65.0,75.0,4.0,5.0,,1.0,1.0,1.0,1.0,1.0,1.0,1.0,1.0,1.0,1.0,,,,,,,2.0,1.0,2.0,1.0,2.0,1.0,1.0,2.0,1.0,2.0,1.0,1.0,1.0,2.0,1.0,2.0,1.0,2.0,1.0,1.0,2.0,2.0,1.0,1.0,1.0,2.0,2.0,1.0,2.0,2.0,1.0,1.0,2.0,1.0,1.0,2.0,2.0,1.0,2.0,1.0,,4.0,,,6.0,,,20.0,,9.0,
pid_781,1.0,,2.0,,,,1.0,54.0,,,1.0,380.0,30.0,,,3.0,4.0,5.0,1.0,1.0,5.0,5.0,4.0,5.0,5.0,5.0,4.0,,,,,,4.0,3.0,5.0,,4.0,2.0,7.0,5.0,5.0,5.0,3.0,6.0,6.0,6.0,65.0,55.0,40.0,35.0,60.0,60.0,55.0,70.0,65.0,80.0,4.0,6.0,,,,,,,,,,,,1.0,1.0,1.0,1.0,1.0,1.0,2.0,1.0,2.0,1.0,2.0,2.0,1.0,2.0,1.0,2.0,1.0,1.0,1.0,2.0,2.0,1.0,1.0,1.0,2.0,1.0,2.0,1.0,2.0,2.0,2.0,1.0,2.0,1.0,1.0,1.0,2.0,2.0,2.0,2.0,1.0,1.0,2.0,1.0,2.0,2.0,5.0,,,6.0,,,,15.0,,,4.0
pid_782,,1.0,2.0,,2.0,54.0,,,,,1.0,379.0,30.0,,,1.0,5.0,5.0,1.0,1.0,5.0,5.0,4.0,5.0,5.0,5.0,,5.0,,4.0,5.0,3.0,,,,6.0,,2.0,7.0,5.0,5.0,5.0,5.0,5.0,6.0,6.0,65.0,55.0,45.0,35.0,60.0,65.0,55.0,75.0,70.0,80.0,4.0,,7.0,1.0,1.0,1.0,1.0,1.0,1.0,1.0,1.0,1.0,1.0,,,,,,,1.0,1.0,2.0,2.0,2.0,2.0,2.0,2.0,1.0,1.0,1.0,2.0,2.0,1.0,1.0,1.0,2.0,2.0,2.0,1.0,1.0,2.0,1.0,1.0,2.0,1.0,2.0,1.0,1.0,2.0,2.0,2.0,1.0,2.0,1.0,1.0,2.0,2.0,1.0,2.0,,5.0,,,6.0,,,5.0,2.0,,
pid_783,1.0,,1.0,,,,1.0,30.0,2.0,600.0,,,,70.0,2.0,,2.0,1.0,5.0,4.0,2.0,2.0,1.0,2.0,2.0,4.0,2.0,,,,,,4.0,3.0,5.0,,4.0,2.0,6.0,5.0,5.0,6.0,5.0,5.0,6.0,5.0,45.0,55.0,60.0,45.0,40.0,50.0,45.0,65.0,55.0,70.0,4.0,,6.0,1.0,1.0,1.0,1.0,1.0,1.0,1.0,1.0,1.0,1.0,,,,,,,1.0,1.0,1.0,2.0,1.0,2.0,1.0,2.0,1.0,1.0,1.0,1.0,1.0,2.0,1.0,2.0,1.0,1.0,2.0,1.0,2.0,1.0,1.0,1.0,2.0,2.0,2.0,1.0,2.0,1.0,1.0,2.0,1.0,1.0,1.0,2.0,1.0,2.0,2.0,1.0,4.0,,,5.0,,,,15.0,,,4.0
pid_784,1.0,,,2.0,2.0,54.0,,,,,1.0,379.0,,80.0,3.0,,4.0,5.0,2.0,1.0,5.0,5.0,4.0,5.0,5.0,5.0,2.0,,,,,,4.0,5.0,5.0,5.0,,2.0,7.0,5.0,5.0,6.0,5.0,5.0,6.0,6.0,55.0,65.0,45.0,35.0,60.0,65.0,55.0,75.0,70.0,80.0,4.0,,7.0,,,,,,,,,,,1.0,1.0,1.0,1.0,1.0,1.0,1.0,2.0,1.0,1.0,2.0,2.0,2.0,1.0,1.0,2.0,2.0,1.0,2.0,1.0,2.0,2.0,2.0,1.0,1.0,2.0,2.0,1.0,1.0,2.0,1.0,1.0,1.0,1.0,2.0,1.0,1.0,2.0,2.0,2.0,1.0,1.0,1.0,1.0,1.0,2.0,4.0,,,5.0,,,15.0,,1.0,,
pid_786,1.0,,1.0,,2.0,54.0,,,2.0,379.0,,,30.0,,3.0,,5.0,5.0,1.0,1.0,5.0,5.0,4.0,5.0,5.0,5.0,4.0,,,4.0,5.0,3.0,,,,,4.0,1.0,6.0,5.0,5.0,5.0,5.0,5.0,6.0,6.0,60.0,55.0,40.0,45.0,55.0,60.0,50.0,70.0,65.0,75.0,4.0,,6.0,1.0,1.0,1.0,1.0,1.0,1.0,1.0,1.0,1.0,1.0,,,,,,,1.0,2.0,1.0,1.0,1.0,1.0,2.0,1.0,1.0,1.0,2.0,1.0,2.0,1.0,1.0,2.0,1.0,2.0,1.0,2.0,1.0,1.0,1.0,1.0,2.0,2.0,1.0,2.0,2.0,1.0,1.0,1.0,1.0,2.0,1.0,1.0,2.0,2.0,1.0,1.0,5.0,,,5.0,,,15.0,,,,5.0
pid_787,,1.0,1.0,,2.0,54.0,,,2.0,350.0,,,30.0,,1.0,,3.0,4.0,2.0,2.0,4.0,4.0,4.0,5.0,4.0,5.0,,,5.0,,,,4.0,5.0,5.0,,4.0,1.0,6.0,5.0,5.0,5.0,5.0,6.0,6.0,6.0,48.0,58.0,45.0,35.0,62.0,58.0,55.0,72.0,68.0,78.0,4.0,,6.0,,,,,,,,,,,1.0,1.0,1.0,1.0,1.0,1.0,1.0,2.0,1.0,1.0,1.0,1.0,1.0,1.0,2.0,2.0,1.0,2.0,2.0,2.0,1.0,2.0,2.0,2.0,2.0,2.0,1.0,2.0,1.0,2.0,1.0,1.0,1.0,2.0,1.0,2.0,1.0,1.0,2.0,2.0,1.0,2.0,2.0,1.0,2.0,2.0,,,4.0,,,6.0,15.0,,,9.0,
pid_788,1.0,,,2.0,2.0,60.0,,,2.0,300.0,,,,90.0,2.0,,4.0,5.0,1.0,1.0,5.0,5.0,4.0,5.0,5.0,5.0,,,5.0,4.0,5.0,3.0,,,,6.0,,1.0,7.0,5.0,5.0,5.0,3.0,5.0,6.0,6.0,55.0,60.0,55.0,45.0,60.0,65.0,50.0,70.0,65.0,75.0,4.0,,6.0,1.0,1.0,1.0,1.0,1.0,1.0,1.0,1.0,1.0,1.0,,,,,,,2.0,1.0,2.0,2.0,1.0,2.0,2.0,2.0,1.0,1.0,1.0,1.0,2.0,2.0,1.0,1.0,1.0,2.0,2.0,1.0,1.0,1.0,2.0,2.0,2.0,1.0,2.0,1.0,2.0,1.0,1.0,1.0,2.0,2.0,2.0,2.0,1.0,1.0,1.0,2.0,,,5.0,,,6.0,16.0,,,,3.0
pid_789,,2.0,2.0,,2.0,54.0,,,2.0,350.0,,,40.0,,5.0,,2.0,2.0,5.0,4.0,4.0,2.0,1.0,4.0,2.0,4.0,,5.0,,5.0,5.0,3.0,,,,,4.0,1.0,6.0,3.0,5.0,5.0,5.0,5.0,6.0,6.0,45.0,55.0,60.0,50.0,55.0,60.0,50.0,65.0,65.0,75.0,4.0,,6.0,,,,,,,,,,,1.0,1.0,1.0,1.0,1.0,1.0,1.0,1.0,1.0,1.0,2.0,2.0,1.0,1.0,2.0,2.0,2.0,1.0,1.0,2.0,1.0,1.0,1.0,2.0,2.0,2.0,2.0,1.0,2.0,2.0,1.0,1.0,2.0,2.0,1.0,2.0,2.0,1.0,2.0,1.0,2.0,2.0,1.0,1.0,2.0,1.0,,5.0,,,6.0,,,20.0,,9.0,
pid_790,,1.0,1.0,,,,1.0,54.0,2.0,380.0,,,30.0,,,2.0,4.0,5.0,1.0,2.0,5.0,5.0,4.0,5.0,5.0,5.0,,,5.0,4.0,5.0,3.0,,,,4.0,,1.0,7.0,5.0,5.0,5.0,3.0,5.0,6.0,6.0,55.0,60.0,50.0,40.0,60.0,65.0,50.0,70.0,65.0,75.0,4.0,6.0,,1.0,1.0,1.0,1.0,1.0,1.0,1.0,1.0,1.0,1.0,,,,,,,1.0,2.0,1.0,2.0,1.0,2.0,1.0,1.0,1.0,2.0,2.0,2.0,2.0,2.0,2.0,2.0,1.0,2.0,2.0,1.0,2.0,2.0,2.0,1.0,2.0,1.0,2.0,1.0,1.0,2.0,1.0,2.0,1.0,2.0,2.0,1.0,1.0,1.0,2.0,1.0,,,5.0,,,6.0,,20.0,,9.0,
pid_791,1.0,,,2.0,,,1.0,30.0,,,1.0,200.0,,85.0,3.0,,2.0,1.0,5.0,4.0,3.0,2.0,1.0,2.0,1.0,2.0,,5.0,,,,,4.0,5.0,5.0,,4.0,2.0,6.0,5.0,5.0,5.0,5.0,6.0,6.0,6.0,45.0,60.0,60.0,45.0,55.0,55.0,45.0,65.0,55.0,70.0,4.0,6.0,,1.0,1.0,1.0,1.0,1.0,1.0,1.0,1.0,1.0,1.0,,,,,,,2.0,1.0,1.0,1.0,2.0,2.0,1.0,2.0,1.0,1.0,2.0,1.0,1.0,2.0,1.0,1.0,2.0,2.0,1.0,2.0,1.0,1.0,1.0,1.0,2.0,1.0,2.0,2.0,2.0,2.0,2.0,1.0,1.0,2.0,1.0,1.0,1.0,2.0,2.0,2.0,,5.0,,,6.0,,15.0,,,,3.0
pid_792,1.0,,1.0,,2.0,45.0,,,2.0,350.0,,,30.0,,,2.0,2.0,1.0,5.0,4.0,4.0,3.0,1.0,4.0,3.0,4.0,2.0,,,4.0,5.0,2.0,,,,4.0,,1.0,6.0,3.0,5.0,2.0,5.0,5.0,6.0,6.0,55.0,60.0,55.0,50.0,60.0,55.0,45.0,65.0,65.0,75.0,4.0,6.0,,1.0,1.0,1.0,1.0,1.0,1.0,1.0,1.0,1.0,1.0,,,,,,,1.0,1.0,2.0,1.0,1.0,2.0,1.0,2.0,2.0,1.0,2.0,1.0,1.0,2.0,1.0,2.0,2.0,1.0,1.0,1.0,2.0,2.0,2.0,1.0,2.0,1.0,2.0,2.0,1.0,2.0,1.0,1.0,1.0,1.0,1.0,1.0,2.0,1.0,2.0,1.0,4.0,,,5.0,,,,20.0,2.0,,
pid_793,1.0,,1.0,,2.0,54.0,,,2.0,380.0,,,,70.0,,2.0,4.0,5.0,1.0,1.0,5.0,5.0,4.0,5.0,5.0,5.0,,5.0,,,,,4.0,3.0,5.0,,4.0,1.0,7.0,3.0,5.0,5.0,3.0,6.0,6.0,6.0,60.0,65.0,45.0,35.0,58.0,65.0,55.0,75.0,70.0,80.0,4.0,,7.0,1.0,1.0,1.0,1.0,1.0,1.0,1.0,1.0,1.0,1.0,,,,,,,1.0,2.0,1.0,1.0,2.0,1.0,1.0,1.0,1.0,2.0,2.0,2.0,2.0,1.0,2.0,2.0,2.0,1.0,2.0,2.0,1.0,2.0,1.0,2.0,2.0,1.0,1.0,1.0,2.0,2.0,2.0,2.0,1.0,2.0,2.0,1.0,2.0,2.0,2.0,1.0,,5.0,,,6.0,,18.0,,,6.0,
pid_794,1.0,,,2.0,,,1.0,54.0,2.0,380.0,,,,70.0,3.0,,5.0,5.0,1.0,1.0,5.0,5.0,5.0,5.0,5.0,5.0,,,4.0,,,,4.0,3.0,5.0,4.0,,2.0,6.0,3.0,5.0,6.0,5.0,5.0,6.0,6.0,65.0,64.0,35.0,38.0,62.0,67.0,55.0,72.0,68.0,80.0,4.0,6.0,,,,,,,,,,,,1.0,1.0,1.0,1.0,1.0,1.0,2.0,2.0,1.0,2.0,1.0,1.0,2.0,1.0,1.0,1.0,1.0,1.0,1.0,2.0,1.0,2.0,1.0,1.0,2.0,1.0,1.0,1.0,2.0,1.0,2.0,1.0,2.0,2.0,1.0,1.0,2.0,1.0,2.0,1.0,2.0,2.0,1.0,1.0,2.0,1.0,,,5.0,,,6.0,16.0,,,6.0,
pid_795,,1.0,,2.0,2.0,50.0,,,,,1.0,150.0,,70.0,2.0,,5.0,5.0,1.0,1.0,5.0,5.0,4.0,5.0,5.0,5.0,1.0,,,4.0,5.0,3.0,,,,,4.0,2.0,7.0,5.0,5.0,5.0,5.0,6.0,6.0,6.0,55.0,65.0,45.0,35.0,50.0,60.0,45.0,70.0,65.0,80.0,4.0,6.0,,,,,,,,,,,,1.0,1.0,1.0,1.0,1.0,1.0,1.0,1.0,2.0,2.0,2.0,2.0,1.0,2.0,1.0,2.0,2.0,2.0,1.0,1.0,2.0,1.0,1.0,1.0,2.0,1.0,2.0,2.0,2.0,1.0,1.0,2.0,1.0,2.0,1.0,1.0,1.0,2.0,1.0,2.0,1.0,2.0,1.0,2.0,1.0,1.0,4.0,,,6.0,,,18.0,,2.0,,
pid_796,,1.0,,2.0,,,1.0,54.0,2.0,380.0,,,,70.0,2.0,,4.0,5.0,1.0,2.0,5.0,5.0,4.0,5.0,5.0,5.0,4.0,,,,,,4.0,5.0,3.0,,4.0,2.0,7.0,5.0,5.0,3.0,5.0,6.0,6.0,6.0,65.0,,,,58.0,62.0,,,,,4.0,6.0,,1.0,1.0,1.0,1.0,1.0,1.0,1.0,1.0,1.0,1.0,,,,,,,1.0,1.0,2.0,1.0,1.0,2.0,2.0,1.0,2.0,2.0,1.0,2.0,1.0,2.0,2.0,1.0,2.0,1.0,1.0,1.0,2.0,1.0,1.0,2.0,2.0,2.0,1.0,1.0,1.0,2.0,1.0,2.0,2.0,2.0,1.0,1.0,1.0,1.0,1.0,1.0,5.0,,,6.0,,,18.0,,,,4.0
pid_797,1.0,,,1.0,,,1.0,54.0,,,1.0,379.0,30.0,,2.0,,4.0,5.0,1.0,1.0,5.0,5.0,5.0,5.0,5.0,5.0,2.0,,,,,,4.0,5.0,5.0,6.0,,1.0,6.0,5.0,5.0,3.0,5.0,5.0,7.0,6.0,60.0,55.0,35.0,40.0,55.0,60.0,55.0,70.0,65.0,75.0,4.0,,7.0,1.0,1.0,1.0,1.0,1.0,1.0,1.0,1.0,1.0,1.0,,,,,,,1.0,2.0,1.0,1.0,1.0,1.0,1.0,2.0,2.0,2.0,2.0,1.0,2.0,2.0,2.0,2.0,2.0,2.0,2.0,1.0,2.0,2.0,1.0,1.0,2.0,1.0,1.0,2.0,2.0,2.0,2.0,2.0,1.0,2.0,2.0,2.0,1.0,2.0,2.0,1.0,5.0,,,6.0,,,,10.0,,9.0,
pid_798,,1.0,,2.0,2.0,54.0,,,,,1.0,380.0,,70.0,2.0,,5.0,5.0,1.0,1.0,5.0,5.0,5.0,5.0,5.0,5.0,,5.0,,4.0,5.0,3.0,,,,,4.0,1.0,7.0,3.0,5.0,5.0,3.0,6.0,6.0,6.0,55.0,60.0,35.0,35.0,60.0,65.0,55.0,70.0,65.0,75.0,4.0,,6.0,1.0,1.0,1.0,1.0,1.0,1.0,1.0,1.0,1.0,1.0,,,,,,,2.0,2.0,2.0,2.0,2.0,2.0,2.0,1.0,2.0,1.0,1.0,2.0,1.0,1.0,2.0,2.0,1.0,2.0,2.0,1.0,2.0,1.0,2.0,2.0,2.0,1.0,2.0,2.0,1.0,2.0,2.0,1.0,2.0,2.0,2.0,2.0,1.0,2.0,1.0,1.0,,5.0,,,6.0,,,20.0,,,4.0
pid_799,1.0,,,2.0,2.0,54.0,,,2.0,380.0,,,,70.0,,2.0,5.0,5.0,1.0,1.0,5.0,5.0,4.0,5.0,5.0,5.0,1.0,,,4.0,5.0,2.0,,,,,4.0,1.0,6.0,5.0,3.0,5.0,5.0,6.0,6.0,6.0,60.0,65.0,40.0,35.0,55.0,60.0,55.0,70.0,65.0,75.0,4.0,,6.0,1.0,1.0,1.0,1.0,1.0,1.0,1.0,1.0,1.0,1.0,,,,,,,1.0,2.0,1.0,1.0,2.0,1.0,2.0,2.0,1.0,1.0,1.0,1.0,1.0,1.0,2.0,1.0,1.0,1.0,2.0,2.0,2.0,1.0,2.0,2.0,1.0,1.0,1.0,2.0,2.0,2.0,2.0,2.0,2.0,1.0,1.0,2.0,2.0,1.0,1.0,2.0,5.0,,,6.0,,,18.0,,2.0,,
pid_800,,1.0,1.0,,2.0,54.0,,,2.0,350.0,,,,70.0,,2.0,2.0,4.0,5.0,4.0,4.0,2.0,1.0,4.0,2.0,4.0,,4.0,,4.0,5.0,3.0,,,,4.0,,1.0,6.0,5.0,5.0,5.0,2.0,5.0,6.0,6.0,55.0,65.0,65.0,50.0,60.0,60.0,50.0,65.0,60.0,75.0,4.0,,7.0,1.0,1.0,1.0,1.0,1.0,1.0,1.0,1.0,1.0,1.0,,,,,,,2.0,2.0,1.0,2.0,2.0,1.0,1.0,2.0,1.0,1.0,1.0,1.0,2.0,2.0,1.0,1.0,1.0,1.0,2.0,2.0,1.0,1.0,1.0,2.0,2.0,2.0,1.0,2.0,1.0,2.0,2.0,2.0,2.0,2.0,2.0,1.0,2.0,2.0,2.0,1.0,,4.0,,,5.0,,,20.0,,,3.0
pid_801,,1.0,,2.0,,,1.0,54.0,2.0,380.0,,,,75.0,,2.0,4.0,5.0,1.0,1.0,5.0,5.0,4.0,5.0,5.0,5.0,,5.0,,,,,4.0,5.0,3.0,6.0,,2.0,6.0,5.0,5.0,5.0,3.0,6.0,6.0,6.0,55.0,58.0,45.0,38.0,60.0,62.0,55.0,72.0,65.0,75.0,4.0,6.0,,1.0,1.0,1.0,1.0,1.0,1.0,1.0,1.0,1.0,1.0,,,,,,,1.0,1.0,2.0,1.0,1.0,2.0,1.0,1.0,2.0,1.0,1.0,2.0,1.0,2.0,1.0,1.0,1.0,2.0,1.0,1.0,1.0,1.0,1.0,2.0,1.0,2.0,2.0,2.0,2.0,1.0,1.0,2.0,2.0,1.0,1.0,1.0,2.0,1.0,1.0,1.0,,5.0,,,6.0,,16.0,,4.0,,
pid_802,1.0,,2.0,,2.0,54.0,,,,,1.0,379.0,40.0,,,2.0,2.0,1.0,5.0,4.0,4.0,2.0,1.0,2.0,2.0,4.0,,5.0,,4.0,5.0,,,,,4.0,,2.0,7.0,5.0,5.0,3.0,5.0,5.0,6.0,6.0,55.0,65.0,55.0,40.0,60.0,55.0,45.0,70.0,65.0,80.0,4.0,7.0,,1.0,1.0,1.0,1.0,1.0,1.0,1.0,1.0,1.0,1.0,,,,,,,1.0,2.0,1.0,1.0,2.0,2.0,1.0,1.0,1.0,2.0,2.0,1.0,1.0,1.0,2.0,2.0,2.0,1.0,1.0,2.0,1.0,1.0,1.0,1.0,1.0,1.0,2.0,1.0,2.0,2.0,1.0,1.0,1.0,1.0,1.0,2.0,1.0,1.0,2.0,1.0,,4.0,,,6.0,,,20.0,2.0,,
pid_803,1.0,,,2.0,,,1.0,20.0,2.0,350.0,,,30.0,,,4.0,4.0,5.0,1.0,1.0,5.0,5.0,4.0,5.0,5.0,5.0,,,5.0,4.0,5.0,3.0,,,,,4.0,2.0,7.0,3.0,5.0,5.0,5.0,6.0,6.0,6.0,60.0,65.0,45.0,40.0,55.0,60.0,55.0,75.0,70.0,80.0,4.0,6.0,,,,,,,,,,,,1.0,1.0,1.0,1.0,1.0,1.0,2.0,2.0,1.0,2.0,1.0,1.0,2.0,1.0,2.0,2.0,2.0,2.0,2.0,2.0,2.0,2.0,1.0,1.0,1.0,2.0,2.0,2.0,2.0,2.0,2.0,1.0,2.0,2.0,1.0,2.0,1.0,1.0,1.0,1.0,2.0,2.0,2.0,1.0,1.0,1.0,,,5.0,,,6.0,,20.0,,6.0,
pid_804,1.0,,,2.0,,,1.0,54.0,,,1.0,380.0,30.0,,,2.0,4.0,5.0,2.0,1.0,5.0,4.0,2.0,5.0,4.0,5.0,2.0,,,,,,4.0,5.0,5.0,,4.0,2.0,6.0,3.0,5.0,5.0,5.0,5.0,6.0,6.0,55.0,60.0,45.0,35.0,60.0,65.0,50.0,70.0,65.0,75.0,4.0,,6.0,,,,,,,,,,,1.0,1.0,1.0,1.0,1.0,1.0,2.0,1.0,1.0,2.0,2.0,2.0,1.0,2.0,2.0,1.0,2.0,1.0,2.0,1.0,1.0,1.0,1.0,2.0,1.0,1.0,1.0,2.0,2.0,1.0,2.0,1.0,2.0,2.0,2.0,2.0,1.0,2.0,2.0,2.0,2.0,1.0,1.0,2.0,2.0,2.0,4.0,,,6.0,,,18.0,,,,4.0
pid_805,1.0,,,2.0,,,1.0,45.0,2.0,350.0,,,,80.0,,3.0,2.0,1.0,5.0,4.0,2.0,2.0,1.0,4.0,2.0,4.0,1.0,,,4.0,5.0,3.0,,,,,4.0,2.0,6.0,5.0,5.0,6.0,3.0,6.0,6.0,5.0,55.0,62.0,58.0,45.0,60.0,58.0,48.0,72.0,65.0,75.0,4.0,,6.0,,,,,,,,,,,1.0,1.0,1.0,1.0,1.0,1.0,2.0,1.0,2.0,1.0,1.0,2.0,2.0,1.0,1.0,1.0,1.0,1.0,2.0,2.0,2.0,2.0,1.0,2.0,1.0,1.0,2.0,1.0,1.0,1.0,1.0,1.0,2.0,1.0,1.0,1.0,1.0,2.0,1.0,1.0,2.0,1.0,2.0,2.0,2.0,2.0,5.0,,,5.0,,,18.0,,,6.0,
pid_806,1.0,,,1.0,,,1.0,30.0,,,1.0,380.0,30.0,,,2.0,5.0,5.0,1.0,1.0,5.0,5.0,4.0,5.0,5.0,5.0,,5.0,,,,,4.0,4.0,4.0,6.0,,1.0,7.0,5.0,5.0,3.0,5.0,5.0,6.0,6.0,65.0,65.0,45.0,40.0,60.0,65.0,55.0,75.0,70.0,80.0,4.0,,7.0,,,,,,,,,,,1.0,1.0,1.0,1.0,1.0,1.0,1.0,2.0,2.0,1.0,2.0,2.0,1.0,1.0,1.0,2.0,2.0,2.0,1.0,2.0,2.0,2.0,2.0,1.0,2.0,2.0,2.0,1.0,2.0,1.0,2.0,1.0,2.0,2.0,2.0,2.0,2.0,2.0,1.0,2.0,1.0,2.0,2.0,2.0,1.0,1.0,,5.0,,,6.0,,,18.0,,9.0,
pid_807,1.0,,,2.0,,,1.0,54.0,2.0,380.0,,,30.0,,3.0,,2.0,2.0,5.0,4.0,3.0,2.0,1.0,2.0,2.0,4.0,,,5.0,4.0,5.0,,,,,4.0,,2.0,7.0,5.0,5.0,5.0,5.0,6.0,6.0,6.0,45.0,50.0,60.0,45.0,40.0,45.0,45.0,60.0,55.0,70.0,4.0,,6.0,1.0,1.0,1.0,1.0,1.0,1.0,1.0,1.0,1.0,1.0,,,,,,,2.0,1.0,2.0,2.0,2.0,1.0,2.0,2.0,2.0,2.0,1.0,1.0,2.0,1.0,1.0,1.0,1.0,1.0,2.0,1.0,1.0,2.0,2.0,1.0,2.0,1.0,1.0,1.0,1.0,2.0,1.0,2.0,1.0,1.0,2.0,2.0,1.0,2.0,1.0,2.0,,,5.0,,,5.0,,10.0,2.0,,
pid_808,1.0,,,2.0,,,1.0,30.0,2.0,380.0,,,,70.0,,2.0,4.0,4.0,2.0,2.0,5.0,5.0,4.0,5.0,5.0,5.0,,5.0,,4.0,5.0,3.0,,,,4.0,,1.0,7.0,5.0,5.0,6.0,5.0,6.0,6.0,6.0,60.0,65.0,50.0,45.0,65.0,65.0,55.0,70.0,65.0,80.0,4.0,,6.0,,,,,,,,,,,1.0,1.0,1.0,1.0,1.0,1.0,2.0,2.0,2.0,1.0,2.0,1.0,2.0,2.0,1.0,2.0,1.0,2.0,2.0,1.0,1.0,2.0,2.0,1.0,2.0,2.0,2.0,1.0,1.0,2.0,1.0,2.0,2.0,2.0,1.0,1.0,1.0,2.0,1.0,2.0,2.0,1.0,2.0,1.0,1.0,2.0,,4.0,,,6.0,,,20.0,,6.0,
pid_809,1.0,,1.0,,2.0,54.0,,,,,1.0,379.0,30.0,,,2.0,4.0,5.0,2.0,2.0,5.0,5.0,4.0,5.0,5.0,5.0,,5.0,,,,,4.0,5.0,5.0,,6.0,2.0,7.0,5.0,6.0,5.0,5.0,5.0,6.0,6.0,55.0,63.0,45.0,35.0,60.0,58.0,48.0,68.0,67.0,80.0,4.0,,6.0,,,,,,,,,,,1.0,1.0,1.0,1.0,1.0,1.0,1.0,2.0,2.0,2.0,1.0,2.0,1.0,2.0,1.0,1.0,2.0,2.0,2.0,2.0,1.0,1.0,1.0,2.0,1.0,1.0,1.0,2.0,1.0,2.0,2.0,1.0,1.0,1.0,2.0,2.0,1.0,2.0,1.0,2.0,2.0,2.0,2.0,2.0,2.0,2.0,,5.0,,,6.0,,18.0,,,,3.0
pid_810,1.0,,2.0,,,,1.0,54.0,,,1.0,380.0,,70.0,6.0,,4.0,5.0,1.0,1.0,5.0,5.0,4.0,5.0,5.0,5.0,,,5.0,4.0,5.0,2.0,,,,6.0,,1.0,6.0,3.0,5.0,5.0,5.0,5.0,6.0,6.0,55.0,55.0,50.0,40.0,58.0,65.0,50.0,75.0,70.0,80.0,4.0,6.0,,1.0,1.0,1.0,1.0,1.0,1.0,1.0,1.0,1.0,1.0,,,,,,,2.0,1.0,1.0,2.0,2.0,2.0,1.0,2.0,2.0,2.0,2.0,1.0,1.0,2.0,2.0,1.0,2.0,1.0,2.0,1.0,2.0,2.0,2.0,2.0,2.0,1.0,2.0,2.0,1.0,1.0,1.0,2.0,2.0,2.0,1.0,2.0,1.0,2.0,2.0,2.0,,,5.0,,,5.0,,2.0,1.0,,
pid_811,1.0,,,2.0,,,1.0,50.0,,,1.0,300.0,40.0,,3.0,,4.0,5.0,2.0,2.0,5.0,4.0,4.0,5.0,4.0,5.0,1.0,,,,,,3.0,4.0,5.0,4.0,,1.0,6.0,3.0,5.0,5.0,3.0,5.0,6.0,6.0,55.0,65.0,45.0,40.0,60.0,60.0,55.0,70.0,65.0,75.0,4.0,,6.0,,,,,,,,,,,1.0,1.0,1.0,1.0,1.0,1.0,2.0,2.0,1.0,1.0,2.0,2.0,2.0,1.0,1.0,2.0,2.0,1.0,1.0,2.0,1.0,2.0,2.0,2.0,1.0,1.0,1.0,1.0,2.0,1.0,2.0,2.0,1.0,1.0,2.0,2.0,1.0,2.0,2.0,2.0,2.0,2.0,2.0,1.0,2.0,1.0,4.0,,,6.0,,,18.0,,2.0,,
pid_812,,1.0,2.0,,2.0,35.0,,,2.0,380.0,,,30.0,,5.0,,4.0,5.0,1.0,1.0,5.0,5.0,4.0,5.0,5.0,5.0,,5.0,,4.0,5.0,2.0,,,,5.0,,2.0,6.0,5.0,3.0,5.0,3.0,5.0,6.0,6.0,55.0,55.0,45.0,35.0,60.0,58.0,50.0,70.0,65.0,75.0,4.0,,7.0,,,,,,,,,,,1.0,1.0,1.0,1.0,1.0,1.0,1.0,2.0,2.0,2.0,1.0,1.0,1.0,1.0,1.0,1.0,1.0,2.0,2.0,2.0,1.0,1.0,2.0,2.0,1.0,2.0,2.0,1.0,2.0,2.0,2.0,1.0,2.0,1.0,2.0,1.0,2.0,2.0,2.0,2.0,1.0,2.0,1.0,2.0,2.0,1.0,,4.0,,,6.0,,18.0,,,,3.0
pid_813,,1.0,2.0,,2.0,54.0,,,2.0,380.0,,,,70.0,,2.0,2.0,1.0,5.0,4.0,2.0,2.0,1.0,2.0,1.0,2.0,,,5.0,,,,4.0,5.0,5.0,,4.0,2.0,6.0,5.0,5.0,5.0,3.0,5.0,6.0,6.0,50.0,55.0,58.0,45.0,55.0,52.0,48.0,65.0,68.0,70.0,4.0,,7.0,,,,,,,,,,,1.0,1.0,1.0,1.0,1.0,1.0,2.0,2.0,2.0,1.0,2.0,1.0,2.0,1.0,2.0,1.0,2.0,2.0,1.0,1.0,1.0,1.0,2.0,1.0,1.0,2.0,1.0,2.0,1.0,1.0,2.0,1.0,2.0,2.0,1.0,2.0,2.0,2.0,1.0,2.0,1.0,2.0,1.0,1.0,1.0,1.0,,,4.0,,,6.0,18.0,,3.0,,
pid_814,1.0,,,2.0,,,1.0,54.0,2.0,380.0,,,,65.0,,4.0,4.0,4.0,2.0,2.0,4.0,4.0,2.0,5.0,4.0,4.0,2.0,,,4.0,5.0,3.0,,,,,4.0,2.0,6.0,5.0,5.0,3.0,5.0,5.0,6.0,6.0,55.0,55.0,48.0,42.0,60.0,65.0,48.0,70.0,62.0,75.0,4.0,6.0,,1.0,1.0,1.0,1.0,1.0,1.0,1.0,1.0,1.0,1.0,,,,,,,2.0,1.0,2.0,2.0,2.0,1.0,2.0,2.0,2.0,1.0,1.0,2.0,2.0,2.0,2.0,2.0,2.0,1.0,1.0,2.0,1.0,2.0,2.0,1.0,2.0,2.0,2.0,1.0,2.0,1.0,2.0,2.0,1.0,1.0,1.0,2.0,2.0,1.0,1.0,2.0,4.0,,,5.0,,,,12.0,3.0,,
pid_815,,1.0,,2.0,2.0,54.0,,,2.0,380.0,,,,75.0,3.0,,4.0,5.0,1.0,1.0,5.0,5.0,4.0,5.0,5.0,5.0,,,5.0,,,,4.0,5.0,4.0,6.0,,2.0,6.0,5.0,5.0,5.0,3.0,5.0,6.0,6.0,55.0,55.0,45.0,42.0,58.0,60.0,52.0,68.0,65.0,75.0,4.0,,7.0,1.0,1.0,1.0,1.0,1.0,1.0,1.0,1.0,1.0,1.0,,,,,,,2.0,2.0,1.0,2.0,2.0,1.0,2.0,2.0,1.0,2.0,2.0,2.0,1.0,2.0,1.0,2.0,1.0,1.0,2.0,1.0,2.0,2.0,2.0,2.0,2.0,2.0,1.0,2.0,2.0,1.0,2.0,2.0,2.0,1.0,1.0,1.0,1.0,2.0,2.0,2.0,,,5.0,,,6.0,15.0,,,9.0,
pid_817,1.0,,1.0,,,,1.0,54.0,2.0,380.0,,,30.0,,,3.0,2.0,2.0,4.0,4.0,4.0,3.0,2.0,4.0,2.0,4.0,,5.0,,4.0,5.0,,,,,,4.0,1.0,6.0,5.0,5.0,5.0,3.0,5.0,6.0,5.0,50.0,55.0,55.0,45.0,60.0,55.0,45.0,65.0,60.0,75.0,,6.0,,,,,,,,,,,,1.0,1.0,1.0,1.0,1.0,1.0,2.0,2.0,1.0,1.0,2.0,1.0,1.0,2.0,2.0,1.0,1.0,2.0,2.0,1.0,2.0,2.0,1.0,2.0,1.0,1.0,1.0,1.0,2.0,1.0,2.0,1.0,2.0,1.0,2.0,1.0,2.0,2.0,2.0,2.0,1.0,1.0,1.0,1.0,1.0,2.0,,4.0,,,5.0,,18.0,,,,2.0
pid_818,1.0,,1.0,,,,1.0,54.0,,,1.0,380.0,,80.0,,3.0,4.0,5.0,1.0,1.0,5.0,5.0,4.0,5.0,5.0,5.0,,,5.0,,,,4.0,5.0,5.0,6.0,,1.0,6.0,3.0,5.0,3.0,5.0,5.0,6.0,6.0,55.0,55.0,45.0,45.0,50.0,55.0,55.0,65.0,65.0,75.0,4.0,6.0,,1.0,1.0,1.0,1.0,1.0,1.0,1.0,1.0,1.0,1.0,,,,,,,1.0,1.0,1.0,2.0,2.0,2.0,2.0,2.0,1.0,2.0,2.0,2.0,1.0,1.0,1.0,1.0,2.0,1.0,2.0,1.0,1.0,2.0,2.0,1.0,1.0,1.0,2.0,1.0,1.0,2.0,2.0,1.0,2.0,2.0,2.0,2.0,1.0,2.0,1.0,2.0,,,5.0,,,6.0,,2.0,2.0,,
pid_819,,2.0,,2.0,2.0,54.0,,,2.0,380.0,,,,70.0,,2.0,4.0,5.0,1.0,1.0,5.0,5.0,4.0,5.0,5.0,5.0,,,5.0,,,,4.0,3.0,5.0,,4.0,2.0,7.0,3.0,5.0,5.0,5.0,5.0,6.0,6.0,60.0,65.0,45.0,40.0,65.0,65.0,55.0,75.0,70.0,80.0,4.0,5.0,,,,,,,,,,,,1.0,1.0,1.0,1.0,1.0,1.0,2.0,2.0,1.0,2.0,2.0,1.0,2.0,1.0,1.0,1.0,1.0,1.0,2.0,1.0,1.0,2.0,2.0,2.0,1.0,2.0,2.0,2.0,2.0,1.0,2.0,1.0,1.0,2.0,2.0,1.0,2.0,2.0,2.0,2.0,1.0,2.0,2.0,2.0,2.0,1.0,,,5.0,,,6.0,18.0,,,,3.0
pid_820,1.0,,2.0,,2.0,54.0,,,,,1.0,380.0,,70.0,2.0,,4.0,5.0,2.0,2.0,5.0,5.0,4.0,5.0,5.0,5.0,4.0,,,,,,4.0,4.0,5.0,4.0,,1.0,7.0,3.0,5.0,5.0,5.0,6.0,6.0,6.0,55.0,58.0,45.0,48.0,62.0,58.0,52.0,70.0,68.0,78.0,4.0,6.0,,1.0,1.0,1.0,1.0,1.0,1.0,1.0,1.0,1.0,1.0,,,,,,,1.0,1.0,1.0,2.0,2.0,2.0,1.0,2.0,1.0,2.0,1.0,2.0,1.0,2.0,2.0,2.0,2.0,1.0,1.0,2.0,2.0,2.0,2.0,2.0,1.0,2.0,1.0,2.0,1.0,1.0,1.0,2.0,1.0,1.0,1.0,2.0,1.0,2.0,2.0,2.0,5.0,,,6.0,,,18.0,,,6.0,
pid_821,,2.0,1.0,,,,1.0,54.0,,,1.0,380.0,30.0,,2.0,,4.0,5.0,2.0,1.0,5.0,5.0,4.0,5.0,5.0,5.0,,4.0,,4.0,3.0,5.0,,,,,4.0,2.0,6.0,5.0,5.0,6.0,5.0,5.0,6.0,6.0,50.0,60.0,45.0,35.0,65.0,60.0,50.0,70.0,65.0,80.0,4.0,,7.0,1.0,1.0,1.0,1.0,1.0,1.0,1.0,1.0,1.0,1.0,,,,,,,2.0,2.0,1.0,2.0,1.0,2.0,1.0,1.0,1.0,1.0,2.0,1.0,2.0,2.0,2.0,1.0,1.0,1.0,1.0,2.0,2.0,2.0,2.0,2.0,2.0,1.0,2.0,2.0,1.0,2.0,1.0,2.0,2.0,2.0,2.0,1.0,2.0,2.0,1.0,1.0,,5.0,,,6.0,,16.0,,,,4.0
pid_822,,1.0,,2.0,,,1.0,54.0,,,1.0,379.0,,85.0,2.0,,2.0,1.0,5.0,4.0,2.0,2.0,1.0,2.0,2.0,4.0,2.0,,,,,,4.0,3.0,5.0,,4.0,2.0,6.0,5.0,5.0,5.0,5.0,5.0,6.0,6.0,50.0,60.0,65.0,55.0,55.0,55.0,45.0,65.0,60.0,75.0,4.0,5.0,,,,,,,,,,,,1.0,1.0,1.0,1.0,1.0,1.0,1.0,2.0,2.0,1.0,2.0,1.0,2.0,2.0,2.0,2.0,1.0,2.0,1.0,2.0,1.0,2.0,2.0,1.0,1.0,1.0,1.0,1.0,1.0,1.0,1.0,1.0,2.0,1.0,1.0,1.0,1.0,1.0,1.0,2.0,1.0,1.0,1.0,2.0,2.0,1.0,4.0,,,6.0,,,18.0,,,6.0,
pid_823,,2.0,1.0,,2.0,54.0,,,,,1.0,380.0,30.0,,,2.0,5.0,5.0,1.0,1.0,5.0,5.0,5.0,5.0,5.0,5.0,,,5.0,4.0,5.0,3.0,,,,,4.0,2.0,7.0,3.0,5.0,5.0,3.0,5.0,6.0,6.0,55.0,65.0,45.0,35.0,60.0,65.0,55.0,75.0,70.0,80.0,4.0,,7.0,1.0,1.0,1.0,1.0,1.0,1.0,1.0,1.0,1.0,1.0,,,,,,,1.0,2.0,2.0,1.0,1.0,2.0,1.0,2.0,2.0,2.0,2.0,2.0,2.0,2.0,2.0,2.0,2.0,2.0,1.0,2.0,2.0,1.0,1.0,2.0,1.0,2.0,2.0,1.0,1.0,2.0,2.0,1.0,2.0,2.0,1.0,1.0,2.0,2.0,2.0,2.0,,,5.0,,,6.0,18.0,,,9.0,
pid_824,1.0,,1.0,,2.0,54.0,,,,,1.0,379.0,30.0,,,2.0,5.0,5.0,1.0,1.0,5.0,5.0,4.0,5.0,5.0,5.0,,4.0,,4.0,5.0,3.0,,,,,4.0,2.0,7.0,5.0,5.0,6.0,5.0,5.0,6.0,6.0,55.0,55.0,40.0,35.0,60.0,60.0,55.0,70.0,65.0,75.0,4.0,,7.0,,,,,,,,,,,1.0,1.0,1.0,1.0,1.0,1.0,2.0,1.0,2.0,2.0,1.0,1.0,1.0,1.0,1.0,1.0,1.0,2.0,1.0,2.0,2.0,2.0,2.0,2.0,2.0,2.0,2.0,1.0,1.0,1.0,2.0,1.0,1.0,2.0,1.0,2.0,1.0,2.0,1.0,2.0,2.0,1.0,2.0,1.0,2.0,2.0,,5.0,,,6.0,,,20.0,2.0,,
pid_825,,1.0,2.0,,,,1.0,54.0,2.0,379.0,,,50.0,,3.0,,2.0,1.0,5.0,4.0,4.0,4.0,1.0,4.0,2.0,4.0,,5.0,,,,,4.0,3.0,4.0,4.0,,2.0,6.0,5.0,5.0,5.0,5.0,5.0,6.0,6.0,45.0,35.0,60.0,55.0,55.0,50.0,40.0,65.0,45.0,70.0,4.0,,6.0,,,,,,,,,,,1.0,1.0,1.0,1.0,1.0,1.0,2.0,1.0,2.0,2.0,1.0,1.0,2.0,1.0,1.0,1.0,2.0,2.0,1.0,1.0,2.0,2.0,1.0,1.0,1.0,1.0,2.0,1.0,2.0,2.0,1.0,2.0,1.0,1.0,1.0,2.0,2.0,1.0,2.0,1.0,1.0,1.0,1.0,1.0,2.0,1.0,,4.0,,,6.0,,18.0,,,,3.0
pid_826,,1.0,2.0,,2.0,54.0,,,,,1.0,380.0,30.0,,2.0,,4.0,5.0,1.0,1.0,5.0,5.0,4.0,5.0,5.0,5.0,,,5.0,,,,4.0,4.0,5.0,6.0,,1.0,7.0,5.0,5.0,5.0,3.0,5.0,6.0,6.0,60.0,60.0,45.0,35.0,55.0,65.0,55.0,70.0,65.0,75.0,4.0,,6.0,,,,,,,,,,,1.0,1.0,1.0,1.0,1.0,1.0,2.0,1.0,2.0,2.0,2.0,2.0,2.0,2.0,2.0,1.0,1.0,2.0,1.0,1.0,2.0,1.0,1.0,2.0,1.0,1.0,1.0,2.0,2.0,1.0,1.0,2.0,2.0,2.0,2.0,2.0,2.0,1.0,2.0,1.0,2.0,1.0,2.0,2.0,2.0,1.0,,,5.0,,,6.0,,10.0,2.0,,
pid_827,,1.0,,2.0,2.0,54.0,,,,,1.0,380.0,,85.0,,3.0,2.0,1.0,5.0,4.0,2.0,2.0,1.0,3.0,2.0,2.0,2.0,,,4.0,5.0,3.0,,,,6.0,,2.0,7.0,5.0,5.0,5.0,5.0,6.0,6.0,6.0,45.0,55.0,55.0,50.0,40.0,45.0,45.0,65.0,60.0,70.0,4.0,6.0,,1.0,1.0,1.0,1.0,1.0,1.0,1.0,1.0,1.0,1.0,,,,,,,1.0,1.0,1.0,1.0,2.0,1.0,1.0,2.0,1.0,2.0,1.0,1.0,2.0,2.0,1.0,1.0,1.0,1.0,2.0,2.0,1.0,1.0,1.0,2.0,2.0,1.0,2.0,1.0,2.0,2.0,1.0,2.0,1.0,1.0,1.0,1.0,2.0,1.0,1.0,1.0,4.0,,,5.0,,,18.0,,,,3.0
pid_828,,1.0,1.0,,,,1.0,54.0,2.0,379.0,,,30.0,,,3.0,4.0,4.0,4.0,2.0,4.0,4.0,2.0,4.0,4.0,4.0,,,4.0,,,,4.0,5.0,3.0,,4.0,1.0,6.0,5.0,5.0,5.0,3.0,5.0,6.0,6.0,55.0,65.0,45.0,40.0,60.0,65.0,45.0,65.0,65.0,75.0,4.0,6.0,,1.0,1.0,1.0,1.0,1.0,1.0,1.0,1.0,1.0,1.0,,,,,,,1.0,2.0,2.0,2.0,2.0,2.0,1.0,2.0,1.0,2.0,1.0,1.0,2.0,2.0,1.0,1.0,1.0,2.0,2.0,1.0,2.0,1.0,2.0,1.0,1.0,1.0,1.0,2.0,2.0,2.0,1.0,1.0,1.0,1.0,2.0,1.0,2.0,1.0,1.0,1.0,,,5.0,,,6.0,,0.0,,,4.0
pid_829,1.0,,1.0,,2.0,54.0,,,2.0,400.0,,,,70.0,2.0,,4.0,5.0,1.0,1.0,5.0,5.0,4.0,5.0,5.0,5.0,,,5.0,,,,4.0,3.0,5.0,,4.0,1.0,6.0,5.0,5.0,5.0,5.0,5.0,6.0,6.0,55.0,55.0,45.0,35.0,60.0,58.0,50.0,70.0,65.0,75.0,4.0,,6.0,1.0,1.0,1.0,1.0,1.0,1.0,1.0,1.0,1.0,1.0,,,,,,,2.0,2.0,1.0,2.0,2.0,1.0,2.0,2.0,2.0,2.0,1.0,2.0,2.0,1.0,2.0,1.0,2.0,1.0,1.0,2.0,2.0,2.0,2.0,1.0,1.0,2.0,1.0,1.0,2.0,1.0,1.0,2.0,2.0,1.0,2.0,2.0,1.0,2.0,2.0,1.0,,,5.0,,,6.0,,20.0,,,4.0
pid_830,1.0,,1.0,,,,1.0,30.0,,,1.0,300.0,,70.0,,1.0,4.0,5.0,1.0,1.0,5.0,5.0,4.0,5.0,5.0,5.0,,5.0,,,,,4.0,3.0,5.0,,4.0,2.0,7.0,5.0,6.0,6.0,3.0,5.0,6.0,5.0,60.0,55.0,45.0,40.0,55.0,60.0,55.0,70.0,65.0,75.0,4.0,6.0,,,,,,,,,,,,1.0,1.0,1.0,1.0,1.0,1.0,1.0,2.0,2.0,2.0,2.0,2.0,2.0,2.0,1.0,2.0,1.0,1.0,2.0,1.0,1.0,1.0,1.0,1.0,1.0,2.0,1.0,1.0,1.0,1.0,2.0,1.0,2.0,1.0,2.0,2.0,1.0,1.0,2.0,1.0,2.0,1.0,2.0,1.0,2.0,1.0,,5.0,,,6.0,,,20.0,,9.0,
pid_831,,1.0,1.0,,2.0,50.0,,,,,1.0,300.0,,70.0,,1.0,1.0,1.0,5.0,4.0,1.0,2.0,1.0,2.0,1.0,2.0,,,5.0,,,,4.0,3.0,2.0,4.0,,1.0,6.0,5.0,5.0,5.0,5.0,5.0,6.0,6.0,45.0,55.0,60.0,45.0,55.0,50.0,45.0,65.0,60.0,75.0,4.0,,6.0,1.0,1.0,1.0,1.0,1.0,1.0,1.0,1.0,1.0,1.0,,,,,,,1.0,1.0,2.0,2.0,2.0,2.0,2.0,1.0,2.0,2.0,2.0,1.0,2.0,2.0,1.0,1.0,2.0,1.0,2.0,1.0,2.0,2.0,2.0,2.0,2.0,2.0,2.0,1.0,1.0,2.0,2.0,1.0,1.0,2.0,2.0,1.0,1.0,1.0,1.0,2.0,,,5.0,,,6.0,,20.0,,9.0,
pid_832,1.0,,,2.0,2.0,54.0,,,,,1.0,379.0,,70.0,2.0,,4.0,5.0,1.0,1.0,5.0,5.0,4.0,5.0,5.0,5.0,,,5.0,,,,4.0,5.0,3.0,,6.0,1.0,7.0,5.0,5.0,3.0,3.0,5.0,6.0,6.0,65.0,60.0,35.0,40.0,60.0,65.0,55.0,75.0,70.0,80.0,4.0,6.0,,1.0,1.0,1.0,1.0,1.0,1.0,1.0,1.0,1.0,1.0,,,,,,,2.0,1.0,1.0,2.0,2.0,1.0,1.0,2.0,2.0,2.0,1.0,1.0,2.0,1.0,2.0,2.0,2.0,1.0,2.0,2.0,1.0,1.0,2.0,2.0,1.0,1.0,1.0,1.0,2.0,2.0,1.0,2.0,2.0,2.0,1.0,1.0,1.0,2.0,2.0,2.0,,,5.0,,,6.0,18.0,,,6.0,
pid_833,,1.0,,2.0,2.0,54.0,,,,,1.0,379.0,,70.0,2.0,,4.0,5.0,1.0,1.0,5.0,5.0,4.0,5.0,5.0,5.0,,5.0,,,,,4.0,5.0,5.0,,4.0,2.0,7.0,5.0,5.0,3.0,5.0,5.0,6.0,6.0,65.0,60.0,42.0,35.0,60.0,62.0,55.0,72.0,65.0,78.0,4.0,,6.0,,,,,,,,,,,1.0,1.0,1.0,1.0,1.0,1.0,1.0,2.0,1.0,2.0,1.0,1.0,1.0,2.0,2.0,2.0,2.0,2.0,1.0,2.0,1.0,1.0,2.0,2.0,1.0,2.0,2.0,1.0,1.0,2.0,1.0,1.0,1.0,2.0,1.0,2.0,1.0,2.0,1.0,2.0,1.0,2.0,1.0,2.0,1.0,2.0,,5.0,,,6.0,,18.0,,,6.0,
pid_834,,1.0,,2.0,,,1.0,54.0,2.0,380.0,,,,70.0,3.0,,4.0,5.0,2.0,2.0,5.0,5.0,2.0,5.0,5.0,5.0,4.0,,,,,,4.0,3.0,5.0,,4.0,2.0,6.0,5.0,5.0,5.0,5.0,6.0,6.0,6.0,55.0,60.0,50.0,45.0,65.0,65.0,55.0,70.0,65.0,80.0,4.0,6.0,,1.0,1.0,1.0,1.0,1.0,1.0,1.0,1.0,1.0,1.0,,,,,,,1.0,2.0,1.0,2.0,1.0,1.0,1.0,2.0,1.0,1.0,1.0,1.0,2.0,2.0,2.0,2.0,2.0,2.0,2.0,1.0,2.0,2.0,2.0,2.0,1.0,2.0,2.0,2.0,2.0,2.0,1.0,2.0,2.0,2.0,1.0,2.0,1.0,2.0,1.0,2.0,5.0,,,6.0,,,,20.0,2.0,,
pid_835,,1.0,1.0,,2.0,54.0,,,2.0,380.0,,,,70.0,,2.0,5.0,5.0,1.0,1.0,5.0,5.0,4.0,5.0,5.0,5.0,,4.0,,,,,4.0,5.0,5.0,,5.0,2.0,7.0,3.0,5.0,5.0,5.0,5.0,6.0,6.0,62.0,58.0,48.0,42.0,58.0,61.0,55.0,69.0,68.0,76.0,4.0,7.0,,,,,,,,,,,,1.0,1.0,1.0,1.0,1.0,1.0,2.0,1.0,1.0,2.0,2.0,1.0,1.0,1.0,1.0,1.0,2.0,1.0,1.0,2.0,2.0,1.0,1.0,2.0,2.0,1.0,1.0,1.0,2.0,2.0,2.0,2.0,2.0,1.0,2.0,1.0,2.0,2.0,1.0,2.0,2.0,1.0,2.0,2.0,2.0,2.0,,5.0,,,6.0,,18.0,,,,4.0
pid_836,1.0,,1.0,,,,1.0,54.0,2.0,380.0,,,30.0,,2.0,,5.0,5.0,1.0,1.0,5.0,5.0,5.0,5.0,5.0,5.0,,,5.0,,,,4.0,5.0,5.0,,4.0,2.0,7.0,3.0,5.0,5.0,5.0,5.0,6.0,6.0,60.0,60.0,35.0,35.0,65.0,65.0,55.0,70.0,65.0,75.0,4.0,6.0,,1.0,1.0,1.0,1.0,1.0,1.0,1.0,1.0,1.0,1.0,,,,,,,2.0,1.0,2.0,2.0,2.0,1.0,2.0,2.0,2.0,2.0,1.0,1.0,2.0,2.0,1.0,2.0,1.0,1.0,2.0,2.0,1.0,2.0,2.0,2.0,1.0,2.0,2.0,2.0,1.0,2.0,2.0,1.0,2.0,2.0,2.0,2.0,2.0,2.0,1.0,2.0,,,5.0,,,6.0,,20.0,2.0,,
pid_837,1.0,,1.0,,,,1.0,20.0,2.0,350.0,,,35.0,,,1.0,5.0,5.0,1.0,1.0,5.0,5.0,4.0,5.0,5.0,5.0,,5.0,,,,,5.0,4.0,5.0,,5.0,2.0,7.0,3.0,5.0,5.0,5.0,6.0,6.0,6.0,55.0,60.0,40.0,35.0,60.0,65.0,55.0,75.0,70.0,75.0,4.0,6.0,,1.0,1.0,1.0,1.0,1.0,1.0,1.0,1.0,1.0,1.0,,,,,,,2.0,2.0,2.0,2.0,2.0,1.0,2.0,2.0,2.0,2.0,1.0,1.0,2.0,1.0,2.0,1.0,2.0,1.0,2.0,2.0,2.0,2.0,2.0,2.0,2.0,2.0,2.0,1.0,1.0,2.0,1.0,1.0,2.0,1.0,1.0,2.0,1.0,1.0,1.0,2.0,,5.0,,,6.0,,16.0,,,9.0,
pid_838,,1.0,1.0,,2.0,54.0,,,2.0,380.0,,,,75.0,,3.0,4.0,5.0,2.0,1.0,5.0,5.0,4.0,5.0,5.0,5.0,,5.0,,5.0,4.0,3.0,,,,,4.0,2.0,7.0,5.0,5.0,5.0,3.0,5.0,6.0,6.0,55.0,65.0,40.0,35.0,60.0,60.0,50.0,75.0,65.0,80.0,4.0,,7.0,,,,,,,,,,,1.0,1.0,1.0,1.0,1.0,1.0,1.0,1.0,1.0,2.0,1.0,1.0,2.0,1.0,2.0,2.0,2.0,2.0,2.0,1.0,2.0,1.0,1.0,2.0,1.0,1.0,1.0,1.0,2.0,2.0,1.0,2.0,2.0,2.0,1.0,2.0,2.0,1.0,2.0,2.0,1.0,2.0,1.0,2.0,1.0,1.0,,5.0,,,6.0,,,20.0,3.0,,
pid_839,1.0,,,2.0,,,1.0,54.0,2.0,380.0,,,30.0,,,2.0,4.0,5.0,1.0,1.0,5.0,5.0,4.0,5.0,5.0,5.0,,,5.0,,,,4.0,4.0,5.0,,4.0,1.0,6.0,5.0,5.0,3.0,5.0,6.0,6.0,6.0,45.0,55.0,42.0,38.0,58.0,62.0,48.0,70.0,65.0,72.0,4.0,,6.0,1.0,1.0,1.0,1.0,1.0,1.0,1.0,1.0,1.0,1.0,,,,,,,1.0,1.0,2.0,1.0,1.0,2.0,1.0,2.0,1.0,1.0,1.0,2.0,1.0,1.0,1.0,2.0,2.0,1.0,1.0,2.0,2.0,2.0,2.0,2.0,1.0,1.0,1.0,2.0,1.0,2.0,2.0,1.0,1.0,2.0,2.0,1.0,2.0,1.0,2.0,1.0,,,,,,6.0,15.0,,,,6.0
pid_840,1.0,,1.0,,2.0,54.0,,,,,1.0,379.0,,70.0,,3.0,2.0,2.0,4.0,4.0,3.0,4.0,1.0,4.0,2.0,4.0,,,5.0,4.0,5.0,,,,,,4.0,1.0,6.0,5.0,5.0,5.0,3.0,5.0,6.0,6.0,55.0,60.0,55.0,45.0,60.0,65.0,45.0,70.0,65.0,75.0,4.0,6.0,,,,,,,,,,,,1.0,1.0,1.0,1.0,1.0,1.0,1.0,1.0,2.0,2.0,2.0,1.0,2.0,2.0,1.0,1.0,2.0,2.0,1.0,1.0,2.0,2.0,1.0,1.0,2.0,1.0,1.0,2.0,2.0,1.0,1.0,2.0,1.0,2.0,1.0,2.0,1.0,2.0,1.0,1.0,2.0,2.0,1.0,2.0,2.0,1.0,,,5.0,,,6.0,,20.0,,6.0,
pid_841,,1.0,,2.0,2.0,54.0,,,,,1.0,350.0,30.0,,,2.0,2.0,4.0,4.0,2.0,4.0,4.0,1.0,4.0,2.0,4.0,,4.0,,4.0,5.0,3.0,,,,,4.0,2.0,6.0,5.0,5.0,6.0,3.0,5.0,6.0,5.0,55.0,65.0,60.0,55.0,60.0,60.0,50.0,70.0,65.0,80.0,4.0,,6.0,1.0,1.0,1.0,1.0,1.0,1.0,1.0,1.0,1.0,1.0,,,,,,,2.0,2.0,1.0,1.0,2.0,1.0,2.0,1.0,1.0,2.0,2.0,1.0,2.0,2.0,1.0,1.0,1.0,1.0,2.0,2.0,2.0,2.0,2.0,1.0,2.0,1.0,1.0,1.0,1.0,2.0,2.0,1.0,1.0,1.0,2.0,1.0,2.0,2.0,1.0,1.0,,5.0,,,6.0,,17.0,,,9.0,
pid_842,1.0,,1.0,,,,1.0,54.0,2.0,380.0,,,,70.0,2.0,,4.0,5.0,2.0,1.0,5.0,5.0,4.0,5.0,5.0,5.0,1.0,,,4.0,3.0,2.0,,,,6.0,,2.0,7.0,3.0,5.0,5.0,5.0,5.0,6.0,6.0,65.0,64.0,42.0,35.0,62.0,68.0,55.0,72.0,67.0,78.0,4.0,,6.0,,,,,,,,,,,1.0,1.0,1.0,1.0,1.0,1.0,2.0,1.0,1.0,1.0,2.0,1.0,2.0,2.0,1.0,2.0,2.0,2.0,2.0,2.0,2.0,2.0,2.0,2.0,2.0,1.0,2.0,2.0,1.0,2.0,2.0,1.0,1.0,2.0,2.0,2.0,2.0,1.0,2.0,2.0,2.0,2.0,1.0,2.0,1.0,2.0,5.0,,,6.0,,,18.0,,,,3.0
pid_843,,1.0,,2.0,,,1.0,54.0,2.0,380.0,,,,70.0,4.0,,4.0,5.0,1.0,1.0,5.0,5.0,5.0,5.0,5.0,5.0,4.0,,,,,,4.0,3.0,4.0,6.0,,1.0,6.0,5.0,5.0,5.0,5.0,6.0,6.0,6.0,55.0,60.0,45.0,40.0,60.0,65.0,55.0,70.0,65.0,75.0,4.0,,6.0,1.0,1.0,1.0,1.0,1.0,1.0,1.0,1.0,1.0,1.0,,,,,,,1.0,2.0,2.0,1.0,2.0,2.0,2.0,1.0,1.0,1.0,2.0,2.0,2.0,1.0,2.0,1.0,1.0,1.0,2.0,1.0,2.0,2.0,2.0,1.0,2.0,2.0,2.0,2.0,2.0,2.0,2.0,1.0,2.0,1.0,2.0,2.0,1.0,2.0,1.0,1.0,5.0,,,6.0,,,,15.0,,,4.0
pid_844,1.0,,,1.0,2.0,54.0,,,,,1.0,380.0,,85.0,3.0,,4.0,5.0,1.0,1.0,5.0,5.0,4.0,5.0,5.0,5.0,,,5.0,5.0,5.0,3.0,,,,,4.0,1.0,6.0,5.0,5.0,5.0,5.0,5.0,6.0,6.0,62.0,61.0,43.0,48.0,67.0,59.0,55.0,74.0,68.0,82.0,4.0,,6.0,,,,,,,,,,,1.0,1.0,1.0,1.0,1.0,1.0,2.0,1.0,1.0,1.0,2.0,2.0,1.0,2.0,1.0,1.0,2.0,2.0,1.0,2.0,2.0,2.0,2.0,2.0,1.0,2.0,1.0,1.0,1.0,1.0,1.0,2.0,1.0,1.0,1.0,1.0,1.0,1.0,1.0,2.0,1.0,2.0,1.0,1.0,2.0,2.0,,,4.0,,,6.0,15.0,,3.0,,
pid_845,1.0,,2.0,,,,1.0,54.0,2.0,379.0,,,,70.0,,5.0,5.0,5.0,1.0,2.0,5.0,5.0,4.0,5.0,5.0,5.0,2.0,,,,,,4.0,5.0,5.0,,4.0,1.0,6.0,5.0,5.0,3.0,5.0,6.0,6.0,6.0,60.0,65.0,45.0,40.0,55.0,65.0,55.0,75.0,65.0,80.0,4.0,,6.0,,,,,,,,,,,1.0,1.0,1.0,1.0,1.0,1.0,2.0,2.0,2.0,1.0,2.0,2.0,2.0,1.0,1.0,2.0,2.0,2.0,1.0,2.0,2.0,1.0,1.0,2.0,1.0,1.0,2.0,1.0,1.0,1.0,1.0,2.0,2.0,1.0,1.0,2.0,1.0,2.0,2.0,1.0,2.0,2.0,2.0,1.0,2.0,1.0,5.0,,,5.0,,,15.0,,3.0,,
pid_846,,2.0,2.0,,,,1.0,54.0,2.0,379.0,,,30.0,,3.0,,5.0,5.0,1.0,1.0,5.0,5.0,5.0,5.0,5.0,5.0,,5.0,,,,,4.0,5.0,5.0,6.0,,2.0,7.0,3.0,5.0,2.0,5.0,5.0,6.0,6.0,55.0,65.0,35.0,40.0,60.0,60.0,55.0,75.0,70.0,75.0,4.0,7.0,,1.0,1.0,1.0,1.0,1.0,1.0,1.0,1.0,1.0,1.0,,,,,,,2.0,2.0,2.0,2.0,2.0,2.0,1.0,2.0,2.0,2.0,1.0,1.0,2.0,2.0,2.0,2.0,2.0,2.0,2.0,1.0,2.0,2.0,2.0,1.0,1.0,1.0,1.0,2.0,2.0,2.0,2.0,1.0,1.0,2.0,2.0,2.0,2.0,1.0,2.0,1.0,,5.0,,,6.0,,,20.0,2.0,,
pid_847,1.0,,,2.0,2.0,54.0,,,2.0,380.0,,,30.0,,2.0,,5.0,5.0,1.0,1.0,5.0,5.0,4.0,5.0,5.0,5.0,,5.0,,,,,3.0,4.0,5.0,6.0,,2.0,7.0,5.0,5.0,5.0,5.0,5.0,6.0,6.0,60.0,55.0,45.0,40.0,55.0,60.0,50.0,70.0,65.0,75.0,4.0,6.0,,1.0,1.0,1.0,1.0,1.0,1.0,1.0,1.0,1.0,1.0,,,,,,,2.0,2.0,2.0,1.0,2.0,1.0,2.0,2.0,2.0,2.0,1.0,2.0,1.0,2.0,2.0,1.0,1.0,2.0,2.0,2.0,2.0,2.0,2.0,1.0,1.0,2.0,1.0,2.0,2.0,2.0,2.0,2.0,2.0,2.0,1.0,2.0,1.0,1.0,1.0,2.0,,5.0,,,6.0,,18.0,,1.0,,
pid_848,1.0,,2.0,,,,1.0,54.0,2.0,380.0,,,30.0,,,2.0,5.0,5.0,1.0,1.0,5.0,5.0,4.0,5.0,5.0,5.0,4.0,,,4.0,3.0,2.0,,,,4.0,,2.0,7.0,5.0,5.0,5.0,3.0,5.0,6.0,5.0,55.0,58.0,40.0,35.0,60.0,58.0,52.0,70.0,65.0,75.0,4.0,,6.0,1.0,1.0,1.0,1.0,1.0,1.0,1.0,1.0,1.0,1.0,,,,,,,1.0,2.0,1.0,2.0,2.0,1.0,2.0,2.0,2.0,1.0,2.0,1.0,2.0,2.0,2.0,1.0,2.0,2.0,1.0,2.0,2.0,1.0,2.0,1.0,1.0,2.0,2.0,2.0,1.0,2.0,1.0,2.0,1.0,2.0,1.0,2.0,2.0,1.0,2.0,1.0,5.0,,,6.0,,,,15.0,3.0,,
pid_849,,1.0,,2.0,,,1.0,54.0,,,1.0,379.0,,70.0,,4.0,4.0,5.0,1.0,1.0,5.0,5.0,4.0,5.0,5.0,5.0,,5.0,,,,,3.0,4.0,5.0,,4.0,2.0,6.0,3.0,5.0,5.0,5.0,5.0,6.0,6.0,55.0,60.0,45.0,35.0,60.0,65.0,55.0,75.0,65.0,75.0,4.0,7.0,,1.0,1.0,1.0,1.0,1.0,1.0,1.0,1.0,1.0,1.0,,,,,,,2.0,1.0,2.0,1.0,2.0,2.0,2.0,1.0,2.0,1.0,2.0,1.0,1.0,2.0,1.0,2.0,2.0,2.0,2.0,2.0,1.0,2.0,2.0,2.0,2.0,2.0,2.0,2.0,1.0,2.0,2.0,1.0,2.0,2.0,2.0,2.0,2.0,2.0,2.0,1.0,,5.0,,,6.0,,18.0,,1.0,,
pid_850,1.0,,2.0,,,,1.0,54.0,,,1.0,379.0,,70.0,,3.0,5.0,5.0,1.0,1.0,5.0,5.0,5.0,5.0,5.0,5.0,,5.0,,5.0,5.0,3.0,,,,,4.0,2.0,7.0,5.0,5.0,5.0,5.0,6.0,6.0,6.0,65.0,60.0,40.0,35.0,60.0,65.0,55.0,75.0,70.0,80.0,4.0,,7.0,1.0,1.0,1.0,1.0,1.0,1.0,1.0,1.0,1.0,1.0,,,,,,,2.0,1.0,2.0,1.0,2.0,1.0,1.0,2.0,2.0,1.0,1.0,2.0,2.0,2.0,1.0,2.0,1.0,2.0,2.0,2.0,2.0,1.0,1.0,2.0,1.0,1.0,1.0,2.0,2.0,1.0,1.0,1.0,1.0,2.0,1.0,2.0,2.0,2.0,2.0,2.0,,5.0,,,6.0,,,20.0,,9.0,
pid_851,1.0,,,2.0,2.0,54.0,,,,,1.0,379.0,30.0,,2.0,,4.0,5.0,2.0,1.0,5.0,4.0,2.0,5.0,4.0,4.0,1.0,,,,,,3.0,4.0,5.0,4.0,,2.0,6.0,3.0,5.0,5.0,5.0,5.0,6.0,6.0,55.0,,,,60.0,58.0,52.0,,65.0,,4.0,6.0,,,,,,,,,,,,1.0,1.0,1.0,1.0,1.0,1.0,1.0,1.0,1.0,2.0,2.0,2.0,2.0,2.0,2.0,1.0,2.0,1.0,1.0,2.0,2.0,1.0,1.0,2.0,2.0,2.0,2.0,2.0,2.0,1.0,1.0,2.0,1.0,1.0,2.0,1.0,2.0,1.0,2.0,2.0,1.0,1.0,2.0,2.0,1.0,2.0,5.0,,,5.0,,,18.0,,,,4.0
pid_852,1.0,,,2.0,2.0,55.0,,,2.0,380.0,,,,70.0,,2.0,4.0,5.0,1.0,1.0,5.0,5.0,4.0,5.0,5.0,4.0,2.0,,,,,,4.0,4.0,5.0,,4.0,1.0,6.0,5.0,5.0,3.0,5.0,5.0,6.0,6.0,55.0,63.0,48.0,38.0,62.0,65.0,50.0,72.0,68.0,76.0,4.0,7.0,,1.0,1.0,1.0,1.0,1.0,1.0,1.0,1.0,1.0,1.0,,,,,,,2.0,2.0,2.0,2.0,1.0,2.0,2.0,1.0,2.0,2.0,2.0,1.0,1.0,1.0,1.0,1.0,1.0,1.0,2.0,2.0,1.0,2.0,1.0,1.0,1.0,2.0,2.0,2.0,1.0,2.0,1.0,1.0,2.0,1.0,2.0,2.0,1.0,1.0,2.0,1.0,4.0,,,6.0,,,18.0,,,9.0,
pid_853,1.0,,1.0,,2.0,54.0,,,2.0,380.0,,,,70.0,2.0,,4.0,4.0,2.0,2.0,4.0,4.0,2.0,5.0,4.0,4.0,4.0,,,,,,4.0,3.0,5.0,4.0,,2.0,6.0,3.0,5.0,5.0,5.0,5.0,6.0,6.0,60.0,60.0,50.0,40.0,55.0,65.0,50.0,70.0,65.0,75.0,4.0,,6.0,,,,,,,,,,,1.0,1.0,1.0,1.0,1.0,1.0,2.0,2.0,2.0,2.0,1.0,1.0,2.0,1.0,2.0,1.0,2.0,1.0,2.0,1.0,1.0,2.0,2.0,1.0,2.0,2.0,2.0,1.0,2.0,1.0,1.0,1.0,2.0,1.0,2.0,2.0,1.0,1.0,2.0,2.0,2.0,1.0,2.0,1.0,2.0,1.0,4.0,,,6.0,,,18.0,,,9.0,
pid_854,,1.0,,2.0,2.0,54.0,,,2.0,380.0,,,30.0,,2.0,,4.0,5.0,1.0,1.0,5.0,5.0,4.0,5.0,5.0,5.0,,,4.0,4.0,5.0,3.0,,,,,4.0,2.0,7.0,3.0,5.0,5.0,5.0,6.0,6.0,6.0,55.0,58.0,45.0,38.0,60.0,58.0,52.0,68.0,64.0,72.0,4.0,,6.0,1.0,1.0,1.0,1.0,1.0,1.0,1.0,1.0,1.0,1.0,,,,,,,2.0,1.0,2.0,1.0,2.0,1.0,2.0,1.0,1.0,2.0,2.0,1.0,2.0,1.0,1.0,1.0,2.0,1.0,2.0,2.0,1.0,2.0,1.0,2.0,2.0,2.0,1.0,1.0,2.0,1.0,1.0,2.0,2.0,2.0,1.0,1.0,1.0,1.0,1.0,2.0,,,5.0,,,6.0,18.0,,,6.0,
pid_855,,1.0,,2.0,,,1.0,54.0,2.0,380.0,,,40.0,,5.0,,4.0,5.0,2.0,1.0,4.0,4.0,3.0,4.0,4.0,4.0,,5.0,,,,,4.0,5.0,3.0,,4.0,1.0,6.0,3.0,5.0,5.0,5.0,5.0,6.0,6.0,55.0,60.0,55.0,40.0,60.0,65.0,55.0,70.0,65.0,75.0,4.0,,7.0,1.0,1.0,1.0,1.0,1.0,1.0,1.0,1.0,1.0,1.0,,,,,,,2.0,2.0,1.0,2.0,1.0,2.0,1.0,2.0,1.0,1.0,2.0,1.0,1.0,2.0,2.0,2.0,1.0,2.0,2.0,1.0,2.0,2.0,2.0,2.0,2.0,2.0,1.0,1.0,2.0,2.0,2.0,2.0,2.0,1.0,1.0,2.0,1.0,2.0,1.0,1.0,,5.0,,,6.0,,,20.0,,,3.0
pid_856,,1.0,,2.0,,,1.0,54.0,2.0,380.0,,,70.0,,,6.0,4.0,5.0,4.0,3.0,4.0,4.0,2.0,4.0,2.0,4.0,,5.0,,4.0,5.0,3.0,,,,,4.0,1.0,6.0,3.0,5.0,5.0,3.0,5.0,6.0,6.0,55.0,65.0,55.0,45.0,60.0,62.0,48.0,67.0,63.0,78.0,4.0,6.0,,,,,,,,,,,,1.0,1.0,1.0,1.0,1.0,1.0,2.0,2.0,1.0,2.0,1.0,2.0,1.0,1.0,2.0,2.0,2.0,2.0,1.0,2.0,2.0,2.0,2.0,2.0,1.0,2.0,1.0,1.0,2.0,1.0,2.0,1.0,1.0,1.0,1.0,2.0,2.0,1.0,2.0,1.0,2.0,2.0,1.0,1.0,1.0,1.0,,5.0,,,6.0,,18.0,,2.0,,
pid_857,1.0,,2.0,,2.0,54.0,,,,,1.0,380.0,,75.0,2.0,,4.0,5.0,1.0,1.0,5.0,5.0,4.0,5.0,5.0,5.0,1.0,,,4.0,5.0,,,,,,4.0,2.0,7.0,5.0,5.0,5.0,3.0,6.0,6.0,6.0,55.0,65.0,45.0,40.0,60.0,65.0,55.0,75.0,65.0,75.0,4.0,,6.0,,,,,,,,,,,1.0,1.0,1.0,1.0,1.0,1.0,2.0,1.0,1.0,1.0,2.0,1.0,1.0,2.0,1.0,2.0,1.0,2.0,2.0,1.0,2.0,2.0,2.0,1.0,1.0,2.0,1.0,1.0,1.0,1.0,1.0,2.0,2.0,1.0,1.0,1.0,2.0,1.0,1.0,2.0,2.0,1.0,1.0,2.0,1.0,2.0,5.0,,,6.0,,,,5.0,,,4.0
pid_858,1.0,,1.0,,,,1.0,54.0,,,1.0,379.0,30.0,,,1.0,5.0,5.0,1.0,1.0,5.0,5.0,5.0,5.0,5.0,5.0,1.0,,,4.0,5.0,2.0,,,,6.0,,2.0,7.0,5.0,3.0,5.0,5.0,6.0,6.0,6.0,65.0,60.0,45.0,35.0,60.0,65.0,55.0,70.0,65.0,80.0,4.0,6.0,,1.0,1.0,1.0,1.0,1.0,1.0,1.0,1.0,1.0,1.0,,,,,,,1.0,2.0,2.0,2.0,1.0,1.0,1.0,1.0,2.0,2.0,1.0,1.0,1.0,1.0,2.0,2.0,2.0,1.0,2.0,1.0,1.0,1.0,2.0,2.0,1.0,2.0,2.0,2.0,2.0,2.0,2.0,1.0,1.0,2.0,2.0,1.0,2.0,1.0,1.0,2.0,5.0,,,6.0,,,,0.0,,9.0,
pid_859,1.0,,1.0,,,,1.0,54.0,,,1.0,300.0,,75.0,2.0,,2.0,4.0,5.0,2.0,4.0,4.0,2.0,4.0,2.0,4.0,,5.0,,,,,4.0,5.0,5.0,,6.0,2.0,6.0,5.0,5.0,5.0,3.0,5.0,6.0,6.0,55.0,60.0,55.0,45.0,50.0,55.0,45.0,70.0,65.0,75.0,4.0,,7.0,1.0,1.0,1.0,1.0,1.0,1.0,1.0,1.0,1.0,1.0,,,,,,,1.0,1.0,2.0,1.0,2.0,2.0,1.0,1.0,2.0,1.0,1.0,2.0,1.0,2.0,1.0,2.0,2.0,1.0,1.0,1.0,2.0,2.0,2.0,1.0,2.0,2.0,2.0,2.0,1.0,1.0,2.0,1.0,2.0,1.0,1.0,1.0,1.0,1.0,1.0,2.0,,4.0,,,6.0,,18.0,,,,3.0
pid_860,,1.0,,2.0,,,1.0,54.0,,,1.0,379.0,,75.0,2.0,,5.0,5.0,1.0,1.0,5.0,5.0,4.0,5.0,5.0,5.0,,5.0,,5.0,5.0,2.0,,,,,4.0,2.0,6.0,2.0,5.0,3.0,5.0,6.0,6.0,6.0,60.0,60.0,50.0,45.0,65.0,68.0,55.0,75.0,65.0,80.0,4.0,,6.0,1.0,1.0,1.0,1.0,1.0,1.0,1.0,1.0,1.0,1.0,,,,,,,1.0,2.0,2.0,1.0,2.0,2.0,2.0,1.0,2.0,2.0,2.0,1.0,1.0,2.0,1.0,2.0,2.0,2.0,1.0,1.0,2.0,1.0,2.0,2.0,1.0,1.0,2.0,2.0,1.0,1.0,2.0,2.0,1.0,2.0,2.0,1.0,2.0,1.0,2.0,2.0,,5.0,,,6.0,,,18.0,3.0,,
pid_861,,2.0,1.0,,2.0,54.0,,,2.0,379.0,,,30.0,,2.0,,4.0,5.0,2.0,2.0,5.0,5.0,4.0,5.0,4.0,5.0,,5.0,,4.0,2.0,3.0,,,,6.0,,2.0,7.0,3.0,5.0,5.0,3.0,5.0,6.0,6.0,60.0,65.0,55.0,45.0,65.0,65.0,55.0,75.0,65.0,80.0,4.0,,7.0,1.0,1.0,1.0,1.0,1.0,1.0,1.0,1.0,1.0,1.0,,,,,,,1.0,1.0,2.0,2.0,2.0,2.0,2.0,2.0,2.0,1.0,1.0,1.0,2.0,2.0,1.0,1.0,2.0,1.0,2.0,1.0,2.0,1.0,2.0,1.0,2.0,2.0,2.0,1.0,1.0,1.0,2.0,2.0,2.0,2.0,1.0,1.0,2.0,2.0,1.0,1.0,,5.0,,,6.0,,18.0,,,,3.0
pid_862,1.0,,,2.0,,,1.0,54.0,,,1.0,380.0,30.0,,2.0,,4.0,5.0,1.0,1.0,5.0,5.0,4.0,5.0,5.0,5.0,,5.0,,,,,4.0,3.0,5.0,,4.0,2.0,6.0,3.0,5.0,5.0,3.0,5.0,6.0,6.0,55.0,60.0,45.0,35.0,60.0,65.0,50.0,70.0,65.0,75.0,4.0,,6.0,1.0,1.0,1.0,1.0,1.0,1.0,1.0,1.0,1.0,1.0,,,,,,,1.0,2.0,2.0,1.0,1.0,2.0,1.0,1.0,1.0,2.0,2.0,1.0,1.0,1.0,2.0,1.0,2.0,1.0,1.0,2.0,1.0,2.0,1.0,2.0,1.0,2.0,1.0,1.0,1.0,1.0,2.0,1.0,1.0,1.0,1.0,2.0,1.0,1.0,2.0,1.0,,5.0,,,6.0,,,20.0,,,3.0
pid_863,,1.0,1.0,,2.0,54.0,,,,,1.0,300.0,40.0,,2.0,,4.0,5.0,1.0,1.0,5.0,4.0,4.0,5.0,5.0,5.0,,,5.0,4.0,5.0,2.0,,,,4.0,,1.0,6.0,3.0,5.0,5.0,3.0,5.0,6.0,6.0,55.0,60.0,45.0,35.0,60.0,58.0,52.0,70.0,65.0,75.0,4.0,6.0,,,,,,,,,,,,1.0,1.0,1.0,1.0,1.0,1.0,1.0,2.0,2.0,1.0,2.0,1.0,1.0,2.0,1.0,2.0,2.0,1.0,2.0,2.0,1.0,2.0,2.0,2.0,2.0,2.0,2.0,1.0,2.0,1.0,2.0,2.0,1.0,1.0,2.0,2.0,2.0,1.0,2.0,2.0,2.0,1.0,1.0,2.0,1.0,1.0,,,5.0,,,6.0,17.0,,,,6.0
pid_864,1.0,,1.0,,2.0,54.0,,,,,1.0,380.0,,70.0,2.0,,2.0,1.0,5.0,4.0,2.0,2.0,1.0,2.0,1.0,2.0,,,5.0,4.0,5.0,3.0,,,,,4.0,2.0,7.0,3.0,5.0,5.0,3.0,5.0,6.0,6.0,55.0,65.0,55.0,45.0,60.0,65.0,55.0,75.0,70.0,80.0,4.0,,7.0,1.0,1.0,1.0,1.0,1.0,1.0,1.0,1.0,1.0,1.0,,,,,,,2.0,1.0,2.0,1.0,1.0,1.0,2.0,2.0,2.0,1.0,1.0,2.0,1.0,1.0,1.0,1.0,1.0,1.0,1.0,1.0,1.0,1.0,2.0,1.0,1.0,2.0,1.0,1.0,2.0,2.0,1.0,1.0,1.0,2.0,1.0,2.0,1.0,1.0,2.0,2.0,,,5.0,,,6.0,15.0,,,,4.0
pid_865,,2.0,,2.0,,,1.0,54.0,2.0,380.0,,,50.0,,3.0,,2.0,1.0,5.0,4.0,2.0,2.0,1.0,2.0,2.0,4.0,4.0,,,,,,4.0,5.0,5.0,6.0,,2.0,7.0,5.0,5.0,5.0,3.0,6.0,6.0,6.0,55.0,65.0,55.0,48.0,60.0,58.0,48.0,65.0,58.0,72.0,4.0,,7.0,,,,,,,,,,,1.0,1.0,1.0,1.0,1.0,1.0,1.0,1.0,1.0,1.0,2.0,2.0,2.0,2.0,1.0,2.0,2.0,2.0,1.0,1.0,2.0,2.0,2.0,2.0,2.0,2.0,2.0,1.0,2.0,2.0,2.0,1.0,1.0,2.0,2.0,1.0,1.0,1.0,2.0,1.0,2.0,2.0,1.0,1.0,1.0,2.0,4.0,,,6.0,,,,10.0,,,4.0
pid_866,1.0,,1.0,,,,1.0,54.0,2.0,380.0,,,30.0,,2.0,,5.0,5.0,1.0,1.0,5.0,5.0,4.0,5.0,5.0,5.0,,,5.0,,,,4.0,3.0,5.0,,6.0,2.0,7.0,3.0,5.0,5.0,5.0,5.0,6.0,6.0,55.0,61.0,42.0,39.0,62.0,61.0,52.0,68.0,63.0,75.0,4.0,,7.0,1.0,1.0,1.0,1.0,1.0,1.0,1.0,1.0,1.0,1.0,,,,,,,2.0,1.0,2.0,2.0,2.0,1.0,2.0,2.0,2.0,2.0,1.0,2.0,2.0,2.0,1.0,2.0,1.0,2.0,2.0,1.0,1.0,2.0,2.0,2.0,2.0,1.0,2.0,1.0,2.0,2.0,1.0,2.0,1.0,2.0,2.0,1.0,2.0,2.0,2.0,2.0,,,5.0,,,6.0,,18.0,3.0,,
pid_867,,1.0,1.0,,2.0,54.0,,,2.0,380.0,,,30.0,,,3.0,4.0,4.0,2.0,2.0,4.0,5.0,2.0,4.0,4.0,4.0,,,4.0,,,,3.0,4.0,5.0,4.0,,2.0,7.0,5.0,5.0,3.0,3.0,5.0,6.0,6.0,65.0,60.0,45.0,40.0,60.0,65.0,50.0,70.0,65.0,80.0,4.0,,6.0,,,,,,,,,,,1.0,1.0,1.0,1.0,1.0,1.0,1.0,2.0,1.0,1.0,1.0,2.0,1.0,2.0,1.0,2.0,2.0,2.0,2.0,2.0,1.0,1.0,2.0,2.0,1.0,1.0,1.0,2.0,2.0,1.0,1.0,1.0,2.0,1.0,2.0,2.0,2.0,2.0,1.0,1.0,1.0,2.0,1.0,1.0,1.0,1.0,,,5.0,,,6.0,18.0,,,10.0,
pid_868,1.0,,1.0,,2.0,60.0,,,2.0,700.0,,,60.0,,2.0,,5.0,1.0,5.0,4.0,4.0,5.0,1.0,2.0,1.0,4.0,2.0,,,4.0,5.0,,,,,,6.0,1.0,7.0,5.0,5.0,5.0,5.0,6.0,6.0,6.0,55.0,65.0,60.0,55.0,55.0,60.0,45.0,60.0,55.0,70.0,4.0,,6.0,,,,,,,,,,,1.0,1.0,1.0,1.0,1.0,1.0,2.0,2.0,1.0,1.0,1.0,1.0,2.0,1.0,2.0,1.0,1.0,1.0,2.0,2.0,1.0,2.0,1.0,1.0,2.0,1.0,1.0,1.0,1.0,2.0,1.0,1.0,2.0,1.0,1.0,2.0,1.0,1.0,2.0,1.0,1.0,2.0,1.0,1.0,1.0,1.0,5.0,,,6.0,,,18.0,,,,4.0
pid_869,1.0,,1.0,,2.0,54.0,,,,,1.0,380.0,30.0,,3.0,,2.0,1.0,5.0,4.0,4.0,4.0,1.0,4.0,2.0,4.0,,5.0,,,,,4.0,4.0,5.0,,4.0,2.0,6.0,5.0,5.0,6.0,5.0,5.0,6.0,6.0,45.0,50.0,55.0,45.0,55.0,52.0,48.0,65.0,60.0,75.0,4.0,,6.0,,,,,,,,,,,1.0,1.0,1.0,1.0,1.0,1.0,1.0,1.0,1.0,1.0,2.0,1.0,1.0,2.0,2.0,2.0,1.0,2.0,2.0,1.0,1.0,2.0,2.0,1.0,2.0,2.0,1.0,1.0,1.0,1.0,1.0,1.0,1.0,2.0,2.0,1.0,1.0,2.0,2.0,1.0,1.0,2.0,1.0,2.0,1.0,2.0,,4.0,,,6.0,,,20.0,,6.0,
pid_870,,1.0,1.0,,2.0,54.0,,,2.0,350.0,,,30.0,,,2.0,2.0,2.0,5.0,4.0,4.0,4.0,1.0,4.0,2.0,4.0,,,5.0,4.0,5.0,3.0,,,,,4.0,2.0,7.0,5.0,5.0,3.0,3.0,5.0,6.0,6.0,55.0,60.0,60.0,45.0,55.0,60.0,50.0,70.0,65.0,75.0,4.0,6.0,,1.0,1.0,1.0,1.0,1.0,1.0,1.0,1.0,1.0,1.0,,,,,,,2.0,1.0,2.0,1.0,1.0,2.0,2.0,2.0,1.0,2.0,2.0,2.0,2.0,1.0,2.0,2.0,2.0,2.0,2.0,1.0,1.0,2.0,2.0,1.0,1.0,2.0,2.0,2.0,1.0,1.0,2.0,2.0,2.0,2.0,2.0,2.0,1.0,2.0,2.0,1.0,,,5.0,,,6.0,18.0,,,6.0,
pid_871,1.0,,,2.0,2.0,54.0,,,2.0,380.0,,,,70.0,,1.0,2.0,1.0,5.0,5.0,2.0,2.0,1.0,2.0,2.0,4.0,1.0,,,4.0,5.0,3.0,,,,4.0,,1.0,6.0,3.0,5.0,5.0,5.0,5.0,6.0,6.0,55.0,60.0,58.0,45.0,60.0,58.0,48.0,65.0,62.0,75.0,4.0,6.0,,,,,,,,,,,,1.0,1.0,1.0,1.0,1.0,1.0,1.0,2.0,2.0,2.0,2.0,1.0,1.0,1.0,1.0,1.0,2.0,1.0,2.0,1.0,2.0,2.0,1.0,1.0,2.0,2.0,1.0,2.0,1.0,2.0,2.0,1.0,1.0,2.0,2.0,2.0,2.0,1.0,1.0,2.0,2.0,2.0,1.0,1.0,2.0,1.0,5.0,,,6.0,,,18.0,,,9.0,
pid_872,1.0,,,2.0,2.0,54.0,,,,,1.0,380.0,30.0,,,2.0,4.0,5.0,1.0,1.0,5.0,5.0,4.0,5.0,5.0,5.0,,5.0,,5.0,5.0,3.0,,,,,6.0,2.0,6.0,5.0,5.0,5.0,3.0,5.0,6.0,6.0,55.0,65.0,45.0,40.0,60.0,60.0,55.0,75.0,70.0,75.0,4.0,6.0,,1.0,1.0,1.0,1.0,1.0,1.0,1.0,1.0,1.0,1.0,,,,,,,2.0,1.0,1.0,1.0,1.0,1.0,2.0,1.0,2.0,1.0,2.0,1.0,2.0,2.0,2.0,1.0,1.0,2.0,1.0,1.0,2.0,2.0,1.0,2.0,1.0,2.0,2.0,2.0,1.0,2.0,2.0,1.0,2.0,2.0,1.0,2.0,1.0,1.0,1.0,1.0,,5.0,,,6.0,,,10.0,2.0,,
pid_873,1.0,,,2.0,2.0,54.0,,,,,1.0,200.0,,75.0,,3.0,2.0,4.0,5.0,4.0,2.0,2.0,1.0,2.0,1.0,4.0,4.0,,,4.0,5.0,3.0,,,,4.0,,2.0,6.0,5.0,5.0,5.0,5.0,5.0,6.0,6.0,45.0,65.0,55.0,45.0,60.0,55.0,50.0,65.0,65.0,75.0,4.0,,6.0,1.0,1.0,1.0,1.0,1.0,1.0,1.0,1.0,1.0,1.0,,,,,,,1.0,1.0,2.0,1.0,1.0,2.0,2.0,1.0,2.0,1.0,2.0,1.0,2.0,1.0,1.0,2.0,1.0,1.0,1.0,2.0,1.0,2.0,2.0,1.0,1.0,2.0,2.0,1.0,2.0,2.0,2.0,1.0,1.0,2.0,2.0,1.0,1.0,2.0,1.0,1.0,4.0,,,5.0,,,,18.0,,6.0,
pid_874,1.0,,1.0,,2.0,54.0,,,2.0,380.0,,,,70.0,,2.0,4.0,5.0,2.0,1.0,5.0,5.0,4.0,5.0,5.0,5.0,,,5.0,,,,4.0,3.0,5.0,,4.0,2.0,7.0,5.0,5.0,6.0,3.0,5.0,6.0,6.0,60.0,65.0,50.0,35.0,65.0,60.0,55.0,70.0,65.0,80.0,4.0,6.0,,,,,,,,,,,,1.0,1.0,1.0,1.0,1.0,1.0,2.0,1.0,1.0,1.0,2.0,2.0,2.0,2.0,1.0,2.0,1.0,2.0,2.0,2.0,2.0,1.0,1.0,2.0,1.0,2.0,2.0,1.0,1.0,2.0,2.0,1.0,2.0,2.0,2.0,2.0,2.0,2.0,2.0,2.0,1.0,2.0,2.0,1.0,2.0,2.0,,,5.0,,,6.0,,15.0,,,3.0
pid_875,,2.0,1.0,,2.0,54.0,,,,,1.0,380.0,30.0,,,5.0,4.0,4.0,2.0,1.0,5.0,4.0,2.0,5.0,5.0,5.0,,5.0,,,,,4.0,5.0,3.0,,4.0,2.0,6.0,5.0,6.0,5.0,5.0,6.0,6.0,6.0,55.0,55.0,48.0,35.0,60.0,58.0,52.0,70.0,68.0,78.0,4.0,7.0,,,,,,,,,,,,1.0,1.0,1.0,1.0,1.0,1.0,2.0,2.0,1.0,2.0,1.0,2.0,2.0,1.0,2.0,1.0,1.0,1.0,2.0,2.0,1.0,1.0,1.0,2.0,1.0,2.0,2.0,2.0,2.0,1.0,1.0,1.0,2.0,2.0,1.0,1.0,1.0,1.0,2.0,2.0,1.0,1.0,2.0,2.0,2.0,1.0,,4.0,,,6.0,,18.0,,,,3.0
pid_876,1.0,,1.0,,,,1.0,30.0,2.0,300.0,,,30.0,,2.0,,2.0,5.0,4.0,1.0,4.0,4.0,4.0,5.0,4.0,5.0,,,5.0,,,,4.0,3.0,5.0,4.0,,2.0,6.0,5.0,5.0,5.0,5.0,5.0,6.0,6.0,50.0,65.0,45.0,35.0,55.0,60.0,50.0,65.0,65.0,70.0,4.0,,6.0,1.0,1.0,1.0,1.0,1.0,1.0,1.0,1.0,1.0,1.0,,,,,,,1.0,2.0,2.0,1.0,2.0,2.0,2.0,1.0,1.0,1.0,2.0,2.0,1.0,2.0,2.0,1.0,2.0,2.0,1.0,2.0,1.0,1.0,1.0,2.0,2.0,1.0,2.0,1.0,2.0,2.0,2.0,1.0,2.0,2.0,2.0,2.0,1.0,2.0,2.0,2.0,,,5.0,,,6.0,18.0,,,,3.0
pid_877,1.0,,,2.0,,,1.0,54.0,2.0,379.0,,,,70.0,2.0,,5.0,5.0,1.0,1.0,5.0,5.0,4.0,5.0,5.0,5.0,,,5.0,4.0,5.0,3.0,,,,4.0,,1.0,7.0,3.0,5.0,5.0,5.0,5.0,6.0,6.0,55.0,65.0,40.0,35.0,60.0,58.0,55.0,75.0,65.0,70.0,4.0,7.0,,,,,,,,,,,,1.0,1.0,1.0,1.0,1.0,1.0,2.0,2.0,1.0,2.0,2.0,2.0,1.0,2.0,1.0,2.0,2.0,2.0,2.0,2.0,1.0,2.0,2.0,1.0,2.0,1.0,1.0,2.0,2.0,2.0,2.0,2.0,2.0,2.0,2.0,2.0,2.0,1.0,2.0,2.0,1.0,2.0,1.0,2.0,1.0,2.0,,,5.0,,,6.0,,20.0,2.0,,
pid_878,,1.0,1.0,,,,1.0,54.0,,,1.0,379.0,,70.0,1.0,,2.0,1.0,5.0,4.0,2.0,2.0,1.0,4.0,2.0,4.0,,,5.0,4.0,5.0,3.0,,,,,4.0,2.0,6.0,5.0,5.0,5.0,5.0,5.0,6.0,6.0,55.0,42.0,58.0,55.0,48.0,52.0,45.0,62.0,60.0,72.0,4.0,,7.0,,,,,,,,,,,1.0,1.0,1.0,1.0,1.0,1.0,1.0,1.0,2.0,2.0,1.0,2.0,1.0,2.0,2.0,1.0,1.0,2.0,2.0,1.0,2.0,2.0,1.0,1.0,2.0,2.0,1.0,1.0,2.0,2.0,1.0,1.0,1.0,1.0,2.0,2.0,1.0,2.0,2.0,2.0,2.0,1.0,2.0,2.0,2.0,2.0,,,4.0,,,6.0,,20.0,,10.0,
pid_879,,1.0,,2.0,,,1.0,54.0,2.0,379.0,,,30.0,,2.0,,4.0,4.0,2.0,1.0,4.0,4.0,2.0,5.0,4.0,5.0,,4.0,,4.0,5.0,3.0,,,,,4.0,2.0,6.0,5.0,5.0,6.0,5.0,5.0,6.0,6.0,55.0,65.0,50.0,35.0,60.0,58.0,50.0,70.0,65.0,80.0,4.0,,6.0,,,,,,,,,,,1.0,1.0,1.0,1.0,1.0,1.0,2.0,1.0,2.0,2.0,1.0,1.0,2.0,2.0,2.0,1.0,2.0,2.0,1.0,2.0,2.0,2.0,2.0,1.0,2.0,2.0,2.0,2.0,2.0,1.0,2.0,2.0,2.0,2.0,2.0,1.0,2.0,1.0,2.0,1.0,2.0,2.0,2.0,1.0,2.0,2.0,,5.0,,,6.0,,18.0,,,9.0,
pid_880,1.0,,,2.0,2.0,45.0,,,2.0,380.0,,,,70.0,,1.0,5.0,5.0,1.0,1.0,5.0,5.0,5.0,5.0,5.0,5.0,,5.0,,5.0,5.0,3.0,,,,4.0,,2.0,7.0,3.0,5.0,5.0,5.0,5.0,6.0,6.0,60.0,60.0,45.0,35.0,55.0,60.0,55.0,70.0,65.0,75.0,4.0,6.0,,1.0,1.0,1.0,1.0,1.0,1.0,1.0,1.0,1.0,1.0,,,,,,,1.0,2.0,2.0,2.0,2.0,1.0,2.0,1.0,1.0,1.0,1.0,2.0,1.0,2.0,1.0,2.0,2.0,2.0,2.0,2.0,1.0,2.0,2.0,2.0,2.0,1.0,1.0,2.0,2.0,2.0,1.0,2.0,2.0,2.0,2.0,2.0,2.0,2.0,1.0,2.0,,5.0,,,6.0,,18.0,,2.0,,
pid_881,,1.0,,1.0,,,1.0,20.0,,,1.0,100.0,30.0,,2.0,,2.0,2.0,5.0,4.0,3.0,2.0,1.0,4.0,2.0,2.0,,,5.0,4.0,5.0,3.0,,,,4.0,,1.0,7.0,5.0,5.0,5.0,5.0,6.0,6.0,6.0,45.0,60.0,55.0,45.0,55.0,50.0,45.0,65.0,65.0,70.0,4.0,6.0,,,,,,,,,,,,1.0,1.0,1.0,1.0,1.0,1.0,2.0,2.0,1.0,2.0,2.0,2.0,2.0,1.0,1.0,1.0,1.0,2.0,2.0,1.0,2.0,1.0,2.0,1.0,2.0,2.0,2.0,2.0,1.0,1.0,1.0,1.0,1.0,1.0,1.0,2.0,1.0,2.0,1.0,1.0,1.0,2.0,2.0,2.0,1.0,2.0,,,4.0,,,5.0,,10.0,,6.0,
pid_882,,1.0,,2.0,,,1.0,54.0,2.0,379.0,,,,85.0,2.0,,4.0,5.0,2.0,1.0,5.0,5.0,4.0,5.0,5.0,5.0,2.0,,,,,,4.0,5.0,5.0,4.0,,2.0,6.0,5.0,5.0,5.0,5.0,5.0,6.0,6.0,55.0,65.0,45.0,40.0,60.0,65.0,55.0,75.0,70.0,80.0,4.0,,6.0,1.0,1.0,1.0,1.0,1.0,1.0,1.0,1.0,1.0,1.0,,,,,,,1.0,2.0,2.0,2.0,1.0,2.0,2.0,2.0,1.0,1.0,1.0,2.0,1.0,2.0,2.0,1.0,1.0,1.0,2.0,1.0,1.0,2.0,1.0,1.0,2.0,1.0,1.0,1.0,2.0,1.0,1.0,1.0,1.0,2.0,1.0,2.0,2.0,1.0,2.0,1.0,5.0,,,6.0,,,,20.0,3.0,,
pid_883,,1.0,,2.0,,,1.0,54.0,,,1.0,380.0,,85.0,2.0,,4.0,5.0,2.0,1.0,5.0,5.0,4.0,5.0,5.0,5.0,4.0,,,4.0,5.0,3.0,,,,4.0,,2.0,7.0,5.0,3.0,5.0,5.0,6.0,6.0,5.0,55.0,65.0,45.0,35.0,60.0,65.0,50.0,70.0,65.0,75.0,4.0,6.0,,1.0,1.0,1.0,1.0,1.0,1.0,1.0,1.0,1.0,1.0,,,,,,,2.0,2.0,1.0,2.0,1.0,2.0,1.0,2.0,1.0,1.0,2.0,1.0,2.0,1.0,2.0,2.0,2.0,2.0,1.0,2.0,1.0,1.0,2.0,1.0,1.0,2.0,2.0,2.0,2.0,1.0,2.0,2.0,2.0,2.0,1.0,1.0,2.0,1.0,1.0,1.0,4.0,,,6.0,,,18.0,,3.0,,
pid_884,1.0,,2.0,,2.0,54.0,,,2.0,379.0,,,,75.0,,3.0,4.0,4.0,2.0,2.0,4.0,4.0,4.0,5.0,4.0,5.0,,5.0,,4.0,3.0,,,,,4.0,,1.0,6.0,5.0,5.0,3.0,5.0,6.0,6.0,6.0,60.0,65.0,45.0,40.0,55.0,65.0,45.0,70.0,65.0,80.0,4.0,6.0,,1.0,1.0,1.0,1.0,1.0,1.0,1.0,1.0,1.0,1.0,,,,,,,1.0,1.0,1.0,1.0,1.0,2.0,2.0,1.0,1.0,2.0,2.0,1.0,2.0,1.0,2.0,1.0,1.0,2.0,2.0,2.0,1.0,1.0,2.0,2.0,1.0,1.0,2.0,1.0,1.0,1.0,1.0,2.0,1.0,1.0,1.0,2.0,1.0,1.0,1.0,2.0,,5.0,,,6.0,,16.0,,2.0,,
pid_885,,1.0,,2.0,2.0,54.0,,,2.0,350.0,,,,70.0,,3.0,4.0,5.0,1.0,1.0,4.0,5.0,4.0,5.0,5.0,4.0,4.0,,,,,,4.0,5.0,5.0,,4.0,2.0,7.0,5.0,5.0,5.0,3.0,5.0,6.0,6.0,55.0,55.0,45.0,40.0,60.0,65.0,50.0,70.0,65.0,80.0,4.0,6.0,,1.0,1.0,1.0,1.0,1.0,1.0,1.0,1.0,1.0,1.0,,,,,,,2.0,1.0,2.0,1.0,2.0,2.0,2.0,2.0,1.0,2.0,1.0,1.0,2.0,2.0,1.0,1.0,1.0,2.0,2.0,2.0,2.0,2.0,1.0,1.0,2.0,2.0,2.0,1.0,2.0,2.0,1.0,2.0,2.0,1.0,1.0,2.0,2.0,2.0,2.0,2.0,4.0,,,5.0,,,18.0,,2.0,,
pid_886,,1.0,1.0,,2.0,54.0,,,2.0,380.0,,,30.0,,2.0,,4.0,4.0,2.0,1.0,5.0,4.0,2.0,5.0,4.0,4.0,,4.0,,,,,4.0,3.0,5.0,,4.0,1.0,7.0,5.0,5.0,6.0,5.0,5.0,6.0,5.0,55.0,62.0,48.0,42.0,60.0,58.0,48.0,68.0,65.0,75.0,4.0,6.0,,,,,,,,,,,,1.0,1.0,1.0,1.0,1.0,1.0,2.0,1.0,2.0,1.0,2.0,1.0,2.0,1.0,1.0,2.0,1.0,1.0,2.0,2.0,1.0,2.0,2.0,2.0,1.0,2.0,1.0,2.0,1.0,1.0,1.0,1.0,1.0,2.0,1.0,2.0,1.0,2.0,2.0,2.0,1.0,2.0,1.0,2.0,1.0,2.0,,5.0,,,6.0,,,20.0,,,4.0
pid_887,,1.0,,2.0,2.0,54.0,,,,,1.0,380.0,40.0,,,1.0,5.0,5.0,1.0,1.0,5.0,5.0,4.0,5.0,5.0,5.0,,,5.0,,,,4.0,4.0,5.0,,4.0,2.0,7.0,5.0,5.0,5.0,5.0,6.0,6.0,6.0,60.0,60.0,40.0,35.0,55.0,60.0,55.0,70.0,65.0,75.0,4.0,,7.0,1.0,1.0,1.0,1.0,1.0,1.0,1.0,1.0,1.0,1.0,,,,,,,1.0,2.0,1.0,1.0,2.0,1.0,2.0,1.0,1.0,1.0,2.0,1.0,1.0,1.0,2.0,2.0,1.0,2.0,2.0,2.0,1.0,1.0,1.0,2.0,2.0,2.0,2.0,1.0,1.0,2.0,2.0,1.0,1.0,2.0,1.0,1.0,1.0,1.0,1.0,2.0,,,5.0,,,6.0,,20.0,,10.0,
pid_888,,2.0,1.0,,2.0,54.0,,,,,1.0,379.0,,70.0,,2.0,4.0,5.0,1.0,1.0,5.0,5.0,5.0,5.0,5.0,5.0,,4.0,,,,,4.0,5.0,3.0,6.0,,2.0,7.0,3.0,5.0,5.0,5.0,5.0,6.0,6.0,45.0,55.0,35.0,30.0,55.0,60.0,55.0,70.0,70.0,75.0,4.0,,7.0,1.0,1.0,1.0,1.0,1.0,1.0,1.0,1.0,1.0,1.0,,,,,,,2.0,1.0,1.0,2.0,2.0,2.0,2.0,2.0,1.0,2.0,1.0,1.0,1.0,2.0,2.0,2.0,2.0,2.0,1.0,2.0,1.0,2.0,2.0,2.0,2.0,2.0,2.0,2.0,2.0,2.0,1.0,1.0,2.0,2.0,2.0,2.0,1.0,1.0,2.0,2.0,,5.0,,,6.0,,16.0,,,,4.0
pid_889,1.0,,,2.0,,,1.0,54.0,,,1.0,379.0,30.0,,,3.0,5.0,5.0,1.0,1.0,5.0,5.0,4.0,5.0,5.0,5.0,,5.0,,4.0,5.0,3.0,,,,,4.0,2.0,7.0,5.0,5.0,5.0,5.0,5.0,6.0,6.0,55.0,55.0,42.0,38.0,60.0,58.0,52.0,65.0,68.0,75.0,4.0,,6.0,1.0,1.0,1.0,1.0,1.0,1.0,1.0,1.0,1.0,1.0,,,,,,,2.0,1.0,2.0,2.0,1.0,2.0,1.0,2.0,1.0,1.0,1.0,1.0,2.0,1.0,1.0,2.0,1.0,2.0,2.0,1.0,2.0,2.0,1.0,2.0,1.0,1.0,2.0,1.0,2.0,1.0,1.0,1.0,1.0,2.0,1.0,1.0,1.0,2.0,2.0,2.0,,5.0,,,6.0,,,0.0,,,3.0
pid_890,,2.0,,2.0,2.0,54.0,,,2.0,379.0,,,30.0,,,3.0,2.0,1.0,5.0,4.0,2.0,2.0,1.0,2.0,2.0,2.0,,5.0,,4.0,5.0,3.0,,,,,4.0,1.0,7.0,5.0,5.0,5.0,5.0,6.0,6.0,6.0,60.0,65.0,55.0,45.0,60.0,65.0,55.0,75.0,70.0,80.0,4.0,,6.0,1.0,1.0,1.0,1.0,1.0,1.0,1.0,1.0,1.0,1.0,,,,,,,1.0,1.0,1.0,1.0,2.0,2.0,1.0,1.0,2.0,2.0,1.0,1.0,1.0,2.0,1.0,2.0,1.0,1.0,1.0,2.0,1.0,2.0,1.0,1.0,1.0,1.0,2.0,1.0,2.0,1.0,1.0,1.0,1.0,1.0,2.0,1.0,2.0,1.0,2.0,2.0,,5.0,,,6.0,,,20.0,,9.0,
pid_891,1.0,,1.0,,2.0,40.0,,,2.0,370.0,,,30.0,,2.0,,2.0,1.0,5.0,4.0,4.0,2.0,1.0,3.0,1.0,4.0,,5.0,,4.0,5.0,2.0,,,,4.0,,1.0,7.0,3.0,5.0,5.0,5.0,6.0,6.0,6.0,55.0,45.0,60.0,55.0,60.0,58.0,48.0,70.0,65.0,75.0,4.0,6.0,,,,,,,,,,,,1.0,1.0,1.0,1.0,1.0,1.0,1.0,2.0,1.0,2.0,1.0,1.0,2.0,2.0,2.0,2.0,2.0,2.0,2.0,1.0,2.0,1.0,2.0,2.0,2.0,2.0,2.0,2.0,1.0,1.0,2.0,1.0,1.0,2.0,1.0,2.0,2.0,1.0,2.0,1.0,1.0,2.0,2.0,2.0,2.0,2.0,,5.0,,,6.0,,,10.0,,9.0,
pid_892,,1.0,,2.0,,,1.0,54.0,,,1.0,300.0,,80.0,,3.0,4.0,5.0,2.0,2.0,4.0,4.0,4.0,5.0,4.0,4.0,,,5.0,,,,4.0,3.0,5.0,,4.0,1.0,7.0,5.0,5.0,5.0,5.0,6.0,6.0,6.0,55.0,60.0,48.0,40.0,58.0,60.0,48.0,65.0,65.0,75.0,4.0,7.0,,,,,,,,,,,,1.0,1.0,1.0,1.0,1.0,1.0,1.0,1.0,2.0,2.0,2.0,1.0,1.0,2.0,1.0,2.0,2.0,1.0,1.0,1.0,2.0,1.0,2.0,2.0,1.0,1.0,2.0,1.0,2.0,1.0,2.0,1.0,2.0,2.0,2.0,1.0,2.0,1.0,2.0,1.0,1.0,1.0,2.0,1.0,2.0,1.0,,,4.0,,,5.0,18.0,,,,4.0
pid_893,1.0,,1.0,,2.0,54.0,,,2.0,380.0,,,30.0,,,4.0,4.0,5.0,1.0,1.0,5.0,5.0,4.0,5.0,5.0,5.0,2.0,,,4.0,5.0,3.0,,,,,4.0,2.0,6.0,5.0,5.0,5.0,5.0,5.0,6.0,6.0,55.0,60.0,45.0,35.0,60.0,65.0,55.0,70.0,65.0,75.0,4.0,,7.0,1.0,1.0,1.0,1.0,1.0,1.0,1.0,1.0,1.0,1.0,,,,,,,2.0,2.0,1.0,2.0,2.0,2.0,2.0,2.0,1.0,1.0,2.0,2.0,1.0,2.0,1.0,1.0,2.0,1.0,2.0,2.0,2.0,1.0,2.0,2.0,2.0,2.0,2.0,2.0,1.0,2.0,1.0,2.0,1.0,2.0,2.0,1.0,2.0,2.0,2.0,1.0,5.0,,,6.0,,,,20.0,2.0,,
pid_894,,1.0,,2.0,2.0,54.0,,,,,1.0,380.0,,70.0,1.0,,5.0,4.0,2.0,1.0,5.0,5.0,4.0,5.0,4.0,5.0,1.0,,,,,,4.0,5.0,4.0,6.0,,1.0,6.0,3.0,5.0,5.0,5.0,6.0,6.0,6.0,65.0,60.0,50.0,40.0,60.0,65.0,55.0,75.0,70.0,80.0,4.0,6.0,,1.0,1.0,1.0,1.0,1.0,1.0,1.0,1.0,1.0,1.0,,,,,,,2.0,2.0,2.0,1.0,1.0,1.0,1.0,2.0,2.0,2.0,2.0,2.0,1.0,2.0,1.0,1.0,2.0,2.0,2.0,1.0,2.0,1.0,1.0,1.0,2.0,2.0,2.0,1.0,2.0,1.0,2.0,1.0,2.0,2.0,2.0,1.0,2.0,2.0,2.0,1.0,5.0,,,6.0,,,,20.0,4.0,,
pid_895,,1.0,,2.0,2.0,54.0,,,2.0,380.0,,,30.0,,,3.0,4.0,5.0,2.0,2.0,5.0,5.0,2.0,5.0,4.0,5.0,,5.0,,4.0,5.0,,,,,,4.0,1.0,7.0,5.0,5.0,5.0,5.0,5.0,6.0,6.0,45.0,65.0,45.0,40.0,60.0,65.0,50.0,75.0,65.0,80.0,4.0,6.0,,,,,,,,,,,,1.0,1.0,1.0,1.0,1.0,1.0,1.0,1.0,2.0,2.0,2.0,1.0,1.0,1.0,2.0,2.0,1.0,1.0,2.0,1.0,1.0,2.0,2.0,1.0,1.0,1.0,2.0,1.0,2.0,2.0,1.0,1.0,1.0,2.0,1.0,1.0,2.0,1.0,2.0,1.0,1.0,1.0,2.0,2.0,2.0,2.0,,5.0,,,6.0,,18.0,,,,4.0
pid_896,,2.0,2.0,,,,1.0,54.0,2.0,380.0,,,,70.0,,2.0,4.0,5.0,1.0,1.0,5.0,5.0,4.0,5.0,5.0,5.0,,,5.0,5.0,5.0,3.0,,,,,4.0,2.0,6.0,5.0,5.0,5.0,5.0,5.0,6.0,6.0,65.0,60.0,45.0,38.0,60.0,62.0,55.0,72.0,68.0,75.0,4.0,,6.0,,,,,,,,,,,1.0,1.0,1.0,1.0,1.0,1.0,1.0,1.0,2.0,2.0,2.0,1.0,2.0,2.0,2.0,2.0,1.0,2.0,1.0,1.0,2.0,2.0,2.0,1.0,1.0,2.0,1.0,1.0,1.0,1.0,1.0,1.0,1.0,1.0,1.0,2.0,2.0,2.0,1.0,2.0,2.0,1.0,2.0,2.0,1.0,2.0,,,5.0,,,6.0,15.0,,,,3.0
pid_897,1.0,,,2.0,2.0,54.0,,,,,1.0,379.0,40.0,,3.0,,2.0,1.0,4.0,4.0,3.0,2.0,1.0,4.0,2.0,2.0,,5.0,,5.0,4.0,3.0,,,,4.0,,1.0,6.0,5.0,5.0,5.0,5.0,5.0,6.0,6.0,50.0,55.0,60.0,45.0,60.0,55.0,45.0,65.0,65.0,75.0,4.0,,7.0,,,,,,,,,,,1.0,1.0,1.0,1.0,1.0,1.0,1.0,2.0,1.0,2.0,2.0,2.0,2.0,2.0,1.0,2.0,2.0,2.0,1.0,1.0,2.0,2.0,2.0,2.0,1.0,1.0,1.0,1.0,1.0,2.0,1.0,1.0,1.0,2.0,2.0,2.0,1.0,1.0,2.0,2.0,2.0,2.0,2.0,2.0,1.0,1.0,,4.0,,,6.0,,18.0,,4.0,,
pid_898,,1.0,1.0,,,,1.0,54.0,2.0,380.0,,,,70.0,,1.0,4.0,5.0,2.0,1.0,5.0,5.0,2.0,5.0,5.0,5.0,,,5.0,4.0,5.0,2.0,,,,,6.0,2.0,7.0,3.0,5.0,5.0,5.0,5.0,6.0,6.0,60.0,65.0,45.0,35.0,65.0,68.0,48.0,72.0,70.0,80.0,4.0,,7.0,1.0,1.0,1.0,1.0,1.0,1.0,1.0,1.0,1.0,1.0,,,,,,,2.0,2.0,2.0,2.0,2.0,1.0,1.0,1.0,1.0,2.0,2.0,2.0,2.0,2.0,2.0,2.0,2.0,2.0,1.0,1.0,1.0,1.0,2.0,2.0,2.0,1.0,2.0,1.0,2.0,2.0,1.0,1.0,1.0,1.0,1.0,2.0,2.0,2.0,1.0,1.0,,,5.0,,,6.0,18.0,,,9.0,
pid_900,1.0,,,2.0,2.0,54.0,,,,,1.0,379.0,30.0,,2.0,,5.0,5.0,1.0,1.0,5.0,5.0,4.0,5.0,5.0,5.0,,,5.0,,,,4.0,3.0,5.0,,6.0,2.0,7.0,5.0,5.0,5.0,5.0,5.0,6.0,6.0,60.0,55.0,45.0,40.0,55.0,65.0,55.0,75.0,65.0,80.0,4.0,6.0,,1.0,1.0,1.0,1.0,1.0,1.0,1.0,1.0,1.0,1.0,,,,,,,2.0,1.0,1.0,2.0,2.0,1.0,2.0,2.0,2.0,2.0,2.0,1.0,2.0,2.0,1.0,2.0,2.0,2.0,2.0,2.0,2.0,2.0,1.0,1.0,2.0,1.0,2.0,2.0,2.0,1.0,2.0,2.0,2.0,2.0,1.0,2.0,2.0,1.0,2.0,1.0,,,5.0,,,6.0,,2.0,4.0,,
pid_901,1.0,,2.0,,2.0,54.0,,,2.0,380.0,,,30.0,,,3.0,4.0,5.0,2.0,2.0,5.0,5.0,2.0,5.0,4.0,5.0,,5.0,,4.0,5.0,3.0,,,,,4.0,1.0,7.0,5.0,5.0,5.0,5.0,5.0,6.0,6.0,55.0,60.0,50.0,45.0,60.0,60.0,55.0,75.0,65.0,80.0,4.0,6.0,,,,,,,,,,,,1.0,1.0,1.0,1.0,1.0,1.0,1.0,2.0,1.0,1.0,2.0,2.0,2.0,2.0,1.0,1.0,1.0,1.0,2.0,1.0,1.0,1.0,1.0,2.0,2.0,1.0,1.0,2.0,2.0,2.0,2.0,1.0,2.0,1.0,2.0,2.0,1.0,2.0,2.0,1.0,1.0,2.0,1.0,2.0,2.0,2.0,,5.0,,,6.0,,,20.0,,6.0,
pid_902,1.0,,,1.0,,,1.0,54.0,2.0,380.0,,,,80.0,2.0,,4.0,5.0,2.0,2.0,4.0,4.0,4.0,5.0,4.0,4.0,,,5.0,4.0,5.0,3.0,,,,,4.0,1.0,7.0,3.0,5.0,6.0,5.0,5.0,6.0,6.0,60.0,60.0,45.0,35.0,55.0,65.0,50.0,70.0,65.0,75.0,4.0,6.0,,1.0,1.0,1.0,1.0,1.0,1.0,1.0,1.0,1.0,1.0,,,,,,,2.0,1.0,2.0,2.0,1.0,2.0,2.0,1.0,2.0,2.0,1.0,2.0,2.0,2.0,2.0,2.0,1.0,2.0,2.0,2.0,2.0,2.0,2.0,2.0,1.0,2.0,2.0,1.0,2.0,2.0,2.0,2.0,1.0,1.0,1.0,2.0,2.0,2.0,2.0,1.0,,,5.0,,,6.0,,8.0,,7.0,
pid_903,1.0,,1.0,,2.0,54.0,,,,,1.0,380.0,40.0,,,3.0,2.0,1.0,5.0,4.0,4.0,2.0,1.0,2.0,2.0,4.0,,5.0,,4.0,5.0,3.0,,,,,4.0,1.0,7.0,5.0,5.0,6.0,5.0,6.0,6.0,6.0,45.0,58.0,62.0,52.0,60.0,55.0,48.0,65.0,68.0,75.0,4.0,6.0,,,,,,,,,,,,1.0,1.0,1.0,1.0,1.0,1.0,1.0,1.0,2.0,1.0,1.0,2.0,1.0,2.0,2.0,1.0,2.0,2.0,1.0,2.0,1.0,1.0,2.0,1.0,2.0,1.0,1.0,2.0,1.0,2.0,1.0,2.0,1.0,1.0,2.0,1.0,1.0,1.0,1.0,1.0,1.0,2.0,2.0,1.0,1.0,1.0,,5.0,,,6.0,,,20.0,,9.0,
pid_904,,1.0,,2.0,2.0,54.0,,,,,1.0,379.0,,70.0,3.0,,4.0,5.0,1.0,2.0,5.0,5.0,4.0,5.0,5.0,4.0,4.0,,,4.0,5.0,2.0,,,,4.0,,1.0,7.0,3.0,5.0,5.0,5.0,6.0,6.0,6.0,55.0,58.0,45.0,40.0,60.0,62.0,48.0,70.0,65.0,75.0,4.0,6.0,,,,,,,,,,,,1.0,1.0,1.0,1.0,1.0,1.0,1.0,2.0,1.0,2.0,1.0,2.0,2.0,2.0,2.0,1.0,2.0,1.0,2.0,1.0,2.0,2.0,1.0,1.0,1.0,2.0,1.0,1.0,1.0,1.0,1.0,2.0,2.0,2.0,2.0,1.0,1.0,1.0,2.0,2.0,2.0,1.0,2.0,2.0,1.0,2.0,5.0,,,6.0,,,17.0,,3.0,,
pid_905,1.0,,,2.0,,,1.0,40.0,2.0,300.0,,,,70.0,,3.0,4.0,4.0,2.0,2.0,4.0,5.0,2.0,4.0,4.0,4.0,,,5.0,4.0,5.0,3.0,,,,4.0,,2.0,7.0,5.0,5.0,5.0,3.0,5.0,6.0,6.0,60.0,65.0,45.0,40.0,55.0,60.0,50.0,70.0,65.0,75.0,4.0,,5.0,,,,,,,,,,,1.0,1.0,1.0,1.0,1.0,1.0,2.0,1.0,2.0,2.0,2.0,1.0,2.0,1.0,2.0,2.0,2.0,1.0,2.0,1.0,2.0,2.0,1.0,2.0,2.0,1.0,1.0,2.0,1.0,2.0,2.0,2.0,1.0,1.0,1.0,2.0,2.0,1.0,2.0,1.0,2.0,2.0,2.0,1.0,1.0,2.0,,,5.0,,,6.0,18.0,,,,3.0
pid_906,,1.0,1.0,,2.0,55.0,,,,,1.0,379.0,30.0,,3.0,,2.0,2.0,4.0,4.0,4.0,2.0,1.0,4.0,2.0,4.0,,,4.0,,,,4.0,3.0,2.0,4.0,,2.0,6.0,5.0,5.0,5.0,3.0,6.0,6.0,6.0,50.0,55.0,55.0,45.0,55.0,60.0,50.0,65.0,65.0,75.0,3.0,,6.0,1.0,1.0,1.0,1.0,1.0,1.0,1.0,1.0,1.0,1.0,,,,,,,1.0,1.0,1.0,2.0,2.0,1.0,1.0,2.0,2.0,1.0,1.0,2.0,2.0,1.0,1.0,2.0,1.0,1.0,2.0,2.0,1.0,2.0,2.0,1.0,1.0,1.0,1.0,1.0,1.0,2.0,1.0,2.0,1.0,1.0,2.0,2.0,2.0,1.0,2.0,2.0,,,4.0,,,5.0,,8.0,,9.0,
pid_907,,1.0,,2.0,,,1.0,30.0,2.0,380.0,,,,70.0,3.0,,4.0,5.0,2.0,1.0,5.0,4.0,4.0,5.0,4.0,5.0,,,4.0,4.0,5.0,3.0,,,,4.0,,2.0,6.0,2.0,5.0,5.0,5.0,6.0,6.0,6.0,55.0,60.0,50.0,40.0,65.0,60.0,55.0,70.0,65.0,75.0,4.0,,6.0,1.0,1.0,1.0,1.0,1.0,1.0,1.0,1.0,1.0,1.0,,,,,,,1.0,1.0,1.0,2.0,2.0,1.0,2.0,2.0,2.0,2.0,1.0,2.0,2.0,2.0,1.0,1.0,2.0,2.0,2.0,2.0,1.0,2.0,2.0,2.0,2.0,2.0,2.0,2.0,2.0,2.0,2.0,2.0,1.0,1.0,1.0,2.0,2.0,1.0,1.0,2.0,,,5.0,,,6.0,18.0,,,,4.0
pid_908,1.0,,1.0,,2.0,54.0,,,2.0,380.0,,,,80.0,,3.0,5.0,5.0,1.0,2.0,5.0,5.0,4.0,5.0,5.0,5.0,,4.0,,5.0,5.0,,,,,,4.0,2.0,7.0,5.0,5.0,5.0,5.0,6.0,6.0,6.0,65.0,70.0,40.0,45.0,60.0,62.0,55.0,70.0,65.0,75.0,4.0,6.0,,,,,,,,,,,,1.0,1.0,1.0,1.0,1.0,1.0,2.0,2.0,2.0,2.0,2.0,1.0,2.0,2.0,1.0,2.0,2.0,2.0,1.0,2.0,2.0,2.0,2.0,2.0,2.0,1.0,1.0,2.0,2.0,2.0,1.0,2.0,2.0,2.0,2.0,1.0,2.0,2.0,2.0,1.0,1.0,1.0,1.0,2.0,1.0,2.0,,5.0,,,6.0,,,20.0,,10.0,
pid_909,1.0,,,2.0,2.0,55.0,,,,,1.0,300.0,,70.0,3.0,,4.0,4.0,2.0,2.0,4.0,4.0,2.0,5.0,4.0,5.0,2.0,,,4.0,5.0,3.0,,,,4.0,,2.0,6.0,5.0,5.0,6.0,5.0,5.0,6.0,6.0,65.0,60.0,55.0,40.0,60.0,65.0,55.0,75.0,65.0,80.0,4.0,,7.0,,,,,,,,,,,1.0,1.0,1.0,1.0,1.0,1.0,1.0,1.0,1.0,1.0,1.0,2.0,1.0,2.0,1.0,2.0,2.0,2.0,2.0,1.0,1.0,1.0,1.0,2.0,2.0,1.0,1.0,1.0,2.0,2.0,1.0,1.0,1.0,1.0,2.0,2.0,2.0,1.0,2.0,1.0,2.0,2.0,1.0,2.0,1.0,2.0,4.0,,,6.0,,,18.0,,,,6.0
pid_910,1.0,,,2.0,2.0,54.0,,,,,1.0,379.0,,85.0,4.0,,2.0,1.0,5.0,4.0,4.0,4.0,1.0,4.0,2.0,4.0,,,4.0,,,,4.0,3.0,5.0,,6.0,2.0,6.0,5.0,5.0,5.0,5.0,5.0,6.0,6.0,45.0,60.0,65.0,55.0,55.0,60.0,55.0,70.0,65.0,75.0,4.0,,7.0,1.0,1.0,1.0,1.0,1.0,1.0,1.0,1.0,1.0,1.0,,,,,,,1.0,2.0,1.0,1.0,1.0,1.0,1.0,2.0,2.0,1.0,1.0,2.0,2.0,2.0,1.0,2.0,1.0,2.0,2.0,2.0,1.0,1.0,1.0,1.0,2.0,1.0,1.0,1.0,1.0,2.0,1.0,2.0,2.0,1.0,1.0,1.0,2.0,1.0,1.0,2.0,,,5.0,,,6.0,,20.0,3.0,,
pid_911,1.0,,,2.0,2.0,55.0,,,2.0,380.0,,,,80.0,,3.0,4.0,5.0,2.0,2.0,5.0,5.0,2.0,5.0,4.0,5.0,,,5.0,4.0,5.0,3.0,,,,4.0,,1.0,7.0,5.0,5.0,6.0,5.0,6.0,6.0,6.0,60.0,55.0,45.0,35.0,65.0,60.0,50.0,70.0,65.0,80.0,4.0,,6.0,,,,,,,,,,,1.0,1.0,1.0,1.0,1.0,1.0,1.0,2.0,2.0,2.0,2.0,1.0,1.0,2.0,2.0,2.0,1.0,1.0,1.0,1.0,1.0,2.0,2.0,2.0,1.0,2.0,1.0,1.0,2.0,1.0,2.0,2.0,2.0,2.0,1.0,2.0,1.0,2.0,2.0,2.0,2.0,2.0,1.0,2.0,2.0,2.0,,,5.0,,,6.0,18.0,,3.0,,
pid_912,1.0,,,2.0,,,1.0,50.0,,,1.0,379.0,40.0,,3.0,,4.0,4.0,2.0,2.0,4.0,4.0,2.0,4.0,4.0,4.0,,5.0,,,,,4.0,5.0,5.0,4.0,,1.0,7.0,5.0,5.0,5.0,5.0,5.0,6.0,6.0,55.0,55.0,45.0,40.0,60.0,60.0,50.0,70.0,60.0,75.0,4.0,,6.0,,,,,,,,,,,1.0,1.0,1.0,1.0,1.0,1.0,1.0,1.0,2.0,1.0,1.0,1.0,2.0,1.0,2.0,1.0,2.0,2.0,2.0,1.0,2.0,2.0,1.0,2.0,2.0,1.0,1.0,2.0,2.0,2.0,1.0,2.0,2.0,1.0,1.0,2.0,1.0,2.0,1.0,1.0,2.0,1.0,1.0,2.0,1.0,2.0,,5.0,,,6.0,,,20.0,,,4.0
pid_913,1.0,,2.0,,2.0,54.0,,,,,1.0,380.0,,70.0,,1.0,5.0,5.0,1.0,1.0,5.0,5.0,5.0,5.0,5.0,5.0,2.0,,,4.0,5.0,3.0,,,,6.0,,2.0,7.0,3.0,5.0,5.0,3.0,6.0,6.0,6.0,55.0,60.0,40.0,35.0,60.0,65.0,55.0,70.0,65.0,75.0,4.0,,6.0,,,,,,,,,,,1.0,1.0,1.0,1.0,1.0,1.0,1.0,2.0,1.0,2.0,2.0,1.0,2.0,2.0,1.0,2.0,2.0,2.0,1.0,1.0,1.0,2.0,1.0,2.0,1.0,2.0,2.0,2.0,2.0,2.0,1.0,2.0,1.0,1.0,2.0,2.0,2.0,1.0,2.0,1.0,2.0,1.0,1.0,2.0,2.0,1.0,5.0,,,6.0,,,,5.0,,9.0,
pid_914,1.0,,,2.0,2.0,54.0,,,,,1.0,100.0,30.0,,,2.0,2.0,1.0,5.0,4.0,3.0,4.0,1.0,2.0,2.0,4.0,2.0,,,4.0,5.0,3.0,,,,4.0,,2.0,6.0,5.0,5.0,5.0,3.0,5.0,6.0,6.0,60.0,60.0,55.0,40.0,65.0,70.0,45.0,70.0,65.0,80.0,4.0,,7.0,,,,,,,,,,,1.0,1.0,1.0,1.0,1.0,1.0,1.0,1.0,2.0,1.0,1.0,2.0,1.0,1.0,1.0,1.0,1.0,1.0,2.0,1.0,2.0,1.0,1.0,1.0,1.0,1.0,2.0,1.0,2.0,2.0,1.0,2.0,2.0,2.0,2.0,2.0,1.0,1.0,2.0,1.0,1.0,1.0,2.0,1.0,2.0,1.0,4.0,,,5.0,,,15.0,,2.0,,
pid_916,,2.0,,1.0,,,1.0,54.0,,,1.0,300.0,30.0,,1.0,,2.0,1.0,5.0,5.0,2.0,1.0,1.0,2.0,1.0,2.0,,,5.0,4.0,5.0,3.0,,,,,6.0,2.0,6.0,3.0,5.0,5.0,5.0,6.0,6.0,6.0,50.0,55.0,60.0,55.0,55.0,55.0,45.0,65.0,60.0,75.0,4.0,6.0,,1.0,1.0,1.0,1.0,1.0,1.0,1.0,1.0,1.0,1.0,,,,,,,2.0,1.0,2.0,1.0,1.0,2.0,1.0,2.0,2.0,2.0,1.0,2.0,2.0,2.0,2.0,1.0,1.0,2.0,2.0,1.0,2.0,2.0,1.0,1.0,2.0,2.0,2.0,2.0,2.0,2.0,1.0,2.0,2.0,1.0,2.0,2.0,2.0,2.0,2.0,2.0,,,5.0,,,6.0,,20.0,,9.0,
pid_917,1.0,,,2.0,2.0,54.0,,,2.0,379.0,,,30.0,,1.0,,4.0,5.0,1.0,1.0,5.0,5.0,5.0,5.0,5.0,5.0,4.0,,,4.0,5.0,3.0,,,,,6.0,2.0,6.0,5.0,5.0,5.0,5.0,5.0,6.0,6.0,55.0,65.0,40.0,35.0,60.0,65.0,55.0,70.0,65.0,80.0,4.0,,6.0,1.0,1.0,1.0,1.0,1.0,1.0,1.0,1.0,1.0,1.0,,,,,,,2.0,2.0,2.0,2.0,2.0,2.0,1.0,1.0,2.0,2.0,2.0,2.0,2.0,1.0,1.0,2.0,2.0,1.0,1.0,2.0,1.0,2.0,1.0,1.0,2.0,1.0,1.0,1.0,1.0,2.0,2.0,2.0,2.0,1.0,2.0,1.0,2.0,2.0,2.0,2.0,4.0,,,6.0,,,18.0,,,,3.0
pid_918,,2.0,1.0,,2.0,54.0,,,,,1.0,380.0,,75.0,,2.0,2.0,4.0,5.0,4.0,4.0,4.0,1.0,4.0,2.0,4.0,2.0,,,,,,4.0,5.0,4.0,,4.0,2.0,7.0,2.0,5.0,5.0,5.0,6.0,6.0,6.0,55.0,65.0,50.0,45.0,50.0,60.0,45.0,65.0,65.0,75.0,4.0,,7.0,,,,,,,,,,,1.0,1.0,1.0,1.0,1.0,1.0,2.0,1.0,1.0,1.0,2.0,1.0,1.0,2.0,2.0,2.0,2.0,2.0,2.0,2.0,1.0,1.0,2.0,2.0,2.0,2.0,2.0,2.0,1.0,2.0,2.0,2.0,2.0,1.0,2.0,1.0,2.0,1.0,1.0,1.0,1.0,2.0,1.0,2.0,1.0,1.0,4.0,,,5.0,,,,20.0,2.0,,
pid_919,1.0,,1.0,,2.0,54.0,,,,,1.0,300.0,,70.0,,1.0,2.0,2.0,5.0,4.0,3.0,2.0,1.0,3.0,2.0,4.0,,,5.0,,,,4.0,5.0,5.0,,4.0,2.0,6.0,3.0,5.0,5.0,5.0,5.0,6.0,6.0,55.0,65.0,60.0,45.0,60.0,60.0,45.0,65.0,65.0,75.0,4.0,6.0,,1.0,1.0,1.0,1.0,1.0,1.0,1.0,1.0,1.0,1.0,,,,,,,2.0,1.0,2.0,2.0,2.0,1.0,2.0,1.0,1.0,1.0,2.0,1.0,1.0,2.0,2.0,2.0,2.0,2.0,1.0,1.0,1.0,2.0,1.0,2.0,1.0,2.0,1.0,2.0,1.0,2.0,2.0,2.0,1.0,2.0,1.0,1.0,2.0,1.0,2.0,2.0,,,5.0,,,6.0,,20.0,3.0,,
pid_920,,2.0,2.0,,,,1.0,40.0,2.0,380.0,,,,60.0,3.0,,4.0,5.0,1.0,2.0,5.0,5.0,4.0,5.0,5.0,5.0,,,4.0,,,,4.0,5.0,3.0,4.0,,2.0,7.0,5.0,5.0,5.0,5.0,5.0,6.0,6.0,60.0,55.0,45.0,35.0,55.0,60.0,55.0,70.0,65.0,75.0,4.0,,6.0,,,,,,,,,,,1.0,1.0,1.0,1.0,1.0,1.0,2.0,1.0,1.0,1.0,2.0,2.0,2.0,1.0,1.0,2.0,1.0,1.0,2.0,2.0,1.0,2.0,1.0,1.0,2.0,2.0,2.0,1.0,1.0,1.0,1.0,2.0,1.0,1.0,1.0,1.0,2.0,2.0,2.0,2.0,1.0,2.0,2.0,2.0,2.0,1.0,,,,,,6.0,,10.0,,,4.0
pid_921,1.0,,2.0,,2.0,54.0,,,2.0,379.0,,,30.0,,5.0,,4.0,5.0,1.0,2.0,5.0,5.0,4.0,5.0,5.0,5.0,,,5.0,5.0,5.0,2.0,,,,6.0,,2.0,7.0,5.0,3.0,5.0,5.0,6.0,6.0,6.0,55.0,58.0,48.0,40.0,62.0,60.0,52.0,67.0,64.0,78.0,4.0,6.0,,1.0,1.0,1.0,1.0,1.0,1.0,1.0,1.0,1.0,1.0,,,,,,,1.0,1.0,2.0,1.0,1.0,1.0,2.0,1.0,1.0,1.0,1.0,1.0,1.0,2.0,1.0,2.0,2.0,2.0,2.0,2.0,1.0,2.0,1.0,2.0,1.0,2.0,2.0,1.0,2.0,1.0,1.0,1.0,2.0,1.0,2.0,1.0,2.0,2.0,1.0,1.0,,,5.0,,,6.0,18.0,,2.0,,
pid_922,,1.0,1.0,,2.0,54.0,,,2.0,380.0,,,30.0,,,2.0,4.0,5.0,1.0,1.0,5.0,5.0,4.0,5.0,5.0,5.0,2.0,,,4.0,5.0,3.0,,,,4.0,,2.0,6.0,3.0,5.0,5.0,5.0,5.0,6.0,6.0,55.0,60.0,45.0,35.0,65.0,60.0,50.0,70.0,65.0,75.0,4.0,6.0,,1.0,1.0,1.0,1.0,1.0,1.0,1.0,1.0,1.0,1.0,,,,,,,1.0,2.0,1.0,2.0,2.0,1.0,2.0,2.0,1.0,2.0,1.0,2.0,2.0,2.0,2.0,2.0,2.0,2.0,2.0,1.0,2.0,2.0,1.0,2.0,2.0,2.0,1.0,2.0,2.0,1.0,2.0,1.0,2.0,2.0,2.0,1.0,2.0,2.0,2.0,1.0,,,,5.0,,,,20.0,3.0,,
pid_923,1.0,,,2.0,2.0,54.0,,,2.0,380.0,,,30.0,,,2.0,4.0,5.0,1.0,1.0,5.0,5.0,4.0,5.0,5.0,5.0,,5.0,,,,,3.0,4.0,5.0,,4.0,1.0,7.0,5.0,5.0,5.0,5.0,5.0,6.0,6.0,55.0,55.0,45.0,40.0,60.0,60.0,50.0,70.0,65.0,75.0,4.0,,6.0,,,,,,,,,,,1.0,1.0,1.0,1.0,1.0,1.0,1.0,2.0,1.0,2.0,1.0,2.0,2.0,2.0,2.0,1.0,2.0,1.0,1.0,2.0,2.0,2.0,1.0,2.0,1.0,1.0,2.0,2.0,2.0,2.0,2.0,1.0,1.0,2.0,2.0,2.0,2.0,2.0,1.0,2.0,2.0,2.0,2.0,2.0,2.0,1.0,,5.0,,,6.0,,,20.0,,8.0,
pid_924,,1.0,,2.0,,,1.0,54.0,,,1.0,380.0,,60.0,3.0,,4.0,5.0,1.0,1.0,5.0,5.0,4.0,5.0,5.0,5.0,1.0,,,,,,4.0,5.0,3.0,,6.0,2.0,6.0,5.0,5.0,5.0,5.0,6.0,6.0,6.0,55.0,60.0,40.0,35.0,60.0,60.0,55.0,70.0,65.0,75.0,4.0,,7.0,1.0,1.0,1.0,1.0,1.0,1.0,1.0,1.0,1.0,1.0,,,,,,,2.0,2.0,2.0,1.0,2.0,2.0,2.0,1.0,2.0,1.0,1.0,2.0,2.0,1.0,1.0,2.0,2.0,1.0,2.0,2.0,1.0,2.0,2.0,1.0,2.0,1.0,2.0,1.0,2.0,1.0,2.0,2.0,1.0,1.0,1.0,1.0,2.0,2.0,2.0,2.0,4.0,,,6.0,,,,20.0,3.0,,
pid_925,,1.0,,2.0,2.0,54.0,,,,,1.0,120.0,35.0,,,3.0,4.0,4.0,2.0,1.0,4.0,4.0,3.0,5.0,4.0,5.0,,,5.0,,,,4.0,5.0,5.0,,4.0,1.0,6.0,3.0,5.0,5.0,5.0,5.0,6.0,6.0,55.0,65.0,50.0,40.0,60.0,58.0,50.0,70.0,65.0,75.0,4.0,,6.0,,,,,,,,,,,1.0,1.0,1.0,1.0,1.0,1.0,1.0,2.0,1.0,2.0,2.0,2.0,1.0,2.0,1.0,2.0,2.0,2.0,2.0,2.0,2.0,2.0,1.0,2.0,1.0,1.0,2.0,2.0,1.0,2.0,1.0,1.0,2.0,2.0,2.0,1.0,1.0,1.0,1.0,1.0,2.0,2.0,2.0,1.0,1.0,1.0,,,5.0,,,6.0,15.0,,,,3.0
pid_926,,2.0,,2.0,2.0,30.0,,,,,1.0,300.0,,85.0,2.0,,4.0,5.0,2.0,2.0,4.0,4.0,3.0,5.0,4.0,4.0,,5.0,,4.0,5.0,3.0,,,,,4.0,1.0,7.0,5.0,5.0,5.0,3.0,6.0,6.0,6.0,55.0,65.0,45.0,35.0,60.0,58.0,48.0,70.0,65.0,75.0,4.0,,6.0,1.0,1.0,1.0,1.0,1.0,1.0,1.0,1.0,1.0,1.0,,,,,,,2.0,1.0,1.0,1.0,1.0,2.0,1.0,1.0,2.0,2.0,1.0,1.0,1.0,2.0,1.0,1.0,1.0,2.0,1.0,2.0,2.0,2.0,1.0,2.0,2.0,1.0,2.0,2.0,2.0,2.0,2.0,2.0,2.0,2.0,1.0,2.0,1.0,2.0,2.0,1.0,,5.0,,,6.0,,18.0,,,6.0,
pid_927,1.0,,,2.0,,,1.0,20.0,2.0,300.0,,,,85.0,,5.0,2.0,1.0,5.0,4.0,2.0,2.0,1.0,2.0,2.0,3.0,,,5.0,,,,4.0,5.0,5.0,,3.0,2.0,6.0,5.0,5.0,5.0,5.0,5.0,6.0,6.0,50.0,55.0,60.0,45.0,55.0,55.0,45.0,65.0,65.0,75.0,4.0,6.0,,,,,,,,,,,,1.0,1.0,1.0,1.0,1.0,1.0,1.0,1.0,2.0,1.0,2.0,1.0,2.0,1.0,2.0,1.0,2.0,1.0,1.0,1.0,2.0,1.0,2.0,2.0,1.0,1.0,1.0,2.0,2.0,2.0,2.0,1.0,1.0,2.0,1.0,2.0,2.0,1.0,2.0,1.0,1.0,1.0,2.0,1.0,2.0,1.0,,,5.0,,,6.0,15.0,,,6.0,
pid_928,,1.0,,2.0,2.0,54.0,,,2.0,380.0,,,30.0,,3.0,,4.0,5.0,1.0,1.0,5.0,5.0,4.0,5.0,5.0,5.0,4.0,,,,,,3.0,4.0,5.0,4.0,,2.0,6.0,5.0,5.0,5.0,3.0,6.0,6.0,6.0,55.0,60.0,45.0,40.0,60.0,65.0,55.0,70.0,65.0,75.0,4.0,,6.0,,,,,,,,,,,1.0,1.0,1.0,1.0,1.0,1.0,2.0,2.0,2.0,2.0,2.0,1.0,1.0,2.0,2.0,2.0,1.0,2.0,1.0,2.0,1.0,1.0,1.0,2.0,1.0,1.0,1.0,2.0,2.0,1.0,1.0,2.0,2.0,2.0,1.0,2.0,1.0,1.0,2.0,2.0,2.0,1.0,2.0,1.0,2.0,2.0,5.0,,,5.0,,,18.0,,4.0,,
pid_929,1.0,,1.0,,,,1.0,30.0,,,1.0,120.0,,80.0,,3.0,2.0,1.0,5.0,4.0,2.0,1.0,1.0,3.0,2.0,2.0,4.0,,,,,,4.0,5.0,5.0,4.0,,2.0,7.0,5.0,5.0,5.0,5.0,6.0,6.0,6.0,55.0,55.0,65.0,45.0,60.0,58.0,45.0,65.0,65.0,75.0,4.0,,7.0,1.0,1.0,1.0,1.0,1.0,1.0,1.0,1.0,1.0,1.0,,,,,,,1.0,2.0,1.0,2.0,1.0,1.0,2.0,1.0,1.0,1.0,1.0,2.0,2.0,1.0,2.0,2.0,2.0,1.0,1.0,2.0,2.0,1.0,1.0,2.0,1.0,2.0,1.0,1.0,1.0,1.0,2.0,2.0,2.0,1.0,2.0,1.0,2.0,1.0,1.0,2.0,4.0,,,5.0,,,18.0,,,6.0,
pid_930,1.0,,,2.0,,,1.0,54.0,2.0,380.0,,,30.0,,,2.0,4.0,4.0,2.0,1.0,4.0,4.0,2.0,4.0,4.0,4.0,,5.0,,5.0,5.0,3.0,,,,6.0,,1.0,6.0,5.0,5.0,5.0,3.0,5.0,6.0,6.0,55.0,55.0,48.0,42.0,60.0,62.0,48.0,68.0,64.0,74.0,4.0,,6.0,,,,,,,,,,,1.0,1.0,1.0,1.0,1.0,1.0,2.0,2.0,2.0,2.0,1.0,1.0,1.0,2.0,1.0,1.0,1.0,1.0,1.0,1.0,1.0,1.0,2.0,2.0,2.0,1.0,1.0,1.0,1.0,2.0,2.0,2.0,2.0,2.0,2.0,1.0,1.0,2.0,2.0,2.0,1.0,1.0,2.0,1.0,1.0,1.0,,5.0,,,6.0,,,5.0,2.0,,
pid_931,,1.0,,2.0,2.0,54.0,,,2.0,380.0,,,30.0,,,2.0,4.0,5.0,2.0,1.0,5.0,5.0,4.0,5.0,4.0,5.0,,5.0,,4.0,5.0,3.0,,,,,4.0,2.0,6.0,5.0,5.0,5.0,5.0,5.0,6.0,6.0,45.0,65.0,55.0,35.0,55.0,60.0,50.0,70.0,65.0,80.0,4.0,6.0,,,,,,,,,,,,1.0,1.0,1.0,1.0,1.0,1.0,2.0,2.0,1.0,2.0,1.0,1.0,1.0,2.0,2.0,2.0,2.0,2.0,2.0,2.0,2.0,2.0,2.0,1.0,2.0,1.0,2.0,1.0,2.0,2.0,2.0,2.0,2.0,1.0,1.0,2.0,1.0,2.0,2.0,1.0,2.0,2.0,2.0,2.0,1.0,2.0,,4.0,,,6.0,,18.0,,,,3.0
pid_932,1.0,,,2.0,,,1.0,30.0,2.0,300.0,,,,70.0,,2.0,4.0,5.0,1.0,1.0,5.0,5.0,4.0,5.0,5.0,5.0,2.0,,,,,,4.0,4.0,5.0,4.0,,1.0,6.0,3.0,5.0,5.0,5.0,6.0,6.0,6.0,60.0,60.0,45.0,35.0,55.0,60.0,55.0,70.0,65.0,75.0,4.0,,6.0,1.0,1.0,1.0,1.0,1.0,1.0,1.0,1.0,1.0,1.0,,,,,,,2.0,2.0,1.0,2.0,2.0,1.0,1.0,2.0,1.0,1.0,1.0,2.0,1.0,2.0,1.0,1.0,2.0,2.0,1.0,2.0,1.0,1.0,1.0,2.0,2.0,1.0,1.0,2.0,2.0,1.0,1.0,2.0,2.0,2.0,1.0,1.0,1.0,1.0,2.0,1.0,4.0,,,6.0,,,18.0,,,7.0,
pid_933,,1.0,1.0,,,,1.0,54.0,2.0,380.0,,,30.0,,,2.0,4.0,2.0,4.0,2.0,4.0,4.0,1.0,4.0,2.0,4.0,,,5.0,5.0,5.0,3.0,,,,,4.0,2.0,7.0,3.0,5.0,5.0,5.0,5.0,6.0,6.0,60.0,55.0,60.0,45.0,55.0,58.0,50.0,65.0,60.0,75.0,4.0,6.0,,1.0,1.0,1.0,1.0,1.0,1.0,1.0,1.0,1.0,1.0,,,,,,,2.0,2.0,1.0,2.0,1.0,1.0,2.0,2.0,1.0,1.0,2.0,1.0,2.0,2.0,1.0,1.0,2.0,1.0,2.0,2.0,1.0,2.0,1.0,1.0,1.0,2.0,2.0,1.0,2.0,1.0,2.0,2.0,1.0,1.0,1.0,2.0,2.0,2.0,2.0,2.0,,,5.0,,,6.0,18.0,,,6.0,
pid_934,1.0,,1.0,,2.0,54.0,,,2.0,379.0,,,,70.0,3.0,,4.0,2.0,4.0,4.0,4.0,4.0,2.0,4.0,4.0,4.0,,,5.0,4.0,5.0,3.0,,,,4.0,,1.0,6.0,5.0,5.0,3.0,5.0,5.0,6.0,6.0,60.0,55.0,55.0,45.0,62.0,65.0,55.0,70.0,65.0,75.0,4.0,,6.0,1.0,1.0,1.0,1.0,1.0,1.0,1.0,1.0,1.0,1.0,,,,,,,1.0,2.0,2.0,2.0,2.0,1.0,1.0,2.0,1.0,2.0,2.0,2.0,2.0,1.0,2.0,1.0,2.0,2.0,2.0,2.0,2.0,2.0,2.0,1.0,2.0,1.0,2.0,1.0,2.0,1.0,2.0,1.0,2.0,1.0,1.0,1.0,2.0,1.0,2.0,1.0,,,5.0,,,6.0,16.0,,,9.0,
pid_935,1.0,,1.0,,2.0,54.0,,,2.0,380.0,,,,70.0,,2.0,4.0,4.0,2.0,2.0,4.0,4.0,3.0,4.0,4.0,4.0,1.0,,,4.0,5.0,2.0,,,,4.0,,2.0,6.0,3.0,5.0,5.0,5.0,5.0,6.0,6.0,55.0,60.0,50.0,35.0,60.0,65.0,55.0,70.0,65.0,75.0,4.0,6.0,,,,,,,,,,,,1.0,1.0,1.0,1.0,1.0,1.0,2.0,2.0,2.0,2.0,2.0,2.0,1.0,1.0,2.0,2.0,1.0,2.0,2.0,2.0,2.0,2.0,1.0,2.0,2.0,2.0,2.0,2.0,2.0,1.0,1.0,2.0,2.0,1.0,2.0,2.0,1.0,2.0,2.0,2.0,1.0,2.0,2.0,2.0,2.0,2.0,4.0,,,6.0,,,,20.0,2.0,,
pid_936,1.0,,,2.0,,,1.0,54.0,,,1.0,380.0,,70.0,2.0,,4.0,5.0,4.0,2.0,4.0,4.0,2.0,5.0,4.0,5.0,4.0,,,5.0,4.0,2.0,,,,4.0,,2.0,6.0,3.0,5.0,5.0,5.0,5.0,6.0,6.0,55.0,65.0,55.0,40.0,60.0,58.0,50.0,75.0,65.0,80.0,4.0,,7.0,1.0,1.0,1.0,1.0,1.0,1.0,1.0,1.0,1.0,1.0,,,,,,,2.0,2.0,1.0,2.0,1.0,2.0,2.0,2.0,1.0,2.0,1.0,1.0,2.0,1.0,2.0,2.0,1.0,2.0,2.0,1.0,2.0,1.0,2.0,2.0,1.0,2.0,2.0,2.0,1.0,2.0,1.0,1.0,2.0,1.0,1.0,1.0,2.0,2.0,1.0,2.0,4.0,,,5.0,,,,15.0,,,3.0
pid_937,,1.0,,2.0,2.0,60.0,,,,,1.0,200.0,40.0,,2.0,,4.0,5.0,1.0,1.0,5.0,5.0,4.0,5.0,5.0,5.0,,5.0,,,,,4.0,3.0,5.0,,4.0,2.0,7.0,5.0,6.0,5.0,6.0,5.0,6.0,6.0,55.0,60.0,40.0,35.0,60.0,58.0,45.0,65.0,65.0,75.0,4.0,,6.0,1.0,1.0,1.0,1.0,1.0,1.0,1.0,1.0,1.0,1.0,,,,,,,1.0,1.0,1.0,2.0,2.0,2.0,1.0,2.0,2.0,2.0,2.0,1.0,1.0,2.0,1.0,1.0,2.0,1.0,1.0,1.0,1.0,1.0,2.0,1.0,1.0,2.0,2.0,1.0,2.0,2.0,1.0,1.0,1.0,2.0,1.0,1.0,1.0,2.0,1.0,1.0,,5.0,,,6.0,,17.0,,2.0,,
pid_938,,1.0,1.0,,,,1.0,54.0,2.0,379.0,,,30.0,,2.0,,4.0,5.0,1.0,1.0,5.0,5.0,4.0,5.0,5.0,5.0,,5.0,,4.0,5.0,3.0,,,,6.0,,2.0,7.0,3.0,5.0,5.0,3.0,6.0,6.0,6.0,55.0,58.0,42.0,44.0,58.0,56.0,48.0,70.0,67.0,75.0,4.0,6.0,,,,,,,,,,,,1.0,1.0,1.0,1.0,1.0,1.0,1.0,2.0,1.0,1.0,2.0,2.0,2.0,1.0,2.0,1.0,2.0,2.0,2.0,1.0,1.0,1.0,2.0,1.0,2.0,2.0,2.0,2.0,1.0,2.0,2.0,2.0,1.0,2.0,2.0,2.0,2.0,1.0,2.0,2.0,1.0,2.0,2.0,1.0,2.0,2.0,,5.0,,,6.0,,18.0,,2.0,,
pid_939,1.0,,,2.0,2.0,54.0,,,,,1.0,380.0,,70.0,,4.0,4.0,5.0,2.0,1.0,5.0,4.0,4.0,5.0,5.0,5.0,,,5.0,4.0,5.0,3.0,,,,4.0,,1.0,7.0,5.0,5.0,5.0,5.0,6.0,6.0,6.0,55.0,60.0,45.0,35.0,60.0,58.0,52.0,70.0,65.0,75.0,,,6.0,,,,,,,,,,,1.0,1.0,1.0,1.0,1.0,1.0,2.0,2.0,2.0,2.0,1.0,2.0,1.0,2.0,1.0,1.0,2.0,1.0,2.0,2.0,2.0,2.0,2.0,1.0,2.0,1.0,2.0,1.0,1.0,1.0,2.0,1.0,2.0,2.0,1.0,2.0,2.0,1.0,2.0,1.0,2.0,1.0,2.0,1.0,2.0,1.0,,,5.0,,,6.0,,18.0,,,4.0
pid_940,1.0,,2.0,,,,1.0,54.0,,,1.0,380.0,,70.0,2.0,,4.0,5.0,1.0,1.0,5.0,5.0,5.0,5.0,5.0,5.0,1.0,,,4.0,5.0,3.0,,,,,4.0,1.0,7.0,5.0,5.0,5.0,3.0,6.0,6.0,6.0,55.0,65.0,40.0,35.0,60.0,58.0,50.0,70.0,65.0,75.0,4.0,,6.0,1.0,1.0,1.0,1.0,1.0,1.0,1.0,1.0,1.0,1.0,,,,,,,2.0,2.0,2.0,2.0,2.0,2.0,2.0,1.0,2.0,2.0,2.0,1.0,1.0,2.0,2.0,2.0,1.0,2.0,1.0,2.0,2.0,1.0,1.0,2.0,1.0,1.0,1.0,2.0,2.0,2.0,1.0,1.0,1.0,2.0,1.0,2.0,1.0,1.0,1.0,2.0,4.0,,,5.0,,,18.0,,,,3.0
pid_941,1.0,,1.0,,,,1.0,54.0,,,1.0,380.0,30.0,,,2.0,4.0,5.0,2.0,1.0,5.0,5.0,4.0,5.0,5.0,5.0,,,5.0,5.0,5.0,3.0,,,,4.0,,2.0,7.0,3.0,5.0,5.0,3.0,5.0,6.0,6.0,55.0,65.0,45.0,35.0,65.0,60.0,55.0,75.0,65.0,75.0,4.0,,7.0,,,,,,,,,,,1.0,1.0,1.0,1.0,1.0,1.0,2.0,2.0,1.0,1.0,1.0,2.0,2.0,2.0,1.0,1.0,2.0,2.0,1.0,1.0,2.0,2.0,1.0,1.0,2.0,1.0,2.0,1.0,2.0,2.0,2.0,1.0,2.0,1.0,2.0,2.0,2.0,2.0,2.0,1.0,2.0,1.0,2.0,2.0,1.0,1.0,,,5.0,,,6.0,,20.0,,6.0,
pid_942,1.0,,2.0,,2.0,54.0,,,,,1.0,379.0,30.0,,2.0,,5.0,5.0,1.0,1.0,5.0,5.0,4.0,5.0,5.0,5.0,,5.0,,4.0,5.0,3.0,,,,6.0,,1.0,7.0,3.0,5.0,5.0,5.0,6.0,6.0,6.0,55.0,62.0,42.0,35.0,60.0,58.0,48.0,72.0,68.0,80.0,4.0,,7.0,,,,,,,,,,,1.0,1.0,1.0,1.0,1.0,1.0,1.0,2.0,1.0,1.0,2.0,1.0,1.0,1.0,2.0,1.0,2.0,2.0,2.0,1.0,1.0,2.0,2.0,1.0,2.0,1.0,2.0,2.0,2.0,1.0,1.0,2.0,1.0,1.0,1.0,2.0,2.0,2.0,1.0,2.0,1.0,1.0,1.0,1.0,1.0,2.0,,5.0,,,6.0,,19.0,,,9.0,
pid_943,1.0,,1.0,,2.0,50.0,,,,,1.0,100.0,30.0,,3.0,,4.0,5.0,1.0,1.0,5.0,5.0,4.0,5.0,5.0,5.0,,,5.0,,,,4.0,5.0,5.0,4.0,,2.0,7.0,5.0,5.0,5.0,5.0,5.0,6.0,6.0,60.0,65.0,45.0,40.0,65.0,65.0,55.0,75.0,70.0,80.0,4.0,6.0,,1.0,1.0,1.0,1.0,1.0,1.0,1.0,1.0,1.0,1.0,,,,,,,2.0,2.0,2.0,1.0,1.0,2.0,2.0,2.0,2.0,2.0,2.0,2.0,1.0,2.0,2.0,2.0,2.0,2.0,2.0,2.0,1.0,2.0,2.0,2.0,1.0,1.0,2.0,2.0,2.0,1.0,2.0,2.0,1.0,2.0,1.0,2.0,1.0,1.0,2.0,2.0,,,5.0,,,6.0,20.0,,,9.0,
pid_944,2.0,,1.0,,2.0,54.0,,,,,1.0,380.0,,80.0,3.0,,4.0,4.0,2.0,1.0,4.0,4.0,2.0,4.0,4.0,4.0,,,4.0,3.0,4.0,2.0,,,,4.0,,2.0,6.0,5.0,5.0,5.0,5.0,5.0,6.0,6.0,55.0,62.0,45.0,42.0,60.0,58.0,48.0,68.0,65.0,75.0,4.0,,6.0,1.0,1.0,1.0,1.0,1.0,1.0,1.0,1.0,1.0,1.0,,,,,,,1.0,1.0,1.0,1.0,2.0,1.0,2.0,2.0,1.0,2.0,2.0,1.0,1.0,1.0,1.0,1.0,1.0,1.0,2.0,1.0,1.0,2.0,2.0,2.0,1.0,2.0,1.0,1.0,1.0,2.0,2.0,2.0,1.0,2.0,1.0,1.0,1.0,2.0,1.0,1.0,,,5.0,,,6.0,,20.0,,,3.0
pid_945,1.0,,,1.0,,,1.0,54.0,,,1.0,380.0,30.0,,3.0,,4.0,5.0,1.0,1.0,5.0,5.0,4.0,5.0,5.0,5.0,,5.0,,4.0,5.0,3.0,,,,,6.0,1.0,7.0,3.0,5.0,5.0,3.0,6.0,6.0,6.0,55.0,65.0,45.0,35.0,65.0,62.0,55.0,75.0,70.0,80.0,4.0,,7.0,1.0,1.0,1.0,1.0,1.0,1.0,1.0,1.0,1.0,1.0,,,,,,,2.0,2.0,2.0,1.0,1.0,2.0,1.0,2.0,2.0,2.0,1.0,2.0,2.0,2.0,1.0,2.0,2.0,2.0,2.0,1.0,1.0,1.0,1.0,2.0,2.0,1.0,1.0,2.0,2.0,1.0,2.0,1.0,2.0,2.0,1.0,1.0,1.0,2.0,2.0,1.0,,5.0,,,6.0,,18.0,,,9.0,
pid_946,1.0,,1.0,,,,1.0,54.0,2.0,380.0,,,30.0,,2.0,,4.0,4.0,2.0,1.0,4.0,5.0,2.0,5.0,4.0,5.0,,,5.0,,,,4.0,3.0,3.0,,4.0,1.0,6.0,5.0,5.0,5.0,5.0,6.0,6.0,5.0,60.0,70.0,45.0,35.0,65.0,65.0,55.0,75.0,65.0,80.0,4.0,,6.0,1.0,1.0,1.0,1.0,1.0,1.0,1.0,1.0,1.0,1.0,,,,,,,2.0,2.0,2.0,1.0,1.0,2.0,1.0,2.0,2.0,2.0,2.0,1.0,2.0,2.0,1.0,2.0,2.0,2.0,1.0,2.0,1.0,1.0,2.0,2.0,1.0,1.0,1.0,1.0,2.0,2.0,2.0,2.0,1.0,1.0,2.0,2.0,2.0,2.0,2.0,1.0,,,5.0,,,6.0,18.0,,,,3.0
pid_947,1.0,,2.0,,2.0,54.0,,,2.0,380.0,,,,70.0,,2.0,5.0,5.0,2.0,2.0,5.0,5.0,4.0,5.0,4.0,5.0,,,5.0,4.0,5.0,3.0,,,,,4.0,2.0,7.0,5.0,5.0,5.0,5.0,6.0,6.0,6.0,60.0,58.0,45.0,42.0,58.0,62.0,52.0,72.0,65.0,78.0,4.0,6.0,,1.0,1.0,1.0,1.0,1.0,1.0,1.0,1.0,1.0,1.0,,,,,,,2.0,1.0,1.0,1.0,2.0,1.0,2.0,1.0,2.0,2.0,2.0,2.0,2.0,2.0,1.0,2.0,1.0,1.0,2.0,1.0,2.0,2.0,2.0,2.0,1.0,1.0,1.0,1.0,1.0,1.0,1.0,1.0,2.0,2.0,2.0,2.0,2.0,1.0,1.0,2.0,,,5.0,,,6.0,18.0,,,9.0,
pid_948,1.0,,2.0,,,,1.0,30.0,2.0,500.0,,,50.0,,,3.0,2.0,1.0,5.0,4.0,2.0,2.0,1.0,4.0,2.0,4.0,2.0,,,,,,4.0,5.0,5.0,4.0,,2.0,6.0,5.0,5.0,3.0,5.0,5.0,6.0,6.0,55.0,60.0,60.0,55.0,60.0,65.0,50.0,65.0,65.0,75.0,4.0,6.0,,1.0,1.0,1.0,1.0,1.0,1.0,1.0,1.0,1.0,1.0,,,,,,,2.0,2.0,1.0,2.0,1.0,2.0,1.0,2.0,1.0,1.0,1.0,1.0,1.0,1.0,2.0,2.0,1.0,1.0,1.0,1.0,1.0,1.0,1.0,2.0,1.0,2.0,1.0,1.0,2.0,1.0,1.0,1.0,2.0,2.0,1.0,1.0,2.0,1.0,2.0,1.0,5.0,,,5.0,,,,12.0,,,4.0
pid_949,1.0,,1.0,,,,1.0,30.0,,,1.0,200.0,,70.0,2.0,,4.0,5.0,2.0,2.0,5.0,4.0,2.0,5.0,4.0,4.0,,5.0,,4.0,3.0,3.0,,,,,4.0,1.0,7.0,5.0,5.0,5.0,3.0,5.0,6.0,6.0,55.0,55.0,45.0,40.0,60.0,65.0,50.0,70.0,65.0,75.0,4.0,,6.0,,,,,,,,,,,1.0,1.0,1.0,1.0,1.0,1.0,1.0,2.0,2.0,2.0,1.0,1.0,2.0,1.0,1.0,2.0,2.0,2.0,2.0,2.0,1.0,2.0,1.0,2.0,1.0,2.0,2.0,2.0,1.0,2.0,2.0,1.0,2.0,1.0,2.0,2.0,2.0,2.0,1.0,2.0,2.0,2.0,1.0,2.0,1.0,2.0,,5.0,,,4.0,,18.0,,,,3.0
pid_950,,1.0,2.0,,2.0,54.0,,,,,1.0,379.0,30.0,,,3.0,4.0,5.0,1.0,1.0,5.0,5.0,4.0,5.0,5.0,5.0,2.0,,,,,,4.0,4.0,5.0,4.0,,2.0,6.0,5.0,5.0,5.0,5.0,5.0,6.0,6.0,55.0,65.0,35.0,40.0,60.0,65.0,55.0,75.0,65.0,75.0,4.0,,6.0,1.0,1.0,1.0,1.0,1.0,1.0,1.0,1.0,1.0,1.0,,,,,,,2.0,1.0,1.0,1.0,2.0,1.0,1.0,1.0,1.0,2.0,1.0,2.0,1.0,2.0,2.0,2.0,2.0,1.0,2.0,1.0,2.0,2.0,1.0,1.0,1.0,1.0,2.0,1.0,1.0,1.0,2.0,1.0,1.0,2.0,2.0,1.0,2.0,2.0,2.0,1.0,5.0,,,5.0,,,,10.0,2.0,,
pid_951,,2.0,,2.0,,,1.0,54.0,,,1.0,379.0,30.0,,,3.0,2.0,2.0,4.0,4.0,4.0,2.0,1.0,4.0,2.0,4.0,,5.0,,,,,4.0,5.0,5.0,,4.0,1.0,6.0,5.0,5.0,5.0,3.0,5.0,6.0,6.0,45.0,60.0,55.0,45.0,60.0,55.0,50.0,65.0,65.0,75.0,4.0,,6.0,1.0,1.0,1.0,1.0,1.0,1.0,1.0,1.0,1.0,1.0,,,,,,,1.0,1.0,2.0,1.0,2.0,1.0,2.0,1.0,1.0,1.0,1.0,2.0,1.0,1.0,1.0,2.0,2.0,1.0,2.0,2.0,1.0,1.0,2.0,1.0,1.0,2.0,2.0,2.0,2.0,1.0,1.0,2.0,2.0,2.0,2.0,2.0,2.0,2.0,1.0,2.0,,5.0,,,6.0,,,10.0,,6.0,
pid_952,1.0,,,2.0,,,1.0,30.0,,,1.0,200.0,,70.0,,3.0,4.0,5.0,1.0,1.0,5.0,5.0,4.0,5.0,5.0,5.0,,,5.0,,,,4.0,4.0,5.0,6.0,,2.0,6.0,5.0,5.0,5.0,3.0,5.0,6.0,6.0,50.0,65.0,45.0,35.0,60.0,60.0,50.0,70.0,65.0,75.0,4.0,,6.0,1.0,1.0,1.0,1.0,1.0,1.0,1.0,1.0,1.0,1.0,,,,,,,2.0,1.0,2.0,2.0,1.0,1.0,2.0,1.0,1.0,1.0,1.0,1.0,1.0,2.0,1.0,2.0,2.0,2.0,2.0,2.0,2.0,2.0,1.0,1.0,2.0,2.0,2.0,1.0,2.0,1.0,2.0,2.0,1.0,2.0,1.0,2.0,2.0,1.0,1.0,1.0,,,5.0,,,6.0,,20.0,,6.0,
pid_953,1.0,,,2.0,2.0,54.0,,,,,1.0,379.0,,70.0,2.0,,2.0,1.0,5.0,4.0,4.0,2.0,1.0,4.0,2.0,2.0,4.0,,,4.0,5.0,,,,,4.0,,1.0,6.0,5.0,5.0,5.0,5.0,6.0,6.0,5.0,45.0,65.0,55.0,45.0,50.0,48.0,45.0,65.0,60.0,75.0,4.0,,6.0,,,,,,,,,,,1.0,1.0,1.0,1.0,1.0,1.0,2.0,2.0,1.0,1.0,1.0,1.0,2.0,1.0,1.0,1.0,1.0,1.0,1.0,1.0,1.0,1.0,1.0,2.0,1.0,1.0,1.0,1.0,1.0,2.0,1.0,2.0,2.0,1.0,1.0,2.0,2.0,1.0,2.0,2.0,1.0,2.0,2.0,1.0,1.0,2.0,5.0,,,6.0,,,15.0,,,,4.0
pid_954,1.0,,2.0,,,,1.0,25.0,,,1.0,200.0,50.0,,2.0,,2.0,2.0,5.0,4.0,4.0,4.0,1.0,4.0,2.0,4.0,,4.0,,4.0,5.0,3.0,,,,,4.0,2.0,7.0,5.0,5.0,6.0,5.0,6.0,6.0,6.0,55.0,60.0,62.0,58.0,52.0,58.0,45.0,68.0,63.0,78.0,4.0,,7.0,,,,,,,,,,,1.0,1.0,1.0,1.0,1.0,1.0,1.0,1.0,2.0,1.0,2.0,2.0,2.0,1.0,1.0,1.0,2.0,1.0,2.0,2.0,1.0,1.0,1.0,2.0,2.0,1.0,1.0,2.0,2.0,2.0,2.0,1.0,1.0,2.0,1.0,2.0,2.0,1.0,2.0,1.0,1.0,2.0,1.0,1.0,2.0,2.0,,4.0,,,6.0,,,18.0,1.0,,
pid_955,,2.0,,2.0,,,1.0,54.0,,,1.0,380.0,,80.0,3.0,,2.0,1.0,5.0,4.0,4.0,2.0,1.0,4.0,2.0,4.0,,,4.0,,,,4.0,5.0,5.0,4.0,,2.0,7.0,5.0,5.0,5.0,5.0,6.0,6.0,6.0,45.0,58.0,65.0,52.0,55.0,58.0,48.0,65.0,60.0,75.0,4.0,,6.0,1.0,1.0,1.0,1.0,1.0,1.0,1.0,1.0,1.0,1.0,,,,,,,1.0,1.0,1.0,2.0,1.0,2.0,2.0,2.0,1.0,2.0,1.0,1.0,2.0,2.0,1.0,1.0,2.0,1.0,1.0,1.0,2.0,1.0,1.0,1.0,2.0,2.0,1.0,2.0,2.0,2.0,1.0,2.0,1.0,1.0,2.0,1.0,1.0,2.0,2.0,2.0,,,5.0,,,6.0,,20.0,2.0,,
pid_956,,1.0,,2.0,,,1.0,50.0,,,1.0,380.0,30.0,,3.0,,5.0,5.0,1.0,1.0,5.0,5.0,4.0,5.0,5.0,5.0,,5.0,,,,,4.0,3.0,5.0,,4.0,1.0,7.0,5.0,5.0,5.0,3.0,5.0,6.0,6.0,65.0,60.0,40.0,35.0,60.0,60.0,55.0,75.0,70.0,80.0,4.0,,7.0,,,,,,,,,,,1.0,1.0,1.0,1.0,1.0,1.0,1.0,2.0,2.0,1.0,2.0,2.0,1.0,2.0,1.0,2.0,2.0,1.0,1.0,2.0,2.0,1.0,1.0,2.0,1.0,1.0,2.0,1.0,1.0,1.0,2.0,2.0,2.0,2.0,2.0,1.0,2.0,1.0,2.0,1.0,1.0,2.0,1.0,1.0,2.0,2.0,,5.0,,,6.0,,18.0,,,6.0,
pid_957,1.0,,,2.0,,,1.0,54.0,,,1.0,380.0,30.0,,,2.0,4.0,4.0,2.0,2.0,5.0,4.0,4.0,5.0,4.0,5.0,4.0,,,,,,4.0,3.0,3.0,6.0,,2.0,6.0,5.0,5.0,5.0,3.0,5.0,6.0,6.0,55.0,55.0,50.0,35.0,60.0,58.0,50.0,65.0,65.0,70.0,4.0,,6.0,1.0,1.0,1.0,1.0,1.0,1.0,1.0,1.0,1.0,1.0,,,,,,,2.0,2.0,2.0,1.0,1.0,1.0,1.0,2.0,2.0,2.0,2.0,1.0,1.0,2.0,1.0,1.0,1.0,2.0,1.0,2.0,1.0,1.0,1.0,2.0,2.0,1.0,1.0,2.0,2.0,2.0,1.0,2.0,1.0,1.0,1.0,1.0,1.0,1.0,2.0,2.0,4.0,,,6.0,,,18.0,,3.0,,
pid_958,,1.0,,2.0,,,1.0,54.0,,,1.0,379.0,,70.0,3.0,,4.0,5.0,2.0,1.0,5.0,5.0,4.0,5.0,5.0,5.0,,,5.0,4.0,5.0,3.0,,,,4.0,,2.0,7.0,3.0,5.0,5.0,5.0,5.0,6.0,6.0,65.0,65.0,45.0,35.0,60.0,,55.0,75.0,70.0,80.0,4.0,6.0,,,,,,,,,,,,1.0,1.0,1.0,1.0,1.0,1.0,1.0,2.0,2.0,2.0,1.0,1.0,1.0,1.0,1.0,1.0,1.0,2.0,2.0,1.0,2.0,2.0,1.0,1.0,1.0,2.0,1.0,1.0,1.0,2.0,2.0,2.0,2.0,2.0,2.0,1.0,2.0,2.0,1.0,2.0,1.0,2.0,1.0,2.0,1.0,2.0,,,5.0,,,6.0,,20.0,3.0,,
pid_959,,2.0,,1.0,2.0,54.0,,,2.0,380.0,,,,70.0,2.0,,4.0,5.0,1.0,1.0,5.0,5.0,4.0,5.0,5.0,5.0,,,5.0,,,,4.0,3.0,5.0,6.0,,1.0,6.0,5.0,5.0,5.0,5.0,6.0,6.0,6.0,55.0,60.0,45.0,35.0,58.0,60.0,50.0,70.0,65.0,75.0,4.0,6.0,,1.0,1.0,1.0,1.0,1.0,1.0,1.0,1.0,1.0,1.0,,,,,,,1.0,1.0,1.0,2.0,1.0,1.0,2.0,2.0,1.0,1.0,2.0,1.0,1.0,2.0,1.0,2.0,2.0,1.0,2.0,1.0,1.0,1.0,1.0,1.0,1.0,1.0,1.0,1.0,1.0,2.0,1.0,1.0,1.0,1.0,1.0,2.0,1.0,2.0,2.0,1.0,,,5.0,,,6.0,18.0,,,,3.0
pid_960,,1.0,2.0,,,,1.0,30.0,2.0,500.0,,,30.0,,,3.0,5.0,5.0,1.0,1.0,5.0,5.0,4.0,5.0,5.0,5.0,,,5.0,,,,4.0,5.0,5.0,6.0,,2.0,7.0,5.0,6.0,5.0,5.0,5.0,6.0,6.0,60.0,65.0,40.0,35.0,65.0,65.0,55.0,75.0,70.0,80.0,4.0,,6.0,,,,,,,,,,,1.0,1.0,1.0,1.0,1.0,1.0,2.0,2.0,2.0,2.0,1.0,1.0,2.0,2.0,2.0,2.0,2.0,1.0,2.0,1.0,2.0,1.0,1.0,1.0,2.0,1.0,1.0,2.0,2.0,2.0,2.0,1.0,2.0,1.0,2.0,1.0,1.0,1.0,1.0,2.0,1.0,1.0,2.0,2.0,1.0,2.0,,,5.0,,,5.0,,0.0,,9.0,
pid_961,,2.0,1.0,,,,1.0,54.0,,,1.0,380.0,,70.0,,3.0,4.0,5.0,2.0,1.0,5.0,5.0,4.0,5.0,5.0,5.0,4.0,,,,,,4.0,5.0,3.0,,4.0,2.0,7.0,3.0,5.0,5.0,3.0,5.0,6.0,6.0,55.0,61.0,42.0,35.0,62.0,58.0,48.0,68.0,65.0,78.0,4.0,,7.0,,,,,,,,,,,1.0,1.0,1.0,1.0,1.0,1.0,1.0,1.0,2.0,2.0,1.0,1.0,1.0,1.0,1.0,1.0,1.0,2.0,1.0,1.0,2.0,2.0,1.0,2.0,1.0,2.0,1.0,1.0,2.0,2.0,2.0,2.0,2.0,1.0,2.0,2.0,1.0,2.0,2.0,2.0,1.0,1.0,1.0,1.0,1.0,2.0,4.0,,,5.0,,,15.0,,2.0,,
pid_962,1.0,,,2.0,2.0,54.0,,,,,1.0,380.0,30.0,,,4.0,4.0,5.0,1.0,1.0,5.0,5.0,4.0,5.0,5.0,5.0,,,5.0,,,,4.0,4.0,3.0,4.0,,2.0,6.0,5.0,5.0,5.0,5.0,6.0,6.0,6.0,55.0,60.0,35.0,35.0,60.0,65.0,50.0,70.0,65.0,75.0,4.0,,7.0,,,,,,,,,,,1.0,1.0,1.0,1.0,1.0,1.0,1.0,2.0,2.0,2.0,2.0,1.0,1.0,2.0,1.0,2.0,1.0,2.0,2.0,2.0,2.0,2.0,2.0,1.0,2.0,2.0,2.0,2.0,1.0,2.0,1.0,1.0,1.0,1.0,2.0,1.0,2.0,1.0,2.0,1.0,1.0,1.0,2.0,1.0,1.0,2.0,,,5.0,,,5.0,,20.0,,9.0,
pid_963,1.0,,1.0,,2.0,54.0,,,2.0,380.0,,,,70.0,3.0,,5.0,5.0,1.0,1.0,5.0,5.0,4.0,5.0,5.0,5.0,,,4.0,,,,5.0,4.0,3.0,,4.0,2.0,7.0,5.0,5.0,5.0,5.0,5.0,6.0,6.0,55.0,65.0,40.0,35.0,60.0,65.0,55.0,75.0,70.0,75.0,4.0,6.0,,,,,,,,,,,,1.0,1.0,1.0,1.0,1.0,1.0,1.0,2.0,1.0,2.0,2.0,1.0,2.0,2.0,2.0,2.0,2.0,1.0,2.0,1.0,2.0,1.0,2.0,1.0,2.0,2.0,1.0,2.0,2.0,1.0,1.0,1.0,2.0,2.0,1.0,1.0,1.0,2.0,2.0,1.0,1.0,2.0,2.0,2.0,1.0,1.0,,,4.0,,,6.0,,20.0,,6.0,
pid_964,1.0,,2.0,,2.0,40.0,,,,,1.0,300.0,30.0,,3.0,,2.0,4.0,5.0,4.0,4.0,2.0,1.0,4.0,2.0,4.0,,4.0,,5.0,5.0,,,,,,4.0,1.0,7.0,5.0,5.0,6.0,6.0,5.0,6.0,6.0,45.0,60.0,55.0,45.0,55.0,48.0,45.0,65.0,55.0,70.0,4.0,,6.0,,,,,,,,,,,1.0,1.0,1.0,1.0,1.0,1.0,2.0,1.0,1.0,2.0,1.0,2.0,1.0,1.0,1.0,2.0,2.0,2.0,2.0,1.0,2.0,1.0,2.0,1.0,2.0,1.0,2.0,1.0,1.0,2.0,1.0,1.0,1.0,1.0,1.0,2.0,1.0,1.0,2.0,1.0,2.0,1.0,2.0,2.0,1.0,1.0,,4.0,,,6.0,,,15.0,3.0,,
pid_965,1.0,,1.0,,2.0,54.0,,,2.0,380.0,,,50.0,,,2.0,4.0,5.0,1.0,1.0,5.0,5.0,4.0,5.0,5.0,5.0,2.0,,,,,,4.0,5.0,5.0,4.0,,2.0,7.0,3.0,5.0,6.0,3.0,5.0,6.0,6.0,55.0,65.0,45.0,35.0,60.0,65.0,55.0,75.0,70.0,80.0,4.0,,6.0,,,,,,,,,,,1.0,1.0,1.0,1.0,1.0,1.0,2.0,1.0,1.0,1.0,1.0,2.0,1.0,2.0,2.0,1.0,2.0,2.0,1.0,1.0,1.0,1.0,2.0,2.0,2.0,1.0,1.0,2.0,1.0,1.0,1.0,1.0,2.0,2.0,2.0,1.0,1.0,1.0,2.0,1.0,2.0,2.0,2.0,2.0,1.0,1.0,4.0,,,5.0,,,,20.0,1.0,,
pid_966,1.0,,2.0,,2.0,54.0,,,,,1.0,380.0,50.0,,3.0,,2.0,1.0,5.0,4.0,3.0,2.0,1.0,2.0,2.0,4.0,,,5.0,,,,5.0,4.0,5.0,,4.0,1.0,6.0,5.0,5.0,3.0,3.0,5.0,6.0,6.0,65.0,70.0,55.0,45.0,60.0,65.0,55.0,75.0,65.0,80.0,4.0,,6.0,1.0,1.0,1.0,1.0,1.0,1.0,1.0,1.0,1.0,1.0,,,,,,,2.0,1.0,2.0,2.0,1.0,2.0,1.0,1.0,1.0,2.0,2.0,2.0,1.0,2.0,1.0,2.0,2.0,1.0,1.0,1.0,1.0,2.0,2.0,2.0,1.0,2.0,2.0,1.0,2.0,2.0,1.0,2.0,1.0,2.0,1.0,1.0,2.0,1.0,2.0,2.0,,,4.0,,,6.0,18.0,,,,4.0
pid_967,1.0,,,2.0,,,1.0,54.0,,,1.0,300.0,30.0,,,3.0,2.0,1.0,5.0,4.0,4.0,2.0,1.0,4.0,2.0,4.0,,5.0,,4.0,5.0,2.0,,,,6.0,,1.0,6.0,5.0,5.0,6.0,5.0,5.0,6.0,6.0,45.0,55.0,55.0,50.0,55.0,50.0,48.0,65.0,60.0,75.0,4.0,6.0,,,,,,,,,,,,1.0,1.0,1.0,1.0,1.0,1.0,2.0,1.0,1.0,1.0,2.0,1.0,1.0,2.0,2.0,1.0,2.0,1.0,2.0,2.0,1.0,2.0,2.0,2.0,1.0,2.0,2.0,2.0,2.0,2.0,1.0,1.0,2.0,2.0,1.0,2.0,1.0,1.0,1.0,2.0,2.0,2.0,2.0,2.0,2.0,2.0,,5.0,,,6.0,,18.0,,2.0,,
pid_968,,1.0,1.0,,2.0,54.0,,,2.0,400.0,,,,70.0,,2.0,4.0,5.0,1.0,1.0,5.0,5.0,4.0,5.0,5.0,5.0,4.0,,,,,,4.0,3.0,5.0,,4.0,1.0,7.0,5.0,5.0,5.0,5.0,6.0,6.0,6.0,55.0,55.0,45.0,40.0,60.0,58.0,50.0,72.0,65.0,70.0,4.0,6.0,,1.0,1.0,1.0,1.0,1.0,1.0,1.0,1.0,1.0,1.0,,,,,,,2.0,2.0,1.0,2.0,1.0,1.0,2.0,2.0,1.0,1.0,1.0,1.0,2.0,1.0,2.0,1.0,2.0,2.0,2.0,2.0,1.0,2.0,1.0,2.0,2.0,1.0,2.0,1.0,2.0,1.0,2.0,1.0,1.0,1.0,2.0,2.0,2.0,2.0,2.0,1.0,4.0,,,5.0,,,,2.0,2.0,,
pid_969,,2.0,2.0,,,,1.0,54.0,2.0,380.0,,,30.0,,,2.0,2.0,1.0,5.0,4.0,3.0,2.0,1.0,4.0,2.0,4.0,,,5.0,,,,3.0,4.0,5.0,,4.0,2.0,6.0,5.0,5.0,5.0,3.0,5.0,6.0,6.0,55.0,60.0,65.0,45.0,60.0,65.0,45.0,70.0,65.0,80.0,4.0,,7.0,1.0,1.0,1.0,1.0,1.0,1.0,1.0,1.0,1.0,1.0,,,,,,,1.0,2.0,2.0,1.0,1.0,2.0,2.0,2.0,1.0,2.0,2.0,2.0,1.0,1.0,1.0,1.0,2.0,1.0,2.0,1.0,1.0,1.0,2.0,2.0,2.0,1.0,2.0,2.0,1.0,2.0,1.0,2.0,2.0,2.0,2.0,1.0,2.0,2.0,1.0,1.0,,,4.0,,,6.0,15.0,,1.0,,
pid_970,1.0,,,2.0,,,1.0,54.0,2.0,379.0,,,30.0,,,5.0,5.0,5.0,1.0,1.0,5.0,5.0,4.0,5.0,5.0,5.0,,,5.0,4.0,5.0,3.0,,,,5.0,,1.0,7.0,5.0,5.0,5.0,5.0,5.0,6.0,6.0,55.0,51.0,43.0,38.0,62.0,58.0,48.0,67.0,64.0,74.0,4.0,,7.0,,,,,,,,,,,1.0,1.0,1.0,1.0,1.0,1.0,1.0,1.0,2.0,1.0,2.0,1.0,2.0,2.0,1.0,2.0,2.0,2.0,1.0,2.0,2.0,2.0,1.0,1.0,1.0,1.0,2.0,2.0,1.0,1.0,1.0,2.0,2.0,2.0,1.0,2.0,2.0,2.0,1.0,1.0,1.0,1.0,2.0,2.0,1.0,2.0,,,5.0,,,6.0,,0.0,,6.0,
pid_971,,2.0,,2.0,,,1.0,54.0,,,1.0,380.0,30.0,,,1.0,4.0,5.0,1.0,1.0,5.0,5.0,4.0,5.0,5.0,5.0,1.0,,,,,,4.0,5.0,3.0,4.0,,1.0,6.0,5.0,5.0,5.0,5.0,6.0,7.0,6.0,65.0,65.0,40.0,45.0,60.0,65.0,55.0,75.0,70.0,80.0,4.0,,7.0,,,,,,,,,,,1.0,1.0,1.0,1.0,1.0,1.0,1.0,2.0,1.0,2.0,2.0,2.0,1.0,2.0,1.0,1.0,2.0,1.0,1.0,1.0,2.0,2.0,1.0,1.0,2.0,2.0,2.0,2.0,1.0,1.0,2.0,1.0,2.0,2.0,2.0,1.0,2.0,1.0,1.0,2.0,1.0,2.0,1.0,2.0,1.0,2.0,5.0,,,6.0,,,,0.0,,,4.0
pid_972,,1.0,,2.0,,,1.0,54.0,,,1.0,380.0,,70.0,1.0,,5.0,5.0,1.0,1.0,5.0,5.0,4.0,5.0,5.0,5.0,1.0,,,4.0,5.0,2.0,,,,,6.0,2.0,6.0,5.0,5.0,5.0,5.0,5.0,6.0,6.0,65.0,60.0,45.0,35.0,58.0,65.0,55.0,70.0,65.0,75.0,4.0,,7.0,,,,,,,,,,,1.0,1.0,1.0,1.0,1.0,1.0,2.0,2.0,2.0,1.0,1.0,2.0,1.0,1.0,2.0,1.0,1.0,2.0,2.0,1.0,1.0,2.0,2.0,1.0,2.0,1.0,2.0,2.0,2.0,2.0,2.0,1.0,1.0,2.0,1.0,2.0,2.0,2.0,1.0,2.0,2.0,2.0,2.0,2.0,1.0,2.0,4.0,,,6.0,,,16.0,,,,6.0
pid_973,1.0,,2.0,,2.0,54.0,,,,,1.0,200.0,,70.0,2.0,,4.0,5.0,1.0,1.0,5.0,5.0,4.0,5.0,5.0,5.0,1.0,,,,,,4.0,3.0,5.0,,4.0,2.0,7.0,5.0,5.0,6.0,5.0,5.0,6.0,6.0,65.0,60.0,45.0,35.0,60.0,65.0,55.0,75.0,70.0,80.0,4.0,,6.0,,,,,,,,,,,1.0,1.0,1.0,1.0,1.0,1.0,1.0,1.0,2.0,2.0,1.0,1.0,1.0,2.0,2.0,1.0,1.0,2.0,1.0,1.0,1.0,1.0,1.0,2.0,1.0,2.0,1.0,1.0,2.0,2.0,2.0,1.0,1.0,1.0,2.0,1.0,1.0,2.0,1.0,1.0,2.0,1.0,2.0,1.0,2.0,2.0,5.0,,,6.0,,,,4.0,,,4.0
pid_974,,1.0,2.0,,2.0,54.0,,,2.0,380.0,,,,70.0,2.0,,4.0,5.0,1.0,1.0,5.0,5.0,5.0,5.0,5.0,5.0,,,4.0,4.0,5.0,3.0,,,,6.0,,2.0,7.0,5.0,5.0,5.0,5.0,6.0,6.0,6.0,55.0,60.0,40.0,35.0,60.0,62.0,55.0,70.0,70.0,75.0,4.0,,7.0,,,,,,,,,,,1.0,1.0,1.0,1.0,1.0,1.0,1.0,1.0,1.0,2.0,2.0,2.0,2.0,1.0,1.0,2.0,2.0,1.0,1.0,1.0,1.0,2.0,2.0,1.0,2.0,2.0,1.0,2.0,1.0,1.0,1.0,2.0,1.0,2.0,2.0,2.0,2.0,1.0,2.0,1.0,1.0,2.0,1.0,1.0,1.0,2.0,,,5.0,,,6.0,,18.0,2.0,,
pid_975,1.0,,1.0,,,,1.0,54.0,2.0,380.0,,,30.0,,,2.0,4.0,5.0,1.0,1.0,5.0,5.0,4.0,5.0,5.0,5.0,1.0,,,,,,4.0,3.0,2.0,4.0,,1.0,7.0,5.0,5.0,6.0,3.0,5.0,6.0,6.0,55.0,65.0,40.0,35.0,60.0,58.0,50.0,68.0,65.0,75.0,4.0,,7.0,1.0,1.0,1.0,1.0,1.0,1.0,1.0,1.0,1.0,1.0,,,,,,,1.0,1.0,2.0,2.0,2.0,1.0,1.0,2.0,1.0,1.0,1.0,1.0,2.0,1.0,2.0,1.0,2.0,2.0,1.0,2.0,2.0,2.0,2.0,2.0,2.0,1.0,1.0,1.0,1.0,2.0,1.0,2.0,1.0,1.0,2.0,2.0,1.0,2.0,2.0,1.0,5.0,,,6.0,,,18.0,,,6.0,
pid_976,1.0,,,2.0,,,1.0,45.0,2.0,350.0,,,,85.0,,2.0,2.0,1.0,5.0,4.0,4.0,2.0,1.0,4.0,2.0,4.0,,5.0,,4.0,5.0,3.0,,,,4.0,,1.0,6.0,5.0,5.0,5.0,2.0,5.0,6.0,6.0,45.0,50.0,55.0,45.0,60.0,55.0,45.0,65.0,65.0,80.0,4.0,6.0,,1.0,1.0,1.0,1.0,1.0,1.0,1.0,1.0,1.0,1.0,,,,,,,1.0,2.0,2.0,1.0,2.0,1.0,1.0,2.0,1.0,2.0,2.0,1.0,1.0,1.0,2.0,2.0,1.0,1.0,2.0,1.0,1.0,1.0,1.0,1.0,2.0,1.0,2.0,2.0,1.0,1.0,1.0,1.0,2.0,1.0,2.0,1.0,1.0,2.0,1.0,2.0,,5.0,,,6.0,,18.0,,3.0,,
pid_977,1.0,,,2.0,2.0,54.0,,,2.0,400.0,,,,75.0,,2.0,4.0,5.0,1.0,1.0,5.0,5.0,4.0,5.0,5.0,5.0,1.0,,,4.0,5.0,3.0,,,,4.0,,2.0,7.0,5.0,3.0,5.0,5.0,6.0,6.0,6.0,60.0,60.0,40.0,35.0,65.0,65.0,55.0,70.0,65.0,75.0,4.0,,7.0,1.0,1.0,1.0,1.0,1.0,1.0,1.0,1.0,1.0,1.0,,,,,,,2.0,1.0,2.0,1.0,2.0,2.0,2.0,2.0,1.0,2.0,2.0,2.0,1.0,1.0,2.0,2.0,1.0,2.0,1.0,2.0,1.0,2.0,1.0,2.0,2.0,2.0,1.0,1.0,1.0,1.0,2.0,2.0,1.0,2.0,1.0,2.0,1.0,2.0,2.0,2.0,5.0,,,6.0,,,18.0,,,,6.0
pid_978,1.0,,,2.0,2.0,54.0,,,2.0,380.0,,,30.0,,3.0,,4.0,4.0,2.0,2.0,5.0,4.0,2.0,5.0,4.0,5.0,4.0,,,4.0,5.0,2.0,,,,4.0,,1.0,6.0,5.0,3.0,5.0,5.0,6.0,6.0,6.0,55.0,58.0,52.0,45.0,60.0,58.0,48.0,72.0,65.0,80.0,4.0,,6.0,,,,,,,,,,,1.0,1.0,1.0,1.0,1.0,1.0,1.0,1.0,1.0,2.0,2.0,2.0,1.0,1.0,1.0,1.0,2.0,1.0,1.0,2.0,2.0,2.0,2.0,1.0,2.0,1.0,1.0,1.0,1.0,2.0,1.0,1.0,1.0,2.0,2.0,1.0,1.0,2.0,2.0,1.0,1.0,1.0,1.0,2.0,1.0,1.0,4.0,,,5.0,,,,18.0,,,6.0
pid_979,1.0,,1.0,,,,1.0,20.0,2.0,350.0,,,30.0,,,3.0,4.0,5.0,1.0,1.0,5.0,5.0,4.0,5.0,5.0,5.0,,,5.0,,,,3.0,4.0,5.0,,4.0,2.0,7.0,5.0,5.0,5.0,3.0,5.0,6.0,6.0,55.0,55.0,45.0,40.0,60.0,65.0,50.0,65.0,65.0,80.0,4.0,,6.0,1.0,1.0,1.0,1.0,1.0,1.0,1.0,1.0,1.0,1.0,,,,,,,2.0,2.0,2.0,2.0,1.0,1.0,2.0,1.0,2.0,2.0,1.0,1.0,2.0,1.0,1.0,1.0,2.0,2.0,1.0,1.0,2.0,1.0,2.0,2.0,1.0,1.0,2.0,2.0,2.0,1.0,1.0,2.0,2.0,1.0,1.0,1.0,1.0,2.0,1.0,2.0,,,5.0,,,6.0,,18.0,,9.0,
pid_980,1.0,,1.0,,2.0,54.0,,,,,1.0,380.0,30.0,,1.0,,2.0,1.0,5.0,4.0,4.0,4.0,1.0,2.0,2.0,4.0,,5.0,,4.0,5.0,3.0,,,,,4.0,1.0,7.0,3.0,5.0,5.0,5.0,5.0,6.0,6.0,55.0,52.0,55.0,58.0,60.0,58.0,48.0,65.0,60.0,75.0,4.0,6.0,,,,,,,,,,,,1.0,1.0,1.0,1.0,1.0,1.0,1.0,1.0,2.0,2.0,1.0,1.0,1.0,2.0,2.0,1.0,2.0,1.0,1.0,2.0,1.0,1.0,2.0,2.0,2.0,2.0,2.0,2.0,2.0,2.0,2.0,2.0,1.0,1.0,2.0,1.0,2.0,2.0,1.0,1.0,1.0,2.0,2.0,2.0,1.0,2.0,,5.0,,,6.0,,,2.0,2.0,,
pid_981,1.0,,1.0,,2.0,54.0,,,,,1.0,379.0,30.0,,,3.0,4.0,5.0,1.0,1.0,5.0,5.0,4.0,5.0,5.0,5.0,1.0,,,4.0,5.0,3.0,,,,4.0,,2.0,7.0,5.0,5.0,5.0,5.0,5.0,6.0,6.0,55.0,60.0,45.0,35.0,60.0,65.0,55.0,70.0,65.0,75.0,4.0,,7.0,1.0,1.0,1.0,1.0,1.0,1.0,1.0,1.0,1.0,1.0,,,,,,,1.0,2.0,2.0,1.0,1.0,2.0,1.0,1.0,2.0,2.0,2.0,2.0,2.0,1.0,2.0,1.0,1.0,1.0,1.0,2.0,1.0,2.0,2.0,2.0,2.0,1.0,2.0,1.0,2.0,2.0,1.0,1.0,2.0,2.0,2.0,2.0,2.0,2.0,2.0,2.0,4.0,,,6.0,,,,0.0,,,4.0
pid_982,1.0,,2.0,,,,1.0,54.0,,,1.0,380.0,,80.0,,2.0,2.0,1.0,4.0,4.0,3.0,2.0,1.0,4.0,2.0,4.0,,,5.0,,,,4.0,4.0,5.0,,4.0,1.0,6.0,5.0,5.0,5.0,5.0,5.0,6.0,6.0,55.0,60.0,60.0,55.0,60.0,55.0,45.0,65.0,55.0,75.0,4.0,,6.0,1.0,1.0,1.0,1.0,1.0,1.0,1.0,1.0,1.0,1.0,,,,,,,1.0,2.0,2.0,2.0,2.0,2.0,2.0,1.0,2.0,2.0,2.0,1.0,2.0,1.0,1.0,2.0,1.0,1.0,2.0,2.0,1.0,2.0,2.0,1.0,2.0,1.0,1.0,2.0,2.0,2.0,2.0,2.0,2.0,2.0,2.0,2.0,2.0,1.0,2.0,2.0,,,4.0,,,5.0,,10.0,2.0,,
pid_983,1.0,,,2.0,,,1.0,30.0,,,1.0,100.0,30.0,,,1.0,1.0,1.0,5.0,4.0,4.0,2.0,1.0,2.0,2.0,2.0,,5.0,,4.0,5.0,3.0,,,,6.0,,2.0,7.0,5.0,5.0,6.0,5.0,6.0,6.0,6.0,55.0,60.0,55.0,50.0,65.0,60.0,45.0,65.0,60.0,75.0,4.0,6.0,,,,,,,,,,,,1.0,1.0,1.0,1.0,1.0,1.0,2.0,2.0,1.0,2.0,1.0,2.0,1.0,2.0,2.0,1.0,2.0,1.0,1.0,1.0,1.0,1.0,1.0,2.0,1.0,1.0,1.0,1.0,2.0,1.0,1.0,1.0,2.0,2.0,1.0,1.0,1.0,2.0,1.0,1.0,1.0,1.0,2.0,1.0,2.0,1.0,,5.0,,,6.0,,,0.0,,9.0,
pid_984,,1.0,,2.0,2.0,45.0,,,,,1.0,200.0,,70.0,,1.0,5.0,5.0,1.0,1.0,5.0,5.0,5.0,5.0,5.0,5.0,,5.0,,4.0,5.0,3.0,,,,,4.0,2.0,7.0,5.0,5.0,5.0,5.0,6.0,6.0,6.0,55.0,55.0,45.0,42.0,60.0,62.0,52.0,68.0,65.0,75.0,4.0,,7.0,1.0,1.0,1.0,1.0,1.0,1.0,1.0,1.0,1.0,1.0,,,,,,,2.0,2.0,2.0,2.0,2.0,2.0,1.0,2.0,1.0,1.0,2.0,2.0,1.0,2.0,2.0,2.0,2.0,1.0,1.0,2.0,2.0,1.0,1.0,1.0,1.0,2.0,2.0,2.0,1.0,2.0,2.0,2.0,2.0,2.0,2.0,2.0,1.0,2.0,1.0,2.0,,5.0,,,6.0,,,20.0,,,3.0
pid_985,1.0,,,2.0,,,1.0,54.0,2.0,379.0,,,,70.0,,2.0,4.0,5.0,1.0,1.0,5.0,5.0,4.0,5.0,5.0,5.0,,5.0,,4.0,5.0,3.0,,,,4.0,,1.0,6.0,5.0,5.0,5.0,5.0,5.0,6.0,6.0,60.0,65.0,45.0,35.0,65.0,65.0,55.0,70.0,70.0,75.0,4.0,,7.0,,,,,,,,,,,1.0,1.0,1.0,1.0,1.0,1.0,1.0,1.0,2.0,1.0,2.0,2.0,1.0,1.0,2.0,2.0,1.0,2.0,1.0,1.0,2.0,1.0,2.0,2.0,1.0,2.0,1.0,2.0,2.0,1.0,1.0,1.0,1.0,2.0,2.0,1.0,2.0,1.0,1.0,1.0,1.0,2.0,2.0,1.0,2.0,2.0,,5.0,,,6.0,,18.0,,,6.0,
pid_986,1.0,,,2.0,2.0,54.0,,,,,1.0,300.0,,80.0,,2.0,4.0,4.0,2.0,2.0,5.0,4.0,2.0,5.0,4.0,5.0,,5.0,,,,,4.0,3.0,2.0,,4.0,2.0,6.0,5.0,5.0,5.0,5.0,5.0,6.0,6.0,55.0,55.0,50.0,40.0,60.0,60.0,50.0,70.0,65.0,75.0,4.0,,6.0,,,,,,,,,,,1.0,1.0,1.0,1.0,1.0,1.0,1.0,2.0,1.0,2.0,1.0,1.0,1.0,2.0,1.0,1.0,2.0,2.0,1.0,1.0,2.0,1.0,2.0,1.0,2.0,1.0,2.0,2.0,1.0,2.0,2.0,1.0,2.0,2.0,1.0,2.0,2.0,2.0,2.0,2.0,2.0,1.0,2.0,2.0,1.0,2.0,,5.0,,,6.0,,,0.0,2.0,,
pid_987,1.0,,2.0,,,,1.0,35.0,2.0,380.0,,,,70.0,2.0,,5.0,5.0,1.0,1.0,5.0,5.0,4.0,5.0,5.0,5.0,,,5.0,,,,4.0,3.0,5.0,,4.0,2.0,6.0,5.0,5.0,3.0,5.0,5.0,6.0,6.0,65.0,60.0,45.0,40.0,60.0,65.0,55.0,75.0,70.0,80.0,4.0,,6.0,1.0,1.0,1.0,1.0,1.0,1.0,1.0,1.0,1.0,1.0,,,,,,,2.0,1.0,2.0,1.0,2.0,1.0,1.0,2.0,2.0,2.0,1.0,1.0,1.0,2.0,1.0,2.0,1.0,2.0,2.0,1.0,2.0,2.0,2.0,1.0,2.0,2.0,1.0,2.0,1.0,2.0,1.0,2.0,2.0,2.0,2.0,1.0,2.0,2.0,2.0,1.0,,,5.0,,,6.0,18.0,,3.0,,
pid_988,,1.0,,2.0,2.0,54.0,,,,,1.0,380.0,30.0,,,2.0,4.0,5.0,1.0,1.0,5.0,5.0,4.0,5.0,5.0,5.0,4.0,,,4.0,5.0,3.0,,,,,4.0,2.0,6.0,5.0,5.0,5.0,3.0,6.0,6.0,5.0,65.0,60.0,45.0,35.0,60.0,65.0,55.0,75.0,65.0,80.0,4.0,7.0,,1.0,1.0,1.0,1.0,1.0,1.0,1.0,1.0,1.0,1.0,,,,,,,2.0,1.0,2.0,2.0,2.0,1.0,2.0,1.0,1.0,1.0,1.0,1.0,2.0,1.0,1.0,2.0,2.0,1.0,2.0,1.0,1.0,2.0,2.0,1.0,2.0,2.0,1.0,2.0,1.0,1.0,2.0,2.0,1.0,2.0,2.0,2.0,1.0,2.0,1.0,2.0,4.0,,,6.0,,,,18.0,,,3.0
pid_989,1.0,,,2.0,2.0,54.0,,,2.0,380.0,,,,70.0,2.0,,4.0,5.0,2.0,1.0,5.0,5.0,2.0,5.0,4.0,5.0,2.0,,,4.0,3.0,2.0,,,,,4.0,2.0,7.0,5.0,5.0,5.0,5.0,5.0,6.0,6.0,65.0,58.0,45.0,42.0,58.0,62.0,55.0,72.0,67.0,78.0,4.0,6.0,,,,,,,,,,,,1.0,1.0,1.0,1.0,1.0,1.0,1.0,2.0,1.0,2.0,2.0,1.0,2.0,1.0,2.0,2.0,1.0,1.0,2.0,2.0,1.0,1.0,1.0,2.0,2.0,1.0,1.0,2.0,2.0,2.0,2.0,2.0,1.0,2.0,1.0,2.0,2.0,1.0,1.0,1.0,2.0,2.0,2.0,1.0,2.0,1.0,4.0,,,6.0,,,18.0,,,,4.0
pid_990,,1.0,1.0,,,,1.0,54.0,,,1.0,380.0,30.0,,,3.0,5.0,5.0,1.0,1.0,5.0,5.0,5.0,5.0,5.0,5.0,,,5.0,,,,4.0,5.0,5.0,,4.0,1.0,6.0,5.0,5.0,3.0,3.0,5.0,6.0,6.0,60.0,60.0,40.0,35.0,65.0,65.0,55.0,70.0,70.0,80.0,4.0,,7.0,,,,,,,,,,,1.0,1.0,1.0,1.0,1.0,1.0,2.0,1.0,1.0,2.0,2.0,1.0,1.0,1.0,2.0,1.0,1.0,1.0,2.0,1.0,2.0,1.0,1.0,1.0,1.0,2.0,2.0,2.0,1.0,2.0,1.0,1.0,1.0,1.0,1.0,1.0,1.0,1.0,2.0,2.0,1.0,1.0,1.0,1.0,2.0,1.0,,,5.0,,,6.0,,10.0,,9.0,
pid_991,1.0,,,2.0,,,1.0,45.0,,,1.0,350.0,,65.0,,2.0,4.0,5.0,1.0,1.0,5.0,5.0,4.0,5.0,5.0,5.0,1.0,,,,,,4.0,5.0,4.0,4.0,,2.0,7.0,5.0,5.0,3.0,5.0,5.0,6.0,6.0,55.0,65.0,45.0,35.0,60.0,58.0,55.0,75.0,65.0,80.0,4.0,6.0,,1.0,1.0,1.0,1.0,1.0,1.0,1.0,1.0,1.0,1.0,,,,,,,1.0,1.0,1.0,2.0,2.0,1.0,1.0,2.0,2.0,1.0,2.0,2.0,1.0,1.0,2.0,2.0,2.0,2.0,1.0,2.0,2.0,2.0,1.0,1.0,1.0,1.0,2.0,2.0,1.0,1.0,1.0,2.0,2.0,2.0,2.0,2.0,1.0,1.0,2.0,2.0,5.0,,,5.0,,,,20.0,2.0,,
pid_992,1.0,,,2.0,2.0,54.0,,,2.0,379.0,,,,70.0,,2.0,4.0,5.0,1.0,1.0,5.0,5.0,4.0,5.0,5.0,5.0,2.0,,,5.0,5.0,,,,,5.0,,2.0,7.0,5.0,5.0,6.0,5.0,6.0,6.0,6.0,65.0,65.0,45.0,35.0,70.0,68.0,55.0,75.0,70.0,80.0,4.0,6.0,,,,,,,,,,,,1.0,1.0,1.0,1.0,1.0,1.0,2.0,1.0,2.0,2.0,2.0,2.0,2.0,2.0,2.0,2.0,2.0,2.0,1.0,2.0,1.0,2.0,2.0,2.0,2.0,1.0,2.0,1.0,1.0,2.0,1.0,2.0,2.0,1.0,2.0,1.0,2.0,2.0,1.0,1.0,1.0,2.0,2.0,2.0,2.0,1.0,4.0,,,5.0,,,,5.0,,,3.0
pid_993,,1.0,2.0,,2.0,54.0,,,,,1.0,379.0,,70.0,2.0,,4.0,5.0,1.0,1.0,5.0,5.0,4.0,5.0,5.0,5.0,1.0,,,,,,4.0,5.0,5.0,,4.0,2.0,7.0,5.0,5.0,6.0,3.0,5.0,6.0,6.0,60.0,55.0,35.0,40.0,58.0,65.0,55.0,70.0,65.0,78.0,4.0,,7.0,,,,,,,,,,,1.0,1.0,1.0,1.0,1.0,1.0,2.0,2.0,2.0,2.0,2.0,2.0,1.0,2.0,2.0,1.0,2.0,2.0,1.0,2.0,2.0,2.0,1.0,2.0,2.0,1.0,1.0,2.0,2.0,1.0,1.0,2.0,1.0,1.0,2.0,1.0,1.0,2.0,1.0,2.0,2.0,1.0,2.0,1.0,1.0,2.0,5.0,,,6.0,,,,20.0,3.0,,
pid_996,,1.0,2.0,,2.0,54.0,,,2.0,380.0,,,,85.0,3.0,,4.0,4.0,2.0,2.0,4.0,4.0,2.0,5.0,4.0,4.0,4.0,,,4.0,5.0,3.0,,,,4.0,,2.0,6.0,5.0,5.0,5.0,5.0,5.0,6.0,6.0,55.0,55.0,50.0,45.0,60.0,65.0,50.0,70.0,65.0,75.0,4.0,,6.0,1.0,1.0,1.0,1.0,1.0,1.0,1.0,1.0,1.0,1.0,,,,,,,1.0,2.0,2.0,2.0,2.0,1.0,1.0,1.0,2.0,1.0,2.0,2.0,2.0,2.0,2.0,1.0,1.0,1.0,2.0,1.0,1.0,2.0,2.0,2.0,1.0,2.0,2.0,1.0,2.0,2.0,1.0,2.0,2.0,2.0,1.0,1.0,1.0,2.0,1.0,2.0,4.0,,,5.0,,,18.0,,3.0,,
pid_997,,1.0,2.0,,,,1.0,54.0,2.0,380.0,,,,70.0,,5.0,4.0,5.0,2.0,1.0,5.0,5.0,4.0,5.0,5.0,5.0,4.0,,,4.0,5.0,3.0,,,,4.0,,2.0,7.0,3.0,5.0,5.0,5.0,5.0,6.0,6.0,55.0,58.0,48.0,38.0,62.0,64.0,48.0,70.0,68.0,78.0,4.0,6.0,,,,,,,,,,,,1.0,1.0,1.0,1.0,1.0,1.0,2.0,2.0,1.0,1.0,2.0,1.0,1.0,2.0,1.0,1.0,1.0,2.0,1.0,2.0,1.0,2.0,2.0,1.0,1.0,2.0,1.0,1.0,1.0,2.0,1.0,2.0,1.0,1.0,1.0,2.0,1.0,2.0,2.0,2.0,1.0,2.0,2.0,2.0,2.0,2.0,5.0,,,6.0,,,,20.0,2.0,,
pid_998,,1.0,1.0,,,,1.0,54.0,,,1.0,380.0,30.0,,2.0,,5.0,5.0,1.0,1.0,5.0,5.0,4.0,5.0,5.0,5.0,,,4.0,,,,4.0,3.0,2.0,,6.0,2.0,7.0,5.0,5.0,5.0,5.0,5.0,6.0,6.0,60.0,62.0,45.0,40.0,55.0,58.0,48.0,65.0,68.0,75.0,4.0,6.0,,,,,,,,,,,,1.0,1.0,1.0,1.0,1.0,1.0,2.0,2.0,2.0,2.0,1.0,1.0,1.0,2.0,1.0,2.0,2.0,1.0,2.0,1.0,2.0,2.0,2.0,1.0,1.0,2.0,1.0,1.0,2.0,2.0,1.0,2.0,1.0,2.0,1.0,2.0,1.0,2.0,2.0,2.0,2.0,1.0,1.0,1.0,1.0,2.0,,,5.0,,,6.0,,0.0,,,4.0
pid_999,,1.0,2.0,,2.0,65.0,,,,,1.0,100.0,,75.0,,5.0,4.0,2.0,5.0,4.0,4.0,4.0,1.0,4.0,1.0,4.0,1.0,,,,,,4.0,3.0,5.0,,4.0,1.0,7.0,3.0,5.0,5.0,5.0,6.0,6.0,6.0,55.0,65.0,60.0,45.0,60.0,65.0,55.0,75.0,65.0,75.0,4.0,6.0,,,,,,,,,,,,1.0,1.0,1.0,1.0,1.0,1.0,2.0,2.0,2.0,1.0,1.0,2.0,2.0,2.0,2.0,2.0,2.0,2.0,1.0,2.0,1.0,1.0,2.0,1.0,2.0,2.0,2.0,2.0,2.0,1.0,2.0,2.0,2.0,1.0,1.0,2.0,1.0,1.0,2.0,2.0,1.0,2.0,2.0,1.0,1.0,1.0,5.0,,,6.0,,,,8.0,,,4.0
pid_1000,,1.0,,2.0,,,1.0,54.0,,,1.0,379.0,50.0,,5.0,,2.0,4.0,4.0,2.0,4.0,4.0,2.0,4.0,4.0,4.0,,5.0,,4.0,5.0,,,,,,4.0,1.0,6.0,5.0,5.0,5.0,5.0,6.0,6.0,6.0,50.0,65.0,45.0,40.0,55.0,60.0,45.0,65.0,60.0,75.0,4.0,,7.0,,,,,,,,,,,1.0,1.0,1.0,1.0,1.0,1.0,2.0,1.0,1.0,2.0,1.0,1.0,1.0,1.0,2.0,1.0,1.0,1.0,2.0,2.0,1.0,2.0,2.0,1.0,2.0,2.0,2.0,2.0,1.0,2.0,2.0,1.0,1.0,1.0,1.0,1.0,1.0,2.0,2.0,2.0,1.0,1.0,1.0,2.0,1.0,2.0,,5.0,,,6.0,,,5.0,,,4.0
pid_1001,1.0,,1.0,,2.0,54.0,,,2.0,380.0,,,40.0,,,2.0,2.0,4.0,5.0,4.0,2.0,2.0,1.0,2.0,2.0,4.0,,,5.0,,,,4.0,5.0,3.0,,4.0,2.0,6.0,3.0,5.0,3.0,5.0,6.0,6.0,6.0,55.0,55.0,65.0,58.0,60.0,58.0,48.0,65.0,60.0,75.0,4.0,,6.0,1.0,1.0,1.0,1.0,1.0,1.0,1.0,1.0,1.0,1.0,,,,,,,1.0,2.0,1.0,1.0,1.0,2.0,2.0,1.0,1.0,2.0,1.0,2.0,1.0,2.0,2.0,2.0,1.0,2.0,2.0,2.0,2.0,1.0,1.0,2.0,2.0,1.0,1.0,2.0,1.0,2.0,1.0,2.0,1.0,1.0,2.0,2.0,1.0,2.0,1.0,2.0,,,5.0,,,6.0,,20.0,,,4.0
pid_1002,1.0,,2.0,,2.0,54.0,,,,,1.0,380.0,30.0,,5.0,,2.0,1.0,5.0,4.0,4.0,2.0,1.0,4.0,2.0,2.0,1.0,,,3.0,2.0,4.0,,,,6.0,,2.0,7.0,5.0,5.0,6.0,3.0,5.0,6.0,6.0,55.0,55.0,65.0,45.0,60.0,58.0,50.0,65.0,60.0,75.0,4.0,,6.0,,,,,,,,,,,1.0,1.0,1.0,1.0,1.0,1.0,2.0,2.0,2.0,2.0,2.0,1.0,2.0,2.0,1.0,2.0,2.0,2.0,1.0,1.0,1.0,2.0,1.0,2.0,2.0,1.0,1.0,2.0,1.0,2.0,1.0,2.0,2.0,1.0,1.0,2.0,2.0,2.0,1.0,2.0,2.0,1.0,2.0,1.0,2.0,2.0,4.0,,,5.0,,,,2.0,3.0,,
pid_1003,,1.0,1.0,,,,1.0,54.0,2.0,300.0,,,40.0,,1.0,,2.0,4.0,5.0,4.0,4.0,4.0,1.0,4.0,2.0,4.0,,5.0,,,,,4.0,5.0,5.0,4.0,,2.0,6.0,5.0,5.0,5.0,5.0,6.0,6.0,6.0,55.0,65.0,55.0,45.0,60.0,60.0,50.0,70.0,65.0,75.0,4.0,6.0,,,,,,,,,,,,1.0,1.0,1.0,1.0,1.0,1.0,1.0,1.0,2.0,2.0,2.0,2.0,1.0,2.0,2.0,2.0,2.0,2.0,1.0,1.0,2.0,2.0,2.0,2.0,1.0,2.0,2.0,2.0,2.0,1.0,1.0,2.0,1.0,2.0,2.0,2.0,2.0,2.0,2.0,1.0,1.0,2.0,1.0,1.0,1.0,1.0,,4.0,,,6.0,,18.0,,3.0,,
pid_1004,,1.0,,2.0,2.0,54.0,,,2.0,380.0,,,,70.0,,4.0,4.0,5.0,2.0,2.0,5.0,5.0,2.0,5.0,4.0,5.0,,,5.0,,,,3.0,4.0,5.0,4.0,,1.0,6.0,5.0,5.0,5.0,5.0,6.0,6.0,6.0,60.0,65.0,45.0,40.0,65.0,65.0,55.0,70.0,65.0,75.0,4.0,,7.0,1.0,1.0,1.0,1.0,1.0,1.0,1.0,1.0,1.0,1.0,,,,,,,2.0,1.0,1.0,1.0,2.0,1.0,1.0,1.0,1.0,1.0,2.0,2.0,1.0,2.0,2.0,1.0,1.0,2.0,1.0,2.0,2.0,2.0,2.0,2.0,1.0,1.0,1.0,1.0,1.0,2.0,2.0,2.0,2.0,1.0,1.0,2.0,1.0,2.0,1.0,1.0,,,4.0,,,6.0,,20.0,,,3.0
pid_1005,,1.0,,2.0,,,1.0,20.0,2.0,500.0,,,,70.0,2.0,,5.0,5.0,1.0,1.0,5.0,5.0,4.0,5.0,5.0,5.0,,,5.0,4.0,5.0,3.0,,,,4.0,,2.0,7.0,5.0,5.0,5.0,5.0,6.0,6.0,6.0,55.0,60.0,45.0,35.0,58.0,60.0,48.0,68.0,70.0,75.0,4.0,6.0,,,,,,,,,,,,1.0,1.0,1.0,1.0,1.0,1.0,2.0,2.0,2.0,2.0,2.0,2.0,2.0,2.0,1.0,2.0,2.0,2.0,1.0,1.0,1.0,2.0,1.0,2.0,2.0,2.0,1.0,1.0,1.0,2.0,2.0,2.0,2.0,2.0,2.0,1.0,2.0,2.0,1.0,1.0,1.0,2.0,1.0,1.0,2.0,2.0,,,5.0,,,6.0,20.0,,,8.0,
pid_1006,1.0,,,2.0,2.0,54.0,,,2.0,380.0,,,30.0,,2.0,,2.0,1.0,5.0,4.0,3.0,2.0,1.0,2.0,1.0,4.0,,,5.0,4.0,5.0,3.0,,,,,4.0,2.0,6.0,3.0,5.0,5.0,3.0,5.0,6.0,6.0,45.0,55.0,65.0,50.0,55.0,60.0,45.0,65.0,60.0,70.0,4.0,,7.0,,,,,,,,,,,1.0,1.0,1.0,1.0,1.0,1.0,1.0,2.0,1.0,2.0,1.0,2.0,1.0,1.0,2.0,2.0,1.0,2.0,1.0,1.0,1.0,1.0,1.0,1.0,2.0,2.0,2.0,1.0,2.0,2.0,1.0,2.0,2.0,2.0,2.0,2.0,2.0,2.0,1.0,2.0,2.0,2.0,2.0,1.0,2.0,2.0,,,5.0,,,6.0,,10.0,2.0,,
pid_1007,1.0,,,2.0,2.0,54.0,,,2.0,380.0,,,60.0,,,3.0,4.0,5.0,1.0,1.0,5.0,5.0,4.0,5.0,5.0,5.0,,,5.0,,,,4.0,3.0,5.0,,4.0,1.0,6.0,5.0,5.0,5.0,3.0,5.0,6.0,5.0,60.0,65.0,45.0,40.0,65.0,70.0,55.0,75.0,68.0,80.0,4.0,6.0,,1.0,1.0,1.0,1.0,1.0,1.0,1.0,1.0,1.0,1.0,,,,,,,1.0,2.0,2.0,2.0,1.0,1.0,2.0,1.0,1.0,2.0,1.0,2.0,2.0,1.0,1.0,2.0,2.0,2.0,1.0,1.0,2.0,1.0,1.0,1.0,1.0,2.0,2.0,2.0,1.0,2.0,1.0,1.0,1.0,1.0,2.0,2.0,2.0,2.0,1.0,1.0,,,5.0,,,6.0,18.0,,,9.0,
pid_1008,,1.0,1.0,,2.0,54.0,,,,,1.0,350.0,,70.0,2.0,,4.0,5.0,4.0,2.0,4.0,5.0,2.0,5.0,4.0,4.0,,,5.0,,,,3.0,4.0,5.0,,4.0,1.0,7.0,5.0,5.0,5.0,3.0,5.0,6.0,6.0,55.0,65.0,55.0,40.0,50.0,60.0,45.0,65.0,60.0,75.0,4.0,,6.0,,,,,,,,,,,1.0,1.0,1.0,1.0,1.0,1.0,2.0,1.0,2.0,2.0,1.0,2.0,1.0,2.0,1.0,2.0,1.0,2.0,2.0,2.0,2.0,1.0,1.0,2.0,1.0,2.0,2.0,2.0,1.0,2.0,2.0,2.0,2.0,2.0,2.0,2.0,2.0,2.0,1.0,1.0,1.0,2.0,1.0,2.0,2.0,2.0,,,5.0,,,5.0,15.0,,1.0,,
pid_1009,1.0,,,2.0,,,1.0,54.0,2.0,380.0,,,,75.0,2.0,,4.0,5.0,1.0,1.0,5.0,5.0,4.0,5.0,5.0,5.0,,,5.0,4.0,5.0,2.0,,,,6.0,,1.0,6.0,5.0,5.0,3.0,5.0,5.0,6.0,6.0,60.0,65.0,55.0,35.0,55.0,60.0,55.0,75.0,70.0,80.0,4.0,6.0,,,,,,,,,,,,1.0,1.0,1.0,1.0,1.0,1.0,2.0,2.0,2.0,1.0,1.0,2.0,1.0,2.0,1.0,2.0,1.0,2.0,1.0,2.0,1.0,1.0,2.0,1.0,1.0,2.0,2.0,1.0,1.0,1.0,1.0,2.0,1.0,1.0,2.0,2.0,2.0,2.0,1.0,1.0,1.0,1.0,1.0,2.0,1.0,2.0,,,5.0,,,6.0,,5.0,,6.0,
pid_1010,1.0,,1.0,,,,1.0,54.0,,,1.0,380.0,,70.0,,2.0,4.0,5.0,2.0,2.0,5.0,5.0,4.0,5.0,5.0,5.0,,5.0,,,,,4.0,5.0,3.0,4.0,,1.0,7.0,3.0,5.0,5.0,5.0,5.0,6.0,6.0,55.0,65.0,45.0,40.0,60.0,60.0,50.0,70.0,65.0,75.0,4.0,7.0,,,,,,,,,,,,1.0,1.0,1.0,1.0,1.0,1.0,2.0,2.0,1.0,1.0,2.0,2.0,1.0,1.0,2.0,2.0,2.0,1.0,2.0,1.0,1.0,2.0,2.0,2.0,2.0,1.0,2.0,1.0,1.0,2.0,2.0,2.0,2.0,2.0,2.0,2.0,2.0,2.0,2.0,2.0,2.0,2.0,1.0,1.0,2.0,2.0,,5.0,,,6.0,,,18.0,,9.0,
pid_1011,1.0,,1.0,,,,1.0,54.0,,,1.0,379.0,30.0,,2.0,,4.0,4.0,2.0,1.0,5.0,4.0,2.0,5.0,4.0,5.0,,5.0,,,,,4.0,3.0,5.0,4.0,,2.0,6.0,5.0,5.0,5.0,5.0,5.0,6.0,6.0,60.0,60.0,48.0,35.0,62.0,65.0,48.0,72.0,65.0,80.0,4.0,,6.0,1.0,1.0,1.0,1.0,1.0,1.0,1.0,1.0,1.0,1.0,,,,,,,1.0,2.0,1.0,1.0,1.0,1.0,2.0,2.0,2.0,1.0,1.0,1.0,2.0,2.0,1.0,2.0,2.0,1.0,1.0,2.0,1.0,1.0,1.0,1.0,1.0,2.0,1.0,1.0,2.0,2.0,2.0,1.0,1.0,2.0,1.0,2.0,1.0,2.0,1.0,2.0,,4.0,,,6.0,,,12.0,,,6.0
pid_1012,,1.0,,2.0,,,1.0,54.0,,,1.0,380.0,30.0,,,3.0,5.0,5.0,1.0,1.0,5.0,5.0,4.0,5.0,5.0,5.0,,5.0,,,,,4.0,4.0,3.0,6.0,,1.0,7.0,5.0,6.0,5.0,5.0,6.0,6.0,6.0,65.0,62.0,38.0,44.0,58.0,63.0,55.0,72.0,68.0,78.0,4.0,,6.0,,,,,,,,,,,1.0,1.0,1.0,1.0,1.0,1.0,2.0,1.0,1.0,2.0,2.0,1.0,2.0,1.0,1.0,2.0,2.0,2.0,2.0,2.0,2.0,1.0,1.0,2.0,1.0,2.0,2.0,2.0,1.0,1.0,2.0,2.0,2.0,2.0,2.0,2.0,2.0,1.0,1.0,2.0,1.0,2.0,2.0,1.0,2.0,1.0,,5.0,,,6.0,,18.0,,,,3.0
pid_1013,1.0,,,2.0,2.0,54.0,,,,,1.0,379.0,30.0,,,2.0,4.0,5.0,1.0,1.0,5.0,5.0,4.0,5.0,5.0,5.0,,5.0,,4.0,5.0,3.0,,,,6.0,,1.0,6.0,3.0,5.0,5.0,3.0,5.0,6.0,6.0,55.0,60.0,40.0,35.0,60.0,65.0,55.0,70.0,65.0,75.0,4.0,,6.0,1.0,1.0,1.0,1.0,1.0,1.0,1.0,1.0,1.0,1.0,,,,,,,2.0,2.0,2.0,2.0,2.0,2.0,2.0,2.0,2.0,1.0,2.0,2.0,2.0,2.0,2.0,1.0,2.0,1.0,1.0,1.0,1.0,2.0,2.0,1.0,2.0,1.0,2.0,1.0,2.0,1.0,1.0,1.0,2.0,2.0,2.0,1.0,1.0,2.0,2.0,2.0,,5.0,,,6.0,,18.0,,,9.0,
pid_1014,,1.0,,2.0,,,1.0,54.0,,,1.0,380.0,,70.0,,2.0,4.0,5.0,2.0,1.0,5.0,5.0,4.0,5.0,5.0,5.0,2.0,,,,,,4.0,3.0,3.0,6.0,,1.0,6.0,5.0,5.0,5.0,5.0,6.0,6.0,6.0,55.0,60.0,45.0,40.0,60.0,65.0,55.0,75.0,65.0,80.0,4.0,7.0,,,,,,,,,,,,1.0,1.0,1.0,1.0,1.0,1.0,2.0,2.0,1.0,1.0,2.0,2.0,2.0,1.0,2.0,1.0,1.0,2.0,1.0,2.0,2.0,1.0,1.0,1.0,2.0,1.0,2.0,1.0,2.0,2.0,2.0,2.0,2.0,1.0,2.0,2.0,1.0,1.0,2.0,2.0,2.0,2.0,1.0,2.0,2.0,1.0,5.0,,,6.0,,,17.0,,3.0,,
pid_1015,1.0,,1.0,,2.0,50.0,,,2.0,350.0,,,30.0,,2.0,,5.0,5.0,1.0,1.0,5.0,5.0,5.0,5.0,5.0,5.0,,5.0,,4.0,5.0,3.0,,,,6.0,,2.0,7.0,3.0,5.0,5.0,3.0,5.0,6.0,6.0,60.0,65.0,45.0,40.0,65.0,65.0,55.0,75.0,70.0,80.0,4.0,6.0,,1.0,1.0,1.0,1.0,1.0,1.0,1.0,1.0,1.0,1.0,,,,,,,2.0,1.0,2.0,2.0,1.0,1.0,2.0,1.0,2.0,1.0,2.0,1.0,2.0,2.0,2.0,1.0,2.0,1.0,2.0,2.0,2.0,2.0,2.0,2.0,1.0,2.0,2.0,2.0,1.0,1.0,1.0,2.0,1.0,2.0,1.0,2.0,1.0,1.0,2.0,1.0,,5.0,,,6.0,,16.0,,,,3.0
pid_1016,1.0,,2.0,,2.0,54.0,,,,,1.0,379.0,30.0,,,3.0,4.0,5.0,1.0,1.0,5.0,5.0,4.0,5.0,5.0,5.0,,5.0,,,,,4.0,5.0,5.0,4.0,,1.0,6.0,5.0,5.0,5.0,3.0,6.0,6.0,6.0,55.0,55.0,40.0,35.0,62.0,60.0,55.0,75.0,68.0,80.0,4.0,,6.0,,,,,,,,,,,1.0,1.0,1.0,1.0,1.0,1.0,1.0,1.0,1.0,2.0,2.0,2.0,1.0,1.0,2.0,1.0,2.0,1.0,2.0,2.0,1.0,2.0,2.0,2.0,1.0,2.0,1.0,2.0,1.0,1.0,1.0,2.0,1.0,2.0,2.0,1.0,1.0,2.0,1.0,2.0,2.0,2.0,2.0,2.0,1.0,2.0,,4.0,,,6.0,,,20.0,,9.0,
pid_1017,,1.0,2.0,,2.0,54.0,,,2.0,380.0,,,30.0,,2.0,,4.0,5.0,1.0,1.0,5.0,5.0,4.0,5.0,5.0,5.0,1.0,,,4.0,5.0,2.0,,,,6.0,,2.0,7.0,5.0,5.0,6.0,3.0,6.0,6.0,6.0,55.0,55.0,45.0,35.0,60.0,60.0,55.0,70.0,65.0,75.0,4.0,5.0,,,,,,,,,,,,1.0,1.0,1.0,1.0,1.0,1.0,1.0,2.0,2.0,2.0,1.0,2.0,1.0,2.0,1.0,2.0,1.0,2.0,2.0,2.0,2.0,2.0,2.0,2.0,1.0,1.0,2.0,1.0,1.0,1.0,2.0,1.0,1.0,1.0,2.0,2.0,2.0,1.0,1.0,2.0,2.0,2.0,2.0,2.0,2.0,1.0,4.0,,,4.0,,,18.0,,4.0,,
pid_1018,1.0,,2.0,,,,1.0,54.0,2.0,379.0,,,,70.0,3.0,,5.0,5.0,1.0,1.0,5.0,5.0,4.0,5.0,5.0,5.0,,5.0,,4.0,5.0,3.0,,,,6.0,,2.0,7.0,5.0,5.0,5.0,5.0,6.0,6.0,6.0,55.0,58.0,42.0,39.0,62.0,68.0,52.0,75.0,67.0,81.0,4.0,,7.0,,,,,,,,,,,1.0,1.0,1.0,1.0,1.0,1.0,2.0,1.0,2.0,1.0,2.0,2.0,2.0,2.0,1.0,1.0,1.0,2.0,2.0,1.0,2.0,2.0,1.0,2.0,2.0,1.0,2.0,1.0,2.0,1.0,2.0,1.0,2.0,1.0,2.0,2.0,2.0,1.0,1.0,2.0,2.0,2.0,2.0,1.0,2.0,1.0,,5.0,,,6.0,,,0.0,,8.0,
pid_1019,,1.0,,2.0,2.0,54.0,,,2.0,380.0,,,40.0,,,3.0,4.0,4.0,2.0,2.0,4.0,4.0,2.0,4.0,4.0,5.0,1.0,,,4.0,5.0,3.0,,,,,4.0,2.0,6.0,5.0,5.0,5.0,5.0,5.0,6.0,6.0,55.0,68.0,45.0,42.0,60.0,58.0,48.0,65.0,62.0,75.0,4.0,,6.0,1.0,1.0,1.0,1.0,1.0,1.0,1.0,1.0,1.0,1.0,,,,,,,2.0,1.0,2.0,2.0,2.0,2.0,1.0,2.0,1.0,2.0,1.0,1.0,1.0,1.0,1.0,2.0,1.0,1.0,2.0,1.0,2.0,2.0,1.0,2.0,1.0,1.0,2.0,2.0,1.0,1.0,1.0,1.0,1.0,1.0,2.0,1.0,2.0,1.0,2.0,2.0,4.0,,,5.0,,,15.0,,,,6.0
pid_1020,,1.0,2.0,,2.0,54.0,,,2.0,380.0,,,,70.0,3.0,,4.0,5.0,1.0,1.0,5.0,5.0,5.0,5.0,5.0,5.0,,,5.0,,,,4.0,5.0,4.0,6.0,,2.0,7.0,3.0,5.0,5.0,3.0,5.0,6.0,6.0,55.0,65.0,45.0,35.0,65.0,60.0,55.0,75.0,70.0,80.0,4.0,6.0,,,,,,,,,,,,1.0,1.0,1.0,1.0,1.0,1.0,1.0,1.0,2.0,1.0,1.0,2.0,1.0,2.0,2.0,1.0,1.0,1.0,2.0,2.0,1.0,2.0,1.0,2.0,1.0,1.0,1.0,1.0,2.0,2.0,1.0,2.0,1.0,1.0,2.0,2.0,2.0,1.0,1.0,1.0,1.0,2.0,1.0,2.0,1.0,1.0,,,5.0,,,6.0,,20.0,3.0,,
pid_1021,1.0,,1.0,,2.0,54.0,,,,,1.0,380.0,30.0,,1.0,,4.0,5.0,1.0,1.0,5.0,5.0,4.0,5.0,5.0,5.0,1.0,,,5.0,5.0,3.0,,,,4.0,,2.0,7.0,3.0,5.0,5.0,5.0,5.0,6.0,6.0,55.0,65.0,35.0,40.0,65.0,60.0,45.0,70.0,65.0,80.0,4.0,,7.0,1.0,1.0,1.0,1.0,1.0,1.0,1.0,1.0,1.0,1.0,,,,,,,2.0,1.0,2.0,2.0,1.0,2.0,2.0,2.0,2.0,1.0,2.0,2.0,1.0,2.0,2.0,2.0,2.0,2.0,1.0,1.0,2.0,1.0,1.0,1.0,2.0,1.0,2.0,2.0,2.0,2.0,2.0,1.0,2.0,2.0,1.0,1.0,2.0,2.0,2.0,1.0,5.0,,,5.0,,,15.0,,3.0,,
pid_1022,,1.0,,2.0,2.0,54.0,,,2.0,380.0,,,,70.0,,4.0,5.0,5.0,1.0,1.0,5.0,5.0,4.0,5.0,5.0,5.0,4.0,,,4.0,5.0,3.0,,,,,4.0,2.0,6.0,5.0,5.0,3.0,5.0,6.0,6.0,6.0,55.0,60.0,42.0,35.0,60.0,58.0,52.0,65.0,68.0,76.0,4.0,7.0,,1.0,1.0,1.0,1.0,1.0,1.0,1.0,1.0,1.0,1.0,,,,,,,2.0,2.0,1.0,2.0,1.0,2.0,1.0,2.0,1.0,1.0,1.0,1.0,2.0,1.0,2.0,1.0,1.0,1.0,2.0,2.0,2.0,1.0,1.0,1.0,2.0,2.0,2.0,1.0,2.0,1.0,2.0,2.0,1.0,2.0,2.0,1.0,2.0,2.0,2.0,2.0,5.0,,,6.0,,,,20.0,,8.0,
pid_1023,,1.0,,2.0,2.0,54.0,,,2.0,380.0,,,30.0,,,3.0,4.0,5.0,2.0,2.0,5.0,4.0,4.0,5.0,5.0,5.0,,,5.0,,,,4.0,3.0,5.0,4.0,,2.0,6.0,5.0,3.0,5.0,5.0,5.0,6.0,6.0,55.0,60.0,48.0,42.0,60.0,58.0,50.0,68.0,65.0,72.0,4.0,,7.0,,,,,,,,,,,1.0,1.0,1.0,1.0,1.0,1.0,1.0,2.0,2.0,1.0,1.0,1.0,2.0,2.0,1.0,1.0,1.0,1.0,2.0,2.0,2.0,1.0,1.0,1.0,2.0,1.0,2.0,2.0,2.0,2.0,1.0,1.0,1.0,1.0,2.0,2.0,1.0,2.0,2.0,2.0,1.0,1.0,1.0,1.0,1.0,2.0,,,5.0,,,6.0,,18.0,,,3.0
pid_1024,1.0,,1.0,,2.0,54.0,,,,,1.0,380.0,,75.0,,1.0,2.0,1.0,5.0,4.0,2.0,2.0,1.0,2.0,1.0,2.0,1.0,,,4.0,5.0,3.0,,,,,4.0,1.0,6.0,5.0,5.0,5.0,3.0,5.0,6.0,6.0,50.0,55.0,60.0,50.0,55.0,60.0,45.0,65.0,60.0,70.0,4.0,,6.0,,,,,,,,,,,1.0,1.0,1.0,1.0,1.0,1.0,1.0,2.0,2.0,1.0,2.0,2.0,1.0,2.0,2.0,1.0,1.0,2.0,1.0,1.0,2.0,1.0,2.0,2.0,2.0,1.0,2.0,2.0,2.0,1.0,1.0,1.0,2.0,2.0,2.0,2.0,1.0,2.0,2.0,2.0,1.0,2.0,2.0,1.0,2.0,2.0,4.0,,,5.0,,,18.0,,,9.0,
pid_1025,,1.0,,2.0,2.0,54.0,,,2.0,380.0,,,40.0,,5.0,,4.0,5.0,1.0,1.0,5.0,5.0,4.0,5.0,5.0,5.0,,5.0,,,,,5.0,4.0,5.0,4.0,,2.0,7.0,3.0,5.0,5.0,5.0,5.0,6.0,6.0,55.0,60.0,45.0,35.0,60.0,58.0,50.0,70.0,65.0,80.0,4.0,7.0,,1.0,1.0,1.0,1.0,1.0,1.0,1.0,1.0,1.0,1.0,,,,,,,2.0,1.0,1.0,1.0,2.0,2.0,2.0,2.0,2.0,2.0,1.0,1.0,1.0,2.0,1.0,2.0,1.0,2.0,1.0,2.0,1.0,1.0,2.0,1.0,1.0,1.0,2.0,1.0,2.0,1.0,1.0,1.0,1.0,2.0,2.0,1.0,2.0,2.0,2.0,1.0,,5.0,,,6.0,,,5.0,,9.0,
pid_1026,,1.0,,1.0,2.0,54.0,,,2.0,370.0,,,50.0,,2.0,,5.0,5.0,2.0,1.0,5.0,5.0,4.0,5.0,4.0,5.0,,,5.0,4.0,5.0,3.0,,,,4.0,,2.0,7.0,3.0,5.0,5.0,5.0,5.0,6.0,6.0,55.0,65.0,45.0,35.0,60.0,65.0,50.0,70.0,65.0,75.0,4.0,6.0,,,,,,,,,,,,1.0,1.0,1.0,1.0,1.0,1.0,2.0,2.0,2.0,2.0,1.0,2.0,2.0,2.0,2.0,2.0,2.0,1.0,2.0,2.0,1.0,2.0,2.0,1.0,2.0,1.0,2.0,1.0,2.0,1.0,2.0,2.0,2.0,2.0,2.0,2.0,1.0,1.0,1.0,2.0,2.0,1.0,2.0,2.0,2.0,1.0,,,5.0,,,6.0,,20.0,,9.0,
pid_1027,,2.0,,2.0,,,1.0,30.0,2.0,380.0,,,,75.0,,1.0,5.0,5.0,1.0,1.0,5.0,5.0,4.0,5.0,5.0,5.0,1.0,,,4.0,5.0,3.0,,,,6.0,,1.0,7.0,3.0,5.0,5.0,5.0,6.0,6.0,6.0,65.0,60.0,40.0,35.0,60.0,65.0,55.0,70.0,65.0,75.0,4.0,,7.0,,,,,,,,,,,1.0,1.0,1.0,1.0,1.0,1.0,2.0,2.0,1.0,2.0,2.0,1.0,2.0,1.0,2.0,1.0,2.0,1.0,1.0,1.0,2.0,2.0,1.0,1.0,2.0,2.0,2.0,2.0,1.0,1.0,2.0,2.0,1.0,2.0,2.0,1.0,1.0,2.0,2.0,2.0,2.0,1.0,2.0,2.0,2.0,2.0,5.0,,,6.0,,,18.0,,,,4.0
pid_1028,,1.0,,2.0,2.0,54.0,,,,,1.0,379.0,30.0,,,2.0,5.0,5.0,1.0,1.0,5.0,5.0,4.0,5.0,5.0,5.0,,,5.0,4.0,5.0,3.0,,,,,4.0,2.0,7.0,5.0,5.0,3.0,5.0,6.0,7.0,6.0,55.0,55.0,35.0,40.0,58.0,60.0,48.0,65.0,67.0,75.0,4.0,7.0,,1.0,1.0,1.0,1.0,1.0,1.0,1.0,1.0,1.0,1.0,,,,,,,2.0,1.0,2.0,2.0,1.0,2.0,1.0,2.0,2.0,1.0,1.0,1.0,1.0,2.0,2.0,1.0,2.0,1.0,2.0,2.0,2.0,1.0,1.0,1.0,1.0,1.0,1.0,2.0,2.0,1.0,1.0,1.0,2.0,2.0,1.0,2.0,1.0,1.0,1.0,1.0,,,5.0,,,6.0,,5.0,,9.0,
pid_1029,,1.0,,1.0,2.0,60.0,,,,,1.0,380.0,,85.0,1.0,,4.0,5.0,1.0,1.0,5.0,5.0,5.0,5.0,5.0,5.0,4.0,,,4.0,5.0,3.0,,,,4.0,,2.0,7.0,3.0,5.0,5.0,5.0,6.0,6.0,6.0,55.0,62.0,45.0,38.0,60.0,62.0,48.0,68.0,65.0,78.0,4.0,,6.0,,,,,,,,,,,1.0,1.0,1.0,1.0,1.0,1.0,2.0,2.0,2.0,2.0,2.0,1.0,2.0,2.0,1.0,2.0,1.0,2.0,1.0,1.0,1.0,1.0,1.0,1.0,2.0,2.0,1.0,2.0,1.0,1.0,2.0,1.0,2.0,2.0,2.0,1.0,1.0,2.0,2.0,1.0,2.0,2.0,1.0,2.0,1.0,2.0,5.0,,,5.0,,,,10.0,3.0,,
pid_1030,1.0,,,2.0,,,1.0,54.0,2.0,380.0,,,30.0,,2.0,,4.0,4.0,2.0,2.0,4.0,4.0,3.0,4.0,4.0,4.0,,5.0,,,,,3.0,4.0,5.0,,4.0,2.0,7.0,3.0,5.0,5.0,3.0,5.0,6.0,5.0,60.0,60.0,45.0,40.0,55.0,60.0,50.0,70.0,65.0,75.0,4.0,6.0,,1.0,1.0,1.0,1.0,1.0,1.0,1.0,1.0,1.0,1.0,,,,,,,1.0,1.0,2.0,1.0,2.0,2.0,1.0,2.0,2.0,1.0,2.0,2.0,1.0,2.0,1.0,1.0,1.0,2.0,2.0,2.0,2.0,1.0,1.0,2.0,1.0,1.0,2.0,2.0,1.0,2.0,1.0,2.0,2.0,1.0,2.0,1.0,2.0,2.0,2.0,2.0,,5.0,,,6.0,,18.0,,1.0,,
pid_1031,,1.0,,2.0,2.0,54.0,,,2.0,380.0,,,,70.0,3.0,,4.0,5.0,2.0,1.0,5.0,5.0,4.0,5.0,5.0,5.0,2.0,,,,,,4.0,5.0,5.0,,4.0,2.0,7.0,5.0,5.0,5.0,5.0,6.0,6.0,6.0,60.0,65.0,45.0,35.0,65.0,70.0,55.0,75.0,70.0,80.0,4.0,6.0,,1.0,1.0,1.0,1.0,1.0,1.0,1.0,1.0,1.0,1.0,,,,,,,2.0,2.0,2.0,2.0,1.0,2.0,2.0,2.0,2.0,1.0,1.0,2.0,1.0,2.0,1.0,1.0,1.0,2.0,1.0,2.0,2.0,1.0,1.0,2.0,1.0,2.0,2.0,2.0,2.0,2.0,2.0,1.0,1.0,2.0,2.0,2.0,1.0,2.0,2.0,2.0,,,,6.0,,,,5.0,,9.0,
pid_1032,,1.0,1.0,,,,1.0,20.0,,,1.0,100.0,30.0,,,2.0,4.0,5.0,2.0,1.0,5.0,5.0,4.0,5.0,5.0,5.0,2.0,,,,,,4.0,5.0,5.0,4.0,,2.0,6.0,5.0,5.0,3.0,5.0,5.0,6.0,6.0,65.0,65.0,45.0,40.0,60.0,65.0,50.0,75.0,70.0,80.0,4.0,6.0,,,,,,,,,,,,1.0,1.0,1.0,1.0,1.0,1.0,2.0,2.0,2.0,2.0,2.0,2.0,2.0,1.0,2.0,2.0,1.0,1.0,1.0,2.0,2.0,2.0,2.0,1.0,1.0,2.0,2.0,2.0,2.0,2.0,2.0,1.0,1.0,2.0,2.0,1.0,1.0,1.0,1.0,1.0,1.0,2.0,2.0,1.0,1.0,2.0,4.0,,,6.0,,,,12.0,,,3.0
pid_1033,1.0,,1.0,,2.0,54.0,,,,,1.0,379.0,30.0,,,2.0,5.0,5.0,1.0,1.0,5.0,5.0,5.0,5.0,5.0,5.0,,5.0,,,,,4.0,5.0,5.0,5.0,,2.0,7.0,5.0,3.0,5.0,3.0,5.0,6.0,6.0,55.0,60.0,45.0,40.0,60.0,58.0,50.0,70.0,65.0,75.0,4.0,6.0,,,,,,,,,,,,1.0,1.0,1.0,1.0,1.0,1.0,1.0,2.0,2.0,2.0,2.0,2.0,1.0,2.0,2.0,2.0,2.0,2.0,2.0,2.0,1.0,1.0,1.0,2.0,2.0,2.0,2.0,1.0,1.0,2.0,2.0,2.0,2.0,2.0,1.0,2.0,1.0,1.0,2.0,2.0,2.0,2.0,2.0,2.0,2.0,1.0,,5.0,,,6.0,,18.0,,2.0,,
pid_1034,1.0,,1.0,,2.0,50.0,,,,,1.0,300.0,,70.0,2.0,,5.0,5.0,1.0,1.0,5.0,5.0,4.0,5.0,5.0,5.0,1.0,,,,,,5.0,3.0,3.0,6.0,,2.0,7.0,3.0,5.0,6.0,5.0,5.0,6.0,6.0,55.0,60.0,35.0,45.0,60.0,65.0,55.0,70.0,65.0,75.0,4.0,,7.0,1.0,1.0,1.0,1.0,1.0,1.0,1.0,1.0,1.0,1.0,,,,,,,1.0,1.0,2.0,2.0,2.0,1.0,2.0,1.0,1.0,2.0,2.0,1.0,1.0,2.0,2.0,2.0,2.0,1.0,1.0,1.0,2.0,2.0,2.0,2.0,2.0,1.0,2.0,2.0,1.0,2.0,1.0,2.0,2.0,2.0,1.0,1.0,1.0,2.0,2.0,2.0,5.0,,,6.0,,,18.0,,,,4.0
pid_1035,1.0,,1.0,,,,1.0,54.0,2.0,380.0,,,30.0,,2.0,,2.0,1.0,5.0,4.0,3.0,2.0,1.0,4.0,2.0,4.0,,,5.0,,,,4.0,5.0,2.0,4.0,,1.0,7.0,5.0,5.0,5.0,3.0,6.0,6.0,6.0,50.0,60.0,65.0,45.0,55.0,55.0,50.0,65.0,65.0,75.0,4.0,6.0,,,,,,,,,,,,1.0,1.0,1.0,1.0,1.0,1.0,1.0,2.0,2.0,2.0,2.0,2.0,1.0,1.0,1.0,1.0,2.0,1.0,1.0,2.0,1.0,2.0,2.0,2.0,2.0,1.0,2.0,2.0,1.0,2.0,2.0,1.0,2.0,1.0,2.0,2.0,1.0,1.0,1.0,1.0,1.0,2.0,1.0,2.0,2.0,2.0,,,4.0,,,6.0,,20.0,,6.0,
pid_1036,,1.0,2.0,,,,1.0,45.0,,,1.0,300.0,30.0,,,3.0,5.0,5.0,1.0,1.0,5.0,5.0,4.0,5.0,5.0,5.0,,,4.0,,,,4.0,5.0,3.0,6.0,,1.0,7.0,5.0,5.0,5.0,5.0,5.0,6.0,6.0,55.0,60.0,45.0,35.0,60.0,55.0,50.0,70.0,65.0,75.0,4.0,,6.0,,,,,,,,,,,1.0,1.0,1.0,1.0,1.0,1.0,1.0,2.0,1.0,2.0,2.0,2.0,2.0,1.0,1.0,1.0,2.0,1.0,2.0,1.0,1.0,1.0,1.0,2.0,1.0,2.0,1.0,2.0,2.0,1.0,2.0,2.0,2.0,2.0,1.0,2.0,1.0,2.0,1.0,1.0,2.0,1.0,2.0,2.0,2.0,2.0,,,5.0,,,6.0,16.0,,2.0,,
pid_1037,,1.0,2.0,,,,1.0,54.0,,,1.0,379.0,,75.0,,6.0,2.0,1.0,5.0,4.0,4.0,2.0,1.0,2.0,2.0,4.0,,,5.0,,,,3.0,4.0,3.0,4.0,,2.0,6.0,5.0,5.0,5.0,5.0,6.0,6.0,6.0,55.0,65.0,55.0,42.0,60.0,58.0,48.0,65.0,58.0,75.0,4.0,7.0,,1.0,1.0,1.0,1.0,1.0,1.0,1.0,1.0,1.0,1.0,,,,,,,2.0,1.0,2.0,1.0,1.0,1.0,2.0,1.0,1.0,1.0,2.0,1.0,1.0,2.0,2.0,1.0,1.0,2.0,1.0,2.0,1.0,1.0,1.0,1.0,1.0,1.0,1.0,1.0,1.0,2.0,2.0,1.0,1.0,1.0,2.0,2.0,2.0,2.0,1.0,2.0,,,4.0,,,5.0,,20.0,,9.0,
pid_1038,,1.0,,2.0,,,1.0,40.0,,,1.0,380.0,,70.0,2.0,,4.0,5.0,2.0,2.0,5.0,5.0,2.0,5.0,5.0,5.0,1.0,,,4.0,5.0,3.0,,,,4.0,,2.0,7.0,5.0,5.0,5.0,5.0,5.0,6.0,6.0,65.0,70.0,55.0,45.0,60.0,62.0,55.0,75.0,68.0,82.0,4.0,,7.0,1.0,1.0,1.0,1.0,1.0,1.0,1.0,1.0,1.0,1.0,,,,,,,1.0,2.0,2.0,1.0,1.0,2.0,2.0,2.0,2.0,2.0,1.0,1.0,1.0,2.0,2.0,2.0,1.0,2.0,2.0,2.0,1.0,2.0,1.0,1.0,2.0,1.0,2.0,1.0,1.0,2.0,2.0,1.0,1.0,1.0,2.0,2.0,1.0,1.0,1.0,1.0,4.0,,,6.0,,,18.0,,2.0,,
pid_1039,,2.0,,2.0,2.0,54.0,,,2.0,379.0,,,,70.0,2.0,,4.0,5.0,1.0,1.0,5.0,5.0,5.0,5.0,5.0,5.0,,5.0,,4.0,5.0,2.0,,,,,6.0,2.0,7.0,5.0,5.0,5.0,5.0,6.0,6.0,6.0,60.0,60.0,40.0,35.0,55.0,65.0,55.0,70.0,65.0,75.0,4.0,6.0,,1.0,1.0,1.0,1.0,1.0,1.0,1.0,1.0,1.0,1.0,,,,,,,2.0,2.0,1.0,2.0,1.0,1.0,2.0,2.0,2.0,2.0,2.0,2.0,2.0,2.0,2.0,2.0,1.0,1.0,2.0,1.0,2.0,2.0,2.0,2.0,1.0,1.0,2.0,2.0,2.0,2.0,1.0,2.0,2.0,1.0,2.0,2.0,2.0,2.0,1.0,2.0,,5.0,,,6.0,,,0.0,,,4.0
pid_1040,1.0,,1.0,,2.0,54.0,,,2.0,380.0,,,30.0,,,1.0,5.0,5.0,1.0,1.0,5.0,5.0,5.0,5.0,5.0,5.0,,5.0,,4.0,5.0,3.0,,,,,4.0,2.0,7.0,5.0,5.0,5.0,5.0,6.0,6.0,6.0,60.0,55.0,40.0,35.0,55.0,60.0,50.0,70.0,65.0,75.0,4.0,,6.0,1.0,1.0,1.0,1.0,1.0,1.0,1.0,1.0,1.0,1.0,,,,,,,2.0,1.0,2.0,1.0,2.0,1.0,1.0,2.0,2.0,1.0,1.0,2.0,1.0,1.0,2.0,1.0,2.0,1.0,1.0,1.0,2.0,2.0,2.0,1.0,1.0,2.0,2.0,2.0,1.0,2.0,2.0,2.0,2.0,2.0,2.0,1.0,2.0,2.0,2.0,2.0,,5.0,,,6.0,,,20.0,,,3.0
pid_1041,,1.0,1.0,,2.0,54.0,,,,,1.0,200.0,,70.0,,1.0,5.0,5.0,1.0,1.0,5.0,5.0,5.0,5.0,5.0,5.0,1.0,,,4.0,5.0,3.0,,,,4.0,,1.0,6.0,5.0,5.0,5.0,3.0,5.0,6.0,6.0,55.0,65.0,45.0,40.0,60.0,65.0,55.0,75.0,70.0,80.0,4.0,,7.0,1.0,1.0,1.0,1.0,1.0,1.0,1.0,1.0,1.0,1.0,,,,,,,2.0,1.0,2.0,2.0,1.0,2.0,2.0,2.0,1.0,2.0,1.0,1.0,2.0,2.0,2.0,2.0,1.0,2.0,1.0,2.0,2.0,2.0,1.0,2.0,2.0,1.0,1.0,2.0,1.0,1.0,1.0,2.0,1.0,2.0,1.0,2.0,2.0,2.0,1.0,2.0,4.0,,,6.0,,,18.0,,,9.0,
pid_1042,1.0,,,2.0,,,1.0,50.0,2.0,380.0,,,,70.0,,4.0,2.0,1.0,4.0,4.0,4.0,4.0,1.0,4.0,2.0,4.0,4.0,,,4.0,5.0,,,,,4.0,,1.0,6.0,5.0,5.0,5.0,5.0,5.0,6.0,6.0,55.0,65.0,60.0,55.0,60.0,58.0,48.0,65.0,65.0,75.0,4.0,6.0,,,,,,,,,,,,1.0,1.0,1.0,1.0,1.0,1.0,2.0,2.0,2.0,2.0,1.0,1.0,1.0,2.0,2.0,1.0,2.0,2.0,2.0,1.0,2.0,2.0,2.0,2.0,2.0,2.0,2.0,1.0,1.0,2.0,2.0,1.0,1.0,2.0,1.0,1.0,1.0,2.0,2.0,1.0,1.0,1.0,2.0,1.0,2.0,2.0,5.0,,,6.0,,,,20.0,,,4.0
pid_1043,,1.0,1.0,,,,1.0,54.0,,,1.0,380.0,30.0,,1.0,,2.0,2.0,5.0,4.0,2.0,2.0,1.0,3.0,2.0,4.0,,,5.0,4.0,5.0,3.0,,,,6.0,,1.0,6.0,5.0,5.0,5.0,5.0,6.0,6.0,6.0,55.0,60.0,55.0,50.0,50.0,55.0,45.0,65.0,60.0,75.0,4.0,,6.0,1.0,1.0,1.0,1.0,1.0,1.0,1.0,1.0,1.0,1.0,,,,,,,1.0,2.0,1.0,2.0,2.0,1.0,1.0,2.0,2.0,2.0,1.0,1.0,1.0,2.0,2.0,2.0,1.0,1.0,1.0,1.0,1.0,2.0,1.0,1.0,1.0,1.0,2.0,1.0,1.0,2.0,1.0,1.0,1.0,1.0,1.0,1.0,2.0,1.0,2.0,1.0,,,4.0,,,6.0,16.0,,,,3.0
pid_1044,1.0,,,2.0,,,1.0,54.0,2.0,380.0,,,,75.0,5.0,,2.0,1.0,5.0,4.0,4.0,2.0,1.0,4.0,2.0,4.0,4.0,,,4.0,5.0,,,,,4.0,,1.0,6.0,5.0,5.0,5.0,3.0,6.0,6.0,5.0,55.0,65.0,60.0,45.0,60.0,65.0,55.0,75.0,70.0,80.0,4.0,,6.0,1.0,1.0,1.0,1.0,1.0,1.0,1.0,1.0,1.0,1.0,,,,,,,1.0,1.0,2.0,1.0,1.0,1.0,2.0,2.0,2.0,2.0,1.0,1.0,1.0,2.0,1.0,1.0,1.0,1.0,1.0,1.0,1.0,2.0,1.0,1.0,2.0,2.0,2.0,1.0,1.0,2.0,1.0,1.0,1.0,1.0,2.0,2.0,2.0,1.0,2.0,1.0,5.0,,,6.0,,,18.0,,,,4.0
pid_1045,1.0,,,2.0,2.0,54.0,,,,,1.0,300.0,30.0,,2.0,,4.0,5.0,1.0,1.0,5.0,5.0,4.0,5.0,5.0,5.0,,,4.0,,,,3.0,4.0,5.0,,4.0,2.0,7.0,3.0,5.0,5.0,5.0,6.0,6.0,6.0,55.0,60.0,40.0,35.0,65.0,60.0,50.0,70.0,65.0,75.0,4.0,6.0,,,,,,,,,,,,1.0,1.0,1.0,1.0,1.0,1.0,1.0,2.0,1.0,1.0,1.0,2.0,1.0,1.0,1.0,1.0,2.0,2.0,2.0,2.0,1.0,1.0,1.0,1.0,1.0,2.0,2.0,2.0,1.0,2.0,2.0,1.0,2.0,1.0,2.0,2.0,2.0,1.0,1.0,2.0,1.0,1.0,2.0,2.0,2.0,2.0,,,5.0,,,6.0,18.0,,,10.0,
pid_1046,,1.0,,2.0,,,1.0,20.0,,,1.0,200.0,30.0,,,2.0,2.0,1.0,5.0,4.0,4.0,4.0,1.0,2.0,2.0,4.0,,5.0,,4.0,5.0,,,,,,4.0,1.0,6.0,3.0,5.0,5.0,5.0,6.0,6.0,6.0,55.0,65.0,55.0,45.0,60.0,65.0,50.0,75.0,65.0,80.0,4.0,7.0,,1.0,1.0,1.0,1.0,1.0,1.0,1.0,1.0,1.0,1.0,,,,,,,1.0,1.0,1.0,2.0,1.0,2.0,1.0,1.0,1.0,1.0,2.0,2.0,1.0,2.0,1.0,1.0,2.0,1.0,2.0,1.0,1.0,2.0,2.0,1.0,2.0,1.0,1.0,1.0,1.0,1.0,1.0,1.0,1.0,1.0,1.0,1.0,1.0,1.0,1.0,1.0,,5.0,,,6.0,,,20.0,,,4.0
pid_1047,1.0,,1.0,,2.0,54.0,,,2.0,380.0,,,30.0,,,1.0,2.0,1.0,5.0,4.0,4.0,2.0,1.0,4.0,2.0,4.0,2.0,,,,,,4.0,5.0,3.0,,4.0,2.0,6.0,3.0,5.0,5.0,5.0,6.0,6.0,6.0,45.0,50.0,65.0,55.0,55.0,60.0,48.0,65.0,60.0,75.0,4.0,,7.0,1.0,1.0,1.0,1.0,1.0,1.0,1.0,1.0,1.0,1.0,,,,,,,2.0,2.0,2.0,1.0,2.0,1.0,1.0,1.0,2.0,1.0,1.0,1.0,2.0,1.0,1.0,1.0,2.0,2.0,2.0,2.0,1.0,1.0,2.0,2.0,2.0,2.0,2.0,2.0,2.0,2.0,1.0,1.0,2.0,2.0,2.0,1.0,2.0,2.0,2.0,2.0,5.0,,,5.0,,,15.0,,,,3.0
pid_1048,,1.0,,2.0,2.0,54.0,,,2.0,380.0,,,,80.0,,1.0,4.0,5.0,2.0,2.0,5.0,5.0,2.0,5.0,4.0,4.0,,5.0,,,,,4.0,5.0,3.0,4.0,,1.0,7.0,5.0,5.0,5.0,5.0,6.0,6.0,6.0,55.0,58.0,45.0,42.0,52.0,60.0,48.0,68.0,62.0,75.0,4.0,6.0,,1.0,1.0,1.0,1.0,1.0,1.0,1.0,1.0,1.0,1.0,,,,,,,2.0,2.0,1.0,2.0,1.0,1.0,2.0,1.0,1.0,2.0,2.0,1.0,2.0,1.0,1.0,2.0,2.0,1.0,1.0,1.0,1.0,1.0,2.0,2.0,2.0,2.0,1.0,1.0,2.0,2.0,2.0,2.0,2.0,2.0,2.0,2.0,1.0,1.0,2.0,2.0,,5.0,,,6.0,,18.0,,,9.0,
pid_1049,,1.0,,2.0,,,1.0,54.0,2.0,380.0,,,,75.0,1.0,,5.0,5.0,1.0,1.0,5.0,5.0,4.0,5.0,5.0,5.0,,,5.0,,,,4.0,3.0,5.0,6.0,,2.0,7.0,5.0,5.0,5.0,5.0,6.0,6.0,6.0,65.0,65.0,45.0,40.0,60.0,65.0,55.0,75.0,70.0,80.0,4.0,,6.0,1.0,1.0,1.0,1.0,1.0,1.0,1.0,1.0,1.0,1.0,,,,,,,1.0,1.0,2.0,1.0,1.0,2.0,1.0,2.0,2.0,2.0,2.0,1.0,2.0,1.0,2.0,2.0,1.0,2.0,1.0,1.0,1.0,2.0,1.0,2.0,2.0,2.0,1.0,1.0,1.0,2.0,2.0,2.0,1.0,1.0,2.0,1.0,1.0,1.0,1.0,2.0,,,5.0,,,6.0,18.0,,3.0,,
pid_1050,1.0,,2.0,,2.0,54.0,,,,,1.0,380.0,30.0,,2.0,,4.0,5.0,1.0,1.0,5.0,5.0,4.0,5.0,5.0,5.0,,5.0,,,,,4.0,3.0,5.0,6.0,,1.0,6.0,5.0,5.0,5.0,3.0,5.0,6.0,5.0,55.0,65.0,45.0,35.0,62.0,65.0,52.0,70.0,65.0,80.0,4.0,7.0,,1.0,1.0,1.0,1.0,1.0,1.0,1.0,1.0,1.0,1.0,,,,,,,2.0,2.0,1.0,1.0,2.0,1.0,2.0,1.0,2.0,1.0,2.0,2.0,1.0,2.0,1.0,2.0,2.0,1.0,2.0,1.0,1.0,1.0,1.0,2.0,2.0,2.0,1.0,1.0,2.0,2.0,1.0,2.0,2.0,1.0,2.0,2.0,1.0,2.0,1.0,2.0,,5.0,,,6.0,,18.0,,3.0,,
pid_1051,1.0,,1.0,,2.0,30.0,,,2.0,380.0,,,30.0,,,2.0,5.0,5.0,1.0,1.0,5.0,5.0,4.0,5.0,5.0,5.0,,,4.0,4.0,5.0,3.0,,,,,4.0,2.0,6.0,5.0,5.0,3.0,5.0,6.0,6.0,6.0,60.0,58.0,42.0,35.0,55.0,58.0,52.0,68.0,70.0,75.0,4.0,6.0,,1.0,1.0,1.0,1.0,1.0,1.0,1.0,1.0,1.0,1.0,,,,,,,1.0,2.0,1.0,2.0,1.0,1.0,1.0,2.0,1.0,1.0,2.0,2.0,2.0,2.0,2.0,2.0,2.0,2.0,1.0,2.0,2.0,2.0,2.0,2.0,2.0,2.0,1.0,1.0,2.0,1.0,2.0,1.0,2.0,1.0,1.0,2.0,1.0,1.0,1.0,1.0,,,4.0,,,6.0,18.0,,,9.0,
pid_1052,2.0,,,2.0,2.0,54.0,,,,,1.0,380.0,30.0,,,1.0,5.0,5.0,1.0,1.0,5.0,5.0,5.0,5.0,5.0,5.0,,,5.0,4.0,5.0,3.0,,,,,5.0,1.0,7.0,5.0,5.0,3.0,5.0,6.0,6.0,6.0,55.0,55.0,35.0,40.0,60.0,58.0,50.0,65.0,65.0,75.0,4.0,6.0,,1.0,1.0,1.0,1.0,1.0,1.0,1.0,1.0,1.0,1.0,,,,,,,2.0,2.0,1.0,2.0,1.0,2.0,2.0,2.0,1.0,1.0,1.0,1.0,2.0,1.0,1.0,2.0,1.0,1.0,1.0,1.0,1.0,2.0,1.0,2.0,2.0,1.0,2.0,1.0,2.0,1.0,1.0,2.0,1.0,1.0,2.0,2.0,2.0,2.0,2.0,1.0,,,5.0,,,6.0,,2.0,,,4.0
pid_1053,1.0,,2.0,,2.0,54.0,,,2.0,380.0,,,,70.0,2.0,,4.0,5.0,2.0,2.0,5.0,5.0,4.0,5.0,5.0,5.0,,,5.0,,,,4.0,5.0,5.0,,4.0,2.0,7.0,5.0,5.0,5.0,5.0,5.0,6.0,6.0,55.0,55.0,48.0,35.0,60.0,65.0,48.0,70.0,65.0,80.0,4.0,,6.0,,,,,,,,,,,1.0,1.0,1.0,1.0,1.0,1.0,2.0,2.0,1.0,2.0,2.0,2.0,2.0,2.0,1.0,2.0,2.0,2.0,2.0,2.0,2.0,1.0,1.0,2.0,1.0,2.0,2.0,1.0,2.0,2.0,2.0,2.0,2.0,2.0,1.0,1.0,2.0,2.0,2.0,2.0,2.0,1.0,2.0,2.0,2.0,1.0,,,5.0,,,6.0,,15.0,,,3.0
pid_1054,1.0,,,2.0,2.0,65.0,,,,,1.0,100.0,60.0,,2.0,,4.0,5.0,2.0,1.0,5.0,4.0,2.0,5.0,4.0,5.0,,5.0,,,,,3.0,4.0,5.0,6.0,,2.0,7.0,5.0,5.0,6.0,3.0,5.0,6.0,6.0,65.0,,,,58.0,62.0,55.0,70.0,,78.0,4.0,6.0,,,,,,,,,,,,1.0,1.0,1.0,1.0,1.0,1.0,1.0,1.0,2.0,1.0,2.0,2.0,2.0,2.0,1.0,2.0,1.0,2.0,2.0,2.0,2.0,2.0,1.0,2.0,1.0,1.0,2.0,2.0,2.0,1.0,1.0,1.0,2.0,1.0,2.0,2.0,1.0,1.0,1.0,2.0,2.0,2.0,1.0,1.0,2.0,1.0,,5.0,,,6.0,,18.0,,,9.0,
pid_1055,,1.0,,1.0,2.0,54.0,,,,,1.0,380.0,,60.0,,2.0,4.0,5.0,1.0,1.0,5.0,5.0,4.0,5.0,5.0,5.0,2.0,,,4.0,5.0,3.0,,,,,5.0,2.0,6.0,5.0,5.0,3.0,3.0,5.0,6.0,6.0,65.0,55.0,45.0,35.0,60.0,68.0,55.0,75.0,70.0,80.0,4.0,,6.0,1.0,1.0,1.0,1.0,1.0,1.0,1.0,1.0,1.0,1.0,,,,,,,2.0,1.0,1.0,2.0,1.0,1.0,2.0,2.0,1.0,2.0,1.0,2.0,1.0,2.0,1.0,1.0,1.0,2.0,2.0,2.0,1.0,1.0,2.0,1.0,2.0,1.0,1.0,2.0,1.0,2.0,2.0,1.0,1.0,2.0,2.0,1.0,1.0,2.0,2.0,2.0,4.0,,,6.0,,,18.0,,,9.0,
pid_1056,1.0,,1.0,,2.0,54.0,,,,,1.0,380.0,,70.0,,1.0,4.0,5.0,1.0,1.0,5.0,5.0,4.0,5.0,5.0,5.0,1.0,,,,,,4.0,5.0,5.0,6.0,,1.0,7.0,5.0,5.0,5.0,6.0,5.0,6.0,6.0,55.0,60.0,35.0,45.0,60.0,60.0,55.0,75.0,70.0,80.0,4.0,7.0,,,,,,,,,,,,1.0,1.0,1.0,1.0,1.0,1.0,1.0,1.0,2.0,1.0,1.0,1.0,1.0,1.0,2.0,1.0,1.0,2.0,2.0,2.0,2.0,2.0,1.0,2.0,2.0,1.0,2.0,2.0,2.0,1.0,1.0,2.0,2.0,1.0,2.0,1.0,1.0,2.0,1.0,1.0,2.0,1.0,2.0,1.0,2.0,1.0,5.0,,,6.0,,,,8.0,2.0,,
pid_1057,,1.0,,2.0,2.0,54.0,,,,,1.0,100.0,,65.0,5.0,,5.0,5.0,1.0,1.0,5.0,5.0,4.0,5.0,5.0,5.0,4.0,,,4.0,5.0,3.0,,,,6.0,,2.0,7.0,5.0,6.0,5.0,5.0,6.0,6.0,6.0,55.0,65.0,45.0,35.0,60.0,65.0,55.0,75.0,70.0,80.0,4.0,,7.0,,,,,,,,,,,1.0,1.0,1.0,1.0,1.0,1.0,1.0,1.0,2.0,2.0,1.0,2.0,1.0,1.0,2.0,2.0,1.0,2.0,2.0,2.0,2.0,1.0,2.0,2.0,2.0,1.0,2.0,2.0,2.0,1.0,2.0,1.0,2.0,1.0,2.0,1.0,2.0,1.0,1.0,2.0,2.0,2.0,1.0,2.0,2.0,2.0,5.0,,,6.0,,,18.0,,,9.0,
pid_1058,,1.0,,1.0,2.0,45.0,,,,,1.0,380.0,,75.0,,1.0,4.0,5.0,1.0,1.0,5.0,5.0,4.0,5.0,5.0,5.0,,,2.0,,,,4.0,4.0,3.0,6.0,,1.0,6.0,5.0,5.0,5.0,5.0,5.0,6.0,6.0,55.0,55.0,42.0,35.0,58.0,62.0,52.0,70.0,65.0,74.0,4.0,6.0,,,,,,,,,,,,1.0,1.0,1.0,1.0,1.0,1.0,1.0,1.0,2.0,2.0,1.0,1.0,2.0,2.0,2.0,1.0,2.0,1.0,1.0,2.0,2.0,2.0,1.0,2.0,1.0,2.0,2.0,1.0,2.0,2.0,1.0,2.0,2.0,1.0,2.0,2.0,2.0,2.0,2.0,1.0,2.0,2.0,2.0,2.0,2.0,2.0,,,5.0,,,6.0,15.0,,,9.0,
pid_1059,,1.0,,2.0,,,1.0,54.0,2.0,380.0,,,40.0,,2.0,,2.0,1.0,5.0,4.0,2.0,2.0,1.0,3.0,1.0,2.0,,,5.0,4.0,5.0,3.0,,,,,4.0,2.0,6.0,5.0,5.0,5.0,5.0,6.0,6.0,6.0,55.0,55.0,60.0,45.0,50.0,55.0,48.0,65.0,65.0,75.0,4.0,6.0,,,,,,,,,,,,1.0,1.0,1.0,1.0,1.0,1.0,1.0,1.0,2.0,1.0,2.0,2.0,1.0,2.0,2.0,2.0,1.0,1.0,2.0,1.0,2.0,1.0,1.0,2.0,2.0,2.0,2.0,2.0,2.0,2.0,2.0,2.0,2.0,1.0,1.0,1.0,2.0,2.0,2.0,2.0,2.0,1.0,2.0,2.0,2.0,1.0,,,5.0,,,6.0,,20.0,,9.0,
pid_1060,,1.0,1.0,,,,1.0,20.0,2.0,380.0,,,30.0,,2.0,,5.0,5.0,1.0,1.0,5.0,5.0,4.0,5.0,5.0,5.0,,5.0,,,,,3.0,4.0,3.0,,4.0,2.0,7.0,5.0,5.0,5.0,5.0,5.0,6.0,6.0,65.0,65.0,35.0,40.0,60.0,65.0,55.0,75.0,70.0,80.0,4.0,6.0,,1.0,1.0,1.0,1.0,1.0,1.0,1.0,1.0,1.0,1.0,,,,,,,2.0,2.0,2.0,2.0,2.0,2.0,1.0,1.0,1.0,1.0,1.0,2.0,1.0,2.0,2.0,1.0,1.0,2.0,1.0,1.0,2.0,1.0,2.0,1.0,2.0,1.0,2.0,1.0,2.0,1.0,1.0,2.0,2.0,2.0,1.0,1.0,1.0,1.0,2.0,2.0,,5.0,,,6.0,,18.0,,3.0,,
pid_1061,,2.0,,2.0,,,1.0,54.0,2.0,379.0,,,30.0,,,2.0,4.0,5.0,1.0,1.0,5.0,5.0,4.0,5.0,5.0,5.0,2.0,,,,,,4.0,5.0,5.0,6.0,,2.0,6.0,5.0,5.0,5.0,5.0,5.0,6.0,6.0,55.0,65.0,40.0,35.0,60.0,60.0,55.0,75.0,70.0,80.0,4.0,,6.0,1.0,1.0,1.0,1.0,1.0,1.0,1.0,1.0,1.0,1.0,,,,,,,1.0,2.0,2.0,1.0,1.0,2.0,2.0,2.0,2.0,2.0,1.0,1.0,1.0,2.0,1.0,2.0,1.0,1.0,1.0,1.0,2.0,1.0,1.0,2.0,1.0,2.0,1.0,2.0,2.0,2.0,2.0,2.0,2.0,1.0,1.0,2.0,2.0,2.0,2.0,1.0,5.0,,,6.0,,,16.0,,,6.0,
pid_1062,,1.0,2.0,,2.0,54.0,,,,,1.0,379.0,,85.0,5.0,,2.0,1.0,5.0,4.0,4.0,2.0,1.0,2.0,2.0,4.0,,5.0,,,,,4.0,5.0,5.0,4.0,,1.0,7.0,3.0,5.0,6.0,5.0,5.0,6.0,6.0,55.0,60.0,55.0,48.0,60.0,58.0,52.0,70.0,65.0,75.0,4.0,,7.0,,,,,,,,,,,1.0,1.0,1.0,1.0,1.0,1.0,1.0,2.0,2.0,1.0,2.0,1.0,1.0,2.0,2.0,2.0,2.0,2.0,1.0,2.0,1.0,2.0,2.0,1.0,2.0,1.0,1.0,1.0,2.0,2.0,2.0,2.0,2.0,2.0,1.0,2.0,1.0,2.0,1.0,2.0,1.0,1.0,2.0,1.0,1.0,1.0,,5.0,,,2.0,,17.0,,,,3.0
pid_1063,,1.0,2.0,,,,1.0,54.0,,,1.0,380.0,,75.0,5.0,,4.0,5.0,2.0,1.0,5.0,5.0,4.0,5.0,5.0,5.0,,,5.0,,,,4.0,5.0,3.0,4.0,,2.0,7.0,3.0,5.0,5.0,3.0,5.0,6.0,6.0,55.0,60.0,45.0,40.0,58.0,62.0,50.0,70.0,65.0,75.0,4.0,,7.0,,,,,,,,,,,1.0,1.0,1.0,1.0,1.0,1.0,2.0,2.0,1.0,1.0,2.0,1.0,2.0,1.0,2.0,1.0,2.0,1.0,1.0,1.0,2.0,2.0,1.0,2.0,2.0,2.0,1.0,2.0,2.0,2.0,1.0,2.0,1.0,1.0,2.0,2.0,1.0,2.0,1.0,1.0,2.0,2.0,2.0,1.0,2.0,1.0,,,4.0,,,6.0,,2.0,,9.0,
pid_1064,1.0,,,2.0,2.0,54.0,,,,,1.0,380.0,30.0,,,3.0,5.0,5.0,1.0,1.0,5.0,5.0,4.0,5.0,5.0,5.0,,5.0,,4.0,5.0,3.0,,,,,6.0,2.0,6.0,5.0,5.0,5.0,5.0,6.0,6.0,6.0,60.0,55.0,45.0,42.0,58.0,64.0,52.0,68.0,65.0,78.0,4.0,7.0,,,,,,,,,,,,1.0,1.0,1.0,1.0,1.0,1.0,1.0,1.0,1.0,1.0,2.0,1.0,2.0,1.0,2.0,1.0,1.0,2.0,2.0,2.0,2.0,2.0,2.0,2.0,2.0,2.0,2.0,2.0,1.0,2.0,2.0,2.0,2.0,1.0,1.0,2.0,2.0,2.0,2.0,1.0,2.0,2.0,1.0,1.0,2.0,2.0,,5.0,,,6.0,,15.0,,,9.0,
pid_1065,,1.0,2.0,,2.0,45.0,,,,,1.0,379.0,50.0,,4.0,,2.0,1.0,5.0,4.0,4.0,2.0,1.0,4.0,2.0,4.0,,5.0,,4.0,5.0,3.0,,,,,4.0,2.0,6.0,5.0,5.0,5.0,5.0,6.0,6.0,6.0,50.0,45.0,55.0,50.0,60.0,55.0,45.0,65.0,65.0,75.0,4.0,6.0,,,,,,,,,,,,1.0,1.0,1.0,1.0,1.0,1.0,2.0,1.0,2.0,2.0,1.0,1.0,1.0,1.0,2.0,1.0,1.0,1.0,1.0,2.0,2.0,1.0,1.0,2.0,1.0,1.0,1.0,1.0,2.0,2.0,2.0,1.0,1.0,2.0,2.0,2.0,1.0,1.0,1.0,1.0,2.0,1.0,1.0,2.0,1.0,1.0,,5.0,,,6.0,,,20.0,,,3.0
pid_1067,,2.0,2.0,,2.0,54.0,,,,,1.0,150.0,,70.0,6.0,,4.0,1.0,5.0,4.0,4.0,4.0,1.0,2.0,1.0,2.0,2.0,,,4.0,5.0,2.0,,,,6.0,,2.0,7.0,5.0,5.0,6.0,5.0,5.0,6.0,6.0,55.0,65.0,60.0,55.0,60.0,60.0,55.0,70.0,65.0,75.0,4.0,6.0,,1.0,1.0,1.0,1.0,1.0,1.0,1.0,1.0,1.0,1.0,,,,,,,1.0,1.0,2.0,2.0,2.0,1.0,1.0,1.0,2.0,1.0,2.0,2.0,2.0,2.0,1.0,2.0,2.0,2.0,2.0,1.0,1.0,1.0,2.0,2.0,2.0,1.0,2.0,2.0,2.0,2.0,2.0,2.0,1.0,2.0,1.0,1.0,2.0,1.0,2.0,2.0,4.0,,,6.0,,,15.0,,1.0,,
pid_1068,,1.0,2.0,,,,1.0,54.0,,,1.0,379.0,,85.0,,3.0,2.0,1.0,5.0,4.0,3.0,2.0,1.0,3.0,2.0,4.0,,5.0,,,,,4.0,3.0,5.0,,4.0,1.0,6.0,3.0,5.0,3.0,3.0,5.0,6.0,6.0,55.0,60.0,58.0,55.0,60.0,62.0,48.0,70.0,65.0,75.0,4.0,,7.0,1.0,1.0,1.0,1.0,1.0,1.0,1.0,1.0,1.0,1.0,,,,,,,1.0,1.0,2.0,2.0,2.0,2.0,1.0,2.0,1.0,1.0,2.0,2.0,2.0,2.0,1.0,2.0,1.0,2.0,2.0,1.0,2.0,1.0,2.0,2.0,2.0,2.0,1.0,2.0,2.0,1.0,2.0,2.0,2.0,1.0,1.0,1.0,2.0,1.0,2.0,1.0,,5.0,,,6.0,,18.0,,,,3.0
pid_1069,,2.0,1.0,,2.0,55.0,,,2.0,350.0,,,30.0,,3.0,,2.0,1.0,5.0,4.0,2.0,2.0,1.0,3.0,1.0,2.0,,,5.0,,,,4.0,4.0,5.0,,4.0,2.0,7.0,3.0,5.0,5.0,5.0,6.0,6.0,6.0,60.0,60.0,55.0,45.0,65.0,60.0,55.0,75.0,70.0,80.0,4.0,,6.0,,,,,,,,,,,1.0,1.0,1.0,1.0,1.0,1.0,2.0,1.0,1.0,2.0,2.0,2.0,2.0,1.0,2.0,1.0,1.0,2.0,1.0,1.0,2.0,2.0,1.0,2.0,1.0,1.0,1.0,1.0,1.0,1.0,2.0,1.0,2.0,1.0,1.0,2.0,1.0,2.0,1.0,2.0,2.0,2.0,1.0,1.0,2.0,1.0,,,4.0,,,5.0,17.0,,,,3.0
pid_1070,,1.0,2.0,,,,1.0,54.0,2.0,380.0,,,,70.0,,2.0,4.0,5.0,2.0,1.0,5.0,4.0,4.0,5.0,4.0,5.0,,,4.0,4.0,5.0,3.0,,,,,4.0,2.0,7.0,3.0,5.0,5.0,3.0,5.0,6.0,6.0,60.0,62.0,45.0,35.0,55.0,58.0,48.0,70.0,65.0,75.0,4.0,,6.0,,,,,,,,,,,1.0,1.0,1.0,1.0,1.0,1.0,2.0,1.0,2.0,2.0,1.0,1.0,2.0,2.0,2.0,1.0,2.0,1.0,2.0,2.0,2.0,1.0,1.0,1.0,1.0,2.0,2.0,2.0,1.0,2.0,2.0,2.0,1.0,1.0,2.0,1.0,1.0,2.0,2.0,2.0,2.0,1.0,2.0,2.0,2.0,2.0,,,5.0,,,5.0,18.0,,,6.0,
pid_1071,1.0,,1.0,,2.0,54.0,,,,,1.0,380.0,,65.0,,3.0,4.0,5.0,2.0,1.0,5.0,5.0,4.0,5.0,5.0,5.0,2.0,,,5.0,5.0,2.0,,,,4.0,,2.0,6.0,5.0,5.0,3.0,5.0,5.0,6.0,6.0,55.0,62.0,45.0,40.0,60.0,58.0,52.0,68.0,65.0,75.0,4.0,,6.0,,,,,,,,,,,1.0,1.0,1.0,1.0,1.0,1.0,1.0,1.0,2.0,2.0,2.0,1.0,1.0,2.0,1.0,1.0,2.0,2.0,2.0,2.0,1.0,2.0,1.0,2.0,1.0,2.0,1.0,1.0,1.0,1.0,1.0,2.0,2.0,2.0,1.0,1.0,1.0,1.0,2.0,1.0,2.0,1.0,1.0,1.0,2.0,2.0,4.0,,,5.0,,,15.0,,,9.0,
pid_1072,1.0,,1.0,,2.0,54.0,,,,,1.0,379.0,,60.0,2.0,,4.0,5.0,1.0,1.0,5.0,5.0,4.0,5.0,5.0,5.0,2.0,,,5.0,4.0,3.0,,,,,4.0,2.0,6.0,5.0,5.0,3.0,5.0,6.0,6.0,6.0,55.0,65.0,45.0,38.0,58.0,62.0,55.0,70.0,67.0,80.0,4.0,,6.0,1.0,1.0,1.0,1.0,1.0,1.0,1.0,1.0,1.0,1.0,,,,,,,2.0,2.0,2.0,1.0,1.0,1.0,2.0,2.0,1.0,2.0,2.0,2.0,1.0,2.0,2.0,2.0,1.0,1.0,1.0,2.0,1.0,2.0,2.0,1.0,1.0,2.0,1.0,2.0,2.0,1.0,1.0,1.0,2.0,2.0,1.0,1.0,1.0,1.0,2.0,2.0,4.0,,,6.0,,,,10.0,,6.0,
pid_1073,,1.0,1.0,,2.0,54.0,,,,,1.0,350.0,,75.0,,2.0,4.0,5.0,1.0,1.0,5.0,5.0,4.0,5.0,5.0,5.0,,5.0,,4.0,5.0,3.0,,,,,4.0,1.0,6.0,5.0,5.0,6.0,5.0,5.0,6.0,6.0,55.0,60.0,45.0,40.0,62.0,60.0,55.0,70.0,65.0,75.0,4.0,6.0,,,,,,,,,,,,1.0,1.0,1.0,1.0,1.0,1.0,2.0,1.0,1.0,2.0,1.0,2.0,2.0,1.0,2.0,2.0,2.0,2.0,2.0,2.0,2.0,2.0,2.0,2.0,1.0,2.0,1.0,2.0,1.0,2.0,1.0,1.0,2.0,1.0,2.0,2.0,1.0,2.0,1.0,1.0,1.0,1.0,2.0,2.0,2.0,2.0,,5.0,,,6.0,,18.0,,1.0,,
pid_1074,1.0,,,2.0,2.0,54.0,,,2.0,380.0,,,65.0,,1.0,,1.0,1.0,5.0,4.0,2.0,1.0,1.0,2.0,1.0,2.0,,,5.0,,,,4.0,5.0,5.0,4.0,,1.0,7.0,5.0,3.0,5.0,3.0,6.0,6.0,6.0,55.0,65.0,55.0,45.0,60.0,58.0,48.0,70.0,65.0,80.0,4.0,6.0,,1.0,1.0,1.0,1.0,1.0,1.0,1.0,1.0,1.0,1.0,,,,,,,2.0,1.0,2.0,1.0,2.0,1.0,2.0,1.0,1.0,1.0,2.0,1.0,2.0,1.0,2.0,1.0,1.0,2.0,1.0,2.0,1.0,1.0,2.0,1.0,1.0,1.0,2.0,1.0,2.0,1.0,2.0,2.0,1.0,2.0,2.0,1.0,2.0,2.0,1.0,2.0,,,5.0,,,5.0,,18.0,,,3.0
pid_1075,,1.0,,2.0,,,1.0,45.0,,,1.0,380.0,,80.0,2.0,,4.0,5.0,2.0,1.0,5.0,5.0,2.0,5.0,4.0,5.0,,4.0,,4.0,3.0,2.0,,,,4.0,,1.0,7.0,3.0,5.0,5.0,5.0,6.0,6.0,6.0,65.0,65.0,45.0,40.0,62.0,68.0,50.0,70.0,65.0,80.0,4.0,,6.0,,,,,,,,,,,1.0,1.0,1.0,1.0,1.0,1.0,1.0,1.0,1.0,2.0,2.0,1.0,1.0,1.0,1.0,1.0,2.0,1.0,2.0,1.0,1.0,2.0,2.0,1.0,2.0,1.0,2.0,1.0,1.0,1.0,1.0,1.0,1.0,2.0,2.0,2.0,1.0,2.0,1.0,1.0,2.0,1.0,2.0,1.0,2.0,2.0,,4.0,,,6.0,,16.0,,,8.0,
pid_1076,,2.0,,2.0,2.0,54.0,,,2.0,300.0,,,50.0,,3.0,,5.0,5.0,1.0,1.0,5.0,5.0,5.0,5.0,5.0,5.0,,,5.0,,,,3.0,4.0,5.0,,6.0,2.0,7.0,5.0,3.0,5.0,5.0,6.0,6.0,6.0,60.0,60.0,40.0,35.0,55.0,65.0,55.0,75.0,65.0,75.0,4.0,6.0,,1.0,1.0,1.0,1.0,1.0,1.0,1.0,1.0,1.0,1.0,,,,,,,2.0,2.0,1.0,1.0,2.0,2.0,2.0,2.0,2.0,1.0,2.0,2.0,1.0,2.0,1.0,2.0,2.0,2.0,2.0,2.0,2.0,2.0,2.0,2.0,2.0,2.0,2.0,1.0,2.0,2.0,2.0,2.0,2.0,2.0,2.0,1.0,2.0,2.0,1.0,2.0,,,5.0,,,6.0,18.0,,,,3.0
pid_1077,1.0,,1.0,,,,1.0,54.0,2.0,380.0,,,30.0,,1.0,,2.0,1.0,5.0,4.0,2.0,2.0,1.0,3.0,2.0,4.0,,4.0,,4.0,5.0,2.0,,,,4.0,,2.0,6.0,5.0,5.0,5.0,5.0,5.0,6.0,6.0,55.0,55.0,60.0,58.0,60.0,58.0,48.0,65.0,62.0,75.0,4.0,,7.0,,,,,,,,,,,1.0,1.0,1.0,1.0,1.0,1.0,1.0,2.0,2.0,1.0,2.0,2.0,2.0,2.0,2.0,1.0,2.0,2.0,1.0,1.0,2.0,2.0,2.0,1.0,2.0,1.0,2.0,2.0,1.0,1.0,1.0,1.0,1.0,1.0,2.0,2.0,2.0,1.0,2.0,2.0,1.0,2.0,1.0,1.0,2.0,1.0,,5.0,,,6.0,,18.0,,,6.0,
pid_1078,1.0,,,2.0,,,1.0,54.0,2.0,380.0,,,,70.0,,3.0,4.0,5.0,1.0,1.0,5.0,5.0,4.0,5.0,5.0,5.0,1.0,,,,,,3.0,4.0,5.0,4.0,,2.0,7.0,3.0,5.0,5.0,5.0,5.0,6.0,6.0,60.0,65.0,45.0,35.0,65.0,65.0,55.0,75.0,70.0,80.0,4.0,,7.0,,,,,,,,,,,1.0,1.0,1.0,1.0,1.0,1.0,1.0,1.0,2.0,1.0,2.0,1.0,1.0,1.0,1.0,2.0,1.0,1.0,1.0,2.0,1.0,2.0,2.0,2.0,1.0,2.0,2.0,2.0,2.0,1.0,1.0,1.0,2.0,2.0,1.0,2.0,2.0,1.0,2.0,1.0,2.0,2.0,1.0,2.0,1.0,2.0,,,,6.0,,,,20.0,2.0,,
pid_1079,,1.0,,1.0,,,1.0,54.0,2.0,380.0,,,30.0,,,1.0,4.0,5.0,1.0,1.0,5.0,5.0,4.0,5.0,5.0,5.0,,,5.0,,,,4.0,5.0,5.0,,4.0,2.0,6.0,3.0,5.0,5.0,5.0,5.0,6.0,6.0,60.0,60.0,45.0,35.0,65.0,65.0,55.0,80.0,70.0,85.0,4.0,6.0,,1.0,1.0,1.0,1.0,1.0,1.0,1.0,1.0,1.0,1.0,,,,,,,2.0,2.0,2.0,2.0,1.0,2.0,2.0,2.0,2.0,1.0,2.0,1.0,2.0,2.0,1.0,2.0,2.0,2.0,2.0,1.0,1.0,2.0,2.0,2.0,2.0,1.0,1.0,1.0,1.0,1.0,2.0,2.0,2.0,2.0,2.0,2.0,2.0,2.0,1.0,1.0,,,5.0,,,6.0,17.0,,,,3.0
pid_1080,1.0,,,2.0,2.0,54.0,,,,,1.0,200.0,,70.0,,2.0,5.0,5.0,1.0,1.0,5.0,5.0,5.0,5.0,5.0,5.0,,5.0,,,,,4.0,3.0,5.0,4.0,,2.0,7.0,5.0,5.0,3.0,3.0,5.0,6.0,6.0,55.0,55.0,40.0,35.0,60.0,60.0,55.0,75.0,65.0,75.0,4.0,,7.0,,,,,,,,,,,1.0,1.0,1.0,1.0,1.0,1.0,1.0,2.0,2.0,2.0,2.0,1.0,2.0,1.0,1.0,2.0,1.0,2.0,1.0,2.0,1.0,2.0,2.0,2.0,2.0,1.0,1.0,2.0,1.0,1.0,2.0,1.0,1.0,2.0,2.0,2.0,2.0,1.0,2.0,1.0,2.0,2.0,2.0,1.0,2.0,2.0,,5.0,,,6.0,,16.0,,,9.0,
pid_1081,1.0,,1.0,,2.0,54.0,,,2.0,380.0,,,,70.0,1.0,,5.0,5.0,1.0,1.0,5.0,5.0,5.0,5.0,5.0,5.0,,5.0,,4.0,5.0,2.0,,,,6.0,,1.0,7.0,3.0,5.0,5.0,5.0,5.0,6.0,6.0,55.0,65.0,45.0,40.0,60.0,58.0,55.0,75.0,70.0,80.0,4.0,,7.0,,,,,,,,,,,1.0,1.0,1.0,1.0,1.0,1.0,2.0,2.0,2.0,1.0,2.0,2.0,2.0,1.0,2.0,2.0,2.0,1.0,2.0,1.0,2.0,1.0,2.0,1.0,2.0,1.0,2.0,2.0,2.0,1.0,1.0,2.0,2.0,2.0,2.0,2.0,2.0,1.0,2.0,1.0,2.0,2.0,2.0,2.0,2.0,2.0,,5.0,,,6.0,,18.0,,2.0,,
pid_1082,1.0,,,1.0,2.0,54.0,,,,,1.0,380.0,30.0,,,1.0,2.0,5.0,5.0,4.0,4.0,2.0,1.0,4.0,2.0,4.0,,4.0,,4.0,5.0,3.0,,,,,6.0,1.0,7.0,5.0,5.0,5.0,3.0,6.0,6.0,6.0,50.0,65.0,55.0,45.0,55.0,52.0,48.0,65.0,60.0,70.0,4.0,5.0,,1.0,1.0,1.0,1.0,1.0,1.0,1.0,1.0,1.0,1.0,,,,,,,2.0,1.0,1.0,2.0,1.0,1.0,2.0,1.0,1.0,1.0,1.0,2.0,1.0,2.0,2.0,2.0,1.0,1.0,1.0,2.0,1.0,1.0,1.0,2.0,2.0,2.0,2.0,1.0,1.0,1.0,2.0,2.0,1.0,1.0,1.0,1.0,2.0,2.0,1.0,2.0,,5.0,,,5.0,,18.0,,2.0,,
pid_1083,,1.0,1.0,,2.0,54.0,,,,,1.0,380.0,30.0,,2.0,,4.0,4.0,2.0,2.0,5.0,5.0,2.0,5.0,4.0,5.0,,,5.0,4.0,5.0,3.0,,,,4.0,,2.0,6.0,5.0,5.0,6.0,5.0,5.0,6.0,6.0,65.0,60.0,45.0,40.0,60.0,65.0,55.0,75.0,65.0,80.0,4.0,6.0,,1.0,1.0,1.0,1.0,1.0,1.0,1.0,1.0,1.0,1.0,,,,,,,1.0,2.0,2.0,1.0,1.0,2.0,1.0,2.0,1.0,1.0,2.0,2.0,1.0,1.0,1.0,1.0,1.0,2.0,2.0,2.0,2.0,1.0,1.0,2.0,1.0,2.0,1.0,2.0,2.0,1.0,2.0,2.0,1.0,2.0,1.0,1.0,2.0,1.0,1.0,1.0,,,4.0,,,6.0,18.0,,,,3.0
pid_1084,,1.0,,2.0,,,1.0,54.0,2.0,380.0,,,,70.0,,3.0,4.0,5.0,1.0,1.0,5.0,5.0,4.0,5.0,5.0,5.0,,5.0,,4.0,5.0,3.0,,,,,4.0,2.0,7.0,5.0,6.0,6.0,5.0,6.0,6.0,6.0,55.0,55.0,45.0,40.0,65.0,60.0,55.0,70.0,65.0,75.0,4.0,6.0,,,,,,,,,,,,1.0,1.0,1.0,1.0,1.0,1.0,1.0,1.0,2.0,1.0,2.0,2.0,1.0,2.0,2.0,1.0,1.0,1.0,2.0,1.0,2.0,1.0,2.0,2.0,2.0,1.0,1.0,1.0,2.0,1.0,2.0,1.0,1.0,1.0,2.0,2.0,1.0,2.0,2.0,1.0,2.0,2.0,2.0,1.0,1.0,2.0,,5.0,,,6.0,,,20.0,,6.0,
pid_1085,,1.0,2.0,,2.0,54.0,,,2.0,380.0,,,30.0,,,5.0,5.0,5.0,1.0,1.0,5.0,5.0,5.0,5.0,5.0,5.0,,5.0,,4.0,5.0,3.0,,,,,4.0,1.0,7.0,5.0,5.0,5.0,5.0,6.0,6.0,6.0,55.0,55.0,45.0,42.0,60.0,58.0,52.0,70.0,65.0,75.0,4.0,,6.0,,,,,,,,,,,1.0,1.0,1.0,1.0,1.0,1.0,1.0,2.0,2.0,2.0,1.0,2.0,2.0,2.0,2.0,1.0,1.0,2.0,1.0,2.0,1.0,1.0,2.0,2.0,1.0,1.0,1.0,2.0,1.0,2.0,1.0,2.0,1.0,2.0,1.0,2.0,1.0,2.0,2.0,1.0,2.0,1.0,2.0,1.0,2.0,1.0,,5.0,,,6.0,,15.0,,2.0,,
pid_1086,1.0,,,2.0,2.0,54.0,,,2.0,380.0,,,70.0,,,2.0,4.0,5.0,1.0,1.0,5.0,5.0,4.0,5.0,5.0,5.0,,,5.0,,,,4.0,5.0,5.0,6.0,,1.0,6.0,5.0,3.0,5.0,5.0,6.0,6.0,6.0,55.0,65.0,35.0,40.0,60.0,65.0,55.0,75.0,70.0,80.0,4.0,7.0,,1.0,1.0,1.0,1.0,1.0,1.0,1.0,1.0,1.0,1.0,,,,,,,2.0,1.0,1.0,2.0,1.0,2.0,1.0,1.0,2.0,1.0,2.0,2.0,1.0,1.0,1.0,1.0,1.0,1.0,2.0,1.0,2.0,2.0,1.0,1.0,2.0,2.0,1.0,1.0,2.0,1.0,1.0,2.0,2.0,1.0,2.0,1.0,1.0,2.0,2.0,2.0,,,5.0,,,6.0,18.0,,,,3.0
pid_1087,,1.0,1.0,,,,1.0,54.0,,,1.0,380.0,40.0,,,2.0,5.0,5.0,1.0,1.0,5.0,5.0,4.0,5.0,5.0,5.0,,5.0,,,,,4.0,5.0,3.0,6.0,,2.0,7.0,5.0,5.0,5.0,5.0,6.0,6.0,6.0,65.0,65.0,35.0,40.0,60.0,65.0,55.0,75.0,70.0,80.0,4.0,7.0,,,,,,,,,,,,1.0,1.0,1.0,1.0,1.0,1.0,2.0,2.0,2.0,2.0,2.0,1.0,2.0,2.0,2.0,2.0,2.0,2.0,2.0,2.0,1.0,2.0,1.0,2.0,2.0,2.0,2.0,2.0,1.0,2.0,1.0,2.0,2.0,2.0,2.0,1.0,2.0,2.0,2.0,1.0,2.0,1.0,2.0,1.0,2.0,2.0,,5.0,,,6.0,,,20.0,,,3.0
pid_1088,,1.0,1.0,,,,1.0,54.0,2.0,380.0,,,,80.0,,1.0,5.0,5.0,1.0,1.0,5.0,5.0,4.0,5.0,5.0,5.0,,,5.0,,,,4.0,5.0,5.0,6.0,,1.0,7.0,5.0,5.0,6.0,5.0,5.0,6.0,6.0,55.0,58.0,48.0,38.0,62.0,58.0,55.0,72.0,68.0,80.0,4.0,,7.0,,,,,,,,,,,1.0,1.0,1.0,1.0,1.0,1.0,2.0,2.0,2.0,1.0,2.0,2.0,1.0,2.0,2.0,1.0,1.0,1.0,1.0,2.0,1.0,1.0,2.0,2.0,1.0,1.0,2.0,2.0,1.0,2.0,2.0,2.0,2.0,1.0,2.0,2.0,2.0,2.0,1.0,1.0,1.0,2.0,1.0,2.0,1.0,2.0,,,5.0,,,6.0,,20.0,,6.0,
pid_1089,1.0,,1.0,,,,1.0,54.0,,,1.0,380.0,,75.0,3.0,,4.0,5.0,1.0,1.0,5.0,5.0,4.0,5.0,5.0,5.0,,4.0,,4.0,5.0,2.0,,,,6.0,,2.0,7.0,3.0,5.0,5.0,6.0,5.0,6.0,6.0,55.0,65.0,35.0,40.0,60.0,58.0,55.0,75.0,65.0,80.0,4.0,,7.0,1.0,1.0,1.0,1.0,1.0,1.0,1.0,1.0,1.0,1.0,,,,,,,1.0,2.0,1.0,2.0,2.0,1.0,2.0,1.0,1.0,2.0,1.0,1.0,2.0,1.0,1.0,1.0,2.0,1.0,2.0,2.0,2.0,2.0,2.0,2.0,2.0,2.0,2.0,2.0,2.0,1.0,2.0,1.0,1.0,1.0,2.0,2.0,2.0,2.0,2.0,2.0,,5.0,,,6.0,,,20.0,,,4.0
pid_1090,1.0,,,2.0,,,1.0,30.0,,,1.0,120.0,30.0,,,2.0,4.0,5.0,2.0,1.0,5.0,5.0,4.0,5.0,5.0,5.0,4.0,,,4.0,5.0,2.0,,,,,4.0,1.0,7.0,3.0,5.0,6.0,5.0,6.0,6.0,6.0,55.0,65.0,40.0,35.0,60.0,55.0,50.0,70.0,65.0,80.0,4.0,,6.0,1.0,1.0,1.0,1.0,1.0,1.0,1.0,1.0,1.0,1.0,,,,,,,2.0,1.0,1.0,2.0,1.0,2.0,2.0,1.0,2.0,1.0,2.0,2.0,2.0,2.0,2.0,2.0,2.0,1.0,1.0,1.0,2.0,2.0,1.0,1.0,1.0,2.0,1.0,1.0,2.0,2.0,1.0,2.0,2.0,2.0,1.0,1.0,1.0,2.0,1.0,2.0,5.0,,,6.0,,,,10.0,3.0,,
pid_1091,1.0,,,2.0,2.0,54.0,,,,,1.0,380.0,30.0,,,2.0,2.0,1.0,5.0,4.0,2.0,2.0,1.0,4.0,2.0,2.0,,5.0,,,,,4.0,3.0,5.0,,4.0,1.0,6.0,5.0,5.0,5.0,5.0,5.0,6.0,6.0,55.0,55.0,60.0,45.0,60.0,65.0,50.0,75.0,65.0,75.0,4.0,6.0,,1.0,1.0,1.0,1.0,1.0,1.0,1.0,1.0,1.0,1.0,,,,,,,1.0,1.0,1.0,2.0,1.0,2.0,1.0,2.0,2.0,1.0,1.0,2.0,1.0,2.0,1.0,1.0,2.0,1.0,2.0,1.0,1.0,1.0,2.0,2.0,2.0,1.0,2.0,1.0,1.0,1.0,2.0,2.0,2.0,2.0,2.0,1.0,1.0,2.0,1.0,1.0,,4.0,,,6.0,,18.0,,,,4.0
pid_1092,,1.0,1.0,,2.0,54.0,,,,,1.0,379.0,30.0,,,3.0,5.0,5.0,1.0,1.0,5.0,5.0,4.0,5.0,5.0,5.0,1.0,,,,,,4.0,3.0,5.0,4.0,,1.0,7.0,5.0,6.0,5.0,3.0,5.0,6.0,6.0,52.0,57.0,44.0,39.0,58.0,61.0,55.0,73.0,67.0,78.0,4.0,6.0,,,,,,,,,,,,1.0,1.0,1.0,1.0,1.0,1.0,1.0,2.0,1.0,2.0,2.0,2.0,1.0,2.0,1.0,2.0,1.0,2.0,1.0,2.0,2.0,2.0,2.0,2.0,1.0,2.0,2.0,1.0,2.0,1.0,2.0,1.0,1.0,2.0,2.0,2.0,1.0,2.0,2.0,2.0,2.0,2.0,1.0,1.0,1.0,1.0,5.0,,,6.0,,,18.0,,3.0,,
pid_1093,,1.0,,2.0,,,1.0,54.0,2.0,380.0,,,,70.0,5.0,,2.0,4.0,4.0,2.0,3.0,2.0,2.0,4.0,4.0,4.0,,4.0,,,,,3.0,4.0,5.0,4.0,,2.0,6.0,5.0,5.0,5.0,5.0,5.0,6.0,6.0,45.0,60.0,50.0,38.0,55.0,50.0,48.0,65.0,62.0,72.0,4.0,,6.0,,,,,,,,,,,1.0,1.0,1.0,1.0,1.0,1.0,2.0,2.0,1.0,2.0,1.0,2.0,1.0,2.0,2.0,2.0,1.0,1.0,1.0,2.0,2.0,2.0,2.0,2.0,2.0,1.0,1.0,2.0,1.0,1.0,2.0,1.0,2.0,2.0,2.0,2.0,1.0,2.0,1.0,1.0,1.0,2.0,2.0,1.0,2.0,1.0,,5.0,,,6.0,,16.0,,2.0,,
pid_1094,,1.0,,2.0,,,1.0,54.0,2.0,380.0,,,30.0,,,3.0,5.0,5.0,1.0,2.0,5.0,5.0,4.0,5.0,5.0,5.0,,5.0,,,,,4.0,3.0,5.0,,4.0,2.0,7.0,3.0,5.0,5.0,5.0,6.0,6.0,6.0,55.0,55.0,45.0,40.0,60.0,65.0,50.0,70.0,65.0,75.0,4.0,,6.0,1.0,1.0,1.0,1.0,1.0,1.0,1.0,1.0,1.0,1.0,,,,,,,2.0,1.0,1.0,1.0,2.0,2.0,1.0,1.0,1.0,1.0,1.0,1.0,1.0,2.0,1.0,2.0,1.0,1.0,1.0,1.0,2.0,1.0,2.0,2.0,1.0,1.0,2.0,1.0,1.0,2.0,1.0,2.0,1.0,1.0,2.0,1.0,2.0,1.0,1.0,2.0,,5.0,,,6.0,,,20.0,,9.0,
pid_1095,,1.0,,2.0,,,1.0,54.0,2.0,380.0,,,30.0,,,1.0,4.0,5.0,2.0,2.0,5.0,5.0,4.0,5.0,4.0,5.0,,5.0,,,,,4.0,3.0,5.0,4.0,,2.0,7.0,5.0,5.0,6.0,5.0,6.0,6.0,5.0,60.0,60.0,50.0,45.0,65.0,65.0,55.0,70.0,65.0,80.0,4.0,6.0,,1.0,1.0,1.0,1.0,1.0,1.0,1.0,1.0,1.0,1.0,,,,,,,2.0,1.0,2.0,2.0,2.0,2.0,2.0,1.0,1.0,1.0,2.0,2.0,2.0,1.0,2.0,1.0,2.0,1.0,2.0,1.0,1.0,2.0,1.0,2.0,2.0,2.0,2.0,1.0,1.0,2.0,2.0,1.0,2.0,1.0,2.0,1.0,2.0,1.0,2.0,2.0,,4.0,,,6.0,,15.0,,,,3.0
pid_1096,,1.0,,2.0,2.0,54.0,,,,,1.0,300.0,,70.0,,2.0,4.0,5.0,1.0,1.0,5.0,5.0,4.0,5.0,5.0,5.0,2.0,,,,,,3.0,4.0,5.0,4.0,,2.0,6.0,5.0,3.0,5.0,5.0,6.0,6.0,6.0,55.0,55.0,40.0,45.0,60.0,60.0,50.0,70.0,65.0,75.0,4.0,,6.0,1.0,1.0,1.0,1.0,1.0,1.0,1.0,1.0,1.0,1.0,,,,,,,1.0,2.0,1.0,1.0,1.0,1.0,1.0,2.0,2.0,2.0,1.0,2.0,2.0,1.0,1.0,2.0,2.0,1.0,1.0,2.0,2.0,2.0,2.0,2.0,2.0,1.0,1.0,1.0,1.0,1.0,2.0,1.0,2.0,1.0,2.0,1.0,1.0,1.0,2.0,2.0,4.0,,,5.0,,,,0.0,,,3.0
pid_1097,,1.0,2.0,,2.0,54.0,,,,,1.0,379.0,30.0,,2.0,,4.0,5.0,2.0,2.0,5.0,5.0,4.0,5.0,5.0,5.0,,,5.0,4.0,5.0,3.0,,,,4.0,,1.0,7.0,5.0,5.0,3.0,5.0,5.0,6.0,6.0,60.0,65.0,45.0,40.0,65.0,65.0,55.0,70.0,65.0,75.0,4.0,,6.0,,,,,,,,,,,1.0,1.0,1.0,1.0,1.0,1.0,2.0,1.0,1.0,2.0,1.0,2.0,2.0,2.0,1.0,2.0,1.0,2.0,1.0,1.0,2.0,1.0,1.0,2.0,2.0,2.0,2.0,1.0,2.0,2.0,1.0,2.0,1.0,1.0,1.0,2.0,2.0,1.0,2.0,2.0,2.0,1.0,1.0,1.0,2.0,1.0,,,5.0,,,6.0,,20.0,2.0,,
pid_1098,,1.0,,2.0,2.0,54.0,,,,,1.0,379.0,30.0,,5.0,,5.0,5.0,1.0,1.0,5.0,5.0,5.0,5.0,5.0,5.0,,,4.0,5.0,5.0,,,,,,4.0,1.0,7.0,5.0,5.0,3.0,5.0,6.0,6.0,6.0,55.0,60.0,40.0,35.0,60.0,60.0,55.0,70.0,65.0,75.0,4.0,,7.0,1.0,1.0,1.0,1.0,1.0,1.0,1.0,1.0,1.0,1.0,,,,,,,2.0,1.0,2.0,2.0,2.0,1.0,1.0,2.0,2.0,1.0,1.0,2.0,2.0,2.0,1.0,2.0,2.0,1.0,2.0,1.0,1.0,1.0,2.0,2.0,2.0,2.0,2.0,2.0,1.0,1.0,2.0,2.0,1.0,1.0,2.0,2.0,1.0,2.0,2.0,2.0,,,5.0,,,6.0,15.0,,,,3.0
pid_1099,,1.0,2.0,,,,1.0,54.0,2.0,380.0,,,30.0,,,3.0,4.0,5.0,1.0,1.0,5.0,5.0,4.0,5.0,5.0,5.0,4.0,,,,,,4.0,5.0,3.0,,6.0,1.0,7.0,5.0,5.0,6.0,5.0,5.0,6.0,6.0,55.0,55.0,45.0,35.0,60.0,65.0,50.0,70.0,65.0,75.0,4.0,6.0,,,,,,,,,,,,1.0,1.0,1.0,1.0,1.0,1.0,1.0,1.0,1.0,2.0,1.0,1.0,2.0,1.0,2.0,1.0,1.0,1.0,2.0,2.0,1.0,2.0,2.0,2.0,1.0,1.0,2.0,1.0,1.0,1.0,1.0,2.0,2.0,1.0,2.0,2.0,1.0,1.0,1.0,1.0,2.0,1.0,1.0,1.0,2.0,2.0,5.0,,,6.0,,,17.0,,,9.0,
pid_1100,1.0,,2.0,,,,1.0,20.0,2.0,350.0,,,,70.0,,2.0,5.0,5.0,1.0,1.0,5.0,5.0,4.0,5.0,5.0,5.0,,5.0,,4.0,5.0,3.0,,,,,6.0,2.0,7.0,5.0,5.0,5.0,5.0,6.0,6.0,6.0,55.0,65.0,45.0,40.0,60.0,65.0,55.0,70.0,65.0,75.0,4.0,,7.0,,,,,,,,,,,1.0,1.0,1.0,1.0,1.0,1.0,1.0,1.0,2.0,2.0,2.0,1.0,2.0,2.0,2.0,1.0,2.0,2.0,2.0,2.0,2.0,2.0,1.0,2.0,2.0,2.0,2.0,1.0,1.0,1.0,2.0,2.0,2.0,1.0,1.0,2.0,1.0,1.0,2.0,2.0,2.0,2.0,1.0,1.0,2.0,1.0,,5.0,,,6.0,,18.0,,2.0,,
pid_1101,,1.0,2.0,,2.0,54.0,,,,,1.0,379.0,30.0,,4.0,,4.0,5.0,1.0,1.0,5.0,5.0,4.0,5.0,5.0,5.0,4.0,,,,,,4.0,3.0,5.0,,4.0,1.0,6.0,5.0,5.0,5.0,3.0,5.0,6.0,6.0,50.0,55.0,40.0,35.0,55.0,60.0,45.0,65.0,65.0,75.0,4.0,6.0,,,,,,,,,,,,1.0,1.0,1.0,1.0,1.0,1.0,1.0,2.0,2.0,2.0,2.0,2.0,1.0,2.0,2.0,1.0,1.0,1.0,2.0,1.0,1.0,1.0,1.0,2.0,2.0,2.0,2.0,2.0,1.0,1.0,1.0,1.0,2.0,2.0,1.0,1.0,1.0,1.0,2.0,2.0,2.0,2.0,2.0,2.0,2.0,1.0,5.0,,,6.0,,,18.0,,3.0,,
pid_1102,,2.0,2.0,,2.0,54.0,,,,,1.0,300.0,40.0,,,2.0,4.0,5.0,1.0,1.0,5.0,5.0,5.0,5.0,5.0,5.0,,,5.0,,,,4.0,5.0,5.0,,4.0,2.0,6.0,5.0,5.0,5.0,5.0,6.0,6.0,6.0,60.0,60.0,40.0,35.0,55.0,65.0,55.0,75.0,70.0,75.0,4.0,6.0,,1.0,1.0,1.0,1.0,1.0,1.0,1.0,1.0,1.0,1.0,,,,,,,1.0,1.0,1.0,2.0,2.0,2.0,2.0,2.0,1.0,1.0,2.0,1.0,2.0,1.0,1.0,1.0,2.0,2.0,2.0,1.0,1.0,1.0,2.0,1.0,1.0,2.0,1.0,2.0,2.0,2.0,2.0,2.0,1.0,1.0,2.0,1.0,2.0,1.0,2.0,2.0,,,5.0,,,6.0,18.0,,,,2.0
pid_1103,1.0,,,2.0,2.0,54.0,,,2.0,379.0,,,,80.0,,1.0,5.0,5.0,1.0,1.0,5.0,5.0,4.0,5.0,5.0,5.0,,5.0,,5.0,5.0,3.0,,,,,6.0,2.0,6.0,2.0,5.0,5.0,5.0,6.0,6.0,6.0,60.0,55.0,40.0,35.0,55.0,65.0,50.0,70.0,65.0,75.0,4.0,6.0,,1.0,1.0,1.0,1.0,1.0,1.0,1.0,1.0,1.0,1.0,,,,,,,2.0,2.0,1.0,1.0,1.0,2.0,2.0,2.0,2.0,2.0,1.0,1.0,2.0,2.0,2.0,2.0,1.0,2.0,1.0,2.0,2.0,1.0,1.0,2.0,2.0,2.0,1.0,2.0,2.0,2.0,2.0,1.0,2.0,2.0,2.0,2.0,2.0,1.0,2.0,2.0,,5.0,,,6.0,,,8.0,,,3.0
pid_1104,,1.0,2.0,,,,1.0,50.0,,,1.0,379.0,30.0,,,2.0,2.0,2.0,5.0,4.0,4.0,2.0,1.0,4.0,2.0,4.0,,,5.0,,,,4.0,5.0,5.0,4.0,,1.0,6.0,5.0,5.0,6.0,5.0,6.0,6.0,6.0,45.0,60.0,65.0,45.0,55.0,50.0,45.0,65.0,60.0,75.0,4.0,,6.0,,,,,,,,,,,1.0,1.0,1.0,1.0,1.0,1.0,1.0,1.0,1.0,2.0,1.0,1.0,2.0,1.0,2.0,1.0,2.0,2.0,2.0,1.0,1.0,1.0,2.0,2.0,1.0,1.0,1.0,1.0,2.0,2.0,2.0,1.0,2.0,1.0,1.0,1.0,2.0,2.0,2.0,2.0,1.0,2.0,2.0,2.0,2.0,2.0,,,5.0,,,5.0,,20.0,,,3.0
pid_1105,,1.0,,1.0,,,1.0,54.0,2.0,379.0,,,30.0,,3.0,,4.0,5.0,1.0,1.0,5.0,5.0,4.0,5.0,5.0,5.0,2.0,,,5.0,4.0,3.0,,,,6.0,,2.0,7.0,5.0,3.0,5.0,3.0,6.0,6.0,6.0,58.0,65.0,40.0,45.0,62.0,65.0,55.0,75.0,70.0,80.0,4.0,6.0,,1.0,1.0,1.0,1.0,1.0,1.0,1.0,1.0,1.0,1.0,,,,,,,2.0,1.0,2.0,2.0,2.0,2.0,1.0,1.0,2.0,1.0,1.0,2.0,2.0,2.0,2.0,1.0,1.0,1.0,1.0,1.0,2.0,1.0,1.0,1.0,2.0,1.0,2.0,1.0,2.0,2.0,1.0,2.0,1.0,1.0,2.0,1.0,2.0,2.0,2.0,1.0,4.0,,,6.0,,,,20.0,,6.0,
pid_1106,1.0,,1.0,,,,1.0,30.0,,,1.0,150.0,60.0,,,1.0,4.0,2.0,5.0,4.0,5.0,4.0,1.0,4.0,2.0,4.0,,,5.0,4.0,5.0,3.0,,,,,4.0,1.0,6.0,5.0,5.0,5.0,5.0,5.0,6.0,6.0,55.0,60.0,65.0,55.0,60.0,60.0,45.0,65.0,60.0,75.0,4.0,,6.0,1.0,1.0,1.0,1.0,1.0,1.0,1.0,1.0,1.0,1.0,,,,,,,1.0,2.0,1.0,1.0,1.0,2.0,1.0,2.0,2.0,1.0,2.0,1.0,1.0,2.0,1.0,1.0,2.0,2.0,2.0,1.0,1.0,1.0,2.0,2.0,1.0,1.0,1.0,1.0,1.0,1.0,1.0,1.0,1.0,1.0,1.0,2.0,1.0,2.0,1.0,1.0,,,5.0,,,6.0,,20.0,3.0,,
pid_1107,,1.0,,2.0,2.0,54.0,,,2.0,380.0,,,,70.0,3.0,,4.0,5.0,1.0,1.0,4.0,5.0,4.0,5.0,5.0,5.0,2.0,,,,,,4.0,3.0,5.0,,6.0,2.0,6.0,5.0,5.0,5.0,3.0,5.0,6.0,5.0,65.0,60.0,40.0,35.0,60.0,65.0,55.0,75.0,70.0,80.0,4.0,6.0,,1.0,1.0,1.0,1.0,1.0,1.0,1.0,1.0,1.0,1.0,,,,,,,1.0,2.0,1.0,2.0,1.0,1.0,1.0,1.0,1.0,2.0,2.0,2.0,2.0,2.0,1.0,2.0,1.0,2.0,1.0,2.0,1.0,1.0,2.0,2.0,2.0,1.0,2.0,2.0,2.0,1.0,1.0,2.0,2.0,2.0,1.0,2.0,1.0,2.0,2.0,2.0,4.0,,,5.0,,,16.0,,,9.0,
pid_1108,,1.0,1.0,,,,1.0,30.0,,,1.0,379.0,,70.0,,3.0,2.0,1.0,5.0,4.0,2.0,2.0,1.0,4.0,2.0,4.0,2.0,,,4.0,5.0,,,,,,4.0,1.0,6.0,5.0,5.0,5.0,3.0,5.0,6.0,6.0,50.0,60.0,65.0,50.0,55.0,55.0,50.0,70.0,65.0,75.0,4.0,6.0,,1.0,1.0,1.0,1.0,1.0,1.0,1.0,1.0,1.0,1.0,,,,,,,1.0,1.0,2.0,1.0,2.0,2.0,1.0,1.0,2.0,2.0,1.0,2.0,2.0,1.0,1.0,1.0,2.0,1.0,2.0,2.0,2.0,2.0,1.0,1.0,1.0,2.0,1.0,2.0,1.0,1.0,2.0,2.0,1.0,1.0,1.0,1.0,2.0,1.0,2.0,1.0,4.0,,,5.0,,,18.0,,2.0,,
pid_1109,,2.0,,2.0,,,1.0,54.0,,,1.0,380.0,,80.0,,3.0,2.0,1.0,5.0,4.0,4.0,2.0,1.0,4.0,2.0,4.0,,,5.0,4.0,5.0,3.0,,,,,6.0,1.0,7.0,5.0,5.0,5.0,3.0,5.0,6.0,6.0,55.0,65.0,55.0,45.0,65.0,65.0,55.0,75.0,70.0,80.0,4.0,,6.0,1.0,1.0,1.0,1.0,1.0,1.0,1.0,1.0,1.0,1.0,,,,,,,2.0,1.0,1.0,2.0,1.0,1.0,1.0,2.0,2.0,1.0,1.0,1.0,2.0,2.0,1.0,2.0,1.0,1.0,1.0,2.0,1.0,1.0,2.0,2.0,2.0,1.0,1.0,2.0,1.0,2.0,1.0,1.0,2.0,2.0,2.0,2.0,1.0,1.0,1.0,1.0,,,4.0,,,6.0,16.0,,2.0,,
pid_1111,1.0,,,2.0,,,1.0,54.0,,,1.0,380.0,,70.0,,2.0,5.0,5.0,1.0,1.0,5.0,5.0,4.0,5.0,5.0,5.0,,,5.0,,,,4.0,3.0,5.0,,4.0,2.0,7.0,5.0,6.0,5.0,3.0,5.0,6.0,6.0,55.0,60.0,45.0,45.0,60.0,65.0,55.0,75.0,70.0,75.0,4.0,,6.0,,,,,,,,,,,1.0,1.0,1.0,1.0,1.0,1.0,2.0,1.0,2.0,2.0,1.0,1.0,2.0,2.0,2.0,2.0,1.0,2.0,1.0,2.0,2.0,2.0,2.0,2.0,2.0,2.0,2.0,2.0,1.0,2.0,1.0,2.0,2.0,2.0,2.0,2.0,1.0,2.0,2.0,2.0,2.0,1.0,2.0,2.0,2.0,2.0,,,5.0,,,6.0,,20.0,,,3.0
pid_1112,1.0,,1.0,,,,1.0,54.0,2.0,380.0,,,40.0,,,2.0,4.0,5.0,1.0,1.0,5.0,5.0,4.0,5.0,5.0,5.0,,5.0,,4.0,5.0,2.0,,,,,6.0,1.0,6.0,5.0,5.0,5.0,5.0,6.0,6.0,6.0,55.0,55.0,35.0,40.0,60.0,60.0,55.0,75.0,65.0,70.0,4.0,6.0,,1.0,1.0,1.0,1.0,1.0,1.0,1.0,1.0,1.0,1.0,,,,,,,2.0,2.0,1.0,2.0,2.0,1.0,1.0,1.0,2.0,1.0,1.0,2.0,2.0,2.0,2.0,1.0,2.0,2.0,1.0,2.0,1.0,2.0,2.0,2.0,2.0,2.0,1.0,2.0,2.0,2.0,2.0,1.0,1.0,2.0,2.0,2.0,1.0,2.0,2.0,1.0,,5.0,,,6.0,,14.0,,,,4.0
pid_1113,,2.0,2.0,,2.0,54.0,,,2.0,380.0,,,,70.0,5.0,,4.0,5.0,1.0,1.0,5.0,5.0,4.0,5.0,5.0,5.0,4.0,,,4.0,5.0,3.0,,,,,4.0,2.0,6.0,5.0,5.0,5.0,5.0,6.0,6.0,6.0,60.0,65.0,45.0,40.0,62.0,58.0,55.0,75.0,70.0,80.0,4.0,,7.0,1.0,1.0,1.0,1.0,1.0,1.0,1.0,1.0,1.0,1.0,,,,,,,1.0,2.0,2.0,2.0,2.0,1.0,2.0,2.0,1.0,1.0,2.0,2.0,1.0,2.0,1.0,2.0,2.0,2.0,1.0,2.0,2.0,2.0,1.0,1.0,1.0,1.0,1.0,1.0,1.0,1.0,1.0,1.0,1.0,2.0,1.0,1.0,1.0,2.0,1.0,2.0,5.0,,,5.0,,,,15.0,2.0,,
pid_1114,,2.0,,2.0,,,1.0,54.0,,,1.0,120.0,30.0,,,3.0,4.0,5.0,2.0,2.0,5.0,5.0,4.0,5.0,4.0,5.0,4.0,,,4.0,5.0,3.0,,,,,4.0,1.0,7.0,3.0,5.0,5.0,5.0,5.0,6.0,6.0,55.0,60.0,48.0,35.0,60.0,65.0,48.0,72.0,65.0,78.0,4.0,,6.0,,,,,,,,,,,1.0,1.0,1.0,1.0,1.0,1.0,2.0,2.0,2.0,1.0,1.0,2.0,2.0,1.0,2.0,2.0,1.0,2.0,1.0,1.0,1.0,1.0,1.0,2.0,2.0,1.0,1.0,1.0,2.0,1.0,1.0,2.0,1.0,2.0,2.0,2.0,1.0,1.0,2.0,1.0,2.0,2.0,2.0,2.0,2.0,2.0,5.0,,,6.0,,,,5.0,3.0,,
pid_1115,,1.0,1.0,,2.0,54.0,,,,,1.0,180.0,,70.0,,2.0,2.0,4.0,5.0,4.0,4.0,4.0,1.0,4.0,3.0,4.0,4.0,,,4.0,5.0,3.0,,,,4.0,,1.0,6.0,3.0,5.0,5.0,3.0,5.0,6.0,6.0,55.0,60.0,55.0,45.0,55.0,60.0,45.0,65.0,60.0,75.0,4.0,6.0,,1.0,1.0,1.0,1.0,1.0,1.0,1.0,1.0,1.0,1.0,,,,,,,2.0,2.0,1.0,1.0,2.0,1.0,1.0,2.0,1.0,1.0,2.0,2.0,2.0,2.0,1.0,1.0,2.0,2.0,2.0,1.0,2.0,2.0,1.0,2.0,2.0,1.0,2.0,2.0,2.0,1.0,1.0,2.0,2.0,1.0,2.0,1.0,2.0,1.0,2.0,2.0,4.0,,,5.0,,,18.0,,,9.0,
pid_1116,1.0,,,2.0,2.0,55.0,,,,,1.0,120.0,,70.0,3.0,,4.0,5.0,2.0,2.0,5.0,4.0,4.0,5.0,4.0,5.0,,5.0,,4.0,5.0,2.0,,,,,4.0,2.0,6.0,3.0,5.0,5.0,5.0,6.0,6.0,6.0,55.0,55.0,55.0,45.0,60.0,60.0,50.0,65.0,65.0,80.0,4.0,6.0,,1.0,1.0,1.0,1.0,1.0,1.0,1.0,1.0,1.0,1.0,,,,,,,1.0,2.0,1.0,2.0,2.0,1.0,2.0,1.0,2.0,1.0,2.0,2.0,1.0,2.0,2.0,1.0,1.0,1.0,1.0,1.0,2.0,1.0,1.0,2.0,1.0,1.0,1.0,2.0,1.0,2.0,2.0,2.0,1.0,2.0,2.0,2.0,1.0,2.0,2.0,2.0,,4.0,,,4.0,,,18.0,,,3.0
pid_1117,1.0,,1.0,,,,1.0,54.0,2.0,380.0,,,,70.0,2.0,,5.0,5.0,1.0,1.0,5.0,5.0,5.0,5.0,5.0,5.0,,,5.0,4.0,5.0,2.0,,,,4.0,,1.0,7.0,3.0,5.0,5.0,3.0,6.0,6.0,6.0,55.0,65.0,35.0,40.0,60.0,58.0,48.0,70.0,68.0,78.0,4.0,6.0,,,,,,,,,,,,1.0,1.0,1.0,1.0,1.0,1.0,1.0,2.0,1.0,1.0,2.0,1.0,2.0,1.0,2.0,2.0,2.0,2.0,2.0,2.0,1.0,2.0,1.0,2.0,2.0,1.0,1.0,1.0,2.0,2.0,1.0,2.0,2.0,2.0,1.0,1.0,2.0,1.0,2.0,2.0,2.0,1.0,1.0,2.0,2.0,2.0,,,5.0,,,6.0,18.0,,1.0,,
pid_1118,1.0,,,2.0,,,1.0,20.0,,,1.0,200.0,,70.0,,5.0,4.0,5.0,1.0,2.0,5.0,5.0,4.0,5.0,5.0,5.0,,,5.0,4.0,5.0,3.0,,,,4.0,,1.0,6.0,5.0,5.0,5.0,5.0,6.0,6.0,6.0,55.0,60.0,45.0,40.0,60.0,65.0,50.0,70.0,65.0,75.0,4.0,7.0,,,,,,,,,,,,1.0,1.0,1.0,1.0,1.0,1.0,2.0,2.0,2.0,2.0,2.0,2.0,2.0,1.0,2.0,1.0,1.0,2.0,2.0,2.0,2.0,1.0,2.0,2.0,2.0,1.0,1.0,2.0,2.0,2.0,1.0,1.0,1.0,1.0,2.0,2.0,1.0,1.0,1.0,1.0,2.0,1.0,2.0,2.0,2.0,1.0,,,5.0,,,5.0,,2.0,,,3.0
pid_1119,,1.0,,2.0,2.0,54.0,,,,,1.0,380.0,,70.0,2.0,,4.0,5.0,2.0,1.0,5.0,5.0,4.0,5.0,4.0,5.0,,4.0,,,,,4.0,5.0,5.0,4.0,,2.0,7.0,5.0,5.0,5.0,5.0,6.0,6.0,6.0,55.0,60.0,55.0,40.0,60.0,65.0,50.0,70.0,65.0,75.0,4.0,,6.0,1.0,1.0,1.0,1.0,1.0,1.0,1.0,1.0,1.0,1.0,,,,,,,2.0,1.0,1.0,1.0,1.0,2.0,2.0,1.0,1.0,1.0,1.0,2.0,2.0,2.0,2.0,1.0,1.0,1.0,1.0,2.0,2.0,2.0,1.0,1.0,2.0,1.0,2.0,1.0,2.0,2.0,1.0,2.0,1.0,1.0,2.0,1.0,2.0,1.0,2.0,2.0,,5.0,,,6.0,,,20.0,3.0,,
pid_1120,1.0,,,2.0,,,1.0,54.0,2.0,380.0,,,30.0,,3.0,,4.0,4.0,2.0,2.0,4.0,5.0,2.0,5.0,4.0,4.0,,4.0,,4.0,5.0,3.0,,,,,4.0,2.0,6.0,5.0,5.0,5.0,5.0,5.0,6.0,6.0,55.0,60.0,45.0,40.0,60.0,65.0,55.0,75.0,65.0,80.0,4.0,,6.0,1.0,1.0,1.0,1.0,1.0,1.0,1.0,1.0,1.0,1.0,,,,,,,2.0,1.0,1.0,2.0,2.0,1.0,2.0,1.0,1.0,2.0,1.0,1.0,1.0,1.0,1.0,2.0,1.0,2.0,1.0,2.0,2.0,1.0,2.0,2.0,1.0,1.0,2.0,2.0,2.0,2.0,2.0,1.0,2.0,1.0,2.0,1.0,1.0,1.0,2.0,1.0,,4.0,,,6.0,,18.0,,1.0,,
pid_1121,1.0,,,2.0,,,1.0,54.0,,,1.0,379.0,40.0,,,2.0,4.0,5.0,1.0,1.0,5.0,5.0,4.0,5.0,5.0,5.0,,,5.0,,,,3.0,4.0,5.0,,4.0,1.0,7.0,5.0,5.0,5.0,3.0,5.0,6.0,6.0,55.0,65.0,45.0,40.0,60.0,60.0,50.0,75.0,70.0,80.0,4.0,,6.0,,,,,,,,,,,1.0,1.0,1.0,1.0,1.0,1.0,2.0,2.0,1.0,2.0,2.0,1.0,2.0,1.0,2.0,2.0,2.0,1.0,1.0,2.0,2.0,1.0,2.0,2.0,2.0,2.0,2.0,2.0,1.0,2.0,2.0,1.0,1.0,2.0,2.0,2.0,1.0,1.0,2.0,1.0,1.0,2.0,1.0,1.0,2.0,1.0,,,5.0,,,6.0,,18.0,,,4.0
pid_1122,1.0,,1.0,,2.0,45.0,,,,,1.0,200.0,,80.0,,3.0,2.0,1.0,5.0,5.0,2.0,2.0,1.0,4.0,2.0,4.0,,5.0,,4.0,5.0,3.0,,,,4.0,,2.0,7.0,3.0,5.0,5.0,5.0,6.0,6.0,6.0,55.0,55.0,60.0,55.0,60.0,65.0,45.0,65.0,60.0,75.0,4.0,5.0,,,,,,,,,,,,1.0,1.0,1.0,1.0,1.0,1.0,2.0,2.0,1.0,2.0,1.0,1.0,2.0,1.0,1.0,1.0,1.0,1.0,2.0,2.0,2.0,2.0,2.0,1.0,2.0,1.0,2.0,2.0,1.0,1.0,1.0,2.0,1.0,2.0,2.0,1.0,2.0,1.0,1.0,2.0,2.0,2.0,2.0,1.0,2.0,2.0,,4.0,,,6.0,,,18.0,,9.0,
pid_1123,1.0,,,2.0,,,1.0,54.0,2.0,380.0,,,,80.0,,6.0,2.0,2.0,4.0,4.0,3.0,2.0,1.0,4.0,2.0,4.0,,5.0,,,,,4.0,5.0,5.0,4.0,,1.0,6.0,5.0,5.0,5.0,3.0,6.0,6.0,6.0,50.0,55.0,60.0,45.0,55.0,60.0,45.0,70.0,65.0,75.0,4.0,,7.0,,,,,,,,,,,1.0,1.0,1.0,1.0,1.0,1.0,2.0,2.0,2.0,1.0,1.0,2.0,2.0,1.0,1.0,1.0,2.0,1.0,1.0,1.0,1.0,2.0,2.0,1.0,1.0,1.0,1.0,1.0,1.0,1.0,1.0,1.0,2.0,1.0,1.0,1.0,1.0,1.0,1.0,2.0,2.0,1.0,1.0,2.0,1.0,1.0,,5.0,,,6.0,,,20.0,,6.0,
pid_1124,1.0,,,2.0,,,1.0,54.0,2.0,380.0,,,,70.0,2.0,,4.0,5.0,1.0,1.0,5.0,5.0,5.0,5.0,5.0,5.0,2.0,,,5.0,5.0,,,,,,4.0,1.0,7.0,5.0,5.0,5.0,3.0,6.0,6.0,6.0,55.0,65.0,45.0,35.0,65.0,65.0,55.0,75.0,70.0,80.0,4.0,7.0,,,,,,,,,,,,1.0,1.0,1.0,1.0,1.0,1.0,1.0,2.0,2.0,2.0,2.0,2.0,2.0,2.0,2.0,1.0,1.0,2.0,2.0,2.0,1.0,2.0,1.0,2.0,2.0,2.0,2.0,2.0,1.0,1.0,1.0,2.0,1.0,1.0,1.0,1.0,2.0,2.0,1.0,2.0,2.0,1.0,2.0,2.0,1.0,2.0,5.0,,,6.0,,,18.0,,,6.0,
pid_1125,1.0,,2.0,,2.0,54.0,,,,,1.0,380.0,,70.0,3.0,,5.0,5.0,1.0,1.0,5.0,5.0,4.0,5.0,5.0,5.0,,,5.0,,,,4.0,5.0,3.0,6.0,,2.0,7.0,5.0,5.0,5.0,5.0,5.0,6.0,6.0,60.0,60.0,45.0,35.0,65.0,70.0,55.0,75.0,70.0,80.0,4.0,,7.0,1.0,1.0,1.0,1.0,1.0,1.0,1.0,1.0,1.0,1.0,,,,,,,2.0,2.0,2.0,1.0,1.0,2.0,1.0,1.0,2.0,1.0,2.0,2.0,2.0,1.0,2.0,2.0,1.0,2.0,2.0,2.0,1.0,2.0,1.0,2.0,2.0,1.0,2.0,2.0,1.0,2.0,1.0,2.0,1.0,2.0,2.0,1.0,2.0,1.0,2.0,1.0,,,5.0,,,6.0,,20.0,,,3.0
pid_1127,,1.0,2.0,,,,1.0,54.0,2.0,380.0,,,,70.0,1.0,,5.0,5.0,1.0,1.0,5.0,5.0,4.0,5.0,5.0,5.0,,5.0,,,,,3.0,5.0,5.0,,4.0,2.0,7.0,5.0,5.0,3.0,5.0,5.0,6.0,6.0,65.0,60.0,45.0,40.0,60.0,62.0,55.0,75.0,65.0,75.0,4.0,,6.0,1.0,1.0,1.0,1.0,1.0,1.0,1.0,1.0,1.0,1.0,,,,,,,1.0,2.0,2.0,2.0,2.0,1.0,2.0,2.0,2.0,1.0,2.0,2.0,2.0,2.0,2.0,2.0,2.0,1.0,2.0,1.0,2.0,2.0,1.0,2.0,2.0,2.0,1.0,2.0,1.0,2.0,2.0,1.0,2.0,1.0,1.0,1.0,2.0,1.0,1.0,2.0,,5.0,,,6.0,,20.0,,,,3.0
pid_1128,1.0,,1.0,,,,1.0,54.0,,,1.0,380.0,30.0,,,3.0,5.0,5.0,1.0,1.0,5.0,5.0,4.0,5.0,5.0,5.0,1.0,,,5.0,5.0,3.0,,,,6.0,,2.0,7.0,5.0,5.0,5.0,3.0,5.0,6.0,6.0,55.0,58.0,45.0,35.0,52.0,60.0,52.0,72.0,65.0,80.0,4.0,6.0,,,,,,,,,,,,1.0,1.0,1.0,1.0,1.0,1.0,1.0,2.0,2.0,1.0,2.0,2.0,1.0,1.0,2.0,2.0,1.0,2.0,2.0,2.0,2.0,1.0,2.0,1.0,1.0,2.0,2.0,2.0,1.0,1.0,1.0,2.0,1.0,2.0,1.0,2.0,2.0,2.0,2.0,2.0,2.0,2.0,2.0,2.0,1.0,2.0,5.0,,,6.0,,,,5.0,,9.0,
pid_1129,,2.0,,2.0,,,1.0,54.0,,,1.0,379.0,,70.0,5.0,,2.0,1.0,5.0,5.0,2.0,1.0,1.0,2.0,1.0,2.0,,5.0,,,,,3.0,4.0,5.0,4.0,,1.0,7.0,2.0,5.0,5.0,5.0,6.0,6.0,6.0,55.0,60.0,55.0,45.0,60.0,60.0,45.0,70.0,65.0,70.0,4.0,6.0,,,,,,,,,,,,1.0,1.0,1.0,1.0,1.0,1.0,1.0,2.0,2.0,1.0,2.0,2.0,1.0,1.0,2.0,2.0,2.0,2.0,2.0,2.0,2.0,1.0,2.0,1.0,1.0,1.0,2.0,2.0,1.0,2.0,1.0,1.0,2.0,2.0,1.0,1.0,2.0,2.0,1.0,1.0,2.0,2.0,1.0,2.0,2.0,2.0,,5.0,,,6.0,,,20.0,4.0,,
pid_1130,,2.0,1.0,,,,1.0,20.0,,,1.0,200.0,,70.0,,4.0,5.0,5.0,1.0,1.0,5.0,5.0,5.0,5.0,5.0,5.0,,,4.0,4.0,5.0,3.0,,,,,6.0,2.0,6.0,3.0,5.0,5.0,3.0,5.0,6.0,6.0,55.0,55.0,50.0,40.0,60.0,58.0,50.0,70.0,65.0,75.0,4.0,6.0,,1.0,1.0,1.0,1.0,1.0,1.0,1.0,1.0,1.0,1.0,,,,,,,2.0,2.0,2.0,1.0,2.0,1.0,2.0,2.0,1.0,2.0,2.0,2.0,2.0,1.0,2.0,2.0,2.0,1.0,2.0,1.0,1.0,2.0,1.0,2.0,2.0,1.0,1.0,2.0,1.0,2.0,2.0,2.0,1.0,2.0,2.0,1.0,2.0,1.0,2.0,1.0,,,4.0,,,6.0,,12.0,3.0,,
pid_1131,,2.0,1.0,,2.0,54.0,,,2.0,380.0,,,40.0,,2.0,,4.0,4.0,2.0,2.0,4.0,4.0,2.0,5.0,4.0,4.0,2.0,,,,,,4.0,5.0,5.0,,4.0,2.0,6.0,5.0,5.0,5.0,5.0,6.0,6.0,6.0,55.0,65.0,50.0,45.0,60.0,60.0,50.0,70.0,65.0,75.0,4.0,6.0,,,,,,,,,,,,1.0,1.0,1.0,1.0,1.0,1.0,2.0,2.0,2.0,2.0,1.0,1.0,2.0,1.0,2.0,2.0,2.0,1.0,2.0,2.0,1.0,1.0,2.0,2.0,1.0,2.0,1.0,1.0,2.0,1.0,2.0,1.0,1.0,2.0,2.0,2.0,2.0,2.0,1.0,1.0,2.0,2.0,1.0,2.0,2.0,1.0,5.0,,,6.0,,,,10.0,,9.0,
pid_1132,1.0,,,2.0,2.0,54.0,,,,,1.0,200.0,70.0,,,2.0,4.0,4.0,2.0,2.0,5.0,4.0,2.0,5.0,4.0,5.0,2.0,,,4.0,5.0,2.0,,,,,4.0,1.0,6.0,3.0,5.0,5.0,5.0,6.0,6.0,6.0,55.0,65.0,50.0,40.0,60.0,62.0,55.0,75.0,68.0,80.0,4.0,,7.0,,,,,,,,,,,1.0,1.0,1.0,1.0,1.0,1.0,2.0,2.0,1.0,1.0,1.0,2.0,2.0,2.0,2.0,2.0,2.0,2.0,2.0,1.0,1.0,1.0,2.0,1.0,2.0,2.0,1.0,1.0,2.0,1.0,1.0,1.0,1.0,2.0,2.0,1.0,1.0,1.0,2.0,1.0,1.0,1.0,1.0,2.0,2.0,2.0,4.0,,,6.0,,,17.0,,,9.0,
pid_1133,1.0,,,2.0,2.0,54.0,,,,,1.0,380.0,,70.0,,2.0,2.0,4.0,5.0,4.0,4.0,4.0,1.0,4.0,2.0,4.0,,,5.0,,,,4.0,5.0,5.0,,4.0,2.0,6.0,5.0,5.0,5.0,3.0,5.0,6.0,5.0,55.0,65.0,55.0,50.0,65.0,60.0,50.0,70.0,60.0,75.0,4.0,,6.0,,,,,,,,,,,1.0,1.0,1.0,1.0,1.0,1.0,2.0,1.0,2.0,1.0,2.0,2.0,1.0,2.0,1.0,1.0,1.0,2.0,2.0,1.0,2.0,2.0,2.0,1.0,2.0,2.0,1.0,2.0,2.0,1.0,2.0,2.0,2.0,1.0,1.0,2.0,2.0,2.0,1.0,1.0,2.0,2.0,1.0,1.0,2.0,1.0,,,4.0,,,6.0,,18.0,2.0,,
pid_1134,,1.0,2.0,,,,1.0,54.0,,,1.0,380.0,30.0,,2.0,,4.0,5.0,1.0,1.0,5.0,5.0,4.0,5.0,5.0,5.0,,5.0,,4.0,5.0,3.0,,,,6.0,,2.0,6.0,5.0,5.0,6.0,5.0,5.0,6.0,6.0,55.0,55.0,45.0,35.0,60.0,60.0,50.0,70.0,65.0,75.0,4.0,6.0,,1.0,1.0,1.0,1.0,1.0,1.0,1.0,1.0,1.0,1.0,,,,,,,1.0,1.0,1.0,2.0,1.0,1.0,2.0,1.0,2.0,2.0,2.0,1.0,1.0,1.0,2.0,1.0,1.0,1.0,2.0,2.0,2.0,1.0,1.0,1.0,2.0,1.0,2.0,1.0,2.0,1.0,1.0,2.0,2.0,1.0,1.0,2.0,2.0,2.0,1.0,2.0,,5.0,,,6.0,,,18.0,,,3.0
pid_1135,1.0,,1.0,,2.0,54.0,,,,,1.0,380.0,,70.0,2.0,,2.0,2.0,5.0,4.0,4.0,4.0,1.0,4.0,2.0,3.0,2.0,,,4.0,5.0,3.0,,,,,4.0,1.0,6.0,5.0,5.0,5.0,3.0,5.0,6.0,6.0,55.0,60.0,65.0,55.0,60.0,60.0,50.0,70.0,65.0,75.0,4.0,6.0,,1.0,1.0,1.0,1.0,1.0,1.0,1.0,1.0,1.0,1.0,,,,,,,1.0,2.0,2.0,2.0,2.0,2.0,2.0,1.0,1.0,2.0,2.0,1.0,2.0,1.0,1.0,2.0,1.0,2.0,2.0,2.0,2.0,2.0,2.0,2.0,2.0,1.0,1.0,2.0,2.0,1.0,1.0,1.0,1.0,2.0,2.0,2.0,1.0,1.0,1.0,1.0,4.0,,,5.0,,,18.0,,,,3.0
pid_1136,,1.0,,2.0,2.0,54.0,,,2.0,380.0,,,,75.0,,3.0,2.0,1.0,5.0,4.0,2.0,3.0,1.0,2.0,2.0,2.0,2.0,,,4.0,5.0,2.0,,,,,4.0,2.0,7.0,5.0,5.0,5.0,3.0,5.0,6.0,6.0,55.0,55.0,65.0,45.0,60.0,60.0,50.0,70.0,65.0,75.0,4.0,,6.0,,,,,,,,,,,1.0,1.0,1.0,1.0,1.0,1.0,1.0,1.0,2.0,1.0,2.0,1.0,1.0,1.0,1.0,1.0,2.0,2.0,1.0,2.0,2.0,2.0,1.0,2.0,1.0,1.0,2.0,2.0,1.0,1.0,2.0,1.0,2.0,1.0,2.0,2.0,2.0,1.0,1.0,2.0,1.0,1.0,1.0,2.0,2.0,1.0,4.0,,,5.0,,,,20.0,,5.0,
pid_1137,,1.0,,2.0,2.0,54.0,,,,,1.0,380.0,,70.0,,3.0,4.0,5.0,1.0,1.0,5.0,5.0,4.0,5.0,5.0,5.0,,,5.0,4.0,5.0,2.0,,,,,4.0,2.0,6.0,3.0,5.0,5.0,5.0,5.0,6.0,6.0,65.0,65.0,40.0,45.0,60.0,65.0,55.0,75.0,70.0,80.0,4.0,7.0,,1.0,1.0,1.0,1.0,1.0,1.0,1.0,1.0,1.0,1.0,,,,,,,1.0,1.0,1.0,2.0,2.0,2.0,2.0,2.0,1.0,1.0,2.0,2.0,2.0,1.0,2.0,1.0,2.0,2.0,1.0,1.0,1.0,1.0,2.0,2.0,1.0,2.0,2.0,2.0,2.0,1.0,2.0,2.0,2.0,2.0,1.0,2.0,2.0,2.0,2.0,1.0,,,5.0,,,6.0,,20.0,,6.0,
pid_1138,,1.0,,1.0,,,1.0,54.0,,,1.0,379.0,,80.0,2.0,,2.0,1.0,5.0,4.0,2.0,1.0,1.0,2.0,1.0,2.0,,5.0,,,,,3.0,4.0,5.0,,4.0,1.0,6.0,5.0,5.0,5.0,5.0,6.0,6.0,6.0,45.0,60.0,55.0,40.0,40.0,45.0,40.0,65.0,45.0,70.0,4.0,,7.0,,,,,,,,,,,1.0,1.0,1.0,1.0,1.0,1.0,1.0,2.0,2.0,1.0,2.0,2.0,2.0,1.0,2.0,2.0,2.0,1.0,2.0,1.0,1.0,1.0,2.0,2.0,2.0,1.0,2.0,2.0,2.0,1.0,2.0,1.0,1.0,1.0,1.0,2.0,1.0,1.0,2.0,1.0,2.0,1.0,2.0,1.0,1.0,2.0,,5.0,,,6.0,,,20.0,,,4.0
pid_1139,,1.0,1.0,,,,1.0,54.0,2.0,380.0,,,30.0,,,2.0,4.0,5.0,1.0,1.0,5.0,5.0,5.0,5.0,5.0,5.0,2.0,,,5.0,4.0,2.0,,,,,4.0,2.0,7.0,3.0,5.0,5.0,5.0,5.0,6.0,6.0,55.0,60.0,45.0,40.0,65.0,60.0,55.0,70.0,65.0,75.0,4.0,,7.0,1.0,1.0,1.0,1.0,1.0,1.0,1.0,1.0,1.0,1.0,,,,,,,1.0,2.0,2.0,1.0,2.0,2.0,1.0,1.0,2.0,1.0,1.0,1.0,2.0,2.0,1.0,1.0,2.0,2.0,2.0,2.0,2.0,1.0,2.0,2.0,1.0,2.0,2.0,2.0,2.0,1.0,2.0,2.0,2.0,2.0,2.0,1.0,2.0,1.0,1.0,1.0,5.0,,,6.0,,,18.0,,,,3.0
pid_1140,1.0,,,2.0,2.0,55.0,,,,,1.0,380.0,,75.0,,3.0,4.0,4.0,2.0,2.0,5.0,5.0,2.0,5.0,4.0,4.0,2.0,,,5.0,5.0,,,,,,4.0,2.0,7.0,5.0,5.0,5.0,5.0,5.0,6.0,6.0,60.0,60.0,55.0,45.0,55.0,60.0,50.0,70.0,65.0,75.0,4.0,6.0,,1.0,1.0,1.0,1.0,1.0,1.0,1.0,1.0,1.0,1.0,,,,,,,1.0,2.0,2.0,2.0,2.0,2.0,2.0,2.0,2.0,2.0,1.0,1.0,1.0,2.0,2.0,2.0,1.0,2.0,1.0,2.0,1.0,2.0,1.0,2.0,2.0,2.0,2.0,2.0,2.0,1.0,1.0,1.0,2.0,2.0,2.0,1.0,2.0,2.0,2.0,2.0,4.0,,,6.0,,,,15.0,,,3.0
pid_1141,,1.0,,2.0,,,1.0,54.0,2.0,379.0,,,,70.0,2.0,,4.0,5.0,4.0,2.0,5.0,5.0,2.0,5.0,4.0,5.0,,5.0,,4.0,5.0,3.0,,,,,4.0,1.0,7.0,5.0,5.0,6.0,5.0,6.0,6.0,6.0,,,,,,,,,,,4.0,,7.0,,,,,,,,,,,1.0,1.0,1.0,1.0,1.0,1.0,1.0,2.0,1.0,1.0,1.0,1.0,2.0,1.0,1.0,1.0,1.0,2.0,1.0,2.0,2.0,1.0,2.0,2.0,1.0,1.0,2.0,1.0,1.0,2.0,1.0,2.0,1.0,1.0,2.0,2.0,2.0,2.0,2.0,1.0,1.0,1.0,2.0,2.0,1.0,1.0,,4.0,,,6.0,,,19.0,,,3.0
pid_1142,1.0,,,2.0,,,1.0,54.0,2.0,380.0,,,70.0,,1.0,,2.0,5.0,4.0,2.0,4.0,2.0,1.0,4.0,4.0,4.0,,,4.0,4.0,5.0,3.0,,,,,4.0,1.0,6.0,5.0,5.0,5.0,5.0,6.0,6.0,6.0,55.0,60.0,60.0,45.0,60.0,60.0,50.0,70.0,65.0,75.0,4.0,6.0,,1.0,1.0,1.0,1.0,1.0,1.0,1.0,1.0,1.0,1.0,,,,,,,1.0,1.0,2.0,1.0,2.0,2.0,1.0,1.0,1.0,1.0,2.0,2.0,1.0,1.0,1.0,2.0,2.0,1.0,1.0,2.0,1.0,2.0,2.0,2.0,1.0,1.0,1.0,1.0,2.0,2.0,2.0,1.0,2.0,2.0,1.0,2.0,1.0,1.0,2.0,1.0,,,5.0,,,5.0,18.0,,,,4.0
pid_1143,,1.0,,2.0,2.0,54.0,,,2.0,350.0,,,,75.0,,2.0,4.0,4.0,2.0,1.0,4.0,5.0,2.0,5.0,4.0,5.0,2.0,,,,,,4.0,5.0,5.0,,4.0,2.0,7.0,5.0,5.0,5.0,5.0,6.0,6.0,6.0,55.0,58.0,52.0,43.0,62.0,60.0,48.0,68.0,67.0,80.0,4.0,6.0,,1.0,1.0,1.0,1.0,1.0,1.0,1.0,1.0,1.0,1.0,,,,,,,2.0,2.0,2.0,2.0,1.0,1.0,1.0,2.0,1.0,2.0,1.0,2.0,2.0,1.0,1.0,2.0,2.0,1.0,2.0,1.0,1.0,1.0,1.0,1.0,2.0,2.0,2.0,1.0,1.0,2.0,2.0,2.0,1.0,1.0,2.0,1.0,2.0,2.0,1.0,2.0,4.0,,,6.0,,,15.0,,3.0,,
pid_1144,,1.0,,2.0,,,1.0,54.0,2.0,380.0,,,60.0,,3.0,,2.0,2.0,5.0,2.0,4.0,2.0,1.0,4.0,2.0,4.0,,5.0,,4.0,5.0,3.0,,,,4.0,,2.0,6.0,5.0,5.0,5.0,5.0,5.0,6.0,6.0,45.0,65.0,65.0,45.0,55.0,60.0,50.0,70.0,65.0,75.0,4.0,6.0,,,,,,,,,,,,1.0,1.0,1.0,1.0,1.0,1.0,1.0,1.0,2.0,2.0,2.0,2.0,2.0,2.0,1.0,1.0,1.0,1.0,1.0,1.0,2.0,1.0,1.0,1.0,1.0,1.0,2.0,2.0,2.0,1.0,1.0,1.0,1.0,2.0,1.0,2.0,2.0,2.0,1.0,1.0,1.0,2.0,1.0,2.0,1.0,2.0,,4.0,,,6.0,,15.0,,,,3.0
pid_1145,1.0,,2.0,,2.0,54.0,,,2.0,379.0,,,40.0,,,2.0,4.0,5.0,1.0,2.0,5.0,5.0,4.0,5.0,5.0,5.0,4.0,,,,,,4.0,5.0,5.0,4.0,,1.0,7.0,5.0,5.0,5.0,3.0,5.0,6.0,6.0,60.0,60.0,45.0,35.0,55.0,65.0,45.0,75.0,70.0,80.0,4.0,,6.0,1.0,1.0,1.0,1.0,1.0,1.0,1.0,1.0,1.0,1.0,,,,,,,2.0,1.0,2.0,2.0,1.0,2.0,2.0,2.0,1.0,1.0,2.0,1.0,2.0,1.0,1.0,2.0,1.0,2.0,1.0,1.0,2.0,1.0,2.0,2.0,2.0,2.0,2.0,1.0,1.0,1.0,1.0,1.0,1.0,1.0,1.0,2.0,1.0,2.0,2.0,1.0,5.0,,,5.0,,,,20.0,,6.0,
pid_1146,,1.0,1.0,,2.0,54.0,,,,,1.0,300.0,,70.0,,3.0,4.0,5.0,2.0,2.0,4.0,5.0,2.0,5.0,4.0,5.0,2.0,,,,,,4.0,4.0,5.0,,4.0,2.0,7.0,5.0,6.0,5.0,3.0,5.0,6.0,6.0,55.0,65.0,58.0,45.0,52.0,58.0,48.0,68.0,62.0,72.0,4.0,6.0,,,,,,,,,,,,1.0,1.0,1.0,1.0,1.0,1.0,1.0,1.0,1.0,2.0,1.0,1.0,1.0,2.0,2.0,1.0,2.0,2.0,2.0,2.0,1.0,2.0,1.0,2.0,1.0,1.0,2.0,1.0,1.0,1.0,2.0,2.0,2.0,1.0,1.0,1.0,1.0,2.0,1.0,2.0,2.0,1.0,1.0,1.0,2.0,2.0,4.0,,,5.0,,,,20.0,,,3.0
pid_1147,,1.0,,2.0,2.0,50.0,,,,,1.0,100.0,30.0,,2.0,,4.0,5.0,1.0,1.0,5.0,5.0,4.0,5.0,5.0,5.0,,,5.0,,,,3.0,4.0,5.0,,4.0,2.0,6.0,5.0,5.0,5.0,3.0,5.0,6.0,6.0,65.0,65.0,50.0,35.0,60.0,65.0,55.0,75.0,70.0,80.0,4.0,,6.0,1.0,1.0,1.0,1.0,1.0,1.0,1.0,1.0,1.0,1.0,,,,,,,1.0,1.0,2.0,1.0,2.0,2.0,1.0,2.0,1.0,1.0,1.0,2.0,2.0,2.0,2.0,1.0,2.0,1.0,2.0,1.0,2.0,1.0,2.0,2.0,1.0,1.0,2.0,2.0,2.0,2.0,1.0,2.0,2.0,2.0,2.0,1.0,2.0,1.0,2.0,2.0,,,5.0,,,6.0,,20.0,,9.0,
pid_1148,,1.0,1.0,,,,1.0,15.0,,,1.0,200.0,,75.0,,2.0,2.0,1.0,5.0,4.0,4.0,2.0,1.0,4.0,4.0,4.0,,,5.0,4.0,5.0,3.0,,,,,4.0,1.0,6.0,5.0,5.0,5.0,3.0,6.0,6.0,6.0,45.0,60.0,55.0,45.0,60.0,55.0,50.0,70.0,65.0,75.0,4.0,6.0,,,,,,,,,,,,1.0,1.0,1.0,1.0,1.0,1.0,1.0,2.0,2.0,1.0,1.0,1.0,1.0,1.0,1.0,1.0,1.0,1.0,2.0,1.0,2.0,1.0,1.0,2.0,2.0,1.0,1.0,1.0,1.0,2.0,1.0,1.0,2.0,1.0,2.0,2.0,2.0,1.0,1.0,1.0,1.0,2.0,1.0,2.0,1.0,2.0,,,4.0,,,6.0,18.0,,,,4.0
pid_1149,,2.0,,2.0,2.0,54.0,,,2.0,380.0,,,30.0,,3.0,,5.0,5.0,1.0,1.0,5.0,5.0,5.0,5.0,5.0,5.0,,5.0,,4.0,5.0,,,,,6.0,,1.0,7.0,3.0,5.0,5.0,5.0,5.0,6.0,6.0,65.0,58.0,43.0,38.0,62.0,67.0,55.0,72.0,67.0,80.0,4.0,,7.0,,,,,,,,,,,1.0,1.0,1.0,1.0,1.0,1.0,2.0,2.0,2.0,2.0,1.0,2.0,1.0,1.0,2.0,1.0,2.0,1.0,1.0,2.0,2.0,2.0,2.0,1.0,1.0,1.0,2.0,2.0,1.0,1.0,1.0,1.0,2.0,1.0,2.0,2.0,1.0,2.0,1.0,2.0,2.0,1.0,2.0,2.0,1.0,2.0,,5.0,,,6.0,,18.0,,,,4.0
pid_1150,1.0,,2.0,,2.0,54.0,,,2.0,380.0,,,30.0,,,1.0,4.0,5.0,1.0,1.0,5.0,5.0,4.0,5.0,5.0,5.0,,5.0,,4.0,5.0,3.0,,,,,4.0,2.0,7.0,5.0,5.0,5.0,3.0,5.0,6.0,6.0,55.0,58.0,45.0,35.0,62.0,58.0,52.0,70.0,65.0,75.0,4.0,,6.0,1.0,1.0,1.0,1.0,1.0,1.0,1.0,1.0,1.0,1.0,,,,,,,2.0,1.0,1.0,2.0,1.0,1.0,2.0,2.0,2.0,1.0,1.0,1.0,1.0,2.0,1.0,2.0,2.0,1.0,1.0,1.0,1.0,1.0,1.0,1.0,1.0,2.0,2.0,1.0,1.0,2.0,2.0,1.0,1.0,1.0,1.0,1.0,2.0,1.0,2.0,1.0,,5.0,,,6.0,,17.0,,2.0,,
pid_1151,,2.0,1.0,,,,1.0,54.0,2.0,380.0,,,,70.0,,3.0,2.0,1.0,5.0,2.0,3.0,2.0,1.0,4.0,2.0,4.0,1.0,,,4.0,5.0,3.0,,,,,4.0,2.0,6.0,5.0,5.0,5.0,3.0,5.0,6.0,6.0,45.0,50.0,65.0,45.0,55.0,55.0,48.0,65.0,60.0,70.0,4.0,,6.0,,,,,,,,,,,1.0,1.0,1.0,1.0,1.0,1.0,2.0,2.0,2.0,1.0,1.0,2.0,1.0,1.0,1.0,1.0,1.0,1.0,1.0,2.0,2.0,1.0,1.0,2.0,1.0,1.0,2.0,2.0,1.0,2.0,1.0,1.0,2.0,1.0,1.0,2.0,1.0,1.0,2.0,1.0,2.0,1.0,1.0,2.0,2.0,2.0,4.0,,,5.0,,,18.0,,2.0,,
pid_1152,,2.0,,2.0,,,1.0,54.0,2.0,380.0,,,,70.0,,4.0,4.0,5.0,2.0,2.0,4.0,4.0,4.0,5.0,4.0,4.0,1.0,,,,,,4.0,5.0,5.0,,4.0,2.0,6.0,3.0,5.0,5.0,5.0,6.0,6.0,6.0,55.0,63.0,48.0,35.0,52.0,58.0,48.0,68.0,65.0,76.0,4.0,7.0,,1.0,1.0,1.0,1.0,1.0,1.0,1.0,1.0,1.0,1.0,,,,,,,2.0,2.0,2.0,1.0,1.0,2.0,2.0,2.0,1.0,1.0,1.0,1.0,2.0,2.0,2.0,2.0,1.0,1.0,1.0,2.0,2.0,2.0,1.0,2.0,2.0,2.0,1.0,1.0,1.0,2.0,2.0,2.0,2.0,1.0,1.0,1.0,1.0,1.0,2.0,2.0,4.0,,,5.0,,,,20.0,,,3.0
pid_1153,1.0,,2.0,,,,1.0,54.0,,,1.0,379.0,,70.0,,3.0,4.0,5.0,2.0,2.0,5.0,5.0,2.0,5.0,5.0,5.0,1.0,,,4.0,5.0,3.0,,,,,4.0,2.0,7.0,5.0,5.0,5.0,5.0,5.0,6.0,6.0,60.0,62.0,45.0,48.0,65.0,68.0,55.0,75.0,68.0,80.0,4.0,,6.0,,,,,,,,,,,1.0,1.0,1.0,1.0,1.0,1.0,2.0,2.0,2.0,1.0,2.0,2.0,2.0,1.0,1.0,2.0,2.0,2.0,2.0,2.0,1.0,1.0,1.0,1.0,1.0,2.0,1.0,2.0,2.0,1.0,1.0,1.0,1.0,2.0,2.0,2.0,2.0,2.0,1.0,2.0,2.0,1.0,1.0,1.0,2.0,1.0,5.0,,,6.0,,,,18.0,2.0,,
pid_1154,1.0,,,2.0,,,1.0,20.0,2.0,300.0,,,50.0,,,2.0,4.0,5.0,1.0,1.0,5.0,5.0,4.0,5.0,5.0,5.0,4.0,,,4.0,5.0,3.0,,,,,4.0,1.0,7.0,5.0,5.0,5.0,5.0,6.0,6.0,6.0,55.0,60.0,35.0,40.0,60.0,65.0,55.0,75.0,65.0,75.0,4.0,,7.0,1.0,1.0,1.0,1.0,1.0,1.0,1.0,1.0,1.0,1.0,,,,,,,2.0,1.0,1.0,1.0,2.0,2.0,2.0,1.0,2.0,1.0,2.0,1.0,2.0,1.0,2.0,2.0,2.0,1.0,2.0,1.0,1.0,1.0,1.0,2.0,2.0,1.0,1.0,1.0,2.0,1.0,1.0,1.0,2.0,2.0,1.0,1.0,2.0,2.0,1.0,2.0,5.0,,,6.0,,,18.0,,,,3.0
pid_1155,,1.0,,2.0,,,1.0,54.0,2.0,380.0,,,,70.0,,2.0,5.0,5.0,1.0,1.0,5.0,5.0,5.0,5.0,5.0,5.0,2.0,,,,,,4.0,5.0,5.0,,4.0,1.0,7.0,5.0,5.0,5.0,5.0,5.0,6.0,6.0,60.0,60.0,40.0,35.0,55.0,65.0,55.0,75.0,65.0,75.0,4.0,6.0,,,,,,,,,,,,1.0,1.0,1.0,1.0,1.0,1.0,2.0,2.0,2.0,2.0,2.0,2.0,2.0,1.0,1.0,2.0,1.0,2.0,2.0,2.0,1.0,2.0,2.0,1.0,2.0,2.0,2.0,1.0,2.0,1.0,2.0,2.0,2.0,2.0,2.0,2.0,2.0,2.0,2.0,1.0,1.0,1.0,2.0,1.0,2.0,1.0,5.0,,,6.0,,,,20.0,,9.0,
pid_1156,,1.0,,2.0,,,1.0,54.0,2.0,379.0,,,,80.0,2.0,,4.0,5.0,1.0,1.0,5.0,5.0,4.0,5.0,5.0,5.0,,,5.0,,,,4.0,5.0,2.0,6.0,,1.0,6.0,5.0,5.0,5.0,5.0,6.0,6.0,6.0,65.0,65.0,45.0,40.0,60.0,70.0,55.0,75.0,65.0,75.0,4.0,7.0,,,,,,,,,,,,1.0,1.0,1.0,1.0,1.0,1.0,1.0,2.0,2.0,1.0,1.0,1.0,2.0,1.0,2.0,1.0,1.0,1.0,1.0,1.0,2.0,1.0,2.0,1.0,2.0,1.0,2.0,1.0,1.0,1.0,1.0,2.0,1.0,1.0,2.0,2.0,1.0,2.0,2.0,1.0,1.0,1.0,2.0,1.0,2.0,1.0,,,5.0,,,6.0,,20.0,,9.0,
pid_1157,1.0,,,2.0,,,1.0,54.0,,,1.0,200.0,40.0,,,4.0,4.0,5.0,2.0,2.0,5.0,5.0,4.0,5.0,4.0,5.0,,,5.0,,,,4.0,5.0,5.0,5.0,,1.0,7.0,3.0,5.0,5.0,5.0,6.0,6.0,6.0,55.0,58.0,42.0,45.0,60.0,60.0,48.0,68.0,65.0,78.0,4.0,6.0,,1.0,1.0,1.0,1.0,1.0,1.0,1.0,1.0,1.0,1.0,,,,,,,2.0,1.0,1.0,2.0,1.0,2.0,2.0,1.0,2.0,1.0,1.0,1.0,2.0,2.0,2.0,1.0,2.0,2.0,1.0,1.0,2.0,2.0,2.0,2.0,2.0,2.0,2.0,2.0,2.0,2.0,2.0,2.0,1.0,2.0,1.0,1.0,2.0,1.0,2.0,2.0,,,5.0,,,6.0,,0.0,,,3.0
pid_1158,,2.0,1.0,,,,1.0,54.0,2.0,380.0,,,30.0,,,2.0,4.0,5.0,2.0,1.0,5.0,4.0,2.0,5.0,4.0,5.0,,,4.0,4.0,5.0,3.0,,,,4.0,,2.0,6.0,5.0,5.0,5.0,5.0,6.0,6.0,6.0,60.0,65.0,45.0,40.0,65.0,65.0,55.0,70.0,65.0,75.0,4.0,,7.0,,,,,,,,,,,1.0,1.0,1.0,1.0,1.0,1.0,2.0,2.0,2.0,1.0,2.0,2.0,1.0,1.0,1.0,1.0,2.0,2.0,1.0,1.0,1.0,1.0,1.0,1.0,2.0,1.0,1.0,2.0,1.0,1.0,1.0,1.0,2.0,2.0,1.0,1.0,1.0,2.0,1.0,2.0,1.0,2.0,1.0,1.0,2.0,1.0,,,5.0,,,6.0,18.0,,,,3.0
pid_1159,,1.0,,1.0,2.0,54.0,,,,,1.0,379.0,,65.0,,1.0,5.0,5.0,1.0,1.0,5.0,5.0,5.0,5.0,5.0,5.0,1.0,,,,,,4.0,5.0,3.0,6.0,,1.0,7.0,5.0,5.0,5.0,5.0,6.0,6.0,6.0,55.0,65.0,45.0,35.0,62.0,67.0,55.0,75.0,70.0,78.0,4.0,6.0,,1.0,1.0,1.0,1.0,1.0,1.0,1.0,1.0,1.0,1.0,,,,,,,1.0,2.0,1.0,2.0,1.0,2.0,2.0,2.0,2.0,2.0,1.0,2.0,1.0,1.0,1.0,2.0,1.0,2.0,1.0,2.0,1.0,2.0,2.0,2.0,1.0,1.0,2.0,1.0,2.0,1.0,2.0,2.0,2.0,2.0,2.0,2.0,1.0,2.0,2.0,2.0,5.0,,,6.0,,,,20.0,1.0,,
pid_1160,,2.0,2.0,,,,1.0,45.0,2.0,400.0,,,25.0,,2.0,,4.0,4.0,2.0,2.0,4.0,4.0,2.0,5.0,4.0,4.0,,,4.0,5.0,5.0,2.0,,,,4.0,,2.0,6.0,5.0,5.0,5.0,5.0,5.0,6.0,6.0,60.0,65.0,45.0,50.0,65.0,65.0,55.0,75.0,65.0,80.0,4.0,,7.0,1.0,1.0,1.0,1.0,1.0,1.0,1.0,1.0,1.0,1.0,,,,,,,1.0,2.0,2.0,2.0,2.0,1.0,1.0,2.0,2.0,2.0,1.0,2.0,1.0,2.0,1.0,2.0,1.0,1.0,1.0,2.0,2.0,1.0,1.0,2.0,2.0,2.0,1.0,2.0,2.0,1.0,1.0,1.0,1.0,1.0,2.0,2.0,1.0,2.0,2.0,1.0,,,5.0,,,6.0,18.0,,,,3.0
pid_1161,1.0,,,2.0,2.0,54.0,,,2.0,379.0,,,30.0,,,2.0,4.0,5.0,2.0,1.0,5.0,5.0,4.0,5.0,5.0,5.0,,,5.0,,,,4.0,5.0,5.0,,4.0,2.0,7.0,5.0,5.0,5.0,5.0,6.0,6.0,6.0,55.0,60.0,48.0,42.0,62.0,58.0,55.0,68.0,64.0,78.0,4.0,5.0,,,,,,,,,,,,1.0,1.0,1.0,1.0,1.0,1.0,1.0,1.0,2.0,2.0,2.0,1.0,2.0,1.0,2.0,2.0,2.0,1.0,2.0,2.0,1.0,1.0,2.0,1.0,2.0,2.0,1.0,2.0,2.0,1.0,1.0,1.0,1.0,1.0,1.0,2.0,2.0,1.0,1.0,2.0,1.0,2.0,2.0,1.0,2.0,2.0,,,5.0,,,6.0,16.0,,,6.0,
pid_1162,,2.0,,2.0,2.0,54.0,,,,,1.0,380.0,,75.0,,3.0,2.0,2.0,4.0,4.0,4.0,4.0,1.0,4.0,2.0,4.0,2.0,,,4.0,5.0,3.0,,,,,4.0,2.0,6.0,5.0,5.0,5.0,5.0,5.0,6.0,6.0,55.0,55.0,60.0,45.0,60.0,60.0,50.0,70.0,65.0,75.0,4.0,6.0,,1.0,1.0,1.0,1.0,1.0,1.0,1.0,1.0,1.0,1.0,,,,,,,2.0,1.0,2.0,1.0,2.0,2.0,2.0,1.0,1.0,2.0,1.0,1.0,1.0,2.0,1.0,2.0,1.0,2.0,1.0,1.0,2.0,1.0,1.0,2.0,1.0,2.0,1.0,1.0,2.0,2.0,1.0,2.0,2.0,2.0,2.0,1.0,2.0,1.0,1.0,1.0,4.0,,,5.0,,,,20.0,,,3.0
pid_1163,1.0,,,2.0,2.0,54.0,,,,,1.0,380.0,,70.0,2.0,,1.0,4.0,5.0,4.0,2.0,2.0,1.0,2.0,2.0,2.0,,,4.0,,,,4.0,5.0,5.0,,4.0,2.0,6.0,3.0,5.0,5.0,5.0,6.0,6.0,6.0,45.0,65.0,60.0,45.0,55.0,55.0,50.0,70.0,65.0,75.0,4.0,,6.0,,,,,,,,,,,1.0,1.0,1.0,1.0,1.0,1.0,1.0,1.0,2.0,2.0,2.0,2.0,2.0,2.0,2.0,1.0,2.0,1.0,1.0,2.0,2.0,1.0,1.0,2.0,2.0,1.0,1.0,2.0,1.0,2.0,1.0,1.0,1.0,1.0,1.0,2.0,2.0,2.0,2.0,1.0,2.0,2.0,2.0,2.0,1.0,1.0,,,4.0,,,5.0,18.0,,,,4.0
pid_1164,1.0,,,2.0,,,1.0,54.0,2.0,380.0,,,30.0,,,3.0,5.0,5.0,1.0,1.0,5.0,5.0,5.0,5.0,5.0,5.0,2.0,,,4.0,5.0,3.0,,,,4.0,,2.0,7.0,5.0,5.0,5.0,5.0,5.0,6.0,6.0,60.0,60.0,45.0,35.0,65.0,65.0,55.0,70.0,70.0,75.0,4.0,6.0,,,,,,,,,,,,1.0,1.0,1.0,1.0,1.0,1.0,1.0,2.0,2.0,2.0,1.0,1.0,2.0,1.0,2.0,2.0,2.0,2.0,2.0,1.0,2.0,2.0,1.0,2.0,1.0,2.0,1.0,2.0,1.0,2.0,1.0,1.0,2.0,2.0,2.0,2.0,1.0,2.0,2.0,1.0,2.0,2.0,2.0,2.0,2.0,1.0,5.0,,,6.0,,,15.0,,,9.0,
pid_1165,,1.0,,1.0,2.0,54.0,,,,,1.0,379.0,30.0,,,4.0,4.0,4.0,2.0,2.0,5.0,5.0,4.0,5.0,4.0,5.0,1.0,,,5.0,5.0,,,,,4.0,,1.0,7.0,3.0,5.0,6.0,5.0,5.0,6.0,6.0,55.0,55.0,45.0,40.0,60.0,65.0,50.0,70.0,65.0,75.0,4.0,6.0,,,,,,,,,,,,1.0,1.0,1.0,1.0,1.0,1.0,2.0,2.0,2.0,1.0,2.0,2.0,1.0,1.0,1.0,2.0,1.0,1.0,2.0,2.0,1.0,2.0,2.0,1.0,2.0,1.0,2.0,1.0,2.0,2.0,2.0,1.0,2.0,2.0,2.0,1.0,1.0,1.0,2.0,1.0,1.0,1.0,2.0,1.0,2.0,2.0,4.0,,,6.0,,,,20.0,3.0,,
pid_1166,,1.0,,2.0,,,1.0,54.0,,,1.0,379.0,30.0,,4.0,,4.0,5.0,1.0,1.0,5.0,5.0,5.0,5.0,5.0,5.0,4.0,,,4.0,5.0,3.0,,,,,4.0,1.0,7.0,3.0,5.0,5.0,3.0,6.0,6.0,6.0,55.0,60.0,48.0,38.0,62.0,60.0,55.0,73.0,68.0,80.0,4.0,,6.0,,,,,,,,,,,1.0,1.0,1.0,1.0,1.0,1.0,1.0,1.0,2.0,2.0,2.0,2.0,1.0,1.0,2.0,1.0,1.0,1.0,2.0,2.0,2.0,1.0,1.0,1.0,2.0,1.0,2.0,1.0,2.0,2.0,1.0,1.0,2.0,2.0,1.0,2.0,2.0,1.0,1.0,1.0,1.0,2.0,2.0,2.0,2.0,1.0,5.0,,,6.0,,,18.0,,,6.0,
pid_1168,,1.0,,2.0,2.0,54.0,,,2.0,380.0,,,,70.0,,3.0,5.0,5.0,1.0,1.0,5.0,5.0,4.0,5.0,5.0,5.0,4.0,,,,,,4.0,5.0,5.0,,4.0,2.0,7.0,5.0,5.0,5.0,5.0,5.0,6.0,6.0,65.0,60.0,40.0,35.0,60.0,65.0,55.0,75.0,65.0,80.0,4.0,7.0,,,,,,,,,,,,1.0,1.0,1.0,1.0,1.0,1.0,2.0,2.0,1.0,2.0,1.0,1.0,2.0,1.0,1.0,2.0,1.0,2.0,2.0,1.0,1.0,1.0,1.0,2.0,2.0,1.0,1.0,1.0,1.0,1.0,1.0,1.0,2.0,2.0,2.0,1.0,1.0,1.0,1.0,1.0,1.0,2.0,2.0,1.0,2.0,1.0,4.0,,,6.0,,,16.0,,3.0,,
pid_1169,1.0,,,2.0,2.0,54.0,,,,,1.0,300.0,30.0,,,3.0,5.0,5.0,1.0,1.0,5.0,5.0,4.0,5.0,5.0,5.0,4.0,,,,,,4.0,5.0,5.0,,4.0,2.0,7.0,5.0,5.0,6.0,5.0,6.0,6.0,6.0,60.0,65.0,45.0,35.0,58.0,65.0,55.0,75.0,68.0,80.0,4.0,,6.0,,,,,,,,,,,1.0,1.0,1.0,1.0,1.0,1.0,2.0,2.0,1.0,2.0,1.0,1.0,2.0,2.0,1.0,2.0,2.0,1.0,2.0,2.0,2.0,2.0,1.0,1.0,2.0,1.0,2.0,2.0,1.0,1.0,2.0,2.0,2.0,2.0,2.0,1.0,1.0,1.0,2.0,2.0,2.0,1.0,2.0,2.0,1.0,1.0,5.0,,,6.0,,,,20.0,2.0,,
pid_1170,1.0,,2.0,,2.0,60.0,,,,,1.0,200.0,70.0,,,4.0,4.0,5.0,2.0,2.0,5.0,5.0,4.0,5.0,5.0,5.0,1.0,,,,,,4.0,5.0,5.0,4.0,,2.0,7.0,5.0,5.0,5.0,3.0,6.0,6.0,6.0,55.0,55.0,55.0,40.0,58.0,60.0,52.0,70.0,65.0,75.0,4.0,,7.0,1.0,1.0,1.0,1.0,1.0,1.0,1.0,1.0,1.0,1.0,,,,,,,2.0,1.0,1.0,2.0,2.0,1.0,2.0,2.0,2.0,2.0,2.0,1.0,1.0,1.0,1.0,2.0,1.0,2.0,2.0,1.0,1.0,2.0,2.0,2.0,2.0,1.0,1.0,2.0,1.0,2.0,2.0,1.0,1.0,1.0,2.0,1.0,2.0,1.0,1.0,1.0,4.0,,,6.0,,,15.0,,,6.0,
pid_1171,,2.0,2.0,,,,1.0,40.0,,,1.0,380.0,30.0,,,3.0,4.0,5.0,2.0,1.0,5.0,5.0,2.0,5.0,5.0,5.0,,5.0,,4.0,5.0,,,,,,4.0,2.0,7.0,5.0,5.0,5.0,5.0,6.0,6.0,6.0,60.0,60.0,50.0,35.0,65.0,65.0,55.0,70.0,70.0,75.0,4.0,,6.0,1.0,1.0,1.0,1.0,1.0,1.0,1.0,1.0,1.0,1.0,,,,,,,1.0,2.0,2.0,1.0,1.0,2.0,2.0,2.0,1.0,2.0,2.0,2.0,1.0,1.0,1.0,2.0,1.0,1.0,2.0,2.0,1.0,2.0,1.0,1.0,1.0,2.0,1.0,1.0,2.0,2.0,2.0,1.0,1.0,1.0,1.0,1.0,2.0,2.0,2.0,1.0,,4.0,,,6.0,,,20.0,,9.0,
pid_1172,1.0,,,2.0,2.0,54.0,,,2.0,380.0,,,30.0,,,3.0,2.0,5.0,5.0,2.0,4.0,2.0,1.0,4.0,2.0,4.0,,,5.0,,,,4.0,3.0,5.0,4.0,,1.0,7.0,5.0,5.0,5.0,5.0,5.0,6.0,6.0,60.0,65.0,55.0,45.0,65.0,68.0,55.0,75.0,65.0,80.0,4.0,7.0,,,,,,,,,,,,1.0,1.0,1.0,1.0,1.0,1.0,2.0,2.0,2.0,2.0,2.0,1.0,2.0,2.0,2.0,2.0,2.0,2.0,1.0,2.0,1.0,1.0,1.0,1.0,2.0,2.0,2.0,2.0,2.0,1.0,1.0,2.0,1.0,1.0,1.0,1.0,2.0,2.0,2.0,1.0,2.0,1.0,2.0,1.0,1.0,1.0,,,5.0,,,6.0,18.0,,,6.0,
pid_1173,,1.0,1.0,,2.0,54.0,,,,,1.0,380.0,,70.0,2.0,,4.0,5.0,1.0,1.0,5.0,5.0,4.0,5.0,5.0,5.0,,,4.0,4.0,5.0,,,,,4.0,,2.0,6.0,5.0,5.0,5.0,5.0,5.0,6.0,6.0,60.0,55.0,35.0,40.0,62.0,58.0,55.0,70.0,65.0,75.0,4.0,6.0,,1.0,1.0,1.0,1.0,1.0,1.0,1.0,1.0,1.0,1.0,,,,,,,2.0,2.0,2.0,2.0,2.0,2.0,2.0,2.0,1.0,1.0,1.0,2.0,2.0,2.0,2.0,1.0,2.0,2.0,2.0,2.0,1.0,2.0,1.0,2.0,1.0,2.0,2.0,2.0,1.0,2.0,2.0,2.0,2.0,1.0,2.0,2.0,2.0,2.0,1.0,1.0,,,5.0,,,6.0,15.0,,,9.0,
pid_1174,,1.0,,2.0,,,1.0,54.0,,,1.0,380.0,,80.0,2.0,,5.0,5.0,1.0,2.0,5.0,5.0,4.0,5.0,4.0,5.0,,,5.0,4.0,3.0,2.0,,,,,4.0,1.0,7.0,3.0,5.0,5.0,3.0,5.0,6.0,6.0,65.0,65.0,55.0,40.0,65.0,70.0,55.0,75.0,70.0,80.0,4.0,6.0,,1.0,1.0,1.0,1.0,1.0,1.0,1.0,1.0,1.0,1.0,,,,,,,2.0,1.0,2.0,2.0,2.0,2.0,2.0,2.0,2.0,1.0,2.0,1.0,2.0,2.0,2.0,1.0,2.0,1.0,2.0,1.0,1.0,2.0,2.0,2.0,1.0,1.0,2.0,2.0,1.0,2.0,2.0,1.0,2.0,1.0,1.0,1.0,2.0,2.0,2.0,1.0,,,5.0,,,6.0,,20.0,,,3.0
pid_1175,1.0,,,2.0,,,1.0,54.0,2.0,380.0,,,,70.0,3.0,,4.0,5.0,1.0,1.0,5.0,5.0,4.0,5.0,5.0,5.0,,,5.0,,,,4.0,5.0,5.0,6.0,,2.0,7.0,5.0,5.0,5.0,5.0,6.0,6.0,6.0,55.0,63.0,42.0,38.0,62.0,65.0,55.0,72.0,68.0,78.0,4.0,7.0,,,,,,,,,,,,1.0,1.0,1.0,1.0,1.0,1.0,1.0,1.0,1.0,2.0,1.0,2.0,2.0,1.0,1.0,1.0,2.0,2.0,2.0,1.0,1.0,2.0,2.0,2.0,2.0,1.0,2.0,2.0,1.0,1.0,2.0,1.0,2.0,2.0,1.0,1.0,2.0,2.0,1.0,2.0,2.0,2.0,2.0,1.0,1.0,2.0,,,5.0,,,6.0,16.0,,,,3.0
pid_1176,,2.0,1.0,,2.0,54.0,,,,,1.0,380.0,30.0,,,2.0,4.0,5.0,1.0,1.0,5.0,5.0,4.0,5.0,5.0,5.0,,5.0,,4.0,3.0,2.0,,,,5.0,,2.0,6.0,5.0,5.0,5.0,5.0,6.0,6.0,6.0,55.0,62.0,40.0,35.0,60.0,58.0,48.0,70.0,65.0,75.0,4.0,5.0,,1.0,1.0,1.0,1.0,1.0,1.0,1.0,1.0,1.0,1.0,,,,,,,2.0,2.0,1.0,2.0,1.0,2.0,1.0,2.0,2.0,1.0,1.0,1.0,2.0,1.0,1.0,1.0,1.0,1.0,1.0,2.0,1.0,2.0,2.0,1.0,2.0,1.0,2.0,1.0,1.0,2.0,1.0,2.0,2.0,1.0,2.0,1.0,2.0,1.0,1.0,1.0,,5.0,,,6.0,,,20.0,,9.0,
pid_1177,,1.0,1.0,,2.0,54.0,,,2.0,380.0,,,,80.0,,2.0,2.0,2.0,4.0,4.0,4.0,4.0,1.0,4.0,3.0,4.0,,,4.0,,,,4.0,5.0,3.0,,4.0,2.0,6.0,5.0,5.0,5.0,5.0,5.0,6.0,6.0,55.0,55.0,55.0,45.0,50.0,55.0,50.0,65.0,60.0,75.0,4.0,,6.0,1.0,1.0,1.0,1.0,1.0,1.0,1.0,1.0,1.0,1.0,,,,,,,1.0,1.0,1.0,1.0,2.0,2.0,2.0,1.0,2.0,1.0,1.0,2.0,2.0,2.0,1.0,1.0,2.0,1.0,1.0,2.0,2.0,1.0,1.0,2.0,2.0,1.0,1.0,2.0,2.0,1.0,1.0,1.0,1.0,1.0,1.0,1.0,2.0,1.0,2.0,1.0,,,4.0,,,6.0,18.0,,,,3.0
pid_1178,,2.0,1.0,,,,1.0,20.0,2.0,300.0,,,,80.0,1.0,,4.0,5.0,1.0,1.0,5.0,5.0,4.0,5.0,5.0,5.0,,,4.0,4.0,5.0,3.0,,,,,4.0,1.0,7.0,3.0,5.0,5.0,5.0,5.0,6.0,6.0,55.0,65.0,40.0,35.0,60.0,55.0,55.0,75.0,65.0,75.0,4.0,,6.0,,,,,,,,,,,1.0,1.0,1.0,1.0,1.0,1.0,1.0,2.0,1.0,2.0,1.0,1.0,2.0,1.0,2.0,1.0,2.0,1.0,1.0,2.0,1.0,1.0,1.0,1.0,1.0,2.0,1.0,1.0,1.0,1.0,2.0,1.0,2.0,2.0,1.0,1.0,1.0,2.0,2.0,1.0,2.0,1.0,2.0,2.0,2.0,1.0,,,5.0,,,6.0,18.0,,2.0,,
pid_1179,,1.0,,2.0,,,1.0,54.0,,,1.0,379.0,,70.0,2.0,,5.0,5.0,1.0,1.0,5.0,5.0,4.0,5.0,5.0,5.0,,5.0,,4.0,5.0,3.0,,,,,6.0,2.0,7.0,3.0,5.0,3.0,5.0,5.0,6.0,6.0,55.0,65.0,40.0,35.0,60.0,60.0,55.0,75.0,70.0,80.0,4.0,7.0,,,,,,,,,,,,1.0,1.0,1.0,1.0,1.0,1.0,2.0,1.0,2.0,1.0,2.0,2.0,2.0,2.0,1.0,1.0,1.0,2.0,2.0,2.0,1.0,2.0,2.0,2.0,2.0,1.0,2.0,2.0,2.0,2.0,2.0,1.0,1.0,2.0,2.0,2.0,2.0,2.0,1.0,2.0,2.0,1.0,2.0,2.0,2.0,2.0,,5.0,,,6.0,,,20.0,3.0,,
pid_1180,1.0,,,2.0,,,1.0,30.0,,,1.0,100.0,,70.0,5.0,,4.0,5.0,1.0,1.0,5.0,5.0,4.0,5.0,5.0,5.0,2.0,,,,,,3.0,4.0,5.0,,4.0,2.0,7.0,3.0,5.0,3.0,3.0,5.0,6.0,6.0,60.0,65.0,45.0,35.0,55.0,65.0,55.0,75.0,65.0,80.0,4.0,7.0,,1.0,1.0,1.0,1.0,1.0,1.0,1.0,1.0,1.0,1.0,,,,,,,1.0,1.0,1.0,2.0,1.0,2.0,2.0,1.0,1.0,2.0,1.0,2.0,1.0,2.0,2.0,1.0,2.0,1.0,2.0,1.0,1.0,1.0,1.0,1.0,1.0,1.0,2.0,1.0,1.0,1.0,2.0,2.0,2.0,2.0,1.0,1.0,2.0,1.0,1.0,1.0,4.0,,,6.0,,,18.0,,3.0,,
pid_1181,,1.0,2.0,,,,1.0,54.0,2.0,380.0,,,30.0,,3.0,,5.0,5.0,1.0,1.0,5.0,5.0,4.0,5.0,5.0,5.0,1.0,,,5.0,5.0,3.0,,,,,4.0,1.0,7.0,5.0,5.0,5.0,3.0,6.0,6.0,6.0,55.0,55.0,40.0,35.0,60.0,65.0,55.0,70.0,65.0,75.0,4.0,7.0,,,,,,,,,,,,1.0,1.0,1.0,1.0,1.0,1.0,2.0,2.0,2.0,1.0,1.0,2.0,2.0,2.0,1.0,1.0,2.0,1.0,2.0,2.0,1.0,2.0,2.0,2.0,1.0,1.0,2.0,2.0,2.0,2.0,2.0,1.0,1.0,2.0,2.0,2.0,2.0,2.0,2.0,2.0,2.0,2.0,2.0,2.0,1.0,2.0,5.0,,,6.0,,,,0.0,,10.0,
pid_1182,1.0,,,2.0,,,1.0,54.0,2.0,350.0,,,,70.0,,1.0,2.0,1.0,5.0,4.0,3.0,2.0,1.0,4.0,2.0,2.0,1.0,,,4.0,5.0,3.0,,,,,4.0,1.0,6.0,3.0,5.0,5.0,5.0,5.0,6.0,6.0,55.0,60.0,55.0,45.0,60.0,65.0,55.0,70.0,65.0,75.0,4.0,6.0,,1.0,1.0,1.0,1.0,1.0,1.0,1.0,1.0,1.0,1.0,,,,,,,2.0,1.0,2.0,1.0,1.0,1.0,2.0,2.0,2.0,2.0,1.0,1.0,2.0,1.0,1.0,1.0,1.0,2.0,2.0,1.0,2.0,1.0,1.0,2.0,2.0,1.0,1.0,1.0,2.0,2.0,1.0,1.0,2.0,2.0,1.0,1.0,2.0,2.0,1.0,2.0,4.0,,,5.0,,,,0.0,,6.0,
pid_1183,,2.0,1.0,,,,1.0,20.0,2.0,500.0,,,30.0,,,2.0,2.0,1.0,5.0,5.0,2.0,2.0,1.0,2.0,2.0,4.0,,,4.0,4.0,5.0,3.0,,,,4.0,,2.0,6.0,3.0,5.0,5.0,5.0,5.0,6.0,6.0,50.0,60.0,65.0,55.0,45.0,50.0,45.0,65.0,55.0,75.0,4.0,6.0,,,,,,,,,,,,1.0,1.0,1.0,1.0,1.0,1.0,2.0,2.0,1.0,2.0,2.0,1.0,2.0,1.0,2.0,2.0,1.0,1.0,1.0,1.0,1.0,1.0,2.0,2.0,2.0,2.0,1.0,2.0,1.0,2.0,1.0,2.0,1.0,2.0,2.0,2.0,2.0,1.0,2.0,1.0,2.0,2.0,2.0,2.0,1.0,2.0,,,5.0,,,6.0,18.0,,,,3.0
pid_1184,1.0,,,2.0,,,1.0,54.0,2.0,380.0,,,30.0,,,4.0,4.0,5.0,1.0,1.0,5.0,5.0,4.0,5.0,5.0,5.0,3.0,,,3.0,3.0,4.0,,,,6.0,,1.0,7.0,5.0,5.0,5.0,5.0,6.0,6.0,6.0,60.0,60.0,45.0,35.0,55.0,60.0,55.0,70.0,65.0,75.0,4.0,,7.0,,,,,,,,,,,1.0,1.0,1.0,1.0,1.0,1.0,1.0,1.0,2.0,2.0,1.0,2.0,1.0,1.0,1.0,2.0,2.0,1.0,2.0,2.0,1.0,1.0,2.0,2.0,2.0,2.0,2.0,2.0,2.0,2.0,2.0,2.0,2.0,2.0,2.0,2.0,2.0,1.0,2.0,1.0,1.0,2.0,1.0,2.0,2.0,2.0,5.0,,,6.0,,,,0.0,2.0,,
pid_1185,,2.0,,2.0,,,1.0,54.0,2.0,380.0,,,,70.0,,3.0,4.0,5.0,1.0,1.0,5.0,5.0,4.0,5.0,5.0,5.0,4.0,,,4.0,5.0,2.0,,,,6.0,,1.0,7.0,5.0,5.0,5.0,3.0,6.0,6.0,6.0,55.0,55.0,35.0,40.0,60.0,65.0,45.0,70.0,65.0,75.0,4.0,6.0,,,,,,,,,,,,1.0,1.0,1.0,1.0,1.0,1.0,1.0,2.0,1.0,2.0,1.0,2.0,2.0,1.0,2.0,2.0,2.0,2.0,1.0,2.0,2.0,2.0,2.0,1.0,2.0,1.0,2.0,2.0,1.0,2.0,1.0,1.0,2.0,2.0,2.0,1.0,1.0,1.0,1.0,2.0,2.0,1.0,2.0,2.0,1.0,2.0,5.0,,,6.0,,,16.0,,,,3.0
pid_1186,1.0,,1.0,,,,1.0,54.0,2.0,379.0,,,,70.0,,3.0,4.0,4.0,2.0,2.0,4.0,4.0,2.0,4.0,4.0,5.0,2.0,,,4.0,5.0,2.0,,,,4.0,,1.0,6.0,5.0,5.0,5.0,3.0,5.0,6.0,6.0,55.0,52.0,48.0,43.0,58.0,62.0,48.0,68.0,63.0,75.0,4.0,6.0,,1.0,1.0,1.0,1.0,1.0,1.0,1.0,1.0,1.0,1.0,,,,,,,1.0,1.0,2.0,2.0,1.0,2.0,2.0,1.0,1.0,1.0,1.0,2.0,2.0,1.0,1.0,1.0,1.0,1.0,1.0,2.0,2.0,2.0,2.0,1.0,1.0,1.0,2.0,1.0,2.0,2.0,2.0,1.0,1.0,2.0,2.0,2.0,2.0,1.0,2.0,1.0,4.0,,,6.0,,,18.0,,,6.0,
pid_1187,1.0,,2.0,,2.0,54.0,,,2.0,380.0,,,,70.0,,2.0,4.0,5.0,1.0,2.0,5.0,5.0,4.0,5.0,5.0,5.0,,,5.0,,,,3.0,4.0,5.0,,4.0,1.0,6.0,5.0,5.0,3.0,5.0,5.0,6.0,6.0,60.0,60.0,40.0,45.0,65.0,60.0,55.0,70.0,65.0,75.0,4.0,,6.0,1.0,1.0,1.0,1.0,1.0,1.0,1.0,1.0,1.0,1.0,,,,,,,2.0,1.0,1.0,1.0,1.0,1.0,1.0,1.0,2.0,1.0,1.0,2.0,2.0,2.0,1.0,1.0,1.0,1.0,1.0,2.0,1.0,2.0,1.0,1.0,1.0,1.0,1.0,2.0,2.0,1.0,2.0,2.0,2.0,1.0,1.0,1.0,2.0,1.0,1.0,2.0,,,4.0,,,5.0,,4.0,2.0,,
pid_1188,,2.0,1.0,,2.0,60.0,,,2.0,300.0,,,50.0,,,4.0,4.0,5.0,1.0,1.0,5.0,5.0,4.0,5.0,5.0,5.0,,,5.0,5.0,5.0,3.0,,,,,4.0,2.0,7.0,3.0,5.0,5.0,3.0,5.0,6.0,6.0,65.0,58.0,42.0,38.0,62.0,60.0,55.0,72.0,68.0,80.0,4.0,6.0,,,,,,,,,,,,1.0,1.0,1.0,1.0,1.0,1.0,2.0,2.0,2.0,1.0,2.0,2.0,1.0,1.0,2.0,2.0,1.0,1.0,1.0,1.0,1.0,2.0,2.0,1.0,2.0,2.0,1.0,2.0,2.0,1.0,2.0,1.0,2.0,2.0,2.0,2.0,1.0,1.0,2.0,1.0,2.0,2.0,1.0,2.0,2.0,1.0,,,4.0,,,6.0,18.0,,1.0,,
pid_1189,1.0,,,2.0,2.0,50.0,,,2.0,500.0,,,,70.0,2.0,,5.0,5.0,1.0,1.0,5.0,5.0,5.0,5.0,5.0,5.0,,5.0,,5.0,4.0,3.0,,,,,4.0,2.0,6.0,3.0,5.0,5.0,3.0,5.0,6.0,6.0,60.0,65.0,35.0,30.0,55.0,60.0,50.0,70.0,65.0,75.0,4.0,6.0,,1.0,1.0,1.0,1.0,1.0,1.0,1.0,1.0,1.0,1.0,,,,,,,1.0,2.0,2.0,1.0,1.0,2.0,2.0,2.0,2.0,2.0,2.0,2.0,2.0,2.0,2.0,1.0,1.0,2.0,2.0,1.0,1.0,1.0,2.0,1.0,2.0,2.0,2.0,1.0,2.0,1.0,2.0,1.0,1.0,2.0,1.0,2.0,2.0,1.0,2.0,2.0,,5.0,,,6.0,,16.0,,,,4.0
pid_1190,1.0,,1.0,,2.0,54.0,,,2.0,380.0,,,,70.0,2.0,,4.0,5.0,1.0,1.0,5.0,5.0,4.0,5.0,5.0,5.0,,,5.0,5.0,5.0,3.0,,,,6.0,,2.0,7.0,3.0,5.0,5.0,5.0,6.0,6.0,6.0,55.0,57.0,44.0,43.0,52.0,58.0,48.0,68.0,64.0,72.0,4.0,6.0,,,,,,,,,,,,1.0,1.0,1.0,1.0,1.0,1.0,1.0,1.0,1.0,2.0,2.0,1.0,1.0,2.0,2.0,2.0,1.0,2.0,2.0,1.0,2.0,2.0,1.0,2.0,2.0,2.0,2.0,1.0,2.0,2.0,1.0,1.0,1.0,2.0,2.0,2.0,1.0,2.0,2.0,1.0,1.0,2.0,2.0,1.0,1.0,1.0,,,4.0,,,6.0,,20.0,2.0,,
pid_1191,,1.0,,1.0,,,1.0,20.0,,,1.0,100.0,30.0,,2.0,,4.0,5.0,1.0,1.0,5.0,5.0,4.0,5.0,5.0,5.0,,5.0,,5.0,5.0,3.0,,,,,4.0,1.0,7.0,3.0,5.0,5.0,5.0,6.0,6.0,6.0,60.0,60.0,40.0,35.0,55.0,65.0,50.0,70.0,65.0,75.0,4.0,,7.0,1.0,1.0,1.0,1.0,1.0,1.0,1.0,1.0,1.0,1.0,,,,,,,1.0,2.0,1.0,2.0,2.0,2.0,1.0,2.0,2.0,1.0,2.0,2.0,2.0,1.0,2.0,2.0,2.0,1.0,2.0,2.0,2.0,1.0,2.0,2.0,2.0,2.0,1.0,2.0,2.0,1.0,2.0,2.0,2.0,1.0,1.0,1.0,2.0,1.0,2.0,2.0,,5.0,,,6.0,,,18.0,3.0,,
pid_1192,1.0,,2.0,,2.0,54.0,,,,,1.0,380.0,30.0,,2.0,,4.0,4.0,2.0,2.0,4.0,4.0,2.0,4.0,4.0,4.0,2.0,,,4.0,5.0,,,,,6.0,,1.0,6.0,5.0,3.0,5.0,5.0,5.0,6.0,6.0,60.0,65.0,45.0,40.0,55.0,60.0,55.0,75.0,65.0,80.0,4.0,,6.0,1.0,1.0,1.0,1.0,1.0,1.0,1.0,1.0,1.0,1.0,,,,,,,2.0,1.0,2.0,2.0,1.0,2.0,1.0,1.0,1.0,1.0,2.0,1.0,1.0,1.0,1.0,2.0,1.0,2.0,1.0,1.0,2.0,2.0,2.0,2.0,1.0,2.0,1.0,2.0,1.0,2.0,1.0,2.0,1.0,1.0,1.0,2.0,2.0,2.0,1.0,1.0,5.0,,,5.0,,,,10.0,2.0,,
pid_1193,1.0,,1.0,,2.0,54.0,,,,,1.0,380.0,,85.0,,3.0,2.0,1.0,5.0,4.0,2.0,2.0,1.0,4.0,2.0,4.0,,5.0,,4.0,5.0,,,,,,4.0,2.0,6.0,5.0,5.0,5.0,3.0,5.0,6.0,6.0,45.0,60.0,60.0,45.0,55.0,50.0,45.0,65.0,55.0,70.0,4.0,,6.0,,,,,,,,,,,1.0,1.0,1.0,1.0,1.0,1.0,1.0,1.0,2.0,2.0,1.0,1.0,2.0,1.0,2.0,1.0,2.0,2.0,2.0,1.0,1.0,2.0,2.0,2.0,1.0,1.0,1.0,1.0,2.0,1.0,2.0,2.0,1.0,1.0,1.0,2.0,1.0,1.0,2.0,1.0,1.0,1.0,2.0,1.0,1.0,1.0,,4.0,,,6.0,,,12.0,2.0,,
pid_1194,1.0,,1.0,,2.0,54.0,,,,,1.0,380.0,,70.0,,2.0,5.0,5.0,1.0,1.0,5.0,5.0,5.0,5.0,5.0,5.0,1.0,,,,,,4.0,4.0,5.0,,4.0,2.0,7.0,5.0,3.0,5.0,5.0,5.0,6.0,6.0,55.0,65.0,45.0,35.0,60.0,65.0,50.0,70.0,65.0,75.0,4.0,7.0,,,,,,,,,,,,1.0,1.0,1.0,1.0,1.0,1.0,2.0,2.0,1.0,2.0,1.0,2.0,2.0,1.0,2.0,2.0,1.0,2.0,2.0,2.0,1.0,2.0,2.0,1.0,1.0,2.0,2.0,1.0,1.0,2.0,1.0,2.0,1.0,1.0,1.0,1.0,1.0,2.0,2.0,1.0,1.0,1.0,1.0,1.0,2.0,2.0,5.0,,,5.0,,,,0.0,2.0,,
pid_1195,,1.0,1.0,,2.0,54.0,,,,,1.0,379.0,,70.0,1.0,,5.0,5.0,1.0,1.0,5.0,5.0,5.0,5.0,5.0,5.0,,,5.0,4.0,5.0,3.0,,,,6.0,,2.0,7.0,5.0,5.0,5.0,5.0,6.0,6.0,6.0,65.0,,,,,,55.0,,,,4.0,,7.0,,,,,,,,,,,1.0,1.0,1.0,1.0,1.0,1.0,1.0,2.0,1.0,2.0,1.0,2.0,2.0,2.0,1.0,1.0,1.0,2.0,1.0,1.0,1.0,2.0,1.0,1.0,2.0,2.0,2.0,2.0,2.0,1.0,2.0,1.0,2.0,1.0,2.0,1.0,2.0,2.0,1.0,2.0,1.0,1.0,2.0,2.0,1.0,1.0,,,5.0,,,6.0,,20.0,,8.0,
pid_1196,1.0,,1.0,,2.0,54.0,,,,,1.0,380.0,,75.0,2.0,,4.0,5.0,2.0,2.0,5.0,5.0,4.0,5.0,5.0,5.0,1.0,,,,,,4.0,5.0,4.0,6.0,,2.0,6.0,5.0,5.0,5.0,3.0,5.0,6.0,6.0,60.0,65.0,45.0,40.0,55.0,65.0,55.0,70.0,65.0,75.0,4.0,,6.0,1.0,1.0,1.0,1.0,1.0,1.0,1.0,1.0,1.0,1.0,,,,,,,2.0,1.0,1.0,2.0,2.0,2.0,2.0,1.0,2.0,2.0,2.0,1.0,1.0,2.0,1.0,1.0,2.0,1.0,1.0,2.0,2.0,1.0,1.0,1.0,1.0,1.0,2.0,2.0,1.0,2.0,2.0,1.0,2.0,1.0,2.0,1.0,1.0,1.0,1.0,1.0,5.0,,,6.0,,,16.0,,3.0,,
pid_1197,1.0,,1.0,,,,1.0,54.0,,,1.0,380.0,,80.0,1.0,,2.0,1.0,5.0,4.0,2.0,2.0,1.0,2.0,1.0,4.0,,,5.0,,,,4.0,5.0,3.0,4.0,,1.0,6.0,5.0,5.0,5.0,3.0,5.0,6.0,5.0,45.0,60.0,65.0,50.0,55.0,60.0,45.0,70.0,65.0,75.0,4.0,7.0,,1.0,1.0,1.0,1.0,1.0,1.0,1.0,1.0,1.0,1.0,,,,,,,1.0,2.0,1.0,1.0,1.0,1.0,1.0,2.0,1.0,1.0,1.0,1.0,1.0,1.0,1.0,1.0,1.0,1.0,1.0,1.0,1.0,2.0,2.0,2.0,1.0,2.0,1.0,2.0,1.0,2.0,2.0,2.0,1.0,1.0,2.0,1.0,1.0,2.0,2.0,1.0,,,5.0,,,6.0,18.0,,2.0,,
pid_1198,1.0,,,2.0,2.0,54.0,,,2.0,350.0,,,,85.0,,1.0,1.0,1.0,5.0,4.0,4.0,1.0,1.0,2.0,1.0,4.0,,,5.0,,,,4.0,3.0,3.0,4.0,,2.0,6.0,5.0,5.0,5.0,3.0,5.0,6.0,6.0,45.0,50.0,55.0,45.0,50.0,45.0,40.0,60.0,55.0,65.0,4.0,,7.0,1.0,1.0,1.0,1.0,1.0,1.0,1.0,1.0,1.0,1.0,,,,,,,1.0,1.0,1.0,2.0,1.0,1.0,1.0,1.0,2.0,1.0,1.0,1.0,1.0,1.0,1.0,2.0,1.0,2.0,2.0,2.0,2.0,1.0,2.0,2.0,1.0,2.0,2.0,1.0,1.0,1.0,1.0,1.0,2.0,1.0,1.0,2.0,1.0,2.0,2.0,2.0,,,5.0,,,6.0,18.0,,1.0,,
pid_1199,,2.0,,2.0,,,1.0,54.0,,,1.0,379.0,30.0,,,3.0,4.0,5.0,1.0,1.0,5.0,5.0,5.0,5.0,5.0,5.0,,5.0,,4.0,3.0,4.0,,,,6.0,,1.0,7.0,5.0,5.0,6.0,5.0,6.0,6.0,6.0,55.0,65.0,45.0,35.0,60.0,62.0,55.0,75.0,70.0,80.0,4.0,,7.0,,,,,,,,,,,1.0,1.0,1.0,1.0,1.0,1.0,2.0,2.0,2.0,2.0,1.0,2.0,1.0,2.0,1.0,2.0,2.0,2.0,1.0,2.0,2.0,1.0,1.0,1.0,2.0,1.0,1.0,2.0,2.0,1.0,2.0,2.0,2.0,2.0,2.0,2.0,1.0,2.0,2.0,1.0,1.0,1.0,2.0,1.0,1.0,2.0,,5.0,,,6.0,,,20.0,,,6.0
pid_1200,1.0,,1.0,,,,1.0,54.0,,,1.0,379.0,35.0,,2.0,,2.0,1.0,5.0,4.0,4.0,2.0,1.0,4.0,2.0,4.0,2.0,,,4.0,5.0,,,,,,4.0,2.0,7.0,5.0,5.0,5.0,5.0,6.0,6.0,6.0,45.0,65.0,55.0,48.0,58.0,55.0,52.0,67.0,62.0,75.0,4.0,,6.0,,,,,,,,,,,1.0,1.0,1.0,1.0,1.0,1.0,2.0,2.0,1.0,1.0,2.0,2.0,1.0,2.0,1.0,2.0,2.0,2.0,1.0,1.0,2.0,2.0,2.0,1.0,2.0,1.0,2.0,1.0,1.0,1.0,2.0,1.0,2.0,1.0,1.0,1.0,1.0,1.0,1.0,1.0,2.0,1.0,1.0,2.0,1.0,2.0,4.0,,,5.0,,,18.0,,,,2.0
pid_1201,,1.0,,1.0,2.0,54.0,,,,,1.0,380.0,,70.0,2.0,,4.0,5.0,2.0,2.0,5.0,4.0,2.0,5.0,4.0,5.0,,4.0,,,,,4.0,5.0,3.0,4.0,,2.0,6.0,5.0,5.0,5.0,5.0,5.0,6.0,6.0,55.0,65.0,40.0,45.0,60.0,65.0,50.0,70.0,65.0,75.0,4.0,6.0,,1.0,1.0,1.0,1.0,1.0,1.0,1.0,1.0,1.0,1.0,,,,,,,1.0,2.0,1.0,2.0,2.0,2.0,2.0,2.0,2.0,2.0,1.0,1.0,2.0,1.0,2.0,2.0,1.0,1.0,1.0,2.0,2.0,1.0,2.0,1.0,1.0,2.0,2.0,2.0,2.0,1.0,1.0,2.0,2.0,1.0,1.0,2.0,2.0,2.0,2.0,2.0,,4.0,,,6.0,,18.0,,,6.0,
pid_1202,,1.0,,1.0,2.0,54.0,,,,,1.0,150.0,,70.0,2.0,,1.0,1.0,5.0,4.0,2.0,2.0,1.0,2.0,1.0,2.0,,,5.0,4.0,5.0,3.0,,,,,4.0,2.0,7.0,5.0,5.0,5.0,3.0,6.0,6.0,6.0,45.0,55.0,60.0,50.0,55.0,50.0,45.0,65.0,55.0,70.0,4.0,,6.0,,,,,,,,,,,1.0,1.0,1.0,1.0,1.0,1.0,1.0,1.0,1.0,2.0,2.0,2.0,1.0,1.0,2.0,2.0,1.0,1.0,1.0,2.0,2.0,1.0,1.0,1.0,1.0,1.0,1.0,1.0,2.0,2.0,2.0,1.0,1.0,1.0,2.0,1.0,1.0,1.0,2.0,1.0,1.0,1.0,1.0,1.0,2.0,1.0,,,4.0,,,6.0,,20.0,,8.0,
pid_1203,2.0,,1.0,,2.0,54.0,,,2.0,380.0,,,,70.0,5.0,,2.0,1.0,5.0,4.0,2.0,2.0,1.0,4.0,2.0,2.0,4.0,,,,,,3.0,4.0,5.0,,4.0,1.0,6.0,5.0,5.0,3.0,5.0,6.0,6.0,6.0,55.0,55.0,45.0,40.0,45.0,50.0,45.0,60.0,65.0,70.0,4.0,5.0,,1.0,1.0,1.0,1.0,1.0,1.0,1.0,1.0,1.0,1.0,,,,,,,1.0,1.0,1.0,1.0,2.0,1.0,2.0,1.0,1.0,2.0,2.0,1.0,2.0,2.0,1.0,1.0,1.0,1.0,1.0,2.0,2.0,2.0,1.0,2.0,1.0,1.0,2.0,2.0,1.0,2.0,2.0,2.0,2.0,1.0,1.0,2.0,2.0,2.0,1.0,2.0,5.0,,,5.0,,,15.0,,1.0,,
pid_1204,1.0,,2.0,,,,1.0,54.0,,,1.0,380.0,30.0,,,2.0,5.0,5.0,1.0,1.0,5.0,5.0,4.0,5.0,5.0,5.0,,5.0,,,,,4.0,3.0,5.0,4.0,,2.0,7.0,3.0,5.0,5.0,5.0,5.0,6.0,6.0,60.0,60.0,35.0,35.0,65.0,65.0,55.0,75.0,70.0,80.0,4.0,6.0,,,,,,,,,,,,1.0,1.0,1.0,1.0,1.0,1.0,2.0,2.0,1.0,2.0,1.0,1.0,2.0,1.0,2.0,2.0,1.0,2.0,2.0,2.0,2.0,2.0,2.0,1.0,2.0,1.0,1.0,2.0,2.0,1.0,1.0,2.0,2.0,1.0,2.0,1.0,1.0,1.0,2.0,1.0,1.0,2.0,1.0,2.0,2.0,1.0,,5.0,,,6.0,,,20.0,,,6.0
pid_1205,,1.0,,2.0,,,1.0,54.0,2.0,380.0,,,,85.0,,3.0,4.0,4.0,2.0,2.0,4.0,4.0,2.0,5.0,4.0,4.0,,4.0,,4.0,4.0,3.0,,,,,6.0,1.0,7.0,5.0,5.0,5.0,3.0,5.0,6.0,6.0,60.0,58.0,52.0,40.0,65.0,62.0,48.0,72.0,65.0,75.0,4.0,5.0,,1.0,1.0,1.0,1.0,1.0,1.0,1.0,1.0,1.0,1.0,,,,,,,2.0,2.0,1.0,2.0,2.0,1.0,1.0,2.0,2.0,2.0,2.0,1.0,1.0,2.0,2.0,2.0,2.0,2.0,2.0,2.0,2.0,1.0,2.0,2.0,2.0,2.0,2.0,1.0,2.0,1.0,1.0,2.0,2.0,1.0,1.0,1.0,1.0,2.0,1.0,1.0,,5.0,,,6.0,,16.0,,2.0,,
pid_1206,,1.0,,1.0,,,1.0,54.0,,,1.0,379.0,,70.0,,3.0,2.0,4.0,5.0,4.0,4.0,3.0,1.0,4.0,2.0,4.0,,5.0,,,,,4.0,3.0,5.0,4.0,,2.0,6.0,3.0,5.0,5.0,5.0,5.0,6.0,6.0,55.0,65.0,60.0,45.0,60.0,60.0,50.0,65.0,65.0,80.0,4.0,,7.0,1.0,1.0,1.0,1.0,1.0,1.0,1.0,1.0,1.0,1.0,,,,,,,2.0,2.0,2.0,2.0,1.0,1.0,2.0,2.0,1.0,1.0,1.0,2.0,2.0,2.0,2.0,1.0,2.0,1.0,1.0,2.0,2.0,1.0,2.0,1.0,2.0,1.0,1.0,1.0,2.0,2.0,1.0,2.0,1.0,1.0,1.0,1.0,1.0,2.0,2.0,1.0,,5.0,,,6.0,,18.0,,2.0,,
pid_1207,1.0,,1.0,,,,1.0,30.0,2.0,380.0,,,30.0,,,1.0,4.0,5.0,1.0,1.0,5.0,5.0,4.0,5.0,5.0,5.0,2.0,,,4.0,5.0,3.0,,,,4.0,,1.0,7.0,3.0,5.0,5.0,3.0,5.0,6.0,6.0,55.0,55.0,45.0,35.0,60.0,60.0,50.0,70.0,65.0,75.0,3.0,,6.0,,,,,,,,,,,1.0,1.0,1.0,1.0,1.0,1.0,2.0,1.0,1.0,2.0,1.0,2.0,2.0,1.0,1.0,2.0,1.0,1.0,2.0,2.0,2.0,2.0,2.0,1.0,2.0,1.0,1.0,2.0,2.0,2.0,1.0,2.0,2.0,2.0,2.0,1.0,2.0,1.0,2.0,2.0,2.0,2.0,2.0,1.0,2.0,1.0,5.0,,,6.0,,,,15.0,,9.0,
pid_1208,1.0,,1.0,,2.0,55.0,,,2.0,350.0,,,60.0,,,2.0,2.0,1.0,5.0,5.0,3.0,2.0,1.0,4.0,2.0,2.0,,,5.0,4.0,5.0,3.0,,,,,4.0,1.0,7.0,5.0,5.0,6.0,5.0,5.0,6.0,6.0,55.0,65.0,55.0,45.0,60.0,60.0,45.0,70.0,65.0,80.0,4.0,5.0,,,,,,,,,,,,1.0,1.0,1.0,1.0,1.0,1.0,2.0,1.0,1.0,1.0,2.0,1.0,1.0,1.0,2.0,1.0,2.0,2.0,2.0,1.0,2.0,1.0,2.0,1.0,2.0,1.0,2.0,1.0,1.0,2.0,1.0,1.0,1.0,1.0,1.0,2.0,1.0,2.0,1.0,2.0,1.0,1.0,1.0,1.0,2.0,1.0,,,5.0,,,6.0,16.0,,3.0,,
pid_1209,1.0,,,2.0,2.0,54.0,,,2.0,380.0,,,35.0,,3.0,,5.0,5.0,1.0,1.0,5.0,5.0,5.0,5.0,5.0,5.0,4.0,,,,,,4.0,5.0,5.0,6.0,,1.0,7.0,5.0,5.0,5.0,3.0,5.0,6.0,6.0,60.0,65.0,35.0,30.0,65.0,65.0,55.0,75.0,70.0,80.0,4.0,,6.0,,,,,,,,,,,1.0,1.0,1.0,1.0,1.0,1.0,2.0,1.0,1.0,2.0,2.0,1.0,1.0,2.0,2.0,2.0,1.0,1.0,1.0,1.0,2.0,1.0,2.0,2.0,1.0,2.0,2.0,2.0,2.0,2.0,2.0,1.0,2.0,1.0,2.0,1.0,2.0,1.0,2.0,2.0,1.0,1.0,2.0,2.0,2.0,2.0,5.0,,,5.0,,,,20.0,2.0,,
pid_1210,,1.0,1.0,,,,1.0,20.0,2.0,350.0,,,70.0,,,1.0,2.0,1.0,5.0,4.0,4.0,4.0,1.0,4.0,2.0,4.0,,,5.0,4.0,5.0,2.0,,,,4.0,,1.0,6.0,5.0,5.0,5.0,5.0,5.0,6.0,6.0,45.0,65.0,60.0,50.0,55.0,55.0,45.0,65.0,60.0,75.0,4.0,,7.0,,,,,,,,,,,1.0,1.0,1.0,1.0,1.0,1.0,1.0,1.0,1.0,2.0,2.0,1.0,1.0,1.0,1.0,1.0,1.0,2.0,2.0,2.0,1.0,1.0,2.0,1.0,1.0,2.0,2.0,2.0,1.0,1.0,1.0,1.0,1.0,1.0,1.0,1.0,2.0,2.0,1.0,1.0,2.0,2.0,1.0,1.0,2.0,2.0,,,5.0,,,6.0,,0.0,,,3.0
pid_1211,1.0,,,2.0,,,1.0,54.0,2.0,380.0,,,,70.0,,2.0,5.0,5.0,1.0,1.0,5.0,5.0,5.0,5.0,5.0,5.0,2.0,,,,,,4.0,3.0,3.0,4.0,,2.0,7.0,3.0,5.0,5.0,5.0,6.0,6.0,6.0,55.0,58.0,42.0,35.0,62.0,65.0,52.0,68.0,70.0,80.0,4.0,,6.0,,,,,,,,,,,1.0,1.0,1.0,1.0,1.0,1.0,1.0,1.0,2.0,2.0,1.0,2.0,2.0,1.0,2.0,1.0,1.0,2.0,2.0,2.0,1.0,2.0,2.0,2.0,1.0,1.0,2.0,1.0,2.0,1.0,2.0,1.0,1.0,2.0,2.0,1.0,2.0,2.0,2.0,1.0,1.0,1.0,1.0,1.0,2.0,2.0,5.0,,,6.0,,,18.0,,2.0,,
pid_1212,1.0,,,2.0,,,1.0,54.0,,,1.0,380.0,30.0,,,2.0,2.0,1.0,5.0,4.0,2.0,2.0,1.0,2.0,2.0,4.0,,5.0,,5.0,5.0,2.0,,,,,4.0,2.0,6.0,5.0,5.0,5.0,5.0,5.0,6.0,6.0,55.0,55.0,60.0,45.0,60.0,58.0,50.0,65.0,65.0,75.0,4.0,6.0,,,,,,,,,,,,1.0,1.0,1.0,1.0,1.0,1.0,1.0,1.0,1.0,1.0,1.0,1.0,1.0,2.0,2.0,2.0,1.0,1.0,2.0,1.0,2.0,1.0,1.0,1.0,1.0,2.0,1.0,2.0,2.0,2.0,1.0,2.0,1.0,2.0,1.0,1.0,1.0,1.0,2.0,2.0,2.0,2.0,1.0,2.0,1.0,1.0,,4.0,,,5.0,,,15.0,1.0,,
pid_1213,,1.0,,2.0,2.0,54.0,,,2.0,379.0,,,,70.0,3.0,,5.0,5.0,1.0,1.0,5.0,5.0,5.0,5.0,5.0,5.0,,5.0,,,,,4.0,5.0,3.0,6.0,,1.0,7.0,5.0,5.0,3.0,3.0,5.0,6.0,6.0,55.0,65.0,35.0,30.0,60.0,65.0,55.0,75.0,70.0,80.0,4.0,,6.0,,,,,,,,,,,1.0,1.0,1.0,1.0,1.0,1.0,2.0,2.0,1.0,2.0,1.0,1.0,2.0,2.0,2.0,1.0,2.0,1.0,1.0,1.0,2.0,1.0,2.0,2.0,1.0,1.0,1.0,2.0,2.0,1.0,1.0,2.0,1.0,1.0,2.0,2.0,2.0,2.0,1.0,1.0,1.0,1.0,2.0,1.0,2.0,1.0,,5.0,,,6.0,,,20.0,,9.0,
pid_1214,,1.0,1.0,,,,1.0,54.0,,,1.0,380.0,30.0,,,2.0,2.0,4.0,4.0,4.0,2.0,2.0,1.0,4.0,2.0,4.0,,5.0,,,,,3.0,4.0,3.0,,4.0,2.0,6.0,5.0,5.0,5.0,3.0,5.0,6.0,6.0,55.0,60.0,52.0,50.0,58.0,57.0,48.0,65.0,58.0,70.0,4.0,,6.0,1.0,1.0,1.0,1.0,1.0,1.0,1.0,1.0,1.0,1.0,,,,,,,2.0,2.0,2.0,1.0,2.0,1.0,2.0,1.0,1.0,1.0,2.0,2.0,1.0,1.0,1.0,2.0,1.0,1.0,1.0,1.0,1.0,1.0,2.0,1.0,2.0,1.0,2.0,1.0,1.0,1.0,1.0,2.0,1.0,2.0,1.0,2.0,2.0,2.0,1.0,1.0,,4.0,,,6.0,,15.0,,,,4.0
pid_1215,,2.0,,2.0,,,1.0,54.0,,,1.0,380.0,,70.0,2.0,,4.0,4.0,2.0,1.0,4.0,5.0,2.0,5.0,4.0,4.0,,,4.0,,,,3.0,4.0,3.0,6.0,,1.0,7.0,5.0,5.0,5.0,3.0,5.0,6.0,6.0,55.0,61.0,48.0,38.0,58.0,62.0,48.0,72.0,65.0,78.0,4.0,6.0,,,,,,,,,,,,1.0,1.0,1.0,1.0,1.0,1.0,2.0,2.0,1.0,1.0,2.0,2.0,2.0,2.0,1.0,1.0,1.0,2.0,2.0,2.0,1.0,1.0,1.0,1.0,1.0,1.0,2.0,1.0,2.0,1.0,1.0,2.0,2.0,1.0,2.0,1.0,1.0,2.0,2.0,2.0,1.0,2.0,1.0,2.0,2.0,2.0,,,,,,6.0,18.0,,,9.0,
pid_1216,,2.0,2.0,,2.0,54.0,,,2.0,380.0,,,,70.0,3.0,,2.0,1.0,5.0,4.0,4.0,2.0,1.0,4.0,2.0,4.0,,5.0,,5.0,5.0,2.0,,,,6.0,,1.0,6.0,5.0,5.0,5.0,3.0,5.0,6.0,6.0,55.0,60.0,55.0,45.0,60.0,55.0,45.0,70.0,65.0,80.0,4.0,,6.0,,,,,,,,,,,1.0,1.0,1.0,1.0,1.0,1.0,2.0,2.0,2.0,1.0,1.0,1.0,2.0,2.0,2.0,2.0,2.0,2.0,1.0,1.0,2.0,1.0,1.0,1.0,2.0,2.0,2.0,1.0,1.0,1.0,2.0,2.0,2.0,2.0,1.0,2.0,1.0,1.0,2.0,2.0,2.0,2.0,2.0,2.0,2.0,1.0,,5.0,,,6.0,,,4.0,,9.0,
pid_1217,,1.0,,2.0,2.0,54.0,,,,,1.0,380.0,,70.0,,3.0,4.0,5.0,1.0,1.0,5.0,5.0,4.0,5.0,5.0,5.0,4.0,,,4.0,5.0,3.0,,,,6.0,,2.0,7.0,5.0,5.0,5.0,5.0,5.0,6.0,6.0,55.0,60.0,45.0,35.0,60.0,65.0,55.0,75.0,70.0,75.0,4.0,,7.0,1.0,1.0,1.0,1.0,1.0,1.0,1.0,1.0,1.0,1.0,,,,,,,1.0,2.0,1.0,2.0,2.0,1.0,2.0,1.0,2.0,1.0,2.0,2.0,2.0,1.0,1.0,1.0,1.0,1.0,2.0,2.0,1.0,2.0,1.0,2.0,2.0,1.0,1.0,2.0,2.0,1.0,2.0,2.0,1.0,2.0,2.0,1.0,1.0,2.0,1.0,2.0,5.0,,,6.0,,,18.0,,,6.0,
pid_1218,1.0,,,2.0,,,1.0,54.0,,,1.0,380.0,,70.0,,5.0,2.0,1.0,5.0,4.0,3.0,2.0,1.0,2.0,1.0,2.0,4.0,,,,,,4.0,5.0,5.0,6.0,,1.0,7.0,5.0,5.0,6.0,5.0,6.0,6.0,6.0,65.0,55.0,65.0,50.0,60.0,62.0,45.0,70.0,65.0,80.0,4.0,7.0,,1.0,1.0,1.0,1.0,1.0,1.0,1.0,1.0,1.0,1.0,,,,,,,1.0,1.0,1.0,1.0,2.0,1.0,2.0,2.0,1.0,1.0,1.0,2.0,1.0,2.0,1.0,2.0,1.0,1.0,2.0,1.0,2.0,1.0,2.0,1.0,1.0,2.0,1.0,2.0,2.0,1.0,1.0,1.0,1.0,1.0,2.0,1.0,1.0,1.0,1.0,2.0,5.0,,,6.0,,,,20.0,,9.0,
pid_1219,,1.0,,2.0,2.0,54.0,,,2.0,350.0,,,,70.0,3.0,,4.0,4.0,2.0,2.0,5.0,4.0,2.0,5.0,4.0,4.0,,4.0,,,,,4.0,3.0,5.0,4.0,,1.0,6.0,5.0,3.0,5.0,5.0,5.0,6.0,6.0,60.0,65.0,50.0,40.0,65.0,65.0,55.0,75.0,65.0,80.0,4.0,,6.0,1.0,1.0,1.0,1.0,1.0,1.0,1.0,1.0,1.0,1.0,,,,,,,1.0,1.0,2.0,1.0,2.0,1.0,2.0,1.0,1.0,1.0,1.0,1.0,2.0,1.0,1.0,1.0,1.0,2.0,2.0,1.0,1.0,1.0,2.0,1.0,2.0,1.0,2.0,1.0,1.0,2.0,2.0,1.0,1.0,1.0,2.0,1.0,1.0,1.0,2.0,2.0,,5.0,,,6.0,,16.0,,,6.0,
pid_1220,,2.0,1.0,,2.0,54.0,,,2.0,379.0,,,,70.0,2.0,,4.0,4.0,2.0,2.0,4.0,4.0,2.0,4.0,4.0,4.0,1.0,,,,,,4.0,4.0,5.0,,4.0,2.0,7.0,5.0,5.0,5.0,5.0,6.0,6.0,6.0,60.0,55.0,55.0,45.0,55.0,60.0,50.0,65.0,65.0,75.0,4.0,6.0,,1.0,1.0,1.0,1.0,1.0,1.0,1.0,1.0,1.0,1.0,,,,,,,2.0,2.0,2.0,1.0,2.0,2.0,1.0,2.0,2.0,1.0,1.0,2.0,2.0,1.0,1.0,2.0,1.0,2.0,1.0,1.0,1.0,2.0,1.0,2.0,2.0,2.0,2.0,2.0,2.0,2.0,1.0,2.0,1.0,1.0,2.0,1.0,2.0,2.0,1.0,1.0,4.0,,,5.0,,,18.0,,,,3.0
pid_1221,1.0,,,2.0,2.0,54.0,,,2.0,380.0,,,,85.0,,3.0,4.0,5.0,1.0,1.0,5.0,5.0,4.0,5.0,5.0,5.0,,5.0,,,,,4.0,3.0,3.0,4.0,,1.0,6.0,5.0,3.0,3.0,5.0,6.0,6.0,6.0,55.0,58.0,45.0,38.0,62.0,60.0,47.0,70.0,65.0,75.0,4.0,7.0,,1.0,1.0,1.0,1.0,1.0,1.0,1.0,1.0,1.0,1.0,,,,,,,2.0,1.0,2.0,1.0,2.0,2.0,1.0,2.0,1.0,2.0,2.0,1.0,2.0,2.0,2.0,1.0,2.0,1.0,2.0,2.0,1.0,2.0,1.0,2.0,1.0,2.0,2.0,1.0,1.0,1.0,2.0,2.0,1.0,2.0,1.0,1.0,2.0,2.0,2.0,1.0,,5.0,,,6.0,,,20.0,2.0,,
pid_1222,,1.0,,2.0,,,1.0,30.0,2.0,380.0,,,40.0,,2.0,,4.0,5.0,1.0,1.0,5.0,5.0,4.0,5.0,5.0,5.0,,4.0,,,,,4.0,5.0,5.0,,4.0,1.0,6.0,3.0,5.0,5.0,5.0,6.0,6.0,6.0,55.0,55.0,45.0,40.0,60.0,60.0,50.0,70.0,65.0,75.0,4.0,6.0,,1.0,1.0,1.0,1.0,1.0,1.0,1.0,1.0,1.0,1.0,,,,,,,1.0,1.0,2.0,2.0,1.0,1.0,1.0,2.0,2.0,2.0,1.0,2.0,2.0,1.0,2.0,2.0,1.0,2.0,1.0,1.0,2.0,1.0,1.0,2.0,1.0,1.0,1.0,1.0,1.0,2.0,1.0,1.0,2.0,1.0,1.0,1.0,1.0,2.0,2.0,1.0,,4.0,,,6.0,,,20.0,,,3.0
pid_1223,,1.0,,2.0,2.0,54.0,,,,,1.0,379.0,40.0,,2.0,,5.0,5.0,1.0,1.0,5.0,5.0,4.0,5.0,5.0,5.0,,,5.0,5.0,5.0,3.0,,,,6.0,,1.0,6.0,5.0,5.0,5.0,5.0,5.0,6.0,6.0,65.0,65.0,45.0,40.0,60.0,65.0,55.0,75.0,70.0,80.0,4.0,6.0,,1.0,1.0,1.0,1.0,1.0,1.0,1.0,1.0,1.0,1.0,,,,,,,2.0,2.0,1.0,1.0,1.0,2.0,2.0,2.0,2.0,2.0,2.0,1.0,2.0,1.0,2.0,2.0,2.0,2.0,1.0,1.0,2.0,2.0,2.0,2.0,1.0,2.0,1.0,2.0,1.0,2.0,1.0,2.0,1.0,1.0,2.0,1.0,2.0,2.0,1.0,2.0,,,5.0,,,6.0,,15.0,,8.0,
pid_1224,,1.0,1.0,,2.0,54.0,,,,,1.0,300.0,,70.0,,1.0,1.0,1.0,5.0,5.0,2.0,1.0,1.0,2.0,1.0,2.0,1.0,,,4.0,5.0,2.0,,,,,4.0,1.0,6.0,5.0,5.0,6.0,5.0,6.0,6.0,6.0,55.0,65.0,60.0,45.0,50.0,50.0,45.0,65.0,55.0,70.0,4.0,7.0,,,,,,,,,,,,1.0,1.0,1.0,1.0,1.0,1.0,1.0,2.0,2.0,1.0,1.0,2.0,1.0,1.0,2.0,1.0,2.0,2.0,1.0,1.0,1.0,2.0,2.0,2.0,2.0,2.0,1.0,1.0,1.0,2.0,1.0,1.0,2.0,1.0,2.0,1.0,2.0,2.0,1.0,2.0,1.0,1.0,2.0,2.0,1.0,2.0,4.0,,,5.0,,,,5.0,,,4.0
pid_1225,1.0,,,2.0,,,1.0,54.0,,,1.0,380.0,30.0,,,3.0,2.0,1.0,5.0,5.0,2.0,1.0,1.0,2.0,1.0,2.0,2.0,,,4.0,5.0,3.0,,,,4.0,,2.0,6.0,3.0,5.0,5.0,5.0,5.0,6.0,6.0,50.0,50.0,60.0,35.0,55.0,50.0,45.0,65.0,55.0,75.0,4.0,,6.0,1.0,1.0,1.0,1.0,1.0,1.0,1.0,1.0,1.0,1.0,,,,,,,2.0,2.0,1.0,2.0,1.0,2.0,1.0,2.0,1.0,1.0,1.0,2.0,1.0,2.0,2.0,2.0,2.0,2.0,1.0,2.0,2.0,2.0,2.0,2.0,2.0,1.0,1.0,1.0,2.0,2.0,1.0,2.0,2.0,1.0,2.0,2.0,2.0,2.0,1.0,1.0,4.0,,,5.0,,,,10.0,,,3.0
pid_1226,1.0,,2.0,,,,1.0,54.0,2.0,380.0,,,30.0,,,2.0,5.0,5.0,1.0,1.0,5.0,5.0,5.0,5.0,5.0,5.0,,,5.0,,,,4.0,5.0,5.0,6.0,,2.0,7.0,5.0,5.0,5.0,5.0,6.0,6.0,6.0,55.0,65.0,35.0,30.0,60.0,60.0,55.0,75.0,70.0,75.0,4.0,,6.0,1.0,1.0,1.0,1.0,1.0,1.0,1.0,1.0,1.0,1.0,,,,,,,2.0,1.0,1.0,2.0,1.0,2.0,1.0,1.0,2.0,2.0,2.0,1.0,1.0,1.0,1.0,2.0,1.0,1.0,1.0,2.0,1.0,1.0,1.0,1.0,1.0,2.0,1.0,2.0,2.0,2.0,2.0,2.0,2.0,1.0,1.0,2.0,2.0,1.0,2.0,2.0,,,5.0,,,6.0,18.0,,,,4.0
pid_1227,,1.0,1.0,,2.0,40.0,,,2.0,379.0,,,,70.0,,3.0,2.0,2.0,5.0,4.0,4.0,4.0,1.0,2.0,1.0,4.0,1.0,,,4.0,5.0,3.0,,,,4.0,,1.0,7.0,3.0,5.0,5.0,5.0,6.0,6.0,6.0,55.0,55.0,55.0,50.0,60.0,58.0,48.0,65.0,65.0,75.0,4.0,,7.0,1.0,1.0,1.0,1.0,1.0,1.0,1.0,1.0,1.0,1.0,,,,,,,2.0,1.0,2.0,1.0,1.0,1.0,1.0,1.0,1.0,1.0,2.0,1.0,1.0,1.0,2.0,2.0,1.0,2.0,1.0,1.0,2.0,2.0,1.0,2.0,2.0,2.0,1.0,2.0,2.0,1.0,2.0,1.0,1.0,2.0,2.0,2.0,2.0,1.0,1.0,2.0,4.0,,,5.0,,,,20.0,2.0,,
pid_1228,1.0,,1.0,,,,1.0,54.0,2.0,380.0,,,30.0,,,2.0,5.0,5.0,1.0,1.0,5.0,5.0,4.0,5.0,5.0,5.0,1.0,,,,,,4.0,5.0,3.0,,6.0,2.0,7.0,5.0,5.0,5.0,3.0,5.0,6.0,6.0,65.0,61.0,41.0,38.0,62.0,68.0,55.0,72.0,64.0,79.0,4.0,6.0,,1.0,1.0,1.0,1.0,1.0,1.0,1.0,1.0,1.0,1.0,,,,,,,2.0,1.0,2.0,2.0,2.0,2.0,1.0,2.0,1.0,1.0,2.0,2.0,2.0,2.0,2.0,2.0,1.0,2.0,1.0,1.0,2.0,1.0,1.0,2.0,2.0,1.0,2.0,1.0,1.0,1.0,2.0,2.0,2.0,1.0,2.0,1.0,2.0,1.0,2.0,1.0,5.0,,,6.0,,,18.0,,,9.0,
pid_1229,,1.0,1.0,,,,1.0,20.0,,,1.0,150.0,30.0,,,2.0,4.0,4.0,2.0,2.0,4.0,4.0,2.0,4.0,4.0,5.0,1.0,,,,,,3.0,4.0,5.0,,4.0,2.0,6.0,5.0,5.0,5.0,5.0,6.0,6.0,6.0,55.0,60.0,45.0,40.0,60.0,65.0,50.0,70.0,65.0,75.0,4.0,6.0,,1.0,1.0,1.0,1.0,1.0,1.0,1.0,1.0,1.0,1.0,,,,,,,1.0,2.0,2.0,1.0,1.0,2.0,2.0,2.0,1.0,2.0,2.0,2.0,2.0,2.0,1.0,2.0,2.0,2.0,1.0,2.0,1.0,2.0,2.0,1.0,1.0,2.0,1.0,1.0,2.0,2.0,1.0,2.0,2.0,2.0,1.0,1.0,2.0,1.0,1.0,1.0,4.0,,,6.0,,,16.0,,,,3.0
pid_1230,1.0,,2.0,,2.0,54.0,,,,,1.0,380.0,30.0,,2.0,,4.0,5.0,1.0,1.0,5.0,5.0,5.0,5.0,5.0,5.0,,5.0,,4.0,5.0,2.0,,,,,4.0,1.0,6.0,5.0,5.0,5.0,5.0,6.0,6.0,6.0,50.0,65.0,35.0,35.0,55.0,60.0,55.0,70.0,70.0,75.0,4.0,,6.0,1.0,1.0,1.0,1.0,1.0,1.0,1.0,1.0,1.0,1.0,,,,,,,2.0,2.0,1.0,2.0,2.0,1.0,2.0,1.0,2.0,1.0,2.0,2.0,1.0,2.0,2.0,1.0,2.0,2.0,2.0,2.0,2.0,1.0,1.0,1.0,1.0,1.0,1.0,2.0,2.0,2.0,1.0,1.0,2.0,1.0,2.0,2.0,1.0,1.0,2.0,2.0,,5.0,,,6.0,,15.0,,,6.0,
pid_1231,,1.0,,2.0,,,1.0,30.0,,,1.0,300.0,30.0,,3.0,,2.0,2.0,5.0,4.0,4.0,4.0,1.0,4.0,2.0,4.0,,,5.0,,,,3.0,4.0,4.0,,4.0,1.0,6.0,3.0,5.0,4.0,3.0,5.0,6.0,6.0,45.0,65.0,60.0,45.0,55.0,60.0,45.0,65.0,60.0,75.0,4.0,5.0,,,,,,,,,,,,1.0,1.0,1.0,1.0,1.0,1.0,1.0,2.0,1.0,2.0,2.0,2.0,2.0,1.0,2.0,2.0,1.0,2.0,1.0,1.0,2.0,2.0,1.0,1.0,2.0,2.0,1.0,1.0,1.0,1.0,1.0,2.0,1.0,2.0,2.0,1.0,2.0,2.0,1.0,1.0,2.0,2.0,2.0,1.0,2.0,2.0,,,5.0,,,6.0,,4.0,,6.0,
pid_1232,1.0,,,2.0,,,1.0,54.0,2.0,370.0,,,30.0,,3.0,,2.0,1.0,5.0,4.0,4.0,2.0,1.0,4.0,2.0,4.0,,,5.0,4.0,5.0,3.0,,,,6.0,,2.0,6.0,5.0,5.0,5.0,5.0,6.0,6.0,6.0,50.0,45.0,60.0,50.0,55.0,60.0,45.0,65.0,55.0,70.0,4.0,6.0,,1.0,1.0,1.0,1.0,1.0,1.0,1.0,1.0,1.0,1.0,,,,,,,2.0,2.0,2.0,1.0,1.0,2.0,2.0,1.0,1.0,1.0,1.0,1.0,2.0,2.0,2.0,1.0,2.0,1.0,1.0,1.0,2.0,2.0,1.0,2.0,2.0,1.0,2.0,2.0,1.0,2.0,1.0,1.0,2.0,2.0,2.0,1.0,1.0,2.0,2.0,1.0,,,,,,5.0,18.0,,2.0,,
pid_1233,1.0,,1.0,,,,1.0,54.0,,,1.0,379.0,30.0,,,2.0,2.0,4.0,2.0,2.0,4.0,4.0,3.0,4.0,4.0,4.0,,4.0,,,,,4.0,3.0,3.0,4.0,,1.0,6.0,5.0,3.0,5.0,5.0,6.0,6.0,6.0,60.0,65.0,55.0,45.0,58.0,68.0,55.0,70.0,65.0,80.0,4.0,6.0,,,,,,,,,,,,1.0,1.0,1.0,1.0,1.0,1.0,2.0,2.0,1.0,1.0,2.0,2.0,2.0,2.0,2.0,2.0,1.0,2.0,2.0,2.0,2.0,2.0,1.0,2.0,1.0,2.0,1.0,2.0,1.0,2.0,1.0,2.0,1.0,2.0,2.0,2.0,1.0,1.0,2.0,2.0,2.0,2.0,2.0,1.0,2.0,1.0,,4.0,,,6.0,,,8.0,,9.0,
pid_1234,,1.0,2.0,,2.0,30.0,,,,,1.0,200.0,,70.0,,2.0,4.0,5.0,1.0,1.0,5.0,5.0,4.0,5.0,5.0,5.0,4.0,,,,,,4.0,3.0,5.0,4.0,,2.0,7.0,5.0,5.0,3.0,5.0,6.0,6.0,6.0,60.0,65.0,45.0,40.0,55.0,65.0,50.0,75.0,70.0,80.0,4.0,,6.0,,,,,,,,,,,1.0,1.0,1.0,1.0,1.0,1.0,2.0,2.0,1.0,2.0,2.0,1.0,1.0,2.0,1.0,2.0,2.0,1.0,1.0,2.0,2.0,1.0,2.0,2.0,2.0,1.0,1.0,2.0,1.0,1.0,1.0,2.0,2.0,1.0,2.0,2.0,1.0,1.0,2.0,2.0,1.0,2.0,1.0,1.0,2.0,2.0,5.0,,,6.0,,,,0.0,1.0,,
pid_1235,,1.0,2.0,,2.0,54.0,,,,,1.0,379.0,,70.0,,3.0,5.0,5.0,1.0,1.0,5.0,5.0,4.0,5.0,5.0,5.0,,5.0,,4.0,5.0,2.0,,,,,4.0,2.0,6.0,3.0,5.0,5.0,5.0,5.0,6.0,6.0,55.0,65.0,45.0,35.0,60.0,58.0,55.0,68.0,65.0,75.0,4.0,,6.0,1.0,1.0,1.0,1.0,1.0,1.0,1.0,1.0,1.0,1.0,,,,,,,2.0,2.0,2.0,1.0,2.0,1.0,1.0,1.0,2.0,2.0,1.0,2.0,1.0,1.0,2.0,2.0,1.0,2.0,1.0,2.0,2.0,2.0,1.0,2.0,2.0,2.0,2.0,1.0,2.0,1.0,1.0,2.0,2.0,1.0,1.0,1.0,1.0,1.0,2.0,1.0,,5.0,,,6.0,,18.0,,,,3.0
pid_1236,1.0,,1.0,,2.0,54.0,,,2.0,379.0,,,,70.0,,1.0,4.0,5.0,2.0,2.0,5.0,5.0,4.0,5.0,4.0,5.0,2.0,,,4.0,5.0,2.0,,,,4.0,,1.0,6.0,5.0,5.0,5.0,3.0,5.0,6.0,6.0,60.0,60.0,45.0,35.0,55.0,60.0,55.0,70.0,65.0,80.0,4.0,,6.0,1.0,1.0,1.0,1.0,1.0,1.0,1.0,1.0,1.0,1.0,,,,,,,1.0,2.0,1.0,1.0,2.0,2.0,2.0,2.0,2.0,1.0,2.0,1.0,2.0,2.0,2.0,1.0,1.0,1.0,1.0,1.0,2.0,2.0,2.0,2.0,2.0,2.0,2.0,1.0,1.0,2.0,1.0,2.0,2.0,1.0,1.0,2.0,2.0,1.0,2.0,1.0,4.0,,,6.0,,,18.0,,2.0,,
pid_1237,1.0,,1.0,,2.0,54.0,,,,,1.0,379.0,30.0,,1.0,,4.0,5.0,2.0,2.0,4.0,5.0,4.0,5.0,4.0,5.0,,4.0,,4.0,5.0,,,,,,4.0,1.0,6.0,5.0,5.0,3.0,3.0,6.0,6.0,6.0,55.0,58.0,45.0,42.0,60.0,58.0,48.0,68.0,62.0,75.0,4.0,,6.0,1.0,1.0,1.0,1.0,1.0,1.0,1.0,1.0,1.0,1.0,,,,,,,1.0,2.0,1.0,1.0,2.0,1.0,2.0,1.0,2.0,2.0,2.0,1.0,1.0,2.0,1.0,2.0,2.0,2.0,1.0,2.0,1.0,2.0,2.0,2.0,2.0,1.0,1.0,2.0,2.0,1.0,2.0,2.0,1.0,2.0,2.0,2.0,2.0,2.0,2.0,1.0,,5.0,,,5.0,,18.0,,,,3.0
pid_1238,,1.0,,2.0,,,1.0,20.0,2.0,500.0,,,50.0,,,2.0,4.0,5.0,1.0,1.0,5.0,5.0,4.0,5.0,5.0,5.0,,,5.0,,,,4.0,4.0,5.0,,4.0,1.0,6.0,3.0,5.0,5.0,5.0,5.0,6.0,6.0,55.0,55.0,45.0,35.0,60.0,65.0,55.0,70.0,65.0,75.0,4.0,6.0,,,,,,,,,,,,1.0,1.0,1.0,1.0,1.0,1.0,2.0,1.0,1.0,2.0,2.0,1.0,2.0,1.0,2.0,1.0,2.0,2.0,2.0,1.0,1.0,1.0,2.0,1.0,2.0,1.0,2.0,2.0,2.0,1.0,1.0,1.0,2.0,1.0,2.0,1.0,1.0,1.0,2.0,2.0,1.0,2.0,1.0,2.0,1.0,2.0,,,5.0,,,6.0,,0.0,,9.0,
pid_1239,,2.0,2.0,,,,1.0,30.0,2.0,300.0,,,30.0,,3.0,,4.0,5.0,1.0,1.0,5.0,5.0,4.0,5.0,5.0,5.0,1.0,,,,,,4.0,3.0,5.0,4.0,,2.0,6.0,5.0,5.0,5.0,3.0,5.0,6.0,6.0,55.0,60.0,40.0,45.0,60.0,65.0,55.0,75.0,70.0,80.0,4.0,6.0,,1.0,1.0,1.0,1.0,1.0,1.0,1.0,1.0,1.0,1.0,,,,,,,1.0,2.0,2.0,2.0,2.0,1.0,1.0,2.0,1.0,2.0,2.0,1.0,2.0,2.0,2.0,1.0,2.0,2.0,2.0,1.0,2.0,2.0,2.0,2.0,1.0,1.0,1.0,1.0,2.0,2.0,1.0,1.0,2.0,1.0,2.0,2.0,1.0,2.0,2.0,2.0,4.0,,,5.0,,,18.0,,2.0,,
pid_1240,2.0,,2.0,,2.0,54.0,,,,,1.0,379.0,30.0,,,1.0,4.0,5.0,1.0,1.0,5.0,5.0,4.0,5.0,5.0,5.0,4.0,,,4.0,5.0,2.0,,,,5.0,,2.0,7.0,3.0,5.0,5.0,3.0,6.0,6.0,5.0,55.0,60.0,45.0,35.0,50.0,60.0,45.0,65.0,65.0,75.0,4.0,7.0,,,,,,,,,,,,1.0,1.0,1.0,1.0,1.0,1.0,2.0,2.0,2.0,1.0,1.0,2.0,1.0,1.0,1.0,2.0,1.0,1.0,1.0,2.0,1.0,1.0,1.0,1.0,2.0,1.0,1.0,1.0,1.0,1.0,1.0,2.0,2.0,1.0,2.0,2.0,1.0,2.0,1.0,1.0,1.0,1.0,2.0,2.0,2.0,1.0,5.0,,,6.0,,,18.0,,3.0,,
pid_1241,,1.0,1.0,,,,1.0,30.0,2.0,400.0,,,30.0,,,3.0,4.0,4.0,2.0,2.0,4.0,5.0,4.0,5.0,4.0,5.0,2.0,,,5.0,5.0,3.0,,,,4.0,,2.0,6.0,3.0,5.0,5.0,5.0,5.0,6.0,6.0,55.0,60.0,45.0,45.0,60.0,65.0,55.0,75.0,65.0,80.0,4.0,,6.0,1.0,1.0,1.0,1.0,1.0,1.0,1.0,1.0,1.0,1.0,,,,,,,2.0,2.0,2.0,2.0,2.0,2.0,1.0,1.0,1.0,2.0,1.0,1.0,2.0,1.0,2.0,2.0,1.0,1.0,2.0,2.0,1.0,1.0,1.0,2.0,2.0,2.0,2.0,2.0,1.0,2.0,2.0,1.0,2.0,1.0,1.0,1.0,2.0,2.0,1.0,1.0,5.0,,,5.0,,,,18.0,3.0,,
pid_1242,,1.0,1.0,,2.0,50.0,,,,,1.0,100.0,,80.0,1.0,,2.0,1.0,5.0,4.0,4.0,2.0,1.0,3.0,2.0,2.0,,,5.0,,,,3.0,4.0,5.0,4.0,,2.0,6.0,5.0,4.0,5.0,5.0,6.0,6.0,6.0,50.0,65.0,55.0,45.0,55.0,55.0,45.0,65.0,65.0,75.0,4.0,5.0,,1.0,1.0,1.0,1.0,1.0,1.0,1.0,1.0,1.0,1.0,,,,,,,1.0,2.0,1.0,1.0,2.0,1.0,1.0,2.0,2.0,2.0,1.0,2.0,2.0,2.0,2.0,1.0,1.0,2.0,2.0,1.0,2.0,1.0,2.0,2.0,1.0,2.0,1.0,1.0,2.0,1.0,2.0,1.0,1.0,2.0,1.0,2.0,1.0,1.0,1.0,2.0,,,5.0,,,6.0,,20.0,,9.0,
pid_1243,,1.0,,2.0,2.0,54.0,,,,,1.0,380.0,,70.0,1.0,,4.0,5.0,1.0,1.0,5.0,5.0,4.0,5.0,5.0,5.0,,,5.0,,,,4.0,5.0,3.0,,4.0,1.0,6.0,5.0,5.0,3.0,5.0,6.0,6.0,6.0,65.0,65.0,35.0,40.0,60.0,68.0,55.0,75.0,70.0,80.0,4.0,6.0,,1.0,1.0,1.0,1.0,1.0,1.0,1.0,1.0,1.0,1.0,,,,,,,2.0,1.0,2.0,1.0,1.0,2.0,2.0,2.0,2.0,2.0,1.0,2.0,1.0,1.0,2.0,1.0,2.0,2.0,2.0,2.0,2.0,2.0,2.0,1.0,2.0,1.0,2.0,1.0,2.0,2.0,1.0,2.0,2.0,2.0,2.0,1.0,1.0,2.0,2.0,1.0,,,5.0,,,6.0,18.0,,,10.0,
pid_1244,1.0,,1.0,,,,1.0,54.0,,,1.0,100.0,,70.0,2.0,,4.0,5.0,1.0,1.0,5.0,5.0,4.0,5.0,5.0,5.0,2.0,,,,,,3.0,4.0,3.0,,4.0,1.0,7.0,3.0,5.0,5.0,3.0,5.0,6.0,6.0,55.0,65.0,45.0,40.0,60.0,60.0,50.0,70.0,70.0,75.0,4.0,,6.0,,,,,,,,,,,1.0,1.0,1.0,1.0,1.0,1.0,1.0,1.0,2.0,2.0,2.0,1.0,2.0,2.0,2.0,1.0,1.0,2.0,2.0,2.0,1.0,1.0,1.0,1.0,1.0,1.0,2.0,2.0,2.0,1.0,1.0,1.0,2.0,2.0,2.0,2.0,1.0,2.0,2.0,1.0,2.0,2.0,2.0,2.0,1.0,2.0,4.0,,,6.0,,,,15.0,,6.0,
pid_1245,,2.0,1.0,,2.0,54.0,,,2.0,380.0,,,,75.0,,2.0,4.0,4.0,2.0,1.0,4.0,5.0,2.0,5.0,4.0,4.0,,,5.0,4.0,5.0,,,,,,4.0,2.0,6.0,5.0,3.0,5.0,3.0,5.0,6.0,6.0,55.0,60.0,45.0,40.0,60.0,60.0,55.0,70.0,65.0,75.0,4.0,6.0,,1.0,1.0,1.0,1.0,1.0,1.0,1.0,1.0,1.0,1.0,,,,,,,1.0,1.0,1.0,2.0,1.0,1.0,2.0,2.0,1.0,1.0,1.0,2.0,1.0,1.0,2.0,1.0,1.0,2.0,1.0,1.0,2.0,2.0,1.0,2.0,1.0,1.0,1.0,1.0,2.0,1.0,1.0,1.0,2.0,1.0,1.0,2.0,2.0,2.0,2.0,1.0,,,5.0,,,6.0,17.0,,2.0,,
pid_1246,1.0,,1.0,,2.0,54.0,,,,,1.0,379.0,,80.0,,2.0,4.0,5.0,1.0,1.0,5.0,5.0,4.0,5.0,5.0,5.0,,5.0,,4.0,5.0,3.0,,,,,4.0,2.0,6.0,5.0,5.0,6.0,5.0,6.0,6.0,6.0,55.0,55.0,45.0,40.0,60.0,58.0,50.0,70.0,65.0,75.0,4.0,6.0,,1.0,1.0,1.0,1.0,1.0,1.0,1.0,1.0,1.0,1.0,,,,,,,2.0,2.0,2.0,1.0,2.0,1.0,2.0,1.0,1.0,2.0,1.0,1.0,2.0,1.0,2.0,2.0,2.0,2.0,2.0,1.0,1.0,1.0,2.0,1.0,2.0,1.0,2.0,2.0,1.0,1.0,1.0,1.0,1.0,1.0,2.0,2.0,1.0,2.0,2.0,2.0,,4.0,,,6.0,,18.0,,2.0,,
pid_1247,1.0,,1.0,,,,1.0,54.0,,,1.0,380.0,30.0,,,4.0,4.0,5.0,2.0,2.0,4.0,4.0,2.0,5.0,4.0,4.0,,,4.0,,,,4.0,5.0,3.0,4.0,,2.0,6.0,5.0,5.0,5.0,5.0,5.0,6.0,6.0,55.0,60.0,45.0,40.0,60.0,60.0,55.0,70.0,65.0,75.0,4.0,,7.0,,,,,,,,,,,1.0,1.0,1.0,1.0,1.0,1.0,2.0,1.0,2.0,1.0,2.0,2.0,2.0,2.0,2.0,2.0,1.0,2.0,1.0,2.0,1.0,2.0,1.0,1.0,2.0,2.0,2.0,2.0,1.0,2.0,2.0,1.0,1.0,2.0,2.0,1.0,2.0,1.0,1.0,2.0,2.0,2.0,2.0,2.0,2.0,2.0,,,5.0,,,6.0,,20.0,3.0,,
pid_1248,,1.0,1.0,,2.0,54.0,,,2.0,380.0,,,30.0,,,2.0,5.0,5.0,1.0,1.0,5.0,5.0,5.0,5.0,5.0,5.0,,5.0,,4.0,5.0,3.0,,,,6.0,,1.0,7.0,5.0,5.0,5.0,3.0,6.0,6.0,6.0,65.0,60.0,35.0,30.0,60.0,65.0,55.0,75.0,70.0,80.0,4.0,,6.0,1.0,1.0,1.0,1.0,1.0,1.0,1.0,1.0,1.0,1.0,,,,,,,2.0,1.0,2.0,1.0,1.0,2.0,2.0,1.0,2.0,1.0,1.0,1.0,1.0,2.0,2.0,2.0,1.0,2.0,1.0,1.0,2.0,2.0,2.0,2.0,2.0,1.0,1.0,2.0,2.0,1.0,1.0,2.0,1.0,2.0,1.0,2.0,2.0,2.0,2.0,2.0,,5.0,,,6.0,,18.0,,,9.0,
pid_1249,,2.0,,2.0,,,1.0,54.0,2.0,380.0,,,40.0,,,1.0,2.0,4.0,5.0,2.0,4.0,2.0,1.0,4.0,2.0,4.0,1.0,,,4.0,5.0,2.0,,,,,6.0,1.0,6.0,3.0,5.0,5.0,5.0,6.0,6.0,5.0,55.0,65.0,55.0,40.0,60.0,58.0,45.0,65.0,60.0,75.0,4.0,6.0,,,,,,,,,,,,1.0,1.0,1.0,1.0,1.0,1.0,2.0,1.0,2.0,2.0,2.0,1.0,2.0,2.0,2.0,2.0,1.0,1.0,2.0,1.0,1.0,2.0,1.0,2.0,1.0,1.0,2.0,2.0,2.0,2.0,2.0,1.0,1.0,2.0,2.0,2.0,1.0,1.0,2.0,2.0,2.0,1.0,2.0,2.0,2.0,2.0,5.0,,,6.0,,,15.0,,,10.0,
pid_1250,,1.0,,2.0,,,1.0,54.0,,,1.0,379.0,,70.0,,3.0,2.0,1.0,5.0,4.0,2.0,2.0,1.0,4.0,2.0,4.0,4.0,,,,,,4.0,4.0,3.0,,4.0,2.0,6.0,5.0,5.0,5.0,5.0,5.0,6.0,6.0,55.0,62.0,55.0,48.0,60.0,58.0,48.0,65.0,65.0,75.0,4.0,,6.0,1.0,1.0,1.0,1.0,1.0,1.0,1.0,1.0,1.0,1.0,,,,,,,1.0,2.0,1.0,2.0,2.0,1.0,1.0,2.0,1.0,2.0,2.0,1.0,2.0,1.0,1.0,2.0,2.0,1.0,2.0,2.0,1.0,2.0,1.0,2.0,1.0,1.0,2.0,2.0,1.0,1.0,1.0,2.0,1.0,2.0,2.0,1.0,1.0,1.0,1.0,1.0,4.0,,,5.0,,,15.0,,,6.0,
pid_1251,,1.0,,2.0,2.0,55.0,,,2.0,380.0,,,,80.0,,2.0,4.0,5.0,1.0,1.0,5.0,5.0,4.0,5.0,5.0,5.0,,,5.0,5.0,5.0,3.0,,,,4.0,,1.0,6.0,3.0,5.0,5.0,5.0,5.0,6.0,6.0,55.0,60.0,45.0,40.0,60.0,58.0,55.0,70.0,65.0,75.0,4.0,6.0,,1.0,1.0,1.0,1.0,1.0,1.0,1.0,1.0,1.0,1.0,,,,,,,1.0,1.0,1.0,1.0,1.0,2.0,2.0,2.0,2.0,2.0,1.0,2.0,1.0,2.0,1.0,1.0,2.0,2.0,2.0,2.0,2.0,1.0,1.0,2.0,1.0,2.0,1.0,1.0,1.0,2.0,2.0,2.0,1.0,2.0,1.0,2.0,2.0,2.0,2.0,2.0,,,4.0,,,6.0,15.0,,,,3.0
pid_1252,1.0,,1.0,,,,1.0,30.0,2.0,380.0,,,30.0,,,3.0,4.0,2.0,5.0,4.0,4.0,4.0,1.0,4.0,2.0,4.0,,5.0,,,,,4.0,5.0,5.0,4.0,,2.0,6.0,5.0,5.0,5.0,5.0,5.0,6.0,6.0,50.0,55.0,60.0,45.0,55.0,60.0,45.0,65.0,65.0,75.0,4.0,6.0,,1.0,1.0,1.0,1.0,1.0,1.0,1.0,1.0,1.0,1.0,,,,,,,1.0,1.0,2.0,2.0,2.0,2.0,2.0,2.0,1.0,1.0,1.0,1.0,1.0,2.0,1.0,2.0,1.0,1.0,2.0,2.0,1.0,2.0,2.0,1.0,1.0,1.0,2.0,2.0,1.0,2.0,1.0,1.0,1.0,1.0,1.0,2.0,1.0,1.0,2.0,1.0,,5.0,,,6.0,,,10.0,,9.0,
pid_1253,,1.0,,2.0,2.0,35.0,,,,,1.0,100.0,,70.0,2.0,,4.0,5.0,1.0,1.0,5.0,5.0,4.0,5.0,5.0,5.0,,,5.0,5.0,5.0,2.0,,,,,4.0,2.0,6.0,3.0,5.0,5.0,5.0,5.0,6.0,6.0,55.0,55.0,45.0,35.0,65.0,60.0,55.0,75.0,65.0,75.0,4.0,6.0,,,,,,,,,,,,1.0,1.0,1.0,1.0,1.0,1.0,2.0,1.0,1.0,1.0,1.0,1.0,2.0,1.0,2.0,1.0,2.0,2.0,2.0,2.0,1.0,1.0,2.0,2.0,2.0,1.0,2.0,2.0,1.0,1.0,2.0,1.0,2.0,1.0,2.0,1.0,2.0,1.0,1.0,1.0,1.0,2.0,1.0,2.0,2.0,2.0,,,5.0,,,6.0,17.0,,2.0,,
pid_1254,1.0,,2.0,,,,1.0,54.0,2.0,380.0,,,,75.0,,4.0,2.0,1.0,5.0,4.0,3.0,2.0,1.0,4.0,2.0,4.0,1.0,,,4.0,5.0,3.0,,,,,4.0,1.0,7.0,5.0,5.0,3.0,5.0,6.0,6.0,5.0,60.0,60.0,55.0,45.0,55.0,65.0,55.0,75.0,65.0,80.0,4.0,6.0,,1.0,1.0,1.0,1.0,1.0,1.0,1.0,1.0,1.0,1.0,,,,,,,1.0,1.0,2.0,1.0,2.0,2.0,2.0,2.0,1.0,1.0,2.0,2.0,1.0,2.0,2.0,2.0,2.0,1.0,1.0,2.0,1.0,2.0,1.0,1.0,1.0,1.0,2.0,2.0,1.0,1.0,2.0,2.0,1.0,2.0,2.0,1.0,2.0,2.0,2.0,1.0,4.0,,,5.0,,,,8.0,,6.0,
pid_1255,1.0,,1.0,,2.0,54.0,,,2.0,380.0,,,30.0,,,2.0,4.0,5.0,1.0,1.0,5.0,5.0,4.0,5.0,5.0,5.0,,5.0,,,,,4.0,3.0,2.0,,4.0,2.0,7.0,5.0,5.0,5.0,3.0,5.0,6.0,6.0,55.0,60.0,40.0,45.0,62.0,60.0,52.0,75.0,70.0,80.0,4.0,,7.0,,,,,,,,,,,1.0,1.0,1.0,1.0,1.0,1.0,1.0,1.0,2.0,2.0,2.0,2.0,1.0,2.0,2.0,1.0,1.0,2.0,1.0,1.0,1.0,2.0,1.0,1.0,2.0,2.0,1.0,2.0,1.0,2.0,1.0,1.0,2.0,2.0,1.0,1.0,2.0,2.0,2.0,2.0,1.0,1.0,2.0,1.0,1.0,2.0,,5.0,,,6.0,,19.0,,,,4.0
pid_1256,1.0,,1.0,,2.0,54.0,,,2.0,350.0,,,,65.0,2.0,,4.0,4.0,2.0,2.0,5.0,4.0,2.0,5.0,5.0,5.0,,5.0,,,,,4.0,5.0,5.0,4.0,,2.0,6.0,3.0,5.0,5.0,5.0,5.0,6.0,6.0,55.0,57.0,48.0,42.0,58.0,60.0,48.0,65.0,67.0,75.0,4.0,6.0,,1.0,1.0,1.0,1.0,1.0,1.0,1.0,1.0,1.0,1.0,,,,,,,2.0,2.0,2.0,2.0,2.0,1.0,1.0,2.0,1.0,2.0,2.0,2.0,1.0,2.0,1.0,2.0,1.0,1.0,2.0,1.0,1.0,2.0,2.0,2.0,2.0,2.0,1.0,2.0,1.0,2.0,2.0,1.0,2.0,1.0,2.0,1.0,2.0,1.0,1.0,1.0,,4.0,,,5.0,,,0.0,2.0,,
pid_1257,1.0,,2.0,,,,1.0,40.0,,,1.0,300.0,50.0,,,6.0,4.0,5.0,1.0,1.0,5.0,5.0,4.0,5.0,5.0,5.0,,5.0,,,,,4.0,5.0,5.0,4.0,,1.0,6.0,5.0,5.0,6.0,5.0,6.0,6.0,5.0,55.0,55.0,45.0,40.0,60.0,65.0,50.0,70.0,65.0,75.0,4.0,6.0,,1.0,1.0,1.0,1.0,1.0,1.0,1.0,1.0,1.0,1.0,,,,,,,2.0,2.0,2.0,2.0,1.0,1.0,2.0,1.0,2.0,1.0,1.0,1.0,1.0,1.0,2.0,2.0,1.0,2.0,1.0,1.0,2.0,2.0,2.0,2.0,1.0,2.0,1.0,2.0,1.0,2.0,2.0,2.0,1.0,1.0,2.0,1.0,2.0,1.0,2.0,1.0,,4.0,,,6.0,,18.0,,,9.0,
pid_1258,,1.0,2.0,,,,1.0,30.0,,,1.0,380.0,30.0,,,2.0,2.0,4.0,4.0,4.0,4.0,2.0,1.0,4.0,2.0,4.0,,,5.0,,,,4.0,5.0,3.0,,4.0,2.0,6.0,5.0,5.0,3.0,5.0,6.0,6.0,6.0,50.0,55.0,60.0,45.0,60.0,55.0,45.0,70.0,65.0,75.0,4.0,,6.0,1.0,1.0,1.0,1.0,1.0,1.0,1.0,1.0,1.0,1.0,,,,,,,1.0,2.0,1.0,1.0,1.0,2.0,2.0,1.0,2.0,2.0,1.0,2.0,1.0,1.0,1.0,1.0,2.0,1.0,1.0,2.0,1.0,2.0,1.0,2.0,2.0,2.0,1.0,2.0,1.0,2.0,2.0,1.0,2.0,2.0,1.0,2.0,1.0,1.0,2.0,1.0,,,4.0,,,6.0,16.0,,2.0,,
pid_1260,,1.0,1.0,,2.0,54.0,,,2.0,380.0,,,,70.0,1.0,,5.0,5.0,1.0,1.0,5.0,5.0,5.0,5.0,5.0,5.0,,,5.0,5.0,5.0,2.0,,,,,4.0,2.0,7.0,5.0,5.0,5.0,5.0,5.0,6.0,6.0,60.0,60.0,55.0,45.0,55.0,60.0,55.0,75.0,65.0,75.0,4.0,,7.0,1.0,1.0,1.0,1.0,1.0,1.0,1.0,1.0,1.0,1.0,,,,,,,2.0,2.0,2.0,1.0,2.0,2.0,2.0,2.0,2.0,2.0,2.0,2.0,2.0,2.0,2.0,1.0,1.0,1.0,2.0,1.0,1.0,2.0,2.0,1.0,2.0,2.0,2.0,2.0,2.0,2.0,2.0,2.0,2.0,1.0,2.0,2.0,1.0,2.0,2.0,2.0,,,5.0,,,6.0,,20.0,,,5.0
pid_1261,,1.0,1.0,,,,1.0,54.0,2.0,380.0,,,30.0,,2.0,,2.0,2.0,5.0,4.0,4.0,4.0,1.0,4.0,2.0,4.0,2.0,,,,,,3.0,4.0,4.0,,4.0,1.0,7.0,5.0,5.0,5.0,3.0,5.0,6.0,6.0,60.0,65.0,55.0,45.0,70.0,72.0,55.0,75.0,65.0,80.0,4.0,6.0,,1.0,1.0,1.0,1.0,1.0,1.0,1.0,1.0,1.0,1.0,,,,,,,2.0,1.0,2.0,2.0,2.0,2.0,2.0,2.0,2.0,1.0,1.0,2.0,2.0,1.0,1.0,2.0,1.0,1.0,2.0,1.0,1.0,1.0,1.0,2.0,2.0,1.0,2.0,1.0,1.0,2.0,2.0,1.0,1.0,2.0,1.0,1.0,2.0,2.0,1.0,1.0,5.0,,,6.0,,,,20.0,,,4.0
pid_1262,,1.0,1.0,,2.0,54.0,,,2.0,380.0,,,,85.0,2.0,,5.0,5.0,1.0,1.0,5.0,5.0,5.0,5.0,5.0,5.0,4.0,,,5.0,5.0,2.0,,,,,4.0,1.0,6.0,5.0,5.0,5.0,5.0,6.0,6.0,6.0,55.0,55.0,40.0,35.0,60.0,65.0,50.0,70.0,65.0,75.0,4.0,6.0,,,,,,,,,,,,1.0,1.0,1.0,1.0,1.0,1.0,1.0,1.0,2.0,1.0,2.0,2.0,2.0,2.0,1.0,2.0,2.0,1.0,2.0,2.0,2.0,1.0,2.0,2.0,2.0,1.0,1.0,2.0,2.0,1.0,1.0,2.0,2.0,2.0,2.0,1.0,2.0,1.0,2.0,2.0,1.0,2.0,2.0,2.0,2.0,2.0,5.0,,,6.0,,,16.0,,,6.0,
pid_1263,,1.0,1.0,,,,1.0,54.0,,,1.0,379.0,,70.0,3.0,,5.0,5.0,1.0,1.0,5.0,5.0,4.0,5.0,5.0,5.0,,,5.0,4.0,3.0,4.0,,,,,4.0,1.0,7.0,5.0,5.0,5.0,5.0,5.0,6.0,6.0,52.0,55.0,44.0,38.0,55.0,58.0,48.0,67.0,68.0,78.0,4.0,,6.0,,,,,,,,,,,1.0,1.0,1.0,1.0,1.0,1.0,2.0,1.0,2.0,2.0,2.0,2.0,2.0,2.0,2.0,2.0,2.0,2.0,2.0,1.0,2.0,2.0,1.0,2.0,1.0,1.0,1.0,2.0,2.0,2.0,1.0,2.0,2.0,2.0,2.0,2.0,1.0,2.0,2.0,1.0,2.0,2.0,1.0,2.0,1.0,1.0,,,5.0,,,6.0,,4.0,,,3.0
pid_1264,,1.0,,2.0,2.0,54.0,,,2.0,380.0,,,70.0,,1.0,,2.0,5.0,4.0,2.0,3.0,2.0,4.0,5.0,4.0,4.0,,5.0,,,,,4.0,5.0,5.0,,4.0,1.0,7.0,5.0,5.0,3.0,5.0,6.0,6.0,6.0,55.0,62.0,49.0,43.0,52.0,58.0,48.0,68.0,64.0,72.0,4.0,,6.0,1.0,1.0,1.0,1.0,1.0,1.0,1.0,1.0,1.0,1.0,,,,,,,2.0,2.0,1.0,2.0,1.0,2.0,1.0,1.0,2.0,2.0,1.0,2.0,2.0,2.0,2.0,1.0,2.0,1.0,2.0,2.0,1.0,1.0,1.0,2.0,2.0,1.0,2.0,1.0,2.0,2.0,1.0,1.0,1.0,1.0,2.0,1.0,2.0,1.0,2.0,1.0,,5.0,,,6.0,,,5.0,,,4.0
pid_1265,1.0,,2.0,,,,1.0,54.0,,,1.0,380.0,,80.0,2.0,,2.0,1.0,5.0,4.0,2.0,2.0,1.0,2.0,2.0,4.0,,,5.0,4.0,5.0,,,,,,4.0,2.0,6.0,5.0,5.0,5.0,5.0,5.0,6.0,6.0,50.0,55.0,60.0,45.0,45.0,55.0,45.0,65.0,60.0,75.0,4.0,6.0,,1.0,1.0,1.0,1.0,1.0,1.0,1.0,1.0,1.0,1.0,,,,,,,2.0,2.0,2.0,1.0,2.0,2.0,1.0,1.0,1.0,2.0,1.0,1.0,2.0,1.0,2.0,1.0,2.0,1.0,1.0,1.0,2.0,2.0,2.0,1.0,1.0,2.0,1.0,1.0,2.0,1.0,1.0,1.0,1.0,2.0,1.0,1.0,2.0,2.0,1.0,1.0,,,4.0,,,6.0,,20.0,,,3.0
pid_1266,1.0,,1.0,,2.0,54.0,,,2.0,380.0,,,30.0,,5.0,,4.0,5.0,1.0,1.0,5.0,5.0,4.0,5.0,5.0,5.0,2.0,,,,,,4.0,3.0,5.0,,4.0,1.0,6.0,5.0,3.0,5.0,5.0,5.0,6.0,6.0,60.0,65.0,45.0,35.0,55.0,60.0,55.0,70.0,65.0,75.0,4.0,,6.0,1.0,1.0,1.0,1.0,1.0,1.0,1.0,1.0,1.0,1.0,,,,,,,1.0,2.0,1.0,2.0,1.0,2.0,2.0,2.0,2.0,1.0,2.0,1.0,1.0,2.0,1.0,2.0,2.0,1.0,1.0,1.0,2.0,2.0,2.0,1.0,2.0,2.0,1.0,2.0,2.0,1.0,2.0,2.0,1.0,1.0,2.0,2.0,2.0,2.0,1.0,2.0,5.0,,,5.0,,,18.0,,,9.0,
pid_1267,1.0,,,2.0,2.0,54.0,,,2.0,380.0,,,30.0,,2.0,,4.0,4.0,4.0,2.0,4.0,4.0,2.0,5.0,4.0,4.0,1.0,,,,,,4.0,3.0,5.0,,4.0,2.0,6.0,5.0,5.0,5.0,5.0,5.0,6.0,5.0,55.0,58.0,48.0,42.0,60.0,58.0,48.0,68.0,62.0,75.0,4.0,,7.0,1.0,1.0,1.0,1.0,1.0,1.0,1.0,1.0,1.0,1.0,,,,,,,1.0,2.0,2.0,1.0,1.0,2.0,2.0,1.0,2.0,2.0,2.0,2.0,2.0,2.0,1.0,2.0,2.0,1.0,1.0,1.0,2.0,2.0,2.0,2.0,2.0,2.0,2.0,2.0,2.0,1.0,1.0,1.0,2.0,1.0,1.0,2.0,2.0,2.0,2.0,1.0,4.0,,,5.0,,,16.0,,,,3.0
pid_1268,1.0,,1.0,,2.0,54.0,,,,,1.0,380.0,30.0,,2.0,,2.0,5.0,2.0,2.0,5.0,4.0,2.0,4.0,4.0,4.0,2.0,,,,,,4.0,3.0,5.0,,4.0,2.0,6.0,5.0,5.0,5.0,5.0,5.0,6.0,6.0,50.0,65.0,55.0,45.0,60.0,55.0,50.0,70.0,65.0,75.0,4.0,6.0,,,,,,,,,,,,1.0,1.0,1.0,1.0,1.0,1.0,2.0,2.0,2.0,1.0,1.0,1.0,2.0,1.0,1.0,2.0,2.0,1.0,1.0,1.0,1.0,2.0,1.0,1.0,1.0,2.0,1.0,1.0,2.0,1.0,2.0,1.0,1.0,1.0,1.0,1.0,2.0,1.0,2.0,1.0,2.0,1.0,2.0,1.0,1.0,2.0,4.0,,,5.0,,,,15.0,1.0,,
pid_1269,1.0,,,2.0,2.0,54.0,,,2.0,379.0,,,,65.0,,2.0,2.0,4.0,5.0,4.0,2.0,2.0,1.0,4.0,2.0,4.0,,,5.0,,,,4.0,3.0,5.0,4.0,,2.0,6.0,3.0,5.0,5.0,5.0,5.0,6.0,6.0,45.0,,,,55.0,58.0,48.0,,,,4.0,6.0,,,,,,,,,,,,1.0,1.0,1.0,1.0,1.0,1.0,1.0,1.0,1.0,2.0,1.0,1.0,1.0,2.0,1.0,1.0,2.0,2.0,2.0,2.0,2.0,1.0,2.0,2.0,1.0,2.0,2.0,1.0,1.0,1.0,1.0,1.0,2.0,1.0,1.0,1.0,2.0,1.0,2.0,2.0,1.0,1.0,2.0,1.0,1.0,2.0,,,5.0,,,6.0,18.0,,1.0,,
pid_1270,,1.0,2.0,,,,1.0,30.0,,,1.0,300.0,,85.0,5.0,,1.0,1.0,5.0,4.0,2.0,1.0,1.0,2.0,1.0,2.0,,,5.0,,,,4.0,5.0,5.0,6.0,,1.0,7.0,5.0,5.0,5.0,5.0,6.0,6.0,6.0,45.0,55.0,55.0,45.0,55.0,48.0,48.0,70.0,65.0,75.0,4.0,,7.0,,,,,,,,,,,1.0,1.0,1.0,1.0,1.0,1.0,2.0,1.0,1.0,2.0,2.0,2.0,1.0,2.0,2.0,1.0,2.0,2.0,2.0,1.0,1.0,1.0,1.0,2.0,2.0,1.0,2.0,1.0,1.0,1.0,2.0,1.0,1.0,1.0,1.0,2.0,1.0,1.0,1.0,2.0,1.0,2.0,1.0,2.0,2.0,1.0,,,5.0,,,6.0,16.0,,,9.0,
pid_1271,,1.0,,2.0,,,1.0,20.0,,,1.0,150.0,,70.0,,4.0,2.0,1.0,5.0,4.0,4.0,2.0,1.0,2.0,1.0,4.0,,4.0,,3.0,5.0,2.0,,,,4.0,,1.0,7.0,5.0,5.0,5.0,3.0,6.0,6.0,6.0,60.0,65.0,60.0,50.0,55.0,65.0,55.0,70.0,65.0,75.0,3.0,,6.0,1.0,1.0,1.0,1.0,1.0,1.0,1.0,1.0,1.0,1.0,,,,,,,1.0,1.0,1.0,2.0,1.0,2.0,2.0,1.0,1.0,1.0,2.0,2.0,1.0,1.0,1.0,2.0,1.0,1.0,2.0,1.0,2.0,1.0,2.0,2.0,1.0,1.0,1.0,1.0,1.0,2.0,2.0,2.0,2.0,1.0,2.0,1.0,2.0,1.0,1.0,2.0,,5.0,,,6.0,,,20.0,,9.0,
pid_1272,,1.0,,2.0,,,1.0,20.0,2.0,350.0,,,40.0,,,2.0,4.0,5.0,1.0,1.0,5.0,5.0,4.0,5.0,5.0,5.0,,,5.0,,,,4.0,3.0,5.0,4.0,,2.0,7.0,3.0,5.0,5.0,5.0,5.0,6.0,6.0,65.0,,,,62.0,60.0,55.0,,65.0,,4.0,6.0,,,,,,,,,,,,1.0,1.0,1.0,1.0,1.0,1.0,2.0,2.0,2.0,2.0,2.0,2.0,2.0,1.0,2.0,2.0,2.0,1.0,1.0,2.0,1.0,2.0,2.0,2.0,2.0,2.0,1.0,2.0,2.0,1.0,2.0,2.0,1.0,2.0,1.0,2.0,2.0,2.0,1.0,1.0,2.0,2.0,1.0,2.0,1.0,2.0,,,5.0,,,6.0,18.0,,2.0,,
pid_1273,1.0,,1.0,,,,1.0,54.0,,,1.0,379.0,30.0,,,2.0,2.0,1.0,5.0,4.0,2.0,2.0,1.0,2.0,2.0,4.0,,5.0,,4.0,5.0,3.0,,,,4.0,,1.0,7.0,5.0,5.0,5.0,5.0,5.0,6.0,6.0,45.0,60.0,55.0,45.0,40.0,45.0,45.0,65.0,55.0,70.0,4.0,,7.0,1.0,1.0,1.0,1.0,1.0,1.0,1.0,1.0,1.0,1.0,,,,,,,2.0,2.0,2.0,1.0,1.0,1.0,1.0,2.0,2.0,2.0,1.0,2.0,1.0,2.0,1.0,2.0,2.0,1.0,1.0,2.0,2.0,2.0,1.0,2.0,2.0,1.0,1.0,1.0,1.0,2.0,1.0,2.0,2.0,2.0,1.0,2.0,1.0,2.0,1.0,1.0,,5.0,,,6.0,,,15.0,,,3.0
pid_1274,1.0,,,2.0,2.0,54.0,,,,,1.0,300.0,30.0,,,2.0,4.0,5.0,1.0,1.0,5.0,5.0,4.0,5.0,5.0,5.0,1.0,,,,,,4.0,3.0,5.0,6.0,,2.0,7.0,5.0,6.0,5.0,3.0,6.0,6.0,5.0,55.0,65.0,40.0,35.0,60.0,60.0,50.0,70.0,65.0,75.0,4.0,,6.0,1.0,1.0,1.0,1.0,1.0,1.0,1.0,1.0,1.0,1.0,,,,,,,2.0,2.0,2.0,1.0,2.0,1.0,2.0,1.0,2.0,1.0,2.0,2.0,2.0,2.0,1.0,2.0,2.0,1.0,1.0,1.0,1.0,2.0,1.0,1.0,2.0,2.0,1.0,2.0,2.0,2.0,1.0,1.0,1.0,2.0,2.0,1.0,1.0,2.0,1.0,2.0,5.0,,,6.0,,,18.0,,,,3.0
pid_1275,,1.0,,2.0,,,1.0,54.0,,,1.0,380.0,,85.0,,3.0,2.0,1.0,5.0,4.0,2.0,2.0,1.0,4.0,2.0,2.0,,,1.0,,,,4.0,5.0,5.0,6.0,,1.0,6.0,5.0,5.0,5.0,5.0,5.0,6.0,6.0,55.0,60.0,55.0,50.0,60.0,65.0,45.0,65.0,65.0,75.0,4.0,6.0,,1.0,1.0,1.0,1.0,1.0,1.0,1.0,1.0,1.0,1.0,,,,,,,1.0,2.0,2.0,2.0,2.0,2.0,2.0,2.0,2.0,2.0,2.0,1.0,2.0,1.0,2.0,1.0,1.0,2.0,1.0,2.0,2.0,2.0,1.0,1.0,2.0,1.0,2.0,1.0,2.0,1.0,2.0,1.0,2.0,2.0,1.0,2.0,2.0,2.0,1.0,2.0,,,4.0,,,5.0,18.0,,2.0,,
pid_1276,,1.0,1.0,,2.0,54.0,,,2.0,380.0,,,,70.0,,1.0,2.0,4.0,4.0,2.0,4.0,4.0,1.0,4.0,2.0,4.0,,5.0,,,,,4.0,5.0,5.0,,4.0,2.0,7.0,3.0,5.0,5.0,5.0,6.0,6.0,6.0,55.0,62.0,48.0,38.0,60.0,58.0,48.0,72.0,65.0,78.0,4.0,,7.0,,,,,,,,,,,1.0,1.0,1.0,1.0,1.0,1.0,1.0,1.0,2.0,2.0,2.0,2.0,1.0,2.0,1.0,2.0,1.0,2.0,1.0,1.0,1.0,2.0,2.0,1.0,2.0,2.0,1.0,1.0,2.0,1.0,1.0,2.0,2.0,1.0,2.0,2.0,1.0,1.0,2.0,1.0,1.0,1.0,2.0,2.0,1.0,2.0,,5.0,,,6.0,,18.0,,,9.0,
pid_1277,1.0,,1.0,,2.0,54.0,,,,,1.0,380.0,30.0,,2.0,,5.0,5.0,1.0,1.0,5.0,5.0,4.0,5.0,5.0,5.0,,5.0,,5.0,5.0,3.0,,,,4.0,,1.0,7.0,3.0,5.0,5.0,5.0,5.0,6.0,6.0,45.0,65.0,55.0,40.0,55.0,60.0,55.0,75.0,65.0,80.0,4.0,7.0,,,,,,,,,,,,1.0,1.0,1.0,1.0,1.0,1.0,2.0,2.0,2.0,1.0,1.0,2.0,2.0,1.0,2.0,1.0,1.0,1.0,1.0,2.0,1.0,2.0,1.0,2.0,1.0,2.0,2.0,1.0,2.0,2.0,2.0,1.0,1.0,2.0,2.0,2.0,1.0,2.0,1.0,2.0,2.0,1.0,1.0,1.0,1.0,2.0,,5.0,,,6.0,,,20.0,,9.0,
pid_1278,1.0,,1.0,,,,1.0,54.0,2.0,380.0,,,30.0,,,2.0,5.0,5.0,1.0,1.0,5.0,5.0,5.0,5.0,5.0,5.0,,,5.0,4.0,5.0,3.0,,,,4.0,,2.0,7.0,5.0,3.0,5.0,3.0,5.0,6.0,6.0,60.0,65.0,40.0,35.0,65.0,65.0,55.0,70.0,70.0,75.0,4.0,6.0,,,,,,,,,,,,1.0,1.0,1.0,1.0,1.0,1.0,1.0,1.0,2.0,2.0,1.0,2.0,1.0,2.0,2.0,2.0,1.0,2.0,1.0,1.0,1.0,1.0,1.0,2.0,1.0,2.0,2.0,2.0,2.0,1.0,1.0,1.0,1.0,1.0,2.0,2.0,2.0,2.0,2.0,1.0,1.0,1.0,2.0,2.0,1.0,2.0,,,5.0,,,5.0,,0.0,2.0,,
pid_1279,,1.0,,1.0,2.0,54.0,,,,,1.0,379.0,30.0,,,3.0,4.0,5.0,1.0,1.0,5.0,5.0,4.0,5.0,5.0,5.0,4.0,,,,,,4.0,4.0,5.0,,4.0,1.0,6.0,5.0,5.0,5.0,5.0,6.0,6.0,6.0,65.0,58.0,45.0,42.0,62.0,65.0,55.0,72.0,67.0,75.0,4.0,6.0,,,,,,,,,,,,1.0,1.0,1.0,1.0,1.0,1.0,1.0,1.0,2.0,2.0,2.0,1.0,2.0,2.0,2.0,2.0,2.0,2.0,2.0,1.0,1.0,1.0,1.0,1.0,2.0,2.0,2.0,2.0,1.0,1.0,1.0,1.0,2.0,1.0,1.0,2.0,2.0,1.0,1.0,1.0,1.0,2.0,1.0,2.0,2.0,1.0,5.0,,,6.0,,,,20.0,,6.0,
pid_1280,,1.0,2.0,,2.0,54.0,,,,,1.0,380.0,,85.0,3.0,,2.0,1.0,5.0,4.0,1.0,1.0,1.0,2.0,1.0,2.0,,,5.0,4.0,5.0,3.0,,,,5.0,,2.0,6.0,5.0,5.0,5.0,5.0,6.0,6.0,6.0,45.0,65.0,60.0,55.0,50.0,48.0,55.0,65.0,60.0,75.0,4.0,,7.0,,,,,,,,,,,1.0,1.0,1.0,1.0,1.0,1.0,2.0,1.0,1.0,2.0,2.0,1.0,1.0,1.0,2.0,2.0,2.0,2.0,2.0,1.0,2.0,1.0,2.0,2.0,1.0,2.0,1.0,1.0,1.0,1.0,2.0,1.0,2.0,1.0,1.0,1.0,2.0,1.0,2.0,1.0,2.0,1.0,2.0,1.0,2.0,2.0,,,5.0,,,6.0,18.0,,,,3.0
pid_1281,1.0,,1.0,,2.0,54.0,,,,,1.0,380.0,,70.0,2.0,,4.0,5.0,1.0,1.0,5.0,5.0,4.0,5.0,5.0,5.0,,,5.0,,,,4.0,3.0,5.0,4.0,,2.0,6.0,3.0,5.0,5.0,5.0,6.0,6.0,6.0,55.0,60.0,45.0,35.0,60.0,65.0,55.0,75.0,70.0,80.0,4.0,6.0,,1.0,1.0,1.0,1.0,1.0,1.0,1.0,1.0,1.0,1.0,,,,,,,2.0,2.0,2.0,1.0,1.0,1.0,2.0,2.0,2.0,1.0,1.0,2.0,1.0,2.0,1.0,1.0,1.0,2.0,2.0,2.0,2.0,2.0,1.0,2.0,2.0,1.0,2.0,2.0,2.0,1.0,2.0,2.0,2.0,1.0,2.0,2.0,2.0,1.0,2.0,2.0,,,5.0,,,6.0,,20.0,,,4.0
pid_1283,,1.0,,2.0,2.0,50.0,,,,,1.0,100.0,30.0,,,1.0,2.0,1.0,5.0,4.0,2.0,2.0,1.0,2.0,1.0,2.0,,,5.0,4.0,5.0,3.0,,,,,4.0,1.0,7.0,5.0,5.0,6.0,5.0,5.0,6.0,6.0,55.0,50.0,65.0,45.0,60.0,58.0,48.0,68.0,65.0,75.0,4.0,7.0,,1.0,1.0,1.0,1.0,1.0,1.0,1.0,1.0,1.0,1.0,,,,,,,2.0,1.0,2.0,2.0,1.0,1.0,2.0,1.0,2.0,2.0,2.0,1.0,1.0,1.0,2.0,2.0,2.0,2.0,1.0,1.0,2.0,1.0,2.0,1.0,2.0,1.0,1.0,1.0,1.0,2.0,2.0,2.0,2.0,2.0,1.0,1.0,1.0,1.0,1.0,1.0,,,5.0,,,6.0,16.0,,,,4.0
pid_1284,,1.0,,2.0,2.0,54.0,,,2.0,379.0,,,30.0,,,2.0,5.0,5.0,1.0,1.0,5.0,5.0,4.0,5.0,5.0,5.0,,5.0,,4.0,5.0,3.0,,,,6.0,,2.0,7.0,5.0,5.0,5.0,5.0,5.0,6.0,6.0,55.0,55.0,35.0,35.0,60.0,65.0,55.0,75.0,65.0,80.0,4.0,,6.0,,,,,,,,,,,1.0,1.0,1.0,1.0,1.0,1.0,2.0,2.0,2.0,2.0,2.0,2.0,1.0,2.0,2.0,2.0,2.0,2.0,2.0,2.0,1.0,2.0,2.0,2.0,2.0,2.0,1.0,2.0,1.0,1.0,2.0,1.0,2.0,2.0,1.0,2.0,1.0,1.0,2.0,2.0,2.0,2.0,2.0,2.0,2.0,1.0,,5.0,,,6.0,,18.0,,,,3.0
pid_1285,,1.0,2.0,,2.0,54.0,,,,,1.0,379.0,30.0,,4.0,,4.0,4.0,2.0,2.0,4.0,4.0,2.0,4.0,4.0,4.0,,5.0,,4.0,5.0,3.0,,,,4.0,,2.0,6.0,3.0,5.0,5.0,5.0,5.0,6.0,6.0,60.0,62.0,45.0,38.0,58.0,62.0,55.0,72.0,65.0,76.0,4.0,6.0,,1.0,1.0,1.0,1.0,1.0,1.0,1.0,1.0,1.0,1.0,,,,,,,1.0,2.0,2.0,2.0,1.0,1.0,1.0,2.0,1.0,2.0,2.0,2.0,1.0,1.0,2.0,1.0,2.0,1.0,1.0,1.0,2.0,1.0,1.0,1.0,2.0,1.0,1.0,1.0,2.0,2.0,1.0,1.0,1.0,2.0,1.0,2.0,1.0,2.0,2.0,1.0,,4.0,,,5.0,,,20.0,,6.0,
pid_1286,1.0,,2.0,,2.0,54.0,,,2.0,350.0,,,,80.0,,3.0,4.0,4.0,2.0,2.0,5.0,5.0,2.0,5.0,4.0,5.0,,5.0,,,,,4.0,3.0,5.0,,4.0,2.0,7.0,5.0,5.0,6.0,5.0,6.0,6.0,5.0,60.0,55.0,45.0,40.0,55.0,60.0,50.0,70.0,65.0,75.0,4.0,6.0,,,,,,,,,,,,1.0,1.0,1.0,1.0,1.0,1.0,1.0,1.0,1.0,2.0,1.0,2.0,1.0,1.0,1.0,2.0,1.0,1.0,2.0,2.0,1.0,1.0,2.0,2.0,2.0,2.0,1.0,1.0,2.0,2.0,1.0,2.0,1.0,2.0,2.0,1.0,1.0,2.0,2.0,2.0,1.0,2.0,1.0,1.0,2.0,2.0,,4.0,,,6.0,,18.0,,,6.0,
pid_1287,1.0,,,2.0,2.0,54.0,,,2.0,380.0,,,30.0,,2.0,,4.0,5.0,1.0,1.0,5.0,5.0,5.0,5.0,5.0,5.0,,,5.0,4.0,5.0,3.0,,,,6.0,,2.0,7.0,3.0,5.0,5.0,5.0,5.0,6.0,6.0,55.0,65.0,45.0,40.0,60.0,58.0,55.0,75.0,70.0,80.0,4.0,,6.0,1.0,1.0,1.0,1.0,1.0,1.0,1.0,1.0,1.0,1.0,,,,,,,2.0,1.0,2.0,1.0,2.0,2.0,1.0,1.0,2.0,2.0,2.0,2.0,1.0,1.0,2.0,2.0,2.0,2.0,2.0,2.0,2.0,1.0,2.0,2.0,2.0,1.0,1.0,2.0,2.0,2.0,2.0,1.0,2.0,1.0,2.0,2.0,2.0,2.0,2.0,2.0,,,5.0,,,6.0,18.0,,2.0,,
pid_1288,,1.0,,2.0,2.0,54.0,,,,,1.0,380.0,,85.0,4.0,,5.0,5.0,1.0,1.0,5.0,5.0,4.0,5.0,5.0,5.0,1.0,,,,,,4.0,5.0,5.0,6.0,,2.0,7.0,3.0,5.0,5.0,5.0,6.0,6.0,6.0,60.0,65.0,35.0,30.0,65.0,62.0,55.0,75.0,70.0,80.0,4.0,,7.0,1.0,1.0,1.0,1.0,1.0,1.0,1.0,1.0,1.0,1.0,,,,,,,1.0,1.0,1.0,1.0,1.0,2.0,1.0,2.0,2.0,1.0,2.0,2.0,2.0,2.0,1.0,1.0,2.0,1.0,1.0,1.0,1.0,1.0,2.0,1.0,2.0,2.0,1.0,1.0,2.0,1.0,1.0,1.0,1.0,1.0,1.0,1.0,2.0,2.0,1.0,2.0,5.0,,,6.0,,,,15.0,2.0,,
pid_1289,,1.0,1.0,,2.0,54.0,,,2.0,380.0,,,,70.0,2.0,,4.0,5.0,1.0,1.0,5.0,5.0,4.0,5.0,5.0,5.0,,5.0,,3.0,5.0,2.0,,,,,4.0,1.0,6.0,3.0,5.0,5.0,5.0,6.0,6.0,6.0,55.0,60.0,40.0,35.0,60.0,65.0,50.0,70.0,65.0,75.0,4.0,6.0,,1.0,1.0,1.0,1.0,1.0,1.0,1.0,1.0,1.0,1.0,,,,,,,1.0,1.0,2.0,2.0,1.0,2.0,2.0,2.0,1.0,2.0,1.0,2.0,1.0,2.0,2.0,1.0,2.0,2.0,1.0,2.0,1.0,2.0,2.0,1.0,2.0,1.0,2.0,2.0,1.0,2.0,2.0,1.0,1.0,1.0,2.0,1.0,2.0,2.0,1.0,2.0,,5.0,,,6.0,,18.0,,1.0,,
pid_1290,,1.0,,2.0,,,1.0,54.0,,,1.0,379.0,30.0,,2.0,,5.0,5.0,1.0,1.0,5.0,5.0,4.0,5.0,5.0,5.0,,5.0,,4.0,5.0,3.0,,,,,6.0,1.0,7.0,5.0,3.0,2.0,5.0,6.0,6.0,6.0,60.0,65.0,40.0,45.0,65.0,62.0,55.0,75.0,70.0,80.0,4.0,,6.0,1.0,1.0,1.0,1.0,1.0,1.0,1.0,1.0,1.0,1.0,,,,,,,1.0,2.0,2.0,2.0,1.0,2.0,2.0,1.0,1.0,1.0,2.0,1.0,1.0,2.0,2.0,1.0,2.0,1.0,2.0,2.0,1.0,2.0,1.0,1.0,2.0,1.0,2.0,2.0,1.0,1.0,2.0,2.0,1.0,2.0,1.0,2.0,1.0,1.0,1.0,2.0,,5.0,,,6.0,,,20.0,2.0,,
pid_1291,,1.0,,2.0,,,1.0,54.0,,,1.0,100.0,30.0,,2.0,,5.0,5.0,1.0,1.0,5.0,5.0,4.0,5.0,5.0,5.0,2.0,,,4.0,5.0,3.0,,,,,4.0,2.0,6.0,5.0,5.0,5.0,3.0,6.0,6.0,6.0,55.0,55.0,35.0,55.0,58.0,58.0,48.0,65.0,68.0,80.0,4.0,,7.0,1.0,1.0,1.0,1.0,1.0,1.0,1.0,1.0,1.0,1.0,,,,,,,1.0,2.0,1.0,1.0,1.0,1.0,2.0,2.0,1.0,1.0,2.0,1.0,2.0,2.0,1.0,1.0,2.0,1.0,2.0,1.0,1.0,2.0,2.0,1.0,1.0,1.0,1.0,2.0,2.0,2.0,1.0,1.0,1.0,1.0,1.0,1.0,1.0,1.0,1.0,1.0,5.0,,,6.0,,,15.0,,3.0,,
pid_1292,1.0,,1.0,,,,1.0,54.0,,,1.0,300.0,,70.0,2.0,,4.0,5.0,1.0,1.0,5.0,5.0,4.0,5.0,5.0,5.0,,5.0,,,,,4.0,5.0,4.0,6.0,,1.0,6.0,5.0,3.0,5.0,3.0,5.0,6.0,6.0,55.0,60.0,45.0,40.0,50.0,60.0,55.0,70.0,65.0,75.0,4.0,,6.0,1.0,1.0,1.0,1.0,1.0,1.0,1.0,1.0,1.0,1.0,,,,,,,2.0,1.0,1.0,2.0,1.0,2.0,1.0,2.0,1.0,2.0,1.0,2.0,1.0,2.0,2.0,2.0,1.0,2.0,2.0,2.0,1.0,1.0,1.0,1.0,2.0,1.0,1.0,2.0,2.0,1.0,2.0,1.0,1.0,2.0,2.0,1.0,2.0,2.0,2.0,2.0,,5.0,,,6.0,,15.0,,,,4.0
pid_1293,,2.0,,2.0,,,1.0,54.0,,,1.0,379.0,35.0,,,3.0,4.0,5.0,2.0,1.0,5.0,5.0,4.0,5.0,4.0,5.0,2.0,,,4.0,5.0,3.0,,,,,4.0,1.0,7.0,3.0,5.0,5.0,5.0,5.0,6.0,6.0,55.0,65.0,55.0,35.0,60.0,62.0,50.0,70.0,65.0,75.0,4.0,7.0,,,,,,,,,,,,1.0,1.0,1.0,1.0,1.0,1.0,2.0,1.0,2.0,2.0,1.0,1.0,2.0,1.0,2.0,1.0,1.0,2.0,1.0,1.0,2.0,1.0,2.0,1.0,1.0,2.0,1.0,1.0,2.0,2.0,1.0,2.0,1.0,2.0,1.0,2.0,2.0,2.0,2.0,2.0,2.0,1.0,2.0,1.0,2.0,2.0,4.0,,,6.0,,,18.0,,,,3.0
pid_1294,,1.0,,1.0,,,1.0,50.0,2.0,600.0,,,30.0,,2.0,,4.0,4.0,2.0,2.0,4.0,4.0,2.0,5.0,5.0,4.0,,5.0,,,,,4.0,3.0,5.0,4.0,,2.0,7.0,3.0,5.0,5.0,5.0,6.0,6.0,6.0,55.0,55.0,45.0,40.0,60.0,60.0,45.0,65.0,65.0,70.0,4.0,6.0,,,,,,,,,,,,1.0,1.0,1.0,1.0,1.0,1.0,1.0,1.0,1.0,1.0,2.0,2.0,1.0,1.0,2.0,2.0,2.0,1.0,1.0,2.0,1.0,2.0,2.0,1.0,2.0,1.0,2.0,1.0,2.0,1.0,2.0,2.0,2.0,2.0,2.0,1.0,2.0,1.0,1.0,2.0,1.0,2.0,2.0,2.0,2.0,2.0,,4.0,,,6.0,,,18.0,,,3.0
pid_1295,1.0,,,1.0,,,1.0,54.0,2.0,380.0,,,30.0,,1.0,,5.0,5.0,1.0,1.0,5.0,5.0,4.0,5.0,5.0,5.0,2.0,,,,,,4.0,5.0,5.0,,4.0,1.0,7.0,5.0,3.0,5.0,5.0,6.0,6.0,6.0,65.0,60.0,45.0,35.0,60.0,65.0,55.0,75.0,70.0,80.0,4.0,7.0,,1.0,1.0,1.0,1.0,1.0,1.0,1.0,1.0,1.0,1.0,,,,,,,2.0,2.0,2.0,2.0,2.0,2.0,2.0,2.0,2.0,2.0,2.0,1.0,1.0,1.0,2.0,1.0,1.0,1.0,1.0,1.0,2.0,1.0,1.0,2.0,2.0,1.0,2.0,1.0,2.0,2.0,1.0,1.0,2.0,2.0,1.0,2.0,1.0,2.0,2.0,1.0,5.0,,,6.0,,,,18.0,,9.0,
pid_1296,,1.0,1.0,,,,1.0,54.0,2.0,380.0,,,30.0,,,2.0,5.0,5.0,1.0,1.0,5.0,5.0,4.0,5.0,5.0,5.0,1.0,,,,,,4.0,5.0,5.0,,4.0,1.0,7.0,3.0,5.0,5.0,3.0,5.0,6.0,6.0,60.0,60.0,45.0,35.0,55.0,58.0,55.0,70.0,65.0,75.0,4.0,,6.0,1.0,1.0,1.0,1.0,1.0,1.0,1.0,1.0,1.0,1.0,,,,,,,1.0,2.0,2.0,1.0,1.0,1.0,1.0,2.0,1.0,1.0,2.0,2.0,2.0,2.0,2.0,1.0,2.0,1.0,2.0,2.0,1.0,2.0,1.0,2.0,2.0,1.0,2.0,2.0,2.0,2.0,2.0,1.0,1.0,2.0,1.0,2.0,2.0,1.0,2.0,2.0,5.0,,,5.0,,,,20.0,2.0,,
pid_1297,,1.0,1.0,,,,1.0,20.0,,,1.0,200.0,,85.0,,1.0,2.0,1.0,5.0,4.0,4.0,2.0,1.0,2.0,2.0,3.0,,,5.0,,,,4.0,4.0,5.0,,4.0,2.0,7.0,5.0,6.0,6.0,5.0,5.0,6.0,6.0,55.0,65.0,55.0,45.0,60.0,58.0,48.0,65.0,60.0,75.0,4.0,7.0,,1.0,1.0,1.0,1.0,1.0,1.0,1.0,1.0,1.0,1.0,,,,,,,2.0,2.0,2.0,2.0,2.0,2.0,1.0,2.0,2.0,1.0,2.0,1.0,2.0,1.0,1.0,1.0,1.0,2.0,2.0,1.0,2.0,1.0,1.0,2.0,1.0,2.0,1.0,2.0,2.0,1.0,2.0,1.0,2.0,2.0,2.0,1.0,1.0,2.0,1.0,2.0,,,4.0,,,6.0,18.0,,3.0,,
pid_1298,,1.0,,2.0,2.0,54.0,,,,,1.0,100.0,30.0,,3.0,,5.0,5.0,1.0,1.0,5.0,5.0,4.0,5.0,5.0,5.0,2.0,,,4.0,5.0,2.0,,,,,4.0,1.0,6.0,5.0,5.0,5.0,5.0,5.0,6.0,6.0,55.0,60.0,45.0,40.0,60.0,65.0,55.0,70.0,65.0,75.0,4.0,,6.0,1.0,1.0,1.0,1.0,1.0,1.0,1.0,1.0,1.0,1.0,,,,,,,1.0,2.0,1.0,1.0,2.0,2.0,2.0,1.0,2.0,1.0,1.0,2.0,1.0,2.0,2.0,1.0,1.0,1.0,2.0,1.0,1.0,1.0,2.0,2.0,1.0,2.0,1.0,2.0,2.0,2.0,2.0,1.0,1.0,1.0,1.0,2.0,2.0,2.0,1.0,1.0,4.0,,,6.0,,,,5.0,,,6.0
pid_1299,1.0,,,2.0,2.0,54.0,,,2.0,350.0,,,,70.0,,3.0,4.0,5.0,1.0,1.0,5.0,5.0,4.0,5.0,5.0,5.0,,5.0,,,,,4.0,5.0,4.0,,4.0,2.0,7.0,5.0,5.0,5.0,3.0,6.0,6.0,6.0,60.0,55.0,45.0,40.0,55.0,60.0,55.0,70.0,65.0,75.0,4.0,,6.0,1.0,1.0,1.0,1.0,1.0,1.0,1.0,1.0,1.0,1.0,,,,,,,1.0,2.0,2.0,2.0,1.0,2.0,1.0,2.0,1.0,1.0,1.0,1.0,1.0,2.0,2.0,2.0,2.0,1.0,2.0,1.0,2.0,2.0,1.0,1.0,1.0,2.0,2.0,2.0,2.0,1.0,2.0,2.0,1.0,1.0,1.0,1.0,2.0,1.0,1.0,1.0,,5.0,,,6.0,,18.0,,,,4.0
pid_1300,1.0,,1.0,,2.0,54.0,,,,,1.0,300.0,,70.0,,3.0,2.0,1.0,5.0,4.0,1.0,2.0,1.0,4.0,1.0,2.0,,5.0,,4.0,5.0,3.0,,,,,4.0,1.0,6.0,5.0,5.0,5.0,3.0,5.0,6.0,5.0,55.0,55.0,60.0,45.0,48.0,52.0,48.0,65.0,58.0,70.0,4.0,6.0,,,,,,,,,,,,1.0,1.0,1.0,1.0,1.0,1.0,1.0,2.0,1.0,2.0,1.0,2.0,2.0,2.0,2.0,1.0,1.0,2.0,1.0,2.0,1.0,2.0,2.0,2.0,2.0,2.0,1.0,1.0,1.0,1.0,1.0,2.0,2.0,2.0,2.0,1.0,2.0,2.0,2.0,2.0,1.0,2.0,2.0,1.0,2.0,2.0,,5.0,,,6.0,,18.0,,,6.0,
pid_1301,1.0,,,2.0,2.0,54.0,,,2.0,380.0,,,30.0,,,2.0,4.0,5.0,2.0,1.0,5.0,5.0,4.0,5.0,5.0,5.0,,5.0,,4.0,5.0,3.0,,,,4.0,,2.0,7.0,5.0,5.0,6.0,3.0,5.0,6.0,6.0,55.0,61.0,45.0,43.0,65.0,68.0,50.0,72.0,67.0,78.0,4.0,6.0,,1.0,1.0,1.0,1.0,1.0,1.0,1.0,1.0,1.0,1.0,,,,,,,2.0,1.0,1.0,1.0,2.0,1.0,1.0,2.0,2.0,1.0,1.0,1.0,1.0,2.0,1.0,1.0,2.0,2.0,1.0,2.0,1.0,2.0,1.0,1.0,2.0,2.0,1.0,2.0,1.0,1.0,1.0,1.0,1.0,1.0,2.0,2.0,2.0,2.0,2.0,1.0,,5.0,,,6.0,,18.0,,,,3.0
pid_1302,,1.0,1.0,,2.0,54.0,,,2.0,380.0,,,,70.0,2.0,,4.0,5.0,1.0,1.0,5.0,5.0,4.0,5.0,5.0,5.0,,,5.0,4.0,5.0,3.0,,,,6.0,,1.0,7.0,5.0,5.0,5.0,3.0,5.0,6.0,6.0,55.0,65.0,45.0,40.0,60.0,65.0,55.0,75.0,70.0,80.0,4.0,,6.0,,,,,,,,,,,1.0,1.0,1.0,1.0,1.0,1.0,2.0,1.0,2.0,1.0,2.0,1.0,2.0,1.0,2.0,2.0,2.0,2.0,2.0,2.0,1.0,2.0,2.0,1.0,2.0,2.0,2.0,1.0,1.0,1.0,2.0,1.0,1.0,1.0,2.0,2.0,1.0,2.0,2.0,1.0,1.0,2.0,1.0,1.0,2.0,2.0,,,5.0,,,6.0,18.0,,,,4.0
pid_1303,1.0,,1.0,,,,1.0,54.0,,,1.0,379.0,30.0,,2.0,,4.0,5.0,1.0,1.0,5.0,5.0,4.0,5.0,5.0,5.0,,,4.0,,,,3.0,4.0,5.0,,4.0,1.0,7.0,5.0,5.0,5.0,5.0,5.0,6.0,6.0,55.0,60.0,45.0,35.0,60.0,58.0,48.0,65.0,65.0,75.0,4.0,,6.0,1.0,1.0,1.0,1.0,1.0,1.0,1.0,1.0,1.0,1.0,,,,,,,1.0,2.0,2.0,2.0,2.0,2.0,2.0,1.0,2.0,1.0,2.0,2.0,1.0,2.0,2.0,1.0,2.0,2.0,1.0,2.0,2.0,2.0,2.0,2.0,2.0,1.0,1.0,2.0,1.0,2.0,1.0,2.0,1.0,2.0,1.0,1.0,2.0,1.0,1.0,2.0,,,4.0,,,6.0,18.0,,,,3.0
pid_1304,1.0,,,2.0,2.0,54.0,,,,,1.0,379.0,30.0,,,2.0,4.0,5.0,2.0,2.0,5.0,5.0,2.0,5.0,5.0,5.0,,,5.0,5.0,5.0,3.0,,,,,4.0,2.0,7.0,5.0,5.0,5.0,5.0,5.0,6.0,6.0,55.0,65.0,45.0,40.0,60.0,65.0,50.0,70.0,65.0,75.0,4.0,6.0,,,,,,,,,,,,1.0,1.0,1.0,1.0,1.0,1.0,1.0,1.0,2.0,1.0,1.0,2.0,2.0,2.0,1.0,2.0,2.0,1.0,2.0,2.0,2.0,2.0,2.0,1.0,2.0,1.0,2.0,2.0,1.0,2.0,1.0,1.0,1.0,2.0,1.0,2.0,1.0,2.0,1.0,1.0,1.0,2.0,1.0,2.0,2.0,2.0,,,5.0,,,6.0,,20.0,,,3.0
pid_1305,,2.0,,1.0,,,1.0,54.0,,,1.0,380.0,40.0,,,2.0,5.0,5.0,1.0,1.0,5.0,5.0,4.0,5.0,5.0,5.0,4.0,,,5.0,5.0,3.0,,,,,4.0,1.0,7.0,3.0,5.0,5.0,5.0,5.0,6.0,6.0,55.0,60.0,35.0,35.0,60.0,58.0,55.0,70.0,65.0,75.0,4.0,,6.0,,,,,,,,,,,1.0,1.0,1.0,1.0,1.0,1.0,2.0,2.0,1.0,2.0,1.0,1.0,1.0,2.0,2.0,1.0,1.0,1.0,1.0,2.0,2.0,1.0,2.0,1.0,1.0,1.0,2.0,1.0,1.0,1.0,1.0,1.0,2.0,2.0,2.0,1.0,2.0,1.0,1.0,2.0,1.0,1.0,2.0,1.0,1.0,1.0,5.0,,,6.0,,,16.0,,,,3.0
pid_1307,,1.0,1.0,,2.0,54.0,,,2.0,380.0,,,,70.0,2.0,,5.0,5.0,1.0,1.0,5.0,5.0,5.0,5.0,5.0,5.0,,5.0,,5.0,3.0,2.0,,,,6.0,,1.0,7.0,5.0,5.0,3.0,3.0,5.0,6.0,6.0,65.0,58.0,43.0,38.0,60.0,63.0,52.0,74.0,68.0,80.0,4.0,7.0,,1.0,1.0,1.0,1.0,1.0,1.0,1.0,1.0,1.0,1.0,,,,,,,1.0,2.0,1.0,1.0,1.0,2.0,2.0,1.0,2.0,1.0,2.0,1.0,2.0,1.0,2.0,1.0,1.0,2.0,2.0,2.0,1.0,2.0,1.0,1.0,1.0,2.0,2.0,2.0,2.0,2.0,2.0,2.0,1.0,2.0,2.0,2.0,2.0,1.0,2.0,2.0,,5.0,,,6.0,,,19.0,3.0,,
pid_1308,,1.0,,2.0,2.0,54.0,,,2.0,380.0,,,,70.0,3.0,,4.0,5.0,1.0,1.0,5.0,5.0,4.0,5.0,5.0,5.0,,,5.0,4.0,5.0,3.0,,,,,4.0,2.0,7.0,5.0,5.0,5.0,5.0,5.0,6.0,6.0,55.0,60.0,55.0,35.0,60.0,65.0,50.0,70.0,65.0,75.0,4.0,,7.0,,,,,,,,,,,1.0,1.0,1.0,1.0,1.0,1.0,2.0,2.0,2.0,2.0,1.0,2.0,1.0,1.0,2.0,1.0,1.0,1.0,2.0,1.0,1.0,2.0,2.0,2.0,1.0,1.0,1.0,2.0,1.0,1.0,2.0,2.0,2.0,1.0,2.0,2.0,2.0,2.0,1.0,1.0,1.0,2.0,2.0,2.0,2.0,1.0,,,5.0,,,6.0,,0.0,2.0,,
pid_1309,1.0,,,2.0,2.0,54.0,,,,,1.0,380.0,30.0,,,1.0,2.0,1.0,5.0,4.0,2.0,2.0,1.0,3.0,1.0,2.0,4.0,,,,,,3.0,4.0,5.0,,4.0,1.0,6.0,5.0,5.0,5.0,5.0,5.0,6.0,6.0,55.0,65.0,55.0,45.0,58.0,60.0,55.0,70.0,65.0,80.0,4.0,,6.0,1.0,1.0,1.0,1.0,1.0,1.0,1.0,1.0,1.0,1.0,,,,,,,1.0,2.0,1.0,2.0,1.0,1.0,1.0,1.0,2.0,2.0,1.0,1.0,1.0,1.0,2.0,2.0,2.0,1.0,2.0,1.0,2.0,1.0,1.0,2.0,1.0,1.0,1.0,1.0,2.0,1.0,2.0,1.0,1.0,2.0,1.0,1.0,1.0,2.0,1.0,2.0,4.0,,,5.0,,,18.0,,,,6.0
pid_1310,,1.0,,2.0,2.0,54.0,,,,,1.0,379.0,30.0,,3.0,,4.0,5.0,1.0,1.0,5.0,5.0,4.0,5.0,5.0,5.0,,5.0,,4.0,5.0,3.0,,,,,4.0,2.0,6.0,5.0,5.0,6.0,5.0,5.0,6.0,6.0,60.0,65.0,45.0,35.0,65.0,62.0,55.0,70.0,68.0,80.0,4.0,,7.0,,,,,,,,,,,1.0,1.0,1.0,1.0,1.0,1.0,2.0,1.0,2.0,2.0,2.0,2.0,2.0,1.0,2.0,1.0,1.0,1.0,1.0,2.0,2.0,1.0,2.0,1.0,1.0,1.0,1.0,2.0,2.0,1.0,2.0,2.0,1.0,2.0,2.0,2.0,2.0,2.0,2.0,2.0,2.0,1.0,2.0,1.0,1.0,1.0,,4.0,,,6.0,,,20.0,,,4.0
pid_1311,1.0,,,2.0,,,1.0,54.0,2.0,380.0,,,30.0,,,2.0,5.0,5.0,1.0,1.0,5.0,5.0,5.0,5.0,5.0,5.0,,5.0,,3.0,3.0,4.0,,,,6.0,,1.0,7.0,3.0,5.0,3.0,5.0,5.0,6.0,6.0,60.0,60.0,40.0,35.0,55.0,65.0,55.0,75.0,70.0,80.0,4.0,,6.0,1.0,1.0,1.0,1.0,1.0,1.0,1.0,1.0,1.0,1.0,,,,,,,2.0,2.0,2.0,1.0,2.0,1.0,1.0,2.0,2.0,1.0,1.0,1.0,2.0,2.0,2.0,2.0,1.0,2.0,2.0,1.0,1.0,1.0,2.0,2.0,2.0,2.0,1.0,2.0,1.0,2.0,2.0,2.0,1.0,1.0,2.0,1.0,1.0,2.0,1.0,2.0,,5.0,,,6.0,,,20.0,,9.0,
pid_1313,1.0,,,2.0,2.0,50.0,,,2.0,800.0,,,60.0,,2.0,,2.0,2.0,5.0,4.0,4.0,2.0,1.0,4.0,2.0,4.0,,5.0,,,,,4.0,5.0,5.0,4.0,,1.0,7.0,5.0,5.0,5.0,5.0,6.0,6.0,6.0,45.0,60.0,60.0,45.0,55.0,50.0,45.0,65.0,55.0,70.0,4.0,,6.0,,,,,,,,,,,1.0,1.0,1.0,1.0,1.0,1.0,1.0,2.0,1.0,1.0,2.0,1.0,1.0,2.0,1.0,1.0,1.0,1.0,1.0,1.0,2.0,2.0,1.0,1.0,1.0,1.0,1.0,1.0,1.0,1.0,2.0,1.0,1.0,2.0,2.0,2.0,1.0,1.0,1.0,2.0,1.0,2.0,1.0,2.0,1.0,2.0,,5.0,,,5.0,,,5.0,,6.0,
pid_1314,1.0,,,2.0,,,1.0,54.0,,,1.0,120.0,40.0,,,1.0,2.0,1.0,5.0,4.0,4.0,2.0,1.0,4.0,2.0,4.0,2.0,,,,,,4.0,4.0,5.0,,4.0,2.0,6.0,5.0,5.0,5.0,5.0,6.0,6.0,6.0,55.0,55.0,55.0,45.0,60.0,65.0,45.0,70.0,60.0,70.0,4.0,,6.0,,,,,,,,,,,1.0,1.0,1.0,1.0,1.0,1.0,1.0,2.0,2.0,1.0,2.0,2.0,2.0,1.0,1.0,2.0,1.0,2.0,2.0,2.0,2.0,1.0,2.0,2.0,2.0,1.0,2.0,2.0,2.0,1.0,2.0,1.0,2.0,2.0,1.0,2.0,1.0,1.0,1.0,2.0,1.0,2.0,2.0,2.0,2.0,1.0,4.0,,,5.0,,,15.0,,,9.0,
pid_1315,,2.0,2.0,,2.0,54.0,,,2.0,350.0,,,,80.0,3.0,,4.0,5.0,2.0,2.0,4.0,5.0,2.0,5.0,4.0,4.0,,,5.0,,,,4.0,5.0,5.0,,4.0,2.0,7.0,5.0,5.0,5.0,5.0,5.0,6.0,6.0,65.0,62.0,48.0,45.0,58.0,62.0,52.0,70.0,65.0,75.0,4.0,6.0,,,,,,,,,,,,1.0,1.0,1.0,1.0,1.0,1.0,1.0,2.0,1.0,1.0,2.0,2.0,2.0,1.0,1.0,2.0,1.0,1.0,2.0,1.0,2.0,2.0,2.0,2.0,2.0,2.0,2.0,2.0,1.0,2.0,1.0,2.0,2.0,1.0,1.0,1.0,2.0,2.0,1.0,1.0,2.0,1.0,1.0,1.0,1.0,1.0,,,5.0,,,6.0,,20.0,,,4.0
pid_1316,1.0,,,2.0,2.0,54.0,,,,,1.0,380.0,,70.0,,2.0,4.0,5.0,4.0,1.0,5.0,5.0,4.0,5.0,4.0,5.0,2.0,,,,,,4.0,5.0,5.0,,4.0,2.0,6.0,5.0,5.0,5.0,5.0,6.0,6.0,6.0,65.0,65.0,55.0,35.0,60.0,60.0,55.0,75.0,65.0,80.0,4.0,6.0,,1.0,1.0,1.0,1.0,1.0,1.0,1.0,1.0,1.0,1.0,,,,,,,2.0,2.0,2.0,2.0,2.0,2.0,2.0,1.0,1.0,2.0,2.0,2.0,1.0,1.0,1.0,2.0,2.0,2.0,2.0,2.0,2.0,2.0,2.0,1.0,1.0,1.0,1.0,1.0,2.0,2.0,2.0,1.0,1.0,1.0,2.0,2.0,2.0,1.0,1.0,2.0,5.0,,,5.0,,,,15.0,1.0,,
pid_1317,1.0,,1.0,,,,1.0,54.0,,,1.0,380.0,,70.0,2.0,,4.0,5.0,1.0,1.0,5.0,5.0,4.0,5.0,5.0,5.0,,5.0,,,,,4.0,3.0,5.0,,4.0,2.0,7.0,5.0,5.0,5.0,5.0,5.0,6.0,6.0,55.0,58.0,48.0,42.0,62.0,60.0,52.0,70.0,68.0,78.0,4.0,,7.0,,,,,,,,,,,1.0,1.0,1.0,1.0,1.0,1.0,1.0,1.0,1.0,2.0,1.0,2.0,1.0,1.0,2.0,2.0,2.0,1.0,2.0,1.0,1.0,1.0,1.0,1.0,1.0,2.0,2.0,1.0,1.0,2.0,1.0,1.0,1.0,2.0,2.0,2.0,1.0,1.0,2.0,2.0,1.0,2.0,1.0,2.0,1.0,2.0,,4.0,,,6.0,,,18.0,,6.0,
pid_1318,1.0,,1.0,,2.0,54.0,,,2.0,379.0,,,30.0,,1.0,,4.0,5.0,1.0,1.0,5.0,5.0,4.0,5.0,5.0,5.0,,,5.0,5.0,5.0,3.0,,,,,6.0,1.0,7.0,3.0,5.0,5.0,5.0,5.0,6.0,6.0,55.0,60.0,45.0,35.0,62.0,60.0,55.0,70.0,65.0,75.0,4.0,6.0,,,,,,,,,,,,1.0,1.0,1.0,1.0,1.0,1.0,1.0,2.0,2.0,2.0,1.0,2.0,2.0,1.0,2.0,2.0,2.0,2.0,1.0,2.0,1.0,1.0,2.0,1.0,2.0,1.0,2.0,1.0,1.0,1.0,2.0,2.0,1.0,2.0,1.0,2.0,2.0,2.0,2.0,1.0,1.0,2.0,1.0,1.0,1.0,1.0,,,5.0,,,6.0,,0.0,2.0,,
pid_1319,1.0,,,1.0,2.0,54.0,,,2.0,380.0,,,,80.0,1.0,,2.0,1.0,5.0,5.0,2.0,2.0,1.0,2.0,1.0,2.0,2.0,,,,,,4.0,5.0,5.0,,4.0,1.0,6.0,5.0,5.0,5.0,5.0,5.0,6.0,6.0,45.0,60.0,55.0,45.0,55.0,60.0,45.0,65.0,65.0,75.0,4.0,,6.0,1.0,1.0,1.0,1.0,1.0,1.0,1.0,1.0,1.0,1.0,,,,,,,1.0,1.0,1.0,1.0,1.0,1.0,1.0,1.0,1.0,1.0,2.0,1.0,2.0,1.0,1.0,2.0,1.0,2.0,2.0,2.0,2.0,1.0,1.0,2.0,1.0,1.0,1.0,1.0,1.0,1.0,2.0,1.0,1.0,2.0,2.0,1.0,1.0,1.0,1.0,1.0,4.0,,,6.0,,,18.0,,3.0,,
pid_1320,,1.0,1.0,,2.0,54.0,,,2.0,380.0,,,,60.0,3.0,,2.0,4.0,4.0,2.0,4.0,4.0,2.0,4.0,4.0,4.0,,5.0,,4.0,5.0,3.0,,,,4.0,,1.0,7.0,5.0,5.0,5.0,5.0,5.0,6.0,6.0,45.0,65.0,45.0,40.0,55.0,60.0,50.0,75.0,65.0,75.0,4.0,,6.0,1.0,1.0,1.0,1.0,1.0,1.0,1.0,1.0,1.0,1.0,,,,,,,2.0,1.0,1.0,2.0,2.0,1.0,1.0,2.0,1.0,2.0,1.0,1.0,1.0,1.0,1.0,1.0,1.0,2.0,2.0,1.0,1.0,1.0,1.0,2.0,1.0,1.0,1.0,1.0,1.0,2.0,2.0,2.0,2.0,1.0,2.0,1.0,1.0,1.0,2.0,1.0,,4.0,,,6.0,,15.0,,2.0,,
pid_1321,,1.0,1.0,,,,1.0,54.0,2.0,380.0,,,,70.0,,1.0,2.0,1.0,5.0,4.0,4.0,2.0,1.0,4.0,2.0,4.0,,,5.0,,,,4.0,3.0,3.0,,4.0,2.0,7.0,5.0,5.0,5.0,5.0,6.0,6.0,6.0,60.0,60.0,55.0,60.0,65.0,60.0,55.0,70.0,65.0,75.0,4.0,6.0,,,,,,,,,,,,1.0,1.0,1.0,1.0,1.0,1.0,2.0,1.0,1.0,1.0,2.0,1.0,2.0,2.0,1.0,1.0,2.0,2.0,2.0,1.0,2.0,1.0,2.0,2.0,1.0,1.0,1.0,1.0,1.0,1.0,2.0,2.0,1.0,1.0,1.0,1.0,1.0,1.0,1.0,1.0,1.0,2.0,1.0,1.0,1.0,1.0,,,5.0,,,6.0,15.0,,,10.0,
pid_1322,1.0,,,2.0,2.0,54.0,,,,,1.0,380.0,30.0,,,2.0,4.0,5.0,1.0,1.0,5.0,5.0,4.0,5.0,5.0,5.0,4.0,,,4.0,5.0,3.0,,,,4.0,,2.0,7.0,5.0,5.0,3.0,3.0,5.0,6.0,6.0,55.0,60.0,40.0,35.0,60.0,60.0,55.0,70.0,65.0,75.0,4.0,6.0,,1.0,1.0,1.0,1.0,1.0,1.0,1.0,1.0,1.0,1.0,,,,,,,1.0,2.0,1.0,2.0,1.0,2.0,1.0,1.0,1.0,1.0,2.0,1.0,2.0,2.0,1.0,1.0,2.0,1.0,2.0,1.0,1.0,1.0,2.0,1.0,2.0,2.0,1.0,1.0,1.0,2.0,1.0,2.0,2.0,1.0,2.0,1.0,1.0,1.0,1.0,1.0,4.0,,,6.0,,,18.0,,,6.0,
pid_1323,,1.0,,1.0,2.0,54.0,,,2.0,380.0,,,30.0,,2.0,,4.0,5.0,1.0,1.0,5.0,5.0,4.0,5.0,5.0,5.0,1.0,,,4.0,5.0,2.0,,,,6.0,,1.0,7.0,5.0,5.0,5.0,5.0,5.0,6.0,6.0,60.0,55.0,45.0,40.0,55.0,65.0,50.0,75.0,65.0,80.0,4.0,,7.0,,,,,,,,,,,1.0,1.0,1.0,1.0,1.0,1.0,1.0,1.0,1.0,2.0,2.0,2.0,2.0,1.0,2.0,1.0,2.0,2.0,1.0,2.0,2.0,2.0,2.0,1.0,1.0,2.0,2.0,1.0,2.0,2.0,2.0,1.0,1.0,2.0,1.0,2.0,1.0,2.0,2.0,2.0,2.0,2.0,1.0,1.0,2.0,2.0,5.0,,,6.0,,,16.0,,,9.0,
pid_1324,1.0,,1.0,,2.0,54.0,,,2.0,380.0,,,,70.0,3.0,,4.0,5.0,1.0,2.0,4.0,5.0,4.0,5.0,5.0,5.0,,,5.0,5.0,4.0,2.0,,,,,4.0,1.0,6.0,5.0,5.0,3.0,3.0,5.0,6.0,6.0,60.0,65.0,45.0,35.0,65.0,70.0,55.0,75.0,70.0,80.0,4.0,6.0,,1.0,1.0,1.0,1.0,1.0,1.0,1.0,1.0,1.0,1.0,,,,,,,1.0,1.0,2.0,1.0,1.0,2.0,2.0,2.0,1.0,1.0,1.0,1.0,1.0,1.0,1.0,1.0,2.0,1.0,1.0,2.0,2.0,1.0,1.0,1.0,2.0,2.0,1.0,2.0,1.0,1.0,2.0,2.0,1.0,2.0,1.0,2.0,2.0,2.0,1.0,1.0,,,5.0,,,6.0,20.0,,3.0,,
pid_1325,,1.0,,2.0,,,1.0,54.0,,,1.0,380.0,30.0,,2.0,,2.0,1.0,5.0,4.0,4.0,4.0,1.0,2.0,1.0,4.0,,5.0,,,,,4.0,5.0,5.0,4.0,,2.0,6.0,5.0,5.0,3.0,3.0,5.0,6.0,6.0,55.0,55.0,60.0,55.0,60.0,65.0,50.0,70.0,65.0,80.0,4.0,,6.0,1.0,1.0,1.0,1.0,1.0,1.0,1.0,1.0,1.0,1.0,,,,,,,2.0,2.0,2.0,2.0,1.0,1.0,1.0,1.0,1.0,1.0,1.0,1.0,1.0,2.0,2.0,2.0,2.0,1.0,2.0,1.0,2.0,2.0,2.0,2.0,1.0,1.0,1.0,1.0,1.0,2.0,2.0,1.0,2.0,1.0,2.0,2.0,2.0,1.0,2.0,2.0,,5.0,,,6.0,,18.0,,,6.0,
pid_1326,1.0,,2.0,,2.0,54.0,,,2.0,380.0,,,,70.0,2.0,,4.0,5.0,1.0,1.0,5.0,5.0,4.0,5.0,5.0,5.0,,,5.0,4.0,5.0,3.0,,,,,4.0,2.0,7.0,5.0,5.0,3.0,5.0,5.0,6.0,6.0,65.0,58.0,48.0,38.0,58.0,62.0,55.0,72.0,68.0,80.0,4.0,6.0,,,,,,,,,,,,1.0,1.0,1.0,1.0,1.0,1.0,1.0,1.0,2.0,2.0,1.0,1.0,2.0,1.0,2.0,2.0,2.0,2.0,1.0,1.0,2.0,2.0,2.0,1.0,2.0,2.0,2.0,2.0,2.0,2.0,2.0,2.0,1.0,2.0,2.0,1.0,2.0,1.0,1.0,2.0,1.0,2.0,1.0,2.0,1.0,2.0,,,5.0,,,6.0,,20.0,,5.0,
pid_1327,1.0,,2.0,,,,1.0,54.0,,,1.0,379.0,,70.0,3.0,,5.0,5.0,1.0,1.0,5.0,5.0,5.0,5.0,5.0,5.0,1.0,,,4.0,5.0,3.0,,,,6.0,,2.0,7.0,5.0,5.0,3.0,5.0,6.0,6.0,6.0,65.0,65.0,35.0,40.0,62.0,68.0,55.0,75.0,70.0,80.0,4.0,,7.0,1.0,1.0,1.0,1.0,1.0,1.0,1.0,1.0,1.0,1.0,,,,,,,2.0,2.0,2.0,2.0,2.0,2.0,2.0,2.0,1.0,1.0,2.0,2.0,2.0,1.0,1.0,2.0,1.0,1.0,1.0,2.0,2.0,2.0,1.0,1.0,2.0,1.0,1.0,2.0,2.0,1.0,2.0,2.0,1.0,2.0,1.0,1.0,2.0,1.0,1.0,2.0,5.0,,,6.0,,,18.0,,,6.0,
pid_1328,,1.0,,2.0,2.0,54.0,,,2.0,400.0,,,,70.0,,3.0,5.0,5.0,1.0,1.0,5.0,5.0,4.0,5.0,5.0,5.0,,,5.0,,,,4.0,3.0,5.0,,4.0,1.0,7.0,5.0,5.0,5.0,5.0,6.0,6.0,6.0,60.0,65.0,45.0,40.0,58.0,60.0,55.0,75.0,70.0,80.0,4.0,6.0,,,,,,,,,,,,1.0,1.0,1.0,1.0,1.0,1.0,1.0,1.0,2.0,2.0,1.0,1.0,1.0,2.0,1.0,1.0,1.0,1.0,1.0,2.0,1.0,2.0,2.0,1.0,2.0,1.0,2.0,1.0,2.0,2.0,2.0,1.0,2.0,2.0,1.0,1.0,1.0,1.0,1.0,1.0,2.0,1.0,2.0,2.0,1.0,1.0,,,5.0,,,6.0,,20.0,,10.0,
pid_1329,1.0,,,2.0,,,1.0,54.0,,,1.0,379.0,30.0,,,6.0,4.0,5.0,1.0,1.0,5.0,5.0,5.0,5.0,5.0,5.0,4.0,,,4.0,5.0,3.0,,,,4.0,,2.0,6.0,5.0,5.0,3.0,5.0,6.0,6.0,6.0,55.0,60.0,40.0,35.0,60.0,58.0,55.0,70.0,65.0,75.0,4.0,,7.0,,,,,,,,,,,1.0,1.0,1.0,1.0,1.0,1.0,2.0,1.0,2.0,2.0,1.0,1.0,1.0,2.0,2.0,2.0,1.0,1.0,2.0,2.0,1.0,2.0,1.0,2.0,2.0,2.0,1.0,1.0,1.0,1.0,2.0,2.0,1.0,2.0,1.0,1.0,2.0,1.0,1.0,1.0,1.0,1.0,2.0,1.0,1.0,1.0,4.0,,,5.0,,,,15.0,,,3.0
pid_1330,1.0,,,2.0,,,1.0,54.0,,,1.0,380.0,40.0,,4.0,,4.0,4.0,2.0,2.0,4.0,5.0,4.0,5.0,4.0,5.0,2.0,,,4.0,5.0,3.0,,,,4.0,,1.0,7.0,3.0,5.0,5.0,5.0,5.0,6.0,6.0,65.0,60.0,55.0,35.0,60.0,65.0,48.0,70.0,65.0,75.0,4.0,5.0,,1.0,1.0,1.0,1.0,1.0,1.0,1.0,1.0,1.0,1.0,,,,,,,1.0,2.0,1.0,1.0,1.0,1.0,2.0,1.0,1.0,2.0,1.0,1.0,2.0,2.0,1.0,2.0,2.0,1.0,2.0,2.0,1.0,1.0,2.0,1.0,1.0,2.0,2.0,1.0,2.0,1.0,1.0,2.0,1.0,2.0,2.0,2.0,1.0,2.0,1.0,2.0,5.0,,,5.0,,,18.0,,3.0,,
pid_1331,1.0,,,2.0,2.0,54.0,,,2.0,380.0,,,,70.0,1.0,,4.0,5.0,1.0,1.0,5.0,5.0,4.0,5.0,5.0,5.0,,,5.0,4.0,5.0,2.0,,,,,4.0,1.0,6.0,5.0,5.0,5.0,5.0,5.0,6.0,6.0,55.0,65.0,45.0,35.0,60.0,65.0,50.0,75.0,65.0,75.0,4.0,,7.0,,,,,,,,,,,1.0,1.0,1.0,1.0,1.0,1.0,2.0,1.0,1.0,2.0,1.0,2.0,2.0,2.0,2.0,2.0,2.0,2.0,2.0,2.0,1.0,2.0,2.0,2.0,1.0,1.0,2.0,1.0,2.0,2.0,2.0,2.0,2.0,2.0,2.0,1.0,2.0,2.0,2.0,2.0,2.0,1.0,2.0,2.0,2.0,2.0,,,5.0,,,6.0,16.0,,2.0,,
pid_1332,,1.0,1.0,,,,1.0,54.0,2.0,380.0,,,,80.0,,1.0,4.0,5.0,1.0,1.0,5.0,5.0,4.0,5.0,5.0,5.0,,5.0,,4.0,5.0,3.0,,,,,4.0,2.0,7.0,3.0,5.0,5.0,5.0,6.0,6.0,6.0,65.0,60.0,45.0,40.0,60.0,65.0,55.0,70.0,65.0,75.0,4.0,,6.0,1.0,1.0,1.0,1.0,1.0,1.0,1.0,1.0,1.0,1.0,,,,,,,2.0,2.0,2.0,2.0,2.0,2.0,1.0,1.0,1.0,1.0,2.0,2.0,1.0,1.0,1.0,2.0,2.0,2.0,1.0,1.0,1.0,2.0,2.0,2.0,1.0,2.0,1.0,2.0,2.0,1.0,2.0,2.0,2.0,1.0,2.0,2.0,2.0,2.0,2.0,2.0,,4.0,,,4.0,,,20.0,,9.0,
pid_1333,1.0,,,2.0,,,1.0,54.0,,,1.0,379.0,30.0,,,3.0,5.0,5.0,1.0,1.0,5.0,5.0,4.0,5.0,5.0,5.0,4.0,,,,,,4.0,5.0,5.0,4.0,,1.0,7.0,3.0,5.0,5.0,5.0,6.0,6.0,6.0,55.0,65.0,45.0,35.0,60.0,65.0,55.0,70.0,65.0,80.0,4.0,,7.0,,,,,,,,,,,1.0,1.0,1.0,1.0,1.0,1.0,1.0,1.0,2.0,2.0,2.0,1.0,2.0,1.0,1.0,1.0,2.0,2.0,1.0,2.0,1.0,2.0,2.0,2.0,2.0,1.0,2.0,2.0,1.0,2.0,2.0,1.0,1.0,2.0,1.0,2.0,1.0,2.0,1.0,1.0,2.0,1.0,2.0,1.0,2.0,2.0,5.0,,,6.0,,,17.0,,2.0,,
pid_1334,1.0,,2.0,,2.0,54.0,,,,,1.0,379.0,30.0,,,3.0,5.0,5.0,1.0,1.0,5.0,5.0,4.0,5.0,5.0,5.0,4.0,,,5.0,5.0,2.0,,,,6.0,,2.0,6.0,3.0,5.0,5.0,3.0,5.0,6.0,6.0,55.0,65.0,45.0,40.0,60.0,65.0,55.0,75.0,70.0,80.0,4.0,6.0,,1.0,1.0,1.0,1.0,1.0,1.0,1.0,1.0,1.0,1.0,,,,,,,2.0,2.0,2.0,1.0,1.0,1.0,1.0,2.0,2.0,2.0,2.0,1.0,2.0,2.0,1.0,2.0,1.0,2.0,2.0,1.0,2.0,1.0,2.0,2.0,2.0,1.0,2.0,2.0,2.0,2.0,2.0,1.0,1.0,2.0,1.0,2.0,1.0,2.0,2.0,2.0,5.0,,,6.0,,,,20.0,1.0,,
pid_1335,,2.0,1.0,,2.0,54.0,,,,,1.0,380.0,30.0,,3.0,,4.0,5.0,1.0,1.0,5.0,5.0,4.0,5.0,5.0,5.0,,5.0,,,,,4.0,5.0,3.0,,4.0,2.0,7.0,5.0,5.0,5.0,5.0,5.0,6.0,6.0,55.0,54.0,47.0,42.0,62.0,58.0,52.0,68.0,65.0,78.0,4.0,,7.0,,,,,,,,,,,1.0,1.0,1.0,1.0,1.0,1.0,2.0,2.0,1.0,2.0,2.0,2.0,1.0,2.0,1.0,2.0,1.0,2.0,2.0,1.0,2.0,1.0,2.0,2.0,2.0,1.0,1.0,2.0,2.0,1.0,1.0,1.0,2.0,2.0,1.0,2.0,1.0,1.0,2.0,1.0,2.0,2.0,2.0,2.0,2.0,2.0,,4.0,,,6.0,,18.0,,,6.0,
pid_1336,,1.0,1.0,,,,1.0,54.0,2.0,380.0,,,,70.0,1.0,,2.0,1.0,5.0,4.0,2.0,2.0,1.0,2.0,2.0,4.0,,,5.0,,,,4.0,3.0,5.0,4.0,,2.0,6.0,5.0,5.0,5.0,5.0,5.0,6.0,6.0,45.0,60.0,55.0,45.0,40.0,45.0,50.0,65.0,60.0,75.0,4.0,6.0,,,,,,,,,,,,1.0,1.0,1.0,1.0,1.0,1.0,2.0,1.0,1.0,1.0,1.0,1.0,1.0,1.0,2.0,2.0,1.0,2.0,1.0,1.0,1.0,1.0,2.0,1.0,1.0,2.0,1.0,1.0,1.0,1.0,2.0,2.0,1.0,2.0,2.0,1.0,1.0,2.0,2.0,1.0,2.0,1.0,1.0,1.0,2.0,1.0,,,5.0,,,6.0,,20.0,2.0,,
pid_1337,,1.0,1.0,,,,1.0,54.0,2.0,380.0,,,30.0,,3.0,,4.0,5.0,1.0,1.0,5.0,5.0,4.0,5.0,5.0,5.0,,,4.0,,,,4.0,5.0,5.0,6.0,,1.0,7.0,5.0,5.0,5.0,5.0,6.0,6.0,6.0,55.0,65.0,45.0,35.0,58.0,60.0,52.0,70.0,65.0,75.0,4.0,6.0,,1.0,1.0,1.0,1.0,1.0,1.0,1.0,1.0,1.0,1.0,,,,,,,2.0,2.0,1.0,2.0,1.0,2.0,2.0,1.0,1.0,2.0,2.0,1.0,1.0,2.0,2.0,1.0,1.0,1.0,2.0,1.0,2.0,2.0,2.0,2.0,1.0,2.0,2.0,1.0,2.0,2.0,2.0,1.0,1.0,1.0,1.0,2.0,2.0,1.0,2.0,1.0,,,,,,6.0,16.0,,,,3.0
pid_1338,1.0,,2.0,,2.0,54.0,,,2.0,379.0,,,,70.0,,3.0,5.0,5.0,1.0,1.0,5.0,5.0,5.0,5.0,5.0,5.0,1.0,,,,,,4.0,5.0,4.0,,4.0,1.0,7.0,5.0,5.0,6.0,5.0,6.0,6.0,6.0,55.0,65.0,40.0,45.0,60.0,60.0,55.0,70.0,70.0,80.0,4.0,6.0,,,,,,,,,,,,1.0,1.0,1.0,1.0,1.0,1.0,1.0,1.0,1.0,2.0,1.0,2.0,2.0,1.0,1.0,1.0,2.0,2.0,2.0,1.0,1.0,1.0,1.0,2.0,1.0,1.0,1.0,1.0,1.0,1.0,2.0,1.0,2.0,2.0,1.0,2.0,2.0,1.0,1.0,1.0,1.0,1.0,2.0,2.0,1.0,2.0,4.0,,,6.0,,,,2.0,,6.0,
pid_1339,,1.0,1.0,,,,1.0,20.0,,,1.0,200.0,,70.0,1.0,,5.0,5.0,1.0,1.0,5.0,5.0,5.0,5.0,5.0,5.0,1.0,,,5.0,5.0,3.0,,,,,4.0,1.0,6.0,3.0,5.0,3.0,5.0,6.0,6.0,6.0,65.0,65.0,35.0,40.0,70.0,70.0,55.0,75.0,70.0,80.0,4.0,,6.0,1.0,1.0,1.0,1.0,1.0,1.0,1.0,1.0,1.0,1.0,,,,,,,1.0,2.0,2.0,2.0,2.0,1.0,2.0,1.0,2.0,1.0,2.0,2.0,2.0,2.0,1.0,2.0,1.0,2.0,1.0,1.0,1.0,1.0,1.0,1.0,2.0,1.0,1.0,1.0,1.0,2.0,2.0,2.0,1.0,1.0,2.0,2.0,2.0,1.0,2.0,2.0,5.0,,,6.0,,,15.0,,3.0,,
pid_1340,,1.0,,2.0,,,1.0,54.0,,,1.0,380.0,40.0,,,4.0,4.0,5.0,1.0,1.0,5.0,5.0,4.0,5.0,5.0,5.0,,,5.0,,,,4.0,3.0,4.0,,4.0,1.0,7.0,5.0,5.0,5.0,3.0,6.0,6.0,6.0,60.0,65.0,40.0,35.0,65.0,65.0,55.0,75.0,70.0,80.0,4.0,6.0,,,,,,,,,,,,1.0,1.0,1.0,1.0,1.0,1.0,1.0,1.0,1.0,2.0,1.0,2.0,2.0,1.0,2.0,1.0,1.0,2.0,1.0,2.0,1.0,1.0,2.0,2.0,2.0,2.0,2.0,1.0,2.0,1.0,2.0,1.0,1.0,2.0,1.0,2.0,1.0,2.0,1.0,1.0,2.0,1.0,1.0,2.0,2.0,2.0,,,5.0,,,6.0,18.0,,,,3.0
pid_1341,,1.0,2.0,,2.0,54.0,,,2.0,380.0,,,50.0,,,1.0,4.0,5.0,1.0,1.0,5.0,5.0,4.0,5.0,5.0,5.0,,5.0,,,,,4.0,5.0,5.0,,4.0,2.0,6.0,5.0,5.0,5.0,3.0,5.0,6.0,6.0,60.0,65.0,40.0,35.0,65.0,65.0,55.0,75.0,65.0,80.0,4.0,,6.0,1.0,1.0,1.0,1.0,1.0,1.0,1.0,1.0,1.0,1.0,,,,,,,1.0,1.0,2.0,2.0,2.0,2.0,2.0,2.0,2.0,1.0,2.0,1.0,1.0,1.0,2.0,1.0,1.0,2.0,2.0,1.0,2.0,1.0,2.0,2.0,1.0,1.0,1.0,2.0,2.0,2.0,1.0,1.0,2.0,1.0,2.0,2.0,2.0,1.0,2.0,2.0,,5.0,,,6.0,,,20.0,,9.0,
pid_1342,,1.0,,2.0,2.0,54.0,,,2.0,379.0,,,30.0,,2.0,,4.0,5.0,1.0,1.0,5.0,5.0,4.0,5.0,5.0,5.0,,,5.0,4.0,5.0,3.0,,,,6.0,,2.0,6.0,5.0,3.0,5.0,5.0,5.0,6.0,6.0,55.0,60.0,45.0,35.0,60.0,58.0,55.0,70.0,65.0,75.0,4.0,7.0,,1.0,1.0,1.0,1.0,1.0,1.0,1.0,1.0,1.0,1.0,,,,,,,1.0,2.0,2.0,2.0,1.0,1.0,2.0,2.0,1.0,2.0,2.0,2.0,2.0,1.0,2.0,2.0,1.0,2.0,1.0,1.0,2.0,2.0,2.0,1.0,2.0,2.0,2.0,1.0,1.0,1.0,2.0,2.0,1.0,1.0,1.0,2.0,2.0,1.0,1.0,2.0,,,5.0,,,6.0,,20.0,3.0,,
pid_1343,1.0,,1.0,,,,1.0,54.0,,,1.0,380.0,,70.0,,2.0,2.0,4.0,4.0,3.0,4.0,2.0,2.0,4.0,4.0,4.0,,5.0,,,,,4.0,3.0,5.0,,4.0,1.0,6.0,3.0,5.0,5.0,5.0,6.0,6.0,6.0,55.0,55.0,52.0,45.0,60.0,58.0,48.0,70.0,65.0,75.0,4.0,,7.0,,,,,,,,,,,1.0,1.0,1.0,1.0,1.0,1.0,2.0,2.0,1.0,1.0,1.0,2.0,1.0,1.0,1.0,1.0,2.0,1.0,1.0,1.0,2.0,1.0,2.0,1.0,1.0,1.0,2.0,1.0,1.0,1.0,1.0,1.0,2.0,1.0,1.0,2.0,1.0,1.0,2.0,2.0,1.0,2.0,1.0,1.0,2.0,1.0,,4.0,,,6.0,,18.0,,3.0,,
pid_1344,1.0,,2.0,,2.0,54.0,,,,,1.0,380.0,50.0,,,5.0,4.0,2.0,5.0,4.0,4.0,4.0,1.0,4.0,2.0,4.0,,5.0,,,,,4.0,5.0,5.0,6.0,,2.0,7.0,5.0,5.0,5.0,5.0,6.0,6.0,6.0,60.0,55.0,55.0,45.0,55.0,65.0,55.0,75.0,65.0,80.0,4.0,,6.0,1.0,1.0,1.0,1.0,1.0,1.0,1.0,1.0,1.0,1.0,,,,,,,2.0,1.0,2.0,1.0,2.0,1.0,2.0,2.0,1.0,2.0,1.0,1.0,1.0,2.0,1.0,2.0,1.0,1.0,1.0,2.0,1.0,1.0,1.0,2.0,2.0,1.0,1.0,2.0,2.0,2.0,2.0,2.0,2.0,1.0,1.0,2.0,1.0,1.0,2.0,1.0,,5.0,,,6.0,,,5.0,,,4.0
pid_1345,,1.0,1.0,,2.0,54.0,,,,,1.0,379.0,30.0,,2.0,,5.0,5.0,1.0,1.0,5.0,5.0,4.0,5.0,5.0,5.0,2.0,,,4.0,3.0,2.0,,,,6.0,,2.0,7.0,5.0,5.0,5.0,5.0,5.0,6.0,6.0,60.0,60.0,45.0,35.0,55.0,65.0,55.0,70.0,65.0,75.0,4.0,6.0,,,,,,,,,,,,1.0,1.0,1.0,1.0,1.0,1.0,1.0,2.0,2.0,1.0,2.0,2.0,1.0,2.0,2.0,1.0,1.0,2.0,2.0,2.0,2.0,2.0,2.0,2.0,1.0,1.0,1.0,1.0,1.0,1.0,2.0,1.0,2.0,2.0,1.0,2.0,2.0,2.0,1.0,1.0,2.0,2.0,2.0,2.0,2.0,2.0,4.0,,,6.0,,,18.0,,,,5.0
pid_1346,,1.0,2.0,,,,1.0,54.0,2.0,380.0,,,30.0,,,3.0,4.0,4.0,2.0,2.0,4.0,4.0,2.0,4.0,4.0,4.0,1.0,,,4.0,5.0,3.0,,,,,4.0,1.0,7.0,5.0,5.0,6.0,5.0,5.0,6.0,6.0,55.0,60.0,50.0,40.0,60.0,65.0,50.0,70.0,65.0,75.0,4.0,6.0,,,,,,,,,,,,1.0,1.0,1.0,1.0,1.0,1.0,1.0,1.0,2.0,2.0,2.0,1.0,2.0,2.0,2.0,2.0,2.0,1.0,2.0,2.0,2.0,1.0,2.0,1.0,1.0,1.0,1.0,2.0,1.0,2.0,1.0,1.0,2.0,1.0,2.0,2.0,2.0,2.0,2.0,2.0,1.0,2.0,2.0,2.0,2.0,2.0,4.0,,,6.0,,,,20.0,,,4.0
pid_1347,1.0,,,2.0,2.0,50.0,,,,,1.0,120.0,30.0,,3.0,,4.0,5.0,1.0,1.0,4.0,4.0,4.0,5.0,5.0,5.0,,,5.0,,,,4.0,5.0,2.0,6.0,,2.0,6.0,3.0,5.0,5.0,5.0,6.0,6.0,6.0,55.0,60.0,40.0,45.0,50.0,60.0,55.0,70.0,65.0,75.0,4.0,6.0,,1.0,1.0,1.0,1.0,1.0,1.0,1.0,1.0,1.0,1.0,,,,,,,1.0,2.0,2.0,2.0,2.0,2.0,2.0,2.0,2.0,2.0,2.0,2.0,2.0,2.0,1.0,1.0,2.0,2.0,2.0,2.0,1.0,2.0,1.0,2.0,2.0,1.0,2.0,1.0,1.0,2.0,2.0,1.0,2.0,2.0,2.0,2.0,2.0,1.0,2.0,2.0,,,4.0,,,6.0,18.0,,,,3.0
pid_1348,1.0,,,2.0,,,1.0,54.0,2.0,379.0,,,,70.0,2.0,,5.0,5.0,1.0,1.0,5.0,5.0,5.0,5.0,5.0,5.0,4.0,,,4.0,5.0,2.0,,,,6.0,,1.0,7.0,3.0,5.0,5.0,3.0,5.0,6.0,6.0,60.0,55.0,45.0,35.0,65.0,65.0,55.0,75.0,65.0,80.0,4.0,,7.0,,,,,,,,,,,1.0,1.0,1.0,1.0,1.0,1.0,2.0,2.0,2.0,1.0,2.0,1.0,2.0,2.0,2.0,2.0,2.0,2.0,1.0,2.0,2.0,1.0,2.0,2.0,1.0,2.0,1.0,2.0,1.0,2.0,2.0,2.0,2.0,1.0,1.0,2.0,1.0,1.0,2.0,2.0,1.0,2.0,2.0,2.0,2.0,2.0,5.0,,,6.0,,,,20.0,,9.0,
pid_1349,,2.0,,1.0,,,1.0,54.0,,,1.0,380.0,,70.0,2.0,,2.0,1.0,5.0,4.0,4.0,2.0,1.0,4.0,2.0,4.0,1.0,,,,,,4.0,3.0,5.0,6.0,,2.0,6.0,5.0,5.0,5.0,3.0,5.0,6.0,6.0,55.0,55.0,60.0,55.0,65.0,60.0,50.0,70.0,65.0,75.0,4.0,6.0,,1.0,1.0,1.0,1.0,1.0,1.0,1.0,1.0,1.0,1.0,,,,,,,2.0,2.0,1.0,2.0,2.0,2.0,2.0,2.0,1.0,1.0,1.0,2.0,2.0,2.0,2.0,1.0,2.0,1.0,2.0,2.0,2.0,2.0,2.0,2.0,2.0,1.0,2.0,1.0,2.0,2.0,1.0,2.0,2.0,1.0,1.0,1.0,2.0,1.0,2.0,1.0,4.0,,,6.0,,,,20.0,2.0,,
pid_1350,,2.0,,2.0,,,1.0,54.0,,,1.0,380.0,,70.0,,3.0,5.0,5.0,1.0,1.0,5.0,5.0,4.0,5.0,5.0,5.0,,,5.0,,,,4.0,4.0,5.0,,4.0,2.0,6.0,5.0,5.0,5.0,5.0,5.0,6.0,6.0,60.0,55.0,45.0,40.0,55.0,60.0,55.0,70.0,65.0,75.0,4.0,,6.0,1.0,1.0,1.0,1.0,1.0,1.0,1.0,1.0,1.0,1.0,,,,,,,2.0,1.0,2.0,2.0,2.0,1.0,2.0,2.0,2.0,1.0,1.0,2.0,2.0,1.0,2.0,1.0,2.0,1.0,2.0,2.0,1.0,1.0,2.0,1.0,2.0,2.0,2.0,2.0,2.0,1.0,1.0,2.0,2.0,1.0,1.0,2.0,2.0,2.0,1.0,2.0,,,5.0,,,6.0,18.0,,3.0,,
pid_1351,,1.0,,2.0,2.0,54.0,,,,,1.0,380.0,30.0,,1.0,,2.0,1.0,5.0,4.0,2.0,2.0,1.0,4.0,2.0,4.0,2.0,,,,,,4.0,5.0,5.0,,4.0,1.0,6.0,5.0,5.0,5.0,3.0,6.0,6.0,6.0,55.0,60.0,55.0,50.0,55.0,50.0,45.0,70.0,60.0,75.0,4.0,6.0,,1.0,1.0,1.0,1.0,1.0,1.0,1.0,1.0,1.0,1.0,,,,,,,1.0,2.0,1.0,2.0,1.0,1.0,1.0,1.0,1.0,2.0,1.0,2.0,2.0,2.0,1.0,1.0,2.0,2.0,2.0,2.0,1.0,1.0,1.0,2.0,2.0,1.0,1.0,2.0,1.0,1.0,2.0,2.0,1.0,2.0,1.0,1.0,2.0,2.0,1.0,2.0,4.0,,,5.0,,,16.0,,,,3.0
pid_1352,1.0,,2.0,,2.0,54.0,,,2.0,380.0,,,30.0,,3.0,,5.0,5.0,1.0,1.0,5.0,5.0,5.0,5.0,5.0,5.0,,,5.0,4.0,5.0,3.0,,,,6.0,,2.0,6.0,5.0,5.0,5.0,5.0,5.0,6.0,6.0,60.0,60.0,50.0,40.0,55.0,65.0,55.0,75.0,65.0,80.0,4.0,6.0,,1.0,1.0,1.0,1.0,1.0,1.0,1.0,1.0,1.0,1.0,,,,,,,2.0,1.0,2.0,2.0,1.0,2.0,1.0,2.0,1.0,2.0,1.0,2.0,2.0,1.0,2.0,2.0,2.0,1.0,2.0,2.0,2.0,2.0,2.0,2.0,1.0,1.0,1.0,2.0,2.0,2.0,2.0,2.0,2.0,2.0,1.0,2.0,1.0,2.0,1.0,1.0,,,5.0,,,6.0,,20.0,1.0,,
pid_1353,1.0,,1.0,,,,1.0,30.0,2.0,350.0,,,30.0,,3.0,,5.0,5.0,1.0,1.0,5.0,5.0,4.0,5.0,5.0,5.0,,,5.0,4.0,5.0,2.0,,,,,6.0,1.0,7.0,5.0,5.0,3.0,5.0,5.0,6.0,6.0,60.0,60.0,45.0,40.0,65.0,65.0,55.0,75.0,70.0,80.0,4.0,6.0,,1.0,1.0,1.0,1.0,1.0,1.0,1.0,1.0,1.0,1.0,,,,,,,2.0,1.0,1.0,1.0,2.0,2.0,2.0,1.0,1.0,1.0,2.0,2.0,1.0,2.0,2.0,2.0,2.0,2.0,2.0,2.0,2.0,2.0,1.0,2.0,2.0,1.0,1.0,2.0,1.0,2.0,1.0,1.0,2.0,1.0,2.0,1.0,2.0,1.0,2.0,1.0,,,5.0,,,6.0,16.0,,,,4.0
pid_1354,1.0,,,2.0,2.0,54.0,,,,,1.0,380.0,30.0,,2.0,,4.0,1.0,5.0,4.0,4.0,4.0,1.0,4.0,2.0,4.0,,,5.0,,,,4.0,3.0,2.0,4.0,,1.0,6.0,3.0,5.0,5.0,3.0,5.0,6.0,6.0,50.0,60.0,55.0,50.0,55.0,60.0,45.0,65.0,65.0,75.0,4.0,,6.0,1.0,1.0,1.0,1.0,1.0,1.0,1.0,1.0,1.0,1.0,,,,,,,1.0,2.0,2.0,1.0,1.0,1.0,1.0,2.0,1.0,1.0,2.0,1.0,2.0,2.0,1.0,1.0,1.0,2.0,2.0,1.0,2.0,1.0,1.0,2.0,1.0,2.0,1.0,2.0,1.0,2.0,1.0,2.0,2.0,1.0,1.0,2.0,1.0,1.0,2.0,1.0,,,4.0,,,6.0,20.0,,3.0,,
pid_1355,,1.0,1.0,,,,1.0,20.0,,,1.0,379.0,,70.0,,3.0,4.0,5.0,1.0,1.0,5.0,5.0,4.0,5.0,5.0,5.0,,5.0,,,,,4.0,5.0,5.0,4.0,,2.0,6.0,5.0,5.0,5.0,3.0,5.0,6.0,6.0,55.0,54.0,46.0,48.0,58.0,62.0,52.0,68.0,64.0,75.0,4.0,,6.0,1.0,1.0,1.0,1.0,1.0,1.0,1.0,1.0,1.0,1.0,,,,,,,1.0,1.0,2.0,2.0,1.0,1.0,2.0,1.0,1.0,2.0,2.0,1.0,2.0,1.0,2.0,2.0,2.0,1.0,1.0,1.0,2.0,1.0,2.0,1.0,2.0,2.0,2.0,1.0,2.0,2.0,1.0,2.0,2.0,1.0,2.0,2.0,1.0,2.0,1.0,2.0,,4.0,,,6.0,,,18.0,1.0,,
pid_1356,,2.0,,2.0,,,1.0,20.0,2.0,500.0,,,30.0,,,3.0,4.0,5.0,1.0,1.0,5.0,5.0,4.0,5.0,5.0,5.0,1.0,,,4.0,3.0,4.0,,,,,4.0,2.0,6.0,5.0,5.0,5.0,5.0,6.0,6.0,6.0,60.0,60.0,45.0,40.0,55.0,65.0,55.0,75.0,70.0,80.0,4.0,,6.0,,,,,,,,,,,1.0,1.0,1.0,1.0,1.0,1.0,2.0,1.0,2.0,1.0,2.0,1.0,2.0,2.0,2.0,1.0,1.0,2.0,2.0,1.0,2.0,1.0,2.0,2.0,2.0,1.0,2.0,1.0,1.0,2.0,1.0,2.0,1.0,2.0,1.0,2.0,2.0,1.0,2.0,1.0,1.0,2.0,2.0,1.0,2.0,1.0,5.0,,,5.0,,,,20.0,2.0,,
pid_1357,1.0,,2.0,,,,1.0,54.0,,,1.0,300.0,,70.0,,2.0,5.0,5.0,1.0,1.0,5.0,5.0,5.0,5.0,5.0,5.0,4.0,,,4.0,5.0,3.0,,,,,6.0,2.0,7.0,5.0,5.0,5.0,5.0,6.0,6.0,6.0,60.0,65.0,45.0,35.0,55.0,65.0,55.0,75.0,70.0,80.0,4.0,6.0,,,,,,,,,,,,1.0,1.0,1.0,1.0,1.0,1.0,1.0,2.0,2.0,2.0,2.0,1.0,1.0,2.0,2.0,1.0,2.0,2.0,2.0,1.0,2.0,1.0,1.0,2.0,2.0,1.0,1.0,2.0,2.0,2.0,2.0,2.0,1.0,2.0,2.0,2.0,2.0,2.0,2.0,1.0,1.0,1.0,2.0,1.0,2.0,2.0,5.0,,,6.0,,,18.0,,3.0,,
pid_1358,,1.0,2.0,,2.0,54.0,,,,,1.0,380.0,30.0,,,2.0,5.0,5.0,1.0,2.0,5.0,5.0,4.0,5.0,5.0,5.0,,,5.0,5.0,4.0,3.0,,,,,4.0,1.0,7.0,5.0,5.0,5.0,3.0,5.0,6.0,6.0,60.0,65.0,45.0,40.0,55.0,60.0,55.0,75.0,70.0,80.0,4.0,,6.0,,,,,,,,,,,1.0,1.0,1.0,1.0,1.0,1.0,1.0,2.0,1.0,1.0,2.0,2.0,1.0,1.0,1.0,2.0,2.0,2.0,1.0,1.0,1.0,1.0,2.0,1.0,2.0,1.0,2.0,1.0,2.0,2.0,1.0,1.0,1.0,2.0,1.0,1.0,2.0,1.0,2.0,1.0,2.0,1.0,2.0,1.0,2.0,2.0,,,5.0,,,6.0,15.0,,,9.0,
pid_1359,1.0,,,2.0,,,1.0,50.0,,,1.0,379.0,,85.0,,3.0,2.0,1.0,5.0,4.0,2.0,3.0,1.0,2.0,1.0,2.0,,5.0,,,,,3.0,4.0,3.0,,4.0,1.0,6.0,5.0,5.0,5.0,5.0,6.0,6.0,6.0,55.0,55.0,60.0,45.0,48.0,52.0,48.0,65.0,60.0,75.0,4.0,6.0,,1.0,1.0,1.0,1.0,1.0,1.0,1.0,1.0,1.0,1.0,,,,,,,2.0,2.0,2.0,2.0,2.0,2.0,2.0,2.0,1.0,2.0,1.0,1.0,1.0,1.0,2.0,1.0,1.0,1.0,1.0,1.0,2.0,2.0,1.0,1.0,1.0,2.0,1.0,2.0,1.0,2.0,1.0,2.0,1.0,1.0,1.0,1.0,1.0,2.0,1.0,2.0,,4.0,,,5.0,,18.0,,1.0,,
pid_1360,1.0,,1.0,,,,1.0,54.0,2.0,380.0,,,30.0,,,3.0,2.0,4.0,4.0,4.0,4.0,2.0,1.0,4.0,2.0,4.0,4.0,,,,,,4.0,5.0,5.0,4.0,,1.0,7.0,5.0,5.0,5.0,3.0,5.0,6.0,6.0,55.0,60.0,58.0,55.0,62.0,58.0,48.0,70.0,65.0,75.0,4.0,7.0,,1.0,1.0,1.0,1.0,1.0,1.0,1.0,1.0,1.0,1.0,,,,,,,2.0,1.0,2.0,1.0,1.0,1.0,1.0,2.0,2.0,1.0,1.0,2.0,2.0,1.0,1.0,2.0,1.0,2.0,2.0,2.0,2.0,1.0,1.0,2.0,2.0,2.0,2.0,1.0,2.0,2.0,2.0,1.0,1.0,1.0,1.0,1.0,2.0,1.0,2.0,2.0,4.0,,,5.0,,,18.0,,2.0,,
pid_1361,1.0,,2.0,,,,1.0,54.0,,,1.0,380.0,,70.0,3.0,,5.0,5.0,1.0,1.0,5.0,5.0,5.0,5.0,5.0,5.0,4.0,,,,,,4.0,5.0,5.0,6.0,,2.0,7.0,5.0,5.0,5.0,3.0,6.0,6.0,6.0,55.0,58.0,48.0,38.0,62.0,65.0,52.0,70.0,65.0,80.0,4.0,,6.0,,,,,,,,,,,1.0,1.0,1.0,1.0,1.0,1.0,1.0,1.0,1.0,2.0,2.0,1.0,1.0,2.0,1.0,2.0,2.0,2.0,1.0,2.0,2.0,2.0,1.0,1.0,1.0,2.0,2.0,2.0,1.0,2.0,1.0,1.0,2.0,2.0,1.0,2.0,2.0,2.0,1.0,1.0,2.0,2.0,1.0,2.0,2.0,2.0,5.0,,,6.0,,,18.0,,1.0,,
pid_1362,1.0,,,2.0,,,1.0,54.0,,,1.0,379.0,,75.0,2.0,,4.0,5.0,1.0,1.0,5.0,5.0,5.0,5.0,5.0,5.0,,,5.0,,,,4.0,5.0,3.0,6.0,,1.0,6.0,3.0,4.0,5.0,3.0,6.0,6.0,6.0,60.0,65.0,45.0,40.0,65.0,70.0,55.0,75.0,65.0,80.0,4.0,6.0,,1.0,1.0,1.0,1.0,1.0,1.0,1.0,1.0,1.0,1.0,,,,,,,1.0,1.0,2.0,2.0,2.0,1.0,2.0,1.0,1.0,2.0,1.0,2.0,2.0,1.0,1.0,2.0,1.0,1.0,1.0,2.0,2.0,1.0,1.0,1.0,1.0,2.0,2.0,2.0,2.0,1.0,1.0,1.0,1.0,1.0,1.0,1.0,1.0,1.0,1.0,2.0,,,4.0,,,6.0,17.0,,,,3.0
pid_1363,1.0,,2.0,,2.0,50.0,,,,,1.0,200.0,,70.0,,2.0,4.0,5.0,1.0,1.0,5.0,5.0,4.0,5.0,5.0,5.0,,,5.0,,,,4.0,5.0,5.0,,4.0,2.0,6.0,5.0,5.0,5.0,5.0,5.0,6.0,6.0,60.0,60.0,45.0,35.0,65.0,65.0,55.0,75.0,70.0,80.0,4.0,6.0,,1.0,1.0,1.0,1.0,1.0,1.0,1.0,1.0,1.0,1.0,,,,,,,1.0,1.0,2.0,2.0,2.0,2.0,2.0,2.0,2.0,1.0,2.0,2.0,2.0,2.0,2.0,1.0,2.0,2.0,1.0,2.0,1.0,2.0,2.0,2.0,1.0,2.0,1.0,2.0,1.0,1.0,1.0,2.0,2.0,2.0,1.0,2.0,1.0,1.0,1.0,2.0,,,5.0,,,6.0,,10.0,,,3.0
pid_1364,,2.0,2.0,,,,1.0,54.0,2.0,379.0,,,30.0,,2.0,,4.0,5.0,2.0,1.0,5.0,5.0,2.0,5.0,4.0,4.0,,,5.0,,,,4.0,5.0,5.0,,4.0,1.0,6.0,5.0,5.0,5.0,3.0,5.0,6.0,6.0,60.0,60.0,55.0,45.0,65.0,60.0,45.0,70.0,65.0,80.0,4.0,,6.0,1.0,1.0,1.0,1.0,1.0,1.0,1.0,1.0,1.0,1.0,,,,,,,1.0,2.0,2.0,2.0,1.0,1.0,2.0,2.0,1.0,2.0,2.0,2.0,1.0,2.0,1.0,1.0,1.0,2.0,2.0,2.0,1.0,2.0,1.0,1.0,1.0,2.0,2.0,1.0,2.0,2.0,2.0,1.0,1.0,1.0,1.0,1.0,2.0,2.0,1.0,2.0,,,5.0,,,6.0,16.0,,,,3.0
pid_1365,,1.0,,2.0,,,1.0,54.0,,,1.0,379.0,30.0,,3.0,,5.0,5.0,1.0,1.0,5.0,5.0,4.0,5.0,5.0,5.0,,5.0,,4.0,5.0,2.0,,,,6.0,,1.0,7.0,5.0,5.0,5.0,5.0,6.0,6.0,6.0,60.0,55.0,45.0,38.0,58.0,57.0,48.0,67.0,64.0,72.0,4.0,,6.0,,,,,,,,,,,1.0,1.0,1.0,1.0,1.0,1.0,2.0,1.0,2.0,2.0,2.0,2.0,2.0,2.0,2.0,2.0,2.0,1.0,2.0,2.0,1.0,1.0,1.0,2.0,1.0,1.0,1.0,2.0,2.0,2.0,2.0,2.0,2.0,2.0,1.0,2.0,2.0,2.0,2.0,1.0,1.0,1.0,2.0,2.0,1.0,2.0,,5.0,,,6.0,,18.0,,3.0,,
pid_1366,1.0,,1.0,,,,1.0,54.0,2.0,379.0,,,,80.0,3.0,,2.0,1.0,5.0,4.0,4.0,2.0,1.0,3.0,2.0,2.0,2.0,,,4.0,5.0,3.0,,,,,4.0,1.0,6.0,5.0,5.0,6.0,3.0,5.0,6.0,5.0,55.0,60.0,52.0,45.0,60.0,58.0,48.0,65.0,62.0,75.0,4.0,5.0,,,,,,,,,,,,1.0,1.0,1.0,1.0,1.0,1.0,1.0,2.0,2.0,2.0,1.0,1.0,1.0,1.0,2.0,1.0,2.0,2.0,1.0,2.0,1.0,2.0,2.0,2.0,2.0,2.0,1.0,2.0,2.0,2.0,2.0,2.0,1.0,2.0,2.0,2.0,1.0,2.0,1.0,2.0,1.0,2.0,2.0,2.0,2.0,2.0,4.0,,,5.0,,,,5.0,1.0,,
pid_1367,,2.0,,2.0,2.0,54.0,,,,,1.0,380.0,30.0,,,1.0,5.0,5.0,1.0,1.0,5.0,5.0,4.0,5.0,5.0,5.0,,5.0,,4.0,5.0,3.0,,,,6.0,,2.0,7.0,5.0,5.0,3.0,5.0,5.0,6.0,6.0,55.0,60.0,40.0,35.0,60.0,65.0,50.0,75.0,70.0,80.0,4.0,,6.0,1.0,1.0,1.0,1.0,1.0,1.0,1.0,1.0,1.0,1.0,,,,,,,2.0,1.0,1.0,1.0,2.0,2.0,1.0,2.0,2.0,2.0,1.0,1.0,2.0,2.0,1.0,2.0,2.0,1.0,2.0,1.0,2.0,2.0,2.0,2.0,1.0,2.0,2.0,1.0,1.0,2.0,2.0,2.0,1.0,2.0,1.0,1.0,1.0,1.0,1.0,1.0,,5.0,,,6.0,,,0.0,,6.0,
pid_1368,,1.0,,2.0,2.0,54.0,,,,,1.0,380.0,30.0,,4.0,,4.0,4.0,2.0,2.0,4.0,4.0,3.0,4.0,4.0,4.0,,,5.0,,,,3.0,4.0,5.0,4.0,,2.0,6.0,5.0,5.0,5.0,5.0,5.0,6.0,6.0,60.0,60.0,50.0,55.0,55.0,60.0,50.0,70.0,65.0,75.0,4.0,,6.0,1.0,1.0,1.0,1.0,1.0,1.0,1.0,1.0,1.0,1.0,,,,,,,2.0,2.0,2.0,1.0,1.0,1.0,1.0,2.0,2.0,2.0,1.0,2.0,1.0,2.0,1.0,2.0,2.0,2.0,1.0,2.0,2.0,1.0,2.0,1.0,2.0,2.0,2.0,1.0,1.0,1.0,1.0,1.0,2.0,2.0,1.0,2.0,2.0,2.0,2.0,1.0,,,5.0,,,6.0,,20.0,1.0,,
pid_1369,1.0,,2.0,,,,1.0,54.0,2.0,380.0,,,50.0,,,1.0,2.0,1.0,5.0,4.0,2.0,2.0,1.0,2.0,1.0,2.0,,5.0,,4.0,5.0,2.0,,,,,4.0,2.0,6.0,5.0,5.0,5.0,5.0,6.0,6.0,6.0,55.0,60.0,65.0,55.0,60.0,65.0,45.0,65.0,65.0,75.0,4.0,6.0,,,,,,,,,,,,1.0,1.0,1.0,1.0,1.0,1.0,2.0,2.0,1.0,1.0,2.0,2.0,1.0,2.0,2.0,1.0,2.0,2.0,2.0,1.0,1.0,1.0,1.0,2.0,2.0,1.0,2.0,2.0,2.0,2.0,2.0,1.0,2.0,1.0,1.0,1.0,2.0,2.0,2.0,2.0,1.0,1.0,1.0,1.0,1.0,1.0,,5.0,,,6.0,,,18.0,,,5.0
pid_1370,1.0,,1.0,,2.0,54.0,,,2.0,400.0,,,,70.0,,1.0,2.0,2.0,5.0,4.0,2.0,1.0,1.0,2.0,1.0,2.0,,,4.0,4.0,5.0,,,,,4.0,,2.0,6.0,3.0,5.0,5.0,5.0,6.0,6.0,6.0,55.0,65.0,55.0,60.0,60.0,58.0,55.0,65.0,60.0,75.0,4.0,6.0,,,,,,,,,,,,1.0,1.0,1.0,1.0,1.0,1.0,1.0,1.0,2.0,2.0,2.0,2.0,1.0,2.0,1.0,2.0,2.0,2.0,1.0,1.0,2.0,1.0,1.0,2.0,2.0,2.0,1.0,2.0,1.0,1.0,2.0,2.0,2.0,2.0,2.0,2.0,2.0,1.0,1.0,2.0,2.0,2.0,2.0,1.0,2.0,2.0,,,5.0,,,5.0,15.0,,,6.0,
pid_1371,,1.0,2.0,,2.0,54.0,,,,,1.0,380.0,,70.0,,2.0,4.0,5.0,1.0,1.0,5.0,5.0,4.0,5.0,5.0,5.0,4.0,,,4.0,5.0,3.0,,,,4.0,,2.0,7.0,5.0,5.0,3.0,5.0,5.0,6.0,6.0,60.0,65.0,40.0,35.0,65.0,65.0,55.0,75.0,70.0,80.0,4.0,7.0,,1.0,1.0,1.0,1.0,1.0,1.0,1.0,1.0,1.0,1.0,,,,,,,2.0,2.0,2.0,2.0,2.0,1.0,1.0,1.0,1.0,2.0,2.0,1.0,2.0,1.0,1.0,2.0,2.0,1.0,1.0,1.0,2.0,1.0,1.0,1.0,2.0,1.0,2.0,1.0,1.0,1.0,2.0,2.0,1.0,2.0,2.0,2.0,2.0,1.0,2.0,2.0,5.0,,,6.0,,,,20.0,,6.0,
pid_1372,,2.0,,2.0,2.0,54.0,,,2.0,380.0,,,,70.0,3.0,,4.0,5.0,1.0,1.0,5.0,5.0,4.0,5.0,5.0,5.0,,5.0,,,,,4.0,3.0,5.0,,6.0,2.0,6.0,5.0,5.0,5.0,3.0,5.0,6.0,6.0,60.0,60.0,45.0,40.0,65.0,65.0,55.0,75.0,70.0,80.0,4.0,6.0,,1.0,1.0,1.0,1.0,1.0,1.0,1.0,1.0,1.0,1.0,,,,,,,1.0,1.0,2.0,2.0,2.0,2.0,1.0,2.0,1.0,1.0,2.0,2.0,2.0,2.0,1.0,2.0,2.0,2.0,1.0,2.0,2.0,1.0,1.0,2.0,1.0,2.0,2.0,2.0,2.0,2.0,1.0,2.0,2.0,2.0,2.0,1.0,1.0,2.0,1.0,2.0,,5.0,,,6.0,,,0.0,,9.0,
pid_1373,,1.0,,2.0,2.0,55.0,,,,,1.0,300.0,,80.0,3.0,,4.0,4.0,2.0,2.0,4.0,4.0,2.0,4.0,4.0,4.0,2.0,,,,,,4.0,5.0,5.0,,4.0,1.0,6.0,5.0,5.0,5.0,3.0,5.0,6.0,6.0,55.0,55.0,45.0,45.0,60.0,60.0,50.0,70.0,65.0,75.0,4.0,6.0,,1.0,1.0,1.0,1.0,1.0,1.0,1.0,1.0,1.0,1.0,,,,,,,2.0,2.0,1.0,1.0,2.0,2.0,1.0,1.0,1.0,1.0,2.0,1.0,1.0,1.0,2.0,1.0,2.0,1.0,2.0,2.0,2.0,1.0,1.0,2.0,1.0,2.0,1.0,1.0,1.0,2.0,1.0,1.0,2.0,1.0,2.0,2.0,2.0,2.0,2.0,1.0,4.0,,,5.0,,,,15.0,,,4.0
pid_1374,1.0,,1.0,,,,1.0,54.0,2.0,370.0,,,,70.0,,3.0,2.0,1.0,5.0,4.0,3.0,2.0,1.0,4.0,2.0,4.0,,,5.0,4.0,5.0,3.0,,,,4.0,,1.0,7.0,3.0,5.0,5.0,5.0,5.0,6.0,6.0,55.0,65.0,55.0,45.0,60.0,65.0,55.0,70.0,65.0,80.0,4.0,6.0,,,,,,,,,,,,1.0,1.0,1.0,1.0,1.0,1.0,2.0,1.0,2.0,1.0,2.0,1.0,1.0,2.0,1.0,1.0,2.0,2.0,1.0,1.0,2.0,2.0,2.0,1.0,2.0,2.0,1.0,1.0,2.0,1.0,2.0,1.0,1.0,1.0,1.0,2.0,1.0,1.0,2.0,1.0,1.0,1.0,1.0,1.0,2.0,2.0,,,5.0,,,6.0,,15.0,,,3.0
pid_1375,,2.0,1.0,,2.0,54.0,,,2.0,380.0,,,30.0,,,2.0,4.0,5.0,1.0,1.0,5.0,5.0,4.0,5.0,5.0,5.0,4.0,,,4.0,5.0,2.0,,,,4.0,,2.0,7.0,3.0,5.0,5.0,3.0,6.0,6.0,6.0,55.0,62.0,48.0,40.0,60.0,58.0,52.0,65.0,64.0,78.0,4.0,6.0,,,,,,,,,,,,1.0,1.0,1.0,1.0,1.0,1.0,1.0,2.0,1.0,2.0,2.0,1.0,2.0,2.0,2.0,2.0,2.0,1.0,2.0,2.0,1.0,2.0,2.0,2.0,2.0,2.0,1.0,2.0,1.0,1.0,2.0,1.0,1.0,1.0,2.0,1.0,1.0,2.0,1.0,2.0,2.0,1.0,1.0,2.0,2.0,1.0,5.0,,,5.0,,,18.0,,,,2.0
pid_1376,1.0,,2.0,,2.0,54.0,,,2.0,380.0,,,30.0,,3.0,,5.0,5.0,1.0,1.0,5.0,5.0,4.0,5.0,5.0,5.0,,,5.0,5.0,5.0,2.0,,,,,4.0,2.0,7.0,3.0,5.0,6.0,5.0,6.0,6.0,6.0,55.0,62.0,35.0,40.0,58.0,60.0,48.0,65.0,65.0,75.0,4.0,6.0,,1.0,1.0,1.0,1.0,1.0,1.0,1.0,1.0,1.0,1.0,,,,,,,1.0,2.0,1.0,2.0,2.0,1.0,1.0,2.0,2.0,2.0,2.0,1.0,2.0,2.0,2.0,1.0,2.0,1.0,1.0,1.0,2.0,2.0,2.0,2.0,1.0,2.0,2.0,2.0,2.0,1.0,2.0,1.0,2.0,1.0,1.0,1.0,1.0,2.0,2.0,2.0,,,5.0,,,6.0,,20.0,,,3.0
pid_1377,,1.0,,2.0,2.0,54.0,,,2.0,380.0,,,,70.0,,1.0,4.0,5.0,1.0,1.0,5.0,5.0,4.0,5.0,5.0,5.0,1.0,,,4.0,5.0,3.0,,,,,4.0,1.0,6.0,5.0,5.0,5.0,5.0,5.0,6.0,6.0,55.0,60.0,45.0,40.0,60.0,60.0,55.0,70.0,65.0,75.0,4.0,6.0,,1.0,1.0,1.0,1.0,1.0,1.0,1.0,1.0,1.0,1.0,,,,,,,1.0,2.0,1.0,1.0,2.0,2.0,2.0,2.0,2.0,2.0,2.0,1.0,1.0,2.0,2.0,1.0,2.0,2.0,2.0,2.0,1.0,2.0,2.0,1.0,2.0,2.0,1.0,2.0,1.0,2.0,1.0,2.0,2.0,1.0,1.0,2.0,1.0,1.0,2.0,2.0,4.0,,,6.0,,,,5.0,3.0,,
pid_1378,,1.0,1.0,,,,1.0,40.0,,,1.0,380.0,,80.0,,1.0,2.0,1.0,5.0,5.0,2.0,2.0,1.0,2.0,1.0,2.0,1.0,,,4.0,5.0,2.0,,,,3.0,,2.0,6.0,5.0,5.0,5.0,5.0,5.0,6.0,6.0,45.0,60.0,55.0,45.0,55.0,55.0,50.0,65.0,60.0,75.0,4.0,,6.0,1.0,1.0,1.0,1.0,1.0,1.0,1.0,1.0,1.0,1.0,,,,,,,2.0,1.0,1.0,2.0,2.0,1.0,1.0,2.0,1.0,1.0,2.0,1.0,2.0,1.0,1.0,2.0,1.0,1.0,1.0,2.0,1.0,2.0,1.0,1.0,1.0,2.0,1.0,1.0,2.0,1.0,2.0,1.0,1.0,1.0,2.0,2.0,2.0,2.0,2.0,1.0,4.0,,,5.0,,,,15.0,,9.0,
pid_1379,1.0,,1.0,,,,1.0,20.0,2.0,600.0,,,,70.0,,2.0,5.0,5.0,1.0,1.0,5.0,5.0,4.0,5.0,5.0,5.0,,,5.0,5.0,5.0,3.0,,,,,4.0,1.0,6.0,3.0,5.0,5.0,5.0,6.0,6.0,6.0,55.0,60.0,40.0,35.0,65.0,60.0,55.0,70.0,65.0,75.0,4.0,6.0,,1.0,1.0,1.0,1.0,1.0,1.0,1.0,1.0,1.0,1.0,,,,,,,1.0,1.0,2.0,1.0,1.0,1.0,2.0,2.0,1.0,2.0,1.0,2.0,1.0,2.0,1.0,1.0,1.0,2.0,2.0,1.0,2.0,2.0,1.0,1.0,2.0,1.0,1.0,1.0,2.0,2.0,2.0,2.0,1.0,2.0,2.0,2.0,1.0,2.0,2.0,1.0,,,5.0,,,6.0,,2.0,3.0,,
pid_1380,,1.0,1.0,,2.0,54.0,,,2.0,379.0,,,30.0,,,3.0,4.0,5.0,1.0,1.0,5.0,5.0,4.0,5.0,5.0,5.0,,5.0,,,,,4.0,5.0,3.0,,4.0,2.0,6.0,5.0,5.0,5.0,5.0,5.0,6.0,6.0,60.0,60.0,40.0,35.0,55.0,60.0,50.0,70.0,65.0,75.0,4.0,,6.0,1.0,1.0,1.0,1.0,1.0,1.0,1.0,1.0,1.0,1.0,,,,,,,1.0,2.0,2.0,1.0,2.0,2.0,1.0,2.0,1.0,2.0,1.0,2.0,2.0,2.0,2.0,2.0,1.0,2.0,2.0,1.0,2.0,2.0,1.0,1.0,2.0,1.0,1.0,1.0,2.0,1.0,2.0,1.0,1.0,1.0,1.0,2.0,2.0,1.0,2.0,2.0,,5.0,,,6.0,,18.0,,2.0,,
pid_1381,1.0,,,2.0,,,1.0,54.0,2.0,380.0,,,,80.0,,1.0,2.0,1.0,5.0,4.0,2.0,1.0,1.0,2.0,1.0,4.0,,,5.0,,,,4.0,5.0,5.0,6.0,,2.0,6.0,2.0,5.0,5.0,5.0,6.0,6.0,6.0,55.0,63.0,58.0,52.0,60.0,58.0,48.0,68.0,67.0,82.0,4.0,7.0,,,,,,,,,,,,1.0,1.0,1.0,1.0,1.0,1.0,2.0,1.0,1.0,1.0,2.0,1.0,1.0,2.0,1.0,2.0,1.0,2.0,2.0,2.0,1.0,2.0,1.0,1.0,2.0,2.0,1.0,2.0,1.0,1.0,2.0,2.0,1.0,2.0,1.0,1.0,1.0,2.0,1.0,1.0,2.0,2.0,1.0,1.0,1.0,1.0,,,5.0,,,6.0,18.0,,,9.0,
pid_1382,,1.0,,2.0,2.0,54.0,,,,,1.0,380.0,,80.0,3.0,,4.0,5.0,2.0,2.0,5.0,5.0,4.0,5.0,4.0,5.0,2.0,,,,,,4.0,5.0,3.0,4.0,,2.0,7.0,5.0,5.0,6.0,3.0,5.0,6.0,6.0,55.0,58.0,48.0,42.0,62.0,65.0,52.0,67.0,64.0,78.0,4.0,5.0,,,,,,,,,,,,1.0,1.0,1.0,1.0,1.0,1.0,1.0,2.0,2.0,2.0,2.0,2.0,1.0,2.0,1.0,2.0,2.0,2.0,2.0,1.0,2.0,1.0,1.0,2.0,2.0,2.0,2.0,2.0,1.0,2.0,2.0,2.0,1.0,1.0,2.0,2.0,2.0,2.0,2.0,2.0,1.0,1.0,2.0,1.0,2.0,1.0,4.0,,,6.0,,,,18.0,,,3.0
pid_1383,1.0,,2.0,,,,1.0,54.0,2.0,379.0,,,30.0,,,3.0,4.0,5.0,1.0,1.0,5.0,5.0,4.0,5.0,5.0,5.0,4.0,,,,,,4.0,5.0,5.0,,4.0,2.0,7.0,5.0,5.0,6.0,3.0,6.0,6.0,6.0,60.0,60.0,40.0,35.0,55.0,60.0,55.0,70.0,65.0,75.0,4.0,,7.0,,,,,,,,,,,1.0,1.0,1.0,1.0,1.0,1.0,2.0,2.0,1.0,1.0,1.0,2.0,2.0,2.0,2.0,1.0,2.0,1.0,2.0,1.0,2.0,2.0,1.0,2.0,2.0,1.0,2.0,1.0,1.0,2.0,2.0,2.0,2.0,1.0,1.0,1.0,2.0,2.0,2.0,2.0,1.0,2.0,2.0,2.0,2.0,1.0,4.0,,,6.0,,,,0.0,2.0,,
pid_1384,1.0,,1.0,,2.0,54.0,,,2.0,379.0,,,,70.0,2.0,,2.0,1.0,5.0,4.0,4.0,2.0,1.0,4.0,2.0,4.0,2.0,,,4.0,5.0,2.0,,,,,4.0,1.0,6.0,5.0,5.0,3.0,5.0,6.0,6.0,6.0,45.0,55.0,65.0,48.0,55.0,58.0,48.0,65.0,58.0,75.0,4.0,,6.0,1.0,1.0,1.0,1.0,1.0,1.0,1.0,1.0,1.0,1.0,,,,,,,1.0,1.0,2.0,2.0,1.0,1.0,2.0,1.0,2.0,2.0,1.0,2.0,2.0,2.0,2.0,2.0,2.0,1.0,2.0,1.0,2.0,2.0,2.0,1.0,2.0,2.0,1.0,1.0,2.0,1.0,2.0,2.0,2.0,1.0,2.0,2.0,2.0,1.0,2.0,1.0,4.0,,,6.0,,,15.0,,2.0,,
pid_1385,,1.0,1.0,,2.0,54.0,,,,,2.0,70.0,30.0,,,3.0,4.0,5.0,2.0,2.0,5.0,5.0,2.0,5.0,4.0,4.0,,5.0,,4.0,5.0,3.0,,,,,4.0,2.0,6.0,5.0,5.0,5.0,3.0,5.0,6.0,6.0,55.0,60.0,45.0,40.0,60.0,65.0,50.0,65.0,65.0,75.0,4.0,6.0,,1.0,1.0,1.0,1.0,1.0,1.0,1.0,1.0,1.0,1.0,,,,,,,1.0,1.0,2.0,2.0,2.0,2.0,2.0,2.0,2.0,2.0,1.0,2.0,1.0,1.0,2.0,2.0,2.0,2.0,2.0,1.0,2.0,2.0,2.0,2.0,1.0,2.0,1.0,2.0,1.0,2.0,2.0,2.0,1.0,1.0,1.0,2.0,1.0,2.0,2.0,1.0,,5.0,,,6.0,,,20.0,1.0,,
pid_1386,1.0,,2.0,,2.0,40.0,,,,,1.0,380.0,,70.0,,5.0,4.0,5.0,1.0,2.0,5.0,5.0,4.0,5.0,5.0,5.0,,,5.0,,,,4.0,5.0,5.0,5.0,,2.0,7.0,2.0,5.0,5.0,5.0,5.0,6.0,6.0,60.0,65.0,45.0,40.0,55.0,65.0,55.0,75.0,70.0,80.0,4.0,6.0,,1.0,1.0,1.0,1.0,1.0,1.0,1.0,1.0,1.0,1.0,,,,,,,2.0,1.0,2.0,1.0,1.0,2.0,1.0,1.0,2.0,2.0,1.0,2.0,2.0,2.0,1.0,2.0,2.0,2.0,2.0,1.0,1.0,2.0,1.0,1.0,2.0,1.0,2.0,1.0,2.0,1.0,2.0,2.0,2.0,1.0,1.0,2.0,1.0,2.0,1.0,1.0,,,5.0,,,6.0,15.0,,,,3.0
pid_1387,1.0,,,2.0,2.0,54.0,,,2.0,380.0,,,,80.0,2.0,,4.0,5.0,2.0,2.0,5.0,5.0,4.0,5.0,5.0,5.0,,5.0,,,,,3.0,4.0,5.0,6.0,,1.0,6.0,5.0,5.0,5.0,5.0,6.0,6.0,6.0,55.0,60.0,45.0,48.0,60.0,65.0,48.0,70.0,65.0,75.0,4.0,,6.0,1.0,1.0,1.0,1.0,1.0,1.0,1.0,1.0,1.0,1.0,,,,,,,1.0,1.0,1.0,2.0,1.0,2.0,2.0,2.0,1.0,1.0,1.0,1.0,2.0,2.0,2.0,1.0,2.0,2.0,1.0,2.0,1.0,1.0,1.0,1.0,2.0,1.0,1.0,1.0,2.0,2.0,2.0,1.0,1.0,2.0,2.0,1.0,1.0,2.0,1.0,1.0,,5.0,,,6.0,,16.0,,,6.0,
pid_1388,1.0,,,2.0,2.0,54.0,,,2.0,380.0,,,30.0,,1.0,,5.0,5.0,1.0,2.0,5.0,5.0,4.0,5.0,5.0,5.0,,,5.0,5.0,5.0,2.0,,,,,4.0,2.0,7.0,5.0,5.0,5.0,5.0,6.0,6.0,6.0,65.0,55.0,50.0,45.0,60.0,65.0,55.0,70.0,65.0,75.0,4.0,6.0,,,,,,,,,,,,1.0,1.0,1.0,1.0,1.0,1.0,1.0,1.0,1.0,2.0,2.0,1.0,2.0,1.0,2.0,2.0,2.0,1.0,2.0,1.0,1.0,2.0,1.0,1.0,1.0,1.0,2.0,1.0,2.0,2.0,2.0,1.0,2.0,1.0,1.0,2.0,1.0,1.0,2.0,1.0,2.0,1.0,2.0,2.0,2.0,1.0,,,5.0,,,6.0,18.0,,,9.0,
pid_1389,1.0,,,2.0,,,1.0,20.0,,,1.0,100.0,,70.0,1.0,,5.0,5.0,1.0,1.0,5.0,5.0,5.0,5.0,5.0,5.0,,5.0,,,,,4.0,5.0,5.0,5.0,,2.0,7.0,5.0,5.0,5.0,5.0,6.0,6.0,6.0,60.0,65.0,45.0,35.0,65.0,60.0,55.0,75.0,70.0,80.0,4.0,,6.0,1.0,1.0,1.0,1.0,1.0,1.0,1.0,1.0,1.0,1.0,,,,,,,2.0,2.0,2.0,2.0,2.0,2.0,1.0,2.0,1.0,1.0,1.0,2.0,2.0,2.0,1.0,1.0,1.0,2.0,2.0,2.0,1.0,2.0,2.0,2.0,1.0,2.0,2.0,1.0,2.0,1.0,2.0,1.0,2.0,1.0,1.0,1.0,2.0,1.0,2.0,1.0,,5.0,,,6.0,,,15.0,,,6.0
pid_1390,1.0,,2.0,,,,1.0,54.0,,,1.0,379.0,,70.0,3.0,,5.0,5.0,1.0,1.0,5.0,5.0,4.0,5.0,5.0,5.0,1.0,,,,,,4.0,5.0,5.0,,4.0,1.0,7.0,5.0,5.0,3.0,5.0,6.0,6.0,6.0,60.0,65.0,35.0,40.0,55.0,65.0,55.0,75.0,70.0,80.0,4.0,,6.0,,,,,,,,,,,1.0,1.0,1.0,1.0,1.0,1.0,1.0,2.0,2.0,2.0,1.0,2.0,2.0,2.0,2.0,2.0,1.0,2.0,2.0,2.0,2.0,2.0,2.0,2.0,1.0,2.0,1.0,2.0,1.0,2.0,2.0,2.0,2.0,2.0,1.0,2.0,2.0,1.0,1.0,1.0,1.0,2.0,2.0,2.0,1.0,1.0,5.0,,,6.0,,,,0.0,,9.0,
pid_1391,1.0,,,2.0,2.0,54.0,,,,,1.0,380.0,30.0,,,1.0,1.0,1.0,5.0,4.0,2.0,2.0,1.0,2.0,1.0,4.0,,,5.0,4.0,5.0,3.0,,,,4.0,,1.0,6.0,5.0,3.0,5.0,3.0,6.0,6.0,5.0,40.0,55.0,60.0,45.0,45.0,45.0,45.0,65.0,55.0,75.0,4.0,,6.0,1.0,1.0,1.0,1.0,1.0,1.0,1.0,1.0,1.0,1.0,,,,,,,1.0,2.0,2.0,1.0,2.0,1.0,1.0,2.0,2.0,1.0,2.0,1.0,2.0,1.0,2.0,2.0,2.0,1.0,1.0,2.0,1.0,2.0,2.0,1.0,2.0,1.0,2.0,1.0,1.0,1.0,1.0,1.0,1.0,2.0,2.0,1.0,1.0,1.0,2.0,1.0,,,4.0,,,6.0,18.0,,2.0,,
pid_1392,1.0,,1.0,,,,1.0,54.0,2.0,380.0,,,30.0,,2.0,,4.0,4.0,2.0,1.0,4.0,4.0,2.0,4.0,4.0,4.0,2.0,,,,,,4.0,5.0,5.0,4.0,,2.0,6.0,5.0,5.0,5.0,5.0,5.0,6.0,6.0,55.0,65.0,50.0,45.0,60.0,65.0,50.0,70.0,65.0,75.0,4.0,6.0,,,,,,,,,,,,1.0,1.0,1.0,1.0,1.0,1.0,2.0,1.0,2.0,2.0,1.0,1.0,1.0,2.0,1.0,1.0,2.0,1.0,2.0,2.0,2.0,1.0,2.0,2.0,2.0,2.0,2.0,2.0,2.0,1.0,2.0,2.0,1.0,2.0,2.0,2.0,2.0,1.0,2.0,2.0,1.0,2.0,2.0,2.0,2.0,2.0,4.0,,,6.0,,,16.0,,,,3.0
pid_1393,1.0,,,2.0,,,1.0,54.0,,,1.0,379.0,30.0,,2.0,,4.0,4.0,2.0,2.0,5.0,5.0,2.0,5.0,4.0,5.0,2.0,,,4.0,5.0,2.0,,,,,4.0,1.0,6.0,3.0,5.0,5.0,5.0,5.0,6.0,6.0,55.0,67.0,42.0,44.0,62.0,63.0,48.0,68.0,65.0,78.0,4.0,6.0,,,,,,,,,,,,1.0,1.0,1.0,1.0,1.0,1.0,2.0,2.0,1.0,2.0,1.0,2.0,1.0,2.0,2.0,1.0,2.0,2.0,1.0,2.0,1.0,2.0,2.0,1.0,2.0,1.0,2.0,1.0,2.0,2.0,1.0,2.0,2.0,1.0,2.0,1.0,2.0,1.0,2.0,1.0,1.0,1.0,1.0,2.0,2.0,1.0,4.0,,,5.0,,,,18.0,,9.0,
pid_1394,1.0,,,2.0,,,1.0,54.0,,,1.0,380.0,30.0,,2.0,,2.0,1.0,5.0,4.0,2.0,2.0,1.0,4.0,2.0,4.0,1.0,,,,,,4.0,3.0,5.0,4.0,,1.0,6.0,5.0,5.0,5.0,5.0,5.0,6.0,6.0,55.0,60.0,60.0,50.0,50.0,55.0,45.0,70.0,65.0,75.0,4.0,,7.0,1.0,1.0,1.0,1.0,1.0,1.0,1.0,1.0,1.0,1.0,,,,,,,2.0,1.0,2.0,1.0,2.0,1.0,1.0,2.0,1.0,2.0,1.0,2.0,2.0,2.0,1.0,2.0,1.0,1.0,2.0,1.0,2.0,2.0,1.0,2.0,1.0,2.0,1.0,2.0,1.0,1.0,2.0,1.0,2.0,1.0,1.0,1.0,1.0,1.0,2.0,2.0,4.0,,,5.0,,,15.0,,,,4.0
pid_1396,,2.0,1.0,,,,1.0,20.0,2.0,380.0,,,,70.0,3.0,,2.0,2.0,5.0,4.0,3.0,2.0,1.0,4.0,2.0,4.0,,5.0,,,,,3.0,4.0,5.0,4.0,,1.0,6.0,5.0,5.0,5.0,3.0,5.0,6.0,6.0,55.0,65.0,55.0,45.0,60.0,60.0,48.0,65.0,65.0,75.0,4.0,,7.0,,,,,,,,,,,1.0,1.0,1.0,1.0,1.0,1.0,1.0,1.0,1.0,2.0,2.0,2.0,2.0,2.0,1.0,1.0,1.0,1.0,2.0,1.0,2.0,2.0,1.0,1.0,2.0,2.0,2.0,1.0,1.0,2.0,2.0,1.0,1.0,1.0,1.0,1.0,2.0,1.0,2.0,2.0,1.0,1.0,2.0,2.0,2.0,1.0,,4.0,,,5.0,,16.0,,,,3.0
pid_1397,1.0,,,2.0,2.0,60.0,,,,,1.0,100.0,,80.0,2.0,,4.0,5.0,1.0,1.0,5.0,5.0,4.0,5.0,5.0,5.0,,5.0,,,,,4.0,3.0,5.0,6.0,,2.0,6.0,3.0,5.0,5.0,5.0,5.0,6.0,6.0,55.0,65.0,40.0,35.0,60.0,65.0,55.0,75.0,65.0,75.0,4.0,,7.0,,,,,,,,,,,1.0,1.0,1.0,1.0,1.0,1.0,1.0,1.0,2.0,2.0,2.0,2.0,1.0,2.0,2.0,2.0,2.0,1.0,1.0,2.0,2.0,1.0,2.0,2.0,1.0,2.0,1.0,2.0,1.0,1.0,1.0,2.0,2.0,2.0,2.0,2.0,2.0,2.0,1.0,2.0,2.0,1.0,2.0,2.0,2.0,2.0,,4.0,,,6.0,,,20.0,,6.0,
pid_1398,,1.0,,2.0,,,1.0,54.0,,,1.0,380.0,50.0,,,2.0,4.0,5.0,2.0,2.0,5.0,4.0,4.0,5.0,4.0,5.0,1.0,,,4.0,5.0,3.0,,,,,4.0,2.0,6.0,5.0,5.0,3.0,5.0,5.0,6.0,6.0,50.0,65.0,45.0,40.0,60.0,60.0,50.0,70.0,65.0,80.0,4.0,6.0,,1.0,1.0,1.0,1.0,1.0,1.0,1.0,1.0,1.0,1.0,,,,,,,1.0,2.0,2.0,1.0,1.0,1.0,1.0,2.0,1.0,2.0,1.0,2.0,2.0,1.0,2.0,2.0,2.0,1.0,2.0,1.0,1.0,1.0,1.0,1.0,2.0,2.0,2.0,2.0,1.0,1.0,1.0,1.0,1.0,2.0,2.0,2.0,1.0,1.0,1.0,2.0,4.0,,,6.0,,,,5.0,,,3.0
pid_1399,1.0,,1.0,,2.0,54.0,,,,,1.0,380.0,60.0,,,2.0,4.0,5.0,2.0,1.0,5.0,4.0,4.0,5.0,4.0,5.0,,5.0,,4.0,5.0,3.0,,,,,4.0,1.0,6.0,3.0,5.0,5.0,5.0,5.0,6.0,6.0,65.0,65.0,55.0,35.0,60.0,60.0,50.0,70.0,65.0,80.0,4.0,,7.0,,,,,,,,,,,1.0,1.0,1.0,1.0,1.0,1.0,2.0,2.0,1.0,2.0,2.0,1.0,2.0,2.0,2.0,1.0,2.0,1.0,1.0,2.0,2.0,2.0,2.0,1.0,1.0,2.0,2.0,2.0,2.0,1.0,2.0,1.0,2.0,1.0,2.0,2.0,2.0,2.0,1.0,2.0,2.0,2.0,2.0,2.0,1.0,2.0,,5.0,,,6.0,,18.0,,,9.0,
pid_1400,1.0,,,2.0,2.0,30.0,,,,,1.0,200.0,,70.0,2.0,,4.0,5.0,1.0,1.0,5.0,5.0,4.0,5.0,5.0,5.0,,5.0,,,,,4.0,5.0,3.0,,4.0,2.0,7.0,5.0,5.0,5.0,5.0,5.0,6.0,6.0,55.0,65.0,40.0,35.0,60.0,60.0,55.0,70.0,65.0,75.0,4.0,,6.0,1.0,1.0,1.0,1.0,1.0,1.0,1.0,1.0,1.0,1.0,,,,,,,2.0,1.0,2.0,2.0,2.0,2.0,2.0,2.0,2.0,2.0,2.0,1.0,1.0,1.0,1.0,2.0,1.0,1.0,1.0,1.0,1.0,2.0,1.0,1.0,1.0,2.0,1.0,2.0,1.0,1.0,2.0,2.0,2.0,2.0,1.0,2.0,2.0,1.0,2.0,2.0,,5.0,,,6.0,,18.0,,,,4.0
pid_1401,,1.0,1.0,,2.0,60.0,,,2.0,300.0,,,,70.0,1.0,,4.0,5.0,2.0,1.0,5.0,5.0,2.0,5.0,4.0,5.0,,,4.0,,,,4.0,3.0,5.0,,4.0,1.0,7.0,3.0,5.0,5.0,5.0,5.0,6.0,6.0,55.0,58.0,48.0,42.0,60.0,58.0,48.0,68.0,62.0,75.0,4.0,7.0,,,,,,,,,,,,1.0,1.0,1.0,1.0,1.0,1.0,2.0,2.0,2.0,1.0,2.0,2.0,2.0,2.0,1.0,2.0,2.0,2.0,1.0,2.0,2.0,1.0,2.0,1.0,2.0,2.0,1.0,1.0,2.0,2.0,2.0,2.0,2.0,2.0,2.0,1.0,2.0,2.0,2.0,1.0,2.0,2.0,1.0,1.0,1.0,2.0,,,5.0,,,6.0,,19.0,,,4.0
pid_1402,,1.0,,2.0,2.0,54.0,,,2.0,500.0,,,30.0,,3.0,,4.0,4.0,2.0,2.0,4.0,4.0,2.0,4.0,4.0,4.0,2.0,,,,,,3.0,3.0,5.0,4.0,,1.0,6.0,5.0,5.0,3.0,5.0,6.0,6.0,6.0,65.0,65.0,55.0,35.0,60.0,68.0,55.0,75.0,65.0,80.0,4.0,6.0,,,,,,,,,,,,1.0,1.0,1.0,1.0,1.0,1.0,2.0,2.0,2.0,2.0,1.0,2.0,1.0,2.0,2.0,2.0,1.0,1.0,2.0,2.0,2.0,2.0,2.0,2.0,1.0,2.0,1.0,1.0,2.0,2.0,1.0,1.0,1.0,2.0,2.0,2.0,2.0,2.0,2.0,2.0,2.0,2.0,2.0,2.0,2.0,2.0,5.0,,,6.0,,,15.0,,,9.0,
pid_1403,1.0,,,2.0,2.0,54.0,,,2.0,380.0,,,,75.0,2.0,,4.0,5.0,1.0,1.0,5.0,5.0,4.0,5.0,5.0,5.0,,5.0,,,,,4.0,5.0,5.0,,4.0,1.0,6.0,5.0,5.0,5.0,3.0,6.0,6.0,5.0,55.0,65.0,42.0,40.0,58.0,60.0,52.0,70.0,68.0,75.0,4.0,6.0,,1.0,1.0,1.0,1.0,1.0,1.0,1.0,1.0,1.0,1.0,,,,,,,2.0,2.0,2.0,1.0,2.0,1.0,2.0,2.0,2.0,2.0,2.0,1.0,2.0,2.0,1.0,2.0,2.0,1.0,2.0,1.0,1.0,1.0,2.0,2.0,1.0,2.0,2.0,1.0,2.0,1.0,2.0,2.0,2.0,2.0,1.0,1.0,1.0,2.0,2.0,1.0,,5.0,,,6.0,,18.0,,,,3.0
pid_1404,,1.0,,2.0,2.0,54.0,,,,,1.0,379.0,,75.0,2.0,,2.0,2.0,4.0,4.0,4.0,4.0,1.0,4.0,2.0,4.0,2.0,,,4.0,5.0,3.0,,,,,4.0,1.0,7.0,5.0,5.0,5.0,3.0,6.0,6.0,5.0,55.0,61.0,49.0,45.0,58.0,60.0,48.0,67.0,63.0,72.0,4.0,6.0,,,,,,,,,,,,1.0,1.0,1.0,1.0,1.0,1.0,1.0,1.0,2.0,1.0,2.0,2.0,1.0,2.0,2.0,1.0,2.0,2.0,2.0,1.0,2.0,1.0,1.0,2.0,1.0,2.0,1.0,2.0,2.0,1.0,1.0,2.0,2.0,1.0,1.0,2.0,2.0,1.0,2.0,1.0,1.0,1.0,1.0,2.0,1.0,2.0,4.0,,,5.0,,,,20.0,,6.0,
pid_1405,,1.0,1.0,,,,1.0,54.0,,,1.0,380.0,,70.0,,3.0,5.0,5.0,1.0,1.0,5.0,5.0,4.0,5.0,5.0,5.0,1.0,,,4.0,5.0,3.0,,,,,4.0,1.0,7.0,5.0,5.0,5.0,3.0,5.0,6.0,6.0,65.0,65.0,40.0,35.0,60.0,68.0,55.0,75.0,70.0,80.0,4.0,6.0,,,,,,,,,,,,1.0,1.0,1.0,1.0,1.0,1.0,1.0,1.0,1.0,1.0,2.0,2.0,2.0,1.0,2.0,2.0,1.0,2.0,2.0,1.0,2.0,2.0,2.0,2.0,1.0,1.0,1.0,1.0,2.0,1.0,1.0,1.0,1.0,1.0,2.0,2.0,1.0,2.0,1.0,1.0,2.0,2.0,2.0,1.0,2.0,2.0,5.0,,,6.0,,,18.0,,,8.0,
pid_1406,1.0,,,2.0,,,1.0,54.0,,,1.0,250.0,50.0,,2.0,,4.0,5.0,2.0,2.0,5.0,5.0,4.0,5.0,4.0,5.0,1.0,,,5.0,5.0,3.0,,,,4.0,,1.0,6.0,5.0,5.0,5.0,5.0,5.0,6.0,6.0,55.0,60.0,55.0,40.0,60.0,65.0,50.0,70.0,65.0,75.0,4.0,6.0,,1.0,1.0,1.0,1.0,1.0,1.0,1.0,1.0,1.0,1.0,,,,,,,2.0,2.0,2.0,2.0,2.0,2.0,1.0,1.0,1.0,2.0,2.0,1.0,1.0,1.0,2.0,2.0,2.0,1.0,1.0,1.0,1.0,2.0,2.0,2.0,2.0,1.0,1.0,1.0,2.0,2.0,1.0,2.0,2.0,1.0,2.0,1.0,2.0,2.0,2.0,2.0,5.0,,,6.0,,,15.0,,,,4.0
pid_1407,1.0,,,2.0,2.0,54.0,,,,,1.0,379.0,,70.0,2.0,,4.0,5.0,2.0,1.0,5.0,5.0,4.0,5.0,5.0,5.0,1.0,,,4.0,5.0,3.0,,,,6.0,,2.0,7.0,5.0,5.0,3.0,5.0,6.0,6.0,6.0,60.0,65.0,40.0,35.0,55.0,60.0,50.0,70.0,65.0,75.0,4.0,,6.0,1.0,1.0,1.0,1.0,1.0,1.0,1.0,1.0,1.0,1.0,,,,,,,2.0,1.0,2.0,1.0,1.0,2.0,2.0,2.0,2.0,1.0,1.0,2.0,1.0,1.0,2.0,1.0,2.0,1.0,1.0,2.0,1.0,2.0,2.0,1.0,2.0,2.0,1.0,2.0,1.0,1.0,1.0,1.0,1.0,1.0,1.0,2.0,2.0,2.0,2.0,1.0,5.0,,,6.0,,,,0.0,1.0,,
pid_1408,,1.0,,2.0,,,1.0,54.0,,,1.0,380.0,40.0,,4.0,,5.0,5.0,1.0,1.0,5.0,5.0,4.0,5.0,5.0,5.0,,5.0,,,,,4.0,4.0,2.0,,4.0,2.0,6.0,5.0,5.0,3.0,5.0,5.0,6.0,6.0,60.0,60.0,45.0,40.0,55.0,60.0,50.0,70.0,65.0,75.0,4.0,,7.0,1.0,1.0,1.0,1.0,1.0,1.0,1.0,1.0,1.0,1.0,,,,,,,2.0,1.0,2.0,2.0,1.0,2.0,2.0,2.0,1.0,2.0,1.0,1.0,2.0,2.0,2.0,1.0,2.0,2.0,1.0,1.0,2.0,2.0,2.0,1.0,2.0,1.0,2.0,1.0,2.0,2.0,2.0,1.0,2.0,2.0,2.0,1.0,1.0,2.0,1.0,2.0,,5.0,,,6.0,,20.0,,,10.0,
pid_1409,,1.0,1.0,,2.0,54.0,,,2.0,400.0,,,,75.0,2.0,,4.0,5.0,1.0,1.0,5.0,5.0,4.0,5.0,5.0,5.0,,,5.0,5.0,5.0,2.0,,,,4.0,,2.0,6.0,5.0,5.0,3.0,5.0,6.0,6.0,6.0,55.0,55.0,40.0,35.0,60.0,65.0,55.0,70.0,65.0,75.0,4.0,,7.0,,,,,,,,,,,1.0,1.0,1.0,1.0,1.0,1.0,1.0,1.0,2.0,1.0,2.0,1.0,1.0,2.0,1.0,1.0,1.0,1.0,1.0,2.0,1.0,2.0,1.0,1.0,1.0,2.0,2.0,1.0,1.0,2.0,2.0,2.0,1.0,2.0,2.0,1.0,2.0,1.0,2.0,2.0,1.0,1.0,2.0,2.0,2.0,2.0,,,5.0,,,6.0,16.0,,,,3.0
pid_1411,,2.0,2.0,,,,1.0,54.0,2.0,380.0,,,,70.0,,4.0,5.0,5.0,1.0,1.0,5.0,5.0,5.0,5.0,5.0,5.0,,,5.0,5.0,4.0,2.0,,,,4.0,,2.0,7.0,3.0,5.0,5.0,3.0,5.0,6.0,6.0,60.0,65.0,40.0,35.0,65.0,65.0,55.0,75.0,70.0,80.0,4.0,6.0,,1.0,1.0,1.0,1.0,1.0,1.0,1.0,1.0,1.0,1.0,,,,,,,2.0,1.0,2.0,1.0,2.0,2.0,1.0,1.0,2.0,1.0,2.0,2.0,2.0,2.0,1.0,1.0,2.0,1.0,1.0,1.0,2.0,2.0,2.0,2.0,2.0,2.0,2.0,1.0,1.0,1.0,2.0,2.0,1.0,1.0,2.0,2.0,1.0,2.0,1.0,1.0,,,5.0,,,6.0,,0.0,2.0,,
pid_1412,,2.0,2.0,,2.0,54.0,,,,,1.0,380.0,,80.0,,5.0,5.0,5.0,1.0,1.0,5.0,5.0,4.0,5.0,5.0,5.0,,5.0,,,,,4.0,5.0,3.0,6.0,,2.0,6.0,3.0,5.0,3.0,3.0,6.0,6.0,6.0,60.0,60.0,35.0,35.0,55.0,60.0,55.0,70.0,65.0,75.0,4.0,6.0,,1.0,1.0,1.0,1.0,1.0,1.0,1.0,1.0,1.0,1.0,,,,,,,1.0,2.0,2.0,2.0,2.0,1.0,2.0,1.0,2.0,2.0,2.0,2.0,2.0,1.0,2.0,2.0,2.0,1.0,1.0,1.0,2.0,1.0,1.0,1.0,1.0,1.0,2.0,1.0,1.0,2.0,2.0,2.0,2.0,1.0,2.0,1.0,2.0,2.0,2.0,2.0,,5.0,,,6.0,,,2.0,,,4.0
pid_1413,1.0,,,2.0,2.0,54.0,,,,,1.0,379.0,40.0,,4.0,,2.0,1.0,5.0,4.0,2.0,2.0,1.0,3.0,2.0,2.0,,4.0,,,,,4.0,3.0,5.0,,4.0,2.0,6.0,5.0,5.0,5.0,5.0,6.0,6.0,6.0,55.0,60.0,65.0,45.0,50.0,55.0,45.0,70.0,65.0,75.0,4.0,6.0,,1.0,1.0,1.0,1.0,1.0,1.0,1.0,1.0,1.0,1.0,,,,,,,2.0,2.0,1.0,2.0,2.0,1.0,2.0,1.0,2.0,2.0,2.0,2.0,1.0,2.0,1.0,1.0,2.0,2.0,1.0,1.0,2.0,2.0,1.0,2.0,1.0,1.0,2.0,1.0,1.0,2.0,2.0,2.0,2.0,1.0,2.0,2.0,2.0,2.0,2.0,2.0,,2.0,,,6.0,,18.0,,,,3.0
pid_1414,1.0,,,2.0,,,1.0,54.0,2.0,380.0,,,,85.0,5.0,,2.0,1.0,5.0,4.0,2.0,2.0,1.0,2.0,2.0,4.0,1.0,,,4.0,5.0,2.0,,,,4.0,,1.0,6.0,5.0,5.0,5.0,5.0,5.0,6.0,6.0,55.0,55.0,60.0,55.0,60.0,60.0,50.0,70.0,65.0,80.0,4.0,6.0,,,,,,,,,,,,1.0,1.0,1.0,1.0,1.0,1.0,1.0,2.0,1.0,2.0,1.0,1.0,2.0,2.0,1.0,1.0,1.0,1.0,1.0,1.0,1.0,2.0,1.0,2.0,2.0,2.0,1.0,1.0,1.0,1.0,1.0,2.0,2.0,1.0,2.0,2.0,1.0,1.0,2.0,2.0,2.0,1.0,2.0,1.0,1.0,2.0,4.0,,,5.0,,,,4.0,,6.0,
pid_1415,,1.0,,2.0,2.0,54.0,,,2.0,379.0,,,30.0,,,2.0,2.0,4.0,2.0,2.0,4.0,4.0,2.0,4.0,4.0,4.0,,,5.0,4.0,5.0,3.0,,,,,4.0,1.0,7.0,5.0,5.0,5.0,5.0,6.0,6.0,6.0,50.0,65.0,55.0,45.0,58.0,60.0,55.0,72.0,65.0,75.0,4.0,6.0,,,,,,,,,,,,1.0,1.0,1.0,1.0,1.0,1.0,2.0,1.0,2.0,2.0,1.0,1.0,1.0,2.0,2.0,2.0,1.0,2.0,2.0,1.0,1.0,2.0,2.0,2.0,2.0,2.0,2.0,1.0,1.0,1.0,1.0,2.0,2.0,1.0,2.0,1.0,1.0,2.0,2.0,1.0,2.0,2.0,1.0,2.0,2.0,2.0,,,4.0,,,6.0,,4.0,2.0,,
pid_1416,1.0,,2.0,,2.0,54.0,,,2.0,380.0,,,,70.0,5.0,,4.0,1.0,5.0,5.0,4.0,4.0,1.0,2.0,2.0,4.0,1.0,,,,,,4.0,5.0,5.0,5.0,,2.0,7.0,5.0,6.0,6.0,5.0,5.0,6.0,6.0,55.0,62.0,58.0,50.0,58.0,60.0,48.0,65.0,62.0,78.0,4.0,6.0,,,,,,,,,,,,1.0,1.0,1.0,1.0,1.0,1.0,1.0,1.0,1.0,1.0,2.0,1.0,1.0,1.0,1.0,1.0,1.0,2.0,2.0,2.0,1.0,2.0,1.0,1.0,2.0,2.0,1.0,2.0,2.0,1.0,2.0,1.0,2.0,2.0,2.0,1.0,1.0,1.0,1.0,2.0,2.0,1.0,1.0,1.0,1.0,2.0,5.0,,,6.0,,,18.0,,,9.0,
pid_1417,,2.0,1.0,,2.0,54.0,,,2.0,379.0,,,40.0,,,2.0,4.0,5.0,1.0,1.0,5.0,5.0,4.0,5.0,5.0,5.0,,,5.0,5.0,5.0,3.0,,,,4.0,,1.0,7.0,5.0,5.0,5.0,5.0,5.0,6.0,6.0,60.0,65.0,45.0,48.0,58.0,65.0,55.0,72.0,68.0,78.0,4.0,6.0,,,,,,,,,,,,1.0,1.0,1.0,1.0,1.0,1.0,2.0,1.0,2.0,1.0,2.0,1.0,2.0,2.0,1.0,1.0,2.0,1.0,1.0,1.0,2.0,2.0,1.0,1.0,1.0,1.0,1.0,1.0,2.0,1.0,2.0,2.0,1.0,2.0,1.0,2.0,1.0,1.0,1.0,1.0,1.0,1.0,1.0,2.0,1.0,2.0,,,,,,6.0,,10.0,2.0,,
pid_1418,1.0,,1.0,,,,1.0,54.0,,,1.0,380.0,30.0,,2.0,,4.0,5.0,1.0,1.0,5.0,5.0,4.0,5.0,5.0,5.0,,5.0,,,,,4.0,3.0,2.0,,4.0,2.0,7.0,3.0,5.0,5.0,3.0,6.0,6.0,6.0,55.0,60.0,45.0,40.0,60.0,58.0,50.0,70.0,65.0,75.0,4.0,6.0,,1.0,1.0,1.0,1.0,1.0,1.0,1.0,1.0,1.0,1.0,,,,,,,1.0,2.0,1.0,1.0,1.0,2.0,1.0,1.0,2.0,2.0,2.0,2.0,2.0,2.0,1.0,1.0,2.0,2.0,2.0,2.0,2.0,1.0,1.0,2.0,1.0,2.0,2.0,1.0,2.0,1.0,2.0,2.0,1.0,2.0,2.0,1.0,1.0,2.0,1.0,1.0,,,,,6.0,,,20.0,3.0,,
pid_1419,,2.0,,2.0,2.0,54.0,,,,,1.0,380.0,20.0,,,1.0,5.0,5.0,1.0,1.0,5.0,5.0,5.0,5.0,5.0,5.0,,5.0,,5.0,5.0,3.0,,,,,4.0,1.0,7.0,5.0,5.0,5.0,5.0,6.0,6.0,6.0,60.0,55.0,35.0,30.0,60.0,65.0,55.0,70.0,65.0,75.0,4.0,,7.0,,,,,,,,,,,1.0,1.0,1.0,1.0,1.0,1.0,1.0,2.0,2.0,1.0,2.0,2.0,2.0,1.0,2.0,1.0,1.0,2.0,2.0,2.0,2.0,1.0,2.0,2.0,1.0,2.0,2.0,2.0,2.0,2.0,2.0,2.0,1.0,1.0,2.0,1.0,1.0,2.0,2.0,2.0,2.0,2.0,2.0,2.0,2.0,1.0,,5.0,,,6.0,,18.0,,,,3.0
pid_1420,,1.0,,2.0,2.0,54.0,,,2.0,380.0,,,30.0,,2.0,,4.0,4.0,2.0,2.0,4.0,4.0,2.0,5.0,4.0,5.0,,,4.0,,,,3.0,2.0,3.0,,4.0,2.0,7.0,5.0,5.0,5.0,5.0,5.0,6.0,6.0,55.0,60.0,45.0,40.0,60.0,65.0,45.0,70.0,65.0,75.0,4.0,,6.0,,,,,,,,,,,1.0,1.0,1.0,1.0,1.0,1.0,1.0,2.0,2.0,2.0,2.0,1.0,1.0,2.0,2.0,1.0,1.0,1.0,2.0,2.0,1.0,2.0,2.0,1.0,2.0,1.0,1.0,2.0,2.0,2.0,2.0,2.0,1.0,2.0,2.0,1.0,1.0,1.0,2.0,1.0,2.0,2.0,1.0,1.0,1.0,2.0,,,5.0,,,6.0,18.0,,2.0,,
pid_1421,1.0,,,2.0,,,1.0,54.0,,,1.0,379.0,,70.0,4.0,,2.0,2.0,4.0,4.0,3.0,2.0,2.0,4.0,4.0,4.0,,,4.0,4.0,5.0,3.0,,,,4.0,,1.0,6.0,5.0,5.0,5.0,5.0,5.0,6.0,6.0,55.0,58.0,51.0,43.0,52.0,58.0,48.0,67.0,63.0,72.0,4.0,6.0,,,,,,,,,,,,1.0,1.0,1.0,1.0,1.0,1.0,1.0,2.0,1.0,1.0,1.0,1.0,1.0,1.0,2.0,2.0,1.0,2.0,2.0,1.0,1.0,2.0,1.0,1.0,2.0,2.0,1.0,1.0,2.0,1.0,2.0,1.0,1.0,1.0,2.0,1.0,2.0,2.0,2.0,1.0,2.0,1.0,1.0,1.0,1.0,2.0,,,5.0,,,6.0,,4.0,,6.0,
pid_1422,,1.0,,2.0,2.0,54.0,,,2.0,380.0,,,,70.0,,3.0,5.0,5.0,1.0,1.0,5.0,5.0,4.0,5.0,5.0,5.0,,5.0,,,,,4.0,4.0,3.0,,4.0,1.0,7.0,5.0,5.0,3.0,5.0,5.0,6.0,6.0,65.0,,,,58.0,62.0,55.0,,66.0,80.0,4.0,7.0,,,,,,,,,,,,1.0,1.0,1.0,1.0,1.0,1.0,2.0,1.0,1.0,1.0,2.0,2.0,2.0,2.0,2.0,2.0,1.0,2.0,2.0,2.0,1.0,1.0,1.0,2.0,2.0,2.0,2.0,1.0,2.0,1.0,2.0,2.0,1.0,2.0,2.0,2.0,2.0,1.0,1.0,1.0,2.0,2.0,1.0,2.0,2.0,2.0,,5.0,,,6.0,,,20.0,2.0,,
pid_1423,,2.0,2.0,,2.0,50.0,,,2.0,350.0,,,,80.0,5.0,,2.0,1.0,5.0,4.0,3.0,2.0,1.0,2.0,2.0,2.0,,5.0,,4.0,3.0,4.0,,,,4.0,,1.0,6.0,5.0,5.0,5.0,3.0,5.0,6.0,6.0,45.0,55.0,55.0,45.0,50.0,55.0,45.0,65.0,60.0,70.0,4.0,6.0,,,,,,,,,,,,1.0,1.0,1.0,1.0,1.0,1.0,1.0,1.0,2.0,1.0,1.0,2.0,1.0,1.0,1.0,1.0,2.0,1.0,1.0,2.0,1.0,2.0,1.0,2.0,1.0,1.0,1.0,2.0,1.0,1.0,1.0,1.0,1.0,2.0,1.0,2.0,2.0,1.0,1.0,2.0,1.0,2.0,1.0,1.0,1.0,1.0,,5.0,,,6.0,,,5.0,3.0,,
pid_1424,1.0,,2.0,,,,1.0,54.0,,,1.0,379.0,,70.0,,3.0,4.0,5.0,1.0,1.0,5.0,5.0,4.0,5.0,5.0,5.0,,5.0,,,,,4.0,3.0,5.0,,4.0,2.0,6.0,5.0,5.0,5.0,5.0,5.0,6.0,6.0,55.0,55.0,45.0,35.0,60.0,65.0,55.0,70.0,65.0,75.0,4.0,,6.0,1.0,1.0,1.0,1.0,1.0,1.0,1.0,1.0,1.0,1.0,,,,,,,1.0,1.0,1.0,2.0,1.0,1.0,1.0,1.0,1.0,2.0,1.0,2.0,1.0,1.0,1.0,2.0,1.0,2.0,1.0,1.0,2.0,1.0,1.0,2.0,1.0,1.0,1.0,1.0,1.0,1.0,2.0,2.0,1.0,2.0,1.0,1.0,1.0,1.0,2.0,1.0,,5.0,,,6.0,,,20.0,2.0,,
pid_1425,,1.0,1.0,,,,1.0,54.0,,,1.0,380.0,30.0,,3.0,,5.0,5.0,1.0,1.0,5.0,5.0,4.0,5.0,5.0,5.0,1.0,,,5.0,4.0,,,,,6.0,,2.0,7.0,3.0,5.0,3.0,5.0,6.0,6.0,6.0,65.0,60.0,40.0,45.0,60.0,65.0,55.0,75.0,70.0,80.0,4.0,,7.0,1.0,1.0,1.0,1.0,1.0,1.0,1.0,1.0,1.0,1.0,,,,,,,2.0,1.0,1.0,2.0,1.0,1.0,2.0,2.0,1.0,2.0,2.0,2.0,2.0,2.0,2.0,1.0,2.0,1.0,2.0,2.0,1.0,2.0,2.0,1.0,2.0,2.0,1.0,1.0,2.0,1.0,1.0,2.0,1.0,2.0,1.0,2.0,1.0,2.0,2.0,2.0,5.0,,,6.0,,,17.0,,3.0,,
pid_1426,,1.0,,1.0,2.0,54.0,,,2.0,380.0,,,30.0,,2.0,,4.0,5.0,2.0,2.0,4.0,4.0,2.0,4.0,4.0,4.0,4.0,,,4.0,5.0,,,,,4.0,,2.0,6.0,5.0,5.0,5.0,5.0,6.0,6.0,6.0,55.0,60.0,55.0,45.0,62.0,65.0,52.0,70.0,65.0,75.0,4.0,6.0,,1.0,1.0,1.0,1.0,1.0,1.0,1.0,1.0,1.0,1.0,,,,,,,1.0,1.0,1.0,1.0,1.0,2.0,2.0,2.0,2.0,2.0,1.0,1.0,1.0,1.0,2.0,1.0,2.0,1.0,2.0,2.0,2.0,2.0,2.0,2.0,2.0,2.0,2.0,2.0,2.0,1.0,1.0,1.0,1.0,1.0,1.0,1.0,2.0,2.0,1.0,2.0,4.0,,,5.0,,,18.0,,2.0,,
pid_1427,,1.0,,2.0,,,1.0,54.0,2.0,380.0,,,30.0,,,2.0,4.0,5.0,2.0,1.0,5.0,5.0,4.0,5.0,4.0,5.0,,4.0,,,,,4.0,3.0,5.0,,4.0,1.0,6.0,5.0,5.0,5.0,5.0,6.0,6.0,6.0,60.0,60.0,45.0,40.0,65.0,68.0,48.0,72.0,65.0,80.0,4.0,,7.0,1.0,1.0,1.0,1.0,1.0,1.0,1.0,1.0,1.0,1.0,,,,,,,1.0,1.0,1.0,1.0,2.0,1.0,1.0,2.0,2.0,1.0,1.0,2.0,1.0,1.0,1.0,2.0,2.0,1.0,2.0,1.0,1.0,2.0,2.0,1.0,2.0,2.0,1.0,2.0,2.0,2.0,2.0,2.0,2.0,2.0,1.0,2.0,1.0,1.0,2.0,2.0,,5.0,,,6.0,,18.0,,,9.0,
pid_1428,1.0,,1.0,,,,1.0,54.0,2.0,380.0,,,,80.0,,2.0,4.0,5.0,1.0,1.0,5.0,5.0,4.0,5.0,5.0,5.0,1.0,,,4.0,5.0,3.0,,,,4.0,,1.0,7.0,5.0,5.0,5.0,5.0,5.0,6.0,6.0,60.0,60.0,45.0,35.0,65.0,60.0,55.0,70.0,65.0,75.0,4.0,,6.0,,,,,,,,,,,1.0,1.0,1.0,1.0,1.0,1.0,1.0,1.0,2.0,1.0,1.0,2.0,1.0,2.0,1.0,2.0,2.0,2.0,2.0,1.0,2.0,2.0,1.0,2.0,2.0,1.0,2.0,1.0,2.0,2.0,2.0,1.0,2.0,1.0,1.0,2.0,2.0,2.0,2.0,1.0,2.0,1.0,2.0,2.0,1.0,2.0,5.0,,,5.0,,,,0.0,,6.0,
pid_1429,1.0,,,2.0,,,1.0,54.0,2.0,379.0,,,30.0,,,2.0,2.0,1.0,5.0,4.0,4.0,2.0,1.0,3.0,2.0,4.0,,5.0,,5.0,5.0,,,,,4.0,,1.0,6.0,5.0,5.0,6.0,5.0,6.0,6.0,6.0,45.0,55.0,60.0,50.0,60.0,55.0,45.0,65.0,60.0,75.0,4.0,,6.0,1.0,1.0,1.0,1.0,1.0,1.0,1.0,1.0,1.0,1.0,,,,,,,2.0,1.0,2.0,1.0,2.0,1.0,2.0,1.0,2.0,2.0,2.0,2.0,1.0,2.0,1.0,1.0,1.0,2.0,1.0,1.0,2.0,2.0,2.0,2.0,2.0,2.0,1.0,1.0,2.0,2.0,1.0,1.0,2.0,1.0,2.0,2.0,1.0,1.0,1.0,1.0,,5.0,,,6.0,,18.0,,,6.0,
pid_1430,1.0,,2.0,,,,1.0,20.0,,,1.0,150.0,,85.0,,5.0,2.0,4.0,5.0,4.0,2.0,2.0,1.0,2.0,1.0,2.0,2.0,,,,,,4.0,3.0,3.0,4.0,,2.0,6.0,5.0,5.0,5.0,3.0,5.0,6.0,6.0,45.0,60.0,65.0,55.0,55.0,60.0,50.0,65.0,60.0,75.0,4.0,,6.0,1.0,1.0,1.0,1.0,1.0,1.0,1.0,1.0,1.0,1.0,,,,,,,2.0,2.0,1.0,2.0,2.0,2.0,2.0,1.0,2.0,2.0,1.0,1.0,1.0,1.0,2.0,2.0,1.0,2.0,1.0,2.0,1.0,2.0,1.0,1.0,2.0,1.0,2.0,1.0,2.0,1.0,2.0,1.0,1.0,2.0,2.0,2.0,1.0,1.0,2.0,2.0,5.0,,,6.0,,,,20.0,,6.0,
pid_1431,,2.0,,2.0,,,1.0,54.0,,,1.0,380.0,30.0,,3.0,,5.0,4.0,2.0,1.0,5.0,5.0,4.0,5.0,4.0,5.0,1.0,,,4.0,5.0,,,,,,4.0,2.0,7.0,5.0,5.0,5.0,5.0,6.0,6.0,6.0,60.0,65.0,45.0,35.0,55.0,60.0,55.0,75.0,65.0,75.0,4.0,,6.0,,,,,,,,,,,1.0,1.0,1.0,1.0,1.0,1.0,1.0,1.0,1.0,2.0,2.0,1.0,2.0,2.0,2.0,2.0,2.0,2.0,1.0,1.0,2.0,2.0,1.0,1.0,2.0,1.0,2.0,1.0,1.0,1.0,2.0,1.0,1.0,1.0,1.0,2.0,1.0,2.0,2.0,2.0,2.0,1.0,1.0,2.0,1.0,2.0,4.0,,,6.0,,,17.0,,,9.0,
pid_1432,,1.0,,2.0,2.0,54.0,,,,,1.0,379.0,,70.0,,4.0,5.0,5.0,1.0,1.0,5.0,5.0,4.0,5.0,5.0,5.0,,5.0,,,,,4.0,5.0,5.0,6.0,,1.0,7.0,5.0,5.0,5.0,5.0,6.0,6.0,6.0,60.0,65.0,45.0,40.0,55.0,65.0,55.0,75.0,70.0,80.0,4.0,6.0,,1.0,1.0,1.0,1.0,1.0,1.0,1.0,1.0,1.0,1.0,,,,,,,2.0,1.0,2.0,1.0,1.0,2.0,2.0,2.0,1.0,2.0,2.0,2.0,1.0,2.0,1.0,2.0,2.0,1.0,2.0,2.0,2.0,1.0,2.0,2.0,1.0,1.0,2.0,2.0,2.0,1.0,2.0,2.0,2.0,1.0,2.0,1.0,1.0,1.0,2.0,2.0,,5.0,,,6.0,,18.0,,,,4.0
pid_1433,,1.0,,2.0,,,1.0,30.0,2.0,300.0,,,,70.0,2.0,,4.0,5.0,2.0,2.0,5.0,4.0,2.0,5.0,4.0,4.0,,5.0,,4.0,5.0,3.0,,,,,4.0,2.0,7.0,5.0,5.0,6.0,5.0,6.0,6.0,6.0,55.0,65.0,50.0,40.0,60.0,65.0,55.0,70.0,65.0,75.0,4.0,6.0,,,,,,,,,,,,1.0,1.0,1.0,1.0,1.0,1.0,1.0,2.0,2.0,1.0,1.0,1.0,2.0,1.0,1.0,2.0,2.0,1.0,1.0,2.0,1.0,1.0,2.0,1.0,2.0,2.0,2.0,1.0,2.0,1.0,1.0,2.0,1.0,1.0,1.0,2.0,1.0,1.0,2.0,1.0,1.0,2.0,2.0,2.0,2.0,2.0,,5.0,,,6.0,,,5.0,,,2.0
pid_1434,,1.0,,2.0,,,1.0,54.0,2.0,380.0,,,40.0,,,3.0,4.0,5.0,2.0,2.0,5.0,5.0,4.0,5.0,5.0,5.0,,,5.0,,,,4.0,5.0,5.0,,4.0,1.0,7.0,3.0,5.0,5.0,5.0,5.0,6.0,6.0,55.0,65.0,45.0,40.0,60.0,65.0,50.0,70.0,65.0,75.0,4.0,,6.0,,,,,,,,,,,1.0,1.0,1.0,1.0,1.0,1.0,2.0,1.0,2.0,2.0,1.0,1.0,1.0,1.0,2.0,1.0,2.0,1.0,1.0,1.0,2.0,1.0,1.0,2.0,2.0,2.0,1.0,1.0,1.0,1.0,1.0,1.0,2.0,1.0,1.0,1.0,2.0,2.0,1.0,2.0,1.0,2.0,2.0,1.0,2.0,2.0,,,5.0,,,6.0,,20.0,,,4.0
pid_1435,2.0,,1.0,,2.0,54.0,,,,,1.0,380.0,30.0,,2.0,,5.0,5.0,1.0,2.0,5.0,5.0,4.0,5.0,5.0,5.0,4.0,,,4.0,5.0,,,,,,4.0,2.0,7.0,3.0,5.0,6.0,3.0,5.0,6.0,6.0,60.0,55.0,40.0,35.0,55.0,65.0,45.0,70.0,65.0,75.0,4.0,,7.0,,,,,,,,,,,1.0,1.0,1.0,1.0,1.0,1.0,2.0,2.0,2.0,1.0,1.0,1.0,1.0,1.0,2.0,1.0,1.0,2.0,2.0,2.0,1.0,2.0,2.0,2.0,2.0,1.0,2.0,1.0,1.0,2.0,2.0,2.0,1.0,2.0,2.0,2.0,2.0,2.0,1.0,1.0,1.0,1.0,1.0,1.0,2.0,2.0,5.0,,,6.0,,,15.0,,2.0,,
pid_1436,1.0,,1.0,,,,1.0,54.0,2.0,380.0,,,,80.0,,3.0,4.0,4.0,2.0,2.0,4.0,4.0,4.0,5.0,4.0,4.0,,4.0,,,,,4.0,3.0,5.0,,4.0,2.0,6.0,5.0,3.0,5.0,5.0,6.0,6.0,6.0,60.0,60.0,52.0,35.0,58.0,63.0,55.0,70.0,65.0,75.0,4.0,,6.0,,,,,,,,,,,1.0,1.0,1.0,1.0,1.0,1.0,2.0,2.0,1.0,2.0,1.0,1.0,2.0,1.0,1.0,2.0,2.0,1.0,1.0,2.0,2.0,1.0,2.0,1.0,1.0,2.0,2.0,2.0,1.0,1.0,1.0,1.0,1.0,1.0,2.0,2.0,1.0,1.0,2.0,2.0,2.0,1.0,2.0,2.0,1.0,2.0,,5.0,,,6.0,,,18.0,,,3.0
pid_1437,,1.0,1.0,,2.0,54.0,,,2.0,380.0,,,,70.0,2.0,,4.0,5.0,1.0,1.0,5.0,5.0,4.0,5.0,5.0,5.0,,,5.0,,,,4.0,5.0,3.0,4.0,,1.0,6.0,5.0,5.0,5.0,3.0,5.0,6.0,6.0,55.0,65.0,35.0,40.0,60.0,60.0,48.0,70.0,65.0,75.0,4.0,,6.0,,,,,,,,,,,1.0,1.0,1.0,1.0,1.0,1.0,1.0,2.0,2.0,1.0,1.0,2.0,1.0,1.0,2.0,2.0,1.0,2.0,1.0,1.0,1.0,2.0,1.0,2.0,1.0,1.0,1.0,1.0,1.0,1.0,1.0,2.0,1.0,1.0,2.0,1.0,2.0,1.0,2.0,1.0,1.0,2.0,2.0,2.0,1.0,2.0,,,5.0,,,6.0,16.0,,3.0,,
pid_1438,1.0,,,2.0,,,1.0,54.0,2.0,380.0,,,50.0,,3.0,,5.0,5.0,1.0,1.0,5.0,5.0,5.0,5.0,5.0,5.0,4.0,,,,,,3.0,5.0,5.0,,4.0,2.0,7.0,5.0,5.0,6.0,5.0,6.0,6.0,6.0,55.0,60.0,45.0,38.0,58.0,60.0,52.0,65.0,62.0,75.0,4.0,6.0,,,,,,,,,,,,1.0,1.0,1.0,1.0,1.0,1.0,1.0,1.0,2.0,1.0,2.0,2.0,2.0,2.0,2.0,1.0,1.0,2.0,1.0,1.0,1.0,2.0,2.0,2.0,2.0,1.0,2.0,2.0,2.0,1.0,1.0,1.0,2.0,2.0,1.0,1.0,1.0,2.0,2.0,2.0,1.0,1.0,1.0,1.0,1.0,1.0,5.0,,,6.0,,,,10.0,4.0,,
pid_1439,1.0,,,2.0,,,1.0,54.0,,,1.0,380.0,,70.0,,2.0,5.0,5.0,1.0,1.0,5.0,5.0,4.0,5.0,5.0,5.0,,,5.0,4.0,5.0,3.0,,,,,6.0,2.0,6.0,5.0,5.0,3.0,3.0,5.0,6.0,6.0,65.0,65.0,35.0,40.0,60.0,65.0,55.0,75.0,70.0,80.0,4.0,6.0,,1.0,1.0,1.0,1.0,1.0,1.0,1.0,1.0,1.0,1.0,,,,,,,1.0,2.0,2.0,2.0,1.0,1.0,2.0,1.0,1.0,1.0,2.0,1.0,2.0,2.0,2.0,2.0,2.0,2.0,2.0,2.0,2.0,1.0,2.0,1.0,2.0,2.0,2.0,2.0,2.0,1.0,2.0,2.0,2.0,2.0,2.0,2.0,2.0,1.0,1.0,2.0,,,5.0,,,6.0,,20.0,,,3.0
pid_1440,,2.0,,2.0,,,1.0,54.0,,,1.0,379.0,30.0,,,2.0,5.0,5.0,1.0,1.0,5.0,5.0,2.0,5.0,5.0,5.0,,5.0,,,,,4.0,5.0,3.0,6.0,,2.0,7.0,5.0,5.0,5.0,3.0,5.0,6.0,6.0,60.0,65.0,45.0,40.0,65.0,65.0,55.0,75.0,70.0,80.0,4.0,7.0,,1.0,1.0,1.0,1.0,1.0,1.0,1.0,1.0,1.0,1.0,,,,,,,1.0,1.0,2.0,2.0,1.0,2.0,1.0,1.0,1.0,2.0,2.0,1.0,1.0,1.0,1.0,1.0,2.0,1.0,2.0,2.0,2.0,2.0,2.0,2.0,2.0,1.0,2.0,1.0,2.0,1.0,2.0,2.0,1.0,1.0,2.0,2.0,1.0,2.0,2.0,2.0,,5.0,,,6.0,,18.0,,,,6.0
pid_1441,,2.0,,2.0,2.0,54.0,,,,,1.0,380.0,,80.0,3.0,,4.0,5.0,1.0,1.0,5.0,5.0,4.0,5.0,5.0,5.0,,,5.0,,,,4.0,3.0,5.0,,4.0,1.0,6.0,5.0,5.0,6.0,5.0,6.0,6.0,6.0,65.0,70.0,35.0,40.0,60.0,65.0,55.0,75.0,70.0,80.0,4.0,7.0,,,,,,,,,,,,1.0,1.0,1.0,1.0,1.0,1.0,1.0,1.0,2.0,2.0,1.0,1.0,1.0,2.0,1.0,1.0,1.0,1.0,1.0,2.0,2.0,2.0,1.0,2.0,1.0,2.0,2.0,1.0,1.0,1.0,2.0,1.0,1.0,1.0,1.0,2.0,1.0,2.0,2.0,1.0,1.0,1.0,2.0,2.0,2.0,1.0,,,5.0,,,6.0,,20.0,,,6.0
pid_1442,1.0,,,2.0,2.0,54.0,,,,,1.0,380.0,,90.0,1.0,,2.0,1.0,5.0,4.0,4.0,2.0,1.0,4.0,2.0,4.0,2.0,,,3.0,5.0,2.0,,,,,4.0,1.0,6.0,5.0,5.0,5.0,5.0,5.0,6.0,6.0,55.0,50.0,55.0,45.0,60.0,58.0,52.0,70.0,65.0,75.0,4.0,6.0,,1.0,1.0,1.0,1.0,1.0,1.0,1.0,1.0,1.0,1.0,,,,,,,2.0,2.0,1.0,2.0,2.0,1.0,2.0,1.0,1.0,2.0,2.0,2.0,2.0,2.0,1.0,2.0,1.0,2.0,2.0,2.0,1.0,2.0,2.0,2.0,1.0,1.0,2.0,1.0,2.0,2.0,2.0,2.0,1.0,2.0,2.0,2.0,1.0,2.0,2.0,2.0,4.0,,,6.0,,,,18.0,,,3.0
pid_1443,,1.0,,1.0,2.0,54.0,,,,,1.0,380.0,30.0,,2.0,,5.0,5.0,1.0,1.0,5.0,5.0,5.0,5.0,5.0,5.0,2.0,,,,,,4.0,5.0,5.0,,4.0,1.0,7.0,5.0,5.0,6.0,5.0,6.0,6.0,6.0,60.0,60.0,40.0,35.0,65.0,65.0,55.0,75.0,65.0,80.0,4.0,6.0,,,,,,,,,,,,1.0,1.0,1.0,1.0,1.0,1.0,1.0,2.0,2.0,1.0,1.0,2.0,2.0,2.0,2.0,2.0,2.0,1.0,1.0,1.0,2.0,2.0,2.0,2.0,1.0,2.0,2.0,2.0,2.0,2.0,1.0,2.0,2.0,1.0,2.0,2.0,2.0,2.0,2.0,1.0,1.0,2.0,2.0,2.0,2.0,1.0,5.0,,,6.0,,,18.0,,3.0,,
pid_1444,,1.0,,2.0,,,1.0,54.0,,,1.0,300.0,30.0,,3.0,,4.0,4.0,2.0,1.0,5.0,5.0,2.0,5.0,4.0,5.0,,5.0,,4.0,5.0,2.0,,,,6.0,,1.0,6.0,1.0,5.0,5.0,2.0,6.0,6.0,6.0,55.0,60.0,50.0,45.0,60.0,65.0,50.0,70.0,65.0,75.0,4.0,6.0,,,,,,,,,,,,1.0,1.0,1.0,1.0,1.0,1.0,1.0,2.0,1.0,1.0,1.0,2.0,2.0,2.0,1.0,1.0,1.0,2.0,1.0,1.0,2.0,1.0,1.0,1.0,2.0,2.0,2.0,2.0,1.0,2.0,1.0,1.0,1.0,1.0,2.0,1.0,1.0,1.0,1.0,2.0,2.0,1.0,2.0,1.0,1.0,2.0,,,,,6.0,,17.0,,3.0,,
pid_1445,,1.0,,2.0,2.0,54.0,,,,,1.0,380.0,40.0,,3.0,,2.0,2.0,4.0,4.0,4.0,4.0,2.0,4.0,2.0,4.0,2.0,,,,,,4.0,5.0,5.0,4.0,,1.0,6.0,3.0,5.0,5.0,3.0,5.0,6.0,6.0,55.0,55.0,60.0,45.0,58.0,60.0,50.0,65.0,65.0,75.0,4.0,6.0,,,,,,,,,,,,1.0,1.0,1.0,1.0,1.0,1.0,2.0,1.0,2.0,1.0,1.0,2.0,1.0,2.0,2.0,1.0,1.0,2.0,2.0,1.0,2.0,2.0,1.0,1.0,2.0,1.0,2.0,2.0,1.0,1.0,1.0,1.0,1.0,2.0,2.0,2.0,2.0,2.0,2.0,2.0,2.0,1.0,1.0,2.0,2.0,2.0,4.0,,,5.0,,,,20.0,,6.0,
pid_1446,,1.0,2.0,,2.0,54.0,,,,,1.0,380.0,30.0,,,2.0,4.0,5.0,1.0,1.0,5.0,5.0,4.0,5.0,5.0,5.0,2.0,,,,,,3.0,4.0,5.0,,4.0,2.0,6.0,5.0,5.0,5.0,5.0,6.0,6.0,6.0,55.0,55.0,48.0,42.0,62.0,60.0,48.0,70.0,67.0,78.0,4.0,,6.0,1.0,1.0,1.0,1.0,1.0,1.0,1.0,1.0,1.0,1.0,,,,,,,2.0,2.0,2.0,2.0,2.0,2.0,2.0,2.0,1.0,1.0,1.0,2.0,1.0,1.0,2.0,1.0,1.0,2.0,2.0,2.0,2.0,2.0,2.0,1.0,2.0,2.0,2.0,2.0,2.0,1.0,1.0,2.0,1.0,1.0,2.0,2.0,1.0,2.0,1.0,1.0,4.0,,,5.0,,,15.0,,2.0,,
pid_1447,,1.0,,2.0,2.0,54.0,,,,,1.0,380.0,40.0,,,2.0,5.0,5.0,1.0,1.0,5.0,5.0,4.0,5.0,5.0,5.0,4.0,,,,,,4.0,3.0,5.0,6.0,,1.0,7.0,5.0,6.0,5.0,3.0,6.0,6.0,6.0,60.0,60.0,45.0,40.0,65.0,65.0,55.0,70.0,65.0,75.0,4.0,,6.0,,,,,,,,,,,1.0,1.0,1.0,1.0,1.0,1.0,2.0,1.0,2.0,2.0,2.0,2.0,1.0,1.0,1.0,2.0,1.0,1.0,2.0,2.0,1.0,2.0,1.0,1.0,2.0,2.0,1.0,1.0,1.0,1.0,1.0,1.0,1.0,2.0,2.0,2.0,2.0,2.0,1.0,1.0,1.0,2.0,1.0,2.0,1.0,2.0,5.0,,,6.0,,,,8.0,,9.0,
pid_1448,,1.0,2.0,,,,1.0,54.0,2.0,380.0,,,30.0,,4.0,,4.0,5.0,1.0,1.0,5.0,5.0,4.0,5.0,5.0,5.0,,,5.0,4.0,5.0,3.0,,,,6.0,,2.0,7.0,3.0,5.0,5.0,5.0,5.0,6.0,6.0,60.0,60.0,45.0,35.0,55.0,60.0,50.0,70.0,65.0,75.0,4.0,,7.0,,,,,,,,,,,1.0,1.0,1.0,1.0,1.0,1.0,2.0,2.0,1.0,1.0,1.0,1.0,2.0,2.0,1.0,1.0,1.0,1.0,2.0,2.0,2.0,1.0,1.0,1.0,1.0,1.0,2.0,1.0,2.0,2.0,2.0,1.0,2.0,2.0,2.0,2.0,1.0,1.0,2.0,2.0,2.0,2.0,1.0,2.0,2.0,2.0,,,4.0,,,5.0,18.0,,2.0,,
pid_1449,,2.0,1.0,,2.0,54.0,,,,,1.0,379.0,,70.0,1.0,,5.0,5.0,1.0,1.0,5.0,5.0,5.0,5.0,5.0,5.0,1.0,,,4.0,5.0,3.0,,,,,4.0,1.0,6.0,5.0,5.0,5.0,5.0,6.0,6.0,6.0,55.0,65.0,45.0,35.0,58.0,60.0,50.0,70.0,68.0,78.0,4.0,,7.0,,,,,,,,,,,1.0,1.0,1.0,1.0,1.0,1.0,1.0,2.0,2.0,2.0,2.0,1.0,1.0,1.0,2.0,2.0,1.0,2.0,1.0,2.0,1.0,2.0,1.0,1.0,1.0,2.0,2.0,2.0,1.0,2.0,2.0,2.0,1.0,2.0,1.0,2.0,2.0,2.0,2.0,2.0,2.0,1.0,2.0,2.0,2.0,1.0,4.0,,,6.0,,,15.0,,,9.0,
pid_1450,1.0,,1.0,,,,1.0,54.0,2.0,380.0,,,30.0,,2.0,,4.0,5.0,1.0,1.0,5.0,5.0,4.0,5.0,5.0,5.0,2.0,,,,,,4.0,3.0,5.0,4.0,,2.0,7.0,5.0,5.0,5.0,3.0,5.0,6.0,6.0,55.0,58.0,45.0,38.0,58.0,60.0,50.0,72.0,65.0,78.0,4.0,,6.0,,,,,,,,,,,1.0,1.0,1.0,1.0,1.0,1.0,2.0,1.0,1.0,1.0,1.0,2.0,2.0,2.0,2.0,2.0,1.0,1.0,1.0,2.0,2.0,1.0,2.0,1.0,2.0,2.0,2.0,1.0,1.0,2.0,1.0,2.0,2.0,1.0,1.0,1.0,1.0,1.0,1.0,1.0,1.0,2.0,2.0,2.0,1.0,2.0,5.0,,,6.0,,,18.0,,,,3.0
pid_1451,1.0,,,2.0,,,1.0,20.0,2.0,400.0,,,30.0,,3.0,,4.0,5.0,1.0,1.0,5.0,5.0,4.0,5.0,5.0,5.0,,5.0,,4.0,5.0,,,,,4.0,,1.0,6.0,5.0,5.0,5.0,5.0,5.0,6.0,6.0,60.0,65.0,45.0,35.0,55.0,65.0,50.0,75.0,70.0,80.0,4.0,,7.0,,,,,,,,,,,1.0,1.0,1.0,1.0,1.0,1.0,1.0,2.0,2.0,1.0,1.0,2.0,1.0,1.0,1.0,1.0,2.0,1.0,1.0,2.0,2.0,1.0,2.0,2.0,1.0,2.0,1.0,2.0,1.0,1.0,1.0,1.0,2.0,2.0,1.0,2.0,2.0,1.0,2.0,1.0,1.0,2.0,1.0,1.0,2.0,1.0,,5.0,,,6.0,,,20.0,,,3.0
pid_1452,,1.0,,2.0,2.0,54.0,,,2.0,379.0,,,,60.0,,1.0,4.0,5.0,1.0,1.0,5.0,5.0,4.0,5.0,5.0,5.0,,,4.0,,,,4.0,5.0,5.0,6.0,,2.0,7.0,5.0,5.0,5.0,5.0,6.0,6.0,6.0,55.0,55.0,45.0,40.0,60.0,58.0,50.0,70.0,65.0,75.0,4.0,5.0,,,,,,,,,,,,1.0,1.0,1.0,1.0,1.0,1.0,1.0,2.0,1.0,1.0,1.0,1.0,1.0,1.0,1.0,2.0,2.0,1.0,1.0,1.0,2.0,2.0,2.0,1.0,1.0,1.0,2.0,2.0,2.0,1.0,2.0,1.0,1.0,1.0,1.0,1.0,1.0,1.0,2.0,1.0,1.0,2.0,1.0,1.0,2.0,1.0,,,5.0,,,6.0,,20.0,,9.0,
pid_1453,,2.0,1.0,,2.0,54.0,,,,,1.0,380.0,30.0,,2.0,,2.0,2.0,5.0,2.0,2.0,4.0,1.0,4.0,2.0,4.0,2.0,,,,,,4.0,3.0,5.0,4.0,,2.0,6.0,5.0,5.0,5.0,5.0,5.0,6.0,6.0,55.0,60.0,63.0,52.0,58.0,64.0,55.0,72.0,65.0,78.0,4.0,,6.0,,,,,,,,,,,1.0,1.0,1.0,1.0,1.0,1.0,2.0,2.0,1.0,2.0,1.0,1.0,1.0,2.0,1.0,2.0,2.0,1.0,1.0,2.0,2.0,2.0,2.0,1.0,2.0,2.0,2.0,2.0,2.0,1.0,2.0,1.0,1.0,2.0,2.0,2.0,2.0,2.0,1.0,2.0,2.0,2.0,2.0,2.0,2.0,1.0,5.0,,,6.0,,,16.0,,2.0,,
pid_1454,,1.0,,2.0,2.0,54.0,,,2.0,380.0,,,30.0,,3.0,,4.0,2.0,4.0,4.0,4.0,4.0,2.0,4.0,4.0,4.0,4.0,,,,,,4.0,5.0,4.0,,4.0,1.0,7.0,5.0,5.0,5.0,3.0,5.0,6.0,6.0,60.0,50.0,55.0,55.0,55.0,60.0,55.0,70.0,65.0,75.0,4.0,,6.0,,,,,,,,,,,1.0,1.0,1.0,1.0,1.0,1.0,1.0,2.0,1.0,2.0,2.0,2.0,2.0,1.0,2.0,1.0,2.0,2.0,1.0,1.0,1.0,2.0,2.0,1.0,1.0,2.0,1.0,2.0,2.0,2.0,2.0,1.0,2.0,2.0,1.0,1.0,2.0,1.0,1.0,1.0,1.0,1.0,1.0,1.0,2.0,1.0,4.0,,,5.0,,,,20.0,,,4.0
pid_1455,1.0,,2.0,,,,1.0,54.0,,,1.0,380.0,30.0,,,2.0,4.0,5.0,1.0,1.0,5.0,5.0,4.0,5.0,5.0,5.0,,5.0,,,,,4.0,3.0,5.0,5.0,,1.0,7.0,5.0,5.0,5.0,5.0,5.0,6.0,6.0,55.0,58.0,42.0,38.0,58.0,61.0,53.0,72.0,64.0,78.0,4.0,6.0,,,,,,,,,,,,1.0,1.0,1.0,1.0,1.0,1.0,1.0,2.0,2.0,2.0,2.0,2.0,2.0,1.0,2.0,2.0,1.0,2.0,1.0,2.0,2.0,2.0,2.0,2.0,2.0,2.0,2.0,2.0,2.0,1.0,1.0,1.0,2.0,1.0,1.0,2.0,2.0,2.0,2.0,2.0,1.0,2.0,2.0,2.0,2.0,2.0,,5.0,,,6.0,,,5.0,,,3.0
pid_1456,,1.0,1.0,,,,1.0,54.0,,,1.0,379.0,40.0,,,2.0,2.0,2.0,5.0,4.0,4.0,4.0,1.0,4.0,4.0,4.0,,5.0,,,,,4.0,5.0,5.0,,4.0,1.0,6.0,5.0,5.0,5.0,3.0,6.0,6.0,6.0,55.0,55.0,62.0,48.0,50.0,58.0,48.0,65.0,62.0,72.0,4.0,6.0,,1.0,1.0,1.0,1.0,1.0,1.0,1.0,1.0,1.0,1.0,,,,,,,1.0,1.0,2.0,1.0,2.0,1.0,2.0,2.0,1.0,2.0,1.0,1.0,1.0,1.0,1.0,2.0,2.0,1.0,1.0,1.0,2.0,2.0,2.0,1.0,2.0,1.0,2.0,1.0,1.0,1.0,2.0,2.0,2.0,1.0,1.0,1.0,2.0,2.0,1.0,2.0,,4.0,,,5.0,,16.0,,,,3.0
pid_1457,,1.0,,2.0,2.0,54.0,,,2.0,380.0,,,,70.0,,6.0,5.0,5.0,1.0,1.0,5.0,5.0,4.0,5.0,5.0,5.0,2.0,,,4.0,5.0,3.0,,,,6.0,,2.0,6.0,3.0,5.0,5.0,5.0,5.0,6.0,6.0,65.0,55.0,35.0,40.0,60.0,65.0,48.0,75.0,70.0,80.0,4.0,,7.0,1.0,1.0,1.0,1.0,1.0,1.0,1.0,1.0,1.0,1.0,,,,,,,2.0,2.0,2.0,1.0,2.0,2.0,1.0,2.0,2.0,2.0,2.0,1.0,2.0,1.0,1.0,2.0,2.0,2.0,1.0,1.0,2.0,2.0,2.0,2.0,2.0,2.0,1.0,2.0,2.0,1.0,1.0,2.0,2.0,2.0,2.0,1.0,2.0,2.0,2.0,1.0,5.0,,,6.0,,,18.0,,3.0,,
pid_1458,,2.0,,1.0,2.0,54.0,,,,,1.0,380.0,30.0,,3.0,,4.0,4.0,3.0,2.0,4.0,4.0,3.0,4.0,4.0,4.0,,5.0,,5.0,4.0,,,,,,4.0,2.0,6.0,5.0,5.0,5.0,5.0,5.0,6.0,6.0,55.0,65.0,55.0,45.0,60.0,60.0,55.0,75.0,65.0,80.0,4.0,6.0,,1.0,1.0,1.0,1.0,1.0,1.0,1.0,1.0,1.0,1.0,,,,,,,2.0,1.0,1.0,1.0,2.0,2.0,2.0,1.0,2.0,2.0,2.0,2.0,2.0,1.0,2.0,2.0,1.0,2.0,2.0,1.0,1.0,2.0,2.0,2.0,1.0,2.0,2.0,2.0,1.0,1.0,2.0,2.0,2.0,2.0,2.0,1.0,1.0,2.0,2.0,1.0,,4.0,,,6.0,,15.0,,,,5.0
pid_1459,,1.0,,2.0,,,1.0,54.0,,,1.0,379.0,30.0,,,4.0,5.0,5.0,1.0,1.0,5.0,5.0,4.0,5.0,5.0,5.0,4.0,,,,,,4.0,3.0,3.0,6.0,,1.0,7.0,5.0,6.0,5.0,5.0,6.0,6.0,6.0,65.0,62.0,38.0,35.0,58.0,62.0,55.0,72.0,68.0,78.0,4.0,7.0,,,,,,,,,,,,1.0,1.0,1.0,1.0,1.0,1.0,1.0,2.0,2.0,1.0,2.0,2.0,2.0,2.0,1.0,2.0,2.0,1.0,1.0,2.0,1.0,2.0,2.0,1.0,2.0,2.0,1.0,2.0,1.0,1.0,2.0,2.0,1.0,1.0,1.0,2.0,2.0,2.0,1.0,2.0,1.0,1.0,2.0,2.0,2.0,2.0,5.0,,,6.0,,,,19.0,3.0,,
pid_1460,1.0,,,2.0,2.0,54.0,,,,,1.0,379.0,,85.0,,2.0,2.0,5.0,5.0,4.0,4.0,2.0,1.0,4.0,2.0,4.0,4.0,,,4.0,5.0,3.0,,,,6.0,,2.0,6.0,5.0,5.0,5.0,5.0,6.0,6.0,6.0,45.0,65.0,55.0,50.0,55.0,60.0,50.0,70.0,65.0,75.0,4.0,,6.0,1.0,1.0,1.0,1.0,1.0,1.0,1.0,1.0,1.0,1.0,,,,,,,2.0,2.0,2.0,1.0,1.0,1.0,2.0,1.0,2.0,1.0,2.0,2.0,1.0,1.0,2.0,2.0,2.0,2.0,1.0,1.0,2.0,1.0,1.0,2.0,2.0,1.0,1.0,2.0,2.0,1.0,1.0,1.0,1.0,1.0,2.0,1.0,2.0,1.0,1.0,2.0,5.0,,,5.0,,,,10.0,,9.0,
pid_1461,,2.0,,2.0,,,1.0,30.0,2.0,350.0,,,,85.0,,2.0,4.0,5.0,1.0,1.0,5.0,5.0,4.0,5.0,5.0,5.0,,,5.0,4.0,5.0,3.0,,,,,4.0,2.0,6.0,5.0,5.0,5.0,5.0,6.0,6.0,6.0,55.0,55.0,40.0,35.0,60.0,58.0,55.0,70.0,65.0,75.0,4.0,,7.0,1.0,1.0,1.0,1.0,1.0,1.0,1.0,1.0,1.0,1.0,,,,,,,1.0,1.0,2.0,2.0,2.0,1.0,1.0,2.0,2.0,2.0,1.0,2.0,2.0,1.0,2.0,2.0,2.0,2.0,2.0,1.0,1.0,2.0,2.0,1.0,2.0,2.0,1.0,1.0,1.0,2.0,2.0,1.0,2.0,1.0,2.0,2.0,1.0,1.0,2.0,2.0,,,5.0,,,6.0,18.0,,1.0,,
pid_1462,1.0,,2.0,,,,1.0,54.0,2.0,380.0,,,,75.0,6.0,,2.0,1.0,4.0,4.0,4.0,2.0,1.0,3.0,2.0,4.0,1.0,,,,,,4.0,5.0,5.0,4.0,,2.0,6.0,5.0,5.0,5.0,5.0,5.0,6.0,6.0,45.0,55.0,55.0,45.0,60.0,55.0,50.0,65.0,65.0,75.0,4.0,,6.0,,,,,,,,,,,1.0,1.0,1.0,1.0,1.0,1.0,1.0,1.0,1.0,2.0,1.0,1.0,2.0,1.0,2.0,1.0,1.0,1.0,2.0,1.0,2.0,2.0,2.0,1.0,2.0,2.0,2.0,1.0,1.0,1.0,1.0,1.0,2.0,1.0,1.0,1.0,1.0,1.0,1.0,1.0,1.0,1.0,2.0,1.0,1.0,2.0,4.0,,,6.0,,,,15.0,,6.0,
pid_1463,1.0,,,1.0,,,1.0,54.0,2.0,380.0,,,30.0,,1.0,,4.0,5.0,1.0,1.0,5.0,5.0,5.0,5.0,5.0,5.0,,5.0,,4.0,5.0,2.0,,,,,6.0,1.0,6.0,5.0,5.0,5.0,5.0,6.0,7.0,6.0,55.0,60.0,45.0,40.0,60.0,65.0,55.0,70.0,65.0,75.0,4.0,7.0,,,,,,,,,,,,1.0,1.0,1.0,1.0,1.0,1.0,1.0,2.0,2.0,1.0,1.0,2.0,2.0,1.0,2.0,2.0,2.0,2.0,1.0,2.0,1.0,1.0,1.0,2.0,2.0,2.0,2.0,2.0,2.0,2.0,1.0,2.0,1.0,2.0,2.0,2.0,2.0,1.0,1.0,1.0,2.0,1.0,2.0,2.0,2.0,1.0,,5.0,,,6.0,,17.0,,,,3.0
pid_1464,,1.0,2.0,,2.0,54.0,,,2.0,350.0,,,40.0,,,3.0,2.0,1.0,5.0,4.0,4.0,4.0,1.0,2.0,2.0,4.0,,,5.0,4.0,5.0,3.0,,,,,4.0,1.0,7.0,5.0,5.0,6.0,5.0,5.0,6.0,5.0,60.0,55.0,58.0,50.0,55.0,60.0,48.0,65.0,62.0,72.0,4.0,,6.0,1.0,1.0,1.0,1.0,1.0,1.0,1.0,1.0,1.0,1.0,,,,,,,2.0,1.0,2.0,1.0,2.0,2.0,1.0,2.0,1.0,2.0,1.0,1.0,2.0,1.0,2.0,2.0,2.0,2.0,2.0,2.0,1.0,1.0,1.0,2.0,2.0,2.0,1.0,2.0,2.0,2.0,2.0,2.0,1.0,1.0,1.0,2.0,2.0,2.0,2.0,2.0,,,5.0,,,6.0,18.0,,,9.0,
pid_1465,1.0,,,2.0,2.0,54.0,,,,,1.0,300.0,30.0,,,2.0,4.0,5.0,1.0,1.0,4.0,5.0,4.0,5.0,5.0,5.0,2.0,,,5.0,4.0,3.0,,,,6.0,,1.0,7.0,5.0,5.0,5.0,5.0,6.0,6.0,6.0,60.0,55.0,50.0,40.0,55.0,65.0,55.0,75.0,70.0,80.0,4.0,6.0,,1.0,1.0,1.0,1.0,1.0,1.0,1.0,1.0,1.0,1.0,,,,,,,1.0,2.0,1.0,2.0,2.0,2.0,1.0,1.0,1.0,1.0,2.0,1.0,2.0,2.0,2.0,1.0,1.0,1.0,2.0,1.0,2.0,1.0,2.0,2.0,2.0,2.0,1.0,1.0,2.0,1.0,1.0,2.0,2.0,1.0,1.0,1.0,2.0,1.0,1.0,1.0,5.0,,,6.0,,,18.0,,,7.0,
pid_1467,,2.0,,2.0,2.0,55.0,,,2.0,350.0,,,50.0,,,3.0,2.0,4.0,5.0,4.0,4.0,2.0,1.0,4.0,2.0,3.0,4.0,,,,,,4.0,4.0,5.0,,4.0,1.0,6.0,5.0,5.0,5.0,5.0,5.0,6.0,6.0,55.0,65.0,55.0,45.0,60.0,60.0,50.0,65.0,60.0,70.0,4.0,6.0,,1.0,1.0,1.0,1.0,1.0,1.0,1.0,1.0,1.0,1.0,,,,,,,2.0,2.0,2.0,2.0,2.0,2.0,2.0,2.0,1.0,1.0,2.0,1.0,1.0,2.0,1.0,2.0,2.0,1.0,2.0,1.0,2.0,2.0,2.0,2.0,2.0,1.0,2.0,2.0,1.0,1.0,1.0,1.0,2.0,1.0,2.0,1.0,1.0,2.0,2.0,2.0,4.0,,,5.0,,,,20.0,2.0,,
pid_1468,,1.0,1.0,,2.0,54.0,,,,,1.0,300.0,30.0,,,3.0,4.0,4.0,2.0,2.0,5.0,5.0,2.0,5.0,4.0,4.0,,5.0,,,,,4.0,4.0,3.0,,4.0,2.0,7.0,5.0,5.0,5.0,5.0,5.0,6.0,6.0,55.0,58.0,48.0,42.0,60.0,58.0,48.0,68.0,65.0,75.0,4.0,,6.0,1.0,1.0,1.0,1.0,1.0,1.0,1.0,1.0,1.0,1.0,,,,,,,2.0,2.0,2.0,2.0,2.0,2.0,2.0,1.0,1.0,1.0,1.0,1.0,1.0,2.0,1.0,1.0,2.0,2.0,1.0,1.0,2.0,1.0,1.0,1.0,2.0,2.0,1.0,1.0,2.0,1.0,1.0,2.0,1.0,2.0,1.0,1.0,2.0,1.0,2.0,1.0,,4.0,,,6.0,,15.0,,,,3.0
pid_1469,1.0,,,2.0,,,1.0,54.0,,,1.0,380.0,30.0,,,2.0,4.0,5.0,5.0,2.0,5.0,4.0,1.0,4.0,2.0,4.0,2.0,,,,,,4.0,5.0,5.0,6.0,,2.0,7.0,5.0,5.0,6.0,5.0,6.0,6.0,6.0,55.0,60.0,65.0,40.0,60.0,58.0,48.0,65.0,62.0,70.0,4.0,,6.0,,,,,,,,,,,1.0,1.0,1.0,1.0,1.0,1.0,1.0,1.0,2.0,2.0,2.0,2.0,2.0,2.0,2.0,1.0,1.0,2.0,2.0,1.0,1.0,1.0,1.0,2.0,2.0,1.0,2.0,2.0,1.0,2.0,2.0,1.0,1.0,2.0,2.0,1.0,1.0,1.0,2.0,2.0,2.0,2.0,1.0,1.0,2.0,2.0,4.0,,,6.0,,,,20.0,3.0,,
pid_1470,,1.0,,2.0,,,1.0,40.0,,,1.0,380.0,,70.0,3.0,,5.0,5.0,1.0,1.0,5.0,5.0,5.0,5.0,5.0,5.0,,5.0,,,,,4.0,3.0,5.0,,4.0,2.0,7.0,5.0,6.0,6.0,5.0,5.0,6.0,6.0,60.0,60.0,35.0,40.0,55.0,65.0,55.0,75.0,70.0,80.0,4.0,6.0,,,,,,,,,,,,1.0,1.0,1.0,1.0,1.0,1.0,2.0,2.0,2.0,2.0,1.0,2.0,2.0,1.0,2.0,2.0,2.0,1.0,2.0,1.0,2.0,2.0,2.0,2.0,2.0,2.0,1.0,2.0,2.0,2.0,1.0,2.0,2.0,2.0,2.0,2.0,2.0,1.0,2.0,1.0,2.0,2.0,1.0,1.0,2.0,2.0,,5.0,,,6.0,,,5.0,,9.0,
pid_1471,1.0,,,1.0,2.0,60.0,,,2.0,350.0,,,30.0,,2.0,,5.0,5.0,1.0,1.0,5.0,5.0,4.0,5.0,5.0,5.0,1.0,,,,,,4.0,3.0,5.0,,6.0,1.0,7.0,3.0,5.0,5.0,5.0,6.0,6.0,6.0,55.0,55.0,45.0,35.0,60.0,58.0,50.0,70.0,65.0,75.0,4.0,7.0,,,,,,,,,,,,1.0,1.0,1.0,1.0,1.0,1.0,2.0,1.0,1.0,1.0,2.0,1.0,2.0,2.0,2.0,1.0,1.0,2.0,2.0,1.0,2.0,2.0,1.0,1.0,2.0,2.0,2.0,1.0,1.0,1.0,1.0,2.0,1.0,2.0,2.0,2.0,2.0,2.0,1.0,2.0,2.0,2.0,2.0,2.0,2.0,1.0,4.0,,,6.0,,,,18.0,,9.0,
pid_1472,,1.0,,2.0,,,1.0,54.0,,,1.0,400.0,,70.0,,2.0,4.0,5.0,1.0,1.0,5.0,5.0,4.0,5.0,5.0,5.0,,,5.0,,,,4.0,5.0,5.0,4.0,,2.0,7.0,5.0,3.0,5.0,3.0,5.0,6.0,6.0,55.0,65.0,40.0,35.0,60.0,65.0,55.0,75.0,70.0,80.0,4.0,,6.0,,,,,,,,,,,1.0,1.0,1.0,1.0,1.0,1.0,2.0,2.0,1.0,2.0,2.0,1.0,2.0,1.0,2.0,2.0,1.0,2.0,2.0,1.0,2.0,2.0,1.0,1.0,2.0,2.0,2.0,1.0,1.0,1.0,2.0,1.0,2.0,2.0,2.0,2.0,1.0,2.0,2.0,1.0,2.0,2.0,1.0,1.0,2.0,2.0,,,4.0,,,6.0,,0.0,2.0,,
pid_1473,,1.0,,2.0,2.0,54.0,,,,,1.0,200.0,,90.0,,1.0,4.0,5.0,2.0,1.0,5.0,4.0,2.0,5.0,4.0,5.0,,5.0,,,,,4.0,5.0,3.0,4.0,,1.0,6.0,5.0,6.0,5.0,5.0,6.0,6.0,6.0,55.0,60.0,35.0,40.0,60.0,65.0,50.0,70.0,65.0,80.0,4.0,6.0,,,,,,,,,,,,1.0,1.0,1.0,1.0,1.0,1.0,1.0,1.0,2.0,1.0,1.0,2.0,1.0,1.0,1.0,1.0,1.0,2.0,2.0,2.0,2.0,1.0,1.0,1.0,1.0,2.0,2.0,1.0,2.0,1.0,2.0,2.0,2.0,2.0,1.0,2.0,1.0,1.0,2.0,1.0,2.0,1.0,1.0,2.0,1.0,2.0,,4.0,,,6.0,,15.0,,,,3.0
pid_1474,,2.0,1.0,,,,1.0,54.0,,,1.0,380.0,,70.0,,3.0,4.0,5.0,1.0,1.0,5.0,5.0,4.0,5.0,5.0,5.0,,5.0,,4.0,5.0,2.0,,,,4.0,,1.0,7.0,3.0,5.0,5.0,5.0,6.0,6.0,6.0,55.0,52.0,42.0,43.0,58.0,62.0,48.0,68.0,66.0,78.0,4.0,,7.0,,,,,,,,,,,1.0,1.0,1.0,1.0,1.0,1.0,2.0,1.0,2.0,2.0,1.0,1.0,1.0,1.0,1.0,1.0,1.0,2.0,2.0,2.0,1.0,1.0,2.0,1.0,1.0,2.0,2.0,1.0,1.0,2.0,2.0,2.0,1.0,2.0,1.0,1.0,2.0,1.0,1.0,1.0,1.0,2.0,1.0,1.0,2.0,2.0,,5.0,,,6.0,,18.0,,,,3.0
pid_1475,1.0,,1.0,,,,1.0,30.0,,,1.0,150.0,,85.0,,2.0,4.0,5.0,1.0,1.0,5.0,5.0,5.0,5.0,5.0,5.0,,,5.0,5.0,5.0,2.0,,,,5.0,,1.0,7.0,3.0,5.0,5.0,5.0,6.0,6.0,6.0,60.0,60.0,35.0,40.0,65.0,65.0,55.0,70.0,70.0,80.0,4.0,,6.0,,,,,,,,,,,1.0,1.0,1.0,1.0,1.0,1.0,1.0,1.0,2.0,2.0,2.0,2.0,1.0,2.0,1.0,1.0,1.0,2.0,2.0,1.0,1.0,2.0,2.0,1.0,1.0,1.0,2.0,2.0,2.0,2.0,2.0,1.0,2.0,1.0,2.0,2.0,2.0,1.0,2.0,2.0,2.0,1.0,1.0,2.0,2.0,2.0,,,4.0,,,6.0,15.0,,,6.0,
pid_1476,,2.0,2.0,,2.0,54.0,,,,,1.0,380.0,,70.0,,3.0,4.0,5.0,1.0,2.0,5.0,5.0,4.0,5.0,5.0,5.0,4.0,,,4.0,5.0,3.0,,,,,4.0,2.0,6.0,5.0,5.0,5.0,3.0,5.0,6.0,6.0,60.0,65.0,40.0,35.0,65.0,60.0,55.0,70.0,65.0,75.0,4.0,,7.0,,,,,,,,,,,1.0,1.0,1.0,1.0,1.0,1.0,1.0,2.0,2.0,2.0,1.0,1.0,1.0,1.0,2.0,1.0,2.0,2.0,1.0,1.0,1.0,1.0,1.0,2.0,1.0,2.0,2.0,1.0,1.0,2.0,1.0,2.0,1.0,1.0,1.0,2.0,1.0,2.0,2.0,1.0,1.0,1.0,2.0,2.0,1.0,2.0,4.0,,,6.0,,,18.0,,,,4.0
pid_1477,1.0,,2.0,,,,1.0,54.0,,,1.0,379.0,,70.0,3.0,,4.0,5.0,2.0,2.0,4.0,4.0,3.0,5.0,5.0,4.0,,,5.0,4.0,5.0,,,,,4.0,,1.0,7.0,5.0,5.0,5.0,5.0,5.0,6.0,6.0,55.0,55.0,45.0,40.0,58.0,60.0,50.0,70.0,65.0,75.0,4.0,,6.0,,,,,,,,,,,1.0,1.0,1.0,1.0,1.0,1.0,1.0,1.0,1.0,2.0,2.0,2.0,2.0,1.0,2.0,2.0,1.0,2.0,2.0,1.0,2.0,2.0,1.0,2.0,2.0,2.0,1.0,1.0,2.0,2.0,1.0,2.0,1.0,1.0,2.0,1.0,2.0,2.0,1.0,1.0,1.0,1.0,1.0,1.0,2.0,1.0,,,4.0,,,5.0,18.0,,2.0,,
pid_1478,1.0,,,2.0,2.0,55.0,,,2.0,380.0,,,,70.0,,2.0,4.0,5.0,2.0,1.0,5.0,5.0,2.0,5.0,4.0,5.0,2.0,,,4.0,5.0,3.0,,,,4.0,,1.0,7.0,5.0,5.0,6.0,5.0,6.0,6.0,6.0,60.0,55.0,65.0,45.0,55.0,65.0,50.0,70.0,65.0,75.0,4.0,6.0,,1.0,1.0,1.0,1.0,1.0,1.0,1.0,1.0,1.0,1.0,,,,,,,1.0,1.0,1.0,1.0,2.0,1.0,2.0,2.0,2.0,1.0,1.0,1.0,2.0,1.0,1.0,2.0,2.0,1.0,2.0,2.0,2.0,2.0,2.0,2.0,2.0,1.0,2.0,1.0,2.0,2.0,2.0,2.0,2.0,2.0,2.0,1.0,1.0,1.0,1.0,2.0,5.0,,,6.0,,,,8.0,,,3.0
pid_1479,1.0,,2.0,,2.0,54.0,,,,,1.0,300.0,,80.0,2.0,,4.0,5.0,2.0,1.0,5.0,5.0,4.0,5.0,5.0,5.0,4.0,,,,,,4.0,3.0,5.0,,4.0,2.0,7.0,5.0,5.0,5.0,5.0,6.0,6.0,6.0,60.0,65.0,45.0,35.0,65.0,65.0,55.0,75.0,70.0,80.0,4.0,6.0,,,,,,,,,,,,1.0,1.0,1.0,1.0,1.0,1.0,1.0,2.0,2.0,2.0,2.0,1.0,2.0,1.0,2.0,1.0,1.0,2.0,2.0,1.0,1.0,1.0,1.0,1.0,1.0,1.0,2.0,1.0,1.0,2.0,2.0,1.0,2.0,2.0,1.0,2.0,2.0,1.0,2.0,1.0,2.0,2.0,1.0,2.0,2.0,1.0,5.0,,,6.0,,,18.0,,,6.0,
pid_1480,,1.0,2.0,,,,1.0,54.0,,,1.0,380.0,,85.0,4.0,,5.0,5.0,1.0,1.0,5.0,5.0,5.0,5.0,5.0,5.0,4.0,,,,,,4.0,5.0,6.0,6.0,,1.0,7.0,3.0,5.0,5.0,5.0,5.0,6.0,6.0,55.0,58.0,45.0,35.0,60.0,58.0,48.0,72.0,65.0,75.0,4.0,,6.0,1.0,1.0,1.0,1.0,1.0,1.0,1.0,1.0,1.0,1.0,,,,,,,1.0,1.0,2.0,2.0,2.0,2.0,2.0,2.0,2.0,1.0,1.0,2.0,1.0,2.0,1.0,2.0,2.0,2.0,2.0,2.0,1.0,1.0,2.0,1.0,2.0,2.0,2.0,1.0,2.0,2.0,2.0,2.0,2.0,2.0,1.0,1.0,2.0,1.0,2.0,2.0,5.0,,,6.0,,,,20.0,,,3.0
pid_1481,,1.0,1.0,,2.0,54.0,,,2.0,380.0,,,50.0,,1.0,,2.0,1.0,5.0,4.0,2.0,2.0,1.0,4.0,1.0,2.0,,5.0,,4.0,5.0,3.0,,,,,4.0,1.0,6.0,5.0,5.0,5.0,3.0,5.0,6.0,6.0,55.0,60.0,55.0,45.0,60.0,65.0,50.0,70.0,70.0,80.0,4.0,6.0,,1.0,1.0,1.0,1.0,1.0,1.0,1.0,1.0,1.0,1.0,,,,,,,2.0,2.0,1.0,1.0,2.0,2.0,1.0,2.0,1.0,1.0,2.0,2.0,1.0,2.0,1.0,1.0,2.0,1.0,1.0,2.0,2.0,2.0,1.0,1.0,1.0,1.0,1.0,2.0,1.0,1.0,1.0,1.0,1.0,2.0,1.0,2.0,2.0,1.0,2.0,1.0,,5.0,,,6.0,,,15.0,,,4.0
pid_1482,1.0,,1.0,,,,1.0,54.0,2.0,380.0,,,,70.0,,2.0,4.0,4.0,2.0,2.0,4.0,5.0,2.0,4.0,4.0,4.0,,,5.0,5.0,5.0,2.0,,,,4.0,,2.0,7.0,5.0,5.0,6.0,3.0,5.0,6.0,6.0,55.0,60.0,55.0,40.0,60.0,65.0,45.0,70.0,65.0,75.0,4.0,6.0,,,,,,,,,,,,1.0,1.0,1.0,1.0,1.0,1.0,1.0,1.0,2.0,1.0,2.0,2.0,1.0,1.0,1.0,1.0,1.0,2.0,1.0,2.0,2.0,2.0,1.0,2.0,1.0,2.0,2.0,1.0,2.0,1.0,2.0,1.0,2.0,2.0,1.0,2.0,2.0,1.0,2.0,1.0,1.0,1.0,2.0,2.0,2.0,2.0,,,5.0,,,6.0,18.0,,,9.0,
pid_1483,,2.0,,1.0,2.0,55.0,,,,,1.0,200.0,30.0,,3.0,,4.0,5.0,2.0,2.0,5.0,4.0,4.0,5.0,4.0,5.0,2.0,,,4.0,5.0,2.0,,,,,4.0,2.0,7.0,5.0,5.0,5.0,5.0,6.0,6.0,6.0,55.0,60.0,45.0,40.0,65.0,62.0,52.0,70.0,65.0,75.0,4.0,6.0,,1.0,1.0,1.0,1.0,1.0,1.0,1.0,1.0,1.0,1.0,,,,,,,2.0,2.0,1.0,2.0,2.0,2.0,1.0,1.0,2.0,2.0,2.0,1.0,2.0,1.0,2.0,1.0,2.0,2.0,2.0,2.0,1.0,2.0,1.0,2.0,2.0,2.0,2.0,2.0,2.0,1.0,2.0,2.0,2.0,1.0,2.0,2.0,1.0,2.0,1.0,2.0,5.0,,,6.0,,,18.0,,,,4.0
pid_1485,1.0,,,2.0,,,1.0,25.0,2.0,380.0,,,,70.0,3.0,,2.0,4.0,4.0,4.0,4.0,3.0,1.0,4.0,2.0,4.0,1.0,,,4.0,5.0,3.0,,,,,4.0,1.0,6.0,2.0,5.0,5.0,2.0,5.0,6.0,6.0,55.0,60.0,55.0,50.0,60.0,60.0,45.0,70.0,60.0,75.0,4.0,,6.0,1.0,1.0,1.0,1.0,1.0,1.0,1.0,1.0,1.0,1.0,,,,,,,2.0,2.0,2.0,1.0,1.0,1.0,2.0,1.0,1.0,1.0,2.0,1.0,2.0,1.0,1.0,2.0,2.0,1.0,1.0,2.0,1.0,2.0,1.0,1.0,2.0,1.0,2.0,1.0,2.0,1.0,1.0,2.0,1.0,2.0,2.0,1.0,2.0,2.0,1.0,1.0,4.0,,,5.0,,,,18.0,,,3.0
pid_1487,1.0,,1.0,,,,1.0,54.0,2.0,380.0,,,,75.0,,3.0,2.0,2.0,5.0,4.0,4.0,2.0,1.0,4.0,2.0,4.0,,,4.0,4.0,5.0,3.0,,,,,4.0,1.0,7.0,3.0,5.0,5.0,5.0,6.0,6.0,6.0,55.0,55.0,50.0,45.0,60.0,58.0,50.0,65.0,60.0,75.0,4.0,6.0,,,,,,,,,,,,1.0,1.0,1.0,1.0,1.0,1.0,2.0,1.0,1.0,2.0,2.0,2.0,1.0,2.0,2.0,1.0,2.0,2.0,2.0,1.0,2.0,1.0,2.0,2.0,2.0,2.0,1.0,1.0,2.0,2.0,1.0,2.0,1.0,2.0,1.0,2.0,2.0,1.0,2.0,1.0,2.0,2.0,1.0,1.0,1.0,1.0,,,5.0,,,6.0,18.0,,,,4.0
pid_1488,1.0,,,2.0,,,1.0,54.0,,,1.0,379.0,30.0,,,2.0,5.0,5.0,1.0,1.0,5.0,5.0,4.0,5.0,5.0,5.0,4.0,,,,,,4.0,3.0,3.0,,4.0,2.0,6.0,3.0,5.0,5.0,6.0,5.0,6.0,6.0,55.0,65.0,40.0,35.0,60.0,60.0,55.0,70.0,65.0,75.0,4.0,,6.0,1.0,1.0,1.0,1.0,1.0,1.0,1.0,1.0,1.0,1.0,,,,,,,2.0,2.0,2.0,1.0,2.0,2.0,2.0,2.0,2.0,1.0,2.0,1.0,2.0,2.0,2.0,2.0,1.0,1.0,2.0,2.0,2.0,1.0,2.0,2.0,2.0,1.0,2.0,2.0,2.0,1.0,1.0,1.0,2.0,2.0,2.0,1.0,2.0,2.0,1.0,2.0,4.0,,,5.0,,,,20.0,,9.0,
pid_1489,,1.0,,2.0,,,1.0,54.0,2.0,380.0,,,30.0,,,2.0,2.0,2.0,5.0,4.0,2.0,2.0,1.0,4.0,2.0,4.0,,5.0,,4.0,5.0,3.0,,,,4.0,,1.0,6.0,5.0,5.0,6.0,5.0,6.0,6.0,5.0,55.0,58.0,57.0,46.0,52.0,57.0,48.0,65.0,62.0,75.0,4.0,6.0,,1.0,1.0,1.0,1.0,1.0,1.0,1.0,1.0,1.0,1.0,,,,,,,2.0,1.0,1.0,1.0,1.0,1.0,1.0,2.0,2.0,1.0,1.0,2.0,2.0,1.0,2.0,1.0,1.0,2.0,1.0,2.0,1.0,2.0,1.0,2.0,1.0,1.0,1.0,2.0,2.0,1.0,2.0,2.0,2.0,1.0,1.0,1.0,2.0,1.0,1.0,1.0,,4.0,,,6.0,,,20.0,,,4.0
pid_1490,,1.0,,2.0,,,1.0,54.0,2.0,380.0,,,30.0,,5.0,,4.0,5.0,1.0,1.0,5.0,5.0,5.0,5.0,5.0,5.0,,5.0,,,,,4.0,5.0,3.0,6.0,,1.0,6.0,5.0,5.0,5.0,5.0,5.0,6.0,6.0,60.0,60.0,35.0,35.0,55.0,65.0,55.0,75.0,70.0,75.0,4.0,6.0,,1.0,1.0,1.0,1.0,1.0,1.0,1.0,1.0,1.0,1.0,,,,,,,2.0,1.0,1.0,1.0,2.0,2.0,1.0,1.0,2.0,1.0,2.0,2.0,2.0,1.0,2.0,2.0,2.0,1.0,1.0,1.0,1.0,2.0,1.0,1.0,2.0,2.0,1.0,2.0,1.0,1.0,2.0,1.0,1.0,1.0,2.0,1.0,1.0,2.0,1.0,1.0,,5.0,,,6.0,,,18.0,2.0,,
pid_1491,1.0,,,2.0,2.0,54.0,,,,,1.0,300.0,30.0,,,2.0,4.0,4.0,2.0,2.0,5.0,5.0,2.0,5.0,4.0,5.0,,5.0,,,,,4.0,5.0,3.0,4.0,,1.0,6.0,5.0,5.0,3.0,5.0,5.0,6.0,6.0,55.0,55.0,48.0,40.0,60.0,62.0,48.0,68.0,62.0,72.0,4.0,,6.0,1.0,1.0,1.0,1.0,1.0,1.0,1.0,1.0,1.0,1.0,,,,,,,2.0,1.0,1.0,1.0,2.0,2.0,1.0,1.0,2.0,2.0,1.0,1.0,1.0,1.0,2.0,1.0,2.0,1.0,1.0,2.0,1.0,2.0,2.0,2.0,2.0,1.0,2.0,1.0,1.0,1.0,2.0,1.0,2.0,1.0,1.0,2.0,2.0,1.0,2.0,2.0,,4.0,,,6.0,,18.0,,2.0,,
pid_1492,,1.0,2.0,,2.0,54.0,,,,,1.0,380.0,30.0,,,2.0,4.0,5.0,1.0,1.0,5.0,5.0,5.0,5.0,5.0,5.0,1.0,,,5.0,5.0,2.0,,,,4.0,,2.0,7.0,3.0,5.0,5.0,5.0,5.0,6.0,6.0,60.0,65.0,40.0,45.0,55.0,62.0,52.0,75.0,70.0,78.0,4.0,,6.0,,,,,,,,,,,1.0,1.0,1.0,1.0,1.0,1.0,1.0,2.0,2.0,1.0,1.0,2.0,1.0,2.0,1.0,2.0,2.0,2.0,2.0,1.0,1.0,2.0,2.0,1.0,2.0,1.0,2.0,2.0,1.0,1.0,1.0,2.0,2.0,1.0,1.0,2.0,1.0,2.0,1.0,2.0,1.0,1.0,1.0,1.0,1.0,1.0,4.0,,,5.0,,,,0.0,,,3.0
pid_1493,,1.0,,2.0,2.0,54.0,,,2.0,379.0,,,,70.0,,4.0,4.0,5.0,1.0,1.0,5.0,5.0,5.0,5.0,5.0,5.0,2.0,,,4.0,5.0,3.0,,,,6.0,,2.0,7.0,3.0,5.0,5.0,3.0,5.0,6.0,6.0,55.0,65.0,45.0,35.0,60.0,62.0,50.0,70.0,65.0,80.0,4.0,6.0,,,,,,,,,,,,1.0,1.0,1.0,1.0,1.0,1.0,1.0,2.0,2.0,1.0,1.0,1.0,2.0,1.0,2.0,1.0,1.0,2.0,1.0,2.0,2.0,2.0,2.0,1.0,1.0,1.0,1.0,2.0,1.0,2.0,1.0,1.0,1.0,2.0,1.0,1.0,2.0,1.0,1.0,2.0,2.0,1.0,2.0,1.0,2.0,2.0,5.0,,,6.0,,,16.0,,,,6.0
pid_1494,1.0,,1.0,,2.0,54.0,,,2.0,380.0,,,30.0,,,2.0,4.0,5.0,2.0,1.0,5.0,5.0,4.0,5.0,4.0,5.0,1.0,,,4.0,5.0,3.0,,,,4.0,,2.0,7.0,3.0,5.0,5.0,5.0,6.0,6.0,6.0,55.0,65.0,45.0,38.0,58.0,62.0,52.0,70.0,65.0,78.0,4.0,,6.0,1.0,1.0,1.0,1.0,1.0,1.0,1.0,1.0,1.0,1.0,,,,,,,2.0,2.0,1.0,2.0,2.0,2.0,1.0,1.0,2.0,1.0,2.0,2.0,2.0,2.0,1.0,2.0,2.0,2.0,1.0,2.0,1.0,2.0,2.0,1.0,2.0,2.0,2.0,1.0,2.0,2.0,2.0,2.0,1.0,2.0,2.0,1.0,2.0,2.0,2.0,2.0,4.0,,,5.0,,,,18.0,,,3.0
pid_1495,1.0,,,2.0,2.0,54.0,,,2.0,379.0,,,,80.0,2.0,,2.0,1.0,5.0,4.0,3.0,2.0,1.0,4.0,2.0,4.0,,5.0,,,,,4.0,5.0,5.0,,4.0,2.0,6.0,5.0,5.0,6.0,3.0,5.0,6.0,6.0,55.0,55.0,60.0,48.0,60.0,58.0,48.0,65.0,65.0,75.0,4.0,6.0,,,,,,,,,,,,1.0,1.0,1.0,1.0,1.0,1.0,1.0,2.0,1.0,2.0,1.0,2.0,2.0,1.0,1.0,2.0,1.0,1.0,1.0,2.0,2.0,1.0,1.0,2.0,2.0,1.0,2.0,2.0,2.0,1.0,2.0,2.0,2.0,1.0,1.0,2.0,1.0,2.0,2.0,1.0,1.0,2.0,2.0,1.0,1.0,2.0,,4.0,,,6.0,,,18.0,,6.0,
pid_1496,,2.0,1.0,,2.0,54.0,,,,,1.0,380.0,,70.0,3.0,,2.0,2.0,5.0,4.0,4.0,4.0,1.0,4.0,2.0,4.0,2.0,,,4.0,5.0,3.0,,,,,4.0,1.0,7.0,5.0,5.0,5.0,5.0,6.0,6.0,6.0,45.0,55.0,55.0,45.0,50.0,55.0,45.0,65.0,60.0,70.0,4.0,6.0,,,,,,,,,,,,1.0,1.0,1.0,1.0,1.0,1.0,1.0,2.0,2.0,1.0,1.0,2.0,1.0,1.0,2.0,1.0,2.0,2.0,2.0,1.0,1.0,2.0,2.0,2.0,2.0,2.0,1.0,1.0,1.0,1.0,1.0,1.0,1.0,1.0,1.0,1.0,2.0,1.0,1.0,1.0,1.0,2.0,1.0,2.0,1.0,1.0,4.0,,,6.0,,,18.0,,,,3.0
pid_1497,,2.0,,2.0,2.0,54.0,,,2.0,380.0,,,,60.0,4.0,,5.0,5.0,1.0,1.0,5.0,5.0,4.0,5.0,5.0,5.0,4.0,,,,,,5.0,4.0,3.0,6.0,,2.0,7.0,5.0,5.0,5.0,5.0,5.0,6.0,6.0,60.0,65.0,45.0,40.0,55.0,65.0,55.0,70.0,65.0,80.0,4.0,6.0,,,,,,,,,,,,1.0,1.0,1.0,1.0,1.0,1.0,1.0,1.0,1.0,2.0,1.0,2.0,1.0,2.0,1.0,1.0,2.0,2.0,2.0,2.0,1.0,2.0,1.0,1.0,2.0,2.0,2.0,1.0,2.0,2.0,2.0,2.0,1.0,1.0,1.0,2.0,1.0,1.0,1.0,1.0,2.0,2.0,2.0,1.0,2.0,1.0,5.0,,,6.0,,,,20.0,,,3.0
pid_1499,,1.0,2.0,,2.0,54.0,,,,,1.0,380.0,30.0,,,5.0,4.0,5.0,1.0,1.0,5.0,5.0,4.0,5.0,5.0,5.0,,5.0,,,,,4.0,5.0,5.0,6.0,,1.0,7.0,3.0,5.0,5.0,5.0,5.0,6.0,6.0,55.0,65.0,45.0,35.0,60.0,58.0,50.0,75.0,65.0,80.0,4.0,,7.0,1.0,1.0,1.0,1.0,1.0,1.0,1.0,1.0,1.0,1.0,,,,,,,2.0,1.0,1.0,1.0,2.0,1.0,1.0,2.0,2.0,1.0,1.0,1.0,2.0,2.0,1.0,1.0,1.0,1.0,1.0,2.0,1.0,1.0,1.0,1.0,2.0,1.0,2.0,1.0,1.0,2.0,1.0,1.0,1.0,1.0,1.0,1.0,2.0,1.0,2.0,1.0,,5.0,,,6.0,,,8.0,2.0,,
pid_1500,1.0,,2.0,,,,1.0,54.0,2.0,379.0,,,,70.0,,2.0,5.0,5.0,1.0,1.0,5.0,5.0,5.0,5.0,5.0,5.0,,,5.0,4.0,5.0,3.0,,,,,4.0,2.0,7.0,5.0,5.0,6.0,5.0,6.0,6.0,6.0,55.0,58.0,42.0,45.0,62.0,65.0,48.0,70.0,68.0,78.0,4.0,6.0,,,,,,,,,,,,1.0,1.0,1.0,1.0,1.0,1.0,1.0,1.0,2.0,1.0,1.0,2.0,1.0,1.0,1.0,2.0,1.0,2.0,1.0,1.0,1.0,1.0,2.0,2.0,2.0,1.0,1.0,2.0,2.0,2.0,1.0,1.0,2.0,2.0,1.0,2.0,1.0,2.0,2.0,1.0,2.0,1.0,1.0,1.0,2.0,1.0,,,5.0,,,6.0,18.0,,4.0,,
pid_1501,1.0,,1.0,,,,1.0,54.0,2.0,370.0,,,,80.0,,2.0,1.0,1.0,5.0,4.0,2.0,2.0,1.0,4.0,1.0,2.0,,5.0,,,,,4.0,5.0,5.0,6.0,,2.0,6.0,5.0,5.0,5.0,3.0,6.0,6.0,6.0,45.0,55.0,65.0,45.0,55.0,55.0,45.0,65.0,55.0,70.0,4.0,6.0,,,,,,,,,,,,1.0,1.0,1.0,1.0,1.0,1.0,1.0,1.0,2.0,1.0,2.0,2.0,1.0,2.0,2.0,2.0,1.0,2.0,2.0,1.0,2.0,2.0,1.0,2.0,1.0,1.0,1.0,1.0,1.0,1.0,1.0,1.0,1.0,1.0,2.0,2.0,2.0,1.0,2.0,1.0,1.0,2.0,2.0,2.0,2.0,2.0,,4.0,,,6.0,,18.0,,,9.0,
pid_1502,,1.0,,2.0,,,1.0,40.0,2.0,300.0,,,,80.0,1.0,,2.0,4.0,5.0,4.0,4.0,2.0,1.0,4.0,2.0,4.0,2.0,,,4.0,5.0,,,,,4.0,,1.0,6.0,2.0,5.0,5.0,3.0,5.0,6.0,6.0,55.0,60.0,55.0,45.0,60.0,60.0,55.0,70.0,65.0,75.0,4.0,,7.0,,,,,,,,,,,1.0,1.0,1.0,1.0,1.0,1.0,1.0,1.0,2.0,1.0,2.0,1.0,1.0,1.0,1.0,1.0,1.0,1.0,1.0,1.0,1.0,2.0,1.0,1.0,2.0,1.0,2.0,1.0,2.0,2.0,1.0,2.0,1.0,2.0,1.0,2.0,2.0,1.0,2.0,1.0,1.0,1.0,1.0,1.0,1.0,1.0,4.0,,,5.0,,,,5.0,,6.0,
pid_1503,,2.0,2.0,,2.0,54.0,,,2.0,380.0,,,30.0,,,3.0,4.0,4.0,2.0,2.0,4.0,4.0,2.0,5.0,4.0,4.0,,,4.0,,,,4.0,4.0,5.0,4.0,,2.0,5.0,5.0,5.0,5.0,5.0,5.0,6.0,6.0,55.0,55.0,50.0,45.0,60.0,65.0,55.0,70.0,65.0,75.0,4.0,,6.0,1.0,1.0,1.0,1.0,1.0,1.0,1.0,1.0,1.0,1.0,,,,,,,1.0,1.0,2.0,1.0,2.0,1.0,1.0,1.0,2.0,1.0,1.0,2.0,1.0,1.0,1.0,1.0,1.0,2.0,2.0,1.0,1.0,2.0,1.0,2.0,1.0,1.0,1.0,2.0,2.0,2.0,1.0,1.0,1.0,2.0,1.0,2.0,2.0,1.0,1.0,1.0,,,5.0,,,5.0,18.0,,,,3.0
pid_1504,,1.0,,2.0,2.0,54.0,,,,,1.0,380.0,40.0,,2.0,,5.0,5.0,1.0,1.0,5.0,5.0,5.0,5.0,5.0,5.0,1.0,,,5.0,4.0,3.0,,,,6.0,,2.0,6.0,3.0,5.0,5.0,5.0,5.0,6.0,6.0,65.0,65.0,40.0,35.0,60.0,65.0,55.0,75.0,70.0,80.0,4.0,,7.0,1.0,1.0,1.0,1.0,1.0,1.0,1.0,1.0,1.0,1.0,,,,,,,1.0,2.0,1.0,2.0,2.0,2.0,2.0,1.0,1.0,2.0,1.0,1.0,1.0,2.0,2.0,2.0,2.0,1.0,1.0,2.0,1.0,1.0,2.0,2.0,1.0,1.0,2.0,1.0,1.0,1.0,1.0,2.0,1.0,2.0,1.0,1.0,2.0,1.0,2.0,2.0,4.0,,,6.0,,,18.0,,,6.0,
pid_1505,1.0,,1.0,,,,1.0,54.0,2.0,380.0,,,30.0,,,1.0,5.0,5.0,1.0,1.0,5.0,5.0,5.0,5.0,5.0,5.0,4.0,,,4.0,5.0,3.0,,,,,4.0,1.0,7.0,5.0,5.0,6.0,3.0,6.0,6.0,6.0,55.0,60.0,35.0,42.0,62.0,58.0,55.0,72.0,68.0,75.0,4.0,6.0,,,,,,,,,,,,1.0,1.0,1.0,1.0,1.0,1.0,2.0,2.0,2.0,2.0,2.0,1.0,1.0,1.0,1.0,2.0,2.0,2.0,2.0,2.0,1.0,2.0,1.0,2.0,2.0,1.0,2.0,1.0,2.0,2.0,1.0,1.0,1.0,2.0,2.0,1.0,2.0,2.0,2.0,2.0,2.0,2.0,2.0,1.0,2.0,1.0,5.0,,,6.0,,,18.0,,,9.0,
pid_1506,,1.0,,2.0,2.0,54.0,,,2.0,380.0,,,40.0,,,3.0,1.0,1.0,5.0,4.0,2.0,1.0,1.0,2.0,2.0,4.0,2.0,,,,,,5.0,4.0,5.0,,4.0,1.0,7.0,5.0,5.0,5.0,5.0,5.0,6.0,6.0,45.0,60.0,55.0,45.0,50.0,48.0,48.0,65.0,65.0,75.0,4.0,6.0,,,,,,,,,,,,1.0,1.0,1.0,1.0,1.0,1.0,1.0,2.0,1.0,1.0,1.0,2.0,2.0,2.0,2.0,2.0,2.0,1.0,1.0,2.0,2.0,2.0,2.0,1.0,2.0,2.0,1.0,1.0,2.0,2.0,2.0,2.0,2.0,2.0,2.0,1.0,1.0,2.0,1.0,2.0,1.0,1.0,2.0,1.0,2.0,2.0,4.0,,,5.0,,,,20.0,,9.0,
pid_1507,1.0,,1.0,,,,1.0,20.0,,,1.0,350.0,,85.0,2.0,,2.0,1.0,5.0,4.0,2.0,1.0,1.0,3.0,1.0,4.0,,5.0,,5.0,5.0,,,,,4.0,,2.0,6.0,5.0,3.0,5.0,3.0,6.0,6.0,6.0,45.0,55.0,65.0,45.0,40.0,45.0,40.0,60.0,55.0,70.0,4.0,7.0,,1.0,1.0,1.0,1.0,1.0,1.0,1.0,1.0,1.0,1.0,,,,,,,1.0,2.0,1.0,2.0,1.0,1.0,1.0,2.0,2.0,2.0,2.0,1.0,2.0,1.0,2.0,1.0,1.0,1.0,2.0,1.0,2.0,2.0,1.0,2.0,1.0,2.0,2.0,1.0,1.0,1.0,1.0,1.0,1.0,2.0,1.0,1.0,1.0,2.0,2.0,2.0,,5.0,,,6.0,,,4.0,3.0,,
pid_1508,,2.0,1.0,,,,1.0,54.0,,,1.0,380.0,,70.0,,2.0,4.0,5.0,2.0,2.0,4.0,5.0,2.0,5.0,4.0,4.0,1.0,,,4.0,5.0,3.0,,,,4.0,,2.0,6.0,5.0,5.0,5.0,5.0,5.0,6.0,6.0,65.0,60.0,45.0,40.0,60.0,65.0,55.0,75.0,65.0,80.0,4.0,6.0,,,,,,,,,,,,1.0,1.0,1.0,1.0,1.0,1.0,2.0,2.0,1.0,2.0,2.0,1.0,1.0,2.0,2.0,2.0,1.0,2.0,1.0,2.0,2.0,1.0,2.0,2.0,1.0,2.0,1.0,1.0,1.0,1.0,2.0,1.0,1.0,1.0,2.0,2.0,1.0,1.0,1.0,2.0,1.0,1.0,2.0,2.0,1.0,1.0,4.0,,,5.0,,,,0.0,,9.0,
pid_1509,,1.0,,2.0,,,1.0,40.0,2.0,380.0,,,30.0,,3.0,,5.0,5.0,1.0,1.0,5.0,5.0,4.0,5.0,5.0,5.0,,5.0,,,,,3.0,4.0,5.0,,4.0,1.0,7.0,5.0,5.0,3.0,2.0,5.0,6.0,6.0,60.0,55.0,30.0,40.0,55.0,60.0,55.0,70.0,65.0,75.0,4.0,6.0,,,,,,,,,,,,1.0,1.0,1.0,1.0,1.0,1.0,1.0,2.0,2.0,2.0,2.0,1.0,1.0,2.0,2.0,1.0,1.0,2.0,2.0,2.0,2.0,1.0,2.0,1.0,2.0,2.0,2.0,2.0,2.0,2.0,2.0,2.0,2.0,1.0,1.0,1.0,2.0,2.0,2.0,2.0,1.0,1.0,2.0,2.0,2.0,1.0,,5.0,,,6.0,,,20.0,,,4.0
pid_1510,,2.0,1.0,,,,1.0,54.0,,,1.0,379.0,,75.0,,3.0,4.0,5.0,2.0,1.0,5.0,5.0,2.0,5.0,4.0,5.0,,5.0,,,,,4.0,3.0,5.0,,4.0,1.0,7.0,3.0,5.0,3.0,5.0,6.0,6.0,6.0,65.0,60.0,55.0,35.0,60.0,65.0,55.0,70.0,65.0,75.0,4.0,,6.0,1.0,1.0,1.0,1.0,1.0,1.0,1.0,1.0,1.0,1.0,,,,,,,1.0,1.0,2.0,2.0,1.0,2.0,1.0,1.0,2.0,1.0,1.0,2.0,1.0,2.0,1.0,1.0,1.0,2.0,2.0,1.0,2.0,2.0,1.0,2.0,1.0,2.0,2.0,2.0,1.0,1.0,2.0,1.0,1.0,1.0,2.0,2.0,2.0,2.0,2.0,2.0,,5.0,,,6.0,,18.0,,,9.0,
pid_1511,,1.0,1.0,,,,1.0,54.0,,,1.0,380.0,,70.0,2.0,,4.0,5.0,2.0,2.0,5.0,5.0,4.0,5.0,5.0,5.0,,5.0,,,,,4.0,5.0,5.0,,4.0,2.0,7.0,5.0,5.0,6.0,5.0,5.0,6.0,6.0,60.0,55.0,48.0,40.0,58.0,65.0,52.0,70.0,65.0,78.0,4.0,7.0,,,,,,,,,,,,1.0,1.0,1.0,1.0,1.0,1.0,1.0,2.0,2.0,1.0,2.0,1.0,1.0,2.0,2.0,2.0,2.0,2.0,1.0,2.0,2.0,2.0,1.0,2.0,2.0,1.0,2.0,1.0,2.0,2.0,1.0,2.0,1.0,2.0,2.0,1.0,2.0,1.0,1.0,1.0,2.0,1.0,2.0,2.0,2.0,1.0,,5.0,,,6.0,,18.0,,,9.0,
pid_1512,1.0,,,2.0,,,1.0,20.0,,,1.0,200.0,40.0,,1.0,,2.0,1.0,5.0,4.0,4.0,2.0,1.0,2.0,2.0,4.0,,4.0,,,,,4.0,5.0,5.0,4.0,,2.0,7.0,5.0,5.0,5.0,5.0,5.0,6.0,6.0,45.0,55.0,60.0,45.0,50.0,50.0,45.0,60.0,50.0,70.0,4.0,,7.0,,,,,,,,,,,1.0,1.0,1.0,1.0,1.0,1.0,2.0,2.0,1.0,2.0,2.0,1.0,1.0,1.0,1.0,1.0,1.0,2.0,2.0,2.0,1.0,2.0,1.0,2.0,2.0,1.0,1.0,2.0,2.0,2.0,2.0,2.0,2.0,2.0,2.0,1.0,2.0,1.0,2.0,1.0,1.0,2.0,2.0,2.0,1.0,2.0,,5.0,,,6.0,,,20.0,,6.0,
pid_1513,,2.0,,2.0,,,1.0,54.0,,,1.0,379.0,30.0,,2.0,,4.0,5.0,2.0,2.0,5.0,5.0,4.0,5.0,5.0,5.0,4.0,,,5.0,5.0,,,,,,6.0,1.0,7.0,5.0,6.0,6.0,5.0,6.0,6.0,6.0,65.0,,,,58.0,62.0,52.0,,64.0,,4.0,,6.0,,,,,,,,,,,1.0,1.0,1.0,1.0,1.0,1.0,1.0,1.0,2.0,1.0,1.0,2.0,1.0,1.0,2.0,2.0,1.0,2.0,1.0,2.0,1.0,2.0,1.0,2.0,1.0,2.0,1.0,2.0,2.0,2.0,1.0,1.0,2.0,2.0,1.0,2.0,1.0,1.0,1.0,1.0,1.0,2.0,1.0,2.0,1.0,1.0,5.0,,,6.0,,,,5.0,,,3.0
pid_1514,1.0,,,2.0,,,1.0,54.0,,,1.0,380.0,,85.0,3.0,,2.0,2.0,4.0,4.0,4.0,4.0,1.0,4.0,4.0,4.0,2.0,,,4.0,5.0,3.0,,,,,4.0,1.0,6.0,5.0,5.0,3.0,5.0,5.0,6.0,6.0,50.0,55.0,55.0,45.0,55.0,60.0,45.0,65.0,65.0,75.0,4.0,5.0,,1.0,1.0,1.0,1.0,1.0,1.0,1.0,1.0,1.0,1.0,,,,,,,2.0,1.0,1.0,1.0,1.0,2.0,1.0,1.0,1.0,1.0,1.0,2.0,1.0,2.0,1.0,1.0,2.0,1.0,2.0,1.0,1.0,2.0,2.0,2.0,1.0,1.0,1.0,1.0,2.0,2.0,2.0,1.0,2.0,1.0,1.0,2.0,1.0,1.0,2.0,1.0,4.0,,,5.0,,,18.0,,3.0,,
pid_1515,,1.0,2.0,,2.0,54.0,,,2.0,380.0,,,30.0,,,3.0,5.0,5.0,1.0,1.0,5.0,5.0,4.0,5.0,5.0,5.0,,5.0,,,,,3.0,4.0,5.0,6.0,,2.0,7.0,5.0,5.0,3.0,5.0,6.0,5.0,6.0,60.0,60.0,35.0,35.0,55.0,60.0,50.0,70.0,65.0,75.0,4.0,,6.0,,,,,,,,,,,1.0,1.0,1.0,1.0,1.0,1.0,1.0,2.0,2.0,1.0,1.0,2.0,2.0,2.0,2.0,2.0,2.0,2.0,1.0,2.0,2.0,1.0,1.0,2.0,1.0,1.0,2.0,1.0,1.0,1.0,2.0,2.0,1.0,2.0,1.0,2.0,2.0,2.0,1.0,1.0,2.0,2.0,1.0,2.0,1.0,2.0,,5.0,,,6.0,,,5.0,,,4.0
pid_1516,,2.0,2.0,,,,1.0,54.0,,,1.0,300.0,40.0,,,2.0,5.0,5.0,1.0,1.0,5.0,5.0,4.0,5.0,5.0,5.0,,5.0,,4.0,5.0,2.0,,,,,4.0,1.0,7.0,5.0,5.0,5.0,5.0,5.0,6.0,6.0,60.0,65.0,45.0,40.0,55.0,65.0,55.0,75.0,65.0,80.0,4.0,6.0,,,,,,,,,,,,1.0,1.0,1.0,1.0,1.0,1.0,2.0,1.0,1.0,2.0,1.0,2.0,2.0,1.0,2.0,2.0,2.0,1.0,1.0,1.0,2.0,2.0,1.0,1.0,2.0,2.0,1.0,2.0,2.0,1.0,1.0,1.0,1.0,2.0,1.0,1.0,1.0,2.0,2.0,2.0,2.0,2.0,2.0,1.0,1.0,2.0,,5.0,,,6.0,,,20.0,,9.0,
pid_1517,1.0,,,1.0,2.0,54.0,,,,,1.0,380.0,,70.0,2.0,,4.0,5.0,1.0,1.0,5.0,5.0,4.0,5.0,5.0,5.0,,5.0,,4.0,5.0,2.0,,,,,4.0,2.0,6.0,5.0,5.0,5.0,5.0,6.0,6.0,6.0,55.0,65.0,45.0,38.0,62.0,60.0,50.0,72.0,68.0,78.0,4.0,,7.0,1.0,1.0,1.0,1.0,1.0,1.0,1.0,1.0,1.0,1.0,,,,,,,1.0,2.0,1.0,1.0,2.0,2.0,1.0,1.0,2.0,2.0,2.0,2.0,2.0,2.0,1.0,1.0,2.0,1.0,2.0,2.0,2.0,2.0,1.0,2.0,2.0,1.0,2.0,2.0,2.0,1.0,2.0,1.0,2.0,1.0,2.0,2.0,1.0,2.0,2.0,1.0,,5.0,,,6.0,,18.0,,,9.0,
pid_1518,,1.0,2.0,,2.0,54.0,,,,,1.0,200.0,50.0,,2.0,,2.0,1.0,5.0,4.0,2.0,1.0,1.0,2.0,1.0,2.0,,5.0,,,,,4.0,3.0,5.0,4.0,,1.0,6.0,5.0,5.0,5.0,2.0,6.0,6.0,6.0,50.0,65.0,55.0,45.0,55.0,55.0,45.0,65.0,65.0,75.0,4.0,,6.0,,,,,,,,,,,1.0,1.0,1.0,1.0,1.0,1.0,2.0,2.0,2.0,1.0,1.0,2.0,1.0,1.0,1.0,2.0,2.0,1.0,1.0,1.0,2.0,2.0,2.0,1.0,1.0,1.0,2.0,1.0,2.0,1.0,2.0,1.0,2.0,1.0,1.0,2.0,1.0,1.0,1.0,1.0,1.0,1.0,1.0,1.0,1.0,1.0,,4.0,,,6.0,,,18.0,1.0,,
pid_1519,1.0,,,2.0,,,1.0,54.0,2.0,380.0,,,30.0,,3.0,,5.0,5.0,1.0,1.0,5.0,5.0,4.0,5.0,5.0,5.0,,,5.0,4.0,5.0,3.0,,,,6.0,,2.0,6.0,5.0,5.0,5.0,3.0,6.0,6.0,5.0,55.0,60.0,40.0,35.0,60.0,58.0,55.0,70.0,65.0,75.0,4.0,,7.0,1.0,1.0,1.0,1.0,1.0,1.0,1.0,1.0,1.0,1.0,,,,,,,2.0,1.0,2.0,1.0,2.0,2.0,1.0,2.0,1.0,2.0,2.0,1.0,1.0,2.0,1.0,2.0,2.0,2.0,2.0,2.0,1.0,2.0,1.0,2.0,2.0,1.0,2.0,1.0,1.0,2.0,1.0,1.0,1.0,1.0,1.0,2.0,2.0,1.0,2.0,1.0,,,5.0,,,6.0,,18.0,,,4.0
pid_1520,,1.0,1.0,,,,1.0,20.0,2.0,379.0,,,,70.0,,3.0,4.0,4.0,2.0,2.0,4.0,4.0,2.0,4.0,4.0,4.0,,5.0,,,,,4.0,4.0,5.0,,4.0,1.0,6.0,5.0,5.0,5.0,5.0,5.0,6.0,6.0,65.0,65.0,50.0,45.0,68.0,70.0,55.0,70.0,65.0,75.0,4.0,6.0,,1.0,1.0,1.0,1.0,1.0,1.0,1.0,1.0,1.0,1.0,,,,,,,1.0,2.0,2.0,1.0,2.0,1.0,1.0,2.0,1.0,2.0,2.0,2.0,1.0,1.0,2.0,2.0,1.0,1.0,1.0,2.0,2.0,2.0,1.0,1.0,1.0,1.0,2.0,2.0,1.0,1.0,2.0,1.0,2.0,1.0,2.0,2.0,1.0,1.0,1.0,1.0,,4.0,,,6.0,,,2.0,2.0,,
pid_1521,,1.0,1.0,,,,1.0,54.0,,,1.0,379.0,30.0,,2.0,,5.0,5.0,1.0,1.0,5.0,5.0,4.0,5.0,5.0,5.0,,5.0,,,,,4.0,5.0,5.0,,6.0,2.0,7.0,5.0,5.0,3.0,3.0,5.0,6.0,6.0,65.0,60.0,42.0,38.0,62.0,63.0,55.0,72.0,68.0,78.0,4.0,,7.0,,,,,,,,,,,1.0,1.0,1.0,1.0,1.0,1.0,2.0,2.0,2.0,1.0,2.0,2.0,2.0,2.0,1.0,2.0,2.0,2.0,2.0,2.0,1.0,2.0,1.0,2.0,1.0,2.0,1.0,2.0,2.0,1.0,2.0,2.0,2.0,2.0,2.0,2.0,2.0,2.0,1.0,2.0,1.0,1.0,1.0,2.0,2.0,2.0,,5.0,,,6.0,,,20.0,,9.0,
pid_1522,,2.0,,2.0,,,1.0,20.0,,,1.0,380.0,20.0,,4.0,,4.0,5.0,1.0,1.0,5.0,5.0,4.0,5.0,5.0,5.0,,,5.0,,,,4.0,5.0,2.0,,4.0,2.0,7.0,5.0,5.0,6.0,5.0,6.0,6.0,6.0,55.0,60.0,45.0,35.0,65.0,60.0,55.0,70.0,65.0,75.0,4.0,6.0,,,,,,,,,,,,1.0,1.0,1.0,1.0,1.0,1.0,2.0,2.0,1.0,1.0,1.0,2.0,2.0,2.0,2.0,1.0,2.0,2.0,2.0,2.0,1.0,2.0,2.0,1.0,2.0,2.0,1.0,2.0,1.0,2.0,1.0,1.0,1.0,1.0,2.0,1.0,2.0,1.0,2.0,1.0,1.0,2.0,2.0,1.0,2.0,2.0,,,5.0,,,6.0,15.0,,,9.0,
pid_1523,,1.0,,2.0,,,1.0,54.0,,,1.0,350.0,50.0,,2.0,,2.0,4.0,5.0,4.0,3.0,2.0,1.0,4.0,2.0,4.0,,,5.0,,,,4.0,3.0,2.0,,4.0,2.0,7.0,5.0,5.0,5.0,5.0,6.0,6.0,6.0,45.0,60.0,55.0,45.0,55.0,60.0,50.0,75.0,65.0,75.0,4.0,6.0,,1.0,1.0,1.0,1.0,1.0,1.0,1.0,1.0,1.0,1.0,,,,,,,2.0,1.0,1.0,1.0,2.0,1.0,2.0,1.0,2.0,2.0,1.0,2.0,1.0,1.0,1.0,2.0,1.0,2.0,1.0,2.0,2.0,1.0,1.0,1.0,1.0,2.0,2.0,2.0,2.0,2.0,2.0,1.0,1.0,2.0,1.0,2.0,2.0,2.0,1.0,1.0,,,5.0,,,6.0,15.0,,2.0,,
pid_1524,1.0,,,2.0,2.0,65.0,,,,,1.0,150.0,,70.0,,2.0,4.0,5.0,1.0,1.0,5.0,5.0,4.0,5.0,5.0,5.0,4.0,,,,,,3.0,4.0,5.0,6.0,,2.0,6.0,5.0,5.0,5.0,3.0,5.0,6.0,6.0,55.0,62.0,45.0,38.0,60.0,58.0,52.0,68.0,65.0,75.0,4.0,,7.0,1.0,1.0,1.0,1.0,1.0,1.0,1.0,1.0,1.0,1.0,,,,,,,1.0,1.0,1.0,2.0,1.0,1.0,2.0,2.0,1.0,2.0,2.0,1.0,2.0,2.0,1.0,2.0,2.0,2.0,1.0,2.0,2.0,2.0,1.0,2.0,2.0,1.0,1.0,2.0,1.0,2.0,1.0,2.0,1.0,2.0,1.0,2.0,2.0,2.0,2.0,2.0,5.0,,,6.0,,,,20.0,,,3.0
pid_1525,1.0,,,2.0,,,1.0,54.0,2.0,380.0,,,30.0,,3.0,,4.0,5.0,1.0,1.0,5.0,5.0,4.0,5.0,5.0,5.0,,,4.0,4.0,5.0,3.0,,,,,4.0,2.0,7.0,3.0,5.0,5.0,5.0,5.0,6.0,6.0,55.0,60.0,40.0,45.0,65.0,60.0,50.0,70.0,65.0,75.0,4.0,,7.0,,,,,,,,,,,1.0,1.0,1.0,1.0,1.0,1.0,1.0,1.0,2.0,2.0,1.0,1.0,2.0,2.0,2.0,1.0,1.0,1.0,1.0,1.0,2.0,1.0,2.0,2.0,1.0,2.0,1.0,2.0,2.0,1.0,1.0,2.0,2.0,2.0,1.0,1.0,1.0,2.0,1.0,2.0,2.0,1.0,2.0,2.0,2.0,2.0,,,5.0,,,6.0,,20.0,,9.0,
pid_1526,,2.0,1.0,,2.0,54.0,,,,,1.0,379.0,40.0,,,2.0,4.0,4.0,2.0,2.0,4.0,5.0,4.0,5.0,5.0,5.0,,5.0,,,,,4.0,5.0,5.0,,4.0,2.0,6.0,5.0,5.0,5.0,3.0,5.0,6.0,6.0,55.0,55.0,60.0,40.0,60.0,65.0,50.0,70.0,65.0,75.0,4.0,,7.0,1.0,1.0,1.0,1.0,1.0,1.0,1.0,1.0,1.0,1.0,,,,,,,1.0,2.0,2.0,1.0,1.0,2.0,1.0,2.0,1.0,1.0,1.0,2.0,1.0,2.0,1.0,2.0,2.0,2.0,2.0,1.0,1.0,1.0,1.0,2.0,1.0,1.0,2.0,1.0,2.0,1.0,1.0,2.0,2.0,1.0,2.0,2.0,2.0,2.0,2.0,2.0,,5.0,,,6.0,,18.0,,,,4.0
pid_1527,1.0,,,2.0,,,1.0,54.0,,,1.0,379.0,,65.0,,3.0,5.0,5.0,1.0,1.0,5.0,5.0,4.0,5.0,5.0,5.0,,5.0,,4.0,5.0,2.0,,,,4.0,,2.0,6.0,3.0,5.0,5.0,5.0,5.0,6.0,6.0,55.0,55.0,45.0,35.0,60.0,65.0,55.0,70.0,65.0,75.0,4.0,,6.0,1.0,1.0,1.0,1.0,1.0,1.0,1.0,1.0,1.0,1.0,,,,,,,1.0,2.0,1.0,2.0,1.0,2.0,2.0,2.0,2.0,2.0,2.0,1.0,2.0,1.0,2.0,2.0,2.0,2.0,2.0,1.0,2.0,2.0,2.0,2.0,2.0,2.0,1.0,2.0,1.0,1.0,2.0,2.0,1.0,1.0,1.0,1.0,2.0,2.0,2.0,2.0,,5.0,,,6.0,,18.0,,3.0,,
pid_1528,,1.0,1.0,,,,1.0,54.0,2.0,380.0,,,30.0,,2.0,,4.0,5.0,1.0,1.0,5.0,5.0,4.0,5.0,5.0,5.0,,5.0,,4.0,5.0,2.0,,,,4.0,,1.0,6.0,5.0,5.0,5.0,5.0,6.0,6.0,6.0,55.0,55.0,45.0,40.0,60.0,58.0,48.0,65.0,67.0,78.0,4.0,,6.0,1.0,1.0,1.0,1.0,1.0,1.0,1.0,1.0,1.0,1.0,,,,,,,2.0,1.0,2.0,1.0,1.0,1.0,2.0,1.0,2.0,2.0,1.0,1.0,1.0,2.0,1.0,2.0,2.0,1.0,1.0,1.0,2.0,2.0,2.0,2.0,1.0,1.0,1.0,1.0,1.0,2.0,2.0,1.0,2.0,2.0,1.0,1.0,1.0,1.0,2.0,2.0,,5.0,,,6.0,,,20.0,2.0,,
pid_1529,,1.0,1.0,,2.0,54.0,,,,,1.0,380.0,30.0,,,4.0,4.0,5.0,2.0,2.0,5.0,5.0,4.0,5.0,5.0,5.0,,,5.0,,,,4.0,5.0,5.0,4.0,,2.0,7.0,3.0,5.0,5.0,5.0,5.0,6.0,6.0,65.0,65.0,45.0,40.0,60.0,68.0,55.0,72.0,68.0,80.0,4.0,6.0,,,,,,,,,,,,1.0,1.0,1.0,1.0,1.0,1.0,1.0,1.0,2.0,1.0,1.0,2.0,1.0,1.0,2.0,2.0,1.0,1.0,2.0,2.0,2.0,1.0,2.0,1.0,2.0,1.0,2.0,2.0,2.0,1.0,1.0,2.0,1.0,2.0,2.0,2.0,2.0,1.0,2.0,1.0,1.0,1.0,2.0,1.0,2.0,2.0,,,4.0,,,6.0,,20.0,,,3.0
pid_1531,1.0,,,2.0,,,1.0,54.0,,,1.0,379.0,30.0,,2.0,,5.0,5.0,1.0,1.0,5.0,5.0,4.0,5.0,5.0,5.0,2.0,,,4.0,5.0,3.0,,,,,4.0,2.0,7.0,5.0,3.0,5.0,5.0,6.0,6.0,6.0,65.0,62.0,48.0,35.0,62.0,68.0,52.0,72.0,68.0,80.0,4.0,,7.0,1.0,1.0,1.0,1.0,1.0,1.0,1.0,1.0,1.0,1.0,,,,,,,2.0,2.0,2.0,1.0,2.0,1.0,2.0,1.0,2.0,2.0,2.0,1.0,1.0,1.0,1.0,2.0,2.0,1.0,2.0,1.0,2.0,2.0,2.0,2.0,2.0,2.0,1.0,2.0,1.0,2.0,2.0,2.0,2.0,2.0,2.0,2.0,1.0,2.0,1.0,2.0,5.0,,,6.0,,,18.0,,2.0,,
pid_1532,1.0,,,2.0,2.0,54.0,,,2.0,380.0,,,30.0,,3.0,,4.0,4.0,2.0,2.0,4.0,4.0,3.0,4.0,4.0,4.0,,5.0,,,,,4.0,3.0,5.0,,4.0,1.0,6.0,3.0,5.0,3.0,5.0,5.0,6.0,6.0,55.0,60.0,55.0,40.0,52.0,60.0,50.0,70.0,65.0,75.0,4.0,6.0,,1.0,1.0,1.0,1.0,1.0,1.0,1.0,1.0,1.0,1.0,,,,,,,1.0,2.0,1.0,1.0,2.0,1.0,2.0,1.0,1.0,2.0,1.0,1.0,1.0,2.0,1.0,1.0,2.0,2.0,1.0,2.0,2.0,1.0,1.0,2.0,1.0,1.0,1.0,2.0,2.0,1.0,1.0,2.0,1.0,2.0,1.0,2.0,2.0,2.0,1.0,1.0,,5.0,,,6.0,,,5.0,,,4.0
pid_1533,,2.0,,2.0,2.0,54.0,,,2.0,380.0,,,40.0,,,3.0,4.0,4.0,2.0,2.0,4.0,4.0,2.0,5.0,4.0,4.0,2.0,,,5.0,5.0,2.0,,,,4.0,,2.0,6.0,5.0,5.0,5.0,5.0,5.0,6.0,6.0,55.0,60.0,50.0,42.0,60.0,58.0,50.0,68.0,65.0,75.0,4.0,6.0,,,,,,,,,,,,1.0,1.0,1.0,1.0,1.0,1.0,1.0,2.0,2.0,2.0,2.0,1.0,2.0,1.0,1.0,2.0,2.0,2.0,2.0,1.0,1.0,2.0,2.0,1.0,1.0,1.0,1.0,1.0,2.0,2.0,2.0,2.0,1.0,1.0,2.0,2.0,2.0,2.0,2.0,1.0,1.0,2.0,1.0,1.0,1.0,2.0,4.0,,,5.0,,,15.0,,,6.0,
pid_1534,1.0,,,2.0,,,1.0,20.0,2.0,350.0,,,30.0,,,3.0,4.0,5.0,2.0,1.0,5.0,5.0,4.0,5.0,5.0,5.0,,5.0,,,,,3.0,4.0,5.0,,4.0,2.0,7.0,5.0,5.0,5.0,3.0,5.0,6.0,6.0,55.0,65.0,45.0,35.0,60.0,60.0,50.0,70.0,65.0,80.0,,,6.0,1.0,1.0,1.0,1.0,1.0,1.0,1.0,1.0,1.0,1.0,,,,,,,2.0,1.0,2.0,1.0,2.0,2.0,2.0,2.0,1.0,1.0,1.0,1.0,2.0,1.0,2.0,1.0,2.0,2.0,1.0,1.0,1.0,1.0,1.0,2.0,1.0,2.0,2.0,1.0,2.0,1.0,2.0,1.0,1.0,1.0,1.0,2.0,2.0,1.0,1.0,2.0,,5.0,,,6.0,,18.0,,,6.0,
pid_1535,1.0,,1.0,,2.0,54.0,,,2.0,379.0,,,40.0,,3.0,,2.0,1.0,5.0,4.0,2.0,1.0,1.0,2.0,2.0,4.0,1.0,,,,,,4.0,3.0,5.0,,4.0,1.0,6.0,5.0,3.0,5.0,5.0,6.0,6.0,6.0,45.0,55.0,60.0,45.0,55.0,50.0,40.0,60.0,45.0,75.0,4.0,6.0,,,,,,,,,,,,1.0,1.0,1.0,1.0,1.0,1.0,1.0,1.0,1.0,1.0,2.0,1.0,2.0,2.0,2.0,1.0,2.0,2.0,1.0,1.0,1.0,1.0,2.0,1.0,2.0,1.0,1.0,1.0,1.0,1.0,1.0,2.0,1.0,1.0,1.0,1.0,1.0,2.0,1.0,1.0,1.0,1.0,1.0,1.0,1.0,2.0,4.0,,,5.0,,,18.0,,,,6.0
pid_1536,1.0,,,2.0,,,1.0,54.0,,,1.0,380.0,30.0,,5.0,,4.0,5.0,2.0,2.0,5.0,5.0,4.0,5.0,5.0,5.0,,4.0,,,,,3.0,4.0,5.0,,4.0,2.0,7.0,5.0,5.0,5.0,3.0,5.0,6.0,6.0,55.0,65.0,45.0,35.0,60.0,65.0,45.0,70.0,65.0,80.0,4.0,,6.0,,,,,,,,,,,1.0,1.0,1.0,1.0,1.0,1.0,1.0,2.0,2.0,2.0,2.0,1.0,2.0,2.0,2.0,1.0,2.0,1.0,1.0,1.0,1.0,2.0,2.0,1.0,1.0,2.0,1.0,2.0,2.0,1.0,1.0,1.0,1.0,2.0,2.0,2.0,1.0,1.0,2.0,2.0,1.0,2.0,1.0,2.0,1.0,2.0,,5.0,,,6.0,,18.0,,2.0,,
pid_1537,1.0,,2.0,,,,1.0,54.0,2.0,380.0,,,30.0,,,2.0,5.0,5.0,1.0,1.0,5.0,5.0,4.0,5.0,5.0,5.0,,5.0,,,,,4.0,3.0,5.0,6.0,,1.0,7.0,3.0,4.0,5.0,5.0,5.0,6.0,6.0,60.0,55.0,45.0,35.0,58.0,62.0,50.0,72.0,68.0,80.0,4.0,,6.0,1.0,1.0,1.0,1.0,1.0,1.0,1.0,1.0,1.0,1.0,,,,,,,2.0,2.0,1.0,2.0,1.0,1.0,1.0,2.0,2.0,2.0,2.0,2.0,1.0,1.0,2.0,2.0,2.0,2.0,2.0,1.0,1.0,2.0,2.0,2.0,2.0,2.0,2.0,2.0,1.0,2.0,2.0,2.0,2.0,1.0,1.0,2.0,2.0,2.0,2.0,1.0,,5.0,,,6.0,,18.0,,,9.0,
pid_1538,1.0,,,2.0,2.0,54.0,,,,,1.0,200.0,,70.0,2.0,,4.0,5.0,1.0,1.0,5.0,5.0,4.0,5.0,5.0,5.0,,5.0,,,,,4.0,3.0,5.0,4.0,,2.0,7.0,5.0,5.0,6.0,5.0,6.0,6.0,6.0,65.0,62.0,40.0,38.0,70.0,68.0,55.0,,68.0,80.0,4.0,6.0,,,,,,,,,,,,1.0,1.0,1.0,1.0,1.0,1.0,1.0,2.0,1.0,1.0,2.0,1.0,1.0,2.0,2.0,1.0,1.0,1.0,2.0,2.0,2.0,2.0,2.0,1.0,1.0,2.0,1.0,2.0,1.0,2.0,1.0,1.0,2.0,2.0,2.0,1.0,2.0,1.0,2.0,2.0,1.0,1.0,2.0,2.0,1.0,2.0,,5.0,,,6.0,,18.0,,2.0,,
pid_1539,,1.0,2.0,,2.0,54.0,,,2.0,370.0,,,30.0,,,2.0,5.0,5.0,1.0,1.0,5.0,5.0,4.0,5.0,5.0,5.0,4.0,,,,,,4.0,4.0,5.0,4.0,,2.0,7.0,5.0,5.0,5.0,5.0,6.0,6.0,6.0,65.0,65.0,40.0,35.0,60.0,65.0,55.0,75.0,70.0,75.0,4.0,6.0,,1.0,1.0,1.0,1.0,1.0,1.0,1.0,1.0,1.0,1.0,,,,,,,1.0,2.0,2.0,2.0,1.0,1.0,1.0,2.0,1.0,2.0,1.0,2.0,1.0,1.0,2.0,2.0,1.0,1.0,2.0,2.0,2.0,1.0,1.0,2.0,2.0,2.0,2.0,1.0,2.0,1.0,1.0,2.0,2.0,1.0,2.0,2.0,1.0,1.0,1.0,1.0,4.0,,,5.0,,,,20.0,,,4.0
pid_1540,1.0,,1.0,,,,1.0,30.0,,,1.0,380.0,40.0,,,2.0,4.0,2.0,4.0,4.0,4.0,4.0,1.0,4.0,4.0,4.0,1.0,,,,,,4.0,3.0,5.0,,4.0,2.0,6.0,5.0,5.0,5.0,5.0,6.0,6.0,6.0,60.0,55.0,50.0,40.0,55.0,65.0,45.0,70.0,65.0,75.0,4.0,,6.0,1.0,1.0,1.0,1.0,1.0,1.0,1.0,1.0,1.0,1.0,,,,,,,1.0,1.0,1.0,2.0,1.0,1.0,2.0,1.0,1.0,2.0,1.0,2.0,2.0,1.0,2.0,2.0,1.0,2.0,1.0,1.0,1.0,1.0,2.0,1.0,1.0,1.0,1.0,1.0,1.0,1.0,1.0,1.0,2.0,2.0,1.0,1.0,1.0,1.0,1.0,1.0,4.0,,,5.0,,,,20.0,,6.0,
pid_1541,,2.0,,2.0,2.0,55.0,,,2.0,379.0,,,30.0,,5.0,,2.0,1.0,5.0,5.0,2.0,2.0,1.0,3.0,1.0,2.0,,,5.0,4.0,5.0,,,,,6.0,,1.0,6.0,5.0,5.0,5.0,5.0,6.0,6.0,6.0,45.0,65.0,55.0,50.0,50.0,55.0,45.0,65.0,60.0,75.0,4.0,6.0,,,,,,,,,,,,1.0,1.0,1.0,1.0,1.0,1.0,1.0,2.0,1.0,1.0,1.0,2.0,2.0,1.0,2.0,2.0,2.0,1.0,2.0,2.0,1.0,2.0,2.0,2.0,1.0,2.0,2.0,1.0,1.0,2.0,1.0,2.0,2.0,1.0,2.0,2.0,1.0,2.0,1.0,2.0,2.0,1.0,2.0,2.0,2.0,1.0,,,4.0,,,5.0,,15.0,,9.0,
pid_1542,,1.0,,2.0,2.0,54.0,,,,,1.0,300.0,40.0,,,2.0,2.0,1.0,5.0,4.0,3.0,2.0,1.0,2.0,2.0,2.0,,,5.0,,,,3.0,4.0,5.0,,4.0,2.0,6.0,5.0,5.0,5.0,5.0,5.0,6.0,6.0,50.0,55.0,65.0,45.0,55.0,55.0,45.0,65.0,65.0,75.0,4.0,,6.0,,,,,,,,,,,1.0,1.0,1.0,1.0,1.0,1.0,1.0,1.0,2.0,2.0,2.0,2.0,2.0,2.0,2.0,2.0,2.0,1.0,2.0,2.0,1.0,2.0,1.0,1.0,1.0,2.0,2.0,1.0,1.0,2.0,1.0,1.0,2.0,2.0,1.0,1.0,2.0,1.0,2.0,1.0,2.0,2.0,2.0,2.0,2.0,1.0,,,4.0,,,5.0,15.0,,,9.0,
pid_1543,1.0,,2.0,,2.0,54.0,,,,,1.0,380.0,30.0,,5.0,,4.0,5.0,2.0,1.0,5.0,5.0,4.0,5.0,5.0,5.0,,,5.0,4.0,5.0,3.0,,,,,4.0,1.0,6.0,5.0,5.0,5.0,5.0,6.0,6.0,6.0,55.0,60.0,45.0,35.0,60.0,58.0,52.0,70.0,65.0,78.0,4.0,6.0,,,,,,,,,,,,1.0,1.0,1.0,1.0,1.0,1.0,1.0,1.0,2.0,2.0,2.0,1.0,2.0,1.0,2.0,2.0,1.0,1.0,1.0,1.0,1.0,1.0,1.0,2.0,2.0,2.0,1.0,2.0,1.0,1.0,1.0,2.0,1.0,1.0,2.0,1.0,1.0,1.0,2.0,1.0,2.0,1.0,2.0,1.0,1.0,2.0,,,5.0,,,6.0,16.0,,1.0,,
pid_1544,,1.0,,2.0,2.0,50.0,,,2.0,380.0,,,30.0,,3.0,,4.0,5.0,1.0,1.0,5.0,5.0,4.0,5.0,5.0,5.0,,5.0,,,,,4.0,5.0,5.0,,4.0,2.0,7.0,3.0,5.0,5.0,5.0,6.0,6.0,6.0,55.0,65.0,35.0,30.0,60.0,60.0,55.0,70.0,65.0,75.0,4.0,,6.0,1.0,1.0,1.0,1.0,1.0,1.0,1.0,1.0,1.0,1.0,,,,,,,1.0,1.0,2.0,2.0,1.0,1.0,2.0,2.0,2.0,2.0,1.0,1.0,2.0,2.0,2.0,2.0,2.0,2.0,2.0,2.0,2.0,1.0,2.0,1.0,2.0,2.0,1.0,2.0,2.0,2.0,2.0,2.0,2.0,1.0,2.0,1.0,1.0,1.0,2.0,2.0,,5.0,,,6.0,,18.0,,,6.0,
pid_1545,,2.0,,1.0,,,1.0,54.0,2.0,380.0,,,,80.0,,2.0,2.0,2.0,4.0,4.0,3.0,2.0,1.0,4.0,2.0,4.0,2.0,,,5.0,5.0,,,,,,4.0,2.0,7.0,5.0,5.0,5.0,5.0,6.0,6.0,6.0,45.0,50.0,60.0,55.0,55.0,55.0,45.0,65.0,60.0,70.0,4.0,6.0,,,,,,,,,,,,1.0,1.0,1.0,1.0,1.0,1.0,2.0,1.0,1.0,1.0,1.0,1.0,1.0,1.0,1.0,1.0,1.0,2.0,1.0,2.0,1.0,2.0,1.0,1.0,2.0,2.0,1.0,2.0,1.0,1.0,1.0,1.0,2.0,1.0,1.0,2.0,2.0,2.0,1.0,1.0,2.0,1.0,1.0,1.0,2.0,1.0,4.0,,,5.0,,,18.0,,3.0,,
pid_1546,,1.0,,2.0,2.0,54.0,,,2.0,379.0,,,,80.0,,3.0,5.0,5.0,1.0,1.0,5.0,5.0,5.0,5.0,5.0,5.0,,5.0,,,,,4.0,3.0,5.0,,6.0,1.0,7.0,5.0,5.0,5.0,5.0,6.0,6.0,6.0,55.0,65.0,45.0,40.0,60.0,65.0,55.0,75.0,70.0,80.0,4.0,6.0,,,,,,,,,,,,1.0,1.0,1.0,1.0,1.0,1.0,2.0,1.0,1.0,2.0,1.0,2.0,2.0,2.0,2.0,1.0,2.0,2.0,2.0,2.0,2.0,2.0,2.0,1.0,2.0,2.0,2.0,2.0,2.0,1.0,1.0,1.0,1.0,1.0,2.0,1.0,2.0,2.0,2.0,2.0,2.0,2.0,1.0,2.0,1.0,2.0,,5.0,,,6.0,,18.0,,,,4.0
pid_1547,1.0,,2.0,,,,1.0,30.0,2.0,700.0,,,40.0,,2.0,,2.0,1.0,5.0,4.0,3.0,2.0,1.0,4.0,2.0,2.0,2.0,,,4.0,5.0,3.0,,,,,4.0,1.0,7.0,3.0,5.0,5.0,5.0,5.0,6.0,6.0,55.0,65.0,55.0,50.0,60.0,58.0,52.0,65.0,60.0,75.0,4.0,5.0,,,,,,,,,,,,1.0,1.0,1.0,1.0,1.0,1.0,2.0,2.0,2.0,1.0,1.0,2.0,1.0,2.0,1.0,2.0,2.0,1.0,2.0,1.0,1.0,1.0,2.0,2.0,2.0,2.0,2.0,2.0,2.0,2.0,2.0,2.0,1.0,2.0,2.0,2.0,2.0,1.0,2.0,2.0,1.0,1.0,1.0,2.0,2.0,2.0,4.0,,,5.0,,,18.0,,,,3.0
pid_1548,,1.0,2.0,,2.0,54.0,,,,,1.0,379.0,30.0,,,1.0,5.0,5.0,1.0,1.0,5.0,5.0,5.0,5.0,5.0,5.0,,,5.0,,,,4.0,5.0,5.0,,4.0,2.0,7.0,5.0,5.0,6.0,5.0,6.0,6.0,6.0,55.0,55.0,45.0,35.0,60.0,65.0,55.0,70.0,68.0,75.0,4.0,,7.0,,,,,,,,,,,1.0,1.0,1.0,1.0,1.0,1.0,1.0,2.0,1.0,2.0,1.0,2.0,2.0,1.0,1.0,1.0,1.0,1.0,2.0,2.0,1.0,1.0,2.0,2.0,1.0,1.0,1.0,2.0,1.0,2.0,1.0,2.0,2.0,2.0,1.0,1.0,2.0,1.0,2.0,2.0,1.0,2.0,2.0,1.0,1.0,2.0,,,5.0,,,6.0,,15.0,,9.0,
pid_1549,,2.0,1.0,,,,1.0,54.0,2.0,380.0,,,30.0,,2.0,,5.0,5.0,1.0,1.0,5.0,5.0,4.0,5.0,5.0,5.0,,,5.0,4.0,5.0,3.0,,,,6.0,,2.0,7.0,5.0,3.0,5.0,5.0,6.0,6.0,6.0,55.0,65.0,40.0,35.0,60.0,65.0,55.0,75.0,70.0,80.0,4.0,6.0,,1.0,1.0,1.0,1.0,1.0,1.0,1.0,1.0,1.0,1.0,,,,,,,1.0,1.0,2.0,1.0,1.0,1.0,1.0,1.0,2.0,1.0,2.0,1.0,2.0,1.0,1.0,2.0,1.0,2.0,1.0,1.0,1.0,2.0,2.0,1.0,2.0,2.0,2.0,2.0,2.0,1.0,1.0,1.0,2.0,2.0,1.0,1.0,1.0,2.0,2.0,1.0,,,5.0,,,6.0,16.0,,,,3.0
pid_1550,,2.0,,2.0,,,1.0,54.0,2.0,380.0,,,,70.0,,3.0,5.0,5.0,1.0,1.0,5.0,5.0,5.0,5.0,5.0,5.0,,,5.0,,,,4.0,5.0,4.0,,4.0,1.0,7.0,5.0,3.0,5.0,5.0,5.0,6.0,6.0,55.0,60.0,45.0,35.0,60.0,60.0,55.0,75.0,70.0,80.0,4.0,,7.0,,,,,,,,,,,1.0,1.0,1.0,1.0,1.0,1.0,1.0,1.0,2.0,2.0,2.0,2.0,1.0,2.0,2.0,2.0,2.0,1.0,2.0,2.0,2.0,2.0,2.0,2.0,1.0,1.0,2.0,2.0,2.0,2.0,2.0,2.0,2.0,2.0,1.0,2.0,2.0,2.0,1.0,2.0,2.0,1.0,2.0,2.0,2.0,2.0,,,5.0,,,5.0,16.0,,,9.0,
pid_1551,,1.0,1.0,,2.0,54.0,,,,,1.0,300.0,,85.0,2.0,,5.0,5.0,1.0,1.0,5.0,5.0,5.0,5.0,5.0,5.0,,4.0,,5.0,5.0,3.0,,,,,4.0,1.0,7.0,5.0,5.0,6.0,5.0,5.0,6.0,6.0,55.0,65.0,40.0,35.0,60.0,65.0,50.0,70.0,65.0,75.0,4.0,,7.0,,,,,,,,,,,1.0,1.0,1.0,1.0,1.0,1.0,2.0,2.0,1.0,2.0,2.0,2.0,2.0,2.0,1.0,1.0,2.0,2.0,2.0,1.0,2.0,1.0,1.0,2.0,2.0,2.0,2.0,1.0,2.0,1.0,2.0,1.0,2.0,1.0,1.0,2.0,2.0,1.0,2.0,1.0,1.0,2.0,1.0,1.0,1.0,1.0,,5.0,,,6.0,,17.0,,,9.0,
pid_1552,,2.0,,2.0,2.0,54.0,,,,,1.0,200.0,30.0,,3.0,,2.0,1.0,5.0,4.0,3.0,2.0,1.0,2.0,2.0,3.0,,5.0,,4.0,5.0,3.0,,,,4.0,,1.0,6.0,5.0,5.0,5.0,3.0,6.0,6.0,6.0,55.0,55.0,55.0,60.0,65.0,60.0,45.0,70.0,65.0,75.0,4.0,6.0,,,,,,,,,,,,1.0,1.0,1.0,1.0,1.0,1.0,1.0,1.0,2.0,1.0,2.0,1.0,1.0,1.0,1.0,2.0,2.0,1.0,1.0,2.0,1.0,1.0,1.0,2.0,1.0,2.0,2.0,2.0,2.0,2.0,2.0,1.0,1.0,1.0,2.0,2.0,2.0,1.0,1.0,1.0,2.0,1.0,2.0,2.0,2.0,2.0,,5.0,,,6.0,,18.0,,,9.0,
pid_1553,,1.0,,1.0,2.0,54.0,,,2.0,380.0,,,30.0,,2.0,,2.0,2.0,5.0,4.0,2.0,2.0,1.0,2.0,1.0,2.0,,4.0,,,,,4.0,3.0,4.0,,4.0,1.0,6.0,3.0,5.0,5.0,5.0,5.0,6.0,6.0,45.0,55.0,60.0,45.0,50.0,50.0,45.0,65.0,60.0,75.0,4.0,6.0,,1.0,1.0,1.0,1.0,1.0,1.0,1.0,1.0,1.0,1.0,,,,,,,1.0,1.0,2.0,2.0,1.0,2.0,1.0,2.0,1.0,2.0,2.0,2.0,2.0,1.0,2.0,1.0,1.0,2.0,2.0,2.0,2.0,2.0,2.0,2.0,2.0,2.0,2.0,2.0,2.0,1.0,2.0,2.0,1.0,1.0,2.0,2.0,2.0,2.0,1.0,2.0,,5.0,,,6.0,,18.0,,,,3.0
pid_1554,1.0,,,2.0,,,1.0,20.0,2.0,400.0,,,,70.0,2.0,,4.0,5.0,1.0,2.0,5.0,5.0,4.0,5.0,5.0,5.0,2.0,,,,,,4.0,5.0,5.0,,4.0,2.0,6.0,3.0,5.0,5.0,5.0,5.0,6.0,6.0,55.0,60.0,50.0,40.0,60.0,65.0,55.0,70.0,65.0,75.0,4.0,6.0,,1.0,1.0,1.0,1.0,1.0,1.0,1.0,1.0,1.0,1.0,,,,,,,2.0,2.0,1.0,1.0,2.0,2.0,2.0,2.0,1.0,1.0,2.0,2.0,2.0,1.0,1.0,1.0,1.0,2.0,2.0,1.0,2.0,1.0,1.0,1.0,1.0,1.0,1.0,1.0,2.0,1.0,1.0,2.0,1.0,2.0,2.0,1.0,2.0,2.0,1.0,2.0,4.0,,,5.0,,,,5.0,,,3.0
pid_1555,,1.0,2.0,,,,1.0,54.0,,,1.0,379.0,,85.0,,2.0,4.0,5.0,2.0,1.0,4.0,4.0,2.0,5.0,4.0,5.0,1.0,,,,,,4.0,5.0,5.0,4.0,,1.0,6.0,3.0,5.0,5.0,5.0,5.0,6.0,6.0,58.0,63.0,48.0,42.0,62.0,65.0,55.0,72.0,67.0,78.0,4.0,,6.0,1.0,1.0,1.0,1.0,1.0,1.0,1.0,1.0,1.0,1.0,,,,,,,1.0,2.0,2.0,2.0,2.0,2.0,2.0,1.0,2.0,2.0,2.0,2.0,2.0,1.0,2.0,1.0,2.0,1.0,2.0,2.0,2.0,1.0,1.0,2.0,2.0,2.0,2.0,2.0,2.0,2.0,2.0,2.0,1.0,2.0,2.0,1.0,2.0,2.0,2.0,2.0,4.0,,,5.0,,,16.0,,3.0,,
pid_1556,1.0,,,2.0,2.0,54.0,,,2.0,380.0,,,30.0,,2.0,,5.0,5.0,1.0,1.0,5.0,5.0,5.0,5.0,5.0,5.0,,,5.0,4.0,5.0,3.0,,,,6.0,,2.0,7.0,5.0,5.0,5.0,5.0,5.0,6.0,6.0,55.0,55.0,40.0,35.0,65.0,60.0,50.0,75.0,70.0,80.0,4.0,,7.0,,,,,,,,,,,1.0,1.0,1.0,1.0,1.0,1.0,1.0,2.0,1.0,1.0,1.0,2.0,1.0,1.0,2.0,1.0,2.0,1.0,1.0,2.0,2.0,2.0,1.0,2.0,2.0,1.0,2.0,1.0,2.0,2.0,1.0,1.0,2.0,1.0,1.0,2.0,2.0,2.0,2.0,1.0,2.0,2.0,1.0,1.0,2.0,2.0,,,5.0,,,6.0,16.0,,,9.0,
pid_1557,,2.0,,2.0,2.0,54.0,,,2.0,379.0,,,30.0,,,1.0,5.0,5.0,1.0,1.0,5.0,5.0,4.0,5.0,5.0,5.0,,,5.0,5.0,4.0,2.0,,,,6.0,,2.0,6.0,5.0,5.0,5.0,5.0,5.0,6.0,6.0,55.0,65.0,35.0,40.0,60.0,58.0,55.0,70.0,65.0,75.0,4.0,,7.0,1.0,1.0,1.0,1.0,1.0,1.0,1.0,1.0,1.0,1.0,,,,,,,2.0,2.0,2.0,2.0,2.0,1.0,2.0,1.0,2.0,1.0,1.0,2.0,2.0,1.0,2.0,2.0,2.0,2.0,1.0,2.0,2.0,2.0,2.0,1.0,2.0,1.0,2.0,2.0,1.0,1.0,1.0,1.0,1.0,2.0,2.0,2.0,1.0,2.0,2.0,2.0,,,5.0,,,6.0,18.0,,,,5.0
pid_1558,,1.0,1.0,,,,1.0,54.0,,,1.0,300.0,,65.0,2.0,,2.0,1.0,5.0,4.0,2.0,2.0,1.0,3.0,2.0,4.0,,,5.0,,,,4.0,5.0,2.0,4.0,,2.0,6.0,5.0,5.0,5.0,3.0,5.0,6.0,6.0,55.0,50.0,60.0,55.0,60.0,55.0,50.0,65.0,65.0,80.0,4.0,,6.0,1.0,1.0,1.0,1.0,1.0,1.0,1.0,1.0,1.0,1.0,,,,,,,1.0,1.0,1.0,2.0,1.0,2.0,2.0,2.0,2.0,2.0,1.0,1.0,1.0,1.0,2.0,2.0,2.0,2.0,2.0,2.0,1.0,2.0,2.0,2.0,2.0,1.0,1.0,2.0,1.0,1.0,1.0,2.0,1.0,1.0,2.0,2.0,2.0,1.0,1.0,2.0,,,4.0,,,5.0,,20.0,2.0,,
pid_1559,,2.0,,2.0,2.0,50.0,,,2.0,380.0,,,,70.0,3.0,,2.0,1.0,5.0,4.0,2.0,2.0,1.0,4.0,2.0,4.0,,4.0,,,,,4.0,3.0,5.0,4.0,,1.0,6.0,5.0,5.0,5.0,5.0,5.0,6.0,6.0,55.0,55.0,65.0,45.0,50.0,55.0,45.0,65.0,60.0,75.0,4.0,,6.0,,,,,,,,,,,1.0,1.0,1.0,1.0,1.0,1.0,2.0,1.0,2.0,1.0,1.0,1.0,2.0,1.0,1.0,1.0,2.0,1.0,1.0,1.0,1.0,1.0,2.0,1.0,2.0,2.0,2.0,1.0,2.0,1.0,1.0,2.0,1.0,1.0,2.0,1.0,2.0,2.0,2.0,2.0,2.0,1.0,2.0,1.0,2.0,1.0,,4.0,,,5.0,,18.0,,,,3.0
pid_1560,1.0,,,2.0,,,1.0,54.0,2.0,379.0,,,,70.0,3.0,,4.0,4.0,2.0,1.0,4.0,5.0,4.0,5.0,4.0,5.0,,5.0,,,,,4.0,4.0,5.0,4.0,,2.0,7.0,5.0,5.0,3.0,5.0,6.0,6.0,6.0,55.0,65.0,50.0,35.0,55.0,60.0,50.0,75.0,70.0,80.0,4.0,5.0,,,,,,,,,,,,1.0,1.0,1.0,1.0,1.0,1.0,1.0,1.0,2.0,2.0,2.0,2.0,2.0,2.0,1.0,2.0,2.0,1.0,1.0,1.0,2.0,1.0,2.0,2.0,1.0,2.0,2.0,1.0,2.0,2.0,1.0,1.0,1.0,2.0,2.0,2.0,1.0,2.0,2.0,1.0,1.0,1.0,2.0,2.0,2.0,2.0,,5.0,,,6.0,,,0.0,3.0,,
pid_1561,1.0,,,2.0,2.0,54.0,,,2.0,379.0,,,30.0,,,2.0,4.0,5.0,1.0,1.0,5.0,5.0,4.0,5.0,5.0,5.0,,,4.0,,,,4.0,3.0,5.0,,4.0,2.0,7.0,3.0,5.0,3.0,3.0,6.0,6.0,6.0,55.0,58.0,45.0,38.0,62.0,58.0,52.0,72.0,68.0,78.0,4.0,6.0,,1.0,1.0,1.0,1.0,1.0,1.0,1.0,1.0,1.0,1.0,,,,,,,2.0,2.0,2.0,2.0,2.0,2.0,1.0,1.0,2.0,2.0,1.0,2.0,2.0,2.0,2.0,1.0,1.0,2.0,2.0,2.0,2.0,2.0,2.0,1.0,1.0,2.0,2.0,2.0,2.0,1.0,2.0,2.0,2.0,1.0,2.0,1.0,2.0,1.0,2.0,2.0,,,5.0,,,6.0,,18.0,2.0,,
pid_1562,1.0,,1.0,,2.0,50.0,,,,,1.0,300.0,,70.0,2.0,,4.0,5.0,1.0,1.0,5.0,5.0,4.0,5.0,5.0,5.0,1.0,,,4.0,5.0,4.0,,,,4.0,,1.0,7.0,5.0,3.0,5.0,3.0,5.0,6.0,6.0,55.0,60.0,45.0,35.0,60.0,60.0,50.0,70.0,65.0,75.0,4.0,6.0,,,,,,,,,,,,1.0,1.0,1.0,1.0,1.0,1.0,2.0,2.0,1.0,2.0,2.0,2.0,1.0,2.0,2.0,1.0,1.0,2.0,1.0,2.0,2.0,2.0,1.0,2.0,2.0,1.0,2.0,2.0,1.0,1.0,1.0,1.0,1.0,2.0,1.0,1.0,1.0,2.0,1.0,2.0,2.0,1.0,2.0,1.0,1.0,2.0,5.0,,,6.0,,,15.0,,2.0,,
pid_1563,1.0,,2.0,,,,1.0,54.0,2.0,380.0,,,30.0,,2.0,,4.0,5.0,1.0,1.0,5.0,5.0,4.0,5.0,5.0,5.0,,,5.0,,,,4.0,5.0,5.0,,4.0,1.0,7.0,5.0,3.0,5.0,5.0,5.0,6.0,6.0,55.0,55.0,42.0,35.0,60.0,58.0,52.0,68.0,67.0,80.0,4.0,,6.0,1.0,1.0,1.0,1.0,1.0,1.0,1.0,1.0,1.0,1.0,,,,,,,1.0,1.0,2.0,2.0,1.0,2.0,2.0,1.0,1.0,1.0,2.0,1.0,2.0,1.0,1.0,2.0,1.0,2.0,1.0,1.0,1.0,1.0,2.0,2.0,1.0,1.0,1.0,2.0,2.0,2.0,1.0,1.0,1.0,1.0,2.0,1.0,2.0,2.0,1.0,1.0,,,4.0,,,6.0,18.0,,3.0,,
pid_1564,1.0,,1.0,,2.0,54.0,,,2.0,380.0,,,,70.0,2.0,,5.0,5.0,1.0,1.0,5.0,5.0,4.0,5.0,5.0,5.0,1.0,,,5.0,5.0,2.0,,,,6.0,,1.0,7.0,5.0,5.0,6.0,3.0,6.0,6.0,6.0,55.0,62.0,45.0,38.0,60.0,58.0,55.0,72.0,65.0,75.0,4.0,,7.0,1.0,1.0,1.0,1.0,1.0,1.0,1.0,1.0,1.0,1.0,,,,,,,1.0,2.0,1.0,1.0,2.0,1.0,2.0,2.0,2.0,2.0,1.0,1.0,1.0,2.0,1.0,2.0,2.0,2.0,1.0,2.0,1.0,1.0,1.0,2.0,2.0,1.0,1.0,1.0,2.0,2.0,1.0,2.0,1.0,1.0,2.0,1.0,2.0,2.0,2.0,1.0,5.0,,,6.0,,,18.0,,2.0,,
pid_1565,,2.0,1.0,,2.0,55.0,,,2.0,350.0,,,30.0,,2.0,,5.0,5.0,1.0,1.0,5.0,5.0,4.0,5.0,5.0,5.0,,5.0,,,,,4.0,5.0,5.0,6.0,,1.0,7.0,3.0,5.0,3.0,5.0,6.0,6.0,7.0,55.0,65.0,40.0,35.0,60.0,65.0,55.0,75.0,65.0,80.0,4.0,6.0,,,,,,,,,,,,1.0,1.0,1.0,1.0,1.0,1.0,1.0,1.0,1.0,1.0,2.0,2.0,2.0,2.0,2.0,1.0,2.0,1.0,2.0,2.0,1.0,1.0,1.0,2.0,2.0,1.0,2.0,2.0,1.0,1.0,2.0,1.0,2.0,2.0,2.0,2.0,2.0,2.0,1.0,1.0,2.0,2.0,2.0,1.0,2.0,1.0,,4.0,,,6.0,,,20.0,,,3.0
pid_1566,,2.0,,2.0,2.0,40.0,,,,,1.0,200.0,,70.0,3.0,,2.0,1.0,5.0,4.0,3.0,2.0,1.0,4.0,2.0,4.0,,,5.0,,,,4.0,5.0,5.0,4.0,,1.0,6.0,5.0,5.0,5.0,5.0,5.0,6.0,6.0,55.0,55.0,50.0,45.0,50.0,60.0,50.0,65.0,65.0,70.0,4.0,,6.0,,,,,,,,,,,1.0,1.0,1.0,1.0,1.0,1.0,1.0,1.0,2.0,1.0,2.0,1.0,1.0,2.0,1.0,1.0,1.0,2.0,1.0,2.0,2.0,1.0,2.0,2.0,2.0,1.0,1.0,2.0,1.0,1.0,2.0,2.0,2.0,1.0,1.0,2.0,2.0,2.0,1.0,1.0,2.0,1.0,1.0,1.0,2.0,2.0,,,4.0,,,6.0,,20.0,,9.0,
pid_1567,,1.0,1.0,,2.0,54.0,,,,,1.0,100.0,30.0,,1.0,,5.0,5.0,1.0,1.0,5.0,5.0,4.0,5.0,5.0,5.0,1.0,,,4.0,5.0,3.0,,,,6.0,,2.0,7.0,5.0,5.0,6.0,5.0,5.0,6.0,6.0,55.0,65.0,40.0,35.0,60.0,65.0,55.0,75.0,65.0,80.0,4.0,7.0,,1.0,1.0,1.0,1.0,1.0,1.0,1.0,1.0,1.0,1.0,,,,,,,1.0,1.0,1.0,2.0,2.0,2.0,2.0,1.0,2.0,2.0,1.0,2.0,1.0,1.0,2.0,2.0,2.0,2.0,1.0,2.0,2.0,1.0,1.0,2.0,2.0,2.0,2.0,2.0,2.0,2.0,2.0,2.0,2.0,2.0,1.0,2.0,2.0,2.0,1.0,1.0,5.0,,,6.0,,,15.0,,4.0,,
pid_1568,1.0,,1.0,,,,1.0,54.0,2.0,380.0,,,30.0,,2.0,,4.0,5.0,1.0,1.0,5.0,5.0,4.0,5.0,5.0,5.0,,,4.0,5.0,5.0,3.0,,,,6.0,,1.0,7.0,5.0,5.0,5.0,5.0,6.0,6.0,6.0,60.0,60.0,35.0,30.0,65.0,65.0,55.0,75.0,65.0,75.0,4.0,6.0,,1.0,1.0,1.0,1.0,1.0,1.0,1.0,1.0,1.0,1.0,,,,,,,2.0,2.0,1.0,1.0,1.0,1.0,2.0,2.0,1.0,1.0,2.0,2.0,1.0,2.0,1.0,1.0,2.0,2.0,1.0,2.0,2.0,1.0,1.0,1.0,2.0,2.0,1.0,2.0,1.0,1.0,1.0,1.0,2.0,1.0,1.0,2.0,2.0,2.0,2.0,1.0,,,5.0,,,6.0,,18.0,,,3.0
pid_1569,,1.0,2.0,,,,1.0,53.0,2.0,380.0,,,30.0,,,2.0,2.0,2.0,4.0,4.0,4.0,3.0,1.0,4.0,2.0,4.0,1.0,,,,,,4.0,5.0,5.0,,4.0,1.0,6.0,5.0,5.0,3.0,5.0,6.0,6.0,6.0,55.0,60.0,55.0,45.0,60.0,65.0,50.0,75.0,65.0,80.0,4.0,6.0,,1.0,1.0,1.0,1.0,1.0,1.0,1.0,1.0,1.0,1.0,,,,,,,1.0,2.0,2.0,2.0,1.0,1.0,1.0,1.0,1.0,1.0,1.0,1.0,1.0,1.0,1.0,2.0,2.0,1.0,1.0,1.0,1.0,1.0,1.0,1.0,1.0,1.0,1.0,2.0,1.0,2.0,1.0,2.0,1.0,1.0,2.0,1.0,1.0,2.0,2.0,2.0,4.0,,,5.0,,,18.0,,3.0,,
pid_1570,1.0,,,2.0,2.0,54.0,,,,,1.0,379.0,,70.0,,3.0,5.0,5.0,1.0,1.0,5.0,5.0,4.0,5.0,5.0,5.0,,5.0,,,,,4.0,5.0,5.0,4.0,,2.0,6.0,3.0,5.0,3.0,5.0,5.0,6.0,6.0,55.0,60.0,45.0,35.0,50.0,60.0,45.0,70.0,65.0,80.0,4.0,,7.0,1.0,1.0,1.0,1.0,1.0,1.0,1.0,1.0,1.0,1.0,,,,,,,1.0,2.0,1.0,2.0,1.0,2.0,1.0,1.0,1.0,1.0,1.0,2.0,2.0,2.0,2.0,1.0,1.0,1.0,2.0,2.0,1.0,1.0,1.0,2.0,1.0,1.0,2.0,1.0,1.0,1.0,1.0,2.0,1.0,1.0,2.0,1.0,1.0,1.0,1.0,1.0,,5.0,,,6.0,,,10.0,2.0,,
pid_1571,,1.0,,2.0,2.0,54.0,,,2.0,380.0,,,30.0,,,2.0,2.0,4.0,5.0,4.0,3.0,2.0,1.0,4.0,2.0,4.0,1.0,,,,,,4.0,3.0,3.0,,6.0,1.0,7.0,5.0,5.0,5.0,5.0,5.0,6.0,6.0,50.0,55.0,55.0,45.0,55.0,60.0,48.0,70.0,65.0,80.0,4.0,,6.0,1.0,1.0,1.0,1.0,1.0,1.0,1.0,1.0,1.0,1.0,,,,,,,1.0,2.0,1.0,2.0,2.0,2.0,2.0,2.0,2.0,1.0,2.0,2.0,2.0,2.0,1.0,2.0,1.0,2.0,1.0,2.0,1.0,2.0,2.0,2.0,1.0,2.0,1.0,2.0,1.0,1.0,2.0,2.0,1.0,2.0,1.0,1.0,2.0,2.0,1.0,2.0,4.0,,,6.0,,,16.0,,2.0,,
pid_1572,1.0,,1.0,,,,1.0,54.0,2.0,380.0,,,30.0,,1.0,,5.0,5.0,1.0,1.0,5.0,5.0,4.0,5.0,5.0,5.0,2.0,,,,,,5.0,4.0,5.0,,4.0,1.0,7.0,3.0,5.0,5.0,5.0,6.0,6.0,6.0,55.0,65.0,45.0,35.0,60.0,63.0,55.0,75.0,70.0,80.0,4.0,6.0,,,,,,,,,,,,1.0,1.0,1.0,1.0,1.0,1.0,1.0,2.0,2.0,1.0,1.0,2.0,1.0,2.0,2.0,2.0,1.0,1.0,2.0,2.0,2.0,1.0,1.0,2.0,1.0,1.0,1.0,2.0,2.0,2.0,1.0,1.0,1.0,1.0,1.0,2.0,1.0,1.0,1.0,2.0,1.0,1.0,1.0,2.0,1.0,2.0,5.0,,,6.0,,,18.0,,,,3.0
pid_1573,1.0,,1.0,,2.0,54.0,,,2.0,379.0,,,,70.0,,2.0,4.0,5.0,1.0,1.0,5.0,5.0,4.0,5.0,5.0,5.0,,,4.0,4.0,5.0,3.0,,,,,4.0,1.0,7.0,5.0,5.0,3.0,5.0,6.0,6.0,6.0,60.0,55.0,45.0,35.0,65.0,65.0,55.0,75.0,70.0,80.0,4.0,,6.0,,,,,,,,,,,1.0,1.0,1.0,1.0,1.0,1.0,1.0,1.0,2.0,1.0,2.0,2.0,2.0,2.0,1.0,2.0,2.0,1.0,1.0,2.0,1.0,2.0,2.0,2.0,2.0,1.0,2.0,1.0,2.0,2.0,2.0,2.0,1.0,2.0,2.0,1.0,2.0,1.0,2.0,1.0,2.0,2.0,1.0,1.0,2.0,2.0,,,5.0,,,6.0,,20.0,,9.0,
pid_1574,,1.0,1.0,,,,1.0,54.0,2.0,380.0,,,30.0,,,1.0,2.0,2.0,4.0,4.0,4.0,2.0,1.0,4.0,4.0,4.0,,5.0,,4.0,5.0,2.0,,,,,4.0,2.0,6.0,5.0,5.0,5.0,3.0,5.0,6.0,6.0,55.0,60.0,55.0,50.0,65.0,60.0,50.0,70.0,65.0,80.0,4.0,,7.0,1.0,1.0,1.0,1.0,1.0,1.0,1.0,1.0,1.0,1.0,,,,,,,1.0,1.0,1.0,2.0,2.0,1.0,1.0,2.0,1.0,2.0,2.0,1.0,1.0,1.0,2.0,1.0,2.0,2.0,2.0,1.0,2.0,1.0,2.0,1.0,2.0,2.0,1.0,2.0,2.0,1.0,1.0,2.0,1.0,2.0,2.0,1.0,1.0,2.0,1.0,1.0,,4.0,,,6.0,,,15.0,3.0,,
pid_1575,1.0,,2.0,,2.0,54.0,,,,,1.0,380.0,40.0,,,3.0,4.0,5.0,2.0,2.0,4.0,4.0,2.0,5.0,4.0,4.0,,4.0,,4.0,5.0,3.0,,,,4.0,,2.0,6.0,3.0,5.0,5.0,3.0,5.0,6.0,6.0,60.0,60.0,45.0,35.0,55.0,60.0,45.0,70.0,65.0,75.0,4.0,6.0,,1.0,1.0,1.0,1.0,1.0,1.0,1.0,1.0,1.0,1.0,,,,,,,2.0,1.0,2.0,2.0,1.0,1.0,2.0,2.0,2.0,1.0,1.0,1.0,1.0,2.0,2.0,1.0,1.0,2.0,1.0,1.0,1.0,2.0,2.0,1.0,2.0,1.0,1.0,2.0,2.0,2.0,2.0,1.0,2.0,2.0,1.0,1.0,1.0,1.0,2.0,2.0,,5.0,,,6.0,,18.0,,,9.0,
pid_1576,,1.0,,2.0,2.0,54.0,,,2.0,380.0,,,,70.0,2.0,,4.0,5.0,1.0,1.0,5.0,5.0,4.0,5.0,5.0,5.0,,,5.0,,,,4.0,5.0,3.0,6.0,,2.0,6.0,3.0,5.0,5.0,5.0,5.0,6.0,6.0,60.0,65.0,45.0,35.0,65.0,65.0,55.0,75.0,65.0,80.0,4.0,,7.0,1.0,1.0,1.0,1.0,1.0,1.0,1.0,1.0,1.0,1.0,,,,,,,2.0,2.0,2.0,1.0,2.0,2.0,1.0,2.0,2.0,1.0,2.0,2.0,2.0,1.0,2.0,2.0,2.0,1.0,2.0,2.0,2.0,2.0,2.0,2.0,1.0,2.0,2.0,2.0,1.0,2.0,2.0,2.0,1.0,1.0,2.0,2.0,1.0,2.0,1.0,2.0,,,5.0,,,6.0,,20.0,,,3.0
pid_1577,1.0,,,2.0,,,1.0,54.0,,,1.0,379.0,,60.0,,2.0,4.0,5.0,2.0,1.0,5.0,5.0,4.0,5.0,5.0,5.0,,,5.0,,,,4.0,4.0,5.0,,4.0,1.0,7.0,5.0,5.0,3.0,5.0,6.0,6.0,6.0,65.0,63.0,45.0,35.0,58.0,60.0,55.0,72.0,68.0,80.0,4.0,6.0,,1.0,1.0,1.0,1.0,1.0,1.0,1.0,1.0,1.0,1.0,,,,,,,1.0,1.0,2.0,1.0,1.0,1.0,1.0,2.0,1.0,2.0,2.0,2.0,2.0,2.0,1.0,2.0,2.0,2.0,2.0,2.0,2.0,2.0,2.0,2.0,2.0,2.0,1.0,1.0,2.0,2.0,1.0,2.0,1.0,2.0,1.0,2.0,2.0,2.0,1.0,1.0,,,5.0,,,6.0,20.0,,,6.0,
pid_1578,,1.0,,2.0,,,1.0,54.0,2.0,380.0,,,30.0,,,2.0,4.0,5.0,2.0,2.0,5.0,5.0,4.0,5.0,4.0,5.0,,5.0,,4.0,5.0,,,,,4.0,,2.0,7.0,5.0,5.0,3.0,5.0,5.0,6.0,6.0,60.0,68.0,48.0,42.0,62.0,65.0,55.0,72.0,65.0,78.0,4.0,6.0,,,,,,,,,,,,1.0,1.0,1.0,1.0,1.0,1.0,2.0,2.0,1.0,2.0,1.0,2.0,1.0,1.0,2.0,1.0,2.0,1.0,1.0,1.0,2.0,2.0,2.0,2.0,1.0,1.0,2.0,2.0,2.0,2.0,2.0,2.0,2.0,2.0,2.0,1.0,1.0,2.0,2.0,1.0,1.0,2.0,1.0,2.0,2.0,2.0,,5.0,,,6.0,,16.0,,,6.0,
pid_1579,1.0,,,2.0,,,1.0,20.0,,,2.0,100.0,,70.0,,2.0,2.0,1.0,5.0,4.0,4.0,2.0,1.0,4.0,2.0,4.0,2.0,,,5.0,5.0,,,,,4.0,,2.0,6.0,3.0,5.0,5.0,3.0,5.0,6.0,5.0,45.0,55.0,60.0,55.0,60.0,55.0,50.0,65.0,65.0,75.0,4.0,,7.0,1.0,1.0,1.0,1.0,1.0,1.0,1.0,1.0,1.0,1.0,,,,,,,2.0,1.0,2.0,1.0,2.0,2.0,1.0,2.0,1.0,2.0,1.0,1.0,2.0,1.0,1.0,1.0,1.0,2.0,1.0,2.0,1.0,2.0,1.0,1.0,2.0,2.0,1.0,1.0,2.0,1.0,1.0,1.0,1.0,1.0,2.0,2.0,1.0,2.0,2.0,2.0,4.0,,,6.0,,,,10.0,3.0,,
pid_1580,,1.0,,2.0,2.0,54.0,,,,,1.0,380.0,30.0,,2.0,,5.0,5.0,1.0,1.0,5.0,5.0,4.0,5.0,5.0,5.0,2.0,,,4.0,5.0,3.0,,,,,4.0,2.0,7.0,5.0,5.0,6.0,3.0,6.0,6.0,6.0,55.0,58.0,48.0,38.0,62.0,60.0,55.0,70.0,68.0,78.0,4.0,6.0,,,,,,,,,,,,1.0,1.0,1.0,1.0,1.0,1.0,2.0,2.0,2.0,2.0,2.0,2.0,2.0,1.0,1.0,1.0,2.0,2.0,2.0,2.0,1.0,2.0,2.0,2.0,1.0,1.0,1.0,1.0,1.0,2.0,1.0,2.0,1.0,1.0,1.0,2.0,1.0,1.0,1.0,2.0,2.0,2.0,1.0,2.0,2.0,1.0,5.0,,,6.0,,,16.0,,3.0,,
pid_1581,,2.0,,2.0,2.0,54.0,,,2.0,380.0,,,,70.0,,2.0,4.0,5.0,2.0,2.0,5.0,4.0,2.0,5.0,4.0,5.0,,,5.0,4.0,5.0,3.0,,,,,4.0,2.0,7.0,3.0,5.0,5.0,5.0,6.0,6.0,5.0,55.0,60.0,45.0,40.0,60.0,58.0,48.0,65.0,63.0,70.0,4.0,,6.0,1.0,1.0,1.0,1.0,1.0,1.0,1.0,1.0,1.0,1.0,,,,,,,2.0,2.0,1.0,2.0,1.0,1.0,2.0,2.0,2.0,1.0,1.0,1.0,2.0,2.0,2.0,2.0,1.0,2.0,2.0,2.0,1.0,1.0,2.0,1.0,2.0,2.0,2.0,1.0,1.0,2.0,2.0,1.0,2.0,1.0,1.0,2.0,2.0,2.0,2.0,1.0,,,5.0,,,6.0,18.0,,,9.0,
pid_1582,,1.0,1.0,,2.0,54.0,,,,,1.0,200.0,,70.0,2.0,,4.0,5.0,1.0,1.0,5.0,5.0,5.0,5.0,5.0,5.0,1.0,,,,,,4.0,5.0,5.0,6.0,,2.0,6.0,5.0,5.0,3.0,5.0,5.0,6.0,6.0,55.0,60.0,40.0,35.0,60.0,58.0,52.0,70.0,65.0,75.0,4.0,6.0,,1.0,1.0,1.0,1.0,1.0,1.0,1.0,1.0,1.0,1.0,,,,,,,1.0,2.0,1.0,2.0,1.0,2.0,2.0,1.0,2.0,1.0,1.0,1.0,2.0,2.0,2.0,1.0,2.0,1.0,1.0,2.0,1.0,2.0,1.0,1.0,1.0,2.0,2.0,1.0,2.0,1.0,2.0,1.0,2.0,1.0,1.0,2.0,1.0,2.0,2.0,2.0,4.0,,,6.0,,,,20.0,3.0,,
pid_1583,,2.0,,2.0,,,1.0,54.0,2.0,380.0,,,30.0,,2.0,,4.0,5.0,1.0,1.0,5.0,5.0,4.0,5.0,5.0,5.0,2.0,,,4.0,5.0,3.0,,,,5.0,,1.0,7.0,5.0,5.0,5.0,5.0,5.0,6.0,6.0,55.0,65.0,45.0,40.0,60.0,60.0,50.0,70.0,65.0,75.0,4.0,,7.0,,,,,,,,,,,1.0,1.0,1.0,1.0,1.0,1.0,1.0,2.0,1.0,2.0,2.0,2.0,1.0,1.0,2.0,1.0,2.0,1.0,2.0,1.0,2.0,1.0,2.0,2.0,2.0,2.0,2.0,2.0,2.0,1.0,1.0,2.0,2.0,1.0,2.0,1.0,2.0,2.0,2.0,1.0,2.0,2.0,2.0,2.0,2.0,2.0,5.0,,,6.0,,,18.0,,,9.0,
pid_1584,1.0,,,2.0,2.0,54.0,,,,,1.0,380.0,30.0,,2.0,,5.0,5.0,1.0,1.0,5.0,5.0,4.0,5.0,5.0,5.0,,,4.0,4.0,5.0,,,,,,6.0,2.0,6.0,5.0,5.0,5.0,5.0,5.0,6.0,6.0,65.0,65.0,45.0,35.0,60.0,65.0,55.0,75.0,70.0,80.0,4.0,,6.0,1.0,1.0,1.0,1.0,1.0,1.0,1.0,1.0,1.0,1.0,,,,,,,2.0,2.0,2.0,2.0,2.0,1.0,2.0,2.0,2.0,1.0,2.0,1.0,2.0,1.0,2.0,2.0,1.0,1.0,1.0,2.0,1.0,2.0,1.0,1.0,2.0,2.0,2.0,1.0,2.0,2.0,1.0,2.0,1.0,2.0,1.0,2.0,1.0,2.0,1.0,1.0,,,5.0,,,6.0,,20.0,,,4.0
pid_1585,,1.0,1.0,,,,1.0,54.0,,,1.0,120.0,,75.0,2.0,,2.0,1.0,5.0,4.0,3.0,2.0,1.0,2.0,2.0,2.0,,,5.0,,,,4.0,4.0,5.0,4.0,,2.0,6.0,5.0,5.0,5.0,5.0,5.0,6.0,6.0,45.0,60.0,55.0,45.0,50.0,55.0,45.0,65.0,65.0,75.0,4.0,6.0,,,,,,,,,,,,1.0,1.0,1.0,1.0,1.0,1.0,1.0,1.0,1.0,2.0,1.0,2.0,1.0,1.0,1.0,2.0,2.0,1.0,2.0,2.0,1.0,1.0,1.0,1.0,2.0,1.0,1.0,2.0,1.0,1.0,1.0,2.0,1.0,1.0,2.0,2.0,1.0,1.0,1.0,1.0,1.0,2.0,2.0,2.0,2.0,2.0,,,5.0,,,6.0,,10.0,,,4.0
pid_1586,1.0,,2.0,,2.0,54.0,,,,,1.0,379.0,40.0,,,2.0,4.0,5.0,1.0,1.0,5.0,5.0,4.0,5.0,5.0,5.0,,,5.0,4.0,5.0,3.0,,,,,4.0,1.0,7.0,5.0,5.0,5.0,3.0,5.0,6.0,6.0,55.0,52.0,48.0,42.0,58.0,62.0,48.0,68.0,65.0,75.0,4.0,,6.0,1.0,1.0,1.0,1.0,1.0,1.0,1.0,1.0,1.0,1.0,,,,,,,2.0,1.0,1.0,1.0,2.0,2.0,2.0,2.0,1.0,1.0,2.0,2.0,2.0,1.0,2.0,2.0,2.0,2.0,1.0,2.0,1.0,2.0,1.0,2.0,2.0,1.0,2.0,1.0,2.0,2.0,1.0,2.0,1.0,1.0,2.0,2.0,1.0,1.0,1.0,1.0,,,4.0,,,6.0,15.0,,,6.0,
pid_1587,1.0,,1.0,,,,1.0,30.0,,,1.0,350.0,,70.0,2.0,,4.0,5.0,2.0,2.0,5.0,5.0,4.0,5.0,4.0,5.0,,,5.0,4.0,5.0,,,,,4.0,,1.0,7.0,5.0,5.0,6.0,5.0,5.0,6.0,6.0,60.0,60.0,45.0,45.0,65.0,65.0,55.0,75.0,65.0,80.0,4.0,6.0,,,,,,,,,,,,1.0,1.0,1.0,1.0,1.0,1.0,1.0,2.0,2.0,2.0,1.0,2.0,1.0,2.0,2.0,2.0,2.0,2.0,1.0,1.0,1.0,2.0,1.0,2.0,1.0,1.0,2.0,2.0,2.0,2.0,2.0,1.0,1.0,1.0,2.0,2.0,2.0,1.0,2.0,1.0,1.0,2.0,2.0,2.0,1.0,2.0,,,5.0,,,6.0,,20.0,,,4.0
pid_1588,1.0,,,2.0,2.0,54.0,,,2.0,380.0,,,,70.0,2.0,,4.0,5.0,1.0,1.0,5.0,5.0,4.0,5.0,5.0,5.0,1.0,,,4.0,5.0,3.0,,,,,4.0,2.0,7.0,5.0,5.0,5.0,5.0,5.0,6.0,6.0,55.0,55.0,45.0,40.0,60.0,65.0,50.0,75.0,65.0,80.0,4.0,5.0,,,,,,,,,,,,1.0,1.0,1.0,1.0,1.0,1.0,2.0,2.0,2.0,2.0,1.0,2.0,1.0,1.0,2.0,1.0,1.0,2.0,1.0,2.0,1.0,2.0,2.0,2.0,2.0,1.0,1.0,2.0,1.0,2.0,1.0,2.0,1.0,2.0,2.0,2.0,2.0,2.0,1.0,2.0,1.0,1.0,1.0,2.0,1.0,2.0,5.0,,,6.0,,,,20.0,,9.0,
pid_1589,1.0,,2.0,,2.0,54.0,,,,,1.0,379.0,30.0,,,3.0,4.0,5.0,4.0,2.0,4.0,4.0,2.0,5.0,4.0,4.0,4.0,,,,,,4.0,3.0,5.0,4.0,,2.0,6.0,5.0,5.0,5.0,3.0,5.0,6.0,6.0,55.0,65.0,45.0,40.0,60.0,60.0,50.0,70.0,65.0,75.0,4.0,6.0,,,,,,,,,,,,1.0,1.0,1.0,1.0,1.0,1.0,2.0,2.0,2.0,2.0,2.0,1.0,2.0,1.0,2.0,2.0,2.0,1.0,2.0,2.0,2.0,2.0,2.0,2.0,2.0,2.0,1.0,1.0,2.0,1.0,1.0,1.0,1.0,2.0,2.0,2.0,2.0,2.0,2.0,1.0,2.0,2.0,2.0,1.0,2.0,2.0,4.0,,,5.0,,,18.0,,,,3.0
pid_1590,,1.0,,2.0,2.0,54.0,,,,,1.0,380.0,30.0,,2.0,,4.0,5.0,2.0,2.0,5.0,4.0,4.0,5.0,5.0,5.0,1.0,,,4.0,3.0,3.0,,,,,4.0,2.0,7.0,5.0,5.0,5.0,5.0,6.0,6.0,6.0,55.0,,,,62.0,64.0,,,,,4.0,6.0,,,,,,,,,,,,1.0,1.0,1.0,1.0,1.0,1.0,1.0,2.0,2.0,2.0,1.0,2.0,1.0,2.0,2.0,2.0,1.0,2.0,2.0,2.0,1.0,1.0,2.0,2.0,2.0,1.0,1.0,1.0,2.0,1.0,2.0,1.0,2.0,1.0,1.0,1.0,1.0,2.0,1.0,2.0,1.0,1.0,2.0,1.0,2.0,1.0,4.0,,,6.0,,,,20.0,1.0,,
pid_1592,,1.0,,2.0,,,1.0,30.0,,,1.0,100.0,30.0,,2.0,,4.0,5.0,1.0,1.0,5.0,5.0,4.0,5.0,5.0,5.0,,5.0,,,,,4.0,3.0,5.0,6.0,,2.0,6.0,5.0,5.0,5.0,5.0,5.0,6.0,6.0,55.0,60.0,55.0,45.0,60.0,65.0,55.0,70.0,65.0,75.0,4.0,6.0,,1.0,1.0,1.0,1.0,1.0,1.0,1.0,1.0,1.0,1.0,,,,,,,2.0,1.0,2.0,1.0,1.0,1.0,1.0,2.0,1.0,1.0,1.0,2.0,1.0,2.0,2.0,1.0,1.0,2.0,1.0,2.0,1.0,1.0,1.0,1.0,1.0,1.0,2.0,2.0,1.0,1.0,2.0,2.0,2.0,2.0,2.0,2.0,2.0,2.0,2.0,1.0,,5.0,,,6.0,,17.0,,,,3.0
pid_1593,1.0,,1.0,,2.0,54.0,,,2.0,380.0,,,30.0,,,2.0,4.0,5.0,1.0,1.0,5.0,5.0,4.0,5.0,5.0,5.0,,5.0,,4.0,5.0,3.0,,,,,4.0,1.0,7.0,5.0,5.0,5.0,5.0,6.0,6.0,6.0,55.0,60.0,50.0,40.0,60.0,65.0,55.0,70.0,65.0,75.0,4.0,6.0,,,,,,,,,,,,1.0,1.0,1.0,1.0,1.0,1.0,1.0,2.0,2.0,1.0,1.0,1.0,2.0,1.0,2.0,1.0,2.0,2.0,2.0,2.0,1.0,1.0,1.0,2.0,2.0,2.0,2.0,2.0,1.0,2.0,1.0,1.0,2.0,1.0,2.0,2.0,1.0,1.0,2.0,1.0,2.0,2.0,2.0,2.0,2.0,2.0,,5.0,,,6.0,,18.0,,,6.0,
pid_1594,,1.0,,1.0,2.0,54.0,,,,,1.0,379.0,,85.0,,1.0,4.0,1.0,5.0,4.0,4.0,4.0,1.0,4.0,2.0,4.0,,5.0,,4.0,5.0,3.0,,,,6.0,,1.0,6.0,5.0,5.0,6.0,5.0,6.0,6.0,6.0,55.0,65.0,55.0,45.0,65.0,65.0,45.0,70.0,65.0,75.0,4.0,,7.0,,,,,,,,,,,1.0,1.0,1.0,1.0,1.0,1.0,2.0,1.0,2.0,2.0,2.0,2.0,2.0,1.0,2.0,2.0,1.0,2.0,2.0,2.0,1.0,2.0,1.0,2.0,1.0,1.0,2.0,2.0,1.0,1.0,1.0,1.0,2.0,2.0,2.0,2.0,1.0,2.0,1.0,2.0,1.0,2.0,1.0,1.0,1.0,2.0,,4.0,,,6.0,,16.0,,3.0,,
pid_1596,,2.0,,1.0,,,1.0,54.0,2.0,380.0,,,30.0,,2.0,,5.0,5.0,1.0,1.0,5.0,5.0,4.0,5.0,5.0,5.0,,5.0,,,,,3.0,4.0,5.0,6.0,,2.0,6.0,5.0,5.0,3.0,5.0,5.0,6.0,6.0,55.0,55.0,45.0,35.0,58.0,60.0,55.0,70.0,65.0,75.0,4.0,,6.0,1.0,1.0,1.0,1.0,1.0,1.0,1.0,1.0,1.0,1.0,,,,,,,2.0,2.0,1.0,2.0,2.0,1.0,1.0,1.0,1.0,1.0,1.0,2.0,2.0,2.0,1.0,2.0,1.0,1.0,2.0,2.0,2.0,1.0,1.0,2.0,2.0,2.0,2.0,2.0,1.0,2.0,2.0,2.0,2.0,2.0,2.0,1.0,2.0,2.0,2.0,2.0,,5.0,,,6.0,,18.0,,,9.0,
pid_1597,,1.0,,2.0,,,1.0,54.0,,,1.0,380.0,,70.0,2.0,,2.0,1.0,5.0,4.0,4.0,2.0,1.0,2.0,2.0,4.0,,,4.0,,,,3.0,4.0,2.0,4.0,,2.0,6.0,3.0,5.0,5.0,5.0,6.0,6.0,6.0,55.0,65.0,65.0,45.0,60.0,55.0,50.0,65.0,60.0,75.0,4.0,6.0,,,,,,,,,,,,1.0,1.0,1.0,1.0,1.0,1.0,1.0,1.0,2.0,1.0,2.0,2.0,1.0,2.0,1.0,2.0,1.0,2.0,1.0,1.0,2.0,1.0,2.0,1.0,2.0,1.0,2.0,2.0,1.0,2.0,2.0,2.0,1.0,2.0,2.0,1.0,2.0,2.0,1.0,1.0,2.0,2.0,2.0,1.0,2.0,1.0,,,5.0,,,6.0,,5.0,,,4.0
pid_1598,1.0,,2.0,,2.0,54.0,,,2.0,380.0,,,30.0,,,3.0,4.0,5.0,2.0,2.0,4.0,4.0,2.0,4.0,4.0,4.0,4.0,,,,,,4.0,4.0,3.0,4.0,,2.0,6.0,3.0,5.0,5.0,5.0,6.0,6.0,6.0,55.0,65.0,50.0,45.0,60.0,60.0,50.0,70.0,65.0,75.0,4.0,,7.0,1.0,1.0,1.0,1.0,1.0,1.0,1.0,1.0,1.0,1.0,,,,,,,2.0,2.0,2.0,1.0,2.0,1.0,1.0,2.0,1.0,1.0,2.0,1.0,1.0,2.0,1.0,2.0,1.0,2.0,2.0,1.0,1.0,2.0,2.0,2.0,1.0,2.0,1.0,2.0,1.0,1.0,2.0,2.0,2.0,1.0,2.0,1.0,2.0,1.0,2.0,1.0,4.0,,,6.0,,,18.0,,,,4.0
pid_1599,1.0,,1.0,,,,1.0,54.0,,,1.0,379.0,,70.0,,1.0,2.0,1.0,5.0,4.0,2.0,2.0,1.0,3.0,1.0,2.0,,,5.0,4.0,5.0,2.0,,,,,4.0,1.0,7.0,5.0,5.0,5.0,3.0,5.0,6.0,6.0,45.0,45.0,60.0,45.0,40.0,45.0,45.0,55.0,55.0,65.0,4.0,7.0,,,,,,,,,,,,1.0,1.0,1.0,1.0,1.0,1.0,1.0,2.0,2.0,1.0,1.0,1.0,2.0,2.0,2.0,2.0,1.0,2.0,2.0,1.0,1.0,2.0,2.0,2.0,2.0,2.0,2.0,2.0,1.0,1.0,2.0,2.0,2.0,2.0,1.0,1.0,1.0,2.0,1.0,1.0,2.0,1.0,2.0,2.0,2.0,1.0,,,5.0,,,6.0,,0.0,,9.0,
pid_1600,,1.0,,1.0,,,1.0,54.0,,,1.0,379.0,30.0,,2.0,,5.0,5.0,1.0,1.0,5.0,5.0,5.0,5.0,5.0,5.0,1.0,,,,,,4.0,5.0,3.0,,6.0,2.0,7.0,5.0,5.0,3.0,5.0,6.0,6.0,6.0,55.0,65.0,35.0,35.0,60.0,60.0,55.0,70.0,65.0,75.0,4.0,6.0,,,,,,,,,,,,1.0,1.0,1.0,1.0,1.0,1.0,1.0,2.0,2.0,1.0,1.0,2.0,1.0,2.0,2.0,1.0,2.0,1.0,2.0,2.0,1.0,2.0,2.0,1.0,2.0,1.0,2.0,2.0,2.0,1.0,2.0,2.0,1.0,2.0,2.0,2.0,1.0,1.0,2.0,2.0,2.0,2.0,2.0,1.0,1.0,1.0,4.0,,,6.0,,,18.0,,,9.0,
pid_1601,,1.0,1.0,,2.0,54.0,,,2.0,350.0,,,30.0,,2.0,,2.0,1.0,5.0,4.0,4.0,2.0,1.0,4.0,2.0,4.0,,,5.0,4.0,5.0,,,,,6.0,,1.0,6.0,5.0,5.0,5.0,3.0,5.0,6.0,6.0,55.0,50.0,60.0,48.0,52.0,58.0,48.0,70.0,62.0,75.0,4.0,7.0,,1.0,1.0,1.0,1.0,1.0,1.0,1.0,1.0,1.0,1.0,,,,,,,1.0,1.0,1.0,2.0,1.0,1.0,1.0,1.0,1.0,1.0,1.0,2.0,1.0,1.0,1.0,1.0,1.0,1.0,1.0,2.0,2.0,2.0,1.0,1.0,1.0,2.0,1.0,2.0,1.0,1.0,2.0,2.0,1.0,1.0,1.0,1.0,1.0,2.0,1.0,1.0,,,5.0,,,6.0,,18.0,3.0,,
pid_1602,,1.0,1.0,,,,1.0,54.0,2.0,380.0,,,,70.0,3.0,,4.0,5.0,1.0,2.0,5.0,5.0,4.0,5.0,5.0,5.0,,4.0,,4.0,5.0,2.0,,,,,4.0,1.0,6.0,3.0,5.0,5.0,2.0,3.0,6.0,6.0,60.0,65.0,45.0,40.0,65.0,68.0,55.0,75.0,70.0,80.0,4.0,6.0,,,,,,,,,,,,1.0,1.0,1.0,1.0,1.0,1.0,2.0,2.0,1.0,1.0,2.0,1.0,1.0,1.0,1.0,1.0,1.0,2.0,1.0,2.0,2.0,2.0,1.0,2.0,2.0,1.0,1.0,2.0,1.0,2.0,1.0,2.0,2.0,1.0,1.0,1.0,1.0,2.0,1.0,1.0,2.0,2.0,1.0,1.0,2.0,2.0,,5.0,,,6.0,,,20.0,,,3.0
pid_1603,1.0,,,2.0,,,1.0,20.0,2.0,500.0,,,50.0,,,2.0,4.0,5.0,2.0,1.0,5.0,5.0,4.0,5.0,4.0,5.0,,,4.0,4.0,5.0,3.0,,,,,4.0,1.0,6.0,3.0,5.0,5.0,5.0,5.0,6.0,6.0,55.0,65.0,45.0,35.0,60.0,58.0,48.0,70.0,65.0,75.0,4.0,,7.0,1.0,1.0,1.0,1.0,1.0,1.0,1.0,1.0,1.0,1.0,,,,,,,2.0,1.0,1.0,1.0,2.0,1.0,2.0,2.0,2.0,1.0,1.0,1.0,1.0,1.0,1.0,1.0,1.0,2.0,2.0,1.0,2.0,1.0,1.0,2.0,1.0,2.0,1.0,2.0,1.0,1.0,2.0,2.0,2.0,2.0,2.0,2.0,2.0,1.0,1.0,2.0,,,5.0,,,6.0,18.0,,,,3.0
pid_1604,1.0,,2.0,,,,1.0,54.0,,,1.0,379.0,30.0,,,3.0,4.0,5.0,1.0,1.0,5.0,5.0,4.0,5.0,5.0,5.0,4.0,,,,,,4.0,3.0,5.0,,4.0,2.0,6.0,3.0,5.0,5.0,3.0,6.0,6.0,6.0,60.0,60.0,45.0,40.0,65.0,60.0,55.0,75.0,65.0,80.0,4.0,,6.0,1.0,1.0,1.0,1.0,1.0,1.0,1.0,1.0,1.0,1.0,,,,,,,1.0,2.0,1.0,2.0,1.0,2.0,2.0,1.0,1.0,1.0,2.0,2.0,2.0,1.0,1.0,1.0,2.0,2.0,1.0,2.0,1.0,1.0,2.0,2.0,1.0,2.0,1.0,1.0,2.0,2.0,1.0,1.0,1.0,2.0,2.0,1.0,1.0,1.0,1.0,2.0,4.0,,,6.0,,,18.0,,3.0,,
pid_1605,1.0,,1.0,,2.0,54.0,,,,,1.0,379.0,50.0,,,1.0,4.0,5.0,1.0,1.0,5.0,5.0,4.0,5.0,5.0,5.0,,,5.0,4.0,5.0,2.0,,,,6.0,,2.0,7.0,5.0,5.0,5.0,3.0,5.0,6.0,6.0,48.0,58.0,42.0,38.0,55.0,62.0,55.0,75.0,65.0,78.0,4.0,6.0,,,,,,,,,,,,1.0,1.0,1.0,1.0,1.0,1.0,2.0,2.0,2.0,2.0,1.0,1.0,2.0,2.0,1.0,2.0,1.0,1.0,2.0,1.0,2.0,2.0,2.0,1.0,1.0,2.0,2.0,1.0,2.0,2.0,2.0,1.0,2.0,1.0,2.0,1.0,1.0,2.0,1.0,2.0,2.0,2.0,1.0,1.0,2.0,2.0,,,5.0,,,6.0,,20.0,,,3.0
pid_1606,,1.0,1.0,,,,1.0,54.0,,,1.0,380.0,50.0,,2.0,,5.0,5.0,1.0,1.0,5.0,5.0,4.0,5.0,5.0,5.0,,5.0,,4.0,5.0,3.0,,,,6.0,,1.0,7.0,5.0,5.0,5.0,5.0,6.0,6.0,6.0,60.0,60.0,35.0,45.0,55.0,65.0,50.0,70.0,65.0,75.0,4.0,6.0,,,,,,,,,,,,1.0,1.0,1.0,1.0,1.0,1.0,1.0,2.0,1.0,2.0,1.0,1.0,1.0,1.0,2.0,2.0,2.0,1.0,1.0,2.0,2.0,1.0,2.0,2.0,1.0,1.0,1.0,2.0,2.0,2.0,2.0,1.0,2.0,2.0,2.0,1.0,1.0,1.0,1.0,1.0,1.0,2.0,2.0,2.0,2.0,1.0,,5.0,,,6.0,,18.0,,,,4.0
pid_1607,,1.0,1.0,,,,1.0,30.0,,,1.0,380.0,50.0,,,1.0,1.0,1.0,5.0,4.0,2.0,2.0,1.0,2.0,1.0,2.0,,5.0,,,,,4.0,3.0,5.0,,4.0,1.0,6.0,5.0,5.0,5.0,3.0,5.0,6.0,6.0,55.0,60.0,55.0,45.0,60.0,65.0,50.0,70.0,70.0,80.0,4.0,7.0,,1.0,1.0,1.0,1.0,1.0,1.0,1.0,1.0,1.0,1.0,,,,,,,1.0,2.0,1.0,1.0,1.0,2.0,1.0,1.0,1.0,1.0,1.0,2.0,1.0,1.0,2.0,1.0,1.0,1.0,2.0,2.0,2.0,1.0,1.0,1.0,1.0,1.0,1.0,1.0,2.0,1.0,2.0,1.0,2.0,2.0,2.0,1.0,1.0,1.0,1.0,1.0,,5.0,,,6.0,,,4.0,2.0,,
pid_1608,,1.0,,2.0,2.0,54.0,,,2.0,380.0,,,,70.0,2.0,,5.0,5.0,1.0,1.0,5.0,5.0,4.0,5.0,5.0,5.0,,5.0,,4.0,5.0,,,,,6.0,,1.0,6.0,3.0,5.0,3.0,5.0,5.0,6.0,6.0,65.0,65.0,45.0,35.0,60.0,65.0,55.0,75.0,70.0,80.0,4.0,,7.0,1.0,1.0,1.0,1.0,1.0,1.0,1.0,1.0,1.0,1.0,,,,,,,2.0,1.0,2.0,1.0,1.0,2.0,2.0,2.0,1.0,2.0,1.0,1.0,2.0,1.0,1.0,1.0,1.0,2.0,2.0,1.0,2.0,2.0,1.0,1.0,2.0,2.0,1.0,1.0,1.0,2.0,1.0,2.0,1.0,1.0,2.0,2.0,2.0,1.0,2.0,2.0,,5.0,,,6.0,,18.0,,3.0,,
pid_1609,,1.0,,2.0,,,1.0,54.0,,,1.0,380.0,30.0,,1.0,,2.0,1.0,5.0,4.0,2.0,2.0,1.0,4.0,2.0,4.0,1.0,,,4.0,5.0,3.0,,,,,4.0,2.0,6.0,5.0,5.0,5.0,3.0,5.0,6.0,6.0,55.0,45.0,55.0,50.0,60.0,55.0,45.0,65.0,60.0,75.0,4.0,5.0,,,,,,,,,,,,1.0,1.0,1.0,1.0,1.0,1.0,1.0,2.0,1.0,1.0,2.0,2.0,1.0,1.0,2.0,1.0,2.0,1.0,1.0,1.0,1.0,2.0,1.0,2.0,1.0,2.0,1.0,2.0,1.0,1.0,1.0,2.0,1.0,1.0,2.0,1.0,2.0,2.0,2.0,2.0,1.0,2.0,2.0,2.0,2.0,2.0,,,,6.0,,,15.0,,2.0,,
pid_1611,,2.0,2.0,,,,1.0,54.0,,,1.0,380.0,30.0,,2.0,,4.0,5.0,2.0,1.0,5.0,5.0,4.0,5.0,5.0,5.0,2.0,,,,,,4.0,5.0,3.0,4.0,,2.0,7.0,5.0,5.0,6.0,3.0,5.0,6.0,6.0,55.0,58.0,45.0,38.0,62.0,60.0,52.0,72.0,68.0,80.0,4.0,,6.0,1.0,1.0,1.0,1.0,1.0,1.0,1.0,1.0,1.0,1.0,,,,,,,1.0,1.0,1.0,2.0,1.0,2.0,2.0,2.0,2.0,1.0,2.0,2.0,2.0,1.0,2.0,2.0,1.0,1.0,2.0,2.0,2.0,2.0,1.0,1.0,1.0,1.0,2.0,2.0,2.0,1.0,2.0,1.0,1.0,2.0,2.0,2.0,1.0,2.0,2.0,2.0,5.0,,,5.0,,,18.0,,,,4.0
pid_1612,1.0,,,2.0,2.0,54.0,,,2.0,500.0,,,30.0,,2.0,,4.0,4.0,2.0,2.0,4.0,4.0,2.0,4.0,4.0,4.0,,5.0,,4.0,5.0,,,,,6.0,,2.0,6.0,5.0,5.0,5.0,5.0,6.0,6.0,6.0,55.0,60.0,45.0,35.0,65.0,60.0,45.0,70.0,65.0,75.0,4.0,6.0,,,,,,,,,,,,1.0,1.0,1.0,1.0,1.0,1.0,2.0,2.0,1.0,2.0,1.0,1.0,2.0,1.0,2.0,2.0,2.0,1.0,2.0,2.0,2.0,2.0,2.0,2.0,1.0,2.0,1.0,1.0,2.0,2.0,2.0,2.0,1.0,2.0,2.0,2.0,2.0,1.0,2.0,2.0,2.0,2.0,2.0,2.0,2.0,1.0,,5.0,,,6.0,,,20.0,,6.0,
pid_1613,,2.0,2.0,,2.0,54.0,,,2.0,380.0,,,,70.0,,3.0,4.0,5.0,1.0,1.0,5.0,5.0,4.0,5.0,5.0,5.0,4.0,,,4.0,5.0,3.0,,,,4.0,,2.0,6.0,5.0,5.0,3.0,5.0,6.0,6.0,6.0,55.0,55.0,42.0,38.0,58.0,60.0,52.0,68.0,64.0,78.0,4.0,6.0,,1.0,1.0,1.0,1.0,1.0,1.0,1.0,1.0,1.0,1.0,,,,,,,2.0,1.0,1.0,1.0,2.0,2.0,2.0,1.0,2.0,2.0,2.0,2.0,1.0,1.0,1.0,2.0,2.0,1.0,2.0,2.0,1.0,1.0,1.0,1.0,2.0,2.0,2.0,2.0,2.0,2.0,2.0,2.0,2.0,1.0,2.0,2.0,1.0,2.0,1.0,2.0,4.0,,,5.0,,,,5.0,2.0,,
pid_1614,,1.0,1.0,,2.0,54.0,,,,,1.0,379.0,30.0,,,2.0,2.0,1.0,5.0,4.0,4.0,2.0,1.0,4.0,2.0,4.0,2.0,,,5.0,5.0,3.0,,,,,4.0,1.0,6.0,5.0,5.0,6.0,5.0,6.0,6.0,5.0,55.0,45.0,55.0,48.0,60.0,58.0,50.0,70.0,65.0,75.0,4.0,,6.0,1.0,1.0,1.0,1.0,1.0,1.0,1.0,1.0,1.0,1.0,,,,,,,1.0,2.0,2.0,2.0,2.0,2.0,2.0,2.0,1.0,2.0,1.0,1.0,2.0,1.0,2.0,1.0,2.0,2.0,2.0,2.0,2.0,2.0,2.0,1.0,2.0,2.0,2.0,2.0,1.0,2.0,2.0,2.0,2.0,1.0,2.0,2.0,1.0,2.0,1.0,2.0,4.0,,,5.0,,,15.0,,3.0,,
pid_1615,,2.0,,2.0,,,1.0,54.0,,,1.0,380.0,30.0,,,1.0,5.0,5.0,1.0,1.0,5.0,5.0,4.0,5.0,5.0,5.0,,5.0,,4.0,5.0,3.0,,,,6.0,,2.0,7.0,5.0,5.0,3.0,3.0,5.0,6.0,6.0,60.0,60.0,35.0,40.0,55.0,60.0,50.0,70.0,65.0,75.0,4.0,6.0,,1.0,1.0,1.0,1.0,1.0,1.0,1.0,1.0,1.0,1.0,,,,,,,2.0,1.0,2.0,2.0,2.0,1.0,1.0,2.0,1.0,2.0,1.0,2.0,2.0,2.0,2.0,2.0,2.0,2.0,2.0,1.0,2.0,1.0,2.0,2.0,2.0,1.0,2.0,1.0,2.0,1.0,2.0,1.0,2.0,1.0,1.0,2.0,1.0,1.0,2.0,1.0,,5.0,,,6.0,,16.0,,2.0,,
pid_1616,,1.0,1.0,,2.0,54.0,,,,,1.0,380.0,,85.0,1.0,,2.0,1.0,5.0,4.0,4.0,2.0,1.0,4.0,2.0,4.0,,5.0,,,,,4.0,4.0,5.0,,4.0,1.0,7.0,5.0,5.0,5.0,5.0,5.0,6.0,6.0,45.0,35.0,65.0,55.0,45.0,45.0,35.0,55.0,40.0,65.0,4.0,,6.0,,,,,,,,,,,1.0,1.0,1.0,1.0,1.0,1.0,1.0,1.0,1.0,1.0,2.0,2.0,1.0,1.0,1.0,1.0,1.0,1.0,1.0,1.0,1.0,1.0,1.0,2.0,1.0,1.0,1.0,1.0,1.0,1.0,2.0,1.0,2.0,1.0,1.0,1.0,1.0,2.0,1.0,1.0,1.0,1.0,2.0,1.0,1.0,1.0,,5.0,,,6.0,,16.0,,,,4.0
pid_1617,,2.0,1.0,,,,1.0,54.0,2.0,380.0,,,,70.0,,2.0,4.0,5.0,2.0,2.0,5.0,5.0,2.0,5.0,5.0,5.0,2.0,,,5.0,4.0,2.0,,,,,4.0,2.0,7.0,5.0,5.0,5.0,3.0,5.0,6.0,6.0,55.0,60.0,55.0,35.0,65.0,60.0,50.0,75.0,65.0,80.0,4.0,6.0,,,,,,,,,,,,1.0,1.0,1.0,1.0,1.0,1.0,1.0,2.0,1.0,1.0,1.0,2.0,1.0,1.0,1.0,1.0,2.0,1.0,2.0,1.0,1.0,1.0,1.0,2.0,1.0,2.0,1.0,2.0,2.0,1.0,1.0,1.0,1.0,2.0,2.0,1.0,1.0,1.0,1.0,2.0,1.0,2.0,1.0,1.0,2.0,1.0,5.0,,,6.0,,,16.0,,3.0,,
pid_1618,,1.0,1.0,,2.0,54.0,,,,,1.0,379.0,,70.0,,1.0,5.0,5.0,1.0,1.0,5.0,5.0,4.0,5.0,5.0,5.0,,,5.0,5.0,5.0,2.0,,,,4.0,,2.0,7.0,3.0,5.0,5.0,5.0,5.0,6.0,6.0,58.0,60.0,42.0,38.0,62.0,65.0,55.0,72.0,68.0,75.0,4.0,6.0,,1.0,1.0,1.0,1.0,1.0,1.0,1.0,1.0,1.0,1.0,,,,,,,2.0,1.0,1.0,1.0,1.0,2.0,2.0,1.0,2.0,1.0,2.0,2.0,2.0,2.0,1.0,2.0,2.0,2.0,1.0,1.0,1.0,1.0,2.0,2.0,2.0,2.0,2.0,1.0,2.0,1.0,2.0,1.0,2.0,2.0,2.0,2.0,1.0,1.0,2.0,2.0,,,5.0,,,6.0,18.0,,2.0,,
pid_1619,,1.0,2.0,,2.0,30.0,,,,,1.0,380.0,60.0,,,5.0,5.0,5.0,1.0,1.0,5.0,5.0,5.0,5.0,5.0,5.0,,5.0,,4.0,5.0,3.0,,,,6.0,,1.0,7.0,5.0,3.0,5.0,5.0,6.0,6.0,6.0,55.0,60.0,35.0,40.0,60.0,58.0,50.0,65.0,65.0,75.0,4.0,,6.0,1.0,1.0,1.0,1.0,1.0,1.0,1.0,1.0,1.0,1.0,,,,,,,1.0,2.0,2.0,1.0,2.0,2.0,1.0,2.0,1.0,1.0,2.0,1.0,1.0,2.0,2.0,2.0,2.0,2.0,2.0,1.0,1.0,2.0,1.0,2.0,2.0,2.0,1.0,1.0,2.0,1.0,2.0,1.0,1.0,2.0,2.0,1.0,1.0,2.0,1.0,2.0,,5.0,,,6.0,,,18.0,2.0,,
pid_1620,1.0,,2.0,,2.0,54.0,,,2.0,380.0,,,30.0,,5.0,,2.0,1.0,5.0,4.0,4.0,2.0,1.0,2.0,2.0,4.0,,5.0,,,,,4.0,5.0,5.0,4.0,,1.0,6.0,5.0,3.0,5.0,3.0,5.0,6.0,6.0,45.0,50.0,65.0,55.0,55.0,60.0,48.0,68.0,65.0,75.0,4.0,7.0,,1.0,1.0,1.0,1.0,1.0,1.0,1.0,1.0,1.0,1.0,,,,,,,1.0,2.0,1.0,2.0,2.0,2.0,1.0,1.0,2.0,2.0,1.0,1.0,1.0,1.0,1.0,1.0,2.0,2.0,1.0,1.0,2.0,2.0,1.0,1.0,1.0,1.0,2.0,1.0,2.0,1.0,2.0,2.0,1.0,1.0,2.0,1.0,2.0,2.0,2.0,1.0,,5.0,,,6.0,,,18.0,,,4.0
pid_1621,,1.0,1.0,,2.0,54.0,,,,,1.0,380.0,,70.0,3.0,,5.0,5.0,1.0,1.0,5.0,5.0,5.0,5.0,5.0,5.0,1.0,,,3.0,5.0,2.0,,,,,4.0,1.0,6.0,5.0,5.0,5.0,5.0,6.0,6.0,6.0,55.0,65.0,45.0,35.0,60.0,58.0,55.0,70.0,65.0,75.0,4.0,,6.0,,,,,,,,,,,1.0,1.0,1.0,1.0,1.0,1.0,1.0,2.0,2.0,1.0,1.0,2.0,2.0,2.0,2.0,2.0,2.0,2.0,1.0,1.0,1.0,1.0,1.0,1.0,2.0,2.0,1.0,2.0,1.0,1.0,1.0,2.0,2.0,1.0,1.0,1.0,2.0,1.0,1.0,1.0,1.0,2.0,2.0,2.0,1.0,1.0,4.0,,,5.0,,,18.0,,,9.0,
pid_1622,,1.0,,2.0,2.0,54.0,,,2.0,379.0,,,,70.0,2.0,,4.0,5.0,1.0,1.0,5.0,5.0,4.0,5.0,5.0,5.0,,,5.0,4.0,5.0,3.0,,,,6.0,,1.0,6.0,3.0,5.0,5.0,5.0,5.0,6.0,6.0,50.0,60.0,45.0,35.0,55.0,60.0,55.0,70.0,65.0,75.0,4.0,6.0,,1.0,1.0,1.0,1.0,1.0,1.0,1.0,1.0,1.0,1.0,,,,,,,2.0,1.0,2.0,1.0,2.0,2.0,2.0,1.0,2.0,2.0,2.0,1.0,1.0,2.0,2.0,2.0,1.0,2.0,1.0,2.0,2.0,1.0,2.0,2.0,2.0,2.0,2.0,2.0,1.0,1.0,2.0,1.0,2.0,1.0,1.0,2.0,1.0,2.0,2.0,1.0,,,5.0,,,6.0,18.0,,,,3.0
pid_1623,1.0,,,2.0,2.0,54.0,,,,,1.0,380.0,,70.0,4.0,,5.0,5.0,1.0,1.0,5.0,5.0,4.0,5.0,5.0,5.0,,,5.0,4.0,5.0,2.0,,,,6.0,,1.0,7.0,3.0,5.0,5.0,5.0,5.0,6.0,6.0,65.0,65.0,40.0,35.0,60.0,65.0,55.0,75.0,65.0,80.0,4.0,,6.0,1.0,1.0,1.0,1.0,1.0,1.0,1.0,1.0,1.0,1.0,,,,,,,2.0,2.0,2.0,2.0,2.0,2.0,2.0,2.0,2.0,2.0,2.0,2.0,1.0,2.0,2.0,1.0,2.0,2.0,1.0,2.0,1.0,1.0,2.0,2.0,2.0,1.0,2.0,2.0,2.0,2.0,1.0,1.0,2.0,2.0,1.0,1.0,2.0,2.0,2.0,1.0,,,5.0,,,6.0,,10.0,3.0,,
pid_1624,1.0,,1.0,,,,1.0,30.0,,,1.0,300.0,,75.0,,3.0,4.0,5.0,2.0,1.0,5.0,5.0,4.0,5.0,5.0,5.0,,4.0,,4.0,5.0,3.0,,,,4.0,,2.0,6.0,5.0,3.0,5.0,3.0,5.0,6.0,6.0,55.0,65.0,45.0,40.0,60.0,58.0,50.0,75.0,70.0,80.0,4.0,,6.0,1.0,1.0,1.0,1.0,1.0,1.0,1.0,1.0,1.0,1.0,,,,,,,1.0,1.0,1.0,2.0,1.0,2.0,2.0,1.0,1.0,2.0,1.0,1.0,1.0,1.0,2.0,1.0,2.0,1.0,1.0,1.0,1.0,2.0,1.0,1.0,2.0,2.0,2.0,2.0,1.0,2.0,1.0,1.0,1.0,2.0,1.0,1.0,2.0,1.0,2.0,2.0,,5.0,,,6.0,,,10.0,2.0,,
pid_1625,,1.0,1.0,,,,1.0,54.0,,,1.0,380.0,,70.0,2.0,,4.0,5.0,1.0,1.0,5.0,5.0,4.0,5.0,5.0,5.0,,5.0,,4.0,3.0,5.0,,,,,4.0,2.0,6.0,5.0,5.0,3.0,5.0,5.0,6.0,6.0,65.0,60.0,45.0,40.0,60.0,65.0,55.0,75.0,70.0,80.0,4.0,,7.0,1.0,1.0,1.0,1.0,1.0,1.0,1.0,1.0,1.0,1.0,,,,,,,2.0,1.0,2.0,2.0,2.0,1.0,2.0,2.0,2.0,1.0,2.0,1.0,1.0,2.0,2.0,2.0,2.0,2.0,1.0,2.0,1.0,2.0,2.0,1.0,1.0,1.0,1.0,1.0,2.0,1.0,2.0,1.0,2.0,2.0,2.0,2.0,1.0,1.0,1.0,2.0,,5.0,,,5.0,,20.0,,,,4.0
pid_1626,1.0,,,2.0,2.0,54.0,,,2.0,380.0,,,,75.0,,3.0,4.0,5.0,1.0,1.0,5.0,5.0,4.0,5.0,5.0,5.0,1.0,,,,,,4.0,3.0,5.0,,4.0,2.0,6.0,5.0,3.0,5.0,5.0,6.0,6.0,6.0,55.0,60.0,35.0,40.0,60.0,65.0,55.0,70.0,65.0,75.0,4.0,,6.0,,,,,,,,,,,1.0,1.0,1.0,1.0,1.0,1.0,1.0,2.0,1.0,2.0,2.0,2.0,2.0,2.0,2.0,1.0,1.0,2.0,2.0,2.0,2.0,1.0,2.0,2.0,2.0,2.0,1.0,2.0,2.0,2.0,1.0,2.0,2.0,2.0,2.0,2.0,2.0,1.0,2.0,1.0,2.0,1.0,2.0,2.0,2.0,1.0,4.0,,,6.0,,,19.0,,2.0,,
pid_1627,,2.0,,2.0,2.0,54.0,,,2.0,380.0,,,40.0,,3.0,,4.0,5.0,1.0,1.0,5.0,5.0,4.0,5.0,5.0,5.0,2.0,,,5.0,4.0,3.0,,,,4.0,,2.0,6.0,5.0,5.0,6.0,5.0,6.0,6.0,6.0,55.0,60.0,45.0,40.0,60.0,65.0,55.0,70.0,65.0,75.0,4.0,,6.0,1.0,1.0,1.0,1.0,1.0,1.0,1.0,1.0,1.0,1.0,,,,,,,2.0,2.0,2.0,1.0,1.0,2.0,1.0,2.0,2.0,1.0,2.0,1.0,2.0,2.0,1.0,1.0,2.0,1.0,1.0,1.0,2.0,2.0,2.0,2.0,1.0,1.0,2.0,2.0,2.0,2.0,1.0,1.0,2.0,2.0,1.0,2.0,2.0,1.0,1.0,2.0,4.0,,,6.0,,,18.0,,,,3.0
pid_1628,,1.0,1.0,,,,1.0,20.0,,,1.0,200.0,,70.0,,2.0,2.0,2.0,5.0,4.0,4.0,4.0,1.0,2.0,2.0,4.0,,5.0,,,,,4.0,5.0,5.0,,4.0,2.0,7.0,5.0,5.0,3.0,5.0,5.0,6.0,6.0,55.0,55.0,50.0,45.0,60.0,55.0,45.0,65.0,60.0,70.0,4.0,6.0,,1.0,1.0,1.0,1.0,1.0,1.0,1.0,1.0,1.0,1.0,,,,,,,2.0,1.0,2.0,2.0,2.0,1.0,1.0,2.0,2.0,1.0,2.0,1.0,1.0,2.0,2.0,1.0,2.0,1.0,2.0,2.0,1.0,1.0,2.0,1.0,1.0,2.0,2.0,1.0,2.0,2.0,2.0,2.0,1.0,2.0,1.0,2.0,2.0,1.0,1.0,1.0,,5.0,,,6.0,,15.0,,,9.0,
pid_1630,1.0,,1.0,,,,1.0,30.0,,,1.0,300.0,,75.0,3.0,,4.0,4.0,4.0,2.0,5.0,4.0,2.0,4.0,4.0,5.0,,,4.0,4.0,5.0,3.0,,,,4.0,,1.0,7.0,5.0,3.0,5.0,3.0,5.0,6.0,6.0,55.0,60.0,60.0,45.0,60.0,65.0,50.0,70.0,65.0,75.0,4.0,,6.0,1.0,1.0,1.0,1.0,1.0,1.0,1.0,1.0,1.0,1.0,,,,,,,2.0,1.0,2.0,2.0,2.0,2.0,2.0,1.0,1.0,1.0,2.0,2.0,1.0,2.0,1.0,2.0,2.0,1.0,1.0,1.0,2.0,1.0,1.0,2.0,2.0,1.0,2.0,1.0,2.0,2.0,1.0,2.0,2.0,2.0,1.0,1.0,2.0,2.0,1.0,2.0,,,5.0,,,5.0,,4.0,,,5.0
pid_1631,,1.0,1.0,,2.0,54.0,,,,,1.0,379.0,40.0,,2.0,,2.0,2.0,5.0,4.0,4.0,2.0,1.0,4.0,2.0,2.0,2.0,,,,,,3.0,4.0,5.0,4.0,,1.0,6.0,5.0,5.0,5.0,5.0,5.0,6.0,6.0,45.0,55.0,60.0,45.0,60.0,55.0,50.0,65.0,65.0,70.0,4.0,6.0,,1.0,1.0,1.0,1.0,1.0,1.0,1.0,1.0,1.0,1.0,,,,,,,2.0,2.0,2.0,1.0,2.0,2.0,1.0,2.0,2.0,1.0,2.0,1.0,1.0,1.0,1.0,2.0,1.0,2.0,1.0,1.0,2.0,2.0,2.0,1.0,2.0,2.0,1.0,2.0,2.0,1.0,1.0,2.0,1.0,2.0,2.0,1.0,2.0,1.0,2.0,1.0,4.0,,,6.0,,,18.0,,,,3.0
pid_1632,,1.0,1.0,,2.0,54.0,,,,,1.0,379.0,30.0,,5.0,,5.0,5.0,1.0,1.0,5.0,5.0,4.0,5.0,5.0,5.0,,,5.0,4.0,5.0,3.0,,,,,4.0,2.0,7.0,5.0,5.0,3.0,5.0,5.0,6.0,6.0,55.0,61.0,42.0,38.0,62.0,63.0,55.0,68.0,70.0,78.0,4.0,,7.0,1.0,1.0,1.0,1.0,1.0,1.0,1.0,1.0,1.0,1.0,,,,,,,1.0,2.0,2.0,2.0,1.0,2.0,1.0,1.0,2.0,2.0,1.0,2.0,2.0,2.0,2.0,2.0,2.0,2.0,1.0,1.0,2.0,1.0,2.0,1.0,2.0,2.0,2.0,1.0,1.0,1.0,2.0,2.0,1.0,2.0,2.0,2.0,2.0,2.0,1.0,2.0,,,5.0,,,6.0,,20.0,4.0,,
pid_1633,1.0,,,2.0,2.0,54.0,,,,,1.0,379.0,,70.0,,2.0,4.0,2.0,5.0,4.0,5.0,5.0,1.0,4.0,4.0,4.0,4.0,,,4.0,5.0,,,,,,6.0,1.0,7.0,5.0,5.0,3.0,5.0,6.0,6.0,6.0,60.0,60.0,55.0,45.0,55.0,60.0,55.0,70.0,65.0,75.0,4.0,6.0,,1.0,1.0,1.0,1.0,1.0,1.0,1.0,1.0,1.0,1.0,,,,,,,1.0,2.0,1.0,2.0,1.0,2.0,2.0,1.0,1.0,2.0,1.0,1.0,2.0,1.0,1.0,1.0,1.0,2.0,2.0,1.0,1.0,2.0,1.0,1.0,2.0,2.0,2.0,1.0,1.0,2.0,1.0,2.0,2.0,2.0,2.0,1.0,2.0,2.0,1.0,2.0,4.0,,,6.0,,,18.0,,3.0,,
pid_1635,1.0,,1.0,,,,1.0,30.0,2.0,380.0,,,30.0,,,2.0,4.0,1.0,5.0,4.0,4.0,4.0,1.0,4.0,2.0,4.0,1.0,,,,,,3.0,4.0,5.0,4.0,,2.0,6.0,5.0,5.0,5.0,5.0,6.0,6.0,6.0,55.0,65.0,55.0,50.0,60.0,65.0,45.0,65.0,60.0,75.0,4.0,,6.0,1.0,1.0,1.0,1.0,1.0,1.0,1.0,1.0,1.0,1.0,,,,,,,2.0,1.0,2.0,2.0,2.0,1.0,2.0,2.0,2.0,1.0,2.0,1.0,2.0,2.0,1.0,2.0,2.0,2.0,1.0,1.0,1.0,2.0,1.0,1.0,2.0,1.0,1.0,2.0,1.0,2.0,1.0,2.0,1.0,2.0,2.0,2.0,2.0,1.0,1.0,1.0,4.0,,,6.0,,,15.0,,3.0,,
pid_1636,1.0,,,2.0,2.0,54.0,,,,,1.0,379.0,,70.0,3.0,,4.0,5.0,1.0,1.0,5.0,5.0,5.0,5.0,5.0,5.0,1.0,,,,,,4.0,3.0,5.0,,6.0,2.0,6.0,3.0,5.0,5.0,5.0,6.0,6.0,6.0,55.0,65.0,45.0,35.0,60.0,58.0,55.0,70.0,65.0,75.0,4.0,,7.0,1.0,1.0,1.0,1.0,1.0,1.0,1.0,1.0,1.0,1.0,,,,,,,2.0,2.0,2.0,2.0,2.0,1.0,2.0,2.0,1.0,2.0,2.0,2.0,2.0,1.0,2.0,1.0,1.0,2.0,2.0,2.0,2.0,1.0,2.0,2.0,2.0,1.0,1.0,2.0,2.0,2.0,2.0,2.0,2.0,1.0,1.0,2.0,2.0,2.0,2.0,2.0,5.0,,,6.0,,,,20.0,3.0,,
pid_1637,,1.0,2.0,,2.0,60.0,,,,,1.0,100.0,30.0,,2.0,,4.0,5.0,2.0,2.0,5.0,5.0,4.0,5.0,5.0,5.0,,,5.0,4.0,5.0,3.0,,,,,4.0,1.0,6.0,5.0,5.0,3.0,3.0,5.0,6.0,6.0,50.0,60.0,40.0,45.0,55.0,60.0,50.0,65.0,65.0,75.0,4.0,6.0,,,,,,,,,,,,1.0,1.0,1.0,1.0,1.0,1.0,2.0,1.0,2.0,1.0,1.0,1.0,1.0,2.0,1.0,2.0,1.0,1.0,1.0,2.0,2.0,1.0,1.0,2.0,1.0,2.0,2.0,1.0,1.0,1.0,2.0,2.0,1.0,2.0,2.0,1.0,1.0,1.0,1.0,2.0,1.0,2.0,1.0,1.0,2.0,2.0,,,5.0,,,5.0,,15.0,1.0,,
pid_1638,1.0,,1.0,,2.0,54.0,,,2.0,380.0,,,30.0,,3.0,,5.0,5.0,1.0,1.0,5.0,5.0,5.0,5.0,5.0,5.0,,5.0,,4.0,5.0,3.0,,,,,4.0,2.0,7.0,5.0,5.0,5.0,5.0,6.0,6.0,6.0,55.0,60.0,45.0,40.0,60.0,60.0,55.0,70.0,65.0,75.0,4.0,,6.0,1.0,1.0,1.0,1.0,1.0,1.0,1.0,1.0,1.0,1.0,,,,,,,1.0,1.0,2.0,1.0,2.0,1.0,1.0,1.0,2.0,1.0,2.0,2.0,2.0,1.0,2.0,1.0,1.0,1.0,1.0,1.0,2.0,2.0,2.0,1.0,1.0,2.0,2.0,1.0,1.0,1.0,2.0,2.0,2.0,2.0,2.0,2.0,2.0,1.0,2.0,2.0,,5.0,,,6.0,,,20.0,3.0,,
pid_1639,1.0,,1.0,,2.0,54.0,,,,,1.0,380.0,30.0,,3.0,,2.0,1.0,5.0,4.0,4.0,4.0,1.0,4.0,2.0,4.0,,,5.0,4.0,5.0,3.0,,,,,4.0,2.0,6.0,5.0,5.0,6.0,5.0,5.0,6.0,6.0,55.0,55.0,50.0,45.0,60.0,65.0,55.0,75.0,65.0,80.0,4.0,,7.0,,,,,,,,,,,1.0,1.0,1.0,1.0,1.0,1.0,1.0,2.0,1.0,1.0,2.0,2.0,2.0,2.0,2.0,2.0,1.0,1.0,2.0,1.0,1.0,1.0,2.0,2.0,2.0,2.0,2.0,1.0,1.0,2.0,1.0,1.0,2.0,2.0,2.0,1.0,2.0,1.0,1.0,1.0,1.0,1.0,2.0,1.0,2.0,2.0,,,5.0,,,6.0,17.0,,,9.0,
pid_1640,1.0,,2.0,,,,1.0,54.0,2.0,379.0,,,30.0,,,1.0,5.0,5.0,1.0,1.0,5.0,5.0,5.0,5.0,5.0,5.0,,,5.0,4.0,5.0,2.0,,,,6.0,,1.0,6.0,5.0,5.0,5.0,3.0,5.0,6.0,6.0,55.0,60.0,40.0,35.0,58.0,60.0,55.0,70.0,65.0,75.0,4.0,6.0,,1.0,1.0,1.0,1.0,1.0,1.0,1.0,1.0,1.0,1.0,,,,,,,2.0,2.0,2.0,1.0,1.0,2.0,1.0,2.0,1.0,1.0,2.0,1.0,2.0,2.0,1.0,2.0,1.0,2.0,1.0,2.0,1.0,1.0,1.0,2.0,2.0,1.0,1.0,2.0,2.0,2.0,2.0,2.0,2.0,2.0,2.0,1.0,1.0,1.0,1.0,1.0,,,5.0,,,6.0,,20.0,,6.0,
pid_1641,1.0,,1.0,,,,1.0,54.0,,,1.0,300.0,30.0,,2.0,,4.0,4.0,4.0,2.0,4.0,4.0,2.0,4.0,2.0,4.0,,,5.0,5.0,5.0,,,,,,4.0,2.0,6.0,3.0,5.0,5.0,5.0,5.0,6.0,6.0,55.0,65.0,55.0,50.0,60.0,58.0,50.0,70.0,65.0,75.0,4.0,7.0,,,,,,,,,,,,1.0,1.0,1.0,1.0,1.0,1.0,1.0,2.0,2.0,1.0,2.0,2.0,2.0,1.0,2.0,2.0,1.0,2.0,2.0,2.0,2.0,2.0,2.0,2.0,2.0,2.0,2.0,2.0,1.0,1.0,2.0,1.0,1.0,1.0,1.0,2.0,2.0,1.0,1.0,2.0,2.0,2.0,2.0,1.0,1.0,2.0,,,5.0,,,6.0,,20.0,,6.0,
pid_1642,1.0,,,2.0,2.0,54.0,,,,,1.0,380.0,30.0,,2.0,,4.0,2.0,4.0,4.0,4.0,4.0,1.0,4.0,4.0,4.0,,,5.0,4.0,5.0,2.0,,,,,4.0,1.0,6.0,5.0,5.0,5.0,3.0,5.0,6.0,6.0,55.0,55.0,60.0,55.0,60.0,62.0,50.0,70.0,65.0,75.0,4.0,6.0,,,,,,,,,,,,1.0,1.0,1.0,1.0,1.0,1.0,2.0,2.0,1.0,2.0,2.0,1.0,2.0,2.0,2.0,1.0,2.0,1.0,2.0,2.0,1.0,2.0,2.0,1.0,1.0,2.0,2.0,1.0,2.0,2.0,1.0,2.0,2.0,2.0,1.0,2.0,2.0,1.0,1.0,2.0,1.0,2.0,2.0,1.0,1.0,1.0,,,5.0,,,5.0,15.0,,,,3.0
pid_1643,,1.0,,2.0,2.0,30.0,,,,,1.0,380.0,70.0,,1.0,,2.0,1.0,5.0,4.0,2.0,2.0,1.0,2.0,2.0,4.0,,5.0,,5.0,5.0,,,,,,4.0,1.0,6.0,5.0,5.0,5.0,3.0,5.0,6.0,5.0,55.0,65.0,60.0,45.0,65.0,60.0,45.0,70.0,65.0,80.0,4.0,6.0,,1.0,1.0,1.0,1.0,1.0,1.0,1.0,1.0,1.0,1.0,,,,,,,2.0,1.0,1.0,1.0,1.0,2.0,2.0,1.0,1.0,1.0,1.0,2.0,2.0,1.0,2.0,1.0,2.0,1.0,2.0,1.0,1.0,1.0,1.0,2.0,1.0,2.0,1.0,1.0,2.0,1.0,1.0,2.0,2.0,1.0,2.0,1.0,2.0,2.0,1.0,1.0,,5.0,,,6.0,,,18.0,,6.0,
pid_1644,,1.0,,2.0,2.0,54.0,,,,,1.0,380.0,30.0,,,4.0,4.0,5.0,1.0,1.0,5.0,5.0,4.0,5.0,5.0,5.0,1.0,,,4.0,5.0,,,,,4.0,,1.0,6.0,3.0,5.0,5.0,5.0,5.0,6.0,6.0,55.0,61.0,42.0,48.0,58.0,62.0,53.0,70.0,68.0,75.0,4.0,,6.0,,,,,,,,,,,1.0,1.0,1.0,1.0,1.0,1.0,2.0,2.0,2.0,2.0,2.0,1.0,2.0,2.0,2.0,2.0,1.0,1.0,1.0,1.0,2.0,1.0,1.0,1.0,2.0,2.0,2.0,2.0,1.0,2.0,2.0,1.0,2.0,2.0,1.0,1.0,2.0,1.0,2.0,1.0,2.0,2.0,2.0,2.0,1.0,2.0,5.0,,,6.0,,,17.0,,4.0,,
pid_1645,1.0,,,2.0,,,1.0,54.0,,,1.0,380.0,,70.0,3.0,,4.0,4.0,2.0,2.0,4.0,4.0,2.0,5.0,4.0,5.0,4.0,,,,,,4.0,3.0,5.0,4.0,,2.0,6.0,5.0,5.0,5.0,3.0,5.0,6.0,6.0,60.0,58.0,48.0,45.0,58.0,65.0,52.0,72.0,65.0,75.0,4.0,,6.0,,,,,,,,,,,1.0,1.0,1.0,1.0,1.0,1.0,1.0,1.0,2.0,2.0,2.0,2.0,1.0,2.0,1.0,2.0,2.0,2.0,2.0,2.0,2.0,1.0,2.0,2.0,2.0,1.0,1.0,1.0,2.0,2.0,2.0,1.0,2.0,2.0,2.0,1.0,1.0,2.0,1.0,2.0,2.0,2.0,1.0,2.0,1.0,2.0,4.0,,,6.0,,,16.0,,2.0,,
pid_1646,,2.0,1.0,,,,1.0,30.0,2.0,350.0,,,40.0,,3.0,,4.0,5.0,2.0,2.0,5.0,4.0,4.0,5.0,4.0,5.0,,5.0,,,,,4.0,5.0,3.0,4.0,,2.0,7.0,5.0,5.0,5.0,3.0,5.0,6.0,6.0,55.0,60.0,45.0,40.0,60.0,58.0,48.0,65.0,64.0,75.0,4.0,7.0,,,,,,,,,,,,1.0,1.0,1.0,1.0,1.0,1.0,2.0,1.0,2.0,2.0,2.0,2.0,2.0,1.0,2.0,1.0,2.0,1.0,2.0,1.0,1.0,2.0,1.0,2.0,1.0,2.0,2.0,2.0,1.0,2.0,1.0,2.0,2.0,2.0,1.0,1.0,2.0,1.0,1.0,2.0,1.0,2.0,2.0,2.0,2.0,2.0,,4.0,,,6.0,,,20.0,,,4.0
pid_1647,1.0,,1.0,,2.0,54.0,,,2.0,380.0,,,50.0,,,1.0,4.0,5.0,2.0,1.0,5.0,5.0,4.0,5.0,5.0,5.0,,5.0,,,,,4.0,5.0,3.0,4.0,,2.0,7.0,5.0,5.0,6.0,5.0,5.0,6.0,6.0,55.0,65.0,45.0,35.0,58.0,60.0,55.0,70.0,68.0,80.0,4.0,,6.0,,,,,,,,,,,1.0,1.0,1.0,1.0,1.0,1.0,1.0,2.0,2.0,2.0,1.0,2.0,1.0,2.0,1.0,2.0,2.0,1.0,1.0,1.0,2.0,2.0,2.0,1.0,1.0,2.0,1.0,1.0,1.0,2.0,1.0,2.0,2.0,1.0,1.0,2.0,2.0,1.0,1.0,2.0,1.0,2.0,1.0,1.0,2.0,1.0,,5.0,,,6.0,,,20.0,,9.0,
pid_1648,1.0,,,2.0,2.0,54.0,,,2.0,380.0,,,30.0,,2.0,,1.0,1.0,5.0,4.0,2.0,2.0,1.0,2.0,1.0,4.0,,,5.0,4.0,5.0,2.0,,,,,4.0,2.0,6.0,5.0,5.0,5.0,5.0,5.0,6.0,6.0,45.0,60.0,60.0,55.0,55.0,50.0,50.0,65.0,55.0,75.0,4.0,6.0,,1.0,1.0,1.0,1.0,1.0,1.0,1.0,1.0,1.0,1.0,,,,,,,2.0,1.0,1.0,1.0,2.0,2.0,2.0,2.0,2.0,1.0,1.0,1.0,1.0,2.0,2.0,1.0,2.0,1.0,2.0,1.0,1.0,1.0,1.0,2.0,1.0,2.0,1.0,2.0,1.0,2.0,2.0,2.0,2.0,1.0,1.0,2.0,1.0,1.0,1.0,1.0,,,5.0,,,6.0,15.0,,,,3.0
pid_1649,,1.0,,2.0,2.0,54.0,,,2.0,380.0,,,,70.0,,3.0,5.0,5.0,1.0,1.0,5.0,5.0,5.0,5.0,5.0,5.0,,,5.0,,,,4.0,3.0,5.0,6.0,,1.0,6.0,5.0,5.0,3.0,5.0,6.0,6.0,6.0,55.0,55.0,45.0,38.0,58.0,57.0,52.0,70.0,65.0,78.0,4.0,6.0,,1.0,1.0,1.0,1.0,1.0,1.0,1.0,1.0,1.0,1.0,,,,,,,1.0,2.0,2.0,2.0,1.0,2.0,2.0,2.0,2.0,1.0,2.0,2.0,1.0,2.0,1.0,2.0,2.0,1.0,1.0,2.0,2.0,2.0,2.0,1.0,2.0,2.0,1.0,2.0,1.0,2.0,2.0,2.0,2.0,2.0,2.0,2.0,1.0,1.0,2.0,1.0,,,5.0,,,6.0,18.0,,3.0,,
pid_1650,,1.0,,1.0,,,1.0,54.0,2.0,380.0,,,,70.0,2.0,,5.0,5.0,1.0,1.0,5.0,5.0,5.0,5.0,5.0,5.0,,5.0,,,,,4.0,5.0,4.0,,4.0,1.0,7.0,5.0,5.0,5.0,3.0,6.0,6.0,6.0,65.0,65.0,45.0,35.0,55.0,60.0,55.0,70.0,65.0,80.0,4.0,,6.0,,,,,,,,,,,1.0,1.0,1.0,1.0,1.0,1.0,1.0,2.0,1.0,2.0,1.0,2.0,2.0,2.0,2.0,2.0,1.0,2.0,2.0,2.0,2.0,1.0,2.0,1.0,2.0,2.0,1.0,2.0,2.0,1.0,2.0,1.0,1.0,2.0,2.0,2.0,2.0,2.0,2.0,2.0,2.0,1.0,2.0,2.0,2.0,1.0,,5.0,,,6.0,,,18.0,,,3.0
pid_1651,1.0,,1.0,,2.0,50.0,,,,,1.0,200.0,,70.0,2.0,,4.0,5.0,1.0,1.0,5.0,5.0,4.0,5.0,5.0,5.0,,5.0,,5.0,4.0,2.0,,,,,4.0,1.0,7.0,5.0,5.0,5.0,5.0,6.0,6.0,6.0,55.0,60.0,45.0,40.0,60.0,60.0,50.0,70.0,65.0,75.0,4.0,,6.0,,,,,,,,,,,1.0,1.0,1.0,1.0,1.0,1.0,1.0,2.0,1.0,2.0,2.0,2.0,1.0,1.0,1.0,2.0,2.0,2.0,2.0,2.0,2.0,2.0,1.0,1.0,1.0,2.0,1.0,2.0,2.0,2.0,1.0,1.0,1.0,2.0,2.0,1.0,2.0,2.0,1.0,1.0,1.0,2.0,1.0,1.0,1.0,2.0,,5.0,,,6.0,,17.0,,,7.0,
pid_1652,,1.0,,1.0,,,1.0,15.0,2.0,300.0,,,30.0,,2.0,,4.0,5.0,2.0,1.0,5.0,5.0,4.0,5.0,4.0,5.0,1.0,,,,,,4.0,5.0,5.0,,4.0,1.0,7.0,3.0,5.0,5.0,5.0,6.0,6.0,6.0,55.0,55.0,45.0,35.0,60.0,65.0,45.0,65.0,65.0,75.0,4.0,,6.0,,,,,,,,,,,1.0,1.0,1.0,1.0,1.0,1.0,2.0,1.0,2.0,2.0,1.0,2.0,2.0,2.0,1.0,2.0,1.0,1.0,2.0,1.0,1.0,1.0,1.0,1.0,1.0,2.0,2.0,1.0,2.0,2.0,2.0,2.0,2.0,2.0,2.0,2.0,2.0,2.0,1.0,2.0,1.0,1.0,1.0,2.0,2.0,1.0,4.0,,,5.0,,,18.0,,,6.0,
pid_1653,1.0,,2.0,,,,1.0,54.0,2.0,379.0,,,,75.0,2.0,,2.0,4.0,5.0,4.0,2.0,2.0,1.0,4.0,2.0,4.0,1.0,,,4.0,5.0,3.0,,,,3.0,,1.0,6.0,5.0,5.0,5.0,5.0,5.0,6.0,6.0,45.0,60.0,65.0,55.0,55.0,50.0,48.0,65.0,65.0,75.0,4.0,,6.0,,,,,,,,,,,1.0,1.0,1.0,1.0,1.0,1.0,2.0,1.0,1.0,2.0,2.0,2.0,2.0,2.0,1.0,2.0,1.0,2.0,1.0,2.0,2.0,1.0,1.0,2.0,2.0,2.0,2.0,1.0,1.0,2.0,2.0,1.0,1.0,2.0,2.0,1.0,1.0,1.0,1.0,1.0,2.0,2.0,1.0,1.0,1.0,2.0,4.0,,,5.0,,,,20.0,,,4.0
pid_1654,,1.0,2.0,,2.0,35.0,,,,,1.0,380.0,,75.0,3.0,,5.0,5.0,1.0,1.0,5.0,5.0,5.0,5.0,5.0,5.0,,,5.0,4.0,5.0,2.0,,,,4.0,,2.0,7.0,3.0,5.0,5.0,5.0,6.0,6.0,6.0,65.0,65.0,40.0,35.0,60.0,65.0,55.0,75.0,70.0,80.0,4.0,,6.0,1.0,1.0,1.0,1.0,1.0,1.0,1.0,1.0,1.0,1.0,,,,,,,1.0,2.0,2.0,2.0,2.0,1.0,2.0,2.0,2.0,2.0,1.0,1.0,2.0,1.0,1.0,1.0,2.0,2.0,1.0,2.0,1.0,1.0,2.0,2.0,2.0,2.0,1.0,1.0,1.0,1.0,2.0,2.0,2.0,1.0,1.0,1.0,2.0,1.0,1.0,1.0,,,5.0,,,6.0,18.0,,1.0,,
pid_1655,1.0,,1.0,,2.0,40.0,,,,,1.0,200.0,30.0,,2.0,,4.0,5.0,1.0,1.0,5.0,5.0,5.0,5.0,5.0,5.0,,,5.0,,,,4.0,3.0,5.0,4.0,,1.0,6.0,3.0,5.0,5.0,3.0,5.0,6.0,6.0,55.0,60.0,45.0,40.0,60.0,65.0,55.0,70.0,65.0,75.0,4.0,6.0,,1.0,1.0,1.0,1.0,1.0,1.0,1.0,1.0,1.0,1.0,,,,,,,2.0,1.0,1.0,2.0,1.0,2.0,2.0,2.0,2.0,1.0,2.0,1.0,2.0,1.0,1.0,1.0,2.0,2.0,1.0,1.0,2.0,2.0,2.0,1.0,2.0,2.0,2.0,1.0,1.0,2.0,2.0,2.0,1.0,2.0,1.0,1.0,2.0,1.0,2.0,2.0,,,5.0,,,6.0,15.0,,,9.0,
pid_1656,,1.0,,2.0,,,1.0,20.0,2.0,700.0,,,,70.0,2.0,,2.0,2.0,4.0,4.0,4.0,4.0,2.0,4.0,2.0,4.0,,,5.0,,,,4.0,5.0,5.0,,4.0,1.0,6.0,5.0,5.0,6.0,5.0,6.0,6.0,6.0,55.0,55.0,60.0,45.0,60.0,60.0,50.0,65.0,65.0,75.0,4.0,,6.0,,,,,,,,,,,1.0,1.0,1.0,1.0,1.0,1.0,2.0,2.0,2.0,2.0,2.0,2.0,1.0,2.0,1.0,1.0,1.0,1.0,2.0,2.0,2.0,2.0,1.0,2.0,1.0,2.0,1.0,1.0,2.0,2.0,1.0,2.0,1.0,1.0,1.0,1.0,2.0,1.0,2.0,1.0,2.0,1.0,2.0,1.0,1.0,2.0,,,5.0,,,6.0,,8.0,,,4.0
pid_1657,,1.0,,2.0,2.0,54.0,,,2.0,500.0,,,30.0,,,2.0,5.0,5.0,1.0,1.0,5.0,5.0,4.0,5.0,5.0,5.0,,,5.0,,,,4.0,4.0,3.0,,4.0,1.0,7.0,5.0,5.0,5.0,5.0,5.0,6.0,6.0,55.0,55.0,45.0,35.0,60.0,65.0,50.0,75.0,65.0,75.0,4.0,,7.0,,,,,,,,,,,1.0,1.0,1.0,1.0,1.0,1.0,1.0,1.0,2.0,1.0,1.0,2.0,1.0,1.0,2.0,1.0,2.0,1.0,1.0,1.0,2.0,1.0,2.0,2.0,1.0,2.0,2.0,1.0,1.0,2.0,1.0,1.0,1.0,1.0,2.0,2.0,1.0,1.0,2.0,2.0,1.0,1.0,2.0,1.0,1.0,1.0,,,,,,6.0,18.0,,,9.0,
pid_1658,,1.0,1.0,,2.0,54.0,,,,,1.0,380.0,,70.0,2.0,,4.0,5.0,2.0,2.0,5.0,4.0,4.0,5.0,5.0,4.0,,4.0,,4.0,5.0,2.0,,,,6.0,,2.0,7.0,3.0,5.0,5.0,5.0,6.0,6.0,6.0,60.0,65.0,50.0,45.0,65.0,65.0,55.0,75.0,70.0,80.0,4.0,,7.0,1.0,1.0,1.0,1.0,1.0,1.0,1.0,1.0,1.0,1.0,,,,,,,1.0,2.0,2.0,1.0,2.0,2.0,1.0,1.0,2.0,1.0,2.0,2.0,2.0,1.0,2.0,2.0,2.0,2.0,2.0,2.0,2.0,1.0,1.0,2.0,2.0,1.0,1.0,2.0,2.0,2.0,1.0,2.0,2.0,1.0,1.0,2.0,2.0,2.0,1.0,2.0,,4.0,,,5.0,,18.0,,,,3.0
pid_1659,,2.0,,2.0,2.0,54.0,,,2.0,380.0,,,,70.0,,1.0,4.0,5.0,1.0,1.0,5.0,5.0,4.0,5.0,5.0,5.0,,5.0,,4.0,5.0,2.0,,,,,4.0,1.0,7.0,5.0,5.0,5.0,3.0,5.0,6.0,6.0,65.0,65.0,45.0,40.0,60.0,68.0,55.0,75.0,70.0,80.0,4.0,,6.0,1.0,1.0,1.0,1.0,1.0,1.0,1.0,1.0,1.0,1.0,,,,,,,2.0,1.0,2.0,1.0,2.0,2.0,2.0,2.0,1.0,1.0,2.0,2.0,1.0,2.0,2.0,2.0,1.0,1.0,2.0,1.0,2.0,1.0,2.0,1.0,2.0,1.0,2.0,1.0,2.0,1.0,1.0,2.0,1.0,2.0,2.0,1.0,2.0,1.0,1.0,1.0,,5.0,,,6.0,,18.0,,,,4.0
pid_1660,1.0,,1.0,,,,1.0,54.0,2.0,380.0,,,,75.0,,1.0,5.0,5.0,1.0,1.0,5.0,5.0,4.0,5.0,5.0,5.0,,,5.0,,,,4.0,5.0,5.0,,4.0,2.0,7.0,5.0,5.0,5.0,5.0,6.0,6.0,6.0,55.0,55.0,42.0,35.0,60.0,58.0,48.0,65.0,62.0,75.0,4.0,,6.0,1.0,1.0,1.0,1.0,1.0,1.0,1.0,1.0,1.0,1.0,,,,,,,1.0,1.0,1.0,1.0,1.0,2.0,2.0,2.0,2.0,1.0,2.0,2.0,2.0,2.0,2.0,2.0,2.0,2.0,1.0,2.0,1.0,2.0,2.0,2.0,2.0,1.0,2.0,1.0,2.0,1.0,2.0,2.0,1.0,2.0,2.0,2.0,2.0,2.0,2.0,2.0,,,5.0,,,5.0,,12.0,1.0,,
pid_1661,1.0,,1.0,,,,1.0,54.0,,,1.0,379.0,40.0,,,2.0,4.0,5.0,1.0,1.0,5.0,5.0,4.0,5.0,5.0,5.0,,,5.0,,,,4.0,5.0,5.0,,4.0,2.0,7.0,5.0,5.0,5.0,5.0,6.0,6.0,6.0,60.0,60.0,45.0,40.0,58.0,65.0,55.0,75.0,65.0,80.0,4.0,7.0,,,,,,,,,,,,1.0,1.0,1.0,1.0,1.0,1.0,2.0,1.0,1.0,1.0,2.0,2.0,2.0,2.0,1.0,2.0,2.0,2.0,2.0,1.0,2.0,2.0,2.0,2.0,1.0,2.0,2.0,1.0,2.0,2.0,2.0,1.0,2.0,1.0,2.0,1.0,2.0,2.0,2.0,1.0,2.0,2.0,1.0,2.0,2.0,2.0,,,5.0,,,6.0,,20.0,,9.0,
pid_1662,,2.0,,1.0,,,1.0,54.0,2.0,380.0,,,30.0,,,2.0,4.0,5.0,2.0,1.0,5.0,4.0,4.0,5.0,4.0,5.0,2.0,,,,,,4.0,5.0,3.0,,4.0,1.0,6.0,5.0,5.0,5.0,5.0,6.0,6.0,6.0,55.0,65.0,55.0,45.0,60.0,65.0,50.0,70.0,65.0,80.0,4.0,,6.0,1.0,1.0,1.0,1.0,1.0,1.0,1.0,1.0,1.0,1.0,,,,,,,2.0,2.0,2.0,2.0,1.0,1.0,2.0,2.0,2.0,2.0,2.0,1.0,2.0,2.0,1.0,2.0,2.0,1.0,2.0,2.0,1.0,2.0,2.0,1.0,2.0,2.0,2.0,1.0,2.0,1.0,1.0,1.0,2.0,2.0,2.0,1.0,1.0,1.0,2.0,1.0,4.0,,,6.0,,,16.0,,,,4.0
pid_1663,1.0,,1.0,,,,1.0,54.0,2.0,380.0,,,30.0,,2.0,,5.0,5.0,1.0,1.0,5.0,5.0,4.0,5.0,5.0,5.0,2.0,,,,,,4.0,5.0,5.0,,6.0,2.0,7.0,5.0,5.0,6.0,5.0,5.0,6.0,6.0,55.0,61.0,42.0,39.0,62.0,58.0,53.0,72.0,66.0,80.0,4.0,,6.0,,,,,,,,,,,1.0,1.0,1.0,1.0,1.0,1.0,1.0,1.0,2.0,1.0,2.0,1.0,2.0,1.0,1.0,1.0,2.0,1.0,2.0,1.0,1.0,2.0,2.0,1.0,2.0,2.0,2.0,2.0,2.0,2.0,1.0,2.0,2.0,1.0,2.0,1.0,2.0,1.0,2.0,1.0,2.0,1.0,1.0,2.0,2.0,2.0,5.0,,,6.0,,,,5.0,,,4.0
pid_1664,1.0,,1.0,,,,1.0,54.0,2.0,300.0,,,60.0,,,1.0,5.0,5.0,1.0,1.0,5.0,5.0,5.0,5.0,5.0,5.0,,,5.0,4.0,5.0,2.0,,,,4.0,,1.0,7.0,5.0,5.0,3.0,3.0,5.0,6.0,6.0,60.0,65.0,35.0,30.0,65.0,65.0,55.0,75.0,70.0,80.0,4.0,6.0,,,,,,,,,,,,1.0,1.0,1.0,1.0,1.0,1.0,2.0,1.0,1.0,2.0,2.0,2.0,2.0,2.0,2.0,2.0,2.0,2.0,2.0,2.0,1.0,1.0,1.0,2.0,2.0,1.0,2.0,2.0,1.0,1.0,2.0,2.0,2.0,2.0,2.0,1.0,2.0,2.0,2.0,2.0,2.0,2.0,2.0,1.0,2.0,2.0,,,5.0,,,6.0,,20.0,2.0,,
pid_1665,1.0,,1.0,,2.0,54.0,,,,,1.0,380.0,30.0,,3.0,,5.0,5.0,1.0,1.0,5.0,5.0,5.0,5.0,5.0,5.0,2.0,,,,,,4.0,3.0,5.0,,4.0,2.0,7.0,3.0,6.0,5.0,5.0,5.0,6.0,6.0,55.0,55.0,40.0,35.0,60.0,58.0,55.0,70.0,65.0,75.0,4.0,6.0,,1.0,1.0,1.0,1.0,1.0,1.0,1.0,1.0,1.0,1.0,,,,,,,2.0,1.0,2.0,2.0,2.0,1.0,2.0,2.0,1.0,2.0,2.0,1.0,2.0,1.0,2.0,2.0,2.0,1.0,1.0,2.0,2.0,2.0,1.0,2.0,2.0,2.0,2.0,1.0,2.0,1.0,2.0,2.0,1.0,2.0,1.0,2.0,2.0,1.0,2.0,2.0,5.0,,,6.0,,,18.0,,2.0,,
pid_1666,,2.0,1.0,,2.0,54.0,,,,,1.0,200.0,,70.0,2.0,,4.0,5.0,2.0,2.0,5.0,5.0,4.0,5.0,5.0,5.0,,5.0,,,,,4.0,3.0,5.0,4.0,,2.0,7.0,5.0,5.0,3.0,5.0,6.0,6.0,6.0,55.0,65.0,45.0,35.0,58.0,65.0,50.0,70.0,65.0,75.0,4.0,,6.0,,,,,,,,,,,1.0,1.0,1.0,1.0,1.0,1.0,1.0,1.0,2.0,2.0,1.0,1.0,1.0,2.0,2.0,2.0,2.0,2.0,2.0,1.0,2.0,2.0,1.0,1.0,2.0,1.0,2.0,1.0,1.0,1.0,1.0,2.0,2.0,1.0,2.0,1.0,2.0,1.0,1.0,1.0,2.0,2.0,2.0,1.0,1.0,1.0,,5.0,,,6.0,,,20.0,,6.0,
pid_1667,,1.0,1.0,,,,1.0,54.0,2.0,380.0,,,,70.0,3.0,,5.0,5.0,1.0,1.0,5.0,5.0,4.0,5.0,5.0,5.0,,5.0,,4.0,5.0,3.0,,,,,4.0,1.0,7.0,3.0,5.0,5.0,3.0,5.0,6.0,6.0,55.0,58.0,42.0,36.0,58.0,60.0,52.0,72.0,65.0,78.0,4.0,,7.0,,,,,,,,,,,1.0,1.0,1.0,1.0,1.0,1.0,2.0,2.0,2.0,2.0,1.0,2.0,1.0,1.0,2.0,1.0,2.0,2.0,2.0,2.0,2.0,1.0,2.0,2.0,2.0,2.0,1.0,2.0,1.0,1.0,2.0,2.0,1.0,1.0,1.0,1.0,2.0,2.0,2.0,2.0,2.0,1.0,2.0,2.0,2.0,1.0,,5.0,,,6.0,,,20.0,3.0,,
pid_1668,,2.0,1.0,,2.0,54.0,,,2.0,379.0,,,,70.0,2.0,,4.0,4.0,2.0,2.0,4.0,4.0,4.0,5.0,4.0,4.0,,5.0,,,,,4.0,5.0,3.0,,4.0,2.0,7.0,5.0,5.0,5.0,5.0,6.0,6.0,6.0,55.0,58.0,48.0,35.0,60.0,62.0,48.0,68.0,65.0,75.0,4.0,,6.0,,,,,,,,,,,1.0,1.0,1.0,1.0,1.0,1.0,1.0,1.0,2.0,1.0,1.0,2.0,2.0,1.0,1.0,1.0,2.0,1.0,1.0,1.0,1.0,1.0,1.0,1.0,2.0,2.0,1.0,1.0,2.0,2.0,1.0,1.0,2.0,1.0,1.0,2.0,2.0,1.0,2.0,2.0,1.0,1.0,2.0,1.0,2.0,2.0,,5.0,,,6.0,,15.0,,1.0,,
pid_1669,1.0,,,2.0,,,1.0,54.0,2.0,379.0,,,,70.0,2.0,,4.0,5.0,1.0,1.0,5.0,5.0,4.0,5.0,5.0,5.0,1.0,,,,,,4.0,3.0,5.0,6.0,,1.0,7.0,3.0,5.0,5.0,5.0,6.0,6.0,6.0,55.0,65.0,40.0,45.0,60.0,60.0,55.0,70.0,65.0,75.0,4.0,6.0,,1.0,1.0,1.0,1.0,1.0,1.0,1.0,1.0,1.0,1.0,,,,,,,2.0,1.0,2.0,2.0,2.0,2.0,1.0,1.0,1.0,2.0,2.0,1.0,2.0,2.0,2.0,1.0,1.0,2.0,1.0,1.0,2.0,1.0,1.0,1.0,2.0,2.0,1.0,1.0,1.0,1.0,1.0,2.0,1.0,1.0,2.0,1.0,2.0,1.0,2.0,1.0,5.0,,,6.0,,,,4.0,3.0,,
pid_1670,,2.0,,2.0,2.0,54.0,,,,,1.0,380.0,30.0,,3.0,,4.0,5.0,1.0,1.0,5.0,4.0,4.0,5.0,5.0,5.0,2.0,,,4.0,5.0,2.0,,,,4.0,,1.0,7.0,3.0,5.0,5.0,3.0,6.0,6.0,5.0,55.0,54.0,38.0,45.0,60.0,58.0,52.0,68.0,64.0,72.0,4.0,5.0,,,,,,,,,,,,1.0,1.0,1.0,1.0,1.0,1.0,1.0,2.0,1.0,1.0,2.0,1.0,2.0,1.0,2.0,2.0,1.0,1.0,1.0,2.0,2.0,1.0,1.0,2.0,1.0,1.0,1.0,2.0,1.0,1.0,2.0,1.0,2.0,2.0,1.0,1.0,2.0,2.0,2.0,2.0,2.0,1.0,2.0,1.0,1.0,1.0,4.0,,,6.0,,,,15.0,,,3.0
pid_1672,1.0,,1.0,,2.0,54.0,,,,,1.0,379.0,30.0,,,2.0,2.0,2.0,4.0,4.0,4.0,4.0,1.0,4.0,2.0,4.0,,5.0,,4.0,5.0,2.0,,,,4.0,,1.0,6.0,5.0,5.0,5.0,5.0,5.0,6.0,6.0,60.0,60.0,55.0,45.0,55.0,65.0,45.0,65.0,65.0,75.0,4.0,6.0,,,,,,,,,,,,1.0,1.0,1.0,1.0,1.0,1.0,2.0,1.0,2.0,2.0,1.0,1.0,1.0,2.0,1.0,1.0,2.0,2.0,2.0,2.0,2.0,2.0,1.0,2.0,1.0,2.0,2.0,1.0,1.0,2.0,1.0,2.0,2.0,1.0,2.0,1.0,1.0,2.0,1.0,1.0,2.0,1.0,2.0,1.0,1.0,1.0,,4.0,,,5.0,,,20.0,,,3.0
pid_1673,,1.0,,2.0,,,1.0,54.0,,,1.0,380.0,,70.0,2.0,,4.0,5.0,1.0,1.0,5.0,5.0,4.0,5.0,5.0,5.0,,,5.0,,,,4.0,5.0,3.0,,4.0,1.0,7.0,2.0,5.0,5.0,5.0,6.0,6.0,6.0,55.0,55.0,42.0,38.0,58.0,60.0,48.0,68.0,64.0,78.0,4.0,6.0,,,,,,,,,,,,1.0,1.0,1.0,1.0,1.0,1.0,1.0,2.0,1.0,2.0,2.0,2.0,2.0,2.0,2.0,1.0,1.0,1.0,1.0,2.0,2.0,2.0,2.0,2.0,2.0,2.0,1.0,2.0,2.0,1.0,2.0,1.0,2.0,2.0,1.0,1.0,2.0,2.0,1.0,2.0,2.0,2.0,2.0,2.0,1.0,2.0,,,5.0,,,6.0,,10.0,2.0,,
pid_1674,1.0,,1.0,,2.0,54.0,,,,,1.0,379.0,,70.0,2.0,,4.0,5.0,1.0,1.0,5.0,5.0,4.0,5.0,5.0,5.0,,,5.0,4.0,5.0,3.0,,,,,4.0,2.0,7.0,5.0,5.0,5.0,5.0,5.0,6.0,6.0,60.0,63.0,42.0,38.0,58.0,63.0,55.0,72.0,67.0,75.0,4.0,,6.0,,,,,,,,,,,1.0,1.0,1.0,1.0,1.0,1.0,2.0,2.0,2.0,2.0,1.0,1.0,2.0,2.0,2.0,2.0,1.0,1.0,2.0,1.0,2.0,2.0,2.0,2.0,1.0,2.0,1.0,1.0,1.0,2.0,2.0,1.0,1.0,1.0,1.0,2.0,2.0,2.0,2.0,2.0,1.0,1.0,2.0,2.0,2.0,1.0,,,4.0,,,6.0,18.0,,,,3.0
pid_1675,1.0,,1.0,,,,1.0,30.0,,,1.0,100.0,,70.0,,2.0,4.0,5.0,1.0,1.0,5.0,5.0,4.0,5.0,5.0,5.0,4.0,,,,,,4.0,5.0,5.0,4.0,,2.0,6.0,5.0,3.0,5.0,5.0,6.0,6.0,6.0,55.0,60.0,40.0,35.0,60.0,65.0,50.0,70.0,65.0,75.0,4.0,,6.0,,,,,,,,,,,1.0,1.0,1.0,1.0,1.0,1.0,2.0,1.0,2.0,2.0,2.0,1.0,1.0,1.0,1.0,1.0,2.0,1.0,1.0,1.0,1.0,2.0,1.0,1.0,1.0,2.0,1.0,2.0,1.0,2.0,2.0,1.0,2.0,1.0,2.0,2.0,1.0,2.0,1.0,2.0,1.0,2.0,2.0,2.0,1.0,1.0,4.0,,,6.0,,,15.0,,1.0,,
pid_1676,,1.0,1.0,,2.0,30.0,,,,,1.0,100.0,40.0,,2.0,,2.0,1.0,5.0,4.0,2.0,2.0,1.0,2.0,2.0,4.0,,5.0,,,,,4.0,5.0,5.0,6.0,,1.0,6.0,5.0,5.0,5.0,5.0,6.0,6.0,6.0,55.0,65.0,60.0,45.0,50.0,55.0,45.0,65.0,65.0,80.0,4.0,7.0,,,,,,,,,,,,1.0,1.0,1.0,1.0,1.0,1.0,1.0,2.0,1.0,1.0,2.0,1.0,1.0,1.0,1.0,2.0,1.0,2.0,1.0,2.0,1.0,2.0,2.0,1.0,1.0,1.0,2.0,2.0,1.0,2.0,1.0,2.0,1.0,2.0,2.0,2.0,1.0,1.0,1.0,1.0,2.0,2.0,1.0,2.0,2.0,1.0,,5.0,,,6.0,,18.0,,,,6.0
pid_1677,,1.0,,2.0,,,1.0,54.0,,,1.0,379.0,40.0,,,2.0,2.0,1.0,5.0,4.0,4.0,4.0,1.0,4.0,1.0,4.0,,,5.0,4.0,5.0,2.0,,,,4.0,,2.0,7.0,5.0,5.0,5.0,3.0,5.0,6.0,6.0,45.0,45.0,65.0,55.0,55.0,60.0,50.0,65.0,60.0,75.0,4.0,,6.0,,,,,,,,,,,1.0,1.0,1.0,1.0,1.0,1.0,1.0,2.0,2.0,1.0,2.0,2.0,2.0,1.0,2.0,1.0,1.0,2.0,2.0,1.0,2.0,2.0,1.0,2.0,1.0,1.0,2.0,2.0,1.0,1.0,2.0,1.0,2.0,2.0,1.0,1.0,2.0,1.0,2.0,1.0,2.0,2.0,1.0,2.0,1.0,1.0,,,5.0,,,6.0,18.0,,,9.0,
pid_1678,,1.0,1.0,,,,1.0,30.0,2.0,400.0,,,30.0,,,2.0,4.0,5.0,1.0,1.0,5.0,5.0,4.0,5.0,5.0,5.0,,,5.0,4.0,5.0,3.0,,,,,4.0,1.0,7.0,3.0,5.0,5.0,3.0,5.0,6.0,6.0,55.0,45.0,50.0,35.0,50.0,60.0,50.0,70.0,65.0,75.0,4.0,,6.0,,,,,,,,,,,1.0,1.0,1.0,1.0,1.0,1.0,2.0,1.0,2.0,2.0,1.0,1.0,1.0,1.0,2.0,2.0,1.0,1.0,1.0,1.0,2.0,2.0,1.0,2.0,1.0,2.0,1.0,2.0,2.0,2.0,2.0,1.0,2.0,2.0,2.0,1.0,1.0,2.0,2.0,2.0,2.0,1.0,1.0,1.0,1.0,1.0,,,5.0,,,6.0,3.0,,,10.0,
pid_1679,1.0,,1.0,,,,1.0,54.0,,,1.0,379.0,,75.0,2.0,,2.0,5.0,5.0,4.0,2.0,2.0,1.0,2.0,2.0,4.0,,5.0,,,,,3.0,4.0,5.0,,4.0,1.0,6.0,5.0,5.0,5.0,3.0,5.0,6.0,5.0,55.0,56.0,61.0,48.0,52.0,58.0,48.0,68.0,62.0,71.0,4.0,,6.0,,,,,,,,,,,1.0,1.0,1.0,1.0,1.0,1.0,1.0,2.0,1.0,2.0,2.0,2.0,2.0,1.0,1.0,2.0,1.0,1.0,2.0,2.0,2.0,2.0,1.0,1.0,1.0,1.0,2.0,2.0,2.0,1.0,2.0,1.0,2.0,2.0,2.0,2.0,1.0,1.0,1.0,1.0,1.0,2.0,2.0,1.0,1.0,1.0,,4.0,,,5.0,,18.0,,,9.0,
pid_1680,1.0,,1.0,,2.0,55.0,,,2.0,350.0,,,,70.0,,2.0,5.0,5.0,1.0,1.0,5.0,5.0,4.0,5.0,5.0,5.0,,5.0,,,,,4.0,3.0,3.0,,4.0,2.0,7.0,5.0,5.0,5.0,5.0,5.0,6.0,6.0,55.0,58.0,45.0,38.0,62.0,65.0,48.0,72.0,68.0,75.0,4.0,,6.0,,,,,,,,,,,1.0,1.0,1.0,1.0,1.0,1.0,1.0,2.0,1.0,1.0,2.0,1.0,2.0,2.0,2.0,2.0,1.0,1.0,2.0,2.0,2.0,2.0,1.0,2.0,2.0,1.0,2.0,2.0,1.0,1.0,2.0,2.0,2.0,2.0,2.0,1.0,2.0,2.0,2.0,2.0,1.0,2.0,2.0,1.0,1.0,1.0,,5.0,,,6.0,,16.0,,3.0,,
pid_1681,1.0,,,1.0,,,1.0,30.0,,,1.0,380.0,30.0,,,1.0,4.0,5.0,1.0,1.0,5.0,5.0,4.0,5.0,5.0,5.0,,5.0,,4.0,5.0,3.0,,,,4.0,,2.0,6.0,5.0,5.0,5.0,3.0,5.0,6.0,6.0,55.0,55.0,45.0,40.0,60.0,58.0,50.0,70.0,65.0,75.0,4.0,6.0,,1.0,1.0,1.0,1.0,1.0,1.0,1.0,1.0,1.0,1.0,,,,,,,1.0,2.0,1.0,1.0,1.0,2.0,1.0,2.0,1.0,2.0,2.0,2.0,1.0,2.0,1.0,1.0,1.0,2.0,2.0,1.0,2.0,2.0,1.0,1.0,1.0,2.0,1.0,2.0,2.0,1.0,2.0,1.0,1.0,1.0,2.0,2.0,2.0,1.0,2.0,2.0,,4.0,,,5.0,,,10.0,1.0,,
pid_1682,1.0,,1.0,,2.0,54.0,,,,,1.0,380.0,,70.0,3.0,,4.0,4.0,2.0,2.0,5.0,5.0,2.0,5.0,5.0,5.0,4.0,,,4.0,5.0,3.0,,,,4.0,,2.0,7.0,5.0,5.0,5.0,5.0,6.0,6.0,6.0,45.0,60.0,40.0,45.0,60.0,65.0,50.0,70.0,65.0,75.0,4.0,,7.0,1.0,1.0,1.0,1.0,1.0,1.0,1.0,1.0,1.0,1.0,,,,,,,1.0,1.0,2.0,2.0,1.0,1.0,2.0,1.0,2.0,2.0,1.0,1.0,1.0,1.0,1.0,1.0,2.0,1.0,1.0,1.0,2.0,2.0,2.0,1.0,1.0,2.0,1.0,2.0,1.0,1.0,2.0,2.0,2.0,1.0,2.0,2.0,2.0,1.0,2.0,1.0,4.0,,,6.0,,,,18.0,2.0,,
pid_1683,,1.0,,2.0,2.0,54.0,,,,,1.0,150.0,30.0,,5.0,,4.0,5.0,2.0,1.0,5.0,4.0,2.0,5.0,4.0,5.0,,5.0,,,,,4.0,5.0,5.0,4.0,,2.0,6.0,5.0,5.0,5.0,3.0,5.0,6.0,5.0,55.0,60.0,45.0,35.0,60.0,58.0,52.0,70.0,65.0,75.0,4.0,6.0,,1.0,1.0,1.0,1.0,1.0,1.0,1.0,1.0,1.0,1.0,,,,,,,1.0,1.0,1.0,2.0,1.0,2.0,1.0,2.0,2.0,1.0,2.0,1.0,2.0,2.0,2.0,2.0,2.0,1.0,1.0,2.0,1.0,1.0,2.0,2.0,2.0,2.0,1.0,1.0,1.0,1.0,1.0,2.0,2.0,2.0,1.0,2.0,2.0,1.0,2.0,2.0,,5.0,,,6.0,,18.0,,,,2.0
pid_1684,,1.0,,2.0,2.0,54.0,,,,,1.0,380.0,30.0,,2.0,,2.0,2.0,5.0,4.0,2.0,2.0,1.0,3.0,2.0,4.0,,5.0,,,,,4.0,4.0,3.0,6.0,,2.0,6.0,5.0,5.0,5.0,5.0,6.0,6.0,6.0,50.0,60.0,55.0,50.0,60.0,65.0,50.0,70.0,65.0,75.0,4.0,,6.0,,,,,,,,,,,1.0,1.0,1.0,1.0,1.0,1.0,1.0,2.0,2.0,2.0,2.0,1.0,1.0,2.0,2.0,1.0,1.0,1.0,2.0,2.0,1.0,2.0,1.0,2.0,2.0,1.0,2.0,2.0,2.0,1.0,2.0,1.0,2.0,2.0,2.0,1.0,2.0,1.0,2.0,2.0,2.0,1.0,2.0,1.0,1.0,2.0,,5.0,,,6.0,,18.0,,2.0,,
pid_1685,,1.0,,1.0,2.0,54.0,,,,,1.0,380.0,,75.0,3.0,,4.0,5.0,1.0,1.0,5.0,5.0,4.0,5.0,5.0,5.0,1.0,,,4.0,5.0,3.0,,,,,4.0,2.0,6.0,5.0,5.0,5.0,5.0,5.0,6.0,6.0,60.0,65.0,45.0,35.0,65.0,65.0,55.0,75.0,70.0,80.0,4.0,6.0,,,,,,,,,,,,1.0,1.0,1.0,1.0,1.0,1.0,2.0,2.0,1.0,2.0,2.0,2.0,1.0,2.0,2.0,2.0,2.0,1.0,2.0,2.0,2.0,1.0,1.0,2.0,2.0,2.0,2.0,1.0,1.0,2.0,2.0,1.0,1.0,2.0,2.0,2.0,2.0,1.0,2.0,2.0,2.0,1.0,2.0,1.0,2.0,1.0,4.0,,,6.0,,,18.0,,,,3.0
pid_1686,,1.0,1.0,,2.0,54.0,,,2.0,379.0,,,40.0,,,2.0,4.0,2.0,5.0,4.0,4.0,4.0,1.0,4.0,2.0,4.0,2.0,,,4.0,3.0,2.0,,,,,4.0,1.0,6.0,5.0,5.0,5.0,2.0,6.0,6.0,6.0,55.0,58.0,65.0,45.0,60.0,58.0,50.0,68.0,62.0,75.0,4.0,6.0,,,,,,,,,,,,1.0,1.0,1.0,1.0,1.0,1.0,1.0,1.0,1.0,2.0,2.0,2.0,2.0,1.0,2.0,2.0,2.0,2.0,1.0,1.0,2.0,1.0,1.0,2.0,1.0,2.0,1.0,2.0,1.0,1.0,1.0,1.0,2.0,2.0,2.0,1.0,1.0,2.0,1.0,2.0,1.0,1.0,2.0,2.0,2.0,2.0,4.0,,,5.0,,,18.0,,,,4.0
pid_1687,1.0,,,2.0,,,1.0,20.0,2.0,350.0,,,,70.0,2.0,,5.0,5.0,1.0,1.0,5.0,5.0,4.0,5.0,5.0,5.0,,,5.0,4.0,5.0,2.0,,,,6.0,,2.0,7.0,5.0,5.0,3.0,5.0,5.0,6.0,6.0,55.0,55.0,40.0,35.0,60.0,65.0,55.0,70.0,65.0,75.0,4.0,6.0,,1.0,1.0,1.0,1.0,1.0,1.0,1.0,1.0,1.0,1.0,,,,,,,2.0,1.0,1.0,1.0,1.0,2.0,1.0,2.0,1.0,1.0,2.0,2.0,1.0,2.0,2.0,2.0,2.0,2.0,2.0,2.0,1.0,1.0,2.0,2.0,1.0,1.0,2.0,1.0,1.0,2.0,2.0,1.0,2.0,1.0,1.0,2.0,1.0,1.0,2.0,2.0,,,5.0,,,6.0,,12.0,1.0,,
pid_1688,1.0,,,2.0,,,1.0,20.0,2.0,300.0,,,,80.0,,3.0,2.0,2.0,4.0,4.0,4.0,2.0,1.0,4.0,2.0,4.0,1.0,,,4.0,5.0,,,,,4.0,,2.0,6.0,5.0,5.0,5.0,5.0,5.0,6.0,6.0,45.0,55.0,60.0,50.0,60.0,55.0,45.0,70.0,65.0,80.0,4.0,6.0,,1.0,1.0,1.0,1.0,1.0,1.0,1.0,1.0,1.0,1.0,,,,,,,2.0,1.0,2.0,1.0,1.0,2.0,2.0,2.0,1.0,1.0,2.0,2.0,2.0,1.0,2.0,2.0,1.0,1.0,2.0,2.0,2.0,2.0,1.0,2.0,1.0,2.0,2.0,1.0,1.0,1.0,2.0,1.0,2.0,1.0,1.0,1.0,1.0,2.0,1.0,2.0,4.0,,,5.0,,,,16.0,,9.0,
pid_1689,,2.0,2.0,,,,1.0,30.0,2.0,350.0,,,30.0,,4.0,,4.0,5.0,2.0,1.0,4.0,4.0,2.0,5.0,4.0,5.0,4.0,,,4.0,5.0,3.0,,,,,4.0,1.0,7.0,3.0,5.0,5.0,5.0,5.0,6.0,6.0,60.0,65.0,45.0,40.0,55.0,60.0,50.0,70.0,65.0,75.0,4.0,6.0,,,,,,,,,,,,1.0,1.0,1.0,1.0,1.0,1.0,1.0,2.0,2.0,2.0,1.0,1.0,1.0,1.0,2.0,2.0,1.0,2.0,2.0,2.0,1.0,1.0,2.0,2.0,2.0,2.0,2.0,1.0,1.0,2.0,2.0,1.0,2.0,1.0,2.0,1.0,1.0,1.0,1.0,2.0,1.0,1.0,1.0,2.0,1.0,2.0,5.0,,,6.0,,,15.0,,,6.0,
pid_1690,1.0,,,2.0,,,1.0,54.0,,,1.0,380.0,30.0,,2.0,,4.0,2.0,5.0,4.0,4.0,4.0,1.0,4.0,2.0,4.0,,5.0,,,,,4.0,5.0,3.0,4.0,,2.0,7.0,5.0,5.0,5.0,3.0,5.0,6.0,6.0,60.0,58.0,62.0,55.0,55.0,58.0,52.0,70.0,65.0,78.0,4.0,,7.0,1.0,1.0,1.0,1.0,1.0,1.0,1.0,1.0,1.0,1.0,,,,,,,1.0,1.0,2.0,1.0,2.0,2.0,2.0,2.0,1.0,2.0,2.0,1.0,2.0,2.0,2.0,1.0,1.0,2.0,1.0,2.0,1.0,2.0,2.0,2.0,1.0,2.0,2.0,2.0,1.0,2.0,1.0,1.0,1.0,1.0,2.0,1.0,2.0,1.0,2.0,2.0,,5.0,,,6.0,,18.0,,,,3.0
pid_1691,1.0,,2.0,,,,1.0,20.0,,,1.0,200.0,,70.0,4.0,,4.0,5.0,1.0,1.0,5.0,5.0,5.0,5.0,5.0,5.0,,,5.0,,,,4.0,5.0,5.0,6.0,,1.0,7.0,3.0,5.0,5.0,3.0,5.0,6.0,6.0,55.0,65.0,35.0,30.0,60.0,65.0,55.0,75.0,70.0,80.0,4.0,5.0,,,,,,,,,,,,1.0,1.0,1.0,1.0,1.0,1.0,1.0,2.0,1.0,2.0,2.0,2.0,2.0,2.0,2.0,2.0,2.0,2.0,1.0,2.0,2.0,1.0,1.0,2.0,1.0,2.0,1.0,2.0,1.0,1.0,1.0,2.0,1.0,1.0,2.0,2.0,2.0,1.0,1.0,2.0,1.0,1.0,1.0,2.0,1.0,2.0,,,5.0,,,6.0,15.0,,,,3.0
pid_1692,,1.0,,2.0,2.0,54.0,,,,,1.0,379.0,,70.0,2.0,,5.0,5.0,1.0,1.0,5.0,5.0,4.0,5.0,5.0,5.0,,,5.0,4.0,5.0,2.0,,,,,4.0,1.0,6.0,3.0,5.0,5.0,5.0,6.0,6.0,6.0,55.0,52.0,48.0,38.0,58.0,60.0,55.0,72.0,65.0,78.0,4.0,,7.0,,,,,,,,,,,1.0,1.0,1.0,1.0,1.0,1.0,1.0,2.0,2.0,2.0,1.0,2.0,2.0,2.0,1.0,1.0,2.0,1.0,1.0,2.0,2.0,2.0,2.0,1.0,2.0,1.0,2.0,1.0,1.0,1.0,2.0,2.0,1.0,2.0,2.0,2.0,1.0,2.0,1.0,2.0,2.0,2.0,1.0,1.0,1.0,2.0,,,5.0,,,6.0,17.0,,,9.0,
pid_1693,,2.0,1.0,,2.0,60.0,,,,,1.0,120.0,30.0,,,1.0,4.0,5.0,1.0,1.0,5.0,5.0,4.0,5.0,5.0,5.0,,5.0,,,,,4.0,5.0,5.0,,4.0,1.0,6.0,3.0,5.0,5.0,5.0,6.0,6.0,6.0,60.0,65.0,45.0,35.0,58.0,65.0,55.0,75.0,70.0,75.0,4.0,,7.0,1.0,1.0,1.0,1.0,1.0,1.0,1.0,1.0,1.0,1.0,,,,,,,1.0,1.0,1.0,2.0,1.0,1.0,2.0,2.0,2.0,1.0,1.0,1.0,2.0,1.0,2.0,1.0,2.0,2.0,1.0,1.0,2.0,2.0,2.0,1.0,1.0,2.0,1.0,2.0,2.0,1.0,1.0,1.0,1.0,2.0,2.0,2.0,1.0,1.0,2.0,1.0,,5.0,,,6.0,,,0.0,,9.0,
pid_1694,,1.0,1.0,,2.0,54.0,,,2.0,379.0,,,,75.0,2.0,,4.0,4.0,2.0,2.0,4.0,4.0,4.0,5.0,4.0,4.0,,4.0,,4.0,3.0,2.0,,,,,4.0,1.0,6.0,3.0,5.0,5.0,5.0,6.0,6.0,6.0,55.0,55.0,45.0,40.0,60.0,58.0,50.0,65.0,65.0,75.0,4.0,,6.0,1.0,1.0,1.0,1.0,1.0,1.0,1.0,1.0,1.0,1.0,,,,,,,1.0,1.0,1.0,1.0,1.0,2.0,2.0,2.0,1.0,2.0,1.0,2.0,2.0,1.0,2.0,2.0,1.0,1.0,2.0,2.0,1.0,2.0,1.0,2.0,2.0,2.0,2.0,1.0,1.0,1.0,1.0,1.0,2.0,1.0,1.0,1.0,2.0,2.0,1.0,2.0,,4.0,,,6.0,,,15.0,,,4.0
pid_1695,1.0,,2.0,,2.0,54.0,,,,,1.0,380.0,,85.0,,3.0,5.0,5.0,1.0,1.0,5.0,5.0,4.0,5.0,5.0,5.0,,5.0,,4.0,5.0,2.0,,,,,6.0,2.0,6.0,5.0,5.0,3.0,5.0,5.0,6.0,6.0,55.0,65.0,45.0,40.0,65.0,60.0,55.0,75.0,70.0,80.0,4.0,6.0,,1.0,1.0,1.0,1.0,1.0,1.0,1.0,1.0,1.0,1.0,,,,,,,2.0,2.0,1.0,2.0,1.0,2.0,1.0,1.0,1.0,1.0,2.0,2.0,2.0,1.0,1.0,1.0,2.0,2.0,1.0,2.0,1.0,2.0,1.0,1.0,2.0,1.0,1.0,2.0,2.0,2.0,1.0,2.0,2.0,2.0,2.0,1.0,1.0,1.0,2.0,2.0,,5.0,,,6.0,,18.0,,2.0,,
pid_1696,,1.0,1.0,,2.0,35.0,,,2.0,380.0,,,40.0,,,2.0,5.0,5.0,1.0,1.0,5.0,5.0,5.0,5.0,5.0,5.0,,5.0,,5.0,5.0,2.0,,,,,4.0,1.0,7.0,5.0,5.0,5.0,5.0,6.0,6.0,6.0,55.0,60.0,35.0,40.0,65.0,70.0,55.0,75.0,70.0,80.0,4.0,,6.0,,,,,,,,,,,1.0,1.0,1.0,1.0,1.0,1.0,1.0,1.0,2.0,1.0,2.0,2.0,1.0,2.0,2.0,2.0,2.0,2.0,2.0,2.0,1.0,2.0,1.0,1.0,1.0,2.0,2.0,2.0,2.0,2.0,1.0,2.0,1.0,1.0,2.0,2.0,2.0,2.0,2.0,2.0,2.0,2.0,1.0,1.0,2.0,2.0,,4.0,,,6.0,,,18.0,3.0,,
pid_1697,1.0,,1.0,,,,1.0,54.0,,,1.0,380.0,30.0,,,3.0,4.0,5.0,1.0,1.0,5.0,5.0,4.0,5.0,5.0,5.0,,,5.0,,,,4.0,5.0,5.0,6.0,,1.0,6.0,3.0,5.0,5.0,5.0,5.0,6.0,6.0,55.0,70.0,45.0,35.0,60.0,65.0,55.0,75.0,65.0,80.0,4.0,,6.0,1.0,1.0,1.0,1.0,1.0,1.0,1.0,1.0,1.0,1.0,,,,,,,1.0,2.0,2.0,1.0,1.0,2.0,1.0,2.0,1.0,2.0,2.0,2.0,1.0,1.0,1.0,2.0,1.0,1.0,2.0,2.0,1.0,1.0,2.0,1.0,1.0,1.0,2.0,2.0,1.0,2.0,2.0,1.0,1.0,2.0,1.0,2.0,2.0,2.0,1.0,2.0,,,5.0,,,6.0,17.0,,,,3.0
pid_1698,1.0,,,2.0,2.0,54.0,,,2.0,380.0,,,40.0,,2.0,,4.0,4.0,1.0,2.0,5.0,4.0,4.0,5.0,5.0,5.0,,,4.0,4.0,5.0,3.0,,,,,4.0,1.0,7.0,5.0,5.0,5.0,5.0,6.0,6.0,6.0,55.0,60.0,50.0,40.0,60.0,65.0,50.0,75.0,65.0,75.0,4.0,,6.0,,,,,,,,,,,1.0,1.0,1.0,1.0,1.0,1.0,2.0,2.0,2.0,1.0,1.0,2.0,1.0,1.0,1.0,2.0,1.0,2.0,1.0,1.0,1.0,2.0,1.0,2.0,1.0,2.0,2.0,1.0,2.0,1.0,1.0,1.0,1.0,1.0,2.0,1.0,1.0,1.0,1.0,2.0,1.0,1.0,2.0,2.0,1.0,2.0,,,4.0,,,5.0,,18.0,3.0,,
pid_1699,1.0,,1.0,,,,1.0,54.0,2.0,380.0,,,30.0,,,2.0,4.0,5.0,1.0,1.0,5.0,5.0,4.0,5.0,5.0,5.0,,5.0,,,,,3.0,4.0,5.0,,4.0,1.0,6.0,5.0,5.0,5.0,5.0,6.0,6.0,6.0,55.0,60.0,40.0,45.0,60.0,58.0,52.0,70.0,65.0,75.0,4.0,6.0,,1.0,1.0,1.0,1.0,1.0,1.0,1.0,1.0,1.0,1.0,,,,,,,1.0,1.0,2.0,2.0,2.0,1.0,2.0,2.0,2.0,1.0,2.0,1.0,2.0,2.0,1.0,2.0,1.0,2.0,2.0,2.0,2.0,2.0,2.0,2.0,2.0,2.0,2.0,2.0,2.0,2.0,2.0,1.0,2.0,1.0,1.0,2.0,1.0,1.0,2.0,2.0,,5.0,,,6.0,,18.0,,,,3.0
pid_1700,1.0,,,1.0,2.0,54.0,,,,,1.0,379.0,,70.0,,2.0,4.0,5.0,1.0,1.0,5.0,5.0,4.0,5.0,5.0,5.0,1.0,,,,,,4.0,5.0,5.0,6.0,,2.0,6.0,5.0,6.0,5.0,5.0,5.0,6.0,6.0,60.0,65.0,40.0,45.0,58.0,62.0,55.0,70.0,68.0,75.0,4.0,,6.0,1.0,1.0,1.0,1.0,1.0,1.0,1.0,1.0,1.0,1.0,,,,,,,2.0,2.0,2.0,2.0,1.0,2.0,2.0,1.0,2.0,1.0,2.0,2.0,2.0,2.0,1.0,1.0,2.0,2.0,2.0,2.0,1.0,2.0,1.0,1.0,1.0,1.0,2.0,1.0,1.0,2.0,2.0,2.0,1.0,2.0,1.0,2.0,1.0,2.0,2.0,1.0,4.0,,,5.0,,,,4.0,,,4.0
pid_1701,1.0,,,2.0,2.0,54.0,,,2.0,380.0,,,,80.0,3.0,,2.0,4.0,5.0,4.0,4.0,4.0,1.0,4.0,2.0,4.0,,5.0,,,,,4.0,5.0,5.0,,4.0,1.0,6.0,5.0,5.0,5.0,3.0,5.0,6.0,6.0,45.0,55.0,60.0,45.0,55.0,50.0,40.0,60.0,65.0,70.0,4.0,6.0,,1.0,1.0,1.0,1.0,1.0,1.0,1.0,1.0,1.0,1.0,,,,,,,1.0,2.0,1.0,1.0,2.0,1.0,1.0,2.0,2.0,1.0,1.0,2.0,2.0,2.0,1.0,1.0,1.0,1.0,1.0,1.0,2.0,1.0,2.0,1.0,2.0,2.0,1.0,2.0,1.0,1.0,1.0,2.0,1.0,1.0,2.0,1.0,2.0,2.0,1.0,2.0,,5.0,,,6.0,,16.0,,,6.0,
pid_1702,,2.0,,2.0,2.0,54.0,,,2.0,380.0,,,,70.0,,5.0,4.0,4.0,2.0,2.0,4.0,4.0,2.0,4.0,4.0,4.0,,,5.0,,,,4.0,4.0,3.0,,4.0,1.0,6.0,5.0,5.0,5.0,5.0,5.0,6.0,6.0,55.0,55.0,48.0,42.0,58.0,62.0,48.0,65.0,60.0,70.0,4.0,7.0,,1.0,1.0,1.0,1.0,1.0,1.0,1.0,1.0,1.0,1.0,,,,,,,1.0,1.0,1.0,1.0,2.0,2.0,1.0,1.0,1.0,1.0,2.0,1.0,1.0,1.0,1.0,1.0,2.0,2.0,2.0,1.0,2.0,2.0,1.0,2.0,2.0,2.0,2.0,2.0,1.0,2.0,1.0,2.0,2.0,2.0,2.0,2.0,2.0,1.0,2.0,1.0,,,4.0,,,5.0,18.0,,2.0,,
pid_1703,1.0,,1.0,,2.0,54.0,,,,,1.0,180.0,30.0,,1.0,,5.0,5.0,1.0,1.0,5.0,5.0,4.0,5.0,5.0,5.0,,,5.0,,,,4.0,5.0,3.0,6.0,,1.0,6.0,5.0,5.0,3.0,3.0,5.0,6.0,6.0,55.0,62.0,38.0,35.0,60.0,62.0,55.0,72.0,68.0,78.0,4.0,6.0,,1.0,1.0,1.0,1.0,1.0,1.0,1.0,1.0,1.0,1.0,,,,,,,1.0,2.0,1.0,1.0,1.0,2.0,2.0,1.0,1.0,1.0,1.0,2.0,2.0,2.0,2.0,2.0,1.0,2.0,2.0,2.0,2.0,2.0,2.0,2.0,1.0,2.0,2.0,1.0,2.0,2.0,2.0,1.0,1.0,2.0,2.0,1.0,1.0,1.0,2.0,2.0,,,5.0,,,6.0,16.0,,,9.0,
pid_1704,1.0,,1.0,,,,1.0,54.0,,,1.0,379.0,30.0,,2.0,,5.0,5.0,1.0,1.0,5.0,5.0,5.0,5.0,5.0,5.0,,5.0,,5.0,5.0,3.0,,,,6.0,,1.0,7.0,3.0,5.0,5.0,5.0,6.0,6.0,6.0,55.0,55.0,35.0,30.0,60.0,58.0,52.0,68.0,65.0,75.0,4.0,7.0,,,,,,,,,,,,1.0,1.0,1.0,1.0,1.0,1.0,2.0,2.0,1.0,2.0,2.0,2.0,1.0,2.0,2.0,2.0,1.0,2.0,2.0,2.0,2.0,2.0,2.0,1.0,1.0,1.0,2.0,1.0,1.0,2.0,2.0,1.0,1.0,2.0,2.0,2.0,2.0,2.0,1.0,2.0,2.0,2.0,1.0,1.0,2.0,2.0,,5.0,,,6.0,,18.0,,,9.0,
pid_1705,,2.0,,2.0,2.0,54.0,,,2.0,380.0,,,30.0,,2.0,,5.0,5.0,2.0,2.0,4.0,5.0,4.0,5.0,4.0,4.0,,,5.0,,,,4.0,3.0,5.0,,4.0,2.0,7.0,5.0,5.0,6.0,5.0,5.0,6.0,6.0,60.0,60.0,50.0,45.0,55.0,65.0,55.0,70.0,65.0,80.0,4.0,6.0,,,,,,,,,,,,1.0,1.0,1.0,1.0,1.0,1.0,1.0,1.0,2.0,1.0,1.0,1.0,2.0,2.0,1.0,1.0,2.0,2.0,2.0,2.0,1.0,1.0,2.0,1.0,2.0,2.0,2.0,1.0,1.0,2.0,2.0,2.0,2.0,2.0,2.0,2.0,1.0,1.0,2.0,1.0,2.0,1.0,2.0,2.0,1.0,2.0,,,5.0,,,6.0,16.0,,3.0,,
pid_1706,,1.0,,2.0,2.0,60.0,,,,,1.0,200.0,30.0,,4.0,,2.0,1.0,5.0,4.0,4.0,2.0,1.0,4.0,2.0,4.0,1.0,,,4.0,5.0,3.0,,,,,4.0,2.0,6.0,5.0,5.0,5.0,5.0,5.0,6.0,6.0,55.0,55.0,60.0,45.0,60.0,58.0,50.0,70.0,65.0,75.0,4.0,,6.0,1.0,1.0,1.0,1.0,1.0,1.0,1.0,1.0,1.0,1.0,,,,,,,1.0,1.0,2.0,2.0,1.0,1.0,1.0,2.0,1.0,1.0,1.0,1.0,1.0,1.0,1.0,2.0,1.0,2.0,1.0,1.0,1.0,1.0,2.0,1.0,1.0,1.0,1.0,1.0,1.0,1.0,2.0,2.0,1.0,1.0,2.0,2.0,1.0,2.0,1.0,2.0,4.0,,,5.0,,,18.0,,,9.0,
pid_1707,1.0,,1.0,,2.0,54.0,,,2.0,350.0,,,,75.0,,1.0,4.0,4.0,2.0,1.0,5.0,5.0,2.0,5.0,4.0,5.0,1.0,,,5.0,5.0,3.0,,,,,4.0,2.0,7.0,5.0,5.0,5.0,5.0,6.0,6.0,6.0,60.0,60.0,55.0,35.0,55.0,65.0,50.0,75.0,65.0,75.0,4.0,,6.0,1.0,1.0,1.0,1.0,1.0,1.0,1.0,1.0,1.0,1.0,,,,,,,1.0,2.0,1.0,1.0,1.0,2.0,2.0,1.0,1.0,1.0,1.0,2.0,1.0,2.0,1.0,1.0,2.0,1.0,1.0,1.0,2.0,2.0,2.0,1.0,1.0,2.0,1.0,1.0,1.0,1.0,2.0,2.0,2.0,1.0,1.0,1.0,2.0,1.0,2.0,2.0,5.0,,,5.0,,,,20.0,2.0,,
pid_1708,1.0,,,2.0,,,1.0,30.0,,,1.0,100.0,,90.0,,1.0,2.0,2.0,4.0,4.0,3.0,2.0,1.0,4.0,4.0,4.0,,5.0,,,,,5.0,4.0,5.0,,4.0,2.0,7.0,5.0,5.0,5.0,3.0,5.0,6.0,5.0,60.0,65.0,55.0,50.0,55.0,65.0,50.0,70.0,65.0,80.0,4.0,6.0,,1.0,1.0,1.0,1.0,1.0,1.0,1.0,1.0,1.0,1.0,,,,,,,1.0,2.0,1.0,2.0,2.0,2.0,1.0,2.0,2.0,1.0,1.0,1.0,2.0,1.0,1.0,1.0,1.0,2.0,1.0,2.0,2.0,1.0,2.0,1.0,1.0,1.0,2.0,2.0,2.0,2.0,2.0,1.0,1.0,2.0,1.0,1.0,2.0,1.0,2.0,1.0,,5.0,,,6.0,,,10.0,2.0,,
pid_1709,,1.0,,2.0,2.0,50.0,,,,,1.0,380.0,30.0,,3.0,,4.0,5.0,2.0,1.0,5.0,5.0,4.0,5.0,5.0,5.0,,,5.0,4.0,5.0,3.0,,,,,4.0,2.0,6.0,5.0,5.0,3.0,3.0,5.0,6.0,6.0,60.0,65.0,45.0,35.0,55.0,60.0,50.0,70.0,65.0,75.0,4.0,,7.0,1.0,1.0,1.0,1.0,1.0,1.0,1.0,1.0,1.0,1.0,,,,,,,2.0,1.0,2.0,1.0,1.0,2.0,1.0,1.0,1.0,2.0,1.0,1.0,2.0,2.0,2.0,2.0,2.0,2.0,2.0,1.0,2.0,2.0,2.0,1.0,2.0,1.0,2.0,2.0,2.0,1.0,1.0,1.0,2.0,1.0,1.0,1.0,1.0,2.0,1.0,2.0,,,4.0,,,6.0,18.0,,1.0,,
pid_1710,1.0,,1.0,,2.0,54.0,,,,,1.0,380.0,,75.0,,3.0,2.0,1.0,5.0,4.0,3.0,2.0,1.0,2.0,2.0,4.0,,,4.0,4.0,5.0,2.0,,,,6.0,,2.0,6.0,5.0,5.0,5.0,3.0,5.0,6.0,5.0,55.0,62.0,58.0,52.0,60.0,58.0,48.0,68.0,62.0,75.0,4.0,,6.0,1.0,1.0,1.0,1.0,1.0,1.0,1.0,1.0,1.0,1.0,,,,,,,1.0,1.0,1.0,1.0,2.0,2.0,2.0,1.0,1.0,1.0,2.0,1.0,2.0,1.0,2.0,1.0,1.0,2.0,1.0,1.0,2.0,2.0,2.0,1.0,1.0,2.0,1.0,2.0,1.0,1.0,1.0,1.0,1.0,2.0,1.0,1.0,2.0,1.0,2.0,1.0,,,4.0,,,6.0,,20.0,,9.0,
pid_1711,,1.0,,2.0,2.0,54.0,,,2.0,380.0,,,,70.0,2.0,,4.0,5.0,1.0,1.0,5.0,5.0,4.0,5.0,5.0,5.0,,5.0,,4.0,5.0,3.0,,,,,4.0,1.0,7.0,5.0,5.0,6.0,6.0,6.0,6.0,6.0,55.0,65.0,45.0,38.0,65.0,68.0,55.0,72.0,68.0,80.0,4.0,6.0,,,,,,,,,,,,1.0,1.0,1.0,1.0,1.0,1.0,2.0,2.0,1.0,2.0,2.0,2.0,2.0,1.0,1.0,2.0,1.0,1.0,2.0,1.0,2.0,2.0,1.0,1.0,1.0,1.0,1.0,1.0,2.0,1.0,1.0,2.0,1.0,2.0,2.0,2.0,1.0,1.0,2.0,2.0,1.0,1.0,2.0,1.0,1.0,2.0,,5.0,,,6.0,,16.0,,,,4.0
pid_1712,,2.0,,2.0,,,1.0,54.0,2.0,379.0,,,30.0,,,2.0,5.0,5.0,1.0,1.0,5.0,5.0,5.0,5.0,5.0,5.0,1.0,,,,,,4.0,5.0,5.0,,6.0,1.0,7.0,5.0,3.0,2.0,5.0,6.0,6.0,6.0,55.0,55.0,45.0,35.0,52.0,60.0,48.0,68.0,65.0,75.0,4.0,,6.0,1.0,1.0,1.0,1.0,1.0,1.0,1.0,1.0,1.0,1.0,,,,,,,2.0,2.0,1.0,2.0,2.0,1.0,1.0,1.0,2.0,2.0,2.0,1.0,2.0,1.0,2.0,2.0,1.0,2.0,2.0,2.0,1.0,2.0,1.0,1.0,2.0,1.0,1.0,2.0,1.0,2.0,2.0,1.0,2.0,1.0,2.0,1.0,1.0,2.0,1.0,2.0,4.0,,,6.0,,,,2.0,,,4.0
pid_1713,1.0,,1.0,,,,1.0,20.0,2.0,500.0,,,,70.0,2.0,,2.0,1.0,5.0,4.0,2.0,2.0,1.0,4.0,2.0,4.0,1.0,,,,,,4.0,3.0,5.0,6.0,,1.0,6.0,5.0,5.0,5.0,3.0,6.0,6.0,6.0,60.0,55.0,55.0,45.0,65.0,70.0,55.0,75.0,65.0,80.0,4.0,,6.0,,,,,,,,,,,1.0,1.0,1.0,1.0,1.0,1.0,1.0,2.0,1.0,2.0,1.0,2.0,1.0,1.0,1.0,2.0,1.0,2.0,2.0,2.0,2.0,1.0,1.0,2.0,1.0,2.0,1.0,1.0,1.0,1.0,2.0,1.0,1.0,2.0,1.0,2.0,1.0,2.0,1.0,2.0,1.0,1.0,2.0,1.0,1.0,2.0,4.0,,,5.0,,,18.0,,,9.0,
pid_1714,,1.0,1.0,,2.0,54.0,,,2.0,350.0,,,,85.0,,3.0,2.0,2.0,5.0,4.0,4.0,2.0,1.0,4.0,2.0,4.0,,,5.0,,,,4.0,3.0,1.0,,4.0,1.0,7.0,5.0,5.0,6.0,5.0,5.0,6.0,6.0,55.0,65.0,60.0,55.0,60.0,60.0,50.0,70.0,65.0,75.0,,6.0,,,,,,,,,,,,1.0,1.0,1.0,1.0,1.0,1.0,1.0,2.0,1.0,2.0,2.0,2.0,1.0,2.0,1.0,1.0,1.0,1.0,1.0,2.0,1.0,2.0,1.0,2.0,1.0,1.0,1.0,2.0,2.0,1.0,2.0,1.0,2.0,1.0,1.0,2.0,1.0,2.0,2.0,2.0,1.0,2.0,1.0,2.0,2.0,1.0,,,5.0,,,6.0,18.0,,,6.0,
pid_1715,1.0,,,2.0,2.0,54.0,,,2.0,380.0,,,30.0,,,1.0,4.0,5.0,4.0,2.0,5.0,5.0,2.0,5.0,4.0,5.0,,,5.0,5.0,5.0,2.0,,,,4.0,,2.0,7.0,3.0,5.0,5.0,5.0,5.0,6.0,6.0,65.0,55.0,65.0,45.0,60.0,65.0,55.0,75.0,65.0,80.0,4.0,6.0,,,,,,,,,,,,1.0,1.0,1.0,1.0,1.0,1.0,2.0,2.0,2.0,1.0,2.0,2.0,2.0,1.0,1.0,2.0,2.0,1.0,1.0,1.0,1.0,2.0,2.0,1.0,1.0,2.0,2.0,1.0,2.0,1.0,1.0,1.0,1.0,1.0,2.0,2.0,2.0,1.0,2.0,2.0,1.0,1.0,1.0,1.0,1.0,2.0,,,5.0,,,6.0,,16.0,,6.0,
pid_1716,,1.0,,2.0,2.0,54.0,,,2.0,380.0,,,,70.0,,2.0,5.0,5.0,1.0,1.0,5.0,5.0,5.0,5.0,5.0,5.0,2.0,,,,,,3.0,4.0,5.0,,4.0,1.0,7.0,5.0,5.0,5.0,3.0,6.0,6.0,6.0,60.0,65.0,45.0,38.0,65.0,67.0,55.0,72.0,70.0,80.0,4.0,,7.0,1.0,1.0,1.0,1.0,1.0,1.0,1.0,1.0,1.0,1.0,,,,,,,1.0,2.0,1.0,2.0,1.0,1.0,1.0,1.0,1.0,2.0,1.0,2.0,1.0,2.0,2.0,1.0,2.0,1.0,1.0,2.0,2.0,2.0,1.0,2.0,1.0,2.0,1.0,2.0,1.0,2.0,1.0,2.0,1.0,2.0,2.0,1.0,1.0,1.0,2.0,1.0,5.0,,,6.0,,,,20.0,,,4.0
pid_1717,,2.0,,2.0,,,1.0,20.0,,,1.0,120.0,,70.0,,3.0,2.0,2.0,5.0,4.0,3.0,2.0,1.0,4.0,2.0,4.0,,5.0,,,,,4.0,5.0,5.0,4.0,,1.0,6.0,1.0,5.0,5.0,3.0,6.0,6.0,6.0,45.0,50.0,65.0,45.0,50.0,52.0,48.0,65.0,55.0,70.0,4.0,6.0,,1.0,1.0,1.0,1.0,1.0,1.0,1.0,1.0,1.0,1.0,,,,,,,1.0,1.0,2.0,1.0,2.0,1.0,1.0,1.0,1.0,2.0,1.0,1.0,2.0,2.0,2.0,1.0,2.0,1.0,1.0,2.0,1.0,2.0,2.0,2.0,1.0,2.0,1.0,2.0,1.0,1.0,1.0,2.0,2.0,1.0,2.0,1.0,1.0,2.0,1.0,2.0,,5.0,,,6.0,,,15.0,2.0,,
pid_1718,,1.0,,2.0,,,1.0,54.0,2.0,350.0,,,,85.0,,2.0,2.0,1.0,5.0,4.0,2.0,2.0,1.0,2.0,2.0,2.0,,,5.0,,,,4.0,3.0,5.0,,4.0,1.0,7.0,3.0,5.0,5.0,5.0,5.0,6.0,6.0,55.0,55.0,50.0,45.0,60.0,65.0,45.0,70.0,65.0,75.0,4.0,,6.0,,,,,,,,,,,1.0,1.0,1.0,1.0,1.0,1.0,1.0,2.0,2.0,2.0,2.0,2.0,2.0,2.0,1.0,2.0,2.0,2.0,1.0,1.0,1.0,1.0,1.0,2.0,2.0,1.0,1.0,2.0,2.0,1.0,2.0,2.0,1.0,2.0,2.0,2.0,1.0,2.0,2.0,2.0,2.0,2.0,2.0,1.0,1.0,2.0,,,4.0,,,5.0,18.0,,,9.0,
pid_1719,,1.0,2.0,,2.0,54.0,,,,,1.0,100.0,30.0,,3.0,,2.0,2.0,4.0,4.0,4.0,2.0,1.0,4.0,2.0,4.0,4.0,,,4.0,5.0,,,,,,4.0,2.0,7.0,5.0,5.0,5.0,3.0,5.0,6.0,6.0,60.0,55.0,60.0,50.0,65.0,60.0,55.0,70.0,65.0,75.0,4.0,7.0,,1.0,1.0,1.0,1.0,1.0,1.0,1.0,1.0,1.0,1.0,,,,,,,2.0,1.0,1.0,2.0,2.0,1.0,2.0,2.0,2.0,1.0,1.0,1.0,2.0,1.0,2.0,2.0,2.0,2.0,2.0,2.0,1.0,1.0,1.0,2.0,2.0,1.0,1.0,2.0,1.0,2.0,1.0,2.0,1.0,1.0,2.0,1.0,2.0,2.0,1.0,1.0,4.0,,,6.0,,,16.0,,,,3.0
pid_1720,,2.0,,2.0,,,1.0,54.0,2.0,380.0,,,,70.0,,3.0,4.0,5.0,1.0,1.0,5.0,5.0,4.0,5.0,5.0,5.0,,,4.0,,,,4.0,4.0,3.0,,4.0,1.0,7.0,3.0,5.0,5.0,3.0,6.0,6.0,5.0,55.0,65.0,35.0,40.0,65.0,60.0,50.0,75.0,70.0,80.0,4.0,,6.0,1.0,1.0,1.0,1.0,1.0,1.0,1.0,1.0,1.0,1.0,,,,,,,2.0,2.0,2.0,1.0,2.0,2.0,2.0,1.0,2.0,1.0,2.0,1.0,2.0,1.0,1.0,2.0,2.0,2.0,1.0,2.0,2.0,1.0,1.0,1.0,2.0,2.0,2.0,2.0,2.0,2.0,2.0,1.0,2.0,1.0,1.0,1.0,2.0,2.0,1.0,2.0,,,5.0,,,6.0,,18.0,,,4.0
pid_1721,,1.0,1.0,,,,1.0,54.0,,,1.0,380.0,,80.0,,1.0,2.0,1.0,5.0,4.0,4.0,2.0,1.0,3.0,2.0,4.0,,,5.0,,,,3.0,4.0,3.0,,4.0,1.0,6.0,5.0,5.0,5.0,5.0,5.0,6.0,6.0,55.0,60.0,60.0,45.0,60.0,65.0,50.0,70.0,65.0,75.0,4.0,6.0,,,,,,,,,,,,1.0,1.0,1.0,1.0,1.0,1.0,2.0,2.0,1.0,2.0,1.0,1.0,1.0,1.0,2.0,1.0,2.0,1.0,1.0,1.0,1.0,1.0,1.0,2.0,2.0,1.0,2.0,2.0,1.0,2.0,1.0,1.0,2.0,1.0,2.0,2.0,2.0,2.0,1.0,1.0,2.0,2.0,1.0,1.0,1.0,2.0,,,5.0,,,6.0,17.0,,,,4.0
pid_1722,,1.0,,2.0,2.0,54.0,,,,,1.0,379.0,,80.0,,3.0,4.0,5.0,1.0,1.0,5.0,5.0,4.0,5.0,5.0,5.0,,,5.0,,,,4.0,5.0,5.0,,4.0,2.0,7.0,5.0,5.0,3.0,5.0,5.0,6.0,6.0,55.0,58.0,45.0,43.0,52.0,58.0,48.0,68.0,64.0,75.0,4.0,,7.0,,,,,,,,,,,1.0,1.0,1.0,1.0,1.0,1.0,1.0,2.0,1.0,1.0,2.0,2.0,2.0,2.0,1.0,1.0,1.0,1.0,2.0,2.0,1.0,1.0,1.0,2.0,1.0,1.0,1.0,2.0,2.0,1.0,2.0,1.0,1.0,2.0,2.0,1.0,2.0,1.0,2.0,2.0,2.0,2.0,1.0,1.0,2.0,1.0,,,5.0,,,6.0,16.0,,,9.0,
pid_1723,1.0,,,2.0,,,1.0,54.0,,,1.0,379.0,,70.0,,4.0,4.0,5.0,1.0,2.0,5.0,5.0,4.0,5.0,5.0,5.0,,,5.0,4.0,5.0,3.0,,,,,4.0,2.0,6.0,5.0,5.0,6.0,5.0,6.0,6.0,6.0,60.0,65.0,40.0,45.0,55.0,65.0,55.0,70.0,65.0,75.0,,6.0,,,,,,,,,,,,1.0,1.0,1.0,1.0,1.0,1.0,2.0,2.0,1.0,2.0,2.0,1.0,2.0,1.0,2.0,2.0,1.0,1.0,1.0,1.0,2.0,2.0,1.0,2.0,1.0,1.0,2.0,1.0,1.0,2.0,1.0,1.0,1.0,2.0,2.0,1.0,1.0,1.0,1.0,1.0,2.0,1.0,2.0,1.0,1.0,2.0,,,5.0,,,6.0,18.0,,,,4.0
pid_1724,,2.0,1.0,,2.0,54.0,,,,,1.0,379.0,,70.0,,2.0,4.0,5.0,2.0,1.0,5.0,4.0,4.0,5.0,5.0,5.0,,5.0,,,,,4.0,4.0,5.0,,4.0,1.0,6.0,5.0,5.0,3.0,5.0,5.0,6.0,6.0,55.0,55.0,45.0,40.0,60.0,58.0,48.0,65.0,65.0,75.0,4.0,6.0,,1.0,1.0,1.0,1.0,1.0,1.0,1.0,1.0,1.0,1.0,,,,,,,1.0,1.0,1.0,1.0,2.0,1.0,2.0,2.0,2.0,1.0,2.0,2.0,1.0,1.0,1.0,2.0,1.0,1.0,1.0,1.0,1.0,2.0,2.0,2.0,1.0,2.0,2.0,1.0,2.0,1.0,2.0,2.0,1.0,1.0,1.0,2.0,2.0,1.0,2.0,1.0,,5.0,,,6.0,,,20.0,,,4.0
pid_1725,,2.0,1.0,,2.0,54.0,,,,,1.0,380.0,40.0,,,2.0,4.0,5.0,1.0,1.0,5.0,5.0,4.0,5.0,5.0,5.0,,,4.0,4.0,5.0,3.0,,,,6.0,,2.0,7.0,5.0,5.0,6.0,3.0,5.0,6.0,6.0,55.0,60.0,40.0,35.0,60.0,58.0,55.0,70.0,65.0,75.0,4.0,,6.0,,,,,,,,,,,1.0,1.0,1.0,1.0,1.0,1.0,1.0,2.0,2.0,1.0,1.0,2.0,2.0,1.0,2.0,2.0,2.0,1.0,2.0,1.0,2.0,2.0,2.0,2.0,1.0,1.0,1.0,2.0,2.0,2.0,2.0,2.0,2.0,2.0,2.0,2.0,2.0,2.0,2.0,2.0,2.0,1.0,2.0,1.0,2.0,1.0,,,5.0,,,6.0,,20.0,,,3.0
pid_1726,,2.0,1.0,,,,1.0,20.0,,,1.0,80.0,,70.0,2.0,,4.0,5.0,2.0,1.0,5.0,5.0,4.0,5.0,5.0,5.0,,,5.0,4.0,5.0,3.0,,,,4.0,,1.0,7.0,5.0,5.0,5.0,5.0,5.0,6.0,6.0,60.0,65.0,45.0,40.0,65.0,65.0,55.0,75.0,65.0,75.0,4.0,6.0,,1.0,1.0,1.0,1.0,1.0,1.0,1.0,1.0,1.0,1.0,,,,,,,2.0,2.0,2.0,2.0,2.0,2.0,2.0,2.0,2.0,2.0,2.0,2.0,2.0,1.0,2.0,2.0,2.0,2.0,2.0,1.0,2.0,1.0,2.0,2.0,1.0,1.0,1.0,2.0,1.0,1.0,2.0,1.0,2.0,1.0,2.0,2.0,1.0,2.0,2.0,1.0,,,5.0,,,6.0,18.0,,,,3.0
pid_1727,1.0,,1.0,,2.0,54.0,,,2.0,379.0,,,,70.0,,3.0,4.0,5.0,2.0,1.0,5.0,5.0,4.0,5.0,5.0,5.0,,5.0,,,,,4.0,3.0,5.0,5.0,,2.0,7.0,3.0,5.0,5.0,5.0,5.0,6.0,6.0,60.0,62.0,47.0,38.0,58.0,63.0,55.0,72.0,64.0,78.0,4.0,,6.0,1.0,1.0,1.0,1.0,1.0,1.0,1.0,1.0,1.0,1.0,,,,,,,2.0,1.0,2.0,1.0,2.0,1.0,2.0,2.0,2.0,1.0,2.0,2.0,2.0,2.0,2.0,2.0,2.0,2.0,2.0,2.0,1.0,1.0,1.0,1.0,1.0,2.0,1.0,2.0,1.0,1.0,1.0,2.0,1.0,2.0,2.0,1.0,2.0,2.0,2.0,2.0,,5.0,,,5.0,,,20.0,,6.0,
pid_1728,,1.0,2.0,,2.0,30.0,,,,,1.0,150.0,30.0,,3.0,,4.0,5.0,1.0,1.0,5.0,5.0,5.0,5.0,5.0,5.0,,,4.0,,,,4.0,4.0,5.0,,4.0,1.0,6.0,5.0,5.0,5.0,5.0,6.0,6.0,6.0,60.0,60.0,45.0,35.0,55.0,65.0,50.0,75.0,65.0,80.0,4.0,6.0,,1.0,1.0,1.0,1.0,1.0,1.0,1.0,1.0,1.0,1.0,,,,,,,1.0,2.0,2.0,2.0,2.0,2.0,1.0,2.0,1.0,2.0,2.0,2.0,2.0,2.0,1.0,1.0,2.0,2.0,1.0,1.0,2.0,2.0,2.0,1.0,1.0,2.0,2.0,1.0,2.0,1.0,2.0,1.0,1.0,1.0,2.0,2.0,1.0,1.0,2.0,2.0,,,5.0,,,6.0,,15.0,,9.0,
pid_1729,1.0,,1.0,,,,1.0,30.0,,,1.0,300.0,,85.0,,3.0,5.0,5.0,2.0,1.0,5.0,5.0,4.0,5.0,4.0,5.0,,,5.0,,,,4.0,5.0,5.0,4.0,,2.0,7.0,5.0,6.0,6.0,5.0,5.0,6.0,6.0,60.0,55.0,55.0,35.0,55.0,65.0,50.0,75.0,65.0,80.0,4.0,,6.0,,,,,,,,,,,1.0,1.0,1.0,1.0,1.0,1.0,1.0,1.0,2.0,2.0,2.0,2.0,2.0,1.0,2.0,1.0,1.0,2.0,2.0,2.0,1.0,1.0,1.0,2.0,1.0,2.0,2.0,2.0,1.0,1.0,1.0,1.0,2.0,1.0,2.0,2.0,2.0,2.0,2.0,2.0,2.0,1.0,2.0,2.0,2.0,1.0,,,5.0,,,6.0,18.0,,,8.0,
pid_1730,,2.0,2.0,,2.0,50.0,,,2.0,350.0,,,30.0,,,2.0,4.0,5.0,1.0,1.0,5.0,5.0,4.0,5.0,5.0,5.0,,5.0,,4.0,5.0,2.0,,,,6.0,,1.0,6.0,5.0,5.0,5.0,5.0,6.0,6.0,6.0,60.0,65.0,45.0,40.0,55.0,65.0,55.0,75.0,65.0,80.0,4.0,6.0,,1.0,1.0,1.0,1.0,1.0,1.0,1.0,1.0,1.0,1.0,,,,,,,2.0,2.0,1.0,2.0,1.0,2.0,1.0,1.0,2.0,1.0,1.0,2.0,2.0,2.0,1.0,2.0,1.0,1.0,2.0,2.0,2.0,1.0,1.0,2.0,1.0,1.0,1.0,2.0,2.0,2.0,2.0,1.0,2.0,1.0,2.0,1.0,2.0,2.0,1.0,1.0,,5.0,,,6.0,,,20.0,,,4.0
pid_1731,,2.0,,2.0,,,1.0,54.0,,,1.0,379.0,50.0,,,3.0,2.0,1.0,5.0,4.0,3.0,2.0,1.0,2.0,1.0,2.0,,5.0,,,,,3.0,4.0,5.0,4.0,,2.0,6.0,5.0,5.0,5.0,5.0,6.0,6.0,6.0,45.0,55.0,65.0,45.0,55.0,50.0,45.0,60.0,40.0,75.0,4.0,,6.0,1.0,1.0,1.0,1.0,1.0,1.0,1.0,1.0,1.0,1.0,,,,,,,1.0,2.0,2.0,2.0,2.0,2.0,1.0,1.0,1.0,2.0,1.0,1.0,2.0,1.0,1.0,1.0,1.0,1.0,1.0,2.0,2.0,1.0,2.0,2.0,1.0,1.0,1.0,2.0,1.0,1.0,2.0,1.0,2.0,1.0,1.0,1.0,1.0,2.0,1.0,1.0,,5.0,,,6.0,,,0.0,,9.0,
pid_1732,,1.0,2.0,,2.0,54.0,,,2.0,380.0,,,,70.0,,2.0,4.0,5.0,2.0,1.0,5.0,4.0,4.0,5.0,4.0,5.0,,,5.0,4.0,5.0,3.0,,,,,4.0,2.0,6.0,3.0,5.0,5.0,5.0,6.0,6.0,6.0,65.0,65.0,45.0,35.0,60.0,62.0,55.0,75.0,70.0,80.0,4.0,,7.0,1.0,1.0,1.0,1.0,1.0,1.0,1.0,1.0,1.0,1.0,,,,,,,1.0,2.0,1.0,2.0,1.0,2.0,1.0,1.0,2.0,1.0,1.0,2.0,1.0,2.0,2.0,2.0,2.0,1.0,1.0,1.0,2.0,2.0,1.0,2.0,2.0,2.0,1.0,1.0,2.0,2.0,2.0,1.0,1.0,2.0,1.0,1.0,1.0,1.0,2.0,2.0,,,5.0,,,6.0,15.0,,,,3.0
pid_1733,,1.0,2.0,,,,1.0,54.0,2.0,380.0,,,30.0,,2.0,,2.0,1.0,5.0,4.0,2.0,2.0,1.0,2.0,1.0,2.0,,,5.0,3.0,5.0,2.0,,,,,4.0,2.0,6.0,5.0,5.0,5.0,5.0,6.0,6.0,6.0,45.0,65.0,60.0,45.0,55.0,60.0,48.0,70.0,65.0,75.0,4.0,6.0,,1.0,1.0,1.0,1.0,1.0,1.0,1.0,1.0,1.0,1.0,,,,,,,1.0,1.0,1.0,2.0,2.0,2.0,2.0,1.0,2.0,1.0,2.0,2.0,2.0,1.0,1.0,1.0,1.0,2.0,1.0,2.0,1.0,2.0,2.0,1.0,2.0,2.0,1.0,2.0,2.0,2.0,1.0,1.0,2.0,2.0,2.0,1.0,2.0,1.0,2.0,2.0,,,4.0,,,5.0,,15.0,,,3.0
pid_1734,,2.0,1.0,,2.0,54.0,,,2.0,380.0,,,,80.0,,2.0,5.0,5.0,1.0,1.0,5.0,5.0,5.0,5.0,5.0,5.0,,5.0,,4.0,5.0,3.0,,,,5.0,,1.0,7.0,3.0,5.0,6.0,3.0,5.0,6.0,6.0,55.0,60.0,35.0,30.0,65.0,68.0,55.0,70.0,65.0,75.0,4.0,6.0,,,,,,,,,,,,1.0,1.0,1.0,1.0,1.0,1.0,2.0,2.0,2.0,2.0,2.0,1.0,2.0,2.0,2.0,1.0,1.0,1.0,1.0,2.0,2.0,2.0,2.0,1.0,1.0,2.0,2.0,1.0,2.0,2.0,1.0,2.0,1.0,1.0,2.0,2.0,2.0,1.0,2.0,1.0,2.0,2.0,1.0,2.0,1.0,2.0,,5.0,,,6.0,,18.0,,,9.0,
pid_1735,,2.0,1.0,,2.0,50.0,,,,,1.0,379.0,30.0,,,1.0,4.0,5.0,1.0,2.0,5.0,5.0,4.0,5.0,5.0,5.0,4.0,,,,,,4.0,5.0,5.0,,4.0,1.0,7.0,5.0,5.0,6.0,5.0,6.0,6.0,6.0,65.0,60.0,40.0,45.0,60.0,60.0,55.0,70.0,65.0,75.0,4.0,,7.0,1.0,1.0,1.0,1.0,1.0,1.0,1.0,1.0,1.0,1.0,,,,,,,2.0,1.0,1.0,2.0,2.0,1.0,1.0,1.0,1.0,2.0,2.0,2.0,2.0,2.0,1.0,2.0,1.0,2.0,1.0,2.0,1.0,1.0,1.0,2.0,1.0,2.0,1.0,1.0,1.0,2.0,2.0,1.0,2.0,1.0,1.0,2.0,2.0,2.0,1.0,2.0,5.0,,,6.0,,,,20.0,3.0,,
pid_1736,,1.0,,2.0,,,1.0,45.0,2.0,300.0,,,30.0,,,2.0,4.0,5.0,2.0,2.0,4.0,4.0,2.0,5.0,4.0,4.0,,5.0,,,,,4.0,5.0,5.0,4.0,,2.0,6.0,5.0,5.0,5.0,5.0,5.0,6.0,6.0,55.0,65.0,55.0,40.0,60.0,65.0,50.0,70.0,65.0,75.0,4.0,,7.0,1.0,1.0,1.0,1.0,1.0,1.0,1.0,1.0,1.0,1.0,,,,,,,1.0,1.0,1.0,2.0,1.0,1.0,1.0,1.0,2.0,2.0,2.0,1.0,2.0,1.0,1.0,2.0,1.0,2.0,2.0,2.0,1.0,1.0,1.0,1.0,1.0,2.0,2.0,2.0,2.0,1.0,1.0,2.0,2.0,1.0,1.0,2.0,2.0,2.0,1.0,1.0,,5.0,,,6.0,,,10.0,,,3.0
pid_1737,1.0,,2.0,,2.0,54.0,,,,,1.0,379.0,30.0,,,3.0,4.0,5.0,1.0,1.0,5.0,5.0,4.0,5.0,5.0,5.0,1.0,,,4.0,5.0,,,,,,4.0,2.0,7.0,5.0,5.0,5.0,3.0,5.0,6.0,6.0,55.0,65.0,35.0,35.0,60.0,65.0,50.0,65.0,70.0,75.0,4.0,6.0,,1.0,1.0,1.0,1.0,1.0,1.0,1.0,1.0,1.0,1.0,,,,,,,1.0,1.0,2.0,1.0,2.0,1.0,2.0,2.0,2.0,2.0,2.0,1.0,2.0,2.0,1.0,2.0,1.0,2.0,2.0,1.0,1.0,1.0,2.0,2.0,2.0,1.0,2.0,2.0,1.0,1.0,2.0,2.0,2.0,2.0,1.0,2.0,2.0,2.0,2.0,2.0,5.0,,,6.0,,,18.0,,3.0,,
pid_1739,,1.0,,2.0,,,1.0,30.0,2.0,380.0,,,30.0,,1.0,,5.0,5.0,1.0,1.0,5.0,5.0,5.0,5.0,5.0,5.0,,,5.0,,,,3.0,4.0,5.0,,4.0,2.0,7.0,3.0,5.0,2.0,5.0,6.0,6.0,6.0,65.0,65.0,40.0,35.0,60.0,65.0,55.0,75.0,70.0,80.0,4.0,,6.0,1.0,1.0,1.0,1.0,1.0,1.0,1.0,1.0,1.0,1.0,,,,,,,2.0,1.0,1.0,1.0,2.0,1.0,1.0,1.0,1.0,2.0,1.0,1.0,2.0,2.0,2.0,2.0,2.0,2.0,1.0,1.0,2.0,1.0,1.0,2.0,1.0,2.0,2.0,1.0,2.0,2.0,2.0,2.0,1.0,2.0,1.0,2.0,1.0,1.0,2.0,2.0,,,4.0,,,6.0,,20.0,,,3.0
pid_1740,,1.0,,2.0,,,1.0,54.0,2.0,380.0,,,,70.0,,2.0,4.0,5.0,2.0,2.0,5.0,5.0,4.0,5.0,4.0,5.0,1.0,,,4.0,5.0,2.0,,,,6.0,,2.0,6.0,5.0,5.0,3.0,5.0,6.0,6.0,6.0,60.0,65.0,45.0,35.0,55.0,60.0,50.0,70.0,65.0,75.0,4.0,,7.0,1.0,1.0,1.0,1.0,1.0,1.0,1.0,1.0,1.0,1.0,,,,,,,2.0,1.0,2.0,1.0,1.0,1.0,2.0,1.0,2.0,2.0,1.0,2.0,1.0,2.0,1.0,2.0,2.0,1.0,1.0,2.0,1.0,1.0,2.0,2.0,1.0,2.0,2.0,2.0,1.0,1.0,2.0,1.0,2.0,2.0,2.0,2.0,1.0,1.0,1.0,1.0,5.0,,,6.0,,,18.0,,4.0,,
pid_1741,1.0,,1.0,,2.0,54.0,,,2.0,380.0,,,,70.0,2.0,,5.0,5.0,1.0,1.0,5.0,5.0,4.0,5.0,5.0,5.0,,5.0,,4.0,5.0,3.0,,,,,4.0,2.0,7.0,3.0,5.0,5.0,5.0,6.0,6.0,6.0,55.0,65.0,35.0,40.0,60.0,60.0,55.0,75.0,70.0,75.0,4.0,,7.0,,,,,,,,,,,1.0,1.0,1.0,1.0,1.0,1.0,2.0,1.0,1.0,2.0,1.0,2.0,2.0,1.0,1.0,2.0,1.0,2.0,1.0,1.0,2.0,2.0,1.0,1.0,1.0,2.0,2.0,2.0,2.0,1.0,1.0,1.0,1.0,1.0,1.0,1.0,2.0,2.0,2.0,2.0,1.0,2.0,2.0,1.0,2.0,2.0,,5.0,,,6.0,,,20.0,,9.0,
pid_1742,,2.0,,2.0,,,1.0,40.0,,,1.0,200.0,,85.0,,2.0,4.0,5.0,2.0,2.0,5.0,4.0,2.0,5.0,4.0,4.0,2.0,,,4.0,5.0,2.0,,,,,4.0,1.0,6.0,3.0,5.0,5.0,3.0,5.0,6.0,6.0,55.0,65.0,50.0,40.0,60.0,58.0,50.0,65.0,60.0,70.0,4.0,,6.0,,,,,,,,,,,1.0,1.0,1.0,1.0,1.0,1.0,2.0,2.0,1.0,2.0,1.0,1.0,1.0,2.0,1.0,1.0,1.0,2.0,2.0,1.0,2.0,2.0,2.0,1.0,2.0,1.0,2.0,1.0,2.0,2.0,1.0,2.0,1.0,1.0,2.0,1.0,1.0,2.0,1.0,2.0,1.0,2.0,2.0,1.0,2.0,1.0,4.0,,,5.0,,,,5.0,,9.0,
pid_1743,1.0,,,2.0,2.0,54.0,,,,,1.0,380.0,50.0,,,3.0,4.0,4.0,2.0,2.0,4.0,5.0,2.0,5.0,4.0,5.0,,5.0,,4.0,5.0,,,,,,4.0,2.0,6.0,5.0,5.0,5.0,5.0,5.0,6.0,6.0,55.0,61.0,47.0,39.0,62.0,58.0,48.0,72.0,68.0,75.0,4.0,,6.0,,,,,,,,,,,1.0,1.0,1.0,1.0,1.0,1.0,1.0,2.0,1.0,2.0,2.0,2.0,1.0,1.0,2.0,2.0,2.0,1.0,2.0,2.0,2.0,1.0,1.0,2.0,2.0,1.0,1.0,1.0,2.0,2.0,2.0,1.0,1.0,1.0,2.0,2.0,1.0,2.0,2.0,1.0,2.0,1.0,2.0,2.0,1.0,2.0,,4.0,,,6.0,,15.0,,2.0,,
pid_1744,,1.0,,2.0,,,1.0,54.0,,,1.0,379.0,,65.0,3.0,,5.0,5.0,1.0,1.0,5.0,5.0,5.0,5.0,5.0,5.0,,,5.0,,,,3.0,4.0,5.0,,4.0,2.0,6.0,5.0,5.0,5.0,6.0,6.0,6.0,6.0,60.0,55.0,40.0,35.0,55.0,65.0,55.0,75.0,65.0,80.0,4.0,7.0,,,,,,,,,,,,1.0,1.0,1.0,1.0,1.0,1.0,1.0,2.0,2.0,2.0,1.0,2.0,2.0,2.0,1.0,2.0,1.0,1.0,2.0,1.0,2.0,1.0,1.0,2.0,2.0,1.0,2.0,2.0,2.0,1.0,1.0,2.0,1.0,1.0,2.0,2.0,2.0,1.0,1.0,2.0,2.0,2.0,2.0,2.0,2.0,1.0,,,5.0,,,6.0,,20.0,,6.0,
pid_1745,1.0,,1.0,,2.0,54.0,,,2.0,380.0,,,,70.0,,2.0,4.0,5.0,2.0,2.0,5.0,5.0,4.0,5.0,4.0,5.0,,,4.0,4.0,5.0,3.0,,,,4.0,,2.0,6.0,5.0,5.0,5.0,5.0,5.0,6.0,6.0,60.0,65.0,55.0,45.0,65.0,65.0,55.0,75.0,70.0,75.0,4.0,,6.0,,,,,,,,,,,1.0,1.0,1.0,1.0,1.0,1.0,2.0,2.0,1.0,2.0,2.0,2.0,1.0,2.0,1.0,1.0,2.0,2.0,1.0,1.0,2.0,2.0,1.0,1.0,2.0,2.0,1.0,2.0,1.0,1.0,1.0,1.0,2.0,2.0,2.0,2.0,2.0,2.0,2.0,2.0,2.0,2.0,1.0,1.0,2.0,1.0,,,5.0,,,6.0,18.0,,,9.0,
pid_1746,1.0,,1.0,,2.0,54.0,,,,,1.0,380.0,,70.0,2.0,,5.0,5.0,1.0,1.0,5.0,5.0,5.0,5.0,5.0,5.0,1.0,,,4.0,3.0,2.0,,,,6.0,,1.0,7.0,5.0,5.0,5.0,3.0,6.0,6.0,6.0,55.0,55.0,45.0,38.0,58.0,62.0,48.0,67.0,65.0,74.0,4.0,6.0,,,,,,,,,,,,1.0,1.0,1.0,1.0,1.0,1.0,2.0,2.0,1.0,2.0,2.0,2.0,1.0,2.0,1.0,2.0,2.0,2.0,2.0,1.0,2.0,1.0,2.0,1.0,2.0,2.0,2.0,1.0,1.0,2.0,2.0,1.0,1.0,2.0,1.0,2.0,1.0,2.0,2.0,1.0,1.0,2.0,2.0,1.0,2.0,1.0,5.0,,,6.0,,,,20.0,2.0,,
pid_1747,,1.0,1.0,,,,1.0,54.0,,,1.0,380.0,30.0,,,2.0,2.0,1.0,5.0,4.0,4.0,4.0,1.0,3.0,2.0,2.0,4.0,,,,,,4.0,5.0,3.0,4.0,,2.0,7.0,3.0,5.0,5.0,3.0,5.0,6.0,6.0,55.0,65.0,60.0,50.0,60.0,58.0,45.0,70.0,65.0,75.0,4.0,,6.0,,,,,,,,,,,1.0,1.0,1.0,1.0,1.0,1.0,2.0,1.0,2.0,1.0,1.0,2.0,2.0,1.0,1.0,1.0,2.0,2.0,1.0,2.0,1.0,2.0,1.0,2.0,1.0,2.0,1.0,2.0,2.0,1.0,2.0,2.0,2.0,2.0,1.0,2.0,1.0,1.0,1.0,1.0,2.0,2.0,1.0,1.0,2.0,2.0,4.0,,,5.0,,,,5.0,,8.0,
pid_1748,,2.0,2.0,,,,1.0,54.0,,,1.0,350.0,30.0,,,2.0,4.0,5.0,2.0,2.0,4.0,5.0,4.0,5.0,4.0,5.0,2.0,,,,,,4.0,5.0,5.0,,4.0,2.0,6.0,5.0,5.0,5.0,5.0,5.0,6.0,6.0,60.0,65.0,45.0,48.0,58.0,65.0,52.0,72.0,68.0,80.0,4.0,7.0,,1.0,1.0,1.0,1.0,1.0,1.0,1.0,1.0,1.0,1.0,,,,,,,1.0,1.0,1.0,1.0,2.0,2.0,2.0,2.0,2.0,1.0,2.0,2.0,1.0,1.0,2.0,2.0,2.0,2.0,2.0,2.0,2.0,2.0,2.0,2.0,2.0,1.0,1.0,1.0,2.0,1.0,2.0,1.0,2.0,1.0,1.0,1.0,2.0,1.0,2.0,1.0,5.0,,,6.0,,,,20.0,2.0,,
pid_1749,1.0,,1.0,,2.0,50.0,,,2.0,380.0,,,40.0,,1.0,,2.0,2.0,5.0,5.0,4.0,4.0,1.0,4.0,2.0,4.0,,4.0,,,,,4.0,3.0,5.0,,4.0,2.0,7.0,3.0,5.0,5.0,3.0,5.0,6.0,6.0,60.0,65.0,55.0,45.0,65.0,70.0,45.0,75.0,70.0,80.0,4.0,,6.0,1.0,1.0,1.0,1.0,1.0,1.0,1.0,1.0,1.0,1.0,,,,,,,1.0,1.0,1.0,1.0,1.0,1.0,2.0,2.0,2.0,2.0,2.0,1.0,2.0,1.0,1.0,1.0,1.0,1.0,2.0,1.0,2.0,2.0,2.0,1.0,2.0,2.0,1.0,2.0,1.0,1.0,1.0,2.0,2.0,1.0,2.0,2.0,2.0,2.0,2.0,1.0,,5.0,,,5.0,,18.0,,,6.0,
pid_1750,,1.0,,2.0,,,1.0,54.0,,,1.0,380.0,,70.0,,3.0,5.0,5.0,1.0,1.0,5.0,5.0,4.0,5.0,5.0,5.0,,,5.0,4.0,5.0,3.0,,,,4.0,,1.0,7.0,3.0,5.0,5.0,5.0,6.0,6.0,6.0,60.0,65.0,45.0,40.0,55.0,65.0,50.0,75.0,65.0,80.0,4.0,,7.0,,,,,,,,,,,1.0,1.0,1.0,1.0,1.0,1.0,1.0,1.0,2.0,1.0,1.0,2.0,1.0,2.0,1.0,2.0,2.0,1.0,2.0,2.0,2.0,2.0,1.0,2.0,1.0,1.0,1.0,2.0,2.0,1.0,2.0,1.0,2.0,1.0,2.0,1.0,1.0,2.0,1.0,1.0,2.0,2.0,2.0,1.0,1.0,1.0,,,5.0,,,6.0,,20.0,,9.0,
pid_1751,,1.0,1.0,,,,1.0,20.0,,,1.0,150.0,,85.0,2.0,,2.0,1.0,5.0,4.0,4.0,2.0,1.0,2.0,2.0,4.0,,5.0,,,,,3.0,4.0,5.0,,4.0,1.0,7.0,2.0,5.0,5.0,3.0,5.0,6.0,6.0,50.0,60.0,55.0,50.0,60.0,60.0,45.0,65.0,65.0,80.0,4.0,6.0,,,,,,,,,,,,1.0,1.0,1.0,1.0,1.0,1.0,1.0,1.0,1.0,1.0,2.0,2.0,2.0,2.0,1.0,2.0,1.0,1.0,1.0,2.0,2.0,1.0,2.0,1.0,1.0,2.0,1.0,1.0,2.0,1.0,1.0,1.0,2.0,1.0,1.0,1.0,2.0,2.0,1.0,2.0,2.0,1.0,1.0,1.0,1.0,1.0,,4.0,,,6.0,,,20.0,1.0,,
pid_1752,,1.0,2.0,,,,1.0,30.0,,,1.0,100.0,,70.0,,5.0,2.0,4.0,5.0,4.0,2.0,2.0,1.0,4.0,2.0,4.0,,5.0,,,,,4.0,4.0,5.0,4.0,,2.0,7.0,5.0,6.0,6.0,3.0,5.0,6.0,6.0,55.0,60.0,65.0,55.0,60.0,60.0,45.0,65.0,65.0,75.0,4.0,,6.0,,,,,,,,,,,1.0,1.0,1.0,1.0,1.0,1.0,1.0,1.0,2.0,1.0,2.0,1.0,1.0,2.0,1.0,2.0,2.0,1.0,1.0,2.0,1.0,1.0,1.0,2.0,1.0,1.0,1.0,1.0,1.0,2.0,1.0,1.0,1.0,1.0,2.0,1.0,2.0,2.0,1.0,2.0,1.0,1.0,2.0,2.0,2.0,2.0,,5.0,,,6.0,,,5.0,,6.0,
pid_1753,1.0,,,2.0,2.0,54.0,,,,,1.0,379.0,,85.0,5.0,,2.0,1.0,5.0,5.0,4.0,4.0,1.0,2.0,2.0,4.0,,,5.0,4.0,5.0,3.0,,,,,4.0,2.0,6.0,5.0,5.0,6.0,3.0,5.0,6.0,6.0,45.0,55.0,65.0,50.0,55.0,60.0,48.0,65.0,60.0,75.0,4.0,6.0,,,,,,,,,,,,1.0,1.0,1.0,1.0,1.0,1.0,2.0,2.0,1.0,2.0,1.0,2.0,2.0,1.0,1.0,2.0,2.0,2.0,2.0,2.0,2.0,1.0,1.0,2.0,2.0,1.0,2.0,2.0,2.0,1.0,2.0,1.0,1.0,2.0,1.0,2.0,1.0,2.0,1.0,1.0,2.0,2.0,1.0,1.0,2.0,1.0,,,4.0,,,6.0,18.0,,2.0,,
pid_1754,1.0,,1.0,,,,1.0,54.0,2.0,380.0,,,,75.0,,2.0,4.0,4.0,4.0,2.0,4.0,5.0,1.0,4.0,2.0,4.0,,,5.0,3.0,5.0,2.0,,,,4.0,,2.0,6.0,3.0,5.0,5.0,5.0,5.0,6.0,6.0,60.0,65.0,55.0,45.0,65.0,65.0,50.0,75.0,65.0,80.0,4.0,6.0,,,,,,,,,,,,1.0,1.0,1.0,1.0,1.0,1.0,2.0,2.0,2.0,1.0,2.0,1.0,2.0,1.0,2.0,1.0,2.0,1.0,2.0,2.0,2.0,1.0,2.0,2.0,1.0,2.0,2.0,1.0,1.0,2.0,2.0,2.0,2.0,1.0,1.0,2.0,1.0,1.0,2.0,2.0,1.0,1.0,1.0,2.0,2.0,1.0,,,5.0,,,6.0,18.0,,,,6.0
pid_1755,1.0,,,2.0,2.0,54.0,,,2.0,379.0,,,,70.0,,2.0,4.0,2.0,5.0,4.0,4.0,4.0,1.0,4.0,2.0,4.0,,5.0,,,,,4.0,3.0,5.0,,4.0,2.0,6.0,5.0,5.0,6.0,5.0,5.0,6.0,6.0,55.0,65.0,60.0,45.0,60.0,58.0,55.0,70.0,65.0,80.0,4.0,,7.0,1.0,1.0,1.0,1.0,1.0,1.0,1.0,1.0,1.0,1.0,,,,,,,2.0,1.0,2.0,1.0,1.0,1.0,1.0,1.0,1.0,1.0,1.0,2.0,2.0,2.0,1.0,1.0,1.0,2.0,2.0,2.0,1.0,2.0,1.0,1.0,2.0,2.0,1.0,1.0,2.0,1.0,2.0,1.0,1.0,2.0,2.0,1.0,2.0,1.0,2.0,1.0,,5.0,,,6.0,,18.0,,,,3.0
pid_1756,,1.0,1.0,,,,1.0,54.0,2.0,380.0,,,20.0,,2.0,,2.0,2.0,5.0,4.0,4.0,2.0,1.0,4.0,2.0,4.0,2.0,,,4.0,5.0,4.0,,,,4.0,,2.0,6.0,5.0,5.0,5.0,3.0,5.0,6.0,6.0,50.0,60.0,60.0,45.0,55.0,60.0,45.0,65.0,65.0,75.0,4.0,6.0,,1.0,1.0,1.0,1.0,1.0,1.0,1.0,1.0,1.0,1.0,,,,,,,2.0,1.0,2.0,2.0,1.0,2.0,1.0,2.0,1.0,2.0,1.0,2.0,1.0,2.0,1.0,1.0,2.0,2.0,2.0,2.0,1.0,2.0,1.0,1.0,1.0,2.0,2.0,2.0,1.0,2.0,2.0,1.0,2.0,2.0,2.0,2.0,1.0,2.0,2.0,1.0,4.0,,,5.0,,,,20.0,,7.0,
pid_1757,,2.0,,2.0,,,1.0,20.0,,,1.0,200.0,,80.0,,3.0,4.0,2.0,4.0,2.0,4.0,4.0,2.0,4.0,2.0,4.0,,,5.0,4.0,5.0,3.0,,,,4.0,,1.0,7.0,5.0,6.0,5.0,5.0,5.0,6.0,6.0,55.0,55.0,60.0,45.0,60.0,60.0,50.0,70.0,65.0,75.0,4.0,6.0,,,,,,,,,,,,1.0,1.0,1.0,1.0,1.0,1.0,1.0,1.0,1.0,2.0,2.0,2.0,1.0,1.0,1.0,2.0,2.0,1.0,1.0,2.0,1.0,2.0,2.0,1.0,2.0,2.0,2.0,2.0,2.0,2.0,2.0,2.0,2.0,2.0,2.0,2.0,2.0,2.0,1.0,1.0,2.0,1.0,2.0,2.0,1.0,2.0,,,4.0,,,6.0,15.0,,,6.0,
pid_1758,,2.0,,2.0,2.0,54.0,,,,,1.0,379.0,30.0,,3.0,,4.0,4.0,2.0,2.0,4.0,4.0,2.0,5.0,4.0,5.0,2.0,,,4.0,5.0,3.0,,,,,4.0,2.0,7.0,5.0,5.0,5.0,5.0,5.0,6.0,6.0,55.0,60.0,55.0,45.0,60.0,65.0,48.0,72.0,65.0,80.0,4.0,,6.0,1.0,1.0,1.0,1.0,1.0,1.0,1.0,1.0,1.0,1.0,,,,,,,1.0,1.0,1.0,2.0,2.0,1.0,2.0,2.0,1.0,1.0,2.0,2.0,2.0,2.0,1.0,2.0,2.0,1.0,1.0,2.0,1.0,1.0,1.0,2.0,2.0,2.0,1.0,2.0,1.0,1.0,2.0,2.0,1.0,1.0,2.0,1.0,1.0,1.0,2.0,1.0,5.0,,,6.0,,,,12.0,,,6.0
pid_1759,,1.0,1.0,,,,1.0,54.0,,,1.0,380.0,30.0,,2.0,,5.0,5.0,1.0,1.0,5.0,5.0,4.0,5.0,5.0,5.0,,,5.0,,,,4.0,4.0,3.0,4.0,,1.0,7.0,5.0,5.0,3.0,3.0,5.0,6.0,6.0,55.0,60.0,45.0,40.0,60.0,58.0,55.0,70.0,65.0,80.0,4.0,,6.0,1.0,1.0,1.0,1.0,1.0,1.0,1.0,1.0,1.0,1.0,,,,,,,1.0,2.0,1.0,1.0,2.0,1.0,2.0,2.0,1.0,1.0,2.0,1.0,2.0,1.0,1.0,1.0,2.0,1.0,1.0,2.0,1.0,2.0,1.0,1.0,1.0,1.0,2.0,1.0,2.0,1.0,2.0,1.0,2.0,2.0,2.0,2.0,2.0,1.0,1.0,2.0,,,5.0,,,6.0,,20.0,2.0,,
pid_1760,,1.0,,2.0,2.0,40.0,,,2.0,380.0,,,,70.0,,3.0,4.0,5.0,1.0,1.0,5.0,5.0,4.0,5.0,5.0,5.0,,5.0,,,,,4.0,5.0,5.0,4.0,,1.0,7.0,5.0,5.0,5.0,5.0,6.0,6.0,6.0,55.0,60.0,40.0,35.0,60.0,58.0,50.0,70.0,65.0,75.0,4.0,,6.0,,,,,,,,,,,1.0,1.0,1.0,1.0,1.0,1.0,1.0,1.0,1.0,2.0,1.0,2.0,2.0,1.0,1.0,2.0,1.0,1.0,1.0,1.0,1.0,2.0,1.0,1.0,2.0,2.0,2.0,2.0,2.0,2.0,1.0,2.0,1.0,1.0,2.0,2.0,2.0,2.0,2.0,2.0,1.0,2.0,2.0,1.0,1.0,1.0,,5.0,,,6.0,,,0.0,,6.0,
pid_1761,1.0,,,2.0,,,1.0,54.0,2.0,379.0,,,,70.0,3.0,,4.0,5.0,2.0,2.0,4.0,4.0,2.0,5.0,4.0,5.0,2.0,,,,,,3.0,3.0,5.0,,4.0,1.0,7.0,5.0,5.0,6.0,5.0,5.0,6.0,6.0,55.0,60.0,45.0,35.0,50.0,60.0,45.0,70.0,65.0,75.0,4.0,6.0,,,,,,,,,,,,1.0,1.0,1.0,1.0,1.0,1.0,2.0,2.0,2.0,2.0,1.0,2.0,1.0,1.0,1.0,2.0,2.0,2.0,2.0,2.0,2.0,2.0,1.0,1.0,2.0,2.0,1.0,2.0,1.0,2.0,1.0,2.0,2.0,1.0,1.0,1.0,1.0,1.0,2.0,2.0,1.0,2.0,1.0,1.0,2.0,2.0,5.0,,,6.0,,,,0.0,,,3.0
pid_1762,,1.0,1.0,,2.0,54.0,,,2.0,380.0,,,30.0,,3.0,,2.0,2.0,5.0,4.0,4.0,2.0,1.0,4.0,2.0,4.0,2.0,,,4.0,5.0,2.0,,,,4.0,,1.0,6.0,5.0,5.0,3.0,5.0,5.0,6.0,6.0,55.0,58.0,55.0,51.0,62.0,60.0,48.0,72.0,64.0,78.0,4.0,5.0,,,,,,,,,,,,1.0,1.0,1.0,1.0,1.0,1.0,1.0,1.0,2.0,2.0,1.0,2.0,2.0,2.0,1.0,1.0,2.0,2.0,2.0,1.0,2.0,1.0,1.0,1.0,1.0,1.0,2.0,1.0,1.0,1.0,1.0,2.0,2.0,2.0,1.0,2.0,2.0,2.0,2.0,1.0,1.0,2.0,1.0,2.0,1.0,2.0,4.0,,,5.0,,,18.0,,3.0,,
pid_1763,1.0,,,2.0,,,1.0,15.0,2.0,350.0,,,30.0,,2.0,,4.0,2.0,5.0,4.0,5.0,4.0,1.0,4.0,2.0,5.0,4.0,,,4.0,5.0,3.0,,,,,4.0,2.0,7.0,5.0,6.0,6.0,5.0,6.0,6.0,6.0,55.0,55.0,55.0,52.0,60.0,58.0,48.0,68.0,65.0,75.0,4.0,5.0,,,,,,,,,,,,1.0,1.0,1.0,1.0,1.0,1.0,1.0,1.0,1.0,1.0,1.0,1.0,2.0,2.0,1.0,2.0,2.0,1.0,1.0,1.0,1.0,1.0,2.0,2.0,1.0,1.0,2.0,1.0,1.0,2.0,2.0,1.0,1.0,2.0,2.0,2.0,2.0,2.0,1.0,1.0,2.0,2.0,1.0,1.0,2.0,2.0,4.0,,,5.0,,,18.0,,,6.0,
pid_1764,1.0,,,2.0,2.0,50.0,,,,,1.0,300.0,30.0,,,2.0,5.0,5.0,1.0,1.0,5.0,5.0,4.0,5.0,5.0,5.0,2.0,,,,,,4.0,3.0,5.0,6.0,,1.0,7.0,5.0,5.0,5.0,5.0,6.0,6.0,6.0,60.0,65.0,45.0,40.0,65.0,68.0,55.0,75.0,70.0,80.0,4.0,7.0,,1.0,1.0,1.0,1.0,1.0,1.0,1.0,1.0,1.0,1.0,,,,,,,1.0,1.0,1.0,1.0,1.0,1.0,1.0,1.0,1.0,1.0,2.0,2.0,2.0,2.0,2.0,1.0,2.0,1.0,2.0,2.0,2.0,2.0,2.0,2.0,2.0,2.0,2.0,1.0,2.0,1.0,1.0,1.0,1.0,2.0,1.0,1.0,2.0,2.0,1.0,2.0,5.0,,,6.0,,,,18.0,,6.0,
pid_1765,,2.0,,2.0,2.0,54.0,,,,,1.0,380.0,,70.0,,3.0,4.0,5.0,2.0,2.0,4.0,5.0,4.0,5.0,5.0,5.0,2.0,,,,,,4.0,5.0,3.0,,4.0,1.0,7.0,5.0,5.0,5.0,5.0,5.0,6.0,6.0,55.0,60.0,55.0,45.0,60.0,65.0,45.0,70.0,65.0,80.0,4.0,6.0,,,,,,,,,,,,1.0,1.0,1.0,1.0,1.0,1.0,1.0,1.0,2.0,1.0,2.0,2.0,2.0,1.0,1.0,1.0,2.0,2.0,2.0,1.0,1.0,2.0,2.0,2.0,1.0,1.0,2.0,2.0,1.0,2.0,1.0,2.0,1.0,2.0,2.0,1.0,1.0,2.0,2.0,2.0,2.0,2.0,1.0,2.0,1.0,1.0,4.0,,,5.0,,,18.0,,,,3.0
pid_1766,1.0,,,2.0,2.0,70.0,,,2.0,500.0,,,,85.0,,3.0,4.0,5.0,1.0,1.0,5.0,5.0,4.0,5.0,5.0,5.0,4.0,,,5.0,5.0,2.0,,,,,4.0,2.0,7.0,5.0,5.0,6.0,3.0,6.0,6.0,6.0,55.0,60.0,45.0,40.0,52.0,60.0,50.0,68.0,65.0,80.0,4.0,6.0,,,,,,,,,,,,1.0,1.0,1.0,1.0,1.0,1.0,2.0,1.0,1.0,2.0,1.0,1.0,1.0,2.0,2.0,1.0,2.0,2.0,2.0,1.0,2.0,2.0,2.0,2.0,2.0,2.0,1.0,1.0,2.0,2.0,1.0,1.0,1.0,1.0,2.0,1.0,1.0,1.0,2.0,2.0,1.0,1.0,2.0,2.0,1.0,2.0,5.0,,,6.0,,,,15.0,3.0,,
pid_1767,,2.0,2.0,,2.0,54.0,,,2.0,380.0,,,30.0,,,3.0,2.0,1.0,5.0,4.0,4.0,2.0,1.0,2.0,2.0,4.0,,5.0,,,,,4.0,5.0,3.0,,4.0,2.0,7.0,3.0,5.0,5.0,5.0,6.0,6.0,6.0,55.0,60.0,55.0,48.0,60.0,65.0,48.0,70.0,62.0,75.0,4.0,6.0,,1.0,1.0,1.0,1.0,1.0,1.0,1.0,1.0,1.0,1.0,,,,,,,2.0,1.0,2.0,2.0,2.0,2.0,1.0,2.0,1.0,1.0,2.0,1.0,1.0,2.0,2.0,2.0,2.0,1.0,2.0,2.0,1.0,2.0,1.0,2.0,1.0,2.0,2.0,2.0,1.0,2.0,1.0,2.0,2.0,2.0,1.0,1.0,1.0,2.0,2.0,1.0,,4.0,,,6.0,,,20.0,1.0,,
pid_1768,1.0,,1.0,,,,1.0,54.0,,,1.0,379.0,50.0,,3.0,,5.0,5.0,1.0,1.0,5.0,5.0,5.0,5.0,5.0,5.0,,,5.0,,,,3.0,4.0,5.0,,6.0,2.0,7.0,5.0,6.0,5.0,3.0,5.0,6.0,6.0,65.0,65.0,35.0,40.0,60.0,70.0,55.0,75.0,68.0,80.0,4.0,6.0,,,,,,,,,,,,1.0,1.0,1.0,1.0,1.0,1.0,1.0,2.0,2.0,1.0,1.0,2.0,1.0,1.0,1.0,2.0,1.0,2.0,2.0,2.0,1.0,1.0,1.0,1.0,2.0,2.0,1.0,1.0,1.0,1.0,1.0,1.0,1.0,2.0,1.0,1.0,2.0,2.0,2.0,2.0,1.0,2.0,2.0,1.0,1.0,1.0,,,5.0,,,6.0,,10.0,,,4.0
pid_1769,1.0,,2.0,,2.0,54.0,,,2.0,380.0,,,,85.0,,3.0,4.0,5.0,1.0,1.0,5.0,5.0,5.0,5.0,5.0,5.0,,,5.0,4.0,5.0,3.0,,,,4.0,,2.0,7.0,5.0,5.0,5.0,3.0,5.0,6.0,6.0,55.0,60.0,45.0,35.0,60.0,58.0,52.0,75.0,70.0,80.0,4.0,,6.0,,,,,,,,,,,1.0,1.0,1.0,1.0,1.0,1.0,1.0,1.0,2.0,1.0,2.0,1.0,2.0,1.0,1.0,2.0,2.0,2.0,2.0,1.0,2.0,1.0,2.0,1.0,2.0,1.0,2.0,2.0,2.0,1.0,1.0,2.0,2.0,2.0,2.0,2.0,1.0,1.0,1.0,1.0,2.0,1.0,2.0,2.0,2.0,1.0,,,5.0,,,6.0,,0.0,,6.0,
pid_1770,1.0,,2.0,,2.0,54.0,,,,,1.0,379.0,30.0,,,2.0,4.0,5.0,1.0,1.0,5.0,5.0,4.0,5.0,5.0,5.0,,,5.0,4.0,5.0,2.0,,,,,4.0,2.0,7.0,5.0,6.0,5.0,5.0,5.0,6.0,6.0,55.0,65.0,45.0,35.0,60.0,65.0,55.0,75.0,70.0,80.0,4.0,6.0,,,,,,,,,,,,1.0,1.0,1.0,1.0,1.0,1.0,1.0,1.0,2.0,2.0,2.0,2.0,2.0,2.0,1.0,1.0,2.0,2.0,2.0,2.0,2.0,1.0,1.0,2.0,2.0,1.0,2.0,1.0,2.0,2.0,2.0,2.0,2.0,1.0,2.0,2.0,2.0,2.0,1.0,2.0,2.0,1.0,2.0,2.0,1.0,2.0,,,5.0,,,6.0,,0.0,,,3.0
pid_1771,,2.0,,2.0,2.0,54.0,,,,,1.0,379.0,30.0,,,2.0,4.0,5.0,1.0,1.0,5.0,5.0,4.0,5.0,5.0,5.0,,,4.0,4.0,5.0,2.0,,,,5.0,,2.0,6.0,5.0,5.0,5.0,5.0,5.0,6.0,6.0,65.0,65.0,45.0,35.0,70.0,65.0,55.0,75.0,70.0,80.0,4.0,6.0,,1.0,1.0,1.0,1.0,1.0,1.0,1.0,1.0,1.0,1.0,,,,,,,2.0,1.0,1.0,1.0,1.0,2.0,2.0,1.0,2.0,2.0,1.0,2.0,1.0,2.0,1.0,1.0,1.0,2.0,2.0,2.0,1.0,2.0,1.0,2.0,2.0,1.0,1.0,2.0,2.0,2.0,2.0,2.0,2.0,1.0,1.0,2.0,1.0,2.0,2.0,1.0,,,4.0,,,6.0,18.0,,,,6.0
pid_1772,1.0,,,2.0,,,1.0,20.0,2.0,500.0,,,30.0,,,2.0,4.0,5.0,1.0,1.0,5.0,5.0,4.0,5.0,5.0,5.0,2.0,,,4.0,5.0,3.0,,,,,4.0,2.0,7.0,5.0,5.0,6.0,3.0,5.0,6.0,6.0,55.0,55.0,40.0,35.0,60.0,65.0,50.0,70.0,65.0,75.0,4.0,,7.0,,,,,,,,,,,1.0,1.0,1.0,1.0,1.0,1.0,1.0,1.0,2.0,1.0,1.0,2.0,1.0,2.0,1.0,1.0,2.0,2.0,1.0,1.0,2.0,1.0,2.0,2.0,2.0,2.0,1.0,1.0,2.0,2.0,1.0,2.0,1.0,1.0,1.0,2.0,2.0,2.0,2.0,2.0,2.0,1.0,1.0,2.0,2.0,2.0,5.0,,,6.0,,,,10.0,,6.0,
pid_1773,1.0,,,2.0,2.0,54.0,,,2.0,380.0,,,30.0,,2.0,,4.0,5.0,1.0,1.0,5.0,5.0,4.0,5.0,5.0,5.0,2.0,,,4.0,5.0,2.0,,,,,5.0,1.0,6.0,5.0,5.0,5.0,5.0,6.0,6.0,6.0,55.0,65.0,35.0,30.0,60.0,60.0,55.0,70.0,70.0,80.0,4.0,6.0,,1.0,1.0,1.0,1.0,1.0,1.0,1.0,1.0,1.0,1.0,,,,,,,1.0,2.0,2.0,2.0,1.0,2.0,1.0,2.0,1.0,1.0,1.0,1.0,1.0,1.0,1.0,1.0,2.0,1.0,2.0,2.0,1.0,2.0,2.0,1.0,2.0,1.0,2.0,1.0,2.0,1.0,1.0,1.0,2.0,1.0,2.0,1.0,1.0,1.0,2.0,1.0,5.0,,,6.0,,,,0.0,,,3.0
pid_1774,1.0,,,2.0,,,1.0,54.0,,,1.0,379.0,,70.0,,2.0,5.0,5.0,1.0,1.0,5.0,5.0,4.0,5.0,5.0,5.0,,,5.0,4.0,5.0,3.0,,,,6.0,,2.0,7.0,5.0,5.0,5.0,3.0,5.0,6.0,6.0,60.0,55.0,40.0,35.0,65.0,60.0,55.0,75.0,70.0,80.0,4.0,6.0,,1.0,1.0,1.0,1.0,1.0,1.0,1.0,1.0,1.0,1.0,,,,,,,1.0,1.0,2.0,1.0,2.0,2.0,1.0,2.0,2.0,1.0,2.0,2.0,1.0,2.0,2.0,1.0,2.0,2.0,1.0,1.0,1.0,1.0,2.0,2.0,2.0,1.0,1.0,2.0,2.0,2.0,2.0,2.0,1.0,1.0,1.0,1.0,2.0,2.0,2.0,2.0,,,5.0,,,6.0,,2.0,,,4.0
pid_1775,,2.0,,2.0,2.0,54.0,,,,,1.0,380.0,30.0,,,3.0,4.0,4.0,2.0,2.0,4.0,4.0,2.0,4.0,4.0,4.0,,,4.0,4.0,5.0,,,,,6.0,,1.0,6.0,5.0,5.0,5.0,5.0,5.0,6.0,6.0,55.0,55.0,50.0,45.0,60.0,60.0,45.0,70.0,65.0,75.0,4.0,6.0,,1.0,1.0,1.0,1.0,1.0,1.0,1.0,1.0,1.0,1.0,,,,,,,2.0,1.0,2.0,1.0,2.0,1.0,2.0,2.0,2.0,2.0,1.0,1.0,1.0,1.0,1.0,1.0,1.0,1.0,1.0,2.0,1.0,2.0,1.0,1.0,1.0,1.0,1.0,2.0,2.0,2.0,1.0,2.0,2.0,1.0,2.0,2.0,2.0,1.0,1.0,1.0,,,5.0,,,6.0,,20.0,2.0,,
pid_1776,,1.0,2.0,,,,1.0,30.0,,,1.0,300.0,35.0,,,4.0,4.0,5.0,1.0,1.0,5.0,5.0,4.0,5.0,5.0,5.0,1.0,,,,,,4.0,5.0,3.0,4.0,,2.0,7.0,5.0,3.0,5.0,5.0,6.0,6.0,6.0,55.0,60.0,45.0,35.0,60.0,65.0,55.0,70.0,65.0,80.0,4.0,,7.0,,,,,,,,,,,1.0,1.0,1.0,1.0,1.0,1.0,2.0,1.0,2.0,2.0,2.0,1.0,2.0,2.0,1.0,2.0,1.0,1.0,2.0,1.0,2.0,2.0,2.0,1.0,2.0,1.0,1.0,2.0,2.0,1.0,1.0,1.0,2.0,1.0,2.0,2.0,2.0,2.0,2.0,2.0,2.0,2.0,1.0,1.0,1.0,2.0,5.0,,,6.0,,,,20.0,3.0,,
pid_1777,1.0,,,2.0,2.0,54.0,,,2.0,380.0,,,30.0,,2.0,,4.0,5.0,1.0,1.0,5.0,5.0,4.0,5.0,5.0,5.0,,5.0,,4.0,5.0,2.0,,,,4.0,,2.0,6.0,5.0,5.0,5.0,5.0,6.0,6.0,6.0,55.0,65.0,45.0,40.0,60.0,60.0,55.0,75.0,65.0,80.0,4.0,7.0,,1.0,1.0,1.0,1.0,1.0,1.0,1.0,1.0,1.0,1.0,,,,,,,1.0,1.0,2.0,2.0,2.0,1.0,1.0,2.0,1.0,2.0,2.0,2.0,2.0,1.0,1.0,2.0,1.0,1.0,1.0,2.0,1.0,1.0,1.0,2.0,2.0,2.0,2.0,1.0,1.0,1.0,1.0,2.0,2.0,2.0,1.0,1.0,1.0,1.0,1.0,1.0,,5.0,,,6.0,,,20.0,,6.0,
pid_1778,,2.0,,2.0,2.0,54.0,,,2.0,380.0,,,,75.0,,3.0,4.0,5.0,2.0,1.0,5.0,5.0,4.0,5.0,5.0,5.0,,4.0,,4.0,5.0,3.0,,,,4.0,,2.0,7.0,5.0,5.0,5.0,3.0,5.0,6.0,5.0,60.0,65.0,45.0,35.0,65.0,63.0,55.0,75.0,70.0,80.0,4.0,,6.0,1.0,1.0,1.0,1.0,1.0,1.0,1.0,1.0,1.0,1.0,,,,,,,2.0,2.0,1.0,1.0,1.0,2.0,2.0,2.0,2.0,1.0,2.0,1.0,2.0,1.0,2.0,1.0,1.0,1.0,2.0,2.0,2.0,2.0,1.0,2.0,2.0,1.0,1.0,1.0,2.0,2.0,2.0,1.0,2.0,2.0,1.0,2.0,2.0,2.0,2.0,2.0,,5.0,,,6.0,,17.0,,,,3.0
pid_1779,1.0,,,2.0,,,1.0,54.0,2.0,380.0,,,30.0,,,3.0,4.0,5.0,2.0,2.0,4.0,5.0,2.0,5.0,4.0,4.0,,5.0,,4.0,5.0,3.0,,,,4.0,,2.0,6.0,5.0,5.0,5.0,6.0,6.0,6.0,6.0,55.0,65.0,45.0,35.0,60.0,65.0,50.0,70.0,65.0,75.0,4.0,6.0,,,,,,,,,,,,1.0,1.0,1.0,1.0,1.0,1.0,1.0,1.0,2.0,1.0,2.0,2.0,2.0,2.0,1.0,2.0,2.0,1.0,2.0,2.0,1.0,2.0,2.0,1.0,2.0,1.0,2.0,1.0,1.0,2.0,1.0,2.0,2.0,1.0,2.0,1.0,2.0,2.0,1.0,1.0,2.0,1.0,2.0,1.0,1.0,2.0,,5.0,,,6.0,,18.0,,,6.0,
pid_1780,,1.0,2.0,,,,1.0,54.0,2.0,380.0,,,,80.0,2.0,,5.0,5.0,1.0,1.0,5.0,5.0,5.0,5.0,5.0,5.0,,5.0,,,,,4.0,5.0,5.0,4.0,,2.0,7.0,5.0,5.0,5.0,5.0,5.0,6.0,6.0,65.0,63.0,42.0,35.0,62.0,68.0,55.0,72.0,70.0,75.0,4.0,6.0,,1.0,1.0,1.0,1.0,1.0,1.0,1.0,1.0,1.0,1.0,,,,,,,2.0,1.0,2.0,2.0,2.0,2.0,1.0,2.0,2.0,2.0,2.0,1.0,2.0,1.0,2.0,2.0,2.0,2.0,2.0,2.0,1.0,1.0,2.0,2.0,2.0,1.0,2.0,2.0,2.0,1.0,1.0,1.0,1.0,1.0,1.0,2.0,2.0,1.0,2.0,2.0,,5.0,,,6.0,,,20.0,,,3.0
pid_1781,,2.0,1.0,,2.0,54.0,,,2.0,380.0,,,,65.0,2.0,,4.0,5.0,1.0,1.0,5.0,5.0,4.0,5.0,5.0,5.0,,5.0,,,,,5.0,4.0,5.0,,4.0,2.0,6.0,5.0,5.0,5.0,5.0,5.0,6.0,6.0,55.0,63.0,45.0,38.0,62.0,60.0,52.0,68.0,65.0,75.0,4.0,,7.0,1.0,1.0,1.0,1.0,1.0,1.0,1.0,1.0,1.0,1.0,,,,,,,1.0,1.0,2.0,2.0,2.0,2.0,1.0,1.0,1.0,1.0,2.0,2.0,2.0,2.0,2.0,1.0,1.0,1.0,2.0,1.0,1.0,1.0,2.0,2.0,2.0,2.0,2.0,1.0,1.0,1.0,2.0,2.0,2.0,1.0,2.0,2.0,1.0,2.0,2.0,1.0,,5.0,,,6.0,,,20.0,2.0,,
pid_1782,1.0,,2.0,,2.0,54.0,,,,,1.0,300.0,50.0,,3.0,,4.0,5.0,1.0,2.0,5.0,5.0,4.0,5.0,5.0,5.0,,5.0,,4.0,5.0,3.0,,,,,4.0,1.0,6.0,3.0,5.0,5.0,5.0,6.0,6.0,6.0,62.0,65.0,42.0,48.0,60.0,68.0,55.0,72.0,68.0,80.0,4.0,,7.0,,,,,,,,,,,1.0,1.0,1.0,1.0,1.0,1.0,1.0,2.0,2.0,1.0,2.0,1.0,2.0,1.0,2.0,1.0,2.0,1.0,1.0,1.0,2.0,1.0,1.0,2.0,1.0,2.0,2.0,2.0,1.0,1.0,2.0,1.0,2.0,1.0,2.0,2.0,1.0,2.0,1.0,1.0,2.0,2.0,2.0,1.0,2.0,1.0,,5.0,,,6.0,,18.0,,2.0,,
pid_1783,1.0,,1.0,,,,1.0,20.0,,,1.0,100.0,30.0,,,2.0,2.0,2.0,5.0,4.0,2.0,2.0,1.0,4.0,2.0,4.0,,,4.0,,,,4.0,5.0,5.0,4.0,,2.0,6.0,5.0,5.0,5.0,3.0,5.0,6.0,6.0,50.0,55.0,60.0,45.0,55.0,60.0,45.0,70.0,65.0,75.0,4.0,6.0,,1.0,1.0,1.0,1.0,1.0,1.0,1.0,1.0,1.0,1.0,,,,,,,2.0,2.0,1.0,1.0,1.0,2.0,2.0,2.0,2.0,1.0,2.0,1.0,2.0,1.0,1.0,2.0,2.0,1.0,1.0,2.0,1.0,1.0,1.0,2.0,1.0,2.0,1.0,2.0,1.0,2.0,1.0,2.0,2.0,1.0,2.0,2.0,1.0,2.0,1.0,2.0,,,5.0,,,6.0,,18.0,,9.0,
pid_1784,1.0,,2.0,,2.0,54.0,,,,,1.0,379.0,50.0,,,2.0,4.0,5.0,2.0,2.0,5.0,5.0,4.0,5.0,5.0,5.0,,,5.0,,,,4.0,5.0,5.0,4.0,,2.0,7.0,5.0,5.0,5.0,5.0,5.0,6.0,6.0,60.0,55.0,45.0,40.0,55.0,58.0,48.0,70.0,65.0,75.0,4.0,6.0,,,,,,,,,,,,1.0,1.0,1.0,1.0,1.0,1.0,1.0,2.0,1.0,1.0,1.0,2.0,1.0,1.0,2.0,2.0,2.0,1.0,2.0,1.0,1.0,1.0,2.0,1.0,2.0,1.0,2.0,2.0,2.0,1.0,1.0,2.0,1.0,1.0,2.0,2.0,1.0,2.0,2.0,2.0,1.0,2.0,1.0,2.0,2.0,2.0,,,5.0,,,6.0,,10.0,,6.0,
pid_1785,,1.0,,2.0,2.0,54.0,,,2.0,380.0,,,40.0,,,1.0,4.0,4.0,4.0,2.0,5.0,4.0,1.0,4.0,3.0,4.0,1.0,,,,,,4.0,5.0,4.0,6.0,,2.0,7.0,5.0,5.0,5.0,5.0,6.0,6.0,6.0,55.0,62.0,58.0,48.0,60.0,58.0,48.0,68.0,65.0,75.0,4.0,7.0,,1.0,1.0,1.0,1.0,1.0,1.0,1.0,1.0,1.0,1.0,,,,,,,1.0,2.0,1.0,1.0,1.0,2.0,1.0,1.0,2.0,2.0,1.0,1.0,2.0,2.0,1.0,2.0,2.0,2.0,2.0,2.0,1.0,1.0,2.0,1.0,2.0,2.0,1.0,1.0,1.0,1.0,1.0,1.0,1.0,1.0,2.0,1.0,2.0,2.0,1.0,1.0,4.0,,,5.0,,,,20.0,,10.0,
pid_1786,1.0,,1.0,,2.0,54.0,,,2.0,380.0,,,,70.0,2.0,,4.0,5.0,1.0,1.0,5.0,5.0,4.0,5.0,5.0,5.0,2.0,,,,,,4.0,5.0,5.0,4.0,,2.0,7.0,5.0,5.0,5.0,5.0,5.0,6.0,6.0,65.0,65.0,40.0,35.0,60.0,65.0,55.0,75.0,70.0,80.0,4.0,6.0,,,,,,,,,,,,1.0,1.0,1.0,1.0,1.0,1.0,2.0,1.0,1.0,2.0,2.0,2.0,1.0,1.0,2.0,1.0,2.0,1.0,2.0,2.0,2.0,1.0,2.0,2.0,2.0,1.0,1.0,2.0,2.0,1.0,2.0,2.0,2.0,2.0,1.0,2.0,1.0,2.0,2.0,1.0,1.0,2.0,2.0,2.0,2.0,1.0,4.0,,,5.0,,,,20.0,,,3.0
pid_1787,,2.0,2.0,,,,1.0,54.0,,,1.0,379.0,30.0,,,6.0,5.0,5.0,1.0,1.0,5.0,5.0,5.0,5.0,5.0,5.0,,,5.0,5.0,5.0,3.0,,,,,6.0,1.0,7.0,3.0,5.0,5.0,3.0,6.0,6.0,6.0,60.0,65.0,40.0,35.0,55.0,65.0,55.0,75.0,65.0,80.0,4.0,,6.0,1.0,1.0,1.0,1.0,1.0,1.0,1.0,1.0,1.0,1.0,,,,,,,2.0,1.0,1.0,2.0,1.0,2.0,2.0,1.0,2.0,2.0,2.0,1.0,1.0,1.0,1.0,2.0,2.0,2.0,1.0,1.0,1.0,2.0,2.0,2.0,2.0,1.0,2.0,2.0,1.0,1.0,1.0,1.0,2.0,2.0,1.0,2.0,2.0,1.0,1.0,1.0,,,5.0,,,6.0,,20.0,,9.0,
pid_1788,,1.0,,1.0,2.0,54.0,,,,,1.0,379.0,30.0,,,2.0,4.0,5.0,1.0,1.0,5.0,5.0,4.0,5.0,5.0,5.0,,5.0,,5.0,5.0,3.0,,,,,4.0,1.0,7.0,5.0,5.0,6.0,5.0,5.0,6.0,6.0,55.0,60.0,55.0,45.0,60.0,62.0,55.0,75.0,70.0,80.0,4.0,,7.0,,,,,,,,,,,1.0,1.0,1.0,1.0,1.0,1.0,1.0,1.0,2.0,1.0,1.0,2.0,2.0,2.0,2.0,2.0,2.0,1.0,1.0,2.0,2.0,2.0,2.0,1.0,1.0,2.0,2.0,1.0,2.0,2.0,1.0,2.0,2.0,2.0,2.0,2.0,2.0,1.0,1.0,2.0,1.0,1.0,1.0,2.0,2.0,2.0,,5.0,,,6.0,,,20.0,,,4.0
pid_1789,,1.0,1.0,,2.0,54.0,,,,,1.0,379.0,,85.0,2.0,,4.0,2.0,4.0,4.0,4.0,4.0,1.0,4.0,2.0,4.0,2.0,,,5.0,5.0,3.0,,,,,4.0,2.0,7.0,5.0,5.0,5.0,5.0,6.0,6.0,6.0,55.0,60.0,60.0,55.0,65.0,65.0,45.0,70.0,65.0,80.0,4.0,,6.0,1.0,1.0,1.0,1.0,1.0,1.0,1.0,1.0,1.0,1.0,,,,,,,1.0,2.0,2.0,1.0,1.0,2.0,1.0,2.0,1.0,2.0,2.0,1.0,2.0,1.0,1.0,2.0,2.0,2.0,1.0,2.0,2.0,1.0,1.0,2.0,2.0,1.0,1.0,1.0,2.0,1.0,2.0,1.0,1.0,2.0,1.0,2.0,2.0,1.0,2.0,1.0,5.0,,,6.0,,,,5.0,,,5.0
pid_1790,,1.0,,2.0,2.0,54.0,,,,,1.0,379.0,40.0,,2.0,,4.0,5.0,1.0,1.0,5.0,5.0,4.0,5.0,5.0,5.0,,5.0,,,,,4.0,3.0,5.0,,4.0,2.0,7.0,5.0,5.0,3.0,5.0,5.0,6.0,6.0,55.0,60.0,45.0,40.0,60.0,65.0,55.0,70.0,65.0,75.0,4.0,6.0,,1.0,1.0,1.0,1.0,1.0,1.0,1.0,1.0,1.0,1.0,,,,,,,1.0,2.0,1.0,2.0,2.0,2.0,1.0,2.0,1.0,1.0,2.0,1.0,1.0,2.0,1.0,2.0,1.0,1.0,1.0,1.0,1.0,2.0,1.0,2.0,2.0,2.0,2.0,2.0,1.0,1.0,2.0,2.0,2.0,2.0,1.0,2.0,2.0,1.0,2.0,2.0,,5.0,,,5.0,,,10.0,2.0,,
pid_1791,,1.0,2.0,,,,1.0,54.0,2.0,380.0,,,,70.0,,3.0,4.0,5.0,2.0,1.0,5.0,5.0,4.0,5.0,5.0,5.0,,,5.0,,,,4.0,5.0,4.0,6.0,,1.0,7.0,5.0,5.0,5.0,3.0,5.0,6.0,6.0,55.0,60.0,44.0,42.0,62.0,58.0,48.0,68.0,65.0,78.0,4.0,6.0,,1.0,1.0,1.0,1.0,1.0,1.0,1.0,1.0,1.0,1.0,,,,,,,2.0,1.0,2.0,1.0,2.0,1.0,1.0,2.0,1.0,2.0,1.0,1.0,2.0,2.0,2.0,2.0,1.0,2.0,1.0,1.0,2.0,1.0,1.0,2.0,2.0,2.0,2.0,2.0,1.0,1.0,2.0,2.0,2.0,2.0,2.0,2.0,2.0,2.0,2.0,1.0,,,5.0,,,6.0,,20.0,3.0,,
pid_1792,,1.0,1.0,,,,1.0,54.0,2.0,380.0,,,30.0,,2.0,,5.0,5.0,1.0,1.0,5.0,5.0,4.0,5.0,5.0,5.0,1.0,,,,,,4.0,5.0,2.0,6.0,,2.0,7.0,5.0,5.0,6.0,5.0,5.0,6.0,6.0,60.0,55.0,35.0,40.0,55.0,58.0,48.0,70.0,65.0,75.0,4.0,7.0,,,,,,,,,,,,1.0,1.0,1.0,1.0,1.0,1.0,1.0,2.0,2.0,2.0,2.0,1.0,2.0,2.0,2.0,1.0,1.0,2.0,2.0,2.0,2.0,2.0,2.0,1.0,2.0,2.0,1.0,2.0,2.0,2.0,2.0,1.0,1.0,2.0,2.0,2.0,2.0,2.0,1.0,2.0,2.0,1.0,2.0,2.0,2.0,2.0,5.0,,,6.0,,,,20.0,3.0,,
pid_1793,1.0,,1.0,,,,1.0,20.0,2.0,500.0,,,30.0,,3.0,,4.0,5.0,2.0,2.0,4.0,4.0,4.0,5.0,4.0,5.0,,,5.0,,,,4.0,5.0,5.0,,4.0,2.0,6.0,5.0,5.0,5.0,3.0,5.0,6.0,6.0,45.0,55.0,60.0,45.0,55.0,60.0,45.0,65.0,60.0,70.0,4.0,,7.0,,,,,,,,,,,1.0,1.0,1.0,1.0,1.0,1.0,1.0,2.0,2.0,2.0,2.0,1.0,2.0,1.0,2.0,2.0,2.0,1.0,2.0,2.0,2.0,1.0,2.0,2.0,2.0,2.0,2.0,2.0,2.0,2.0,1.0,2.0,1.0,1.0,2.0,2.0,2.0,2.0,2.0,2.0,1.0,1.0,2.0,1.0,2.0,1.0,,,5.0,,,6.0,16.0,,,6.0,
pid_1794,,1.0,,2.0,2.0,54.0,,,,,1.0,379.0,30.0,,,1.0,4.0,5.0,2.0,2.0,5.0,5.0,2.0,5.0,4.0,5.0,,5.0,,,,,4.0,5.0,3.0,4.0,,2.0,6.0,5.0,5.0,5.0,5.0,6.0,6.0,6.0,55.0,58.0,48.0,44.0,58.0,61.0,48.0,68.0,64.0,72.0,4.0,6.0,,1.0,1.0,1.0,1.0,1.0,1.0,1.0,1.0,1.0,1.0,,,,,,,2.0,2.0,2.0,1.0,2.0,1.0,1.0,2.0,1.0,2.0,2.0,1.0,2.0,2.0,2.0,2.0,2.0,2.0,2.0,2.0,1.0,1.0,2.0,2.0,1.0,2.0,2.0,2.0,1.0,1.0,1.0,2.0,1.0,2.0,1.0,2.0,1.0,2.0,2.0,2.0,,5.0,,,6.0,,,18.0,,,3.0
pid_1795,1.0,,1.0,,,,1.0,30.0,2.0,300.0,,,30.0,,3.0,,5.0,5.0,1.0,1.0,5.0,5.0,5.0,5.0,5.0,5.0,,5.0,,,,,4.0,4.0,3.0,5.0,,2.0,7.0,5.0,5.0,3.0,2.0,5.0,6.0,6.0,55.0,65.0,45.0,35.0,60.0,65.0,55.0,70.0,65.0,80.0,4.0,,6.0,1.0,1.0,1.0,1.0,1.0,1.0,1.0,1.0,1.0,1.0,,,,,,,2.0,2.0,1.0,1.0,2.0,1.0,2.0,1.0,1.0,2.0,1.0,2.0,2.0,1.0,2.0,1.0,1.0,2.0,1.0,1.0,2.0,1.0,2.0,1.0,1.0,1.0,1.0,2.0,1.0,2.0,1.0,1.0,1.0,2.0,2.0,1.0,2.0,1.0,2.0,2.0,,5.0,,,6.0,,,12.0,2.0,,
pid_1797,1.0,,1.0,,2.0,54.0,,,,,1.0,380.0,,75.0,,2.0,4.0,4.0,2.0,2.0,4.0,4.0,3.0,4.0,4.0,5.0,,4.0,,4.0,5.0,3.0,,,,,4.0,1.0,6.0,3.0,5.0,5.0,5.0,6.0,6.0,6.0,55.0,57.0,43.0,44.0,52.0,58.0,47.0,68.0,65.0,75.0,4.0,,6.0,1.0,1.0,1.0,1.0,1.0,1.0,1.0,1.0,1.0,1.0,,,,,,,2.0,2.0,1.0,1.0,1.0,1.0,1.0,2.0,2.0,1.0,2.0,1.0,1.0,1.0,1.0,1.0,1.0,2.0,2.0,1.0,1.0,1.0,2.0,2.0,2.0,1.0,1.0,2.0,2.0,1.0,1.0,1.0,2.0,1.0,2.0,1.0,1.0,1.0,2.0,1.0,,5.0,,,6.0,,,15.0,,,4.0
pid_1798,1.0,,2.0,,2.0,54.0,,,2.0,379.0,,,,70.0,3.0,,4.0,1.0,5.0,4.0,4.0,4.0,1.0,4.0,2.0,2.0,,5.0,,5.0,5.0,2.0,,,,4.0,,1.0,7.0,5.0,5.0,5.0,5.0,5.0,6.0,6.0,55.0,55.0,60.0,65.0,50.0,60.0,55.0,75.0,65.0,80.0,4.0,6.0,,,,,,,,,,,,1.0,1.0,1.0,1.0,1.0,1.0,1.0,1.0,1.0,2.0,2.0,2.0,2.0,2.0,1.0,1.0,2.0,2.0,2.0,2.0,1.0,1.0,2.0,2.0,1.0,2.0,2.0,2.0,1.0,2.0,2.0,2.0,1.0,2.0,2.0,1.0,1.0,1.0,2.0,2.0,1.0,1.0,2.0,1.0,2.0,2.0,,5.0,,,6.0,,,8.0,2.0,,
pid_1799,,1.0,,2.0,,,1.0,54.0,,,1.0,379.0,40.0,,3.0,,4.0,5.0,1.0,1.0,5.0,5.0,4.0,5.0,5.0,5.0,1.0,,,5.0,5.0,2.0,,,,6.0,,2.0,6.0,2.0,5.0,5.0,5.0,6.0,6.0,6.0,65.0,65.0,45.0,40.0,60.0,62.0,55.0,72.0,68.0,80.0,4.0,6.0,,1.0,1.0,1.0,1.0,1.0,1.0,1.0,1.0,1.0,1.0,,,,,,,2.0,2.0,1.0,1.0,1.0,1.0,1.0,2.0,1.0,2.0,1.0,1.0,2.0,2.0,1.0,2.0,2.0,2.0,2.0,2.0,2.0,1.0,1.0,2.0,2.0,2.0,2.0,2.0,1.0,2.0,2.0,2.0,1.0,1.0,2.0,1.0,1.0,1.0,2.0,1.0,4.0,,,6.0,,,,20.0,,6.0,
pid_1800,,1.0,1.0,,,,1.0,50.0,,,1.0,200.0,,70.0,3.0,,5.0,5.0,1.0,1.0,5.0,5.0,5.0,5.0,5.0,5.0,,,5.0,4.0,5.0,3.0,,,,4.0,,1.0,7.0,5.0,5.0,5.0,3.0,5.0,6.0,6.0,60.0,65.0,45.0,35.0,55.0,60.0,55.0,75.0,70.0,80.0,4.0,,6.0,1.0,1.0,1.0,1.0,1.0,1.0,1.0,1.0,1.0,1.0,,,,,,,2.0,2.0,2.0,1.0,1.0,2.0,2.0,2.0,2.0,2.0,2.0,1.0,2.0,1.0,2.0,2.0,2.0,2.0,2.0,2.0,1.0,2.0,1.0,2.0,1.0,2.0,2.0,1.0,2.0,2.0,1.0,1.0,1.0,1.0,1.0,2.0,1.0,2.0,2.0,1.0,,,5.0,,,6.0,,4.0,2.0,,
pid_1801,,1.0,,2.0,,,1.0,54.0,,,1.0,380.0,30.0,,3.0,,2.0,1.0,5.0,4.0,2.0,2.0,1.0,2.0,2.0,2.0,,5.0,,3.0,5.0,2.0,,,,4.0,,2.0,6.0,5.0,5.0,5.0,5.0,6.0,6.0,6.0,50.0,55.0,60.0,50.0,55.0,60.0,45.0,65.0,60.0,75.0,4.0,6.0,,,,,,,,,,,,1.0,1.0,1.0,1.0,1.0,1.0,1.0,1.0,2.0,1.0,2.0,2.0,1.0,2.0,2.0,2.0,2.0,2.0,1.0,2.0,1.0,2.0,2.0,2.0,1.0,2.0,2.0,1.0,2.0,2.0,1.0,2.0,1.0,1.0,2.0,2.0,2.0,2.0,2.0,1.0,2.0,2.0,1.0,2.0,2.0,2.0,,4.0,,,6.0,,18.0,,,,3.0
pid_1802,1.0,,2.0,,2.0,54.0,,,2.0,380.0,,,30.0,,,4.0,4.0,5.0,1.0,1.0,5.0,5.0,4.0,5.0,5.0,5.0,,,4.0,3.0,5.0,,,,,,4.0,2.0,7.0,5.0,5.0,6.0,5.0,6.0,6.0,6.0,65.0,65.0,45.0,35.0,60.0,65.0,55.0,75.0,70.0,80.0,4.0,,6.0,,,,,,,,,,,1.0,1.0,1.0,1.0,1.0,1.0,2.0,1.0,2.0,2.0,1.0,2.0,2.0,1.0,1.0,2.0,2.0,1.0,2.0,1.0,1.0,2.0,1.0,2.0,2.0,2.0,1.0,2.0,2.0,1.0,2.0,2.0,2.0,2.0,2.0,1.0,2.0,1.0,2.0,2.0,2.0,1.0,2.0,2.0,1.0,2.0,,,5.0,,,6.0,18.0,,,,3.0
pid_1803,1.0,,2.0,,2.0,54.0,,,2.0,380.0,,,,70.0,2.0,,5.0,5.0,1.0,1.0,5.0,5.0,5.0,5.0,5.0,5.0,,,5.0,,,,3.0,4.0,3.0,,4.0,2.0,7.0,5.0,3.0,5.0,3.0,5.0,6.0,6.0,60.0,60.0,40.0,35.0,58.0,65.0,55.0,72.0,68.0,80.0,4.0,,6.0,,,,,,,,,,,1.0,1.0,1.0,1.0,1.0,1.0,1.0,2.0,2.0,2.0,2.0,2.0,2.0,1.0,1.0,2.0,2.0,2.0,2.0,1.0,1.0,2.0,1.0,2.0,2.0,1.0,1.0,1.0,2.0,1.0,2.0,2.0,2.0,1.0,2.0,1.0,2.0,2.0,1.0,1.0,1.0,1.0,2.0,1.0,1.0,2.0,,,5.0,,,6.0,,0.0,,,4.0
pid_1804,1.0,,1.0,,,,1.0,50.0,2.0,380.0,,,,75.0,,1.0,3.0,4.0,5.0,4.0,4.0,4.0,2.0,4.0,2.0,4.0,,,5.0,,,,3.0,4.0,5.0,,4.0,1.0,7.0,5.0,5.0,5.0,3.0,6.0,6.0,6.0,55.0,60.0,55.0,55.0,65.0,65.0,50.0,75.0,65.0,75.0,4.0,,6.0,1.0,1.0,1.0,1.0,1.0,1.0,1.0,1.0,1.0,1.0,,,,,,,1.0,1.0,1.0,2.0,2.0,1.0,2.0,1.0,1.0,2.0,1.0,2.0,2.0,2.0,2.0,2.0,2.0,1.0,1.0,2.0,2.0,1.0,2.0,2.0,2.0,1.0,2.0,2.0,2.0,1.0,2.0,1.0,2.0,1.0,1.0,1.0,1.0,2.0,1.0,1.0,,,5.0,,,6.0,16.0,,,9.0,
pid_1805,1.0,,,2.0,,,1.0,54.0,2.0,380.0,,,,75.0,,2.0,4.0,4.0,2.0,2.0,4.0,4.0,2.0,5.0,4.0,4.0,,,5.0,,,,4.0,3.0,5.0,,4.0,1.0,7.0,5.0,5.0,6.0,5.0,6.0,6.0,6.0,55.0,60.0,45.0,40.0,60.0,65.0,50.0,70.0,65.0,75.0,4.0,6.0,,,,,,,,,,,,1.0,1.0,1.0,1.0,1.0,1.0,2.0,2.0,1.0,1.0,2.0,2.0,1.0,2.0,2.0,2.0,1.0,1.0,1.0,1.0,1.0,2.0,2.0,2.0,2.0,2.0,1.0,1.0,1.0,2.0,2.0,1.0,1.0,1.0,2.0,2.0,2.0,1.0,2.0,2.0,1.0,2.0,1.0,2.0,2.0,1.0,,,5.0,,,6.0,,18.0,,,4.0
pid_1806,1.0,,1.0,,,,1.0,54.0,2.0,380.0,,,30.0,,,2.0,2.0,4.0,5.0,4.0,4.0,2.0,1.0,4.0,2.0,4.0,,5.0,,5.0,3.0,2.0,,,,4.0,,2.0,7.0,5.0,5.0,5.0,5.0,5.0,6.0,6.0,55.0,65.0,60.0,55.0,60.0,58.0,45.0,70.0,65.0,80.0,4.0,,6.0,,,,,,,,,,,1.0,1.0,1.0,1.0,1.0,1.0,1.0,2.0,1.0,1.0,2.0,2.0,2.0,1.0,2.0,1.0,2.0,2.0,1.0,1.0,2.0,1.0,1.0,2.0,1.0,2.0,1.0,2.0,1.0,1.0,2.0,1.0,1.0,2.0,2.0,1.0,2.0,1.0,1.0,2.0,1.0,2.0,1.0,2.0,1.0,2.0,,4.0,,,6.0,,,18.0,,6.0,
pid_1807,1.0,,2.0,,2.0,54.0,,,2.0,380.0,,,,70.0,,3.0,4.0,5.0,2.0,2.0,4.0,4.0,4.0,5.0,5.0,5.0,,5.0,,,,,3.0,4.0,5.0,,4.0,1.0,7.0,3.0,5.0,5.0,5.0,5.0,6.0,6.0,65.0,65.0,45.0,40.0,60.0,65.0,55.0,75.0,70.0,80.0,4.0,,6.0,,,,,,,,,,,1.0,1.0,1.0,1.0,1.0,1.0,2.0,1.0,2.0,2.0,2.0,2.0,2.0,2.0,1.0,2.0,2.0,1.0,2.0,1.0,2.0,2.0,1.0,1.0,2.0,2.0,1.0,1.0,1.0,2.0,2.0,2.0,2.0,2.0,2.0,1.0,2.0,2.0,1.0,2.0,1.0,1.0,2.0,1.0,2.0,2.0,,4.0,,,5.0,,18.0,,2.0,,
pid_1808,1.0,,1.0,,,,1.0,30.0,2.0,400.0,,,30.0,,3.0,,4.0,5.0,1.0,1.0,5.0,5.0,4.0,5.0,5.0,5.0,,5.0,,,,,4.0,5.0,3.0,4.0,,2.0,7.0,3.0,5.0,6.0,5.0,6.0,6.0,6.0,45.0,55.0,45.0,35.0,55.0,60.0,48.0,65.0,65.0,70.0,4.0,6.0,,,,,,,,,,,,1.0,1.0,1.0,1.0,1.0,1.0,1.0,2.0,2.0,1.0,2.0,1.0,2.0,1.0,1.0,1.0,2.0,2.0,1.0,2.0,1.0,1.0,1.0,2.0,1.0,2.0,1.0,2.0,2.0,2.0,2.0,2.0,2.0,1.0,2.0,2.0,2.0,2.0,2.0,1.0,1.0,2.0,2.0,2.0,2.0,2.0,,4.0,,,6.0,,18.0,,,6.0,
pid_1809,1.0,,1.0,,,,1.0,54.0,,,1.0,379.0,,70.0,2.0,,4.0,5.0,1.0,1.0,5.0,5.0,4.0,5.0,5.0,5.0,,5.0,,,,,4.0,3.0,5.0,4.0,,1.0,6.0,5.0,5.0,5.0,5.0,6.0,6.0,6.0,60.0,55.0,45.0,35.0,65.0,65.0,55.0,75.0,70.0,80.0,4.0,6.0,,,,,,,,,,,,1.0,1.0,1.0,1.0,1.0,1.0,1.0,1.0,2.0,2.0,2.0,2.0,1.0,1.0,1.0,2.0,2.0,2.0,1.0,1.0,2.0,2.0,1.0,1.0,1.0,2.0,2.0,2.0,2.0,1.0,1.0,2.0,1.0,1.0,2.0,2.0,2.0,2.0,2.0,2.0,1.0,1.0,2.0,2.0,1.0,2.0,,5.0,,,6.0,,18.0,,,,3.0
pid_1810,1.0,,,2.0,,,1.0,54.0,2.0,370.0,,,70.0,,2.0,,4.0,5.0,2.0,1.0,5.0,5.0,2.0,5.0,5.0,5.0,2.0,,,4.0,5.0,2.0,,,,,4.0,2.0,7.0,3.0,5.0,5.0,5.0,5.0,6.0,6.0,55.0,65.0,50.0,38.0,62.0,60.0,52.0,70.0,68.0,78.0,4.0,6.0,,,,,,,,,,,,1.0,1.0,1.0,1.0,1.0,1.0,1.0,2.0,1.0,1.0,1.0,1.0,2.0,1.0,2.0,1.0,2.0,2.0,2.0,2.0,1.0,1.0,1.0,1.0,2.0,1.0,1.0,2.0,2.0,1.0,2.0,1.0,2.0,1.0,2.0,1.0,1.0,2.0,2.0,1.0,1.0,1.0,2.0,2.0,1.0,1.0,4.0,,,6.0,,,17.0,,,,4.0
pid_1811,1.0,,,2.0,2.0,54.0,,,,,1.0,379.0,30.0,,,2.0,4.0,5.0,1.0,1.0,5.0,5.0,5.0,5.0,5.0,5.0,,5.0,,4.0,5.0,3.0,,,,4.0,,1.0,7.0,5.0,5.0,5.0,3.0,5.0,6.0,6.0,60.0,65.0,40.0,35.0,55.0,60.0,50.0,70.0,65.0,75.0,4.0,6.0,,,,,,,,,,,,1.0,1.0,1.0,1.0,1.0,1.0,2.0,2.0,2.0,1.0,2.0,1.0,2.0,2.0,2.0,1.0,1.0,2.0,1.0,1.0,2.0,2.0,2.0,2.0,2.0,2.0,2.0,2.0,2.0,2.0,2.0,1.0,2.0,2.0,2.0,2.0,1.0,2.0,1.0,1.0,2.0,2.0,1.0,2.0,1.0,1.0,,5.0,,,6.0,,15.0,,,6.0,
pid_1812,,1.0,1.0,,,,1.0,25.0,,,1.0,250.0,,75.0,,2.0,4.0,5.0,1.0,1.0,5.0,5.0,4.0,5.0,5.0,5.0,,5.0,,,,,3.0,5.0,5.0,,4.0,2.0,7.0,5.0,5.0,5.0,5.0,6.0,6.0,6.0,55.0,60.0,42.0,35.0,48.0,58.0,48.0,68.0,65.0,75.0,4.0,,6.0,,,,,,,,,,,1.0,1.0,1.0,1.0,1.0,1.0,1.0,2.0,2.0,2.0,1.0,2.0,1.0,1.0,2.0,2.0,2.0,2.0,2.0,2.0,2.0,2.0,2.0,2.0,2.0,2.0,1.0,2.0,2.0,2.0,2.0,2.0,2.0,1.0,2.0,1.0,2.0,2.0,1.0,2.0,2.0,2.0,2.0,2.0,2.0,2.0,,5.0,,,6.0,,,20.0,1.0,,
pid_1813,,2.0,2.0,,2.0,54.0,,,,,1.0,380.0,,50.0,3.0,,5.0,5.0,1.0,1.0,5.0,5.0,4.0,5.0,5.0,5.0,4.0,,,4.0,5.0,3.0,,,,4.0,,2.0,6.0,3.0,5.0,5.0,5.0,6.0,6.0,6.0,65.0,68.0,42.0,38.0,62.0,66.0,55.0,78.0,70.0,82.0,4.0,7.0,,,,,,,,,,,,1.0,1.0,1.0,1.0,1.0,1.0,2.0,1.0,1.0,1.0,2.0,2.0,2.0,1.0,2.0,2.0,2.0,2.0,2.0,2.0,2.0,1.0,2.0,1.0,2.0,2.0,2.0,1.0,2.0,1.0,1.0,2.0,1.0,2.0,2.0,2.0,2.0,1.0,1.0,1.0,2.0,1.0,2.0,2.0,1.0,2.0,5.0,,,6.0,,,16.0,,,9.0,
pid_1814,,1.0,,2.0,,,1.0,30.0,,,1.0,300.0,30.0,,1.0,,2.0,1.0,5.0,4.0,2.0,1.0,1.0,2.0,1.0,2.0,,,5.0,,,,3.0,4.0,5.0,6.0,,2.0,6.0,5.0,5.0,5.0,5.0,6.0,6.0,6.0,55.0,65.0,55.0,45.0,60.0,60.0,45.0,65.0,65.0,75.0,4.0,7.0,,,,,,,,,,,,1.0,1.0,1.0,1.0,1.0,1.0,1.0,2.0,1.0,1.0,1.0,1.0,1.0,2.0,1.0,1.0,1.0,1.0,2.0,1.0,1.0,2.0,1.0,1.0,2.0,2.0,1.0,1.0,1.0,1.0,2.0,1.0,1.0,1.0,2.0,1.0,2.0,1.0,2.0,2.0,2.0,1.0,2.0,1.0,1.0,1.0,,,5.0,,,6.0,15.0,,,9.0,
pid_1815,1.0,,,2.0,2.0,54.0,,,2.0,380.0,,,30.0,,,3.0,5.0,5.0,1.0,1.0,5.0,5.0,5.0,5.0,5.0,5.0,,,5.0,4.0,5.0,3.0,,,,,4.0,1.0,7.0,5.0,5.0,6.0,5.0,5.0,6.0,6.0,60.0,65.0,45.0,35.0,65.0,65.0,55.0,75.0,70.0,80.0,4.0,6.0,,,,,,,,,,,,1.0,1.0,1.0,1.0,1.0,1.0,2.0,2.0,1.0,2.0,1.0,2.0,1.0,2.0,1.0,2.0,1.0,2.0,2.0,2.0,1.0,2.0,2.0,2.0,1.0,1.0,2.0,2.0,2.0,1.0,2.0,1.0,1.0,2.0,2.0,2.0,1.0,1.0,2.0,2.0,1.0,1.0,2.0,2.0,2.0,1.0,,,5.0,,,6.0,,15.0,,6.0,
pid_1816,1.0,,2.0,,2.0,54.0,,,,,1.0,300.0,30.0,,,3.0,4.0,5.0,1.0,1.0,5.0,5.0,4.0,5.0,5.0,5.0,,,5.0,5.0,5.0,3.0,,,,4.0,,2.0,7.0,5.0,5.0,5.0,5.0,5.0,6.0,6.0,60.0,60.0,45.0,35.0,55.0,65.0,50.0,75.0,65.0,80.0,4.0,6.0,,1.0,1.0,1.0,1.0,1.0,1.0,1.0,1.0,1.0,1.0,,,,,,,2.0,2.0,2.0,1.0,2.0,1.0,1.0,1.0,1.0,2.0,2.0,1.0,2.0,2.0,1.0,1.0,2.0,1.0,2.0,1.0,2.0,2.0,1.0,1.0,1.0,2.0,2.0,2.0,1.0,2.0,2.0,1.0,2.0,2.0,1.0,1.0,2.0,1.0,2.0,2.0,,,5.0,,,6.0,,0.0,,,3.0
pid_1817,1.0,,1.0,,,,1.0,54.0,2.0,380.0,,,,70.0,,2.0,4.0,5.0,1.0,1.0,5.0,5.0,4.0,5.0,5.0,5.0,,,4.0,,,,3.0,5.0,5.0,,4.0,2.0,6.0,3.0,5.0,5.0,3.0,5.0,6.0,6.0,65.0,65.0,55.0,40.0,60.0,63.0,55.0,75.0,70.0,80.0,4.0,,7.0,1.0,1.0,1.0,1.0,1.0,1.0,1.0,1.0,1.0,1.0,,,,,,,1.0,1.0,1.0,2.0,1.0,2.0,1.0,1.0,1.0,2.0,1.0,2.0,2.0,1.0,2.0,2.0,1.0,2.0,1.0,1.0,2.0,1.0,2.0,1.0,1.0,1.0,1.0,2.0,1.0,2.0,1.0,2.0,2.0,2.0,1.0,2.0,2.0,1.0,1.0,2.0,,,5.0,,,6.0,,0.0,,,4.0
pid_1818,1.0,,,2.0,2.0,54.0,,,2.0,380.0,,,,70.0,,2.0,4.0,5.0,1.0,1.0,5.0,5.0,4.0,5.0,5.0,5.0,,,5.0,,,,4.0,5.0,5.0,4.0,,1.0,7.0,3.0,5.0,3.0,3.0,5.0,6.0,6.0,60.0,58.0,35.0,40.0,65.0,68.0,55.0,72.0,68.0,80.0,4.0,,6.0,1.0,1.0,1.0,1.0,1.0,1.0,1.0,1.0,1.0,1.0,,,,,,,1.0,1.0,2.0,2.0,2.0,2.0,1.0,2.0,1.0,2.0,2.0,2.0,1.0,2.0,1.0,2.0,1.0,2.0,2.0,1.0,2.0,2.0,1.0,1.0,1.0,1.0,2.0,1.0,2.0,2.0,1.0,2.0,2.0,2.0,1.0,1.0,1.0,2.0,2.0,1.0,,,5.0,,,6.0,18.0,,,6.0,
pid_1819,1.0,,2.0,,,,1.0,54.0,,,1.0,379.0,40.0,,5.0,,4.0,4.0,2.0,2.0,4.0,4.0,2.0,4.0,4.0,4.0,,,5.0,,,,4.0,4.0,5.0,,4.0,1.0,6.0,5.0,5.0,5.0,5.0,5.0,6.0,6.0,55.0,65.0,45.0,35.0,60.0,60.0,50.0,70.0,65.0,80.0,4.0,6.0,,1.0,1.0,1.0,1.0,1.0,1.0,1.0,1.0,1.0,1.0,,,,,,,2.0,1.0,2.0,2.0,1.0,1.0,1.0,2.0,1.0,1.0,2.0,1.0,1.0,1.0,2.0,1.0,1.0,1.0,2.0,2.0,2.0,2.0,1.0,1.0,1.0,1.0,1.0,1.0,2.0,2.0,1.0,2.0,2.0,2.0,1.0,2.0,1.0,1.0,2.0,2.0,,,5.0,,,6.0,15.0,,,9.0,
pid_1820,1.0,,,2.0,,,1.0,54.0,,,1.0,379.0,,70.0,3.0,,5.0,5.0,1.0,1.0,5.0,5.0,4.0,5.0,5.0,5.0,,,5.0,,,,4.0,5.0,5.0,6.0,,2.0,7.0,5.0,5.0,5.0,5.0,5.0,6.0,6.0,60.0,61.0,44.0,39.0,57.0,64.0,55.0,72.0,67.0,78.0,,7.0,,,,,,,,,,,,1.0,1.0,1.0,1.0,1.0,1.0,2.0,2.0,2.0,2.0,1.0,2.0,2.0,2.0,2.0,2.0,2.0,2.0,1.0,1.0,2.0,1.0,1.0,2.0,1.0,1.0,2.0,1.0,1.0,2.0,2.0,1.0,1.0,2.0,2.0,2.0,1.0,2.0,1.0,2.0,2.0,1.0,1.0,2.0,1.0,2.0,,,4.0,,,6.0,18.0,,,,3.0
pid_1821,1.0,,2.0,,2.0,54.0,,,,,1.0,379.0,30.0,,,2.0,5.0,5.0,1.0,1.0,5.0,5.0,5.0,5.0,5.0,5.0,1.0,,,,,,4.0,5.0,5.0,,6.0,1.0,7.0,5.0,5.0,5.0,5.0,6.0,6.0,6.0,55.0,55.0,35.0,40.0,58.0,60.0,55.0,70.0,65.0,75.0,4.0,6.0,,,,,,,,,,,,1.0,1.0,1.0,1.0,1.0,1.0,2.0,2.0,2.0,2.0,2.0,2.0,1.0,2.0,2.0,2.0,1.0,2.0,2.0,2.0,2.0,2.0,2.0,1.0,2.0,2.0,1.0,1.0,1.0,2.0,2.0,1.0,2.0,1.0,1.0,2.0,2.0,2.0,2.0,1.0,1.0,2.0,1.0,2.0,2.0,1.0,5.0,,,6.0,,,18.0,,,6.0,
pid_1822,,1.0,,2.0,2.0,54.0,,,2.0,380.0,,,,70.0,,4.0,4.0,5.0,1.0,1.0,5.0,5.0,4.0,5.0,5.0,5.0,,,5.0,4.0,5.0,,,,,,4.0,2.0,6.0,5.0,5.0,5.0,5.0,5.0,6.0,6.0,55.0,65.0,45.0,38.0,60.0,62.0,48.0,72.0,68.0,78.0,4.0,,6.0,,,,,,,,,,,1.0,1.0,1.0,1.0,1.0,1.0,2.0,2.0,2.0,1.0,2.0,2.0,1.0,2.0,2.0,1.0,1.0,1.0,1.0,2.0,1.0,1.0,2.0,2.0,1.0,2.0,1.0,2.0,2.0,2.0,1.0,1.0,2.0,2.0,2.0,1.0,2.0,2.0,1.0,2.0,2.0,2.0,2.0,2.0,2.0,1.0,,,5.0,,,6.0,,20.0,2.0,,
pid_1823,,2.0,1.0,,2.0,54.0,,,2.0,380.0,,,30.0,,3.0,,2.0,4.0,4.0,4.0,4.0,4.0,2.0,4.0,2.0,4.0,,,5.0,,,,4.0,5.0,5.0,4.0,,2.0,6.0,5.0,5.0,5.0,5.0,6.0,6.0,6.0,55.0,58.0,55.0,45.0,60.0,58.0,48.0,65.0,60.0,72.0,4.0,,7.0,1.0,1.0,1.0,1.0,1.0,1.0,1.0,1.0,1.0,1.0,,,,,,,2.0,2.0,2.0,2.0,1.0,2.0,1.0,1.0,1.0,2.0,1.0,2.0,2.0,1.0,1.0,1.0,2.0,1.0,1.0,1.0,2.0,2.0,2.0,1.0,2.0,2.0,1.0,1.0,1.0,1.0,1.0,2.0,2.0,1.0,1.0,2.0,1.0,2.0,1.0,2.0,,,5.0,,,5.0,18.0,,,9.0,
pid_1824,,1.0,,2.0,2.0,54.0,,,2.0,370.0,,,40.0,,,2.0,2.0,2.0,4.0,4.0,4.0,4.0,2.0,4.0,4.0,4.0,,5.0,,4.0,5.0,3.0,,,,,4.0,2.0,6.0,5.0,5.0,5.0,5.0,5.0,6.0,6.0,55.0,55.0,60.0,50.0,50.0,60.0,45.0,65.0,60.0,75.0,4.0,,6.0,1.0,1.0,1.0,1.0,1.0,1.0,1.0,1.0,1.0,1.0,,,,,,,2.0,1.0,2.0,2.0,2.0,1.0,2.0,2.0,1.0,2.0,2.0,1.0,2.0,1.0,2.0,1.0,1.0,1.0,1.0,2.0,2.0,1.0,1.0,1.0,1.0,2.0,1.0,1.0,1.0,2.0,1.0,2.0,2.0,1.0,2.0,1.0,2.0,1.0,2.0,1.0,,5.0,,,5.0,,,0.0,,6.0,
pid_1825,,1.0,,2.0,2.0,54.0,,,,,1.0,380.0,50.0,,,3.0,4.0,5.0,1.0,1.0,5.0,5.0,4.0,5.0,5.0,5.0,4.0,,,,,,4.0,3.0,5.0,,4.0,1.0,6.0,5.0,5.0,3.0,5.0,6.0,6.0,6.0,55.0,55.0,45.0,40.0,58.0,60.0,48.0,65.0,68.0,75.0,4.0,6.0,,,,,,,,,,,,1.0,1.0,1.0,1.0,1.0,1.0,1.0,2.0,1.0,2.0,2.0,1.0,2.0,2.0,1.0,1.0,1.0,1.0,1.0,2.0,1.0,2.0,1.0,1.0,2.0,1.0,1.0,2.0,2.0,2.0,2.0,1.0,1.0,2.0,2.0,1.0,2.0,2.0,1.0,2.0,2.0,1.0,1.0,2.0,2.0,1.0,5.0,,,6.0,,,16.0,,,9.0,
pid_1826,,1.0,,2.0,,,1.0,54.0,2.0,380.0,,,,70.0,3.0,,4.0,4.0,2.0,2.0,5.0,5.0,2.0,5.0,5.0,5.0,,5.0,,4.0,5.0,3.0,,,,6.0,,2.0,6.0,5.0,5.0,5.0,5.0,5.0,6.0,6.0,60.0,65.0,45.0,40.0,65.0,65.0,55.0,75.0,65.0,80.0,4.0,,7.0,1.0,1.0,1.0,1.0,1.0,1.0,1.0,1.0,1.0,1.0,,,,,,,2.0,1.0,2.0,2.0,1.0,1.0,2.0,1.0,2.0,1.0,1.0,2.0,1.0,1.0,1.0,2.0,1.0,1.0,1.0,1.0,2.0,2.0,2.0,1.0,2.0,1.0,1.0,2.0,1.0,2.0,1.0,2.0,1.0,1.0,2.0,1.0,1.0,1.0,1.0,2.0,,4.0,,,6.0,,18.0,,,,3.0
pid_1827,,1.0,1.0,,,,1.0,40.0,2.0,350.0,,,40.0,,3.0,,2.0,1.0,5.0,4.0,4.0,2.0,1.0,4.0,2.0,4.0,,,5.0,,,,4.0,3.0,5.0,4.0,,1.0,7.0,5.0,5.0,6.0,5.0,5.0,6.0,6.0,55.0,55.0,60.0,50.0,60.0,58.0,48.0,68.0,58.0,75.0,4.0,,7.0,,,,,,,,,,,1.0,1.0,1.0,1.0,1.0,1.0,2.0,1.0,1.0,1.0,2.0,1.0,1.0,1.0,1.0,1.0,1.0,1.0,2.0,2.0,2.0,2.0,1.0,2.0,1.0,1.0,1.0,2.0,1.0,1.0,1.0,2.0,1.0,1.0,2.0,1.0,1.0,2.0,1.0,1.0,2.0,2.0,1.0,1.0,2.0,1.0,,,4.0,,,6.0,,18.0,2.0,,
pid_1828,,1.0,,1.0,,,1.0,54.0,,,1.0,300.0,30.0,,2.0,,4.0,4.0,2.0,2.0,5.0,5.0,4.0,5.0,5.0,5.0,,,5.0,4.0,5.0,2.0,,,,4.0,,2.0,7.0,5.0,5.0,6.0,5.0,6.0,6.0,6.0,55.0,60.0,45.0,40.0,65.0,60.0,50.0,70.0,65.0,80.0,4.0,6.0,,,,,,,,,,,,1.0,1.0,1.0,1.0,1.0,1.0,2.0,1.0,1.0,2.0,2.0,1.0,2.0,2.0,2.0,2.0,1.0,2.0,2.0,1.0,2.0,2.0,1.0,2.0,2.0,1.0,1.0,1.0,1.0,2.0,1.0,2.0,2.0,2.0,2.0,1.0,2.0,1.0,2.0,2.0,2.0,1.0,1.0,1.0,2.0,2.0,,,4.0,,,6.0,18.0,,,9.0,
pid_1829,1.0,,,2.0,,,1.0,54.0,2.0,379.0,,,30.0,,,2.0,5.0,5.0,1.0,1.0,5.0,5.0,4.0,5.0,5.0,5.0,4.0,,,4.0,5.0,3.0,,,,,4.0,2.0,6.0,3.0,5.0,3.0,5.0,5.0,6.0,6.0,55.0,55.0,48.0,35.0,60.0,58.0,48.0,68.0,65.0,75.0,4.0,6.0,,1.0,1.0,1.0,1.0,1.0,1.0,1.0,1.0,1.0,1.0,,,,,,,1.0,2.0,2.0,2.0,2.0,1.0,2.0,1.0,2.0,2.0,2.0,2.0,2.0,2.0,1.0,1.0,2.0,2.0,2.0,2.0,1.0,2.0,2.0,1.0,1.0,2.0,2.0,1.0,2.0,1.0,2.0,1.0,2.0,1.0,1.0,2.0,1.0,1.0,2.0,2.0,5.0,,,6.0,,,18.0,,2.0,,
pid_1830,1.0,,1.0,,2.0,54.0,,,2.0,380.0,,,30.0,,,3.0,4.0,4.0,2.0,2.0,4.0,4.0,2.0,4.0,4.0,4.0,2.0,,,4.0,5.0,3.0,,,,4.0,,1.0,6.0,5.0,5.0,3.0,5.0,5.0,6.0,6.0,55.0,60.0,45.0,35.0,60.0,60.0,50.0,65.0,65.0,75.0,4.0,6.0,,,,,,,,,,,,1.0,1.0,1.0,1.0,1.0,1.0,2.0,1.0,2.0,1.0,1.0,1.0,2.0,2.0,1.0,1.0,2.0,2.0,1.0,2.0,2.0,2.0,1.0,2.0,1.0,1.0,1.0,1.0,2.0,2.0,2.0,1.0,1.0,2.0,1.0,1.0,1.0,2.0,1.0,1.0,2.0,1.0,1.0,2.0,1.0,2.0,4.0,,,5.0,,,,18.0,,6.0,
pid_1831,,1.0,1.0,,,,1.0,54.0,2.0,379.0,,,30.0,,,2.0,4.0,5.0,2.0,2.0,4.0,4.0,2.0,5.0,4.0,5.0,,5.0,,,,,4.0,3.0,3.0,4.0,,1.0,6.0,5.0,5.0,5.0,3.0,5.0,6.0,6.0,55.0,60.0,55.0,45.0,60.0,65.0,50.0,70.0,65.0,75.0,4.0,,6.0,,,,,,,,,,,1.0,1.0,1.0,1.0,1.0,1.0,1.0,1.0,2.0,2.0,1.0,1.0,1.0,2.0,2.0,2.0,1.0,2.0,2.0,2.0,1.0,2.0,1.0,1.0,1.0,2.0,1.0,2.0,2.0,1.0,1.0,2.0,1.0,2.0,2.0,2.0,2.0,1.0,2.0,1.0,2.0,2.0,2.0,1.0,2.0,1.0,,4.0,,,6.0,,16.0,,,10.0,
pid_1832,,2.0,2.0,,,,1.0,54.0,,,1.0,379.0,,85.0,,2.0,4.0,4.0,3.0,2.0,4.0,4.0,3.0,4.0,4.0,4.0,2.0,,,4.0,5.0,2.0,,,,4.0,,2.0,7.0,5.0,5.0,5.0,3.0,5.0,6.0,6.0,60.0,55.0,52.0,40.0,58.0,62.0,48.0,68.0,64.0,78.0,4.0,,7.0,,,,,,,,,,,1.0,1.0,1.0,1.0,1.0,1.0,2.0,2.0,2.0,1.0,1.0,1.0,1.0,2.0,1.0,2.0,2.0,1.0,1.0,2.0,2.0,1.0,2.0,2.0,1.0,1.0,1.0,1.0,2.0,2.0,1.0,2.0,2.0,1.0,1.0,1.0,2.0,1.0,2.0,2.0,2.0,2.0,1.0,2.0,1.0,2.0,4.0,,,5.0,,,18.0,,,,3.0
pid_1833,1.0,,2.0,,2.0,54.0,,,,,1.0,380.0,30.0,,2.0,,5.0,5.0,1.0,1.0,5.0,5.0,4.0,5.0,5.0,5.0,1.0,,,3.0,5.0,2.0,,,,6.0,,2.0,7.0,5.0,5.0,5.0,3.0,6.0,6.0,6.0,60.0,58.0,35.0,38.0,55.0,62.0,55.0,70.0,68.0,75.0,4.0,,6.0,1.0,1.0,1.0,1.0,1.0,1.0,1.0,1.0,1.0,1.0,,,,,,,2.0,2.0,2.0,1.0,1.0,1.0,1.0,1.0,1.0,1.0,1.0,2.0,2.0,1.0,2.0,2.0,2.0,1.0,2.0,1.0,2.0,1.0,2.0,2.0,2.0,2.0,2.0,1.0,1.0,2.0,2.0,2.0,1.0,1.0,1.0,2.0,2.0,1.0,1.0,2.0,5.0,,,5.0,,,18.0,,2.0,,
pid_1834,1.0,,,2.0,2.0,54.0,,,,,1.0,380.0,30.0,,3.0,,4.0,5.0,2.0,2.0,4.0,5.0,2.0,5.0,4.0,5.0,,5.0,,,,,4.0,5.0,3.0,4.0,,1.0,7.0,3.0,5.0,5.0,5.0,5.0,6.0,6.0,55.0,65.0,45.0,40.0,60.0,65.0,50.0,75.0,65.0,75.0,4.0,6.0,,1.0,1.0,1.0,1.0,1.0,1.0,1.0,1.0,1.0,1.0,,,,,,,2.0,1.0,1.0,2.0,2.0,2.0,2.0,1.0,2.0,1.0,2.0,2.0,2.0,2.0,1.0,1.0,2.0,2.0,2.0,2.0,1.0,2.0,2.0,1.0,1.0,2.0,1.0,1.0,2.0,1.0,1.0,2.0,1.0,1.0,2.0,2.0,2.0,1.0,2.0,2.0,,5.0,,,6.0,,,2.0,,,4.0
pid_1835,1.0,,,2.0,,,1.0,30.0,2.0,400.0,,,,70.0,2.0,,2.0,2.0,5.0,4.0,3.0,2.0,1.0,4.0,2.0,4.0,,,5.0,,,,3.0,4.0,5.0,,4.0,2.0,7.0,5.0,5.0,5.0,5.0,5.0,6.0,6.0,45.0,55.0,65.0,50.0,55.0,50.0,50.0,65.0,60.0,75.0,4.0,,7.0,1.0,1.0,1.0,1.0,1.0,1.0,1.0,1.0,1.0,1.0,,,,,,,1.0,1.0,2.0,2.0,2.0,1.0,1.0,1.0,1.0,1.0,1.0,2.0,2.0,2.0,2.0,2.0,1.0,2.0,1.0,2.0,1.0,1.0,1.0,2.0,1.0,1.0,2.0,2.0,2.0,1.0,1.0,2.0,2.0,2.0,1.0,2.0,1.0,2.0,2.0,1.0,,,4.0,,,5.0,,20.0,,6.0,
pid_1836,,1.0,,1.0,2.0,54.0,,,2.0,380.0,,,50.0,,2.0,,2.0,1.0,5.0,4.0,3.0,2.0,1.0,4.0,2.0,4.0,,,5.0,,,,5.0,4.0,5.0,,4.0,1.0,6.0,5.0,5.0,5.0,5.0,5.0,6.0,6.0,45.0,65.0,55.0,55.0,55.0,55.0,50.0,65.0,65.0,75.0,4.0,,6.0,,,,,,,,,,,1.0,1.0,1.0,1.0,1.0,1.0,2.0,2.0,1.0,2.0,1.0,2.0,2.0,1.0,2.0,1.0,2.0,1.0,1.0,2.0,1.0,1.0,2.0,1.0,1.0,1.0,1.0,2.0,1.0,1.0,1.0,1.0,2.0,2.0,2.0,2.0,1.0,2.0,1.0,2.0,1.0,1.0,2.0,1.0,2.0,1.0,,,4.0,,,6.0,18.0,,3.0,,
pid_1837,1.0,,,2.0,2.0,54.0,,,,,1.0,380.0,30.0,,6.0,,4.0,5.0,1.0,1.0,5.0,5.0,4.0,5.0,5.0,5.0,,,5.0,,,,4.0,5.0,5.0,4.0,,1.0,7.0,5.0,6.0,5.0,5.0,6.0,6.0,6.0,60.0,65.0,35.0,40.0,65.0,65.0,55.0,70.0,65.0,75.0,4.0,6.0,,,,,,,,,,,,1.0,1.0,1.0,1.0,1.0,1.0,1.0,2.0,1.0,1.0,1.0,2.0,1.0,2.0,1.0,2.0,1.0,2.0,1.0,1.0,1.0,1.0,2.0,1.0,2.0,2.0,2.0,2.0,1.0,2.0,2.0,1.0,1.0,1.0,1.0,1.0,1.0,1.0,1.0,1.0,1.0,1.0,2.0,2.0,1.0,2.0,,,5.0,,,6.0,15.0,,,,3.0
pid_1838,1.0,,1.0,,,,1.0,54.0,2.0,379.0,,,30.0,,2.0,,4.0,5.0,1.0,1.0,5.0,5.0,4.0,5.0,5.0,5.0,,,5.0,4.0,5.0,2.0,,,,6.0,,2.0,6.0,5.0,5.0,5.0,5.0,5.0,6.0,6.0,55.0,55.0,45.0,35.0,60.0,58.0,50.0,70.0,65.0,75.0,4.0,6.0,,,,,,,,,,,,1.0,1.0,1.0,1.0,1.0,1.0,2.0,2.0,1.0,2.0,1.0,2.0,2.0,2.0,1.0,2.0,2.0,1.0,2.0,2.0,2.0,1.0,1.0,2.0,1.0,2.0,2.0,1.0,1.0,2.0,1.0,2.0,1.0,2.0,1.0,2.0,1.0,2.0,1.0,2.0,2.0,1.0,2.0,1.0,2.0,2.0,,,5.0,,,6.0,,0.0,2.0,,
pid_1839,,2.0,2.0,,,,1.0,54.0,,,1.0,380.0,30.0,,,2.0,5.0,5.0,1.0,1.0,5.0,5.0,5.0,5.0,5.0,5.0,2.0,,,,,,4.0,5.0,5.0,4.0,,1.0,6.0,3.0,5.0,5.0,3.0,5.0,6.0,6.0,65.0,63.0,43.0,48.0,62.0,63.0,55.0,72.0,68.0,78.0,4.0,6.0,,,,,,,,,,,,1.0,1.0,1.0,1.0,1.0,1.0,2.0,2.0,2.0,2.0,2.0,2.0,2.0,2.0,2.0,1.0,2.0,1.0,2.0,1.0,2.0,1.0,2.0,2.0,2.0,1.0,2.0,2.0,1.0,2.0,1.0,1.0,2.0,2.0,1.0,2.0,1.0,1.0,2.0,1.0,2.0,1.0,1.0,1.0,2.0,1.0,5.0,,,6.0,,,18.0,,,9.0,
pid_1840,1.0,,,2.0,2.0,54.0,,,2.0,379.0,,,,70.0,,2.0,4.0,5.0,2.0,1.0,5.0,5.0,4.0,5.0,5.0,5.0,2.0,,,,,,4.0,3.0,5.0,6.0,,2.0,7.0,5.0,6.0,6.0,5.0,6.0,6.0,6.0,55.0,55.0,48.0,38.0,65.0,62.0,48.0,72.0,68.0,78.0,4.0,,6.0,,,,,,,,,,,1.0,1.0,1.0,1.0,1.0,1.0,1.0,2.0,2.0,2.0,2.0,2.0,1.0,1.0,1.0,1.0,1.0,2.0,1.0,1.0,2.0,1.0,1.0,2.0,2.0,2.0,2.0,2.0,2.0,1.0,2.0,1.0,1.0,2.0,2.0,1.0,1.0,2.0,2.0,1.0,2.0,2.0,2.0,2.0,2.0,1.0,4.0,,,5.0,,,15.0,,,6.0,
pid_1841,,1.0,,2.0,,,1.0,54.0,,,1.0,379.0,30.0,,,1.0,5.0,5.0,1.0,1.0,5.0,5.0,5.0,5.0,5.0,5.0,,,4.0,4.0,5.0,3.0,,,,6.0,,2.0,7.0,5.0,5.0,5.0,5.0,6.0,6.0,6.0,55.0,65.0,40.0,35.0,52.0,60.0,55.0,75.0,68.0,78.0,4.0,,6.0,,,,,,,,,,,1.0,1.0,1.0,1.0,1.0,1.0,2.0,2.0,2.0,2.0,2.0,1.0,2.0,2.0,2.0,2.0,2.0,1.0,2.0,1.0,1.0,2.0,2.0,2.0,1.0,2.0,2.0,2.0,1.0,1.0,1.0,1.0,2.0,2.0,2.0,1.0,2.0,1.0,1.0,2.0,1.0,2.0,2.0,2.0,1.0,1.0,,,5.0,,,6.0,,20.0,,9.0,
pid_1842,,1.0,1.0,,2.0,54.0,,,,,1.0,379.0,,70.0,,2.0,2.0,5.0,5.0,2.0,4.0,2.0,1.0,4.0,2.0,4.0,,5.0,,,,,4.0,4.0,5.0,4.0,,2.0,6.0,5.0,5.0,5.0,5.0,6.0,6.0,6.0,45.0,60.0,60.0,45.0,60.0,55.0,50.0,65.0,55.0,75.0,4.0,,7.0,1.0,1.0,1.0,1.0,1.0,1.0,1.0,1.0,1.0,1.0,,,,,,,2.0,2.0,1.0,1.0,1.0,1.0,1.0,1.0,2.0,1.0,1.0,1.0,1.0,2.0,1.0,2.0,1.0,1.0,2.0,1.0,1.0,2.0,2.0,2.0,1.0,2.0,1.0,2.0,1.0,1.0,2.0,1.0,2.0,1.0,2.0,2.0,2.0,1.0,1.0,1.0,,5.0,,,6.0,,,20.0,,9.0,
pid_1843,,1.0,,2.0,,,1.0,30.0,2.0,300.0,,,70.0,,,1.0,2.0,1.0,5.0,4.0,2.0,3.0,1.0,2.0,1.0,2.0,4.0,,,4.0,5.0,,,,,,6.0,1.0,6.0,5.0,5.0,6.0,5.0,6.0,6.0,5.0,40.0,55.0,65.0,50.0,45.0,50.0,40.0,60.0,55.0,65.0,4.0,6.0,,1.0,1.0,1.0,1.0,1.0,1.0,1.0,1.0,1.0,1.0,,,,,,,2.0,2.0,1.0,1.0,2.0,1.0,1.0,2.0,2.0,2.0,2.0,1.0,2.0,1.0,1.0,1.0,2.0,2.0,1.0,1.0,1.0,1.0,2.0,1.0,1.0,2.0,1.0,1.0,2.0,1.0,1.0,2.0,1.0,1.0,2.0,2.0,1.0,1.0,2.0,2.0,5.0,,,6.0,,,18.0,,,,3.0
pid_1844,,1.0,1.0,,2.0,54.0,,,2.0,380.0,,,30.0,,,4.0,4.0,4.0,2.0,2.0,4.0,4.0,2.0,5.0,4.0,5.0,,5.0,,4.0,5.0,3.0,,,,4.0,,1.0,6.0,5.0,5.0,5.0,5.0,6.0,6.0,6.0,55.0,63.0,50.0,42.0,58.0,60.0,48.0,68.0,62.0,72.0,4.0,6.0,,,,,,,,,,,,1.0,1.0,1.0,1.0,1.0,1.0,1.0,1.0,2.0,2.0,2.0,2.0,2.0,2.0,2.0,1.0,2.0,2.0,2.0,2.0,2.0,1.0,1.0,1.0,1.0,2.0,2.0,1.0,1.0,1.0,2.0,2.0,1.0,1.0,1.0,1.0,2.0,1.0,2.0,2.0,1.0,2.0,1.0,2.0,1.0,2.0,,4.0,,,6.0,,,20.0,,9.0,
pid_1845,1.0,,,2.0,,,1.0,54.0,,,1.0,379.0,,70.0,,3.0,4.0,5.0,2.0,1.0,5.0,5.0,2.0,5.0,4.0,5.0,,5.0,,,,,4.0,4.0,5.0,6.0,,2.0,7.0,5.0,5.0,5.0,5.0,6.0,6.0,6.0,55.0,55.0,50.0,40.0,60.0,65.0,50.0,70.0,65.0,75.0,4.0,6.0,,1.0,1.0,1.0,1.0,1.0,1.0,1.0,1.0,1.0,1.0,,,,,,,2.0,2.0,1.0,2.0,1.0,2.0,2.0,2.0,2.0,2.0,2.0,2.0,2.0,1.0,2.0,1.0,2.0,2.0,2.0,2.0,1.0,2.0,2.0,2.0,2.0,2.0,2.0,1.0,2.0,2.0,2.0,2.0,1.0,2.0,2.0,1.0,2.0,1.0,2.0,2.0,,5.0,,,6.0,,,18.0,,9.0,
pid_1846,1.0,,,2.0,,,1.0,54.0,2.0,380.0,,,,70.0,,3.0,4.0,5.0,1.0,1.0,5.0,5.0,5.0,5.0,5.0,5.0,4.0,,,4.0,5.0,2.0,,,,6.0,,2.0,6.0,5.0,5.0,5.0,3.0,5.0,6.0,6.0,55.0,65.0,45.0,38.0,61.0,67.0,55.0,75.0,70.0,82.0,4.0,,7.0,1.0,1.0,1.0,1.0,1.0,1.0,1.0,1.0,1.0,1.0,,,,,,,1.0,1.0,1.0,2.0,2.0,1.0,1.0,1.0,1.0,2.0,1.0,1.0,1.0,2.0,2.0,2.0,2.0,1.0,1.0,2.0,2.0,1.0,1.0,1.0,1.0,2.0,1.0,1.0,2.0,1.0,1.0,2.0,2.0,1.0,2.0,2.0,1.0,1.0,1.0,1.0,5.0,,,6.0,,,18.0,,,,3.0
pid_1847,,2.0,,2.0,2.0,54.0,,,,,1.0,379.0,30.0,,,3.0,2.0,1.0,5.0,4.0,3.0,2.0,1.0,4.0,2.0,2.0,,5.0,,4.0,5.0,3.0,,,,,4.0,2.0,6.0,3.0,5.0,5.0,3.0,5.0,6.0,6.0,55.0,45.0,55.0,50.0,60.0,65.0,48.0,70.0,65.0,75.0,4.0,6.0,,1.0,1.0,1.0,1.0,1.0,1.0,1.0,1.0,1.0,1.0,,,,,,,1.0,2.0,1.0,1.0,1.0,1.0,2.0,2.0,2.0,2.0,2.0,1.0,2.0,1.0,1.0,2.0,2.0,2.0,2.0,2.0,2.0,2.0,2.0,2.0,2.0,2.0,2.0,1.0,2.0,1.0,2.0,2.0,2.0,2.0,2.0,2.0,2.0,2.0,2.0,2.0,,4.0,,,5.0,,18.0,,3.0,,
pid_1848,,2.0,1.0,,,,1.0,54.0,,,1.0,379.0,30.0,,,2.0,4.0,4.0,4.0,2.0,4.0,4.0,2.0,4.0,4.0,4.0,4.0,,,4.0,5.0,3.0,,,,,4.0,2.0,7.0,5.0,5.0,6.0,3.0,5.0,6.0,6.0,55.0,65.0,55.0,45.0,60.0,65.0,50.0,70.0,65.0,75.0,4.0,,6.0,,,,,,,,,,,1.0,1.0,1.0,1.0,1.0,1.0,2.0,1.0,2.0,2.0,1.0,1.0,1.0,2.0,2.0,1.0,2.0,2.0,1.0,1.0,1.0,2.0,1.0,1.0,2.0,1.0,2.0,2.0,1.0,2.0,2.0,1.0,2.0,2.0,2.0,2.0,2.0,1.0,2.0,1.0,2.0,2.0,1.0,2.0,2.0,2.0,5.0,,,6.0,,,,20.0,,,4.0
pid_1849,,2.0,2.0,,,,1.0,54.0,,,1.0,379.0,,70.0,,2.0,4.0,5.0,1.0,1.0,5.0,5.0,4.0,5.0,5.0,5.0,1.0,,,,,,4.0,3.0,5.0,4.0,,1.0,6.0,5.0,5.0,5.0,5.0,5.0,6.0,6.0,55.0,65.0,40.0,45.0,60.0,60.0,55.0,75.0,70.0,80.0,4.0,7.0,,,,,,,,,,,,1.0,1.0,1.0,1.0,1.0,1.0,2.0,2.0,1.0,1.0,2.0,2.0,1.0,1.0,2.0,2.0,2.0,1.0,1.0,1.0,2.0,2.0,1.0,2.0,2.0,1.0,2.0,2.0,2.0,1.0,2.0,2.0,1.0,2.0,2.0,2.0,2.0,1.0,1.0,1.0,2.0,2.0,1.0,1.0,2.0,2.0,4.0,,,5.0,,,15.0,,,,3.0
pid_1850,,2.0,,2.0,2.0,54.0,,,2.0,500.0,,,30.0,,,3.0,4.0,4.0,2.0,2.0,4.0,5.0,2.0,5.0,4.0,5.0,,,5.0,,,,3.0,4.0,5.0,4.0,,1.0,6.0,3.0,5.0,5.0,3.0,5.0,6.0,6.0,50.0,55.0,45.0,40.0,60.0,55.0,45.0,70.0,65.0,75.0,4.0,,7.0,1.0,1.0,1.0,1.0,1.0,1.0,1.0,1.0,1.0,1.0,,,,,,,2.0,2.0,2.0,1.0,2.0,1.0,2.0,1.0,2.0,2.0,2.0,2.0,2.0,1.0,1.0,2.0,2.0,1.0,1.0,2.0,2.0,1.0,2.0,1.0,1.0,1.0,2.0,1.0,2.0,1.0,2.0,2.0,2.0,2.0,1.0,1.0,2.0,1.0,1.0,1.0,,,5.0,,,6.0,17.0,,,,3.0
pid_1851,,1.0,,2.0,,,1.0,54.0,,,1.0,379.0,,65.0,3.0,,4.0,5.0,1.0,1.0,5.0,5.0,4.0,5.0,5.0,5.0,2.0,,,,,,4.0,3.0,2.0,,4.0,1.0,6.0,5.0,5.0,5.0,5.0,6.0,6.0,6.0,55.0,55.0,45.0,35.0,58.0,60.0,55.0,75.0,70.0,75.0,4.0,7.0,,1.0,1.0,1.0,1.0,1.0,1.0,1.0,1.0,1.0,1.0,,,,,,,2.0,2.0,1.0,2.0,1.0,1.0,1.0,2.0,2.0,2.0,2.0,1.0,1.0,2.0,1.0,2.0,1.0,2.0,2.0,2.0,2.0,2.0,1.0,1.0,2.0,2.0,1.0,2.0,2.0,2.0,1.0,2.0,2.0,1.0,2.0,2.0,2.0,2.0,1.0,1.0,5.0,,,6.0,,,,20.0,,,3.0
pid_1852,,2.0,,2.0,2.0,54.0,,,2.0,380.0,,,,80.0,,1.0,4.0,1.0,5.0,4.0,4.0,4.0,1.0,4.0,2.0,4.0,,5.0,,,,,4.0,3.0,5.0,4.0,,1.0,6.0,5.0,5.0,5.0,5.0,6.0,6.0,6.0,55.0,58.0,58.0,47.0,62.0,65.0,48.0,68.0,64.0,72.0,4.0,6.0,,,,,,,,,,,,1.0,1.0,1.0,1.0,1.0,1.0,2.0,1.0,2.0,2.0,2.0,1.0,2.0,2.0,1.0,1.0,1.0,2.0,1.0,1.0,2.0,1.0,2.0,2.0,2.0,2.0,1.0,2.0,1.0,1.0,2.0,2.0,2.0,1.0,1.0,1.0,1.0,1.0,2.0,1.0,1.0,1.0,1.0,1.0,1.0,1.0,,5.0,,,6.0,,18.0,,,,3.0
pid_1853,1.0,,1.0,,2.0,45.0,,,,,1.0,300.0,30.0,,,2.0,2.0,2.0,5.0,4.0,4.0,4.0,1.0,4.0,2.0,4.0,,5.0,,4.0,5.0,2.0,,,,5.0,,2.0,6.0,5.0,5.0,5.0,5.0,6.0,6.0,6.0,45.0,55.0,65.0,60.0,60.0,55.0,45.0,65.0,60.0,75.0,4.0,,7.0,,,,,,,,,,,1.0,1.0,1.0,1.0,1.0,1.0,1.0,1.0,2.0,1.0,1.0,2.0,2.0,1.0,1.0,2.0,1.0,1.0,1.0,1.0,2.0,2.0,1.0,2.0,1.0,1.0,1.0,1.0,2.0,2.0,2.0,1.0,1.0,1.0,1.0,2.0,2.0,2.0,1.0,1.0,1.0,1.0,1.0,2.0,2.0,2.0,,4.0,,,5.0,,16.0,,,,3.0
pid_1854,1.0,,1.0,,,,1.0,54.0,,,1.0,380.0,,70.0,,1.0,5.0,5.0,1.0,1.0,5.0,5.0,5.0,5.0,5.0,5.0,,5.0,,5.0,5.0,3.0,,,,6.0,,2.0,7.0,5.0,5.0,6.0,3.0,5.0,6.0,6.0,70.0,60.0,45.0,35.0,60.0,65.0,55.0,75.0,65.0,80.0,4.0,6.0,,1.0,1.0,1.0,1.0,1.0,1.0,1.0,1.0,1.0,1.0,,,,,,,2.0,2.0,1.0,2.0,1.0,2.0,2.0,2.0,1.0,2.0,2.0,2.0,2.0,1.0,2.0,1.0,1.0,1.0,2.0,2.0,2.0,1.0,1.0,1.0,1.0,1.0,2.0,2.0,1.0,2.0,1.0,2.0,2.0,1.0,1.0,2.0,2.0,2.0,1.0,1.0,,5.0,,,6.0,,18.0,,,6.0,
pid_1855,,2.0,2.0,,,,1.0,54.0,2.0,400.0,,,,70.0,4.0,,2.0,4.0,5.0,4.0,4.0,4.0,1.0,4.0,2.0,4.0,,,5.0,,,,4.0,3.0,5.0,6.0,,2.0,7.0,5.0,5.0,6.0,5.0,5.0,6.0,6.0,45.0,55.0,60.0,45.0,55.0,52.0,50.0,65.0,60.0,70.0,4.0,7.0,,,,,,,,,,,,1.0,1.0,1.0,1.0,1.0,1.0,1.0,2.0,2.0,1.0,2.0,1.0,1.0,1.0,1.0,2.0,2.0,2.0,2.0,1.0,1.0,1.0,1.0,1.0,2.0,2.0,2.0,1.0,2.0,1.0,2.0,1.0,1.0,2.0,2.0,1.0,1.0,1.0,2.0,2.0,2.0,2.0,1.0,2.0,2.0,1.0,,,5.0,,,6.0,18.0,,1.0,,
pid_1856,1.0,,,2.0,,,1.0,20.0,,,1.0,379.0,30.0,,,6.0,4.0,5.0,2.0,1.0,4.0,4.0,4.0,5.0,5.0,5.0,,,5.0,,,,4.0,5.0,5.0,,4.0,2.0,7.0,3.0,5.0,3.0,5.0,5.0,6.0,6.0,60.0,62.0,45.0,38.0,55.0,58.0,52.0,70.0,65.0,75.0,4.0,6.0,,1.0,1.0,1.0,1.0,1.0,1.0,1.0,1.0,1.0,1.0,,,,,,,2.0,1.0,1.0,2.0,1.0,2.0,1.0,1.0,2.0,2.0,1.0,2.0,2.0,2.0,2.0,2.0,1.0,2.0,1.0,1.0,1.0,2.0,2.0,1.0,1.0,1.0,1.0,2.0,1.0,2.0,2.0,2.0,2.0,1.0,1.0,1.0,2.0,2.0,1.0,1.0,,,4.0,,,6.0,,4.0,,6.0,
pid_1857,,1.0,,2.0,,,1.0,54.0,,,1.0,380.0,,80.0,,1.0,4.0,1.0,5.0,4.0,4.0,4.0,1.0,4.0,2.0,4.0,2.0,,,4.0,5.0,3.0,,,,6.0,,1.0,6.0,5.0,5.0,6.0,3.0,5.0,6.0,6.0,55.0,60.0,55.0,50.0,60.0,58.0,45.0,65.0,65.0,80.0,4.0,,7.0,1.0,1.0,1.0,1.0,1.0,1.0,1.0,1.0,1.0,1.0,,,,,,,1.0,1.0,1.0,2.0,1.0,1.0,2.0,2.0,1.0,1.0,1.0,2.0,2.0,1.0,1.0,1.0,2.0,1.0,1.0,1.0,2.0,2.0,1.0,2.0,2.0,1.0,2.0,1.0,1.0,1.0,1.0,1.0,1.0,1.0,2.0,2.0,1.0,2.0,2.0,1.0,4.0,,,6.0,,,,20.0,,9.0,
pid_1858,1.0,,1.0,,,,1.0,54.0,,,1.0,250.0,,75.0,2.0,,2.0,1.0,5.0,4.0,2.0,2.0,1.0,3.0,1.0,2.0,2.0,,,4.0,5.0,3.0,,,,,4.0,1.0,6.0,5.0,5.0,3.0,3.0,6.0,6.0,6.0,45.0,55.0,65.0,45.0,55.0,50.0,45.0,65.0,60.0,70.0,4.0,,6.0,1.0,1.0,1.0,1.0,1.0,1.0,1.0,1.0,1.0,1.0,,,,,,,2.0,2.0,1.0,2.0,2.0,1.0,2.0,1.0,1.0,1.0,2.0,1.0,2.0,2.0,2.0,1.0,2.0,1.0,1.0,1.0,1.0,2.0,1.0,2.0,1.0,2.0,1.0,2.0,2.0,2.0,2.0,2.0,1.0,1.0,2.0,2.0,1.0,2.0,2.0,2.0,5.0,,,6.0,,,,18.0,,9.0,
pid_1859,,2.0,1.0,,,,1.0,54.0,2.0,379.0,,,40.0,,3.0,,2.0,5.0,5.0,4.0,2.0,2.0,1.0,4.0,2.0,4.0,,,5.0,,,,4.0,3.0,5.0,4.0,,2.0,6.0,5.0,5.0,5.0,5.0,6.0,6.0,6.0,55.0,65.0,55.0,45.0,60.0,58.0,48.0,65.0,60.0,70.0,4.0,6.0,,,,,,,,,,,,1.0,1.0,1.0,1.0,1.0,1.0,2.0,2.0,1.0,1.0,2.0,2.0,2.0,2.0,1.0,2.0,2.0,1.0,2.0,2.0,2.0,2.0,2.0,1.0,2.0,2.0,2.0,1.0,2.0,1.0,2.0,1.0,2.0,1.0,2.0,1.0,2.0,1.0,2.0,2.0,2.0,1.0,2.0,1.0,1.0,2.0,,,5.0,,,5.0,,15.0,,,3.0
pid_1860,,1.0,1.0,,,,1.0,54.0,2.0,380.0,,,30.0,,2.0,,5.0,5.0,1.0,1.0,5.0,5.0,4.0,5.0,5.0,5.0,,5.0,,,,,4.0,3.0,5.0,,4.0,2.0,7.0,5.0,5.0,6.0,5.0,6.0,6.0,6.0,60.0,55.0,45.0,40.0,55.0,60.0,48.0,70.0,65.0,75.0,4.0,7.0,,,,,,,,,,,,1.0,1.0,1.0,1.0,1.0,1.0,2.0,1.0,2.0,2.0,1.0,1.0,2.0,2.0,2.0,1.0,1.0,2.0,2.0,2.0,1.0,2.0,2.0,1.0,2.0,2.0,2.0,2.0,2.0,1.0,1.0,2.0,1.0,2.0,2.0,2.0,2.0,2.0,2.0,2.0,1.0,2.0,2.0,2.0,1.0,2.0,,5.0,,,6.0,,,20.0,1.0,,
pid_1861,,2.0,1.0,,2.0,54.0,,,2.0,380.0,,,,70.0,2.0,,4.0,5.0,1.0,1.0,5.0,5.0,4.0,5.0,5.0,5.0,1.0,,,4.0,5.0,3.0,,,,6.0,,1.0,6.0,5.0,5.0,5.0,5.0,5.0,6.0,6.0,55.0,60.0,35.0,30.0,60.0,55.0,45.0,70.0,65.0,80.0,4.0,,6.0,1.0,1.0,1.0,1.0,1.0,1.0,1.0,1.0,1.0,1.0,,,,,,,1.0,1.0,2.0,1.0,2.0,1.0,1.0,2.0,1.0,1.0,1.0,1.0,2.0,2.0,1.0,1.0,1.0,2.0,1.0,1.0,2.0,1.0,2.0,2.0,2.0,2.0,1.0,2.0,2.0,1.0,1.0,1.0,2.0,1.0,1.0,1.0,1.0,1.0,1.0,2.0,4.0,,,6.0,,,,20.0,,,3.0
pid_1862,,2.0,1.0,,,,1.0,54.0,,,1.0,380.0,30.0,,,3.0,5.0,5.0,1.0,1.0,5.0,5.0,4.0,5.0,5.0,5.0,2.0,,,4.0,5.0,2.0,,,,4.0,,2.0,7.0,5.0,5.0,5.0,5.0,6.0,6.0,6.0,55.0,60.0,35.0,40.0,65.0,65.0,45.0,65.0,68.0,75.0,4.0,,7.0,,,,,,,,,,,1.0,1.0,1.0,1.0,1.0,1.0,2.0,2.0,2.0,2.0,2.0,2.0,1.0,2.0,1.0,1.0,1.0,1.0,2.0,2.0,1.0,2.0,2.0,1.0,1.0,1.0,2.0,2.0,1.0,2.0,1.0,1.0,2.0,1.0,1.0,2.0,2.0,1.0,2.0,1.0,2.0,2.0,1.0,2.0,2.0,2.0,5.0,,,6.0,,,,20.0,,9.0,
pid_1863,1.0,,1.0,,,,1.0,54.0,2.0,380.0,,,30.0,,,2.0,4.0,5.0,2.0,1.0,4.0,4.0,2.0,5.0,4.0,5.0,1.0,,,,,,4.0,3.0,3.0,6.0,,2.0,7.0,3.0,5.0,5.0,5.0,6.0,6.0,6.0,55.0,65.0,45.0,35.0,60.0,60.0,50.0,70.0,65.0,75.0,4.0,,6.0,,,,,,,,,,,1.0,1.0,1.0,1.0,1.0,1.0,2.0,1.0,2.0,2.0,2.0,2.0,1.0,2.0,2.0,2.0,2.0,2.0,2.0,2.0,1.0,2.0,2.0,1.0,2.0,1.0,1.0,2.0,2.0,2.0,1.0,1.0,1.0,2.0,1.0,2.0,1.0,1.0,2.0,1.0,2.0,1.0,1.0,1.0,2.0,2.0,5.0,,,6.0,,,18.0,,2.0,,
pid_1864,1.0,,,2.0,2.0,54.0,,,2.0,380.0,,,,70.0,2.0,,4.0,5.0,4.0,2.0,4.0,4.0,2.0,5.0,4.0,4.0,,,4.0,,,,4.0,3.0,5.0,4.0,,2.0,6.0,5.0,6.0,5.0,5.0,5.0,6.0,6.0,55.0,60.0,55.0,45.0,60.0,58.0,50.0,65.0,70.0,75.0,4.0,,7.0,1.0,1.0,1.0,1.0,1.0,1.0,1.0,1.0,1.0,1.0,,,,,,,2.0,2.0,1.0,2.0,2.0,1.0,2.0,2.0,2.0,1.0,2.0,2.0,1.0,1.0,2.0,2.0,2.0,2.0,1.0,2.0,1.0,2.0,1.0,1.0,2.0,2.0,2.0,1.0,2.0,2.0,1.0,2.0,2.0,1.0,1.0,2.0,1.0,1.0,1.0,2.0,,,5.0,,,6.0,,18.0,,,6.0
pid_1865,1.0,,1.0,,,,1.0,54.0,,,1.0,380.0,40.0,,1.0,,2.0,1.0,5.0,4.0,2.0,2.0,1.0,2.0,2.0,2.0,2.0,,,,,,4.0,5.0,5.0,,4.0,2.0,7.0,3.0,5.0,5.0,5.0,5.0,6.0,6.0,45.0,55.0,60.0,45.0,55.0,55.0,45.0,65.0,60.0,70.0,4.0,,6.0,,,,,,,,,,,1.0,1.0,1.0,1.0,1.0,1.0,2.0,2.0,2.0,2.0,1.0,2.0,1.0,1.0,1.0,2.0,1.0,1.0,2.0,2.0,2.0,2.0,2.0,1.0,2.0,2.0,2.0,2.0,2.0,2.0,2.0,2.0,2.0,2.0,1.0,2.0,1.0,2.0,2.0,1.0,2.0,2.0,2.0,1.0,2.0,2.0,4.0,,,5.0,,,,20.0,,,3.0
pid_1866,1.0,,,2.0,2.0,54.0,,,2.0,350.0,,,30.0,,2.0,,2.0,2.0,4.0,4.0,3.0,2.0,1.0,4.0,2.0,4.0,1.0,,,,,,3.0,4.0,5.0,4.0,,2.0,6.0,5.0,5.0,5.0,5.0,5.0,6.0,6.0,45.0,45.0,60.0,50.0,50.0,48.0,45.0,65.0,55.0,70.0,4.0,6.0,,,,,,,,,,,,1.0,1.0,1.0,1.0,1.0,1.0,1.0,2.0,1.0,1.0,2.0,2.0,2.0,1.0,1.0,1.0,1.0,1.0,1.0,1.0,2.0,1.0,2.0,2.0,1.0,2.0,1.0,2.0,2.0,2.0,2.0,1.0,1.0,1.0,2.0,2.0,2.0,1.0,1.0,1.0,1.0,1.0,2.0,2.0,1.0,2.0,4.0,,,5.0,,,17.0,,,6.0,
pid_1867,1.0,,,1.0,,,1.0,54.0,2.0,350.0,,,30.0,,2.0,,4.0,5.0,1.0,1.0,5.0,5.0,4.0,5.0,5.0,5.0,,5.0,,,,,3.0,4.0,5.0,,4.0,1.0,6.0,5.0,5.0,6.0,5.0,5.0,6.0,6.0,65.0,65.0,45.0,35.0,60.0,65.0,55.0,75.0,70.0,80.0,4.0,,6.0,,,,,,,,,,,1.0,1.0,1.0,1.0,1.0,1.0,1.0,2.0,2.0,2.0,1.0,2.0,1.0,2.0,1.0,1.0,2.0,2.0,2.0,2.0,1.0,1.0,1.0,1.0,1.0,2.0,1.0,2.0,1.0,1.0,2.0,2.0,2.0,2.0,1.0,2.0,2.0,1.0,1.0,1.0,1.0,1.0,1.0,2.0,2.0,1.0,,5.0,,,6.0,,18.0,,,6.0,
pid_1868,,2.0,,2.0,2.0,54.0,,,,,1.0,300.0,40.0,,1.0,,2.0,1.0,5.0,4.0,2.0,2.0,1.0,2.0,2.0,4.0,4.0,,,4.0,5.0,2.0,,,,6.0,,2.0,6.0,5.0,5.0,5.0,5.0,6.0,6.0,6.0,55.0,55.0,60.0,50.0,60.0,58.0,45.0,65.0,65.0,75.0,4.0,,6.0,1.0,1.0,1.0,1.0,1.0,1.0,1.0,1.0,1.0,1.0,,,,,,,2.0,1.0,1.0,2.0,2.0,1.0,1.0,2.0,1.0,1.0,1.0,1.0,1.0,2.0,1.0,2.0,2.0,2.0,1.0,1.0,2.0,1.0,1.0,1.0,2.0,2.0,2.0,2.0,1.0,1.0,2.0,2.0,2.0,1.0,1.0,2.0,1.0,1.0,1.0,1.0,4.0,,,6.0,,,,15.0,,,5.0
pid_1869,1.0,,1.0,,,,1.0,30.0,,,1.0,379.0,30.0,,2.0,,4.0,5.0,1.0,1.0,5.0,5.0,4.0,5.0,5.0,5.0,1.0,,,,,,4.0,5.0,3.0,,4.0,2.0,6.0,5.0,5.0,5.0,5.0,5.0,6.0,6.0,55.0,65.0,45.0,35.0,60.0,65.0,50.0,75.0,70.0,75.0,4.0,,6.0,1.0,1.0,1.0,1.0,1.0,1.0,1.0,1.0,1.0,1.0,,,,,,,2.0,2.0,1.0,1.0,1.0,1.0,2.0,2.0,1.0,1.0,2.0,1.0,1.0,2.0,1.0,2.0,1.0,2.0,1.0,2.0,2.0,1.0,1.0,1.0,1.0,1.0,1.0,2.0,2.0,2.0,1.0,2.0,2.0,1.0,2.0,2.0,2.0,1.0,1.0,1.0,4.0,,,6.0,,,20.0,,2.0,,
pid_1870,,1.0,,2.0,2.0,54.0,,,2.0,500.0,,,,70.0,,2.0,2.0,1.0,4.0,4.0,3.0,2.0,1.0,4.0,2.0,4.0,2.0,,,,,,4.0,5.0,5.0,4.0,,1.0,6.0,5.0,5.0,5.0,5.0,6.0,6.0,6.0,55.0,55.0,65.0,45.0,60.0,65.0,45.0,70.0,65.0,75.0,4.0,7.0,,1.0,1.0,1.0,1.0,1.0,1.0,1.0,1.0,1.0,1.0,,,,,,,1.0,1.0,1.0,1.0,2.0,2.0,1.0,2.0,1.0,2.0,1.0,2.0,1.0,1.0,1.0,1.0,2.0,2.0,1.0,2.0,1.0,2.0,1.0,1.0,1.0,2.0,1.0,2.0,1.0,1.0,1.0,2.0,2.0,1.0,1.0,1.0,1.0,1.0,1.0,1.0,5.0,,,5.0,,,15.0,,,,3.0
pid_1871,,1.0,,1.0,,,1.0,54.0,,,1.0,379.0,30.0,,2.0,,4.0,5.0,1.0,1.0,5.0,5.0,4.0,5.0,5.0,5.0,,,5.0,5.0,3.0,2.0,,,,,6.0,2.0,6.0,5.0,5.0,5.0,5.0,6.0,6.0,6.0,55.0,55.0,45.0,40.0,60.0,65.0,50.0,70.0,65.0,75.0,4.0,6.0,,1.0,1.0,1.0,1.0,1.0,1.0,1.0,1.0,1.0,1.0,,,,,,,1.0,1.0,2.0,1.0,1.0,1.0,2.0,2.0,2.0,2.0,1.0,2.0,2.0,2.0,2.0,2.0,1.0,1.0,2.0,2.0,1.0,2.0,2.0,2.0,2.0,1.0,2.0,2.0,1.0,2.0,1.0,1.0,2.0,2.0,2.0,2.0,1.0,2.0,1.0,1.0,,,5.0,,,6.0,12.0,,1.0,,
pid_1872,,1.0,2.0,,2.0,54.0,,,2.0,400.0,,,40.0,,5.0,,4.0,4.0,2.0,2.0,5.0,5.0,2.0,5.0,4.0,5.0,,,5.0,,,,4.0,5.0,5.0,,4.0,2.0,7.0,5.0,5.0,3.0,5.0,5.0,6.0,6.0,55.0,60.0,55.0,45.0,60.0,65.0,50.0,70.0,65.0,75.0,4.0,,6.0,,,,,,,,,,,1.0,1.0,1.0,1.0,1.0,1.0,1.0,2.0,2.0,1.0,2.0,1.0,2.0,2.0,2.0,2.0,1.0,2.0,2.0,1.0,2.0,1.0,2.0,1.0,2.0,1.0,2.0,2.0,1.0,1.0,2.0,1.0,2.0,1.0,1.0,2.0,1.0,1.0,1.0,2.0,2.0,1.0,2.0,2.0,2.0,1.0,,,4.0,,,6.0,,20.0,,,3.0
pid_1873,1.0,,2.0,,,,1.0,54.0,2.0,380.0,,,30.0,,2.0,,4.0,4.0,1.0,1.0,5.0,5.0,4.0,5.0,5.0,5.0,,5.0,,4.0,5.0,3.0,,,,4.0,,1.0,6.0,5.0,5.0,3.0,3.0,5.0,6.0,6.0,55.0,65.0,45.0,35.0,60.0,65.0,55.0,75.0,65.0,80.0,4.0,,6.0,1.0,1.0,1.0,1.0,1.0,1.0,1.0,1.0,1.0,1.0,,,,,,,2.0,1.0,1.0,2.0,1.0,1.0,1.0,2.0,1.0,2.0,1.0,1.0,2.0,2.0,1.0,2.0,1.0,1.0,1.0,1.0,1.0,2.0,2.0,1.0,2.0,1.0,2.0,2.0,1.0,1.0,1.0,2.0,1.0,1.0,2.0,2.0,2.0,2.0,2.0,2.0,,5.0,,,6.0,,,18.0,,,3.0
pid_1874,,1.0,,2.0,,,1.0,30.0,,,1.0,300.0,,70.0,,3.0,4.0,5.0,2.0,2.0,5.0,4.0,2.0,5.0,4.0,5.0,,,5.0,5.0,5.0,2.0,,,,,4.0,1.0,6.0,3.0,5.0,5.0,5.0,6.0,6.0,6.0,60.0,58.0,45.0,48.0,65.0,58.0,55.0,72.0,65.0,75.0,4.0,,6.0,,,,,,,,,,,1.0,1.0,1.0,1.0,1.0,1.0,2.0,2.0,1.0,1.0,2.0,1.0,1.0,2.0,2.0,1.0,1.0,2.0,1.0,1.0,2.0,2.0,2.0,2.0,2.0,1.0,2.0,2.0,1.0,2.0,1.0,2.0,1.0,1.0,1.0,2.0,2.0,1.0,1.0,2.0,2.0,1.0,2.0,2.0,2.0,2.0,,,4.0,,,6.0,17.0,,,6.0,
pid_1875,1.0,,,2.0,2.0,60.0,,,,,1.0,100.0,,70.0,2.0,,5.0,5.0,1.0,1.0,5.0,5.0,5.0,5.0,5.0,5.0,1.0,,,,,,4.0,3.0,5.0,,4.0,1.0,7.0,3.0,5.0,5.0,3.0,5.0,6.0,6.0,50.0,65.0,40.0,35.0,60.0,55.0,55.0,75.0,70.0,80.0,4.0,6.0,,,,,,,,,,,,1.0,1.0,1.0,1.0,1.0,1.0,2.0,2.0,2.0,2.0,2.0,2.0,1.0,2.0,2.0,2.0,2.0,2.0,2.0,2.0,2.0,1.0,2.0,2.0,2.0,2.0,1.0,1.0,2.0,1.0,2.0,2.0,2.0,2.0,2.0,2.0,2.0,1.0,2.0,2.0,2.0,2.0,2.0,2.0,2.0,1.0,4.0,,,6.0,,,18.0,,,,4.0
pid_1876,,1.0,1.0,,,,1.0,54.0,,,1.0,380.0,60.0,,3.0,,5.0,5.0,1.0,1.0,5.0,5.0,5.0,5.0,5.0,5.0,,,5.0,,,,4.0,5.0,5.0,4.0,,2.0,7.0,5.0,5.0,5.0,5.0,6.0,6.0,6.0,60.0,60.0,35.0,40.0,62.0,58.0,45.0,70.0,65.0,80.0,4.0,6.0,,,,,,,,,,,,1.0,1.0,1.0,1.0,1.0,1.0,2.0,1.0,2.0,2.0,1.0,2.0,1.0,1.0,2.0,2.0,2.0,2.0,2.0,1.0,2.0,1.0,1.0,2.0,2.0,1.0,1.0,2.0,2.0,2.0,2.0,1.0,2.0,1.0,1.0,2.0,2.0,2.0,1.0,1.0,1.0,2.0,2.0,1.0,2.0,2.0,,,5.0,,,6.0,18.0,,,,6.0
pid_1877,1.0,,,2.0,2.0,54.0,,,2.0,380.0,,,,70.0,2.0,,5.0,5.0,1.0,1.0,5.0,5.0,4.0,5.0,5.0,5.0,,5.0,,,,,4.0,5.0,5.0,,4.0,2.0,7.0,5.0,5.0,5.0,5.0,5.0,6.0,6.0,55.0,60.0,40.0,35.0,60.0,65.0,50.0,65.0,65.0,75.0,4.0,6.0,,1.0,1.0,1.0,1.0,1.0,1.0,1.0,1.0,1.0,1.0,,,,,,,2.0,1.0,2.0,1.0,2.0,1.0,1.0,2.0,1.0,1.0,1.0,1.0,1.0,2.0,2.0,1.0,2.0,2.0,2.0,2.0,1.0,1.0,2.0,2.0,1.0,2.0,2.0,1.0,1.0,2.0,2.0,2.0,2.0,1.0,2.0,2.0,1.0,2.0,2.0,2.0,,5.0,,,6.0,,,20.0,,,3.0
pid_1878,1.0,,,2.0,2.0,40.0,,,2.0,350.0,,,30.0,,5.0,,2.0,1.0,4.0,4.0,4.0,2.0,1.0,4.0,2.0,4.0,,5.0,,4.0,5.0,3.0,,,,,4.0,2.0,6.0,5.0,5.0,5.0,5.0,6.0,6.0,6.0,45.0,55.0,60.0,45.0,55.0,,45.0,65.0,,,4.0,3.0,,,,,,,,,,,,1.0,1.0,1.0,1.0,1.0,1.0,1.0,1.0,1.0,2.0,1.0,2.0,1.0,2.0,2.0,2.0,2.0,2.0,1.0,2.0,1.0,1.0,2.0,2.0,1.0,1.0,1.0,1.0,1.0,1.0,2.0,2.0,1.0,1.0,1.0,2.0,2.0,1.0,1.0,2.0,1.0,2.0,1.0,2.0,2.0,1.0,,4.0,,,5.0,,,15.0,,6.0,
pid_1879,1.0,,2.0,,,,1.0,54.0,2.0,379.0,,,,70.0,2.0,,1.0,1.0,5.0,4.0,2.0,1.0,1.0,2.0,1.0,2.0,2.0,,,4.0,5.0,3.0,,,,,4.0,1.0,6.0,5.0,5.0,5.0,5.0,6.0,7.0,6.0,40.0,55.0,60.0,45.0,35.0,45.0,40.0,60.0,45.0,65.0,4.0,,6.0,,,,,,,,,,,1.0,1.0,1.0,1.0,1.0,1.0,2.0,1.0,2.0,2.0,1.0,1.0,2.0,1.0,1.0,2.0,1.0,1.0,1.0,1.0,1.0,1.0,2.0,2.0,1.0,1.0,2.0,2.0,1.0,1.0,1.0,1.0,1.0,2.0,1.0,1.0,2.0,1.0,2.0,2.0,2.0,2.0,1.0,1.0,2.0,1.0,4.0,,,6.0,,,,10.0,,,3.0
pid_1880,1.0,,,2.0,,,1.0,54.0,,,1.0,379.0,30.0,,3.0,,5.0,5.0,1.0,1.0,5.0,5.0,4.0,5.0,5.0,5.0,,,5.0,,,,4.0,5.0,5.0,6.0,,2.0,7.0,5.0,5.0,3.0,3.0,6.0,6.0,6.0,60.0,55.0,45.0,40.0,55.0,65.0,55.0,75.0,65.0,80.0,4.0,,7.0,,,,,,,,,,,1.0,1.0,1.0,1.0,1.0,1.0,2.0,1.0,2.0,2.0,1.0,1.0,2.0,2.0,2.0,1.0,2.0,1.0,2.0,1.0,2.0,2.0,2.0,2.0,1.0,1.0,2.0,2.0,2.0,2.0,2.0,1.0,1.0,2.0,1.0,2.0,1.0,2.0,1.0,2.0,1.0,1.0,2.0,1.0,1.0,2.0,,,5.0,,,6.0,18.0,,,,5.0
pid_1882,1.0,,1.0,,,,1.0,54.0,,,1.0,380.0,35.0,,,2.0,4.0,4.0,4.0,4.0,5.0,5.0,1.0,4.0,4.0,4.0,2.0,,,4.0,5.0,3.0,,,,4.0,,2.0,6.0,5.0,5.0,5.0,5.0,6.0,6.0,6.0,60.0,60.0,55.0,45.0,65.0,60.0,55.0,70.0,65.0,75.0,4.0,6.0,,,,,,,,,,,,1.0,1.0,1.0,1.0,1.0,1.0,1.0,1.0,2.0,2.0,1.0,2.0,1.0,2.0,1.0,1.0,2.0,2.0,1.0,1.0,1.0,1.0,1.0,1.0,1.0,2.0,2.0,1.0,1.0,2.0,1.0,2.0,2.0,2.0,1.0,2.0,1.0,1.0,2.0,2.0,2.0,2.0,1.0,2.0,2.0,1.0,5.0,,,6.0,,,18.0,,,9.0,
pid_1883,,1.0,1.0,,,,1.0,30.0,2.0,350.0,,,40.0,,2.0,,2.0,4.0,4.0,4.0,4.0,4.0,1.0,4.0,4.0,4.0,,4.0,,4.0,5.0,3.0,,,,4.0,,2.0,7.0,3.0,5.0,5.0,5.0,6.0,6.0,6.0,55.0,65.0,55.0,45.0,60.0,60.0,50.0,70.0,65.0,75.0,4.0,,7.0,,,,,,,,,,,1.0,1.0,1.0,1.0,1.0,1.0,2.0,2.0,1.0,1.0,1.0,1.0,1.0,1.0,1.0,2.0,2.0,1.0,1.0,2.0,1.0,2.0,2.0,2.0,1.0,2.0,2.0,1.0,2.0,2.0,1.0,1.0,2.0,2.0,1.0,1.0,1.0,1.0,2.0,1.0,2.0,2.0,1.0,1.0,2.0,1.0,,4.0,,,6.0,,,2.0,,9.0,
pid_1884,1.0,,,1.0,,,1.0,54.0,2.0,380.0,,,,70.0,,2.0,2.0,2.0,5.0,4.0,3.0,2.0,1.0,4.0,2.0,4.0,,5.0,,4.0,5.0,,,,,,4.0,2.0,6.0,5.0,5.0,5.0,5.0,5.0,6.0,5.0,45.0,65.0,55.0,50.0,55.0,55.0,45.0,65.0,60.0,75.0,4.0,5.0,,1.0,1.0,1.0,1.0,1.0,1.0,1.0,1.0,1.0,1.0,,,,,,,1.0,2.0,1.0,2.0,2.0,1.0,2.0,1.0,2.0,1.0,2.0,1.0,2.0,1.0,1.0,2.0,1.0,2.0,2.0,1.0,1.0,2.0,1.0,2.0,2.0,1.0,2.0,1.0,2.0,2.0,2.0,2.0,2.0,1.0,1.0,1.0,1.0,2.0,2.0,2.0,,5.0,,,6.0,,18.0,,,,4.0
pid_1885,,2.0,1.0,,,,1.0,54.0,,,1.0,380.0,,70.0,1.0,,5.0,5.0,1.0,1.0,5.0,5.0,5.0,5.0,5.0,5.0,,,5.0,4.0,5.0,3.0,,,,6.0,,1.0,6.0,3.0,5.0,5.0,5.0,6.0,6.0,6.0,55.0,55.0,45.0,35.0,60.0,65.0,55.0,70.0,65.0,75.0,4.0,7.0,,1.0,1.0,1.0,1.0,1.0,1.0,1.0,1.0,1.0,1.0,,,,,,,2.0,1.0,2.0,2.0,2.0,1.0,2.0,1.0,2.0,2.0,1.0,2.0,2.0,1.0,2.0,1.0,1.0,1.0,2.0,1.0,1.0,2.0,1.0,1.0,1.0,1.0,1.0,2.0,2.0,1.0,2.0,2.0,2.0,1.0,1.0,2.0,1.0,1.0,2.0,2.0,,,5.0,,,6.0,18.0,,,9.0,
pid_1886,,1.0,1.0,,2.0,54.0,,,2.0,379.0,,,,70.0,1.0,,2.0,2.0,5.0,4.0,4.0,2.0,1.0,4.0,2.0,4.0,1.0,,,5.0,5.0,4.0,,,,4.0,,2.0,6.0,5.0,5.0,5.0,5.0,5.0,6.0,5.0,55.0,60.0,65.0,45.0,60.0,58.0,48.0,70.0,65.0,75.0,4.0,7.0,,1.0,1.0,1.0,1.0,1.0,1.0,1.0,1.0,1.0,1.0,,,,,,,2.0,2.0,1.0,2.0,2.0,1.0,1.0,1.0,2.0,1.0,1.0,1.0,2.0,1.0,1.0,1.0,1.0,1.0,1.0,2.0,1.0,1.0,2.0,2.0,2.0,2.0,2.0,2.0,2.0,1.0,1.0,1.0,1.0,2.0,2.0,2.0,1.0,2.0,2.0,1.0,4.0,,,5.0,,,,18.0,,9.0,
pid_1887,,1.0,2.0,,,,1.0,30.0,2.0,600.0,,,,75.0,4.0,,4.0,5.0,2.0,2.0,4.0,4.0,2.0,4.0,4.0,4.0,,,5.0,,,,4.0,5.0,3.0,,4.0,2.0,6.0,5.0,5.0,5.0,5.0,6.0,6.0,6.0,55.0,60.0,48.0,38.0,62.0,60.0,52.0,70.0,65.0,75.0,4.0,,7.0,1.0,1.0,1.0,1.0,1.0,1.0,1.0,1.0,1.0,1.0,,,,,,,2.0,1.0,1.0,1.0,2.0,2.0,2.0,2.0,1.0,2.0,2.0,1.0,2.0,2.0,2.0,1.0,1.0,2.0,2.0,1.0,1.0,2.0,1.0,1.0,2.0,1.0,1.0,2.0,1.0,2.0,1.0,2.0,2.0,2.0,1.0,2.0,2.0,2.0,1.0,1.0,,,5.0,,,6.0,15.0,,2.0,,
pid_1888,,1.0,2.0,,,,1.0,54.0,2.0,379.0,,,30.0,,,3.0,4.0,5.0,1.0,1.0,5.0,5.0,4.0,5.0,5.0,5.0,4.0,,,,,,4.0,3.0,3.0,4.0,,2.0,6.0,5.0,5.0,6.0,5.0,5.0,6.0,6.0,55.0,60.0,40.0,35.0,65.0,60.0,55.0,70.0,65.0,75.0,4.0,,6.0,,,,,,,,,,,1.0,1.0,1.0,1.0,1.0,1.0,2.0,2.0,2.0,2.0,2.0,1.0,1.0,2.0,2.0,1.0,2.0,1.0,2.0,2.0,1.0,1.0,1.0,2.0,2.0,2.0,2.0,2.0,2.0,2.0,1.0,1.0,2.0,1.0,1.0,2.0,2.0,2.0,2.0,1.0,2.0,2.0,1.0,1.0,1.0,1.0,4.0,,,6.0,,,18.0,,,,3.0
pid_1889,1.0,,,2.0,,,1.0,54.0,2.0,380.0,,,,70.0,,3.0,4.0,5.0,2.0,2.0,4.0,5.0,2.0,4.0,4.0,4.0,2.0,,,,,,4.0,5.0,4.0,4.0,,2.0,6.0,5.0,5.0,5.0,5.0,6.0,6.0,6.0,55.0,60.0,55.0,45.0,60.0,58.0,48.0,68.0,65.0,75.0,4.0,,7.0,1.0,1.0,1.0,1.0,1.0,1.0,1.0,1.0,1.0,1.0,,,,,,,2.0,2.0,1.0,1.0,2.0,1.0,2.0,1.0,1.0,2.0,2.0,2.0,2.0,1.0,2.0,1.0,1.0,1.0,1.0,1.0,2.0,1.0,1.0,2.0,1.0,1.0,2.0,2.0,1.0,1.0,2.0,2.0,2.0,2.0,1.0,2.0,2.0,2.0,1.0,1.0,5.0,,,5.0,,,18.0,,2.0,,
pid_1890,1.0,,1.0,,2.0,54.0,,,,,1.0,379.0,30.0,,,2.0,2.0,1.0,5.0,4.0,3.0,2.0,1.0,4.0,2.0,4.0,2.0,,,,,,4.0,5.0,5.0,,4.0,2.0,7.0,5.0,5.0,6.0,5.0,6.0,6.0,6.0,55.0,60.0,65.0,55.0,60.0,57.0,48.0,65.0,62.0,75.0,4.0,,7.0,,,,,,,,,,,1.0,1.0,1.0,1.0,1.0,1.0,2.0,1.0,2.0,1.0,1.0,1.0,2.0,2.0,2.0,2.0,1.0,1.0,1.0,1.0,1.0,2.0,2.0,1.0,2.0,1.0,2.0,1.0,1.0,1.0,2.0,2.0,1.0,2.0,1.0,1.0,1.0,2.0,1.0,2.0,2.0,1.0,2.0,1.0,1.0,2.0,4.0,,,6.0,,,18.0,,,,3.0
pid_1891,1.0,,,2.0,,,1.0,30.0,2.0,380.0,,,,70.0,,2.0,4.0,5.0,2.0,1.0,5.0,5.0,4.0,5.0,5.0,5.0,2.0,,,,,,4.0,5.0,5.0,4.0,,2.0,7.0,5.0,5.0,3.0,3.0,5.0,6.0,6.0,60.0,60.0,40.0,35.0,65.0,65.0,55.0,70.0,65.0,75.0,4.0,,6.0,1.0,1.0,1.0,1.0,1.0,1.0,1.0,1.0,1.0,1.0,,,,,,,1.0,2.0,2.0,2.0,1.0,2.0,1.0,1.0,2.0,1.0,1.0,1.0,1.0,1.0,1.0,2.0,2.0,2.0,2.0,1.0,1.0,1.0,2.0,2.0,2.0,1.0,2.0,2.0,1.0,2.0,1.0,1.0,2.0,1.0,1.0,1.0,1.0,2.0,2.0,2.0,4.0,,,5.0,,,,10.0,,6.0,
pid_1892,1.0,,1.0,,2.0,54.0,,,,,1.0,380.0,30.0,,,3.0,5.0,5.0,1.0,1.0,5.0,5.0,4.0,5.0,5.0,5.0,,,5.0,4.0,5.0,,,,,6.0,,2.0,7.0,2.0,5.0,5.0,5.0,6.0,6.0,6.0,60.0,65.0,45.0,35.0,55.0,60.0,50.0,70.0,65.0,75.0,4.0,7.0,,,,,,,,,,,,1.0,1.0,1.0,1.0,1.0,1.0,1.0,2.0,2.0,1.0,1.0,1.0,2.0,2.0,2.0,1.0,1.0,2.0,1.0,1.0,2.0,1.0,1.0,2.0,1.0,2.0,1.0,2.0,2.0,2.0,1.0,2.0,1.0,2.0,1.0,2.0,1.0,2.0,1.0,1.0,1.0,1.0,1.0,2.0,1.0,2.0,,,5.0,,,6.0,,16.0,,9.0,
pid_1893,1.0,,1.0,,,,1.0,54.0,,,1.0,150.0,30.0,,2.0,,4.0,5.0,1.0,1.0,5.0,5.0,4.0,5.0,5.0,5.0,1.0,,,,,,4.0,5.0,3.0,6.0,,2.0,7.0,5.0,6.0,5.0,5.0,6.0,6.0,6.0,55.0,55.0,40.0,45.0,60.0,60.0,45.0,70.0,65.0,75.0,4.0,6.0,,,,,,,,,,,,1.0,1.0,1.0,1.0,1.0,1.0,2.0,2.0,1.0,2.0,2.0,1.0,1.0,1.0,2.0,2.0,2.0,1.0,2.0,1.0,1.0,1.0,1.0,1.0,2.0,1.0,2.0,2.0,1.0,1.0,1.0,2.0,1.0,1.0,1.0,1.0,1.0,1.0,2.0,1.0,2.0,2.0,2.0,1.0,2.0,2.0,4.0,,,6.0,,,,0.0,3.0,,
pid_1895,1.0,,,2.0,2.0,60.0,,,2.0,380.0,,,30.0,,,1.0,5.0,5.0,1.0,1.0,5.0,5.0,4.0,5.0,5.0,5.0,,,5.0,,,,4.0,4.0,3.0,4.0,,2.0,7.0,5.0,5.0,5.0,5.0,5.0,6.0,6.0,65.0,65.0,45.0,35.0,60.0,68.0,55.0,75.0,68.0,80.0,4.0,6.0,,,,,,,,,,,,1.0,1.0,1.0,1.0,1.0,1.0,1.0,1.0,1.0,2.0,2.0,2.0,2.0,1.0,2.0,1.0,1.0,2.0,1.0,1.0,2.0,1.0,2.0,1.0,1.0,1.0,1.0,1.0,1.0,2.0,1.0,1.0,1.0,1.0,1.0,2.0,1.0,1.0,1.0,1.0,1.0,2.0,1.0,2.0,2.0,1.0,,,5.0,,,6.0,18.0,,,,3.0
pid_1896,,1.0,1.0,,,,1.0,20.0,2.0,600.0,,,40.0,,,1.0,4.0,2.0,5.0,4.0,4.0,4.0,1.0,4.0,2.0,4.0,,5.0,,4.0,5.0,2.0,,,,6.0,,2.0,6.0,5.0,5.0,5.0,5.0,6.0,6.0,6.0,55.0,55.0,65.0,45.0,60.0,58.0,50.0,65.0,60.0,75.0,4.0,,6.0,1.0,1.0,1.0,1.0,1.0,1.0,1.0,1.0,1.0,1.0,,,,,,,2.0,1.0,1.0,1.0,2.0,1.0,2.0,2.0,2.0,2.0,1.0,2.0,1.0,2.0,2.0,2.0,1.0,2.0,2.0,2.0,1.0,1.0,1.0,1.0,2.0,1.0,2.0,2.0,2.0,2.0,1.0,2.0,1.0,2.0,2.0,1.0,1.0,1.0,1.0,1.0,,5.0,,,6.0,,18.0,,,9.0,
pid_1897,,1.0,,1.0,,,1.0,54.0,,,1.0,379.0,40.0,,3.0,,4.0,5.0,1.0,1.0,5.0,5.0,4.0,5.0,5.0,5.0,4.0,,,4.0,5.0,3.0,,,,6.0,,2.0,7.0,5.0,5.0,6.0,5.0,5.0,6.0,6.0,55.0,65.0,42.0,35.0,62.0,65.0,55.0,70.0,68.0,75.0,4.0,7.0,,1.0,1.0,1.0,1.0,1.0,1.0,1.0,1.0,1.0,1.0,,,,,,,2.0,2.0,2.0,2.0,2.0,2.0,1.0,2.0,2.0,2.0,2.0,1.0,1.0,2.0,1.0,2.0,1.0,2.0,1.0,2.0,2.0,2.0,1.0,1.0,2.0,1.0,2.0,1.0,1.0,1.0,1.0,2.0,2.0,1.0,2.0,1.0,2.0,1.0,1.0,1.0,4.0,,,6.0,,,,2.0,,6.0,
pid_1898,1.0,,1.0,,,,1.0,30.0,2.0,380.0,,,,75.0,3.0,,4.0,5.0,1.0,1.0,5.0,5.0,4.0,5.0,5.0,5.0,,5.0,,4.0,5.0,3.0,,,,,4.0,2.0,6.0,3.0,5.0,5.0,5.0,6.0,6.0,6.0,50.0,55.0,45.0,40.0,55.0,55.0,55.0,70.0,65.0,75.0,4.0,,7.0,1.0,1.0,1.0,1.0,1.0,1.0,1.0,1.0,1.0,1.0,,,,,,,1.0,2.0,1.0,2.0,1.0,1.0,1.0,2.0,1.0,2.0,2.0,2.0,2.0,2.0,1.0,1.0,2.0,1.0,1.0,2.0,1.0,1.0,1.0,1.0,2.0,2.0,1.0,1.0,1.0,2.0,2.0,1.0,1.0,2.0,2.0,2.0,2.0,1.0,1.0,2.0,,5.0,,,5.0,,,15.0,2.0,,
pid_1899,1.0,,,2.0,2.0,54.0,,,2.0,380.0,,,30.0,,2.0,,4.0,5.0,2.0,2.0,5.0,5.0,4.0,5.0,4.0,5.0,,,5.0,,,,3.0,4.0,5.0,,4.0,1.0,7.0,5.0,5.0,5.0,5.0,5.0,6.0,6.0,60.0,65.0,45.0,35.0,55.0,65.0,50.0,70.0,65.0,75.0,4.0,,6.0,,,,,,,,,,,1.0,1.0,1.0,1.0,1.0,1.0,1.0,1.0,1.0,1.0,2.0,1.0,2.0,1.0,1.0,2.0,2.0,1.0,1.0,1.0,1.0,1.0,1.0,2.0,2.0,2.0,2.0,2.0,2.0,1.0,1.0,2.0,1.0,2.0,2.0,2.0,2.0,1.0,2.0,1.0,1.0,1.0,1.0,1.0,1.0,1.0,,,5.0,,,6.0,15.0,,,,3.0
pid_1900,1.0,,,2.0,,,1.0,54.0,2.0,380.0,,,40.0,,,2.0,4.0,5.0,2.0,2.0,5.0,4.0,2.0,5.0,4.0,5.0,2.0,,,,,,4.0,5.0,5.0,4.0,,2.0,7.0,5.0,5.0,5.0,5.0,6.0,6.0,6.0,60.0,65.0,55.0,45.0,55.0,60.0,50.0,70.0,65.0,80.0,4.0,,6.0,,,,,,,,,,,1.0,1.0,1.0,1.0,1.0,1.0,1.0,2.0,1.0,2.0,2.0,2.0,2.0,2.0,1.0,2.0,2.0,1.0,1.0,1.0,1.0,1.0,1.0,1.0,2.0,2.0,1.0,2.0,2.0,2.0,2.0,2.0,1.0,2.0,2.0,1.0,2.0,2.0,2.0,2.0,2.0,1.0,1.0,2.0,1.0,2.0,4.0,,,6.0,,,,20.0,,6.0,
pid_1901,1.0,,1.0,,2.0,54.0,,,,,1.0,379.0,,70.0,3.0,,1.0,1.0,5.0,4.0,4.0,2.0,1.0,2.0,1.0,4.0,,,5.0,4.0,3.0,2.0,,,,4.0,,2.0,6.0,5.0,5.0,5.0,5.0,5.0,6.0,6.0,45.0,55.0,65.0,50.0,55.0,55.0,40.0,65.0,60.0,75.0,4.0,,6.0,,,,,,,,,,,1.0,1.0,1.0,1.0,1.0,1.0,1.0,2.0,2.0,1.0,1.0,2.0,1.0,2.0,1.0,1.0,2.0,2.0,2.0,1.0,1.0,2.0,2.0,2.0,1.0,2.0,2.0,2.0,1.0,2.0,1.0,2.0,1.0,2.0,1.0,1.0,2.0,1.0,1.0,1.0,2.0,2.0,1.0,2.0,2.0,2.0,,,5.0,,,6.0,18.0,,,,4.0
pid_1902,2.0,,,2.0,2.0,54.0,,,2.0,380.0,,,30.0,,,4.0,4.0,4.0,2.0,2.0,5.0,5.0,2.0,5.0,4.0,4.0,2.0,,,,,,4.0,5.0,5.0,,4.0,2.0,7.0,5.0,5.0,6.0,5.0,5.0,6.0,6.0,55.0,63.0,54.0,42.0,62.0,64.0,51.0,72.0,65.0,80.0,,6.0,,,,,,,,,,,,1.0,1.0,1.0,1.0,1.0,1.0,2.0,2.0,2.0,1.0,1.0,1.0,2.0,2.0,2.0,2.0,2.0,1.0,2.0,1.0,2.0,2.0,1.0,1.0,1.0,2.0,2.0,2.0,1.0,1.0,1.0,2.0,2.0,1.0,2.0,1.0,2.0,1.0,2.0,2.0,1.0,1.0,2.0,2.0,2.0,1.0,4.0,,,6.0,,,18.0,,,6.0,
pid_1903,1.0,,1.0,,,,1.0,54.0,2.0,380.0,,,30.0,,,3.0,4.0,5.0,2.0,2.0,4.0,5.0,2.0,5.0,4.0,5.0,2.0,,,3.0,5.0,2.0,,,,4.0,,2.0,7.0,5.0,5.0,5.0,5.0,5.0,6.0,6.0,60.0,65.0,45.0,40.0,58.0,62.0,55.0,70.0,65.0,75.0,4.0,,6.0,1.0,1.0,1.0,1.0,1.0,1.0,1.0,1.0,1.0,1.0,,,,,,,2.0,2.0,1.0,1.0,2.0,2.0,1.0,2.0,2.0,1.0,1.0,1.0,2.0,1.0,1.0,2.0,1.0,1.0,2.0,2.0,1.0,2.0,1.0,1.0,1.0,1.0,2.0,1.0,1.0,1.0,1.0,2.0,2.0,1.0,1.0,2.0,1.0,1.0,2.0,1.0,5.0,,,6.0,,,,18.0,,,6.0
pid_1904,,2.0,1.0,,2.0,54.0,,,2.0,380.0,,,60.0,,,4.0,4.0,5.0,1.0,1.0,5.0,5.0,4.0,5.0,5.0,5.0,,,5.0,4.0,5.0,3.0,,,,4.0,,2.0,7.0,5.0,5.0,5.0,5.0,5.0,6.0,6.0,65.0,60.0,45.0,35.0,60.0,65.0,55.0,75.0,65.0,80.0,4.0,,7.0,1.0,1.0,1.0,1.0,1.0,1.0,1.0,1.0,1.0,1.0,,,,,,,1.0,2.0,1.0,2.0,2.0,2.0,2.0,2.0,1.0,1.0,2.0,2.0,1.0,2.0,1.0,2.0,2.0,2.0,2.0,2.0,1.0,2.0,1.0,2.0,2.0,1.0,2.0,2.0,2.0,2.0,2.0,2.0,2.0,2.0,1.0,2.0,2.0,1.0,1.0,2.0,,,5.0,,,6.0,,20.0,,9.0,
pid_1905,1.0,,,2.0,2.0,54.0,,,,,1.0,300.0,,70.0,,2.0,1.0,1.0,5.0,4.0,1.0,2.0,1.0,2.0,1.0,2.0,2.0,,,4.0,2.0,3.0,,,,6.0,,1.0,7.0,5.0,5.0,5.0,5.0,5.0,6.0,6.0,45.0,55.0,60.0,45.0,55.0,60.0,50.0,65.0,65.0,75.0,4.0,,7.0,,,,,,,,,,,1.0,1.0,1.0,1.0,1.0,1.0,2.0,1.0,2.0,1.0,1.0,2.0,2.0,2.0,1.0,1.0,1.0,1.0,1.0,2.0,2.0,1.0,2.0,1.0,2.0,2.0,2.0,2.0,2.0,2.0,1.0,2.0,1.0,1.0,2.0,2.0,1.0,2.0,2.0,1.0,1.0,2.0,2.0,2.0,1.0,2.0,4.0,,,6.0,,,18.0,,,,5.0
pid_1906,1.0,,1.0,,2.0,54.0,,,,,1.0,379.0,,70.0,3.0,,4.0,5.0,1.0,1.0,5.0,5.0,4.0,5.0,5.0,5.0,,,5.0,,,,4.0,3.0,2.0,6.0,,1.0,7.0,5.0,5.0,5.0,3.0,5.0,6.0,6.0,58.0,65.0,42.0,38.0,61.0,59.0,55.0,72.0,68.0,80.0,4.0,6.0,,,,,,,,,,,,1.0,1.0,1.0,1.0,1.0,1.0,1.0,1.0,1.0,1.0,2.0,2.0,1.0,2.0,1.0,1.0,2.0,2.0,1.0,1.0,1.0,2.0,1.0,1.0,2.0,1.0,1.0,2.0,2.0,1.0,1.0,1.0,1.0,1.0,2.0,1.0,2.0,2.0,1.0,1.0,2.0,2.0,2.0,1.0,1.0,1.0,,,5.0,,,5.0,,12.0,,6.0,
pid_1907,,2.0,2.0,,2.0,40.0,,,,,1.0,300.0,30.0,,,2.0,5.0,5.0,1.0,1.0,5.0,5.0,4.0,5.0,5.0,5.0,,5.0,,,,,4.0,5.0,5.0,6.0,,1.0,6.0,5.0,5.0,5.0,3.0,5.0,6.0,6.0,60.0,60.0,45.0,40.0,65.0,65.0,55.0,75.0,65.0,80.0,4.0,,6.0,1.0,1.0,1.0,1.0,1.0,1.0,1.0,1.0,1.0,1.0,,,,,,,1.0,1.0,2.0,2.0,2.0,1.0,1.0,2.0,2.0,2.0,2.0,1.0,1.0,2.0,2.0,1.0,2.0,1.0,2.0,2.0,2.0,2.0,2.0,2.0,2.0,2.0,1.0,1.0,2.0,1.0,1.0,1.0,1.0,2.0,2.0,2.0,2.0,1.0,1.0,2.0,,5.0,,,6.0,,20.0,,,,3.0
pid_1908,,1.0,,2.0,2.0,54.0,,,,,1.0,150.0,30.0,,,1.0,4.0,4.0,2.0,2.0,5.0,4.0,2.0,5.0,4.0,5.0,,,5.0,4.0,5.0,3.0,,,,4.0,,1.0,7.0,5.0,5.0,5.0,5.0,5.0,6.0,6.0,60.0,60.0,55.0,45.0,55.0,60.0,50.0,70.0,65.0,75.0,4.0,6.0,,,,,,,,,,,,1.0,1.0,1.0,1.0,1.0,1.0,1.0,1.0,1.0,1.0,1.0,2.0,1.0,1.0,2.0,2.0,1.0,2.0,2.0,2.0,2.0,1.0,2.0,1.0,2.0,1.0,1.0,2.0,2.0,2.0,2.0,1.0,2.0,1.0,1.0,1.0,1.0,1.0,1.0,2.0,1.0,2.0,2.0,1.0,1.0,2.0,,,5.0,,,5.0,16.0,,,,3.0
pid_1909,,1.0,,2.0,,,1.0,30.0,2.0,380.0,,,,70.0,2.0,,4.0,5.0,1.0,1.0,5.0,5.0,4.0,5.0,5.0,5.0,,5.0,,4.0,5.0,3.0,,,,6.0,,2.0,7.0,5.0,5.0,5.0,5.0,5.0,6.0,6.0,60.0,65.0,35.0,35.0,65.0,65.0,55.0,75.0,70.0,80.0,4.0,,7.0,,,,,,,,,,,1.0,1.0,1.0,1.0,1.0,1.0,1.0,1.0,2.0,1.0,1.0,2.0,1.0,2.0,1.0,1.0,2.0,1.0,1.0,2.0,1.0,1.0,2.0,1.0,1.0,2.0,2.0,1.0,1.0,1.0,1.0,1.0,1.0,2.0,1.0,2.0,2.0,1.0,2.0,1.0,2.0,2.0,2.0,1.0,1.0,1.0,,5.0,,,6.0,,,20.0,,,4.0
pid_1910,,2.0,,2.0,,,1.0,20.0,,,1.0,150.0,65.0,,3.0,,2.0,1.0,5.0,4.0,4.0,2.0,1.0,4.0,2.0,4.0,4.0,,,4.0,5.0,3.0,,,,4.0,,1.0,7.0,5.0,5.0,5.0,5.0,5.0,6.0,6.0,55.0,65.0,55.0,45.0,60.0,58.0,50.0,70.0,65.0,75.0,4.0,,7.0,1.0,1.0,1.0,1.0,1.0,1.0,1.0,1.0,1.0,1.0,,,,,,,2.0,1.0,2.0,1.0,2.0,1.0,2.0,1.0,1.0,2.0,2.0,2.0,2.0,2.0,2.0,1.0,1.0,1.0,1.0,1.0,1.0,2.0,1.0,2.0,2.0,1.0,2.0,1.0,1.0,2.0,2.0,2.0,1.0,2.0,2.0,1.0,2.0,2.0,2.0,2.0,4.0,,,5.0,,,,8.0,,,4.0
pid_1911,1.0,,2.0,,2.0,54.0,,,,,1.0,379.0,,70.0,,2.0,5.0,5.0,1.0,1.0,5.0,5.0,4.0,5.0,5.0,5.0,,5.0,,5.0,5.0,2.0,,,,,4.0,1.0,7.0,5.0,5.0,5.0,2.0,5.0,6.0,6.0,55.0,60.0,40.0,35.0,65.0,60.0,45.0,70.0,65.0,80.0,4.0,,6.0,1.0,1.0,1.0,1.0,1.0,1.0,1.0,1.0,1.0,1.0,,,,,,,2.0,2.0,2.0,2.0,2.0,1.0,1.0,2.0,2.0,2.0,2.0,2.0,1.0,2.0,2.0,1.0,2.0,1.0,2.0,2.0,2.0,1.0,2.0,2.0,1.0,1.0,1.0,1.0,1.0,1.0,1.0,1.0,1.0,2.0,2.0,2.0,1.0,2.0,1.0,1.0,,5.0,,,6.0,,18.0,,,6.0,
pid_1912,,1.0,2.0,,2.0,54.0,,,2.0,380.0,,,35.0,,,2.0,4.0,5.0,1.0,1.0,5.0,5.0,4.0,5.0,5.0,5.0,4.0,,,,,,4.0,5.0,5.0,4.0,,2.0,7.0,5.0,5.0,5.0,5.0,6.0,6.0,6.0,55.0,50.0,42.0,38.0,52.0,58.0,48.0,65.0,62.0,72.0,4.0,,6.0,1.0,1.0,1.0,1.0,1.0,1.0,1.0,1.0,1.0,1.0,,,,,,,2.0,2.0,2.0,2.0,2.0,2.0,1.0,1.0,2.0,2.0,1.0,1.0,1.0,1.0,2.0,2.0,1.0,2.0,2.0,2.0,1.0,1.0,1.0,1.0,2.0,2.0,2.0,2.0,1.0,2.0,2.0,2.0,2.0,1.0,1.0,1.0,2.0,2.0,2.0,1.0,4.0,,,5.0,,,,10.0,2.0,,
pid_1913,1.0,,,1.0,2.0,54.0,,,,,1.0,100.0,,70.0,,2.0,5.0,5.0,1.0,1.0,5.0,5.0,5.0,5.0,5.0,5.0,2.0,,,4.0,5.0,3.0,,,,4.0,,1.0,7.0,3.0,5.0,2.0,5.0,6.0,6.0,6.0,65.0,65.0,45.0,40.0,55.0,65.0,55.0,75.0,65.0,80.0,4.0,,6.0,,,,,,,,,,,1.0,1.0,1.0,1.0,1.0,1.0,2.0,2.0,1.0,1.0,2.0,2.0,2.0,2.0,2.0,2.0,2.0,1.0,1.0,1.0,2.0,1.0,2.0,2.0,2.0,1.0,2.0,2.0,1.0,1.0,1.0,2.0,2.0,2.0,2.0,2.0,2.0,1.0,1.0,1.0,1.0,1.0,2.0,2.0,2.0,2.0,5.0,,,6.0,,,16.0,,,9.0,
pid_1914,1.0,,,2.0,,,1.0,54.0,2.0,380.0,,,30.0,,2.0,,4.0,5.0,1.0,1.0,5.0,5.0,4.0,5.0,5.0,5.0,,,5.0,4.0,3.0,2.0,,,,6.0,,2.0,7.0,5.0,5.0,5.0,3.0,5.0,6.0,6.0,60.0,60.0,45.0,40.0,65.0,62.0,55.0,70.0,65.0,80.0,4.0,6.0,,1.0,1.0,1.0,1.0,1.0,1.0,1.0,1.0,1.0,1.0,,,,,,,1.0,1.0,2.0,1.0,2.0,1.0,1.0,2.0,1.0,1.0,1.0,1.0,2.0,1.0,1.0,1.0,1.0,2.0,2.0,1.0,2.0,2.0,1.0,2.0,2.0,1.0,1.0,2.0,1.0,2.0,2.0,2.0,1.0,1.0,2.0,2.0,2.0,1.0,1.0,1.0,,,5.0,,,6.0,18.0,,3.0,,
pid_1915,1.0,,,2.0,,,1.0,54.0,2.0,380.0,,,,70.0,,3.0,5.0,5.0,1.0,1.0,5.0,5.0,4.0,5.0,5.0,5.0,,5.0,,,,,4.0,5.0,5.0,,4.0,2.0,7.0,5.0,3.0,5.0,5.0,6.0,6.0,6.0,60.0,55.0,45.0,35.0,55.0,60.0,55.0,65.0,65.0,75.0,4.0,,6.0,,,,,,,,,,,1.0,1.0,1.0,1.0,1.0,1.0,2.0,2.0,1.0,1.0,2.0,1.0,2.0,1.0,2.0,2.0,1.0,1.0,2.0,2.0,1.0,2.0,1.0,2.0,1.0,2.0,2.0,2.0,2.0,1.0,1.0,1.0,2.0,2.0,1.0,1.0,2.0,2.0,1.0,1.0,1.0,1.0,2.0,2.0,2.0,2.0,,5.0,,,6.0,,18.0,,1.0,,
pid_1916,1.0,,1.0,,,,1.0,10.0,,,1.0,300.0,,75.0,,1.0,2.0,1.0,5.0,4.0,4.0,4.0,1.0,2.0,2.0,4.0,,5.0,,4.0,5.0,2.0,,,,,4.0,2.0,6.0,5.0,5.0,5.0,5.0,5.0,6.0,6.0,45.0,55.0,55.0,45.0,55.0,55.0,45.0,60.0,65.0,70.0,4.0,,7.0,1.0,1.0,1.0,1.0,1.0,1.0,1.0,1.0,1.0,1.0,,,,,,,1.0,1.0,2.0,2.0,1.0,1.0,1.0,2.0,1.0,2.0,1.0,1.0,2.0,2.0,2.0,2.0,1.0,1.0,2.0,1.0,2.0,2.0,1.0,2.0,2.0,2.0,1.0,1.0,1.0,2.0,1.0,2.0,1.0,1.0,1.0,1.0,2.0,2.0,1.0,1.0,,5.0,,,6.0,,18.0,,2.0,,
pid_1917,,1.0,2.0,,,,1.0,15.0,,,1.0,200.0,,70.0,2.0,,4.0,5.0,1.0,1.0,5.0,5.0,4.0,5.0,5.0,5.0,4.0,,,4.0,5.0,3.0,,,,4.0,,2.0,7.0,5.0,5.0,5.0,5.0,6.0,6.0,6.0,55.0,60.0,35.0,35.0,60.0,65.0,55.0,75.0,65.0,80.0,4.0,6.0,,,,,,,,,,,,1.0,1.0,1.0,1.0,1.0,1.0,2.0,2.0,2.0,1.0,1.0,1.0,2.0,2.0,2.0,2.0,1.0,1.0,2.0,2.0,2.0,2.0,1.0,1.0,2.0,1.0,2.0,2.0,1.0,2.0,2.0,2.0,1.0,1.0,2.0,1.0,2.0,2.0,2.0,2.0,2.0,2.0,1.0,2.0,2.0,2.0,4.0,,,6.0,,,,15.0,,,4.0
pid_1918,,1.0,,2.0,,,1.0,54.0,2.0,370.0,,,,85.0,3.0,,4.0,4.0,2.0,2.0,5.0,5.0,2.0,5.0,4.0,5.0,,,5.0,5.0,5.0,3.0,,,,4.0,,2.0,7.0,5.0,5.0,5.0,5.0,5.0,6.0,6.0,60.0,60.0,45.0,40.0,65.0,65.0,55.0,70.0,65.0,75.0,4.0,6.0,,,,,,,,,,,,1.0,1.0,1.0,1.0,1.0,1.0,1.0,1.0,1.0,2.0,1.0,2.0,1.0,2.0,2.0,1.0,2.0,2.0,1.0,2.0,2.0,2.0,2.0,2.0,2.0,1.0,2.0,1.0,1.0,2.0,2.0,2.0,1.0,1.0,1.0,1.0,2.0,1.0,2.0,2.0,2.0,1.0,2.0,1.0,2.0,2.0,,,5.0,,,5.0,16.0,,,9.0,
pid_1919,,2.0,1.0,,,,1.0,54.0,2.0,379.0,,,,85.0,,2.0,2.0,1.0,5.0,4.0,4.0,2.0,1.0,2.0,2.0,4.0,,4.0,,4.0,5.0,2.0,,,,1.0,,1.0,6.0,5.0,5.0,5.0,5.0,6.0,6.0,6.0,55.0,63.0,65.0,57.0,62.0,58.0,48.0,68.0,64.0,78.0,4.0,,6.0,,,,,,,,,,,1.0,1.0,1.0,1.0,1.0,1.0,1.0,1.0,2.0,2.0,1.0,2.0,2.0,2.0,2.0,1.0,1.0,1.0,2.0,1.0,1.0,1.0,2.0,1.0,1.0,2.0,1.0,1.0,1.0,1.0,1.0,2.0,2.0,2.0,2.0,2.0,1.0,2.0,1.0,2.0,2.0,1.0,2.0,2.0,1.0,1.0,,5.0,,,5.0,,,15.0,,6.0,
pid_1920,,2.0,,2.0,2.0,54.0,,,,,1.0,380.0,,70.0,3.0,,2.0,4.0,4.0,4.0,3.0,2.0,1.0,4.0,4.0,4.0,,5.0,,,,,3.0,4.0,5.0,,4.0,1.0,6.0,5.0,5.0,5.0,5.0,5.0,6.0,6.0,50.0,55.0,60.0,45.0,55.0,60.0,45.0,65.0,65.0,75.0,4.0,6.0,,,,,,,,,,,,1.0,1.0,1.0,1.0,1.0,1.0,1.0,2.0,2.0,1.0,2.0,1.0,1.0,1.0,1.0,1.0,2.0,2.0,1.0,2.0,2.0,2.0,1.0,1.0,2.0,1.0,2.0,1.0,2.0,1.0,1.0,2.0,2.0,1.0,1.0,1.0,1.0,2.0,2.0,2.0,2.0,1.0,1.0,1.0,1.0,2.0,,4.0,,,4.0,,,12.0,2.0,,
pid_1921,1.0,,2.0,,2.0,54.0,,,,,1.0,380.0,,70.0,,2.0,2.0,1.0,5.0,4.0,4.0,4.0,1.0,4.0,2.0,4.0,,5.0,,,,,4.0,5.0,5.0,4.0,,1.0,6.0,5.0,5.0,5.0,5.0,5.0,6.0,6.0,55.0,60.0,60.0,55.0,60.0,65.0,55.0,70.0,65.0,75.0,4.0,,6.0,,,,,,,,,,,1.0,1.0,1.0,1.0,1.0,1.0,2.0,1.0,1.0,2.0,1.0,1.0,2.0,2.0,2.0,1.0,1.0,1.0,2.0,2.0,2.0,1.0,2.0,1.0,2.0,1.0,1.0,2.0,1.0,1.0,2.0,1.0,1.0,2.0,1.0,2.0,1.0,1.0,2.0,1.0,1.0,2.0,2.0,1.0,1.0,2.0,,5.0,,,6.0,,,0.0,1.0,,
pid_1922,,2.0,,2.0,2.0,54.0,,,,,1.0,380.0,,70.0,3.0,,4.0,4.0,2.0,2.0,4.0,4.0,4.0,5.0,4.0,5.0,,5.0,,4.0,5.0,3.0,,,,,4.0,1.0,6.0,5.0,5.0,3.0,5.0,5.0,6.0,6.0,58.0,65.0,45.0,40.0,55.0,60.0,55.0,75.0,70.0,80.0,4.0,6.0,,1.0,1.0,1.0,1.0,1.0,1.0,1.0,1.0,1.0,1.0,,,,,,,1.0,2.0,1.0,2.0,1.0,2.0,1.0,2.0,1.0,2.0,1.0,1.0,1.0,1.0,1.0,1.0,1.0,1.0,2.0,1.0,1.0,1.0,1.0,1.0,2.0,1.0,1.0,1.0,1.0,1.0,2.0,2.0,1.0,1.0,1.0,2.0,1.0,2.0,1.0,2.0,,4.0,,,4.0,,,20.0,2.0,,
pid_1924,1.0,,,2.0,2.0,54.0,,,2.0,379.0,,,,70.0,,2.0,5.0,5.0,1.0,1.0,5.0,5.0,5.0,5.0,5.0,5.0,,,5.0,5.0,5.0,3.0,,,,,4.0,1.0,6.0,3.0,5.0,5.0,5.0,6.0,7.0,6.0,55.0,65.0,35.0,45.0,60.0,65.0,55.0,75.0,70.0,75.0,4.0,,7.0,1.0,1.0,1.0,1.0,1.0,1.0,1.0,1.0,1.0,1.0,,,,,,,1.0,1.0,1.0,1.0,2.0,1.0,1.0,1.0,1.0,2.0,2.0,1.0,2.0,1.0,2.0,2.0,1.0,1.0,2.0,2.0,1.0,1.0,1.0,1.0,1.0,1.0,2.0,1.0,2.0,2.0,2.0,2.0,2.0,2.0,1.0,2.0,2.0,1.0,1.0,1.0,,,5.0,,,6.0,18.0,,3.0,,
pid_1925,,2.0,,2.0,,,1.0,54.0,2.0,380.0,,,,70.0,,2.0,4.0,5.0,5.0,4.0,5.0,4.0,2.0,5.0,2.0,4.0,,,5.0,4.0,5.0,3.0,,,,6.0,,2.0,6.0,5.0,5.0,5.0,3.0,5.0,6.0,6.0,55.0,55.0,50.0,45.0,60.0,58.0,50.0,65.0,65.0,75.0,4.0,,6.0,,,,,,,,,,,1.0,1.0,1.0,1.0,1.0,1.0,1.0,1.0,2.0,1.0,1.0,2.0,1.0,1.0,2.0,2.0,2.0,2.0,2.0,2.0,2.0,2.0,1.0,1.0,1.0,2.0,1.0,1.0,1.0,1.0,1.0,1.0,1.0,1.0,2.0,2.0,2.0,1.0,2.0,2.0,1.0,1.0,1.0,2.0,1.0,1.0,,,4.0,,,5.0,,15.0,,6.0,
pid_1926,,1.0,,2.0,,,1.0,54.0,2.0,380.0,,,,70.0,,2.0,4.0,5.0,1.0,1.0,5.0,5.0,4.0,5.0,5.0,5.0,,,5.0,5.0,5.0,4.0,,,,,4.0,2.0,6.0,5.0,5.0,5.0,3.0,5.0,6.0,6.0,55.0,60.0,45.0,35.0,60.0,65.0,50.0,70.0,65.0,75.0,4.0,,7.0,1.0,1.0,1.0,1.0,1.0,1.0,1.0,1.0,1.0,1.0,,,,,,,1.0,2.0,2.0,1.0,2.0,2.0,1.0,2.0,2.0,2.0,2.0,1.0,2.0,1.0,2.0,2.0,2.0,2.0,2.0,2.0,2.0,2.0,1.0,2.0,2.0,2.0,1.0,1.0,2.0,2.0,2.0,2.0,1.0,1.0,2.0,2.0,2.0,2.0,1.0,2.0,,,5.0,,,6.0,,20.0,,6.0,
pid_1927,1.0,,,2.0,2.0,54.0,,,,,1.0,379.0,,70.0,,2.0,2.0,1.0,5.0,4.0,4.0,2.0,1.0,4.0,2.0,4.0,1.0,,,,,,4.0,5.0,5.0,,4.0,1.0,6.0,5.0,5.0,5.0,5.0,5.0,6.0,6.0,50.0,55.0,45.0,50.0,60.0,55.0,45.0,65.0,60.0,70.0,4.0,,7.0,,,,,,,,,,,1.0,1.0,1.0,1.0,1.0,1.0,2.0,2.0,1.0,2.0,1.0,2.0,1.0,1.0,1.0,2.0,1.0,2.0,1.0,2.0,2.0,2.0,2.0,2.0,1.0,2.0,2.0,2.0,2.0,1.0,1.0,2.0,2.0,1.0,1.0,1.0,2.0,2.0,1.0,1.0,1.0,1.0,1.0,2.0,2.0,2.0,5.0,,,6.0,,,,20.0,,6.0,
pid_1928,,2.0,,2.0,2.0,54.0,,,2.0,379.0,,,,70.0,2.0,,4.0,5.0,1.0,1.0,5.0,5.0,4.0,5.0,5.0,5.0,,,5.0,,,,4.0,3.0,5.0,6.0,,2.0,7.0,5.0,5.0,3.0,5.0,5.0,6.0,6.0,55.0,65.0,40.0,35.0,60.0,55.0,50.0,70.0,70.0,80.0,4.0,,7.0,1.0,1.0,1.0,1.0,1.0,1.0,1.0,1.0,1.0,1.0,,,,,,,1.0,2.0,2.0,1.0,1.0,2.0,1.0,2.0,1.0,2.0,2.0,2.0,2.0,2.0,1.0,1.0,1.0,1.0,2.0,2.0,2.0,2.0,1.0,2.0,2.0,2.0,2.0,1.0,2.0,1.0,2.0,2.0,2.0,2.0,2.0,2.0,2.0,2.0,1.0,1.0,,,5.0,,,6.0,16.0,,,,4.0
pid_1929,1.0,,,2.0,,,1.0,20.0,,,1.0,380.0,,70.0,5.0,,2.0,5.0,5.0,2.0,4.0,4.0,1.0,4.0,2.0,4.0,,5.0,,,,,4.0,5.0,3.0,,4.0,1.0,6.0,5.0,5.0,5.0,3.0,5.0,6.0,6.0,55.0,60.0,55.0,45.0,60.0,65.0,45.0,65.0,65.0,75.0,4.0,7.0,,,,,,,,,,,,1.0,1.0,1.0,1.0,1.0,1.0,2.0,2.0,2.0,1.0,2.0,2.0,2.0,1.0,2.0,1.0,1.0,2.0,1.0,1.0,1.0,1.0,1.0,2.0,2.0,2.0,1.0,1.0,2.0,1.0,1.0,1.0,1.0,2.0,2.0,2.0,1.0,1.0,1.0,2.0,2.0,1.0,1.0,2.0,1.0,1.0,,5.0,,,6.0,,4.0,,,9.0,
pid_1930,,2.0,,2.0,,,1.0,54.0,2.0,380.0,,,,70.0,,4.0,5.0,5.0,1.0,1.0,5.0,5.0,4.0,5.0,5.0,5.0,1.0,,,5.0,4.0,3.0,,,,4.0,,2.0,7.0,5.0,5.0,5.0,5.0,6.0,6.0,6.0,60.0,60.0,45.0,35.0,55.0,60.0,50.0,75.0,65.0,80.0,4.0,,6.0,1.0,1.0,1.0,1.0,1.0,1.0,1.0,1.0,1.0,1.0,,,,,,,2.0,1.0,2.0,2.0,2.0,1.0,1.0,1.0,2.0,2.0,1.0,1.0,2.0,2.0,1.0,2.0,1.0,1.0,2.0,1.0,2.0,1.0,2.0,1.0,2.0,2.0,2.0,1.0,2.0,1.0,1.0,2.0,1.0,2.0,2.0,1.0,1.0,2.0,2.0,2.0,5.0,,,6.0,,,18.0,,,,4.0
pid_1931,,2.0,,2.0,,,1.0,54.0,2.0,379.0,,,,75.0,2.0,,2.0,1.0,5.0,4.0,2.0,2.0,1.0,2.0,1.0,2.0,,5.0,,4.0,5.0,3.0,,,,,4.0,1.0,6.0,5.0,5.0,6.0,5.0,5.0,6.0,5.0,55.0,60.0,55.0,45.0,60.0,60.0,45.0,70.0,65.0,75.0,4.0,7.0,,1.0,1.0,1.0,1.0,1.0,1.0,1.0,1.0,1.0,1.0,,,,,,,2.0,1.0,2.0,1.0,2.0,1.0,1.0,2.0,1.0,1.0,1.0,2.0,2.0,1.0,1.0,1.0,1.0,2.0,1.0,1.0,1.0,1.0,1.0,1.0,2.0,1.0,2.0,1.0,2.0,2.0,2.0,1.0,1.0,1.0,1.0,2.0,1.0,1.0,2.0,1.0,,5.0,,,6.0,,,20.0,1.0,,
pid_1932,,1.0,,2.0,2.0,54.0,,,,,1.0,379.0,,70.0,2.0,,2.0,2.0,5.0,4.0,4.0,2.0,1.0,4.0,2.0,4.0,,5.0,,4.0,5.0,3.0,,,,,6.0,2.0,6.0,5.0,3.0,3.0,5.0,6.0,6.0,6.0,55.0,45.0,62.0,54.0,58.0,60.0,48.0,68.0,65.0,72.0,4.0,,7.0,1.0,1.0,1.0,1.0,1.0,1.0,1.0,1.0,1.0,1.0,,,,,,,1.0,2.0,2.0,1.0,1.0,2.0,2.0,1.0,2.0,1.0,2.0,1.0,2.0,1.0,1.0,1.0,1.0,2.0,2.0,1.0,1.0,2.0,1.0,1.0,1.0,1.0,2.0,2.0,1.0,1.0,1.0,1.0,1.0,1.0,1.0,1.0,1.0,1.0,1.0,1.0,,4.0,,,6.0,,18.0,,2.0,,
pid_1933,1.0,,,2.0,,,1.0,54.0,2.0,380.0,,,,70.0,3.0,,4.0,5.0,1.0,1.0,5.0,5.0,4.0,5.0,5.0,5.0,2.0,,,5.0,5.0,2.0,,,,,5.0,2.0,6.0,5.0,3.0,5.0,3.0,5.0,6.0,6.0,65.0,62.0,35.0,38.0,70.0,68.0,55.0,75.0,70.0,82.0,4.0,6.0,,1.0,1.0,1.0,1.0,1.0,1.0,1.0,1.0,1.0,1.0,,,,,,,2.0,2.0,1.0,1.0,2.0,2.0,2.0,1.0,2.0,1.0,1.0,1.0,2.0,1.0,1.0,2.0,2.0,2.0,1.0,2.0,2.0,1.0,1.0,2.0,1.0,1.0,1.0,1.0,1.0,1.0,2.0,2.0,1.0,2.0,2.0,2.0,1.0,1.0,2.0,2.0,4.0,,,6.0,,,16.0,,3.0,,
pid_1934,1.0,,1.0,,,,1.0,54.0,,,1.0,380.0,,85.0,2.0,,5.0,5.0,1.0,1.0,5.0,5.0,4.0,5.0,5.0,5.0,1.0,,,,,,4.0,5.0,5.0,,4.0,1.0,6.0,5.0,5.0,3.0,5.0,6.0,6.0,6.0,60.0,65.0,30.0,40.0,60.0,65.0,55.0,70.0,70.0,75.0,4.0,,6.0,,,,,,,,,,,1.0,1.0,1.0,1.0,1.0,1.0,1.0,2.0,1.0,2.0,1.0,1.0,1.0,2.0,1.0,2.0,2.0,2.0,1.0,1.0,1.0,1.0,2.0,1.0,1.0,1.0,1.0,1.0,1.0,1.0,2.0,1.0,1.0,1.0,1.0,2.0,2.0,2.0,2.0,1.0,2.0,1.0,1.0,1.0,1.0,1.0,5.0,,,6.0,,,15.0,,3.0,,
pid_1935,1.0,,,2.0,2.0,54.0,,,,,1.0,379.0,,70.0,2.0,,2.0,2.0,5.0,4.0,4.0,4.0,1.0,4.0,2.0,4.0,,5.0,,4.0,5.0,2.0,,,,,4.0,2.0,6.0,5.0,5.0,5.0,5.0,6.0,6.0,6.0,55.0,50.0,65.0,55.0,60.0,58.0,48.0,68.0,62.0,75.0,4.0,6.0,,1.0,1.0,1.0,1.0,1.0,1.0,1.0,1.0,1.0,1.0,,,,,,,2.0,1.0,2.0,2.0,1.0,2.0,1.0,2.0,2.0,1.0,2.0,1.0,1.0,2.0,2.0,2.0,2.0,1.0,2.0,2.0,1.0,1.0,2.0,2.0,2.0,1.0,2.0,1.0,2.0,1.0,2.0,1.0,2.0,2.0,2.0,2.0,1.0,1.0,1.0,1.0,,4.0,,,6.0,,,12.0,,6.0,
pid_1936,,1.0,1.0,,2.0,54.0,,,,,1.0,100.0,30.0,,,3.0,2.0,4.0,5.0,4.0,4.0,2.0,1.0,4.0,2.0,4.0,,5.0,,,,,4.0,5.0,2.0,4.0,,2.0,6.0,5.0,5.0,6.0,3.0,5.0,6.0,6.0,50.0,60.0,55.0,45.0,55.0,55.0,45.0,65.0,65.0,75.0,4.0,6.0,,,,,,,,,,,,1.0,1.0,1.0,1.0,1.0,1.0,1.0,1.0,1.0,1.0,2.0,2.0,1.0,2.0,1.0,1.0,1.0,1.0,1.0,2.0,1.0,2.0,1.0,1.0,2.0,1.0,2.0,1.0,2.0,1.0,1.0,1.0,1.0,2.0,1.0,1.0,2.0,2.0,1.0,1.0,1.0,2.0,1.0,1.0,2.0,1.0,,5.0,,,6.0,,,10.0,,,3.0
pid_1937,,1.0,,2.0,,,1.0,54.0,,,1.0,380.0,,70.0,,1.0,4.0,5.0,1.0,2.0,5.0,5.0,4.0,5.0,5.0,5.0,,5.0,,4.0,5.0,3.0,,,,,4.0,1.0,7.0,5.0,5.0,6.0,5.0,6.0,6.0,6.0,55.0,65.0,50.0,40.0,60.0,58.0,55.0,75.0,70.0,80.0,4.0,,7.0,,,,,,,,,,,1.0,1.0,1.0,1.0,1.0,1.0,1.0,1.0,2.0,1.0,1.0,2.0,1.0,2.0,1.0,1.0,1.0,2.0,1.0,1.0,1.0,2.0,2.0,1.0,2.0,2.0,2.0,1.0,1.0,1.0,2.0,2.0,1.0,2.0,1.0,2.0,1.0,1.0,1.0,2.0,2.0,2.0,1.0,1.0,1.0,2.0,,5.0,,,6.0,,,18.0,2.0,,
pid_1938,,1.0,,2.0,2.0,54.0,,,2.0,380.0,,,,80.0,,1.0,5.0,5.0,1.0,1.0,5.0,5.0,4.0,5.0,5.0,5.0,,5.0,,4.0,5.0,3.0,,,,4.0,,1.0,7.0,5.0,5.0,5.0,5.0,6.0,6.0,6.0,60.0,65.0,45.0,40.0,65.0,65.0,55.0,75.0,70.0,80.0,4.0,6.0,,1.0,1.0,1.0,1.0,1.0,1.0,1.0,1.0,1.0,1.0,,,,,,,1.0,2.0,2.0,1.0,2.0,2.0,1.0,2.0,1.0,1.0,2.0,2.0,1.0,1.0,2.0,2.0,1.0,1.0,1.0,2.0,1.0,2.0,1.0,1.0,1.0,1.0,1.0,2.0,1.0,1.0,2.0,2.0,1.0,1.0,2.0,2.0,1.0,2.0,1.0,1.0,,5.0,,,6.0,,18.0,,3.0,,
pid_1939,,1.0,1.0,,2.0,54.0,,,,,1.0,380.0,40.0,,,1.0,4.0,4.0,2.0,2.0,4.0,4.0,3.0,5.0,4.0,4.0,,,5.0,4.0,5.0,,,,,,4.0,1.0,6.0,5.0,5.0,5.0,3.0,5.0,6.0,5.0,55.0,55.0,45.0,40.0,60.0,58.0,48.0,65.0,60.0,75.0,4.0,,6.0,1.0,1.0,1.0,1.0,1.0,1.0,1.0,1.0,1.0,1.0,,,,,,,1.0,1.0,1.0,2.0,1.0,1.0,1.0,2.0,2.0,2.0,2.0,1.0,2.0,2.0,2.0,2.0,1.0,1.0,1.0,1.0,2.0,2.0,2.0,2.0,2.0,2.0,1.0,1.0,1.0,2.0,1.0,2.0,1.0,1.0,2.0,1.0,2.0,1.0,1.0,2.0,,,5.0,,,6.0,15.0,,3.0,,
pid_1940,,1.0,,2.0,,,1.0,54.0,2.0,380.0,,,30.0,,,3.0,2.0,1.0,5.0,4.0,2.0,2.0,1.0,2.0,2.0,4.0,1.0,,,,,,4.0,5.0,5.0,4.0,,1.0,6.0,5.0,5.0,3.0,5.0,5.0,6.0,6.0,55.0,60.0,65.0,55.0,55.0,60.0,45.0,65.0,65.0,80.0,4.0,,6.0,1.0,1.0,1.0,1.0,1.0,1.0,1.0,1.0,1.0,1.0,,,,,,,2.0,2.0,1.0,1.0,2.0,2.0,2.0,1.0,1.0,2.0,2.0,1.0,2.0,1.0,2.0,2.0,2.0,1.0,2.0,2.0,2.0,1.0,2.0,1.0,1.0,1.0,1.0,2.0,2.0,1.0,1.0,1.0,2.0,1.0,1.0,1.0,2.0,1.0,1.0,1.0,4.0,,,6.0,,,18.0,,2.0,,
pid_1941,1.0,,,2.0,,,1.0,40.0,,,1.0,300.0,30.0,,1.0,,2.0,1.0,5.0,4.0,4.0,2.0,1.0,4.0,2.0,4.0,1.0,,,,,,4.0,5.0,5.0,,4.0,1.0,7.0,5.0,5.0,5.0,3.0,5.0,6.0,6.0,50.0,60.0,65.0,55.0,60.0,60.0,45.0,65.0,65.0,75.0,4.0,,6.0,,,,,,,,,,,1.0,1.0,1.0,1.0,1.0,1.0,1.0,2.0,1.0,2.0,2.0,2.0,2.0,1.0,2.0,2.0,2.0,1.0,2.0,2.0,1.0,2.0,2.0,2.0,2.0,1.0,1.0,2.0,1.0,2.0,1.0,1.0,1.0,1.0,1.0,2.0,1.0,1.0,2.0,1.0,1.0,1.0,2.0,2.0,2.0,2.0,5.0,,,6.0,,,18.0,,,,3.0
pid_1942,1.0,,,2.0,2.0,54.0,,,,,1.0,379.0,30.0,,,3.0,2.0,1.0,5.0,4.0,2.0,2.0,1.0,3.0,2.0,4.0,2.0,,,4.0,5.0,3.0,,,,4.0,,2.0,7.0,5.0,5.0,5.0,5.0,6.0,5.0,6.0,55.0,65.0,55.0,45.0,60.0,60.0,45.0,70.0,65.0,80.0,4.0,,6.0,,,,,,,,,,,1.0,1.0,1.0,1.0,1.0,1.0,1.0,1.0,1.0,1.0,2.0,2.0,2.0,1.0,2.0,1.0,2.0,2.0,2.0,1.0,1.0,1.0,2.0,2.0,1.0,2.0,1.0,2.0,1.0,2.0,2.0,2.0,1.0,1.0,1.0,1.0,1.0,1.0,2.0,1.0,2.0,2.0,1.0,2.0,1.0,2.0,4.0,,,5.0,,,,14.0,,5.0,
pid_1943,,1.0,2.0,,,,1.0,54.0,2.0,379.0,,,70.0,,6.0,,4.0,5.0,1.0,1.0,5.0,5.0,5.0,5.0,5.0,5.0,1.0,,,,,,3.0,5.0,5.0,6.0,,1.0,6.0,5.0,5.0,3.0,5.0,6.0,6.0,6.0,55.0,60.0,45.0,35.0,60.0,65.0,55.0,75.0,70.0,80.0,4.0,7.0,,,,,,,,,,,,1.0,1.0,1.0,1.0,1.0,1.0,2.0,1.0,1.0,1.0,1.0,1.0,1.0,1.0,1.0,1.0,2.0,1.0,1.0,2.0,1.0,2.0,2.0,1.0,1.0,1.0,2.0,1.0,1.0,2.0,1.0,1.0,1.0,2.0,1.0,1.0,1.0,1.0,1.0,1.0,2.0,1.0,1.0,2.0,1.0,1.0,5.0,,,6.0,,,17.0,,,10.0,
pid_1944,,2.0,,2.0,,,1.0,54.0,,,1.0,380.0,,70.0,,3.0,4.0,5.0,1.0,1.0,5.0,5.0,4.0,5.0,5.0,5.0,4.0,,,,,,4.0,3.0,4.0,,4.0,1.0,6.0,5.0,5.0,3.0,5.0,6.0,6.0,6.0,60.0,65.0,35.0,40.0,55.0,60.0,50.0,65.0,65.0,75.0,4.0,5.0,,1.0,1.0,1.0,1.0,1.0,1.0,1.0,1.0,1.0,1.0,,,,,,,2.0,1.0,1.0,1.0,1.0,1.0,1.0,1.0,2.0,1.0,1.0,1.0,2.0,1.0,2.0,2.0,1.0,2.0,1.0,1.0,2.0,1.0,2.0,1.0,1.0,2.0,1.0,1.0,1.0,2.0,1.0,1.0,2.0,1.0,2.0,2.0,1.0,1.0,1.0,1.0,5.0,,,5.0,,,15.0,,,9.0,
pid_1945,,2.0,2.0,,,,1.0,54.0,,,1.0,379.0,30.0,,,3.0,4.0,4.0,2.0,2.0,4.0,4.0,3.0,4.0,4.0,4.0,,5.0,,,,,4.0,5.0,3.0,4.0,,1.0,6.0,3.0,5.0,5.0,5.0,5.0,6.0,6.0,55.0,60.0,45.0,40.0,60.0,58.0,50.0,70.0,65.0,75.0,4.0,6.0,,,,,,,,,,,,1.0,1.0,1.0,1.0,1.0,1.0,2.0,1.0,1.0,2.0,2.0,1.0,1.0,2.0,1.0,1.0,1.0,1.0,2.0,1.0,1.0,1.0,1.0,1.0,1.0,1.0,1.0,1.0,1.0,2.0,2.0,1.0,1.0,1.0,2.0,1.0,2.0,2.0,1.0,1.0,1.0,1.0,1.0,2.0,2.0,1.0,,4.0,,,6.0,,,20.0,,7.0,
pid_1946,,1.0,1.0,,2.0,50.0,,,2.0,300.0,,,30.0,,,3.0,5.0,5.0,1.0,1.0,5.0,5.0,5.0,5.0,5.0,5.0,1.0,,,,,,4.0,5.0,5.0,,4.0,1.0,7.0,5.0,5.0,5.0,5.0,6.0,6.0,6.0,55.0,65.0,55.0,45.0,60.0,65.0,55.0,75.0,70.0,80.0,4.0,,6.0,,,,,,,,,,,1.0,1.0,1.0,1.0,1.0,1.0,2.0,1.0,2.0,2.0,2.0,1.0,2.0,2.0,1.0,2.0,2.0,1.0,1.0,2.0,2.0,2.0,1.0,1.0,2.0,2.0,2.0,1.0,2.0,1.0,1.0,1.0,2.0,2.0,2.0,1.0,2.0,2.0,2.0,2.0,2.0,1.0,1.0,2.0,1.0,1.0,5.0,,,6.0,,,15.0,,,,3.0
pid_1947,1.0,,1.0,,2.0,54.0,,,2.0,350.0,,,30.0,,,1.0,4.0,5.0,2.0,2.0,4.0,4.0,2.0,5.0,4.0,5.0,1.0,,,4.0,5.0,2.0,,,,,4.0,1.0,7.0,5.0,5.0,5.0,3.0,6.0,6.0,6.0,55.0,60.0,50.0,35.0,60.0,60.0,50.0,65.0,65.0,75.0,1.0,6.0,,1.0,1.0,1.0,1.0,1.0,1.0,1.0,1.0,1.0,1.0,,,,,,,2.0,1.0,1.0,1.0,2.0,1.0,1.0,2.0,2.0,1.0,2.0,2.0,1.0,1.0,2.0,2.0,2.0,1.0,2.0,1.0,1.0,2.0,1.0,2.0,2.0,2.0,2.0,1.0,2.0,1.0,2.0,1.0,1.0,1.0,2.0,1.0,2.0,1.0,2.0,2.0,5.0,,,5.0,,,18.0,,,6.0,
pid_1948,,2.0,,2.0,2.0,54.0,,,2.0,380.0,,,40.0,,,2.0,4.0,5.0,1.0,1.0,5.0,5.0,4.0,5.0,5.0,5.0,,,4.0,,,,4.0,5.0,5.0,,4.0,2.0,7.0,5.0,5.0,5.0,5.0,5.0,6.0,6.0,55.0,62.0,42.0,38.0,60.0,58.0,52.0,68.0,65.0,78.0,4.0,5.0,,1.0,1.0,1.0,1.0,1.0,1.0,1.0,1.0,1.0,1.0,,,,,,,2.0,2.0,1.0,1.0,1.0,2.0,2.0,1.0,2.0,2.0,2.0,2.0,2.0,2.0,2.0,2.0,2.0,1.0,1.0,1.0,2.0,2.0,2.0,2.0,1.0,2.0,1.0,2.0,1.0,2.0,1.0,2.0,2.0,2.0,1.0,2.0,2.0,2.0,2.0,1.0,,,5.0,,,6.0,,15.0,,9.0,
pid_1949,,2.0,,2.0,2.0,54.0,,,2.0,380.0,,,45.0,,3.0,,5.0,5.0,1.0,1.0,5.0,5.0,5.0,5.0,5.0,5.0,4.0,,,,,,4.0,5.0,5.0,,4.0,1.0,6.0,3.0,5.0,5.0,5.0,6.0,6.0,6.0,65.0,65.0,35.0,40.0,65.0,70.0,55.0,75.0,70.0,80.0,4.0,7.0,,,,,,,,,,,,1.0,1.0,1.0,1.0,1.0,1.0,2.0,1.0,2.0,2.0,2.0,2.0,1.0,2.0,2.0,1.0,2.0,1.0,2.0,1.0,1.0,2.0,2.0,1.0,2.0,2.0,2.0,2.0,2.0,2.0,1.0,1.0,2.0,2.0,1.0,1.0,1.0,2.0,2.0,1.0,2.0,1.0,1.0,1.0,2.0,2.0,5.0,,,6.0,,,18.0,,,,4.0
pid_1950,,2.0,,2.0,2.0,54.0,,,,,1.0,379.0,,70.0,3.0,,5.0,5.0,1.0,1.0,5.0,5.0,5.0,5.0,5.0,5.0,2.0,,,4.0,5.0,2.0,,,,,4.0,2.0,7.0,5.0,5.0,5.0,3.0,5.0,6.0,6.0,60.0,65.0,40.0,35.0,55.0,58.0,55.0,75.0,70.0,80.0,4.0,5.0,,1.0,1.0,1.0,1.0,1.0,1.0,1.0,1.0,1.0,1.0,,,,,,,2.0,1.0,2.0,1.0,2.0,2.0,2.0,1.0,1.0,2.0,2.0,1.0,2.0,2.0,1.0,1.0,1.0,1.0,2.0,1.0,1.0,1.0,2.0,1.0,1.0,2.0,2.0,2.0,2.0,2.0,2.0,2.0,1.0,2.0,2.0,1.0,2.0,1.0,2.0,2.0,4.0,,,5.0,,,17.0,,3.0,,
pid_1951,1.0,,,2.0,2.0,54.0,,,,,1.0,380.0,,70.0,,2.0,4.0,4.0,4.0,2.0,4.0,4.0,2.0,4.0,4.0,4.0,,,4.0,,,,4.0,3.0,5.0,4.0,,1.0,6.0,5.0,5.0,3.0,5.0,5.0,6.0,6.0,55.0,60.0,50.0,45.0,60.0,65.0,45.0,65.0,65.0,75.0,4.0,,6.0,1.0,1.0,1.0,1.0,1.0,1.0,1.0,1.0,1.0,1.0,,,,,,,2.0,2.0,1.0,1.0,1.0,1.0,2.0,1.0,2.0,1.0,1.0,2.0,2.0,2.0,1.0,2.0,2.0,2.0,2.0,1.0,2.0,1.0,2.0,1.0,2.0,1.0,1.0,1.0,2.0,2.0,2.0,1.0,2.0,2.0,2.0,1.0,2.0,2.0,2.0,2.0,,,4.0,,,5.0,,18.0,,6.0,
pid_1952,1.0,,2.0,,2.0,54.0,,,,,1.0,380.0,30.0,,,3.0,4.0,5.0,1.0,1.0,5.0,5.0,4.0,5.0,5.0,5.0,,,5.0,,,,4.0,5.0,5.0,,4.0,2.0,7.0,5.0,5.0,5.0,5.0,5.0,6.0,6.0,55.0,65.0,55.0,40.0,63.0,60.0,50.0,75.0,70.0,80.0,4.0,6.0,,1.0,1.0,1.0,1.0,1.0,1.0,1.0,1.0,1.0,1.0,,,,,,,1.0,2.0,1.0,2.0,1.0,1.0,1.0,2.0,1.0,1.0,2.0,1.0,1.0,2.0,2.0,2.0,1.0,2.0,1.0,2.0,1.0,2.0,1.0,1.0,1.0,2.0,1.0,1.0,1.0,2.0,1.0,2.0,1.0,2.0,2.0,1.0,2.0,2.0,1.0,1.0,,,5.0,,,6.0,18.0,,,,3.0
pid_1953,1.0,,,2.0,2.0,54.0,,,2.0,379.0,,,,70.0,,3.0,5.0,5.0,1.0,1.0,5.0,5.0,4.0,5.0,5.0,5.0,,,5.0,4.0,5.0,2.0,,,,6.0,,1.0,7.0,5.0,5.0,5.0,3.0,5.0,6.0,6.0,65.0,60.0,45.0,35.0,60.0,65.0,55.0,75.0,65.0,80.0,4.0,,6.0,1.0,1.0,1.0,1.0,1.0,1.0,1.0,1.0,1.0,1.0,,,,,,,1.0,1.0,2.0,1.0,2.0,1.0,1.0,1.0,2.0,1.0,2.0,1.0,2.0,1.0,2.0,2.0,2.0,2.0,1.0,2.0,2.0,2.0,2.0,2.0,2.0,2.0,2.0,2.0,1.0,2.0,1.0,2.0,1.0,2.0,1.0,2.0,2.0,2.0,1.0,1.0,,,5.0,,,6.0,,0.0,,,4.0
pid_1954,,1.0,,2.0,,,1.0,54.0,,,1.0,379.0,,70.0,3.0,,4.0,5.0,1.0,1.0,5.0,5.0,4.0,5.0,5.0,5.0,,5.0,,,,,4.0,5.0,3.0,,4.0,2.0,6.0,3.0,5.0,5.0,5.0,6.0,6.0,6.0,55.0,60.0,40.0,35.0,60.0,65.0,55.0,70.0,65.0,75.0,4.0,6.0,,1.0,1.0,1.0,1.0,1.0,1.0,1.0,1.0,1.0,1.0,,,,,,,1.0,1.0,1.0,2.0,1.0,1.0,2.0,1.0,2.0,1.0,1.0,1.0,2.0,1.0,2.0,1.0,2.0,1.0,1.0,2.0,2.0,1.0,2.0,2.0,1.0,2.0,2.0,1.0,2.0,1.0,2.0,1.0,2.0,2.0,1.0,1.0,1.0,1.0,2.0,1.0,,5.0,,,6.0,,,0.0,,,3.0
pid_1955,,1.0,1.0,,2.0,54.0,,,2.0,379.0,,,,75.0,1.0,,4.0,4.0,4.0,4.0,5.0,4.0,2.0,5.0,4.0,5.0,4.0,,,4.0,5.0,2.0,,,,,4.0,1.0,6.0,5.0,5.0,5.0,3.0,6.0,6.0,6.0,60.0,55.0,60.0,45.0,55.0,65.0,48.0,70.0,65.0,75.0,4.0,,7.0,1.0,1.0,1.0,1.0,1.0,1.0,1.0,1.0,1.0,1.0,,,,,,,1.0,1.0,1.0,1.0,2.0,1.0,2.0,1.0,2.0,1.0,2.0,1.0,1.0,2.0,1.0,2.0,1.0,1.0,2.0,1.0,2.0,1.0,2.0,2.0,2.0,2.0,1.0,1.0,1.0,2.0,1.0,1.0,2.0,1.0,1.0,1.0,2.0,2.0,1.0,1.0,4.0,,,6.0,,,17.0,,,,4.0
pid_1956,1.0,,,2.0,2.0,54.0,,,2.0,380.0,,,,70.0,3.0,,4.0,5.0,1.0,1.0,5.0,5.0,5.0,5.0,5.0,5.0,,,5.0,5.0,5.0,3.0,,,,6.0,,2.0,7.0,5.0,5.0,5.0,3.0,5.0,6.0,6.0,55.0,60.0,35.0,35.0,58.0,60.0,55.0,70.0,65.0,75.0,4.0,,6.0,1.0,1.0,1.0,1.0,1.0,1.0,1.0,1.0,1.0,1.0,,,,,,,2.0,2.0,1.0,2.0,2.0,2.0,1.0,1.0,2.0,2.0,2.0,2.0,2.0,2.0,1.0,2.0,2.0,1.0,2.0,2.0,1.0,2.0,2.0,1.0,1.0,2.0,2.0,2.0,2.0,1.0,1.0,2.0,1.0,2.0,2.0,2.0,1.0,2.0,2.0,2.0,,,5.0,,,6.0,,15.0,,6.0,
pid_1957,,1.0,,2.0,,,1.0,54.0,,,1.0,380.0,,75.0,2.0,,4.0,5.0,2.0,1.0,5.0,4.0,4.0,5.0,4.0,5.0,4.0,,,4.0,5.0,3.0,,,,4.0,,1.0,6.0,5.0,5.0,5.0,5.0,6.0,6.0,6.0,60.0,65.0,50.0,35.0,65.0,65.0,55.0,75.0,65.0,75.0,4.0,,6.0,,,,,,,,,,,1.0,1.0,1.0,1.0,1.0,1.0,2.0,2.0,2.0,2.0,2.0,2.0,1.0,1.0,2.0,2.0,1.0,1.0,2.0,1.0,2.0,1.0,1.0,2.0,1.0,1.0,1.0,1.0,1.0,1.0,1.0,1.0,1.0,2.0,1.0,1.0,2.0,1.0,2.0,2.0,2.0,2.0,2.0,2.0,1.0,2.0,5.0,,,6.0,,,18.0,,,,4.0
pid_1958,1.0,,1.0,,,,1.0,54.0,2.0,380.0,,,,85.0,,1.0,4.0,1.0,5.0,5.0,4.0,5.0,1.0,2.0,1.0,4.0,2.0,,,,,,4.0,5.0,5.0,4.0,,2.0,7.0,5.0,5.0,6.0,5.0,5.0,6.0,6.0,55.0,52.0,58.0,55.0,62.0,60.0,48.0,68.0,65.0,75.0,4.0,6.0,,,,,,,,,,,,1.0,1.0,1.0,1.0,1.0,1.0,1.0,2.0,2.0,2.0,1.0,1.0,2.0,1.0,1.0,1.0,2.0,2.0,2.0,1.0,2.0,1.0,1.0,1.0,2.0,1.0,1.0,1.0,1.0,2.0,2.0,2.0,2.0,2.0,2.0,1.0,2.0,1.0,2.0,2.0,1.0,2.0,1.0,1.0,1.0,1.0,5.0,,,6.0,,,,20.0,,,3.0
pid_1959,1.0,,1.0,,,,1.0,54.0,,,1.0,100.0,40.0,,3.0,,4.0,5.0,2.0,2.0,5.0,5.0,2.0,5.0,4.0,5.0,,,5.0,,,,4.0,3.0,5.0,,4.0,2.0,6.0,5.0,3.0,5.0,6.0,5.0,6.0,5.0,55.0,60.0,50.0,48.0,62.0,65.0,52.0,70.0,65.0,75.0,4.0,,6.0,,,,,,,,,,,1.0,1.0,1.0,1.0,1.0,1.0,2.0,2.0,2.0,1.0,1.0,2.0,1.0,1.0,1.0,1.0,2.0,1.0,1.0,2.0,2.0,2.0,2.0,2.0,1.0,1.0,2.0,2.0,1.0,2.0,1.0,2.0,1.0,1.0,2.0,1.0,1.0,2.0,1.0,2.0,1.0,1.0,1.0,2.0,2.0,2.0,,,5.0,,,6.0,18.0,,3.0,,
pid_1960,1.0,,2.0,,,,1.0,54.0,2.0,380.0,,,30.0,,,2.0,4.0,5.0,1.0,1.0,5.0,5.0,4.0,5.0,5.0,5.0,,5.0,,4.0,5.0,2.0,,,,,4.0,2.0,6.0,5.0,5.0,5.0,5.0,5.0,6.0,5.0,65.0,65.0,40.0,35.0,60.0,62.0,55.0,75.0,70.0,80.0,4.0,6.0,,1.0,1.0,1.0,1.0,1.0,1.0,1.0,1.0,1.0,1.0,,,,,,,2.0,2.0,1.0,2.0,2.0,2.0,1.0,2.0,2.0,1.0,2.0,1.0,1.0,1.0,1.0,2.0,2.0,2.0,2.0,1.0,1.0,2.0,2.0,1.0,1.0,2.0,2.0,1.0,1.0,1.0,2.0,2.0,1.0,2.0,2.0,2.0,1.0,1.0,2.0,2.0,,5.0,,,6.0,,18.0,,3.0,,
pid_1961,1.0,,1.0,,2.0,54.0,,,2.0,380.0,,,30.0,,3.0,,4.0,5.0,1.0,1.0,5.0,5.0,4.0,5.0,5.0,5.0,,,5.0,,,,4.0,5.0,5.0,,4.0,1.0,7.0,5.0,5.0,5.0,5.0,5.0,6.0,6.0,65.0,60.0,45.0,35.0,60.0,65.0,55.0,75.0,65.0,80.0,4.0,,6.0,,,,,,,,,,,1.0,1.0,1.0,1.0,1.0,1.0,1.0,1.0,1.0,1.0,2.0,1.0,1.0,2.0,2.0,2.0,1.0,1.0,2.0,1.0,1.0,2.0,1.0,1.0,1.0,2.0,2.0,1.0,1.0,1.0,1.0,1.0,2.0,1.0,2.0,2.0,2.0,2.0,2.0,1.0,2.0,2.0,2.0,2.0,1.0,2.0,,,5.0,,,6.0,,0.0,,6.0,
pid_1962,1.0,,1.0,,,,1.0,54.0,,,1.0,380.0,,70.0,,2.0,4.0,4.0,2.0,2.0,5.0,5.0,4.0,5.0,4.0,5.0,,,5.0,4.0,5.0,3.0,,,,,4.0,2.0,7.0,3.0,5.0,5.0,5.0,5.0,6.0,6.0,55.0,55.0,50.0,45.0,60.0,65.0,50.0,70.0,65.0,75.0,4.0,6.0,,,,,,,,,,,,1.0,1.0,1.0,1.0,1.0,1.0,1.0,2.0,2.0,2.0,2.0,1.0,1.0,2.0,1.0,2.0,2.0,2.0,2.0,2.0,1.0,2.0,1.0,2.0,1.0,1.0,2.0,1.0,2.0,2.0,1.0,2.0,2.0,2.0,2.0,2.0,1.0,1.0,2.0,2.0,2.0,1.0,1.0,1.0,2.0,2.0,,,5.0,,,6.0,16.0,,2.0,,
pid_1963,1.0,,1.0,,,,1.0,54.0,,,1.0,379.0,,70.0,1.0,,5.0,5.0,1.0,1.0,5.0,5.0,5.0,5.0,5.0,5.0,,,5.0,4.0,5.0,3.0,,,,,6.0,2.0,7.0,5.0,5.0,5.0,5.0,5.0,6.0,6.0,65.0,65.0,35.0,40.0,60.0,68.0,55.0,75.0,70.0,80.0,4.0,,6.0,1.0,1.0,1.0,1.0,1.0,1.0,1.0,1.0,1.0,1.0,,,,,,,2.0,2.0,2.0,1.0,1.0,1.0,2.0,1.0,2.0,1.0,2.0,2.0,2.0,2.0,2.0,2.0,2.0,2.0,2.0,2.0,2.0,2.0,2.0,1.0,1.0,1.0,1.0,2.0,2.0,1.0,1.0,2.0,1.0,1.0,1.0,2.0,2.0,2.0,2.0,2.0,,,5.0,,,6.0,,20.0,,,4.0
pid_1964,,1.0,2.0,,2.0,54.0,,,2.0,379.0,,,,70.0,3.0,,5.0,5.0,1.0,1.0,5.0,5.0,5.0,5.0,5.0,5.0,2.0,,,5.0,4.0,2.0,,,,,4.0,1.0,7.0,3.0,5.0,3.0,5.0,6.0,6.0,6.0,55.0,65.0,35.0,40.0,60.0,65.0,55.0,75.0,70.0,80.0,4.0,6.0,,1.0,1.0,1.0,1.0,1.0,1.0,1.0,1.0,1.0,1.0,,,,,,,2.0,2.0,1.0,2.0,1.0,2.0,2.0,2.0,1.0,2.0,1.0,2.0,1.0,2.0,2.0,2.0,1.0,1.0,2.0,2.0,1.0,1.0,2.0,1.0,2.0,2.0,2.0,2.0,2.0,2.0,2.0,2.0,1.0,2.0,2.0,2.0,2.0,2.0,2.0,2.0,5.0,,,6.0,,,14.0,,,6.0,
pid_1966,1.0,,,2.0,2.0,54.0,,,2.0,380.0,,,30.0,,3.0,,5.0,5.0,1.0,1.0,5.0,5.0,4.0,5.0,5.0,5.0,,,5.0,5.0,5.0,3.0,,,,,4.0,2.0,7.0,5.0,5.0,5.0,3.0,5.0,6.0,6.0,55.0,55.0,45.0,35.0,50.0,60.0,48.0,70.0,65.0,80.0,4.0,,6.0,1.0,1.0,1.0,1.0,1.0,1.0,1.0,1.0,1.0,1.0,,,,,,,1.0,2.0,1.0,2.0,2.0,1.0,2.0,2.0,1.0,2.0,2.0,1.0,1.0,2.0,2.0,1.0,2.0,2.0,2.0,2.0,2.0,1.0,2.0,1.0,1.0,1.0,2.0,2.0,2.0,1.0,2.0,1.0,2.0,2.0,2.0,2.0,2.0,1.0,2.0,2.0,,,4.0,,,6.0,,5.0,,,4.0
pid_1967,1.0,,1.0,,,,1.0,30.0,,,1.0,200.0,40.0,,2.0,,4.0,5.0,1.0,1.0,5.0,5.0,4.0,5.0,5.0,5.0,4.0,,,,,,4.0,5.0,5.0,4.0,,1.0,7.0,5.0,5.0,5.0,5.0,6.0,6.0,6.0,55.0,55.0,40.0,35.0,60.0,65.0,55.0,70.0,65.0,75.0,4.0,,7.0,,,,,,,,,,,1.0,1.0,1.0,1.0,1.0,1.0,1.0,2.0,1.0,2.0,2.0,1.0,1.0,2.0,1.0,2.0,2.0,2.0,1.0,1.0,2.0,2.0,2.0,1.0,2.0,1.0,2.0,2.0,1.0,2.0,2.0,2.0,1.0,2.0,2.0,2.0,1.0,2.0,2.0,2.0,1.0,1.0,1.0,1.0,2.0,2.0,5.0,,,5.0,,,,18.0,,6.0,
pid_1969,1.0,,1.0,,2.0,54.0,,,2.0,380.0,,,,70.0,,3.0,5.0,5.0,1.0,1.0,5.0,5.0,4.0,5.0,5.0,5.0,,5.0,,4.0,5.0,,,,,,4.0,1.0,7.0,5.0,5.0,5.0,5.0,6.0,6.0,6.0,65.0,65.0,45.0,35.0,60.0,65.0,55.0,75.0,65.0,80.0,4.0,6.0,,,,,,,,,,,,1.0,1.0,1.0,1.0,1.0,1.0,2.0,1.0,2.0,1.0,1.0,1.0,1.0,2.0,2.0,1.0,1.0,1.0,2.0,1.0,1.0,2.0,1.0,2.0,2.0,2.0,1.0,2.0,2.0,1.0,2.0,2.0,2.0,2.0,1.0,1.0,2.0,1.0,2.0,1.0,1.0,2.0,2.0,2.0,1.0,1.0,,5.0,,,6.0,,15.0,,,9.0,
pid_1970,,1.0,1.0,,2.0,54.0,,,2.0,379.0,,,,70.0,,3.0,4.0,5.0,1.0,1.0,5.0,5.0,4.0,5.0,5.0,5.0,,5.0,,4.0,5.0,,,,,4.0,,1.0,6.0,3.0,5.0,5.0,5.0,6.0,6.0,5.0,55.0,65.0,45.0,40.0,60.0,60.0,55.0,75.0,65.0,75.0,4.0,,6.0,1.0,1.0,1.0,1.0,1.0,1.0,1.0,1.0,1.0,1.0,,,,,,,1.0,1.0,1.0,2.0,1.0,2.0,1.0,1.0,2.0,1.0,2.0,2.0,2.0,2.0,1.0,1.0,2.0,2.0,1.0,2.0,1.0,1.0,2.0,1.0,2.0,2.0,1.0,1.0,1.0,1.0,2.0,2.0,2.0,1.0,1.0,2.0,1.0,1.0,2.0,1.0,,5.0,,,6.0,,,15.0,,9.0,
pid_1971,,1.0,,2.0,,,1.0,54.0,,,1.0,379.0,,70.0,,2.0,2.0,1.0,5.0,4.0,2.0,2.0,1.0,2.0,2.0,4.0,,4.0,,,,,4.0,4.0,5.0,4.0,,1.0,7.0,3.0,5.0,5.0,5.0,6.0,5.0,6.0,55.0,60.0,60.0,35.0,60.0,60.0,45.0,65.0,65.0,75.0,4.0,6.0,,1.0,1.0,1.0,1.0,1.0,1.0,1.0,1.0,1.0,1.0,,,,,,,2.0,1.0,1.0,2.0,1.0,1.0,2.0,2.0,2.0,1.0,1.0,1.0,2.0,1.0,2.0,1.0,2.0,1.0,1.0,2.0,2.0,1.0,1.0,1.0,2.0,1.0,2.0,1.0,1.0,2.0,1.0,1.0,2.0,1.0,1.0,2.0,1.0,2.0,2.0,2.0,,4.0,,,5.0,,17.0,,,,4.0
pid_1972,,1.0,,2.0,,,1.0,54.0,,,1.0,250.0,,75.0,,2.0,4.0,5.0,1.0,1.0,5.0,5.0,4.0,5.0,5.0,5.0,4.0,,,,,,4.0,5.0,5.0,4.0,,2.0,6.0,5.0,5.0,3.0,3.0,6.0,6.0,6.0,55.0,55.0,45.0,40.0,65.0,60.0,52.0,68.0,65.0,75.0,4.0,,6.0,,,,,,,,,,,1.0,1.0,1.0,1.0,1.0,1.0,1.0,2.0,1.0,1.0,1.0,2.0,1.0,1.0,2.0,1.0,2.0,1.0,2.0,1.0,2.0,1.0,2.0,1.0,1.0,1.0,2.0,1.0,1.0,2.0,1.0,2.0,1.0,2.0,2.0,2.0,1.0,1.0,1.0,2.0,2.0,2.0,2.0,2.0,1.0,2.0,4.0,,,5.0,,,18.0,,,6.0,
pid_1973,1.0,,,2.0,,,1.0,54.0,2.0,380.0,,,,70.0,,3.0,4.0,5.0,1.0,1.0,5.0,5.0,4.0,5.0,5.0,5.0,,,5.0,,,,3.0,4.0,5.0,6.0,,2.0,7.0,3.0,4.0,5.0,5.0,5.0,6.0,6.0,55.0,65.0,45.0,35.0,65.0,60.0,48.0,70.0,65.0,80.0,4.0,5.0,,1.0,1.0,1.0,1.0,1.0,1.0,1.0,1.0,1.0,1.0,,,,,,,1.0,2.0,1.0,2.0,2.0,2.0,2.0,2.0,2.0,1.0,2.0,1.0,1.0,1.0,2.0,1.0,1.0,2.0,1.0,2.0,1.0,1.0,1.0,2.0,2.0,2.0,1.0,2.0,1.0,1.0,2.0,1.0,1.0,2.0,2.0,2.0,1.0,1.0,2.0,2.0,,,5.0,,,6.0,,15.0,2.0,,
pid_1974,1.0,,,2.0,,,1.0,25.0,,,1.0,200.0,,75.0,3.0,,4.0,5.0,2.0,2.0,5.0,5.0,2.0,5.0,5.0,5.0,,,4.0,,,,4.0,5.0,5.0,,4.0,1.0,6.0,5.0,5.0,5.0,6.0,5.0,6.0,6.0,65.0,58.0,48.0,45.0,60.0,62.0,48.0,72.0,68.0,78.0,4.0,,6.0,,,,,,,,,,,1.0,1.0,1.0,1.0,1.0,1.0,2.0,2.0,2.0,2.0,2.0,1.0,2.0,1.0,2.0,2.0,1.0,2.0,1.0,1.0,2.0,2.0,1.0,2.0,1.0,1.0,2.0,2.0,2.0,1.0,2.0,2.0,1.0,1.0,1.0,2.0,1.0,2.0,1.0,1.0,1.0,1.0,1.0,2.0,2.0,2.0,,,5.0,,,6.0,,20.0,,4.0,
pid_1975,1.0,,,2.0,,,1.0,30.0,2.0,350.0,,,30.0,,,3.0,4.0,5.0,1.0,1.0,5.0,5.0,4.0,5.0,5.0,5.0,,,5.0,4.0,5.0,2.0,,,,,4.0,1.0,7.0,5.0,5.0,5.0,5.0,5.0,6.0,6.0,55.0,65.0,45.0,40.0,60.0,65.0,50.0,65.0,65.0,80.0,4.0,6.0,,,,,,,,,,,,1.0,1.0,1.0,1.0,1.0,1.0,1.0,2.0,1.0,2.0,2.0,1.0,1.0,1.0,2.0,1.0,2.0,1.0,2.0,2.0,1.0,2.0,1.0,2.0,1.0,2.0,1.0,1.0,1.0,1.0,2.0,1.0,2.0,2.0,2.0,1.0,1.0,2.0,2.0,2.0,1.0,1.0,2.0,2.0,1.0,2.0,,,4.0,,,6.0,18.0,,2.0,,
pid_1976,,1.0,,2.0,,,1.0,54.0,2.0,380.0,,,,85.0,1.0,,2.0,4.0,5.0,4.0,3.0,2.0,1.0,4.0,2.0,4.0,,,5.0,4.0,5.0,3.0,,,,6.0,,1.0,6.0,5.0,5.0,5.0,5.0,6.0,6.0,6.0,55.0,60.0,55.0,45.0,50.0,58.0,45.0,65.0,60.0,75.0,4.0,6.0,,1.0,1.0,1.0,1.0,1.0,1.0,1.0,1.0,1.0,1.0,,,,,,,2.0,2.0,2.0,2.0,1.0,1.0,2.0,1.0,1.0,2.0,2.0,1.0,2.0,2.0,1.0,1.0,2.0,2.0,1.0,1.0,1.0,1.0,2.0,2.0,1.0,1.0,1.0,1.0,2.0,1.0,1.0,1.0,1.0,1.0,1.0,2.0,1.0,2.0,1.0,2.0,,,5.0,,,6.0,15.0,,,6.0,
pid_1977,,1.0,,2.0,,,1.0,54.0,2.0,379.0,,,,70.0,3.0,,2.0,2.0,4.0,4.0,4.0,3.0,1.0,4.0,2.0,4.0,,5.0,,,,,4.0,3.0,5.0,,4.0,2.0,6.0,5.0,3.0,5.0,5.0,5.0,6.0,6.0,45.0,55.0,60.0,45.0,55.0,50.0,45.0,70.0,55.0,75.0,4.0,,6.0,,,,,,,,,,,1.0,1.0,1.0,1.0,1.0,1.0,1.0,1.0,2.0,2.0,2.0,1.0,1.0,1.0,2.0,2.0,2.0,2.0,2.0,1.0,2.0,2.0,2.0,2.0,2.0,1.0,2.0,1.0,1.0,1.0,2.0,2.0,1.0,1.0,2.0,2.0,2.0,2.0,2.0,2.0,1.0,2.0,2.0,1.0,2.0,1.0,,5.0,,,5.0,,18.0,,,9.0,
pid_1978,1.0,,2.0,,,,1.0,54.0,,,1.0,380.0,30.0,,3.0,,4.0,5.0,1.0,1.0,5.0,5.0,4.0,5.0,5.0,5.0,,,5.0,4.0,5.0,3.0,,,,5.0,,1.0,6.0,5.0,5.0,5.0,3.0,5.0,6.0,6.0,65.0,65.0,40.0,35.0,55.0,65.0,55.0,75.0,70.0,80.0,4.0,,6.0,,,,,,,,,,,1.0,1.0,1.0,1.0,1.0,1.0,1.0,1.0,1.0,1.0,1.0,2.0,2.0,1.0,1.0,2.0,1.0,2.0,2.0,2.0,1.0,2.0,2.0,1.0,1.0,2.0,1.0,1.0,2.0,1.0,2.0,1.0,2.0,2.0,2.0,1.0,1.0,1.0,1.0,1.0,1.0,2.0,2.0,1.0,2.0,2.0,,,5.0,,,6.0,16.0,,2.0,,
pid_1979,,1.0,,2.0,,,1.0,54.0,2.0,380.0,,,,70.0,2.0,,5.0,5.0,1.0,1.0,5.0,5.0,4.0,5.0,5.0,5.0,,,5.0,4.0,5.0,2.0,,,,5.0,,2.0,7.0,5.0,5.0,5.0,3.0,5.0,6.0,6.0,55.0,60.0,40.0,35.0,60.0,65.0,55.0,70.0,65.0,75.0,4.0,,7.0,,,,,,,,,,,1.0,1.0,1.0,1.0,1.0,1.0,1.0,2.0,1.0,1.0,2.0,1.0,2.0,1.0,2.0,2.0,2.0,2.0,2.0,2.0,1.0,2.0,1.0,2.0,1.0,2.0,2.0,2.0,1.0,1.0,2.0,2.0,2.0,1.0,1.0,2.0,1.0,2.0,1.0,2.0,2.0,2.0,2.0,2.0,2.0,2.0,,,5.0,,,6.0,18.0,,2.0,,
pid_1980,,2.0,1.0,,,,1.0,54.0,2.0,350.0,,,,70.0,2.0,,5.0,5.0,1.0,1.0,5.0,5.0,4.0,5.0,5.0,5.0,1.0,,,4.0,5.0,3.0,,,,,4.0,2.0,7.0,5.0,3.0,5.0,3.0,6.0,6.0,6.0,55.0,65.0,45.0,35.0,60.0,58.0,55.0,75.0,68.0,80.0,4.0,6.0,,,,,,,,,,,,1.0,1.0,1.0,1.0,1.0,1.0,2.0,1.0,1.0,2.0,1.0,1.0,1.0,2.0,2.0,1.0,2.0,2.0,1.0,1.0,1.0,2.0,1.0,2.0,1.0,2.0,2.0,1.0,1.0,2.0,2.0,1.0,1.0,2.0,1.0,1.0,1.0,2.0,2.0,1.0,2.0,1.0,1.0,2.0,2.0,2.0,5.0,,,6.0,,,16.0,,3.0,,
pid_1981,1.0,,2.0,,,,1.0,54.0,2.0,380.0,,,,70.0,2.0,,4.0,5.0,1.0,1.0,5.0,5.0,5.0,5.0,5.0,5.0,2.0,,,,,,4.0,3.0,3.0,,4.0,2.0,6.0,5.0,5.0,5.0,3.0,6.0,5.0,6.0,65.0,,,,55.0,,,,,,4.0,6.0,,1.0,1.0,1.0,1.0,1.0,1.0,1.0,1.0,1.0,1.0,,,,,,,1.0,1.0,2.0,2.0,1.0,2.0,2.0,2.0,2.0,1.0,2.0,2.0,2.0,2.0,1.0,2.0,2.0,2.0,1.0,2.0,2.0,1.0,1.0,2.0,1.0,2.0,2.0,1.0,2.0,1.0,1.0,1.0,2.0,2.0,1.0,1.0,2.0,1.0,1.0,1.0,5.0,,,6.0,,,18.0,,3.0,,
pid_1982,1.0,,1.0,,,,1.0,20.0,2.0,300.0,,,30.0,,1.0,,4.0,4.0,4.0,2.0,4.0,4.0,2.0,5.0,4.0,4.0,,5.0,,4.0,5.0,3.0,,,,4.0,,2.0,7.0,5.0,3.0,5.0,5.0,6.0,6.0,6.0,55.0,60.0,45.0,40.0,50.0,60.0,50.0,70.0,65.0,75.0,4.0,7.0,,,,,,,,,,,,1.0,1.0,1.0,1.0,1.0,1.0,2.0,2.0,2.0,1.0,2.0,1.0,1.0,2.0,2.0,1.0,1.0,1.0,2.0,1.0,2.0,1.0,1.0,1.0,2.0,1.0,2.0,2.0,2.0,1.0,2.0,1.0,2.0,1.0,1.0,1.0,2.0,2.0,2.0,1.0,2.0,2.0,2.0,1.0,1.0,1.0,,4.0,,,6.0,,,8.0,3.0,,
pid_1983,1.0,,,2.0,2.0,54.0,,,,,1.0,380.0,30.0,,,1.0,2.0,4.0,5.0,4.0,4.0,2.0,1.0,3.0,2.0,4.0,,,5.0,4.0,5.0,2.0,,,,6.0,,1.0,6.0,5.0,5.0,5.0,3.0,5.0,6.0,6.0,55.0,60.0,55.0,45.0,60.0,65.0,45.0,65.0,65.0,75.0,4.0,,7.0,1.0,1.0,1.0,1.0,1.0,1.0,1.0,1.0,1.0,1.0,,,,,,,1.0,1.0,2.0,2.0,2.0,1.0,1.0,2.0,1.0,2.0,2.0,1.0,1.0,1.0,1.0,2.0,1.0,1.0,1.0,2.0,2.0,2.0,2.0,2.0,2.0,2.0,2.0,1.0,2.0,1.0,2.0,2.0,2.0,2.0,1.0,2.0,1.0,2.0,1.0,2.0,,,5.0,,,6.0,,20.0,,6.0,
pid_1984,,1.0,,2.0,,,1.0,54.0,2.0,380.0,,,,75.0,,3.0,2.0,1.0,5.0,4.0,4.0,4.0,1.0,4.0,2.0,4.0,,5.0,,4.0,5.0,2.0,,,,,4.0,2.0,6.0,5.0,5.0,5.0,5.0,5.0,6.0,6.0,45.0,65.0,55.0,45.0,55.0,60.0,45.0,70.0,65.0,80.0,4.0,,6.0,1.0,1.0,1.0,1.0,1.0,1.0,1.0,1.0,1.0,1.0,,,,,,,2.0,1.0,1.0,1.0,2.0,2.0,1.0,1.0,1.0,2.0,2.0,2.0,1.0,1.0,2.0,1.0,1.0,1.0,2.0,1.0,2.0,2.0,2.0,1.0,1.0,1.0,1.0,2.0,2.0,1.0,1.0,1.0,2.0,1.0,2.0,1.0,1.0,2.0,1.0,2.0,,4.0,,,6.0,,18.0,,,6.0,
pid_1985,1.0,,,2.0,,,1.0,30.0,,,1.0,300.0,30.0,,,6.0,4.0,5.0,1.0,1.0,5.0,5.0,4.0,5.0,5.0,5.0,4.0,,,,,,4.0,5.0,5.0,,4.0,2.0,6.0,5.0,3.0,5.0,3.0,5.0,6.0,6.0,55.0,60.0,45.0,40.0,60.0,65.0,55.0,70.0,65.0,75.0,4.0,7.0,,,,,,,,,,,,1.0,1.0,1.0,1.0,1.0,1.0,1.0,2.0,2.0,2.0,1.0,2.0,2.0,2.0,2.0,1.0,1.0,2.0,2.0,1.0,1.0,1.0,2.0,2.0,2.0,2.0,1.0,1.0,2.0,2.0,2.0,1.0,1.0,2.0,2.0,2.0,1.0,1.0,2.0,1.0,2.0,2.0,1.0,2.0,2.0,2.0,5.0,,,6.0,,,,20.0,,,3.0
pid_1986,1.0,,,2.0,2.0,54.0,,,2.0,350.0,,,30.0,,2.0,,2.0,1.0,5.0,4.0,3.0,2.0,1.0,4.0,2.0,4.0,,,5.0,,,,4.0,3.0,5.0,6.0,,2.0,6.0,5.0,5.0,5.0,3.0,5.0,6.0,6.0,55.0,55.0,65.0,50.0,60.0,60.0,45.0,70.0,60.0,75.0,4.0,,6.0,1.0,1.0,1.0,1.0,1.0,1.0,1.0,1.0,1.0,1.0,,,,,,,1.0,2.0,1.0,2.0,2.0,2.0,1.0,1.0,1.0,2.0,1.0,2.0,1.0,1.0,1.0,1.0,2.0,1.0,1.0,1.0,2.0,1.0,1.0,2.0,1.0,2.0,1.0,2.0,2.0,1.0,2.0,2.0,2.0,1.0,1.0,1.0,2.0,2.0,1.0,1.0,,,4.0,,,6.0,,0.0,2.0,,
pid_1987,,1.0,,2.0,2.0,54.0,,,2.0,380.0,,,,70.0,,3.0,2.0,2.0,4.0,4.0,3.0,2.0,1.0,4.0,4.0,4.0,,,5.0,4.0,5.0,3.0,,,,,4.0,2.0,6.0,5.0,5.0,5.0,3.0,5.0,6.0,6.0,55.0,55.0,60.0,45.0,60.0,60.0,50.0,65.0,60.0,70.0,4.0,6.0,,1.0,1.0,1.0,1.0,1.0,1.0,1.0,1.0,1.0,1.0,,,,,,,2.0,2.0,2.0,2.0,1.0,2.0,2.0,2.0,2.0,1.0,2.0,1.0,2.0,1.0,1.0,2.0,1.0,2.0,1.0,1.0,2.0,2.0,1.0,1.0,1.0,2.0,2.0,1.0,1.0,1.0,2.0,1.0,2.0,2.0,1.0,1.0,2.0,1.0,1.0,2.0,,,4.0,,,6.0,15.0,,,,4.0
pid_1988,1.0,,1.0,,2.0,54.0,,,,,1.0,380.0,,75.0,2.0,,4.0,5.0,2.0,1.0,5.0,4.0,4.0,5.0,4.0,5.0,2.0,,,4.0,5.0,2.0,,,,4.0,,2.0,6.0,3.0,5.0,5.0,3.0,5.0,6.0,6.0,55.0,65.0,45.0,40.0,60.0,58.0,52.0,70.0,65.0,78.0,4.0,,6.0,,,,,,,,,,,1.0,1.0,1.0,1.0,1.0,1.0,2.0,1.0,2.0,2.0,1.0,2.0,1.0,2.0,1.0,2.0,2.0,2.0,1.0,1.0,2.0,2.0,2.0,1.0,1.0,1.0,2.0,2.0,1.0,1.0,2.0,1.0,1.0,2.0,2.0,2.0,1.0,2.0,1.0,2.0,1.0,1.0,2.0,2.0,2.0,2.0,4.0,,,4.0,,,,5.0,2.0,,
pid_1989,,1.0,,2.0,,,1.0,50.0,,,1.0,380.0,,80.0,2.0,,2.0,2.0,4.0,4.0,4.0,4.0,1.0,4.0,2.0,4.0,,,4.0,,,,4.0,4.0,5.0,,4.0,2.0,6.0,5.0,5.0,5.0,5.0,6.0,6.0,6.0,45.0,50.0,60.0,45.0,50.0,55.0,45.0,65.0,60.0,75.0,4.0,,7.0,,,,,,,,,,,1.0,1.0,1.0,1.0,1.0,1.0,2.0,2.0,2.0,1.0,1.0,1.0,1.0,2.0,1.0,1.0,2.0,1.0,2.0,1.0,1.0,1.0,2.0,1.0,2.0,1.0,1.0,1.0,1.0,2.0,2.0,1.0,2.0,1.0,2.0,1.0,1.0,1.0,1.0,1.0,2.0,1.0,1.0,1.0,1.0,2.0,,,5.0,,,6.0,,8.0,3.0,,
pid_1990,1.0,,1.0,,2.0,54.0,,,,,1.0,379.0,30.0,,,1.0,5.0,5.0,1.0,1.0,5.0,5.0,5.0,5.0,5.0,5.0,,5.0,,,,,4.0,5.0,3.0,4.0,,2.0,6.0,5.0,5.0,5.0,5.0,6.0,6.0,6.0,55.0,55.0,42.0,35.0,58.0,60.0,52.0,70.0,65.0,75.0,4.0,7.0,,,,,,,,,,,,1.0,1.0,1.0,1.0,1.0,1.0,2.0,2.0,2.0,2.0,1.0,1.0,2.0,1.0,2.0,1.0,2.0,1.0,2.0,2.0,2.0,2.0,2.0,2.0,1.0,2.0,1.0,2.0,1.0,2.0,2.0,2.0,1.0,2.0,1.0,2.0,2.0,2.0,2.0,2.0,1.0,1.0,2.0,1.0,1.0,2.0,,5.0,,,6.0,,16.0,,2.0,,
pid_1991,1.0,,,2.0,2.0,54.0,,,,,1.0,380.0,30.0,,3.0,,5.0,5.0,1.0,1.0,5.0,5.0,5.0,5.0,5.0,5.0,,5.0,,,,,4.0,3.0,5.0,,4.0,2.0,7.0,5.0,5.0,5.0,3.0,5.0,6.0,6.0,55.0,60.0,45.0,35.0,60.0,62.0,55.0,70.0,65.0,75.0,4.0,,7.0,1.0,1.0,1.0,1.0,1.0,1.0,1.0,1.0,1.0,1.0,,,,,,,2.0,2.0,1.0,2.0,2.0,2.0,2.0,2.0,2.0,1.0,1.0,2.0,2.0,2.0,2.0,2.0,1.0,2.0,2.0,2.0,2.0,2.0,1.0,2.0,1.0,2.0,2.0,1.0,2.0,2.0,1.0,2.0,2.0,2.0,2.0,2.0,1.0,2.0,1.0,2.0,,5.0,,,6.0,,,15.0,,,3.0
pid_1992,,2.0,,2.0,2.0,54.0,,,,,1.0,379.0,30.0,,2.0,,2.0,1.0,5.0,4.0,3.0,2.0,1.0,2.0,1.0,4.0,,,5.0,,,,4.0,3.0,2.0,,6.0,1.0,7.0,5.0,5.0,6.0,5.0,6.0,6.0,6.0,55.0,55.0,65.0,50.0,60.0,58.0,45.0,70.0,65.0,75.0,4.0,6.0,,,,,,,,,,,,1.0,1.0,1.0,1.0,1.0,1.0,1.0,1.0,2.0,1.0,2.0,2.0,1.0,2.0,1.0,1.0,1.0,2.0,2.0,1.0,2.0,2.0,2.0,1.0,2.0,1.0,1.0,1.0,1.0,2.0,2.0,2.0,2.0,1.0,2.0,1.0,2.0,1.0,2.0,1.0,2.0,2.0,1.0,2.0,2.0,2.0,,,4.0,,,6.0,18.0,,,,3.0
pid_1993,1.0,,,2.0,2.0,54.0,,,2.0,379.0,,,30.0,,,2.0,5.0,5.0,1.0,1.0,5.0,5.0,4.0,5.0,5.0,5.0,,,5.0,,,,4.0,3.0,5.0,6.0,,1.0,7.0,5.0,6.0,6.0,5.0,5.0,6.0,6.0,60.0,65.0,35.0,45.0,65.0,62.0,55.0,72.0,70.0,80.0,4.0,,6.0,,,,,,,,,,,1.0,1.0,1.0,1.0,1.0,1.0,2.0,2.0,2.0,2.0,1.0,2.0,2.0,2.0,1.0,2.0,1.0,2.0,2.0,2.0,1.0,2.0,2.0,2.0,2.0,1.0,2.0,2.0,1.0,1.0,1.0,1.0,1.0,2.0,1.0,2.0,1.0,2.0,2.0,2.0,1.0,1.0,2.0,1.0,1.0,2.0,,,4.0,,,6.0,,20.0,3.0,,
pid_1994,,1.0,1.0,,,,1.0,54.0,2.0,380.0,,,40.0,,2.0,,4.0,5.0,1.0,2.0,4.0,4.0,2.0,5.0,5.0,5.0,,4.0,,,,,3.0,4.0,5.0,4.0,,2.0,6.0,5.0,5.0,5.0,5.0,5.0,6.0,6.0,55.0,65.0,48.0,35.0,60.0,62.0,55.0,72.0,68.0,80.0,4.0,,7.0,,,,,,,,,,,1.0,1.0,1.0,1.0,1.0,1.0,2.0,2.0,2.0,1.0,2.0,2.0,1.0,2.0,2.0,2.0,2.0,1.0,1.0,2.0,1.0,2.0,2.0,2.0,2.0,1.0,1.0,2.0,2.0,1.0,1.0,2.0,2.0,2.0,1.0,2.0,2.0,2.0,2.0,1.0,2.0,1.0,2.0,1.0,2.0,1.0,,4.0,,,6.0,,,20.0,,9.0,
pid_1995,1.0,,2.0,,,,1.0,20.0,,,1.0,200.0,,70.0,,3.0,4.0,5.0,4.0,2.0,5.0,5.0,2.0,5.0,4.0,5.0,,,4.0,,,,4.0,5.0,3.0,,4.0,1.0,7.0,3.0,5.0,5.0,3.0,5.0,6.0,6.0,60.0,60.0,65.0,45.0,58.0,62.0,55.0,70.0,65.0,75.0,4.0,6.0,,1.0,1.0,1.0,1.0,1.0,1.0,1.0,1.0,1.0,1.0,,,,,,,2.0,2.0,2.0,1.0,2.0,1.0,1.0,1.0,1.0,2.0,2.0,2.0,2.0,1.0,1.0,2.0,1.0,2.0,1.0,1.0,2.0,2.0,2.0,2.0,1.0,1.0,1.0,2.0,1.0,2.0,1.0,1.0,1.0,2.0,1.0,1.0,1.0,2.0,1.0,1.0,,,5.0,,,5.0,,8.0,,,6.0
pid_1996,,2.0,1.0,,,,1.0,54.0,,,1.0,379.0,,70.0,,3.0,4.0,4.0,2.0,2.0,4.0,4.0,2.0,5.0,4.0,5.0,,5.0,,4.0,5.0,3.0,,,,,4.0,2.0,6.0,5.0,3.0,5.0,5.0,6.0,6.0,6.0,55.0,60.0,50.0,45.0,60.0,58.0,50.0,70.0,65.0,75.0,4.0,6.0,,1.0,1.0,1.0,1.0,1.0,1.0,1.0,1.0,1.0,1.0,,,,,,,1.0,1.0,2.0,1.0,1.0,2.0,1.0,1.0,2.0,1.0,1.0,2.0,2.0,2.0,2.0,2.0,1.0,1.0,1.0,2.0,2.0,1.0,1.0,1.0,1.0,1.0,2.0,1.0,1.0,2.0,1.0,2.0,2.0,2.0,2.0,2.0,2.0,1.0,1.0,2.0,,4.0,,,6.0,,18.0,,,,3.0
pid_1997,1.0,,2.0,,,,1.0,50.0,,,1.0,300.0,30.0,,2.0,,5.0,5.0,1.0,1.0,5.0,5.0,5.0,5.0,5.0,5.0,,,5.0,4.0,5.0,3.0,,,,,4.0,2.0,7.0,5.0,5.0,5.0,3.0,5.0,6.0,6.0,50.0,65.0,45.0,40.0,55.0,60.0,55.0,75.0,70.0,80.0,4.0,6.0,,,,,,,,,,,,1.0,1.0,1.0,1.0,1.0,1.0,2.0,1.0,2.0,1.0,1.0,2.0,2.0,2.0,1.0,2.0,1.0,1.0,2.0,1.0,1.0,2.0,1.0,1.0,2.0,2.0,2.0,2.0,2.0,1.0,1.0,2.0,1.0,2.0,2.0,2.0,1.0,2.0,2.0,1.0,2.0,2.0,2.0,1.0,1.0,2.0,,,5.0,,,6.0,18.0,,,9.0,
pid_1998,,1.0,1.0,,,,1.0,54.0,2.0,380.0,,,30.0,,,2.0,4.0,5.0,1.0,1.0,5.0,5.0,4.0,5.0,5.0,5.0,2.0,,,,,,4.0,3.0,5.0,,4.0,1.0,7.0,3.0,5.0,5.0,5.0,5.0,6.0,6.0,65.0,60.0,45.0,40.0,60.0,60.0,55.0,70.0,65.0,75.0,4.0,,6.0,,,,,,,,,,,1.0,1.0,1.0,1.0,1.0,1.0,1.0,2.0,2.0,2.0,1.0,2.0,1.0,2.0,2.0,1.0,1.0,2.0,2.0,2.0,1.0,1.0,1.0,1.0,2.0,1.0,2.0,1.0,1.0,2.0,1.0,1.0,1.0,2.0,1.0,1.0,2.0,1.0,2.0,1.0,1.0,2.0,2.0,2.0,2.0,2.0,5.0,,,6.0,,,18.0,,3.0,,
pid_1999,1.0,,,2.0,2.0,54.0,,,2.0,381.0,,,30.0,,,2.0,4.0,5.0,1.0,1.0,4.0,5.0,4.0,5.0,5.0,5.0,,4.0,,,,,4.0,5.0,5.0,,4.0,2.0,6.0,3.0,5.0,5.0,5.0,6.0,6.0,6.0,65.0,60.0,45.0,35.0,58.0,62.0,55.0,75.0,70.0,82.0,4.0,6.0,,1.0,1.0,1.0,1.0,1.0,1.0,1.0,1.0,1.0,1.0,,,,,,,2.0,1.0,1.0,2.0,1.0,2.0,1.0,2.0,2.0,2.0,1.0,1.0,1.0,2.0,1.0,2.0,2.0,1.0,2.0,1.0,2.0,1.0,1.0,1.0,1.0,2.0,1.0,1.0,1.0,1.0,1.0,1.0,2.0,2.0,2.0,2.0,1.0,2.0,1.0,1.0,,5.0,,,6.0,,16.0,,2.0,,
pid_2000,1.0,,,2.0,2.0,54.0,,,,,1.0,379.0,,75.0,2.0,,4.0,1.0,5.0,4.0,4.0,5.0,1.0,4.0,2.0,4.0,2.0,,,4.0,5.0,,,,,,4.0,2.0,7.0,5.0,5.0,6.0,3.0,5.0,6.0,5.0,55.0,55.0,60.0,45.0,60.0,65.0,45.0,70.0,65.0,75.0,4.0,6.0,,,,,,,,,,,,1.0,1.0,1.0,1.0,1.0,1.0,2.0,1.0,2.0,1.0,1.0,2.0,1.0,1.0,2.0,2.0,1.0,2.0,1.0,1.0,1.0,1.0,2.0,1.0,1.0,1.0,1.0,2.0,1.0,1.0,2.0,1.0,2.0,1.0,1.0,2.0,2.0,1.0,2.0,1.0,1.0,1.0,1.0,1.0,2.0,1.0,4.0,,,5.0,,,,15.0,3.0,,
pid_2001,1.0,,,2.0,2.0,60.0,,,,,1.0,380.0,,70.0,,2.0,5.0,5.0,1.0,1.0,5.0,5.0,4.0,5.0,5.0,5.0,,5.0,,4.0,5.0,3.0,,,,6.0,,2.0,7.0,5.0,5.0,6.0,3.0,5.0,6.0,6.0,65.0,60.0,45.0,35.0,60.0,70.0,55.0,80.0,70.0,80.0,4.0,6.0,,,,,,,,,,,,1.0,1.0,1.0,1.0,1.0,1.0,2.0,2.0,2.0,2.0,2.0,2.0,2.0,1.0,1.0,2.0,2.0,1.0,2.0,1.0,2.0,1.0,2.0,2.0,2.0,1.0,2.0,2.0,1.0,2.0,2.0,2.0,2.0,2.0,2.0,1.0,1.0,1.0,2.0,2.0,2.0,2.0,2.0,1.0,2.0,2.0,,5.0,,,6.0,,16.0,,2.0,,
pid_2002,,2.0,,2.0,,,1.0,54.0,2.0,379.0,,,,70.0,,3.0,2.0,4.0,4.0,4.0,4.0,2.0,1.0,4.0,2.0,4.0,2.0,,,,,,4.0,3.0,5.0,,4.0,2.0,6.0,5.0,5.0,3.0,5.0,6.0,6.0,6.0,50.0,60.0,55.0,45.0,60.0,55.0,45.0,65.0,65.0,75.0,4.0,6.0,,1.0,1.0,1.0,1.0,1.0,1.0,1.0,1.0,1.0,1.0,,,,,,,1.0,1.0,2.0,2.0,2.0,2.0,1.0,2.0,2.0,1.0,2.0,2.0,1.0,2.0,1.0,1.0,2.0,2.0,2.0,1.0,1.0,1.0,2.0,1.0,2.0,2.0,1.0,2.0,2.0,1.0,2.0,2.0,1.0,1.0,2.0,1.0,1.0,2.0,1.0,1.0,4.0,,,5.0,,,18.0,,,6.0,
pid_2003,,2.0,2.0,,2.0,54.0,,,2.0,380.0,,,,70.0,3.0,,4.0,1.0,5.0,4.0,4.0,4.0,1.0,4.0,2.0,4.0,2.0,,,,,,4.0,5.0,3.0,,4.0,2.0,7.0,5.0,5.0,6.0,5.0,6.0,6.0,6.0,55.0,60.0,55.0,50.0,60.0,65.0,55.0,70.0,65.0,80.0,4.0,,6.0,,,,,,,,,,,1.0,1.0,1.0,1.0,1.0,1.0,2.0,2.0,2.0,1.0,1.0,1.0,1.0,1.0,1.0,2.0,1.0,1.0,1.0,1.0,1.0,2.0,1.0,2.0,1.0,2.0,1.0,1.0,1.0,2.0,2.0,2.0,1.0,2.0,2.0,2.0,2.0,2.0,1.0,1.0,2.0,1.0,1.0,2.0,1.0,2.0,4.0,,,5.0,,,,20.0,2.0,,
pid_2004,,1.0,1.0,,,,1.0,40.0,2.0,380.0,,,50.0,,,3.0,2.0,1.0,5.0,4.0,2.0,2.0,1.0,2.0,1.0,4.0,,,5.0,4.0,5.0,3.0,,,,4.0,,2.0,6.0,3.0,5.0,5.0,5.0,6.0,6.0,6.0,50.0,60.0,65.0,45.0,55.0,60.0,45.0,65.0,60.0,75.0,4.0,,6.0,1.0,1.0,1.0,1.0,1.0,1.0,1.0,1.0,1.0,1.0,,,,,,,1.0,2.0,2.0,1.0,2.0,1.0,1.0,2.0,1.0,1.0,2.0,1.0,2.0,2.0,2.0,1.0,1.0,2.0,2.0,2.0,1.0,1.0,2.0,1.0,2.0,2.0,2.0,2.0,1.0,1.0,2.0,2.0,1.0,1.0,1.0,1.0,2.0,2.0,1.0,1.0,,,5.0,,,5.0,,20.0,,,3.0
pid_2005,,2.0,2.0,,,,1.0,54.0,2.0,380.0,,,,70.0,,2.0,4.0,5.0,1.0,2.0,5.0,5.0,4.0,5.0,5.0,5.0,1.0,,,,,,3.0,4.0,3.0,,4.0,2.0,7.0,2.0,5.0,5.0,3.0,5.0,6.0,6.0,65.0,60.0,45.0,40.0,60.0,65.0,50.0,70.0,65.0,75.0,4.0,6.0,,,,,,,,,,,,1.0,1.0,1.0,1.0,1.0,1.0,2.0,2.0,2.0,1.0,2.0,2.0,2.0,2.0,2.0,2.0,1.0,2.0,2.0,1.0,1.0,1.0,1.0,1.0,2.0,2.0,1.0,2.0,2.0,1.0,2.0,1.0,2.0,1.0,2.0,2.0,1.0,2.0,2.0,1.0,1.0,1.0,2.0,2.0,1.0,2.0,5.0,,,6.0,,,,20.0,,,3.0
pid_2006,,1.0,,2.0,,,1.0,54.0,2.0,379.0,,,,85.0,,3.0,2.0,1.0,5.0,4.0,2.0,2.0,1.0,2.0,2.0,2.0,,,5.0,4.0,5.0,,,,,6.0,,1.0,6.0,5.0,5.0,3.0,5.0,5.0,6.0,6.0,55.0,65.0,55.0,45.0,60.0,65.0,50.0,70.0,65.0,75.0,4.0,,6.0,1.0,1.0,1.0,1.0,1.0,1.0,1.0,1.0,1.0,1.0,,,,,,,1.0,2.0,1.0,2.0,1.0,1.0,1.0,2.0,2.0,2.0,2.0,1.0,1.0,1.0,2.0,2.0,2.0,1.0,2.0,2.0,1.0,2.0,1.0,2.0,2.0,1.0,2.0,1.0,1.0,2.0,1.0,2.0,2.0,1.0,2.0,2.0,2.0,2.0,1.0,2.0,,,4.0,,,6.0,18.0,,2.0,,
pid_2007,1.0,,1.0,,,,2.0,12.0,,,1.0,379.0,,70.0,2.0,,5.0,5.0,1.0,1.0,5.0,5.0,5.0,5.0,5.0,5.0,1.0,,,,,,4.0,3.0,5.0,6.0,,2.0,7.0,5.0,5.0,5.0,3.0,5.0,6.0,6.0,55.0,65.0,35.0,40.0,60.0,58.0,55.0,70.0,65.0,75.0,4.0,,6.0,1.0,1.0,1.0,1.0,1.0,1.0,1.0,1.0,1.0,1.0,,,,,,,2.0,1.0,2.0,2.0,1.0,1.0,1.0,2.0,2.0,1.0,1.0,2.0,1.0,2.0,2.0,2.0,1.0,2.0,2.0,2.0,1.0,2.0,2.0,1.0,2.0,2.0,2.0,1.0,2.0,1.0,1.0,2.0,1.0,1.0,1.0,1.0,1.0,2.0,1.0,2.0,4.0,,,6.0,,,,20.0,2.0,,
pid_2008,1.0,,,2.0,2.0,54.0,,,2.0,380.0,,,,70.0,2.0,,4.0,5.0,2.0,2.0,5.0,5.0,4.0,5.0,4.0,5.0,,,5.0,,,,4.0,5.0,5.0,,4.0,1.0,6.0,5.0,5.0,5.0,3.0,5.0,6.0,6.0,55.0,55.0,48.0,42.0,60.0,58.0,48.0,65.0,63.0,75.0,4.0,,7.0,,,,,,,,,,,1.0,1.0,1.0,1.0,1.0,1.0,1.0,2.0,2.0,1.0,2.0,2.0,1.0,2.0,2.0,1.0,2.0,2.0,1.0,2.0,1.0,1.0,2.0,2.0,1.0,1.0,2.0,1.0,2.0,1.0,2.0,2.0,2.0,2.0,1.0,2.0,1.0,2.0,2.0,1.0,1.0,2.0,2.0,1.0,2.0,1.0,,,5.0,,,6.0,18.0,,,,3.0
pid_2009,1.0,,2.0,,,,1.0,54.0,,,1.0,380.0,,80.0,,4.0,2.0,1.0,5.0,4.0,2.0,2.0,1.0,3.0,2.0,4.0,,4.0,,,,,4.0,3.0,5.0,4.0,,1.0,6.0,5.0,5.0,5.0,5.0,5.0,6.0,6.0,40.0,55.0,60.0,35.0,45.0,45.0,40.0,65.0,55.0,75.0,4.0,,6.0,1.0,1.0,1.0,1.0,1.0,1.0,1.0,1.0,1.0,1.0,,,,,,,1.0,2.0,1.0,1.0,2.0,2.0,2.0,1.0,1.0,2.0,2.0,1.0,1.0,2.0,2.0,1.0,2.0,2.0,2.0,1.0,1.0,1.0,1.0,2.0,1.0,2.0,1.0,2.0,1.0,1.0,1.0,2.0,1.0,2.0,1.0,2.0,1.0,2.0,2.0,2.0,,5.0,,,6.0,,18.0,,1.0,,
pid_2010,1.0,,1.0,,,,1.0,54.0,2.0,380.0,,,,70.0,2.0,,4.0,5.0,1.0,1.0,5.0,5.0,4.0,5.0,5.0,5.0,,5.0,,5.0,4.0,3.0,,,,6.0,,1.0,6.0,3.0,5.0,5.0,5.0,5.0,6.0,6.0,55.0,58.0,42.0,38.0,60.0,62.0,50.0,72.0,68.0,75.0,4.0,,6.0,,,,,,,,,,,1.0,1.0,1.0,1.0,1.0,1.0,2.0,1.0,1.0,2.0,2.0,1.0,1.0,2.0,1.0,1.0,1.0,2.0,1.0,2.0,1.0,2.0,1.0,1.0,2.0,2.0,2.0,2.0,1.0,1.0,1.0,2.0,1.0,1.0,2.0,1.0,2.0,2.0,2.0,1.0,2.0,2.0,2.0,2.0,1.0,1.0,,5.0,,,6.0,,18.0,,,9.0,
pid_2011,,1.0,,2.0,,,1.0,30.0,2.0,379.0,,,30.0,,,3.0,4.0,5.0,2.0,2.0,5.0,5.0,4.0,5.0,5.0,5.0,4.0,,,,,,4.0,5.0,5.0,,4.0,2.0,6.0,5.0,5.0,5.0,3.0,5.0,6.0,5.0,55.0,62.0,48.0,42.0,60.0,58.0,52.0,70.0,65.0,75.0,4.0,6.0,,1.0,1.0,1.0,1.0,1.0,1.0,1.0,1.0,1.0,1.0,,,,,,,2.0,1.0,2.0,2.0,2.0,1.0,2.0,1.0,2.0,1.0,2.0,1.0,2.0,1.0,1.0,2.0,2.0,1.0,1.0,1.0,1.0,1.0,2.0,2.0,2.0,1.0,1.0,2.0,2.0,1.0,1.0,2.0,2.0,1.0,1.0,2.0,1.0,2.0,1.0,2.0,5.0,,,6.0,,,,20.0,3.0,,
pid_2012,1.0,,2.0,,,,1.0,54.0,2.0,350.0,,,30.0,,,2.0,4.0,2.0,4.0,4.0,4.0,4.0,2.0,4.0,4.0,4.0,,5.0,,,,,3.0,4.0,5.0,4.0,,2.0,6.0,5.0,5.0,5.0,3.0,5.0,6.0,6.0,55.0,55.0,60.0,50.0,60.0,60.0,48.0,70.0,65.0,75.0,4.0,,6.0,,,,,,,,,,,1.0,1.0,1.0,1.0,1.0,1.0,2.0,1.0,2.0,1.0,1.0,1.0,2.0,1.0,2.0,1.0,1.0,2.0,2.0,2.0,2.0,1.0,2.0,2.0,1.0,2.0,1.0,2.0,2.0,2.0,1.0,2.0,1.0,1.0,2.0,1.0,2.0,1.0,1.0,1.0,1.0,2.0,2.0,1.0,2.0,2.0,,5.0,,,6.0,,,18.0,,,4.0
pid_2013,1.0,,,2.0,2.0,50.0,,,,,1.0,120.0,50.0,,3.0,,4.0,5.0,1.0,1.0,5.0,5.0,4.0,5.0,5.0,5.0,4.0,,,4.0,5.0,3.0,,,,,4.0,2.0,7.0,5.0,5.0,5.0,6.0,5.0,6.0,6.0,60.0,60.0,45.0,35.0,55.0,65.0,55.0,70.0,65.0,75.0,4.0,6.0,,,,,,,,,,,,1.0,1.0,1.0,1.0,1.0,1.0,2.0,1.0,2.0,2.0,2.0,2.0,2.0,2.0,1.0,2.0,2.0,2.0,2.0,2.0,2.0,2.0,1.0,1.0,1.0,1.0,2.0,2.0,2.0,2.0,2.0,2.0,1.0,2.0,1.0,2.0,2.0,2.0,2.0,2.0,2.0,2.0,1.0,2.0,2.0,2.0,5.0,,,6.0,,,18.0,,,,3.0
pid_2014,,1.0,,2.0,2.0,54.0,,,2.0,380.0,,,30.0,,2.0,,4.0,5.0,1.0,1.0,5.0,5.0,4.0,5.0,5.0,5.0,4.0,,,,,,4.0,3.0,5.0,4.0,,2.0,7.0,5.0,5.0,6.0,5.0,5.0,6.0,6.0,55.0,65.0,45.0,40.0,60.0,60.0,55.0,70.0,65.0,75.0,4.0,6.0,,,,,,,,,,,,1.0,1.0,1.0,1.0,1.0,1.0,1.0,1.0,2.0,1.0,2.0,1.0,2.0,2.0,2.0,1.0,1.0,1.0,2.0,1.0,1.0,1.0,2.0,1.0,2.0,2.0,2.0,2.0,2.0,2.0,1.0,2.0,1.0,1.0,1.0,1.0,2.0,1.0,1.0,1.0,1.0,1.0,2.0,1.0,2.0,1.0,4.0,,,5.0,,,,5.0,3.0,,
pid_2015,1.0,,1.0,,2.0,54.0,,,2.0,380.0,,,,80.0,2.0,,4.0,5.0,1.0,1.0,5.0,5.0,4.0,5.0,5.0,5.0,,,5.0,4.0,5.0,,,,,,4.0,1.0,7.0,5.0,5.0,3.0,3.0,5.0,6.0,6.0,55.0,62.0,42.0,38.0,60.0,58.0,48.0,68.0,65.0,75.0,4.0,,6.0,,,,,,,,,,,1.0,1.0,1.0,1.0,1.0,1.0,1.0,1.0,2.0,1.0,2.0,2.0,2.0,2.0,1.0,2.0,1.0,2.0,1.0,1.0,2.0,1.0,1.0,2.0,2.0,2.0,1.0,1.0,2.0,2.0,2.0,1.0,2.0,1.0,2.0,1.0,1.0,2.0,2.0,1.0,1.0,2.0,2.0,2.0,2.0,2.0,,,5.0,,,6.0,18.0,,,6.0,
pid_2016,1.0,,,2.0,2.0,54.0,,,,,1.0,379.0,30.0,,,4.0,4.0,2.0,5.0,4.0,5.0,4.0,1.0,4.0,2.0,4.0,,4.0,,4.0,5.0,3.0,,,,,4.0,2.0,6.0,3.0,5.0,6.0,5.0,6.0,6.0,6.0,55.0,65.0,55.0,45.0,65.0,60.0,55.0,70.0,65.0,75.0,4.0,,6.0,1.0,1.0,1.0,1.0,1.0,1.0,1.0,1.0,1.0,1.0,,,,,,,1.0,2.0,1.0,2.0,1.0,1.0,2.0,1.0,1.0,1.0,2.0,2.0,1.0,1.0,2.0,1.0,2.0,2.0,1.0,2.0,2.0,2.0,2.0,1.0,2.0,2.0,1.0,2.0,1.0,2.0,1.0,2.0,2.0,1.0,2.0,2.0,1.0,1.0,1.0,2.0,,5.0,,,6.0,,16.0,,2.0,,
pid_2017,,2.0,2.0,,2.0,54.0,,,,,1.0,380.0,30.0,,,6.0,4.0,5.0,1.0,1.0,5.0,5.0,4.0,5.0,5.0,5.0,4.0,,,,,,4.0,3.0,5.0,,4.0,2.0,6.0,3.0,5.0,5.0,3.0,5.0,6.0,6.0,55.0,60.0,40.0,35.0,60.0,58.0,50.0,70.0,65.0,75.0,4.0,7.0,,1.0,1.0,1.0,1.0,1.0,1.0,1.0,1.0,1.0,1.0,,,,,,,2.0,2.0,1.0,2.0,2.0,2.0,2.0,1.0,1.0,2.0,2.0,1.0,2.0,2.0,2.0,2.0,1.0,1.0,1.0,2.0,2.0,1.0,2.0,2.0,1.0,2.0,2.0,1.0,1.0,1.0,1.0,1.0,1.0,2.0,2.0,1.0,1.0,1.0,2.0,2.0,5.0,,,5.0,,,18.0,,,9.0,
pid_2018,,1.0,,2.0,2.0,54.0,,,2.0,380.0,,,30.0,,5.0,,4.0,4.0,2.0,2.0,4.0,4.0,4.0,5.0,4.0,4.0,4.0,,,4.0,5.0,3.0,,,,4.0,,2.0,6.0,3.0,5.0,5.0,5.0,6.0,6.0,6.0,55.0,60.0,45.0,40.0,60.0,58.0,48.0,70.0,65.0,75.0,4.0,6.0,,1.0,1.0,1.0,1.0,1.0,1.0,1.0,1.0,1.0,1.0,,,,,,,2.0,1.0,2.0,1.0,1.0,1.0,2.0,2.0,2.0,2.0,2.0,2.0,2.0,2.0,1.0,1.0,2.0,1.0,2.0,1.0,2.0,1.0,1.0,2.0,2.0,2.0,1.0,1.0,1.0,2.0,2.0,1.0,2.0,1.0,2.0,2.0,1.0,1.0,1.0,2.0,4.0,,,5.0,,,17.0,,2.0,,
pid_2019,1.0,,,2.0,2.0,54.0,,,,,1.0,380.0,,70.0,2.0,,5.0,5.0,1.0,1.0,5.0,5.0,4.0,5.0,5.0,5.0,,5.0,,,,,3.0,4.0,3.0,6.0,,2.0,7.0,5.0,5.0,3.0,5.0,5.0,6.0,6.0,65.0,65.0,45.0,40.0,60.0,68.0,55.0,75.0,70.0,80.0,4.0,6.0,,,,,,,,,,,,1.0,1.0,1.0,1.0,1.0,1.0,1.0,1.0,1.0,1.0,1.0,1.0,2.0,2.0,2.0,1.0,1.0,2.0,1.0,2.0,1.0,1.0,2.0,2.0,2.0,2.0,1.0,1.0,1.0,1.0,2.0,1.0,1.0,2.0,1.0,2.0,2.0,2.0,1.0,2.0,2.0,1.0,1.0,1.0,1.0,2.0,,5.0,,,6.0,,,20.0,3.0,,
pid_2020,1.0,,1.0,,,,1.0,54.0,2.0,380.0,,,30.0,,,3.0,2.0,1.0,5.0,4.0,2.0,1.0,1.0,2.0,1.0,4.0,,5.0,,4.0,5.0,,,,,,4.0,1.0,6.0,3.0,5.0,5.0,5.0,5.0,6.0,6.0,40.0,55.0,65.0,45.0,55.0,60.0,45.0,70.0,65.0,75.0,4.0,6.0,,,,,,,,,,,,1.0,1.0,1.0,1.0,1.0,1.0,2.0,1.0,2.0,2.0,2.0,2.0,1.0,2.0,2.0,1.0,2.0,2.0,2.0,1.0,1.0,2.0,1.0,1.0,2.0,2.0,2.0,2.0,2.0,1.0,1.0,2.0,2.0,1.0,1.0,2.0,2.0,1.0,2.0,1.0,2.0,2.0,2.0,2.0,2.0,1.0,,5.0,,,6.0,,,20.0,,9.0,
pid_2021,1.0,,,2.0,,,1.0,54.0,2.0,380.0,,,,75.0,,4.0,2.0,1.0,5.0,5.0,2.0,1.0,1.0,2.0,1.0,2.0,,5.0,,4.0,5.0,3.0,,,,4.0,,1.0,7.0,5.0,5.0,5.0,5.0,6.0,5.0,6.0,45.0,65.0,60.0,45.0,55.0,60.0,45.0,65.0,65.0,75.0,4.0,,6.0,1.0,1.0,1.0,1.0,1.0,1.0,1.0,1.0,1.0,1.0,,,,,,,2.0,1.0,1.0,2.0,1.0,2.0,1.0,2.0,2.0,1.0,1.0,1.0,1.0,1.0,1.0,2.0,2.0,1.0,2.0,2.0,1.0,1.0,1.0,2.0,1.0,2.0,2.0,1.0,2.0,2.0,1.0,1.0,2.0,1.0,1.0,2.0,2.0,2.0,1.0,1.0,,5.0,,,6.0,,,15.0,,,3.0
pid_2022,1.0,,1.0,,2.0,54.0,,,,,1.0,380.0,,70.0,2.0,,4.0,5.0,2.0,1.0,5.0,5.0,4.0,5.0,5.0,5.0,1.0,,,4.0,5.0,3.0,,,,,4.0,2.0,7.0,5.0,5.0,5.0,5.0,5.0,6.0,6.0,60.0,55.0,45.0,35.0,65.0,65.0,55.0,75.0,65.0,80.0,4.0,,7.0,,,,,,,,,,,1.0,1.0,1.0,1.0,1.0,1.0,2.0,1.0,1.0,2.0,1.0,1.0,2.0,2.0,1.0,1.0,2.0,2.0,2.0,1.0,1.0,2.0,2.0,2.0,2.0,1.0,2.0,2.0,1.0,1.0,2.0,2.0,2.0,1.0,1.0,2.0,1.0,2.0,2.0,1.0,1.0,1.0,2.0,1.0,1.0,2.0,4.0,,,6.0,,,,2.0,,9.0,
pid_2023,1.0,,,2.0,,,1.0,20.0,2.0,500.0,,,,80.0,,1.0,4.0,5.0,2.0,1.0,5.0,4.0,4.0,5.0,5.0,5.0,1.0,,,,,,4.0,5.0,5.0,4.0,,2.0,6.0,5.0,5.0,5.0,5.0,5.0,6.0,6.0,55.0,55.0,45.0,40.0,60.0,60.0,55.0,70.0,65.0,75.0,4.0,,6.0,,,,,,,,,,,1.0,1.0,1.0,1.0,1.0,1.0,1.0,2.0,2.0,2.0,2.0,1.0,1.0,2.0,2.0,2.0,2.0,1.0,1.0,2.0,1.0,1.0,2.0,2.0,2.0,2.0,1.0,2.0,2.0,2.0,2.0,2.0,1.0,1.0,2.0,1.0,1.0,2.0,2.0,1.0,1.0,2.0,1.0,1.0,1.0,1.0,4.0,,,5.0,,,,5.0,,9.0,
pid_2024,1.0,,2.0,,2.0,54.0,,,2.0,380.0,,,,70.0,,2.0,5.0,5.0,1.0,1.0,5.0,5.0,4.0,5.0,5.0,5.0,1.0,,,5.0,5.0,2.0,,,,6.0,,1.0,7.0,5.0,5.0,5.0,5.0,6.0,6.0,6.0,55.0,65.0,40.0,35.0,60.0,65.0,55.0,75.0,70.0,80.0,4.0,,6.0,1.0,1.0,1.0,1.0,1.0,1.0,1.0,1.0,1.0,1.0,,,,,,,1.0,1.0,1.0,2.0,2.0,1.0,2.0,2.0,1.0,1.0,1.0,1.0,1.0,1.0,1.0,1.0,1.0,2.0,1.0,2.0,2.0,2.0,1.0,2.0,1.0,2.0,1.0,1.0,1.0,2.0,1.0,1.0,2.0,1.0,2.0,2.0,1.0,1.0,1.0,2.0,4.0,,,6.0,,,,20.0,,,4.0
pid_2025,1.0,,1.0,,,,1.0,54.0,,,1.0,379.0,,70.0,3.0,,4.0,5.0,1.0,1.0,5.0,5.0,4.0,5.0,5.0,5.0,1.0,,,,,,4.0,5.0,3.0,,4.0,1.0,7.0,3.0,5.0,5.0,5.0,5.0,6.0,6.0,60.0,65.0,45.0,40.0,55.0,65.0,55.0,75.0,65.0,80.0,4.0,,6.0,,,,,,,,,,,1.0,1.0,1.0,1.0,1.0,1.0,1.0,2.0,1.0,1.0,1.0,2.0,2.0,2.0,2.0,1.0,1.0,1.0,2.0,1.0,1.0,1.0,1.0,2.0,2.0,1.0,2.0,1.0,2.0,1.0,2.0,2.0,2.0,1.0,1.0,1.0,2.0,1.0,1.0,2.0,1.0,1.0,1.0,2.0,2.0,1.0,4.0,,,6.0,,,17.0,,3.0,,
pid_2026,1.0,,,2.0,2.0,54.0,,,,,1.0,379.0,,70.0,,2.0,4.0,5.0,1.0,1.0,5.0,5.0,4.0,5.0,5.0,5.0,,5.0,,,,,3.0,4.0,5.0,,4.0,2.0,7.0,5.0,5.0,6.0,5.0,6.0,6.0,6.0,65.0,65.0,45.0,40.0,60.0,,55.0,70.0,65.0,75.0,4.0,,6.0,,,,,,,,,,,1.0,1.0,1.0,1.0,1.0,1.0,2.0,2.0,2.0,2.0,2.0,1.0,2.0,2.0,2.0,2.0,2.0,2.0,1.0,1.0,1.0,2.0,2.0,2.0,2.0,1.0,2.0,2.0,2.0,2.0,2.0,2.0,2.0,1.0,1.0,1.0,1.0,2.0,2.0,1.0,1.0,2.0,2.0,1.0,2.0,1.0,,5.0,,,6.0,,18.0,,,,3.0
pid_2027,,2.0,2.0,,,,1.0,54.0,,,1.0,379.0,40.0,,,5.0,4.0,5.0,2.0,2.0,4.0,4.0,2.0,5.0,4.0,4.0,,5.0,,,,,4.0,5.0,5.0,,4.0,1.0,6.0,3.0,5.0,5.0,5.0,5.0,6.0,6.0,55.0,60.0,55.0,45.0,60.0,65.0,50.0,70.0,65.0,75.0,4.0,5.0,,,,,,,,,,,,1.0,1.0,1.0,1.0,1.0,1.0,1.0,1.0,2.0,2.0,2.0,1.0,1.0,1.0,2.0,2.0,1.0,1.0,2.0,2.0,2.0,1.0,2.0,2.0,2.0,1.0,2.0,1.0,2.0,2.0,2.0,1.0,2.0,2.0,2.0,2.0,1.0,2.0,2.0,2.0,1.0,2.0,2.0,2.0,2.0,2.0,,4.0,,,6.0,,18.0,,1.0,,
pid_2028,1.0,,1.0,,2.0,54.0,,,,,1.0,380.0,,70.0,,2.0,5.0,5.0,1.0,1.0,5.0,5.0,4.0,5.0,5.0,5.0,4.0,,,,,,4.0,4.0,5.0,4.0,,1.0,6.0,5.0,5.0,5.0,3.0,6.0,6.0,6.0,60.0,55.0,45.0,40.0,65.0,65.0,50.0,70.0,65.0,75.0,4.0,6.0,,1.0,1.0,1.0,1.0,1.0,1.0,1.0,1.0,1.0,1.0,,,,,,,2.0,1.0,2.0,2.0,1.0,2.0,2.0,2.0,2.0,2.0,2.0,1.0,2.0,2.0,1.0,2.0,2.0,2.0,2.0,2.0,1.0,2.0,1.0,2.0,1.0,1.0,2.0,1.0,1.0,2.0,1.0,2.0,2.0,2.0,2.0,2.0,2.0,2.0,1.0,1.0,5.0,,,6.0,,,,0.0,3.0,,
pid_2029,,1.0,,1.0,2.0,54.0,,,,,1.0,380.0,,70.0,2.0,,4.0,5.0,1.0,1.0,5.0,5.0,5.0,5.0,5.0,5.0,4.0,,,,,,3.0,5.0,5.0,,4.0,1.0,7.0,5.0,5.0,5.0,3.0,6.0,6.0,6.0,55.0,65.0,45.0,35.0,60.0,60.0,50.0,75.0,65.0,75.0,4.0,,7.0,1.0,1.0,1.0,1.0,1.0,1.0,1.0,1.0,1.0,1.0,,,,,,,1.0,1.0,2.0,1.0,1.0,1.0,1.0,2.0,2.0,2.0,1.0,2.0,2.0,1.0,1.0,2.0,1.0,1.0,1.0,1.0,1.0,1.0,2.0,1.0,2.0,2.0,2.0,2.0,1.0,1.0,2.0,2.0,2.0,1.0,2.0,2.0,2.0,1.0,1.0,2.0,5.0,,,5.0,,,18.0,,,,3.0
pid_2030,,1.0,1.0,,,,1.0,54.0,2.0,350.0,,,30.0,,2.0,,4.0,5.0,1.0,1.0,5.0,5.0,4.0,5.0,5.0,5.0,,5.0,,4.0,5.0,2.0,,,,6.0,,1.0,6.0,3.0,5.0,5.0,5.0,6.0,6.0,6.0,60.0,65.0,40.0,35.0,65.0,60.0,55.0,70.0,65.0,75.0,4.0,,7.0,,,,,,,,,,,1.0,1.0,1.0,1.0,1.0,1.0,2.0,2.0,2.0,2.0,1.0,2.0,1.0,1.0,1.0,2.0,2.0,1.0,2.0,1.0,1.0,2.0,1.0,1.0,1.0,1.0,1.0,2.0,2.0,2.0,2.0,2.0,2.0,1.0,1.0,1.0,2.0,2.0,2.0,1.0,1.0,2.0,1.0,1.0,2.0,1.0,,5.0,,,6.0,,12.0,,,9.0,
pid_2031,1.0,,2.0,,2.0,54.0,,,,,1.0,380.0,30.0,,5.0,,2.0,2.0,4.0,4.0,4.0,4.0,1.0,4.0,2.0,4.0,,5.0,,4.0,5.0,3.0,,,,4.0,,2.0,6.0,5.0,5.0,5.0,3.0,5.0,6.0,6.0,55.0,52.0,58.0,44.0,58.0,60.0,48.0,68.0,62.0,72.0,4.0,6.0,,,,,,,,,,,,1.0,1.0,1.0,1.0,1.0,1.0,2.0,2.0,2.0,1.0,2.0,1.0,2.0,1.0,2.0,1.0,2.0,1.0,1.0,2.0,1.0,1.0,1.0,1.0,2.0,2.0,2.0,1.0,2.0,1.0,1.0,2.0,2.0,1.0,1.0,1.0,1.0,2.0,2.0,2.0,2.0,1.0,2.0,2.0,2.0,1.0,,5.0,,,6.0,,18.0,,,9.0,
pid_2032,,1.0,2.0,,2.0,54.0,,,2.0,380.0,,,30.0,,,4.0,5.0,5.0,1.0,1.0,5.0,5.0,4.0,5.0,5.0,5.0,,,5.0,4.0,5.0,3.0,,,,6.0,,2.0,7.0,5.0,5.0,5.0,3.0,6.0,6.0,6.0,65.0,65.0,45.0,40.0,60.0,68.0,55.0,75.0,70.0,80.0,4.0,6.0,,,,,,,,,,,,1.0,1.0,1.0,1.0,1.0,1.0,1.0,2.0,1.0,1.0,1.0,1.0,2.0,2.0,1.0,1.0,1.0,1.0,1.0,2.0,1.0,1.0,1.0,1.0,2.0,2.0,1.0,1.0,2.0,2.0,2.0,2.0,1.0,1.0,1.0,2.0,2.0,1.0,1.0,2.0,1.0,1.0,2.0,1.0,2.0,1.0,,,5.0,,,6.0,,20.0,,,3.0
pid_2033,1.0,,2.0,,2.0,54.0,,,,,1.0,380.0,,70.0,,4.0,4.0,5.0,1.0,1.0,5.0,5.0,4.0,5.0,5.0,5.0,,,5.0,,,,4.0,5.0,5.0,6.0,,2.0,6.0,3.0,5.0,5.0,5.0,5.0,6.0,6.0,65.0,65.0,40.0,35.0,60.0,65.0,55.0,75.0,70.0,80.0,4.0,,6.0,,,,,,,,,,,1.0,1.0,1.0,1.0,1.0,1.0,2.0,2.0,2.0,2.0,2.0,2.0,1.0,2.0,1.0,2.0,2.0,2.0,2.0,1.0,2.0,1.0,2.0,1.0,1.0,1.0,1.0,1.0,2.0,1.0,2.0,1.0,1.0,1.0,1.0,1.0,2.0,1.0,2.0,1.0,2.0,1.0,1.0,2.0,1.0,2.0,,,4.0,,,5.0,18.0,,,6.0,
pid_2034,1.0,,,2.0,2.0,54.0,,,2.0,380.0,,,,80.0,,3.0,4.0,5.0,1.0,1.0,5.0,5.0,4.0,5.0,5.0,5.0,,5.0,,4.0,5.0,3.0,,,,,4.0,2.0,7.0,5.0,5.0,5.0,5.0,6.0,6.0,6.0,65.0,65.0,40.0,35.0,60.0,65.0,55.0,75.0,70.0,80.0,4.0,6.0,,,,,,,,,,,,1.0,1.0,1.0,1.0,1.0,1.0,2.0,1.0,1.0,2.0,2.0,2.0,1.0,2.0,2.0,2.0,2.0,1.0,2.0,2.0,1.0,2.0,2.0,1.0,1.0,1.0,2.0,1.0,1.0,1.0,1.0,2.0,2.0,1.0,2.0,2.0,2.0,2.0,2.0,2.0,2.0,2.0,2.0,2.0,2.0,2.0,,5.0,,,6.0,,,18.0,2.0,,
pid_2035,,1.0,,2.0,,,1.0,54.0,2.0,350.0,,,40.0,,2.0,,4.0,5.0,2.0,2.0,5.0,5.0,4.0,5.0,5.0,5.0,,5.0,,4.0,5.0,3.0,,,,4.0,,2.0,7.0,5.0,5.0,5.0,5.0,6.0,6.0,6.0,55.0,55.0,45.0,50.0,65.0,60.0,50.0,70.0,65.0,75.0,4.0,,6.0,1.0,1.0,1.0,1.0,1.0,1.0,1.0,1.0,1.0,1.0,,,,,,,1.0,1.0,2.0,1.0,2.0,1.0,1.0,2.0,1.0,2.0,1.0,1.0,2.0,2.0,2.0,2.0,1.0,2.0,2.0,1.0,2.0,2.0,1.0,1.0,2.0,1.0,1.0,2.0,1.0,2.0,1.0,2.0,2.0,1.0,1.0,2.0,1.0,2.0,2.0,1.0,,5.0,,,6.0,,,20.0,2.0,,
pid_2037,,1.0,,2.0,2.0,54.0,,,2.0,380.0,,,30.0,,3.0,,2.0,2.0,5.0,4.0,4.0,4.0,1.0,4.0,2.0,4.0,4.0,,,4.0,5.0,2.0,,,,,4.0,2.0,7.0,5.0,5.0,5.0,5.0,5.0,6.0,5.0,45.0,65.0,55.0,45.0,55.0,60.0,50.0,70.0,65.0,80.0,4.0,,7.0,1.0,1.0,1.0,1.0,1.0,1.0,1.0,1.0,1.0,1.0,,,,,,,1.0,2.0,2.0,1.0,1.0,1.0,2.0,1.0,2.0,1.0,2.0,2.0,1.0,1.0,1.0,2.0,2.0,1.0,1.0,1.0,1.0,1.0,1.0,1.0,1.0,2.0,1.0,2.0,2.0,1.0,2.0,1.0,1.0,2.0,1.0,1.0,1.0,1.0,2.0,1.0,5.0,,,6.0,,,,20.0,,,3.0
pid_2038,,2.0,,2.0,,,1.0,54.0,2.0,380.0,,,,70.0,3.0,,2.0,2.0,5.0,4.0,2.0,2.0,1.0,4.0,1.0,4.0,2.0,,,,,,3.0,4.0,3.0,4.0,,2.0,7.0,3.0,5.0,5.0,5.0,5.0,6.0,6.0,40.0,45.0,60.0,50.0,55.0,50.0,45.0,65.0,65.0,75.0,4.0,,7.0,,,,,,,,,,,1.0,1.0,1.0,1.0,1.0,1.0,1.0,2.0,2.0,1.0,1.0,1.0,1.0,1.0,2.0,1.0,1.0,1.0,2.0,2.0,2.0,1.0,2.0,1.0,2.0,1.0,1.0,1.0,1.0,2.0,2.0,1.0,1.0,2.0,1.0,1.0,1.0,2.0,1.0,2.0,1.0,2.0,1.0,2.0,1.0,2.0,5.0,,,5.0,,,18.0,,,9.0,
pid_2039,,1.0,,2.0,,,1.0,54.0,,,1.0,379.0,,70.0,,2.0,2.0,1.0,5.0,4.0,3.0,2.0,1.0,4.0,2.0,4.0,,,5.0,5.0,4.0,,,,,6.0,,2.0,7.0,5.0,5.0,5.0,5.0,6.0,6.0,6.0,45.0,65.0,55.0,45.0,55.0,50.0,45.0,65.0,60.0,70.0,4.0,7.0,,1.0,1.0,1.0,1.0,1.0,1.0,1.0,1.0,1.0,1.0,,,,,,,1.0,2.0,2.0,2.0,2.0,1.0,1.0,1.0,2.0,2.0,1.0,1.0,1.0,1.0,1.0,2.0,1.0,2.0,1.0,1.0,2.0,2.0,1.0,1.0,1.0,2.0,1.0,1.0,2.0,1.0,2.0,1.0,1.0,1.0,1.0,2.0,1.0,1.0,1.0,1.0,,,5.0,,,6.0,18.0,,,,3.0
pid_2040,,2.0,,2.0,,,1.0,54.0,2.0,380.0,,,,80.0,2.0,,4.0,5.0,1.0,1.0,5.0,5.0,4.0,5.0,5.0,5.0,,,5.0,4.0,5.0,3.0,,,,,4.0,1.0,7.0,5.0,5.0,5.0,5.0,5.0,6.0,6.0,55.0,61.0,42.0,45.0,60.0,62.0,52.0,68.0,67.0,78.0,4.0,6.0,,,,,,,,,,,,1.0,1.0,1.0,1.0,1.0,1.0,1.0,2.0,2.0,2.0,2.0,2.0,2.0,1.0,2.0,2.0,2.0,2.0,1.0,2.0,2.0,2.0,2.0,1.0,1.0,2.0,1.0,1.0,2.0,1.0,1.0,2.0,1.0,1.0,2.0,2.0,1.0,1.0,2.0,2.0,2.0,2.0,2.0,2.0,2.0,1.0,,,5.0,,,6.0,18.0,,,6.0,
pid_2041,1.0,,,2.0,2.0,54.0,,,,,1.0,379.0,,70.0,2.0,,5.0,5.0,1.0,1.0,5.0,5.0,4.0,5.0,5.0,5.0,,,5.0,,,,4.0,3.0,5.0,4.0,,2.0,7.0,3.0,5.0,5.0,5.0,5.0,6.0,6.0,55.0,60.0,45.0,35.0,50.0,55.0,50.0,70.0,65.0,75.0,4.0,,6.0,1.0,1.0,1.0,1.0,1.0,1.0,1.0,1.0,1.0,1.0,,,,,,,2.0,2.0,2.0,2.0,2.0,2.0,1.0,2.0,2.0,2.0,2.0,2.0,2.0,2.0,2.0,1.0,2.0,2.0,2.0,2.0,1.0,2.0,2.0,2.0,1.0,2.0,1.0,1.0,2.0,2.0,1.0,2.0,2.0,1.0,1.0,2.0,1.0,2.0,2.0,1.0,,,4.0,,,6.0,,20.0,,6.0,
pid_2042,1.0,,,2.0,2.0,54.0,,,,,1.0,380.0,,70.0,2.0,,5.0,5.0,1.0,1.0,5.0,5.0,4.0,5.0,5.0,5.0,,,5.0,,,,4.0,3.0,5.0,,4.0,2.0,7.0,5.0,5.0,5.0,3.0,5.0,6.0,6.0,55.0,58.0,45.0,38.0,60.0,62.0,55.0,72.0,65.0,75.0,4.0,,7.0,1.0,1.0,1.0,1.0,1.0,1.0,1.0,1.0,1.0,1.0,,,,,,,1.0,1.0,2.0,2.0,2.0,2.0,2.0,1.0,2.0,2.0,2.0,1.0,1.0,1.0,1.0,1.0,2.0,2.0,1.0,1.0,2.0,1.0,2.0,2.0,2.0,1.0,2.0,2.0,1.0,1.0,2.0,2.0,1.0,1.0,1.0,1.0,2.0,2.0,1.0,2.0,,,5.0,,,6.0,18.0,,,9.0,
pid_2043,,2.0,,2.0,,,1.0,54.0,,,1.0,379.0,,70.0,,2.0,5.0,5.0,1.0,1.0,5.0,5.0,4.0,5.0,5.0,5.0,2.0,,,4.0,3.0,2.0,,,,4.0,,1.0,7.0,5.0,5.0,6.0,3.0,5.0,6.0,6.0,60.0,65.0,35.0,35.0,65.0,60.0,55.0,75.0,65.0,80.0,4.0,6.0,,1.0,1.0,1.0,1.0,1.0,1.0,1.0,1.0,1.0,1.0,,,,,,,1.0,2.0,1.0,2.0,2.0,2.0,1.0,1.0,2.0,1.0,2.0,2.0,1.0,1.0,2.0,2.0,1.0,1.0,1.0,2.0,2.0,1.0,1.0,1.0,2.0,1.0,1.0,2.0,1.0,1.0,2.0,2.0,2.0,1.0,1.0,2.0,1.0,2.0,2.0,2.0,4.0,,,5.0,,,18.0,,,6.0,
pid_2044,,1.0,1.0,,2.0,54.0,,,2.0,380.0,,,30.0,,,1.0,2.0,4.0,5.0,4.0,3.0,2.0,1.0,4.0,2.0,4.0,2.0,,,5.0,5.0,3.0,,,,6.0,,2.0,7.0,5.0,5.0,5.0,5.0,5.0,6.0,6.0,45.0,50.0,60.0,45.0,55.0,50.0,48.0,65.0,58.0,75.0,4.0,6.0,,,,,,,,,,,,1.0,1.0,1.0,1.0,1.0,1.0,2.0,2.0,1.0,2.0,2.0,2.0,2.0,1.0,2.0,1.0,2.0,2.0,1.0,1.0,1.0,1.0,2.0,1.0,1.0,2.0,1.0,1.0,1.0,2.0,1.0,1.0,1.0,2.0,1.0,2.0,2.0,1.0,2.0,2.0,1.0,2.0,1.0,1.0,1.0,1.0,4.0,,,5.0,,,,20.0,,9.0,
pid_2045,1.0,,1.0,,2.0,54.0,,,2.0,380.0,,,30.0,,2.0,,4.0,5.0,1.0,1.0,5.0,5.0,4.0,5.0,5.0,5.0,1.0,,,,,,4.0,5.0,5.0,6.0,,1.0,7.0,2.0,5.0,5.0,5.0,6.0,6.0,6.0,55.0,65.0,45.0,35.0,60.0,65.0,55.0,70.0,65.0,80.0,4.0,6.0,,,,,,,,,,,,1.0,1.0,1.0,1.0,1.0,1.0,2.0,2.0,2.0,1.0,1.0,2.0,1.0,1.0,1.0,2.0,2.0,1.0,1.0,2.0,1.0,2.0,1.0,2.0,2.0,1.0,2.0,2.0,1.0,2.0,2.0,1.0,2.0,2.0,1.0,1.0,2.0,1.0,2.0,2.0,2.0,1.0,1.0,2.0,2.0,2.0,5.0,,,6.0,,,,20.0,,6.0,
pid_2046,,1.0,,2.0,,,1.0,54.0,,,1.0,379.0,30.0,,,3.0,5.0,5.0,1.0,1.0,5.0,5.0,4.0,5.0,5.0,5.0,4.0,,,,,,4.0,4.0,3.0,,4.0,2.0,7.0,5.0,5.0,5.0,5.0,6.0,6.0,6.0,55.0,50.0,45.0,35.0,52.0,60.0,45.0,70.0,65.0,75.0,4.0,,6.0,,,,,,,,,,,1.0,1.0,1.0,1.0,1.0,1.0,2.0,2.0,2.0,2.0,1.0,1.0,2.0,1.0,2.0,2.0,2.0,2.0,1.0,1.0,2.0,1.0,1.0,2.0,2.0,2.0,2.0,1.0,1.0,2.0,2.0,2.0,2.0,2.0,2.0,2.0,1.0,2.0,1.0,2.0,1.0,1.0,2.0,2.0,1.0,2.0,5.0,,,6.0,,,18.0,,,,4.0
pid_2047,,1.0,2.0,,2.0,54.0,,,,,1.0,380.0,50.0,,,1.0,1.0,1.0,5.0,4.0,2.0,1.0,1.0,2.0,2.0,2.0,2.0,,,,,,4.0,3.0,5.0,,6.0,2.0,6.0,3.0,5.0,5.0,5.0,6.0,7.0,6.0,50.0,52.0,63.0,58.0,55.0,58.0,48.0,67.0,64.0,77.0,4.0,,6.0,1.0,1.0,1.0,1.0,1.0,1.0,1.0,1.0,1.0,1.0,,,,,,,2.0,1.0,1.0,1.0,1.0,2.0,1.0,1.0,1.0,2.0,1.0,1.0,1.0,2.0,2.0,2.0,2.0,1.0,1.0,1.0,2.0,2.0,2.0,1.0,1.0,1.0,1.0,1.0,2.0,1.0,2.0,1.0,1.0,1.0,2.0,2.0,1.0,1.0,1.0,1.0,4.0,,,6.0,,,18.0,,,9.0,
pid_2048,,1.0,1.0,,2.0,20.0,,,,,1.0,380.0,,75.0,,3.0,4.0,5.0,1.0,2.0,5.0,5.0,4.0,5.0,5.0,5.0,,,5.0,4.0,5.0,3.0,,,,,4.0,1.0,7.0,5.0,5.0,5.0,5.0,6.0,6.0,6.0,55.0,60.0,45.0,40.0,60.0,58.0,50.0,70.0,65.0,75.0,4.0,,7.0,,,,,,,,,,,1.0,1.0,1.0,1.0,1.0,1.0,1.0,2.0,2.0,2.0,1.0,1.0,2.0,2.0,2.0,2.0,1.0,2.0,2.0,1.0,2.0,2.0,1.0,1.0,1.0,1.0,1.0,2.0,1.0,1.0,2.0,2.0,2.0,1.0,2.0,2.0,1.0,2.0,2.0,2.0,2.0,2.0,2.0,1.0,1.0,1.0,,,5.0,,,6.0,15.0,,3.0,,
pid_2049,1.0,,,2.0,2.0,54.0,,,,,1.0,150.0,30.0,,,2.0,4.0,5.0,1.0,1.0,5.0,5.0,4.0,5.0,5.0,5.0,,5.0,,,,,4.0,3.0,5.0,4.0,,1.0,6.0,3.0,5.0,5.0,5.0,5.0,6.0,6.0,55.0,60.0,35.0,45.0,60.0,58.0,50.0,65.0,70.0,75.0,4.0,,6.0,1.0,1.0,1.0,1.0,1.0,1.0,1.0,1.0,1.0,1.0,,,,,,,2.0,2.0,2.0,1.0,2.0,1.0,2.0,2.0,2.0,1.0,1.0,1.0,1.0,2.0,1.0,2.0,2.0,2.0,1.0,1.0,2.0,1.0,2.0,1.0,1.0,1.0,2.0,1.0,1.0,2.0,1.0,1.0,2.0,1.0,2.0,2.0,1.0,1.0,1.0,1.0,,5.0,,,6.0,,,18.0,3.0,,
pid_2050,1.0,,,2.0,,,1.0,54.0,2.0,380.0,,,70.0,,,1.0,2.0,1.0,5.0,4.0,2.0,2.0,1.0,4.0,1.0,4.0,,,5.0,4.0,5.0,2.0,,,,,4.0,2.0,6.0,5.0,5.0,6.0,5.0,5.0,6.0,6.0,55.0,55.0,65.0,50.0,50.0,60.0,45.0,65.0,60.0,75.0,4.0,,6.0,1.0,1.0,1.0,1.0,1.0,1.0,1.0,1.0,1.0,1.0,,,,,,,1.0,2.0,1.0,2.0,1.0,2.0,2.0,1.0,2.0,2.0,1.0,2.0,1.0,2.0,2.0,1.0,2.0,1.0,2.0,1.0,2.0,2.0,1.0,1.0,2.0,1.0,2.0,1.0,2.0,2.0,2.0,2.0,2.0,2.0,2.0,1.0,2.0,2.0,2.0,2.0,,,5.0,,,6.0,,6.0,,,3.0
pid_2051,,1.0,,2.0,2.0,54.0,,,,,1.0,380.0,,80.0,2.0,,2.0,1.0,5.0,4.0,4.0,4.0,1.0,2.0,1.0,4.0,4.0,,,,,,4.0,3.0,5.0,,4.0,2.0,7.0,5.0,5.0,5.0,5.0,6.0,6.0,6.0,58.0,55.0,63.0,49.0,62.0,64.0,54.0,70.0,58.0,78.0,4.0,6.0,,1.0,1.0,1.0,1.0,1.0,1.0,1.0,1.0,1.0,1.0,,,,,,,2.0,1.0,1.0,1.0,1.0,1.0,2.0,2.0,1.0,1.0,1.0,1.0,2.0,2.0,2.0,2.0,2.0,2.0,1.0,1.0,1.0,1.0,2.0,1.0,2.0,1.0,1.0,2.0,2.0,2.0,2.0,2.0,2.0,1.0,2.0,2.0,2.0,1.0,1.0,2.0,5.0,,,6.0,,,18.0,,3.0,,
pid_2052,1.0,,2.0,,2.0,54.0,,,,,1.0,380.0,30.0,,,2.0,5.0,5.0,1.0,1.0,5.0,5.0,5.0,5.0,5.0,5.0,,,5.0,,,,3.0,4.0,5.0,,4.0,1.0,7.0,5.0,5.0,5.0,3.0,6.0,6.0,6.0,60.0,60.0,35.0,35.0,65.0,65.0,55.0,75.0,70.0,80.0,4.0,6.0,,,,,,,,,,,,1.0,1.0,1.0,1.0,1.0,1.0,2.0,2.0,2.0,1.0,2.0,1.0,2.0,1.0,1.0,1.0,1.0,1.0,2.0,2.0,2.0,2.0,1.0,1.0,1.0,2.0,1.0,1.0,1.0,2.0,2.0,2.0,1.0,2.0,1.0,1.0,1.0,2.0,2.0,2.0,1.0,2.0,1.0,1.0,1.0,1.0,,,5.0,,,6.0,,5.0,3.0,,
pid_2053,1.0,,,2.0,2.0,54.0,,,,,1.0,379.0,70.0,,,1.0,2.0,1.0,5.0,5.0,2.0,1.0,1.0,2.0,1.0,2.0,,5.0,,3.0,5.0,,,,,,4.0,1.0,6.0,5.0,6.0,5.0,3.0,5.0,6.0,6.0,45.0,55.0,60.0,45.0,50.0,50.0,45.0,65.0,55.0,65.0,4.0,6.0,,,,,,,,,,,,1.0,1.0,1.0,1.0,1.0,1.0,1.0,1.0,2.0,2.0,2.0,2.0,1.0,1.0,2.0,2.0,1.0,2.0,1.0,2.0,1.0,1.0,2.0,2.0,1.0,1.0,1.0,1.0,1.0,1.0,2.0,2.0,2.0,2.0,2.0,1.0,2.0,2.0,2.0,1.0,1.0,2.0,1.0,1.0,1.0,2.0,,5.0,,,6.0,,18.0,,,,3.0
pid_2054,1.0,,,2.0,,,1.0,54.0,,,1.0,380.0,,70.0,3.0,,5.0,5.0,1.0,1.0,5.0,5.0,4.0,5.0,5.0,5.0,,5.0,,4.0,5.0,3.0,,,,,6.0,2.0,7.0,5.0,5.0,5.0,2.0,5.0,6.0,6.0,65.0,65.0,45.0,35.0,60.0,70.0,55.0,75.0,65.0,80.0,4.0,6.0,,,,,,,,,,,,1.0,1.0,1.0,1.0,1.0,1.0,1.0,2.0,1.0,1.0,1.0,2.0,1.0,1.0,1.0,1.0,1.0,1.0,2.0,1.0,1.0,2.0,1.0,2.0,1.0,1.0,1.0,1.0,1.0,2.0,1.0,1.0,2.0,2.0,1.0,1.0,2.0,1.0,2.0,2.0,2.0,1.0,2.0,1.0,1.0,1.0,,5.0,,,6.0,,18.0,,,,3.0
pid_2055,1.0,,1.0,,,,1.0,54.0,,,1.0,379.0,,70.0,,2.0,5.0,5.0,1.0,1.0,5.0,5.0,5.0,5.0,5.0,5.0,2.0,,,4.0,5.0,3.0,,,,6.0,,2.0,7.0,2.0,5.0,5.0,5.0,6.0,6.0,6.0,55.0,65.0,40.0,35.0,60.0,60.0,55.0,70.0,65.0,75.0,4.0,7.0,,1.0,1.0,1.0,1.0,1.0,1.0,1.0,1.0,1.0,1.0,,,,,,,2.0,1.0,1.0,2.0,1.0,2.0,2.0,1.0,1.0,2.0,2.0,2.0,2.0,2.0,1.0,2.0,2.0,2.0,2.0,2.0,1.0,2.0,1.0,1.0,2.0,2.0,1.0,2.0,1.0,1.0,2.0,1.0,2.0,2.0,2.0,2.0,2.0,2.0,2.0,1.0,5.0,,,6.0,,,,0.0,,6.0,
pid_2056,,2.0,,2.0,,,1.0,20.0,,,1.0,100.0,,70.0,,1.0,4.0,5.0,4.0,2.0,5.0,5.0,2.0,5.0,4.0,5.0,,5.0,,4.0,5.0,3.0,,,,,6.0,1.0,7.0,2.0,5.0,5.0,5.0,6.0,6.0,6.0,60.0,60.0,55.0,45.0,65.0,68.0,52.0,70.0,65.0,75.0,4.0,6.0,,,,,,,,,,,,1.0,1.0,1.0,1.0,1.0,1.0,1.0,2.0,1.0,2.0,2.0,1.0,2.0,2.0,1.0,2.0,2.0,1.0,2.0,1.0,2.0,1.0,2.0,2.0,2.0,1.0,1.0,1.0,2.0,2.0,2.0,2.0,1.0,2.0,2.0,1.0,2.0,1.0,2.0,1.0,2.0,1.0,2.0,1.0,2.0,2.0,,5.0,,,6.0,,,0.0,3.0,,
pid_2057,1.0,,,2.0,2.0,54.0,,,,,1.0,380.0,,70.0,3.0,,4.0,5.0,1.0,1.0,5.0,5.0,4.0,5.0,5.0,5.0,,,5.0,5.0,5.0,3.0,,,,4.0,,2.0,7.0,1.0,5.0,5.0,5.0,6.0,6.0,6.0,55.0,55.0,45.0,40.0,65.0,60.0,55.0,70.0,65.0,75.0,4.0,,6.0,,,,,,,,,,,1.0,1.0,1.0,1.0,1.0,1.0,2.0,2.0,2.0,2.0,2.0,2.0,2.0,2.0,2.0,2.0,2.0,1.0,2.0,2.0,2.0,2.0,2.0,1.0,2.0,1.0,2.0,1.0,2.0,2.0,2.0,1.0,2.0,2.0,2.0,2.0,2.0,2.0,2.0,1.0,1.0,2.0,2.0,2.0,2.0,2.0,,,5.0,,,6.0,18.0,,,,3.0
pid_2058,1.0,,2.0,,2.0,54.0,,,2.0,380.0,,,30.0,,2.0,,4.0,5.0,1.0,1.0,5.0,5.0,4.0,5.0,5.0,5.0,,,5.0,,,,4.0,3.0,5.0,6.0,,2.0,7.0,5.0,5.0,5.0,5.0,6.0,6.0,6.0,60.0,62.0,48.0,38.0,58.0,65.0,55.0,72.0,68.0,75.0,4.0,,7.0,,,,,,,,,,,1.0,1.0,1.0,1.0,1.0,1.0,1.0,1.0,1.0,2.0,2.0,1.0,2.0,1.0,2.0,1.0,1.0,2.0,2.0,1.0,2.0,2.0,1.0,1.0,1.0,1.0,1.0,2.0,1.0,2.0,2.0,2.0,1.0,1.0,2.0,2.0,2.0,1.0,1.0,2.0,2.0,2.0,1.0,2.0,1.0,2.0,,,5.0,,,6.0,,20.0,4.0,,
